ISO-10303-21;
HEADER;
FILE_DESCRIPTION (( 'STEP AP214' ),
    '1' );
FILE_NAME ('DO1813H.STEP',
    '2019-07-09T19:40:44',
    ( '' ),
    ( '' ),
    'SwSTEP 2.0',
    'SolidWorks 2018',
    '' );
FILE_SCHEMA (( 'AUTOMOTIVE_DESIGN' ));
ENDSEC;

DATA;
#1 = PLANE ( 'NONE',  #1254 ) ;
#2 = LINE ( 'NONE', #3262, #1540 ) ;
#3 = LINE ( 'NONE', #2439, #1762 ) ;
#4 = EDGE_CURVE ( 'NONE', #2287, #1104, #3306, .T. ) ;
#5 = CARTESIAN_POINT ( 'NONE',  ( 0.3635706325414486129, 4.899000000000008015, 0.5455336652846617396 ) ) ;
#6 = AXIS2_PLACEMENT_3D ( 'NONE', #2123, #3469, #2787 ) ;
#7 = LINE ( 'NONE', #2863, #2554 ) ;
#8 = ADVANCED_FACE ( 'NONE', ( #2169 ), #3496, .T. ) ;
#9 = VERTEX_POINT ( 'NONE', #3147 ) ;
#10 =( GEOMETRIC_REPRESENTATION_CONTEXT ( 3 ) GLOBAL_UNCERTAINTY_ASSIGNED_CONTEXT ( ( #90 ) ) GLOBAL_UNIT_ASSIGNED_CONTEXT ( ( #1537, #3574, #1217 ) ) REPRESENTATION_CONTEXT ( 'NONE', 'WORKASPACE' ) );
#11 = PLANE ( 'NONE',  #854 ) ;
#12 =( NAMED_UNIT ( * ) SI_UNIT ( $, .STERADIAN. ) SOLID_ANGLE_UNIT ( ) );
#13 = CARTESIAN_POINT ( 'NONE',  ( 3.149000000000000465, 1.620000000000000107, -0.6645830389778992764 ) ) ;
#14 = FILL_AREA_STYLE ('',( #3703 ) ) ;
#15 = MECHANICAL_DESIGN_GEOMETRIC_PRESENTATION_REPRESENTATION (  '', ( #3918 ), #242 ) ;
#16 =( NAMED_UNIT ( * ) SI_UNIT ( $, .STERADIAN. ) SOLID_ANGLE_UNIT ( ) );
#17 = VERTEX_POINT ( 'NONE', #1127 ) ;
#18 = VERTEX_POINT ( 'NONE', #3136 ) ;
#19 = COLOUR_RGB ( '',0.09803921568627450844, 0.09803921568627450844, 0.09803921568627450844 ) ;
#20 = CARTESIAN_POINT ( 'NONE',  ( 2.738219128263350238E-16, 3.879999999999999893, 2.235925599258337115 ) ) ;
#21 = SURFACE_STYLE_USAGE ( .BOTH. , #4045 ) ;
#22 = ORIENTED_EDGE ( 'NONE', *, *, #2537, .F. ) ;
#23 = ADVANCED_FACE ( 'NONE', ( #1196 ), #889, .F. ) ;
#24 = FACE_OUTER_BOUND ( 'NONE', #3658, .T. ) ;
#25 =( NAMED_UNIT ( * ) PLANE_ANGLE_UNIT ( ) SI_UNIT ( $, .RADIAN. ) );
#26 = EDGE_CURVE ( 'NONE', #3153, #725, #3, .T. ) ;
#27 = ORIENTED_EDGE ( 'NONE', *, *, #3519, .F. ) ;
#28 = AXIS2_PLACEMENT_3D ( 'NONE', #3370, #698, #3033 ) ;
#29 = STYLED_ITEM ( 'NONE', ( #307 ), #2679 ) ;
#30 = VECTOR ( 'NONE', #3943, 1000.000000000000000 ) ;
#31 = EDGE_CURVE ( 'NONE', #4014, #2238, #2670, .T. ) ;
#32 = PRESENTATION_STYLE_ASSIGNMENT (( #4104 ) ) ;
#33 = MECHANICAL_DESIGN_GEOMETRIC_PRESENTATION_REPRESENTATION (  '', ( #3713 ), #261 ) ;
#34 = PRESENTATION_LAYER_ASSIGNMENT (  '', '', ( #3940 ) ) ;
#35 = ORIENTED_EDGE ( 'NONE', *, *, #4017, .T. ) ;
#36 = SURFACE_STYLE_USAGE ( .BOTH. , #1680 ) ;
#37 = PLANE ( 'NONE',  #3111 ) ;
#38 = LINE ( 'NONE', #2697, #928 ) ;
#39 =( LENGTH_UNIT ( ) NAMED_UNIT ( * ) SI_UNIT ( .MILLI., .METRE. ) );
#40 = VECTOR ( 'NONE', #1447, 1000.000000000000000 ) ;
#41 = PLANE ( 'NONE',  #1174 ) ;
#42 = PRESENTATION_LAYER_ASSIGNMENT (  '', '', ( #3947 ) ) ;
#43 = ORIENTED_EDGE ( 'NONE', *, *, #226, .T. ) ;
#44 = ORIENTED_EDGE ( 'NONE', *, *, #3292, .T. ) ;
#45 = CARTESIAN_POINT ( 'NONE',  ( 0.0000000000000000000, 1.520000000000000018, -2.350000000000000089 ) ) ;
#46 = COLOUR_RGB ( '',1.000000000000000000, 1.000000000000000000, 1.000000000000000000 ) ;
#47 = DIRECTION ( 'NONE',  ( -1.000000000000000000, 0.0000000000000000000, 1.463489996605855296E-16 ) ) ;
#48 = ORIENTED_EDGE ( 'NONE', *, *, #540, .T. ) ;
#49 = ADVANCED_FACE ( 'NONE', ( #1655 ), #1765, .F. ) ;
#50 = SURFACE_STYLE_FILL_AREA ( #1207 ) ;
#51 = VERTEX_POINT ( 'NONE', #461 ) ;
#52 = SURFACE_STYLE_USAGE ( .BOTH. , #1697 ) ;
#53 = VECTOR ( 'NONE', #1918, 1000.000000000000000 ) ;
#54 = CARTESIAN_POINT ( 'NONE',  ( 2.877919977996279827E-16, 1.520000000000000018, 2.350000000000000089 ) ) ;
#55 = ORIENTED_EDGE ( 'NONE', *, *, #1716, .T. ) ;
#56 = FILL_AREA_STYLE ('',( #1051 ) ) ;
#57 = COLOUR_RGB ( '',0.8274509803921568096, 0.8392156862745098200, 0.8274509803921568096 ) ;
#58 = DIRECTION ( 'NONE',  ( -5.210738217947934616E-16, 0.0000000000000000000, 1.000000000000000000 ) ) ;
#59 = MECHANICAL_DESIGN_GEOMETRIC_PRESENTATION_REPRESENTATION (  '', ( #3510 ), #290 ) ;
#60 = EDGE_CURVE ( 'NONE', #3985, #1316, #2240, .T. ) ;
#61 = PRESENTATION_STYLE_ASSIGNMENT (( #963 ) ) ;
#62 = PRESENTATION_LAYER_ASSIGNMENT (  '', '', ( #4195 ) ) ;
#63 = SURFACE_STYLE_FILL_AREA ( #872 ) ;
#64 = EDGE_CURVE ( 'NONE', #1032, #1237, #1347, .T. ) ;
#65 = STYLED_ITEM ( 'NONE', ( #2048 ), #2384 ) ;
#66 = CARTESIAN_POINT ( 'NONE',  ( 0.9998382381752515258, 4.900000000000003908, -0.08787302485618311843 ) ) ;
#67 = ORIENTED_EDGE ( 'NONE', *, *, #983, .F. ) ;
#68 = CARTESIAN_POINT ( 'NONE',  ( 0.3635706325414486129, 4.899000000000008015, 0.3707317286649435273 ) ) ;
#69 = CARTESIAN_POINT ( 'NONE',  ( -2.969929242986835138, 0.0000000000000000000, -0.4844451362957263862 ) ) ;
#70 = FILL_AREA_STYLE_COLOUR ( '', #3295 ) ;
#71 = VECTOR ( 'NONE', #847, 1000.000000000000000 ) ;
#72 = EDGE_LOOP ( 'NONE', ( #526, #1489 ) ) ;
#73 = CARTESIAN_POINT ( 'NONE',  ( 0.0000000000000000000, 1.520000000000000018, 0.0000000000000000000 ) ) ;
#74 = ORIENTED_EDGE ( 'NONE', *, *, #121, .F. ) ;
#75 = VECTOR ( 'NONE', #1681, 1000.000000000000000 ) ;
#76 = AXIS2_PLACEMENT_3D ( 'NONE', #2964, #971, #3310 ) ;
#77 = CARTESIAN_POINT ( 'NONE',  ( -1.545601924629707469, 4.899000000000000021, -1.472674250122260053 ) ) ;
#78 = ORIENTED_EDGE ( 'NONE', *, *, #3311, .T. ) ;
#79 = VERTEX_POINT ( 'NONE', #1411 ) ;
#80 = DIRECTION ( 'NONE',  ( 0.9335804264971998556, -0.0000000000000000000, 0.3583679495453050978 ) ) ;
#81 = DIRECTION ( 'NONE',  ( -0.9335804264971998556, -0.0000000000000000000, -0.3583679495453050978 ) ) ;
#82 = CARTESIAN_POINT ( 'NONE',  ( 0.0000000000000000000, 1.520000000000000018, 0.0000000000000000000 ) ) ;
#83 = EDGE_CURVE ( 'NONE', #4040, #138, #1243, .T. ) ;
#84 =( NAMED_UNIT ( * ) PLANE_ANGLE_UNIT ( ) SI_UNIT ( $, .RADIAN. ) );
#85 = FACE_OUTER_BOUND ( 'NONE', #2707, .T. ) ;
#86 = LINE ( 'NONE', #1452, #1842 ) ;
#87 = CARTESIAN_POINT ( 'NONE',  ( -1.671372171108580496, 4.899000000000000021, 0.3726162428354862222 ) ) ;
#88 = EDGE_CURVE ( 'NONE', #4097, #3500, #3032, .T. ) ;
#89 = CARTESIAN_POINT ( 'NONE',  ( -1.671372171108580496, 4.899999999999999467, -1.472674250122260053 ) ) ;
#90 = UNCERTAINTY_MEASURE_WITH_UNIT (LENGTH_MEASURE( 1.000000000000000082E-05 ), #1537, 'distance_accuracy_value', 'NONE');
#91 = PRESENTATION_STYLE_ASSIGNMENT (( #52 ) ) ;
#92 = VERTEX_POINT ( 'NONE', #3765 ) ;
#93 = DIRECTION ( 'NONE',  ( 0.0000000000000000000, 0.0000000000000000000, -1.000000000000000000 ) ) ;
#94 = VECTOR ( 'NONE', #3041, 1000.000000000000114 ) ;
#95 = VECTOR ( 'NONE', #2433, 1000.000000000000000 ) ;
#96 = CARTESIAN_POINT ( 'NONE',  ( 0.3635706325414486129, 4.900000000000008349, 0.3707317286649435273 ) ) ;
#97 = CARTESIAN_POINT ( 'NONE',  ( 3.710284067798497176, 1.520000000000000018, 0.6079689776603197648 ) ) ;
#98 = ORIENTED_EDGE ( 'NONE', *, *, #775, .F. ) ;
#99 = AXIS2_PLACEMENT_3D ( 'NONE', #223, #2548, #2887 ) ;
#100 = SURFACE_SIDE_STYLE ('',( #2375 ) ) ;
#101 =( GEOMETRIC_REPRESENTATION_CONTEXT ( 3 ) GLOBAL_UNCERTAINTY_ASSIGNED_CONTEXT ( ( #1718 ) ) GLOBAL_UNIT_ASSIGNED_CONTEXT ( ( #198, #2523, #2867 ) ) REPRESENTATION_CONTEXT ( 'NONE', 'WORKASPACE' ) );
#102 = DIRECTION ( 'NONE',  ( 0.0000000000000000000, 0.0000000000000000000, 1.000000000000000000 ) ) ;
#103 = DIRECTION ( 'NONE',  ( 1.000000000000000000, -6.587208853748892057E-15, 0.0000000000000000000 ) ) ;
#104 = STYLED_ITEM ( 'NONE', ( #3773 ), #3939 ) ;
#105 = SURFACE_STYLE_FILL_AREA ( #182 ) ;
#106 = FACE_OUTER_BOUND ( 'NONE', #3532, .T. ) ;
#107 = ORIENTED_EDGE ( 'NONE', *, *, #336, .T. ) ;
#108 = CARTESIAN_POINT ( 'NONE',  ( -2.969929242986834694, -0.1000000000000000056, 0.4844451362957267748 ) ) ;
#109 = LINE ( 'NONE', #2272, #888 ) ;
#110 = EDGE_CURVE ( 'NONE', #2448, #1099, #3831, .T. ) ;
#111 = PRESENTATION_STYLE_ASSIGNMENT (( #1030 ) ) ;
#112 =( LENGTH_UNIT ( ) NAMED_UNIT ( * ) SI_UNIT ( .MILLI., .METRE. ) );
#113 = UNCERTAINTY_MEASURE_WITH_UNIT (LENGTH_MEASURE( 1.000000000000000082E-05 ), #3554, 'distance_accuracy_value', 'NONE');
#114 = DIRECTION ( 'NONE',  ( 0.0000000000000000000, -1.000000000000000000, 0.0000000000000000000 ) ) ;
#115 = LINE ( 'NONE', #1855, #2672 ) ;
#116 = DIRECTION ( 'NONE',  ( -0.0000000000000000000, -1.000000000000000000, -0.0000000000000000000 ) ) ;
#117 = ORIENTED_EDGE ( 'NONE', *, *, #1861, .F. ) ;
#118 =( NAMED_UNIT ( * ) PLANE_ANGLE_UNIT ( ) SI_UNIT ( $, .RADIAN. ) );
#119 = FILL_AREA_STYLE_COLOUR ( '', #451 ) ;
#120 = PRESENTATION_STYLE_ASSIGNMENT (( #2264 ) ) ;
#121 = EDGE_CURVE ( 'NONE', #1169, #3088, #2923, .T. ) ;
#122 = DIRECTION ( 'NONE',  ( 0.0000000000000000000, 1.000000000000000000, 0.0000000000000000000 ) ) ;
#123 = FILL_AREA_STYLE_COLOUR ( '', #1754 ) ;
#124 = AXIS2_PLACEMENT_3D ( 'NONE', #73, #2058, #4094 ) ;
#125 = MECHANICAL_DESIGN_GEOMETRIC_PRESENTATION_REPRESENTATION (  '', ( #3797 ), #351 ) ;
#126 = LINE ( 'NONE', #4224, #1013 ) ;
#127 =( LENGTH_UNIT ( ) NAMED_UNIT ( * ) SI_UNIT ( .MILLI., .METRE. ) );
#128 = ORIENTED_EDGE ( 'NONE', *, *, #2719, .F. ) ;
#129 = SURFACE_SIDE_STYLE ('',( #3556 ) ) ;
#130 = SURFACE_STYLE_FILL_AREA ( #2096 ) ;
#131 = SURFACE_SIDE_STYLE ('',( #3729 ) ) ;
#132 =( NAMED_UNIT ( * ) SI_UNIT ( $, .STERADIAN. ) SOLID_ANGLE_UNIT ( ) );
#133 = AXIS2_PLACEMENT_3D ( 'NONE', #2586, #591, #2929 ) ;
#134 = ORIENTED_EDGE ( 'NONE', *, *, #1653, .T. ) ;
#135 = DIRECTION ( 'NONE',  ( -0.0000000000000000000, 1.000000000000000000, -0.0000000000000000000 ) ) ;
#136 = ORIENTED_EDGE ( 'NONE', *, *, #3704, .T. ) ;
#137 = SURFACE_SIDE_STYLE ('',( #2873 ) ) ;
#138 = VERTEX_POINT ( 'NONE', #2402 ) ;
#139 = SURFACE_STYLE_FILL_AREA ( #894 ) ;
#140 = PLANE ( 'NONE',  #2602 ) ;
#141 = VECTOR ( 'NONE', #3374, 1000.000000000000000 ) ;
#142 = DIRECTION ( 'NONE',  ( 0.0000000000000000000, 0.0000000000000000000, -1.000000000000000000 ) ) ;
#143 =( LENGTH_UNIT ( ) NAMED_UNIT ( * ) SI_UNIT ( .MILLI., .METRE. ) );
#144 = VECTOR ( 'NONE', #1582, 1000.000000000000227 ) ;
#145 = CARTESIAN_POINT ( 'NONE',  ( 2.895000000000000462, 1.620000000000000107, -0.6645830389778992764 ) ) ;
#146 =( LENGTH_UNIT ( ) NAMED_UNIT ( * ) SI_UNIT ( .MILLI., .METRE. ) );
#147 = EDGE_CURVE ( 'NONE', #3670, #3486, #3728, .T. ) ;
#148 = ORIENTED_EDGE ( 'NONE', *, *, #480, .F. ) ;
#149 = UNCERTAINTY_MEASURE_WITH_UNIT (LENGTH_MEASURE( 1.000000000000000082E-05 ), #361, 'distance_accuracy_value', 'NONE');
#150 =( NAMED_UNIT ( * ) PLANE_ANGLE_UNIT ( ) SI_UNIT ( $, .RADIAN. ) );
#151 = COLOUR_RGB ( '',0.09803921568627450844, 0.09803921568627450844, 0.09803921568627450844 ) ;
#152 = PRESENTATION_LAYER_ASSIGNMENT (  '', '', ( #4053 ) ) ;
#153 = ORIENTED_EDGE ( 'NONE', *, *, #3249, .F. ) ;
#154 = ORIENTED_EDGE ( 'NONE', *, *, #4213, .F. ) ;
#155 = EDGE_CURVE ( 'NONE', #2640, #680, #1287, .T. ) ;
#156 = STYLED_ITEM ( 'NONE', ( #2315 ), #2320 ) ;
#157 = CARTESIAN_POINT ( 'NONE',  ( -1.502358086601538245, 4.899000000000000021, -0.5992147430800065511 ) ) ;
#158 = EDGE_LOOP ( 'NONE', ( #1410, #3207, #438, #3509, #909 ) ) ;
#159 = FILL_AREA_STYLE ('',( #2125 ) ) ;
#160 = DIRECTION ( 'NONE',  ( -0.0000000000000000000, 1.000000000000000000, -0.0000000000000000000 ) ) ;
#161 = DIRECTION ( 'NONE',  ( -1.000000000000000000, 0.0000000000000000000, 0.0000000000000000000 ) ) ;
#162 = VECTOR ( 'NONE', #1837, 1000.000000000000000 ) ;
#163 = DIRECTION ( 'NONE',  ( 0.0000000000000000000, 0.0000000000000000000, -1.000000000000000000 ) ) ;
#164 = ORIENTED_EDGE ( 'NONE', *, *, #2343, .F. ) ;
#165 = SURFACE_STYLE_USAGE ( .BOTH. , #2144 ) ;
#166 = VERTEX_POINT ( 'NONE', #733 ) ;
#167 = VERTEX_POINT ( 'NONE', #3064 ) ;
#168 = UNCERTAINTY_MEASURE_WITH_UNIT (LENGTH_MEASURE( 1.000000000000000082E-05 ), #279, 'distance_accuracy_value', 'NONE');
#169 = SURFACE_STYLE_USAGE ( .BOTH. , #1807 ) ;
#170 = COLOUR_RGB ( '',1.000000000000000000, 1.000000000000000000, 1.000000000000000000 ) ;
#171 =( NAMED_UNIT ( * ) PLANE_ANGLE_UNIT ( ) SI_UNIT ( $, .RADIAN. ) );
#172 = DIRECTION ( 'NONE',  ( 0.0000000000000000000, 0.0000000000000000000, 1.000000000000000000 ) ) ;
#173 = FILL_AREA_STYLE_COLOUR ( '', #2278 ) ;
#174 = EDGE_CURVE ( 'NONE', #17, #2448, #2064, .T. ) ;
#175 =( LENGTH_UNIT ( ) NAMED_UNIT ( * ) SI_UNIT ( .MILLI., .METRE. ) );
#176 = CARTESIAN_POINT ( 'NONE',  ( 0.3635706325414486129, 4.900000000000008349, 0.5455336652846617396 ) ) ;
#177 = EDGE_LOOP ( 'NONE', ( #4020, #3877, #3820, #2662 ) ) ;
#178 = MECHANICAL_DESIGN_GEOMETRIC_PRESENTATION_REPRESENTATION (  '', ( #3859 ), #411 ) ;
#179 = VECTOR ( 'NONE', #180, 1000.000000000000000 ) ;
#180 = DIRECTION ( 'NONE',  ( -0.6762489608116972750, -0.0000000000000000000, -0.7366731588710827561 ) ) ;
#181 = VERTEX_POINT ( 'NONE', #407 ) ;
#182 = FILL_AREA_STYLE ('',( #4210 ) ) ;
#183 = ORIENTED_EDGE ( 'NONE', *, *, #3324, .F. ) ;
#184 = FILL_AREA_STYLE ('',( #2170 ) ) ;
#185 = CARTESIAN_POINT ( 'NONE',  ( -3.149000000000000465, 1.620000000000000107, 0.6645830389778992764 ) ) ;
#186 = FILL_AREA_STYLE_COLOUR ( '', #1241 ) ;
#187 = COLOUR_RGB ( '',0.8274509803921568096, 0.8392156862745098200, 0.8274509803921568096 ) ;
#188 = SURFACE_SIDE_STYLE ('',( #4079 ) ) ;
#189 =( GEOMETRIC_REPRESENTATION_CONTEXT ( 3 ) GLOBAL_UNCERTAINTY_ASSIGNED_CONTEXT ( ( #2809 ) ) GLOBAL_UNIT_ASSIGNED_CONTEXT ( ( #2680, #684, #3013 ) ) REPRESENTATION_CONTEXT ( 'NONE', 'WORKASPACE' ) );
#190 = ORIENTED_EDGE ( 'NONE', *, *, #2537, .T. ) ;
#191 = SURFACE_STYLE_USAGE ( .BOTH. , #2174 ) ;
#192 = UNCERTAINTY_MEASURE_WITH_UNIT (LENGTH_MEASURE( 1.000000000000000082E-05 ), #578, 'distance_accuracy_value', 'NONE');
#193 = LINE ( 'NONE', #3790, #975 ) ;
#194 = AXIS2_PLACEMENT_3D ( 'NONE', #1506, #1840, #2520 ) ;
#195 = ORIENTED_EDGE ( 'NONE', *, *, #2110, .T. ) ;
#196 = FILL_AREA_STYLE_COLOUR ( '', #2652 ) ;
#197 = DIRECTION ( 'NONE',  ( -0.0000000000000000000, 1.000000000000000000, -0.0000000000000000000 ) ) ;
#198 =( LENGTH_UNIT ( ) NAMED_UNIT ( * ) SI_UNIT ( .MILLI., .METRE. ) );
#199 = ORIENTED_EDGE ( 'NONE', *, *, #2604, .T. ) ;
#200 = EDGE_CURVE ( 'NONE', #2000, #1753, #2968, .T. ) ;
#201 = CARTESIAN_POINT ( 'NONE',  ( 1.663570632541448546, 4.899000000000000021, 0.3890415878198731914 ) ) ;
#202 = COLOUR_RGB ( '',0.09803921568627450844, 0.09803921568627450844, 0.09803921568627450844 ) ;
#203 = LINE ( 'NONE', #3742, #94 ) ;
#204 = LINE ( 'NONE', #778, #2660 ) ;
#205 = VERTEX_POINT ( 'NONE', #1703 ) ;
#206 = VECTOR ( 'NONE', #1176, 1000.000000000000000 ) ;
#207 = FILL_AREA_STYLE_COLOUR ( '', #1776 ) ;
#208 = CARTESIAN_POINT ( 'NONE',  ( -1.671372171108580496, 4.899000000000000021, -1.472674250122260053 ) ) ;
#209 = FACE_OUTER_BOUND ( 'NONE', #1382, .T. ) ;
#210 =( LENGTH_UNIT ( ) NAMED_UNIT ( * ) SI_UNIT ( .MILLI., .METRE. ) );
#211 = CARTESIAN_POINT ( 'NONE',  ( 2.895000000000000018, 0.0000000000000000000, 1.127293717617243063 ) ) ;
#212 = CARTESIAN_POINT ( 'NONE',  ( -3.656528875366701570, 1.620000000000000107, 0.7480060416348995878 ) ) ;
#213 = VECTOR ( 'NONE', #3890, 1000.000000000000000 ) ;
#214 = DIRECTION ( 'NONE',  ( -0.6762489608116972750, 0.0000000000000000000, 0.7366731588710827561 ) ) ;
#215 = DIRECTION ( 'NONE',  ( 0.0000000000000000000, 0.0000000000000000000, 1.000000000000000000 ) ) ;
#216 = MECHANICAL_DESIGN_GEOMETRIC_PRESENTATION_REPRESENTATION (  '', ( #3895 ), #452 ) ;
#217 = VERTEX_POINT ( 'NONE', #1374 ) ;
#218 = LINE ( 'NONE', #594, #1870 ) ;
#219 =( NAMED_UNIT ( * ) PLANE_ANGLE_UNIT ( ) SI_UNIT ( $, .RADIAN. ) );
#220 = FILL_AREA_STYLE_COLOUR ( '', #4012 ) ;
#221 = VECTOR ( 'NONE', #1549, 1000.000000000000000 ) ;
#222 = UNCERTAINTY_MEASURE_WITH_UNIT (LENGTH_MEASURE( 1.000000000000000082E-05 ), #1231, 'distance_accuracy_value', 'NONE');
#223 = CARTESIAN_POINT ( 'NONE',  ( 0.0000000000000000000, 3.879999999999999893, 0.0000000000000000000 ) ) ;
#224 = DIRECTION ( 'NONE',  ( 0.0000000000000000000, 0.0000000000000000000, 1.000000000000000000 ) ) ;
#225 = PLANE ( 'NONE',  #768 ) ;
#226 = EDGE_CURVE ( 'NONE', #643, #564, #2860, .T. ) ;
#227 = PRESENTATION_LAYER_ASSIGNMENT (  '', '', ( #4130 ) ) ;
#228 = ORIENTED_EDGE ( 'NONE', *, *, #3366, .F. ) ;
#229 = CARTESIAN_POINT ( 'NONE',  ( 0.3635706325414486129, 4.900000000000008349, -0.5224460882364648784 ) ) ;
#230 = PRESENTATION_LAYER_ASSIGNMENT (  '', '', ( #463 ) ) ;
#231 =( LENGTH_UNIT ( ) NAMED_UNIT ( * ) SI_UNIT ( .MILLI., .METRE. ) );
#232 = ORIENTED_EDGE ( 'NONE', *, *, #486, .T. ) ;
#233 = CARTESIAN_POINT ( 'NONE',  ( 3.149000000000000465, 0.0000000000000000000, 0.6645830389778992764 ) ) ;
#234 = ORIENTED_EDGE ( 'NONE', *, *, #480, .T. ) ;
#235 = CARTESIAN_POINT ( 'NONE',  ( 0.0000000000000000000, 0.5000000000000000000, 0.0000000000000000000 ) ) ;
#236 = DIRECTION ( 'NONE',  ( 0.0000000000000000000, -1.000000000000000000, 0.0000000000000000000 ) ) ;
#237 = ORIENTED_EDGE ( 'NONE', *, *, #2001, .T. ) ;
#238 = STYLED_ITEM ( 'NONE', ( #867 ), #2918 ) ;
#239 = SURFACE_STYLE_FILL_AREA ( #1010 ) ;
#240 =( NAMED_UNIT ( * ) PLANE_ANGLE_UNIT ( ) SI_UNIT ( $, .RADIAN. ) );
#241 = SURFACE_SIDE_STYLE ('',( #2897 ) ) ;
#242 =( GEOMETRIC_REPRESENTATION_CONTEXT ( 3 ) GLOBAL_UNCERTAINTY_ASSIGNED_CONTEXT ( ( #1828 ) ) GLOBAL_UNIT_ASSIGNED_CONTEXT ( ( #2230, #240, #2564 ) ) REPRESENTATION_CONTEXT ( 'NONE', 'WORKASPACE' ) );
#243 = UNCERTAINTY_MEASURE_WITH_UNIT (LENGTH_MEASURE( 1.000000000000000082E-05 ), #3304, 'distance_accuracy_value', 'NONE');
#244 =( LENGTH_UNIT ( ) NAMED_UNIT ( * ) SI_UNIT ( .MILLI., .METRE. ) );
#245 = DIRECTION ( 'NONE',  ( -0.0000000000000000000, 1.000000000000000000, -0.0000000000000000000 ) ) ;
#246 = LINE ( 'NONE', #2268, #2801 ) ;
#247 =( NAMED_UNIT ( * ) SI_UNIT ( $, .STERADIAN. ) SOLID_ANGLE_UNIT ( ) );
#248 = EDGE_LOOP ( 'NONE', ( #2607, #490, #272, #3101 ) ) ;
#249 = SURFACE_STYLE_USAGE ( .BOTH. , #3900 ) ;
#250 = EDGE_CURVE ( 'NONE', #3829, #680, #2175, .T. ) ;
#251 = DIRECTION ( 'NONE',  ( -0.0000000000000000000, -1.000000000000000000, -0.0000000000000000000 ) ) ;
#252 = ORIENTED_EDGE ( 'NONE', *, *, #1685, .T. ) ;
#253 = VERTEX_POINT ( 'NONE', #2036 ) ;
#254 = SURFACE_SIDE_STYLE ('',( #3560 ) ) ;
#255 = FACE_OUTER_BOUND ( 'NONE', #3108, .T. ) ;
#256 = VECTOR ( 'NONE', #961, 1000.000000000000000 ) ;
#257 = PRESENTATION_LAYER_ASSIGNMENT (  '', '', ( #4159 ) ) ;
#258 = CARTESIAN_POINT ( 'NONE',  ( -3.656528875366701570, -0.1000000000000000056, -0.7480060416348995878 ) ) ;
#259 = VERTEX_POINT ( 'NONE', #45 ) ;
#260 = EDGE_CURVE ( 'NONE', #3665, #3643, #3659, .T. ) ;
#261 =( GEOMETRIC_REPRESENTATION_CONTEXT ( 3 ) GLOBAL_UNCERTAINTY_ASSIGNED_CONTEXT ( ( #1021 ) ) GLOBAL_UNIT_ASSIGNED_CONTEXT ( ( #445, #2768, #767 ) ) REPRESENTATION_CONTEXT ( 'NONE', 'WORKASPACE' ) );
#262 = MECHANICAL_DESIGN_GEOMETRIC_PRESENTATION_REPRESENTATION (  '', ( #3940 ), #487 ) ;
#263 = LINE ( 'NONE', #3047, #162 ) ;
#264 = COLOUR_RGB ( '',0.09803921568627450844, 0.09803921568627450844, 0.09803921568627450844 ) ;
#265 = CARTESIAN_POINT ( 'NONE',  ( 4.445000000000000284, 0.0000000000000000000, 0.8900000000000000133 ) ) ;
#266 = ORIENTED_EDGE ( 'NONE', *, *, #4337, .T. ) ;
#267 = LINE ( 'NONE', #1285, #2702 ) ;
#268 = CARTESIAN_POINT ( 'NONE',  ( 3.710284067798496288, -0.1000000000000000056, -0.6079689776603193208 ) ) ;
#269 = LINE ( 'NONE', #1110, #2025 ) ;
#270 = FILL_AREA_STYLE ('',( #3260 ) ) ;
#271 = CARTESIAN_POINT ( 'NONE',  ( 0.0000000000000000000, 1.520000000000000018, 0.0000000000000000000 ) ) ;
#272 = ORIENTED_EDGE ( 'NONE', *, *, #1856, .T. ) ;
#273 = ADVANCED_FACE ( 'NONE', ( #1850 ), #1531, .F. ) ;
#274 = MECHANICAL_DESIGN_GEOMETRIC_PRESENTATION_REPRESENTATION (  '', ( #3947 ), #493 ) ;
#275 = PLANE ( 'NONE',  #3065 ) ;
#276 = PRODUCT_DEFINITION_CONTEXT ( 'detailed design', #3565, 'design' ) ;
#277 = CARTESIAN_POINT ( 'NONE',  ( -4.445000000000000284, 0.0000000000000000000, 0.8900000000000000133 ) ) ;
#278 =( NAMED_UNIT ( * ) SI_UNIT ( $, .STERADIAN. ) SOLID_ANGLE_UNIT ( ) );
#279 =( LENGTH_UNIT ( ) NAMED_UNIT ( * ) SI_UNIT ( .MILLI., .METRE. ) );
#280 = ADVANCED_FACE ( 'NONE', ( #4239 ), #3706, .F. ) ;
#281 = CARTESIAN_POINT ( 'NONE',  ( 1.003843519865392109, 4.899000000000004462, 0.1072414117635350495 ) ) ;
#282 =( LENGTH_UNIT ( ) NAMED_UNIT ( * ) SI_UNIT ( .MILLI., .METRE. ) );
#283 = STYLED_ITEM ( 'NONE', ( #3071 ), #1057 ) ;
#284 = DIRECTION ( 'NONE',  ( 0.8262748171451994583, -5.442844791128604989E-15, 0.5632671893086504955 ) ) ;
#285 = CARTESIAN_POINT ( 'NONE',  ( -0.1924989316719607491, 4.899000000000000021, 1.265551982272106191 ) ) ;
#286 = UNCERTAINTY_MEASURE_WITH_UNIT (LENGTH_MEASURE( 1.000000000000000082E-05 ), #127, 'distance_accuracy_value', 'NONE');
#287 = ORIENTED_EDGE ( 'NONE', *, *, #2942, .F. ) ;
#288 = LINE ( 'NONE', #1161, #3741 ) ;
#289 = EDGE_LOOP ( 'NONE', ( #1487, #1233, #298, #2009 ) ) ;
#290 =( GEOMETRIC_REPRESENTATION_CONTEXT ( 3 ) GLOBAL_UNCERTAINTY_ASSIGNED_CONTEXT ( ( #563 ) ) GLOBAL_UNIT_ASSIGNED_CONTEXT ( ( #1179, #3537, #1508 ) ) REPRESENTATION_CONTEXT ( 'NONE', 'WORKASPACE' ) );
#291 = EDGE_CURVE ( 'NONE', #138, #3768, #2117, .T. ) ;
#292 = ORIENTED_EDGE ( 'NONE', *, *, #3679, .T. ) ;
#293 = CARTESIAN_POINT ( 'NONE',  ( -3.710284067798497176, -0.1000000000000000056, 0.6079689776603196538 ) ) ;
#294 = SURFACE_STYLE_USAGE ( .BOTH. , #2281 ) ;
#295 = MECHANICAL_DESIGN_GEOMETRIC_PRESENTATION_REPRESENTATION (  '', ( #4195 ), #514 ) ;
#296 = CARTESIAN_POINT ( 'NONE',  ( 2.895000000000000462, 0.0000000000000000000, 0.2950107456950964435 ) ) ;
#297 = FILL_AREA_STYLE ('',( #1256 ) ) ;
#298 = ORIENTED_EDGE ( 'NONE', *, *, #843, .T. ) ;
#299 = DIRECTION ( 'NONE',  ( -0.0000000000000000000, 1.000000000000000000, -0.0000000000000000000 ) ) ;
#300 = AXIS2_PLACEMENT_3D ( 'NONE', #699, #3034, #1033 ) ;
#301 = LINE ( 'NONE', #3944, #2056 ) ;
#302 =( LENGTH_UNIT ( ) NAMED_UNIT ( * ) SI_UNIT ( .MILLI., .METRE. ) );
#303 = ADVANCED_FACE ( 'NONE', ( #363, #1230 ), #4048, .T. ) ;
#304 = LINE ( 'NONE', #145, #2644 ) ;
#305 = UNCERTAINTY_MEASURE_WITH_UNIT (LENGTH_MEASURE( 1.000000000000000082E-05 ), #231, 'distance_accuracy_value', 'NONE');
#306 =( NAMED_UNIT ( * ) SI_UNIT ( $, .STERADIAN. ) SOLID_ANGLE_UNIT ( ) );
#307 = PRESENTATION_STYLE_ASSIGNMENT (( #2192 ) ) ;
#308 = PRESENTATION_LAYER_ASSIGNMENT (  '', '', ( #4208 ) ) ;
#309 = ORIENTED_EDGE ( 'NONE', *, *, #1063, .F. ) ;
#310 = FILL_AREA_STYLE_COLOUR ( '', #2034 ) ;
#311 = CARTESIAN_POINT ( 'NONE',  ( 0.0000000000000000000, 4.899999999999999467, -2.350000000000000089 ) ) ;
#312 = ORIENTED_EDGE ( 'NONE', *, *, #3630, .T. ) ;
#313 = SURFACE_SIDE_STYLE ('',( #3062 ) ) ;
#314 = VECTOR ( 'NONE', #1724, 1000.000000000000000 ) ;
#315 = PLANE ( 'NONE',  #3970 ) ;
#316 = EDGE_CURVE ( 'NONE', #2134, #3760, #38, .T. ) ;
#317 = ORIENTED_EDGE ( 'NONE', *, *, #676, .T. ) ;
#318 = EDGE_CURVE ( 'NONE', #1793, #3088, #2596, .T. ) ;
#319 = SURFACE_STYLE_FILL_AREA ( #2070 ) ;
#320 = SURFACE_SIDE_STYLE ('',( #531 ) ) ;
#321 = VECTOR ( 'NONE', #3428, 1000.000000000000000 ) ;
#322 = EDGE_CURVE ( 'NONE', #2092, #2617, #1688, .T. ) ;
#323 = SURFACE_SIDE_STYLE ('',( #4299 ) ) ;
#324 = ADVANCED_FACE ( 'NONE', ( #3497 ), #3355, .T. ) ;
#325 = COLOUR_RGB ( '',0.1921568627450980227, 0.2039215686274509776, 0.2039215686274509776 ) ;
#326 = SURFACE_STYLE_FILL_AREA ( #2803 ) ;
#327 =( NAMED_UNIT ( * ) PLANE_ANGLE_UNIT ( ) SI_UNIT ( $, .RADIAN. ) );
#328 = DIRECTION ( 'NONE',  ( -0.0000000000000000000, 1.000000000000000000, -0.0000000000000000000 ) ) ;
#329 = PLANE ( 'NONE',  #2668 ) ;
#330 = ORIENTED_EDGE ( 'NONE', *, *, #510, .F. ) ;
#331 = FILL_AREA_STYLE ('',( #359 ) ) ;
#332 = VECTOR ( 'NONE', #1238, 1000.000000000000000 ) ;
#333 = AXIS2_PLACEMENT_3D ( 'NONE', #1899, #4268, #2246 ) ;
#334 = AXIS2_PLACEMENT_3D ( 'NONE', #1123, #3473, #1450 ) ;
#335 = CARTESIAN_POINT ( 'NONE',  ( 1.663570632541448546, 4.899000000000000021, -0.5501969685181550274 ) ) ;
#336 = EDGE_CURVE ( 'NONE', #2503, #450, #2171, .T. ) ;
#337 = SURFACE_STYLE_USAGE ( .BOTH. , #2324 ) ;
#338 = CARTESIAN_POINT ( 'NONE',  ( -1.129999999999999893, 0.0000000000000000000, -3.049999999999999822 ) ) ;
#339 =( NAMED_UNIT ( * ) PLANE_ANGLE_UNIT ( ) SI_UNIT ( $, .RADIAN. ) );
#340 = ORIENTED_EDGE ( 'NONE', *, *, #510, .T. ) ;
#341 = ADVANCED_FACE ( 'NONE', ( #1282 ), #671, .T. ) ;
#342 = FILL_AREA_STYLE_COLOUR ( '', #1144 ) ;
#343 = EDGE_CURVE ( 'NONE', #167, #2438, #3549, .T. ) ;
#344 = VERTEX_POINT ( 'NONE', #3289 ) ;
#345 = PRESENTATION_STYLE_ASSIGNMENT (( #4355 ) ) ;
#346 = FILL_AREA_STYLE_COLOUR ( '', #4143 ) ;
#347 = EDGE_LOOP ( 'NONE', ( #805, #1687, #1129, #1071, #1229, #629 ) ) ;
#348 = AXIS2_PLACEMENT_3D ( 'NONE', #108, #2090, #4117 ) ;
#349 = STYLED_ITEM ( 'NONE', ( #1017 ), #2589 ) ;
#350 = VECTOR ( 'NONE', #2544, 1000.000000000000000 ) ;
#351 =( GEOMETRIC_REPRESENTATION_CONTEXT ( 3 ) GLOBAL_UNCERTAINTY_ASSIGNED_CONTEXT ( ( #1454 ) ) GLOBAL_UNIT_ASSIGNED_CONTEXT ( ( #39, #2366, #391 ) ) REPRESENTATION_CONTEXT ( 'NONE', 'WORKASPACE' ) );
#352 = VERTEX_POINT ( 'NONE', #2626 ) ;
#353 = SURFACE_STYLE_USAGE ( .BOTH. , #2333 ) ;
#354 = FACE_OUTER_BOUND ( 'NONE', #3731, .T. ) ;
#355 =( LENGTH_UNIT ( ) NAMED_UNIT ( * ) SI_UNIT ( .MILLI., .METRE. ) );
#356 = DIRECTION ( 'NONE',  ( 0.0000000000000000000, 0.0000000000000000000, -1.000000000000000000 ) ) ;
#357 = DIRECTION ( 'NONE',  ( 1.000000000000000000, 0.0000000000000000000, 0.0000000000000000000 ) ) ;
#358 = FACE_BOUND ( 'NONE', #2538, .T. ) ;
#359 = FILL_AREA_STYLE_COLOUR ( '', #4310 ) ;
#360 = PRESENTATION_LAYER_ASSIGNMENT (  '', '', ( #4256 ) ) ;
#361 =( LENGTH_UNIT ( ) NAMED_UNIT ( * ) SI_UNIT ( .MILLI., .METRE. ) );
#362 = ORIENTED_EDGE ( 'NONE', *, *, #3256, .T. ) ;
#363 = FACE_OUTER_BOUND ( 'NONE', #2953, .T. ) ;
#364 = ADVANCED_FACE ( 'NONE', ( #2649 ), #1365, .F. ) ;
#365 = FACE_OUTER_BOUND ( 'NONE', #2461, .T. ) ;
#366 = ORIENTED_EDGE ( 'NONE', *, *, #3215, .T. ) ;
#367 = ORIENTED_EDGE ( 'NONE', *, *, #381, .F. ) ;
#368 = DIRECTION ( 'NONE',  ( -0.8205590213620159723, 5.361509434613703422E-15, 0.5715618010866458931 ) ) ;
#369 = AXIS2_PLACEMENT_3D ( 'NONE', #1763, #4127, #2099 ) ;
#370 = PRESENTATION_STYLE_ASSIGNMENT (( #2131 ) ) ;
#371 = DIRECTION ( 'NONE',  ( -5.210738217947934616E-16, -0.0000000000000000000, -1.000000000000000000 ) ) ;
#372 =( NAMED_UNIT ( * ) SI_UNIT ( $, .STERADIAN. ) SOLID_ANGLE_UNIT ( ) );
#373 = EDGE_LOOP ( 'NONE', ( #3160, #1903, #3505, #1359, #1148, #4013, #4330, #3196, #3131, #232, #136, #3608, #468, #405 ) ) ;
#374 = DIRECTION ( 'NONE',  ( 1.000000000000000000, 0.0000000000000000000, 0.0000000000000000000 ) ) ;
#375 = CARTESIAN_POINT ( 'NONE',  ( 0.8902651747949696937, 4.899000000000005350, 0.009684193453676076535 ) ) ;
#376 = VECTOR ( 'NONE', #2391, 1000.000000000000227 ) ;
#377 = FACE_OUTER_BOUND ( 'NONE', #3826, .T. ) ;
#378 = ORIENTED_EDGE ( 'NONE', *, *, #559, .T. ) ;
#379 =( NAMED_UNIT ( * ) PLANE_ANGLE_UNIT ( ) SI_UNIT ( $, .RADIAN. ) );
#380 = VECTOR ( 'NONE', #2074, 1000.000000000000000 ) ;
#381 = EDGE_CURVE ( 'NONE', #3956, #2640, #3224, .T. ) ;
#382 = SURFACE_STYLE_USAGE ( .BOTH. , #2356 ) ;
#383 = PRESENTATION_STYLE_ASSIGNMENT (( #2937 ) ) ;
#384 = ORIENTED_EDGE ( 'NONE', *, *, #2457, .F. ) ;
#385 = ORIENTED_EDGE ( 'NONE', *, *, #2613, .T. ) ;
#386 = CIRCLE ( 'NONE', #943, 2.350000000000000089 ) ;
#387 = MECHANICAL_DESIGN_GEOMETRIC_PRESENTATION_REPRESENTATION (  '', ( #4053 ), #596 ) ;
#388 = EDGE_CURVE ( 'NONE', #2183, #2601, #1427, .T. ) ;
#389 = AXIS2_PLACEMENT_3D ( 'NONE', #3647, #3988, #1958 ) ;
#390 = FILL_AREA_STYLE_COLOUR ( '', #1847 ) ;
#391 =( NAMED_UNIT ( * ) SI_UNIT ( $, .STERADIAN. ) SOLID_ANGLE_UNIT ( ) );
#392 = ADVANCED_FACE ( 'NONE', ( #560 ), #1029, .T. ) ;
#393 = DIRECTION ( 'NONE',  ( -0.0000000000000000000, -1.000000000000000000, 0.0000000000000000000 ) ) ;
#394 = DIRECTION ( 'NONE',  ( 0.0000000000000000000, 0.0000000000000000000, 1.000000000000000000 ) ) ;
#395 = STYLED_ITEM ( 'NONE', ( #727 ), #4074 ) ;
#396 = FILL_AREA_STYLE ('',( #2372 ) ) ;
#397 = ORIENTED_EDGE ( 'NONE', *, *, #1513, .F. ) ;
#398 = ORIENTED_EDGE ( 'NONE', *, *, #962, .F. ) ;
#399 = VECTOR ( 'NONE', #2027, 1000.000000000000000 ) ;
#400 =( NAMED_UNIT ( * ) PLANE_ANGLE_UNIT ( ) SI_UNIT ( $, .RADIAN. ) );
#401 = DIRECTION ( 'NONE',  ( 0.0000000000000000000, 1.000000000000000000, 0.0000000000000000000 ) ) ;
#402 = VERTEX_POINT ( 'NONE', #1928 ) ;
#403 = CARTESIAN_POINT ( 'NONE',  ( 0.0000000000000000000, 3.879999999999999893, 0.0000000000000000000 ) ) ;
#404 = SURFACE_STYLE_USAGE ( .BOTH. , #2386 ) ;
#405 = ORIENTED_EDGE ( 'NONE', *, *, #2829, .T. ) ;
#406 = EDGE_CURVE ( 'NONE', #2617, #352, #3705, .T. ) ;
#407 = CARTESIAN_POINT ( 'NONE',  ( -2.969929242986835138, 0.0000000000000000000, -0.4844451362957268858 ) ) ;
#408 = CIRCLE ( 'NONE', #791, 2.350000000000000089 ) ;
#409 = CARTESIAN_POINT ( 'NONE',  ( -1.545601924629707247, 4.899000000000000021, 0.4709877217087260481 ) ) ;
#410 = LINE ( 'NONE', #1288, #3864 ) ;
#411 =( GEOMETRIC_REPRESENTATION_CONTEXT ( 3 ) GLOBAL_UNCERTAINTY_ASSIGNED_CONTEXT ( ( #113 ) ) GLOBAL_UNIT_ASSIGNED_CONTEXT ( ( #3554, #1520, #3894 ) ) REPRESENTATION_CONTEXT ( 'NONE', 'WORKASPACE' ) );
#412 = DIRECTION ( 'NONE',  ( 0.0000000000000000000, 0.0000000000000000000, 1.000000000000000000 ) ) ;
#413 = ORIENTED_EDGE ( 'NONE', *, *, #1198, .F. ) ;
#414 = CARTESIAN_POINT ( 'NONE',  ( -3.710284067798497176, 0.0000000000000000000, -0.6079689776603196538 ) ) ;
#415 = COLOUR_RGB ( '',0.09803921568627450844, 0.09803921568627450844, 0.09803921568627450844 ) ;
#416 = DIRECTION ( 'NONE',  ( 0.0000000000000000000, 0.0000000000000000000, 1.000000000000000000 ) ) ;
#417 = SURFACE_STYLE_USAGE ( .BOTH. , #2400 ) ;
#418 = ORIENTED_EDGE ( 'NONE', *, *, #1008, .F. ) ;
#419 = CARTESIAN_POINT ( 'NONE',  ( 2.895000000000000462, 1.520000000000000018, 0.6645830389778991654 ) ) ;
#420 = VECTOR ( 'NONE', #1717, 1000.000000000000000 ) ;
#421 = CARTESIAN_POINT ( 'NONE',  ( 2.969929242986835138, -0.1000000000000000056, 0.4844451362957269414 ) ) ;
#422 = LINE ( 'NONE', #2065, #2177 ) ;
#423 = UNCERTAINTY_MEASURE_WITH_UNIT (LENGTH_MEASURE( 1.000000000000000082E-05 ), #302, 'distance_accuracy_value', 'NONE');
#424 = ORIENTED_EDGE ( 'NONE', *, *, #316, .T. ) ;
#425 = EDGE_CURVE ( 'NONE', #879, #4188, #246, .T. ) ;
#426 = COLOUR_RGB ( '',1.000000000000000000, 1.000000000000000000, 1.000000000000000000 ) ;
#427 = LINE ( 'NONE', #1882, #2976 ) ;
#428 = DIRECTION ( 'NONE',  ( 0.0000000000000000000, 0.0000000000000000000, -1.000000000000000000 ) ) ;
#429 = ORIENTED_EDGE ( 'NONE', *, *, #4281, .F. ) ;
#430 = AXIS2_PLACEMENT_3D ( 'NONE', #1712, #742, #4086 ) ;
#431 = DIRECTION ( 'NONE',  ( -0.9104214723748158544, 0.0000000000000000000, -0.4136819341461171473 ) ) ;
#432 = LINE ( 'NONE', #2837, #3185 ) ;
#433 = DIRECTION ( 'NONE',  ( 0.0000000000000000000, 0.0000000000000000000, 1.000000000000000000 ) ) ;
#434 = ORIENTED_EDGE ( 'NONE', *, *, #1257, .F. ) ;
#435 = FILL_AREA_STYLE_COLOUR ( '', #426 ) ;
#436 = EDGE_CURVE ( 'NONE', #2093, #4097, #3597, .T. ) ;
#437 = DIRECTION ( 'NONE',  ( -0.0000000000000000000, 1.000000000000000000, -0.0000000000000000000 ) ) ;
#438 = ORIENTED_EDGE ( 'NONE', *, *, #2744, .F. ) ;
#439 = LINE ( 'NONE', #2569, #332 ) ;
#440 = FILL_AREA_STYLE_COLOUR ( '', #613 ) ;
#441 = UNCERTAINTY_MEASURE_WITH_UNIT (LENGTH_MEASURE( 1.000000000000000082E-05 ), #1951, 'distance_accuracy_value', 'NONE');
#442 = PLANE ( 'NONE',  #3416 ) ;
#443 = CARTESIAN_POINT ( 'NONE',  ( 2.895000000000000462, 0.0000000000000000000, -0.6645830389778991654 ) ) ;
#444 = DIRECTION ( 'NONE',  ( 0.0000000000000000000, 1.000000000000000000, 0.0000000000000000000 ) ) ;
#445 =( LENGTH_UNIT ( ) NAMED_UNIT ( * ) SI_UNIT ( .MILLI., .METRE. ) );
#446 = DIRECTION ( 'NONE',  ( -0.0000000000000000000, 1.000000000000000000, -0.0000000000000000000 ) ) ;
#447 = CYLINDRICAL_SURFACE ( 'NONE', #682, 0.2540000000000000036 ) ;
#448 = ORIENTED_EDGE ( 'NONE', *, *, #2512, .T. ) ;
#449 =( NAMED_UNIT ( * ) SI_UNIT ( $, .STERADIAN. ) SOLID_ANGLE_UNIT ( ) );
#450 = VERTEX_POINT ( 'NONE', #3517 ) ;
#451 = COLOUR_RGB ( '',1.000000000000000000, 1.000000000000000000, 1.000000000000000000 ) ;
#452 =( GEOMETRIC_REPRESENTATION_CONTEXT ( 3 ) GLOBAL_UNCERTAINTY_ASSIGNED_CONTEXT ( ( #921 ) ) GLOBAL_UNIT_ASSIGNED_CONTEXT ( ( #4080, #1376, #3394 ) ) REPRESENTATION_CONTEXT ( 'NONE', 'WORKASPACE' ) );
#453 = DIRECTION ( 'NONE',  ( 0.4136819341461171473, 0.0000000000000000000, -0.9104214723748158544 ) ) ;
#454 = ORIENTED_EDGE ( 'NONE', *, *, #147, .T. ) ;
#455 = LINE ( 'NONE', #3839, #3909 ) ;
#456 = CARTESIAN_POINT ( 'NONE',  ( -1.129999999999999893, 1.520000000000000018, 3.049999999999999822 ) ) ;
#457 = CARTESIAN_POINT ( 'NONE',  ( 0.3635706325414486129, 4.900000000000008349, -0.3493607009125212493 ) ) ;
#458 = EDGE_CURVE ( 'NONE', #3267, #2092, #267, .T. ) ;
#459 = SURFACE_STYLE_FILL_AREA ( #1736 ) ;
#460 = MECHANICAL_DESIGN_GEOMETRIC_PRESENTATION_REPRESENTATION (  '', ( #4130 ), #679 ) ;
#461 = CARTESIAN_POINT ( 'NONE',  ( 0.0000000000000000000, 3.879999999999999893, -2.235925599258337115 ) ) ;
#462 = FACE_BOUND ( 'NONE', #1909, .T. ) ;
#463 = STYLED_ITEM ( 'NONE', ( #2997 ), #608 ) ;
#464 = ORIENTED_EDGE ( 'NONE', *, *, #1409, .F. ) ;
#465 =( NAMED_UNIT ( * ) SI_UNIT ( $, .STERADIAN. ) SOLID_ANGLE_UNIT ( ) );
#466 =( LENGTH_UNIT ( ) NAMED_UNIT ( * ) SI_UNIT ( .MILLI., .METRE. ) );
#467 =( LENGTH_UNIT ( ) NAMED_UNIT ( * ) SI_UNIT ( .MILLI., .METRE. ) );
#468 = ORIENTED_EDGE ( 'NONE', *, *, #1405, .T. ) ;
#469 = CARTESIAN_POINT ( 'NONE',  ( -0.1924989316719608601, 4.899999999999999467, -0.8586777712490206715 ) ) ;
#470 = AXIS2_PLACEMENT_3D ( 'NONE', #1305, #3660, #1629 ) ;
#471 = LINE ( 'NONE', #1424, #3021 ) ;
#472 = FILL_AREA_STYLE_COLOUR ( '', #3777 ) ;
#473 = ORIENTED_EDGE ( 'NONE', *, *, #3624, .F. ) ;
#474 = ORIENTED_EDGE ( 'NONE', *, *, #2232, .T. ) ;
#475 = COLOUR_RGB ( '',1.000000000000000000, 1.000000000000000000, 1.000000000000000000 ) ;
#476 = FILL_AREA_STYLE ('',( #3801 ) ) ;
#477 = ORIENTED_EDGE ( 'NONE', *, *, #2173, .F. ) ;
#478 = CARTESIAN_POINT ( 'NONE',  ( -1.545601924629707247, 4.899000000000000021, 0.4709877217087260481 ) ) ;
#479 = DIRECTION ( 'NONE',  ( 1.000000000000000000, -0.0000000000000000000, 0.0000000000000000000 ) ) ;
#480 = EDGE_CURVE ( 'NONE', #712, #643, #1900, .T. ) ;
#481 = DIRECTION ( 'NONE',  ( -0.0000000000000000000, -1.000000000000000000, -0.0000000000000000000 ) ) ;
#482 =( NAMED_UNIT ( * ) SI_UNIT ( $, .STERADIAN. ) SOLID_ANGLE_UNIT ( ) );
#483 = FACE_OUTER_BOUND ( 'NONE', #592, .T. ) ;
#484 = MECHANICAL_DESIGN_GEOMETRIC_PRESENTATION_REPRESENTATION (  '', ( #4159 ), #708 ) ;
#485 = SURFACE_STYLE_USAGE ( .BOTH. , #2814 ) ;
#486 = EDGE_CURVE ( 'NONE', #1162, #1626, #288, .T. ) ;
#487 =( GEOMETRIC_REPRESENTATION_CONTEXT ( 3 ) GLOBAL_UNCERTAINTY_ASSIGNED_CONTEXT ( ( #2625 ) ) GLOBAL_UNIT_ASSIGNED_CONTEXT ( ( #1076, #1744, #1554 ) ) REPRESENTATION_CONTEXT ( 'NONE', 'WORKASPACE' ) );
#488 = CARTESIAN_POINT ( 'NONE',  ( -3.656528875366701570, -0.1000000000000000056, -0.7480060416348995878 ) ) ;
#489 =( NAMED_UNIT ( * ) SI_UNIT ( $, .STERADIAN. ) SOLID_ANGLE_UNIT ( ) );
#490 = ORIENTED_EDGE ( 'NONE', *, *, #3027, .F. ) ;
#491 = CARTESIAN_POINT ( 'NONE',  ( -0.1924989316719607491, 4.899999999999999467, 1.084984200581965430 ) ) ;
#492 = CARTESIAN_POINT ( 'NONE',  ( 1.003843519865392109, 4.899000000000004462, 0.1072414117635350495 ) ) ;
#493 =( GEOMETRIC_REPRESENTATION_CONTEXT ( 3 ) GLOBAL_UNCERTAINTY_ASSIGNED_CONTEXT ( ( #2160 ) ) GLOBAL_UNIT_ASSIGNED_CONTEXT ( ( #2624, #630, #2958 ) ) REPRESENTATION_CONTEXT ( 'NONE', 'WORKASPACE' ) );
#494 = EDGE_LOOP ( 'NONE', ( #2254, #2032, #1315, #2817 ) ) ;
#495 = FILL_AREA_STYLE ('',( #1496 ) ) ;
#496 = ORIENTED_EDGE ( 'NONE', *, *, #110, .T. ) ;
#497 = VECTOR ( 'NONE', #1023, 1000.000000000000227 ) ;
#498 =( NAMED_UNIT ( * ) PLANE_ANGLE_UNIT ( ) SI_UNIT ( $, .RADIAN. ) );
#499 = ORIENTED_EDGE ( 'NONE', *, *, #1355, .T. ) ;
#500 = FACE_OUTER_BOUND ( 'NONE', #4266, .T. ) ;
#501 = VERTEX_POINT ( 'NONE', #4179 ) ;
#502 = AXIS2_PLACEMENT_3D ( 'NONE', #1158, #3511, #1482 ) ;
#503 =( NAMED_UNIT ( * ) PLANE_ANGLE_UNIT ( ) SI_UNIT ( $, .RADIAN. ) );
#504 =( NAMED_UNIT ( * ) SI_UNIT ( $, .STERADIAN. ) SOLID_ANGLE_UNIT ( ) );
#505 = CARTESIAN_POINT ( 'NONE',  ( -1.545601924629707469, 4.899000000000000021, -1.472674250122260053 ) ) ;
#506 = VECTOR ( 'NONE', #1944, 1000.000000000000000 ) ;
#507 = DIRECTION ( 'NONE',  ( 1.000000000000000000, 0.0000000000000000000, 0.0000000000000000000 ) ) ;
#508 =( NAMED_UNIT ( * ) SI_UNIT ( $, .STERADIAN. ) SOLID_ANGLE_UNIT ( ) );
#509 = CARTESIAN_POINT ( 'NONE',  ( -1.671372171108580496, 4.899999999999999467, 0.4709877217087260481 ) ) ;
#510 = EDGE_CURVE ( 'NONE', #3760, #2000, #1062, .T. ) ;
#511 = UNCERTAINTY_MEASURE_WITH_UNIT (LENGTH_MEASURE( 1.000000000000000082E-05 ), #1771, 'distance_accuracy_value', 'NONE');
#512 = VERTEX_POINT ( 'NONE', #515 ) ;
#513 = DIRECTION ( 'NONE',  ( 0.0000000000000000000, 1.000000000000000000, 0.0000000000000000000 ) ) ;
#514 =( GEOMETRIC_REPRESENTATION_CONTEXT ( 3 ) GLOBAL_UNCERTAINTY_ASSIGNED_CONTEXT ( ( #1178 ) ) GLOBAL_UNIT_ASSIGNED_CONTEXT ( ( #703, #25, #2354 ) ) REPRESENTATION_CONTEXT ( 'NONE', 'WORKASPACE' ) );
#515 = CARTESIAN_POINT ( 'NONE',  ( -2.969929242986834694, -0.1000000000000000056, 0.4844451362957267748 ) ) ;
#516 = ORIENTED_EDGE ( 'NONE', *, *, #2199, .F. ) ;
#517 = COLOUR_RGB ( '',0.09803921568627450844, 0.09803921568627450844, 0.09803921568627450844 ) ;
#518 = CARTESIAN_POINT ( 'NONE',  ( 2.969929242986835138, -0.1000000000000000056, -0.4844451362957264973 ) ) ;
#519 =( LENGTH_UNIT ( ) NAMED_UNIT ( * ) SI_UNIT ( .MILLI., .METRE. ) );
#520 = ORIENTED_EDGE ( 'NONE', *, *, #3743, .F. ) ;
#521 = DIRECTION ( 'NONE',  ( 0.0000000000000000000, 0.0000000000000000000, 1.000000000000000000 ) ) ;
#522 = FILL_AREA_STYLE ('',( #3523 ) ) ;
#523 =( NAMED_UNIT ( * ) SI_UNIT ( $, .STERADIAN. ) SOLID_ANGLE_UNIT ( ) );
#524 = VECTOR ( 'NONE', #1223, 1000.000000000000114 ) ;
#525 =( NAMED_UNIT ( * ) PLANE_ANGLE_UNIT ( ) SI_UNIT ( $, .RADIAN. ) );
#526 = ORIENTED_EDGE ( 'NONE', *, *, #3058, .F. ) ;
#527 = CARTESIAN_POINT ( 'NONE',  ( 1.129999999999999893, 0.0000000000000000000, -3.049999999999999822 ) ) ;
#528 = VECTOR ( 'NONE', #1479, 1000.000000000000000 ) ;
#529 = MECHANICAL_DESIGN_GEOMETRIC_PRESENTATION_REPRESENTATION (  '', ( #4208 ), #746 ) ;
#530 = VECTOR ( 'NONE', #3993, 1000.000000000000000 ) ;
#531 = SURFACE_STYLE_FILL_AREA ( #2306 ) ;
#532 = COLOUR_RGB ( '',0.09803921568627450844, 0.09803921568627450844, 0.09803921568627450844 ) ;
#533 =( NAMED_UNIT ( * ) PLANE_ANGLE_UNIT ( ) SI_UNIT ( $, .RADIAN. ) );
#534 = COLOUR_RGB ( '',1.000000000000000000, 1.000000000000000000, 1.000000000000000000 ) ;
#535 = ORIENTED_EDGE ( 'NONE', *, *, #4236, .F. ) ;
#536 = VECTOR ( 'NONE', #3255, 1000.000000000000000 ) ;
#537 = CARTESIAN_POINT ( 'NONE',  ( 0.3635706325414486129, 4.899000000000008015, -0.5224460882364648784 ) ) ;
#538 = EDGE_CURVE ( 'NONE', #2999, #3126, #1940, .T. ) ;
#539 = SURFACE_SIDE_STYLE ('',( #2921 ) ) ;
#540 = EDGE_CURVE ( 'NONE', #2238, #2890, #2838, .T. ) ;
#541 = EDGE_CURVE ( 'NONE', #3322, #2291, #2733, .T. ) ;
#542 = DIRECTION ( 'NONE',  ( 0.0000000000000000000, 1.000000000000000000, 0.0000000000000000000 ) ) ;
#543 = VERTEX_POINT ( 'NONE', #1820 ) ;
#544 = EDGE_LOOP ( 'NONE', ( #4173, #4313, #826, #1628, #2430, #2068, #2895 ) ) ;
#545 = VECTOR ( 'NONE', #1087, 1000.000000000000000 ) ;
#546 = UNCERTAINTY_MEASURE_WITH_UNIT (LENGTH_MEASURE( 1.000000000000000082E-05 ), #4019, 'distance_accuracy_value', 'NONE');
#547 = STYLED_ITEM ( 'NONE', ( #3246 ), #1557 ) ;
#548 =( NAMED_UNIT ( * ) SI_UNIT ( $, .STERADIAN. ) SOLID_ANGLE_UNIT ( ) );
#549 = STYLED_ITEM ( 'NONE', ( #764 ), #2699 ) ;
#550 = CARTESIAN_POINT ( 'NONE',  ( 0.0000000000000000000, 0.5000000000000000000, 0.0000000000000000000 ) ) ;
#551 = PRESENTATION_LAYER_ASSIGNMENT (  '', '', ( #104 ) ) ;
#552 = ORIENTED_EDGE ( 'NONE', *, *, #388, .T. ) ;
#553 = CARTESIAN_POINT ( 'NONE',  ( -3.710284067798497176, 1.620000000000000107, -0.6079689776603198759 ) ) ;
#554 = CARTESIAN_POINT ( 'NONE',  ( 1.663570632541448546, 4.899000000000000021, 0.5658461652846619172 ) ) ;
#555 = VECTOR ( 'NONE', #2127, 1000.000000000000114 ) ;
#556 = EDGE_CURVE ( 'NONE', #2465, #4068, #2632, .T. ) ;
#557 = PRESENTATION_STYLE_ASSIGNMENT (( #3689 ) ) ;
#558 = CARTESIAN_POINT ( 'NONE',  ( -3.149000000000000465, 0.0000000000000000000, -0.6645830389778992764 ) ) ;
#559 = EDGE_CURVE ( 'NONE', #978, #543, #3531, .T. ) ;
#560 = FACE_OUTER_BOUND ( 'NONE', #177, .T. ) ;
#561 = DIRECTION ( 'NONE',  ( -0.0000000000000000000, -0.0000000000000000000, -1.000000000000000000 ) ) ;
#562 =( NAMED_UNIT ( * ) SI_UNIT ( $, .STERADIAN. ) SOLID_ANGLE_UNIT ( ) );
#563 = UNCERTAINTY_MEASURE_WITH_UNIT (LENGTH_MEASURE( 1.000000000000000082E-05 ), #1179, 'distance_accuracy_value', 'NONE');
#564 = VERTEX_POINT ( 'NONE', #1896 ) ;
#565 = STYLED_ITEM ( 'NONE', ( #3070 ), #273 ) ;
#566 = DIRECTION ( 'NONE',  ( 0.0000000000000000000, 1.000000000000000000, 0.0000000000000000000 ) ) ;
#567 = AXIS2_PLACEMENT_3D ( 'NONE', #2463, #2791, #796 ) ;
#568 = SURFACE_STYLE_FILL_AREA ( #476 ) ;
#569 =( NAMED_UNIT ( * ) SI_UNIT ( $, .STERADIAN. ) SOLID_ANGLE_UNIT ( ) );
#570 = EDGE_LOOP ( 'NONE', ( #2262, #634, #1693, #3429 ) ) ;
#571 = VECTOR ( 'NONE', #3141, 1000.000000000000000 ) ;
#572 = DIRECTION ( 'NONE',  ( -0.0000000000000000000, -0.0000000000000000000, 1.000000000000000000 ) ) ;
#573 = VERTEX_POINT ( 'NONE', #3245 ) ;
#574 = DIRECTION ( 'NONE',  ( 0.0000000000000000000, 1.000000000000000000, 0.0000000000000000000 ) ) ;
#575 = MECHANICAL_DESIGN_GEOMETRIC_PRESENTATION_REPRESENTATION (  '', ( #4256 ), #797 ) ;
#576 = COLOUR_RGB ( '',1.000000000000000000, 1.000000000000000000, 1.000000000000000000 ) ;
#577 = DIRECTION ( 'NONE',  ( 1.000000000000000000, 0.0000000000000000000, 0.0000000000000000000 ) ) ;
#578 =( LENGTH_UNIT ( ) NAMED_UNIT ( * ) SI_UNIT ( .MILLI., .METRE. ) );
#579 = COLOUR_RGB ( '',1.000000000000000000, 1.000000000000000000, 1.000000000000000000 ) ;
#580 =( NAMED_UNIT ( * ) SI_UNIT ( $, .STERADIAN. ) SOLID_ANGLE_UNIT ( ) );
#581 = DIRECTION ( 'NONE',  ( 0.9335804264971997446, -0.0000000000000000000, -0.3583679495453055974 ) ) ;
#582 = VERTEX_POINT ( 'NONE', #904 ) ;
#583 = CARTESIAN_POINT ( 'NONE',  ( -1.502358086601538023, 4.899000000000000021, 0.3726162428354862222 ) ) ;
#584 = AXIS2_PLACEMENT_3D ( 'NONE', #4115, #2087, #103 ) ;
#585 = CARTESIAN_POINT ( 'NONE',  ( -0.1924989316719607491, 4.899000000000000021, 1.265551982272106191 ) ) ;
#586 =( NAMED_UNIT ( * ) PLANE_ANGLE_UNIT ( ) SI_UNIT ( $, .RADIAN. ) );
#587 = SURFACE_STYLE_USAGE ( .BOTH. , #2582 ) ;
#588 =( LENGTH_UNIT ( ) NAMED_UNIT ( * ) SI_UNIT ( .MILLI., .METRE. ) );
#589 = EDGE_CURVE ( 'NONE', #3846, #2465, #1619, .T. ) ;
#590 = PRESENTATION_STYLE_ASSIGNMENT (( #4036 ) ) ;
#591 = DIRECTION ( 'NONE',  ( 0.3583679495453054864, 0.0000000000000000000, 0.9335804264971998556 ) ) ;
#592 = EDGE_LOOP ( 'NONE', ( #670, #2972, #3805, #927 ) ) ;
#593 = FACE_OUTER_BOUND ( 'NONE', #2013, .T. ) ;
#594 = CARTESIAN_POINT ( 'NONE',  ( -1.502358086601538023, 4.899999999999999467, -0.3014594613898659015 ) ) ;
#595 = ADVANCED_FACE ( 'NONE', ( #855 ), #447, .F. ) ;
#596 =( GEOMETRIC_REPRESENTATION_CONTEXT ( 3 ) GLOBAL_UNCERTAINTY_ASSIGNED_CONTEXT ( ( #2407 ) ) GLOBAL_UNIT_ASSIGNED_CONTEXT ( ( #1643, #3677, #1319 ) ) REPRESENTATION_CONTEXT ( 'NONE', 'WORKASPACE' ) );
#597 = DIRECTION ( 'NONE',  ( 1.000000000000000000, 0.0000000000000000000, 0.0000000000000000000 ) ) ;
#598 = CARTESIAN_POINT ( 'NONE',  ( -3.710284067798497176, -0.1000000000000000056, 0.6079689776603196538 ) ) ;
#599 = ORIENTED_EDGE ( 'NONE', *, *, #2994, .T. ) ;
#600 = EDGE_CURVE ( 'NONE', #18, #819, #1313, .T. ) ;
#601 = ORIENTED_EDGE ( 'NONE', *, *, #2792, .F. ) ;
#602 = DIRECTION ( 'NONE',  ( -0.0000000000000000000, 1.000000000000000000, -0.0000000000000000000 ) ) ;
#603 = PRESENTATION_LAYER_ASSIGNMENT (  '', '', ( #156 ) ) ;
#604 = DIRECTION ( 'NONE',  ( -1.000000000000000000, 0.0000000000000000000, 0.0000000000000000000 ) ) ;
#605 = ORIENTED_EDGE ( 'NONE', *, *, #3398, .F. ) ;
#606 = UNCERTAINTY_MEASURE_WITH_UNIT (LENGTH_MEASURE( 1.000000000000000082E-05 ), #4323, 'distance_accuracy_value', 'NONE');
#607 = DIRECTION ( 'NONE',  ( 0.0000000000000000000, 0.0000000000000000000, 1.000000000000000000 ) ) ;
#608 = ADVANCED_FACE ( 'NONE', ( #3896 ), #892, .F. ) ;
#609 = SURFACE_SIDE_STYLE ('',( #3835 ) ) ;
#610 = ORIENTED_EDGE ( 'NONE', *, *, #2085, .T. ) ;
#611 = CARTESIAN_POINT ( 'NONE',  ( 3.710284067798497176, 1.620000000000000107, 0.6079689776603197648 ) ) ;
#612 = AXIS2_PLACEMENT_3D ( 'NONE', #2635, #642, #2969 ) ;
#613 = COLOUR_RGB ( '',1.000000000000000000, 1.000000000000000000, 1.000000000000000000 ) ;
#614 = CARTESIAN_POINT ( 'NONE',  ( 2.895000000000000462, 1.620000000000000107, -0.6645830389778991654 ) ) ;
#615 = CIRCLE ( 'NONE', #3010, 2.350000000000000089 ) ;
#616 =( NAMED_UNIT ( * ) SI_UNIT ( $, .STERADIAN. ) SOLID_ANGLE_UNIT ( ) );
#617 = COLOUR_RGB ( '',0.09803921568627450844, 0.09803921568627450844, 0.09803921568627450844 ) ;
#618 =( NAMED_UNIT ( * ) SI_UNIT ( $, .STERADIAN. ) SOLID_ANGLE_UNIT ( ) );
#619 = VECTOR ( 'NONE', #3700, 1000.000000000000000 ) ;
#620 = ORIENTED_EDGE ( 'NONE', *, *, #4213, .T. ) ;
#621 = DIRECTION ( 'NONE',  ( 0.0000000000000000000, 0.0000000000000000000, 1.000000000000000000 ) ) ;
#622 = VECTOR ( 'NONE', #2492, 1000.000000000000000 ) ;
#623 = SURFACE_SIDE_STYLE ('',( #1690 ) ) ;
#624 = ORIENTED_EDGE ( 'NONE', *, *, #1495, .T. ) ;
#625 = ORIENTED_EDGE ( 'NONE', *, *, #3624, .T. ) ;
#626 = EDGE_CURVE ( 'NONE', #750, #2890, #126, .T. ) ;
#627 = VECTOR ( 'NONE', #3494, 1000.000000000000000 ) ;
#628 = FILL_AREA_STYLE ('',( #1938 ) ) ;
#629 = ORIENTED_EDGE ( 'NONE', *, *, #343, .T. ) ;
#630 =( NAMED_UNIT ( * ) PLANE_ANGLE_UNIT ( ) SI_UNIT ( $, .RADIAN. ) );
#631 = ADVANCED_FACE ( 'NONE', ( #3579 ), #4057, .F. ) ;
#632 = DIRECTION ( 'NONE',  ( -0.0000000000000000000, 1.000000000000000000, -0.0000000000000000000 ) ) ;
#633 = SURFACE_STYLE_USAGE ( .BOTH. , #2627 ) ;
#634 = ORIENTED_EDGE ( 'NONE', *, *, #291, .F. ) ;
#635 = CARTESIAN_POINT ( 'NONE',  ( -1.502358086601538023, 4.899999999999999467, 0.6703715245256274269 ) ) ;
#636 = LINE ( 'NONE', #3157, #528 ) ;
#638 = SURFACE_SIDE_STYLE ('',( #3082 ) ) ;
#637 = VECTOR ( 'NONE', #3441, 1000.000000000000000 ) ;
#639 = PRESENTATION_STYLE_ASSIGNMENT (( #485 ) ) ;
#640 = STYLED_ITEM ( 'NONE', ( #111 ), #3695 ) ;
#641 = CARTESIAN_POINT ( 'NONE',  ( -0.1924989316719608601, 4.899000000000000021, -0.8586777712490206715 ) ) ;
#642 = DIRECTION ( 'NONE',  ( -0.0000000000000000000, 0.0000000000000000000, -1.000000000000000000 ) ) ;
#643 = VERTEX_POINT ( 'NONE', #1344 ) ;
#644 = LINE ( 'NONE', #229, #1308 ) ;
#645 = EDGE_CURVE ( 'NONE', #1753, #450, #1458, .T. ) ;
#646 = DIRECTION ( 'NONE',  ( 0.0000000000000000000, 1.000000000000000000, 0.0000000000000000000 ) ) ;
#647 = CARTESIAN_POINT ( 'NONE',  ( -4.445000000000000284, 0.0000000000000000000, 0.8900000000000000133 ) ) ;
#648 = CARTESIAN_POINT ( 'NONE',  ( -4.445000000000000284, 1.520000000000000018, 3.049999999999999822 ) ) ;
#649 = VECTOR ( 'NONE', #3222, 1000.000000000000000 ) ;
#650 = STYLED_ITEM ( 'NONE', ( #4292 ), #1270 ) ;
#651 =( LENGTH_UNIT ( ) NAMED_UNIT ( * ) SI_UNIT ( .MILLI., .METRE. ) );
#652 = ADVANCED_FACE ( 'NONE', ( #2357 ), #2686, .F. ) ;
#653 = UNCERTAINTY_MEASURE_WITH_UNIT (LENGTH_MEASURE( 1.000000000000000082E-05 ), #1657, 'distance_accuracy_value', 'NONE');
#654 = CARTESIAN_POINT ( 'NONE',  ( 1.663570632541448546, 4.899000000000000021, 0.3890415878198731914 ) ) ;
#655 =( NAMED_UNIT ( * ) PLANE_ANGLE_UNIT ( ) SI_UNIT ( $, .RADIAN. ) );
#656 = STYLED_ITEM ( 'NONE', ( #639 ), #8 ) ;
#657 = ORIENTED_EDGE ( 'NONE', *, *, #388, .F. ) ;
#658 =( LENGTH_UNIT ( ) NAMED_UNIT ( * ) SI_UNIT ( .MILLI., .METRE. ) );
#659 = VECTOR ( 'NONE', #2067, 1000.000000000000000 ) ;
#660 = DIRECTION ( 'NONE',  ( -1.000000000000000000, 0.0000000000000000000, 0.0000000000000000000 ) ) ;
#661 = SURFACE_STYLE_FILL_AREA ( #4342 ) ;
#662 = FILL_AREA_STYLE ('',( #3699 ) ) ;
#663 = ORIENTED_EDGE ( 'NONE', *, *, #1633, .F. ) ;
#664 = FILL_AREA_STYLE ('',( #1977 ) ) ;
#665 = LINE ( 'NONE', #3419, #2420 ) ;
#666 = DIRECTION ( 'NONE',  ( 0.8242666277543647668, 0.0000000000000000000, -0.5662018424294003038 ) ) ;
#667 = COLOUR_RGB ( '',1.000000000000000000, 1.000000000000000000, 1.000000000000000000 ) ;
#668 = ADVANCED_FACE ( 'NONE', ( #2927 ), #1, .F. ) ;
#669 =( NAMED_UNIT ( * ) PLANE_ANGLE_UNIT ( ) SI_UNIT ( $, .RADIAN. ) );
#670 = ORIENTED_EDGE ( 'NONE', *, *, #250, .T. ) ;
#671 = PLANE ( 'NONE',  #2716 ) ;
#672 = FILL_AREA_STYLE_COLOUR ( '', #3697 ) ;
#673 = VECTOR ( 'NONE', #2078, 1000.000000000000000 ) ;
#674 = DIRECTION ( 'NONE',  ( 0.0000000000000000000, -0.0000000000000000000, -1.000000000000000000 ) ) ;
#675 = EDGE_LOOP ( 'NONE', ( #2338, #3688, #895, #3030, #287, #3515 ) ) ;
#676 = EDGE_CURVE ( 'NONE', #512, #1460, #1708, .T. ) ;
#677 = DIRECTION ( 'NONE',  ( -0.9104214723748158544, 0.0000000000000000000, -0.4136819341461172028 ) ) ;
#678 = SURFACE_STYLE_FILL_AREA ( #2938 ) ;
#679 =( GEOMETRIC_REPRESENTATION_CONTEXT ( 3 ) GLOBAL_UNCERTAINTY_ASSIGNED_CONTEXT ( ( #3009 ) ) GLOBAL_UNIT_ASSIGNED_CONTEXT ( ( #3833, #2137, #4166 ) ) REPRESENTATION_CONTEXT ( 'NONE', 'WORKASPACE' ) );
#680 = VERTEX_POINT ( 'NONE', #4345 ) ;
#681 = LINE ( 'NONE', #3359, #4248 ) ;
#682 = AXIS2_PLACEMENT_3D ( 'NONE', #233, #1555, #2884 ) ;
#683 = VECTOR ( 'NONE', #2317, 1000.000000000000000 ) ;
#684 =( NAMED_UNIT ( * ) PLANE_ANGLE_UNIT ( ) SI_UNIT ( $, .RADIAN. ) );
#685 = LINE ( 'NONE', #96, #1445 ) ;
#686 = FILL_AREA_STYLE ('',( #2010 ) ) ;
#687 = FILL_AREA_STYLE_COLOUR ( '', #19 ) ;
#688 = FACE_OUTER_BOUND ( 'NONE', #158, .T. ) ;
#689 = PLANE ( 'NONE',  #4028 ) ;
#690 = ADVANCED_FACE ( 'NONE', ( #3406 ), #1632, .F. ) ;
#691 = ORIENTED_EDGE ( 'NONE', *, *, #3965, .T. ) ;
#692 = FACE_OUTER_BOUND ( 'NONE', #2205, .T. ) ;
#693 = PRESENTATION_LAYER_ASSIGNMENT (  '', '', ( #238 ) ) ;
#694 =( LENGTH_UNIT ( ) NAMED_UNIT ( * ) SI_UNIT ( .MILLI., .METRE. ) );
#695 = STYLED_ITEM ( 'NONE', ( #2664 ), #4016 ) ;
#696 = PLANE ( 'NONE',  #1105 ) ;
#697 = FILL_AREA_STYLE ('',( #2007 ) ) ;
#698 = DIRECTION ( 'NONE',  ( 0.0000000000000000000, 1.000000000000000000, 0.0000000000000000000 ) ) ;
#699 = CARTESIAN_POINT ( 'NONE',  ( 0.0000000000000000000, 0.5000000000000000000, 0.0000000000000000000 ) ) ;
#700 = ORIENTED_EDGE ( 'NONE', *, *, #322, .F. ) ;
#701 = CARTESIAN_POINT ( 'NONE',  ( 0.0000000000000000000, 0.5000000000000000000, 2.415000000000000036 ) ) ;
#702 = COLOUR_RGB ( '',0.09803921568627450844, 0.09803921568627450844, 0.09803921568627450844 ) ;
#703 =( LENGTH_UNIT ( ) NAMED_UNIT ( * ) SI_UNIT ( .MILLI., .METRE. ) );
#704 = EDGE_CURVE ( 'NONE', #1919, #3888, #2615, .T. ) ;
#705 = SURFACE_STYLE_USAGE ( .BOTH. , #3040 ) ;
#706 = ORIENTED_EDGE ( 'NONE', *, *, #2694, .F. ) ;
#707 = ORIENTED_EDGE ( 'NONE', *, *, #1253, .F. ) ;
#708 =( GEOMETRIC_REPRESENTATION_CONTEXT ( 3 ) GLOBAL_UNCERTAINTY_ASSIGNED_CONTEXT ( ( #3664 ) ) GLOBAL_UNIT_ASSIGNED_CONTEXT ( ( #355, #1995, #12 ) ) REPRESENTATION_CONTEXT ( 'NONE', 'WORKASPACE' ) );
#709 = ADVANCED_FACE ( 'NONE', ( #2186 ), #315, .T. ) ;
#710 = EDGE_CURVE ( 'NONE', #1026, #4167, #999, .T. ) ;
#711 = AXIS2_PLACEMENT_3D ( 'NONE', #1111, #3464, #1437 ) ;
#712 = VERTEX_POINT ( 'NONE', #955 ) ;
#713 = PRESENTATION_STYLE_ASSIGNMENT (( #2029 ) ) ;
#714 = LINE ( 'NONE', #1897, #1474 ) ;
#715 = DIRECTION ( 'NONE',  ( 0.0000000000000000000, 0.0000000000000000000, 1.000000000000000000 ) ) ;
#716 = DIRECTION ( 'NONE',  ( 0.9106325762691961367, 0.0000000000000000000, 0.4132170265578689605 ) ) ;
#717 = CARTESIAN_POINT ( 'NONE',  ( -3.710284067798497176, -0.1000000000000000056, 0.6079689776603196538 ) ) ;
#718 = VECTOR ( 'NONE', #602, 1000.000000000000000 ) ;
#719 = DIRECTION ( 'NONE',  ( -1.000000000000000000, 0.0000000000000000000, 0.0000000000000000000 ) ) ;
#720 = CARTESIAN_POINT ( 'NONE',  ( 2.895000000000000462, 1.520000000000000018, -0.6645830389778991654 ) ) ;
#721 = PRESENTATION_STYLE_ASSIGNMENT (( #2511 ) ) ;
#722 = DIRECTION ( 'NONE',  ( 1.463489996605855296E-16, -0.0000000000000000000, 1.000000000000000000 ) ) ;
#723 = ORIENTED_EDGE ( 'NONE', *, *, #1472, .T. ) ;
#724 = LINE ( 'NONE', #3174, #4185 ) ;
#725 = VERTEX_POINT ( 'NONE', #3651 ) ;
#726 = PRESENTATION_LAYER_ASSIGNMENT (  '', '', ( #283 ) ) ;
#727 = PRESENTATION_STYLE_ASSIGNMENT (( #2647 ) ) ;
#728 = CARTESIAN_POINT ( 'NONE',  ( -1.502358086601538245, 4.899999999999999467, -1.273290447305358786 ) ) ;
#729 = ORIENTED_EDGE ( 'NONE', *, *, #4081, .F. ) ;
#730 = DIRECTION ( 'NONE',  ( 0.0000000000000000000, 0.0000000000000000000, 1.000000000000000000 ) ) ;
#731 =( NAMED_UNIT ( * ) PLANE_ANGLE_UNIT ( ) SI_UNIT ( $, .RADIAN. ) );
#732 = PRESENTATION_STYLE_ASSIGNMENT (( #417 ) ) ;
#733 = CARTESIAN_POINT ( 'NONE',  ( 0.0000000000000000000, 0.5000000000000000000, 2.415000000000000036 ) ) ;
#734 =( GEOMETRIC_REPRESENTATION_CONTEXT ( 3 ) GLOBAL_UNCERTAINTY_ASSIGNED_CONTEXT ( ( #2559 ) ) GLOBAL_UNIT_ASSIGNED_CONTEXT ( ( #840, #866, #3202 ) ) REPRESENTATION_CONTEXT ( 'NONE', 'WORKASPACE' ) );
#735 = VECTOR ( 'NONE', #3848, 1000.000000000000000 ) ;
#736 = EDGE_CURVE ( 'NONE', #3123, #582, #3563, .T. ) ;
#737 = SURFACE_STYLE_USAGE ( .BOTH. , #3100 ) ;
#738 = LINE ( 'NONE', #3096, #3303 ) ;
#739 = UNCERTAINTY_MEASURE_WITH_UNIT (LENGTH_MEASURE( 1.000000000000000082E-05 ), #146, 'distance_accuracy_value', 'NONE');
#740 = ORIENTED_EDGE ( 'NONE', *, *, #3704, .F. ) ;
#741 = ORIENTED_EDGE ( 'NONE', *, *, #1802, .F. ) ;
#742 = DIRECTION ( 'NONE',  ( 0.4136819341461172028, 0.0000000000000000000, -0.9104214723748158544 ) ) ;
#743 = PLANE ( 'NONE',  #3941 ) ;
#744 = CARTESIAN_POINT ( 'NONE',  ( -0.1924989316719607491, 4.899000000000000021, 0.2937209963566130289 ) ) ;
#745 =( NAMED_UNIT ( * ) PLANE_ANGLE_UNIT ( ) SI_UNIT ( $, .RADIAN. ) );
#746 =( GEOMETRIC_REPRESENTATION_CONTEXT ( 3 ) GLOBAL_UNCERTAINTY_ASSIGNED_CONTEXT ( ( #2138 ) ) GLOBAL_UNIT_ASSIGNED_CONTEXT ( ( #2984, #984, #1309 ) ) REPRESENTATION_CONTEXT ( 'NONE', 'WORKASPACE' ) );
#747 =( NAMED_UNIT ( * ) SI_UNIT ( $, .STERADIAN. ) SOLID_ANGLE_UNIT ( ) );
#748 = VECTOR ( 'NONE', #572, 1000.000000000000000 ) ;
#749 = CARTESIAN_POINT ( 'NONE',  ( 1.663570632541448546, 4.899000000000000021, 0.5658461652846619172 ) ) ;
#750 = VERTEX_POINT ( 'NONE', #1932 ) ;
#751 = CARTESIAN_POINT ( 'NONE',  ( 0.0000000000000000000, 1.520000000000000018, -2.350000000000000089 ) ) ;
#752 = LINE ( 'NONE', #2737, #1623 ) ;
#753 = CARTESIAN_POINT ( 'NONE',  ( -1.129999999999999893, 0.0000000000000000000, -3.050000000000000266 ) ) ;
#754 = EDGE_CURVE ( 'NONE', #1732, #3421, #109, .T. ) ;
#755 = DIRECTION ( 'NONE',  ( 1.000000000000000000, 0.0000000000000000000, 0.0000000000000000000 ) ) ;
#756 = SURFACE_SIDE_STYLE ('',( #319 ) ) ;
#757 = EDGE_CURVE ( 'NONE', #2785, #1801, #3669, .T. ) ;
#758 = ORIENTED_EDGE ( 'NONE', *, *, #3192, .T. ) ;
#759 = EDGE_CURVE ( 'NONE', #1514, #2183, #1865, .T. ) ;
#760 = DIRECTION ( 'NONE',  ( 0.0000000000000000000, 0.0000000000000000000, -1.000000000000000000 ) ) ;
#761 = LINE ( 'NONE', #69, #4339 ) ;
#762 = LINE ( 'NONE', #2143, #1523 ) ;
#763 = DIRECTION ( 'NONE',  ( 0.0000000000000000000, -1.000000000000000000, -0.0000000000000000000 ) ) ;
#764 = PRESENTATION_STYLE_ASSIGNMENT (( #4243 ) ) ;
#765 = DIRECTION ( 'NONE',  ( 0.0000000000000000000, 0.0000000000000000000, 1.000000000000000000 ) ) ;
#766 = DIRECTION ( 'NONE',  ( 0.0000000000000000000, 0.0000000000000000000, 1.000000000000000000 ) ) ;
#767 =( NAMED_UNIT ( * ) SI_UNIT ( $, .STERADIAN. ) SOLID_ANGLE_UNIT ( ) );
#768 = AXIS2_PLACEMENT_3D ( 'NONE', #1518, #3893, #1860 ) ;
#769 = MECHANICAL_DESIGN_GEOMETRIC_PRESENTATION_REPRESENTATION (  '', ( #104 ), #1001 ) ;
#770 = ORIENTED_EDGE ( 'NONE', *, *, #1890, .F. ) ;
#771 =( LENGTH_UNIT ( ) NAMED_UNIT ( * ) SI_UNIT ( .MILLI., .METRE. ) );
#772 = COLOUR_RGB ( '',1.000000000000000000, 1.000000000000000000, 1.000000000000000000 ) ;
#773 = COLOUR_RGB ( '',1.000000000000000000, 1.000000000000000000, 1.000000000000000000 ) ;
#774 = ORIENTED_EDGE ( 'NONE', *, *, #406, .F. ) ;
#775 = EDGE_CURVE ( 'NONE', #3821, #3888, #3454, .T. ) ;
#776 = FACE_OUTER_BOUND ( 'NONE', #289, .T. ) ;
#777 = FILL_AREA_STYLE_COLOUR ( '', #4096 ) ;
#778 = CARTESIAN_POINT ( 'NONE',  ( -2.969929242986834694, 0.0000000000000000000, 0.4844451362957267748 ) ) ;
#779 = DIRECTION ( 'NONE',  ( -0.5611165363451807719, 0.0000000000000000000, -0.8277368136309919411 ) ) ;
#780 = PLANE ( 'NONE',  #567 ) ;
#781 = VECTOR ( 'NONE', #604, 1000.000000000000000 ) ;
#782 = EDGE_CURVE ( 'NONE', #2519, #3421, #1651, .T. ) ;
#783 = LINE ( 'NONE', #5, #683 ) ;
#784 = PRESENTATION_STYLE_ASSIGNMENT (( #3110 ) ) ;
#785 = SURFACE_SIDE_STYLE ('',( #2546 ) ) ;
#786 = LINE ( 'NONE', #3230, #2446 ) ;
#787 = PRESENTATION_LAYER_ASSIGNMENT (  '', '', ( #565 ) ) ;
#788 = DIRECTION ( 'NONE',  ( -0.0000000000000000000, -0.0000000000000000000, 1.000000000000000000 ) ) ;
#789 = PRESENTATION_LAYER_ASSIGNMENT (  '', '', ( #349 ) ) ;
#790 = ORIENTED_EDGE ( 'NONE', *, *, #4198, .T. ) ;
#791 = AXIS2_PLACEMENT_3D ( 'NONE', #403, #2726, #730 ) ;
#792 = SURFACE_STYLE_USAGE ( .BOTH. , #4134 ) ;
#793 = PRESENTATION_STYLE_ASSIGNMENT (( #1923 ) ) ;
#794 =( NAMED_UNIT ( * ) SI_UNIT ( $, .STERADIAN. ) SOLID_ANGLE_UNIT ( ) );
#795 =( NAMED_UNIT ( * ) SI_UNIT ( $, .STERADIAN. ) SOLID_ANGLE_UNIT ( ) );
#796 = DIRECTION ( 'NONE',  ( 1.000000000000000000, 0.0000000000000000000, 0.0000000000000000000 ) ) ;
#797 =( GEOMETRIC_REPRESENTATION_CONTEXT ( 3 ) GLOBAL_UNCERTAINTY_ASSIGNED_CONTEXT ( ( #1775 ) ) GLOBAL_UNIT_ASSIGNED_CONTEXT ( ( #4289, #2263, #278 ) ) REPRESENTATION_CONTEXT ( 'NONE', 'WORKASPACE' ) );
#798 = CARTESIAN_POINT ( 'NONE',  ( -1.502358086601538023, 4.899000000000000021, 0.3726162428354862222 ) ) ;
#799 = DIRECTION ( 'NONE',  ( -0.0000000000000000000, 1.000000000000000000, -0.0000000000000000000 ) ) ;
#800 = ORIENTED_EDGE ( 'NONE', *, *, #2912, .F. ) ;
#801 = VERTEX_POINT ( 'NONE', #1246 ) ;
#802 = STYLED_ITEM ( 'NONE', ( #4244 ), #997 ) ;
#803 = VECTOR ( 'NONE', #1329, 1000.000000000000000 ) ;
#804 = FILL_AREA_STYLE_COLOUR ( '', #4039 ) ;
#805 = ORIENTED_EDGE ( 'NONE', *, *, #3078, .T. ) ;
#806 = SURFACE_SIDE_STYLE ('',( #326 ) ) ;
#807 = SURFACE_STYLE_USAGE ( .BOTH. , #2804 ) ;
#808 = DIRECTION ( 'NONE',  ( 0.0000000000000000000, -1.000000000000000000, 0.0000000000000000000 ) ) ;
#809 = DIRECTION ( 'NONE',  ( -0.3583679495453048758, 0.0000000000000000000, -0.9335804264971999666 ) ) ;
#810 = ORIENTED_EDGE ( 'NONE', *, *, #1435, .F. ) ;
#811 = DIRECTION ( 'NONE',  ( -0.0000000000000000000, 1.000000000000000000, -0.0000000000000000000 ) ) ;
#812 = VECTOR ( 'NONE', #3017, 1000.000000000000000 ) ;
#813 = CARTESIAN_POINT ( 'NONE',  ( -0.1924989316719607491, 4.899000000000000021, 0.1131532146664721572 ) ) ;
#814 = EDGE_CURVE ( 'NONE', #1601, #2524, #2, .T. ) ;
#815 = LINE ( 'NONE', #3234, #2474 ) ;
#816 = EDGE_CURVE ( 'NONE', #3960, #1296, #2440, .T. ) ;
#817 = MECHANICAL_DESIGN_GEOMETRIC_PRESENTATION_REPRESENTATION (  '', ( #156 ), #1046 ) ;
#818 = DIRECTION ( 'NONE',  ( -0.0000000000000000000, 0.0000000000000000000, -1.000000000000000000 ) ) ;
#819 = VERTEX_POINT ( 'NONE', #4284 ) ;
#820 = CARTESIAN_POINT ( 'NONE',  ( -1.671372171108580496, 4.899999999999999467, -0.5992147430800065511 ) ) ;
#821 = VECTOR ( 'NONE', #3405, 1000.000000000000000 ) ;
#822 = FACE_OUTER_BOUND ( 'NONE', #4241, .T. ) ;
#823 = DIRECTION ( 'NONE',  ( 5.210738217947934616E-16, 0.0000000000000000000, 1.000000000000000000 ) ) ;
#824 = FILL_AREA_STYLE ('',( #1463 ) ) ;
#825 = EDGE_LOOP ( 'NONE', ( #2318, #2653 ) ) ;
#826 = ORIENTED_EDGE ( 'NONE', *, *, #2377, .T. ) ;
#827 = DIRECTION ( 'NONE',  ( 0.0000000000000000000, 1.000000000000000000, 0.0000000000000000000 ) ) ;
#828 = PRESENTATION_LAYER_ASSIGNMENT (  '', '', ( #395 ) ) ;
#829 = PRESENTATION_LAYER_ASSIGNMENT (  '', '', ( #547 ) ) ;
#830 = ADVANCED_BREP_SHAPE_REPRESENTATION ( 'DO1813H', ( #3332, #2746 ), #734 ) ;
#831 = VECTOR ( 'NONE', #1622, 1000.000000000000000 ) ;
#832 = ORIENTED_EDGE ( 'NONE', *, *, #4315, .F. ) ;
#833 = LINE ( 'NONE', #1707, #1700 ) ;
#834 = VECTOR ( 'NONE', #2877, 1000.000000000000000 ) ;
#835 = CARTESIAN_POINT ( 'NONE',  ( -2.895000000000000018, 0.0000000000000000000, -1.127293717617243063 ) ) ;
#836 = ORIENTED_EDGE ( 'NONE', *, *, #3558, .T. ) ;
#837 = SURFACE_STYLE_FILL_AREA ( #331 ) ;
#838 = CARTESIAN_POINT ( 'NONE',  ( 3.710284067798497176, 1.620000000000000107, 0.6079689776603197648 ) ) ;
#839 = SURFACE_STYLE_FILL_AREA ( #3296 ) ;
#840 =( LENGTH_UNIT ( ) NAMED_UNIT ( * ) SI_UNIT ( .MILLI., .METRE. ) );
#841 = ORIENTED_EDGE ( 'NONE', *, *, #676, .F. ) ;
#842 = SURFACE_STYLE_FILL_AREA ( #4353 ) ;
#843 = EDGE_CURVE ( 'NONE', #1569, #1514, #681, .T. ) ;
#844 = FILL_AREA_STYLE_COLOUR ( '', #517 ) ;
#845 = CARTESIAN_POINT ( 'NONE',  ( -1.502358086601538023, 4.899000000000000021, 0.3726162428354862222 ) ) ;
#846 = STYLED_ITEM ( 'NONE', ( #1401 ), #3316 ) ;
#847 = DIRECTION ( 'NONE',  ( -0.0000000000000000000, -1.000000000000000000, -0.0000000000000000000 ) ) ;
#848 = DIRECTION ( 'NONE',  ( 0.0000000000000000000, 0.0000000000000000000, 1.000000000000000000 ) ) ;
#849 =( NAMED_UNIT ( * ) SI_UNIT ( $, .STERADIAN. ) SOLID_ANGLE_UNIT ( ) );
#850 =( GEOMETRIC_REPRESENTATION_CONTEXT ( 3 ) GLOBAL_UNCERTAINTY_ASSIGNED_CONTEXT ( ( #1055 ) ) GLOBAL_UNIT_ASSIGNED_CONTEXT ( ( #1133, #3488, #1459 ) ) REPRESENTATION_CONTEXT ( 'NONE', 'WORKASPACE' ) );
#851 = SURFACE_SIDE_STYLE ('',( #3287 ) ) ;
#852 = SURFACE_STYLE_USAGE ( .BOTH. , #2852 ) ;
#853 =( LENGTH_UNIT ( ) NAMED_UNIT ( * ) SI_UNIT ( .MILLI., .METRE. ) );
#854 = AXIS2_PLACEMENT_3D ( 'NONE', #1339, #3698, #1666 ) ;
#855 = FACE_OUTER_BOUND ( 'NONE', #2161, .T. ) ;
#856 = ORIENTED_EDGE ( 'NONE', *, *, #1802, .T. ) ;
#857 = LINE ( 'NONE', #66, #4220 ) ;
#858 = DIRECTION ( 'NONE',  ( -0.6762489608116972750, 0.0000000000000000000, -0.7366731588710827561 ) ) ;
#859 = ORIENTED_EDGE ( 'NONE', *, *, #4107, .F. ) ;
#860 = EDGE_CURVE ( 'NONE', #1296, #92, #2342, .T. ) ;
#861 = SURFACE_STYLE_USAGE ( .BOTH. , #3199 ) ;
#862 = ORIENTED_EDGE ( 'NONE', *, *, #1114, .F. ) ;
#863 = PRESENTATION_LAYER_ASSIGNMENT (  '', '', ( #650 ) ) ;
#864 = CARTESIAN_POINT ( 'NONE',  ( -4.445000000000000284, 0.0000000000000000000, 3.049999999999999822 ) ) ;
#865 = UNCERTAINTY_MEASURE_WITH_UNIT (LENGTH_MEASURE( 1.000000000000000082E-05 ), #3561, 'distance_accuracy_value', 'NONE');
#866 =( NAMED_UNIT ( * ) PLANE_ANGLE_UNIT ( ) SI_UNIT ( $, .RADIAN. ) );
#867 = PRESENTATION_STYLE_ASSIGNMENT (( #996 ) ) ;
#868 = LINE ( 'NONE', #3841, #4232 ) ;
#869 =( LENGTH_UNIT ( ) NAMED_UNIT ( * ) SI_UNIT ( .MILLI., .METRE. ) );
#870 = CARTESIAN_POINT ( 'NONE',  ( -1.502358086601538023, 4.899000000000000021, 0.6703715245256274269 ) ) ;
#871 = PRESENTATION_LAYER_ASSIGNMENT (  '', '', ( #656 ) ) ;
#872 = FILL_AREA_STYLE ('',( #2525 ) ) ;
#873 = ORIENTED_EDGE ( 'NONE', *, *, #1138, .T. ) ;
#874 = PRESENTATION_STYLE_ASSIGNMENT (( #2202 ) ) ;
#875 = ORIENTED_EDGE ( 'NONE', *, *, #626, .F. ) ;
#876 = LINE ( 'NONE', #1082, #4240 ) ;
#877 = VECTOR ( 'NONE', #3460, 1000.000000000000227 ) ;
#878 = CARTESIAN_POINT ( 'NONE',  ( -0.1924989316719607491, 4.899999999999999467, 1.265551982272106191 ) ) ;
#879 = VERTEX_POINT ( 'NONE', #654 ) ;
#880 = DIRECTION ( 'NONE',  ( 0.0000000000000000000, 0.0000000000000000000, 1.000000000000000000 ) ) ;
#881 = FILL_AREA_STYLE_COLOUR ( '', #4305 ) ;
#882 = CARTESIAN_POINT ( 'NONE',  ( 3.149000000000000465, 0.0000000000000000000, -0.6645830389778992764 ) ) ;
#883 = LINE ( 'NONE', #4105, #3451 ) ;
#884 = UNCERTAINTY_MEASURE_WITH_UNIT (LENGTH_MEASURE( 1.000000000000000082E-05 ), #466, 'distance_accuracy_value', 'NONE');
#885 = CARTESIAN_POINT ( 'NONE',  ( 4.445000000000000284, 0.0000000000000000000, 3.049999999999998490 ) ) ;
#886 = CARTESIAN_POINT ( 'NONE',  ( 1.129999999999999893, 0.0000000000000000000, 3.049999999999999822 ) ) ;
#887 = STYLED_ITEM ( 'NONE', ( #1599 ), #1689 ) ;
#888 = VECTOR ( 'NONE', #3619, 1000.000000000000000 ) ;
#889 = PLANE ( 'NONE',  #3335 ) ;
#890 = CARTESIAN_POINT ( 'NONE',  ( 0.0000000000000000000, 1.520000000000000018, 0.0000000000000000000 ) ) ;
#891 = COLOUR_RGB ( '',0.8274509803921568096, 0.8392156862745098200, 0.8274509803921568096 ) ;
#892 = PLANE ( 'NONE',  #1780 ) ;
#893 = LINE ( 'NONE', #2532, #1868 ) ;
#894 = FILL_AREA_STYLE ('',( #2429 ) ) ;
#895 = ORIENTED_EDGE ( 'NONE', *, *, #3823, .F. ) ;
#896 = DIRECTION ( 'NONE',  ( -0.0000000000000000000, 1.000000000000000000, -0.0000000000000000000 ) ) ;
#897 = FILL_AREA_STYLE_COLOUR ( '', #1387 ) ;
#898 = DIRECTION ( 'NONE',  ( 0.0000000000000000000, 0.0000000000000000000, -1.000000000000000000 ) ) ;
#899 = EDGE_CURVE ( 'NONE', #3440, #2498, #4041, .T. ) ;
#900 = PLANE ( 'NONE',  #133 ) ;
#901 = CARTESIAN_POINT ( 'NONE',  ( -2.969929242986834694, -0.1000000000000000056, 0.4844451362957267748 ) ) ;
#902 = MECHANICAL_DESIGN_GEOMETRIC_PRESENTATION_REPRESENTATION (  '', ( #463 ), #1118 ) ;
#903 = PRESENTATION_STYLE_ASSIGNMENT (( #861 ) ) ;
#904 = CARTESIAN_POINT ( 'NONE',  ( 2.957522019940858226E-16, 1.520000000000000018, -2.415000000000000036 ) ) ;
#905 = VERTEX_POINT ( 'NONE', #4063 ) ;
#906 = SURFACE_SIDE_STYLE ('',( #459 ) ) ;
#907 = CARTESIAN_POINT ( 'NONE',  ( -1.671372171108580496, 4.899000000000000021, 0.3726162428354862222 ) ) ;
#908 = MECHANICAL_DESIGN_GEOMETRIC_PRESENTATION_REPRESENTATION (  '', ( #238 ), #1124 ) ;
#909 = ORIENTED_EDGE ( 'NONE', *, *, #3139, .T. ) ;
#910 = DIRECTION ( 'NONE',  ( 0.0000000000000000000, 1.000000000000000000, 0.0000000000000000000 ) ) ;
#911 =( NAMED_UNIT ( * ) SI_UNIT ( $, .STERADIAN. ) SOLID_ANGLE_UNIT ( ) );
#912 = AXIS2_PLACEMENT_3D ( 'NONE', #2899, #910, #3251 ) ;
#913 = ORIENTED_EDGE ( 'NONE', *, *, #3850, .T. ) ;
#914 = FILL_AREA_STYLE_COLOUR ( '', #3682 ) ;
#915 = COLOUR_RGB ( '',0.09803921568627450844, 0.09803921568627450844, 0.09803921568627450844 ) ;
#916 = SURFACE_STYLE_USAGE ( .BOTH. , #2910 ) ;
#917 = ORIENTED_EDGE ( 'NONE', *, *, #31, .F. ) ;
#918 = VECTOR ( 'NONE', #2196, 1000.000000000000227 ) ;
#919 = DIRECTION ( 'NONE',  ( -0.9104214723748158544, 0.0000000000000000000, -0.4136819341461171473 ) ) ;
#920 = DIRECTION ( 'NONE',  ( -0.0000000000000000000, -1.000000000000000000, -0.0000000000000000000 ) ) ;
#921 = UNCERTAINTY_MEASURE_WITH_UNIT (LENGTH_MEASURE( 1.000000000000000082E-05 ), #4080, 'distance_accuracy_value', 'NONE');
#922 = ADVANCED_FACE ( 'NONE', ( #2236 ), #41, .T. ) ;
#923 = FACE_OUTER_BOUND ( 'NONE', #2979, .T. ) ;
#924 = EDGE_CURVE ( 'NONE', #2469, #253, #1917, .T. ) ;
#925 =( NAMED_UNIT ( * ) PLANE_ANGLE_UNIT ( ) SI_UNIT ( $, .RADIAN. ) );
#926 =( NAMED_UNIT ( * ) SI_UNIT ( $, .STERADIAN. ) SOLID_ANGLE_UNIT ( ) );
#927 = ORIENTED_EDGE ( 'NONE', *, *, #3165, .T. ) ;
#928 = VECTOR ( 'NONE', #371, 1000.000000000000000 ) ;
#929 = CARTESIAN_POINT ( 'NONE',  ( -2.895000000000000018, 0.0000000000000000000, 1.127293717617243063 ) ) ;
#930 = CIRCLE ( 'NONE', #194, 2.415000000000000036 ) ;
#931 = EDGE_CURVE ( 'NONE', #1416, #1430, #263, .T. ) ;
#932 = ADVANCED_FACE ( 'NONE', ( #1042 ), #2044, .T. ) ;
#933 = AXIS2_PLACEMENT_3D ( 'NONE', #1101, #3448, #1421 ) ;
#934 = AXIS2_PLACEMENT_3D ( 'NONE', #982, #513, #1610 ) ;
#935 = ORIENTED_EDGE ( 'NONE', *, *, #3283, .T. ) ;
#936 =( NAMED_UNIT ( * ) SI_UNIT ( $, .STERADIAN. ) SOLID_ANGLE_UNIT ( ) );
#937 = FILL_AREA_STYLE_COLOUR ( '', #3054 ) ;
#938 = ORIENTED_EDGE ( 'NONE', *, *, #2088, .F. ) ;
#939 = CARTESIAN_POINT ( 'NONE',  ( -3.656528875366701570, 1.620000000000000107, -0.7480060416348995878 ) ) ;
#940 = SURFACE_STYLE_FILL_AREA ( #2452 ) ;
#941 = ORIENTED_EDGE ( 'NONE', *, *, #814, .T. ) ;
#942 = CARTESIAN_POINT ( 'NONE',  ( 0.8902651747949696937, 4.900000000000004796, 0.009684193453676076535 ) ) ;
#943 = AXIS2_PLACEMENT_3D ( 'NONE', #2638, #646, #2973 ) ;
#944 =( LENGTH_UNIT ( ) NAMED_UNIT ( * ) SI_UNIT ( .MILLI., .METRE. ) );
#945 = ORIENTED_EDGE ( 'NONE', *, *, #3937, .T. ) ;
#946 = SURFACE_SIDE_STYLE ('',( #678 ) ) ;
#947 = LINE ( 'NONE', #3623, #1709 ) ;
#948 = DIRECTION ( 'NONE',  ( 0.0000000000000000000, 0.0000000000000000000, -1.000000000000000000 ) ) ;
#949 = CARTESIAN_POINT ( 'NONE',  ( -1.545601924629707247, 4.899000000000000021, 0.4709877217087260481 ) ) ;
#950 = ORIENTED_EDGE ( 'NONE', *, *, #2792, .T. ) ;
#951 = CARTESIAN_POINT ( 'NONE',  ( -1.671372171108580496, 4.899000000000000021, 0.4709877217087260481 ) ) ;
#952 = VECTOR ( 'NONE', #3154, 1000.000000000000000 ) ;
#953 = MECHANICAL_DESIGN_GEOMETRIC_PRESENTATION_REPRESENTATION (  '', ( #283 ), #1163 ) ;
#954 = CARTESIAN_POINT ( 'NONE',  ( -0.1924989316719608601, 4.899000000000000021, -0.8586777712490206715 ) ) ;
#955 = CARTESIAN_POINT ( 'NONE',  ( -2.895000000000000018, 0.0000000000000000000, -1.127293717617243063 ) ) ;
#956 = FACE_OUTER_BOUND ( 'NONE', #1286, .T. ) ;
#957 = ADVANCED_FACE ( 'NONE', ( #2393 ), #3735, .F. ) ;
#958 = SURFACE_STYLE_USAGE ( .BOTH. , #623 ) ;
#959 = COLOUR_RGB ( '',0.09803921568627450844, 0.09803921568627450844, 0.09803921568627450844 ) ;
#960 = AXIS2_PLACEMENT_3D ( 'NONE', #1841, #4214, #2189 ) ;
#961 = DIRECTION ( 'NONE',  ( -0.0000000000000000000, 1.000000000000000000, -0.0000000000000000000 ) ) ;
#962 = EDGE_CURVE ( 'NONE', #1551, #1732, #2071, .T. ) ;
#963 = SURFACE_STYLE_USAGE ( .BOTH. , #2956 ) ;
#964 = ORIENTED_EDGE ( 'NONE', *, *, #4077, .F. ) ;
#965 = STYLED_ITEM ( 'NONE', ( #2713 ), #932 ) ;
#966 =( NAMED_UNIT ( * ) PLANE_ANGLE_UNIT ( ) SI_UNIT ( $, .RADIAN. ) );
#967 = ORIENTED_EDGE ( 'NONE', *, *, #1636, .F. ) ;
#968 = DIRECTION ( 'NONE',  ( 0.0000000000000000000, 0.0000000000000000000, 1.000000000000000000 ) ) ;
#969 = UNCERTAINTY_MEASURE_WITH_UNIT (LENGTH_MEASURE( 1.000000000000000082E-05 ), #2217, 'distance_accuracy_value', 'NONE');
#970 = ORIENTED_EDGE ( 'NONE', *, *, #931, .F. ) ;
#971 = DIRECTION ( 'NONE',  ( 0.0000000000000000000, 1.000000000000000000, 0.0000000000000000000 ) ) ;
#972 = VERTEX_POINT ( 'NONE', #2057 ) ;
#973 = ADVANCED_FACE ( 'NONE', ( #2974 ), #1730, .F. ) ;
#974 = VECTOR ( 'NONE', #4331, 1000.000000000000000 ) ;
#975 = VECTOR ( 'NONE', #2451, 1000.000000000000227 ) ;
#976 = CARTESIAN_POINT ( 'NONE',  ( 2.895000000000000018, 1.520000000000000018, -1.127293717617243063 ) ) ;
#977 =( NAMED_UNIT ( * ) SI_UNIT ( $, .STERADIAN. ) SOLID_ANGLE_UNIT ( ) );
#978 = VERTEX_POINT ( 'NONE', #1746 ) ;
#979 =( NAMED_UNIT ( * ) PLANE_ANGLE_UNIT ( ) SI_UNIT ( $, .RADIAN. ) );
#980 = EDGE_CURVE ( 'NONE', #3056, #2708, #883, .T. ) ;
#981 = VECTOR ( 'NONE', #632, 1000.000000000000000 ) ;
#982 = CARTESIAN_POINT ( 'NONE',  ( 0.0000000000000000000, 0.5000000000000000000, 0.0000000000000000000 ) ) ;
#983 = EDGE_CURVE ( 'NONE', #181, #2810, #4354, .T. ) ;
#984 =( NAMED_UNIT ( * ) PLANE_ANGLE_UNIT ( ) SI_UNIT ( $, .RADIAN. ) );
#985 = EDGE_LOOP ( 'NONE', ( #624, #2014, #1949, #3919, #1493 ) ) ;
#986 = EDGE_CURVE ( 'NONE', #1464, #4014, #1188, .T. ) ;
#987 = VECTOR ( 'NONE', #80, 1000.000000000000227 ) ;
#988 = LINE ( 'NONE', #3787, #95 ) ;
#989 = ORIENTED_EDGE ( 'NONE', *, *, #3220, .T. ) ;
#990 = CARTESIAN_POINT ( 'NONE',  ( 4.445000000000000284, 0.0000000000000000000, 3.049999999999998490 ) ) ;
#991 = VECTOR ( 'NONE', #1191, 1000.000000000000000 ) ;
#992 = VECTOR ( 'NONE', #2603, 1000.000000000000227 ) ;
#993 =( NAMED_UNIT ( * ) PLANE_ANGLE_UNIT ( ) SI_UNIT ( $, .RADIAN. ) );
#994 = DIRECTION ( 'NONE',  ( -1.000000000000000000, 0.0000000000000000000, -0.0000000000000000000 ) ) ;
#995 = ORIENTED_EDGE ( 'NONE', *, *, #1694, .F. ) ;
#996 = SURFACE_STYLE_USAGE ( .BOTH. , #2992 ) ;
#997 = ADVANCED_FACE ( 'NONE', ( #776 ), #3449, .T. ) ;
#998 = CARTESIAN_POINT ( 'NONE',  ( 1.112558308597786594, 4.899000000000003574, 0.006823277960718229784 ) ) ;
#999 = LINE ( 'NONE', #2948, #2765 ) ;
#1000 = PRESENTATION_LAYER_ASSIGNMENT (  '', '', ( #549 ) ) ;
#1001 =( GEOMETRIC_REPRESENTATION_CONTEXT ( 3 ) GLOBAL_UNCERTAINTY_ASSIGNED_CONTEXT ( ( #3211 ) ) GLOBAL_UNIT_ASSIGNED_CONTEXT ( ( #3189, #1180, #3538 ) ) REPRESENTATION_CONTEXT ( 'NONE', 'WORKASPACE' ) );
#1002 = COLOUR_RGB ( '',0.5372549019607842924, 0.3490196078431372362, 0.3372549019607843368 ) ;
#1003 = PLANE ( 'NONE',  #2756 ) ;
#1004 = VECTOR ( 'NONE', #1193, 1000.000000000000000 ) ;
#1005 = VERTEX_POINT ( 'NONE', #457 ) ;
#1006 = UNCERTAINTY_MEASURE_WITH_UNIT (LENGTH_MEASURE( 1.000000000000000082E-05 ), #4150, 'distance_accuracy_value', 'NONE');
#1007 = COLOUR_RGB ( '',1.000000000000000000, 1.000000000000000000, 1.000000000000000000 ) ;
#1008 = EDGE_CURVE ( 'NONE', #1597, #3128, #471, .T. ) ;
#1009 = DIRECTION ( 'NONE',  ( 0.0000000000000000000, -1.000000000000000000, 0.0000000000000000000 ) ) ;
#1010 = FILL_AREA_STYLE ('',( #672 ) ) ;
#1011 = CARTESIAN_POINT ( 'NONE',  ( -1.502358086601538023, 4.899000000000000021, 0.3726162428354862222 ) ) ;
#1012 = EDGE_CURVE ( 'NONE', #3620, #2600, #1340, .T. ) ;
#1013 = VECTOR ( 'NONE', #2212, 1000.000000000000000 ) ;
#1014 = MECHANICAL_DESIGN_GEOMETRIC_PRESENTATION_REPRESENTATION (  '', ( #565 ), #1225 ) ;
#1015 = MECHANICAL_DESIGN_GEOMETRIC_PRESENTATION_REPRESENTATION (  '', ( #349 ), #1226 ) ;
#1016 = ORIENTED_EDGE ( 'NONE', *, *, #1221, .F. ) ;
#1017 = PRESENTATION_STYLE_ASSIGNMENT (( #4156 ) ) ;
#1018 = ADVANCED_FACE ( 'NONE', ( #2122 ), #1453, .T. ) ;
#1019 = AXIS2_PLACEMENT_3D ( 'NONE', #717, #3045, #1048 ) ;
#1020 = EDGE_LOOP ( 'NONE', ( #4116, #1747, #2759, #2692, #2062, #2102, #43, #3341, #2368, #3602, #1041, #3263 ) ) ;
#1021 = UNCERTAINTY_MEASURE_WITH_UNIT (LENGTH_MEASURE( 1.000000000000000082E-05 ), #445, 'distance_accuracy_value', 'NONE');
#1022 = DIRECTION ( 'NONE',  ( -0.0000000000000000000, 1.000000000000000000, -0.0000000000000000000 ) ) ;
#1023 = DIRECTION ( 'NONE',  ( -0.8277368136309918301, 5.452475267323966741E-15, 0.5611165363451807719 ) ) ;
#1024 = ORIENTED_EDGE ( 'NONE', *, *, #736, .F. ) ;
#1025 = FILL_AREA_STYLE_COLOUR ( '', #1573 ) ;
#1026 = VERTEX_POINT ( 'NONE', #3479 ) ;
#1027 = SURFACE_SIDE_STYLE ('',( #2432 ) ) ;
#1028 = LINE ( 'NONE', #3229, #1895 ) ;
#1029 = CYLINDRICAL_SURFACE ( 'NONE', #3910, 2.350000000000000089 ) ;
#1030 = SURFACE_STYLE_USAGE ( .BOTH. , #3031 ) ;
#1031 = PRESENTATION_LAYER_ASSIGNMENT (  '', '', ( #802 ) ) ;
#1032 = VERTEX_POINT ( 'NONE', #3842 ) ;
#1033 = DIRECTION ( 'NONE',  ( 0.0000000000000000000, -0.0000000000000000000, 1.000000000000000000 ) ) ;
#1034 = ADVANCED_FACE ( 'NONE', ( #3502 ), #4175, .T. ) ;
#1035 = SURFACE_STYLE_FILL_AREA ( #159 ) ;
#1036 = SURFACE_SIDE_STYLE ('',( #1443 ) ) ;
#1037 = EDGE_LOOP ( 'NONE', ( #1740, #2442, #340, #2774 ) ) ;
#1038 = ORIENTED_EDGE ( 'NONE', *, *, #4198, .F. ) ;
#1039 = FILL_AREA_STYLE ('',( #1684 ) ) ;
#1040 = EDGE_CURVE ( 'NONE', #1237, #2093, #2709, .T. ) ;
#1041 = ORIENTED_EDGE ( 'NONE', *, *, #980, .T. ) ;
#1042 = FACE_OUTER_BOUND ( 'NONE', #3067, .T. ) ;
#1043 = STYLED_ITEM ( 'NONE', ( #2501 ), #690 ) ;
#1044 = VERTEX_POINT ( 'NONE', #2499 ) ;
#1045 = EDGE_CURVE ( 'NONE', #3768, #2786, #2289, .T. ) ;
#1046 =( GEOMETRIC_REPRESENTATION_CONTEXT ( 3 ) GLOBAL_UNCERTAINTY_ASSIGNED_CONTEXT ( ( #4221 ) ) GLOBAL_UNIT_ASSIGNED_CONTEXT ( ( #1583, #2310, #2655 ) ) REPRESENTATION_CONTEXT ( 'NONE', 'WORKASPACE' ) );
#1047 = DIRECTION ( 'NONE',  ( 0.0000000000000000000, 0.0000000000000000000, 1.000000000000000000 ) ) ;
#1048 = DIRECTION ( 'NONE',  ( 0.0000000000000000000, 0.0000000000000000000, -1.000000000000000000 ) ) ;
#1049 = VERTEX_POINT ( 'NONE', #509 ) ;
#1050 = VERTEX_POINT ( 'NONE', #176 ) ;
#1051 = FILL_AREA_STYLE_COLOUR ( '', #3614 ) ;
#1052 =( NAMED_UNIT ( * ) PLANE_ANGLE_UNIT ( ) SI_UNIT ( $, .RADIAN. ) );
#1053 = MECHANICAL_DESIGN_GEOMETRIC_PRESENTATION_REPRESENTATION (  '', ( #395 ), #1265 ) ;
#1054 = MECHANICAL_DESIGN_GEOMETRIC_PRESENTATION_REPRESENTATION (  '', ( #547 ), #1266 ) ;
#1055 = UNCERTAINTY_MEASURE_WITH_UNIT (LENGTH_MEASURE( 1.000000000000000082E-05 ), #1133, 'distance_accuracy_value', 'NONE');
#1056 = VECTOR ( 'NONE', #3966, 1000.000000000000000 ) ;
#1057 = ADVANCED_FACE ( 'NONE', ( #3983 ), #1171, .T. ) ;
#1058 = DIRECTION ( 'NONE',  ( -0.0000000000000000000, 1.000000000000000000, -0.0000000000000000000 ) ) ;
#1059 = FILL_AREA_STYLE_COLOUR ( '', #3016 ) ;
#1060 = ORIENTED_EDGE ( 'NONE', *, *, #1930, .T. ) ;
#1061 = FILL_AREA_STYLE ('',( #2383 ) ) ;
#1062 = LINE ( 'NONE', #2147, #179 ) ;
#1063 = EDGE_CURVE ( 'NONE', #2291, #4014, #4087, .T. ) ;
#1064 = ORIENTED_EDGE ( 'NONE', *, *, #538, .T. ) ;
#1065 = CARTESIAN_POINT ( 'NONE',  ( -0.1924989316719608601, 4.899000000000000021, -0.6781099895588797999 ) ) ;
#1066 = ORIENTED_EDGE ( 'NONE', *, *, #1774, .T. ) ;
#1067 = CARTESIAN_POINT ( 'NONE',  ( 2.895000000000000462, 1.520000000000000018, 0.2950107456950964435 ) ) ;
#1068 = EDGE_LOOP ( 'NONE', ( #1364, #1267, #3989, #2387 ) ) ;
#1069 = AXIS2_PLACEMENT_3D ( 'NONE', #4234, #2207, #214 ) ;
#1070 = UNCERTAINTY_MEASURE_WITH_UNIT (LENGTH_MEASURE( 1.000000000000000082E-05 ), #2578, 'distance_accuracy_value', 'NONE');
#1071 = ORIENTED_EDGE ( 'NONE', *, *, #3139, .F. ) ;
#1072 = CARTESIAN_POINT ( 'NONE',  ( 0.0000000000000000000, 1.520000000000000018, -2.235925599258337115 ) ) ;
#1073 = CARTESIAN_POINT ( 'NONE',  ( -4.445000000000000284, 1.520000000000000018, -3.049999999999999822 ) ) ;
#1074 = CARTESIAN_POINT ( 'NONE',  ( -1.671372171108580496, 4.899999999999999467, 0.3726162428354862222 ) ) ;
#1075 = FILL_AREA_STYLE_COLOUR ( '', #1790 ) ;
#1076 =( LENGTH_UNIT ( ) NAMED_UNIT ( * ) SI_UNIT ( .MILLI., .METRE. ) );
#1077 = VECTOR ( 'NONE', #122, 1000.000000000000000 ) ;
#1078 = PRESENTATION_LAYER_ASSIGNMENT (  '', '', ( #640 ) ) ;
#1079 = VERTEX_POINT ( 'NONE', #3884 ) ;
#1080 = EDGE_CURVE ( 'NONE', #2845, #2858, #2755, .T. ) ;
#1081 = EDGE_LOOP ( 'NONE', ( #2019, #3363, #4047, #1363 ) ) ;
#1082 = CARTESIAN_POINT ( 'NONE',  ( 4.445000000000000284, 0.0000000000000000000, 0.8900000000000000133 ) ) ;
#1083 = SURFACE_STYLE_FILL_AREA ( #1039 ) ;
#1084 = MECHANICAL_DESIGN_GEOMETRIC_PRESENTATION_REPRESENTATION (  '', ( #650 ), #1304 ) ;
#1085 = VECTOR ( 'NONE', #2164, 1000.000000000000227 ) ;
#1086 = VECTOR ( 'NONE', #763, 1000.000000000000000 ) ;
#1087 = DIRECTION ( 'NONE',  ( 0.0000000000000000000, 0.0000000000000000000, -1.000000000000000000 ) ) ;
#1088 = ORIENTED_EDGE ( 'NONE', *, *, #436, .T. ) ;
#1089 = PLANE ( 'NONE',  #933 ) ;
#1090 = CARTESIAN_POINT ( 'NONE',  ( 0.3635706325414486129, 4.899000000000008015, 0.5455336652846617396 ) ) ;
#1091 =( LENGTH_UNIT ( ) NAMED_UNIT ( * ) SI_UNIT ( .MILLI., .METRE. ) );
#1092 = LINE ( 'NONE', #864, #2760 ) ;
#1093 = MECHANICAL_DESIGN_GEOMETRIC_PRESENTATION_REPRESENTATION (  '', ( #656 ), #1310 ) ;
#1094 = CARTESIAN_POINT ( 'NONE',  ( 1.663570632541448546, 4.899999999999999467, -0.5501969685181550274 ) ) ;
#1095 = COLOUR_RGB ( '',1.000000000000000000, 1.000000000000000000, 1.000000000000000000 ) ;
#1096 = CARTESIAN_POINT ( 'NONE',  ( 2.969929242986835138, 0.0000000000000000000, 0.4844451362957267748 ) ) ;
#1097 =( LENGTH_UNIT ( ) NAMED_UNIT ( * ) SI_UNIT ( .MILLI., .METRE. ) );
#1098 = DIRECTION ( 'NONE',  ( -0.0000000000000000000, 1.000000000000000000, -0.0000000000000000000 ) ) ;
#1099 = VERTEX_POINT ( 'NONE', #3201 ) ;
#1100 = VECTOR ( 'NONE', #2250, 1000.000000000000000 ) ;
#1101 = CARTESIAN_POINT ( 'NONE',  ( -2.895000000000000462, 0.0000000000000000000, 0.2950107456950964435 ) ) ;
#1102 = FACE_OUTER_BOUND ( 'NONE', #985, .T. ) ;
#1103 = SURFACE_SIDE_STYLE ('',( #3456 ) ) ;
#1104 = VERTEX_POINT ( 'NONE', #3730 ) ;
#1105 = AXIS2_PLACEMENT_3D ( 'NONE', #3052, #722, #2715 ) ;
#1106 =( NAMED_UNIT ( * ) PLANE_ANGLE_UNIT ( ) SI_UNIT ( $, .RADIAN. ) );
#1107 = PLANE ( 'NONE',  #3329 ) ;
#1108 = ORIENTED_EDGE ( 'NONE', *, *, #775, .T. ) ;
#1109 = DIRECTION ( 'NONE',  ( 4.476057622441106443E-16, 0.0000000000000000000, 1.000000000000000000 ) ) ;
#1110 = CARTESIAN_POINT ( 'NONE',  ( 2.969929242986835138, -0.1000000000000000056, 0.4844451362957269414 ) ) ;
#1111 = CARTESIAN_POINT ( 'NONE',  ( 0.0000000000000000000, 1.520000000000000018, 0.0000000000000000000 ) ) ;
#1112 = ORIENTED_EDGE ( 'NONE', *, *, #155, .F. ) ;
#1113 =( LENGTH_UNIT ( ) NAMED_UNIT ( * ) SI_UNIT ( .MILLI., .METRE. ) );
#1114 = EDGE_CURVE ( 'NONE', #3334, #1801, #3181, .T. ) ;
#1115 = ORIENTED_EDGE ( 'NONE', *, *, #3591, .F. ) ;
#1116 = STYLED_ITEM ( 'NONE', ( #1912 ), #1946 ) ;
#1117 = DIRECTION ( 'NONE',  ( 0.9335804264971999666, 0.0000000000000000000, -0.3583679495453052088 ) ) ;
#1118 =( GEOMETRIC_REPRESENTATION_CONTEXT ( 3 ) GLOBAL_UNCERTAINTY_ASSIGNED_CONTEXT ( ( #865 ) ) GLOBAL_UNIT_ASSIGNED_CONTEXT ( ( #3561, #1203, #3212 ) ) REPRESENTATION_CONTEXT ( 'NONE', 'WORKASPACE' ) );
#1119 = ORIENTED_EDGE ( 'NONE', *, *, #1405, .F. ) ;
#1120 = PRESENTATION_STYLE_ASSIGNMENT (( #3701 ) ) ;
#1121 = CARTESIAN_POINT ( 'NONE',  ( 1.663570632541448546, 4.899999999999999467, -0.5501969685181550274 ) ) ;
#1122 = CARTESIAN_POINT ( 'NONE',  ( -4.445000000000000284, 0.0000000000000000000, -3.049999999999999822 ) ) ;
#1123 = CARTESIAN_POINT ( 'NONE',  ( 1.663570632541448546, 4.899000000000000021, 0.3890415878198731914 ) ) ;
#1124 =( GEOMETRIC_REPRESENTATION_CONTEXT ( 3 ) GLOBAL_UNCERTAINTY_ASSIGNED_CONTEXT ( ( #2185 ) ) GLOBAL_UNIT_ASSIGNED_CONTEXT ( ( #3330, #1317, #3674 ) ) REPRESENTATION_CONTEXT ( 'NONE', 'WORKASPACE' ) );
#1125 = PRESENTATION_LAYER_ASSIGNMENT (  '', '', ( #695 ) ) ;
#1126 = ORIENTED_EDGE ( 'NONE', *, *, #538, .F. ) ;
#1127 = CARTESIAN_POINT ( 'NONE',  ( -0.1924989316719608601, 4.899000000000000021, -0.6781099895588797999 ) ) ;
#1128 = ORIENTED_EDGE ( 'NONE', *, *, #88, .F. ) ;
#1129 = ORIENTED_EDGE ( 'NONE', *, *, #3679, .F. ) ;
#1130 = CARTESIAN_POINT ( 'NONE',  ( -1.129999999999999893, 0.0000000000000000000, 3.049999999999999822 ) ) ;
#1131 = VECTOR ( 'NONE', #3844, 1000.000000000000114 ) ;
#1132 = PRESENTATION_STYLE_ASSIGNMENT (( #3981 ) ) ;
#1133 =( LENGTH_UNIT ( ) NAMED_UNIT ( * ) SI_UNIT ( .MILLI., .METRE. ) );
#1134 = EDGE_LOOP ( 'NONE', ( #663, #4348, #1088, #3589 ) ) ;
#1135 =( NAMED_UNIT ( * ) PLANE_ANGLE_UNIT ( ) SI_UNIT ( $, .RADIAN. ) );
#1136 = CARTESIAN_POINT ( 'NONE',  ( -1.502358086601538023, 4.899999999999999467, 1.344447228750979662 ) ) ;
#1137 = CARTESIAN_POINT ( 'NONE',  ( -1.502358086601538023, 4.899000000000000021, 1.344447228750979662 ) ) ;
#1138 = EDGE_CURVE ( 'NONE', #1050, #3367, #203, .T. ) ;
#1139 = VECTOR ( 'NONE', #3754, 1000.000000000000000 ) ;
#1140 = ORIENTED_EDGE ( 'NONE', *, *, #899, .F. ) ;
#1141 = VECTOR ( 'NONE', #1849, 1000.000000000000000 ) ;
#1142 = DIRECTION ( 'NONE',  ( 0.0000000000000000000, 0.0000000000000000000, 1.000000000000000000 ) ) ;
#1143 = FACE_OUTER_BOUND ( 'NONE', #1081, .T. ) ;
#1144 = COLOUR_RGB ( '',1.000000000000000000, 1.000000000000000000, 1.000000000000000000 ) ;
#1145 = STYLED_ITEM ( 'NONE', ( #3870 ), #341 ) ;
#1146 = FILL_AREA_STYLE_COLOUR ( '', #1500 ) ;
#1147 = EDGE_CURVE ( 'NONE', #4188, #819, #3661, .T. ) ;
#1148 = ORIENTED_EDGE ( 'NONE', *, *, #406, .T. ) ;
#1149 = AXIS2_PLACEMENT_3D ( 'NONE', #2826, #827, #3161 ) ;
#1150 = PRESENTATION_STYLE_ASSIGNMENT (( #4005 ) ) ;
#1151 = AXIS2_PLACEMENT_3D ( 'NONE', #1704, #4222, #1375 ) ;
#1152 = CARTESIAN_POINT ( 'NONE',  ( 2.877919977996279827E-16, 1.520000000000000018, 2.350000000000000089 ) ) ;
#1153 = SURFACE_SIDE_STYLE ('',( #2300 ) ) ;
#1154 = SURFACE_SIDE_STYLE ('',( #1035 ) ) ;
#1155 = CARTESIAN_POINT ( 'NONE',  ( 1.663570632541448546, 4.899000000000000021, -0.3716758417575917184 ) ) ;
#1156 = AXIS2_PLACEMENT_3D ( 'NONE', #3305, #1283, #3645 ) ;
#1157 = CARTESIAN_POINT ( 'NONE',  ( 0.3635706325414486129, 4.899000000000008015, 0.3707317286649435273 ) ) ;
#1158 = CARTESIAN_POINT ( 'NONE',  ( -0.1924989316719608601, 4.899000000000000021, -0.8586777712490206715 ) ) ;
#1159 = ORIENTED_EDGE ( 'NONE', *, *, #3830, .F. ) ;
#1160 = VECTOR ( 'NONE', #1488, 1000.000000000000000 ) ;
#1161 = CARTESIAN_POINT ( 'NONE',  ( 1.663570632541448546, 4.899000000000000021, -0.3716758417575917184 ) ) ;
#1162 = VERTEX_POINT ( 'NONE', #1388 ) ;
#1163 =( GEOMETRIC_REPRESENTATION_CONTEXT ( 3 ) GLOBAL_UNCERTAINTY_ASSIGNED_CONTEXT ( ( #2606 ) ) GLOBAL_UNIT_ASSIGNED_CONTEXT ( ( #1833, #4206, #2176 ) ) REPRESENTATION_CONTEXT ( 'NONE', 'WORKASPACE' ) );
#1164 = DIRECTION ( 'NONE',  ( -0.5715618010866458931, 0.0000000000000000000, -0.8205590213620159723 ) ) ;
#1165 = ORIENTED_EDGE ( 'NONE', *, *, #3134, .F. ) ;
#1166 = DIRECTION ( 'NONE',  ( 0.0000000000000000000, 0.0000000000000000000, 1.000000000000000000 ) ) ;
#1167 = DIRECTION ( 'NONE',  ( -0.0000000000000000000, -0.0000000000000000000, 1.000000000000000000 ) ) ;
#1168 = DIRECTION ( 'NONE',  ( -5.210738217947934616E-16, 0.0000000000000000000, 1.000000000000000000 ) ) ;
#1169 = VERTEX_POINT ( 'NONE', #1072 ) ;
#1170 = DIRECTION ( 'NONE',  ( 1.000000000000000000, 0.0000000000000000000, 0.0000000000000000000 ) ) ;
#1171 = PLANE ( 'NONE',  #1822 ) ;
#1172 = EDGE_CURVE ( 'NONE', #1961, #3056, #1750, .T. ) ;
#1173 = FACE_OUTER_BOUND ( 'NONE', #4219, .T. ) ;
#1174 = AXIS2_PLACEMENT_3D ( 'NONE', #2012, #719, #2712 ) ;
#1175 = CARTESIAN_POINT ( 'NONE',  ( 3.656528875366700682, -0.1000000000000000056, 0.7480060416348992547 ) ) ;
#1176 = DIRECTION ( 'NONE',  ( -0.0000000000000000000, 1.000000000000000000, -0.0000000000000000000 ) ) ;
#1177 = ORIENTED_EDGE ( 'NONE', *, *, #1147, .T. ) ;
#1178 = UNCERTAINTY_MEASURE_WITH_UNIT (LENGTH_MEASURE( 1.000000000000000082E-05 ), #703, 'distance_accuracy_value', 'NONE');
#1179 =( LENGTH_UNIT ( ) NAMED_UNIT ( * ) SI_UNIT ( .MILLI., .METRE. ) );
#1180 =( NAMED_UNIT ( * ) PLANE_ANGLE_UNIT ( ) SI_UNIT ( $, .RADIAN. ) );
#1181 =( NAMED_UNIT ( * ) PLANE_ANGLE_UNIT ( ) SI_UNIT ( $, .RADIAN. ) );
#1182 = EDGE_LOOP ( 'NONE', ( #3800, #1128, #4133, #3172 ) ) ;
#1183 = DIRECTION ( 'NONE',  ( -1.000000000000000000, 0.0000000000000000000, 0.0000000000000000000 ) ) ;
#1184 = VECTOR ( 'NONE', #2745, 1000.000000000000000 ) ;
#1185 = STYLED_ITEM ( 'NONE', ( #2766 ), #1630 ) ;
#1186 = LINE ( 'NONE', #2079, #2862 ) ;
#1187 = ORIENTED_EDGE ( 'NONE', *, *, #3192, .F. ) ;
#1188 = LINE ( 'NONE', #3791, #1647 ) ;
#1189 = LINE ( 'NONE', #942, #321 ) ;
#1190 = VECTOR ( 'NONE', #1827, 999.9999999999998863 ) ;
#1191 = DIRECTION ( 'NONE',  ( -0.0000000000000000000, 1.000000000000000000, -0.0000000000000000000 ) ) ;
#1192 = PRESENTATION_STYLE_ASSIGNMENT (( #3142 ) ) ;
#1193 = DIRECTION ( 'NONE',  ( 0.0000000000000000000, 0.0000000000000000000, 1.000000000000000000 ) ) ;
#1194 = EDGE_CURVE ( 'NONE', #3345, #2229, #3555, .T. ) ;
#1195 = ORIENTED_EDGE ( 'NONE', *, *, #4157, .T. ) ;
#1196 = FACE_OUTER_BOUND ( 'NONE', #675, .T. ) ;
#1197 =( NAMED_UNIT ( * ) SI_UNIT ( $, .STERADIAN. ) SOLID_ANGLE_UNIT ( ) );
#1198 = EDGE_CURVE ( 'NONE', #4097, #2287, #3443, .T. ) ;
#1199 = EDGE_CURVE ( 'NONE', #1044, #2073, #876, .T. ) ;
#1200 = SURFACE_STYLE_USAGE ( .BOTH. , #3206 ) ;
#1201 = EDGE_LOOP ( 'NONE', ( #810, #1485, #2916, #800 ) ) ;
#1202 = LINE ( 'NONE', #2931, #3678 ) ;
#1203 =( NAMED_UNIT ( * ) PLANE_ANGLE_UNIT ( ) SI_UNIT ( $, .RADIAN. ) );
#1204 = CARTESIAN_POINT ( 'NONE',  ( 0.0000000000000000000, 3.879999999999999893, 0.0000000000000000000 ) ) ;
#1205 = PRODUCT_CONTEXT ( 'NONE', #3891, 'mechanical' ) ;
#1206 = MECHANICAL_DESIGN_GEOMETRIC_PRESENTATION_REPRESENTATION (  '', ( #549 ), #1422 ) ;
#1207 = FILL_AREA_STYLE ('',( #881 ) ) ;
#1208 = DIRECTION ( 'NONE',  ( 0.6762489608116972750, 0.0000000000000000000, -0.7366731588710827561 ) ) ;
#1209 = PRESENTATION_LAYER_ASSIGNMENT (  '', '', ( #1425 ) ) ;
#1210 = EDGE_LOOP ( 'NONE', ( #2416, #770, #2864, #2793 ) ) ;
#1211 = PLANE ( 'NONE',  #2215 ) ;
#1212 = ORIENTED_EDGE ( 'NONE', *, *, #540, .F. ) ;
#1213 = DIRECTION ( 'NONE',  ( -0.0000000000000000000, 1.000000000000000000, -0.0000000000000000000 ) ) ;
#1214 = FILL_AREA_STYLE_COLOUR ( '', #2104 ) ;
#1215 = EDGE_CURVE ( 'NONE', #352, #879, #2541, .T. ) ;
#1216 = EDGE_LOOP ( 'NONE', ( #3738, #1710, #3155, #2312, #2988, #945 ) ) ;
#1217 =( NAMED_UNIT ( * ) SI_UNIT ( $, .STERADIAN. ) SOLID_ANGLE_UNIT ( ) );
#1218 = ORIENTED_EDGE ( 'NONE', *, *, #3737, .T. ) ;
#1219 = DIRECTION ( 'NONE',  ( 1.000000000000000000, 0.0000000000000000000, 0.0000000000000000000 ) ) ;
#1220 = LINE ( 'NONE', #2475, #350 ) ;
#1221 = EDGE_CURVE ( 'NONE', #3153, #1162, #3339, .T. ) ;
#1222 = DIRECTION ( 'NONE',  ( -0.9335804264971997446, 0.0000000000000000000, 0.3583679495453057084 ) ) ;
#1223 = DIRECTION ( 'NONE',  ( 0.9335804264972002997, 0.0000000000000000000, -0.3583679495453040431 ) ) ;
#1224 = FILL_AREA_STYLE_COLOUR ( '', #3809 ) ;
#1225 =( GEOMETRIC_REPRESENTATION_CONTEXT ( 3 ) GLOBAL_UNCERTAINTY_ASSIGNED_CONTEXT ( ( #1434 ) ) GLOBAL_UNIT_ASSIGNED_CONTEXT ( ( #2703, #379, #2355 ) ) REPRESENTATION_CONTEXT ( 'NONE', 'WORKASPACE' ) );
#1226 =( GEOMETRIC_REPRESENTATION_CONTEXT ( 3 ) GLOBAL_UNCERTAINTY_ASSIGNED_CONTEXT ( ( #4088 ) ) GLOBAL_UNIT_ASSIGNED_CONTEXT ( ( #143, #1181, #523 ) ) REPRESENTATION_CONTEXT ( 'NONE', 'WORKASPACE' ) );
#1227 = CYLINDRICAL_SURFACE ( 'NONE', #2097, 0.2540000000000000036 ) ;
#1228 = STYLED_ITEM ( 'NONE', ( #2054 ), #3006 ) ;
#1229 = ORIENTED_EDGE ( 'NONE', *, *, #1930, .F. ) ;
#1230 = FACE_BOUND ( 'NONE', #1702, .T. ) ;
#1231 =( LENGTH_UNIT ( ) NAMED_UNIT ( * ) SI_UNIT ( .MILLI., .METRE. ) );
#1232 = STYLED_ITEM ( 'NONE', ( #61 ), #3382 ) ;
#1233 = ORIENTED_EDGE ( 'NONE', *, *, #3850, .F. ) ;
#1234 = CARTESIAN_POINT ( 'NONE',  ( -2.895000000000000462, 1.620000000000000107, -0.6645830389778991654 ) ) ;
#1235 = COLOUR_RGB ( '',1.000000000000000000, 1.000000000000000000, 1.000000000000000000 ) ;
#1236 = FILL_AREA_STYLE ('',( #914 ) ) ;
#1237 = VERTEX_POINT ( 'NONE', #2002 ) ;
#1238 = DIRECTION ( 'NONE',  ( -0.0000000000000000000, 1.000000000000000000, -0.0000000000000000000 ) ) ;
#1239 = ADVANCED_FACE ( 'NONE', ( #4131 ), #442, .F. ) ;
#1240 = LINE ( 'NONE', #1067, #1139 ) ;
#1241 = COLOUR_RGB ( '',1.000000000000000000, 1.000000000000000000, 1.000000000000000000 ) ;
#1242 =( NAMED_UNIT ( * ) SI_UNIT ( $, .STERADIAN. ) SOLID_ANGLE_UNIT ( ) );
#1243 = LINE ( 'NONE', #2411, #380 ) ;
#1244 = MECHANICAL_DESIGN_GEOMETRIC_PRESENTATION_REPRESENTATION (  '', ( #802 ), #1456 ) ;
#1245 =( LENGTH_UNIT ( ) NAMED_UNIT ( * ) SI_UNIT ( .MILLI., .METRE. ) );
#1246 = CARTESIAN_POINT ( 'NONE',  ( -3.710284067798497176, 0.0000000000000000000, 0.6079689776603196538 ) ) ;
#1247 = COLOUR_RGB ( '',0.8274509803921568096, 0.8392156862745098200, 0.8274509803921568096 ) ;
#1248 = CARTESIAN_POINT ( 'NONE',  ( -1.502358086601538245, 4.899000000000000021, -0.5992147430800065511 ) ) ;
#1249 = EDGE_LOOP ( 'NONE', ( #1538, #1992, #3572, #2023, #601, #499, #4203, #2487 ) ) ;
#1250 = ADVANCED_FACE ( 'NONE', ( #365 ), #4123, .T. ) ;
#1251 = SURFACE_STYLE_FILL_AREA ( #3657 ) ;
#1252 = CARTESIAN_POINT ( 'NONE',  ( 0.0000000000000000000, 1.520000000000000018, 0.0000000000000000000 ) ) ;
#1253 = EDGE_CURVE ( 'NONE', #1316, #543, #2597, .T. ) ;
#1254 = AXIS2_PLACEMENT_3D ( 'NONE', #998, #2993, #666 ) ;
#1255 = CARTESIAN_POINT ( 'NONE',  ( -0.1924989316719607491, 4.899000000000000021, 0.2937209963566130289 ) ) ;
#1256 = FILL_AREA_STYLE_COLOUR ( '', #187 ) ;
#1257 = EDGE_CURVE ( 'NONE', #3123, #166, #930, .T. ) ;
#1258 = CARTESIAN_POINT ( 'NONE',  ( -2.895000000000000462, 0.0000000000000000000, -0.6645830389778991654 ) ) ;
#1259 = CARTESIAN_POINT ( 'NONE',  ( -3.186270266752712299, 1.620000000000000107, -0.5674906746221907161 ) ) ;
#1260 = VERTEX_POINT ( 'NONE', #3116 ) ;
#1261 = CARTESIAN_POINT ( 'NONE',  ( 1.129999999999999893, 1.520000000000000018, -3.049999999999999822 ) ) ;
#1262 = ORIENTED_EDGE ( 'NONE', *, *, #1360, .F. ) ;
#1263 =( LENGTH_UNIT ( ) NAMED_UNIT ( * ) SI_UNIT ( .MILLI., .METRE. ) );
#1264 = FACE_BOUND ( 'NONE', #3694, .T. ) ;
#1265 =( GEOMETRIC_REPRESENTATION_CONTEXT ( 3 ) GLOBAL_UNCERTAINTY_ASSIGNED_CONTEXT ( ( #1853 ) ) GLOBAL_UNIT_ASSIGNED_CONTEXT ( ( #658, #2985, #3628 ) ) REPRESENTATION_CONTEXT ( 'NONE', 'WORKASPACE' ) );
#1266 =( GEOMETRIC_REPRESENTATION_CONTEXT ( 3 ) GLOBAL_UNCERTAINTY_ASSIGNED_CONTEXT ( ( #4177 ) ) GLOBAL_UNIT_ASSIGNED_CONTEXT ( ( #2919, #925, #1571 ) ) REPRESENTATION_CONTEXT ( 'NONE', 'WORKASPACE' ) );
#1267 = ORIENTED_EDGE ( 'NONE', *, *, #2232, .F. ) ;
#1268 = CARTESIAN_POINT ( 'NONE',  ( 0.3635706325414486129, 4.899000000000008015, -0.5224460882364648784 ) ) ;
#1269 = DIRECTION ( 'NONE',  ( 0.9106325762691962478, 0.0000000000000000000, 0.4132170265578689605 ) ) ;
#1270 = ADVANCED_FACE ( 'NONE', ( #822 ), #3536, .F. ) ;
#1271 =( LENGTH_UNIT ( ) NAMED_UNIT ( * ) SI_UNIT ( .MILLI., .METRE. ) );
#1272 = SURFACE_SIDE_STYLE ('',( #661 ) ) ;
#1273 = ORIENTED_EDGE ( 'NONE', *, *, #3058, .T. ) ;
#1274 = LINE ( 'NONE', #3388, #3057 ) ;
#1275 = CARTESIAN_POINT ( 'NONE',  ( 0.0000000000000000000, 4.899999999999999467, 0.0000000000000000000 ) ) ;
#1276 = UNCERTAINTY_MEASURE_WITH_UNIT (LENGTH_MEASURE( 1.000000000000000082E-05 ), #3734, 'distance_accuracy_value', 'NONE');
#1277 = FACE_OUTER_BOUND ( 'NONE', #3869, .T. ) ;
#1278 = EDGE_CURVE ( 'NONE', #2732, #2786, #738, .T. ) ;
#1279 = CARTESIAN_POINT ( 'NONE',  ( 3.656528875366700682, -0.1000000000000000056, 0.7480060416348992547 ) ) ;
#1280 = ORIENTED_EDGE ( 'NONE', *, *, #3361, .T. ) ;
#1281 =( NAMED_UNIT ( * ) PLANE_ANGLE_UNIT ( ) SI_UNIT ( $, .RADIAN. ) );
#1282 = FACE_OUTER_BOUND ( 'NONE', #1720, .T. ) ;
#1283 = DIRECTION ( 'NONE',  ( 1.000000000000000000, -0.0000000000000000000, 0.0000000000000000000 ) ) ;
#1284 = PRESENTATION_LAYER_ASSIGNMENT (  '', '', ( #846 ) ) ;
#1285 = CARTESIAN_POINT ( 'NONE',  ( 0.3635706325414486129, 4.899000000000008015, 0.3707317286649435273 ) ) ;
#1286 = EDGE_LOOP ( 'NONE', ( #1529, #1187, #1119, #3284 ) ) ;
#1287 = LINE ( 'NONE', #419, #420 ) ;
#1288 = CARTESIAN_POINT ( 'NONE',  ( -1.129999999999999893, 0.0000000000000000000, -3.049999999999999822 ) ) ;
#1289 = LINE ( 'NONE', #4338, #2971 ) ;
#1290 = FILL_AREA_STYLE_COLOUR ( '', #3995 ) ;
#1291 = ORIENTED_EDGE ( 'NONE', *, *, #3051, .F. ) ;
#1292 = STYLED_ITEM ( 'NONE', ( #1713 ), #1349 ) ;
#1293 = MECHANICAL_DESIGN_GEOMETRIC_PRESENTATION_REPRESENTATION (  '', ( #640 ), #1509 ) ;
#1294 = CIRCLE ( 'NONE', #2539, 0.2540000000000000036 ) ;
#1295 = PRESENTATION_STYLE_ASSIGNMENT (( #4258 ) ) ;
#1296 = VERTEX_POINT ( 'NONE', #4202 ) ;
#1297 = PLANE ( 'NONE',  #1936 ) ;
#1298 = LINE ( 'NONE', #3176, #2981 ) ;
#1299 = PRESENTATION_STYLE_ASSIGNMENT (( #2630 ) ) ;
#1300 = EDGE_CURVE ( 'NONE', #801, #2438, #1499, .T. ) ;
#1301 = PLANE ( 'NONE',  #2728 ) ;
#1302 = FACE_OUTER_BOUND ( 'NONE', #3924, .T. ) ;
#1303 = DIRECTION ( 'NONE',  ( -1.000000000000000000, 0.0000000000000000000, 0.0000000000000000000 ) ) ;
#1304 =( GEOMETRIC_REPRESENTATION_CONTEXT ( 3 ) GLOBAL_UNCERTAINTY_ASSIGNED_CONTEXT ( ( #1808 ) ) GLOBAL_UNIT_ASSIGNED_CONTEXT ( ( #1609, #2762, #747 ) ) REPRESENTATION_CONTEXT ( 'NONE', 'WORKASPACE' ) );
#1305 = CARTESIAN_POINT ( 'NONE',  ( 1.003843519865392109, 4.899000000000004462, 0.1072414117635350495 ) ) ;
#1306 = ORIENTED_EDGE ( 'NONE', *, *, #1355, .F. ) ;
#1307 = SURFACE_STYLE_USAGE ( .BOTH. , #3663 ) ;
#1308 = VECTOR ( 'NONE', #2220, 1000.000000000000000 ) ;
#1309 =( NAMED_UNIT ( * ) SI_UNIT ( $, .STERADIAN. ) SOLID_ANGLE_UNIT ( ) );
#1310 =( GEOMETRIC_REPRESENTATION_CONTEXT ( 3 ) GLOBAL_UNCERTAINTY_ASSIGNED_CONTEXT ( ( #3796 ) ) GLOBAL_UNIT_ASSIGNED_CONTEXT ( ( #2470, #150, #2132 ) ) REPRESENTATION_CONTEXT ( 'NONE', 'WORKASPACE' ) );
#1311 = ADVANCED_FACE ( 'NONE', ( #1605 ), #1107, .F. ) ;
#1312 = UNCERTAINTY_MEASURE_WITH_UNIT (LENGTH_MEASURE( 1.000000000000000082E-05 ), #2041, 'distance_accuracy_value', 'NONE');
#1313 = LINE ( 'NONE', #3227, #3099 ) ;
#1314 = PLANE ( 'NONE',  #3059 ) ;
#1315 = ORIENTED_EDGE ( 'NONE', *, *, #1660, .F. ) ;
#1316 = VERTEX_POINT ( 'NONE', #1094 ) ;
#1317 =( NAMED_UNIT ( * ) PLANE_ANGLE_UNIT ( ) SI_UNIT ( $, .RADIAN. ) );
#1318 = VECTOR ( 'NONE', #2436, 1000.000000000000000 ) ;
#1319 =( NAMED_UNIT ( * ) SI_UNIT ( $, .STERADIAN. ) SOLID_ANGLE_UNIT ( ) );
#1320 = ORIENTED_EDGE ( 'NONE', *, *, #3475, .F. ) ;
#1321 =( NAMED_UNIT ( * ) PLANE_ANGLE_UNIT ( ) SI_UNIT ( $, .RADIAN. ) );
#1322 = ORIENTED_EDGE ( 'NONE', *, *, #2847, .T. ) ;
#1323 = PRESENTATION_LAYER_ASSIGNMENT (  '', '', ( #887 ) ) ;
#1324 = VECTOR ( 'NONE', #3551, 1000.000000000000114 ) ;
#1325 = DIRECTION ( 'NONE',  ( -0.3583679495453052088, -0.0000000000000000000, 0.9335804264971999666 ) ) ;
#1326 = UNCERTAINTY_MEASURE_WITH_UNIT (LENGTH_MEASURE( 1.000000000000000082E-05 ), #244, 'distance_accuracy_value', 'NONE');
#1327 = FACE_OUTER_BOUND ( 'NONE', #3851, .T. ) ;
#1328 = DIRECTION ( 'NONE',  ( -0.7366731588710827561, 0.0000000000000000000, 0.6762489608116972750 ) ) ;
#1329 = DIRECTION ( 'NONE',  ( -0.0000000000000000000, 1.000000000000000000, -0.0000000000000000000 ) ) ;
#1330 = SURFACE_SIDE_STYLE ('',( #1423 ) ) ;
#1331 = ADVANCED_FACE ( 'NONE', ( #3774 ), #4154, .F. ) ;
#1332 =( NAMED_UNIT ( * ) SI_UNIT ( $, .STERADIAN. ) SOLID_ANGLE_UNIT ( ) );
#1333 = EDGE_CURVE ( 'NONE', #2600, #3670, #3518, .T. ) ;
#1334 = PLANE ( 'NONE',  #4118 ) ;
#1335 = ORIENTED_EDGE ( 'NONE', *, *, #1570, .F. ) ;
#1336 = AXIS2_PLACEMENT_3D ( 'NONE', #157, #818, #2820 ) ;
#1337 = PRESENTATION_STYLE_ASSIGNMENT (( #807 ) ) ;
#1338 = ORIENTED_EDGE ( 'NONE', *, *, #2966, .T. ) ;
#1339 = CARTESIAN_POINT ( 'NONE',  ( 4.445000000000000284, 1.520000000000000018, 3.049999999999998490 ) ) ;
#1340 = LINE ( 'NONE', #3133, #2233 ) ;
#1341 = FILL_AREA_STYLE ('',( #687 ) ) ;
#1342 = ORIENTED_EDGE ( 'NONE', *, *, #3965, .F. ) ;
#1343 = SURFACE_SIDE_STYLE ('',( #239 ) ) ;
#1344 = CARTESIAN_POINT ( 'NONE',  ( -2.895000000000000018, 1.520000000000000018, -1.127293717617243063 ) ) ;
#1345 = ORIENTED_EDGE ( 'NONE', *, *, #2832, .T. ) ;
#1346 = DIRECTION ( 'NONE',  ( -0.0000000000000000000, -1.000000000000000000, -0.0000000000000000000 ) ) ;
#1347 = LINE ( 'NONE', #3779, #3132 ) ;
#1348 = MECHANICAL_DESIGN_GEOMETRIC_PRESENTATION_REPRESENTATION (  '', ( #695 ), #1559 ) ;
#1349 = ADVANCED_FACE ( 'NONE', ( #2621 ), #2473, .F. ) ;
#1350 = EDGE_LOOP ( 'NONE', ( #3477, #4273, #2594, #3715 ) ) ;
#1351 =( NAMED_UNIT ( * ) PLANE_ANGLE_UNIT ( ) SI_UNIT ( $, .RADIAN. ) );
#1352 = FILL_AREA_STYLE ('',( #3733 ) ) ;
#1353 = SURFACE_STYLE_FILL_AREA ( #1576 ) ;
#1354 = PLANE ( 'NONE',  #1019 ) ;
#1355 = EDGE_CURVE ( 'NONE', #3048, #4040, #1396, .T. ) ;
#1356 = DIRECTION ( 'NONE',  ( 0.0000000000000000000, -1.000000000000000000, 0.0000000000000000000 ) ) ;
#1357 = UNCERTAINTY_MEASURE_WITH_UNIT (LENGTH_MEASURE( 1.000000000000000082E-05 ), #2478, 'distance_accuracy_value', 'NONE');
#1358 = AXIS2_PLACEMENT_3D ( 'NONE', #4032, #1328, #3686 ) ;
#1359 = ORIENTED_EDGE ( 'NONE', *, *, #322, .T. ) ;
#1360 = EDGE_CURVE ( 'NONE', #972, #2172, #4099, .T. ) ;
#1361 = STYLED_ITEM ( 'NONE', ( #2325 ), #3271 ) ;
#1362 = AXIS2_PLACEMENT_3D ( 'NONE', #3573, #1535, #3911 ) ;
#1363 = ORIENTED_EDGE ( 'NONE', *, *, #3324, .T. ) ;
#1364 = ORIENTED_EDGE ( 'NONE', *, *, #710, .F. ) ;
#1365 = PLANE ( 'NONE',  #2543 ) ;
#1366 = SURFACE_STYLE_USAGE ( .BOTH. , #3385 ) ;
#1367 = ORIENTED_EDGE ( 'NONE', *, *, #2199, .T. ) ;
#1368 = PLANE ( 'NONE',  #2572 ) ;
#1369 = ADVANCED_FACE ( 'NONE', ( #3086 ), #1824, .F. ) ;
#1370 = LINE ( 'NONE', #598, #3158 ) ;
#1371 = DIRECTION ( 'NONE',  ( 0.9335804264971998556, -0.0000000000000000000, 0.3583679495453050978 ) ) ;
#1372 = STYLED_ITEM ( 'NONE', ( #1150 ), #3637 ) ;
#1373 = EDGE_LOOP ( 'NONE', ( #4225, #4237, #317, #237, #4183 ) ) ;
#1374 = CARTESIAN_POINT ( 'NONE',  ( 0.3635706325414486129, 4.899000000000008015, -0.3493607009125212493 ) ) ;
#1375 = DIRECTION ( 'NONE',  ( -5.210738217947934616E-16, 0.0000000000000000000, -1.000000000000000000 ) ) ;
#1376 =( NAMED_UNIT ( * ) PLANE_ANGLE_UNIT ( ) SI_UNIT ( $, .RADIAN. ) );
#1377 = LINE ( 'NONE', #954, #506 ) ;
#1378 = UNCERTAINTY_MEASURE_WITH_UNIT (LENGTH_MEASURE( 1.000000000000000082E-05 ), #588, 'distance_accuracy_value', 'NONE');
#1379 = CARTESIAN_POINT ( 'NONE',  ( 1.003843519865392109, 4.899000000000004462, 0.1072414117635350495 ) ) ;
#1380 = SURFACE_STYLE_USAGE ( .BOTH. , #3408 ) ;
#1381 = DIRECTION ( 'NONE',  ( -1.000000000000000000, 0.0000000000000000000, 0.0000000000000000000 ) ) ;
#1382 = EDGE_LOOP ( 'NONE', ( #873, #1914, #700, #3938 ) ) ;
#1383 = STYLED_ITEM ( 'NONE', ( #874 ), #830 ) ;
#1384 = VECTOR ( 'NONE', #2840, 1000.000000000000000 ) ;
#1385 = ORIENTED_EDGE ( 'NONE', *, *, #2239, .F. ) ;
#1386 = PRESENTATION_LAYER_ASSIGNMENT (  '', '', ( #965 ) ) ;
#1387 = COLOUR_RGB ( '',0.09803921568627450844, 0.09803921568627450844, 0.09803921568627450844 ) ;
#1388 = CARTESIAN_POINT ( 'NONE',  ( 1.663570632541448546, 4.899000000000000021, -0.3716758417575917184 ) ) ;
#1389 = VERTEX_POINT ( 'NONE', #878 ) ;
#1390 = DIRECTION ( 'NONE',  ( 0.0000000000000000000, -0.0000000000000000000, 1.000000000000000000 ) ) ;
#1391 = LINE ( 'NONE', #1155, #735 ) ;
#1392 = DIRECTION ( 'NONE',  ( 1.000000000000000000, 0.0000000000000000000, 0.0000000000000000000 ) ) ;
#1393 = ORIENTED_EDGE ( 'NONE', *, *, #3311, .F. ) ;
#1394 = DIRECTION ( 'NONE',  ( -1.000000000000000000, 0.0000000000000000000, 0.0000000000000000000 ) ) ;
#1395 = SURFACE_STYLE_FILL_AREA ( #1984 ) ;
#1396 = LINE ( 'NONE', #2228, #3191 ) ;
#1397 = AXIS2_PLACEMENT_3D ( 'NONE', #1637, #1978, #4347 ) ;
#1398 = UNCERTAINTY_MEASURE_WITH_UNIT (LENGTH_MEASURE( 1.000000000000000082E-05 ), #2669, 'distance_accuracy_value', 'NONE');
#1399 = EDGE_LOOP ( 'NONE', ( #2843, #429, #1831, #78 ) ) ;
#1400 = LINE ( 'NONE', #2905, #536 ) ;
#1401 = PRESENTATION_STYLE_ASSIGNMENT (( #3907 ) ) ;
#1402 = DIRECTION ( 'NONE',  ( 0.9335804264971998556, -0.0000000000000000000, 0.3583679495453050978 ) ) ;
#1403 = CARTESIAN_POINT ( 'NONE',  ( 0.0000000000000000000, 1.520000000000000018, 0.0000000000000000000 ) ) ;
#1404 = CARTESIAN_POINT ( 'NONE',  ( -2.895000000000000462, 0.0000000000000000000, 0.6645830389778991654 ) ) ;
#1405 = EDGE_CURVE ( 'NONE', #2583, #217, #3673, .T. ) ;
#1406 = FILL_AREA_STYLE_COLOUR ( '', #617 ) ;
#1407 =( NAMED_UNIT ( * ) SI_UNIT ( $, .STERADIAN. ) SOLID_ANGLE_UNIT ( ) );
#1408 = EDGE_CURVE ( 'NONE', #450, #643, #2772, .T. ) ;
#1409 = EDGE_CURVE ( 'NONE', #1825, #501, #115, .T. ) ;
#1410 = ORIENTED_EDGE ( 'NONE', *, *, #757, .T. ) ;
#1411 = CARTESIAN_POINT ( 'NONE',  ( 2.895000000000000018, 1.520000000000000018, 1.127293717617243063 ) ) ;
#1412 = ORIENTED_EDGE ( 'NONE', *, *, #2744, .T. ) ;
#1413 = LINE ( 'NONE', #97, #545 ) ;
#1414 = CARTESIAN_POINT ( 'NONE',  ( -3.710284067798497176, 0.0000000000000000000, 0.6079689776603196538 ) ) ;
#1415 = CARTESIAN_POINT ( 'NONE',  ( 0.8902651747949696937, 4.899000000000005350, 0.01368947514381675841 ) ) ;
#1416 = VERTEX_POINT ( 'NONE', #208 ) ;
#1417 =( NAMED_UNIT ( * ) PLANE_ANGLE_UNIT ( ) SI_UNIT ( $, .RADIAN. ) );
#1418 = CARTESIAN_POINT ( 'NONE',  ( 4.445000000000000284, 1.520000000000000018, -0.8900000000000000133 ) ) ;
#1419 = VECTOR ( 'NONE', #716, 1000.000000000000227 ) ;
#1420 = DIRECTION ( 'NONE',  ( 0.8211011062356453616, -5.397623266382682004E-15, 0.5707827724612921649 ) ) ;
#1421 = DIRECTION ( 'NONE',  ( 5.210738217947934616E-16, 0.0000000000000000000, 1.000000000000000000 ) ) ;
#1422 =( GEOMETRIC_REPRESENTATION_CONTEXT ( 3 ) GLOBAL_UNCERTAINTY_ASSIGNED_CONTEXT ( ( #969 ) ) GLOBAL_UNIT_ASSIGNED_CONTEXT ( ( #2217, #2552, #562 ) ) REPRESENTATION_CONTEXT ( 'NONE', 'WORKASPACE' ) );
#1423 = SURFACE_STYLE_FILL_AREA ( #3346 ) ;
#1424 = CARTESIAN_POINT ( 'NONE',  ( -0.1924989316719608601, 4.899000000000000021, -0.8586777712490206715 ) ) ;
#1425 = STYLED_ITEM ( 'NONE', ( #3828 ), #3946 ) ;
#1426 = DIRECTION ( 'NONE',  ( 0.0000000000000000000, 0.0000000000000000000, -1.000000000000000000 ) ) ;
#1427 = LINE ( 'NONE', #3384, #4029 ) ;
#1428 = EDGE_CURVE ( 'NONE', #51, #1793, #1764, .T. ) ;
#1429 = SURFACE_SIDE_STYLE ('',( #105 ) ) ;
#1430 = VERTEX_POINT ( 'NONE', #4228 ) ;
#1431 = SURFACE_SIDE_STYLE ('',( #3817 ) ) ;
#1432 = VECTOR ( 'NONE', #116, 1000.000000000000000 ) ;
#1433 = SURFACE_SIDE_STYLE ('',( #4015 ) ) ;
#1434 = UNCERTAINTY_MEASURE_WITH_UNIT (LENGTH_MEASURE( 1.000000000000000082E-05 ), #2703, 'distance_accuracy_value', 'NONE');
#1435 = EDGE_CURVE ( 'NONE', #1793, #51, #3568, .T. ) ;
#1436 = ORIENTED_EDGE ( 'NONE', *, *, #3051, .T. ) ;
#1437 = DIRECTION ( 'NONE',  ( 0.0000000000000000000, 0.0000000000000000000, 1.000000000000000000 ) ) ;
#1438 =( NAMED_UNIT ( * ) SI_UNIT ( $, .STERADIAN. ) SOLID_ANGLE_UNIT ( ) );
#1439 = SURFACE_STYLE_FILL_AREA ( #1457 ) ;
#1440 = PRESENTATION_STYLE_ASSIGNMENT (( #3281 ) ) ;
#1441 = PRESENTATION_LAYER_ASSIGNMENT (  '', '', ( #1662 ) ) ;
#1442 = ORIENTED_EDGE ( 'NONE', *, *, #2118, .F. ) ;
#1443 = SURFACE_STYLE_FILL_AREA ( #3038 ) ;
#1444 = PRESENTATION_LAYER_ASSIGNMENT (  '', '', ( #1228 ) ) ;
#1445 = VECTOR ( 'NONE', #765, 1000.000000000000000 ) ;
#1446 = PLANE ( 'NONE',  #2690 ) ;
#1447 = DIRECTION ( 'NONE',  ( -0.8205590213620159723, 5.361509434613703422E-15, 0.5715618010866458931 ) ) ;
#1448 = DIRECTION ( 'NONE',  ( 0.0000000000000000000, -0.0000000000000000000, 1.000000000000000000 ) ) ;
#1449 = ORIENTED_EDGE ( 'NONE', *, *, #2512, .F. ) ;
#1450 = DIRECTION ( 'NONE',  ( -0.8242666277543647668, 0.0000000000000000000, -0.5662018424294003038 ) ) ;
#1451 = AXIS2_PLACEMENT_3D ( 'NONE', #614, #2940, #948 ) ;
#1452 = CARTESIAN_POINT ( 'NONE',  ( -3.656528875366701570, 1.620000000000000107, -0.7480060416348995878 ) ) ;
#1453 = PLANE ( 'NONE',  #3501 ) ;
#1454 = UNCERTAINTY_MEASURE_WITH_UNIT (LENGTH_MEASURE( 1.000000000000000082E-05 ), #39, 'distance_accuracy_value', 'NONE');
#1455 = DIRECTION ( 'NONE',  ( 0.9335804264972002997, 0.0000000000000000000, 0.3583679495453040431 ) ) ;
#1456 =( GEOMETRIC_REPRESENTATION_CONTEXT ( 3 ) GLOBAL_UNCERTAINTY_ASSIGNED_CONTEXT ( ( #1491 ) ) GLOBAL_UNIT_ASSIGNED_CONTEXT ( ( #1113, #3466, #1438 ) ) REPRESENTATION_CONTEXT ( 'NONE', 'WORKASPACE' ) );
#1457 = FILL_AREA_STYLE ('',( #804 ) ) ;
#1458 = LINE ( 'NONE', #4209, #1141 ) ;
#1459 =( NAMED_UNIT ( * ) SI_UNIT ( $, .STERADIAN. ) SOLID_ANGLE_UNIT ( ) );
#1460 = VERTEX_POINT ( 'NONE', #3901 ) ;
#1461 = VECTOR ( 'NONE', #809, 1000.000000000000114 ) ;
#1462 = DIRECTION ( 'NONE',  ( -0.0000000000000000000, 1.000000000000000000, -0.0000000000000000000 ) ) ;
#1463 = FILL_AREA_STYLE_COLOUR ( '', #702 ) ;
#1464 = VERTEX_POINT ( 'NONE', #2216 ) ;
#1465 = ORIENTED_EDGE ( 'NONE', *, *, #4049, .T. ) ;
#1466 = FILL_AREA_STYLE_COLOUR ( '', #46 ) ;
#1467 = EDGE_CURVE ( 'NONE', #2875, #2030, #7, .T. ) ;
#1468 = ORIENTED_EDGE ( 'NONE', *, *, #4077, .T. ) ;
#1469 = ORIENTED_EDGE ( 'NONE', *, *, #2847, .F. ) ;
#1470 = PRESENTATION_LAYER_ASSIGNMENT (  '', '', ( #1043 ) ) ;
#1471 = EDGE_LOOP ( 'NONE', ( #2080, #1806, #2574, #3372 ) ) ;
#1472 = EDGE_CURVE ( 'NONE', #1032, #573, #893, .T. ) ;
#1473 = STYLED_ITEM ( 'NONE', ( #345 ), #2340 ) ;
#1474 = VECTOR ( 'NONE', #4122, 1000.000000000000000 ) ;
#1475 = FILL_AREA_STYLE ('',( #3504 ) ) ;
#1476 =( LENGTH_UNIT ( ) NAMED_UNIT ( * ) SI_UNIT ( .MILLI., .METRE. ) );
#1477 = LINE ( 'NONE', #4297, #3276 ) ;
#1478 = VECTOR ( 'NONE', #1743, 1000.000000000000000 ) ;
#1479 = DIRECTION ( 'NONE',  ( -0.0000000000000000000, 1.000000000000000000, -0.0000000000000000000 ) ) ;
#1480 = SURFACE_SIDE_STYLE ('',( #4161 ) ) ;
#1481 = CARTESIAN_POINT ( 'NONE',  ( -3.656528875366701570, -0.1000000000000000056, 0.7480060416348995878 ) ) ;
#1482 = DIRECTION ( 'NONE',  ( 0.0000000000000000000, 0.0000000000000000000, 1.000000000000000000 ) ) ;
#1483 = LINE ( 'NONE', #2299, #619 ) ;
#1484 = PRESENTATION_LAYER_ASSIGNMENT (  '', '', ( #1706 ) ) ;
#1485 = ORIENTED_EDGE ( 'NONE', *, *, #318, .T. ) ;
#1486 = CIRCLE ( 'NONE', #3736, 0.2539999999999998925 ) ;
#1487 = ORIENTED_EDGE ( 'NONE', *, *, #2105, .F. ) ;
#1488 = DIRECTION ( 'NONE',  ( -0.0000000000000000000, -1.000000000000000000, -0.0000000000000000000 ) ) ;
#1489 = ORIENTED_EDGE ( 'NONE', *, *, #2476, .F. ) ;
#1490 = CARTESIAN_POINT ( 'NONE',  ( -1.671372171108580496, 4.899000000000000021, -1.472674250122260053 ) ) ;
#1491 = UNCERTAINTY_MEASURE_WITH_UNIT (LENGTH_MEASURE( 1.000000000000000082E-05 ), #1113, 'distance_accuracy_value', 'NONE');
#1492 = SURFACE_STYLE_USAGE ( .BOTH. , #1431 ) ;
#1493 = ORIENTED_EDGE ( 'NONE', *, *, #3972, .T. ) ;
#1494 = CARTESIAN_POINT ( 'NONE',  ( 3.656528875366700682, 1.620000000000000107, -0.7480060416348992547 ) ) ;
#1495 = EDGE_CURVE ( 'NONE', #402, #2689, #1656, .T. ) ;
#1496 = FILL_AREA_STYLE_COLOUR ( '', #3807 ) ;
#1497 = SURFACE_SIDE_STYLE ('',( #1799 ) ) ;
#1498 = VECTOR ( 'NONE', #1462, 1000.000000000000000 ) ;
#1499 = LINE ( 'NONE', #1414, #637 ) ;
#1500 = COLOUR_RGB ( '',0.8274509803921568096, 0.8392156862745098200, 0.8274509803921568096 ) ;
#1501 = MECHANICAL_DESIGN_GEOMETRIC_PRESENTATION_REPRESENTATION (  '', ( #846 ), #1721 ) ;
#1502 = DIRECTION ( 'NONE',  ( 0.9335804264971998556, 0.0000000000000000000, -0.3583679495453050978 ) ) ;
#1503 = DIRECTION ( 'NONE',  ( 0.6762489608116972750, -0.0000000000000000000, 0.7366731588710827561 ) ) ;
#1504 = ORIENTED_EDGE ( 'NONE', *, *, #962, .T. ) ;
#1505 = LINE ( 'NONE', #554, #3198 ) ;
#1506 = CARTESIAN_POINT ( 'NONE',  ( 0.0000000000000000000, 0.5000000000000000000, 0.0000000000000000000 ) ) ;
#1507 = AXIS2_PLACEMENT_3D ( 'NONE', #1794, #4168, #2139 ) ;
#1508 =( NAMED_UNIT ( * ) SI_UNIT ( $, .STERADIAN. ) SOLID_ANGLE_UNIT ( ) );
#1509 =( GEOMETRIC_REPRESENTATION_CONTEXT ( 3 ) GLOBAL_UNCERTAINTY_ASSIGNED_CONTEXT ( ( #2020 ) ) GLOBAL_UNIT_ASSIGNED_CONTEXT ( ( #3365, #1351, #3716 ) ) REPRESENTATION_CONTEXT ( 'NONE', 'WORKASPACE' ) );
#1510 = FACE_OUTER_BOUND ( 'NONE', #3036, .T. ) ;
#1511 = DIRECTION ( 'NONE',  ( -0.0000000000000000000, 1.000000000000000000, -0.0000000000000000000 ) ) ;
#1512 = CARTESIAN_POINT ( 'NONE',  ( -1.671372171108580496, 4.899000000000000021, 0.4709877217087260481 ) ) ;
#1513 = EDGE_CURVE ( 'NONE', #1049, #2061, #786, .T. ) ;
#1514 = VERTEX_POINT ( 'NONE', #2563 ) ;
#1515 = CIRCLE ( 'NONE', #2879, 2.415000000000000036 ) ;
#1516 = CARTESIAN_POINT ( 'NONE',  ( 0.9998382381752515258, 4.899000000000004462, -0.08787302485618311843 ) ) ;
#1517 = LINE ( 'NONE', #4320, #4114 ) ;
#1518 = CARTESIAN_POINT ( 'NONE',  ( -4.445000000000000284, 0.0000000000000000000, -0.8900000000000000133 ) ) ;
#1519 = ORIENTED_EDGE ( 'NONE', *, *, #2035, .T. ) ;
#1520 =( NAMED_UNIT ( * ) PLANE_ANGLE_UNIT ( ) SI_UNIT ( $, .RADIAN. ) );
#1521 = LINE ( 'NONE', #3375, #1419 ) ;
#1522 = PRESENTATION_LAYER_ASSIGNMENT (  '', '', ( #1558 ) ) ;
#1523 = VECTOR ( 'NONE', #163, 1000.000000000000000 ) ;
#1524 = SURFACE_STYLE_USAGE ( .BOTH. , #3897 ) ;
#1525 = DIRECTION ( 'NONE',  ( 0.0000000000000000000, 0.0000000000000000000, 1.000000000000000000 ) ) ;
#1526 = APPLICATION_PROTOCOL_DEFINITION ( 'draft international standard', 'automotive_design', 1998, #3565 ) ;
#1527 = SURFACE_STYLE_USAGE ( .BOTH. , #3566 ) ;
#1528 = PLANE ( 'NONE',  #3232 ) ;
#1529 = ORIENTED_EDGE ( 'NONE', *, *, #3450, .T. ) ;
#1530 = SURFACE_SIDE_STYLE ('',( #4106 ) ) ;
#1531 = CYLINDRICAL_SURFACE ( 'NONE', #1887, 0.2540000000000000036 ) ;
#1532 = DIRECTION ( 'NONE',  ( 0.0000000000000000000, 0.0000000000000000000, 1.000000000000000000 ) ) ;
#1533 = PRESENTATION_STYLE_ASSIGNMENT (( #1492 ) ) ;
#1534 = MECHANICAL_DESIGN_GEOMETRIC_PRESENTATION_REPRESENTATION (  '', ( #887 ), #1766 ) ;
#1535 = DIRECTION ( 'NONE',  ( 0.0000000000000000000, 1.000000000000000000, 0.0000000000000000000 ) ) ;
#1536 = ORIENTED_EDGE ( 'NONE', *, *, #3882, .F. ) ;
#1537 =( LENGTH_UNIT ( ) NAMED_UNIT ( * ) SI_UNIT ( .MILLI., .METRE. ) );
#1538 = ORIENTED_EDGE ( 'NONE', *, *, #3972, .F. ) ;
#1539 = PLANE ( 'NONE',  #2799 ) ;
#1540 = VECTOR ( 'NONE', #920, 1000.000000000000000 ) ;
#1541 = FILL_AREA_STYLE ('',( #3929 ) ) ;
#1542 = FACE_OUTER_BOUND ( 'NONE', #2471, .T. ) ;
#1543 = FILL_AREA_STYLE ('',( #3931 ) ) ;
#1544 = CARTESIAN_POINT ( 'NONE',  ( 1.129999999999999893, 1.520000000000000018, 3.049999999999999822 ) ) ;
#1545 = VECTOR ( 'NONE', #368, 1000.000000000000000 ) ;
#1546 = EDGE_CURVE ( 'NONE', #3643, #2640, #3351, .T. ) ;
#1547 = PRESENTATION_LAYER_ASSIGNMENT (  '', '', ( #1116 ) ) ;
#1548 = SURFACE_STYLE_FILL_AREA ( #1541 ) ;
#1549 = DIRECTION ( 'NONE',  ( -0.0000000000000000000, 1.000000000000000000, -0.0000000000000000000 ) ) ;
#1550 = CARTESIAN_POINT ( 'NONE',  ( -1.502358086601537801, 4.899999999999999467, -0.3014594613898656794 ) ) ;
#1551 = VERTEX_POINT ( 'NONE', #907 ) ;
#1552 = PRESENTATION_STYLE_ASSIGNMENT (( #294 ) ) ;
#1553 = STYLED_ITEM ( 'NONE', ( #903 ), #631 ) ;
#1554 =( NAMED_UNIT ( * ) SI_UNIT ( $, .STERADIAN. ) SOLID_ANGLE_UNIT ( ) );
#1555 = DIRECTION ( 'NONE',  ( 0.0000000000000000000, -1.000000000000000000, 0.0000000000000000000 ) ) ;
#1556 =( NAMED_UNIT ( * ) SI_UNIT ( $, .STERADIAN. ) SOLID_ANGLE_UNIT ( ) );
#1557 = ADVANCED_FACE ( 'NONE', ( #4149 ), #2928, .T. ) ;
#1558 = STYLED_ITEM ( 'NONE', ( #557 ), #2943 ) ;
#1559 =( GEOMETRIC_REPRESENTATION_CONTEXT ( 3 ) GLOBAL_UNCERTAINTY_ASSIGNED_CONTEXT ( ( #1378 ) ) GLOBAL_UNIT_ASSIGNED_CONTEXT ( ( #588, #2924, #926 ) ) REPRESENTATION_CONTEXT ( 'NONE', 'WORKASPACE' ) );
#1560 = SURFACE_STYLE_USAGE ( .BOTH. , #3594 ) ;
#1561 = ORIENTED_EDGE ( 'NONE', *, *, #2085, .F. ) ;
#1562 = CARTESIAN_POINT ( 'NONE',  ( 3.656528875366700682, -0.1000000000000000056, -0.7480060416348992547 ) ) ;
#1563 = ADVANCED_FACE ( 'NONE', ( #688 ), #275, .F. ) ;
#1564 = CARTESIAN_POINT ( 'NONE',  ( -2.895000000000000018, 0.0000000000000000000, -1.127293717617243063 ) ) ;
#1565 = ORIENTED_EDGE ( 'NONE', *, *, #924, .F. ) ;
#1566 = DIRECTION ( 'NONE',  ( -0.0000000000000000000, -0.0000000000000000000, 1.000000000000000000 ) ) ;
#1567 = PLANE ( 'NONE',  #1151 ) ;
#1568 = ORIENTED_EDGE ( 'NONE', *, *, #1278, .T. ) ;
#1569 = VERTEX_POINT ( 'NONE', #1592 ) ;
#1570 = EDGE_CURVE ( 'NONE', #501, #3151, #947, .T. ) ;
#1571 =( NAMED_UNIT ( * ) SI_UNIT ( $, .STERADIAN. ) SOLID_ANGLE_UNIT ( ) );
#1572 = ORIENTED_EDGE ( 'NONE', *, *, #174, .F. ) ;
#1573 = COLOUR_RGB ( '',0.8274509803921568096, 0.8392156862745098200, 0.8274509803921568096 ) ;
#1574 = DIRECTION ( 'NONE',  ( 0.0000000000000000000, 1.000000000000000000, 0.0000000000000000000 ) ) ;
#1575 = PRESENTATION_LAYER_ASSIGNMENT (  '', '', ( #1145 ) ) ;
#1576 = FILL_AREA_STYLE ('',( #3269 ) ) ;
#1577 = LINE ( 'NONE', #2593, #2374 ) ;
#1578 = PLANE ( 'NONE',  #1156 ) ;
#1579 = EDGE_CURVE ( 'NONE', #2631, #1753, #2616, .T. ) ;
#1580 = PRESENTATION_LAYER_ASSIGNMENT (  '', '', ( #1361 ) ) ;
#1581 = STYLED_ITEM ( 'NONE', ( #2893 ), #2251 ) ;
#1582 = DIRECTION ( 'NONE',  ( 0.8211011062356453616, -5.397623266382682004E-15, 0.5707827724612921649 ) ) ;
#1583 =( LENGTH_UNIT ( ) NAMED_UNIT ( * ) SI_UNIT ( .MILLI., .METRE. ) );
#1584 = DIRECTION ( 'NONE',  ( -5.210738217947934616E-16, -0.0000000000000000000, -1.000000000000000000 ) ) ;
#1585 = LINE ( 'NONE', #2682, #3170 ) ;
#1586 = UNCERTAINTY_MEASURE_WITH_UNIT (LENGTH_MEASURE( 1.000000000000000082E-05 ), #210, 'distance_accuracy_value', 'NONE');
#1587 = VERTEX_POINT ( 'NONE', #2599 ) ;
#1588 = DIRECTION ( 'NONE',  ( -0.9104214723748158544, 0.0000000000000000000, -0.4136819341461171473 ) ) ;
#1589 = PRESENTATION_STYLE_ASSIGNMENT (( #2336 ) ) ;
#1590 = ADVANCED_FACE ( 'NONE', ( #3514 ), #2952, .T. ) ;
#1591 = PRESENTATION_LAYER_ASSIGNMENT (  '', '', ( #1372 ) ) ;
#1592 = CARTESIAN_POINT ( 'NONE',  ( -0.1924989316719607491, 4.899000000000000021, 1.084984200581965430 ) ) ;
#1593 = ORIENTED_EDGE ( 'NONE', *, *, #1890, .T. ) ;
#1594 =( NAMED_UNIT ( * ) SI_UNIT ( $, .STERADIAN. ) SOLID_ANGLE_UNIT ( ) );
#1595 = FACE_OUTER_BOUND ( 'NONE', #1020, .T. ) ;
#1596 = CARTESIAN_POINT ( 'NONE',  ( -2.895000000000000462, 1.520000000000000018, -0.6645830389778991654 ) ) ;
#1597 = VERTEX_POINT ( 'NONE', #641 ) ;
#1598 = FILL_AREA_STYLE_COLOUR ( '', #4152 ) ;
#1599 = PRESENTATION_STYLE_ASSIGNMENT (( #3380 ) ) ;
#1600 = PLANE ( 'NONE',  #389 ) ;
#1601 = VERTEX_POINT ( 'NONE', #1618 ) ;
#1602 = AXIS2_PLACEMENT_3D ( 'NONE', #2053, #2394, #412 ) ;
#1603 = DIRECTION ( 'NONE',  ( 0.0000000000000000000, 0.0000000000000000000, 1.000000000000000000 ) ) ;
#1604 = LINE ( 'NONE', #2126, #3404 ) ;
#1606 = DIRECTION ( 'NONE',  ( -0.3583679495453052088, 0.0000000000000000000, 0.9335804264971999666 ) ) ;
#1605 = FACE_OUTER_BOUND ( 'NONE', #1373, .T. ) ;
#1607 = ORIENTED_EDGE ( 'NONE', *, *, #4049, .F. ) ;
#1608 = ORIENTED_EDGE ( 'NONE', *, *, #736, .T. ) ;
#1609 =( LENGTH_UNIT ( ) NAMED_UNIT ( * ) SI_UNIT ( .MILLI., .METRE. ) );
#1610 = DIRECTION ( 'NONE',  ( 0.0000000000000000000, 0.0000000000000000000, 1.000000000000000000 ) ) ;
#1611 = PRESENTATION_LAYER_ASSIGNMENT (  '', '', ( #1383 ) ) ;
#1612 = SURFACE_SIDE_STYLE ('',( #2018 ) ) ;
#1613 = ADVANCED_FACE ( 'NONE', ( #3083 ), #3653, .T. ) ;
#1614 = MECHANICAL_DESIGN_GEOMETRIC_PRESENTATION_REPRESENTATION (  '', ( #965 ), #1836 ) ;
#1615 = DIRECTION ( 'NONE',  ( 0.0000000000000000000, -0.0000000000000000000, 1.000000000000000000 ) ) ;
#1616 = PLANE ( 'NONE',  #470 ) ;
#1617 = CARTESIAN_POINT ( 'NONE',  ( -1.671372171108580496, 4.899000000000000021, 1.344447228750979662 ) ) ;
#1618 = CARTESIAN_POINT ( 'NONE',  ( -2.895000000000000462, 1.520000000000000018, 0.6645830389778991654 ) ) ;
#1619 = LINE ( 'NONE', #2504, #748 ) ;
#1620 = EDGE_LOOP ( 'NONE', ( #434, #1608, #4144, #2209 ) ) ;
#1621 = VERTEX_POINT ( 'NONE', #4335 ) ;
#1622 = DIRECTION ( 'NONE',  ( -0.0000000000000000000, 1.000000000000000000, -0.0000000000000000000 ) ) ;
#1623 = VECTOR ( 'NONE', #1392, 1000.000000000000000 ) ;
#1624 = PRESENTATION_LAYER_ASSIGNMENT (  '', '', ( #1185 ) ) ;
#1625 = UNCERTAINTY_MEASURE_WITH_UNIT (LENGTH_MEASURE( 1.000000000000000082E-05 ), #1659, 'distance_accuracy_value', 'NONE');
#1626 = VERTEX_POINT ( 'NONE', #335 ) ;
#1627 = SURFACE_SIDE_STYLE ('',( #1251 ) ) ;
#1628 = ORIENTED_EDGE ( 'NONE', *, *, #782, .T. ) ;
#1629 = DIRECTION ( 'NONE',  ( 0.8211011062356454726, 0.0000000000000000000, 0.5707827724612921649 ) ) ;
#1630 = ADVANCED_FACE ( 'NONE', ( #209 ), #1003, .F. ) ;
#1631 = VECTOR ( 'NONE', #1649, 1000.000000000000000 ) ;
#1632 = PLANE ( 'NONE',  #2609 ) ;
#1633 = EDGE_CURVE ( 'NONE', #4167, #3500, #2441, .T. ) ;
#1634 = ORIENTED_EDGE ( 'NONE', *, *, #2901, .F. ) ;
#1635 = VECTOR ( 'NONE', #3145, 1000.000000000000000 ) ;
#1636 = EDGE_CURVE ( 'NONE', #2092, #1050, #783, .T. ) ;
#1637 = CARTESIAN_POINT ( 'NONE',  ( 1.129999999999999893, 0.0000000000000000000, 3.049999999999999822 ) ) ;
#1638 = LINE ( 'NONE', #3879, #3331 ) ;
#1639 = DIRECTION ( 'NONE',  ( -0.0000000000000000000, -1.000000000000000000, -0.0000000000000000000 ) ) ;
#1640 = UNCERTAINTY_MEASURE_WITH_UNIT (LENGTH_MEASURE( 1.000000000000000082E-05 ), #2513, 'distance_accuracy_value', 'NONE');
#1641 = ORIENTED_EDGE ( 'NONE', *, *, #318, .F. ) ;
#1642 = VECTOR ( 'NONE', #4098, 1000.000000000000000 ) ;
#1643 =( LENGTH_UNIT ( ) NAMED_UNIT ( * ) SI_UNIT ( .MILLI., .METRE. ) );
#1644 = ORIENTED_EDGE ( 'NONE', *, *, #3422, .T. ) ;
#1645 = PRESENTATION_LAYER_ASSIGNMENT (  '', '', ( #1871 ) ) ;
#1646 = AXIS2_PLACEMENT_3D ( 'NONE', #3865, #2510, #3878 ) ;
#1647 = VECTOR ( 'NONE', #446, 1000.000000000000000 ) ;
#1648 = CARTESIAN_POINT ( 'NONE',  ( 0.3635706325414486129, 4.899000000000008015, 0.5455336652846617396 ) ) ;
#1649 = DIRECTION ( 'NONE',  ( -0.0000000000000000000, 1.000000000000000000, -0.0000000000000000000 ) ) ;
#1650 = ADVANCED_FACE ( 'NONE', ( #1542 ), #1334, .T. ) ;
#1651 = LINE ( 'NONE', #2253, #3348 ) ;
#1652 = EDGE_LOOP ( 'NONE', ( #496, #3855, #1761, #3871, #454, #935, #1644 ) ) ;
#1653 = EDGE_CURVE ( 'NONE', #2858, #1569, #2920, .T. ) ;
#1654 = FILL_AREA_STYLE_COLOUR ( '', #532 ) ;
#1655 = FACE_OUTER_BOUND ( 'NONE', #3373, .T. ) ;
#1656 = LINE ( 'NONE', #4257, #4253 ) ;
#1657 =( LENGTH_UNIT ( ) NAMED_UNIT ( * ) SI_UNIT ( .MILLI., .METRE. ) );
#1658 = ORIENTED_EDGE ( 'NONE', *, *, #1733, .T. ) ;
#1659 =( LENGTH_UNIT ( ) NAMED_UNIT ( * ) SI_UNIT ( .MILLI., .METRE. ) );
#1660 = EDGE_CURVE ( 'NONE', #79, #680, #1240, .T. ) ;
#1661 = FILL_AREA_STYLE ('',( #346 ) ) ;
#1662 = STYLED_ITEM ( 'NONE', ( #3337 ), #280 ) ;
#1663 = STYLED_ITEM ( 'NONE', ( #3149 ), #2618 ) ;
#1664 = PRESENTATION_LAYER_ASSIGNMENT (  '', '', ( #4051 ) ) ;
#1665 = MECHANICAL_DESIGN_GEOMETRIC_PRESENTATION_REPRESENTATION (  '', ( #1228 ), #1892 ) ;
#1666 = DIRECTION ( 'NONE',  ( -1.000000000000000000, 0.0000000000000000000, 1.463489996605855296E-16 ) ) ;
#1667 = DIRECTION ( 'NONE',  ( 0.8251806257075932072, -5.589258235340327956E-15, -0.5648689537908991865 ) ) ;
#1668 = CARTESIAN_POINT ( 'NONE',  ( -1.671372171108580496, 4.899999999999999467, -0.5992147430800065511 ) ) ;
#1669 = EDGE_LOOP ( 'NONE', ( #22, #2485, #367, #3750, #3014, #3294, #1159, #55, #4329, #1939, #4316, #1634, #3102, #330, #2714, #1674 ) ) ;
#1670 =( LENGTH_UNIT ( ) NAMED_UNIT ( * ) SI_UNIT ( .MILLI., .METRE. ) );
#1671 = ADVANCED_FACE ( 'NONE', ( #3726 ), #696, .F. ) ;
#1672 = PRESENTATION_LAYER_ASSIGNMENT (  '', '', ( #1232 ) ) ;
#1673 = CARTESIAN_POINT ( 'NONE',  ( -1.545601924629707247, 4.899999999999999467, 0.4709877217087260481 ) ) ;
#1674 = ORIENTED_EDGE ( 'NONE', *, *, #2239, .T. ) ;
#1675 = LINE ( 'NONE', #3687, #803 ) ;
#1676 = ORIENTED_EDGE ( 'NONE', *, *, #2629, .T. ) ;
#1677 = UNCERTAINTY_MEASURE_WITH_UNIT (LENGTH_MEASURE( 1.000000000000000082E-05 ), #3415, 'distance_accuracy_value', 'NONE');
#1678 = CYLINDRICAL_SURFACE ( 'NONE', #2945, 2.350000000000000089 ) ;
#1679 = EDGE_LOOP ( 'NONE', ( #620, #3127, #1016, #2557 ) ) ;
#1680 = SURFACE_SIDE_STYLE ('',( #2328 ) ) ;
#1681 = DIRECTION ( 'NONE',  ( 0.0000000000000000000, 0.0000000000000000000, 1.000000000000000000 ) ) ;
#1682 = FILL_AREA_STYLE ('',( #1025 ) ) ;
#1683 = LINE ( 'NONE', #2585, #3490 ) ;
#1684 = FILL_AREA_STYLE_COLOUR ( '', #202 ) ;
#1685 = EDGE_CURVE ( 'NONE', #2000, #2503, #833, .T. ) ;
#1686 = SURFACE_SIDE_STYLE ('',( #4304 ) ) ;
#1687 = ORIENTED_EDGE ( 'NONE', *, *, #541, .F. ) ;
#1688 = LINE ( 'NONE', #2351, #3387 ) ;
#1689 = ADVANCED_FACE ( 'NONE', ( #3401 ), #3707, .T. ) ;
#1690 = SURFACE_STYLE_FILL_AREA ( #2620 ) ;
#1691 = MECHANICAL_DESIGN_GEOMETRIC_PRESENTATION_REPRESENTATION (  '', ( #1043 ), #1927 ) ;
#1692 = ORIENTED_EDGE ( 'NONE', *, *, #704, .T. ) ;
#1693 = ORIENTED_EDGE ( 'NONE', *, *, #83, .F. ) ;
#1694 = EDGE_CURVE ( 'NONE', #259, #2999, #3076, .T. ) ;
#1695 = AXIS2_PLACEMENT_3D ( 'NONE', #2991, #994, #3328 ) ;
#1696 = FACE_BOUND ( 'NONE', #72, .T. ) ;
#1697 = SURFACE_SIDE_STYLE ('',( #1742 ) ) ;
#1698 = CARTESIAN_POINT ( 'NONE',  ( -2.895000000000000462, 1.520000000000000018, 0.2950107456950964435 ) ) ;
#1699 = EDGE_LOOP ( 'NONE', ( #1262, #2051, #3297, #625 ) ) ;
#1700 = VECTOR ( 'NONE', #47, 1000.000000000000000 ) ;
#1701 = PRESENTATION_STYLE_ASSIGNMENT (( #1527 ) ) ;
#1702 = EDGE_LOOP ( 'NONE', ( #74, #859 ) ) ;
#1703 = CARTESIAN_POINT ( 'NONE',  ( 1.663570632541448546, 4.899999999999999467, 0.5658461652846619172 ) ) ;
#1704 = CARTESIAN_POINT ( 'NONE',  ( 2.895000000000000018, 0.0000000000000000000, -1.127293717617243063 ) ) ;
#1705 = AXIS2_PLACEMENT_3D ( 'NONE', #1403, #3772, #1739 ) ;
#1706 = STYLED_ITEM ( 'NONE', ( #383 ), #1563 ) ;
#1707 = CARTESIAN_POINT ( 'NONE',  ( 4.445000000000000284, 0.0000000000000000000, -3.050000000000001155 ) ) ;
#1708 = LINE ( 'NONE', #2661, #3513 ) ;
#1709 = VECTOR ( 'NONE', #1934, 1000.000000000000000 ) ;
#1710 = ORIENTED_EDGE ( 'NONE', *, *, #1045, .T. ) ;
#1711 = PRESENTATION_STYLE_ASSIGNMENT (( #337 ) ) ;
#1712 = CARTESIAN_POINT ( 'NONE',  ( -0.1924989316719608601, 4.899000000000000021, -0.6781099895588797999 ) ) ;
#1713 = PRESENTATION_STYLE_ASSIGNMENT (( #4184 ) ) ;
#1714 = DIRECTION ( 'NONE',  ( -0.0000000000000000000, 1.000000000000000000, -0.0000000000000000000 ) ) ;
#1715 =( NAMED_UNIT ( * ) PLANE_ANGLE_UNIT ( ) SI_UNIT ( $, .RADIAN. ) );
#1716 = EDGE_CURVE ( 'NONE', #2524, #1460, #1294, .T. ) ;
#1717 = DIRECTION ( 'NONE',  ( 0.0000000000000000000, 1.000000000000000000, -0.0000000000000000000 ) ) ;
#1718 = UNCERTAINTY_MEASURE_WITH_UNIT (LENGTH_MEASURE( 1.000000000000000082E-05 ), #198, 'distance_accuracy_value', 'NONE');
#1719 = DIRECTION ( 'NONE',  ( 0.9106325762691962478, 0.0000000000000000000, 0.4132170265578689605 ) ) ;
#1720 = EDGE_LOOP ( 'NONE', ( #35, #3951, #1212, #3676 ) ) ;
#1721 =( GEOMETRIC_REPRESENTATION_CONTEXT ( 3 ) GLOBAL_UNCERTAINTY_ASSIGNED_CONTEXT ( ( #2883 ) ) GLOBAL_UNIT_ASSIGNED_CONTEXT ( ( #1875, #4245, #2219 ) ) REPRESENTATION_CONTEXT ( 'NONE', 'WORKASPACE' ) );
#1722 = VECTOR ( 'NONE', #3926, 1000.000000000000114 ) ;
#1723 = ORIENTED_EDGE ( 'NONE', *, *, #1922, .F. ) ;
#1724 = DIRECTION ( 'NONE',  ( -0.0000000000000000000, -1.000000000000000000, -0.0000000000000000000 ) ) ;
#1725 = LINE ( 'NONE', #1379, #4332 ) ;
#1726 = CARTESIAN_POINT ( 'NONE',  ( 3.710284067798496288, 1.520000000000000018, 0.6079689776603193208 ) ) ;
#1727 = EDGE_LOOP ( 'NONE', ( #3955, #4111, #1306, #2612, #1781, #1676 ) ) ;
#1728 = PRESENTATION_LAYER_ASSIGNMENT (  '', '', ( #1292 ) ) ;
#1729 = SURFACE_SIDE_STYLE ('',( #3595 ) ) ;
#1730 = PLANE ( 'NONE',  #584 ) ;
#1731 = PRESENTATION_LAYER_ASSIGNMENT (  '', '', ( #1964 ) ) ;
#1732 = VERTEX_POINT ( 'NONE', #2255 ) ;
#1733 = EDGE_CURVE ( 'NONE', #3747, #972, #3986, .T. ) ;
#1734 = COLOUR_RGB ( '',1.000000000000000000, 1.000000000000000000, 1.000000000000000000 ) ;
#1735 = LINE ( 'NONE', #2812, #3435 ) ;
#1736 = FILL_AREA_STYLE ('',( #4200 ) ) ;
#1737 = FILL_AREA_STYLE_COLOUR ( '', #2906 ) ;
#1738 = STYLED_ITEM ( 'NONE', ( #2397 ), #1311 ) ;
#1739 = DIRECTION ( 'NONE',  ( 0.0000000000000000000, 0.0000000000000000000, 1.000000000000000000 ) ) ;
#1740 = ORIENTED_EDGE ( 'NONE', *, *, #1579, .F. ) ;
#1741 = DIRECTION ( 'NONE',  ( 5.210738217947934616E-16, 0.0000000000000000000, 1.000000000000000000 ) ) ;
#1742 = SURFACE_STYLE_FILL_AREA ( #4071 ) ;
#1743 = DIRECTION ( 'NONE',  ( -0.0000000000000000000, 1.000000000000000000, -0.0000000000000000000 ) ) ;
#1744 =( NAMED_UNIT ( * ) PLANE_ANGLE_UNIT ( ) SI_UNIT ( $, .RADIAN. ) );
#1745 = SURFACE_STYLE_FILL_AREA ( #1858 ) ;
#1746 = CARTESIAN_POINT ( 'NONE',  ( 0.9998382381752515258, 4.899000000000004462, -0.08787302485618311843 ) ) ;
#1747 = ORIENTED_EDGE ( 'NONE', *, *, #250, .F. ) ;
#1748 = STYLED_ITEM ( 'NONE', ( #2983 ), #23 ) ;
#1749 = CARTESIAN_POINT ( 'NONE',  ( 1.663570632541448546, 4.899999999999999467, -0.3716758417575917184 ) ) ;
#1750 = LINE ( 'NONE', #3757, #4349 ) ;
#1751 = FACE_OUTER_BOUND ( 'NONE', #1669, .T. ) ;
#1752 = MECHANICAL_DESIGN_GEOMETRIC_PRESENTATION_REPRESENTATION (  '', ( #1558 ), #1983 ) ;
#1753 = VERTEX_POINT ( 'NONE', #1261 ) ;
#1754 = COLOUR_RGB ( '',1.000000000000000000, 1.000000000000000000, 1.000000000000000000 ) ;
#1755 = FACE_OUTER_BOUND ( 'NONE', #1216, .T. ) ;
#1756 = SURFACE_SIDE_STYLE ('',( #2443 ) ) ;
#1757 = DIRECTION ( 'NONE',  ( 0.0000000000000000000, 0.0000000000000000000, -1.000000000000000000 ) ) ;
#1758 = UNCERTAINTY_MEASURE_WITH_UNIT (LENGTH_MEASURE( 1.000000000000000082E-05 ), #771, 'distance_accuracy_value', 'NONE');
#1759 = VECTOR ( 'NONE', #3959, 1000.000000000000114 ) ;
#1760 = CARTESIAN_POINT ( 'NONE',  ( -1.502358086601538245, 4.899000000000000021, -1.273290447305358786 ) ) ;
#1761 = ORIENTED_EDGE ( 'NONE', *, *, #2316, .T. ) ;
#1762 = VECTOR ( 'NONE', #2103, 1000.000000000000000 ) ;
#1763 = CARTESIAN_POINT ( 'NONE',  ( -3.149000000000000465, 0.0000000000000000000, -0.6645830389778992764 ) ) ;
#1764 = CIRCLE ( 'NONE', #4008, 2.235925599258337115 ) ;
#1765 = PLANE ( 'NONE',  #348 ) ;
#1766 =( GEOMETRIC_REPRESENTATION_CONTEXT ( 3 ) GLOBAL_UNCERTAINTY_ASSIGNED_CONTEXT ( ( #2083 ) ) GLOBAL_UNIT_ASSIGNED_CONTEXT ( ( #112, #1106, #3115 ) ) REPRESENTATION_CONTEXT ( 'NONE', 'WORKASPACE' ) );
#1767 = ORIENTED_EDGE ( 'NONE', *, *, #2149, .F. ) ;
#1768 = FILL_AREA_STYLE ('',( #777 ) ) ;
#1769 = PLANE ( 'NONE',  #3527 ) ;
#1770 = CARTESIAN_POINT ( 'NONE',  ( 2.895000000000000018, 0.0000000000000000000, -1.127293717617243063 ) ) ;
#1771 =( LENGTH_UNIT ( ) NAMED_UNIT ( * ) SI_UNIT ( .MILLI., .METRE. ) );
#1772 = DIRECTION ( 'NONE',  ( -0.0000000000000000000, 1.000000000000000000, -0.0000000000000000000 ) ) ;
#1773 = CARTESIAN_POINT ( 'NONE',  ( -0.1924989316719607491, 4.899000000000000021, 1.084984200581965430 ) ) ;
#1774 = EDGE_CURVE ( 'NONE', #2689, #3846, #427, .T. ) ;
#1775 = UNCERTAINTY_MEASURE_WITH_UNIT (LENGTH_MEASURE( 1.000000000000000082E-05 ), #4289, 'distance_accuracy_value', 'NONE');
#1776 = COLOUR_RGB ( '',0.09803921568627450844, 0.09803921568627450844, 0.09803921568627450844 ) ;
#1777 = MECHANICAL_DESIGN_GEOMETRIC_PRESENTATION_REPRESENTATION (  '', ( #1116 ), #2003 ) ;
#1778 =( NAMED_UNIT ( * ) PLANE_ANGLE_UNIT ( ) SI_UNIT ( $, .RADIAN. ) );
#1779 = ORIENTED_EDGE ( 'NONE', *, *, #1040, .F. ) ;
#1780 = AXIS2_PLACEMENT_3D ( 'NONE', #2874, #542, #2529 ) ;
#1781 = ORIENTED_EDGE ( 'NONE', *, *, #556, .F. ) ;
#1782 = EDGE_LOOP ( 'NONE', ( #790, #2872, #2150, #2949 ) ) ;
#1783 = DIRECTION ( 'NONE',  ( -0.9335804264971997446, 0.0000000000000000000, 0.3583679495453057084 ) ) ;
#1784 = DIRECTION ( 'NONE',  ( 0.0000000000000000000, 0.0000000000000000000, -1.000000000000000000 ) ) ;
#1785 = SURFACE_SIDE_STYLE ('',( #130 ) ) ;
#1786 = ORIENTED_EDGE ( 'NONE', *, *, #541, .T. ) ;
#1787 = DIRECTION ( 'NONE',  ( -0.0000000000000000000, 1.000000000000000000, -0.0000000000000000000 ) ) ;
#1788 = FILL_AREA_STYLE ('',( #2796 ) ) ;
#1789 = CARTESIAN_POINT ( 'NONE',  ( 2.964890873917082725, 1.620000000000000107, 0.4825110876146141425 ) ) ;
#1790 = COLOUR_RGB ( '',1.000000000000000000, 1.000000000000000000, 1.000000000000000000 ) ;
#1791 = VECTOR ( 'NONE', #3615, 1000.000000000000000 ) ;
#1792 = SURFACE_STYLE_USAGE ( .BOTH. , #3487 ) ;
#1793 = VERTEX_POINT ( 'NONE', #2226 ) ;
#1794 = CARTESIAN_POINT ( 'NONE',  ( 0.3635706325414486129, 4.899000000000008015, -0.3493607009125212493 ) ) ;
#1795 = DIRECTION ( 'NONE',  ( 1.000000000000000000, 0.0000000000000000000, 0.0000000000000000000 ) ) ;
#1796 = EDGE_CURVE ( 'NONE', #4067, #1260, #1189, .T. ) ;
#1797 = EDGE_LOOP ( 'NONE', ( #741, #2113, #4193, #2043, #950 ) ) ;
#1798 = ORIENTED_EDGE ( 'NONE', *, *, #2265, .T. ) ;
#1799 = SURFACE_STYLE_FILL_AREA ( #3526 ) ;
#1800 = MECHANICAL_DESIGN_GEOMETRIC_PRESENTATION_REPRESENTATION (  '', ( #1145 ), #2037 ) ;
#1801 = VERTEX_POINT ( 'NONE', #3874 ) ;
#1802 = EDGE_CURVE ( 'NONE', #3643, #92, #2072, .T. ) ;
#1803 = MECHANICAL_DESIGN_GEOMETRIC_PRESENTATION_REPRESENTATION (  '', ( #1361 ), #2039 ) ;
#1804 = PRESENTATION_LAYER_ASSIGNMENT (  '', '', ( #1581 ) ) ;
#1805 = CARTESIAN_POINT ( 'NONE',  ( -3.710284067798497176, 1.620000000000000107, -0.6079689776603198759 ) ) ;
#1806 = ORIENTED_EDGE ( 'NONE', *, *, #343, .F. ) ;
#1807 = SURFACE_SIDE_STYLE ('',( #2017 ) ) ;
#1808 = UNCERTAINTY_MEASURE_WITH_UNIT (LENGTH_MEASURE( 1.000000000000000082E-05 ), #1609, 'distance_accuracy_value', 'NONE');
#1809 =( NAMED_UNIT ( * ) PLANE_ANGLE_UNIT ( ) SI_UNIT ( $, .RADIAN. ) );
#1810 =( NAMED_UNIT ( * ) SI_UNIT ( $, .STERADIAN. ) SOLID_ANGLE_UNIT ( ) );
#1811 = ORIENTED_EDGE ( 'NONE', *, *, #3512, .T. ) ;
#1812 = ORIENTED_EDGE ( 'NONE', *, *, #759, .T. ) ;
#1813 = DIRECTION ( 'NONE',  ( -0.0000000000000000000, 1.000000000000000000, -0.0000000000000000000 ) ) ;
#1814 =( LENGTH_UNIT ( ) NAMED_UNIT ( * ) SI_UNIT ( .MILLI., .METRE. ) );
#1815 = MECHANICAL_DESIGN_GEOMETRIC_PRESENTATION_REPRESENTATION (  '', ( #1372 ), #2045 ) ;
#1816 = SURFACE_STYLE_FILL_AREA ( #1475 ) ;
#1817 = FILL_AREA_STYLE ('',( #2477 ) ) ;
#1818 = VECTOR ( 'NONE', #3285, 1000.000000000000000 ) ;
#1819 = FILL_AREA_STYLE ('',( #1146 ) ) ;
#1820 = CARTESIAN_POINT ( 'NONE',  ( 0.9998382381752515258, 4.900000000000003908, -0.08787302485618311843 ) ) ;
#1821 = FACE_OUTER_BOUND ( 'NONE', #3587, .T. ) ;
#1822 = AXIS2_PLACEMENT_3D ( 'NONE', #527, #2856, #858 ) ;
#1823 = DIRECTION ( 'NONE',  ( 0.0000000000000000000, 0.0000000000000000000, 1.000000000000000000 ) ) ;
#1824 = PLANE ( 'NONE',  #4229 ) ;
#1825 = VERTEX_POINT ( 'NONE', #518 ) ;
#1826 = PLANE ( 'NONE',  #960 ) ;
#1827 = DIRECTION ( 'NONE',  ( 0.3583679495453052088, -0.0000000000000000000, 0.9335804264971999666 ) ) ;
#1828 = UNCERTAINTY_MEASURE_WITH_UNIT (LENGTH_MEASURE( 1.000000000000000082E-05 ), #2230, 'distance_accuracy_value', 'NONE');
#1829 = VECTOR ( 'NONE', #1502, 1000.000000000000227 ) ;
#1830 = PLANE ( 'NONE',  #4083 ) ;
#1831 = ORIENTED_EDGE ( 'NONE', *, *, #2265, .F. ) ;
#1832 = MECHANICAL_DESIGN_GEOMETRIC_PRESENTATION_REPRESENTATION (  '', ( #1383 ), #2059 ) ;
#1833 =( LENGTH_UNIT ( ) NAMED_UNIT ( * ) SI_UNIT ( .MILLI., .METRE. ) );
#1834 = ORIENTED_EDGE ( 'NONE', *, *, #589, .T. ) ;
#1835 = FACE_OUTER_BOUND ( 'NONE', #1727, .T. ) ;
#1836 =( GEOMETRIC_REPRESENTATION_CONTEXT ( 3 ) GLOBAL_UNCERTAINTY_ASSIGNED_CONTEXT ( ( #2279 ) ) GLOBAL_UNIT_ASSIGNED_CONTEXT ( ( #2727, #731, #3063 ) ) REPRESENTATION_CONTEXT ( 'NONE', 'WORKASPACE' ) );
#1837 = DIRECTION ( 'NONE',  ( 1.000000000000000000, 0.0000000000000000000, 0.0000000000000000000 ) ) ;
#1838 = ORIENTED_EDGE ( 'NONE', *, *, #3215, .F. ) ;
#1839 = CARTESIAN_POINT ( 'NONE',  ( 1.663570632541448546, 4.899000000000000021, -0.5501969685181550274 ) ) ;
#1840 = DIRECTION ( 'NONE',  ( 0.0000000000000000000, 1.000000000000000000, 0.0000000000000000000 ) ) ;
#1841 = CARTESIAN_POINT ( 'NONE',  ( 4.445000000000000284, 0.0000000000000000000, -0.8900000000000000133 ) ) ;
#1842 = VECTOR ( 'NONE', #1787, 1000.000000000000000 ) ;
#1843 = CARTESIAN_POINT ( 'NONE',  ( -2.895000000000000462, 1.620000000000000107, 0.6645830389778991654 ) ) ;
#1844 = PLANE ( 'NONE',  #1069 ) ;
#1845 = MECHANICAL_DESIGN_GEOMETRIC_PRESENTATION_REPRESENTATION (  '', ( #1185 ), #2076 ) ;
#1846 = AXIS2_PLACEMENT_3D ( 'NONE', #4021, #1988, #4356 ) ;
#1847 = COLOUR_RGB ( '',0.8274509803921568096, 0.8392156862745098200, 0.8274509803921568096 ) ;
#1848 = ORIENTED_EDGE ( 'NONE', *, *, #31, .T. ) ;
#1849 = DIRECTION ( 'NONE',  ( -1.000000000000000000, 0.0000000000000000000, 1.463489996605855296E-16 ) ) ;
#1850 = FACE_OUTER_BOUND ( 'NONE', #2491, .T. ) ;
#1851 = VECTOR ( 'NONE', #2050, 1000.000000000000000 ) ;
#1852 = CARTESIAN_POINT ( 'NONE',  ( -1.671372171108580496, 4.899000000000000021, 0.3726162428354862222 ) ) ;
#1853 = UNCERTAINTY_MEASURE_WITH_UNIT (LENGTH_MEASURE( 1.000000000000000082E-05 ), #658, 'distance_accuracy_value', 'NONE');
#1854 = VECTOR ( 'NONE', #1098, 1000.000000000000000 ) ;
#1855 = CARTESIAN_POINT ( 'NONE',  ( 2.969929242986835138, -0.1000000000000000056, -0.4844451362957264973 ) ) ;
#1856 = EDGE_CURVE ( 'NONE', #3609, #1079, #3770, .T. ) ;
#1857 = ORIENTED_EDGE ( 'NONE', *, *, #2633, .F. ) ;
#1858 = FILL_AREA_STYLE ('',( #196 ) ) ;
#1859 = DIRECTION ( 'NONE',  ( -0.8257714574873353808, 0.0000000000000000000, -0.5640048758647763227 ) ) ;
#1860 = DIRECTION ( 'NONE',  ( -0.9335804264971999666, 0.0000000000000000000, -0.3583679495453052088 ) ) ;
#1861 = EDGE_CURVE ( 'NONE', #2498, #1260, #1974, .T. ) ;
#1862 = LINE ( 'NONE', #1839, #2663 ) ;
#1863 = LINE ( 'NONE', #1234, #3667 ) ;
#1864 = EDGE_LOOP ( 'NONE', ( #1126, #995, #3291, #1519 ) ) ;
#1865 = LINE ( 'NONE', #285, #2547 ) ;
#1866 = SURFACE_STYLE_FILL_AREA ( #3333 ) ;
#1867 = SURFACE_STYLE_FILL_AREA ( #697 ) ;
#1868 = VECTOR ( 'NONE', #896, 1000.000000000000000 ) ;
#1869 = ORIENTED_EDGE ( 'NONE', *, *, #1467, .F. ) ;
#1870 = VECTOR ( 'NONE', #3270, 1000.000000000000000 ) ;
#1871 = STYLED_ITEM ( 'NONE', ( #2004 ), #2718 ) ;
#1872 =( NAMED_UNIT ( * ) PLANE_ANGLE_UNIT ( ) SI_UNIT ( $, .RADIAN. ) );
#1873 = SURFACE_SIDE_STYLE ('',( #2530 ) ) ;
#1874 = MECHANICAL_DESIGN_GEOMETRIC_PRESENTATION_REPRESENTATION (  '', ( #1425 ), #2100 ) ;
#1875 =( LENGTH_UNIT ( ) NAMED_UNIT ( * ) SI_UNIT ( .MILLI., .METRE. ) );
#1876 = CARTESIAN_POINT ( 'NONE',  ( -1.671372171108580496, 4.899999999999999467, -0.5008432642067672802 ) ) ;
#1877 = FILL_AREA_STYLE ('',( #1214 ) ) ;
#1878 = EDGE_CURVE ( 'NONE', #1464, #3434, #1092, .T. ) ;
#1879 = SURFACE_SIDE_STYLE ('',( #2515 ) ) ;
#1880 = ORIENTED_EDGE ( 'NONE', *, *, #1472, .F. ) ;
#1881 = VECTOR ( 'NONE', #161, 1000.000000000000000 ) ;
#1882 = CARTESIAN_POINT ( 'NONE',  ( 3.656528875366700682, -0.1000000000000000056, -0.7480060416348992547 ) ) ;
#1883 = EDGE_CURVE ( 'NONE', #3760, #2631, #3666, .T. ) ;
#1884 = VERTEX_POINT ( 'NONE', #2506 ) ;
#1885 = SURFACE_SIDE_STYLE ('',( #3987 ) ) ;
#1886 = ORIENTED_EDGE ( 'NONE', *, *, #754, .F. ) ;
#1887 = AXIS2_PLACEMENT_3D ( 'NONE', #3377, #1356, #2015 ) ;
#1888 = FILL_AREA_STYLE ('',( #3238 ) ) ;
#1889 = AXIS2_PLACEMENT_3D ( 'NONE', #648, #479, #2807 ) ;
#1890 = EDGE_CURVE ( 'NONE', #1626, #1316, #1862, .T. ) ;
#1891 = MECHANICAL_DESIGN_GEOMETRIC_PRESENTATION_REPRESENTATION (  '', ( #4051 ), #2119 ) ;
#1892 =( GEOMETRIC_REPRESENTATION_CONTEXT ( 3 ) GLOBAL_UNCERTAINTY_ASSIGNED_CONTEXT ( ( #2242 ) ) GLOBAL_UNIT_ASSIGNED_CONTEXT ( ( #3748, #1715, #4090 ) ) REPRESENTATION_CONTEXT ( 'NONE', 'WORKASPACE' ) );
#1893 = ORIENTED_EDGE ( 'NONE', *, *, #2912, .T. ) ;
#1894 = SURFACE_SIDE_STYLE ('',( #2848 ) ) ;
#1895 = VECTOR ( 'NONE', #3503, 1000.000000000000114 ) ;
#1896 = CARTESIAN_POINT ( 'NONE',  ( -2.895000000000000462, 1.520000000000000018, -0.6645830389778991654 ) ) ;
#1897 = CARTESIAN_POINT ( 'NONE',  ( -2.969929242986834694, 0.0000000000000000000, 0.4844451362957268303 ) ) ;
#1898 = MECHANICAL_DESIGN_GEOMETRIC_PRESENTATION_REPRESENTATION (  '', ( #1232 ), #2128 ) ;
#1899 = CARTESIAN_POINT ( 'NONE',  ( 3.149000000000000465, 0.0000000000000000000, 0.6645830389778992764 ) ) ;
#1900 = LINE ( 'NONE', #835, #2046 ) ;
#1901 = PLANE ( 'NONE',  #2249 ) ;
#1902 = DIRECTION ( 'NONE',  ( 0.0000000000000000000, -0.0000000000000000000, 1.000000000000000000 ) ) ;
#1903 = ORIENTED_EDGE ( 'NONE', *, *, #2371, .T. ) ;
#1904 =( NAMED_UNIT ( * ) PLANE_ANGLE_UNIT ( ) SI_UNIT ( $, .RADIAN. ) );
#1905 = CARTESIAN_POINT ( 'NONE',  ( 2.895000000000000462, 1.620000000000000107, 0.6645830389778991654 ) ) ;
#1906 = LINE ( 'NONE', #2140, #3712 ) ;
#1907 = ORIENTED_EDGE ( 'NONE', *, *, #2348, .F. ) ;
#1908 = DIRECTION ( 'NONE',  ( -5.210738217947934616E-16, 0.0000000000000000000, 1.000000000000000000 ) ) ;
#1909 = EDGE_LOOP ( 'NONE', ( #3780, #516, #3617, #4269, #707, #3997, #154, #1838, #4031, #520, #3636, #2380, #2235, #128 ) ) ;
#1910 = STYLED_ITEM ( 'NONE', ( #370 ), #1018 ) ;
#1911 = DIRECTION ( 'NONE',  ( -0.0000000000000000000, -1.000000000000000000, -0.0000000000000000000 ) ) ;
#1912 = PRESENTATION_STYLE_ASSIGNMENT (( #169 ) ) ;
#1913 = DIRECTION ( 'NONE',  ( 0.0000000000000000000, 0.0000000000000000000, -1.000000000000000000 ) ) ;
#1914 = ORIENTED_EDGE ( 'NONE', *, *, #2401, .F. ) ;
#1915 = DIRECTION ( 'NONE',  ( 0.0000000000000000000, 1.000000000000000000, 0.0000000000000000000 ) ) ;
#1916 = ADVANCED_FACE ( 'NONE', ( #1755 ), #2531, .F. ) ;
#1917 = LINE ( 'NONE', #3389, #3725 ) ;
#1918 = DIRECTION ( 'NONE',  ( -0.6762489608116972750, -0.0000000000000000000, -0.7366731588710827561 ) ) ;
#1919 = VERTEX_POINT ( 'NONE', #2846 ) ;
#1920 = PLANE ( 'NONE',  #3611 ) ;
#1921 = PRESENTATION_STYLE_ASSIGNMENT (( #2449 ) ) ;
#1922 = EDGE_CURVE ( 'NONE', #1551, #2519, #2334, .T. ) ;
#1923 = SURFACE_STYLE_USAGE ( .BOTH. , #3950 ) ;
#1924 = FILL_AREA_STYLE ('',( #3936 ) ) ;
#1925 = EDGE_LOOP ( 'NONE', ( #1335, #1385, #3898, #1981, #164 ) ) ;
#1926 = ADVANCED_FACE ( 'NONE', ( #3236 ), #2459, .T. ) ;
#1927 =( GEOMETRIC_REPRESENTATION_CONTEXT ( 3 ) GLOBAL_UNCERTAINTY_ASSIGNED_CONTEXT ( ( #1953 ) ) GLOBAL_UNIT_ASSIGNED_CONTEXT ( ( #3317, #979, #2982 ) ) REPRESENTATION_CONTEXT ( 'NONE', 'WORKASPACE' ) );
#1928 = CARTESIAN_POINT ( 'NONE',  ( 3.656528875366700682, 1.620000000000000107, -0.7480060416348992547 ) ) ;
#1929 = SURFACE_SIDE_STYLE ('',( #2266 ) ) ;
#1930 = EDGE_CURVE ( 'NONE', #167, #3345, #3717, .T. ) ;
#1931 = PRESENTATION_LAYER_ASSIGNMENT (  '', '', ( #1473 ) ) ;
#1932 = CARTESIAN_POINT ( 'NONE',  ( -3.710284067798497176, 1.620000000000000107, 0.6079689776603196538 ) ) ;
#1933 = LINE ( 'NONE', #1268, #1818 ) ;
#1934 = DIRECTION ( 'NONE',  ( -0.0000000000000000000, 1.000000000000000000, -0.0000000000000000000 ) ) ;
#1935 = CARTESIAN_POINT ( 'NONE',  ( 2.895000000000000462, 0.0000000000000000000, 0.2950107456950964435 ) ) ;
#1936 = AXIS2_PLACEMENT_3D ( 'NONE', #1073, #3417, #1390 ) ;
#1937 = AXIS2_PLACEMENT_3D ( 'NONE', #1252, #251, #3607 ) ;
#1938 = FILL_AREA_STYLE_COLOUR ( '', #170 ) ;
#1939 = ORIENTED_EDGE ( 'NONE', *, *, #983, .T. ) ;
#1940 = LINE ( 'NONE', #1152, #1160 ) ;
#1941 = SURFACE_STYLE_USAGE ( .BOTH. , #4319 ) ;
#1942 = CARTESIAN_POINT ( 'NONE',  ( -3.710284067798497176, 1.520000000000000018, -0.6079689776603196538 ) ) ;
#1943 = EDGE_LOOP ( 'NONE', ( #1561, #477, #1469, #2735, #970, #2296, #3763 ) ) ;
#1944 = DIRECTION ( 'NONE',  ( 0.0000000000000000000, 0.0000000000000000000, 1.000000000000000000 ) ) ;
#1945 = ORIENTED_EDGE ( 'NONE', *, *, #4128, .F. ) ;
#1946 = ADVANCED_FACE ( 'NONE', ( #255 ), #1446, .F. ) ;
#1947 = ORIENTED_EDGE ( 'NONE', *, *, #3078, .F. ) ;
#1948 = SURFACE_STYLE_USAGE ( .BOTH. , #3978 ) ;
#1949 = ORIENTED_EDGE ( 'NONE', *, *, #1409, .T. ) ;
#1950 = EDGE_CURVE ( 'NONE', #3126, #3409, #4298, .T. ) ;
#1951 =( LENGTH_UNIT ( ) NAMED_UNIT ( * ) SI_UNIT ( .MILLI., .METRE. ) );
#1952 = PRESENTATION_STYLE_ASSIGNMENT (( #3702 ) ) ;
#1953 = UNCERTAINTY_MEASURE_WITH_UNIT (LENGTH_MEASURE( 1.000000000000000082E-05 ), #3317, 'distance_accuracy_value', 'NONE');
#1954 = DIRECTION ( 'NONE',  ( -1.000000000000000000, 0.0000000000000000000, 0.0000000000000000000 ) ) ;
#1955 = DIRECTION ( 'NONE',  ( -0.9335804264971998556, -0.0000000000000000000, -0.3583679495453050423 ) ) ;
#1956 = CIRCLE ( 'NONE', #711, 2.415000000000000036 ) ;
#1957 = CARTESIAN_POINT ( 'NONE',  ( 3.710284067798497176, 1.620000000000000107, -0.6079689776603198759 ) ) ;
#1958 = DIRECTION ( 'NONE',  ( -0.3583679495453052088, 0.0000000000000000000, 0.9335804264971999666 ) ) ;
#1959 = FILL_AREA_STYLE_COLOUR ( '', #2957 ) ;
#1960 = FACE_OUTER_BOUND ( 'NONE', #2121, .T. ) ;
#1961 = VERTEX_POINT ( 'NONE', #2244 ) ;
#1962 = DIRECTION ( 'NONE',  ( 0.3583679495453052088, 0.0000000000000000000, -0.9335804264971999666 ) ) ;
#1963 = MECHANICAL_DESIGN_GEOMETRIC_PRESENTATION_REPRESENTATION (  '', ( #1292 ), #2188 ) ;
#1964 = STYLED_ITEM ( 'NONE', ( #4044 ), #3722 ) ;
#1965 = DIRECTION ( 'NONE',  ( -0.3583679495453057084, 0.0000000000000000000, 0.9335804264971997446 ) ) ;
#1966 = VECTOR ( 'NONE', #58, 1000.000000000000000 ) ;
#1967 = FILL_AREA_STYLE_COLOUR ( '', #2489 ) ;
#1968 = ADVANCED_FACE ( 'NONE', ( #1327 ), #2898, .T. ) ;
#1969 = VECTOR ( 'NONE', #4124, 1000.000000000000227 ) ;
#1970 = ORIENTED_EDGE ( 'NONE', *, *, #1428, .F. ) ;
#1971 = EDGE_CURVE ( 'NONE', #512, #3268, #1028, .T. ) ;
#1972 =( LENGTH_UNIT ( ) NAMED_UNIT ( * ) SI_UNIT ( .MILLI., .METRE. ) );
#1973 = UNCERTAINTY_MEASURE_WITH_UNIT (LENGTH_MEASURE( 1.000000000000000082E-05 ), #2095, 'distance_accuracy_value', 'NONE');
#1974 = LINE ( 'NONE', #1415, #206 ) ;
#1975 = PLANE ( 'NONE',  #1695 ) ;
#1976 = AXIS2_PLACEMENT_3D ( 'NONE', #421, #2757, #760 ) ;
#1977 = FILL_AREA_STYLE_COLOUR ( '', #1734 ) ;
#1978 = DIRECTION ( 'NONE',  ( 0.7366731588710827561, 0.0000000000000000000, 0.6762489608116972750 ) ) ;
#1979 = AXIS2_PLACEMENT_3D ( 'NONE', #1789, #3825, #1455 ) ;
#1980 = PRESENTATION_LAYER_ASSIGNMENT (  '', '', ( #65 ) ) ;
#1981 = ORIENTED_EDGE ( 'NONE', *, *, #3165, .F. ) ;
#1982 = FACE_OUTER_BOUND ( 'NONE', #2909, .T. ) ;
#1983 =( GEOMETRIC_REPRESENTATION_CONTEXT ( 3 ) GLOBAL_UNCERTAINTY_ASSIGNED_CONTEXT ( ( #653 ) ) GLOBAL_UNIT_ASSIGNED_CONTEXT ( ( #1657, #4033, #1998 ) ) REPRESENTATION_CONTEXT ( 'NONE', 'WORKASPACE' ) );
#1984 = FILL_AREA_STYLE ('',( #1654 ) ) ;
#1985 = SURFACE_SIDE_STYLE ('',( #3068 ) ) ;
#1986 = SURFACE_SIDE_STYLE ('',( #3799 ) ) ;
#1987 = LINE ( 'NONE', #201, #221 ) ;
#1988 = DIRECTION ( 'NONE',  ( -0.0000000000000000000, 0.0000000000000000000, -1.000000000000000000 ) ) ;
#1989 = ADVANCED_FACE ( 'NONE', ( #2282 ), #1539, .F. ) ;
#1990 = SURFACE_SIDE_STYLE ('',( #2028 ) ) ;
#1991 = DIRECTION ( 'NONE',  ( 0.8251806257075932072, 0.0000000000000000000, -0.5648689537908991865 ) ) ;
#1992 = ORIENTED_EDGE ( 'NONE', *, *, #2343, .T. ) ;
#1993 = ORIENTED_EDGE ( 'NONE', *, *, #3928, .F. ) ;
#1994 = FACE_OUTER_BOUND ( 'NONE', #1249, .T. ) ;
#1995 =( NAMED_UNIT ( * ) PLANE_ANGLE_UNIT ( ) SI_UNIT ( $, .RADIAN. ) );
#1996 = PLANE ( 'NONE',  #300 ) ;
#1997 = ORIENTED_EDGE ( 'NONE', *, *, #200, .F. ) ;
#1998 =( NAMED_UNIT ( * ) SI_UNIT ( $, .STERADIAN. ) SOLID_ANGLE_UNIT ( ) );
#1999 = SURFACE_SIDE_STYLE ('',( #3261 ) ) ;
#2000 = VERTEX_POINT ( 'NONE', #3863 ) ;
#2001 = EDGE_CURVE ( 'NONE', #1460, #2875, #714, .T. ) ;
#2002 = CARTESIAN_POINT ( 'NONE',  ( -0.1924989316719607491, 4.899000000000000021, 0.1131532146664721572 ) ) ;
#2003 =( GEOMETRIC_REPRESENTATION_CONTEXT ( 3 ) GLOBAL_UNCERTAINTY_ASSIGNED_CONTEXT ( ( #4120 ) ) GLOBAL_UNIT_ASSIGNED_CONTEXT ( ( #2153, #503, #2488 ) ) REPRESENTATION_CONTEXT ( 'NONE', 'WORKASPACE' ) );
#2004 = PRESENTATION_STYLE_ASSIGNMENT (( #2565 ) ) ;
#2005 = ADVANCED_FACE ( 'NONE', ( #2373 ), #3265, .T. ) ;
#2006 = PRESENTATION_LAYER_ASSIGNMENT (  '', '', ( #1553 ) ) ;
#2007 = FILL_AREA_STYLE_COLOUR ( '', #1002 ) ;
#2008 = EDGE_CURVE ( 'NONE', #4040, #2469, #301, .T. ) ;
#2009 = ORIENTED_EDGE ( 'NONE', *, *, #2854, .T. ) ;
#2010 = FILL_AREA_STYLE_COLOUR ( '', #2481 ) ;
#2011 =( NAMED_UNIT ( * ) SI_UNIT ( $, .STERADIAN. ) SOLID_ANGLE_UNIT ( ) );
#2012 = CARTESIAN_POINT ( 'NONE',  ( -1.502358086601538245, 4.899000000000000021, -1.273290447305358786 ) ) ;
#2013 = EDGE_LOOP ( 'NONE', ( #2412, #4003, #1393, #3585 ) ) ;
#2014 = ORIENTED_EDGE ( 'NONE', *, *, #3541, .F. ) ;
#2015 = DIRECTION ( 'NONE',  ( 0.0000000000000000000, 0.0000000000000000000, -1.000000000000000000 ) ) ;
#2016 = STYLED_ITEM ( 'NONE', ( #1440 ), #4034 ) ;
#2017 = SURFACE_STYLE_FILL_AREA ( #4182 ) ;
#2018 = SURFACE_STYLE_FILL_AREA ( #3642 ) ;
#2019 = ORIENTED_EDGE ( 'NONE', *, *, #600, .T. ) ;
#2020 = UNCERTAINTY_MEASURE_WITH_UNIT (LENGTH_MEASURE( 1.000000000000000082E-05 ), #3365, 'distance_accuracy_value', 'NONE');
#2021 = PRESENTATION_STYLE_ASSIGNMENT (( #382 ) ) ;
#2022 = CYLINDRICAL_SURFACE ( 'NONE', #1646, 2.350000000000000089 ) ;
#2023 = ORIENTED_EDGE ( 'NONE', *, *, #860, .T. ) ;
#2024 = VECTOR ( 'NONE', #3080, 1000.000000000000000 ) ;
#2025 = VECTOR ( 'NONE', #2419, 1000.000000000000000 ) ;
#2026 = DIRECTION ( 'NONE',  ( -0.0000000000000000000, -1.000000000000000000, -0.0000000000000000000 ) ) ;
#2027 = DIRECTION ( 'NONE',  ( -1.000000000000000000, 0.0000000000000000000, 0.0000000000000000000 ) ) ;
#2028 = SURFACE_STYLE_FILL_AREA ( #2341 ) ;
#2029 = SURFACE_STYLE_USAGE ( .BOTH. , #4061 ) ;
#2030 = VERTEX_POINT ( 'NONE', #3601 ) ;
#2031 = ADVANCED_FACE ( 'NONE', ( #1173 ), #1567, .T. ) ;
#2032 = ORIENTED_EDGE ( 'NONE', *, *, #155, .T. ) ;
#2033 = DIRECTION ( 'NONE',  ( 0.0000000000000000000, 0.0000000000000000000, -1.000000000000000000 ) ) ;
#2034 = COLOUR_RGB ( '',1.000000000000000000, 1.000000000000000000, 1.000000000000000000 ) ;
#2035 = EDGE_CURVE ( 'NONE', #3409, #3126, #3432, .T. ) ;
#2036 = CARTESIAN_POINT ( 'NONE',  ( 4.445000000000000284, 1.520000000000000018, 0.8900000000000000133 ) ) ;
#2037 =( GEOMETRIC_REPRESENTATION_CONTEXT ( 3 ) GLOBAL_UNCERTAINTY_ASSIGNED_CONTEXT ( ( #546 ) ) GLOBAL_UNIT_ASSIGNED_CONTEXT ( ( #4019, #327, #3672 ) ) REPRESENTATION_CONTEXT ( 'NONE', 'WORKASPACE' ) );
#2038 = EDGE_CURVE ( 'NONE', #2845, #1049, #3755, .T. ) ;
#2039 =( GEOMETRIC_REPRESENTATION_CONTEXT ( 3 ) GLOBAL_UNCERTAINTY_ASSIGNED_CONTEXT ( ( #3812 ) ) GLOBAL_UNIT_ASSIGNED_CONTEXT ( ( #175, #2497, #508 ) ) REPRESENTATION_CONTEXT ( 'NONE', 'WORKASPACE' ) );
#2040 = MECHANICAL_DESIGN_GEOMETRIC_PRESENTATION_REPRESENTATION (  '', ( #1581 ), #2267 ) ;
#2041 =( LENGTH_UNIT ( ) NAMED_UNIT ( * ) SI_UNIT ( .MILLI., .METRE. ) );
#2042 =( NAMED_UNIT ( * ) SI_UNIT ( $, .STERADIAN. ) SOLID_ANGLE_UNIT ( ) );
#2043 = ORIENTED_EDGE ( 'NONE', *, *, #2650, .T. ) ;
#2044 = PLANE ( 'NONE',  #2514 ) ;
#2045 =( GEOMETRIC_REPRESENTATION_CONTEXT ( 3 ) GLOBAL_UNCERTAINTY_ASSIGNED_CONTEXT ( ( #3431 ) ) GLOBAL_UNIT_ASSIGNED_CONTEXT ( ( #1972, #4340, #2309 ) ) REPRESENTATION_CONTEXT ( 'NONE', 'WORKASPACE' ) );
#2046 = VECTOR ( 'NONE', #2831, 1000.000000000000000 ) ;
#2047 = EDGE_LOOP ( 'NONE', ( #2839, #183, #2133, #2965 ) ) ;
#2048 = PRESENTATION_STYLE_ASSIGNMENT (( #1366 ) ) ;
#2049 = UNCERTAINTY_MEASURE_WITH_UNIT (LENGTH_MEASURE( 1.000000000000000082E-05 ), #2352, 'distance_accuracy_value', 'NONE');
#2050 = DIRECTION ( 'NONE',  ( 1.000000000000000000, 0.0000000000000000000, 0.0000000000000000000 ) ) ;
#2051 = ORIENTED_EDGE ( 'NONE', *, *, #1733, .F. ) ;
#2052 = EDGE_LOOP ( 'NONE', ( #1658, #1345 ) ) ;
#2053 = CARTESIAN_POINT ( 'NONE',  ( -3.149000000000000465, 1.620000000000000107, -0.6645830389778992764 ) ) ;
#2054 = PRESENTATION_STYLE_ASSIGNMENT (( #1380 ) ) ;
#2055 = STYLED_ITEM ( 'NONE', ( #2331 ), #1239 ) ;
#2056 = VECTOR ( 'NONE', #1911, 1000.000000000000000 ) ;
#2057 = CARTESIAN_POINT ( 'NONE',  ( 2.877919977996279827E-16, 4.899999999999999467, 2.350000000000000089 ) ) ;
#2058 = DIRECTION ( 'NONE',  ( 0.0000000000000000000, 1.000000000000000000, 0.0000000000000000000 ) ) ;
#2059 =( GEOMETRIC_REPRESENTATION_CONTEXT ( 3 ) GLOBAL_UNCERTAINTY_ASSIGNED_CONTEXT ( ( #1586 ) ) GLOBAL_UNIT_ASSIGNED_CONTEXT ( ( #210, #2534, #548 ) ) REPRESENTATION_CONTEXT ( 'NONE', 'WORKASPACE' ) );
#2060 = DIRECTION ( 'NONE',  ( -0.4132170265578689605, 0.0000000000000000000, 0.9106325762691962478 ) ) ;
#2061 = VERTEX_POINT ( 'NONE', #1673 ) ;
#2062 = ORIENTED_EDGE ( 'NONE', *, *, #645, .T. ) ;
#2063 = DIRECTION ( 'NONE',  ( 0.6762489608116972750, -0.0000000000000000000, 0.7366731588710827561 ) ) ;
#2064 = LINE ( 'NONE', #1065, #1184 ) ;
#2065 = CARTESIAN_POINT ( 'NONE',  ( -4.445000000000000284, 0.0000000000000000000, -0.8900000000000000133 ) ) ;
#2066 = LINE ( 'NONE', #443, #1086 ) ;
#2067 = DIRECTION ( 'NONE',  ( 0.0000000000000000000, 0.0000000000000000000, -1.000000000000000000 ) ) ;
#2068 = ORIENTED_EDGE ( 'NONE', *, *, #2118, .T. ) ;
#2069 =( LENGTH_UNIT ( ) NAMED_UNIT ( * ) SI_UNIT ( .MILLI., .METRE. ) );
#2070 = FILL_AREA_STYLE ('',( #435 ) ) ;
#2071 = LINE ( 'NONE', #87, #3880 ) ;
#2072 = LINE ( 'NONE', #1096, #2868 ) ;
#2073 = VERTEX_POINT ( 'NONE', #2276 ) ;
#2074 = DIRECTION ( 'NONE',  ( 0.0000000000000000000, 0.0000000000000000000, -1.000000000000000000 ) ) ;
#2075 = SURFACE_STYLE_FILL_AREA ( #522 ) ;
#2076 =( GEOMETRIC_REPRESENTATION_CONTEXT ( 3 ) GLOBAL_UNCERTAINTY_ASSIGNED_CONTEXT ( ( #1677 ) ) GLOBAL_UNIT_ASSIGNED_CONTEXT ( ( #3415, #3066, #16 ) ) REPRESENTATION_CONTEXT ( 'NONE', 'WORKASPACE' ) );
#2077 = COLOUR_RGB ( '',1.000000000000000000, 1.000000000000000000, 1.000000000000000000 ) ;
#2078 = DIRECTION ( 'NONE',  ( 0.8242666277543647668, -5.189991611788086812E-15, -0.5662018424294003038 ) ) ;
#2079 = CARTESIAN_POINT ( 'NONE',  ( -1.671372171108580496, 4.899000000000000021, -0.5992147430800065511 ) ) ;
#2080 = ORIENTED_EDGE ( 'NONE', *, *, #1300, .T. ) ;
#2081 = CARTESIAN_POINT ( 'NONE',  ( 1.663570632541448546, 4.899000000000000021, -0.5501969685181550274 ) ) ;
#2082 = CARTESIAN_POINT ( 'NONE',  ( 0.9998382381752515258, 4.899000000000004462, -0.08787302485618311843 ) ) ;
#2083 = UNCERTAINTY_MEASURE_WITH_UNIT (LENGTH_MEASURE( 1.000000000000000082E-05 ), #112, 'distance_accuracy_value', 'NONE');
#2084 = LINE ( 'NONE', #1562, #2876 ) ;
#2085 = EDGE_CURVE ( 'NONE', #3074, #1884, #4227, .T. ) ;
#2086 = FILL_AREA_STYLE ('',( #1406 ) ) ;
#2087 = DIRECTION ( 'NONE',  ( -6.587208853748892057E-15, -1.000000000000000000, 0.0000000000000000000 ) ) ;
#2088 = EDGE_CURVE ( 'NONE', #1801, #181, #761, .T. ) ;
#2089 = AXIS2_PLACEMENT_3D ( 'NONE', #271, #2598, #607 ) ;
#2090 = DIRECTION ( 'NONE',  ( -1.000000000000000000, 0.0000000000000000000, 4.476057622441106443E-16 ) ) ;
#2091 = CARTESIAN_POINT ( 'NONE',  ( -1.502358086601538023, 4.899000000000000021, 1.344447228750979662 ) ) ;
#2092 = VERTEX_POINT ( 'NONE', #1090 ) ;
#2093 = VERTEX_POINT ( 'NONE', #744 ) ;
#2094 = CARTESIAN_POINT ( 'NONE',  ( -1.545601924629707247, 4.899999999999999467, 0.4709877217087260481 ) ) ;
#2095 =( LENGTH_UNIT ( ) NAMED_UNIT ( * ) SI_UNIT ( .MILLI., .METRE. ) );
#2096 = FILL_AREA_STYLE ('',( #3129 ) ) ;
#2097 = AXIS2_PLACEMENT_3D ( 'NONE', #882, #3219, #898 ) ;
#2098 = ORIENTED_EDGE ( 'NONE', *, *, #2901, .T. ) ;
#2099 = DIRECTION ( 'NONE',  ( 0.0000000000000000000, 0.0000000000000000000, 1.000000000000000000 ) ) ;
#2100 =( GEOMETRIC_REPRESENTATION_CONTEXT ( 3 ) GLOBAL_UNCERTAINTY_ASSIGNED_CONTEXT ( ( #2752 ) ) GLOBAL_UNIT_ASSIGNED_CONTEXT ( ( #869, #3203, #1197 ) ) REPRESENTATION_CONTEXT ( 'NONE', 'WORKASPACE' ) );
#2101 = UNCERTAINTY_MEASURE_WITH_UNIT (LENGTH_MEASURE( 1.000000000000000082E-05 ), #1476, 'distance_accuracy_value', 'NONE');
#2102 = ORIENTED_EDGE ( 'NONE', *, *, #1408, .T. ) ;
#2103 = DIRECTION ( 'NONE',  ( -0.0000000000000000000, 1.000000000000000000, -0.0000000000000000000 ) ) ;
#2104 = COLOUR_RGB ( '',0.1921568627450980227, 0.2039215686274509776, 0.2039215686274509776 ) ;
#2105 = EDGE_CURVE ( 'NONE', #4296, #1389, #665, .T. ) ;
#2106 = SURFACE_STYLE_USAGE ( .BOTH. , #4138 ) ;
#2107 = FILL_AREA_STYLE ('',( #3117 ) ) ;
#2108 = FACE_OUTER_BOUND ( 'NONE', #2052, .T. ) ;
#2109 = FILL_AREA_STYLE ('',( #3462 ) ) ;
#2110 = EDGE_CURVE ( 'NONE', #2601, #1919, #2527, .T. ) ;
#2111 = CARTESIAN_POINT ( 'NONE',  ( 2.738219128263350238E-16, 1.520000000000000018, 2.235925599258337115 ) ) ;
#2112 = DIRECTION ( 'NONE',  ( 0.0000000000000000000, 0.0000000000000000000, 1.000000000000000000 ) ) ;
#2113 = ORIENTED_EDGE ( 'NONE', *, *, #260, .F. ) ;
#2114 = MECHANICAL_DESIGN_GEOMETRIC_PRESENTATION_REPRESENTATION (  '', ( #1662 ), #2346 ) ;
#2115 = SURFACE_STYLE_USAGE ( .BOTH. , #137 ) ;
#2116 = PRESENTATION_LAYER_ASSIGNMENT (  '', '', ( #1663 ) ) ;
#2117 = LINE ( 'NONE', #1957, #3921 ) ;
#2118 = EDGE_CURVE ( 'NONE', #573, #1026, #1521, .T. ) ;
#2119 =( GEOMETRIC_REPRESENTATION_CONTEXT ( 3 ) GLOBAL_UNCERTAINTY_ASSIGNED_CONTEXT ( ( #1070 ) ) GLOBAL_UNIT_ASSIGNED_CONTEXT ( ( #2578, #586, #2917 ) ) REPRESENTATION_CONTEXT ( 'NONE', 'WORKASPACE' ) );
#2120 = ORIENTED_EDGE ( 'NONE', *, *, #2396, .F. ) ;
#2121 = EDGE_LOOP ( 'NONE', ( #309, #1947, #1468, #2930 ) ) ;
#2122 = FACE_OUTER_BOUND ( 'NONE', #1068, .T. ) ;
#2123 = CARTESIAN_POINT ( 'NONE',  ( 3.656528875366700682, 1.620000000000000107, -0.7480060416348992547 ) ) ;
#2124 = ORIENTED_EDGE ( 'NONE', *, *, #1878, .T. ) ;
#2125 = FILL_AREA_STYLE_COLOUR ( '', #151 ) ;
#2126 = CARTESIAN_POINT ( 'NONE',  ( 1.663570632541448546, 4.899999999999999467, 0.5658461652846619172 ) ) ;
#2127 = DIRECTION ( 'NONE',  ( -0.8257714574873353808, 5.628469532359456752E-15, -0.5640048758647763227 ) ) ;
#2128 =( GEOMETRIC_REPRESENTATION_CONTEXT ( 3 ) GLOBAL_UNCERTAINTY_ASSIGNED_CONTEXT ( ( #243 ) ) GLOBAL_UNIT_ASSIGNED_CONTEXT ( ( #3304, #1281, #3644 ) ) REPRESENTATION_CONTEXT ( 'NONE', 'WORKASPACE' ) );
#2129 = CARTESIAN_POINT ( 'NONE',  ( 1.112558308597786594, 4.899000000000003574, 0.006823277960718229784 ) ) ;
#2130 = VECTOR ( 'NONE', #437, 1000.000000000000000 ) ;
#2131 = SURFACE_STYLE_USAGE ( .BOTH. , #4158 ) ;
#2132 =( NAMED_UNIT ( * ) SI_UNIT ( $, .STERADIAN. ) SOLID_ANGLE_UNIT ( ) );
#2133 = ORIENTED_EDGE ( 'NONE', *, *, #1215, .F. ) ;
#2134 = VERTEX_POINT ( 'NONE', #4102 ) ;
#2135 = LINE ( 'NONE', #4325, #2933 ) ;
#2136 = AXIS2_PLACEMENT_3D ( 'NONE', #1773, #4146, #2112 ) ;
#2137 =( NAMED_UNIT ( * ) PLANE_ANGLE_UNIT ( ) SI_UNIT ( $, .RADIAN. ) );
#2138 = UNCERTAINTY_MEASURE_WITH_UNIT (LENGTH_MEASURE( 1.000000000000000082E-05 ), #2984, 'distance_accuracy_value', 'NONE');
#2139 = DIRECTION ( 'NONE',  ( 0.8262748171451994583, 0.0000000000000000000, 0.5632671893086504955 ) ) ;
#2140 = CARTESIAN_POINT ( 'NONE',  ( 4.445000000000000284, 1.520000000000000018, 3.049999999999998490 ) ) ;
#2141 = CARTESIAN_POINT ( 'NONE',  ( 2.895000000000000462, 1.520000000000000018, -0.6645830389778991654 ) ) ;
#2142 = CARTESIAN_POINT ( 'NONE',  ( -4.445000000000000284, 1.520000000000000018, 0.8900000000000000133 ) ) ;
#2143 = CARTESIAN_POINT ( 'NONE',  ( -1.671372171108580496, 4.899000000000000021, 1.344447228750979662 ) ) ;
#2144 = SURFACE_SIDE_STYLE ('',( #940 ) ) ;
#2145 = EDGE_CURVE ( 'NONE', #1601, #1961, #4022, .T. ) ;
#2146 = EDGE_LOOP ( 'NONE', ( #3084, #4085 ) ) ;
#2147 = CARTESIAN_POINT ( 'NONE',  ( 1.129999999999999893, 0.0000000000000000000, -3.049999999999999822 ) ) ;
#2148 = ORIENTED_EDGE ( 'NONE', *, *, #1080, .T. ) ;
#2149 = EDGE_CURVE ( 'NONE', #978, #2583, #2321, .T. ) ;
#2150 = ORIENTED_EDGE ( 'NONE', *, *, #924, .T. ) ;
#2151 = FACE_OUTER_BOUND ( 'NONE', #3427, .T. ) ;
#2152 = MECHANICAL_DESIGN_GEOMETRIC_PRESENTATION_REPRESENTATION (  '', ( #1473 ), #2379 ) ;
#2153 =( LENGTH_UNIT ( ) NAMED_UNIT ( * ) SI_UNIT ( .MILLI., .METRE. ) );
#2154 = ORIENTED_EDGE ( 'NONE', *, *, #559, .F. ) ;
#2155 =( LENGTH_UNIT ( ) NAMED_UNIT ( * ) SI_UNIT ( .MILLI., .METRE. ) );
#2156 = ORIENTED_EDGE ( 'NONE', *, *, #1546, .F. ) ;
#2157 = CARTESIAN_POINT ( 'NONE',  ( 0.0000000000000000000, 0.5000000000000000000, 0.0000000000000000000 ) ) ;
#2158 = CARTESIAN_POINT ( 'NONE',  ( 0.3635706325414486129, 4.900000000000008349, -0.5224460882364648784 ) ) ;
#2159 = PRESENTATION_STYLE_ASSIGNMENT (( #4295 ) ) ;
#2160 = UNCERTAINTY_MEASURE_WITH_UNIT (LENGTH_MEASURE( 1.000000000000000082E-05 ), #2624, 'distance_accuracy_value', 'NONE');
#2161 = EDGE_LOOP ( 'NONE', ( #2156, #856, #4101, #836, #1112 ) ) ;
#2162 = SURFACE_STYLE_USAGE ( .BOTH. , #4190 ) ;
#2163 = SURFACE_STYLE_FILL_AREA ( #1061 ) ;
#2164 = DIRECTION ( 'NONE',  ( -0.9335804264971998556, -0.0000000000000000000, -0.3583679495453050978 ) ) ;
#2165 = STYLED_ITEM ( 'NONE', ( #3444 ), #4267 ) ;
#2166 = MECHANICAL_DESIGN_GEOMETRIC_PRESENTATION_REPRESENTATION (  '', ( #1706 ), #2390 ) ;
#2167 = PRESENTATION_STYLE_ASSIGNMENT (( #2641 ) ) ;
#2168 = CARTESIAN_POINT ( 'NONE',  ( -4.445000000000000284, 1.520000000000000018, 0.8900000000000000133 ) ) ;
#2169 = FACE_OUTER_BOUND ( 'NONE', #1797, .T. ) ;
#2170 = FILL_AREA_STYLE_COLOUR ( '', #534 ) ;
#2171 = LINE ( 'NONE', #338, #3977 ) ;
#2172 = VERTEX_POINT ( 'NONE', #4171 ) ;
#2173 = EDGE_CURVE ( 'NONE', #17, #3074, #455, .T. ) ;
#2174 = SURFACE_SIDE_STYLE ('',( #3326 ) ) ;
#2175 = LINE ( 'NONE', #720, #3766 ) ;
#2176 =( NAMED_UNIT ( * ) SI_UNIT ( $, .STERADIAN. ) SOLID_ANGLE_UNIT ( ) );
#2177 = VECTOR ( 'NONE', #81, 1000.000000000000227 ) ;
#2178 = ORIENTED_EDGE ( 'NONE', *, *, #1878, .F. ) ;
#2179 = STYLED_ITEM ( 'NONE', ( #2778 ), #3332 ) ;
#2180 = VECTOR ( 'NONE', #1503, 1000.000000000000000 ) ;
#2181 = FACE_OUTER_BOUND ( 'NONE', #4301, .T. ) ;
#2182 = DIRECTION ( 'NONE',  ( 0.0000000000000000000, 0.0000000000000000000, -1.000000000000000000 ) ) ;
#2183 = VERTEX_POINT ( 'NONE', #870 ) ;
#2184 = VECTOR ( 'NONE', #1813, 1000.000000000000000 ) ;
#2185 = UNCERTAINTY_MEASURE_WITH_UNIT (LENGTH_MEASURE( 1.000000000000000082E-05 ), #3330, 'distance_accuracy_value', 'NONE');
#2186 = FACE_OUTER_BOUND ( 'NONE', #2902, .T. ) ;
#2187 = DIRECTION ( 'NONE',  ( 0.0000000000000000000, 0.0000000000000000000, 1.000000000000000000 ) ) ;
#2188 =( GEOMETRIC_REPRESENTATION_CONTEXT ( 3 ) GLOBAL_UNCERTAINTY_ASSIGNED_CONTEXT ( ( #3720 ) ) GLOBAL_UNIT_ASSIGNED_CONTEXT ( ( #2155, #171, #504 ) ) REPRESENTATION_CONTEXT ( 'NONE', 'WORKASPACE' ) );
#2189 = DIRECTION ( 'NONE',  ( -0.9335804264971999666, 0.0000000000000000000, 0.3583679495453052088 ) ) ;
#2190 = ORIENTED_EDGE ( 'NONE', *, *, #1435, .T. ) ;
#2191 = PLANE ( 'NONE',  #2783 ) ;
#2192 = SURFACE_STYLE_USAGE ( .BOTH. , #4215 ) ;
#2193 = AXIS2_PLACEMENT_3D ( 'NONE', #3353, #2693, #4054 ) ;
#2194 = CYLINDRICAL_SURFACE ( 'NONE', #4092, 2.235925599258337115 ) ;
#2195 = PRESENTATION_STYLE_ASSIGNMENT (( #2508 ) ) ;
#2196 = DIRECTION ( 'NONE',  ( 0.9106325762691961367, 0.0000000000000000000, 0.4132170265578689605 ) ) ;
#2197 = ORIENTED_EDGE ( 'NONE', *, *, #759, .F. ) ;
#2198 = VECTOR ( 'NONE', #3583, 1000.000000000000000 ) ;
#2199 = EDGE_CURVE ( 'NONE', #1005, #4067, #2214, .T. ) ;
#2200 = PRESENTATION_LAYER_ASSIGNMENT (  '', '', ( #1738 ) ) ;
#2201 = DIRECTION ( 'NONE',  ( -0.0000000000000000000, 1.000000000000000000, -0.0000000000000000000 ) ) ;
#2202 = SURFACE_STYLE_USAGE ( .BOTH. , #4230 ) ;
#2203 = DIRECTION ( 'NONE',  ( -0.3583679495453052088, -0.0000000000000000000, -0.9335804264971999666 ) ) ;
#2204 = SURFACE_STYLE_FILL_AREA ( #4238 ) ;
#2205 = EDGE_LOOP ( 'NONE', ( #3213, #875, #1857, #1786 ) ) ;
#2206 = PRESENTATION_LAYER_ASSIGNMENT (  '', '', ( #1748 ) ) ;
#2207 = DIRECTION ( 'NONE',  ( -0.7366731588710827561, 0.0000000000000000000, -0.6762489608116972750 ) ) ;
#2208 = MECHANICAL_DESIGN_GEOMETRIC_PRESENTATION_REPRESENTATION (  '', ( #65 ), #2426 ) ;
#2209 = ORIENTED_EDGE ( 'NONE', *, *, #2966, .F. ) ;
#2210 = FACE_OUTER_BOUND ( 'NONE', #3137, .T. ) ;
#2211 = DIRECTION ( 'NONE',  ( -0.0000000000000000000, -1.000000000000000000, -0.0000000000000000000 ) ) ;
#2212 = DIRECTION ( 'NONE',  ( -0.0000000000000000000, -1.000000000000000000, -0.0000000000000000000 ) ) ;
#2213 = EDGE_LOOP ( 'NONE', ( #98, #27, #195, #1692 ) ) ;
#2214 = LINE ( 'NONE', #3204, #1324 ) ;
#2215 = AXIS2_PLACEMENT_3D ( 'NONE', #2555, #566, #2891 ) ;
#2216 = CARTESIAN_POINT ( 'NONE',  ( -4.445000000000000284, 0.0000000000000000000, -0.8900000000000000133 ) ) ;
#2217 =( LENGTH_UNIT ( ) NAMED_UNIT ( * ) SI_UNIT ( .MILLI., .METRE. ) );
#2218 = COLOUR_RGB ( '',1.000000000000000000, 1.000000000000000000, 1.000000000000000000 ) ;
#2219 =( NAMED_UNIT ( * ) SI_UNIT ( $, .STERADIAN. ) SOLID_ANGLE_UNIT ( ) );
#2220 = DIRECTION ( 'NONE',  ( 0.0000000000000000000, 0.0000000000000000000, 1.000000000000000000 ) ) ;
#2221 = UNCERTAINTY_MEASURE_WITH_UNIT (LENGTH_MEASURE( 1.000000000000000082E-05 ), #694, 'distance_accuracy_value', 'NONE');
#2222 = SURFACE_STYLE_USAGE ( .BOTH. , #4251 ) ;
#2223 = PRESENTATION_STYLE_ASSIGNMENT (( #36 ) ) ;
#2224 = ORIENTED_EDGE ( 'NONE', *, *, #174, .T. ) ;
#2225 = DIRECTION ( 'NONE',  ( -0.8242666277543647668, 5.189991611788086812E-15, -0.5662018424294003038 ) ) ;
#2226 = CARTESIAN_POINT ( 'NONE',  ( 2.738219128263350238E-16, 3.879999999999999893, 2.235925599258337115 ) ) ;
#2227 = COLOUR_RGB ( '',1.000000000000000000, 1.000000000000000000, 1.000000000000000000 ) ;
#2228 = CARTESIAN_POINT ( 'NONE',  ( 3.656528875366700682, 1.620000000000000107, 0.7480060416348992547 ) ) ;
#2229 = VERTEX_POINT ( 'NONE', #4233 ) ;
#2230 =( LENGTH_UNIT ( ) NAMED_UNIT ( * ) SI_UNIT ( .MILLI., .METRE. ) );
#2231 = FILL_AREA_STYLE ('',( #1224 ) ) ;
#2232 = EDGE_CURVE ( 'NONE', #1237, #1026, #1220, .T. ) ;
#2233 = VECTOR ( 'NONE', #135, 1000.000000000000000 ) ;
#2234 = SURFACE_STYLE_USAGE ( .BOTH. , #4261 ) ;
#2235 = ORIENTED_EDGE ( 'NONE', *, *, #3711, .F. ) ;
#2236 = FACE_OUTER_BOUND ( 'NONE', #3641, .T. ) ;
#2237 = MECHANICAL_DESIGN_GEOMETRIC_PRESENTATION_REPRESENTATION (  '', ( #1553 ), #2456 ) ;
#2238 = VERTEX_POINT ( 'NONE', #2142 ) ;
#2239 = EDGE_CURVE ( 'NONE', #2134, #501, #4119, .T. ) ;
#2240 = LINE ( 'NONE', #1749, #3930 ) ;
#2241 = PRESENTATION_LAYER_ASSIGNMENT (  '', '', ( #3860 ) ) ;
#2242 = UNCERTAINTY_MEASURE_WITH_UNIT (LENGTH_MEASURE( 1.000000000000000082E-05 ), #3748, 'distance_accuracy_value', 'NONE');
#2243 =( NAMED_UNIT ( * ) PLANE_ANGLE_UNIT ( ) SI_UNIT ( $, .RADIAN. ) );
#2244 = CARTESIAN_POINT ( 'NONE',  ( -2.895000000000000018, 1.520000000000000018, 1.127293717617243063 ) ) ;
#2245 = ORIENTED_EDGE ( 'NONE', *, *, #260, .T. ) ;
#2246 = DIRECTION ( 'NONE',  ( 0.0000000000000000000, 0.0000000000000000000, 1.000000000000000000 ) ) ;
#2247 = CARTESIAN_POINT ( 'NONE',  ( -1.671372171108580496, 4.899000000000000021, 0.4709877217087260481 ) ) ;
#2248 = CARTESIAN_POINT ( 'NONE',  ( 4.445000000000000284, 0.0000000000000000000, -0.8899999999999996803 ) ) ;
#2249 = AXIS2_PLACEMENT_3D ( 'NONE', #3610, #1574, #3949 ) ;
#2250 = DIRECTION ( 'NONE',  ( -0.0000000000000000000, -1.000000000000000000, -0.0000000000000000000 ) ) ;
#2251 = ADVANCED_FACE ( 'NONE', ( #3802 ), #1678, .T. ) ;
#2252 = DIRECTION ( 'NONE',  ( -0.0000000000000000000, 1.000000000000000000, -0.0000000000000000000 ) ) ;
#2253 = CARTESIAN_POINT ( 'NONE',  ( -1.671372171108580496, 4.899999999999999467, 0.3726162428354862222 ) ) ;
#2254 = ORIENTED_EDGE ( 'NONE', *, *, #381, .T. ) ;
#2255 = CARTESIAN_POINT ( 'NONE',  ( -1.671372171108580496, 4.899000000000000021, -0.5008432642067672802 ) ) ;
#2256 = ADVANCED_FACE ( 'NONE', ( #24 ), #2573, .T. ) ;
#2257 = EDGE_CURVE ( 'NONE', #3390, #167, #1370, .T. ) ;
#2258 =( NAMED_UNIT ( * ) SI_UNIT ( $, .STERADIAN. ) SOLID_ANGLE_UNIT ( ) );
#2259 = ORIENTED_EDGE ( 'NONE', *, *, #2414, .F. ) ;
#2260 = ORIENTED_EDGE ( 'NONE', *, *, #1253, .T. ) ;
#2261 = FILL_AREA_STYLE_COLOUR ( '', #4137 ) ;
#2262 = ORIENTED_EDGE ( 'NONE', *, *, #2533, .T. ) ;
#2263 =( NAMED_UNIT ( * ) PLANE_ANGLE_UNIT ( ) SI_UNIT ( $, .RADIAN. ) );
#2264 = SURFACE_STYLE_USAGE ( .BOTH. , #4291 ) ;
#2265 = EDGE_CURVE ( 'NONE', #2073, #253, #4069, .T. ) ;
#2266 = SURFACE_STYLE_FILL_AREA ( #3954 ) ;
#2267 =( GEOMETRIC_REPRESENTATION_CONTEXT ( 3 ) GLOBAL_UNCERTAINTY_ASSIGNED_CONTEXT ( ( #305 ) ) GLOBAL_UNIT_ASSIGNED_CONTEXT ( ( #231, #2558, #2894 ) ) REPRESENTATION_CONTEXT ( 'NONE', 'WORKASPACE' ) );
#2268 = CARTESIAN_POINT ( 'NONE',  ( 1.663570632541448546, 4.899000000000000021, 0.3890415878198731914 ) ) ;
#2269 = SURFACE_STYLE_USAGE ( .BOTH. , #1272 ) ;
#2270 = ORIENTED_EDGE ( 'NONE', *, *, #226, .F. ) ;
#2271 = CARTESIAN_POINT ( 'NONE',  ( -1.671372171108580496, 4.899000000000000021, 0.4709877217087260481 ) ) ;
#2272 = CARTESIAN_POINT ( 'NONE',  ( -1.671372171108580496, 4.899000000000000021, -0.5008432642067672802 ) ) ;
#2273 = VECTOR ( 'NONE', #299, 1000.000000000000000 ) ;
#2274 = PRESENTATION_STYLE_ASSIGNMENT (( #2422 ) ) ;
#2275 = FILL_AREA_STYLE_COLOUR ( '', #3498 ) ;
#2276 = CARTESIAN_POINT ( 'NONE',  ( 4.445000000000000284, 0.0000000000000000000, 0.8900000000000000133 ) ) ;
#2277 = DIRECTION ( 'NONE',  ( 5.210738217947934616E-16, 0.0000000000000000000, -1.000000000000000000 ) ) ;
#2278 = COLOUR_RGB ( '',1.000000000000000000, 1.000000000000000000, 1.000000000000000000 ) ;
#2279 = UNCERTAINTY_MEASURE_WITH_UNIT (LENGTH_MEASURE( 1.000000000000000082E-05 ), #2727, 'distance_accuracy_value', 'NONE');
#2280 = PLANE ( 'NONE',  #2808 ) ;
#2281 = SURFACE_SIDE_STYLE ('',( #2450 ) ) ;
#2282 = FACE_OUTER_BOUND ( 'NONE', #1943, .T. ) ;
#2283 = ADVANCED_FACE ( 'NONE', ( #500 ), #3616, .T. ) ;
#2284 = PRESENTATION_STYLE_ASSIGNMENT (( #3188 ) ) ;
#2285 = ORIENTED_EDGE ( 'NONE', *, *, #814, .F. ) ;
#2286 = FILL_AREA_STYLE ('',( #1059 ) ) ;
#2287 = VERTEX_POINT ( 'NONE', #583 ) ;
#2288 = PRESENTATION_LAYER_ASSIGNMENT (  '', '', ( #2055 ) ) ;
#2289 = LINE ( 'NONE', #3162, #1384 ) ;
#2290 =( NAMED_UNIT ( * ) PLANE_ANGLE_UNIT ( ) SI_UNIT ( $, .RADIAN. ) );
#2291 = VERTEX_POINT ( 'NONE', #1942 ) ;
#2292 =( NAMED_UNIT ( * ) PLANE_ANGLE_UNIT ( ) SI_UNIT ( $, .RADIAN. ) );
#2293 = LINE ( 'NONE', #3233, #524 ) ;
#2294 =( NAMED_UNIT ( * ) SI_UNIT ( $, .STERADIAN. ) SOLID_ANGLE_UNIT ( ) );
#2295 = VECTOR ( 'NONE', #823, 1000.000000000000000 ) ;
#2296 = ORIENTED_EDGE ( 'NONE', *, *, #4157, .F. ) ;
#2297 = STYLED_ITEM ( 'NONE', ( #732 ), #957 ) ;
#2298 = UNCERTAINTY_MEASURE_WITH_UNIT (LENGTH_MEASURE( 1.000000000000000082E-05 ), #3903, 'distance_accuracy_value', 'NONE');
#2299 = CARTESIAN_POINT ( 'NONE',  ( -3.710284067798497176, 1.620000000000000107, 0.6079689776603197648 ) ) ;
#2300 = SURFACE_STYLE_FILL_AREA ( #184 ) ;
#2301 = FILL_AREA_STYLE ('',( #1959 ) ) ;
#2302 = ADVANCED_FACE ( 'NONE', ( #1835 ), #1600, .F. ) ;
#2303 = EDGE_LOOP ( 'NONE', ( #107, #3902, #1997, #252 ) ) ;
#2304 = CARTESIAN_POINT ( 'NONE',  ( -3.656528875366701570, 1.620000000000000107, -0.7480060416348995878 ) ) ;
#2305 = LINE ( 'NONE', #901, #2198 ) ;
#2306 = FILL_AREA_STYLE ('',( #3999 ) ) ;
#2307 = COLOUR_RGB ( '',0.09803921568627450844, 0.09803921568627450844, 0.09803921568627450844 ) ;
#2308 = FILL_AREA_STYLE ('',( #1967 ) ) ;
#2309 =( NAMED_UNIT ( * ) SI_UNIT ( $, .STERADIAN. ) SOLID_ANGLE_UNIT ( ) );
#2310 =( NAMED_UNIT ( * ) PLANE_ANGLE_UNIT ( ) SI_UNIT ( $, .RADIAN. ) );
#2311 = ORIENTED_EDGE ( 'NONE', *, *, #782, .F. ) ;
#2312 = ORIENTED_EDGE ( 'NONE', *, *, #1774, .F. ) ;
#2313 = VECTOR ( 'NONE', #1757, 1000.000000000000000 ) ;
#2314 = EDGE_CURVE ( 'NONE', #3747, #3795, #3319, .T. ) ;
#2315 = PRESENTATION_STYLE_ASSIGNMENT (( #2269 ) ) ;
#2316 = EDGE_CURVE ( 'NONE', #1587, #2600, #1517, .T. ) ;
#2317 = DIRECTION ( 'NONE',  ( -0.0000000000000000000, 1.000000000000000000, -0.0000000000000000000 ) ) ;
#2318 = ORIENTED_EDGE ( 'NONE', *, *, #2035, .F. ) ;
#2319 = AXIS2_PLACEMENT_3D ( 'NONE', #2777, #453, #3783 ) ;
#2320 = ADVANCED_FACE ( 'NONE', ( #2415 ), #1975, .F. ) ;
#2321 = LINE ( 'NONE', #2082, #555 ) ;
#2322 = STYLED_ITEM ( 'NONE', ( #2223 ), #392 ) ;
#2323 = LINE ( 'NONE', #2673, #3217 ) ;
#2324 = SURFACE_SIDE_STYLE ('',( #842 ) ) ;
#2325 = PRESENTATION_STYLE_ASSIGNMENT (( #2162 ) ) ;
#2326 = SURFACE_STYLE_USAGE ( .BOTH. , #1985 ) ;
#2327 =( LENGTH_UNIT ( ) NAMED_UNIT ( * ) SI_UNIT ( .MILLI., .METRE. ) );
#2328 = SURFACE_STYLE_FILL_AREA ( #1352 ) ;
#2329 = MECHANICAL_DESIGN_GEOMETRIC_PRESENTATION_REPRESENTATION (  '', ( #1871 ), #2549 ) ;
#2330 = ORIENTED_EDGE ( 'NONE', *, *, #4272, .T. ) ;
#2331 = PRESENTATION_STYLE_ASSIGNMENT (( #737 ) ) ;
#2332 = ORIENTED_EDGE ( 'NONE', *, *, #1861, .T. ) ;
#2333 = SURFACE_SIDE_STYLE ('',( #1395 ) ) ;
#2334 = LINE ( 'NONE', #1852, #571 ) ;
#2335 = FACE_OUTER_BOUND ( 'NONE', #494, .T. ) ;
#2336 = SURFACE_STYLE_USAGE ( .BOTH. , #3015 ) ;
#2337 = DIRECTION ( 'NONE',  ( -0.0000000000000000000, -1.000000000000000000, 0.0000000000000000000 ) ) ;
#2338 = ORIENTED_EDGE ( 'NONE', *, *, #626, .T. ) ;
#2339 = CARTESIAN_POINT ( 'NONE',  ( -1.671372171108580496, 4.899000000000000021, 0.3726162428354862222 ) ) ;
#2340 = ADVANCED_FACE ( 'NONE', ( #1994 ), #1314, .F. ) ;
#2341 = FILL_AREA_STYLE ('',( #342 ) ) ;
#2342 = CIRCLE ( 'NONE', #3740, 0.2539999999999998925 ) ;
#2343 = EDGE_CURVE ( 'NONE', #3151, #3960, #2575, .T. ) ;
#2344 = FACE_OUTER_BOUND ( 'NONE', #3557, .T. ) ;
#2345 = SURFACE_STYLE_USAGE ( .BOTH. , #4038 ) ;
#2346 =( GEOMETRIC_REPRESENTATION_CONTEXT ( 3 ) GLOBAL_UNCERTAINTY_ASSIGNED_CONTEXT ( ( #2221 ) ) GLOBAL_UNIT_ASSIGNED_CONTEXT ( ( #694, #1052, #936 ) ) REPRESENTATION_CONTEXT ( 'NONE', 'WORKASPACE' ) );
#2347 = MECHANICAL_DESIGN_GEOMETRIC_PRESENTATION_REPRESENTATION (  '', ( #1663 ), #2567 ) ;
#2348 = EDGE_CURVE ( 'NONE', #1416, #3670, #1675, .T. ) ;
#2349 = EDGE_LOOP ( 'NONE', ( #657, #2197, #3403, #2687, #2577, #3178, #2911 ) ) ;
#2350 = STYLED_ITEM ( 'NONE', ( #32 ), #3026 ) ;
#2351 = CARTESIAN_POINT ( 'NONE',  ( 0.3635706325414486129, 4.899000000000008015, 0.5455336652846617396 ) ) ;
#2352 =( LENGTH_UNIT ( ) NAMED_UNIT ( * ) SI_UNIT ( .MILLI., .METRE. ) );
#2353 = CARTESIAN_POINT ( 'NONE',  ( -1.671372171108580496, 4.899000000000000021, -0.5992147430800065511 ) ) ;
#2354 =( NAMED_UNIT ( * ) SI_UNIT ( $, .STERADIAN. ) SOLID_ANGLE_UNIT ( ) );
#2355 =( NAMED_UNIT ( * ) SI_UNIT ( $, .STERADIAN. ) SOLID_ANGLE_UNIT ( ) );
#2356 = SURFACE_SIDE_STYLE ('',( #3827 ) ) ;
#2357 = FACE_OUTER_BOUND ( 'NONE', #3150, .T. ) ;
#2358 = ORIENTED_EDGE ( 'NONE', *, *, #4055, .F. ) ;
#2359 = LINE ( 'NONE', #3144, #1461 ) ;
#2360 = ADVANCED_FACE ( 'NONE', ( #3478, #4271 ), #1996, .T. ) ;
#2361 = ORIENTED_EDGE ( 'NONE', *, *, #1114, .T. ) ;
#2362 = ORIENTED_EDGE ( 'NONE', *, *, #4000, .T. ) ;
#2363 = PRESENTATION_LAYER_ASSIGNMENT (  '', '', ( #1910 ) ) ;
#2364 = DIRECTION ( 'NONE',  ( 0.9335804264971999666, 0.0000000000000000000, -0.3583679495453052088 ) ) ;
#2365 = ORIENTED_EDGE ( 'NONE', *, *, #3483, .F. ) ;
#2366 =( NAMED_UNIT ( * ) PLANE_ANGLE_UNIT ( ) SI_UNIT ( $, .RADIAN. ) );
#2367 = CARTESIAN_POINT ( 'NONE',  ( 3.149000000000000465, 1.620000000000000107, 0.6645830389778992764 ) ) ;
#2368 = ORIENTED_EDGE ( 'NONE', *, *, #2145, .T. ) ;
#2369 = CARTESIAN_POINT ( 'NONE',  ( 2.969929242986835138, -0.1000000000000000056, 0.4844451362957269414 ) ) ;
#2370 = STYLED_ITEM ( 'NONE', ( #2706 ), #4302 ) ;
#2371 = EDGE_CURVE ( 'NONE', #2498, #3267, #3958, .T. ) ;
#2372 = FILL_AREA_STYLE_COLOUR ( '', #264 ) ;
#2373 = FACE_OUTER_BOUND ( 'NONE', #2961, .T. ) ;
#2374 = VECTOR ( 'NONE', #3618, 1000.000000000000114 ) ;
#2375 = SURFACE_STYLE_FILL_AREA ( #2086 ) ;
#2376 = STYLED_ITEM ( 'NONE', ( #1299 ), #709 ) ;
#2377 = EDGE_CURVE ( 'NONE', #1104, #2519, #3050, .T. ) ;
#2378 = FACE_OUTER_BOUND ( 'NONE', #3447, .T. ) ;
#2379 =( GEOMETRIC_REPRESENTATION_CONTEXT ( 3 ) GLOBAL_UNCERTAINTY_ASSIGNED_CONTEXT ( ( #2835 ) ) GLOBAL_UNIT_ASSIGNED_CONTEXT ( ( #2327, #339, #2671 ) ) REPRESENTATION_CONTEXT ( 'NONE', 'WORKASPACE' ) );
#2380 = ORIENTED_EDGE ( 'NONE', *, *, #1138, .F. ) ;
#2381 =( NAMED_UNIT ( * ) SI_UNIT ( $, .STERADIAN. ) SOLID_ANGLE_UNIT ( ) );
#2382 = CARTESIAN_POINT ( 'NONE',  ( 0.0000000000000000000, 3.879999999999999893, 0.0000000000000000000 ) ) ;
#2383 = FILL_AREA_STYLE_COLOUR ( '', #2954 ) ;
#2384 = ADVANCED_FACE ( 'NONE', ( #2151, #1264 ), #37, .F. ) ;
#2385 = CYLINDRICAL_SURFACE ( 'NONE', #3964, 2.415000000000000036 ) ;
#2386 = SURFACE_SIDE_STYLE ('',( #2816 ) ) ;
#2387 = ORIENTED_EDGE ( 'NONE', *, *, #4192, .T. ) ;
#2388 = CARTESIAN_POINT ( 'NONE',  ( 1.129999999999999893, 0.0000000000000000000, -3.049999999999999822 ) ) ;
#2389 = PRESENTATION_LAYER_ASSIGNMENT (  '', '', ( #2165 ) ) ;
#2390 =( GEOMETRIC_REPRESENTATION_CONTEXT ( 3 ) GLOBAL_UNCERTAINTY_ASSIGNED_CONTEXT ( ( #2926 ) ) GLOBAL_UNIT_ASSIGNED_CONTEXT ( ( #944, #1321, #2996 ) ) REPRESENTATION_CONTEXT ( 'NONE', 'WORKASPACE' ) );
#2391 = DIRECTION ( 'NONE',  ( 0.9106325762691961367, 0.0000000000000000000, 0.4132170265578689605 ) ) ;
#2392 = EDGE_LOOP ( 'NONE', ( #989, #917, #3383, #2124 ) ) ;
#2393 = FACE_OUTER_BOUND ( 'NONE', #1399, .T. ) ;
#2394 = DIRECTION ( 'NONE',  ( -0.0000000000000000000, -1.000000000000000000, -0.0000000000000000000 ) ) ;
#2395 = LINE ( 'NONE', #4170, #4095 ) ;
#2396 = EDGE_CURVE ( 'NONE', #1099, #1587, #2636, .T. ) ;
#2397 = PRESENTATION_STYLE_ASSIGNMENT (( #2106 ) ) ;
#2398 = DIRECTION ( 'NONE',  ( -1.000000000000000000, 0.0000000000000000000, 0.0000000000000000000 ) ) ;
#2399 = VECTOR ( 'NONE', #3857, 1000.000000000000000 ) ;
#2400 = SURFACE_SIDE_STYLE ('',( #4194 ) ) ;
#2401 = EDGE_CURVE ( 'NONE', #2617, #3367, #1725, .T. ) ;
#2402 = CARTESIAN_POINT ( 'NONE',  ( 3.710284067798496288, 1.620000000000000107, -0.6079689776603193208 ) ) ;
#2403 = FILL_AREA_STYLE_COLOUR ( '', #2496 ) ;
#2404 = VECTOR ( 'NONE', #2880, 1000.000000000000000 ) ;
#2405 = CARTESIAN_POINT ( 'NONE',  ( -1.502358086601538023, 4.899000000000000021, -0.3014594613898659015 ) ) ;
#2406 = DIRECTION ( 'NONE',  ( 0.0000000000000000000, 1.000000000000000000, 0.0000000000000000000 ) ) ;
#2407 = UNCERTAINTY_MEASURE_WITH_UNIT (LENGTH_MEASURE( 1.000000000000000082E-05 ), #1643, 'distance_accuracy_value', 'NONE');
#2408 =( NAMED_UNIT ( * ) SI_UNIT ( $, .STERADIAN. ) SOLID_ANGLE_UNIT ( ) );
#2409 = DIRECTION ( 'NONE',  ( 0.0000000000000000000, 0.0000000000000000000, -1.000000000000000000 ) ) ;
#2410 = MECHANICAL_DESIGN_GEOMETRIC_PRESENTATION_REPRESENTATION (  '', ( #1964 ), #2645 ) ;
#2411 = CARTESIAN_POINT ( 'NONE',  ( 3.710284067798497176, 1.620000000000000107, 0.6079689776603197648 ) ) ;
#2412 = ORIENTED_EDGE ( 'NONE', *, *, #4306, .F. ) ;
#2413 = LINE ( 'NONE', #3119, #659 ) ;
#2414 = EDGE_CURVE ( 'NONE', #1079, #3056, #3533, .T. ) ;
#2415 = FACE_OUTER_BOUND ( 'NONE', #1350, .T. ) ;
#2416 = ORIENTED_EDGE ( 'NONE', *, *, #60, .T. ) ;
#2417 = FILL_AREA_STYLE_COLOUR ( '', #773 ) ;
#2418 = MECHANICAL_DESIGN_GEOMETRIC_PRESENTATION_REPRESENTATION (  '', ( #1738 ), #2656 ) ;
#2419 = DIRECTION ( 'NONE',  ( 0.0000000000000000000, 0.0000000000000000000, -1.000000000000000000 ) ) ;
#2420 = VECTOR ( 'NONE', #102, 1000.000000000000000 ) ;
#2421 = CARTESIAN_POINT ( 'NONE',  ( 0.0000000000000000000, 1.520000000000000018, 0.0000000000000000000 ) ) ;
#2422 = SURFACE_STYLE_USAGE ( .BOTH. , #100 ) ;
#2423 = FACE_OUTER_BOUND ( 'NONE', #1210, .T. ) ;
#2424 = UNCERTAINTY_MEASURE_WITH_UNIT (LENGTH_MEASURE( 1.000000000000000082E-05 ), #1263, 'distance_accuracy_value', 'NONE');
#2425 = MECHANICAL_DESIGN_GEOMETRIC_PRESENTATION_REPRESENTATION (  '', ( #1748 ), #2665 ) ;
#2426 =( GEOMETRIC_REPRESENTATION_CONTEXT ( 3 ) GLOBAL_UNCERTAINTY_ASSIGNED_CONTEXT ( ( #1276 ) ) GLOBAL_UNIT_ASSIGNED_CONTEXT ( ( #3734, #4072, #2042 ) ) REPRESENTATION_CONTEXT ( 'NONE', 'WORKASPACE' ) );
#2427 = COLOUR_RGB ( '',0.09803921568627450844, 0.09803921568627450844, 0.09803921568627450844 ) ;
#2428 = STYLED_ITEM ( 'NONE', ( #1120 ), #2963 ) ;
#2429 = FILL_AREA_STYLE_COLOUR ( '', #3592 ) ;
#2430 = ORIENTED_EDGE ( 'NONE', *, *, #3928, .T. ) ;
#2431 = DIRECTION ( 'NONE',  ( 0.0000000000000000000, -0.0000000000000000000, -1.000000000000000000 ) ) ;
#2432 = SURFACE_STYLE_FILL_AREA ( #3360 ) ;
#2433 = DIRECTION ( 'NONE',  ( 0.8242666277543647668, -5.189991611788086812E-15, -0.5662018424294003038 ) ) ;
#2434 = VECTOR ( 'NONE', #428, 1000.000000000000000 ) ;
#2435 =( NAMED_UNIT ( * ) SI_UNIT ( $, .STERADIAN. ) SOLID_ANGLE_UNIT ( ) );
#2436 = DIRECTION ( 'NONE',  ( 0.0000000000000000000, 0.0000000000000000000, -1.000000000000000000 ) ) ;
#2437 = PRESENTATION_LAYER_ASSIGNMENT (  '', '', ( #2179 ) ) ;
#2438 = VERTEX_POINT ( 'NONE', #414 ) ;
#2439 = CARTESIAN_POINT ( 'NONE',  ( 1.112558308597786594, 4.899000000000003574, 0.006823277960718229784 ) ) ;
#2440 = LINE ( 'NONE', #3603, #4142 ) ;
#2441 = LINE ( 'NONE', #2678, #4250 ) ;
#2442 = ORIENTED_EDGE ( 'NONE', *, *, #1883, .F. ) ;
#2443 = SURFACE_STYLE_FILL_AREA ( #3788 ) ;
#2444 =( LENGTH_UNIT ( ) NAMED_UNIT ( * ) SI_UNIT ( .MILLI., .METRE. ) );
#2445 =( NAMED_UNIT ( * ) PLANE_ANGLE_UNIT ( ) SI_UNIT ( $, .RADIAN. ) );
#2446 = VECTOR ( 'NONE', #577, 1000.000000000000000 ) ;
#2447 = SURFACE_STYLE_USAGE ( .BOTH. , #129 ) ;
#2448 = VERTEX_POINT ( 'NONE', #3746 ) ;
#2449 = SURFACE_STYLE_USAGE ( .BOTH. , #131 ) ;
#2450 = SURFACE_STYLE_FILL_AREA ( #4314 ) ;
#2451 = DIRECTION ( 'NONE',  ( 0.9106325762691961367, 0.0000000000000000000, 0.4132170265578689605 ) ) ;
#2452 = FILL_AREA_STYLE ('',( #1466 ) ) ;
#2453 = EDGE_CURVE ( 'NONE', #543, #3886, #857, .T. ) ;
#2454 = AXIS2_PLACEMENT_3D ( 'NONE', #235, #574, #2561 ) ;
#2455 = FILL_AREA_STYLE ('',( #472 ) ) ;
#2456 =( GEOMETRIC_REPRESENTATION_CONTEXT ( 3 ) GLOBAL_UNCERTAINTY_ASSIGNED_CONTEXT ( ( #3197 ) ) GLOBAL_UNIT_ASSIGNED_CONTEXT ( ( #2859, #533, #2516 ) ) REPRESENTATION_CONTEXT ( 'NONE', 'WORKASPACE' ) );
#2457 = EDGE_CURVE ( 'NONE', #1732, #1032, #752, .T. ) ;
#2458 = MECHANICAL_DESIGN_GEOMETRIC_PRESENTATION_REPRESENTATION (  '', ( #3860 ), #2695 ) ;
#2459 = PLANE ( 'NONE',  #1336 ) ;
#2460 = FILL_AREA_STYLE_COLOUR ( '', #2077 ) ;
#2461 = EDGE_LOOP ( 'NONE', ( #2545, #1572, #3495, #2815 ) ) ;
#2462 = CARTESIAN_POINT ( 'NONE',  ( -3.710284067798497176, 1.620000000000000107, 0.6079689776603196538 ) ) ;
#2463 = CARTESIAN_POINT ( 'NONE',  ( -1.671372171108580496, 4.899000000000000021, -0.5008432642067672802 ) ) ;
#2464 = ORIENTED_EDGE ( 'NONE', *, *, #3422, .F. ) ;
#2465 = VERTEX_POINT ( 'NONE', #3418 ) ;
#2466 = PRESENTATION_STYLE_ASSIGNMENT (( #21 ) ) ;
#2467 =( NAMED_UNIT ( * ) PLANE_ANGLE_UNIT ( ) SI_UNIT ( $, .RADIAN. ) );
#2468 = PRESENTATION_LAYER_ASSIGNMENT (  '', '', ( #2016 ) ) ;
#2469 = VERTEX_POINT ( 'NONE', #1726 ) ;
#2470 =( LENGTH_UNIT ( ) NAMED_UNIT ( * ) SI_UNIT ( .MILLI., .METRE. ) );
#2471 = EDGE_LOOP ( 'NONE', ( #3708, #832, #3044, #2823 ) ) ;
#2472 = FACE_OUTER_BOUND ( 'NONE', #1471, .T. ) ;
#2473 = PLANE ( 'NONE',  #2865 ) ;
#2474 = VECTOR ( 'NONE', #1566, 1000.000000000000000 ) ;
#2475 = CARTESIAN_POINT ( 'NONE',  ( -0.1924989316719607491, 4.899000000000000021, 0.1131532146664721572 ) ) ;
#2476 = EDGE_CURVE ( 'NONE', #582, #3480, #1515, .T. ) ;
#2477 = FILL_AREA_STYLE_COLOUR ( '', #667 ) ;
#2478 =( LENGTH_UNIT ( ) NAMED_UNIT ( * ) SI_UNIT ( .MILLI., .METRE. ) );
#2479 = ORIENTED_EDGE ( 'NONE', *, *, #121, .T. ) ;
#2480 = STYLED_ITEM ( 'NONE', ( #91 ), #364 ) ;
#2481 = COLOUR_RGB ( '',0.09803921568627450844, 0.09803921568627450844, 0.09803921568627450844 ) ;
#2482 = EDGE_CURVE ( 'NONE', #3888, #1049, #2413, .T. ) ;
#2483 = STYLED_ITEM ( 'NONE', ( #4121 ), #3278 ) ;
#2484 = PRESENTATION_LAYER_ASSIGNMENT (  '', '', ( #2722 ) ) ;
#2485 = ORIENTED_EDGE ( 'NONE', *, *, #1546, .T. ) ;
#2486 = DIRECTION ( 'NONE',  ( 0.0000000000000000000, 0.0000000000000000000, -1.000000000000000000 ) ) ;
#2487 = ORIENTED_EDGE ( 'NONE', *, *, #3937, .F. ) ;
#2488 =( NAMED_UNIT ( * ) SI_UNIT ( $, .STERADIAN. ) SOLID_ANGLE_UNIT ( ) );
#2489 = COLOUR_RGB ( '',0.09803921568627450844, 0.09803921568627450844, 0.09803921568627450844 ) ;
#2490 =( LENGTH_UNIT ( ) NAMED_UNIT ( * ) SI_UNIT ( .MILLI., .METRE. ) );
#2491 = EDGE_LOOP ( 'NONE', ( #3727, #4165, #2285, #1342, #3581 ) ) ;
#2492 = DIRECTION ( 'NONE',  ( -0.0000000000000000000, 1.000000000000000000, -0.0000000000000000000 ) ) ;
#2493 = CARTESIAN_POINT ( 'NONE',  ( -1.671372171108580496, 4.899999999999999467, 1.344447228750979662 ) ) ;
#2494 = CARTESIAN_POINT ( 'NONE',  ( 2.895000000000000462, 0.0000000000000000000, 0.6645830389778991654 ) ) ;
#2495 = STYLED_ITEM ( 'NONE', ( #1711 ), #3656 ) ;
#2496 = COLOUR_RGB ( '',1.000000000000000000, 1.000000000000000000, 1.000000000000000000 ) ;
#2497 =( NAMED_UNIT ( * ) PLANE_ANGLE_UNIT ( ) SI_UNIT ( $, .RADIAN. ) );
#2498 = VERTEX_POINT ( 'NONE', #3089 ) ;
#2499 = CARTESIAN_POINT ( 'NONE',  ( 3.710284067798496288, 0.0000000000000000000, 0.6079689776603193208 ) ) ;
#2500 = LINE ( 'NONE', #478, #1498 ) ;
#2501 = PRESENTATION_STYLE_ASSIGNMENT (( #1307 ) ) ;
#2502 = PRESENTATION_STYLE_ASSIGNMENT (( #1948 ) ) ;
#2503 = VERTEX_POINT ( 'NONE', #753 ) ;
#2504 = CARTESIAN_POINT ( 'NONE',  ( 3.710284067798496288, -0.1000000000000000056, 0.6079689776603193208 ) ) ;
#2505 = MECHANICAL_DESIGN_GEOMETRIC_PRESENTATION_REPRESENTATION (  '', ( #2055 ), #2736 ) ;
#2506 = CARTESIAN_POINT ( 'NONE',  ( -1.502358086601538245, 4.899000000000000021, -0.5992147430800065511 ) ) ;
#2507 = UNCERTAINTY_MEASURE_WITH_UNIT (LENGTH_MEASURE( 1.000000000000000082E-05 ), #853, 'distance_accuracy_value', 'NONE');
#2508 = SURFACE_STYLE_USAGE ( .BOTH. , #1153 ) ;
#2509 = DIRECTION ( 'NONE',  ( -0.0000000000000000000, -1.000000000000000000, -0.0000000000000000000 ) ) ;
#2510 = DIRECTION ( 'NONE',  ( -0.0000000000000000000, -1.000000000000000000, -0.0000000000000000000 ) ) ;
#2511 = SURFACE_STYLE_USAGE ( .BOTH. , #188 ) ;
#2512 = EDGE_CURVE ( 'NONE', #2999, #259, #4112, .T. ) ;
#2513 =( LENGTH_UNIT ( ) NAMED_UNIT ( * ) SI_UNIT ( .MILLI., .METRE. ) );
#2514 = AXIS2_PLACEMENT_3D ( 'NONE', #3411, #1381, #3749 ) ;
#2515 = SURFACE_STYLE_FILL_AREA ( #4252 ) ;
#2516 =( NAMED_UNIT ( * ) SI_UNIT ( $, .STERADIAN. ) SOLID_ANGLE_UNIT ( ) );
#2517 = EDGE_LOOP ( 'NONE', ( #1641, #1970, #1893, #2479 ) ) ;
#2518 = VECTOR ( 'NONE', #3060, 1000.000000000000000 ) ;
#2519 = VERTEX_POINT ( 'NONE', #1074 ) ;
#2520 = DIRECTION ( 'NONE',  ( 0.0000000000000000000, 0.0000000000000000000, 1.000000000000000000 ) ) ;
#2521 = CARTESIAN_POINT ( 'NONE',  ( 0.0000000000000000000, 0.0000000000000000000, 0.0000000000000000000 ) ) ;
#2522 = FILL_AREA_STYLE ('',( #186 ) ) ;
#2523 =( NAMED_UNIT ( * ) PLANE_ANGLE_UNIT ( ) SI_UNIT ( $, .RADIAN. ) );
#2524 = VERTEX_POINT ( 'NONE', #1404 ) ;
#2525 = FILL_AREA_STYLE_COLOUR ( '', #959 ) ;
#2526 = STYLED_ITEM ( 'NONE', ( #3242 ), #1650 ) ;
#2527 = LINE ( 'NONE', #4283, #3214 ) ;
#2528 = CIRCLE ( 'NONE', #1149, 2.415000000000000036 ) ;
#2529 = DIRECTION ( 'NONE',  ( 0.0000000000000000000, -0.0000000000000000000, 1.000000000000000000 ) ) ;
#2530 = SURFACE_STYLE_FILL_AREA ( #3904 ) ;
#2531 = PLANE ( 'NONE',  #6 ) ;
#2532 = CARTESIAN_POINT ( 'NONE',  ( -1.545601924629707247, 4.899000000000000021, -0.5008432642067672802 ) ) ;
#2533 = EDGE_CURVE ( 'NONE', #2469, #3768, #1413, .T. ) ;
#2534 =( NAMED_UNIT ( * ) PLANE_ANGLE_UNIT ( ) SI_UNIT ( $, .RADIAN. ) );
#2535 = CARTESIAN_POINT ( 'NONE',  ( 2.895000000000000462, 1.620000000000000107, -0.6645830389778992764 ) ) ;
#2536 = CARTESIAN_POINT ( 'NONE',  ( 3.656528875366700682, -0.1000000000000000056, -0.7480060416348992547 ) ) ;
#2537 = EDGE_CURVE ( 'NONE', #3643, #501, #3426, .T. ) ;
#2538 = EDGE_LOOP ( 'NONE', ( #3975, #4139, #1108, #2674, #2922, #4065, #3053 ) ) ;
#2539 = AXIS2_PLACEMENT_3D ( 'NONE', #3277, #1915, #1823 ) ;
#2540 = FILL_AREA_STYLE_COLOUR ( '', #2307 ) ;
#2541 = LINE ( 'NONE', #749, #2434 ) ;
#2542 = UNCERTAINTY_MEASURE_WITH_UNIT (LENGTH_MEASURE( 1.000000000000000082E-05 ), #1271, 'distance_accuracy_value', 'NONE');
#2543 = AXIS2_PLACEMENT_3D ( 'NONE', #2723, #2654, #715 ) ;
#2544 = DIRECTION ( 'NONE',  ( -0.0000000000000000000, 1.000000000000000000, -0.0000000000000000000 ) ) ;
#2545 = ORIENTED_EDGE ( 'NONE', *, *, #110, .F. ) ;
#2546 = SURFACE_STYLE_FILL_AREA ( #2782 ) ;
#2547 = VECTOR ( 'NONE', #1588, 1000.000000000000114 ) ;
#2548 = DIRECTION ( 'NONE',  ( 0.0000000000000000000, 1.000000000000000000, 0.0000000000000000000 ) ) ;
#2549 =( GEOMETRIC_REPRESENTATION_CONTEXT ( 3 ) GLOBAL_UNCERTAINTY_ASSIGNED_CONTEXT ( ( #192 ) ) GLOBAL_UNIT_ASSIGNED_CONTEXT ( ( #578, #2900, #911 ) ) REPRESENTATION_CONTEXT ( 'NONE', 'WORKASPACE' ) );
#2550 = VECTOR ( 'NONE', #788, 1000.000000000000000 ) ;
#2551 = PLANE ( 'NONE',  #912 ) ;
#2552 =( NAMED_UNIT ( * ) PLANE_ANGLE_UNIT ( ) SI_UNIT ( $, .RADIAN. ) );
#2553 = STYLED_ITEM ( 'NONE', ( #1701 ), #3969 ) ;
#2554 = VECTOR ( 'NONE', #1222, 1000.000000000000000 ) ;
#2555 = CARTESIAN_POINT ( 'NONE',  ( -4.445000000000000284, 0.0000000000000000000, -3.049999999999999822 ) ) ;
#2556 = CARTESIAN_POINT ( 'NONE',  ( 0.8902651747949696937, 4.899000000000005350, 0.009684193453676076535 ) ) ;
#2557 = ORIENTED_EDGE ( 'NONE', *, *, #26, .T. ) ;
#2558 =( NAMED_UNIT ( * ) PLANE_ANGLE_UNIT ( ) SI_UNIT ( $, .RADIAN. ) );
#2559 = UNCERTAINTY_MEASURE_WITH_UNIT (LENGTH_MEASURE( 1.000000000000000082E-05 ), #840, 'distance_accuracy_value', 'NONE');
#2560 = FILL_AREA_STYLE_COLOUR ( '', #4216 ) ;
#2561 = DIRECTION ( 'NONE',  ( 0.0000000000000000000, 0.0000000000000000000, 1.000000000000000000 ) ) ;
#2562 = EDGE_CURVE ( 'NONE', #3367, #205, #3208, .T. ) ;
#2563 = CARTESIAN_POINT ( 'NONE',  ( -0.1924989316719607491, 4.899000000000000021, 1.265551982272106191 ) ) ;
#2564 =( NAMED_UNIT ( * ) SI_UNIT ( $, .STERADIAN. ) SOLID_ANGLE_UNIT ( ) );
#2565 = SURFACE_STYLE_USAGE ( .BOTH. , #241 ) ;
#2566 =( NAMED_UNIT ( * ) PLANE_ANGLE_UNIT ( ) SI_UNIT ( $, .RADIAN. ) );
#2567 =( GEOMETRIC_REPRESENTATION_CONTEXT ( 3 ) GLOBAL_UNCERTAINTY_ASSIGNED_CONTEXT ( ( #3302 ) ) GLOBAL_UNIT_ASSIGNED_CONTEXT ( ( #1814, #4187, #569 ) ) REPRESENTATION_CONTEXT ( 'NONE', 'WORKASPACE' ) );
#2568 = ORIENTED_EDGE ( 'NONE', *, *, #3398, .T. ) ;
#2569 = CARTESIAN_POINT ( 'NONE',  ( -1.502358086601538023, 4.899000000000000021, 1.344447228750979662 ) ) ;
#2570 = EDGE_CURVE ( 'NONE', #4188, #3153, #3315, .T. ) ;
#2571 = STYLED_ITEM ( 'NONE', ( #3275 ), #2005 ) ;
#2572 = AXIS2_PLACEMENT_3D ( 'NONE', #68, #2398, #416 ) ;
#2573 = PLANE ( 'NONE',  #4084 ) ;
#2574 = ORIENTED_EDGE ( 'NONE', *, *, #2257, .F. ) ;
#2575 = CIRCLE ( 'NONE', #2833, 0.2539999999999998925 ) ;
#2576 = DIRECTION ( 'NONE',  ( 0.0000000000000000000, 0.0000000000000000000, 1.000000000000000000 ) ) ;
#2577 = ORIENTED_EDGE ( 'NONE', *, *, #1080, .F. ) ;
#2578 =( LENGTH_UNIT ( ) NAMED_UNIT ( * ) SI_UNIT ( .MILLI., .METRE. ) );
#2579 = ADVANCED_FACE ( 'NONE', ( #2210 ), #780, .T. ) ;
#2580 = SURFACE_STYLE_FILL_AREA ( #2882 ) ;
#2581 = STYLED_ITEM ( 'NONE', ( #120 ), #3605 ) ;
#2582 = SURFACE_SIDE_STYLE ('',( #1548 ) ) ;
#2583 = VERTEX_POINT ( 'NONE', #2780 ) ;
#2584 = SURFACE_STYLE_USAGE ( .BOTH. , #254 ) ;
#2585 = CARTESIAN_POINT ( 'NONE',  ( 0.8902651747949696937, 4.900000000000004796, 0.01368947514381675841 ) ) ;
#2586 = CARTESIAN_POINT ( 'NONE',  ( 2.964890873917082725, 0.0000000000000000000, -0.4825110876146141425 ) ) ;
#2587 = LINE ( 'NONE', #3599, #30 ) ;
#2588 = DIRECTION ( 'NONE',  ( -0.0000000000000000000, 1.000000000000000000, -0.0000000000000000000 ) ) ;
#2589 = ADVANCED_FACE ( 'NONE', ( #2685 ), #3474, .F. ) ;
#2590 = CARTESIAN_POINT ( 'NONE',  ( 1.663570632541448546, 4.899000000000000021, 0.5658461652846619172 ) ) ;
#2591 =( NAMED_UNIT ( * ) PLANE_ANGLE_UNIT ( ) SI_UNIT ( $, .RADIAN. ) );
#2592 = MECHANICAL_DESIGN_GEOMETRIC_PRESENTATION_REPRESENTATION (  '', ( #1910 ), #2818 ) ;
#2593 = CARTESIAN_POINT ( 'NONE',  ( 3.186270266752711411, 1.620000000000000107, 0.5674906746221899390 ) ) ;
#2594 = ORIENTED_EDGE ( 'NONE', *, *, #589, .F. ) ;
#2595 = CARTESIAN_POINT ( 'NONE',  ( -1.502358086601538023, 4.899999999999999467, 1.344447228750979662 ) ) ;
#2596 = LINE ( 'NONE', #20, #821 ) ;
#2597 = LINE ( 'NONE', #1121, #40 ) ;
#2598 = DIRECTION ( 'NONE',  ( 0.0000000000000000000, 1.000000000000000000, 0.0000000000000000000 ) ) ;
#2599 = CARTESIAN_POINT ( 'NONE',  ( -1.502358086601538245, 4.899999999999999467, -0.5992147430800065511 ) ) ;
#2600 = VERTEX_POINT ( 'NONE', #1668 ) ;
#2601 = VERTEX_POINT ( 'NONE', #1137 ) ;
#2602 = AXIS2_PLACEMENT_3D ( 'NONE', #3836, #1795, #4169 ) ;
#2603 = DIRECTION ( 'NONE',  ( 0.9335804264971998556, 0.0000000000000000000, -0.3583679495453050978 ) ) ;
#2604 = EDGE_CURVE ( 'NONE', #3268, #3390, #2359, .T. ) ;
#2605 = PRESENTATION_STYLE_ASSIGNMENT (( #165 ) ) ;
#2606 = UNCERTAINTY_MEASURE_WITH_UNIT (LENGTH_MEASURE( 1.000000000000000082E-05 ), #1833, 'distance_accuracy_value', 'NONE');
#2607 = ORIENTED_EDGE ( 'NONE', *, *, #1172, .F. ) ;
#2608 =( NAMED_UNIT ( * ) PLANE_ANGLE_UNIT ( ) SI_UNIT ( $, .RADIAN. ) );
#2609 = AXIS2_PLACEMENT_3D ( 'NONE', #2304, #4333, #1962 ) ;
#2610 = FACE_OUTER_BOUND ( 'NONE', #1620, .T. ) ;
#2611 =( NAMED_UNIT ( * ) PLANE_ANGLE_UNIT ( ) SI_UNIT ( $, .RADIAN. ) );
#2612 = ORIENTED_EDGE ( 'NONE', *, *, #2650, .F. ) ;
#2613 = EDGE_CURVE ( 'NONE', #1884, #3620, #3264, .T. ) ;
#2614 = CARTESIAN_POINT ( 'NONE',  ( 2.957522019940858226E-16, 0.5000000000000000000, -2.415000000000000036 ) ) ;
#2615 = LINE ( 'NONE', #1617, #530 ) ;
#2616 = LINE ( 'NONE', #4303, #53 ) ;
#2617 = VERTEX_POINT ( 'NONE', #492 ) ;
#2618 = ADVANCED_FACE ( 'NONE', ( #593 ), #2825, .F. ) ;
#2619 = LINE ( 'NONE', #990, #4318 ) ;
#2620 = FILL_AREA_STYLE ('',( #2275 ) ) ;
#2621 = FACE_OUTER_BOUND ( 'NONE', #570, .T. ) ;
#2622 = CARTESIAN_POINT ( 'NONE',  ( 0.8902651747949696937, 4.899000000000005350, 0.009684193453676076535 ) ) ;
#2623 = MECHANICAL_DESIGN_GEOMETRIC_PRESENTATION_REPRESENTATION (  '', ( #2165 ), #2841 ) ;
#2624 =( LENGTH_UNIT ( ) NAMED_UNIT ( * ) SI_UNIT ( .MILLI., .METRE. ) );
#2625 = UNCERTAINTY_MEASURE_WITH_UNIT (LENGTH_MEASURE( 1.000000000000000082E-05 ), #1076, 'distance_accuracy_value', 'NONE');
#2626 = CARTESIAN_POINT ( 'NONE',  ( 1.663570632541448546, 4.899000000000000021, 0.5658461652846619172 ) ) ;
#2627 = SURFACE_SIDE_STYLE ('',( #3646 ) ) ;
#2628 = CARTESIAN_POINT ( 'NONE',  ( -2.969929242986835138, 1.620000000000000107, 0.4844451362957269414 ) ) ;
#2629 = EDGE_CURVE ( 'NONE', #2465, #1044, #4181, .T. ) ;
#2630 = SURFACE_STYLE_USAGE ( .BOTH. , #638 ) ;
#2631 = VERTEX_POINT ( 'NONE', #976 ) ;
#2632 = LINE ( 'NONE', #1175, #1722 ) ;
#2633 = EDGE_CURVE ( 'NONE', #3322, #750, #1483, .T. ) ;
#2634 = ORIENTED_EDGE ( 'NONE', *, *, #1333, .F. ) ;
#2635 = CARTESIAN_POINT ( 'NONE',  ( -1.502358086601538023, 4.899000000000000021, 1.344447228750979662 ) ) ;
#2636 = LINE ( 'NONE', #728, #75 ) ;
#2637 = ORIENTED_EDGE ( 'NONE', *, *, #1408, .F. ) ;
#2638 = CARTESIAN_POINT ( 'NONE',  ( 0.0000000000000000000, 3.879999999999999893, 0.0000000000000000000 ) ) ;
#2639 = FILL_AREA_STYLE_COLOUR ( '', #2857 ) ;
#2640 = VERTEX_POINT ( 'NONE', #2494 ) ;
#2641 = SURFACE_STYLE_USAGE ( .BOTH. , #313 ) ;
#2642 = STYLED_ITEM ( 'NONE', ( #2195 ), #1369 ) ;
#2643 = SURFACE_STYLE_FILL_AREA ( #664 ) ;
#2644 = VECTOR ( 'NONE', #481, 1000.000000000000000 ) ;
#2645 =( GEOMETRIC_REPRESENTATION_CONTEXT ( 3 ) GLOBAL_UNCERTAINTY_ASSIGNED_CONTEXT ( ( #1973 ) ) GLOBAL_UNIT_ASSIGNED_CONTEXT ( ( #2095, #118, #2435 ) ) REPRESENTATION_CONTEXT ( 'NONE', 'WORKASPACE' ) );
#2646 = SURFACE_STYLE_USAGE ( .BOTH. , #320 ) ;
#2647 = SURFACE_STYLE_USAGE ( .BOTH. , #323 ) ;
#2648 = UNCERTAINTY_MEASURE_WITH_UNIT (LENGTH_MEASURE( 1.000000000000000082E-05 ), #1670, 'distance_accuracy_value', 'NONE');
#2649 = FACE_OUTER_BOUND ( 'NONE', #2738, .T. ) ;
#2650 = EDGE_CURVE ( 'NONE', #4068, #3048, #1585, .T. ) ;
#2651 = CARTESIAN_POINT ( 'NONE',  ( -1.502358086601538023, 4.899000000000000021, -0.3014594613898659015 ) ) ;
#2652 = COLOUR_RGB ( '',0.7960784313725489669, 0.8235294117647058432, 0.9372549019607843146 ) ;
#2653 = ORIENTED_EDGE ( 'NONE', *, *, #1950, .F. ) ;
#2654 = DIRECTION ( 'NONE',  ( 0.0000000000000000000, 1.000000000000000000, -0.0000000000000000000 ) ) ;
#2655 =( NAMED_UNIT ( * ) SI_UNIT ( $, .STERADIAN. ) SOLID_ANGLE_UNIT ( ) );
#2656 =( GEOMETRIC_REPRESENTATION_CONTEXT ( 3 ) GLOBAL_UNCERTAINTY_ASSIGNED_CONTEXT ( ( #286 ) ) GLOBAL_UNIT_ASSIGNED_CONTEXT ( ( #127, #2445, #465 ) ) REPRESENTATION_CONTEXT ( 'NONE', 'WORKASPACE' ) );
#2657 = PLANE ( 'NONE',  #1846 ) ;
#2658 = ADVANCED_FACE ( 'NONE', ( #2378 ), #3356, .T. ) ;
#2659 = VECTOR ( 'NONE', #1058, 1000.000000000000000 ) ;
#2660 = VECTOR ( 'NONE', #1109, 1000.000000000000000 ) ;
#2661 = CARTESIAN_POINT ( 'NONE',  ( -2.969929242986834694, -0.1000000000000000056, 0.4844451362957267748 ) ) ;
#2662 = ORIENTED_EDGE ( 'NONE', *, *, #2314, .F. ) ;
#2663 = VECTOR ( 'NONE', #4226, 1000.000000000000000 ) ;
#2664 = PRESENTATION_STYLE_ASSIGNMENT (( #2584 ) ) ;
#2665 =( GEOMETRIC_REPRESENTATION_CONTEXT ( 3 ) GLOBAL_UNCERTAINTY_ASSIGNED_CONTEXT ( ( #1006 ) ) GLOBAL_UNIT_ASSIGNED_CONTEXT ( ( #4150, #1778, #3808 ) ) REPRESENTATION_CONTEXT ( 'NONE', 'WORKASPACE' ) );
#2666 = ORIENTED_EDGE ( 'NONE', *, *, #336, .F. ) ;
#2667 = VECTOR ( 'NONE', #4300, 1000.000000000000000 ) ;
#2668 = AXIS2_PLACEMENT_3D ( 'NONE', #2339, #357, #2684 ) ;
#2669 =( LENGTH_UNIT ( ) NAMED_UNIT ( * ) SI_UNIT ( .MILLI., .METRE. ) );
#2670 = LINE ( 'NONE', #2784, #2550 ) ;
#2671 =( NAMED_UNIT ( * ) SI_UNIT ( $, .STERADIAN. ) SOLID_ANGLE_UNIT ( ) );
#2672 = VECTOR ( 'NONE', #2201, 1000.000000000000000 ) ;
#2673 = CARTESIAN_POINT ( 'NONE',  ( -3.656528875366701570, 1.620000000000000107, 0.7480060416348995878 ) ) ;
#2674 = ORIENTED_EDGE ( 'NONE', *, *, #2482, .T. ) ;
#2675 = DIRECTION ( 'NONE',  ( -0.0000000000000000000, 1.000000000000000000, -0.0000000000000000000 ) ) ;
#2676 = MECHANICAL_DESIGN_GEOMETRIC_PRESENTATION_REPRESENTATION (  '', ( #2179 ), #2886 ) ;
#2677 = CARTESIAN_POINT ( 'NONE',  ( -1.502358086601538245, 4.899000000000000021, -1.273290447305358786 ) ) ;
#2678 = CARTESIAN_POINT ( 'NONE',  ( -0.1924989316719607491, 4.899999999999999467, 0.2937209963566130289 ) ) ;
#2679 = ADVANCED_FACE ( 'NONE', ( #1960 ), #225, .T. ) ;
#2680 =( LENGTH_UNIT ( ) NAMED_UNIT ( * ) SI_UNIT ( .MILLI., .METRE. ) );
#2681 = SURFACE_STYLE_FILL_AREA ( #3545 ) ;
#2682 = CARTESIAN_POINT ( 'NONE',  ( 3.656528875366700682, 1.620000000000000107, 0.7480060416348992547 ) ) ;
#2683 = ORIENTED_EDGE ( 'NONE', *, *, #2995, .F. ) ;
#2684 = DIRECTION ( 'NONE',  ( 0.0000000000000000000, 0.0000000000000000000, -1.000000000000000000 ) ) ;
#2685 = FACE_OUTER_BOUND ( 'NONE', #2392, .T. ) ;
#2686 = PLANE ( 'NONE',  #4277 ) ;
#2687 = ORIENTED_EDGE ( 'NONE', *, *, #1653, .F. ) ;
#2688 = EDGE_CURVE ( 'NONE', #2030, #750, #3437, .T. ) ;
#2689 = VERTEX_POINT ( 'NONE', #2536 ) ;
#2690 = AXIS2_PLACEMENT_3D ( 'NONE', #2834, #1164, #3171 ) ;
#2691 = PRESENTATION_LAYER_ASSIGNMENT (  '', '', ( #2908 ) ) ;
#2692 = ORIENTED_EDGE ( 'NONE', *, *, #1579, .T. ) ;
#2693 = DIRECTION ( 'NONE',  ( -0.0000000000000000000, -1.000000000000000000, -0.0000000000000000000 ) ) ;
#2694 = EDGE_CURVE ( 'NONE', #2708, #79, #1638, .T. ) ;
#2695 =( GEOMETRIC_REPRESENTATION_CONTEXT ( 3 ) GLOBAL_UNCERTAINTY_ASSIGNED_CONTEXT ( ( #2970 ) ) GLOBAL_UNIT_ASSIGNED_CONTEXT ( ( #282, #2611, #618 ) ) REPRESENTATION_CONTEXT ( 'NONE', 'WORKASPACE' ) );
#2696 = PRESENTATION_STYLE_ASSIGNMENT (( #249 ) ) ;
#2697 = CARTESIAN_POINT ( 'NONE',  ( 2.895000000000000018, 0.0000000000000000000, -1.127293717617243063 ) ) ;
#2698 = DIRECTION ( 'NONE',  ( 0.0000000000000000000, 0.0000000000000000000, -1.000000000000000000 ) ) ;
#2699 = ADVANCED_FACE ( 'NONE', ( #4235 ), #1227, .F. ) ;
#2700 = LINE ( 'NONE', #2740, #141 ) ;
#2701 = SURFACE_STYLE_USAGE ( .BOTH. , #1036 ) ;
#2702 = VECTOR ( 'NONE', #3169, 1000.000000000000000 ) ;
#2703 =( LENGTH_UNIT ( ) NAMED_UNIT ( * ) SI_UNIT ( .MILLI., .METRE. ) );
#2704 = MECHANICAL_DESIGN_GEOMETRIC_PRESENTATION_REPRESENTATION (  '', ( #2016 ), #2925 ) ;
#2705 = ORIENTED_EDGE ( 'NONE', *, *, #4055, .T. ) ;
#2706 = PRESENTATION_STYLE_ASSIGNMENT (( #3506 ) ) ;
#2707 = EDGE_LOOP ( 'NONE', ( #2753, #2711, #4060, #3837 ) ) ;
#2708 = VERTEX_POINT ( 'NONE', #1544 ) ;
#2709 = LINE ( 'NONE', #3854, #627 ) ;
#2710 = DIRECTION ( 'NONE',  ( -1.000000000000000000, 0.0000000000000000000, 0.0000000000000000000 ) ) ;
#2711 = ORIENTED_EDGE ( 'NONE', *, *, #4, .F. ) ;
#2712 = DIRECTION ( 'NONE',  ( 0.0000000000000000000, 0.0000000000000000000, 1.000000000000000000 ) ) ;
#2713 = PRESENTATION_STYLE_ASSIGNMENT (( #404 ) ) ;
#2714 = ORIENTED_EDGE ( 'NONE', *, *, #316, .F. ) ;
#2715 = DIRECTION ( 'NONE',  ( 1.000000000000000000, 0.0000000000000000000, -1.463489996605855296E-16 ) ) ;
#2716 = AXIS2_PLACEMENT_3D ( 'NONE', #647, #2977, #2364 ) ;
#2717 = EDGE_LOOP ( 'NONE', ( #2822, #2811, #3648, #199, #3182, #1060 ) ) ;
#2718 = ADVANCED_FACE ( 'NONE', ( #462, #2108, #3012, #3914, #358 ), #1528, .T. ) ;
#2719 = EDGE_CURVE ( 'NONE', #1260, #905, #1683, .T. ) ;
#2720 = EDGE_LOOP ( 'NONE', ( #938, #862, #2330, #1291, #67 ) ) ;
#2721 = AXIS2_PLACEMENT_3D ( 'NONE', #3180, #1170, #3525 ) ;
#2722 = STYLED_ITEM ( 'NONE', ( #3484 ), #2256 ) ;
#2723 = CARTESIAN_POINT ( 'NONE',  ( 3.656528875366700682, -0.1000000000000000056, -0.7480060416348992547 ) ) ;
#2724 = DIRECTION ( 'NONE',  ( 0.0000000000000000000, -0.0000000000000000000, 1.000000000000000000 ) ) ;
#2725 = SURFACE_STYLE_FILL_AREA ( #628 ) ;
#2726 = DIRECTION ( 'NONE',  ( 0.0000000000000000000, 1.000000000000000000, 0.0000000000000000000 ) ) ;
#2727 =( LENGTH_UNIT ( ) NAMED_UNIT ( * ) SI_UNIT ( .MILLI., .METRE. ) );
#2728 = AXIS2_PLACEMENT_3D ( 'NONE', #2651, #660, #2990 ) ;
#2729 = VECTOR ( 'NONE', #1511, 1000.000000000000000 ) ;
#2730 = CARTESIAN_POINT ( 'NONE',  ( -2.895000000000000018, 1.520000000000000018, -1.127293717617243063 ) ) ;
#2731 = SURFACE_STYLE_USAGE ( .BOTH. , #3681 ) ;
#2732 = VERTEX_POINT ( 'NONE', #2248 ) ;
#2733 = LINE ( 'NONE', #1805, #71 ) ;
#2734 = CARTESIAN_POINT ( 'NONE',  ( -2.969929242986835138, -0.1000000000000000056, -0.4844451362957268858 ) ) ;
#2735 = ORIENTED_EDGE ( 'NONE', *, *, #3097, .F. ) ;
#2736 =( GEOMETRIC_REPRESENTATION_CONTEXT ( 3 ) GLOBAL_UNCERTAINTY_ASSIGNED_CONTEXT ( ( #3061 ) ) GLOBAL_UNIT_ASSIGNED_CONTEXT ( ( #1097, #1417, #3785 ) ) REPRESENTATION_CONTEXT ( 'NONE', 'WORKASPACE' ) );
#2737 = CARTESIAN_POINT ( 'NONE',  ( -1.671372171108580496, 4.899000000000000021, -0.5008432642067672802 ) ) ;
#2738 = EDGE_LOOP ( 'NONE', ( #4110, #1066, #1834, #4197, #312, #1218 ) ) ;
#2739 = UNCERTAINTY_MEASURE_WITH_UNIT (LENGTH_MEASURE( 1.000000000000000082E-05 ), #2742, 'distance_accuracy_value', 'NONE');
#2740 = CARTESIAN_POINT ( 'NONE',  ( 4.445000000000000284, 0.0000000000000000000, -0.8900000000000000133 ) ) ;
#2741 = PRESENTATION_STYLE_ASSIGNMENT (( #633 ) ) ;
#2742 =( LENGTH_UNIT ( ) NAMED_UNIT ( * ) SI_UNIT ( .MILLI., .METRE. ) );
#2743 = ORIENTED_EDGE ( 'NONE', *, *, #3018, .F. ) ;
#2744 = EDGE_CURVE ( 'NONE', #2229, #181, #2587, .T. ) ;
#2745 = DIRECTION ( 'NONE',  ( -0.0000000000000000000, 1.000000000000000000, -0.0000000000000000000 ) ) ;
#2746 = AXIS2_PLACEMENT_3D ( 'NONE', #2521, #880, #3216 ) ;
#2747 = VECTOR ( 'NONE', #1772, 1000.000000000000000 ) ;
#2748 = PRESENTATION_LAYER_ASSIGNMENT (  '', '', ( #2297 ) ) ;
#2749 = CARTESIAN_POINT ( 'NONE',  ( -1.502358086601538023, 4.899000000000000021, -0.3014594613898659015 ) ) ;
#2750 = CARTESIAN_POINT ( 'NONE',  ( 1.112558308597786594, 4.899000000000003574, 0.01054246810156325709 ) ) ;
#2751 = DIRECTION ( 'NONE',  ( 0.0000000000000000000, 0.0000000000000000000, 1.000000000000000000 ) ) ;
#2752 = UNCERTAINTY_MEASURE_WITH_UNIT (LENGTH_MEASURE( 1.000000000000000082E-05 ), #869, 'distance_accuracy_value', 'NONE');
#2753 = ORIENTED_EDGE ( 'NONE', *, *, #2377, .F. ) ;
#2754 = VECTOR ( 'NONE', #3393, 1000.000000000000000 ) ;
#2755 = LINE ( 'NONE', #1512, #1851 ) ;
#2756 = AXIS2_PLACEMENT_3D ( 'NONE', #1648, #4025, #1991 ) ;
#2757 = DIRECTION ( 'NONE',  ( 1.000000000000000000, 0.0000000000000000000, 0.0000000000000000000 ) ) ;
#2758 = LINE ( 'NONE', #3442, #1854 ) ;
#2759 = ORIENTED_EDGE ( 'NONE', *, *, #2798, .T. ) ;
#2760 = VECTOR ( 'NONE', #3546, 1000.000000000000000 ) ;
#2761 = COLOUR_RGB ( '',0.8274509803921568096, 0.8392156862745098200, 0.8274509803921568096 ) ;
#2762 =( NAMED_UNIT ( * ) PLANE_ANGLE_UNIT ( ) SI_UNIT ( $, .RADIAN. ) );
#2763 = CARTESIAN_POINT ( 'NONE',  ( -0.1924989316719607491, 4.899999999999999467, 0.2937209963566130289 ) ) ;
#2764 = FILL_AREA_STYLE_COLOUR ( '', #579 ) ;
#2765 = VECTOR ( 'NONE', #621, 1000.000000000000000 ) ;
#2766 = PRESENTATION_STYLE_ASSIGNMENT (( #2731 ) ) ;
#2767 = EDGE_CURVE ( 'NONE', #2291, #2890, #815, .T. ) ;
#2768 =( NAMED_UNIT ( * ) PLANE_ANGLE_UNIT ( ) SI_UNIT ( $, .RADIAN. ) );
#2769 = LINE ( 'NONE', #4042, #3671 ) ;
#2770 = EDGE_CURVE ( 'NONE', #3846, #2786, #4285, .T. ) ;
#2771 = AXIS2_PLACEMENT_3D ( 'NONE', #3621, #3186, #848 ) ;
#2772 = LINE ( 'NONE', #3547, #213 ) ;
#2773 =( NAMED_UNIT ( * ) PLANE_ANGLE_UNIT ( ) SI_UNIT ( $, .RADIAN. ) );
#2774 = ORIENTED_EDGE ( 'NONE', *, *, #200, .T. ) ;
#2775 = SURFACE_STYLE_FILL_AREA ( #1924 ) ;
#2776 = PRESENTATION_LAYER_ASSIGNMENT (  '', '', ( #2322 ) ) ;
#2777 = CARTESIAN_POINT ( 'NONE',  ( -0.1924989316719607491, 4.899000000000000021, 0.2937209963566130289 ) ) ;
#2778 = PRESENTATION_STYLE_ASSIGNMENT (( #2234 ) ) ;
#2779 = CARTESIAN_POINT ( 'NONE',  ( 0.8902651747949696937, 4.899000000000005350, 0.01368947514381675841 ) ) ;
#2780 = CARTESIAN_POINT ( 'NONE',  ( 0.3635706325414486129, 4.899000000000008015, -0.5224460882364648784 ) ) ;
#2781 = CARTESIAN_POINT ( 'NONE',  ( -3.710284067798497176, 1.620000000000000107, -0.6079689776603196538 ) ) ;
#2782 = FILL_AREA_STYLE ('',( #123 ) ) ;
#2783 = AXIS2_PLACEMENT_3D ( 'NONE', #1516, #3892, #1859 ) ;
#2784 = CARTESIAN_POINT ( 'NONE',  ( -4.445000000000000284, 1.520000000000000018, 3.049999999999999822 ) ) ;
#2785 = VERTEX_POINT ( 'NONE', #939 ) ;
#2786 = VERTEX_POINT ( 'NONE', #2936 ) ;
#2787 = DIRECTION ( 'NONE',  ( 0.3583679495453052088, 0.0000000000000000000, 0.9335804264971999666 ) ) ;
#2788 = ORIENTED_EDGE ( 'NONE', *, *, #147, .F. ) ;
#2789 =( NAMED_UNIT ( * ) PLANE_ANGLE_UNIT ( ) SI_UNIT ( $, .RADIAN. ) );
#2790 =( NAMED_UNIT ( * ) PLANE_ANGLE_UNIT ( ) SI_UNIT ( $, .RADIAN. ) );
#2791 = DIRECTION ( 'NONE',  ( -0.0000000000000000000, 0.0000000000000000000, 1.000000000000000000 ) ) ;
#2792 = EDGE_CURVE ( 'NONE', #3048, #92, #1577, .T. ) ;
#2793 = ORIENTED_EDGE ( 'NONE', *, *, #3858, .T. ) ;
#2794 = CARTESIAN_POINT ( 'NONE',  ( 2.957522019940858226E-16, 0.5000000000000000000, -2.415000000000000036 ) ) ;
#2795 = FACE_OUTER_BOUND ( 'NONE', #2802, .T. ) ;
#2796 = FILL_AREA_STYLE_COLOUR ( '', #1235 ) ;
#2797 = STYLED_ITEM ( 'NONE', ( #2904 ), #303 ) ;
#2798 = EDGE_CURVE ( 'NONE', #3829, #2631, #3381, .T. ) ;
#2799 = AXIS2_PLACEMENT_3D ( 'NONE', #1248, #3604, #3098 ) ;
#2800 = PRESENTATION_LAYER_ASSIGNMENT (  '', '', ( #2350 ) ) ;
#2801 = VECTOR ( 'NONE', #3343, 1000.000000000000000 ) ;
#2802 = EDGE_LOOP ( 'NONE', ( #2634, #4334, #1195, #3798 ) ) ;
#2803 = FILL_AREA_STYLE ('',( #2460 ) ) ;
#2804 = SURFACE_SIDE_STYLE ('',( #568 ) ) ;
#2805 = LINE ( 'NONE', #505, #622 ) ;
#2806 = CARTESIAN_POINT ( 'NONE',  ( 0.0000000000000000000, 3.879999999999999893, -2.350000000000000089 ) ) ;
#2807 = DIRECTION ( 'NONE',  ( 0.0000000000000000000, 0.0000000000000000000, -1.000000000000000000 ) ) ;
#2808 = AXIS2_PLACEMENT_3D ( 'NONE', #3984, #1954, #215 ) ;
#2809 = UNCERTAINTY_MEASURE_WITH_UNIT (LENGTH_MEASURE( 1.000000000000000082E-05 ), #2680, 'distance_accuracy_value', 'NONE');
#2810 = VERTEX_POINT ( 'NONE', #1258 ) ;
#2811 = ORIENTED_EDGE ( 'NONE', *, *, #3475, .T. ) ;
#2812 = CARTESIAN_POINT ( 'NONE',  ( 0.3635706325414486129, 4.899000000000008015, -0.3493607009125212493 ) ) ;
#2813 = COLOUR_RGB ( '',1.000000000000000000, 1.000000000000000000, 1.000000000000000000 ) ;
#2814 = SURFACE_SIDE_STYLE ('',( #4204 ) ) ;
#2815 = ORIENTED_EDGE ( 'NONE', *, *, #3882, .T. ) ;
#2816 = SURFACE_STYLE_FILL_AREA ( #56 ) ;
#2817 = ORIENTED_EDGE ( 'NONE', *, *, #3292, .F. ) ;
#2818 =( GEOMETRIC_REPRESENTATION_CONTEXT ( 3 ) GLOBAL_UNCERTAINTY_ASSIGNED_CONTEXT ( ( #739 ) ) GLOBAL_UNIT_ASSIGNED_CONTEXT ( ( #146, #2467, #482 ) ) REPRESENTATION_CONTEXT ( 'NONE', 'WORKASPACE' ) );
#2819 = COLOUR_RGB ( '',1.000000000000000000, 1.000000000000000000, 1.000000000000000000 ) ;
#2820 = DIRECTION ( 'NONE',  ( -1.000000000000000000, 0.0000000000000000000, 0.0000000000000000000 ) ) ;
#2821 = DIRECTION ( 'NONE',  ( -0.0000000000000000000, -1.000000000000000000, -0.0000000000000000000 ) ) ;
#2822 = ORIENTED_EDGE ( 'NONE', *, *, #1194, .T. ) ;
#2823 = ORIENTED_EDGE ( 'NONE', *, *, #1008, .T. ) ;
#2824 = CARTESIAN_POINT ( 'NONE',  ( 3.710284067798496288, -0.1000000000000000056, -0.6079689776603193208 ) ) ;
#2825 = PLANE ( 'NONE',  #3254 ) ;
#2826 = CARTESIAN_POINT ( 'NONE',  ( 0.0000000000000000000, 0.5000000000000000000, 0.0000000000000000000 ) ) ;
#2827 = PRESENTATION_LAYER_ASSIGNMENT (  '', '', ( #2370 ) ) ;
#2828 =( NAMED_UNIT ( * ) SI_UNIT ( $, .STERADIAN. ) SOLID_ANGLE_UNIT ( ) );
#2829 = EDGE_CURVE ( 'NONE', #217, #3440, #1477, .T. ) ;
#2830 = PRESENTATION_LAYER_ASSIGNMENT (  '', '', ( #2376 ) ) ;
#2831 = DIRECTION ( 'NONE',  ( -0.0000000000000000000, 1.000000000000000000, -0.0000000000000000000 ) ) ;
#2832 = EDGE_CURVE ( 'NONE', #972, #3747, #615, .T. ) ;
#2833 = AXIS2_PLACEMENT_3D ( 'NONE', #13, #2337, #356 ) ;
#2834 = CARTESIAN_POINT ( 'NONE',  ( 1.663570632541448546, 4.899000000000000021, -0.5501969685181550274 ) ) ;
#2835 = UNCERTAINTY_MEASURE_WITH_UNIT (LENGTH_MEASURE( 1.000000000000000082E-05 ), #2327, 'distance_accuracy_value', 'NONE');
#2836 = ORIENTED_EDGE ( 'NONE', *, *, #4217, .T. ) ;
#2837 = CARTESIAN_POINT ( 'NONE',  ( -2.895000000000000018, 0.0000000000000000000, -1.127293717617243063 ) ) ;
#2838 = LINE ( 'NONE', #2168, #1829 ) ;
#2839 = ORIENTED_EDGE ( 'NONE', *, *, #3743, .T. ) ;
#2840 = DIRECTION ( 'NONE',  ( 0.0000000000000000000, -1.000000000000000000, 0.0000000000000000000 ) ) ;
#2841 =( GEOMETRIC_REPRESENTATION_CONTEXT ( 3 ) GLOBAL_UNCERTAINTY_ASSIGNED_CONTEXT ( ( #884 ) ) GLOBAL_UNIT_ASSIGNED_CONTEXT ( ( #466, #2789, #794 ) ) REPRESENTATION_CONTEXT ( 'NONE', 'WORKASPACE' ) );
#2842 = STYLED_ITEM ( 'NONE', ( #2502 ), #1590 ) ;
#2843 = ORIENTED_EDGE ( 'NONE', *, *, #3018, .T. ) ;
#2844 = CARTESIAN_POINT ( 'NONE',  ( 0.9998382381752515258, 4.899000000000004462, -0.08787302485618311843 ) ) ;
#2845 = VERTEX_POINT ( 'NONE', #2271 ) ;
#2846 = CARTESIAN_POINT ( 'NONE',  ( -1.671372171108580496, 4.899000000000000021, 1.344447228750979662 ) ) ;
#2847 = EDGE_CURVE ( 'NONE', #1597, #17, #1377, .T. ) ;
#2848 = SURFACE_STYLE_FILL_AREA ( #270 ) ;
#2849 =( NAMED_UNIT ( * ) PLANE_ANGLE_UNIT ( ) SI_UNIT ( $, .RADIAN. ) );
#2850 = FILL_AREA_STYLE ('',( #3522 ) ) ;
#2851 = LINE ( 'NONE', #3433, #1077 ) ;
#2852 = SURFACE_SIDE_STYLE ('',( #2075 ) ) ;
#2853 = FILL_AREA_STYLE ('',( #173 ) ) ;
#2854 = EDGE_CURVE ( 'NONE', #1514, #1389, #4073, .T. ) ;
#2855 =( NAMED_UNIT ( * ) SI_UNIT ( $, .STERADIAN. ) SOLID_ANGLE_UNIT ( ) );
#2856 = DIRECTION ( 'NONE',  ( 0.7366731588710827561, 0.0000000000000000000, -0.6762489608116972750 ) ) ;
#2857 = COLOUR_RGB ( '',0.09803921568627450844, 0.09803921568627450844, 0.09803921568627450844 ) ;
#2858 = VERTEX_POINT ( 'NONE', #3973 ) ;
#2859 =( LENGTH_UNIT ( ) NAMED_UNIT ( * ) SI_UNIT ( .MILLI., .METRE. ) );
#2860 = LINE ( 'NONE', #2730, #1966 ) ;
#2861 = CARTESIAN_POINT ( 'NONE',  ( 2.895000000000000018, 0.0000000000000000000, -1.127293717617243063 ) ) ;
#2862 = VECTOR ( 'NONE', #93, 1000.000000000000000 ) ;
#2863 = CARTESIAN_POINT ( 'NONE',  ( -2.964890873917083614, 1.620000000000000107, 0.4825110876146144756 ) ) ;
#2864 = ORIENTED_EDGE ( 'NONE', *, *, #486, .F. ) ;
#2865 = AXIS2_PLACEMENT_3D ( 'NONE', #838, #3173, #1166 ) ;
#2866 = SURFACE_STYLE_USAGE ( .BOTH. , #539 ) ;
#2867 =( NAMED_UNIT ( * ) SI_UNIT ( $, .STERADIAN. ) SOLID_ANGLE_UNIT ( ) );
#2868 = VECTOR ( 'NONE', #3534, 1000.000000000000000 ) ;
#2869 = ORIENTED_EDGE ( 'NONE', *, *, #754, .T. ) ;
#2870 = UNCERTAINTY_MEASURE_WITH_UNIT (LENGTH_MEASURE( 1.000000000000000082E-05 ), #2444, 'distance_accuracy_value', 'NONE');
#2871 = EDGE_CURVE ( 'NONE', #1621, #3821, #3967, .T. ) ;
#2872 = ORIENTED_EDGE ( 'NONE', *, *, #2533, .F. ) ;
#2873 = SURFACE_STYLE_FILL_AREA ( #2455 ) ;
#2874 = CARTESIAN_POINT ( 'NONE',  ( -3.656528875366701570, -0.1000000000000000056, -0.7480060416348995878 ) ) ;
#2875 = VERTEX_POINT ( 'NONE', #2628 ) ;
#2876 = VECTOR ( 'NONE', #581, 1000.000000000000000 ) ;
#2877 = DIRECTION ( 'NONE',  ( -0.0000000000000000000, -1.000000000000000000, -0.0000000000000000000 ) ) ;
#2878 = SURFACE_STYLE_FILL_AREA ( #1888 ) ;
#2879 = AXIS2_PLACEMENT_3D ( 'NONE', #82, #2406, #433 ) ;
#2880 = DIRECTION ( 'NONE',  ( -0.0000000000000000000, 1.000000000000000000, -0.0000000000000000000 ) ) ;
#2881 = PRESENTATION_LAYER_ASSIGNMENT (  '', '', ( #2428 ) ) ;
#2882 = FILL_AREA_STYLE ('',( #3584 ) ) ;
#2883 = UNCERTAINTY_MEASURE_WITH_UNIT (LENGTH_MEASURE( 1.000000000000000082E-05 ), #1875, 'distance_accuracy_value', 'NONE');
#2884 = DIRECTION ( 'NONE',  ( 0.0000000000000000000, 0.0000000000000000000, -1.000000000000000000 ) ) ;
#2885 = ORIENTED_EDGE ( 'NONE', *, *, #1796, .T. ) ;
#2886 =( GEOMETRIC_REPRESENTATION_CONTEXT ( 3 ) GLOBAL_UNCERTAINTY_ASSIGNED_CONTEXT ( ( #1326 ) ) GLOBAL_UNIT_ASSIGNED_CONTEXT ( ( #244, #2566, #580 ) ) REPRESENTATION_CONTEXT ( 'NONE', 'WORKASPACE' ) );
#2887 = DIRECTION ( 'NONE',  ( 0.0000000000000000000, 0.0000000000000000000, 1.000000000000000000 ) ) ;
#2888 = EDGE_LOOP ( 'NONE', ( #1024, #153, #1338, #1273 ) ) ;
#2889 = COLOUR_RGB ( '',0.8274509803921568096, 0.8392156862745098200, 0.8274509803921568096 ) ;
#2890 = VERTEX_POINT ( 'NONE', #3309 ) ;
#2891 = DIRECTION ( 'NONE',  ( 0.0000000000000000000, -0.0000000000000000000, 1.000000000000000000 ) ) ;
#2892 = CARTESIAN_POINT ( 'NONE',  ( -4.445000000000000284, 0.0000000000000000000, 0.8900000000000001243 ) ) ;
#2893 = PRESENTATION_STYLE_ASSIGNMENT (( #2222 ) ) ;
#2894 =( NAMED_UNIT ( * ) SI_UNIT ( $, .STERADIAN. ) SOLID_ANGLE_UNIT ( ) );
#2895 = ORIENTED_EDGE ( 'NONE', *, *, #710, .T. ) ;
#2896 =( GEOMETRIC_REPRESENTATION_CONTEXT ( 3 ) GLOBAL_UNCERTAINTY_ASSIGNED_CONTEXT ( ( #2739 ) ) GLOBAL_UNIT_ASSIGNED_CONTEXT ( ( #2742, #745, #3075 ) ) REPRESENTATION_CONTEXT ( 'NONE', 'WORKASPACE' ) );
#2897 = SURFACE_STYLE_FILL_AREA ( #2231 ) ;
#2898 = PLANE ( 'NONE',  #4274 ) ;
#2899 = CARTESIAN_POINT ( 'NONE',  ( -4.445000000000000284, 1.520000000000000018, -3.049999999999999822 ) ) ;
#2900 =( NAMED_UNIT ( * ) PLANE_ANGLE_UNIT ( ) SI_UNIT ( $, .RADIAN. ) );
#2901 = EDGE_CURVE ( 'NONE', #2503, #712, #410, .T. ) ;
#2902 = EDGE_LOOP ( 'NONE', ( #1565, #2365, #3935, #1798 ) ) ;
#2903 = STYLED_ITEM ( 'NONE', ( #3912 ), #1968 ) ;
#2904 = PRESENTATION_STYLE_ASSIGNMENT (( #1941 ) ) ;
#2905 = CARTESIAN_POINT ( 'NONE',  ( 1.129999999999999893, 0.0000000000000000000, 3.049999999999999822 ) ) ;
#2906 = COLOUR_RGB ( '',1.000000000000000000, 1.000000000000000000, 1.000000000000000000 ) ;
#2907 = ADVANCED_FACE ( 'NONE', ( #1277 ), #1616, .F. ) ;
#2908 = STYLED_ITEM ( 'NONE', ( #590 ), #652 ) ;
#2909 = EDGE_LOOP ( 'NONE', ( #535, #4307, #134, #913 ) ) ;
#2910 = SURFACE_SIDE_STYLE ('',( #2580 ) ) ;
#2911 = ORIENTED_EDGE ( 'NONE', *, *, #2110, .F. ) ;
#2912 = EDGE_CURVE ( 'NONE', #51, #1169, #3543, .T. ) ;
#2913 = DIRECTION ( 'NONE',  ( 0.4136819341461171473, 0.0000000000000000000, -0.9104214723748158544 ) ) ;
#2914 = LINE ( 'NONE', #2622, #256 ) ;
#2915 = DIRECTION ( 'NONE',  ( 0.0000000000000000000, 0.0000000000000000000, 1.000000000000000000 ) ) ;
#2916 = ORIENTED_EDGE ( 'NONE', *, *, #4107, .T. ) ;
#2917 =( NAMED_UNIT ( * ) SI_UNIT ( $, .STERADIAN. ) SOLID_ANGLE_UNIT ( ) );
#2918 = ADVANCED_FACE ( 'NONE', ( #85 ), #2657, .T. ) ;
#2919 =( LENGTH_UNIT ( ) NAMED_UNIT ( * ) SI_UNIT ( .MILLI., .METRE. ) );
#2920 = LINE ( 'NONE', #409, #376 ) ;
#2921 = SURFACE_STYLE_FILL_AREA ( #2522 ) ;
#2922 = ORIENTED_EDGE ( 'NONE', *, *, #1513, .T. ) ;
#2923 = CIRCLE ( 'NONE', #124, 2.235925599258337115 ) ;
#2924 =( NAMED_UNIT ( * ) PLANE_ANGLE_UNIT ( ) SI_UNIT ( $, .RADIAN. ) );
#2925 =( GEOMETRIC_REPRESENTATION_CONTEXT ( 3 ) GLOBAL_UNCERTAINTY_ASSIGNED_CONTEXT ( ( #2424 ) ) GLOBAL_UNIT_ASSIGNED_CONTEXT ( ( #1263, #3625, #1594 ) ) REPRESENTATION_CONTEXT ( 'NONE', 'WORKASPACE' ) );
#2926 = UNCERTAINTY_MEASURE_WITH_UNIT (LENGTH_MEASURE( 1.000000000000000082E-05 ), #944, 'distance_accuracy_value', 'NONE');
#2927 = FACE_OUTER_BOUND ( 'NONE', #1679, .T. ) ;
#2928 = CYLINDRICAL_SURFACE ( 'NONE', #1937, 2.350000000000000089 ) ;
#2929 = DIRECTION ( 'NONE',  ( 0.9335804264971997446, 0.0000000000000000000, -0.3583679495453054309 ) ) ;
#2930 = ORIENTED_EDGE ( 'NONE', *, *, #986, .T. ) ;
#2931 = CARTESIAN_POINT ( 'NONE',  ( 0.3635706325414486129, 4.899000000000008015, 0.3707317286649435273 ) ) ;
#2932 = ORIENTED_EDGE ( 'NONE', *, *, #3027, .T. ) ;
#2933 = VECTOR ( 'NONE', #1955, 1000.000000000000114 ) ;
#2934 = DIRECTION ( 'NONE',  ( 0.0000000000000000000, 0.0000000000000000000, -1.000000000000000000 ) ) ;
#2935 = DIRECTION ( 'NONE',  ( 0.0000000000000000000, -0.0000000000000000000, -1.000000000000000000 ) ) ;
#2936 = CARTESIAN_POINT ( 'NONE',  ( 3.710284067798496288, 0.0000000000000000000, -0.6079689776603193208 ) ) ;
#2937 = SURFACE_STYLE_USAGE ( .BOTH. , #609 ) ;
#2938 = FILL_AREA_STYLE ('',( #2261 ) ) ;
#2939 = PRESENTATION_LAYER_ASSIGNMENT (  '', '', ( #2480 ) ) ;
#2940 = DIRECTION ( 'NONE',  ( 1.000000000000000000, 0.0000000000000000000, 0.0000000000000000000 ) ) ;
#2941 = ORIENTED_EDGE ( 'NONE', *, *, #2854, .F. ) ;
#2942 = EDGE_CURVE ( 'NONE', #2030, #3268, #2323, .T. ) ;
#2943 = ADVANCED_FACE ( 'NONE', ( #3114 ), #329, .T. ) ;
#2944 = PRESENTATION_LAYER_ASSIGNMENT (  '', '', ( #2483 ) ) ;
#2945 = AXIS2_PLACEMENT_3D ( 'NONE', #890, #2211, #3243 ) ;
#2946 = ORIENTED_EDGE ( 'NONE', *, *, #3654, .T. ) ;
#2947 = SURFACE_STYLE_FILL_AREA ( #3043 ) ;
#2948 = CARTESIAN_POINT ( 'NONE',  ( -0.1924989316719607491, 4.899999999999999467, 0.1131532146664721572 ) ) ;
#2949 = ORIENTED_EDGE ( 'NONE', *, *, #4281, .T. ) ;
#2950 = ORIENTED_EDGE ( 'NONE', *, *, #1012, .T. ) ;
#2951 = PRESENTATION_LAYER_ASSIGNMENT (  '', '', ( #2495 ) ) ;
#2952 = PLANE ( 'NONE',  #76 ) ;
#2953 = EDGE_LOOP ( 'NONE', ( #3037, #448 ) ) ;
#2954 = COLOUR_RGB ( '',1.000000000000000000, 1.000000000000000000, 1.000000000000000000 ) ;
#2955 = COLOUR_RGB ( '',0.09803921568627450844, 0.09803921568627450844, 0.09803921568627450844 ) ;
#2956 = SURFACE_SIDE_STYLE ('',( #2725 ) ) ;
#2957 = COLOUR_RGB ( '',1.000000000000000000, 1.000000000000000000, 1.000000000000000000 ) ;
#2958 =( NAMED_UNIT ( * ) SI_UNIT ( $, .STERADIAN. ) SOLID_ANGLE_UNIT ( ) );
#2959 = CARTESIAN_POINT ( 'NONE',  ( -3.710284067798497176, -0.1000000000000000056, -0.6079689776603196538 ) ) ;
#2960 =( LENGTH_UNIT ( ) NAMED_UNIT ( * ) SI_UNIT ( .MILLI., .METRE. ) );
#2961 = EDGE_LOOP ( 'NONE', ( #729, #2941, #1812, #599 ) ) ;
#2962 = FILL_AREA_STYLE ('',( #1290 ) ) ;
#2963 = ADVANCED_FACE ( 'NONE', ( #2795 ), #689, .T. ) ;
#2964 = CARTESIAN_POINT ( 'NONE',  ( -4.445000000000000284, 1.520000000000000018, -3.049999999999999822 ) ) ;
#2965 = ORIENTED_EDGE ( 'NONE', *, *, #3392, .T. ) ;
#2966 = EDGE_CURVE ( 'NONE', #166, #3480, #3378, .T. ) ;
#2967 = PRODUCT_DEFINITION ( 'UNKNOWN', '', #3194, #276 ) ;
#2968 = LINE ( 'NONE', #2388, #3872 ) ;
#2969 = DIRECTION ( 'NONE',  ( -1.000000000000000000, 0.0000000000000000000, 0.0000000000000000000 ) ) ;
#2970 = UNCERTAINTY_MEASURE_WITH_UNIT (LENGTH_MEASURE( 1.000000000000000082E-05 ), #282, 'distance_accuracy_value', 'NONE');
#2971 = VECTOR ( 'NONE', #431, 1000.000000000000114 ) ;
#2972 = ORIENTED_EDGE ( 'NONE', *, *, #3558, .F. ) ;
#2973 = DIRECTION ( 'NONE',  ( 0.0000000000000000000, 0.0000000000000000000, 1.000000000000000000 ) ) ;
#2974 = FACE_OUTER_BOUND ( 'NONE', #373, .T. ) ;
#2975 = MECHANICAL_DESIGN_GEOMETRIC_PRESENTATION_REPRESENTATION (  '', ( #2297 ), #2896 ) ;
#2976 = VECTOR ( 'NONE', #4254, 1000.000000000000114 ) ;
#2977 = DIRECTION ( 'NONE',  ( 0.3583679495453052088, 0.0000000000000000000, 0.9335804264971999666 ) ) ;
#2978 = FILL_AREA_STYLE_COLOUR ( '', #3210 ) ;
#2979 = EDGE_LOOP ( 'NONE', ( #366, #4352, #4279, #1177 ) ) ;
#2980 =( NAMED_UNIT ( * ) PLANE_ANGLE_UNIT ( ) SI_UNIT ( $, .RADIAN. ) );
#2981 = VECTOR ( 'NONE', #507, 1000.000000000000000 ) ;
#2982 =( NAMED_UNIT ( * ) SI_UNIT ( $, .STERADIAN. ) SOLID_ANGLE_UNIT ( ) );
#2983 = PRESENTATION_STYLE_ASSIGNMENT (( #2115 ) ) ;
#2984 =( LENGTH_UNIT ( ) NAMED_UNIT ( * ) SI_UNIT ( .MILLI., .METRE. ) );
#2985 =( NAMED_UNIT ( * ) PLANE_ANGLE_UNIT ( ) SI_UNIT ( $, .RADIAN. ) );
#2986 = ADVANCED_FACE ( 'NONE', ( #2472 ), #1354, .F. ) ;
#2987 = PRESENTATION_LAYER_ASSIGNMENT (  '', '', ( #2526 ) ) ;
#2988 = ORIENTED_EDGE ( 'NONE', *, *, #1495, .F. ) ;
#2989 = VECTOR ( 'NONE', #245, 1000.000000000000000 ) ;
#2990 = DIRECTION ( 'NONE',  ( 0.0000000000000000000, 0.0000000000000000000, 1.000000000000000000 ) ) ;
#2991 = CARTESIAN_POINT ( 'NONE',  ( 3.710284067798496288, -0.1000000000000000056, 0.6079689776603193208 ) ) ;
#2992 = SURFACE_SIDE_STYLE ('',( #2643 ) ) ;
#2993 = DIRECTION ( 'NONE',  ( 0.5662018424294003038, 0.0000000000000000000, 0.8242666277543647668 ) ) ;
#2994 = EDGE_CURVE ( 'NONE', #2183, #1621, #1274, .T. ) ;
#2995 = EDGE_CURVE ( 'NONE', #2172, #3795, #408, .T. ) ;
#2996 =( NAMED_UNIT ( * ) SI_UNIT ( $, .STERADIAN. ) SOLID_ANGLE_UNIT ( ) );
#2997 = PRESENTATION_STYLE_ASSIGNMENT (( #1524 ) ) ;
#2998 = STYLED_ITEM ( 'NONE', ( #3559 ), #1916 ) ;
#2999 = VERTEX_POINT ( 'NONE', #54 ) ;
#3000 = MECHANICAL_DESIGN_GEOMETRIC_PRESENTATION_REPRESENTATION (  '', ( #2322 ), #3223 ) ;
#3001 =( NAMED_UNIT ( * ) SI_UNIT ( $, .STERADIAN. ) SOLID_ANGLE_UNIT ( ) );
#3002 = ORIENTED_EDGE ( 'NONE', *, *, #2719, .T. ) ;
#3003 = CARTESIAN_POINT ( 'NONE',  ( 3.149000000000000465, 1.620000000000000107, 0.6645830389778992764 ) ) ;
#3004 = EDGE_LOOP ( 'NONE', ( #3019, #3861, #362, #3397 ) ) ;
#3005 = FILL_AREA_STYLE_COLOUR ( '', #4024 ) ;
#3006 = ADVANCED_FACE ( 'NONE', ( #3862 ), #1368, .F. ) ;
#3007 = SURFACE_STYLE_FILL_AREA ( #1877 ) ;
#3008 = DIRECTION ( 'NONE',  ( 0.0000000000000000000, -1.000000000000000000, 0.0000000000000000000 ) ) ;
#3009 = UNCERTAINTY_MEASURE_WITH_UNIT (LENGTH_MEASURE( 1.000000000000000082E-05 ), #3833, 'distance_accuracy_value', 'NONE');
#3010 = AXIS2_PLACEMENT_3D ( 'NONE', #1275, #3634, #1603 ) ;
#3011 = PRESENTATION_LAYER_ASSIGNMENT (  '', '', ( #2553 ) ) ;
#3012 = FACE_BOUND ( 'NONE', #1652, .T. ) ;
#3013 =( NAMED_UNIT ( * ) SI_UNIT ( $, .STERADIAN. ) SOLID_ANGLE_UNIT ( ) );
#3014 = ORIENTED_EDGE ( 'NONE', *, *, #3654, .F. ) ;
#3015 = SURFACE_SIDE_STYLE ('',( #4290 ) ) ;
#3016 = COLOUR_RGB ( '',0.1921568627450980227, 0.2039215686274509776, 0.2039215686274509776 ) ;
#3017 = DIRECTION ( 'NONE',  ( -0.0000000000000000000, 1.000000000000000000, -0.0000000000000000000 ) ) ;
#3018 = EDGE_CURVE ( 'NONE', #2732, #9, #2700, .T. ) ;
#3019 = ORIENTED_EDGE ( 'NONE', *, *, #2482, .F. ) ;
#3020 = SURFACE_STYLE_USAGE ( .BOTH. , #1027 ) ;
#3021 = VECTOR ( 'NONE', #799, 1000.000000000000000 ) ;
#3022 = UNCERTAINTY_MEASURE_WITH_UNIT (LENGTH_MEASURE( 1.000000000000000082E-05 ), #2069, 'distance_accuracy_value', 'NONE');
#3023 = AXIS2_PLACEMENT_3D ( 'NONE', #2590, #597, #2934 ) ;
#3024 = STYLED_ITEM ( 'NONE', ( #721 ), #2658 ) ;
#3025 = ORIENTED_EDGE ( 'NONE', *, *, #4272, .F. ) ;
#3026 = ADVANCED_FACE ( 'NONE', ( #923 ), #743, .F. ) ;
#3027 = EDGE_CURVE ( 'NONE', #3609, #1961, #4075, .T. ) ;
#3028 = PRESENTATION_LAYER_ASSIGNMENT (  '', '', ( #2571 ) ) ;
#3029 = MECHANICAL_DESIGN_GEOMETRIC_PRESENTATION_REPRESENTATION (  '', ( #2350 ), #3258 ) ;
#3030 = ORIENTED_EDGE ( 'NONE', *, *, #2604, .F. ) ;
#3031 = SURFACE_SIDE_STYLE ('',( #1867 ) ) ;
#3032 = LINE ( 'NONE', #4108, #2130 ) ;
#3033 = DIRECTION ( 'NONE',  ( 0.0000000000000000000, -0.0000000000000000000, 1.000000000000000000 ) ) ;
#3034 = DIRECTION ( 'NONE',  ( 0.0000000000000000000, 1.000000000000000000, 0.0000000000000000000 ) ) ;
#3035 = DIRECTION ( 'NONE',  ( -0.0000000000000000000, 1.000000000000000000, -0.0000000000000000000 ) ) ;
#3036 = EDGE_LOOP ( 'NONE', ( #3540, #3226, #2178, #964 ) ) ;
#3037 = ORIENTED_EDGE ( 'NONE', *, *, #1694, .T. ) ;
#3038 = FILL_AREA_STYLE ('',( #4265 ) ) ;
#3039 = PRESENTATION_LAYER_ASSIGNMENT (  '', '', ( #2581 ) ) ;
#3040 = SURFACE_SIDE_STYLE ('',( #1083 ) ) ;
#3041 = DIRECTION ( 'NONE',  ( 0.8251806257075932072, -5.589258235340327956E-15, -0.5648689537908991865 ) ) ;
#3042 = DIRECTION ( 'NONE',  ( 5.210738217947934616E-16, -0.0000000000000000000, -1.000000000000000000 ) ) ;
#3043 = FILL_AREA_STYLE ('',( #3371 ) ) ;
#3044 = ORIENTED_EDGE ( 'NONE', *, *, #3097, .T. ) ;
#3045 = DIRECTION ( 'NONE',  ( 1.000000000000000000, 0.0000000000000000000, 0.0000000000000000000 ) ) ;
#3046 = ADVANCED_FACE ( 'NONE', ( #3166 ), #1089, .T. ) ;
#3047 = CARTESIAN_POINT ( 'NONE',  ( -1.671372171108580496, 4.899000000000000021, -1.472674250122260053 ) ) ;
#3048 = VERTEX_POINT ( 'NONE', #4113 ) ;
#3049 = MECHANICAL_DESIGN_GEOMETRIC_PRESENTATION_REPRESENTATION (  '', ( #2370 ), #3280 ) ;
#3050 = LINE ( 'NONE', #4059, #399 ) ;
#3051 = EDGE_CURVE ( 'NONE', #2810, #564, #2851, .T. ) ;
#3052 = CARTESIAN_POINT ( 'NONE',  ( 4.445000000000000284, 1.520000000000000018, -3.050000000000001155 ) ) ;
#3053 = ORIENTED_EDGE ( 'NONE', *, *, #2105, .T. ) ;
#3054 = COLOUR_RGB ( '',1.000000000000000000, 1.000000000000000000, 1.000000000000000000 ) ;
#3055 = MECHANICAL_DESIGN_GEOMETRIC_PRESENTATION_REPRESENTATION (  '', ( #2376 ), #3288 ) ;
#3056 = VERTEX_POINT ( 'NONE', #456 ) ;
#3057 = VECTOR ( 'NONE', #3035, 1000.000000000000000 ) ;
#3058 = EDGE_CURVE ( 'NONE', #3480, #582, #1956, .T. ) ;
#3059 = AXIS2_PLACEMENT_3D ( 'NONE', #3003, #1009, #3344 ) ;
#3060 = DIRECTION ( 'NONE',  ( -0.0000000000000000000, 1.000000000000000000, -0.0000000000000000000 ) ) ;
#3061 = UNCERTAINTY_MEASURE_WITH_UNIT (LENGTH_MEASURE( 1.000000000000000082E-05 ), #1097, 'distance_accuracy_value', 'NONE');
#3062 = SURFACE_STYLE_FILL_AREA ( #2301 ) ;
#3063 =( NAMED_UNIT ( * ) SI_UNIT ( $, .STERADIAN. ) SOLID_ANGLE_UNIT ( ) );
#3064 = CARTESIAN_POINT ( 'NONE',  ( -3.710284067798497176, -0.1000000000000000056, -0.6079689776603196538 ) ) ;
#3065 = AXIS2_PLACEMENT_3D ( 'NONE', #3321, #1965, #3279 ) ;
#3066 =( NAMED_UNIT ( * ) PLANE_ANGLE_UNIT ( ) SI_UNIT ( $, .RADIAN. ) );
#3067 = EDGE_LOOP ( 'NONE', ( #4093, #3179, #552, #3553 ) ) ;
#3068 = SURFACE_STYLE_FILL_AREA ( #662 ) ;
#3069 = EDGE_LOOP ( 'NONE', ( #1367, #1607, #3391, #758 ) ) ;
#3070 = PRESENTATION_STYLE_ASSIGNMENT (( #705 ) ) ;
#3071 = PRESENTATION_STYLE_ASSIGNMENT (( #3868 ) ) ;
#3072 = CIRCLE ( 'NONE', #1705, 2.235925599258337115 ) ;
#3073 = DIRECTION ( 'NONE',  ( -0.8257714574873353808, 5.628469532359456752E-15, -0.5640048758647763227 ) ) ;
#3074 = VERTEX_POINT ( 'NONE', #1760 ) ;
#3075 =( NAMED_UNIT ( * ) SI_UNIT ( $, .STERADIAN. ) SOLID_ANGLE_UNIT ( ) );
#3076 = CIRCLE ( 'NONE', #2089, 2.350000000000000089 ) ;
#3077 = CYLINDRICAL_SURFACE ( 'NONE', #4147, 2.415000000000000036 ) ;
#3078 = EDGE_CURVE ( 'NONE', #2438, #2291, #3652, .T. ) ;
#3079 = ORIENTED_EDGE ( 'NONE', *, *, #2633, .T. ) ;
#3080 = DIRECTION ( 'NONE',  ( -0.9104214723748158544, 0.0000000000000000000, -0.4136819341461172583 ) ) ;
#3081 = FACE_OUTER_BOUND ( 'NONE', #1699, .T. ) ;
#3082 = SURFACE_STYLE_FILL_AREA ( #2962 ) ;
#3083 = FACE_OUTER_BOUND ( 'NONE', #3692, .T. ) ;
#3084 = ORIENTED_EDGE ( 'NONE', *, *, #3249, .T. ) ;
#3085 = PRESENTATION_STYLE_ASSIGNMENT (( #353 ) ) ;
#3086 = FACE_OUTER_BOUND ( 'NONE', #3376, .T. ) ;
#3087 = CARTESIAN_POINT ( 'NONE',  ( 1.112558308597786594, 4.899000000000003574, 0.01054246810156325709 ) ) ;
#3088 = VERTEX_POINT ( 'NONE', #2111 ) ;
#3089 = CARTESIAN_POINT ( 'NONE',  ( 0.8902651747949696937, 4.899000000000005350, 0.01368947514381675841 ) ) ;
#3090 = VECTOR ( 'NONE', #1532, 1000.000000000000000 ) ;
#3091 = PRESENTATION_LAYER_ASSIGNMENT (  '', '', ( #2642 ) ) ;
#3092 = DIRECTION ( 'NONE',  ( 0.0000000000000000000, 0.0000000000000000000, -1.000000000000000000 ) ) ;
#3093 = SURFACE_STYLE_USAGE ( .BOTH. , #756 ) ;
#3094 = STYLED_ITEM ( 'NONE', ( #1921 ), #3739 ) ;
#3095 = DIRECTION ( 'NONE',  ( 0.9106325762691961367, 0.0000000000000000000, 0.4132170265578689605 ) ) ;
#3096 = CARTESIAN_POINT ( 'NONE',  ( 4.445000000000000284, 0.0000000000000000000, -0.8900000000000000133 ) ) ;
#3097 = EDGE_CURVE ( 'NONE', #1430, #1597, #193, .T. ) ;
#3098 = DIRECTION ( 'NONE',  ( 0.0000000000000000000, -0.0000000000000000000, -1.000000000000000000 ) ) ;
#3099 = VECTOR ( 'NONE', #2225, 1000.000000000000000 ) ;
#3100 = SURFACE_SIDE_STYLE ('',( #3228 ) ) ;
#3101 = ORIENTED_EDGE ( 'NONE', *, *, #2414, .T. ) ;
#3102 = ORIENTED_EDGE ( 'NONE', *, *, #1685, .F. ) ;
#3103 = STYLED_ITEM ( 'NONE', ( #1192 ), #1331 ) ;
#3104 = CARTESIAN_POINT ( 'NONE',  ( -2.895000000000000462, 1.620000000000000107, 0.6645830389778991654 ) ) ;
#3105 = VECTOR ( 'NONE', #1420, 1000.000000000000227 ) ;
#3106 = CARTESIAN_POINT ( 'NONE',  ( 1.003843519865392109, 4.900000000000003908, 0.1072414117635350495 ) ) ;
#3107 = DIRECTION ( 'NONE',  ( 1.000000000000000000, -0.0000000000000000000, -1.463489996605855296E-16 ) ) ;
#3108 = EDGE_LOOP ( 'NONE', ( #2260, #2154, #740, #1593 ) ) ;
#3109 = STYLED_ITEM ( 'NONE', ( #784 ), #49 ) ;
#3110 = SURFACE_STYLE_USAGE ( .BOTH. , #1103 ) ;
#3111 = AXIS2_PLACEMENT_3D ( 'NONE', #2382, #401, #2724 ) ;
#3112 = VECTOR ( 'NONE', #1741, 1000.000000000000000 ) ;
#3113 = MECHANICAL_DESIGN_GEOMETRIC_PRESENTATION_REPRESENTATION (  '', ( #2428 ), #3340 ) ;
#3114 = FACE_OUTER_BOUND ( 'NONE', #4160, .T. ) ;
#3115 =( NAMED_UNIT ( * ) SI_UNIT ( $, .STERADIAN. ) SOLID_ANGLE_UNIT ( ) );
#3116 = CARTESIAN_POINT ( 'NONE',  ( 0.8902651747949695826, 4.899999999999999467, 0.01368947514381692147 ) ) ;
#3117 = FILL_AREA_STYLE_COLOUR ( '', #4351 ) ;
#3118 = DIRECTION ( 'NONE',  ( -0.8277368136309919411, 0.0000000000000000000, 0.5611165363451807719 ) ) ;
#3119 = CARTESIAN_POINT ( 'NONE',  ( -1.671372171108580496, 4.899999999999999467, 1.344447228750979662 ) ) ;
#3120 = STYLED_ITEM ( 'NONE', ( #3357 ), #3338 ) ;
#3121 = COLOUR_RGB ( '',0.1921568627450980227, 0.2039215686274509776, 0.2039215686274509776 ) ;
#3122 = SURFACE_STYLE_USAGE ( .BOTH. , #785 ) ;
#3123 = VERTEX_POINT ( 'NONE', #2794 ) ;
#3124 = DIRECTION ( 'NONE',  ( -0.3583679495453052088, 0.0000000000000000000, -0.9335804264971999666 ) ) ;
#3125 = FACE_OUTER_BOUND ( 'NONE', #3004, .T. ) ;
#3126 = VERTEX_POINT ( 'NONE', #3806 ) ;
#3127 = ORIENTED_EDGE ( 'NONE', *, *, #3858, .F. ) ;
#3128 = VERTEX_POINT ( 'NONE', #469 ) ;
#3129 = FILL_AREA_STYLE_COLOUR ( '', #3582 ) ;
#3130 = VECTOR ( 'NONE', #3724, 1000.000000000000000 ) ;
#3131 = ORIENTED_EDGE ( 'NONE', *, *, #1221, .T. ) ;
#3132 = VECTOR ( 'NONE', #3095, 1000.000000000000227 ) ;
#3133 = CARTESIAN_POINT ( 'NONE',  ( -1.671372171108580496, 4.899000000000000021, -0.5992147430800065511 ) ) ;
#3134 = EDGE_CURVE ( 'NONE', #2287, #1551, #3756, .T. ) ;
#3135 = PRESENTATION_LAYER_ASSIGNMENT (  '', '', ( #2903 ) ) ;
#3136 = CARTESIAN_POINT ( 'NONE',  ( 1.663570632541448546, 4.899999999999999467, 0.3890415878198731914 ) ) ;
#3137 = EDGE_LOOP ( 'NONE', ( #1993, #1886, #3696, #723 ) ) ;
#3138 = AXIS2_PLACEMENT_3D ( 'NONE', #558, #3887, #2182 ) ;
#3139 = EDGE_CURVE ( 'NONE', #3345, #2785, #86, .T. ) ;
#3140 = STYLED_ITEM ( 'NONE', ( #2741 ), #2302 ) ;
#3141 = DIRECTION ( 'NONE',  ( -0.0000000000000000000, 1.000000000000000000, -0.0000000000000000000 ) ) ;
#3142 = SURFACE_STYLE_USAGE ( .BOTH. , #806 ) ;
#3143 =( LENGTH_UNIT ( ) NAMED_UNIT ( * ) SI_UNIT ( .MILLI., .METRE. ) );
#3144 = CARTESIAN_POINT ( 'NONE',  ( -3.656528875366701570, -0.1000000000000000056, 0.7480060416348995878 ) ) ;
#3145 = DIRECTION ( 'NONE',  ( 0.0000000000000000000, 0.0000000000000000000, -1.000000000000000000 ) ) ;
#3146 = DIRECTION ( 'NONE',  ( -1.000000000000000000, 0.0000000000000000000, 0.0000000000000000000 ) ) ;
#3147 = CARTESIAN_POINT ( 'NONE',  ( 4.445000000000000284, 1.520000000000000018, -0.8900000000000000133 ) ) ;
#3148 = ORIENTED_EDGE ( 'NONE', *, *, #3830, .T. ) ;
#3149 = PRESENTATION_STYLE_ASSIGNMENT (( #3849 ) ) ;
#3150 = EDGE_LOOP ( 'NONE', ( #413, #3927, #1779, #3352, #384, #398, #1165 ) ) ;
#3151 = VERTEX_POINT ( 'NONE', #3822 ) ;
#3152 = FILL_AREA_STYLE_COLOUR ( '', #2813 ) ;
#3153 = VERTEX_POINT ( 'NONE', #2129 ) ;
#3154 = DIRECTION ( 'NONE',  ( 0.0000000000000000000, 0.0000000000000000000, -1.000000000000000000 ) ) ;
#3155 = ORIENTED_EDGE ( 'NONE', *, *, #2770, .F. ) ;
#3156 = DIRECTION ( 'NONE',  ( -0.0000000000000000000, 1.000000000000000000, -0.0000000000000000000 ) ) ;
#3157 = CARTESIAN_POINT ( 'NONE',  ( -0.1924989316719607491, 4.899000000000000021, 1.084984200581965430 ) ) ;
#3158 = VECTOR ( 'NONE', #2935, 1000.000000000000000 ) ;
#3159 = DIRECTION ( 'NONE',  ( -0.9104214723748158544, 0.0000000000000000000, -0.4136819341461172583 ) ) ;
#3160 = ORIENTED_EDGE ( 'NONE', *, *, #899, .T. ) ;
#3161 = DIRECTION ( 'NONE',  ( 0.0000000000000000000, 0.0000000000000000000, 1.000000000000000000 ) ) ;
#3162 = CARTESIAN_POINT ( 'NONE',  ( 3.710284067798496288, 1.620000000000000107, -0.6079689776603193208 ) ) ;
#3163 = MECHANICAL_DESIGN_GEOMETRIC_PRESENTATION_REPRESENTATION (  '', ( #2480 ), #3396 ) ;
#3164 = VECTOR ( 'NONE', #968, 1000.000000000000000 ) ;
#3165 = EDGE_CURVE ( 'NONE', #3960, #3829, #304, .T. ) ;
#3166 = FACE_OUTER_BOUND ( 'NONE', #3952, .T. ) ;
#3167 = MECHANICAL_DESIGN_GEOMETRIC_PRESENTATION_REPRESENTATION (  '', ( #2483 ), #3399 ) ;
#3168 = MECHANICAL_DESIGN_GEOMETRIC_PRESENTATION_REPRESENTATION (  '', ( #2722 ), #3400 ) ;
#3169 = DIRECTION ( 'NONE',  ( 0.0000000000000000000, 0.0000000000000000000, 1.000000000000000000 ) ) ;
#3170 = VECTOR ( 'NONE', #3866, 1000.000000000000000 ) ;
#3171 = DIRECTION ( 'NONE',  ( -0.8205590213620159723, 0.0000000000000000000, 0.5715618010866458931 ) ) ;
#3172 = ORIENTED_EDGE ( 'NONE', *, *, #4, .T. ) ;
#3173 = DIRECTION ( 'NONE',  ( -1.000000000000000000, 0.0000000000000000000, 0.0000000000000000000 ) ) ;
#3174 = CARTESIAN_POINT ( 'NONE',  ( 3.710284067798496288, 0.0000000000000000000, 0.6079689776603193208 ) ) ;
#3175 = COLOUR_RGB ( '',0.09803921568627450844, 0.09803921568627450844, 0.09803921568627450844 ) ;
#3176 = CARTESIAN_POINT ( 'NONE',  ( -1.671372171108580496, 4.899999999999999467, -0.5008432642067672802 ) ) ;
#3177 = MECHANICAL_DESIGN_GEOMETRIC_PRESENTATION_REPRESENTATION (  '', ( #2495 ), #3412 ) ;
#3178 = ORIENTED_EDGE ( 'NONE', *, *, #3256, .F. ) ;
#3179 = ORIENTED_EDGE ( 'NONE', *, *, #2994, .F. ) ;
#3180 = CARTESIAN_POINT ( 'NONE',  ( 1.663570632541448546, 4.899000000000000021, -0.3716758417575917184 ) ) ;
#3181 = CIRCLE ( 'NONE', #1602, 0.2539999999999998925 ) ;
#3182 = ORIENTED_EDGE ( 'NONE', *, *, #2257, .T. ) ;
#3183 = ORIENTED_EDGE ( 'NONE', *, *, #3591, .T. ) ;
#3184 = STYLED_ITEM ( 'NONE', ( #1533 ), #1250 ) ;
#3185 = VECTOR ( 'NONE', #1168, 1000.000000000000000 ) ;
#3186 = DIRECTION ( 'NONE',  ( 0.0000000000000000000, 1.000000000000000000, 0.0000000000000000000 ) ) ;
#3187 = DIRECTION ( 'NONE',  ( -0.9335804264971998556, 0.0000000000000000000, 0.3583679495453050978 ) ) ;
#3188 = SURFACE_STYLE_USAGE ( .BOTH. , #851 ) ;
#3189 =( LENGTH_UNIT ( ) NAMED_UNIT ( * ) SI_UNIT ( .MILLI., .METRE. ) );
#3190 =( NAMED_UNIT ( * ) PLANE_ANGLE_UNIT ( ) SI_UNIT ( $, .RADIAN. ) );
#3191 = VECTOR ( 'NONE', #3915, 999.9999999999998863 ) ;
#3192 = EDGE_CURVE ( 'NONE', #217, #1005, #1735, .T. ) ;
#3193 = CARTESIAN_POINT ( 'NONE',  ( -2.895000000000000462, 1.620000000000000107, -0.6645830389778991654 ) ) ;
#3194 = PRODUCT_DEFINITION_FORMATION_WITH_SPECIFIED_SOURCE ( 'ANY', '', #4211, .NOT_KNOWN. ) ;
#3195 = CARTESIAN_POINT ( 'NONE',  ( -4.445000000000000284, 1.520000000000000018, -0.8900000000000000133 ) ) ;
#3196 = ORIENTED_EDGE ( 'NONE', *, *, #2570, .T. ) ;
#3197 = UNCERTAINTY_MEASURE_WITH_UNIT (LENGTH_MEASURE( 1.000000000000000082E-05 ), #2859, 'distance_accuracy_value', 'NONE');
#3198 = VECTOR ( 'NONE', #1213, 1000.000000000000000 ) ;
#3199 = SURFACE_SIDE_STYLE ('',( #2681 ) ) ;
#3200 = LINE ( 'NONE', #885, #649 ) ;
#3201 = CARTESIAN_POINT ( 'NONE',  ( -1.502358086601538023, 4.899999999999999467, -1.273290447305358564 ) ) ;
#3202 =( NAMED_UNIT ( * ) SI_UNIT ( $, .STERADIAN. ) SOLID_ANGLE_UNIT ( ) );
#3203 =( NAMED_UNIT ( * ) PLANE_ANGLE_UNIT ( ) SI_UNIT ( $, .RADIAN. ) );
#3204 = CARTESIAN_POINT ( 'NONE',  ( 0.3635706325414486129, 4.900000000000008349, -0.3493607009125212493 ) ) ;
#3205 = ORIENTED_EDGE ( 'NONE', *, *, #3711, .T. ) ;
#3206 = SURFACE_SIDE_STYLE ('',( #63 ) ) ;
#3207 = ORIENTED_EDGE ( 'NONE', *, *, #2088, .T. ) ;
#3208 = LINE ( 'NONE', #3106, #3105 ) ;
#3209 = MECHANICAL_DESIGN_GEOMETRIC_PRESENTATION_REPRESENTATION (  '', ( #2526 ), #3438 ) ;
#3210 = COLOUR_RGB ( '',0.8274509803921568096, 0.8392156862745098200, 0.8274509803921568096 ) ;
#3211 = UNCERTAINTY_MEASURE_WITH_UNIT (LENGTH_MEASURE( 1.000000000000000082E-05 ), #3189, 'distance_accuracy_value', 'NONE');
#3212 =( NAMED_UNIT ( * ) SI_UNIT ( $, .STERADIAN. ) SOLID_ANGLE_UNIT ( ) );
#3213 = ORIENTED_EDGE ( 'NONE', *, *, #2767, .T. ) ;
#3214 = VECTOR ( 'NONE', #2710, 1000.000000000000000 ) ;
#3215 = EDGE_CURVE ( 'NONE', #819, #725, #4341, .T. ) ;
#3216 = DIRECTION ( 'NONE',  ( 1.000000000000000000, 0.0000000000000000000, 0.0000000000000000000 ) ) ;
#3217 = VECTOR ( 'NONE', #3650, 1000.000000000000000 ) ;
#3218 = SURFACE_STYLE_FILL_AREA ( #1817 ) ;
#3219 = DIRECTION ( 'NONE',  ( 0.0000000000000000000, -1.000000000000000000, 0.0000000000000000000 ) ) ;
#3220 = EDGE_CURVE ( 'NONE', #3434, #2238, #868, .T. ) ;
#3221 = PRESENTATION_LAYER_ASSIGNMENT (  '', '', ( #2998 ) ) ;
#3222 = DIRECTION ( 'NONE',  ( 0.0000000000000000000, 0.0000000000000000000, -1.000000000000000000 ) ) ;
#3223 =( GEOMETRIC_REPRESENTATION_CONTEXT ( 3 ) GLOBAL_UNCERTAINTY_ASSIGNED_CONTEXT ( ( #3994 ) ) GLOBAL_UNIT_ASSIGNED_CONTEXT ( ( #4058, #993, #4327 ) ) REPRESENTATION_CONTEXT ( 'NONE', 'WORKASPACE' ) );
#3224 = LINE ( 'NONE', #296, #4126 ) ;
#3225 = SHAPE_DEFINITION_REPRESENTATION ( #4346, #830 ) ;
#3226 = ORIENTED_EDGE ( 'NONE', *, *, #4017, .F. ) ;
#3227 = CARTESIAN_POINT ( 'NONE',  ( 1.663570632541448546, 4.899999999999999467, 0.3890415878198731914 ) ) ;
#3228 = SURFACE_STYLE_FILL_AREA ( #4109 ) ;
#3229 = CARTESIAN_POINT ( 'NONE',  ( -3.656528875366701570, -0.1000000000000000056, 0.7480060416348995878 ) ) ;
#3230 = CARTESIAN_POINT ( 'NONE',  ( -1.671372171108580496, 4.899999999999999467, 0.4709877217087260481 ) ) ;
#3231 = ORIENTED_EDGE ( 'NONE', *, *, #2767, .F. ) ;
#3232 = AXIS2_PLACEMENT_3D ( 'NONE', #3590, #3932, #1902 ) ;
#3233 = CARTESIAN_POINT ( 'NONE',  ( 2.964890873917082725, 1.620000000000000107, -0.4825110876146141425 ) ) ;
#3234 = CARTESIAN_POINT ( 'NONE',  ( -3.710284067798497176, 1.520000000000000018, 0.6079689776603197648 ) ) ;
#3235 = MECHANICAL_DESIGN_GEOMETRIC_PRESENTATION_REPRESENTATION (  '', ( #2553 ), #3467 ) ;
#3236 = FACE_OUTER_BOUND ( 'NONE', #3721, .T. ) ;
#3237 = LINE ( 'NONE', #277, #992 ) ;
#3238 = FILL_AREA_STYLE_COLOUR ( '', #3784 ) ;
#3239 = ORIENTED_EDGE ( 'NONE', *, *, #2453, .T. ) ;
#3240 = CARTESIAN_POINT ( 'NONE',  ( 3.710284067798496288, 1.620000000000000107, 0.6079689776603193208 ) ) ;
#3241 = PRESENTATION_STYLE_ASSIGNMENT (( #2701 ) ) ;
#3242 = PRESENTATION_STYLE_ASSIGNMENT (( #2345 ) ) ;
#3243 = DIRECTION ( 'NONE',  ( 0.0000000000000000000, 0.0000000000000000000, -1.000000000000000000 ) ) ;
#3244 = CYLINDRICAL_SURFACE ( 'NONE', #2193, 2.235925599258337115 ) ;
#3245 = CARTESIAN_POINT ( 'NONE',  ( -1.545601924629707247, 4.899999999999999467, -0.5008432642067672802 ) ) ;
#3246 = PRESENTATION_STYLE_ASSIGNMENT (( #587 ) ) ;
#3247 = SURFACE_STYLE_USAGE ( .BOTH. , #906 ) ;
#3248 = EDGE_LOOP ( 'NONE', ( #3205, #967, #3535, #3183 ) ) ;
#3249 = EDGE_CURVE ( 'NONE', #166, #3123, #2528, .T. ) ;
#3250 = FILL_AREA_STYLE ('',( #3948 ) ) ;
#3251 = DIRECTION ( 'NONE',  ( 0.0000000000000000000, -0.0000000000000000000, 1.000000000000000000 ) ) ;
#3252 = CARTESIAN_POINT ( 'NONE',  ( -1.545601924629707247, 4.899000000000000021, -0.5008432642067672802 ) ) ;
#3253 = PRESENTATION_LAYER_ASSIGNMENT (  '', '', ( #2797 ) ) ;
#3254 = AXIS2_PLACEMENT_3D ( 'NONE', #3923, #4263, #1615 ) ;
#3255 = DIRECTION ( 'NONE',  ( 0.6762489608116972750, 0.0000000000000000000, -0.7366731588710827561 ) ) ;
#3256 = EDGE_CURVE ( 'NONE', #1919, #2845, #762, .T. ) ;
#3257 = MECHANICAL_DESIGN_GEOMETRIC_PRESENTATION_REPRESENTATION (  '', ( #2571 ), #3485 ) ;
#3258 =( GEOMETRIC_REPRESENTATION_CONTEXT ( 3 ) GLOBAL_UNCERTAINTY_ASSIGNED_CONTEXT ( ( #3022 ) ) GLOBAL_UNIT_ASSIGNED_CONTEXT ( ( #2069, #84, #2408 ) ) REPRESENTATION_CONTEXT ( 'NONE', 'WORKASPACE' ) );
#3259 =( LENGTH_UNIT ( ) NAMED_UNIT ( * ) SI_UNIT ( .MILLI., .METRE. ) );
#3260 = FILL_AREA_STYLE_COLOUR ( '', #2955 ) ;
#3261 = SURFACE_STYLE_FILL_AREA ( #14 ) ;
#3262 = CARTESIAN_POINT ( 'NONE',  ( -2.895000000000000462, 0.0000000000000000000, 0.6645830389778991654 ) ) ;
#3263 = ORIENTED_EDGE ( 'NONE', *, *, #2694, .T. ) ;
#3264 = LINE ( 'NONE', #3491, #1881 ) ;
#3265 = PLANE ( 'NONE',  #4164 ) ;
#3266 = MECHANICAL_DESIGN_GEOMETRIC_PRESENTATION_REPRESENTATION (  '', ( #2581 ), #3492 ) ;
#3267 = VERTEX_POINT ( 'NONE', #1157 ) ;
#3268 = VERTEX_POINT ( 'NONE', #1481 ) ;
#3269 = FILL_AREA_STYLE_COLOUR ( '', #3945 ) ;
#3270 = DIRECTION ( 'NONE',  ( 0.0000000000000000000, 0.0000000000000000000, 1.000000000000000000 ) ) ;
#3271 = ADVANCED_FACE ( 'NONE', ( #2423 ), #3508, .F. ) ;
#3272 = ORIENTED_EDGE ( 'NONE', *, *, #2401, .T. ) ;
#3273 = STYLED_ITEM ( 'NONE', ( #2605 ), #1034 ) ;
#3274 = CARTESIAN_POINT ( 'NONE',  ( 2.895000000000000018, 1.520000000000000018, -1.127293717617243063 ) ) ;
#3275 = PRESENTATION_STYLE_ASSIGNMENT (( #792 ) ) ;
#3276 = VECTOR ( 'NONE', #284, 1000.000000000000114 ) ;
#3277 = CARTESIAN_POINT ( 'NONE',  ( -3.149000000000000465, 0.0000000000000000000, 0.6645830389778992764 ) ) ;
#3278 = ADVANCED_FACE ( 'NONE', ( #354 ), #1830, .F. ) ;
#3279 = DIRECTION ( 'NONE',  ( 0.9335804264971997446, 0.0000000000000000000, 0.3583679495453057084 ) ) ;
#3280 =( GEOMETRIC_REPRESENTATION_CONTEXT ( 3 ) GLOBAL_UNCERTAINTY_ASSIGNED_CONTEXT ( ( #2101 ) ) GLOBAL_UNIT_ASSIGNED_CONTEXT ( ( #1476, #3847, #1810 ) ) REPRESENTATION_CONTEXT ( 'NONE', 'WORKASPACE' ) );
#3281 = SURFACE_STYLE_USAGE ( .BOTH. , #946 ) ;
#3282 = VECTOR ( 'NONE', #328, 1000.000000000000000 ) ;
#3283 = EDGE_CURVE ( 'NONE', #3486, #3128, #4062, .T. ) ;
#3284 = ORIENTED_EDGE ( 'NONE', *, *, #3366, .T. ) ;
#3285 = DIRECTION ( 'NONE',  ( -0.0000000000000000000, 1.000000000000000000, -0.0000000000000000000 ) ) ;
#3286 = DIRECTION ( 'NONE',  ( -0.4132170265578689605, 0.0000000000000000000, 0.9106325762691962478 ) ) ;
#3287 = SURFACE_STYLE_FILL_AREA ( #2850 ) ;
#3288 =( GEOMETRIC_REPRESENTATION_CONTEXT ( 3 ) GLOBAL_UNCERTAINTY_ASSIGNED_CONTEXT ( ( #423 ) ) GLOBAL_UNIT_ASSIGNED_CONTEXT ( ( #302, #2290, #4321 ) ) REPRESENTATION_CONTEXT ( 'NONE', 'WORKASPACE' ) );
#3289 = CARTESIAN_POINT ( 'NONE',  ( 1.129999999999999893, 0.0000000000000000000, 3.049999999999999822 ) ) ;
#3290 = DIRECTION ( 'NONE',  ( -0.0000000000000000000, 0.0000000000000000000, 1.000000000000000000 ) ) ;
#3291 = ORIENTED_EDGE ( 'NONE', *, *, #4128, .T. ) ;
#3292 = EDGE_CURVE ( 'NONE', #3956, #79, #3633, .T. ) ;
#3293 = STYLED_ITEM ( 'NONE', ( #2466 ), #2360 ) ;
#3294 = ORIENTED_EDGE ( 'NONE', *, *, #1856, .F. ) ;
#3295 = COLOUR_RGB ( '',0.09803921568627450844, 0.09803921568627450844, 0.09803921568627450844 ) ;
#3296 = FILL_AREA_STYLE ('',( #3962 ) ) ;
#3297 = ORIENTED_EDGE ( 'NONE', *, *, #2314, .T. ) ;
#3298 = FILL_AREA_STYLE_COLOUR ( '', #3718 ) ;
#3299 = STYLED_ITEM ( 'NONE', ( #1337 ), #4276 ) ;
#3300 = VECTOR ( 'NONE', #808, 1000.000000000000000 ) ;
#3301 = PRESENTATION_LAYER_ASSIGNMENT (  '', '', ( #2842 ) ) ;
#3302 = UNCERTAINTY_MEASURE_WITH_UNIT (LENGTH_MEASURE( 1.000000000000000082E-05 ), #1814, 'distance_accuracy_value', 'NONE');
#3303 = VECTOR ( 'NONE', #3187, 1000.000000000000227 ) ;
#3304 =( LENGTH_UNIT ( ) NAMED_UNIT ( * ) SI_UNIT ( .MILLI., .METRE. ) );
#3305 = CARTESIAN_POINT ( 'NONE',  ( -3.710284067798497176, 1.620000000000000107, 0.6079689776603197648 ) ) ;
#3306 = LINE ( 'NONE', #845, #2399 ) ;
#3307 = ADVANCED_FACE ( 'NONE', ( #1821 ), #1844, .T. ) ;
#3308 =( NAMED_UNIT ( * ) SI_UNIT ( $, .STERADIAN. ) SOLID_ANGLE_UNIT ( ) );
#3309 = CARTESIAN_POINT ( 'NONE',  ( -3.710284067798497176, 1.520000000000000018, 0.6079689776603196538 ) ) ;
#3310 = DIRECTION ( 'NONE',  ( 0.0000000000000000000, -0.0000000000000000000, 1.000000000000000000 ) ) ;
#3311 = EDGE_CURVE ( 'NONE', #2073, #2732, #3200, .T. ) ;
#3312 = DIRECTION ( 'NONE',  ( 1.000000000000000000, -0.0000000000000000000, -1.463489996605855296E-16 ) ) ;
#3313 = FILL_AREA_STYLE_COLOUR ( '', #2889 ) ;
#3314 = ORIENTED_EDGE ( 'NONE', *, *, #3782, .T. ) ;
#3315 = LINE ( 'NONE', #3789, #1318 ) ;
#3316 = ADVANCED_FACE ( 'NONE', ( #1510 ), #1211, .F. ) ;
#3317 =( LENGTH_UNIT ( ) NAMED_UNIT ( * ) SI_UNIT ( .MILLI., .METRE. ) );
#3318 = MECHANICAL_DESIGN_GEOMETRIC_PRESENTATION_REPRESENTATION (  '', ( #2642 ), #3548 ) ;
#3319 = LINE ( 'NONE', #311, #4223 ) ;
#3320 = AXIS2_PLACEMENT_3D ( 'NONE', #2779, #779, #3118 ) ;
#3321 = CARTESIAN_POINT ( 'NONE',  ( -3.656528875366701570, 0.0000000000000000000, -0.7480060416348995878 ) ) ;
#3322 = VERTEX_POINT ( 'NONE', #553 ) ;
#3323 = VECTOR ( 'NONE', #2751, 1000.000000000000000 ) ;
#3324 = EDGE_CURVE ( 'NONE', #879, #18, #1987, .T. ) ;
#3325 = CARTESIAN_POINT ( 'NONE',  ( 0.0000000000000000000, 3.879999999999999893, 0.0000000000000000000 ) ) ;
#3326 = SURFACE_STYLE_FILL_AREA ( #495 ) ;
#3327 = CARTESIAN_POINT ( 'NONE',  ( 0.0000000000000000000, 4.899999999999999467, 0.0000000000000000000 ) ) ;
#3328 = DIRECTION ( 'NONE',  ( -0.0000000000000000000, 0.0000000000000000000, 1.000000000000000000 ) ) ;
#3329 = AXIS2_PLACEMENT_3D ( 'NONE', #3470, #3814, #1783 ) ;
#3330 =( LENGTH_UNIT ( ) NAMED_UNIT ( * ) SI_UNIT ( .MILLI., .METRE. ) );
#3331 = VECTOR ( 'NONE', #1208, 1000.000000000000000 ) ;
#3332 = MANIFOLD_SOLID_BREP ( 'Extrude30', #3813 ) ;
#3333 = FILL_AREA_STYLE ('',( #3639 ) ) ;
#3334 = VERTEX_POINT ( 'NONE', #3580 ) ;
#3335 = AXIS2_PLACEMENT_3D ( 'NONE', #3468, #1117, #3124 ) ;
#3336 = AXIS2_PLACEMENT_3D ( 'NONE', #2421, #444, #766 ) ;
#3337 = PRESENTATION_STYLE_ASSIGNMENT (( #3020 ) ) ;
#3338 = ADVANCED_FACE ( 'NONE', ( #1102 ), #900, .F. ) ;
#3339 = LINE ( 'NONE', #3430, #673 ) ;
#3340 =( GEOMETRIC_REPRESENTATION_CONTEXT ( 3 ) GLOBAL_UNCERTAINTY_ASSIGNED_CONTEXT ( ( #2648 ) ) GLOBAL_UNIT_ASSIGNED_CONTEXT ( ( #1670, #4046, #2011 ) ) REPRESENTATION_CONTEXT ( 'NONE', 'WORKASPACE' ) );
#3341 = ORIENTED_EDGE ( 'NONE', *, *, #3361, .F. ) ;
#3342 = DIRECTION ( 'NONE',  ( 0.0000000000000000000, 0.0000000000000000000, -1.000000000000000000 ) ) ;
#3343 = DIRECTION ( 'NONE',  ( -0.8242666277543647668, 5.189991611788086812E-15, -0.5662018424294003038 ) ) ;
#3344 = DIRECTION ( 'NONE',  ( 0.0000000000000000000, -0.0000000000000000000, -1.000000000000000000 ) ) ;
#3345 = VERTEX_POINT ( 'NONE', #258 ) ;
#3346 = FILL_AREA_STYLE ('',( #3005 ) ) ;
#3347 = PRESENTATION_LAYER_ASSIGNMENT (  '', '', ( #3120 ) ) ;
#3348 = VECTOR ( 'NONE', #1913, 1000.000000000000000 ) ;
#3349 = SURFACE_STYLE_FILL_AREA ( #1661 ) ;
#3350 = UNCERTAINTY_MEASURE_WITH_UNIT (LENGTH_MEASURE( 1.000000000000000082E-05 ), #2960, 'distance_accuracy_value', 'NONE');
#3351 = CIRCLE ( 'NONE', #333, 0.2540000000000000036 ) ;
#3352 = ORIENTED_EDGE ( 'NONE', *, *, #64, .F. ) ;
#3353 = CARTESIAN_POINT ( 'NONE',  ( 0.0000000000000000000, 3.879999999999999893, 0.0000000000000000000 ) ) ;
#3354 = STYLED_ITEM ( 'NONE', ( #3769 ), #973 ) ;
#3355 = PLANE ( 'NONE',  #1358 ) ;
#3356 = PLANE ( 'NONE',  #3776 ) ;
#3357 = PRESENTATION_STYLE_ASSIGNMENT (( #1560 ) ) ;
#3358 = ADVANCED_FACE ( 'NONE', ( #483 ), #3920, .F. ) ;
#3359 = CARTESIAN_POINT ( 'NONE',  ( -0.1924989316719607491, 4.899000000000000021, 1.084984200581965430 ) ) ;
#3360 = FILL_AREA_STYLE ('',( #4064 ) ) ;
#3361 = EDGE_CURVE ( 'NONE', #1601, #564, #3627, .T. ) ;
#3362 = MECHANICAL_DESIGN_GEOMETRIC_PRESENTATION_REPRESENTATION (  '', ( #2903 ), #3593 ) ;
#3363 = ORIENTED_EDGE ( 'NONE', *, *, #1147, .F. ) ;
#3364 = MECHANICAL_DESIGN_GEOMETRIC_PRESENTATION_REPRESENTATION (  '', ( #2908 ), #3596 ) ;
#3365 =( LENGTH_UNIT ( ) NAMED_UNIT ( * ) SI_UNIT ( .MILLI., .METRE. ) );
#3366 = EDGE_CURVE ( 'NONE', #2583, #3886, #1933, .T. ) ;
#3367 = VERTEX_POINT ( 'NONE', #4312 ) ;
#3368 = SURFACE_STYLE_FILL_AREA ( #1341 ) ;
#3369 = AXIS2_PLACEMENT_3D ( 'NONE', #951, #3290, #3632 ) ;
#3370 = CARTESIAN_POINT ( 'NONE',  ( 0.0000000000000000000, 1.520000000000000018, 0.0000000000000000000 ) ) ;
#3371 = FILL_AREA_STYLE_COLOUR ( '', #3853 ) ;
#3372 = ORIENTED_EDGE ( 'NONE', *, *, #3823, .T. ) ;
#3373 = EDGE_LOOP ( 'NONE', ( #2836, #841, #1320, #1412 ) ) ;
#3374 = DIRECTION ( 'NONE',  ( -0.0000000000000000000, 1.000000000000000000, -0.0000000000000000000 ) ) ;
#3375 = CARTESIAN_POINT ( 'NONE',  ( -1.545601924629707247, 4.899999999999999467, -0.5008432642067672802 ) ) ;
#3376 = EDGE_LOOP ( 'NONE', ( #2885, #117, #1140, #1465 ) ) ;
#3377 = CARTESIAN_POINT ( 'NONE',  ( -3.149000000000000465, 0.0000000000000000000, 0.6645830389778992764 ) ) ;
#3378 = LINE ( 'NONE', #701, #812 ) ;
#3379 = STYLED_ITEM ( 'NONE', ( #1132 ), #4052 ) ;
#3380 = SURFACE_STYLE_USAGE ( .BOTH. , #1686 ) ;
#3381 = LINE ( 'NONE', #3274, #4178 ) ;
#3382 = ADVANCED_FACE ( 'NONE', ( #956 ), #2280, .F. ) ;
#3383 = ORIENTED_EDGE ( 'NONE', *, *, #986, .F. ) ;
#3384 = CARTESIAN_POINT ( 'NONE',  ( -1.502358086601538023, 4.899000000000000021, 0.6703715245256274269 ) ) ;
#3385 = SURFACE_SIDE_STYLE ('',( #2947 ) ) ;
#3386 = UNCERTAINTY_MEASURE_WITH_UNIT (LENGTH_MEASURE( 1.000000000000000082E-05 ), #519, 'distance_accuracy_value', 'NONE');
#3387 = VECTOR ( 'NONE', #1667, 1000.000000000000114 ) ;
#3388 = CARTESIAN_POINT ( 'NONE',  ( -1.502358086601538023, 4.899000000000000021, 0.6703715245256274269 ) ) ;
#3389 = CARTESIAN_POINT ( 'NONE',  ( 4.445000000000000284, 1.520000000000000018, 0.8900000000000000133 ) ) ;
#3390 = VERTEX_POINT ( 'NONE', #293 ) ;
#3391 = ORIENTED_EDGE ( 'NONE', *, *, #2829, .F. ) ;
#3392 = EDGE_CURVE ( 'NONE', #352, #205, #1505, .T. ) ;
#3393 = DIRECTION ( 'NONE',  ( -0.0000000000000000000, 1.000000000000000000, -0.0000000000000000000 ) ) ;
#3394 =( NAMED_UNIT ( * ) SI_UNIT ( $, .STERADIAN. ) SOLID_ANGLE_UNIT ( ) );
#3395 = LINE ( 'NONE', #3655, #831 ) ;
#3396 =( GEOMETRIC_REPRESENTATION_CONTEXT ( 3 ) GLOBAL_UNCERTAINTY_ASSIGNED_CONTEXT ( ( #1312 ) ) GLOBAL_UNIT_ASSIGNED_CONTEXT ( ( #2041, #400, #2381 ) ) REPRESENTATION_CONTEXT ( 'NONE', 'WORKASPACE' ) );
#3397 = ORIENTED_EDGE ( 'NONE', *, *, #2038, .T. ) ;
#3398 = EDGE_CURVE ( 'NONE', #344, #2708, #4103, .T. ) ;
#3399 =( GEOMETRIC_REPRESENTATION_CONTEXT ( 3 ) GLOBAL_UNCERTAINTY_ASSIGNED_CONTEXT ( ( #1640 ) ) GLOBAL_UNIT_ASSIGNED_CONTEXT ( ( #2513, #525, #2855 ) ) REPRESENTATION_CONTEXT ( 'NONE', 'WORKASPACE' ) );
#3400 =( GEOMETRIC_REPRESENTATION_CONTEXT ( 3 ) GLOBAL_UNCERTAINTY_ASSIGNED_CONTEXT ( ( #3626 ) ) GLOBAL_UNIT_ASSIGNED_CONTEXT ( ( #3259, #219, #1242 ) ) REPRESENTATION_CONTEXT ( 'NONE', 'WORKASPACE' ) );
#3401 = FACE_OUTER_BOUND ( 'NONE', #1134, .T. ) ;
#3402 = CARTESIAN_POINT ( 'NONE',  ( 1.112558308597786594, 4.899000000000003574, 0.01054246810156325709 ) ) ;
#3403 = ORIENTED_EDGE ( 'NONE', *, *, #843, .F. ) ;
#3404 = VECTOR ( 'NONE', #142, 1000.000000000000000 ) ;
#3405 = DIRECTION ( 'NONE',  ( -0.0000000000000000000, -1.000000000000000000, -0.0000000000000000000 ) ) ;
#3406 = FACE_OUTER_BOUND ( 'NONE', #347, .T. ) ;
#3407 = COLOUR_RGB ( '',0.09803921568627450844, 0.09803921568627450844, 0.09803921568627450844 ) ;
#3408 = SURFACE_SIDE_STYLE ('',( #2163 ) ) ;
#3409 = VERTEX_POINT ( 'NONE', #4247 ) ;
#3410 = EDGE_LOOP ( 'NONE', ( #1449, #1064, #3744, #1945 ) ) ;
#3411 = CARTESIAN_POINT ( 'NONE',  ( -1.502358086601538023, 4.899000000000000021, 0.6703715245256274269 ) ) ;
#3412 =( GEOMETRIC_REPRESENTATION_CONTEXT ( 3 ) GLOBAL_UNCERTAINTY_ASSIGNED_CONTEXT ( ( #1398 ) ) GLOBAL_UNIT_ASSIGNED_CONTEXT ( ( #2669, #669, #3001 ) ) REPRESENTATION_CONTEXT ( 'NONE', 'WORKASPACE' ) );
#3413 = COLOUR_RGB ( '',0.5372549019607842924, 0.3490196078431372362, 0.3372549019607843368 ) ;
#3414 = UNCERTAINTY_MEASURE_WITH_UNIT (LENGTH_MEASURE( 1.000000000000000082E-05 ), #1245, 'distance_accuracy_value', 'NONE');
#3415 =( LENGTH_UNIT ( ) NAMED_UNIT ( * ) SI_UNIT ( .MILLI., .METRE. ) );
#3416 = AXIS2_PLACEMENT_3D ( 'NONE', #2091, #114, #2431 ) ;
#3417 = DIRECTION ( 'NONE',  ( 0.0000000000000000000, 1.000000000000000000, 0.0000000000000000000 ) ) ;
#3418 = CARTESIAN_POINT ( 'NONE',  ( 3.710284067798496288, -0.1000000000000000056, 0.6079689776603193208 ) ) ;
#3419 = CARTESIAN_POINT ( 'NONE',  ( -0.1924989316719607491, 4.899999999999999467, 1.084984200581965430 ) ) ;
#3420 = CARTESIAN_POINT ( 'NONE',  ( 4.445000000000000284, 1.520000000000000018, 3.049999999999998490 ) ) ;
#3421 = VERTEX_POINT ( 'NONE', #1876 ) ;
#3422 = EDGE_CURVE ( 'NONE', #3128, #2448, #4004, .T. ) ;
#3423 = CARTESIAN_POINT ( 'NONE',  ( -0.1924989316719608601, 4.899999999999999467, -0.6781099895588797999 ) ) ;
#3424 = ORIENTED_EDGE ( 'NONE', *, *, #2145, .F. ) ;
#3425 = PRODUCT_RELATED_PRODUCT_CATEGORY ( 'part', '', ( #4211 ) ) ;
#3426 = LINE ( 'NONE', #3446, #2313 ) ;
#3427 = EDGE_LOOP ( 'NONE', ( #473, #2683 ) ) ;
#3428 = DIRECTION ( 'NONE',  ( 0.0000000000000000000, 0.0000000000000000000, 1.000000000000000000 ) ) ;
#3429 = ORIENTED_EDGE ( 'NONE', *, *, #2008, .T. ) ;
#3430 = CARTESIAN_POINT ( 'NONE',  ( 1.112558308597786594, 4.899000000000003574, 0.006823277960718229784 ) ) ;
#3431 = UNCERTAINTY_MEASURE_WITH_UNIT (LENGTH_MEASURE( 1.000000000000000082E-05 ), #1972, 'distance_accuracy_value', 'NONE');
#3432 = CIRCLE ( 'NONE', #934, 2.350000000000000089 ) ;
#3433 = CARTESIAN_POINT ( 'NONE',  ( -2.895000000000000462, 1.520000000000000018, -0.6645830389778991654 ) ) ;
#3434 = VERTEX_POINT ( 'NONE', #2892 ) ;
#3435 = VECTOR ( 'NONE', #811, 1000.000000000000000 ) ;
#3436 =( NAMED_UNIT ( * ) PLANE_ANGLE_UNIT ( ) SI_UNIT ( $, .RADIAN. ) );
#3437 = LINE ( 'NONE', #212, #4343 ) ;
#3438 =( GEOMETRIC_REPRESENTATION_CONTEXT ( 3 ) GLOBAL_UNCERTAINTY_ASSIGNED_CONTEXT ( ( #149 ) ) GLOBAL_UNIT_ASSIGNED_CONTEXT ( ( #361, #655, #2258 ) ) REPRESENTATION_CONTEXT ( 'NONE', 'WORKASPACE' ) );
#3439 = FILL_AREA_STYLE ('',( #440 ) ) ;
#3440 = VERTEX_POINT ( 'NONE', #2556 ) ;
#3441 = DIRECTION ( 'NONE',  ( 0.0000000000000000000, -0.0000000000000000000, -1.000000000000000000 ) ) ;
#3442 = CARTESIAN_POINT ( 'NONE',  ( -0.1924989316719607491, 4.899000000000000021, 0.2937209963566130289 ) ) ;
#3443 = LINE ( 'NONE', #2405, #1642 ) ;
#3444 = PRESENTATION_STYLE_ASSIGNMENT (( #2447 ) ) ;
#3445 = PLANE ( 'NONE',  #3320 ) ;
#3446 = CARTESIAN_POINT ( 'NONE',  ( 2.969929242986835138, 0.0000000000000000000, 0.4844451362957269414 ) ) ;
#3447 = EDGE_LOOP ( 'NONE', ( #1442, #1880, #3461, #474 ) ) ;
#3448 = DIRECTION ( 'NONE',  ( -1.000000000000000000, 0.0000000000000000000, 5.210738217947934616E-16 ) ) ;
#3449 = PLANE ( 'NONE',  #2136 ) ;
#3450 = EDGE_CURVE ( 'NONE', #3886, #1005, #644, .T. ) ;
#3451 = VECTOR ( 'NONE', #3107, 1000.000000000000000 ) ;
#3452 = MECHANICAL_DESIGN_GEOMETRIC_PRESENTATION_REPRESENTATION (  '', ( #2998 ), #3683 ) ;
#3453 = FILL_AREA_STYLE ('',( #3793 ) ) ;
#3454 = LINE ( 'NONE', #2595, #781 ) ;
#3455 = PRESENTATION_LAYER_ASSIGNMENT (  '', '', ( #3684 ) ) ;
#3456 = SURFACE_STYLE_FILL_AREA ( #3453 ) ;
#3457 = SURFACE_STYLE_USAGE ( .BOTH. , #1429 ) ;
#3458 = FILL_AREA_STYLE ('',( #1737 ) ) ;
#3459 = COLOUR_RGB ( '',0.1921568627450980227, 0.2039215686274509776, 0.2039215686274509776 ) ;
#3460 = DIRECTION ( 'NONE',  ( 0.9106325762691961367, 0.0000000000000000000, 0.4132170265578689605 ) ) ;
#3461 = ORIENTED_EDGE ( 'NONE', *, *, #64, .T. ) ;
#3462 = FILL_AREA_STYLE_COLOUR ( '', #2819 ) ;
#3463 = FILL_AREA_STYLE ('',( #119 ) ) ;
#3464 = DIRECTION ( 'NONE',  ( 0.0000000000000000000, 1.000000000000000000, 0.0000000000000000000 ) ) ;
#3465 = STYLED_ITEM ( 'NONE', ( #2167 ), #2907 ) ;
#3466 =( NAMED_UNIT ( * ) PLANE_ANGLE_UNIT ( ) SI_UNIT ( $, .RADIAN. ) );
#3467 =( GEOMETRIC_REPRESENTATION_CONTEXT ( 3 ) GLOBAL_UNCERTAINTY_ASSIGNED_CONTEXT ( ( #2298 ) ) GLOBAL_UNIT_ASSIGNED_CONTEXT ( ( #3903, #1872, #4242 ) ) REPRESENTATION_CONTEXT ( 'NONE', 'WORKASPACE' ) );
#3468 = CARTESIAN_POINT ( 'NONE',  ( -3.656528875366701570, 1.620000000000000107, 0.7480060416348995878 ) ) ;
#3469 = DIRECTION ( 'NONE',  ( -0.9335804264971999666, 0.0000000000000000000, 0.3583679495453052088 ) ) ;
#3470 = CARTESIAN_POINT ( 'NONE',  ( -2.964890873917083614, 0.0000000000000000000, 0.4825110876146144756 ) ) ;
#3471 = ORIENTED_EDGE ( 'NONE', *, *, #4000, .F. ) ;
#3472 = DIRECTION ( 'NONE',  ( 0.0000000000000000000, 1.000000000000000000, 0.0000000000000000000 ) ) ;
#3473 = DIRECTION ( 'NONE',  ( 0.5662018424294003038, 0.0000000000000000000, -0.8242666277543647668 ) ) ;
#3474 = PLANE ( 'NONE',  #1889 ) ;
#3475 = EDGE_CURVE ( 'NONE', #2229, #512, #2305, .T. ) ;
#3476 = DIRECTION ( 'NONE',  ( -1.000000000000000000, 0.0000000000000000000, 0.0000000000000000000 ) ) ;
#3477 = ORIENTED_EDGE ( 'NONE', *, *, #4306, .T. ) ;
#3478 = FACE_OUTER_BOUND ( 'NONE', #2146, .T. ) ;
#3479 = CARTESIAN_POINT ( 'NONE',  ( -0.1924989316719607491, 4.899999999999999467, 0.1131532146664721572 ) ) ;
#3480 = VERTEX_POINT ( 'NONE', #3922 ) ;
#3481 = MECHANICAL_DESIGN_GEOMETRIC_PRESENTATION_REPRESENTATION (  '', ( #2797 ), #3709 ) ;
#3482 = PRESENTATION_LAYER_ASSIGNMENT (  '', '', ( #3024 ) ) ;
#3483 = EDGE_CURVE ( 'NONE', #1044, #2469, #3889, .T. ) ;
#3484 = PRESENTATION_STYLE_ASSIGNMENT (( #916 ) ) ;
#3485 =( GEOMETRIC_REPRESENTATION_CONTEXT ( 3 ) GLOBAL_UNCERTAINTY_ASSIGNED_CONTEXT ( ( #3414 ) ) GLOBAL_UNIT_ASSIGNED_CONTEXT ( ( #1245, #2243, #247 ) ) REPRESENTATION_CONTEXT ( 'NONE', 'WORKASPACE' ) );
#3486 = VERTEX_POINT ( 'NONE', #4262 ) ;
#3487 = SURFACE_SIDE_STYLE ('',( #1439 ) ) ;
#3488 =( NAMED_UNIT ( * ) PLANE_ANGLE_UNIT ( ) SI_UNIT ( $, .RADIAN. ) );
#3489 =( NAMED_UNIT ( * ) SI_UNIT ( $, .STERADIAN. ) SOLID_ANGLE_UNIT ( ) );
#3490 = VECTOR ( 'NONE', #4091, 1000.000000000000227 ) ;
#3491 = CARTESIAN_POINT ( 'NONE',  ( -1.502358086601538245, 4.899000000000000021, -0.5992147430800065511 ) ) ;
#3492 =( GEOMETRIC_REPRESENTATION_CONTEXT ( 3 ) GLOBAL_UNCERTAINTY_ASSIGNED_CONTEXT ( ( #168 ) ) GLOBAL_UNIT_ASSIGNED_CONTEXT ( ( #279, #2608, #616 ) ) REPRESENTATION_CONTEXT ( 'NONE', 'WORKASPACE' ) );
#3493 = CARTESIAN_POINT ( 'NONE',  ( 1.112558308597786594, 4.900000000000003020, 0.01054246810156325709 ) ) ;
#3494 = DIRECTION ( 'NONE',  ( 0.0000000000000000000, 0.0000000000000000000, 1.000000000000000000 ) ) ;
#3495 = ORIENTED_EDGE ( 'NONE', *, *, #2173, .T. ) ;
#3496 = PLANE ( 'NONE',  #1979 ) ;
#3497 = FACE_OUTER_BOUND ( 'NONE', #248, .T. ) ;
#3498 = COLOUR_RGB ( '',0.8274509803921568096, 0.8392156862745098200, 0.8274509803921568096 ) ;
#3499 = ORIENTED_EDGE ( 'NONE', *, *, #3905, .T. ) ;
#3500 = VERTEX_POINT ( 'NONE', #1550 ) ;
#3501 = AXIS2_PLACEMENT_3D ( 'NONE', #813, #3146, #1142 ) ;
#3502 = FACE_OUTER_BOUND ( 'NONE', #3771, .T. ) ;
#3503 = DIRECTION ( 'NONE',  ( -0.9335804264971998556, -0.0000000000000000000, 0.3583679495453050423 ) ) ;
#3504 = FILL_AREA_STYLE_COLOUR ( '', #57 ) ;
#3505 = ORIENTED_EDGE ( 'NONE', *, *, #458, .T. ) ;
#3506 = SURFACE_STYLE_USAGE ( .BOTH. , #1154 ) ;
#3507 = LINE ( 'NONE', #1843, #834 ) ;
#3508 = PLANE ( 'NONE',  #2721 ) ;
#3509 = ORIENTED_EDGE ( 'NONE', *, *, #1194, .F. ) ;
#3510 = STYLED_ITEM ( 'NONE', ( #2284 ), #4344 ) ;
#3511 = DIRECTION ( 'NONE',  ( -1.000000000000000000, 0.0000000000000000000, 0.0000000000000000000 ) ) ;
#3512 = EDGE_CURVE ( 'NONE', #344, #3956, #1400, .T. ) ;
#3513 = VECTOR ( 'NONE', #2675, 1000.000000000000000 ) ;
#3514 = FACE_OUTER_BOUND ( 'NONE', #1782, .T. ) ;
#3515 = ORIENTED_EDGE ( 'NONE', *, *, #2688, .T. ) ;
#3516 = FACE_OUTER_BOUND ( 'NONE', #1201, .T. ) ;
#3517 = CARTESIAN_POINT ( 'NONE',  ( -1.129999999999999893, 1.520000000000000018, -3.049999999999999822 ) ) ;
#3518 = LINE ( 'NONE', #820, #952 ) ;
#3519 = EDGE_CURVE ( 'NONE', #2601, #3821, #439, .T. ) ;
#3520 = PRESENTATION_LAYER_ASSIGNMENT (  '', '', ( #3293 ) ) ;
#3521 = CARTESIAN_POINT ( 'NONE',  ( 2.877919977996279827E-16, 4.899999999999999467, 2.350000000000000089 ) ) ;
#3522 = FILL_AREA_STYLE_COLOUR ( '', #3175 ) ;
#3523 = FILL_AREA_STYLE_COLOUR ( '', #325 ) ;
#3524 = PRESENTATION_STYLE_ASSIGNMENT (( #1200 ) ) ;
#3525 = DIRECTION ( 'NONE',  ( 0.0000000000000000000, 0.0000000000000000000, -1.000000000000000000 ) ) ;
#3526 = FILL_AREA_STYLE ('',( #844 ) ) ;
#3527 = AXIS2_PLACEMENT_3D ( 'NONE', #1122, #3472, #1448 ) ;
#3528 = MECHANICAL_DESIGN_GEOMETRIC_PRESENTATION_REPRESENTATION (  '', ( #2842 ), #3753 ) ;
#3529 = UNCERTAINTY_MEASURE_WITH_UNIT (LENGTH_MEASURE( 1.000000000000000082E-05 ), #1091, 'distance_accuracy_value', 'NONE');
#3530 = ORIENTED_EDGE ( 'NONE', *, *, #1883, .T. ) ;
#3531 = LINE ( 'NONE', #2844, #3640 ) ;
#3532 = EDGE_LOOP ( 'NONE', ( #2361, #3852, #292, #3079, #3979, #1869, #266, #2362 ) ) ;
#3533 = LINE ( 'NONE', #3819, #2518 ) ;
#3534 = DIRECTION ( 'NONE',  ( -0.0000000000000000000, 1.000000000000000000, -0.0000000000000000000 ) ) ;
#3535 = ORIENTED_EDGE ( 'NONE', *, *, #458, .F. ) ;
#3536 = PLANE ( 'NONE',  #1976 ) ;
#3537 =( NAMED_UNIT ( * ) PLANE_ANGLE_UNIT ( ) SI_UNIT ( $, .RADIAN. ) );
#3538 =( NAMED_UNIT ( * ) SI_UNIT ( $, .STERADIAN. ) SOLID_ANGLE_UNIT ( ) );
#3539 =( NAMED_UNIT ( * ) SI_UNIT ( $, .STERADIAN. ) SOLID_ANGLE_UNIT ( ) );
#3540 = ORIENTED_EDGE ( 'NONE', *, *, #1300, .F. ) ;
#3541 = EDGE_CURVE ( 'NONE', #1825, #2689, #2084, .T. ) ;
#3542 = DIRECTION ( 'NONE',  ( 0.0000000000000000000, 0.0000000000000000000, 1.000000000000000000 ) ) ;
#3543 = LINE ( 'NONE', #4007, #974 ) ;
#3544 = VECTOR ( 'NONE', #3476, 1000.000000000000000 ) ;
#3545 = FILL_AREA_STYLE ('',( #207 ) ) ;
#3546 = DIRECTION ( 'NONE',  ( -0.0000000000000000000, -0.0000000000000000000, 1.000000000000000000 ) ) ;
#3547 = CARTESIAN_POINT ( 'NONE',  ( -1.129999999999999893, 1.520000000000000018, -3.049999999999999822 ) ) ;
#3548 =( GEOMETRIC_REPRESENTATION_CONTEXT ( 3 ) GLOBAL_UNCERTAINTY_ASSIGNED_CONTEXT ( ( #3386 ) ) GLOBAL_UNIT_ASSIGNED_CONTEXT ( ( #519, #2849, #849 ) ) REPRESENTATION_CONTEXT ( 'NONE', 'WORKASPACE' ) );
#3549 = LINE ( 'NONE', #2959, #981 ) ;
#3550 = APPLICATION_PROTOCOL_DEFINITION ( 'draft international standard', 'automotive_design', 1998, #3891 ) ;
#3551 = DIRECTION ( 'NONE',  ( 0.8262748171451994583, -5.442844791128604989E-15, 0.5632671893086504955 ) ) ;
#3552 = PRESENTATION_LAYER_ASSIGNMENT (  '', '', ( #3094 ) ) ;
#3553 = ORIENTED_EDGE ( 'NONE', *, *, #3519, .T. ) ;
#3554 =( LENGTH_UNIT ( ) NAMED_UNIT ( * ) SI_UNIT ( .MILLI., .METRE. ) );
#3555 = LINE ( 'NONE', #2734, #987 ) ;
#3556 = SURFACE_STYLE_FILL_AREA ( #2107 ) ;
#3557 = EDGE_LOOP ( 'NONE', ( #3002, #1115, #3714, #2332 ) ) ;
#3558 = EDGE_CURVE ( 'NONE', #1296, #680, #3781, .T. ) ;
#3559 = PRESENTATION_STYLE_ASSIGNMENT (( #3457 ) ) ;
#3560 = SURFACE_STYLE_FILL_AREA ( #1543 ) ;
#3561 =( LENGTH_UNIT ( ) NAMED_UNIT ( * ) SI_UNIT ( .MILLI., .METRE. ) );
#3562 = PRESENTATION_LAYER_ASSIGNMENT (  '', '', ( #3103 ) ) ;
#3563 = LINE ( 'NONE', #2614, #2667 ) ;
#3564 = DIRECTION ( 'NONE',  ( 0.0000000000000000000, 1.000000000000000000, 0.0000000000000000000 ) ) ;
#3565 = APPLICATION_CONTEXT ( 'automotive_design' ) ;
#3566 = SURFACE_SIDE_STYLE ('',( #50 ) ) ;
#3567 = FILL_AREA_STYLE_COLOUR ( '', #2427 ) ;
#3568 = CIRCLE ( 'NONE', #99, 2.235925599258337115 ) ;
#3569 = PRESENTATION_LAYER_ASSIGNMENT (  '', '', ( #3109 ) ) ;
#3570 = FILL_AREA_STYLE ('',( #2540 ) ) ;
#3571 = STYLED_ITEM ( 'NONE', ( #3899 ), #2579 ) ;
#3572 = ORIENTED_EDGE ( 'NONE', *, *, #816, .T. ) ;
#3573 = CARTESIAN_POINT ( 'NONE',  ( 3.149000000000000465, 0.0000000000000000000, -0.6645830389778992764 ) ) ;
#3574 =( NAMED_UNIT ( * ) PLANE_ANGLE_UNIT ( ) SI_UNIT ( $, .RADIAN. ) );
#3575 = DIRECTION ( 'NONE',  ( -0.0000000000000000000, 0.0000000000000000000, 1.000000000000000000 ) ) ;
#3576 = MECHANICAL_DESIGN_GEOMETRIC_PRESENTATION_REPRESENTATION (  '', ( #3120 ), #3804 ) ;
#3577 = CARTESIAN_POINT ( 'NONE',  ( 1.663570632541448546, 4.899999999999999467, -0.3716758417575917184 ) ) ;
#3578 = DIRECTION ( 'NONE',  ( 0.9106325762691962478, 0.0000000000000000000, 0.4132170265578689605 ) ) ;
#3579 = FACE_OUTER_BOUND ( 'NONE', #2720, .T. ) ;
#3580 = CARTESIAN_POINT ( 'NONE',  ( -2.895000000000000462, 1.620000000000000107, -0.6645830389778991654 ) ) ;
#3581 = ORIENTED_EDGE ( 'NONE', *, *, #4337, .F. ) ;
#3582 = COLOUR_RGB ( '',0.09803921568627450844, 0.09803921568627450844, 0.09803921568627450844 ) ;
#3583 = DIRECTION ( 'NONE',  ( 4.476057622441106443E-16, 0.0000000000000000000, 1.000000000000000000 ) ) ;
#3584 = FILL_AREA_STYLE_COLOUR ( '', #915 ) ;
#3585 = ORIENTED_EDGE ( 'NONE', *, *, #1199, .F. ) ;
#3586 = AXIS2_PLACEMENT_3D ( 'NONE', #3420, #1394, #3762 ) ;
#3587 = EDGE_LOOP ( 'NONE', ( #2637, #2666, #2098, #234 ) ) ;
#3588 =( NAMED_UNIT ( * ) PLANE_ANGLE_UNIT ( ) SI_UNIT ( $, .RADIAN. ) );
#3589 = ORIENTED_EDGE ( 'NONE', *, *, #88, .T. ) ;
#3590 = CARTESIAN_POINT ( 'NONE',  ( 0.0000000000000000000, 4.899999999999999467, 0.0000000000000000000 ) ) ;
#3591 = EDGE_CURVE ( 'NONE', #3267, #905, #1202, .T. ) ;
#3592 = COLOUR_RGB ( '',1.000000000000000000, 1.000000000000000000, 1.000000000000000000 ) ;
#3593 =( GEOMETRIC_REPRESENTATION_CONTEXT ( 3 ) GLOBAL_UNCERTAINTY_ASSIGNED_CONTEXT ( ( #222 ) ) GLOBAL_UNIT_ASSIGNED_CONTEXT ( ( #1231, #3588, #1556 ) ) REPRESENTATION_CONTEXT ( 'NONE', 'WORKASPACE' ) );
#3594 = SURFACE_SIDE_STYLE ('',( #4260 ) ) ;
#3595 = SURFACE_STYLE_FILL_AREA ( #3761 ) ;
#3596 =( GEOMETRIC_REPRESENTATION_CONTEXT ( 3 ) GLOBAL_UNCERTAINTY_ASSIGNED_CONTEXT ( ( #1625 ) ) GLOBAL_UNIT_ASSIGNED_CONTEXT ( ( #1659, #3690, #1332 ) ) REPRESENTATION_CONTEXT ( 'NONE', 'WORKASPACE' ) );
#3597 = LINE ( 'NONE', #1255, #1791 ) ;
#3598 = EDGE_CURVE ( 'NONE', #3500, #1104, #218, .T. ) ;
#3599 = CARTESIAN_POINT ( 'NONE',  ( -2.969929242986835138, -0.1000000000000000056, -0.4844451362957268858 ) ) ;
#3600 = PRESENTATION_LAYER_ASSIGNMENT (  '', '', ( #3140 ) ) ;
#3601 = CARTESIAN_POINT ( 'NONE',  ( -3.656528875366701570, 1.620000000000000107, 0.7480060416348995878 ) ) ;
#3602 = ORIENTED_EDGE ( 'NONE', *, *, #1172, .T. ) ;
#3603 = CARTESIAN_POINT ( 'NONE',  ( 2.895000000000000462, 1.620000000000000107, -0.6645830389778991654 ) ) ;
#3604 = DIRECTION ( 'NONE',  ( 0.0000000000000000000, -1.000000000000000000, 0.0000000000000000000 ) ) ;
#3605 = ADVANCED_FACE ( 'NONE', ( #1982 ), #3953, .T. ) ;
#3606 = FACE_OUTER_BOUND ( 'NONE', #2888, .T. ) ;
#3607 = DIRECTION ( 'NONE',  ( 0.0000000000000000000, 0.0000000000000000000, -1.000000000000000000 ) ) ;
#3608 = ORIENTED_EDGE ( 'NONE', *, *, #2149, .T. ) ;
#3609 = VERTEX_POINT ( 'NONE', #929 ) ;
#3610 = CARTESIAN_POINT ( 'NONE',  ( -3.149000000000000465, 1.620000000000000107, -0.6645830389778992764 ) ) ;
#3611 = AXIS2_PLACEMENT_3D ( 'NONE', #1935, #4308, #2277 ) ;
#3612 = ORIENTED_EDGE ( 'NONE', *, *, #2316, .F. ) ;
#3613 = ADVANCED_FACE ( 'NONE', ( #692 ), #1578, .F. ) ;
#3614 = COLOUR_RGB ( '',1.000000000000000000, 1.000000000000000000, 1.000000000000000000 ) ;
#3615 = DIRECTION ( 'NONE',  ( -0.9104214723748158544, 0.0000000000000000000, -0.4136819341461172028 ) ) ;
#3616 = PLANE ( 'NONE',  #3369 ) ;
#3617 = ORIENTED_EDGE ( 'NONE', *, *, #3450, .F. ) ;
#3618 = DIRECTION ( 'NONE',  ( -0.9335804264972002997, 0.0000000000000000000, -0.3583679495453040431 ) ) ;
#3619 = DIRECTION ( 'NONE',  ( -0.0000000000000000000, 1.000000000000000000, -0.0000000000000000000 ) ) ;
#3620 = VERTEX_POINT ( 'NONE', #3968 ) ;
#3621 = CARTESIAN_POINT ( 'NONE',  ( 0.0000000000000000000, 4.899999999999999467, 0.0000000000000000000 ) ) ;
#3622 = ORIENTED_EDGE ( 'NONE', *, *, #2038, .F. ) ;
#3623 = CARTESIAN_POINT ( 'NONE',  ( 2.969929242986834694, 0.0000000000000000000, -0.4844451362957267748 ) ) ;
#3624 = EDGE_CURVE ( 'NONE', #3795, #2172, #386, .T. ) ;
#3625 =( NAMED_UNIT ( * ) PLANE_ANGLE_UNIT ( ) SI_UNIT ( $, .RADIAN. ) );
#3626 = UNCERTAINTY_MEASURE_WITH_UNIT (LENGTH_MEASURE( 1.000000000000000082E-05 ), #3259, 'distance_accuracy_value', 'NONE');
#3627 = LINE ( 'NONE', #1596, #1056 ) ;
#3628 =( NAMED_UNIT ( * ) SI_UNIT ( $, .STERADIAN. ) SOLID_ANGLE_UNIT ( ) );
#3629 = CARTESIAN_POINT ( 'NONE',  ( 2.969929242986835138, 0.0000000000000000000, 0.4844451362957269414 ) ) ;
#3630 = EDGE_CURVE ( 'NONE', #4068, #3665, #2135, .T. ) ;
#3631 =( NAMED_UNIT ( * ) SI_UNIT ( $, .STERADIAN. ) SOLID_ANGLE_UNIT ( ) );
#3632 = DIRECTION ( 'NONE',  ( 1.000000000000000000, 0.0000000000000000000, 0.0000000000000000000 ) ) ;
#3633 = LINE ( 'NONE', #3883, #2729 ) ;
#3634 = DIRECTION ( 'NONE',  ( 0.0000000000000000000, 1.000000000000000000, 0.0000000000000000000 ) ) ;
#3635 = DIRECTION ( 'NONE',  ( 0.9335804264971999666, 0.0000000000000000000, 0.3583679495453052088 ) ) ;
#3636 = ORIENTED_EDGE ( 'NONE', *, *, #2562, .F. ) ;
#3637 = ADVANCED_FACE ( 'NONE', ( #3840 ), #1301, .T. ) ;
#3638 = PRESENTATION_LAYER_ASSIGNMENT (  '', '', ( #3867 ) ) ;
#3639 = FILL_AREA_STYLE_COLOUR ( '', #1095 ) ;
#3640 = VECTOR ( 'NONE', #4196, 1000.000000000000000 ) ;
#3641 = EDGE_LOOP ( 'NONE', ( #2120, #1536, #610, #2705 ) ) ;
#3642 = FILL_AREA_STYLE ('',( #3298 ) ) ;
#3643 = VERTEX_POINT ( 'NONE', #3629 ) ;
#3644 =( NAMED_UNIT ( * ) SI_UNIT ( $, .STERADIAN. ) SOLID_ANGLE_UNIT ( ) );
#3645 = DIRECTION ( 'NONE',  ( 0.0000000000000000000, 0.0000000000000000000, -1.000000000000000000 ) ) ;
#3646 = SURFACE_STYLE_FILL_AREA ( #297 ) ;
#3647 = CARTESIAN_POINT ( 'NONE',  ( 3.656528875366700682, 1.620000000000000107, 0.7480060416348992547 ) ) ;
#3648 = ORIENTED_EDGE ( 'NONE', *, *, #1971, .T. ) ;
#3649 = PRESENTATION_LAYER_ASSIGNMENT (  '', '', ( #3184 ) ) ;
#3650 = DIRECTION ( 'NONE',  ( 0.0000000000000000000, -1.000000000000000000, 0.0000000000000000000 ) ) ;
#3651 = CARTESIAN_POINT ( 'NONE',  ( 1.112558308597786594, 4.900000000000003020, 0.006823277960718229784 ) ) ;
#3652 = LINE ( 'NONE', #2781, #2747 ) ;
#3653 = PLANE ( 'NONE',  #1397 ) ;
#3654 = EDGE_CURVE ( 'NONE', #1079, #344, #2619, .T. ) ;
#3655 = CARTESIAN_POINT ( 'NONE',  ( -1.502358086601538245, 4.899000000000000021, -0.5992147430800065511 ) ) ;
#3656 = ADVANCED_FACE ( 'NONE', ( #3516 ), #2194, .T. ) ;
#3657 = FILL_AREA_STYLE ('',( #310 ) ) ;
#3658 = EDGE_LOOP ( 'NONE', ( #3499, #1436, #2270, #148 ) ) ;
#3659 = LINE ( 'NONE', #2369, #2754 ) ;
#3660 = DIRECTION ( 'NONE',  ( -0.5707827724612921649, 0.0000000000000000000, 0.8211011062356454726 ) ) ;
#3661 = LINE ( 'NONE', #3402, #2659 ) ;
#3662 = LINE ( 'NONE', #1418, #1969 ) ;
#3663 = SURFACE_SIDE_STYLE ('',( #837 ) ) ;
#3664 = UNCERTAINTY_MEASURE_WITH_UNIT (LENGTH_MEASURE( 1.000000000000000082E-05 ), #355, 'distance_accuracy_value', 'NONE');
#3665 = VERTEX_POINT ( 'NONE', #3685 ) ;
#3666 = LINE ( 'NONE', #2861, #991 ) ;
#3667 = VECTOR ( 'NONE', #561, 1000.000000000000000 ) ;
#3668 = ORIENTED_EDGE ( 'NONE', *, *, #1045, .F. ) ;
#3669 = LINE ( 'NONE', #1259, #1759 ) ;
#3670 = VERTEX_POINT ( 'NONE', #4030 ) ;
#3671 = VECTOR ( 'NONE', #1325, 999.9999999999998863 ) ;
#3672 =( NAMED_UNIT ( * ) SI_UNIT ( $, .STERADIAN. ) SOLID_ANGLE_UNIT ( ) );
#3673 = LINE ( 'NONE', #537, #1004 ) ;
#3674 =( NAMED_UNIT ( * ) SI_UNIT ( $, .STERADIAN. ) SOLID_ANGLE_UNIT ( ) );
#3675 = ADVANCED_FACE ( 'NONE', ( #1302 ), #11, .F. ) ;
#3676 = ORIENTED_EDGE ( 'NONE', *, *, #3220, .F. ) ;
#3677 =( NAMED_UNIT ( * ) PLANE_ANGLE_UNIT ( ) SI_UNIT ( $, .RADIAN. ) );
#3678 = VECTOR ( 'NONE', #2588, 1000.000000000000000 ) ;
#3679 = EDGE_CURVE ( 'NONE', #2785, #3322, #2769, .T. ) ;
#3680 = UNCERTAINTY_MEASURE_WITH_UNIT (LENGTH_MEASURE( 1.000000000000000082E-05 ), #3143, 'distance_accuracy_value', 'NONE');
#3681 = SURFACE_SIDE_STYLE ('',( #1866 ) ) ;
#3682 = COLOUR_RGB ( '',0.8274509803921568096, 0.8392156862745098200, 0.8274509803921568096 ) ;
#3683 =( GEOMETRIC_REPRESENTATION_CONTEXT ( 3 ) GLOBAL_UNCERTAINTY_ASSIGNED_CONTEXT ( ( #2870 ) ) GLOBAL_UNIT_ASSIGNED_CONTEXT ( ( #2444, #3811, #4153 ) ) REPRESENTATION_CONTEXT ( 'NONE', 'WORKASPACE' ) );
#3684 = STYLED_ITEM ( 'NONE', ( #4326 ), #595 ) ;
#3685 = CARTESIAN_POINT ( 'NONE',  ( 2.969929242986835138, -0.1000000000000000056, 0.4844451362957269414 ) ) ;
#3686 = DIRECTION ( 'NONE',  ( 0.6762489608116972750, 0.0000000000000000000, 0.7366731588710827561 ) ) ;
#3687 = CARTESIAN_POINT ( 'NONE',  ( -1.671372171108580496, 4.899000000000000021, -1.472674250122260053 ) ) ;
#3688 = ORIENTED_EDGE ( 'NONE', *, *, #3764, .T. ) ;
#3689 = SURFACE_STYLE_USAGE ( .BOTH. , #1330 ) ;
#3690 =( NAMED_UNIT ( * ) PLANE_ANGLE_UNIT ( ) SI_UNIT ( $, .RADIAN. ) );
#3691 = PRESENTATION_LAYER_ASSIGNMENT (  '', '', ( #3465 ) ) ;
#3692 = EDGE_LOOP ( 'NONE', ( #706, #605, #1811, #44 ) ) ;
#3693 = PRESENTATION_LAYER_ASSIGNMENT (  '', '', ( #3918 ) ) ;
#3694 = EDGE_LOOP ( 'NONE', ( #4255, #2190 ) ) ;
#3695 = ADVANCED_FACE ( 'NONE', ( #3998 ), #3244, .T. ) ;
#3696 = ORIENTED_EDGE ( 'NONE', *, *, #2457, .T. ) ;
#3697 = COLOUR_RGB ( '',1.000000000000000000, 1.000000000000000000, 1.000000000000000000 ) ;
#3698 = DIRECTION ( 'NONE',  ( -1.463489996605855296E-16, 0.0000000000000000000, -1.000000000000000000 ) ) ;
#3699 = FILL_AREA_STYLE_COLOUR ( '', #415 ) ;
#3700 = DIRECTION ( 'NONE',  ( -0.0000000000000000000, -0.0000000000000000000, 1.000000000000000000 ) ) ;
#3701 = SURFACE_STYLE_USAGE ( .BOTH. , #1343 ) ;
#3702 = SURFACE_STYLE_USAGE ( .BOTH. , #1894 ) ;
#3703 = FILL_AREA_STYLE_COLOUR ( '', #475 ) ;
#3704 = EDGE_CURVE ( 'NONE', #1626, #978, #4148, .T. ) ;
#3705 = LINE ( 'NONE', #281, #144 ) ;
#3706 = PLANE ( 'NONE',  #3023 ) ;
#3707 = PLANE ( 'NONE',  #2319 ) ;
#3708 = ORIENTED_EDGE ( 'NONE', *, *, #3283, .F. ) ;
#3709 =( GEOMETRIC_REPRESENTATION_CONTEXT ( 3 ) GLOBAL_UNCERTAINTY_ASSIGNED_CONTEXT ( ( #2542 ) ) GLOBAL_UNIT_ASSIGNED_CONTEXT ( ( #1271, #3971, #3631 ) ) REPRESENTATION_CONTEXT ( 'NONE', 'WORKASPACE' ) );
#3710 = MECHANICAL_DESIGN_GEOMETRIC_PRESENTATION_REPRESENTATION (  '', ( #3024 ), #3934 ) ;
#3711 = EDGE_CURVE ( 'NONE', #905, #1050, #685, .T. ) ;
#3712 = VECTOR ( 'NONE', #1784, 1000.000000000000000 ) ;
#3713 = STYLED_ITEM ( 'NONE', ( #2274 ), #3046 ) ;
#3714 = ORIENTED_EDGE ( 'NONE', *, *, #2371, .F. ) ;
#3715 = ORIENTED_EDGE ( 'NONE', *, *, #2770, .T. ) ;
#3716 =( NAMED_UNIT ( * ) SI_UNIT ( $, .STERADIAN. ) SOLID_ANGLE_UNIT ( ) );
#3717 = LINE ( 'NONE', #488, #1131 ) ;
#3718 = COLOUR_RGB ( '',1.000000000000000000, 1.000000000000000000, 1.000000000000000000 ) ;
#3719 = CARTESIAN_POINT ( 'NONE',  ( 0.8902651747949696937, 4.899000000000005350, 0.01368947514381675841 ) ) ;
#3720 = UNCERTAINTY_MEASURE_WITH_UNIT (LENGTH_MEASURE( 1.000000000000000082E-05 ), #2155, 'distance_accuracy_value', 'NONE');
#3721 = EDGE_LOOP ( 'NONE', ( #3612, #2358, #385, #2950 ) ) ;
#3722 = ADVANCED_FACE ( 'NONE', ( #2344 ), #3445, .F. ) ;
#3723 = DIRECTION ( 'NONE',  ( 0.0000000000000000000, -1.000000000000000000, 0.0000000000000000000 ) ) ;
#3724 = DIRECTION ( 'NONE',  ( 0.0000000000000000000, 0.0000000000000000000, 1.000000000000000000 ) ) ;
#3725 = VECTOR ( 'NONE', #1371, 1000.000000000000227 ) ;
#3726 = FACE_OUTER_BOUND ( 'NONE', #2303, .T. ) ;
#3727 = ORIENTED_EDGE ( 'NONE', *, *, #2001, .F. ) ;
#3728 = LINE ( 'NONE', #89, #3980 ) ;
#3729 = SURFACE_STYLE_FILL_AREA ( #2109 ) ;
#3730 = CARTESIAN_POINT ( 'NONE',  ( -1.502358086601538023, 4.899999999999999467, 0.3726162428354862222 ) ) ;
#3731 = EDGE_LOOP ( 'NONE', ( #1280, #3025, #3471, #691 ) ) ;
#3732 = PRESENTATION_LAYER_ASSIGNMENT (  '', '', ( #3273 ) ) ;
#3733 = FILL_AREA_STYLE_COLOUR ( '', #3121 ) ;
#3734 =( LENGTH_UNIT ( ) NAMED_UNIT ( * ) SI_UNIT ( .MILLI., .METRE. ) );
#3735 = PLANE ( 'NONE',  #3586 ) ;
#3736 = AXIS2_PLACEMENT_3D ( 'NONE', #185, #2509, #521 ) ;
#3737 = EDGE_CURVE ( 'NONE', #3665, #1825, #269, .T. ) ;
#3738 = ORIENTED_EDGE ( 'NONE', *, *, #291, .T. ) ;
#3739 = ADVANCED_FACE ( 'NONE', ( #1143 ), #4140, .F. ) ;
#3740 = AXIS2_PLACEMENT_3D ( 'NONE', #2367, #393, #2033 ) ;
#3741 = VECTOR ( 'NONE', #2486, 1000.000000000000000 ) ;
#3742 = CARTESIAN_POINT ( 'NONE',  ( 0.3635706325414486129, 4.900000000000008349, 0.5455336652846617396 ) ) ;
#3743 = EDGE_CURVE ( 'NONE', #205, #18, #1604, .T. ) ;
#3744 = ORIENTED_EDGE ( 'NONE', *, *, #1950, .T. ) ;
#3745 = MECHANICAL_DESIGN_GEOMETRIC_PRESENTATION_REPRESENTATION (  '', ( #3293 ), #3974 ) ;
#3746 = CARTESIAN_POINT ( 'NONE',  ( -0.1924989316719608601, 4.899999999999999467, -0.6781099895588797999 ) ) ;
#3747 = VERTEX_POINT ( 'NONE', #4155 ) ;
#3748 =( LENGTH_UNIT ( ) NAMED_UNIT ( * ) SI_UNIT ( .MILLI., .METRE. ) );
#3749 = DIRECTION ( 'NONE',  ( 0.0000000000000000000, 0.0000000000000000000, 1.000000000000000000 ) ) ;
#3750 = ORIENTED_EDGE ( 'NONE', *, *, #3512, .F. ) ;
#3751 = DIRECTION ( 'NONE',  ( 1.000000000000000000, 0.0000000000000000000, 0.0000000000000000000 ) ) ;
#3752 = PRESENTATION_LAYER_ASSIGNMENT (  '', '', ( #3299 ) ) ;
#3753 =( GEOMETRIC_REPRESENTATION_CONTEXT ( 3 ) GLOBAL_UNCERTAINTY_ASSIGNED_CONTEXT ( ( #606 ) ) GLOBAL_UNIT_ASSIGNED_CONTEXT ( ( #4323, #2292, #306 ) ) REPRESENTATION_CONTEXT ( 'NONE', 'WORKASPACE' ) );
#3754 = DIRECTION ( 'NONE',  ( 5.210738217947934616E-16, -0.0000000000000000000, -1.000000000000000000 ) ) ;
#3755 = LINE ( 'NONE', #2247, #1631 ) ;
#3756 = LINE ( 'NONE', #798, #3544 ) ;
#3757 = CARTESIAN_POINT ( 'NONE',  ( -1.129999999999999893, 1.520000000000000018, 3.049999999999999822 ) ) ;
#3758 = SURFACE_STYLE_FILL_AREA ( #4205 ) ;
#3759 = UNCERTAINTY_MEASURE_WITH_UNIT (LENGTH_MEASURE( 1.000000000000000082E-05 ), #651, 'distance_accuracy_value', 'NONE');
#3760 = VERTEX_POINT ( 'NONE', #1770 ) ;
#3761 = FILL_AREA_STYLE ('',( #1075 ) ) ;
#3762 = DIRECTION ( 'NONE',  ( 0.0000000000000000000, 0.0000000000000000000, 1.000000000000000000 ) ) ;
#3763 = ORIENTED_EDGE ( 'NONE', *, *, #2613, .F. ) ;
#3764 = EDGE_CURVE ( 'NONE', #2890, #801, #4199, .T. ) ;
#3765 = CARTESIAN_POINT ( 'NONE',  ( 2.969929242986835138, 1.620000000000000107, 0.4844451362957269414 ) ) ;
#3766 = VECTOR ( 'NONE', #394, 1000.000000000000000 ) ;
#3767 = LINE ( 'NONE', #2094, #877 ) ;
#3768 = VERTEX_POINT ( 'NONE', #3818 ) ;
#3769 = PRESENTATION_STYLE_ASSIGNMENT (( #3093 ) ) ;
#3770 = LINE ( 'NONE', #1130, #2180 ) ;
#3771 = EDGE_LOOP ( 'NONE', ( #2464, #418, #1322, #2224 ) ) ;
#3772 = DIRECTION ( 'NONE',  ( 0.0000000000000000000, 1.000000000000000000, 0.0000000000000000000 ) ) ;
#3773 = PRESENTATION_STYLE_ASSIGNMENT (( #852 ) ) ;
#3774 = FACE_OUTER_BOUND ( 'NONE', #3069, .T. ) ;
#3775 = CARTESIAN_POINT ( 'NONE',  ( -2.895000000000000018, 0.0000000000000000000, 1.127293717617243063 ) ) ;
#3776 = AXIS2_PLACEMENT_3D ( 'NONE', #3252, #4259, #3578 ) ;
#3777 = COLOUR_RGB ( '',0.8274509803921568096, 0.8392156862745098200, 0.8274509803921568096 ) ;
#3778 = MECHANICAL_DESIGN_GEOMETRIC_PRESENTATION_REPRESENTATION (  '', ( #3094 ), #4010 ) ;
#3779 = CARTESIAN_POINT ( 'NONE',  ( -1.545601924629707247, 4.899000000000000021, -0.5008432642067672802 ) ) ;
#3780 = ORIENTED_EDGE ( 'NONE', *, *, #1796, .F. ) ;
#3781 = LINE ( 'NONE', #1905, #1100 ) ;
#3782 = EDGE_CURVE ( 'NONE', #2858, #2061, #2500, .T. ) ;
#3783 = DIRECTION ( 'NONE',  ( -0.9104214723748158544, 0.0000000000000000000, -0.4136819341461171473 ) ) ;
#3784 = COLOUR_RGB ( '',0.7960784313725489669, 0.8235294117647058432, 0.9372549019607843146 ) ;
#3785 =( NAMED_UNIT ( * ) SI_UNIT ( $, .STERADIAN. ) SOLID_ANGLE_UNIT ( ) );
#3786 = MECHANICAL_DESIGN_GEOMETRIC_PRESENTATION_REPRESENTATION (  '', ( #3103 ), #850 ) ;
#3787 = CARTESIAN_POINT ( 'NONE',  ( 1.112558308597786594, 4.900000000000003020, 0.006823277960718229784 ) ) ;
#3788 = FILL_AREA_STYLE ('',( #2764 ) ) ;
#3789 = CARTESIAN_POINT ( 'NONE',  ( 1.112558308597786594, 4.899000000000003574, 0.01054246810156325709 ) ) ;
#3790 = CARTESIAN_POINT ( 'NONE',  ( -1.545601924629707469, 4.899000000000000021, -1.472674250122260053 ) ) ;
#3791 = CARTESIAN_POINT ( 'NONE',  ( -4.445000000000000284, 0.0000000000000000000, -0.8900000000000000133 ) ) ;
#3792 = MECHANICAL_DESIGN_GEOMETRIC_PRESENTATION_REPRESENTATION (  '', ( #3109 ), #4026 ) ;
#3793 = FILL_AREA_STYLE_COLOUR ( '', #891 ) ;
#3794 = PRESENTATION_LAYER_ASSIGNMENT (  '', '', ( #3571 ) ) ;
#3795 = VERTEX_POINT ( 'NONE', #2806 ) ;
#3796 = UNCERTAINTY_MEASURE_WITH_UNIT (LENGTH_MEASURE( 1.000000000000000082E-05 ), #2470, 'distance_accuracy_value', 'NONE');
#3797 = STYLED_ITEM ( 'NONE', ( #713 ), #2986 ) ;
#3798 = ORIENTED_EDGE ( 'NONE', *, *, #2348, .T. ) ;
#3799 = SURFACE_STYLE_FILL_AREA ( #4006 ) ;
#3800 = ORIENTED_EDGE ( 'NONE', *, *, #3598, .F. ) ;
#3801 = FILL_AREA_STYLE_COLOUR ( '', #2227 ) ;
#3802 = FACE_OUTER_BOUND ( 'NONE', #3410, .T. ) ;
#3803 = SURFACE_STYLE_USAGE ( .BOTH. , #1433 ) ;
#3804 =( GEOMETRIC_REPRESENTATION_CONTEXT ( 3 ) GLOBAL_UNCERTAINTY_ASSIGNED_CONTEXT ( ( #4135 ) ) GLOBAL_UNIT_ASSIGNED_CONTEXT ( ( #3933, #1904, #4275 ) ) REPRESENTATION_CONTEXT ( 'NONE', 'WORKASPACE' ) );
#3805 = ORIENTED_EDGE ( 'NONE', *, *, #816, .F. ) ;
#3806 = CARTESIAN_POINT ( 'NONE',  ( 2.877919977996279827E-16, 0.5000000000000000000, 2.350000000000000089 ) ) ;
#3807 = COLOUR_RGB ( '',0.8274509803921568096, 0.8392156862745098200, 0.8274509803921568096 ) ;
#3808 =( NAMED_UNIT ( * ) SI_UNIT ( $, .STERADIAN. ) SOLID_ANGLE_UNIT ( ) );
#3809 = COLOUR_RGB ( '',0.1921568627450980227, 0.2039215686274509776, 0.2039215686274509776 ) ;
#3810 = PRESENTATION_LAYER_ASSIGNMENT (  '', '', ( #3354 ) ) ;
#3811 =( NAMED_UNIT ( * ) PLANE_ANGLE_UNIT ( ) SI_UNIT ( $, .RADIAN. ) );
#3812 = UNCERTAINTY_MEASURE_WITH_UNIT (LENGTH_MEASURE( 1.000000000000000082E-05 ), #175, 'distance_accuracy_value', 'NONE');
#3813 = CLOSED_SHELL ( 'NONE', ( #392, #3656, #2251, #3969, #2718, #2618, #4267, #4344, #2699, #709, #3316, #2679, #631, #341, #273, #1590, #4074, #303, #2360, #2589, #3675, #957, #1671, #3991, #4034, #1613, #2031, #1057, #3307, #2256, #324, #3046, #595, #4302, #1557, #3695, #2384, #3939, #3613, #3278, #4016, #1349, #3358, #2340, #1311, #23, #1563, #690, #49, #2986, #608, #8, #2302, #3338, #1916, #2320, #1270, #364, #922, #1926, #2963, #1968, #1650, #1034, #1250, #1989, #3637, #2918, #2943, #2579, #2658, #1018, #1689, #652, #932, #4052, #4276, #2283, #3605, #997, #2005, #1239, #1369, #1331, #3382, #3946, #1946, #3271, #668, #3026, #3739, #280, #2907, #1630, #3006, #3722, #973 ) ) ;
#3814 = DIRECTION ( 'NONE',  ( -0.3583679495453057084, 0.0000000000000000000, -0.9335804264971997446 ) ) ;
#3815 = SURFACE_STYLE_FILL_AREA ( #2286 ) ;
#3816 = CARTESIAN_POINT ( 'NONE',  ( -2.895000000000000462, 1.620000000000000107, -0.6645830389778991654 ) ) ;
#3817 = SURFACE_STYLE_FILL_AREA ( #3458 ) ;
#3818 = CARTESIAN_POINT ( 'NONE',  ( 3.710284067798496288, 1.520000000000000018, -0.6079689776603193208 ) ) ;
#3819 = CARTESIAN_POINT ( 'NONE',  ( -1.129999999999999893, 0.0000000000000000000, 3.049999999999999822 ) ) ;
#3820 = ORIENTED_EDGE ( 'NONE', *, *, #2995, .T. ) ;
#3821 = VERTEX_POINT ( 'NONE', #1136 ) ;
#3822 = CARTESIAN_POINT ( 'NONE',  ( 2.969929242986835138, 1.620000000000000107, -0.4844451362957269414 ) ) ;
#3823 = EDGE_CURVE ( 'NONE', #3390, #801, #2395, .T. ) ;
#3824 = FACE_OUTER_BOUND ( 'NONE', #2213, .T. ) ;
#3825 = DIRECTION ( 'NONE',  ( -0.3583679495453040431, 0.0000000000000000000, 0.9335804264972002997 ) ) ;
#3826 = EDGE_LOOP ( 'NONE', ( #3239, #228, #1767, #378 ) ) ;
#3827 = SURFACE_STYLE_FILL_AREA ( #396 ) ;
#3828 = PRESENTATION_STYLE_ASSIGNMENT (( #2866 ) ) ;
#3829 = VERTEX_POINT ( 'NONE', #2141 ) ;
#3830 = EDGE_CURVE ( 'NONE', #2524, #3609, #4309, .T. ) ;
#3831 = LINE ( 'NONE', #3423, #2024 ) ;
#3832 = MECHANICAL_DESIGN_GEOMETRIC_PRESENTATION_REPRESENTATION (  '', ( #3140 ), #4056 ) ;
#3833 =( LENGTH_UNIT ( ) NAMED_UNIT ( * ) SI_UNIT ( .MILLI., .METRE. ) );
#3834 = PRESENTATION_STYLE_ASSIGNMENT (( #4023 ) ) ;
#3835 = SURFACE_STYLE_FILL_AREA ( #3250 ) ;
#3836 = CARTESIAN_POINT ( 'NONE',  ( -1.671372171108580496, 4.899000000000000021, 1.344447228750979662 ) ) ;
#3837 = ORIENTED_EDGE ( 'NONE', *, *, #1922, .T. ) ;
#3838 = CARTESIAN_POINT ( 'NONE',  ( -2.895000000000000462, 0.0000000000000000000, 0.2950107456950964435 ) ) ;
#3839 = CARTESIAN_POINT ( 'NONE',  ( -0.1924989316719608601, 4.899000000000000021, -0.6781099895588797999 ) ) ;
#3840 = FACE_OUTER_BOUND ( 'NONE', #1182, .T. ) ;
#3841 = CARTESIAN_POINT ( 'NONE',  ( -4.445000000000000284, 0.0000000000000000000, 0.8900000000000000133 ) ) ;
#3842 = CARTESIAN_POINT ( 'NONE',  ( -1.545601924629707247, 4.899000000000000021, -0.5008432642067672802 ) ) ;
#3843 = PRESENTATION_LAYER_ASSIGNMENT (  '', '', ( #3379 ) ) ;
#3844 = DIRECTION ( 'NONE',  ( 0.3583679495453048758, -0.0000000000000000000, -0.9335804264971999666 ) ) ;
#3845 = SURFACE_SIDE_STYLE ('',( #1816 ) ) ;
#3846 = VERTEX_POINT ( 'NONE', #2824 ) ;
#3847 =( NAMED_UNIT ( * ) PLANE_ANGLE_UNIT ( ) SI_UNIT ( $, .RADIAN. ) );
#3848 = DIRECTION ( 'NONE',  ( -0.0000000000000000000, 1.000000000000000000, -0.0000000000000000000 ) ) ;
#3849 = SURFACE_STYLE_USAGE ( .BOTH. , #1480 ) ;
#3850 = EDGE_CURVE ( 'NONE', #1569, #4296, #636, .T. ) ;
#3851 = EDGE_LOOP ( 'NONE', ( #2788, #1907, #4037, #3963 ) ) ;
#3852 = ORIENTED_EDGE ( 'NONE', *, *, #757, .F. ) ;
#3853 = COLOUR_RGB ( '',0.1921568627450980227, 0.2039215686274509776, 0.2039215686274509776 ) ;
#3854 = CARTESIAN_POINT ( 'NONE',  ( -0.1924989316719607491, 4.899000000000000021, 0.1131532146664721572 ) ) ;
#3855 = ORIENTED_EDGE ( 'NONE', *, *, #2396, .T. ) ;
#3856 = UNCERTAINTY_MEASURE_WITH_UNIT (LENGTH_MEASURE( 1.000000000000000082E-05 ), #2490, 'distance_accuracy_value', 'NONE');
#3857 = DIRECTION ( 'NONE',  ( -0.0000000000000000000, 1.000000000000000000, -0.0000000000000000000 ) ) ;
#3858 = EDGE_CURVE ( 'NONE', #1162, #3985, #1391, .T. ) ;
#3859 = STYLED_ITEM ( 'NONE', ( #3524 ), #3307 ) ;
#3860 = STYLED_ITEM ( 'NONE', ( #2159 ), #2283 ) ;
#3861 = ORIENTED_EDGE ( 'NONE', *, *, #704, .F. ) ;
#3862 = FACE_OUTER_BOUND ( 'NONE', #3248, .T. ) ;
#3863 = CARTESIAN_POINT ( 'NONE',  ( 1.129999999999999893, 0.0000000000000000000, -3.049999999999999822 ) ) ;
#3864 = VECTOR ( 'NONE', #3990, 1000.000000000000000 ) ;
#3865 = CARTESIAN_POINT ( 'NONE',  ( 0.0000000000000000000, 4.899999999999999467, 0.0000000000000000000 ) ) ;
#3866 = DIRECTION ( 'NONE',  ( -0.0000000000000000000, 1.000000000000000000, -0.0000000000000000000 ) ) ;
#3867 = STYLED_ITEM ( 'NONE', ( #3085 ), #3675 ) ;
#3868 = SURFACE_STYLE_USAGE ( .BOTH. , #1497 ) ;
#3869 = EDGE_LOOP ( 'NONE', ( #3906, #4293, #774, #3272 ) ) ;
#3870 = PRESENTATION_STYLE_ASSIGNMENT (( #2326 ) ) ;
#3871 = ORIENTED_EDGE ( 'NONE', *, *, #1333, .T. ) ;
#3872 = VECTOR ( 'NONE', #4078, 1000.000000000000000 ) ;
#3873 = MECHANICAL_DESIGN_GEOMETRIC_PRESENTATION_REPRESENTATION (  '', ( #3184 ), #4100 ) ;
#3874 = CARTESIAN_POINT ( 'NONE',  ( -2.969929242986834694, 1.620000000000000107, -0.4844451362957271079 ) ) ;
#3875 = LINE ( 'NONE', #751, #314 ) ;
#3876 = CARTESIAN_POINT ( 'NONE',  ( 0.8902651747949696937, 4.899000000000005350, 0.009684193453676076535 ) ) ;
#3877 = ORIENTED_EDGE ( 'NONE', *, *, #1360, .T. ) ;
#3878 = DIRECTION ( 'NONE',  ( 0.0000000000000000000, 0.0000000000000000000, -1.000000000000000000 ) ) ;
#3879 = CARTESIAN_POINT ( 'NONE',  ( 1.129999999999999893, 1.520000000000000018, 3.049999999999999822 ) ) ;
#3880 = VECTOR ( 'NONE', #2409, 1000.000000000000000 ) ;
#3881 = COLOUR_RGB ( '',0.8274509803921568096, 0.8392156862745098200, 0.8274509803921568096 ) ;
#3882 = EDGE_CURVE ( 'NONE', #3074, #1099, #3992, .T. ) ;
#3883 = CARTESIAN_POINT ( 'NONE',  ( 2.895000000000000018, 0.0000000000000000000, 1.127293717617243063 ) ) ;
#3884 = CARTESIAN_POINT ( 'NONE',  ( -1.129999999999999893, 0.0000000000000000000, 3.049999999999999822 ) ) ;
#3885 = LINE ( 'NONE', #1494, #1190 ) ;
#3886 = VERTEX_POINT ( 'NONE', #2158 ) ;
#3887 = DIRECTION ( 'NONE',  ( 0.0000000000000000000, -1.000000000000000000, 0.0000000000000000000 ) ) ;
#3888 = VERTEX_POINT ( 'NONE', #2493 ) ;
#3889 = LINE ( 'NONE', #3240, #2989 ) ;
#3890 = DIRECTION ( 'NONE',  ( -0.6762489608116972750, 0.0000000000000000000, 0.7366731588710827561 ) ) ;
#3891 = APPLICATION_CONTEXT ( 'automotive_design' ) ;
#3892 = DIRECTION ( 'NONE',  ( 0.5640048758647764338, 0.0000000000000000000, -0.8257714574873354918 ) ) ;
#3893 = DIRECTION ( 'NONE',  ( 0.3583679495453052088, 0.0000000000000000000, -0.9335804264971999666 ) ) ;
#3894 =( NAMED_UNIT ( * ) SI_UNIT ( $, .STERADIAN. ) SOLID_ANGLE_UNIT ( ) );
#3895 = STYLED_ITEM ( 'NONE', ( #2021 ), #1671 ) ;
#3896 = FACE_OUTER_BOUND ( 'NONE', #2717, .T. ) ;
#3897 = SURFACE_SIDE_STYLE ('',( #2204 ) ) ;
#3898 = ORIENTED_EDGE ( 'NONE', *, *, #4162, .F. ) ;
#3899 = PRESENTATION_STYLE_ASSIGNMENT (( #3803 ) ) ;
#3900 = SURFACE_SIDE_STYLE ('',( #139 ) ) ;
#3901 = CARTESIAN_POINT ( 'NONE',  ( -2.969929242986834694, 0.0000000000000000000, 0.4844451362957267748 ) ) ;
#3902 = ORIENTED_EDGE ( 'NONE', *, *, #645, .F. ) ;
#3903 =( LENGTH_UNIT ( ) NAMED_UNIT ( * ) SI_UNIT ( .MILLI., .METRE. ) );
#3904 = FILL_AREA_STYLE ('',( #3567 ) ) ;
#3905 = EDGE_CURVE ( 'NONE', #712, #2810, #432, .T. ) ;
#3906 = ORIENTED_EDGE ( 'NONE', *, *, #2562, .T. ) ;
#3907 = SURFACE_STYLE_USAGE ( .BOTH. , #1530 ) ;
#3908 = CARTESIAN_POINT ( 'NONE',  ( -0.1924989316719608601, 4.899999999999999467, -0.8586777712490206715 ) ) ;
#3909 = VECTOR ( 'NONE', #3159, 1000.000000000000000 ) ;
#3910 = AXIS2_PLACEMENT_3D ( 'NONE', #3327, #2026, #4294 ) ;
#3911 = DIRECTION ( 'NONE',  ( 0.0000000000000000000, 0.0000000000000000000, 1.000000000000000000 ) ) ;
#3912 = PRESENTATION_STYLE_ASSIGNMENT (( #3247 ) ) ;
#3913 = SURFACE_STYLE_USAGE ( .BOTH. , #1879 ) ;
#3914 = FACE_BOUND ( 'NONE', #544, .T. ) ;
#3915 = DIRECTION ( 'NONE',  ( 0.3583679495453052088, -0.0000000000000000000, -0.9335804264971999666 ) ) ;
#3916 = MECHANICAL_DESIGN_GEOMETRIC_PRESENTATION_REPRESENTATION (  '', ( #3465 ), #4145 ) ;
#3917 = FILL_AREA_STYLE ('',( #897 ) ) ;
#3918 = STYLED_ITEM ( 'NONE', ( #1295 ), #3991 ) ;
#3919 = ORIENTED_EDGE ( 'NONE', *, *, #1570, .T. ) ;
#3920 = PLANE ( 'NONE',  #1451 ) ;
#3921 = VECTOR ( 'NONE', #1346, 1000.000000000000000 ) ;
#3922 = CARTESIAN_POINT ( 'NONE',  ( 0.0000000000000000000, 1.520000000000000018, 2.415000000000000036 ) ) ;
#3923 = CARTESIAN_POINT ( 'NONE',  ( -4.445000000000000284, 0.0000000000000000000, -3.049999999999999822 ) ) ;
#3924 = EDGE_LOOP ( 'NONE', ( #2568, #4151, #2259, #2946 ) ) ;
#3925 = SURFACE_STYLE_FILL_AREA ( #1788 ) ;
#3926 = DIRECTION ( 'NONE',  ( -0.3583679495453048758, -0.0000000000000000000, 0.9335804264971999666 ) ) ;
#3927 = ORIENTED_EDGE ( 'NONE', *, *, #436, .F. ) ;
#3928 = EDGE_CURVE ( 'NONE', #3421, #573, #1298, .T. ) ;
#3929 = FILL_AREA_STYLE_COLOUR ( '', #3459 ) ;
#3930 = VECTOR ( 'NONE', #1426, 1000.000000000000000 ) ;
#3931 = FILL_AREA_STYLE_COLOUR ( '', #2761 ) ;
#3932 = DIRECTION ( 'NONE',  ( 0.0000000000000000000, 1.000000000000000000, 0.0000000000000000000 ) ) ;
#3933 =( LENGTH_UNIT ( ) NAMED_UNIT ( * ) SI_UNIT ( .MILLI., .METRE. ) );
#3934 =( GEOMETRIC_REPRESENTATION_CONTEXT ( 3 ) GLOBAL_UNCERTAINTY_ASSIGNED_CONTEXT ( ( #2507 ) ) GLOBAL_UNIT_ASSIGNED_CONTEXT ( ( #853, #3190, #3539 ) ) REPRESENTATION_CONTEXT ( 'NONE', 'WORKASPACE' ) );
#3935 = ORIENTED_EDGE ( 'NONE', *, *, #1199, .T. ) ;
#3936 = FILL_AREA_STYLE_COLOUR ( '', #1007 ) ;
#3937 = EDGE_CURVE ( 'NONE', #402, #138, #3885, .T. ) ;
#3938 = ORIENTED_EDGE ( 'NONE', *, *, #1636, .T. ) ;
#3939 = ADVANCED_FACE ( 'NONE', ( #3081 ), #2022, .T. ) ;
#3940 = STYLED_ITEM ( 'NONE', ( #1952 ), #2031 ) ;
#3941 = AXIS2_PLACEMENT_3D ( 'NONE', #2750, #755, #3092 ) ;
#3942 = DIRECTION ( 'NONE',  ( -1.000000000000000000, 0.0000000000000000000, -5.210738217947934616E-16 ) ) ;
#3943 = DIRECTION ( 'NONE',  ( -0.0000000000000000000, 1.000000000000000000, -0.0000000000000000000 ) ) ;
#3944 = CARTESIAN_POINT ( 'NONE',  ( 3.710284067798497176, 1.620000000000000107, 0.6079689776603197648 ) ) ;
#3945 = COLOUR_RGB ( '',0.8274509803921568096, 0.8392156862745098200, 0.8274509803921568096 ) ;
#3946 = ADVANCED_FACE ( 'NONE', ( #377 ), #2191, .F. ) ;
#3947 = STYLED_ITEM ( 'NONE', ( #1552 ), #3613 ) ;
#3948 = FILL_AREA_STYLE_COLOUR ( '', #1247 ) ;
#3949 = DIRECTION ( 'NONE',  ( 0.0000000000000000000, -0.0000000000000000000, 1.000000000000000000 ) ) ;
#3950 = SURFACE_SIDE_STYLE ('',( #1353 ) ) ;
#3951 = ORIENTED_EDGE ( 'NONE', *, *, #3764, .F. ) ;
#3952 = EDGE_LOOP ( 'NONE', ( #3424, #941, #3148, #2932 ) ) ;
#3953 = PLANE ( 'NONE',  #4172 ) ;
#3954 = FILL_AREA_STYLE ('',( #937 ) ) ;
#3955 = ORIENTED_EDGE ( 'NONE', *, *, #3483, .T. ) ;
#3956 = VERTEX_POINT ( 'NONE', #211 ) ;
#3957 = MECHANICAL_DESIGN_GEOMETRIC_PRESENTATION_REPRESENTATION (  '', ( #3273 ), #4180 ) ;
#3958 = LINE ( 'NONE', #3719, #497 ) ;
#3959 = DIRECTION ( 'NONE',  ( 0.9335804264971999666, -0.0000000000000000000, 0.3583679495453047648 ) ) ;
#3960 = VERTEX_POINT ( 'NONE', #2535 ) ;
#3961 = VECTOR ( 'NONE', #2252, 1000.000000000000000 ) ;
#3962 = FILL_AREA_STYLE_COLOUR ( '', #4311 ) ;
#3963 = ORIENTED_EDGE ( 'NONE', *, *, #4315, .T. ) ;
#3964 = AXIS2_PLACEMENT_3D ( 'NONE', #2157, #3156, #172 ) ;
#3965 = EDGE_CURVE ( 'NONE', #4189, #1601, #3507, .T. ) ;
#3966 = DIRECTION ( 'NONE',  ( -0.0000000000000000000, -0.0000000000000000000, -1.000000000000000000 ) ) ;
#3967 = LINE ( 'NONE', #635, #3164 ) ;
#3968 = CARTESIAN_POINT ( 'NONE',  ( -1.671372171108580496, 4.899000000000000021, -0.5992147430800065511 ) ) ;
#3969 = ADVANCED_FACE ( 'NONE', ( #2610 ), #3077, .F. ) ;
#3970 = AXIS2_PLACEMENT_3D ( 'NONE', #3976, #1606, #3635 ) ;
#3971 =( NAMED_UNIT ( * ) PLANE_ANGLE_UNIT ( ) SI_UNIT ( $, .RADIAN. ) );
#3972 = EDGE_CURVE ( 'NONE', #3151, #402, #2293, .T. ) ;
#3973 = CARTESIAN_POINT ( 'NONE',  ( -1.545601924629707247, 4.899000000000000021, 0.4709877217087260481 ) ) ;
#3974 =( GEOMETRIC_REPRESENTATION_CONTEXT ( 3 ) GLOBAL_UNCERTAINTY_ASSIGNED_CONTEXT ( ( #2049 ) ) GLOBAL_UNIT_ASSIGNED_CONTEXT ( ( #2352, #2591, #372 ) ) REPRESENTATION_CONTEXT ( 'NONE', 'WORKASPACE' ) );
#3975 = ORIENTED_EDGE ( 'NONE', *, *, #4081, .T. ) ;
#3976 = CARTESIAN_POINT ( 'NONE',  ( 4.445000000000000284, 0.0000000000000000000, 0.8900000000000000133 ) ) ;
#3977 = VECTOR ( 'NONE', #1022, 1000.000000000000000 ) ;
#3978 = SURFACE_SIDE_STYLE ('',( #839 ) ) ;
#3979 = ORIENTED_EDGE ( 'NONE', *, *, #2688, .F. ) ;
#3980 = VECTOR ( 'NONE', #3751, 1000.000000000000000 ) ;
#3981 = SURFACE_STYLE_USAGE ( .BOTH. , #1612 ) ;
#3982 = MECHANICAL_DESIGN_GEOMETRIC_PRESENTATION_REPRESENTATION (  '', ( #3299 ), #4207 ) ;
#3983 = FACE_OUTER_BOUND ( 'NONE', #1037, .T. ) ;
#3984 = CARTESIAN_POINT ( 'NONE',  ( 0.3635706325414486129, 4.899000000000008015, -0.5224460882364648784 ) ) ;
#3985 = VERTEX_POINT ( 'NONE', #3577 ) ;
#3986 = CIRCLE ( 'NONE', #2771, 2.350000000000000089 ) ;
#3987 = SURFACE_STYLE_FILL_AREA ( #3917 ) ;
#3988 = DIRECTION ( 'NONE',  ( -0.9335804264971999666, 0.0000000000000000000, -0.3583679495453052088 ) ) ;
#3989 = ORIENTED_EDGE ( 'NONE', *, *, #1040, .T. ) ;
#3990 = DIRECTION ( 'NONE',  ( -0.6762489608116972750, 0.0000000000000000000, 0.7366731588710827561 ) ) ;
#3991 = ADVANCED_FACE ( 'NONE', ( #2181 ), #2551, .T. ) ;
#3992 = LINE ( 'NONE', #4186, #2184 ) ;
#3993 = DIRECTION ( 'NONE',  ( -0.0000000000000000000, 1.000000000000000000, -0.0000000000000000000 ) ) ;
#3994 = UNCERTAINTY_MEASURE_WITH_UNIT (LENGTH_MEASURE( 1.000000000000000082E-05 ), #4058, 'distance_accuracy_value', 'NONE');
#3995 = COLOUR_RGB ( '',0.09803921568627450844, 0.09803921568627450844, 0.09803921568627450844 ) ;
#3996 = PRESENTATION_STYLE_ASSIGNMENT (( #2646 ) ) ;
#3997 = ORIENTED_EDGE ( 'NONE', *, *, #60, .F. ) ;
#3998 = FACE_OUTER_BOUND ( 'NONE', #2517, .T. ) ;
#3999 = FILL_AREA_STYLE_COLOUR ( '', #3407 ) ;
#4000 = EDGE_CURVE ( 'NONE', #4189, #3334, #1863, .T. ) ;
#4001 = VECTOR ( 'NONE', #2821, 1000.000000000000000 ) ;
#4002 = CARTESIAN_POINT ( 'NONE',  ( 0.8902651747949696937, 4.900000000000004796, 0.009684193453676076535 ) ) ;
#4003 = ORIENTED_EDGE ( 'NONE', *, *, #1278, .F. ) ;
#4004 = LINE ( 'NONE', #3908, #3090 ) ;
#4005 = SURFACE_STYLE_USAGE ( .BOTH. , #1627 ) ;
#4006 = FILL_AREA_STYLE ('',( #3313 ) ) ;
#4007 = CARTESIAN_POINT ( 'NONE',  ( 0.0000000000000000000, 3.879999999999999893, -2.235925599258337115 ) ) ;
#4008 = AXIS2_PLACEMENT_3D ( 'NONE', #1204, #3564, #1525 ) ;
#4009 = PRESENTATION_LAYER_ASSIGNMENT (  '', '', ( #29 ) ) ;
#4010 =( GEOMETRIC_REPRESENTATION_CONTEXT ( 3 ) GLOBAL_UNCERTAINTY_ASSIGNED_CONTEXT ( ( #4011 ) ) GLOBAL_UNIT_ASSIGNED_CONTEXT ( ( #467, #2790, #795 ) ) REPRESENTATION_CONTEXT ( 'NONE', 'WORKASPACE' ) );
#4011 = UNCERTAINTY_MEASURE_WITH_UNIT (LENGTH_MEASURE( 1.000000000000000082E-05 ), #467, 'distance_accuracy_value', 'NONE');
#4012 = COLOUR_RGB ( '',0.8274509803921568096, 0.8392156862745098200, 0.8274509803921568096 ) ;
#4013 = ORIENTED_EDGE ( 'NONE', *, *, #1215, .T. ) ;
#4014 = VERTEX_POINT ( 'NONE', #4270 ) ;
#4015 = SURFACE_STYLE_FILL_AREA ( #3463 ) ;
#4016 = ADVANCED_FACE ( 'NONE', ( #106 ), #1901, .T. ) ;
#4017 = EDGE_CURVE ( 'NONE', #3434, #801, #3237, .T. ) ;
#4018 = FILL_AREA_STYLE_COLOUR ( '', #3413 ) ;
#4019 =( LENGTH_UNIT ( ) NAMED_UNIT ( * ) SI_UNIT ( .MILLI., .METRE. ) );
#4020 = ORIENTED_EDGE ( 'NONE', *, *, #2832, .F. ) ;
#4021 = CARTESIAN_POINT ( 'NONE',  ( -1.502358086601538023, 4.899000000000000021, 0.3726162428354862222 ) ) ;
#4022 = LINE ( 'NONE', #1698, #3112 ) ;
#4023 = SURFACE_STYLE_USAGE ( .BOTH. , #1990 ) ;
#4024 = COLOUR_RGB ( '',1.000000000000000000, 1.000000000000000000, 1.000000000000000000 ) ;
#4025 = DIRECTION ( 'NONE',  ( 0.5648689537908991865, 0.0000000000000000000, 0.8251806257075932072 ) ) ;
#4026 =( GEOMETRIC_REPRESENTATION_CONTEXT ( 3 ) GLOBAL_UNCERTAINTY_ASSIGNED_CONTEXT ( ( #1758 ) ) GLOBAL_UNIT_ASSIGNED_CONTEXT ( ( #771, #2773, #449 ) ) REPRESENTATION_CONTEXT ( 'NONE', 'WORKASPACE' ) );
#4027 = MECHANICAL_DESIGN_GEOMETRIC_PRESENTATION_REPRESENTATION (  '', ( #3571 ), #4246 ) ;
#4028 = AXIS2_PLACEMENT_3D ( 'NONE', #2353, #374, #2698 ) ;
#4029 = VECTOR ( 'NONE', #1047, 1000.000000000000000 ) ;
#4030 = CARTESIAN_POINT ( 'NONE',  ( -1.671372171108580496, 4.899999999999999467, -1.472674250122260053 ) ) ;
#4031 = ORIENTED_EDGE ( 'NONE', *, *, #600, .F. ) ;
#4032 = CARTESIAN_POINT ( 'NONE',  ( -1.129999999999999893, 0.0000000000000000000, 3.049999999999999822 ) ) ;
#4033 =( NAMED_UNIT ( * ) PLANE_ANGLE_UNIT ( ) SI_UNIT ( $, .RADIAN. ) );
#4034 = ADVANCED_FACE ( 'NONE', ( #2335 ), #1920, .T. ) ;
#4035 = LINE ( 'NONE', #3816, #1432 ) ;
#4036 = SURFACE_STYLE_USAGE ( .BOTH. , #1999 ) ;
#4037 = ORIENTED_EDGE ( 'NONE', *, *, #931, .T. ) ;
#4038 = SURFACE_SIDE_STYLE ('',( #3349 ) ) ;
#4039 = COLOUR_RGB ( '',1.000000000000000000, 1.000000000000000000, 1.000000000000000000 ) ;
#4040 = VERTEX_POINT ( 'NONE', #611 ) ;
#4041 = LINE ( 'NONE', #375, #3130 ) ;
#4042 = CARTESIAN_POINT ( 'NONE',  ( -3.656528875366701570, 1.620000000000000107, -0.7480060416348995878 ) ) ;
#4043 = MECHANICAL_DESIGN_GEOMETRIC_PRESENTATION_REPRESENTATION (  '', ( #3354 ), #4264 ) ;
#4044 = PRESENTATION_STYLE_ASSIGNMENT (( #4125 ) ) ;
#4045 = SURFACE_SIDE_STYLE ('',( #3368 ) ) ;
#4046 =( NAMED_UNIT ( * ) PLANE_ANGLE_UNIT ( ) SI_UNIT ( $, .RADIAN. ) );
#4047 = ORIENTED_EDGE ( 'NONE', *, *, #425, .F. ) ;
#4048 = PLANE ( 'NONE',  #28 ) ;
#4049 = EDGE_CURVE ( 'NONE', #3440, #4067, #2914, .T. ) ;
#4050 = FILL_AREA_STYLE ('',( #2403 ) ) ;
#4051 = STYLED_ITEM ( 'NONE', ( #2696 ), #1989 ) ;
#4052 = ADVANCED_FACE ( 'NONE', ( #3824 ), #4286, .T. ) ;
#4053 = STYLED_ITEM ( 'NONE', ( #3834 ), #668 ) ;
#4054 = DIRECTION ( 'NONE',  ( 0.0000000000000000000, 0.0000000000000000000, -1.000000000000000000 ) ) ;
#4055 = EDGE_CURVE ( 'NONE', #1884, #1587, #3395, .T. ) ;
#4056 =( GEOMETRIC_REPRESENTATION_CONTEXT ( 3 ) GLOBAL_UNCERTAINTY_ASSIGNED_CONTEXT ( ( #3350 ) ) GLOBAL_UNIT_ASSIGNED_CONTEXT ( ( #2960, #966, #3308 ) ) REPRESENTATION_CONTEXT ( 'NONE', 'WORKASPACE' ) );
#4057 = CYLINDRICAL_SURFACE ( 'NONE', #3138, 0.2540000000000000036 ) ;
#4058 =( LENGTH_UNIT ( ) NAMED_UNIT ( * ) SI_UNIT ( .MILLI., .METRE. ) );
#4059 = CARTESIAN_POINT ( 'NONE',  ( -1.502358086601538023, 4.899999999999999467, 0.3726162428354862222 ) ) ;
#4060 = ORIENTED_EDGE ( 'NONE', *, *, #3134, .T. ) ;
#4061 = SURFACE_SIDE_STYLE ('',( #4280 ) ) ;
#4062 = LINE ( 'NONE', #4218, #918 ) ;
#4063 = CARTESIAN_POINT ( 'NONE',  ( 0.3635706325414486129, 4.900000000000008349, 0.3707317286649435273 ) ) ;
#4064 = FILL_AREA_STYLE_COLOUR ( '', #772 ) ;
#4065 = ORIENTED_EDGE ( 'NONE', *, *, #4236, .T. ) ;
#4066 = MECHANICAL_DESIGN_GEOMETRIC_PRESENTATION_REPRESENTATION (  '', ( #3379 ), #4287 ) ;
#4067 = VERTEX_POINT ( 'NONE', #4002 ) ;
#4068 = VERTEX_POINT ( 'NONE', #1279 ) ;
#4069 = LINE ( 'NONE', #265, #3961 ) ;
#4070 = ORIENTED_EDGE ( 'NONE', *, *, #1063, .T. ) ;
#4071 = FILL_AREA_STYLE ('',( #390 ) ) ;
#4072 =( NAMED_UNIT ( * ) PLANE_ANGLE_UNIT ( ) SI_UNIT ( $, .RADIAN. ) );
#4073 = LINE ( 'NONE', #4282, #2273 ) ;
#4074 = ADVANCED_FACE ( 'NONE', ( #1696, #1595 ), #1297, .T. ) ;
#4075 = LINE ( 'NONE', #3775, #1478 ) ;
#4076 = FILL_AREA_STYLE ('',( #70 ) ) ;
#4077 = EDGE_CURVE ( 'NONE', #2438, #1464, #422, .T. ) ;
#4078 = DIRECTION ( 'NONE',  ( -0.0000000000000000000, 1.000000000000000000, -0.0000000000000000000 ) ) ;
#4079 = SURFACE_STYLE_FILL_AREA ( #2853 ) ;
#4080 =( LENGTH_UNIT ( ) NAMED_UNIT ( * ) SI_UNIT ( .MILLI., .METRE. ) );
#4081 = EDGE_CURVE ( 'NONE', #1389, #1621, #1289, .T. ) ;
#4082 = FACE_OUTER_BOUND ( 'NONE', #4288, .T. ) ;
#4083 = AXIS2_PLACEMENT_3D ( 'NONE', #3193, #1183, #3542 ) ;
#4084 = AXIS2_PLACEMENT_3D ( 'NONE', #1564, #3942, #1908 ) ;
#4085 = ORIENTED_EDGE ( 'NONE', *, *, #1257, .T. ) ;
#4086 = DIRECTION ( 'NONE',  ( -0.9104214723748158544, 0.0000000000000000000, -0.4136819341461172028 ) ) ;
#4087 = LINE ( 'NONE', #3195, #1085 ) ;
#4088 = UNCERTAINTY_MEASURE_WITH_UNIT (LENGTH_MEASURE( 1.000000000000000082E-05 ), #143, 'distance_accuracy_value', 'NONE');
#4089 = ORIENTED_EDGE ( 'NONE', *, *, #3737, .F. ) ;
#4090 =( NAMED_UNIT ( * ) SI_UNIT ( $, .STERADIAN. ) SOLID_ANGLE_UNIT ( ) );
#4091 = DIRECTION ( 'NONE',  ( -0.8277368136309918301, 5.452475267323966741E-15, 0.5611165363451807719 ) ) ;
#4092 = AXIS2_PLACEMENT_3D ( 'NONE', #3325, #1639, #3342 ) ;
#4093 = ORIENTED_EDGE ( 'NONE', *, *, #2871, .F. ) ;
#4094 = DIRECTION ( 'NONE',  ( 0.0000000000000000000, 0.0000000000000000000, 1.000000000000000000 ) ) ;
#4095 = VECTOR ( 'NONE', #160, 1000.000000000000000 ) ;
#4096 = COLOUR_RGB ( '',0.8274509803921568096, 0.8392156862745098200, 0.8274509803921568096 ) ;
#4097 = VERTEX_POINT ( 'NONE', #2749 ) ;
#4098 = DIRECTION ( 'NONE',  ( 0.0000000000000000000, 0.0000000000000000000, 1.000000000000000000 ) ) ;
#4099 = LINE ( 'NONE', #3521, #4001 ) ;
#4100 =( GEOMETRIC_REPRESENTATION_CONTEXT ( 3 ) GLOBAL_UNCERTAINTY_ASSIGNED_CONTEXT ( ( #3856 ) ) GLOBAL_UNIT_ASSIGNED_CONTEXT ( ( #2490, #1809, #489 ) ) REPRESENTATION_CONTEXT ( 'NONE', 'WORKASPACE' ) );
#4101 = ORIENTED_EDGE ( 'NONE', *, *, #860, .F. ) ;
#4102 = CARTESIAN_POINT ( 'NONE',  ( 2.895000000000000462, 0.0000000000000000000, -0.6645830389778991654 ) ) ;
#4103 = LINE ( 'NONE', #886, #2404 ) ;
#4104 = SURFACE_STYLE_USAGE ( .BOTH. , #1729 ) ;
#4105 = CARTESIAN_POINT ( 'NONE',  ( 4.445000000000000284, 1.520000000000000018, 3.049999999999998490 ) ) ;
#4106 = SURFACE_STYLE_FILL_AREA ( #3570 ) ;
#4107 = EDGE_CURVE ( 'NONE', #3088, #1169, #3072, .T. ) ;
#4108 = CARTESIAN_POINT ( 'NONE',  ( -1.502358086601538023, 4.899000000000000021, -0.3014594613898659015 ) ) ;
#4109 = FILL_AREA_STYLE ('',( #2417 ) ) ;
#4110 = ORIENTED_EDGE ( 'NONE', *, *, #3541, .T. ) ;
#4111 = ORIENTED_EDGE ( 'NONE', *, *, #2008, .F. ) ;
#4112 = CIRCLE ( 'NONE', #3336, 2.350000000000000089 ) ;
#4113 = CARTESIAN_POINT ( 'NONE',  ( 3.656528875366700682, 1.620000000000000107, 0.7480060416348992547 ) ) ;
#4114 = VECTOR ( 'NONE', #1303, 1000.000000000000000 ) ;
#4115 = CARTESIAN_POINT ( 'NONE',  ( 0.8902651747949696937, 4.899000000000005350, 0.01368947514381675841 ) ) ;
#4116 = ORIENTED_EDGE ( 'NONE', *, *, #1660, .T. ) ;
#4117 = DIRECTION ( 'NONE',  ( 4.476057622441106443E-16, 0.0000000000000000000, 1.000000000000000000 ) ) ;
#4118 = AXIS2_PLACEMENT_3D ( 'NONE', #77, #2060, #1719 ) ;
#4119 = CIRCLE ( 'NONE', #1362, 0.2540000000000000036 ) ;
#4120 = UNCERTAINTY_MEASURE_WITH_UNIT (LENGTH_MEASURE( 1.000000000000000082E-05 ), #2153, 'distance_accuracy_value', 'NONE');
#4121 = PRESENTATION_STYLE_ASSIGNMENT (( #191 ) ) ;
#4122 = DIRECTION ( 'NONE',  ( -0.0000000000000000000, 1.000000000000000000, -0.0000000000000000000 ) ) ;
#4123 = PLANE ( 'NONE',  #430 ) ;
#4124 = DIRECTION ( 'NONE',  ( -0.9335804264971998556, 0.0000000000000000000, 0.3583679495453050978 ) ) ;
#4125 = SURFACE_STYLE_USAGE ( .BOTH. , #1756 ) ;
#4126 = VECTOR ( 'NONE', #3042, 1000.000000000000000 ) ;
#4127 = DIRECTION ( 'NONE',  ( 0.0000000000000000000, 1.000000000000000000, 0.0000000000000000000 ) ) ;
#4128 = EDGE_CURVE ( 'NONE', #259, #3409, #3875, .T. ) ;
#4129 = ORIENTED_EDGE ( 'NONE', *, *, #4162, .T. ) ;
#4130 = STYLED_ITEM ( 'NONE', ( #4136 ), #1926 ) ;
#4131 = FACE_OUTER_BOUND ( 'NONE', #2349, .T. ) ;
#4132 = MECHANICAL_DESIGN_GEOMETRIC_PRESENTATION_REPRESENTATION (  '', ( #3684 ), #10 ) ;
#4133 = ORIENTED_EDGE ( 'NONE', *, *, #1198, .T. ) ;
#4134 = SURFACE_SIDE_STYLE ('',( #4176 ) ) ;
#4135 = UNCERTAINTY_MEASURE_WITH_UNIT (LENGTH_MEASURE( 1.000000000000000082E-05 ), #3933, 'distance_accuracy_value', 'NONE');
#4136 = PRESENTATION_STYLE_ASSIGNMENT (( #1792 ) ) ;
#4137 = COLOUR_RGB ( '',0.09803921568627450844, 0.09803921568627450844, 0.09803921568627450844 ) ;
#4138 = SURFACE_SIDE_STYLE ('',( #4201 ) ) ;
#4139 = ORIENTED_EDGE ( 'NONE', *, *, #2871, .T. ) ;
#4140 = PLANE ( 'NONE',  #334 ) ;
#4141 =( NAMED_UNIT ( * ) PLANE_ANGLE_UNIT ( ) SI_UNIT ( $, .RADIAN. ) );
#4142 = VECTOR ( 'NONE', #2915, 1000.000000000000000 ) ;
#4143 = COLOUR_RGB ( '',1.000000000000000000, 1.000000000000000000, 1.000000000000000000 ) ;
#4144 = ORIENTED_EDGE ( 'NONE', *, *, #2476, .T. ) ;
#4145 =( GEOMETRIC_REPRESENTATION_CONTEXT ( 3 ) GLOBAL_UNCERTAINTY_ASSIGNED_CONTEXT ( ( #3759 ) ) GLOBAL_UNIT_ASSIGNED_CONTEXT ( ( #651, #2980, #977 ) ) REPRESENTATION_CONTEXT ( 'NONE', 'WORKASPACE' ) );
#4146 = DIRECTION ( 'NONE',  ( -1.000000000000000000, 0.0000000000000000000, 0.0000000000000000000 ) ) ;
#4147 = AXIS2_PLACEMENT_3D ( 'NONE', #550, #197, #224 ) ;
#4148 = LINE ( 'NONE', #2081, #1545 ) ;
#4149 = FACE_OUTER_BOUND ( 'NONE', #1864, .T. ) ;
#4150 =( LENGTH_UNIT ( ) NAMED_UNIT ( * ) SI_UNIT ( .MILLI., .METRE. ) );
#4151 = ORIENTED_EDGE ( 'NONE', *, *, #980, .F. ) ;
#4152 = COLOUR_RGB ( '',0.8274509803921568096, 0.8392156862745098200, 0.8274509803921568096 ) ;
#4153 =( NAMED_UNIT ( * ) SI_UNIT ( $, .STERADIAN. ) SOLID_ANGLE_UNIT ( ) );
#4154 = PLANE ( 'NONE',  #1507 ) ;
#4155 = CARTESIAN_POINT ( 'NONE',  ( 0.0000000000000000000, 4.899999999999999467, -2.350000000000000089 ) ) ;
#4156 = SURFACE_STYLE_USAGE ( .BOTH. , #1785 ) ;
#4157 = EDGE_CURVE ( 'NONE', #3620, #1416, #1186, .T. ) ;
#4158 = SURFACE_SIDE_STYLE ('',( #3925 ) ) ;
#4159 = STYLED_ITEM ( 'NONE', ( #1589 ), #324 ) ;
#4160 = EDGE_LOOP ( 'NONE', ( #2311, #1723, #1504, #2869 ) ) ;
#4161 = SURFACE_STYLE_FILL_AREA ( #824 ) ;
#4162 = EDGE_CURVE ( 'NONE', #3829, #2134, #2066, .T. ) ;
#4163 = PRESENTATION_LAYER_ASSIGNMENT (  '', '', ( #3713 ) ) ;
#4164 = AXIS2_PLACEMENT_3D ( 'NONE', #585, #2913, #919 ) ;
#4165 = ORIENTED_EDGE ( 'NONE', *, *, #1716, .F. ) ;
#4166 =( NAMED_UNIT ( * ) SI_UNIT ( $, .STERADIAN. ) SOLID_ANGLE_UNIT ( ) );
#4167 = VERTEX_POINT ( 'NONE', #2763 ) ;
#4168 = DIRECTION ( 'NONE',  ( -0.5632671893086504955, 0.0000000000000000000, 0.8262748171451994583 ) ) ;
#4169 = DIRECTION ( 'NONE',  ( 0.0000000000000000000, 0.0000000000000000000, -1.000000000000000000 ) ) ;
#4170 = CARTESIAN_POINT ( 'NONE',  ( -3.710284067798497176, -0.1000000000000000056, 0.6079689776603196538 ) ) ;
#4171 = CARTESIAN_POINT ( 'NONE',  ( 2.877919977996279827E-16, 3.879999999999999893, 2.350000000000000089 ) ) ;
#4172 = AXIS2_PLACEMENT_3D ( 'NONE', #949, #3286, #1269 ) ;
#4173 = ORIENTED_EDGE ( 'NONE', *, *, #1633, .T. ) ;
#4174 = DIRECTION ( 'NONE',  ( -0.0000000000000000000, 1.000000000000000000, -0.0000000000000000000 ) ) ;
#4175 = PLANE ( 'NONE',  #502 ) ;
#4176 = SURFACE_STYLE_FILL_AREA ( #3439 ) ;
#4177 = UNCERTAINTY_MEASURE_WITH_UNIT (LENGTH_MEASURE( 1.000000000000000082E-05 ), #2919, 'distance_accuracy_value', 'NONE');
#4178 = VECTOR ( 'NONE', #1584, 1000.000000000000000 ) ;
#4179 = CARTESIAN_POINT ( 'NONE',  ( 2.969929242986835138, 0.0000000000000000000, -0.4844451362957264973 ) ) ;
#4180 =( GEOMETRIC_REPRESENTATION_CONTEXT ( 3 ) GLOBAL_UNCERTAINTY_ASSIGNED_CONTEXT ( ( #1357 ) ) GLOBAL_UNIT_ASSIGNED_CONTEXT ( ( #2478, #498, #2828 ) ) REPRESENTATION_CONTEXT ( 'NONE', 'WORKASPACE' ) );
#4181 = LINE ( 'NONE', #4278, #3282 ) ;
#4182 = FILL_AREA_STYLE ('',( #3152 ) ) ;
#4183 = ORIENTED_EDGE ( 'NONE', *, *, #1467, .T. ) ;
#4184 = SURFACE_STYLE_USAGE ( .BOTH. , #3845 ) ;
#4185 = VECTOR ( 'NONE', #1167, 1000.000000000000000 ) ;
#4186 = CARTESIAN_POINT ( 'NONE',  ( -1.502358086601538245, 4.899000000000000021, -1.273290447305358786 ) ) ;
#4187 =( NAMED_UNIT ( * ) PLANE_ANGLE_UNIT ( ) SI_UNIT ( $, .RADIAN. ) );
#4188 = VERTEX_POINT ( 'NONE', #3087 ) ;
#4189 = VERTEX_POINT ( 'NONE', #3104 ) ;
#4190 = SURFACE_SIDE_STYLE ('',( #3218 ) ) ;
#4191 = PRESENTATION_LAYER_ASSIGNMENT (  '', '', ( #3510 ) ) ;
#4192 = EDGE_CURVE ( 'NONE', #2093, #4167, #2758, .T. ) ;
#4193 = ORIENTED_EDGE ( 'NONE', *, *, #3630, .F. ) ;
#4194 = SURFACE_STYLE_FILL_AREA ( #4076 ) ;
#4195 = STYLED_ITEM ( 'NONE', ( #3241 ), #922 ) ;
#4196 = DIRECTION ( 'NONE',  ( -0.0000000000000000000, 1.000000000000000000, -0.0000000000000000000 ) ) ;
#4197 = ORIENTED_EDGE ( 'NONE', *, *, #556, .T. ) ;
#4198 = EDGE_CURVE ( 'NONE', #9, #3768, #3662, .T. ) ;
#4199 = LINE ( 'NONE', #2462, #3300 ) ;
#4200 = FILL_AREA_STYLE_COLOUR ( '', #2218 ) ;
#4201 = SURFACE_STYLE_FILL_AREA ( #1768 ) ;
#4202 = CARTESIAN_POINT ( 'NONE',  ( 2.895000000000000462, 1.620000000000000107, 0.6645830389778991654 ) ) ;
#4203 = ORIENTED_EDGE ( 'NONE', *, *, #83, .T. ) ;
#4204 = SURFACE_STYLE_FILL_AREA ( #1819 ) ;
#4205 = FILL_AREA_STYLE ('',( #2639 ) ) ;
#4206 =( NAMED_UNIT ( * ) PLANE_ANGLE_UNIT ( ) SI_UNIT ( $, .RADIAN. ) );
#4207 =( GEOMETRIC_REPRESENTATION_CONTEXT ( 3 ) GLOBAL_UNCERTAINTY_ASSIGNED_CONTEXT ( ( #3680 ) ) GLOBAL_UNIT_ASSIGNED_CONTEXT ( ( #3143, #1135, #3489 ) ) REPRESENTATION_CONTEXT ( 'NONE', 'WORKASPACE' ) );
#4208 = STYLED_ITEM ( 'NONE', ( #3996 ), #1613 ) ;
#4209 = CARTESIAN_POINT ( 'NONE',  ( 4.445000000000000284, 1.520000000000000018, -3.050000000000001155 ) ) ;
#4210 = FILL_AREA_STYLE_COLOUR ( '', #3881 ) ;
#4211 = PRODUCT ( 'DO1813H', 'DO1813H', '', ( #1205 ) ) ;
#4212 = DIRECTION ( 'NONE',  ( -1.000000000000000000, 0.0000000000000000000, 0.0000000000000000000 ) ) ;
#4213 = EDGE_CURVE ( 'NONE', #725, #3985, #988, .T. ) ;
#4214 = DIRECTION ( 'NONE',  ( -0.3583679495453052088, 0.0000000000000000000, -0.9335804264971999666 ) ) ;
#4215 = SURFACE_SIDE_STYLE ('',( #3758 ) ) ;
#4216 = COLOUR_RGB ( '',0.09803921568627450844, 0.09803921568627450844, 0.09803921568627450844 ) ;
#4217 = EDGE_CURVE ( 'NONE', #181, #1460, #204, .T. ) ;
#4218 = CARTESIAN_POINT ( 'NONE',  ( -1.545601924629707469, 4.899999999999999467, -1.472674250122260053 ) ) ;
#4219 = EDGE_LOOP ( 'NONE', ( #4336, #4129, #424, #3530 ) ) ;
#4220 = VECTOR ( 'NONE', #3073, 1000.000000000000114 ) ;
#4221 = UNCERTAINTY_MEASURE_WITH_UNIT (LENGTH_MEASURE( 1.000000000000000082E-05 ), #1583, 'distance_accuracy_value', 'NONE');
#4222 = DIRECTION ( 'NONE',  ( 1.000000000000000000, 0.0000000000000000000, -5.210738217947934616E-16 ) ) ;
#4223 = VECTOR ( 'NONE', #4328, 1000.000000000000000 ) ;
#4224 = CARTESIAN_POINT ( 'NONE',  ( -3.710284067798497176, 1.620000000000000107, 0.6079689776603197648 ) ) ;
#4225 = ORIENTED_EDGE ( 'NONE', *, *, #2942, .T. ) ;
#4226 = DIRECTION ( 'NONE',  ( -0.0000000000000000000, 1.000000000000000000, -0.0000000000000000000 ) ) ;
#4227 = LINE ( 'NONE', #2677, #3323 ) ;
#4228 = CARTESIAN_POINT ( 'NONE',  ( -1.545601924629707469, 4.899000000000000021, -1.472674250122260053 ) ) ;
#4229 = AXIS2_PLACEMENT_3D ( 'NONE', #3876, #4212, #2187 ) ;
#4230 = SURFACE_SIDE_STYLE ('',( #1745 ) ) ;
#4231 = MECHANICAL_DESIGN_GEOMETRIC_PRESENTATION_REPRESENTATION (  '', ( #29 ), #101 ) ;
#4232 = VECTOR ( 'NONE', #4174, 1000.000000000000000 ) ;
#4233 = CARTESIAN_POINT ( 'NONE',  ( -2.969929242986835138, -0.1000000000000000056, -0.4844451362957268858 ) ) ;
#4234 = CARTESIAN_POINT ( 'NONE',  ( -1.129999999999999893, 0.0000000000000000000, -3.049999999999999822 ) ) ;
#4235 = FACE_OUTER_BOUND ( 'NONE', #1925, .T. ) ;
#4236 = EDGE_CURVE ( 'NONE', #2061, #4296, #3767, .T. ) ;
#4237 = ORIENTED_EDGE ( 'NONE', *, *, #1971, .F. ) ;
#4238 = FILL_AREA_STYLE ('',( #220 ) ) ;
#4239 = FACE_OUTER_BOUND ( 'NONE', #2047, .T. ) ;
#4240 = VECTOR ( 'NONE', #1402, 1000.000000000000227 ) ;
#4241 = EDGE_LOOP ( 'NONE', ( #190, #464, #4089, #2245 ) ) ;
#4242 =( NAMED_UNIT ( * ) SI_UNIT ( $, .STERADIAN. ) SOLID_ANGLE_UNIT ( ) );
#4243 = SURFACE_STYLE_USAGE ( .BOTH. , #1873 ) ;
#4244 = PRESENTATION_STYLE_ASSIGNMENT (( #3122 ) ) ;
#4245 =( NAMED_UNIT ( * ) PLANE_ANGLE_UNIT ( ) SI_UNIT ( $, .RADIAN. ) );
#4246 =( GEOMETRIC_REPRESENTATION_CONTEXT ( 3 ) GLOBAL_UNCERTAINTY_ASSIGNED_CONTEXT ( ( #511 ) ) GLOBAL_UNIT_ASSIGNED_CONTEXT ( ( #1771, #4141, #132 ) ) REPRESENTATION_CONTEXT ( 'NONE', 'WORKASPACE' ) );
#4247 = CARTESIAN_POINT ( 'NONE',  ( 0.0000000000000000000, 0.5000000000000000000, -2.350000000000000089 ) ) ;
#4248 = VECTOR ( 'NONE', #2576, 1000.000000000000000 ) ;
#4249 = PRESENTATION_LAYER_ASSIGNMENT (  '', '', ( #3797 ) ) ;
#4250 = VECTOR ( 'NONE', #677, 1000.000000000000000 ) ;
#4251 = SURFACE_SIDE_STYLE ('',( #3007 ) ) ;
#4252 = FILL_AREA_STYLE ('',( #2560 ) ) ;
#4253 = VECTOR ( 'NONE', #236, 1000.000000000000000 ) ;
#4254 = DIRECTION ( 'NONE',  ( 0.3583679495453048758, 0.0000000000000000000, 0.9335804264971999666 ) ) ;
#4255 = ORIENTED_EDGE ( 'NONE', *, *, #1428, .T. ) ;
#4256 = STYLED_ITEM ( 'NONE', ( #793 ), #3358 ) ;
#4257 = CARTESIAN_POINT ( 'NONE',  ( 3.656528875366700682, 1.620000000000000107, -0.7480060416348992547 ) ) ;
#4258 = SURFACE_STYLE_USAGE ( .BOTH. , #1885 ) ;
#4259 = DIRECTION ( 'NONE',  ( -0.4132170265578689605, 0.0000000000000000000, 0.9106325762691962478 ) ) ;
#4260 = SURFACE_STYLE_FILL_AREA ( #1236 ) ;
#4261 = SURFACE_SIDE_STYLE ('',( #2878 ) ) ;
#4262 = CARTESIAN_POINT ( 'NONE',  ( -1.545601924629707469, 4.899999999999999467, -1.472674250122260053 ) ) ;
#4263 = DIRECTION ( 'NONE',  ( 0.0000000000000000000, 1.000000000000000000, 0.0000000000000000000 ) ) ;
#4264 =( GEOMETRIC_REPRESENTATION_CONTEXT ( 3 ) GLOBAL_UNCERTAINTY_ASSIGNED_CONTEXT ( ( #3529 ) ) GLOBAL_UNIT_ASSIGNED_CONTEXT ( ( #1091, #3436, #1407 ) ) REPRESENTATION_CONTEXT ( 'NONE', 'WORKASPACE' ) );
#4265 = FILL_AREA_STYLE_COLOUR ( '', #576 ) ;
#4266 = EDGE_LOOP ( 'NONE', ( #397, #3622, #2148, #3314 ) ) ;
#4267 = ADVANCED_FACE ( 'NONE', ( #1751 ), #1769, .F. ) ;
#4268 = DIRECTION ( 'NONE',  ( 0.0000000000000000000, 1.000000000000000000, 0.0000000000000000000 ) ) ;
#4269 = ORIENTED_EDGE ( 'NONE', *, *, #2453, .F. ) ;
#4270 = CARTESIAN_POINT ( 'NONE',  ( -4.445000000000000284, 1.520000000000000018, -0.8900000000000000133 ) ) ;
#4271 = FACE_BOUND ( 'NONE', #825, .T. ) ;
#4272 = EDGE_CURVE ( 'NONE', #3334, #564, #4035, .T. ) ;
#4273 = ORIENTED_EDGE ( 'NONE', *, *, #2629, .F. ) ;
#4274 = AXIS2_PLACEMENT_3D ( 'NONE', #1490, #3575, #1219 ) ;
#4275 =( NAMED_UNIT ( * ) SI_UNIT ( $, .STERADIAN. ) SOLID_ANGLE_UNIT ( ) );
#4276 = ADVANCED_FACE ( 'NONE', ( #3125 ), #140, .T. ) ;
#4277 = AXIS2_PLACEMENT_3D ( 'NONE', #1011, #3008, #674 ) ;
#4278 = CARTESIAN_POINT ( 'NONE',  ( 3.710284067798496288, -0.1000000000000000056, 0.6079689776603193208 ) ) ;
#4279 = ORIENTED_EDGE ( 'NONE', *, *, #2570, .F. ) ;
#4280 = SURFACE_STYLE_FILL_AREA ( #1682 ) ;
#4281 = EDGE_CURVE ( 'NONE', #253, #9, #1906, .T. ) ;
#4282 = CARTESIAN_POINT ( 'NONE',  ( -0.1924989316719607491, 4.899000000000000021, 1.265551982272106191 ) ) ;
#4283 = CARTESIAN_POINT ( 'NONE',  ( -1.502358086601538023, 4.899000000000000021, 1.344447228750979662 ) ) ;
#4284 = CARTESIAN_POINT ( 'NONE',  ( 1.112558308597786594, 4.900000000000003020, 0.01054246810156325709 ) ) ;
#4285 = LINE ( 'NONE', #268, #718 ) ;
#4286 = PLANE ( 'NONE',  #612 ) ;
#4287 =( GEOMETRIC_REPRESENTATION_CONTEXT ( 3 ) GLOBAL_UNCERTAINTY_ASSIGNED_CONTEXT ( ( #441 ) ) GLOBAL_UNIT_ASSIGNED_CONTEXT ( ( #1951, #4324, #2294 ) ) REPRESENTATION_CONTEXT ( 'NONE', 'WORKASPACE' ) );
#4288 = EDGE_LOOP ( 'NONE', ( #1568, #3668, #1038, #2743 ) ) ;
#4289 =( LENGTH_UNIT ( ) NAMED_UNIT ( * ) SI_UNIT ( .MILLI., .METRE. ) );
#4290 = SURFACE_STYLE_FILL_AREA ( #686 ) ;
#4291 = SURFACE_SIDE_STYLE ('',( #2775 ) ) ;
#4292 = PRESENTATION_STYLE_ASSIGNMENT (( #958 ) ) ;
#4293 = ORIENTED_EDGE ( 'NONE', *, *, #3392, .F. ) ;
#4294 = DIRECTION ( 'NONE',  ( 0.0000000000000000000, 0.0000000000000000000, -1.000000000000000000 ) ) ;
#4295 = SURFACE_STYLE_USAGE ( .BOTH. , #1929 ) ;
#4296 = VERTEX_POINT ( 'NONE', #491 ) ;
#4297 = CARTESIAN_POINT ( 'NONE',  ( 0.3635706325414486129, 4.899000000000008015, -0.3493607009125212493 ) ) ;
#4298 = CIRCLE ( 'NONE', #2454, 2.350000000000000089 ) ;
#4299 = SURFACE_STYLE_FILL_AREA ( #2308 ) ;
#4300 = DIRECTION ( 'NONE',  ( -0.0000000000000000000, 1.000000000000000000, -0.0000000000000000000 ) ) ;
#4301 = EDGE_LOOP ( 'NONE', ( #3231, #4070, #1848, #48 ) ) ;
#4302 = ADVANCED_FACE ( 'NONE', ( #3606 ), #2385, .F. ) ;
#4303 = CARTESIAN_POINT ( 'NONE',  ( 1.129999999999999893, 1.520000000000000018, -3.049999999999999822 ) ) ;
#4304 = SURFACE_STYLE_FILL_AREA ( #4050 ) ;
#4305 = COLOUR_RGB ( '',0.09803921568627450844, 0.09803921568627450844, 0.09803921568627450844 ) ;
#4306 = EDGE_CURVE ( 'NONE', #2786, #1044, #724, .T. ) ;
#4307 = ORIENTED_EDGE ( 'NONE', *, *, #3782, .F. ) ;
#4308 = DIRECTION ( 'NONE',  ( 1.000000000000000000, 0.0000000000000000000, 5.210738217947934616E-16 ) ) ;
#4309 = LINE ( 'NONE', #3838, #2295 ) ;
#4310 = COLOUR_RGB ( '',0.8274509803921568096, 0.8392156862745098200, 0.8274509803921568096 ) ;
#4311 = COLOUR_RGB ( '',0.09803921568627450844, 0.09803921568627450844, 0.09803921568627450844 ) ;
#4312 = CARTESIAN_POINT ( 'NONE',  ( 1.003843519865392109, 4.900000000000003908, 0.1072414117635350495 ) ) ;
#4313 = ORIENTED_EDGE ( 'NONE', *, *, #3598, .T. ) ;
#4314 = FILL_AREA_STYLE ('',( #1598 ) ) ;
#4315 = EDGE_CURVE ( 'NONE', #1430, #3486, #2805, .T. ) ;
#4316 = ORIENTED_EDGE ( 'NONE', *, *, #3905, .F. ) ;
#4317 = PRESENTATION_LAYER_ASSIGNMENT (  '', '', ( #3859 ) ) ;
#4318 = VECTOR ( 'NONE', #3312, 1000.000000000000000 ) ;
#4319 = SURFACE_SIDE_STYLE ('',( #3815 ) ) ;
#4320 = CARTESIAN_POINT ( 'NONE',  ( -1.502358086601538245, 4.899999999999999467, -0.5992147430800065511 ) ) ;
#4321 =( NAMED_UNIT ( * ) SI_UNIT ( $, .STERADIAN. ) SOLID_ANGLE_UNIT ( ) );
#4322 = MECHANICAL_DESIGN_GEOMETRIC_PRESENTATION_REPRESENTATION (  '', ( #3867 ), #189 ) ;
#4323 =( LENGTH_UNIT ( ) NAMED_UNIT ( * ) SI_UNIT ( .MILLI., .METRE. ) );
#4324 =( NAMED_UNIT ( * ) PLANE_ANGLE_UNIT ( ) SI_UNIT ( $, .RADIAN. ) );
#4325 = CARTESIAN_POINT ( 'NONE',  ( 2.969929242986835138, -0.1000000000000000056, 0.4844451362957269414 ) ) ;
#4326 = PRESENTATION_STYLE_ASSIGNMENT (( #3913 ) ) ;
#4327 =( NAMED_UNIT ( * ) SI_UNIT ( $, .STERADIAN. ) SOLID_ANGLE_UNIT ( ) );
#4328 = DIRECTION ( 'NONE',  ( -0.0000000000000000000, -1.000000000000000000, -0.0000000000000000000 ) ) ;
#4329 = ORIENTED_EDGE ( 'NONE', *, *, #4217, .F. ) ;
#4330 = ORIENTED_EDGE ( 'NONE', *, *, #425, .T. ) ;
#4331 = DIRECTION ( 'NONE',  ( -0.0000000000000000000, -1.000000000000000000, -0.0000000000000000000 ) ) ;
#4332 = VECTOR ( 'NONE', #1714, 1000.000000000000000 ) ;
#4333 = DIRECTION ( 'NONE',  ( 0.9335804264971999666, 0.0000000000000000000, 0.3583679495453052088 ) ) ;
#4334 = ORIENTED_EDGE ( 'NONE', *, *, #1012, .F. ) ;
#4335 = CARTESIAN_POINT ( 'NONE',  ( -1.502358086601537579, 4.899999999999999467, 0.6703715245256275379 ) ) ;
#4336 = ORIENTED_EDGE ( 'NONE', *, *, #2798, .F. ) ;
#4337 = EDGE_CURVE ( 'NONE', #2875, #4189, #1486, .T. ) ;
#4338 = CARTESIAN_POINT ( 'NONE',  ( -0.1924989316719607491, 4.899999999999999467, 1.265551982272106191 ) ) ;
#4339 = VECTOR ( 'NONE', #3723, 1000.000000000000000 ) ;
#4340 =( NAMED_UNIT ( * ) PLANE_ANGLE_UNIT ( ) SI_UNIT ( $, .RADIAN. ) );
#4341 = LINE ( 'NONE', #3493, #1635 ) ;
#4342 = FILL_AREA_STYLE ('',( #2978 ) ) ;
#4343 = VECTOR ( 'NONE', #2203, 999.9999999999998863 ) ;
#4344 = ADVANCED_FACE ( 'NONE', ( #4082 ), #1826, .T. ) ;
#4345 = CARTESIAN_POINT ( 'NONE',  ( 2.895000000000000462, 1.520000000000000018, 0.6645830389778991654 ) ) ;
#4346 = PRODUCT_DEFINITION_SHAPE ( 'NONE', 'NONE',  #2967 ) ;
#4347 = DIRECTION ( 'NONE',  ( 0.6762489608116972750, 0.0000000000000000000, -0.7366731588710827561 ) ) ;
#4348 = ORIENTED_EDGE ( 'NONE', *, *, #4192, .F. ) ;
#4349 = VECTOR ( 'NONE', #2063, 1000.000000000000000 ) ;
#4350 = PRESENTATION_LAYER_ASSIGNMENT (  '', '', ( #3895 ) ) ;
#4351 = COLOUR_RGB ( '',0.09803921568627450844, 0.09803921568627450844, 0.09803921568627450844 ) ;
#4352 = ORIENTED_EDGE ( 'NONE', *, *, #26, .F. ) ;
#4353 = FILL_AREA_STYLE ('',( #4018 ) ) ;
#4354 = CIRCLE ( 'NONE', #369, 0.2540000000000000036 ) ;
#4355 = SURFACE_STYLE_USAGE ( .BOTH. , #1986 ) ;
#4356 = DIRECTION ( 'NONE',  ( -1.000000000000000000, 0.0000000000000000000, 0.0000000000000000000 ) ) ;
ENDSEC;
END-ISO-10303-21;
