ISO-10303-21;
HEADER;
/* Generated by software containing ST-Developer
 * from STEP Tools, Inc. (www.steptools.com) 
 */
/* OPTION: using custom renumber hook */

FILE_DESCRIPTION(
/* description */ ('STEP AP214'),
/* implementation_level */ '2;1');

FILE_NAME(
/* name */ 'SSW-102-02-T-T-RA',
/* time_stamp */ '2026-08-30T16:25:19+02:00',
/* author */ ('License CC BY-ND 4.0'),
/* organization */ ('CADENAS'),
/* preprocessor_version */ 'ST-DEVELOPER v20',
/* originating_system */ 'PARTsolutions',
/* authorisation */ '  ');

FILE_SCHEMA (('AUTOMOTIVE_DESIGN {1 0 10303 214 3 1 1}'));
ENDSEC;

DATA;
#10=PROPERTY_DEFINITION_REPRESENTATION(#14,#12);
#11=PROPERTY_DEFINITION_REPRESENTATION(#15,#13);
#12=REPRESENTATION('',(#16),#3509);
#13=REPRESENTATION('',(#17),#3509);
#14=PROPERTY_DEFINITION('pmi validation property','',#3521);
#15=PROPERTY_DEFINITION('pmi validation property','',#3521);
#16=VALUE_REPRESENTATION_ITEM('number of annotations',COUNT_MEASURE(0.));
#17=VALUE_REPRESENTATION_ITEM('number of views',COUNT_MEASURE(0.));
#18=CYLINDRICAL_SURFACE('',#2308,0.032);
#19=CYLINDRICAL_SURFACE('',#2309,0.032);
#20=CYLINDRICAL_SURFACE('',#2310,0.016);
#21=CYLINDRICAL_SURFACE('',#2311,0.016);
#22=CYLINDRICAL_SURFACE('',#2316,0.032);
#23=CYLINDRICAL_SURFACE('',#2317,0.032);
#24=CYLINDRICAL_SURFACE('',#2318,0.016);
#25=CYLINDRICAL_SURFACE('',#2319,0.016);
#26=CYLINDRICAL_SURFACE('',#2324,0.032);
#27=CYLINDRICAL_SURFACE('',#2325,0.032);
#28=CYLINDRICAL_SURFACE('',#2326,0.016);
#29=CYLINDRICAL_SURFACE('',#2327,0.016);
#30=CIRCLE('',#2267,0.016);
#31=CIRCLE('',#2268,0.032);
#32=CIRCLE('',#2270,0.016);
#33=CIRCLE('',#2271,0.032);
#34=CIRCLE('',#2273,0.032);
#35=CIRCLE('',#2274,0.016);
#36=CIRCLE('',#2276,0.032);
#37=CIRCLE('',#2277,0.016);
#38=CIRCLE('',#2279,0.016);
#39=CIRCLE('',#2280,0.032);
#40=CIRCLE('',#2282,0.016);
#41=CIRCLE('',#2283,0.032);
#42=CIRCLE('',#2285,0.032);
#43=CIRCLE('',#2286,0.016);
#44=CIRCLE('',#2288,0.032);
#45=CIRCLE('',#2289,0.016);
#46=CIRCLE('',#2291,0.016);
#47=CIRCLE('',#2292,0.032);
#48=CIRCLE('',#2294,0.016);
#49=CIRCLE('',#2295,0.032);
#50=CIRCLE('',#2297,0.032);
#51=CIRCLE('',#2298,0.016);
#52=CIRCLE('',#2300,0.032);
#53=CIRCLE('',#2301,0.016);
#54=DRAUGHTING_PRE_DEFINED_COLOUR('yellow');
#55=CONTEXT_DEPENDENT_SHAPE_REPRESENTATION(#59,#3523);
#56=CONTEXT_DEPENDENT_SHAPE_REPRESENTATION(#60,#3525);
#57=NEXT_ASSEMBLY_USAGE_OCCURRENCE('NAUO1','T1SSW-102-02-T-T-RA',
'T1SSW-102-02-T-T-RA',#3526,#3527,'');
#58=NEXT_ASSEMBLY_USAGE_OCCURRENCE('NAUO2','P2SSW-102-02-T-T-RA',
'P2SSW-102-02-T-T-RA',#3526,#3528,'');
#59=(
REPRESENTATION_RELATIONSHIP(' ',' ',#2206,#2205)
REPRESENTATION_RELATIONSHIP_WITH_TRANSFORMATION(#61)
SHAPE_REPRESENTATION_RELATIONSHIP()
);
#60=(
REPRESENTATION_RELATIONSHIP(' ',' ',#2207,#2205)
REPRESENTATION_RELATIONSHIP_WITH_TRANSFORMATION(#62)
SHAPE_REPRESENTATION_RELATIONSHIP()
);
#61=ITEM_DEFINED_TRANSFORMATION(' ',' ',#2208,#2247);
#62=ITEM_DEFINED_TRANSFORMATION(' ',' ',#2208,#2344);
#63=SHAPE_REPRESENTATION_RELATIONSHIP('','',#2206,#65);
#64=SHAPE_REPRESENTATION_RELATIONSHIP('','',#2207,#66);
#65=ADVANCED_BREP_SHAPE_REPRESENTATION('',(#2200),#3510);
#66=ADVANCED_BREP_SHAPE_REPRESENTATION('',(#2201),#3511);
#67=ORIENTED_EDGE('',*,*,#667,.F.);
#68=ORIENTED_EDGE('',*,*,#668,.F.);
#69=ORIENTED_EDGE('',*,*,#669,.F.);
#70=ORIENTED_EDGE('',*,*,#670,.T.);
#71=ORIENTED_EDGE('',*,*,#671,.F.);
#72=ORIENTED_EDGE('',*,*,#672,.F.);
#73=ORIENTED_EDGE('',*,*,#673,.F.);
#74=ORIENTED_EDGE('',*,*,#674,.T.);
#75=ORIENTED_EDGE('',*,*,#675,.F.);
#76=ORIENTED_EDGE('',*,*,#676,.F.);
#77=ORIENTED_EDGE('',*,*,#677,.T.);
#78=ORIENTED_EDGE('',*,*,#678,.T.);
#79=ORIENTED_EDGE('',*,*,#679,.F.);
#80=ORIENTED_EDGE('',*,*,#680,.T.);
#81=ORIENTED_EDGE('',*,*,#681,.F.);
#82=ORIENTED_EDGE('',*,*,#682,.F.);
#83=ORIENTED_EDGE('',*,*,#683,.T.);
#84=ORIENTED_EDGE('',*,*,#684,.T.);
#85=ORIENTED_EDGE('',*,*,#685,.F.);
#86=ORIENTED_EDGE('',*,*,#686,.F.);
#87=ORIENTED_EDGE('',*,*,#687,.F.);
#88=ORIENTED_EDGE('',*,*,#688,.T.);
#89=ORIENTED_EDGE('',*,*,#689,.F.);
#90=ORIENTED_EDGE('',*,*,#690,.F.);
#91=ORIENTED_EDGE('',*,*,#691,.T.);
#92=ORIENTED_EDGE('',*,*,#692,.T.);
#93=ORIENTED_EDGE('',*,*,#693,.F.);
#94=ORIENTED_EDGE('',*,*,#694,.T.);
#95=ORIENTED_EDGE('',*,*,#693,.T.);
#96=ORIENTED_EDGE('',*,*,#695,.T.);
#97=ORIENTED_EDGE('',*,*,#696,.F.);
#98=ORIENTED_EDGE('',*,*,#697,.T.);
#99=ORIENTED_EDGE('',*,*,#696,.T.);
#100=ORIENTED_EDGE('',*,*,#698,.T.);
#101=ORIENTED_EDGE('',*,*,#699,.F.);
#102=ORIENTED_EDGE('',*,*,#700,.T.);
#103=ORIENTED_EDGE('',*,*,#701,.T.);
#104=ORIENTED_EDGE('',*,*,#702,.T.);
#105=ORIENTED_EDGE('',*,*,#703,.F.);
#106=ORIENTED_EDGE('',*,*,#704,.T.);
#107=ORIENTED_EDGE('',*,*,#703,.T.);
#108=ORIENTED_EDGE('',*,*,#705,.T.);
#109=ORIENTED_EDGE('',*,*,#706,.F.);
#110=ORIENTED_EDGE('',*,*,#707,.T.);
#111=ORIENTED_EDGE('',*,*,#706,.T.);
#112=ORIENTED_EDGE('',*,*,#708,.T.);
#113=ORIENTED_EDGE('',*,*,#709,.F.);
#114=ORIENTED_EDGE('',*,*,#710,.T.);
#115=ORIENTED_EDGE('',*,*,#711,.T.);
#116=ORIENTED_EDGE('',*,*,#712,.T.);
#117=ORIENTED_EDGE('',*,*,#713,.F.);
#118=ORIENTED_EDGE('',*,*,#714,.T.);
#119=ORIENTED_EDGE('',*,*,#713,.T.);
#120=ORIENTED_EDGE('',*,*,#715,.T.);
#121=ORIENTED_EDGE('',*,*,#716,.F.);
#122=ORIENTED_EDGE('',*,*,#717,.T.);
#123=ORIENTED_EDGE('',*,*,#716,.T.);
#124=ORIENTED_EDGE('',*,*,#718,.T.);
#125=ORIENTED_EDGE('',*,*,#719,.F.);
#126=ORIENTED_EDGE('',*,*,#720,.T.);
#127=ORIENTED_EDGE('',*,*,#721,.T.);
#128=ORIENTED_EDGE('',*,*,#722,.T.);
#129=ORIENTED_EDGE('',*,*,#723,.F.);
#130=ORIENTED_EDGE('',*,*,#724,.T.);
#131=ORIENTED_EDGE('',*,*,#723,.T.);
#132=ORIENTED_EDGE('',*,*,#725,.T.);
#133=ORIENTED_EDGE('',*,*,#726,.F.);
#134=ORIENTED_EDGE('',*,*,#727,.T.);
#135=ORIENTED_EDGE('',*,*,#726,.T.);
#136=ORIENTED_EDGE('',*,*,#728,.T.);
#137=ORIENTED_EDGE('',*,*,#729,.F.);
#138=ORIENTED_EDGE('',*,*,#730,.T.);
#139=ORIENTED_EDGE('',*,*,#731,.T.);
#140=ORIENTED_EDGE('',*,*,#732,.T.);
#141=ORIENTED_EDGE('',*,*,#733,.F.);
#142=ORIENTED_EDGE('',*,*,#734,.T.);
#143=ORIENTED_EDGE('',*,*,#733,.T.);
#144=ORIENTED_EDGE('',*,*,#735,.T.);
#145=ORIENTED_EDGE('',*,*,#736,.F.);
#146=ORIENTED_EDGE('',*,*,#737,.T.);
#147=ORIENTED_EDGE('',*,*,#736,.T.);
#148=ORIENTED_EDGE('',*,*,#738,.T.);
#149=ORIENTED_EDGE('',*,*,#739,.F.);
#150=ORIENTED_EDGE('',*,*,#740,.T.);
#151=ORIENTED_EDGE('',*,*,#741,.T.);
#152=ORIENTED_EDGE('',*,*,#742,.T.);
#153=ORIENTED_EDGE('',*,*,#743,.F.);
#154=ORIENTED_EDGE('',*,*,#744,.T.);
#155=ORIENTED_EDGE('',*,*,#743,.T.);
#156=ORIENTED_EDGE('',*,*,#745,.T.);
#157=ORIENTED_EDGE('',*,*,#746,.F.);
#158=ORIENTED_EDGE('',*,*,#747,.T.);
#159=ORIENTED_EDGE('',*,*,#746,.T.);
#160=ORIENTED_EDGE('',*,*,#748,.T.);
#161=ORIENTED_EDGE('',*,*,#749,.F.);
#162=ORIENTED_EDGE('',*,*,#750,.T.);
#163=ORIENTED_EDGE('',*,*,#699,.T.);
#164=ORIENTED_EDGE('',*,*,#751,.T.);
#165=ORIENTED_EDGE('',*,*,#691,.F.);
#166=ORIENTED_EDGE('',*,*,#752,.T.);
#167=ORIENTED_EDGE('',*,*,#709,.T.);
#168=ORIENTED_EDGE('',*,*,#753,.T.);
#169=ORIENTED_EDGE('',*,*,#701,.F.);
#170=ORIENTED_EDGE('',*,*,#754,.T.);
#171=ORIENTED_EDGE('',*,*,#719,.T.);
#172=ORIENTED_EDGE('',*,*,#755,.T.);
#173=ORIENTED_EDGE('',*,*,#711,.F.);
#174=ORIENTED_EDGE('',*,*,#756,.T.);
#175=ORIENTED_EDGE('',*,*,#729,.T.);
#176=ORIENTED_EDGE('',*,*,#757,.T.);
#177=ORIENTED_EDGE('',*,*,#721,.F.);
#178=ORIENTED_EDGE('',*,*,#758,.T.);
#179=ORIENTED_EDGE('',*,*,#739,.T.);
#180=ORIENTED_EDGE('',*,*,#759,.T.);
#181=ORIENTED_EDGE('',*,*,#731,.F.);
#182=ORIENTED_EDGE('',*,*,#760,.T.);
#183=ORIENTED_EDGE('',*,*,#749,.T.);
#184=ORIENTED_EDGE('',*,*,#761,.T.);
#185=ORIENTED_EDGE('',*,*,#741,.F.);
#186=ORIENTED_EDGE('',*,*,#762,.T.);
#187=ORIENTED_EDGE('',*,*,#763,.F.);
#188=ORIENTED_EDGE('',*,*,#684,.F.);
#189=ORIENTED_EDGE('',*,*,#764,.F.);
#190=ORIENTED_EDGE('',*,*,#674,.F.);
#191=ORIENTED_EDGE('',*,*,#765,.F.);
#192=ORIENTED_EDGE('',*,*,#678,.F.);
#193=ORIENTED_EDGE('',*,*,#766,.F.);
#194=ORIENTED_EDGE('',*,*,#680,.F.);
#195=ORIENTED_EDGE('',*,*,#767,.F.);
#196=ORIENTED_EDGE('',*,*,#688,.F.);
#197=ORIENTED_EDGE('',*,*,#768,.F.);
#198=ORIENTED_EDGE('',*,*,#670,.F.);
#199=ORIENTED_EDGE('',*,*,#764,.T.);
#200=ORIENTED_EDGE('',*,*,#683,.F.);
#201=ORIENTED_EDGE('',*,*,#769,.F.);
#202=ORIENTED_EDGE('',*,*,#675,.T.);
#203=ORIENTED_EDGE('',*,*,#766,.T.);
#204=ORIENTED_EDGE('',*,*,#677,.F.);
#205=ORIENTED_EDGE('',*,*,#770,.F.);
#206=ORIENTED_EDGE('',*,*,#681,.T.);
#207=ORIENTED_EDGE('',*,*,#744,.F.);
#208=ORIENTED_EDGE('',*,*,#747,.F.);
#209=ORIENTED_EDGE('',*,*,#750,.F.);
#210=ORIENTED_EDGE('',*,*,#762,.F.);
#211=ORIENTED_EDGE('',*,*,#734,.F.);
#212=ORIENTED_EDGE('',*,*,#737,.F.);
#213=ORIENTED_EDGE('',*,*,#740,.F.);
#214=ORIENTED_EDGE('',*,*,#760,.F.);
#215=ORIENTED_EDGE('',*,*,#724,.F.);
#216=ORIENTED_EDGE('',*,*,#727,.F.);
#217=ORIENTED_EDGE('',*,*,#730,.F.);
#218=ORIENTED_EDGE('',*,*,#758,.F.);
#219=ORIENTED_EDGE('',*,*,#714,.F.);
#220=ORIENTED_EDGE('',*,*,#717,.F.);
#221=ORIENTED_EDGE('',*,*,#720,.F.);
#222=ORIENTED_EDGE('',*,*,#756,.F.);
#223=ORIENTED_EDGE('',*,*,#704,.F.);
#224=ORIENTED_EDGE('',*,*,#707,.F.);
#225=ORIENTED_EDGE('',*,*,#710,.F.);
#226=ORIENTED_EDGE('',*,*,#754,.F.);
#227=ORIENTED_EDGE('',*,*,#694,.F.);
#228=ORIENTED_EDGE('',*,*,#697,.F.);
#229=ORIENTED_EDGE('',*,*,#700,.F.);
#230=ORIENTED_EDGE('',*,*,#752,.F.);
#231=ORIENTED_EDGE('',*,*,#676,.T.);
#232=ORIENTED_EDGE('',*,*,#769,.T.);
#233=ORIENTED_EDGE('',*,*,#682,.T.);
#234=ORIENTED_EDGE('',*,*,#770,.T.);
#235=ORIENTED_EDGE('',*,*,#671,.T.);
#236=ORIENTED_EDGE('',*,*,#768,.T.);
#237=ORIENTED_EDGE('',*,*,#687,.T.);
#238=ORIENTED_EDGE('',*,*,#771,.T.);
#239=ORIENTED_EDGE('',*,*,#673,.T.);
#240=ORIENTED_EDGE('',*,*,#772,.F.);
#241=ORIENTED_EDGE('',*,*,#685,.T.);
#242=ORIENTED_EDGE('',*,*,#763,.T.);
#243=ORIENTED_EDGE('',*,*,#757,.F.);
#244=ORIENTED_EDGE('',*,*,#728,.F.);
#245=ORIENTED_EDGE('',*,*,#725,.F.);
#246=ORIENTED_EDGE('',*,*,#722,.F.);
#247=ORIENTED_EDGE('',*,*,#759,.F.);
#248=ORIENTED_EDGE('',*,*,#738,.F.);
#249=ORIENTED_EDGE('',*,*,#735,.F.);
#250=ORIENTED_EDGE('',*,*,#732,.F.);
#251=ORIENTED_EDGE('',*,*,#761,.F.);
#252=ORIENTED_EDGE('',*,*,#748,.F.);
#253=ORIENTED_EDGE('',*,*,#745,.F.);
#254=ORIENTED_EDGE('',*,*,#742,.F.);
#255=ORIENTED_EDGE('',*,*,#672,.T.);
#256=ORIENTED_EDGE('',*,*,#771,.F.);
#257=ORIENTED_EDGE('',*,*,#686,.T.);
#258=ORIENTED_EDGE('',*,*,#772,.T.);
#259=ORIENTED_EDGE('',*,*,#751,.F.);
#260=ORIENTED_EDGE('',*,*,#698,.F.);
#261=ORIENTED_EDGE('',*,*,#695,.F.);
#262=ORIENTED_EDGE('',*,*,#692,.F.);
#263=ORIENTED_EDGE('',*,*,#753,.F.);
#264=ORIENTED_EDGE('',*,*,#708,.F.);
#265=ORIENTED_EDGE('',*,*,#705,.F.);
#266=ORIENTED_EDGE('',*,*,#702,.F.);
#267=ORIENTED_EDGE('',*,*,#755,.F.);
#268=ORIENTED_EDGE('',*,*,#718,.F.);
#269=ORIENTED_EDGE('',*,*,#715,.F.);
#270=ORIENTED_EDGE('',*,*,#712,.F.);
#271=ORIENTED_EDGE('',*,*,#668,.T.);
#272=ORIENTED_EDGE('',*,*,#773,.F.);
#273=ORIENTED_EDGE('',*,*,#690,.T.);
#274=ORIENTED_EDGE('',*,*,#774,.T.);
#275=ORIENTED_EDGE('',*,*,#667,.T.);
#276=ORIENTED_EDGE('',*,*,#765,.T.);
#277=ORIENTED_EDGE('',*,*,#679,.T.);
#278=ORIENTED_EDGE('',*,*,#773,.T.);
#279=ORIENTED_EDGE('',*,*,#669,.T.);
#280=ORIENTED_EDGE('',*,*,#774,.F.);
#281=ORIENTED_EDGE('',*,*,#689,.T.);
#282=ORIENTED_EDGE('',*,*,#767,.T.);
#283=ORIENTED_EDGE('',*,*,#775,.F.);
#284=ORIENTED_EDGE('',*,*,#776,.F.);
#285=ORIENTED_EDGE('',*,*,#777,.T.);
#286=ORIENTED_EDGE('',*,*,#778,.F.);
#287=ORIENTED_EDGE('',*,*,#779,.F.);
#288=ORIENTED_EDGE('',*,*,#780,.F.);
#289=ORIENTED_EDGE('',*,*,#781,.F.);
#290=ORIENTED_EDGE('',*,*,#782,.F.);
#291=ORIENTED_EDGE('',*,*,#783,.T.);
#292=ORIENTED_EDGE('',*,*,#784,.F.);
#293=ORIENTED_EDGE('',*,*,#785,.F.);
#294=ORIENTED_EDGE('',*,*,#786,.F.);
#295=ORIENTED_EDGE('',*,*,#787,.F.);
#296=ORIENTED_EDGE('',*,*,#780,.T.);
#297=ORIENTED_EDGE('',*,*,#788,.F.);
#298=ORIENTED_EDGE('',*,*,#789,.F.);
#299=ORIENTED_EDGE('',*,*,#790,.F.);
#300=ORIENTED_EDGE('',*,*,#786,.T.);
#301=ORIENTED_EDGE('',*,*,#791,.F.);
#302=ORIENTED_EDGE('',*,*,#792,.F.);
#303=ORIENTED_EDGE('',*,*,#793,.F.);
#304=ORIENTED_EDGE('',*,*,#789,.T.);
#305=ORIENTED_EDGE('',*,*,#794,.F.);
#306=ORIENTED_EDGE('',*,*,#795,.F.);
#307=ORIENTED_EDGE('',*,*,#796,.F.);
#308=ORIENTED_EDGE('',*,*,#797,.F.);
#309=ORIENTED_EDGE('',*,*,#798,.F.);
#310=ORIENTED_EDGE('',*,*,#792,.T.);
#311=ORIENTED_EDGE('',*,*,#799,.F.);
#312=ORIENTED_EDGE('',*,*,#800,.F.);
#313=ORIENTED_EDGE('',*,*,#801,.F.);
#314=ORIENTED_EDGE('',*,*,#802,.F.);
#315=ORIENTED_EDGE('',*,*,#803,.F.);
#316=ORIENTED_EDGE('',*,*,#804,.F.);
#317=ORIENTED_EDGE('',*,*,#805,.T.);
#318=ORIENTED_EDGE('',*,*,#806,.F.);
#319=ORIENTED_EDGE('',*,*,#807,.F.);
#320=ORIENTED_EDGE('',*,*,#808,.F.);
#321=ORIENTED_EDGE('',*,*,#809,.F.);
#322=ORIENTED_EDGE('',*,*,#810,.F.);
#323=ORIENTED_EDGE('',*,*,#811,.T.);
#324=ORIENTED_EDGE('',*,*,#812,.F.);
#325=ORIENTED_EDGE('',*,*,#813,.F.);
#326=ORIENTED_EDGE('',*,*,#814,.F.);
#327=ORIENTED_EDGE('',*,*,#815,.F.);
#328=ORIENTED_EDGE('',*,*,#808,.T.);
#329=ORIENTED_EDGE('',*,*,#816,.F.);
#330=ORIENTED_EDGE('',*,*,#817,.F.);
#331=ORIENTED_EDGE('',*,*,#818,.F.);
#332=ORIENTED_EDGE('',*,*,#814,.T.);
#333=ORIENTED_EDGE('',*,*,#819,.F.);
#334=ORIENTED_EDGE('',*,*,#820,.F.);
#335=ORIENTED_EDGE('',*,*,#821,.F.);
#336=ORIENTED_EDGE('',*,*,#817,.T.);
#337=ORIENTED_EDGE('',*,*,#822,.F.);
#338=ORIENTED_EDGE('',*,*,#823,.F.);
#339=ORIENTED_EDGE('',*,*,#824,.F.);
#340=ORIENTED_EDGE('',*,*,#825,.F.);
#341=ORIENTED_EDGE('',*,*,#826,.F.);
#342=ORIENTED_EDGE('',*,*,#820,.T.);
#343=ORIENTED_EDGE('',*,*,#827,.F.);
#344=ORIENTED_EDGE('',*,*,#828,.F.);
#345=ORIENTED_EDGE('',*,*,#829,.F.);
#346=ORIENTED_EDGE('',*,*,#830,.F.);
#347=ORIENTED_EDGE('',*,*,#831,.F.);
#348=ORIENTED_EDGE('',*,*,#832,.F.);
#349=ORIENTED_EDGE('',*,*,#833,.T.);
#350=ORIENTED_EDGE('',*,*,#834,.F.);
#351=ORIENTED_EDGE('',*,*,#835,.F.);
#352=ORIENTED_EDGE('',*,*,#836,.F.);
#353=ORIENTED_EDGE('',*,*,#837,.F.);
#354=ORIENTED_EDGE('',*,*,#838,.F.);
#355=ORIENTED_EDGE('',*,*,#839,.T.);
#356=ORIENTED_EDGE('',*,*,#840,.F.);
#357=ORIENTED_EDGE('',*,*,#841,.F.);
#358=ORIENTED_EDGE('',*,*,#842,.F.);
#359=ORIENTED_EDGE('',*,*,#843,.F.);
#360=ORIENTED_EDGE('',*,*,#836,.T.);
#361=ORIENTED_EDGE('',*,*,#844,.F.);
#362=ORIENTED_EDGE('',*,*,#845,.F.);
#363=ORIENTED_EDGE('',*,*,#846,.F.);
#364=ORIENTED_EDGE('',*,*,#842,.T.);
#365=ORIENTED_EDGE('',*,*,#847,.F.);
#366=ORIENTED_EDGE('',*,*,#848,.F.);
#367=ORIENTED_EDGE('',*,*,#849,.F.);
#368=ORIENTED_EDGE('',*,*,#845,.T.);
#369=ORIENTED_EDGE('',*,*,#850,.F.);
#370=ORIENTED_EDGE('',*,*,#851,.F.);
#371=ORIENTED_EDGE('',*,*,#852,.F.);
#372=ORIENTED_EDGE('',*,*,#853,.F.);
#373=ORIENTED_EDGE('',*,*,#854,.F.);
#374=ORIENTED_EDGE('',*,*,#848,.T.);
#375=ORIENTED_EDGE('',*,*,#855,.F.);
#376=ORIENTED_EDGE('',*,*,#856,.F.);
#377=ORIENTED_EDGE('',*,*,#857,.F.);
#378=ORIENTED_EDGE('',*,*,#858,.F.);
#379=ORIENTED_EDGE('',*,*,#856,.T.);
#380=ORIENTED_EDGE('',*,*,#859,.F.);
#381=ORIENTED_EDGE('',*,*,#840,.T.);
#382=ORIENTED_EDGE('',*,*,#860,.F.);
#383=ORIENTED_EDGE('',*,*,#861,.T.);
#384=ORIENTED_EDGE('',*,*,#862,.T.);
#385=ORIENTED_EDGE('',*,*,#863,.T.);
#386=ORIENTED_EDGE('',*,*,#864,.T.);
#387=ORIENTED_EDGE('',*,*,#851,.T.);
#388=ORIENTED_EDGE('',*,*,#865,.F.);
#389=ORIENTED_EDGE('',*,*,#834,.T.);
#390=ORIENTED_EDGE('',*,*,#866,.F.);
#391=ORIENTED_EDGE('',*,*,#867,.T.);
#392=ORIENTED_EDGE('',*,*,#868,.T.);
#393=ORIENTED_EDGE('',*,*,#869,.T.);
#394=ORIENTED_EDGE('',*,*,#870,.T.);
#395=ORIENTED_EDGE('',*,*,#858,.T.);
#396=ORIENTED_EDGE('',*,*,#871,.T.);
#397=ORIENTED_EDGE('',*,*,#872,.T.);
#398=ORIENTED_EDGE('',*,*,#873,.F.);
#399=ORIENTED_EDGE('',*,*,#874,.T.);
#400=ORIENTED_EDGE('',*,*,#875,.F.);
#401=ORIENTED_EDGE('',*,*,#838,.T.);
#402=ORIENTED_EDGE('',*,*,#876,.T.);
#403=ORIENTED_EDGE('',*,*,#832,.T.);
#404=ORIENTED_EDGE('',*,*,#877,.T.);
#405=ORIENTED_EDGE('',*,*,#853,.T.);
#406=ORIENTED_EDGE('',*,*,#878,.T.);
#407=ORIENTED_EDGE('',*,*,#879,.T.);
#408=ORIENTED_EDGE('',*,*,#880,.F.);
#409=ORIENTED_EDGE('',*,*,#881,.T.);
#410=ORIENTED_EDGE('',*,*,#882,.F.);
#411=ORIENTED_EDGE('',*,*,#828,.T.);
#412=ORIENTED_EDGE('',*,*,#883,.F.);
#413=ORIENTED_EDGE('',*,*,#812,.T.);
#414=ORIENTED_EDGE('',*,*,#884,.F.);
#415=ORIENTED_EDGE('',*,*,#885,.T.);
#416=ORIENTED_EDGE('',*,*,#886,.T.);
#417=ORIENTED_EDGE('',*,*,#887,.T.);
#418=ORIENTED_EDGE('',*,*,#888,.T.);
#419=ORIENTED_EDGE('',*,*,#823,.T.);
#420=ORIENTED_EDGE('',*,*,#889,.F.);
#421=ORIENTED_EDGE('',*,*,#806,.T.);
#422=ORIENTED_EDGE('',*,*,#890,.F.);
#423=ORIENTED_EDGE('',*,*,#891,.T.);
#424=ORIENTED_EDGE('',*,*,#892,.T.);
#425=ORIENTED_EDGE('',*,*,#893,.T.);
#426=ORIENTED_EDGE('',*,*,#894,.T.);
#427=ORIENTED_EDGE('',*,*,#830,.T.);
#428=ORIENTED_EDGE('',*,*,#895,.T.);
#429=ORIENTED_EDGE('',*,*,#896,.T.);
#430=ORIENTED_EDGE('',*,*,#897,.F.);
#431=ORIENTED_EDGE('',*,*,#898,.T.);
#432=ORIENTED_EDGE('',*,*,#899,.F.);
#433=ORIENTED_EDGE('',*,*,#810,.T.);
#434=ORIENTED_EDGE('',*,*,#900,.T.);
#435=ORIENTED_EDGE('',*,*,#804,.T.);
#436=ORIENTED_EDGE('',*,*,#901,.T.);
#437=ORIENTED_EDGE('',*,*,#825,.T.);
#438=ORIENTED_EDGE('',*,*,#902,.T.);
#439=ORIENTED_EDGE('',*,*,#903,.T.);
#440=ORIENTED_EDGE('',*,*,#904,.F.);
#441=ORIENTED_EDGE('',*,*,#905,.T.);
#442=ORIENTED_EDGE('',*,*,#906,.F.);
#443=ORIENTED_EDGE('',*,*,#800,.T.);
#444=ORIENTED_EDGE('',*,*,#907,.T.);
#445=ORIENTED_EDGE('',*,*,#784,.T.);
#446=ORIENTED_EDGE('',*,*,#908,.F.);
#447=ORIENTED_EDGE('',*,*,#909,.T.);
#448=ORIENTED_EDGE('',*,*,#910,.T.);
#449=ORIENTED_EDGE('',*,*,#911,.T.);
#450=ORIENTED_EDGE('',*,*,#912,.T.);
#451=ORIENTED_EDGE('',*,*,#795,.T.);
#452=ORIENTED_EDGE('',*,*,#913,.T.);
#453=ORIENTED_EDGE('',*,*,#778,.T.);
#454=ORIENTED_EDGE('',*,*,#914,.F.);
#455=ORIENTED_EDGE('',*,*,#915,.T.);
#456=ORIENTED_EDGE('',*,*,#916,.T.);
#457=ORIENTED_EDGE('',*,*,#917,.T.);
#458=ORIENTED_EDGE('',*,*,#918,.T.);
#459=ORIENTED_EDGE('',*,*,#802,.T.);
#460=ORIENTED_EDGE('',*,*,#919,.T.);
#461=ORIENTED_EDGE('',*,*,#920,.T.);
#462=ORIENTED_EDGE('',*,*,#921,.F.);
#463=ORIENTED_EDGE('',*,*,#922,.T.);
#464=ORIENTED_EDGE('',*,*,#923,.F.);
#465=ORIENTED_EDGE('',*,*,#782,.T.);
#466=ORIENTED_EDGE('',*,*,#924,.T.);
#467=ORIENTED_EDGE('',*,*,#776,.T.);
#468=ORIENTED_EDGE('',*,*,#925,.T.);
#469=ORIENTED_EDGE('',*,*,#797,.T.);
#470=ORIENTED_EDGE('',*,*,#926,.T.);
#471=ORIENTED_EDGE('',*,*,#927,.T.);
#472=ORIENTED_EDGE('',*,*,#928,.F.);
#473=ORIENTED_EDGE('',*,*,#929,.T.);
#474=ORIENTED_EDGE('',*,*,#930,.F.);
#475=ORIENTED_EDGE('',*,*,#931,.T.);
#476=ORIENTED_EDGE('',*,*,#932,.F.);
#477=ORIENTED_EDGE('',*,*,#933,.F.);
#478=ORIENTED_EDGE('',*,*,#934,.T.);
#479=ORIENTED_EDGE('',*,*,#935,.T.);
#480=ORIENTED_EDGE('',*,*,#936,.F.);
#481=ORIENTED_EDGE('',*,*,#937,.F.);
#482=ORIENTED_EDGE('',*,*,#938,.T.);
#483=ORIENTED_EDGE('',*,*,#927,.F.);
#484=ORIENTED_EDGE('',*,*,#939,.T.);
#485=ORIENTED_EDGE('',*,*,#917,.F.);
#486=ORIENTED_EDGE('',*,*,#940,.T.);
#487=ORIENTED_EDGE('',*,*,#920,.F.);
#488=ORIENTED_EDGE('',*,*,#941,.T.);
#489=ORIENTED_EDGE('',*,*,#911,.F.);
#490=ORIENTED_EDGE('',*,*,#942,.T.);
#491=ORIENTED_EDGE('',*,*,#929,.F.);
#492=ORIENTED_EDGE('',*,*,#943,.T.);
#493=ORIENTED_EDGE('',*,*,#915,.F.);
#494=ORIENTED_EDGE('',*,*,#944,.F.);
#495=ORIENTED_EDGE('',*,*,#922,.F.);
#496=ORIENTED_EDGE('',*,*,#945,.T.);
#497=ORIENTED_EDGE('',*,*,#909,.F.);
#498=ORIENTED_EDGE('',*,*,#946,.F.);
#499=ORIENTED_EDGE('',*,*,#926,.F.);
#500=ORIENTED_EDGE('',*,*,#796,.T.);
#501=ORIENTED_EDGE('',*,*,#918,.F.);
#502=ORIENTED_EDGE('',*,*,#939,.F.);
#503=ORIENTED_EDGE('',*,*,#919,.F.);
#504=ORIENTED_EDGE('',*,*,#801,.T.);
#505=ORIENTED_EDGE('',*,*,#912,.F.);
#506=ORIENTED_EDGE('',*,*,#941,.F.);
#507=ORIENTED_EDGE('',*,*,#777,.F.);
#508=ORIENTED_EDGE('',*,*,#930,.T.);
#509=ORIENTED_EDGE('',*,*,#944,.T.);
#510=ORIENTED_EDGE('',*,*,#914,.T.);
#511=ORIENTED_EDGE('',*,*,#783,.F.);
#512=ORIENTED_EDGE('',*,*,#923,.T.);
#513=ORIENTED_EDGE('',*,*,#946,.T.);
#514=ORIENTED_EDGE('',*,*,#908,.T.);
#515=ORIENTED_EDGE('',*,*,#903,.F.);
#516=ORIENTED_EDGE('',*,*,#947,.T.);
#517=ORIENTED_EDGE('',*,*,#893,.F.);
#518=ORIENTED_EDGE('',*,*,#948,.T.);
#519=ORIENTED_EDGE('',*,*,#896,.F.);
#520=ORIENTED_EDGE('',*,*,#949,.T.);
#521=ORIENTED_EDGE('',*,*,#887,.F.);
#522=ORIENTED_EDGE('',*,*,#950,.T.);
#523=ORIENTED_EDGE('',*,*,#905,.F.);
#524=ORIENTED_EDGE('',*,*,#951,.T.);
#525=ORIENTED_EDGE('',*,*,#891,.F.);
#526=ORIENTED_EDGE('',*,*,#952,.F.);
#527=ORIENTED_EDGE('',*,*,#898,.F.);
#528=ORIENTED_EDGE('',*,*,#953,.T.);
#529=ORIENTED_EDGE('',*,*,#885,.F.);
#530=ORIENTED_EDGE('',*,*,#954,.F.);
#531=ORIENTED_EDGE('',*,*,#902,.F.);
#532=ORIENTED_EDGE('',*,*,#824,.T.);
#533=ORIENTED_EDGE('',*,*,#894,.F.);
#534=ORIENTED_EDGE('',*,*,#947,.F.);
#535=ORIENTED_EDGE('',*,*,#895,.F.);
#536=ORIENTED_EDGE('',*,*,#829,.T.);
#537=ORIENTED_EDGE('',*,*,#888,.F.);
#538=ORIENTED_EDGE('',*,*,#949,.F.);
#539=ORIENTED_EDGE('',*,*,#805,.F.);
#540=ORIENTED_EDGE('',*,*,#906,.T.);
#541=ORIENTED_EDGE('',*,*,#952,.T.);
#542=ORIENTED_EDGE('',*,*,#890,.T.);
#543=ORIENTED_EDGE('',*,*,#811,.F.);
#544=ORIENTED_EDGE('',*,*,#899,.T.);
#545=ORIENTED_EDGE('',*,*,#954,.T.);
#546=ORIENTED_EDGE('',*,*,#884,.T.);
#547=ORIENTED_EDGE('',*,*,#879,.F.);
#548=ORIENTED_EDGE('',*,*,#955,.T.);
#549=ORIENTED_EDGE('',*,*,#869,.F.);
#550=ORIENTED_EDGE('',*,*,#956,.T.);
#551=ORIENTED_EDGE('',*,*,#872,.F.);
#552=ORIENTED_EDGE('',*,*,#957,.T.);
#553=ORIENTED_EDGE('',*,*,#863,.F.);
#554=ORIENTED_EDGE('',*,*,#958,.T.);
#555=ORIENTED_EDGE('',*,*,#881,.F.);
#556=ORIENTED_EDGE('',*,*,#959,.T.);
#557=ORIENTED_EDGE('',*,*,#867,.F.);
#558=ORIENTED_EDGE('',*,*,#960,.F.);
#559=ORIENTED_EDGE('',*,*,#874,.F.);
#560=ORIENTED_EDGE('',*,*,#961,.T.);
#561=ORIENTED_EDGE('',*,*,#861,.F.);
#562=ORIENTED_EDGE('',*,*,#962,.F.);
#563=ORIENTED_EDGE('',*,*,#878,.F.);
#564=ORIENTED_EDGE('',*,*,#852,.T.);
#565=ORIENTED_EDGE('',*,*,#870,.F.);
#566=ORIENTED_EDGE('',*,*,#955,.F.);
#567=ORIENTED_EDGE('',*,*,#871,.F.);
#568=ORIENTED_EDGE('',*,*,#857,.T.);
#569=ORIENTED_EDGE('',*,*,#864,.F.);
#570=ORIENTED_EDGE('',*,*,#957,.F.);
#571=ORIENTED_EDGE('',*,*,#833,.F.);
#572=ORIENTED_EDGE('',*,*,#882,.T.);
#573=ORIENTED_EDGE('',*,*,#960,.T.);
#574=ORIENTED_EDGE('',*,*,#866,.T.);
#575=ORIENTED_EDGE('',*,*,#839,.F.);
#576=ORIENTED_EDGE('',*,*,#875,.T.);
#577=ORIENTED_EDGE('',*,*,#962,.T.);
#578=ORIENTED_EDGE('',*,*,#860,.T.);
#579=ORIENTED_EDGE('',*,*,#931,.F.);
#580=ORIENTED_EDGE('',*,*,#963,.F.);
#581=ORIENTED_EDGE('',*,*,#935,.F.);
#582=ORIENTED_EDGE('',*,*,#964,.F.);
#583=ORIENTED_EDGE('',*,*,#880,.T.);
#584=ORIENTED_EDGE('',*,*,#956,.F.);
#585=ORIENTED_EDGE('',*,*,#868,.F.);
#586=ORIENTED_EDGE('',*,*,#959,.F.);
#587=ORIENTED_EDGE('',*,*,#873,.T.);
#588=ORIENTED_EDGE('',*,*,#958,.F.);
#589=ORIENTED_EDGE('',*,*,#862,.F.);
#590=ORIENTED_EDGE('',*,*,#961,.F.);
#591=ORIENTED_EDGE('',*,*,#904,.T.);
#592=ORIENTED_EDGE('',*,*,#948,.F.);
#593=ORIENTED_EDGE('',*,*,#892,.F.);
#594=ORIENTED_EDGE('',*,*,#951,.F.);
#595=ORIENTED_EDGE('',*,*,#897,.T.);
#596=ORIENTED_EDGE('',*,*,#950,.F.);
#597=ORIENTED_EDGE('',*,*,#886,.F.);
#598=ORIENTED_EDGE('',*,*,#953,.F.);
#599=ORIENTED_EDGE('',*,*,#928,.T.);
#600=ORIENTED_EDGE('',*,*,#940,.F.);
#601=ORIENTED_EDGE('',*,*,#916,.F.);
#602=ORIENTED_EDGE('',*,*,#943,.F.);
#603=ORIENTED_EDGE('',*,*,#921,.T.);
#604=ORIENTED_EDGE('',*,*,#942,.F.);
#605=ORIENTED_EDGE('',*,*,#910,.F.);
#606=ORIENTED_EDGE('',*,*,#945,.F.);
#607=ORIENTED_EDGE('',*,*,#963,.T.);
#608=ORIENTED_EDGE('',*,*,#934,.F.);
#609=ORIENTED_EDGE('',*,*,#965,.F.);
#610=ORIENTED_EDGE('',*,*,#936,.T.);
#611=ORIENTED_EDGE('',*,*,#964,.T.);
#612=ORIENTED_EDGE('',*,*,#938,.F.);
#613=ORIENTED_EDGE('',*,*,#966,.F.);
#614=ORIENTED_EDGE('',*,*,#932,.T.);
#615=ORIENTED_EDGE('',*,*,#937,.T.);
#616=ORIENTED_EDGE('',*,*,#965,.T.);
#617=ORIENTED_EDGE('',*,*,#933,.T.);
#618=ORIENTED_EDGE('',*,*,#966,.T.);
#619=ORIENTED_EDGE('',*,*,#775,.T.);
#620=ORIENTED_EDGE('',*,*,#787,.T.);
#621=ORIENTED_EDGE('',*,*,#793,.T.);
#622=ORIENTED_EDGE('',*,*,#925,.F.);
#623=ORIENTED_EDGE('',*,*,#781,.T.);
#624=ORIENTED_EDGE('',*,*,#790,.T.);
#625=ORIENTED_EDGE('',*,*,#798,.T.);
#626=ORIENTED_EDGE('',*,*,#924,.F.);
#627=ORIENTED_EDGE('',*,*,#779,.T.);
#628=ORIENTED_EDGE('',*,*,#913,.F.);
#629=ORIENTED_EDGE('',*,*,#794,.T.);
#630=ORIENTED_EDGE('',*,*,#788,.T.);
#631=ORIENTED_EDGE('',*,*,#785,.T.);
#632=ORIENTED_EDGE('',*,*,#907,.F.);
#633=ORIENTED_EDGE('',*,*,#799,.T.);
#634=ORIENTED_EDGE('',*,*,#791,.T.);
#635=ORIENTED_EDGE('',*,*,#803,.T.);
#636=ORIENTED_EDGE('',*,*,#815,.T.);
#637=ORIENTED_EDGE('',*,*,#821,.T.);
#638=ORIENTED_EDGE('',*,*,#901,.F.);
#639=ORIENTED_EDGE('',*,*,#809,.T.);
#640=ORIENTED_EDGE('',*,*,#818,.T.);
#641=ORIENTED_EDGE('',*,*,#826,.T.);
#642=ORIENTED_EDGE('',*,*,#900,.F.);
#643=ORIENTED_EDGE('',*,*,#807,.T.);
#644=ORIENTED_EDGE('',*,*,#889,.T.);
#645=ORIENTED_EDGE('',*,*,#822,.T.);
#646=ORIENTED_EDGE('',*,*,#816,.T.);
#647=ORIENTED_EDGE('',*,*,#813,.T.);
#648=ORIENTED_EDGE('',*,*,#883,.T.);
#649=ORIENTED_EDGE('',*,*,#827,.T.);
#650=ORIENTED_EDGE('',*,*,#819,.T.);
#651=ORIENTED_EDGE('',*,*,#831,.T.);
#652=ORIENTED_EDGE('',*,*,#843,.T.);
#653=ORIENTED_EDGE('',*,*,#849,.T.);
#654=ORIENTED_EDGE('',*,*,#877,.F.);
#655=ORIENTED_EDGE('',*,*,#837,.T.);
#656=ORIENTED_EDGE('',*,*,#846,.T.);
#657=ORIENTED_EDGE('',*,*,#854,.T.);
#658=ORIENTED_EDGE('',*,*,#876,.F.);
#659=ORIENTED_EDGE('',*,*,#835,.T.);
#660=ORIENTED_EDGE('',*,*,#865,.T.);
#661=ORIENTED_EDGE('',*,*,#850,.T.);
#662=ORIENTED_EDGE('',*,*,#844,.T.);
#663=ORIENTED_EDGE('',*,*,#841,.T.);
#664=ORIENTED_EDGE('',*,*,#859,.T.);
#665=ORIENTED_EDGE('',*,*,#855,.T.);
#666=ORIENTED_EDGE('',*,*,#847,.T.);
#667=EDGE_CURVE('',#967,#968,#1167,.T.);
#668=EDGE_CURVE('',#969,#967,#1168,.T.);
#669=EDGE_CURVE('',#970,#969,#1169,.T.);
#670=EDGE_CURVE('',#970,#971,#1170,.T.);
#671=EDGE_CURVE('',#972,#971,#1171,.T.);
#672=EDGE_CURVE('',#973,#972,#1172,.T.);
#673=EDGE_CURVE('',#974,#973,#1173,.T.);
#674=EDGE_CURVE('',#974,#975,#1174,.T.);
#675=EDGE_CURVE('',#976,#975,#1175,.T.);
#676=EDGE_CURVE('',#977,#976,#1176,.T.);
#677=EDGE_CURVE('',#977,#978,#1177,.T.);
#678=EDGE_CURVE('',#978,#968,#1178,.T.);
#679=EDGE_CURVE('',#979,#980,#1179,.T.);
#680=EDGE_CURVE('',#979,#981,#1180,.T.);
#681=EDGE_CURVE('',#982,#981,#1181,.T.);
#682=EDGE_CURVE('',#983,#982,#1182,.T.);
#683=EDGE_CURVE('',#983,#984,#1183,.T.);
#684=EDGE_CURVE('',#984,#985,#1184,.T.);
#685=EDGE_CURVE('',#986,#985,#1185,.T.);
#686=EDGE_CURVE('',#987,#986,#1186,.T.);
#687=EDGE_CURVE('',#988,#987,#1187,.T.);
#688=EDGE_CURVE('',#988,#989,#1188,.T.);
#689=EDGE_CURVE('',#990,#989,#1189,.T.);
#690=EDGE_CURVE('',#980,#990,#1190,.T.);
#691=EDGE_CURVE('',#991,#992,#1191,.T.);
#692=EDGE_CURVE('',#992,#993,#1192,.T.);
#693=EDGE_CURVE('',#994,#993,#1193,.T.);
#694=EDGE_CURVE('',#994,#991,#1194,.T.);
#695=EDGE_CURVE('',#993,#995,#1195,.T.);
#696=EDGE_CURVE('',#996,#995,#1196,.T.);
#697=EDGE_CURVE('',#996,#994,#1197,.T.);
#698=EDGE_CURVE('',#995,#997,#1198,.T.);
#699=EDGE_CURVE('',#998,#997,#1199,.T.);
#700=EDGE_CURVE('',#998,#996,#1200,.T.);
#701=EDGE_CURVE('',#999,#1000,#1201,.T.);
#702=EDGE_CURVE('',#1000,#1001,#1202,.T.);
#703=EDGE_CURVE('',#1002,#1001,#1203,.T.);
#704=EDGE_CURVE('',#1002,#999,#1204,.T.);
#705=EDGE_CURVE('',#1001,#1003,#1205,.T.);
#706=EDGE_CURVE('',#1004,#1003,#1206,.T.);
#707=EDGE_CURVE('',#1004,#1002,#1207,.T.);
#708=EDGE_CURVE('',#1003,#1005,#1208,.T.);
#709=EDGE_CURVE('',#1006,#1005,#1209,.T.);
#710=EDGE_CURVE('',#1006,#1004,#1210,.T.);
#711=EDGE_CURVE('',#1007,#1008,#1211,.T.);
#712=EDGE_CURVE('',#1008,#1009,#1212,.T.);
#713=EDGE_CURVE('',#1010,#1009,#1213,.T.);
#714=EDGE_CURVE('',#1010,#1007,#1214,.T.);
#715=EDGE_CURVE('',#1009,#1011,#1215,.T.);
#716=EDGE_CURVE('',#1012,#1011,#1216,.T.);
#717=EDGE_CURVE('',#1012,#1010,#1217,.T.);
#718=EDGE_CURVE('',#1011,#1013,#1218,.T.);
#719=EDGE_CURVE('',#1014,#1013,#1219,.T.);
#720=EDGE_CURVE('',#1014,#1012,#1220,.T.);
#721=EDGE_CURVE('',#1015,#1016,#1221,.T.);
#722=EDGE_CURVE('',#1016,#1017,#1222,.T.);
#723=EDGE_CURVE('',#1018,#1017,#1223,.T.);
#724=EDGE_CURVE('',#1018,#1015,#1224,.T.);
#725=EDGE_CURVE('',#1017,#1019,#1225,.T.);
#726=EDGE_CURVE('',#1020,#1019,#1226,.T.);
#727=EDGE_CURVE('',#1020,#1018,#1227,.T.);
#728=EDGE_CURVE('',#1019,#1021,#1228,.T.);
#729=EDGE_CURVE('',#1022,#1021,#1229,.T.);
#730=EDGE_CURVE('',#1022,#1020,#1230,.T.);
#731=EDGE_CURVE('',#1023,#1024,#1231,.T.);
#732=EDGE_CURVE('',#1024,#1025,#1232,.T.);
#733=EDGE_CURVE('',#1026,#1025,#1233,.T.);
#734=EDGE_CURVE('',#1026,#1023,#1234,.T.);
#735=EDGE_CURVE('',#1025,#1027,#1235,.T.);
#736=EDGE_CURVE('',#1028,#1027,#1236,.T.);
#737=EDGE_CURVE('',#1028,#1026,#1237,.T.);
#738=EDGE_CURVE('',#1027,#1029,#1238,.T.);
#739=EDGE_CURVE('',#1030,#1029,#1239,.T.);
#740=EDGE_CURVE('',#1030,#1028,#1240,.T.);
#741=EDGE_CURVE('',#1031,#1032,#1241,.T.);
#742=EDGE_CURVE('',#1032,#1033,#1242,.T.);
#743=EDGE_CURVE('',#1034,#1033,#1243,.T.);
#744=EDGE_CURVE('',#1034,#1031,#1244,.T.);
#745=EDGE_CURVE('',#1033,#1035,#1245,.T.);
#746=EDGE_CURVE('',#1036,#1035,#1246,.T.);
#747=EDGE_CURVE('',#1036,#1034,#1247,.T.);
#748=EDGE_CURVE('',#1035,#1037,#1248,.T.);
#749=EDGE_CURVE('',#1038,#1037,#1249,.T.);
#750=EDGE_CURVE('',#1038,#1036,#1250,.T.);
#751=EDGE_CURVE('',#997,#992,#1251,.T.);
#752=EDGE_CURVE('',#991,#998,#1252,.T.);
#753=EDGE_CURVE('',#1005,#1000,#1253,.T.);
#754=EDGE_CURVE('',#999,#1006,#1254,.T.);
#755=EDGE_CURVE('',#1013,#1008,#1255,.T.);
#756=EDGE_CURVE('',#1007,#1014,#1256,.T.);
#757=EDGE_CURVE('',#1021,#1016,#1257,.T.);
#758=EDGE_CURVE('',#1015,#1022,#1258,.T.);
#759=EDGE_CURVE('',#1029,#1024,#1259,.T.);
#760=EDGE_CURVE('',#1023,#1030,#1260,.T.);
#761=EDGE_CURVE('',#1037,#1032,#1261,.T.);
#762=EDGE_CURVE('',#1031,#1038,#1262,.T.);
#763=EDGE_CURVE('',#985,#974,#1263,.T.);
#764=EDGE_CURVE('',#975,#984,#1264,.T.);
#765=EDGE_CURVE('',#968,#979,#1265,.T.);
#766=EDGE_CURVE('',#981,#978,#1266,.T.);
#767=EDGE_CURVE('',#989,#970,#1267,.T.);
#768=EDGE_CURVE('',#971,#988,#1268,.T.);
#769=EDGE_CURVE('',#976,#983,#1269,.T.);
#770=EDGE_CURVE('',#982,#977,#1270,.T.);
#771=EDGE_CURVE('',#987,#972,#1271,.T.);
#772=EDGE_CURVE('',#986,#973,#1272,.T.);
#773=EDGE_CURVE('',#980,#967,#1273,.T.);
#774=EDGE_CURVE('',#990,#969,#1274,.T.);
#775=EDGE_CURVE('',#1039,#1040,#1275,.T.);
#776=EDGE_CURVE('',#1041,#1039,#1276,.T.);
#777=EDGE_CURVE('',#1041,#1042,#1277,.T.);
#778=EDGE_CURVE('',#1043,#1042,#1278,.T.);
#779=EDGE_CURVE('',#1044,#1043,#1279,.T.);
#780=EDGE_CURVE('',#1040,#1044,#1280,.T.);
#781=EDGE_CURVE('',#1045,#1046,#1281,.T.);
#782=EDGE_CURVE('',#1047,#1045,#1282,.T.);
#783=EDGE_CURVE('',#1047,#1048,#1283,.T.);
#784=EDGE_CURVE('',#1049,#1048,#1284,.T.);
#785=EDGE_CURVE('',#1050,#1049,#1285,.T.);
#786=EDGE_CURVE('',#1046,#1050,#1286,.T.);
#787=EDGE_CURVE('',#1040,#1051,#1287,.T.);
#788=EDGE_CURVE('',#1052,#1044,#1288,.T.);
#789=EDGE_CURVE('',#1051,#1052,#1289,.T.);
#790=EDGE_CURVE('',#1046,#1053,#1290,.T.);
#791=EDGE_CURVE('',#1054,#1050,#1291,.T.);
#792=EDGE_CURVE('',#1053,#1054,#1292,.T.);
#793=EDGE_CURVE('',#1051,#1055,#1293,.T.);
#794=EDGE_CURVE('',#1056,#1052,#1294,.T.);
#795=EDGE_CURVE('',#1057,#1056,#1295,.T.);
#796=EDGE_CURVE('',#1058,#1057,#1296,.T.);
#797=EDGE_CURVE('',#1055,#1058,#1297,.T.);
#798=EDGE_CURVE('',#1053,#1059,#1298,.T.);
#799=EDGE_CURVE('',#1060,#1054,#1299,.T.);
#800=EDGE_CURVE('',#1061,#1060,#1300,.T.);
#801=EDGE_CURVE('',#1062,#1061,#1301,.T.);
#802=EDGE_CURVE('',#1059,#1062,#1302,.T.);
#803=EDGE_CURVE('',#1063,#1064,#1303,.T.);
#804=EDGE_CURVE('',#1065,#1063,#1304,.T.);
#805=EDGE_CURVE('',#1065,#1066,#1305,.T.);
#806=EDGE_CURVE('',#1067,#1066,#1306,.T.);
#807=EDGE_CURVE('',#1068,#1067,#1307,.T.);
#808=EDGE_CURVE('',#1064,#1068,#1308,.T.);
#809=EDGE_CURVE('',#1069,#1070,#1309,.T.);
#810=EDGE_CURVE('',#1071,#1069,#1310,.T.);
#811=EDGE_CURVE('',#1071,#1072,#1311,.T.);
#812=EDGE_CURVE('',#1073,#1072,#1312,.T.);
#813=EDGE_CURVE('',#1074,#1073,#1313,.T.);
#814=EDGE_CURVE('',#1070,#1074,#1314,.T.);
#815=EDGE_CURVE('',#1064,#1075,#1315,.T.);
#816=EDGE_CURVE('',#1076,#1068,#1316,.T.);
#817=EDGE_CURVE('',#1075,#1076,#1317,.T.);
#818=EDGE_CURVE('',#1070,#1077,#1318,.T.);
#819=EDGE_CURVE('',#1078,#1074,#1319,.T.);
#820=EDGE_CURVE('',#1077,#1078,#1320,.T.);
#821=EDGE_CURVE('',#1075,#1079,#1321,.T.);
#822=EDGE_CURVE('',#1080,#1076,#1322,.T.);
#823=EDGE_CURVE('',#1081,#1080,#1323,.T.);
#824=EDGE_CURVE('',#1082,#1081,#1324,.T.);
#825=EDGE_CURVE('',#1079,#1082,#1325,.T.);
#826=EDGE_CURVE('',#1077,#1083,#1326,.T.);
#827=EDGE_CURVE('',#1084,#1078,#1327,.T.);
#828=EDGE_CURVE('',#1085,#1084,#1328,.T.);
#829=EDGE_CURVE('',#1086,#1085,#1329,.T.);
#830=EDGE_CURVE('',#1083,#1086,#1330,.T.);
#831=EDGE_CURVE('',#1087,#1088,#1331,.T.);
#832=EDGE_CURVE('',#1089,#1087,#1332,.T.);
#833=EDGE_CURVE('',#1089,#1090,#1333,.T.);
#834=EDGE_CURVE('',#1091,#1090,#1334,.T.);
#835=EDGE_CURVE('',#1092,#1091,#1335,.T.);
#836=EDGE_CURVE('',#1088,#1092,#1336,.T.);
#837=EDGE_CURVE('',#1093,#1094,#1337,.T.);
#838=EDGE_CURVE('',#1095,#1093,#1338,.T.);
#839=EDGE_CURVE('',#1095,#1096,#1339,.T.);
#840=EDGE_CURVE('',#1097,#1096,#1340,.T.);
#841=EDGE_CURVE('',#1098,#1097,#1341,.T.);
#842=EDGE_CURVE('',#1094,#1098,#1342,.T.);
#843=EDGE_CURVE('',#1088,#1099,#1343,.T.);
#844=EDGE_CURVE('',#1100,#1092,#1344,.T.);
#845=EDGE_CURVE('',#1099,#1100,#1345,.T.);
#846=EDGE_CURVE('',#1094,#1101,#1346,.T.);
#847=EDGE_CURVE('',#1102,#1098,#1347,.T.);
#848=EDGE_CURVE('',#1101,#1102,#1348,.T.);
#849=EDGE_CURVE('',#1099,#1103,#1349,.T.);
#850=EDGE_CURVE('',#1104,#1100,#1350,.T.);
#851=EDGE_CURVE('',#1105,#1104,#1351,.T.);
#852=EDGE_CURVE('',#1106,#1105,#1352,.T.);
#853=EDGE_CURVE('',#1103,#1106,#1353,.T.);
#854=EDGE_CURVE('',#1101,#1107,#1354,.T.);
#855=EDGE_CURVE('',#1108,#1102,#1355,.T.);
#856=EDGE_CURVE('',#1109,#1108,#1356,.T.);
#857=EDGE_CURVE('',#1110,#1109,#1357,.T.);
#858=EDGE_CURVE('',#1107,#1110,#1358,.T.);
#859=EDGE_CURVE('',#1097,#1108,#1359,.T.);
#860=EDGE_CURVE('',#1111,#1096,#30,.T.);
#861=EDGE_CURVE('',#1111,#1112,#1360,.T.);
#862=EDGE_CURVE('',#1112,#1113,#1361,.T.);
#863=EDGE_CURVE('',#1113,#1114,#1362,.T.);
#864=EDGE_CURVE('',#1114,#1109,#31,.T.);
#865=EDGE_CURVE('',#1091,#1104,#1363,.T.);
#866=EDGE_CURVE('',#1115,#1090,#32,.T.);
#867=EDGE_CURVE('',#1115,#1116,#1364,.T.);
#868=EDGE_CURVE('',#1116,#1117,#1365,.T.);
#869=EDGE_CURVE('',#1117,#1118,#1366,.T.);
#870=EDGE_CURVE('',#1118,#1105,#33,.T.);
#871=EDGE_CURVE('',#1110,#1119,#34,.T.);
#872=EDGE_CURVE('',#1119,#1120,#1367,.T.);
#873=EDGE_CURVE('',#1121,#1120,#1368,.T.);
#874=EDGE_CURVE('',#1121,#1122,#1369,.T.);
#875=EDGE_CURVE('',#1095,#1122,#35,.T.);
#876=EDGE_CURVE('',#1093,#1107,#1370,.T.);
#877=EDGE_CURVE('',#1087,#1103,#1371,.T.);
#878=EDGE_CURVE('',#1106,#1123,#36,.T.);
#879=EDGE_CURVE('',#1123,#1124,#1372,.T.);
#880=EDGE_CURVE('',#1125,#1124,#1373,.T.);
#881=EDGE_CURVE('',#1125,#1126,#1374,.T.);
#882=EDGE_CURVE('',#1089,#1126,#37,.T.);
#883=EDGE_CURVE('',#1073,#1084,#1375,.T.);
#884=EDGE_CURVE('',#1127,#1072,#38,.T.);
#885=EDGE_CURVE('',#1127,#1128,#1376,.T.);
#886=EDGE_CURVE('',#1128,#1129,#1377,.T.);
#887=EDGE_CURVE('',#1129,#1130,#1378,.T.);
#888=EDGE_CURVE('',#1130,#1085,#39,.T.);
#889=EDGE_CURVE('',#1067,#1080,#1379,.T.);
#890=EDGE_CURVE('',#1131,#1066,#40,.T.);
#891=EDGE_CURVE('',#1131,#1132,#1380,.T.);
#892=EDGE_CURVE('',#1132,#1133,#1381,.T.);
#893=EDGE_CURVE('',#1133,#1134,#1382,.T.);
#894=EDGE_CURVE('',#1134,#1081,#41,.T.);
#895=EDGE_CURVE('',#1086,#1135,#42,.T.);
#896=EDGE_CURVE('',#1135,#1136,#1383,.T.);
#897=EDGE_CURVE('',#1137,#1136,#1384,.T.);
#898=EDGE_CURVE('',#1137,#1138,#1385,.T.);
#899=EDGE_CURVE('',#1071,#1138,#43,.T.);
#900=EDGE_CURVE('',#1069,#1083,#1386,.T.);
#901=EDGE_CURVE('',#1063,#1079,#1387,.T.);
#902=EDGE_CURVE('',#1082,#1139,#44,.T.);
#903=EDGE_CURVE('',#1139,#1140,#1388,.T.);
#904=EDGE_CURVE('',#1141,#1140,#1389,.T.);
#905=EDGE_CURVE('',#1141,#1142,#1390,.T.);
#906=EDGE_CURVE('',#1065,#1142,#45,.T.);
#907=EDGE_CURVE('',#1060,#1049,#1391,.T.);
#908=EDGE_CURVE('',#1143,#1048,#46,.T.);
#909=EDGE_CURVE('',#1143,#1144,#1392,.T.);
#910=EDGE_CURVE('',#1144,#1145,#1393,.T.);
#911=EDGE_CURVE('',#1145,#1146,#1394,.T.);
#912=EDGE_CURVE('',#1146,#1061,#47,.T.);
#913=EDGE_CURVE('',#1056,#1043,#1395,.T.);
#914=EDGE_CURVE('',#1147,#1042,#48,.T.);
#915=EDGE_CURVE('',#1147,#1148,#1396,.T.);
#916=EDGE_CURVE('',#1148,#1149,#1397,.T.);
#917=EDGE_CURVE('',#1149,#1150,#1398,.T.);
#918=EDGE_CURVE('',#1150,#1057,#49,.T.);
#919=EDGE_CURVE('',#1062,#1151,#50,.T.);
#920=EDGE_CURVE('',#1151,#1152,#1399,.T.);
#921=EDGE_CURVE('',#1153,#1152,#1400,.T.);
#922=EDGE_CURVE('',#1153,#1154,#1401,.T.);
#923=EDGE_CURVE('',#1047,#1154,#51,.T.);
#924=EDGE_CURVE('',#1045,#1059,#1402,.T.);
#925=EDGE_CURVE('',#1039,#1055,#1403,.T.);
#926=EDGE_CURVE('',#1058,#1155,#52,.T.);
#927=EDGE_CURVE('',#1155,#1156,#1404,.T.);
#928=EDGE_CURVE('',#1157,#1156,#1405,.T.);
#929=EDGE_CURVE('',#1157,#1158,#1406,.T.);
#930=EDGE_CURVE('',#1041,#1158,#53,.T.);
#931=EDGE_CURVE('',#1159,#1160,#1407,.T.);
#932=EDGE_CURVE('',#1161,#1160,#1408,.T.);
#933=EDGE_CURVE('',#1162,#1161,#1409,.T.);
#934=EDGE_CURVE('',#1162,#1159,#1410,.T.);
#935=EDGE_CURVE('',#1163,#1164,#1411,.T.);
#936=EDGE_CURVE('',#1165,#1164,#1412,.T.);
#937=EDGE_CURVE('',#1166,#1165,#1413,.T.);
#938=EDGE_CURVE('',#1166,#1163,#1414,.T.);
#939=EDGE_CURVE('',#1155,#1150,#1415,.T.);
#940=EDGE_CURVE('',#1149,#1156,#1416,.T.);
#941=EDGE_CURVE('',#1151,#1146,#1417,.T.);
#942=EDGE_CURVE('',#1145,#1152,#1418,.T.);
#943=EDGE_CURVE('',#1157,#1148,#1419,.T.);
#944=EDGE_CURVE('',#1158,#1147,#1420,.T.);
#945=EDGE_CURVE('',#1153,#1144,#1421,.T.);
#946=EDGE_CURVE('',#1154,#1143,#1422,.T.);
#947=EDGE_CURVE('',#1139,#1134,#1423,.T.);
#948=EDGE_CURVE('',#1133,#1140,#1424,.T.);
#949=EDGE_CURVE('',#1135,#1130,#1425,.T.);
#950=EDGE_CURVE('',#1129,#1136,#1426,.T.);
#951=EDGE_CURVE('',#1141,#1132,#1427,.T.);
#952=EDGE_CURVE('',#1142,#1131,#1428,.T.);
#953=EDGE_CURVE('',#1137,#1128,#1429,.T.);
#954=EDGE_CURVE('',#1138,#1127,#1430,.T.);
#955=EDGE_CURVE('',#1123,#1118,#1431,.T.);
#956=EDGE_CURVE('',#1117,#1124,#1432,.T.);
#957=EDGE_CURVE('',#1119,#1114,#1433,.T.);
#958=EDGE_CURVE('',#1113,#1120,#1434,.T.);
#959=EDGE_CURVE('',#1125,#1116,#1435,.T.);
#960=EDGE_CURVE('',#1126,#1115,#1436,.T.);
#961=EDGE_CURVE('',#1121,#1112,#1437,.T.);
#962=EDGE_CURVE('',#1122,#1111,#1438,.T.);
#963=EDGE_CURVE('',#1164,#1159,#1439,.T.);
#964=EDGE_CURVE('',#1160,#1163,#1440,.T.);
#965=EDGE_CURVE('',#1165,#1162,#1441,.T.);
#966=EDGE_CURVE('',#1161,#1166,#1442,.T.);
#967=VERTEX_POINT('',#2898);
#968=VERTEX_POINT('',#2899);
#969=VERTEX_POINT('',#2901);
#970=VERTEX_POINT('',#2903);
#971=VERTEX_POINT('',#2905);
#972=VERTEX_POINT('',#2907);
#973=VERTEX_POINT('',#2909);
#974=VERTEX_POINT('',#2911);
#975=VERTEX_POINT('',#2913);
#976=VERTEX_POINT('',#2915);
#977=VERTEX_POINT('',#2917);
#978=VERTEX_POINT('',#2919);
#979=VERTEX_POINT('',#2923);
#980=VERTEX_POINT('',#2924);
#981=VERTEX_POINT('',#2926);
#982=VERTEX_POINT('',#2928);
#983=VERTEX_POINT('',#2930);
#984=VERTEX_POINT('',#2932);
#985=VERTEX_POINT('',#2934);
#986=VERTEX_POINT('',#2936);
#987=VERTEX_POINT('',#2938);
#988=VERTEX_POINT('',#2940);
#989=VERTEX_POINT('',#2942);
#990=VERTEX_POINT('',#2944);
#991=VERTEX_POINT('',#2948);
#992=VERTEX_POINT('',#2949);
#993=VERTEX_POINT('',#2951);
#994=VERTEX_POINT('',#2953);
#995=VERTEX_POINT('',#2957);
#996=VERTEX_POINT('',#2959);
#997=VERTEX_POINT('',#2963);
#998=VERTEX_POINT('',#2965);
#999=VERTEX_POINT('',#2969);
#1000=VERTEX_POINT('',#2970);
#1001=VERTEX_POINT('',#2972);
#1002=VERTEX_POINT('',#2974);
#1003=VERTEX_POINT('',#2978);
#1004=VERTEX_POINT('',#2980);
#1005=VERTEX_POINT('',#2984);
#1006=VERTEX_POINT('',#2986);
#1007=VERTEX_POINT('',#2990);
#1008=VERTEX_POINT('',#2991);
#1009=VERTEX_POINT('',#2993);
#1010=VERTEX_POINT('',#2995);
#1011=VERTEX_POINT('',#2999);
#1012=VERTEX_POINT('',#3001);
#1013=VERTEX_POINT('',#3005);
#1014=VERTEX_POINT('',#3007);
#1015=VERTEX_POINT('',#3011);
#1016=VERTEX_POINT('',#3012);
#1017=VERTEX_POINT('',#3014);
#1018=VERTEX_POINT('',#3016);
#1019=VERTEX_POINT('',#3020);
#1020=VERTEX_POINT('',#3022);
#1021=VERTEX_POINT('',#3026);
#1022=VERTEX_POINT('',#3028);
#1023=VERTEX_POINT('',#3032);
#1024=VERTEX_POINT('',#3033);
#1025=VERTEX_POINT('',#3035);
#1026=VERTEX_POINT('',#3037);
#1027=VERTEX_POINT('',#3041);
#1028=VERTEX_POINT('',#3043);
#1029=VERTEX_POINT('',#3047);
#1030=VERTEX_POINT('',#3049);
#1031=VERTEX_POINT('',#3053);
#1032=VERTEX_POINT('',#3054);
#1033=VERTEX_POINT('',#3056);
#1034=VERTEX_POINT('',#3058);
#1035=VERTEX_POINT('',#3062);
#1036=VERTEX_POINT('',#3064);
#1037=VERTEX_POINT('',#3068);
#1038=VERTEX_POINT('',#3070);
#1039=VERTEX_POINT('',#3117);
#1040=VERTEX_POINT('',#3118);
#1041=VERTEX_POINT('',#3120);
#1042=VERTEX_POINT('',#3122);
#1043=VERTEX_POINT('',#3124);
#1044=VERTEX_POINT('',#3126);
#1045=VERTEX_POINT('',#3130);
#1046=VERTEX_POINT('',#3131);
#1047=VERTEX_POINT('',#3133);
#1048=VERTEX_POINT('',#3135);
#1049=VERTEX_POINT('',#3137);
#1050=VERTEX_POINT('',#3139);
#1051=VERTEX_POINT('',#3143);
#1052=VERTEX_POINT('',#3145);
#1053=VERTEX_POINT('',#3149);
#1054=VERTEX_POINT('',#3151);
#1055=VERTEX_POINT('',#3155);
#1056=VERTEX_POINT('',#3157);
#1057=VERTEX_POINT('',#3159);
#1058=VERTEX_POINT('',#3161);
#1059=VERTEX_POINT('',#3165);
#1060=VERTEX_POINT('',#3167);
#1061=VERTEX_POINT('',#3169);
#1062=VERTEX_POINT('',#3171);
#1063=VERTEX_POINT('',#3175);
#1064=VERTEX_POINT('',#3176);
#1065=VERTEX_POINT('',#3178);
#1066=VERTEX_POINT('',#3180);
#1067=VERTEX_POINT('',#3182);
#1068=VERTEX_POINT('',#3184);
#1069=VERTEX_POINT('',#3188);
#1070=VERTEX_POINT('',#3189);
#1071=VERTEX_POINT('',#3191);
#1072=VERTEX_POINT('',#3193);
#1073=VERTEX_POINT('',#3195);
#1074=VERTEX_POINT('',#3197);
#1075=VERTEX_POINT('',#3201);
#1076=VERTEX_POINT('',#3203);
#1077=VERTEX_POINT('',#3207);
#1078=VERTEX_POINT('',#3209);
#1079=VERTEX_POINT('',#3213);
#1080=VERTEX_POINT('',#3215);
#1081=VERTEX_POINT('',#3217);
#1082=VERTEX_POINT('',#3219);
#1083=VERTEX_POINT('',#3223);
#1084=VERTEX_POINT('',#3225);
#1085=VERTEX_POINT('',#3227);
#1086=VERTEX_POINT('',#3229);
#1087=VERTEX_POINT('',#3233);
#1088=VERTEX_POINT('',#3234);
#1089=VERTEX_POINT('',#3236);
#1090=VERTEX_POINT('',#3238);
#1091=VERTEX_POINT('',#3240);
#1092=VERTEX_POINT('',#3242);
#1093=VERTEX_POINT('',#3246);
#1094=VERTEX_POINT('',#3247);
#1095=VERTEX_POINT('',#3249);
#1096=VERTEX_POINT('',#3251);
#1097=VERTEX_POINT('',#3253);
#1098=VERTEX_POINT('',#3255);
#1099=VERTEX_POINT('',#3259);
#1100=VERTEX_POINT('',#3261);
#1101=VERTEX_POINT('',#3265);
#1102=VERTEX_POINT('',#3267);
#1103=VERTEX_POINT('',#3271);
#1104=VERTEX_POINT('',#3273);
#1105=VERTEX_POINT('',#3275);
#1106=VERTEX_POINT('',#3277);
#1107=VERTEX_POINT('',#3281);
#1108=VERTEX_POINT('',#3283);
#1109=VERTEX_POINT('',#3285);
#1110=VERTEX_POINT('',#3287);
#1111=VERTEX_POINT('',#3292);
#1112=VERTEX_POINT('',#3294);
#1113=VERTEX_POINT('',#3296);
#1114=VERTEX_POINT('',#3298);
#1115=VERTEX_POINT('',#3303);
#1116=VERTEX_POINT('',#3305);
#1117=VERTEX_POINT('',#3307);
#1118=VERTEX_POINT('',#3309);
#1119=VERTEX_POINT('',#3313);
#1120=VERTEX_POINT('',#3315);
#1121=VERTEX_POINT('',#3317);
#1122=VERTEX_POINT('',#3319);
#1123=VERTEX_POINT('',#3325);
#1124=VERTEX_POINT('',#3327);
#1125=VERTEX_POINT('',#3329);
#1126=VERTEX_POINT('',#3331);
#1127=VERTEX_POINT('',#3336);
#1128=VERTEX_POINT('',#3338);
#1129=VERTEX_POINT('',#3340);
#1130=VERTEX_POINT('',#3342);
#1131=VERTEX_POINT('',#3347);
#1132=VERTEX_POINT('',#3349);
#1133=VERTEX_POINT('',#3351);
#1134=VERTEX_POINT('',#3353);
#1135=VERTEX_POINT('',#3357);
#1136=VERTEX_POINT('',#3359);
#1137=VERTEX_POINT('',#3361);
#1138=VERTEX_POINT('',#3363);
#1139=VERTEX_POINT('',#3369);
#1140=VERTEX_POINT('',#3371);
#1141=VERTEX_POINT('',#3373);
#1142=VERTEX_POINT('',#3375);
#1143=VERTEX_POINT('',#3380);
#1144=VERTEX_POINT('',#3382);
#1145=VERTEX_POINT('',#3384);
#1146=VERTEX_POINT('',#3386);
#1147=VERTEX_POINT('',#3391);
#1148=VERTEX_POINT('',#3393);
#1149=VERTEX_POINT('',#3395);
#1150=VERTEX_POINT('',#3397);
#1151=VERTEX_POINT('',#3401);
#1152=VERTEX_POINT('',#3403);
#1153=VERTEX_POINT('',#3405);
#1154=VERTEX_POINT('',#3407);
#1155=VERTEX_POINT('',#3413);
#1156=VERTEX_POINT('',#3415);
#1157=VERTEX_POINT('',#3417);
#1158=VERTEX_POINT('',#3419);
#1159=VERTEX_POINT('',#3423);
#1160=VERTEX_POINT('',#3424);
#1161=VERTEX_POINT('',#3426);
#1162=VERTEX_POINT('',#3428);
#1163=VERTEX_POINT('',#3432);
#1164=VERTEX_POINT('',#3433);
#1165=VERTEX_POINT('',#3435);
#1166=VERTEX_POINT('',#3437);
#1167=LINE('',#2897,#1443);
#1168=LINE('',#2900,#1444);
#1169=LINE('',#2902,#1445);
#1170=LINE('',#2904,#1446);
#1171=LINE('',#2906,#1447);
#1172=LINE('',#2908,#1448);
#1173=LINE('',#2910,#1449);
#1174=LINE('',#2912,#1450);
#1175=LINE('',#2914,#1451);
#1176=LINE('',#2916,#1452);
#1177=LINE('',#2918,#1453);
#1178=LINE('',#2920,#1454);
#1179=LINE('',#2922,#1455);
#1180=LINE('',#2925,#1456);
#1181=LINE('',#2927,#1457);
#1182=LINE('',#2929,#1458);
#1183=LINE('',#2931,#1459);
#1184=LINE('',#2933,#1460);
#1185=LINE('',#2935,#1461);
#1186=LINE('',#2937,#1462);
#1187=LINE('',#2939,#1463);
#1188=LINE('',#2941,#1464);
#1189=LINE('',#2943,#1465);
#1190=LINE('',#2945,#1466);
#1191=LINE('',#2947,#1467);
#1192=LINE('',#2950,#1468);
#1193=LINE('',#2952,#1469);
#1194=LINE('',#2954,#1470);
#1195=LINE('',#2956,#1471);
#1196=LINE('',#2958,#1472);
#1197=LINE('',#2960,#1473);
#1198=LINE('',#2962,#1474);
#1199=LINE('',#2964,#1475);
#1200=LINE('',#2966,#1476);
#1201=LINE('',#2968,#1477);
#1202=LINE('',#2971,#1478);
#1203=LINE('',#2973,#1479);
#1204=LINE('',#2975,#1480);
#1205=LINE('',#2977,#1481);
#1206=LINE('',#2979,#1482);
#1207=LINE('',#2981,#1483);
#1208=LINE('',#2983,#1484);
#1209=LINE('',#2985,#1485);
#1210=LINE('',#2987,#1486);
#1211=LINE('',#2989,#1487);
#1212=LINE('',#2992,#1488);
#1213=LINE('',#2994,#1489);
#1214=LINE('',#2996,#1490);
#1215=LINE('',#2998,#1491);
#1216=LINE('',#3000,#1492);
#1217=LINE('',#3002,#1493);
#1218=LINE('',#3004,#1494);
#1219=LINE('',#3006,#1495);
#1220=LINE('',#3008,#1496);
#1221=LINE('',#3010,#1497);
#1222=LINE('',#3013,#1498);
#1223=LINE('',#3015,#1499);
#1224=LINE('',#3017,#1500);
#1225=LINE('',#3019,#1501);
#1226=LINE('',#3021,#1502);
#1227=LINE('',#3023,#1503);
#1228=LINE('',#3025,#1504);
#1229=LINE('',#3027,#1505);
#1230=LINE('',#3029,#1506);
#1231=LINE('',#3031,#1507);
#1232=LINE('',#3034,#1508);
#1233=LINE('',#3036,#1509);
#1234=LINE('',#3038,#1510);
#1235=LINE('',#3040,#1511);
#1236=LINE('',#3042,#1512);
#1237=LINE('',#3044,#1513);
#1238=LINE('',#3046,#1514);
#1239=LINE('',#3048,#1515);
#1240=LINE('',#3050,#1516);
#1241=LINE('',#3052,#1517);
#1242=LINE('',#3055,#1518);
#1243=LINE('',#3057,#1519);
#1244=LINE('',#3059,#1520);
#1245=LINE('',#3061,#1521);
#1246=LINE('',#3063,#1522);
#1247=LINE('',#3065,#1523);
#1248=LINE('',#3067,#1524);
#1249=LINE('',#3069,#1525);
#1250=LINE('',#3071,#1526);
#1251=LINE('',#3073,#1527);
#1252=LINE('',#3074,#1528);
#1253=LINE('',#3076,#1529);
#1254=LINE('',#3077,#1530);
#1255=LINE('',#3079,#1531);
#1256=LINE('',#3080,#1532);
#1257=LINE('',#3082,#1533);
#1258=LINE('',#3083,#1534);
#1259=LINE('',#3085,#1535);
#1260=LINE('',#3086,#1536);
#1261=LINE('',#3088,#1537);
#1262=LINE('',#3089,#1538);
#1263=LINE('',#3091,#1539);
#1264=LINE('',#3092,#1540);
#1265=LINE('',#3094,#1541);
#1266=LINE('',#3095,#1542);
#1267=LINE('',#3097,#1543);
#1268=LINE('',#3098,#1544);
#1269=LINE('',#3100,#1545);
#1270=LINE('',#3102,#1546);
#1271=LINE('',#3105,#1547);
#1272=LINE('',#3107,#1548);
#1273=LINE('',#3110,#1549);
#1274=LINE('',#3111,#1550);
#1275=LINE('',#3116,#1551);
#1276=LINE('',#3119,#1552);
#1277=LINE('',#3121,#1553);
#1278=LINE('',#3123,#1554);
#1279=LINE('',#3125,#1555);
#1280=LINE('',#3127,#1556);
#1281=LINE('',#3129,#1557);
#1282=LINE('',#3132,#1558);
#1283=LINE('',#3134,#1559);
#1284=LINE('',#3136,#1560);
#1285=LINE('',#3138,#1561);
#1286=LINE('',#3140,#1562);
#1287=LINE('',#3142,#1563);
#1288=LINE('',#3144,#1564);
#1289=LINE('',#3146,#1565);
#1290=LINE('',#3148,#1566);
#1291=LINE('',#3150,#1567);
#1292=LINE('',#3152,#1568);
#1293=LINE('',#3154,#1569);
#1294=LINE('',#3156,#1570);
#1295=LINE('',#3158,#1571);
#1296=LINE('',#3160,#1572);
#1297=LINE('',#3162,#1573);
#1298=LINE('',#3164,#1574);
#1299=LINE('',#3166,#1575);
#1300=LINE('',#3168,#1576);
#1301=LINE('',#3170,#1577);
#1302=LINE('',#3172,#1578);
#1303=LINE('',#3174,#1579);
#1304=LINE('',#3177,#1580);
#1305=LINE('',#3179,#1581);
#1306=LINE('',#3181,#1582);
#1307=LINE('',#3183,#1583);
#1308=LINE('',#3185,#1584);
#1309=LINE('',#3187,#1585);
#1310=LINE('',#3190,#1586);
#1311=LINE('',#3192,#1587);
#1312=LINE('',#3194,#1588);
#1313=LINE('',#3196,#1589);
#1314=LINE('',#3198,#1590);
#1315=LINE('',#3200,#1591);
#1316=LINE('',#3202,#1592);
#1317=LINE('',#3204,#1593);
#1318=LINE('',#3206,#1594);
#1319=LINE('',#3208,#1595);
#1320=LINE('',#3210,#1596);
#1321=LINE('',#3212,#1597);
#1322=LINE('',#3214,#1598);
#1323=LINE('',#3216,#1599);
#1324=LINE('',#3218,#1600);
#1325=LINE('',#3220,#1601);
#1326=LINE('',#3222,#1602);
#1327=LINE('',#3224,#1603);
#1328=LINE('',#3226,#1604);
#1329=LINE('',#3228,#1605);
#1330=LINE('',#3230,#1606);
#1331=LINE('',#3232,#1607);
#1332=LINE('',#3235,#1608);
#1333=LINE('',#3237,#1609);
#1334=LINE('',#3239,#1610);
#1335=LINE('',#3241,#1611);
#1336=LINE('',#3243,#1612);
#1337=LINE('',#3245,#1613);
#1338=LINE('',#3248,#1614);
#1339=LINE('',#3250,#1615);
#1340=LINE('',#3252,#1616);
#1341=LINE('',#3254,#1617);
#1342=LINE('',#3256,#1618);
#1343=LINE('',#3258,#1619);
#1344=LINE('',#3260,#1620);
#1345=LINE('',#3262,#1621);
#1346=LINE('',#3264,#1622);
#1347=LINE('',#3266,#1623);
#1348=LINE('',#3268,#1624);
#1349=LINE('',#3270,#1625);
#1350=LINE('',#3272,#1626);
#1351=LINE('',#3274,#1627);
#1352=LINE('',#3276,#1628);
#1353=LINE('',#3278,#1629);
#1354=LINE('',#3280,#1630);
#1355=LINE('',#3282,#1631);
#1356=LINE('',#3284,#1632);
#1357=LINE('',#3286,#1633);
#1358=LINE('',#3288,#1634);
#1359=LINE('',#3290,#1635);
#1360=LINE('',#3293,#1636);
#1361=LINE('',#3295,#1637);
#1362=LINE('',#3297,#1638);
#1363=LINE('',#3301,#1639);
#1364=LINE('',#3304,#1640);
#1365=LINE('',#3306,#1641);
#1366=LINE('',#3308,#1642);
#1367=LINE('',#3314,#1643);
#1368=LINE('',#3316,#1644);
#1369=LINE('',#3318,#1645);
#1370=LINE('',#3321,#1646);
#1371=LINE('',#3323,#1647);
#1372=LINE('',#3326,#1648);
#1373=LINE('',#3328,#1649);
#1374=LINE('',#3330,#1650);
#1375=LINE('',#3334,#1651);
#1376=LINE('',#3337,#1652);
#1377=LINE('',#3339,#1653);
#1378=LINE('',#3341,#1654);
#1379=LINE('',#3345,#1655);
#1380=LINE('',#3348,#1656);
#1381=LINE('',#3350,#1657);
#1382=LINE('',#3352,#1658);
#1383=LINE('',#3358,#1659);
#1384=LINE('',#3360,#1660);
#1385=LINE('',#3362,#1661);
#1386=LINE('',#3365,#1662);
#1387=LINE('',#3367,#1663);
#1388=LINE('',#3370,#1664);
#1389=LINE('',#3372,#1665);
#1390=LINE('',#3374,#1666);
#1391=LINE('',#3378,#1667);
#1392=LINE('',#3381,#1668);
#1393=LINE('',#3383,#1669);
#1394=LINE('',#3385,#1670);
#1395=LINE('',#3389,#1671);
#1396=LINE('',#3392,#1672);
#1397=LINE('',#3394,#1673);
#1398=LINE('',#3396,#1674);
#1399=LINE('',#3402,#1675);
#1400=LINE('',#3404,#1676);
#1401=LINE('',#3406,#1677);
#1402=LINE('',#3409,#1678);
#1403=LINE('',#3411,#1679);
#1404=LINE('',#3414,#1680);
#1405=LINE('',#3416,#1681);
#1406=LINE('',#3418,#1682);
#1407=LINE('',#3422,#1683);
#1408=LINE('',#3425,#1684);
#1409=LINE('',#3427,#1685);
#1410=LINE('',#3429,#1686);
#1411=LINE('',#3431,#1687);
#1412=LINE('',#3434,#1688);
#1413=LINE('',#3436,#1689);
#1414=LINE('',#3438,#1690);
#1415=LINE('',#3440,#1691);
#1416=LINE('',#3441,#1692);
#1417=LINE('',#3443,#1693);
#1418=LINE('',#3444,#1694);
#1419=LINE('',#3446,#1695);
#1420=LINE('',#3447,#1696);
#1421=LINE('',#3449,#1697);
#1422=LINE('',#3450,#1698);
#1423=LINE('',#3456,#1699);
#1424=LINE('',#3457,#1700);
#1425=LINE('',#3459,#1701);
#1426=LINE('',#3460,#1702);
#1427=LINE('',#3462,#1703);
#1428=LINE('',#3463,#1704);
#1429=LINE('',#3465,#1705);
#1430=LINE('',#3466,#1706);
#1431=LINE('',#3472,#1707);
#1432=LINE('',#3473,#1708);
#1433=LINE('',#3475,#1709);
#1434=LINE('',#3476,#1710);
#1435=LINE('',#3478,#1711);
#1436=LINE('',#3479,#1712);
#1437=LINE('',#3481,#1713);
#1438=LINE('',#3482,#1714);
#1439=LINE('',#3488,#1715);
#1440=LINE('',#3489,#1716);
#1441=LINE('',#3491,#1717);
#1442=LINE('',#3493,#1718);
#1443=VECTOR('',#2349,39.3700787401575);
#1444=VECTOR('',#2350,39.3700787401575);
#1445=VECTOR('',#2351,39.3700787401575);
#1446=VECTOR('',#2352,39.3700787401575);
#1447=VECTOR('',#2353,39.3700787401575);
#1448=VECTOR('',#2354,39.3700787401575);
#1449=VECTOR('',#2355,39.3700787401575);
#1450=VECTOR('',#2356,39.3700787401575);
#1451=VECTOR('',#2357,39.3700787401575);
#1452=VECTOR('',#2358,39.3700787401575);
#1453=VECTOR('',#2359,39.3700787401575);
#1454=VECTOR('',#2360,39.3700787401575);
#1455=VECTOR('',#2363,39.3700787401575);
#1456=VECTOR('',#2364,39.3700787401575);
#1457=VECTOR('',#2365,39.3700787401575);
#1458=VECTOR('',#2366,39.3700787401575);
#1459=VECTOR('',#2367,39.3700787401575);
#1460=VECTOR('',#2368,39.3700787401575);
#1461=VECTOR('',#2369,39.3700787401575);
#1462=VECTOR('',#2370,39.3700787401575);
#1463=VECTOR('',#2371,39.3700787401575);
#1464=VECTOR('',#2372,39.3700787401575);
#1465=VECTOR('',#2373,39.3700787401575);
#1466=VECTOR('',#2374,39.3700787401575);
#1467=VECTOR('',#2377,39.3700787401575);
#1468=VECTOR('',#2378,39.3700787401575);
#1469=VECTOR('',#2379,39.3700787401575);
#1470=VECTOR('',#2380,39.3700787401575);
#1471=VECTOR('',#2383,39.3700787401575);
#1472=VECTOR('',#2384,39.3700787401575);
#1473=VECTOR('',#2385,39.3700787401575);
#1474=VECTOR('',#2388,39.3700787401575);
#1475=VECTOR('',#2389,39.3700787401575);
#1476=VECTOR('',#2390,39.3700787401575);
#1477=VECTOR('',#2393,39.3700787401575);
#1478=VECTOR('',#2394,39.3700787401575);
#1479=VECTOR('',#2395,39.3700787401575);
#1480=VECTOR('',#2396,39.3700787401575);
#1481=VECTOR('',#2399,39.3700787401575);
#1482=VECTOR('',#2400,39.3700787401575);
#1483=VECTOR('',#2401,39.3700787401575);
#1484=VECTOR('',#2404,39.3700787401575);
#1485=VECTOR('',#2405,39.3700787401575);
#1486=VECTOR('',#2406,39.3700787401575);
#1487=VECTOR('',#2409,39.3700787401575);
#1488=VECTOR('',#2410,39.3700787401575);
#1489=VECTOR('',#2411,39.3700787401575);
#1490=VECTOR('',#2412,39.3700787401575);
#1491=VECTOR('',#2415,39.3700787401575);
#1492=VECTOR('',#2416,39.3700787401575);
#1493=VECTOR('',#2417,39.3700787401575);
#1494=VECTOR('',#2420,39.3700787401575);
#1495=VECTOR('',#2421,39.3700787401575);
#1496=VECTOR('',#2422,39.3700787401575);
#1497=VECTOR('',#2425,39.3700787401575);
#1498=VECTOR('',#2426,39.3700787401575);
#1499=VECTOR('',#2427,39.3700787401575);
#1500=VECTOR('',#2428,39.3700787401575);
#1501=VECTOR('',#2431,39.3700787401575);
#1502=VECTOR('',#2432,39.3700787401575);
#1503=VECTOR('',#2433,39.3700787401575);
#1504=VECTOR('',#2436,39.3700787401575);
#1505=VECTOR('',#2437,39.3700787401575);
#1506=VECTOR('',#2438,39.3700787401575);
#1507=VECTOR('',#2441,39.3700787401575);
#1508=VECTOR('',#2442,39.3700787401575);
#1509=VECTOR('',#2443,39.3700787401575);
#1510=VECTOR('',#2444,39.3700787401575);
#1511=VECTOR('',#2447,39.3700787401575);
#1512=VECTOR('',#2448,39.3700787401575);
#1513=VECTOR('',#2449,39.3700787401575);
#1514=VECTOR('',#2452,39.3700787401575);
#1515=VECTOR('',#2453,39.3700787401575);
#1516=VECTOR('',#2454,39.3700787401575);
#1517=VECTOR('',#2457,39.3700787401575);
#1518=VECTOR('',#2458,39.3700787401575);
#1519=VECTOR('',#2459,39.3700787401575);
#1520=VECTOR('',#2460,39.3700787401575);
#1521=VECTOR('',#2463,39.3700787401575);
#1522=VECTOR('',#2464,39.3700787401575);
#1523=VECTOR('',#2465,39.3700787401575);
#1524=VECTOR('',#2468,39.3700787401575);
#1525=VECTOR('',#2469,39.3700787401575);
#1526=VECTOR('',#2470,39.3700787401575);
#1527=VECTOR('',#2473,39.3700787401575);
#1528=VECTOR('',#2474,39.3700787401575);
#1529=VECTOR('',#2477,39.3700787401575);
#1530=VECTOR('',#2478,39.3700787401575);
#1531=VECTOR('',#2481,39.3700787401575);
#1532=VECTOR('',#2482,39.3700787401575);
#1533=VECTOR('',#2485,39.3700787401575);
#1534=VECTOR('',#2486,39.3700787401575);
#1535=VECTOR('',#2489,39.3700787401575);
#1536=VECTOR('',#2490,39.3700787401575);
#1537=VECTOR('',#2493,39.3700787401575);
#1538=VECTOR('',#2494,39.3700787401575);
#1539=VECTOR('',#2497,39.3700787401575);
#1540=VECTOR('',#2498,39.3700787401575);
#1541=VECTOR('',#2501,39.3700787401575);
#1542=VECTOR('',#2502,39.3700787401575);
#1543=VECTOR('',#2505,39.3700787401575);
#1544=VECTOR('',#2506,39.3700787401575);
#1545=VECTOR('',#2509,39.3700787401575);
#1546=VECTOR('',#2512,39.3700787401575);
#1547=VECTOR('',#2517,39.3700787401575);
#1548=VECTOR('',#2520,39.3700787401575);
#1549=VECTOR('',#2525,39.3700787401575);
#1550=VECTOR('',#2526,39.3700787401575);
#1551=VECTOR('',#2535,39.3700787401575);
#1552=VECTOR('',#2536,39.3700787401575);
#1553=VECTOR('',#2537,39.3700787401575);
#1554=VECTOR('',#2538,39.3700787401575);
#1555=VECTOR('',#2539,39.3700787401575);
#1556=VECTOR('',#2540,39.3700787401575);
#1557=VECTOR('',#2543,39.3700787401575);
#1558=VECTOR('',#2544,39.3700787401575);
#1559=VECTOR('',#2545,39.3700787401575);
#1560=VECTOR('',#2546,39.3700787401575);
#1561=VECTOR('',#2547,39.3700787401575);
#1562=VECTOR('',#2548,39.3700787401575);
#1563=VECTOR('',#2551,39.3700787401575);
#1564=VECTOR('',#2552,39.3700787401575);
#1565=VECTOR('',#2553,39.3700787401575);
#1566=VECTOR('',#2556,39.3700787401575);
#1567=VECTOR('',#2557,39.3700787401575);
#1568=VECTOR('',#2558,39.3700787401575);
#1569=VECTOR('',#2561,39.3700787401575);
#1570=VECTOR('',#2562,39.3700787401575);
#1571=VECTOR('',#2563,39.3700787401575);
#1572=VECTOR('',#2564,39.3700787401575);
#1573=VECTOR('',#2565,39.3700787401575);
#1574=VECTOR('',#2568,39.3700787401575);
#1575=VECTOR('',#2569,39.3700787401575);
#1576=VECTOR('',#2570,39.3700787401575);
#1577=VECTOR('',#2571,39.3700787401575);
#1578=VECTOR('',#2572,39.3700787401575);
#1579=VECTOR('',#2575,39.3700787401575);
#1580=VECTOR('',#2576,39.3700787401575);
#1581=VECTOR('',#2577,39.3700787401575);
#1582=VECTOR('',#2578,39.3700787401575);
#1583=VECTOR('',#2579,39.3700787401575);
#1584=VECTOR('',#2580,39.3700787401575);
#1585=VECTOR('',#2583,39.3700787401575);
#1586=VECTOR('',#2584,39.3700787401575);
#1587=VECTOR('',#2585,39.3700787401575);
#1588=VECTOR('',#2586,39.3700787401575);
#1589=VECTOR('',#2587,39.3700787401575);
#1590=VECTOR('',#2588,39.3700787401575);
#1591=VECTOR('',#2591,39.3700787401575);
#1592=VECTOR('',#2592,39.3700787401575);
#1593=VECTOR('',#2593,39.3700787401575);
#1594=VECTOR('',#2596,39.3700787401575);
#1595=VECTOR('',#2597,39.3700787401575);
#1596=VECTOR('',#2598,39.3700787401575);
#1597=VECTOR('',#2601,39.3700787401575);
#1598=VECTOR('',#2602,39.3700787401575);
#1599=VECTOR('',#2603,39.3700787401575);
#1600=VECTOR('',#2604,39.3700787401575);
#1601=VECTOR('',#2605,39.3700787401575);
#1602=VECTOR('',#2608,39.3700787401575);
#1603=VECTOR('',#2609,39.3700787401575);
#1604=VECTOR('',#2610,39.3700787401575);
#1605=VECTOR('',#2611,39.3700787401575);
#1606=VECTOR('',#2612,39.3700787401575);
#1607=VECTOR('',#2615,39.3700787401575);
#1608=VECTOR('',#2616,39.3700787401575);
#1609=VECTOR('',#2617,39.3700787401575);
#1610=VECTOR('',#2618,39.3700787401575);
#1611=VECTOR('',#2619,39.3700787401575);
#1612=VECTOR('',#2620,39.3700787401575);
#1613=VECTOR('',#2623,39.3700787401575);
#1614=VECTOR('',#2624,39.3700787401575);
#1615=VECTOR('',#2625,39.3700787401575);
#1616=VECTOR('',#2626,39.3700787401575);
#1617=VECTOR('',#2627,39.3700787401575);
#1618=VECTOR('',#2628,39.3700787401575);
#1619=VECTOR('',#2631,39.3700787401575);
#1620=VECTOR('',#2632,39.3700787401575);
#1621=VECTOR('',#2633,39.3700787401575);
#1622=VECTOR('',#2636,39.3700787401575);
#1623=VECTOR('',#2637,39.3700787401575);
#1624=VECTOR('',#2638,39.3700787401575);
#1625=VECTOR('',#2641,39.3700787401575);
#1626=VECTOR('',#2642,39.3700787401575);
#1627=VECTOR('',#2643,39.3700787401575);
#1628=VECTOR('',#2644,39.3700787401575);
#1629=VECTOR('',#2645,39.3700787401575);
#1630=VECTOR('',#2648,39.3700787401575);
#1631=VECTOR('',#2649,39.3700787401575);
#1632=VECTOR('',#2650,39.3700787401575);
#1633=VECTOR('',#2651,39.3700787401575);
#1634=VECTOR('',#2652,39.3700787401575);
#1635=VECTOR('',#2655,39.3700787401575);
#1636=VECTOR('',#2658,39.3700787401575);
#1637=VECTOR('',#2659,39.3700787401575);
#1638=VECTOR('',#2660,39.3700787401575);
#1639=VECTOR('',#2665,39.3700787401575);
#1640=VECTOR('',#2668,39.3700787401575);
#1641=VECTOR('',#2669,39.3700787401575);
#1642=VECTOR('',#2670,39.3700787401575);
#1643=VECTOR('',#2677,39.3700787401575);
#1644=VECTOR('',#2678,39.3700787401575);
#1645=VECTOR('',#2679,39.3700787401575);
#1646=VECTOR('',#2682,39.3700787401575);
#1647=VECTOR('',#2685,39.3700787401575);
#1648=VECTOR('',#2688,39.3700787401575);
#1649=VECTOR('',#2689,39.3700787401575);
#1650=VECTOR('',#2690,39.3700787401575);
#1651=VECTOR('',#2695,39.3700787401575);
#1652=VECTOR('',#2698,39.3700787401575);
#1653=VECTOR('',#2699,39.3700787401575);
#1654=VECTOR('',#2700,39.3700787401575);
#1655=VECTOR('',#2705,39.3700787401575);
#1656=VECTOR('',#2708,39.3700787401575);
#1657=VECTOR('',#2709,39.3700787401575);
#1658=VECTOR('',#2710,39.3700787401575);
#1659=VECTOR('',#2717,39.3700787401575);
#1660=VECTOR('',#2718,39.3700787401575);
#1661=VECTOR('',#2719,39.3700787401575);
#1662=VECTOR('',#2722,39.3700787401575);
#1663=VECTOR('',#2725,39.3700787401575);
#1664=VECTOR('',#2728,39.3700787401575);
#1665=VECTOR('',#2729,39.3700787401575);
#1666=VECTOR('',#2730,39.3700787401575);
#1667=VECTOR('',#2735,39.3700787401575);
#1668=VECTOR('',#2738,39.3700787401575);
#1669=VECTOR('',#2739,39.3700787401575);
#1670=VECTOR('',#2740,39.3700787401575);
#1671=VECTOR('',#2745,39.3700787401575);
#1672=VECTOR('',#2748,39.3700787401575);
#1673=VECTOR('',#2749,39.3700787401575);
#1674=VECTOR('',#2750,39.3700787401575);
#1675=VECTOR('',#2757,39.3700787401575);
#1676=VECTOR('',#2758,39.3700787401575);
#1677=VECTOR('',#2759,39.3700787401575);
#1678=VECTOR('',#2762,39.3700787401575);
#1679=VECTOR('',#2765,39.3700787401575);
#1680=VECTOR('',#2768,39.3700787401575);
#1681=VECTOR('',#2769,39.3700787401575);
#1682=VECTOR('',#2770,39.3700787401575);
#1683=VECTOR('',#2775,39.3700787401575);
#1684=VECTOR('',#2776,39.3700787401575);
#1685=VECTOR('',#2777,39.3700787401575);
#1686=VECTOR('',#2778,39.3700787401575);
#1687=VECTOR('',#2781,39.3700787401575);
#1688=VECTOR('',#2782,39.3700787401575);
#1689=VECTOR('',#2783,39.3700787401575);
#1690=VECTOR('',#2784,39.3700787401575);
#1691=VECTOR('',#2787,39.3700787401575);
#1692=VECTOR('',#2788,39.3700787401575);
#1693=VECTOR('',#2791,39.3700787401575);
#1694=VECTOR('',#2792,39.3700787401575);
#1695=VECTOR('',#2795,39.3700787401575);
#1696=VECTOR('',#2796,39.3700787401575);
#1697=VECTOR('',#2799,39.3700787401575);
#1698=VECTOR('',#2800,39.3700787401575);
#1699=VECTOR('',#2811,39.3700787401575);
#1700=VECTOR('',#2812,39.3700787401575);
#1701=VECTOR('',#2815,39.3700787401575);
#1702=VECTOR('',#2816,39.3700787401575);
#1703=VECTOR('',#2819,39.3700787401575);
#1704=VECTOR('',#2820,39.3700787401575);
#1705=VECTOR('',#2823,39.3700787401575);
#1706=VECTOR('',#2824,39.3700787401575);
#1707=VECTOR('',#2835,39.3700787401575);
#1708=VECTOR('',#2836,39.3700787401575);
#1709=VECTOR('',#2839,39.3700787401575);
#1710=VECTOR('',#2840,39.3700787401575);
#1711=VECTOR('',#2843,39.3700787401575);
#1712=VECTOR('',#2844,39.3700787401575);
#1713=VECTOR('',#2847,39.3700787401575);
#1714=VECTOR('',#2848,39.3700787401575);
#1715=VECTOR('',#2859,39.3700787401575);
#1716=VECTOR('',#2860,39.3700787401575);
#1717=VECTOR('',#2863,39.3700787401575);
#1718=VECTOR('',#2866,39.3700787401575);
#1719=EDGE_LOOP('',(#67,#68,#69,#70,#71,#72,#73,#74,#75,#76,#77,#78));
#1720=EDGE_LOOP('',(#79,#80,#81,#82,#83,#84,#85,#86,#87,#88,#89,#90));
#1721=EDGE_LOOP('',(#91,#92,#93,#94));
#1722=EDGE_LOOP('',(#95,#96,#97,#98));
#1723=EDGE_LOOP('',(#99,#100,#101,#102));
#1724=EDGE_LOOP('',(#103,#104,#105,#106));
#1725=EDGE_LOOP('',(#107,#108,#109,#110));
#1726=EDGE_LOOP('',(#111,#112,#113,#114));
#1727=EDGE_LOOP('',(#115,#116,#117,#118));
#1728=EDGE_LOOP('',(#119,#120,#121,#122));
#1729=EDGE_LOOP('',(#123,#124,#125,#126));
#1730=EDGE_LOOP('',(#127,#128,#129,#130));
#1731=EDGE_LOOP('',(#131,#132,#133,#134));
#1732=EDGE_LOOP('',(#135,#136,#137,#138));
#1733=EDGE_LOOP('',(#139,#140,#141,#142));
#1734=EDGE_LOOP('',(#143,#144,#145,#146));
#1735=EDGE_LOOP('',(#147,#148,#149,#150));
#1736=EDGE_LOOP('',(#151,#152,#153,#154));
#1737=EDGE_LOOP('',(#155,#156,#157,#158));
#1738=EDGE_LOOP('',(#159,#160,#161,#162));
#1739=EDGE_LOOP('',(#163,#164,#165,#166));
#1740=EDGE_LOOP('',(#167,#168,#169,#170));
#1741=EDGE_LOOP('',(#171,#172,#173,#174));
#1742=EDGE_LOOP('',(#175,#176,#177,#178));
#1743=EDGE_LOOP('',(#179,#180,#181,#182));
#1744=EDGE_LOOP('',(#183,#184,#185,#186));
#1745=EDGE_LOOP('',(#187,#188,#189,#190));
#1746=EDGE_LOOP('',(#191,#192,#193,#194));
#1747=EDGE_LOOP('',(#195,#196,#197,#198));
#1748=EDGE_LOOP('',(#199,#200,#201,#202));
#1749=EDGE_LOOP('',(#203,#204,#205,#206));
#1750=EDGE_LOOP('',(#207,#208,#209,#210));
#1751=EDGE_LOOP('',(#211,#212,#213,#214));
#1752=EDGE_LOOP('',(#215,#216,#217,#218));
#1753=EDGE_LOOP('',(#219,#220,#221,#222));
#1754=EDGE_LOOP('',(#223,#224,#225,#226));
#1755=EDGE_LOOP('',(#227,#228,#229,#230));
#1756=EDGE_LOOP('',(#231,#232,#233,#234));
#1757=EDGE_LOOP('',(#235,#236,#237,#238));
#1758=EDGE_LOOP('',(#239,#240,#241,#242));
#1759=EDGE_LOOP('',(#243,#244,#245,#246));
#1760=EDGE_LOOP('',(#247,#248,#249,#250));
#1761=EDGE_LOOP('',(#251,#252,#253,#254));
#1762=EDGE_LOOP('',(#255,#256,#257,#258));
#1763=EDGE_LOOP('',(#259,#260,#261,#262));
#1764=EDGE_LOOP('',(#263,#264,#265,#266));
#1765=EDGE_LOOP('',(#267,#268,#269,#270));
#1766=EDGE_LOOP('',(#271,#272,#273,#274));
#1767=EDGE_LOOP('',(#275,#276,#277,#278));
#1768=EDGE_LOOP('',(#279,#280,#281,#282));
#1769=EDGE_LOOP('',(#283,#284,#285,#286,#287,#288));
#1770=EDGE_LOOP('',(#289,#290,#291,#292,#293,#294));
#1771=EDGE_LOOP('',(#295,#296,#297,#298));
#1772=EDGE_LOOP('',(#299,#300,#301,#302));
#1773=EDGE_LOOP('',(#303,#304,#305,#306,#307,#308));
#1774=EDGE_LOOP('',(#309,#310,#311,#312,#313,#314));
#1775=EDGE_LOOP('',(#315,#316,#317,#318,#319,#320));
#1776=EDGE_LOOP('',(#321,#322,#323,#324,#325,#326));
#1777=EDGE_LOOP('',(#327,#328,#329,#330));
#1778=EDGE_LOOP('',(#331,#332,#333,#334));
#1779=EDGE_LOOP('',(#335,#336,#337,#338,#339,#340));
#1780=EDGE_LOOP('',(#341,#342,#343,#344,#345,#346));
#1781=EDGE_LOOP('',(#347,#348,#349,#350,#351,#352));
#1782=EDGE_LOOP('',(#353,#354,#355,#356,#357,#358));
#1783=EDGE_LOOP('',(#359,#360,#361,#362));
#1784=EDGE_LOOP('',(#363,#364,#365,#366));
#1785=EDGE_LOOP('',(#367,#368,#369,#370,#371,#372));
#1786=EDGE_LOOP('',(#373,#374,#375,#376,#377,#378));
#1787=EDGE_LOOP('',(#379,#380,#381,#382,#383,#384,#385,#386));
#1788=EDGE_LOOP('',(#387,#388,#389,#390,#391,#392,#393,#394));
#1789=EDGE_LOOP('',(#395,#396,#397,#398,#399,#400,#401,#402));
#1790=EDGE_LOOP('',(#403,#404,#405,#406,#407,#408,#409,#410));
#1791=EDGE_LOOP('',(#411,#412,#413,#414,#415,#416,#417,#418));
#1792=EDGE_LOOP('',(#419,#420,#421,#422,#423,#424,#425,#426));
#1793=EDGE_LOOP('',(#427,#428,#429,#430,#431,#432,#433,#434));
#1794=EDGE_LOOP('',(#435,#436,#437,#438,#439,#440,#441,#442));
#1795=EDGE_LOOP('',(#443,#444,#445,#446,#447,#448,#449,#450));
#1796=EDGE_LOOP('',(#451,#452,#453,#454,#455,#456,#457,#458));
#1797=EDGE_LOOP('',(#459,#460,#461,#462,#463,#464,#465,#466));
#1798=EDGE_LOOP('',(#467,#468,#469,#470,#471,#472,#473,#474));
#1799=EDGE_LOOP('',(#475,#476,#477,#478));
#1800=EDGE_LOOP('',(#479,#480,#481,#482));
#1801=EDGE_LOOP('',(#483,#484,#485,#486));
#1802=EDGE_LOOP('',(#487,#488,#489,#490));
#1803=EDGE_LOOP('',(#491,#492,#493,#494));
#1804=EDGE_LOOP('',(#495,#496,#497,#498));
#1805=EDGE_LOOP('',(#499,#500,#501,#502));
#1806=EDGE_LOOP('',(#503,#504,#505,#506));
#1807=EDGE_LOOP('',(#507,#508,#509,#510));
#1808=EDGE_LOOP('',(#511,#512,#513,#514));
#1809=EDGE_LOOP('',(#515,#516,#517,#518));
#1810=EDGE_LOOP('',(#519,#520,#521,#522));
#1811=EDGE_LOOP('',(#523,#524,#525,#526));
#1812=EDGE_LOOP('',(#527,#528,#529,#530));
#1813=EDGE_LOOP('',(#531,#532,#533,#534));
#1814=EDGE_LOOP('',(#535,#536,#537,#538));
#1815=EDGE_LOOP('',(#539,#540,#541,#542));
#1816=EDGE_LOOP('',(#543,#544,#545,#546));
#1817=EDGE_LOOP('',(#547,#548,#549,#550));
#1818=EDGE_LOOP('',(#551,#552,#553,#554));
#1819=EDGE_LOOP('',(#555,#556,#557,#558));
#1820=EDGE_LOOP('',(#559,#560,#561,#562));
#1821=EDGE_LOOP('',(#563,#564,#565,#566));
#1822=EDGE_LOOP('',(#567,#568,#569,#570));
#1823=EDGE_LOOP('',(#571,#572,#573,#574));
#1824=EDGE_LOOP('',(#575,#576,#577,#578));
#1825=EDGE_LOOP('',(#579,#580,#581,#582));
#1826=EDGE_LOOP('',(#583,#584,#585,#586));
#1827=EDGE_LOOP('',(#587,#588,#589,#590));
#1828=EDGE_LOOP('',(#591,#592,#593,#594));
#1829=EDGE_LOOP('',(#595,#596,#597,#598));
#1830=EDGE_LOOP('',(#599,#600,#601,#602));
#1831=EDGE_LOOP('',(#603,#604,#605,#606));
#1832=EDGE_LOOP('',(#607,#608,#609,#610));
#1833=EDGE_LOOP('',(#611,#612,#613,#614));
#1834=EDGE_LOOP('',(#615,#616,#617,#618));
#1835=EDGE_LOOP('',(#619,#620,#621,#622));
#1836=EDGE_LOOP('',(#623,#624,#625,#626));
#1837=EDGE_LOOP('',(#627,#628,#629,#630));
#1838=EDGE_LOOP('',(#631,#632,#633,#634));
#1839=EDGE_LOOP('',(#635,#636,#637,#638));
#1840=EDGE_LOOP('',(#639,#640,#641,#642));
#1841=EDGE_LOOP('',(#643,#644,#645,#646));
#1842=EDGE_LOOP('',(#647,#648,#649,#650));
#1843=EDGE_LOOP('',(#651,#652,#653,#654));
#1844=EDGE_LOOP('',(#655,#656,#657,#658));
#1845=EDGE_LOOP('',(#659,#660,#661,#662));
#1846=EDGE_LOOP('',(#663,#664,#665,#666));
#1847=FACE_BOUND('',#1719,.T.);
#1848=FACE_BOUND('',#1720,.T.);
#1849=FACE_BOUND('',#1721,.T.);
#1850=FACE_BOUND('',#1722,.T.);
#1851=FACE_BOUND('',#1723,.T.);
#1852=FACE_BOUND('',#1724,.T.);
#1853=FACE_BOUND('',#1725,.T.);
#1854=FACE_BOUND('',#1726,.T.);
#1855=FACE_BOUND('',#1727,.T.);
#1856=FACE_BOUND('',#1728,.T.);
#1857=FACE_BOUND('',#1729,.T.);
#1858=FACE_BOUND('',#1730,.T.);
#1859=FACE_BOUND('',#1731,.T.);
#1860=FACE_BOUND('',#1732,.T.);
#1861=FACE_BOUND('',#1733,.T.);
#1862=FACE_BOUND('',#1734,.T.);
#1863=FACE_BOUND('',#1735,.T.);
#1864=FACE_BOUND('',#1736,.T.);
#1865=FACE_BOUND('',#1737,.T.);
#1866=FACE_BOUND('',#1738,.T.);
#1867=FACE_BOUND('',#1739,.T.);
#1868=FACE_BOUND('',#1740,.T.);
#1869=FACE_BOUND('',#1741,.T.);
#1870=FACE_BOUND('',#1742,.T.);
#1871=FACE_BOUND('',#1743,.T.);
#1872=FACE_BOUND('',#1744,.T.);
#1873=FACE_BOUND('',#1745,.T.);
#1874=FACE_BOUND('',#1746,.T.);
#1875=FACE_BOUND('',#1747,.T.);
#1876=FACE_BOUND('',#1748,.T.);
#1877=FACE_BOUND('',#1749,.T.);
#1878=FACE_BOUND('',#1750,.T.);
#1879=FACE_BOUND('',#1751,.T.);
#1880=FACE_BOUND('',#1752,.T.);
#1881=FACE_BOUND('',#1753,.T.);
#1882=FACE_BOUND('',#1754,.T.);
#1883=FACE_BOUND('',#1755,.T.);
#1884=FACE_BOUND('',#1756,.T.);
#1885=FACE_BOUND('',#1757,.T.);
#1886=FACE_BOUND('',#1758,.T.);
#1887=FACE_BOUND('',#1759,.T.);
#1888=FACE_BOUND('',#1760,.T.);
#1889=FACE_BOUND('',#1761,.T.);
#1890=FACE_BOUND('',#1762,.T.);
#1891=FACE_BOUND('',#1763,.T.);
#1892=FACE_BOUND('',#1764,.T.);
#1893=FACE_BOUND('',#1765,.T.);
#1894=FACE_BOUND('',#1766,.T.);
#1895=FACE_BOUND('',#1767,.T.);
#1896=FACE_BOUND('',#1768,.T.);
#1897=FACE_BOUND('',#1769,.T.);
#1898=FACE_BOUND('',#1770,.T.);
#1899=FACE_BOUND('',#1771,.T.);
#1900=FACE_BOUND('',#1772,.T.);
#1901=FACE_BOUND('',#1773,.T.);
#1902=FACE_BOUND('',#1774,.T.);
#1903=FACE_BOUND('',#1775,.T.);
#1904=FACE_BOUND('',#1776,.T.);
#1905=FACE_BOUND('',#1777,.T.);
#1906=FACE_BOUND('',#1778,.T.);
#1907=FACE_BOUND('',#1779,.T.);
#1908=FACE_BOUND('',#1780,.T.);
#1909=FACE_BOUND('',#1781,.T.);
#1910=FACE_BOUND('',#1782,.T.);
#1911=FACE_BOUND('',#1783,.T.);
#1912=FACE_BOUND('',#1784,.T.);
#1913=FACE_BOUND('',#1785,.T.);
#1914=FACE_BOUND('',#1786,.T.);
#1915=FACE_BOUND('',#1787,.T.);
#1916=FACE_BOUND('',#1788,.T.);
#1917=FACE_BOUND('',#1789,.T.);
#1918=FACE_BOUND('',#1790,.T.);
#1919=FACE_BOUND('',#1791,.T.);
#1920=FACE_BOUND('',#1792,.T.);
#1921=FACE_BOUND('',#1793,.T.);
#1922=FACE_BOUND('',#1794,.T.);
#1923=FACE_BOUND('',#1795,.T.);
#1924=FACE_BOUND('',#1796,.T.);
#1925=FACE_BOUND('',#1797,.T.);
#1926=FACE_BOUND('',#1798,.T.);
#1927=FACE_BOUND('',#1799,.T.);
#1928=FACE_BOUND('',#1800,.T.);
#1929=FACE_BOUND('',#1801,.T.);
#1930=FACE_BOUND('',#1802,.T.);
#1931=FACE_BOUND('',#1803,.T.);
#1932=FACE_BOUND('',#1804,.T.);
#1933=FACE_BOUND('',#1805,.T.);
#1934=FACE_BOUND('',#1806,.T.);
#1935=FACE_BOUND('',#1807,.T.);
#1936=FACE_BOUND('',#1808,.T.);
#1937=FACE_BOUND('',#1809,.T.);
#1938=FACE_BOUND('',#1810,.T.);
#1939=FACE_BOUND('',#1811,.T.);
#1940=FACE_BOUND('',#1812,.T.);
#1941=FACE_BOUND('',#1813,.T.);
#1942=FACE_BOUND('',#1814,.T.);
#1943=FACE_BOUND('',#1815,.T.);
#1944=FACE_BOUND('',#1816,.T.);
#1945=FACE_BOUND('',#1817,.T.);
#1946=FACE_BOUND('',#1818,.T.);
#1947=FACE_BOUND('',#1819,.T.);
#1948=FACE_BOUND('',#1820,.T.);
#1949=FACE_BOUND('',#1821,.T.);
#1950=FACE_BOUND('',#1822,.T.);
#1951=FACE_BOUND('',#1823,.T.);
#1952=FACE_BOUND('',#1824,.T.);
#1953=FACE_BOUND('',#1825,.T.);
#1954=FACE_BOUND('',#1826,.T.);
#1955=FACE_BOUND('',#1827,.T.);
#1956=FACE_BOUND('',#1828,.T.);
#1957=FACE_BOUND('',#1829,.T.);
#1958=FACE_BOUND('',#1830,.T.);
#1959=FACE_BOUND('',#1831,.T.);
#1960=FACE_BOUND('',#1832,.T.);
#1961=FACE_BOUND('',#1833,.T.);
#1962=FACE_BOUND('',#1834,.T.);
#1963=FACE_BOUND('',#1835,.T.);
#1964=FACE_BOUND('',#1836,.T.);
#1965=FACE_BOUND('',#1837,.T.);
#1966=FACE_BOUND('',#1838,.T.);
#1967=FACE_BOUND('',#1839,.T.);
#1968=FACE_BOUND('',#1840,.T.);
#1969=FACE_BOUND('',#1841,.T.);
#1970=FACE_BOUND('',#1842,.T.);
#1971=FACE_BOUND('',#1843,.T.);
#1972=FACE_BOUND('',#1844,.T.);
#1973=FACE_BOUND('',#1845,.T.);
#1974=FACE_BOUND('',#1846,.T.);
#1975=PLANE('',#2209);
#1976=PLANE('',#2210);
#1977=PLANE('',#2211);
#1978=PLANE('',#2212);
#1979=PLANE('',#2213);
#1980=PLANE('',#2214);
#1981=PLANE('',#2215);
#1982=PLANE('',#2216);
#1983=PLANE('',#2217);
#1984=PLANE('',#2218);
#1985=PLANE('',#2219);
#1986=PLANE('',#2220);
#1987=PLANE('',#2221);
#1988=PLANE('',#2222);
#1989=PLANE('',#2223);
#1990=PLANE('',#2224);
#1991=PLANE('',#2225);
#1992=PLANE('',#2226);
#1993=PLANE('',#2227);
#1994=PLANE('',#2228);
#1995=PLANE('',#2229);
#1996=PLANE('',#2230);
#1997=PLANE('',#2231);
#1998=PLANE('',#2232);
#1999=PLANE('',#2233);
#2000=PLANE('',#2234);
#2001=PLANE('',#2235);
#2002=PLANE('',#2236);
#2003=PLANE('',#2237);
#2004=PLANE('',#2238);
#2005=PLANE('',#2239);
#2006=PLANE('',#2240);
#2007=PLANE('',#2241);
#2008=PLANE('',#2242);
#2009=PLANE('',#2243);
#2010=PLANE('',#2244);
#2011=PLANE('',#2245);
#2012=PLANE('',#2246);
#2013=PLANE('',#2248);
#2014=PLANE('',#2249);
#2015=PLANE('',#2250);
#2016=PLANE('',#2251);
#2017=PLANE('',#2252);
#2018=PLANE('',#2253);
#2019=PLANE('',#2254);
#2020=PLANE('',#2255);
#2021=PLANE('',#2256);
#2022=PLANE('',#2257);
#2023=PLANE('',#2258);
#2024=PLANE('',#2259);
#2025=PLANE('',#2260);
#2026=PLANE('',#2261);
#2027=PLANE('',#2262);
#2028=PLANE('',#2263);
#2029=PLANE('',#2264);
#2030=PLANE('',#2265);
#2031=PLANE('',#2266);
#2032=PLANE('',#2269);
#2033=PLANE('',#2272);
#2034=PLANE('',#2275);
#2035=PLANE('',#2278);
#2036=PLANE('',#2281);
#2037=PLANE('',#2284);
#2038=PLANE('',#2287);
#2039=PLANE('',#2290);
#2040=PLANE('',#2293);
#2041=PLANE('',#2296);
#2042=PLANE('',#2299);
#2043=PLANE('',#2302);
#2044=PLANE('',#2303);
#2045=PLANE('',#2304);
#2046=PLANE('',#2305);
#2047=PLANE('',#2306);
#2048=PLANE('',#2307);
#2049=PLANE('',#2312);
#2050=PLANE('',#2313);
#2051=PLANE('',#2314);
#2052=PLANE('',#2315);
#2053=PLANE('',#2320);
#2054=PLANE('',#2321);
#2055=PLANE('',#2322);
#2056=PLANE('',#2323);
#2057=PLANE('',#2328);
#2058=PLANE('',#2329);
#2059=PLANE('',#2330);
#2060=PLANE('',#2331);
#2061=PLANE('',#2332);
#2062=PLANE('',#2333);
#2063=PLANE('',#2334);
#2064=PLANE('',#2335);
#2065=PLANE('',#2336);
#2066=PLANE('',#2337);
#2067=PLANE('',#2338);
#2068=PLANE('',#2339);
#2069=PLANE('',#2340);
#2070=PLANE('',#2341);
#2071=PLANE('',#2342);
#2072=PLANE('',#2343);
#2073=ADVANCED_FACE('',(#1847),#1975,.F.);
#2074=ADVANCED_FACE('',(#1848),#1976,.F.);
#2075=ADVANCED_FACE('',(#1849),#1977,.T.);
#2076=ADVANCED_FACE('',(#1850),#1978,.T.);
#2077=ADVANCED_FACE('',(#1851),#1979,.T.);
#2078=ADVANCED_FACE('',(#1852),#1980,.T.);
#2079=ADVANCED_FACE('',(#1853),#1981,.T.);
#2080=ADVANCED_FACE('',(#1854),#1982,.T.);
#2081=ADVANCED_FACE('',(#1855),#1983,.T.);
#2082=ADVANCED_FACE('',(#1856),#1984,.T.);
#2083=ADVANCED_FACE('',(#1857),#1985,.T.);
#2084=ADVANCED_FACE('',(#1858),#1986,.T.);
#2085=ADVANCED_FACE('',(#1859),#1987,.T.);
#2086=ADVANCED_FACE('',(#1860),#1988,.T.);
#2087=ADVANCED_FACE('',(#1861),#1989,.T.);
#2088=ADVANCED_FACE('',(#1862),#1990,.T.);
#2089=ADVANCED_FACE('',(#1863),#1991,.T.);
#2090=ADVANCED_FACE('',(#1864),#1992,.T.);
#2091=ADVANCED_FACE('',(#1865),#1993,.T.);
#2092=ADVANCED_FACE('',(#1866),#1994,.T.);
#2093=ADVANCED_FACE('',(#1867),#1995,.T.);
#2094=ADVANCED_FACE('',(#1868),#1996,.T.);
#2095=ADVANCED_FACE('',(#1869),#1997,.T.);
#2096=ADVANCED_FACE('',(#1870),#1998,.T.);
#2097=ADVANCED_FACE('',(#1871),#1999,.T.);
#2098=ADVANCED_FACE('',(#1872),#2000,.T.);
#2099=ADVANCED_FACE('',(#1873),#2001,.F.);
#2100=ADVANCED_FACE('',(#1874),#2002,.F.);
#2101=ADVANCED_FACE('',(#1875),#2003,.F.);
#2102=ADVANCED_FACE('',(#1876),#2004,.F.);
#2103=ADVANCED_FACE('',(#1877),#2005,.F.);
#2104=ADVANCED_FACE('',(#1878,#1879,#1880,#1881,#1882,#1883,#1884),#2006,
 .T.);
#2105=ADVANCED_FACE('',(#1885),#2007,.T.);
#2106=ADVANCED_FACE('',(#1886),#2008,.T.);
#2107=ADVANCED_FACE('',(#1887,#1888,#1889,#1890),#2009,.T.);
#2108=ADVANCED_FACE('',(#1891,#1892,#1893,#1894),#2010,.T.);
#2109=ADVANCED_FACE('',(#1895),#2011,.T.);
#2110=ADVANCED_FACE('',(#1896),#2012,.T.);
#2111=ADVANCED_FACE('',(#1897),#2013,.F.);
#2112=ADVANCED_FACE('',(#1898),#2014,.F.);
#2113=ADVANCED_FACE('',(#1899),#2015,.F.);
#2114=ADVANCED_FACE('',(#1900),#2016,.F.);
#2115=ADVANCED_FACE('',(#1901),#2017,.F.);
#2116=ADVANCED_FACE('',(#1902),#2018,.F.);
#2117=ADVANCED_FACE('',(#1903),#2019,.F.);
#2118=ADVANCED_FACE('',(#1904),#2020,.F.);
#2119=ADVANCED_FACE('',(#1905),#2021,.F.);
#2120=ADVANCED_FACE('',(#1906),#2022,.F.);
#2121=ADVANCED_FACE('',(#1907),#2023,.F.);
#2122=ADVANCED_FACE('',(#1908),#2024,.F.);
#2123=ADVANCED_FACE('',(#1909),#2025,.F.);
#2124=ADVANCED_FACE('',(#1910),#2026,.F.);
#2125=ADVANCED_FACE('',(#1911),#2027,.F.);
#2126=ADVANCED_FACE('',(#1912),#2028,.F.);
#2127=ADVANCED_FACE('',(#1913),#2029,.F.);
#2128=ADVANCED_FACE('',(#1914),#2030,.F.);
#2129=ADVANCED_FACE('',(#1915),#2031,.T.);
#2130=ADVANCED_FACE('',(#1916),#2032,.T.);
#2131=ADVANCED_FACE('',(#1917),#2033,.T.);
#2132=ADVANCED_FACE('',(#1918),#2034,.T.);
#2133=ADVANCED_FACE('',(#1919),#2035,.T.);
#2134=ADVANCED_FACE('',(#1920),#2036,.T.);
#2135=ADVANCED_FACE('',(#1921),#2037,.T.);
#2136=ADVANCED_FACE('',(#1922),#2038,.T.);
#2137=ADVANCED_FACE('',(#1923),#2039,.T.);
#2138=ADVANCED_FACE('',(#1924),#2040,.T.);
#2139=ADVANCED_FACE('',(#1925),#2041,.T.);
#2140=ADVANCED_FACE('',(#1926),#2042,.T.);
#2141=ADVANCED_FACE('',(#1927),#2043,.F.);
#2142=ADVANCED_FACE('',(#1928),#2044,.F.);
#2143=ADVANCED_FACE('',(#1929),#2045,.F.);
#2144=ADVANCED_FACE('',(#1930),#2046,.F.);
#2145=ADVANCED_FACE('',(#1931),#2047,.F.);
#2146=ADVANCED_FACE('',(#1932),#2048,.F.);
#2147=ADVANCED_FACE('',(#1933),#18,.T.);
#2148=ADVANCED_FACE('',(#1934),#19,.T.);
#2149=ADVANCED_FACE('',(#1935),#20,.F.);
#2150=ADVANCED_FACE('',(#1936),#21,.F.);
#2151=ADVANCED_FACE('',(#1937),#2049,.F.);
#2152=ADVANCED_FACE('',(#1938),#2050,.F.);
#2153=ADVANCED_FACE('',(#1939),#2051,.F.);
#2154=ADVANCED_FACE('',(#1940),#2052,.F.);
#2155=ADVANCED_FACE('',(#1941),#22,.T.);
#2156=ADVANCED_FACE('',(#1942),#23,.T.);
#2157=ADVANCED_FACE('',(#1943),#24,.F.);
#2158=ADVANCED_FACE('',(#1944),#25,.F.);
#2159=ADVANCED_FACE('',(#1945),#2053,.F.);
#2160=ADVANCED_FACE('',(#1946),#2054,.F.);
#2161=ADVANCED_FACE('',(#1947),#2055,.F.);
#2162=ADVANCED_FACE('',(#1948),#2056,.F.);
#2163=ADVANCED_FACE('',(#1949),#26,.T.);
#2164=ADVANCED_FACE('',(#1950),#27,.T.);
#2165=ADVANCED_FACE('',(#1951),#28,.F.);
#2166=ADVANCED_FACE('',(#1952),#29,.F.);
#2167=ADVANCED_FACE('',(#1953,#1954,#1955,#1956,#1957,#1958,#1959),#2057,
 .F.);
#2168=ADVANCED_FACE('',(#1960),#2058,.F.);
#2169=ADVANCED_FACE('',(#1961),#2059,.F.);
#2170=ADVANCED_FACE('',(#1962),#2060,.T.);
#2171=ADVANCED_FACE('',(#1963),#2061,.T.);
#2172=ADVANCED_FACE('',(#1964),#2062,.T.);
#2173=ADVANCED_FACE('',(#1965),#2063,.T.);
#2174=ADVANCED_FACE('',(#1966),#2064,.T.);
#2175=ADVANCED_FACE('',(#1967),#2065,.T.);
#2176=ADVANCED_FACE('',(#1968),#2066,.T.);
#2177=ADVANCED_FACE('',(#1969),#2067,.T.);
#2178=ADVANCED_FACE('',(#1970),#2068,.T.);
#2179=ADVANCED_FACE('',(#1971),#2069,.T.);
#2180=ADVANCED_FACE('',(#1972),#2070,.T.);
#2181=ADVANCED_FACE('',(#1973),#2071,.T.);
#2182=ADVANCED_FACE('',(#1974),#2072,.T.);
#2183=CLOSED_SHELL('',(#2073,#2074,#2075,#2076,#2077,#2078,#2079,#2080,
#2081,#2082,#2083,#2084,#2085,#2086,#2087,#2088,#2089,#2090,#2091,#2092,
#2093,#2094,#2095,#2096,#2097,#2098,#2099,#2100,#2101,#2102,#2103,#2104,
#2105,#2106,#2107,#2108,#2109,#2110));
#2184=CLOSED_SHELL('',(#2111,#2112,#2113,#2114,#2115,#2116,#2117,#2118,
#2119,#2120,#2121,#2122,#2123,#2124,#2125,#2126,#2127,#2128,#2129,#2130,
#2131,#2132,#2133,#2134,#2135,#2136,#2137,#2138,#2139,#2140,#2141,#2142,
#2143,#2144,#2145,#2146,#2147,#2148,#2149,#2150,#2151,#2152,#2153,#2154,
#2155,#2156,#2157,#2158,#2159,#2160,#2161,#2162,#2163,#2164,#2165,#2166,
#2167,#2168,#2169,#2170,#2171,#2172,#2173,#2174,#2175,#2176,#2177,#2178,
#2179,#2180,#2181,#2182));
#2185=STYLED_ITEM('',(#2187),#2200);
#2186=STYLED_ITEM('',(#2188),#2201);
#2187=PRESENTATION_STYLE_ASSIGNMENT((#2189));
#2188=PRESENTATION_STYLE_ASSIGNMENT((#2190));
#2189=SURFACE_STYLE_USAGE(.BOTH.,#2191);
#2190=SURFACE_STYLE_USAGE(.BOTH.,#2192);
#2191=SURFACE_SIDE_STYLE('',(#2193));
#2192=SURFACE_SIDE_STYLE('',(#2194));
#2193=SURFACE_STYLE_FILL_AREA(#2195);
#2194=SURFACE_STYLE_FILL_AREA(#2196);
#2195=FILL_AREA_STYLE('',(#2197));
#2196=FILL_AREA_STYLE('',(#2198));
#2197=FILL_AREA_STYLE_COLOUR('',#2199);
#2198=FILL_AREA_STYLE_COLOUR('',#54);
#2199=COLOUR_RGB('',0.689999997615814,0.689999997615814,0.689999997615814);
#2200=MANIFOLD_SOLID_BREP('T1SSW-102-02-T-T-RA',#2183);
#2201=MANIFOLD_SOLID_BREP('P2SSW-102-02-T-T-RA',#2184);
#2202=SHAPE_DEFINITION_REPRESENTATION(#3521,#2205);
#2203=SHAPE_DEFINITION_REPRESENTATION(#3522,#2206);
#2204=SHAPE_DEFINITION_REPRESENTATION(#3524,#2207);
#2205=SHAPE_REPRESENTATION('SSW-102-02-T-T-RA',(#2208,#2247,#2344),#3509);
#2206=SHAPE_REPRESENTATION('T1SSW-102-02-T-T-RA',(#2208),#3510);
#2207=SHAPE_REPRESENTATION('P2SSW-102-02-T-T-RA',(#2208),#3511);
#2208=AXIS2_PLACEMENT_3D('',#2895,#2345,#2346);
#2209=AXIS2_PLACEMENT_3D('',#2896,#2347,#2348);
#2210=AXIS2_PLACEMENT_3D('',#2921,#2361,#2362);
#2211=AXIS2_PLACEMENT_3D('',#2946,#2375,#2376);
#2212=AXIS2_PLACEMENT_3D('',#2955,#2381,#2382);
#2213=AXIS2_PLACEMENT_3D('',#2961,#2386,#2387);
#2214=AXIS2_PLACEMENT_3D('',#2967,#2391,#2392);
#2215=AXIS2_PLACEMENT_3D('',#2976,#2397,#2398);
#2216=AXIS2_PLACEMENT_3D('',#2982,#2402,#2403);
#2217=AXIS2_PLACEMENT_3D('',#2988,#2407,#2408);
#2218=AXIS2_PLACEMENT_3D('',#2997,#2413,#2414);
#2219=AXIS2_PLACEMENT_3D('',#3003,#2418,#2419);
#2220=AXIS2_PLACEMENT_3D('',#3009,#2423,#2424);
#2221=AXIS2_PLACEMENT_3D('',#3018,#2429,#2430);
#2222=AXIS2_PLACEMENT_3D('',#3024,#2434,#2435);
#2223=AXIS2_PLACEMENT_3D('',#3030,#2439,#2440);
#2224=AXIS2_PLACEMENT_3D('',#3039,#2445,#2446);
#2225=AXIS2_PLACEMENT_3D('',#3045,#2450,#2451);
#2226=AXIS2_PLACEMENT_3D('',#3051,#2455,#2456);
#2227=AXIS2_PLACEMENT_3D('',#3060,#2461,#2462);
#2228=AXIS2_PLACEMENT_3D('',#3066,#2466,#2467);
#2229=AXIS2_PLACEMENT_3D('',#3072,#2471,#2472);
#2230=AXIS2_PLACEMENT_3D('',#3075,#2475,#2476);
#2231=AXIS2_PLACEMENT_3D('',#3078,#2479,#2480);
#2232=AXIS2_PLACEMENT_3D('',#3081,#2483,#2484);
#2233=AXIS2_PLACEMENT_3D('',#3084,#2487,#2488);
#2234=AXIS2_PLACEMENT_3D('',#3087,#2491,#2492);
#2235=AXIS2_PLACEMENT_3D('',#3090,#2495,#2496);
#2236=AXIS2_PLACEMENT_3D('',#3093,#2499,#2500);
#2237=AXIS2_PLACEMENT_3D('',#3096,#2503,#2504);
#2238=AXIS2_PLACEMENT_3D('',#3099,#2507,#2508);
#2239=AXIS2_PLACEMENT_3D('',#3101,#2510,#2511);
#2240=AXIS2_PLACEMENT_3D('',#3103,#2513,#2514);
#2241=AXIS2_PLACEMENT_3D('',#3104,#2515,#2516);
#2242=AXIS2_PLACEMENT_3D('',#3106,#2518,#2519);
#2243=AXIS2_PLACEMENT_3D('',#3108,#2521,#2522);
#2244=AXIS2_PLACEMENT_3D('',#3109,#2523,#2524);
#2245=AXIS2_PLACEMENT_3D('',#3112,#2527,#2528);
#2246=AXIS2_PLACEMENT_3D('',#3113,#2529,#2530);
#2247=AXIS2_PLACEMENT_3D('',#3114,#2531,#2532);
#2248=AXIS2_PLACEMENT_3D('',#3115,#2533,#2534);
#2249=AXIS2_PLACEMENT_3D('',#3128,#2541,#2542);
#2250=AXIS2_PLACEMENT_3D('',#3141,#2549,#2550);
#2251=AXIS2_PLACEMENT_3D('',#3147,#2554,#2555);
#2252=AXIS2_PLACEMENT_3D('',#3153,#2559,#2560);
#2253=AXIS2_PLACEMENT_3D('',#3163,#2566,#2567);
#2254=AXIS2_PLACEMENT_3D('',#3173,#2573,#2574);
#2255=AXIS2_PLACEMENT_3D('',#3186,#2581,#2582);
#2256=AXIS2_PLACEMENT_3D('',#3199,#2589,#2590);
#2257=AXIS2_PLACEMENT_3D('',#3205,#2594,#2595);
#2258=AXIS2_PLACEMENT_3D('',#3211,#2599,#2600);
#2259=AXIS2_PLACEMENT_3D('',#3221,#2606,#2607);
#2260=AXIS2_PLACEMENT_3D('',#3231,#2613,#2614);
#2261=AXIS2_PLACEMENT_3D('',#3244,#2621,#2622);
#2262=AXIS2_PLACEMENT_3D('',#3257,#2629,#2630);
#2263=AXIS2_PLACEMENT_3D('',#3263,#2634,#2635);
#2264=AXIS2_PLACEMENT_3D('',#3269,#2639,#2640);
#2265=AXIS2_PLACEMENT_3D('',#3279,#2646,#2647);
#2266=AXIS2_PLACEMENT_3D('',#3289,#2653,#2654);
#2267=AXIS2_PLACEMENT_3D('',#3291,#2656,#2657);
#2268=AXIS2_PLACEMENT_3D('',#3299,#2661,#2662);
#2269=AXIS2_PLACEMENT_3D('',#3300,#2663,#2664);
#2270=AXIS2_PLACEMENT_3D('',#3302,#2666,#2667);
#2271=AXIS2_PLACEMENT_3D('',#3310,#2671,#2672);
#2272=AXIS2_PLACEMENT_3D('',#3311,#2673,#2674);
#2273=AXIS2_PLACEMENT_3D('',#3312,#2675,#2676);
#2274=AXIS2_PLACEMENT_3D('',#3320,#2680,#2681);
#2275=AXIS2_PLACEMENT_3D('',#3322,#2683,#2684);
#2276=AXIS2_PLACEMENT_3D('',#3324,#2686,#2687);
#2277=AXIS2_PLACEMENT_3D('',#3332,#2691,#2692);
#2278=AXIS2_PLACEMENT_3D('',#3333,#2693,#2694);
#2279=AXIS2_PLACEMENT_3D('',#3335,#2696,#2697);
#2280=AXIS2_PLACEMENT_3D('',#3343,#2701,#2702);
#2281=AXIS2_PLACEMENT_3D('',#3344,#2703,#2704);
#2282=AXIS2_PLACEMENT_3D('',#3346,#2706,#2707);
#2283=AXIS2_PLACEMENT_3D('',#3354,#2711,#2712);
#2284=AXIS2_PLACEMENT_3D('',#3355,#2713,#2714);
#2285=AXIS2_PLACEMENT_3D('',#3356,#2715,#2716);
#2286=AXIS2_PLACEMENT_3D('',#3364,#2720,#2721);
#2287=AXIS2_PLACEMENT_3D('',#3366,#2723,#2724);
#2288=AXIS2_PLACEMENT_3D('',#3368,#2726,#2727);
#2289=AXIS2_PLACEMENT_3D('',#3376,#2731,#2732);
#2290=AXIS2_PLACEMENT_3D('',#3377,#2733,#2734);
#2291=AXIS2_PLACEMENT_3D('',#3379,#2736,#2737);
#2292=AXIS2_PLACEMENT_3D('',#3387,#2741,#2742);
#2293=AXIS2_PLACEMENT_3D('',#3388,#2743,#2744);
#2294=AXIS2_PLACEMENT_3D('',#3390,#2746,#2747);
#2295=AXIS2_PLACEMENT_3D('',#3398,#2751,#2752);
#2296=AXIS2_PLACEMENT_3D('',#3399,#2753,#2754);
#2297=AXIS2_PLACEMENT_3D('',#3400,#2755,#2756);
#2298=AXIS2_PLACEMENT_3D('',#3408,#2760,#2761);
#2299=AXIS2_PLACEMENT_3D('',#3410,#2763,#2764);
#2300=AXIS2_PLACEMENT_3D('',#3412,#2766,#2767);
#2301=AXIS2_PLACEMENT_3D('',#3420,#2771,#2772);
#2302=AXIS2_PLACEMENT_3D('',#3421,#2773,#2774);
#2303=AXIS2_PLACEMENT_3D('',#3430,#2779,#2780);
#2304=AXIS2_PLACEMENT_3D('',#3439,#2785,#2786);
#2305=AXIS2_PLACEMENT_3D('',#3442,#2789,#2790);
#2306=AXIS2_PLACEMENT_3D('',#3445,#2793,#2794);
#2307=AXIS2_PLACEMENT_3D('',#3448,#2797,#2798);
#2308=AXIS2_PLACEMENT_3D('',#3451,#2801,#2802);
#2309=AXIS2_PLACEMENT_3D('',#3452,#2803,#2804);
#2310=AXIS2_PLACEMENT_3D('',#3453,#2805,#2806);
#2311=AXIS2_PLACEMENT_3D('',#3454,#2807,#2808);
#2312=AXIS2_PLACEMENT_3D('',#3455,#2809,#2810);
#2313=AXIS2_PLACEMENT_3D('',#3458,#2813,#2814);
#2314=AXIS2_PLACEMENT_3D('',#3461,#2817,#2818);
#2315=AXIS2_PLACEMENT_3D('',#3464,#2821,#2822);
#2316=AXIS2_PLACEMENT_3D('',#3467,#2825,#2826);
#2317=AXIS2_PLACEMENT_3D('',#3468,#2827,#2828);
#2318=AXIS2_PLACEMENT_3D('',#3469,#2829,#2830);
#2319=AXIS2_PLACEMENT_3D('',#3470,#2831,#2832);
#2320=AXIS2_PLACEMENT_3D('',#3471,#2833,#2834);
#2321=AXIS2_PLACEMENT_3D('',#3474,#2837,#2838);
#2322=AXIS2_PLACEMENT_3D('',#3477,#2841,#2842);
#2323=AXIS2_PLACEMENT_3D('',#3480,#2845,#2846);
#2324=AXIS2_PLACEMENT_3D('',#3483,#2849,#2850);
#2325=AXIS2_PLACEMENT_3D('',#3484,#2851,#2852);
#2326=AXIS2_PLACEMENT_3D('',#3485,#2853,#2854);
#2327=AXIS2_PLACEMENT_3D('',#3486,#2855,#2856);
#2328=AXIS2_PLACEMENT_3D('',#3487,#2857,#2858);
#2329=AXIS2_PLACEMENT_3D('',#3490,#2861,#2862);
#2330=AXIS2_PLACEMENT_3D('',#3492,#2864,#2865);
#2331=AXIS2_PLACEMENT_3D('',#3494,#2867,#2868);
#2332=AXIS2_PLACEMENT_3D('',#3495,#2869,#2870);
#2333=AXIS2_PLACEMENT_3D('',#3496,#2871,#2872);
#2334=AXIS2_PLACEMENT_3D('',#3497,#2873,#2874);
#2335=AXIS2_PLACEMENT_3D('',#3498,#2875,#2876);
#2336=AXIS2_PLACEMENT_3D('',#3499,#2877,#2878);
#2337=AXIS2_PLACEMENT_3D('',#3500,#2879,#2880);
#2338=AXIS2_PLACEMENT_3D('',#3501,#2881,#2882);
#2339=AXIS2_PLACEMENT_3D('',#3502,#2883,#2884);
#2340=AXIS2_PLACEMENT_3D('',#3503,#2885,#2886);
#2341=AXIS2_PLACEMENT_3D('',#3504,#2887,#2888);
#2342=AXIS2_PLACEMENT_3D('',#3505,#2889,#2890);
#2343=AXIS2_PLACEMENT_3D('',#3506,#2891,#2892);
#2344=AXIS2_PLACEMENT_3D('',#3507,#2893,#2894);
#2345=DIRECTION('',(0.,0.,1.));
#2346=DIRECTION('',(1.,0.,0.));
#2347=DIRECTION('',(0.,0.,1.));
#2348=DIRECTION('',(1.,0.,0.));
#2349=DIRECTION('',(-1.70740499604016E-16,-1.,0.));
#2350=DIRECTION('',(1.,5.33564061262551E-17,0.));
#2351=DIRECTION('',(0.,1.,0.));
#2352=DIRECTION('',(-1.,0.,0.));
#2353=DIRECTION('',(0.,-1.,0.));
#2354=DIRECTION('',(1.,5.33564061262551E-17,0.));
#2355=DIRECTION('',(0.,1.,0.));
#2356=DIRECTION('',(-1.,0.,0.));
#2357=DIRECTION('',(0.,-1.,0.));
#2358=DIRECTION('',(-1.,0.,0.));
#2359=DIRECTION('',(0.,-1.,0.));
#2360=DIRECTION('',(-1.,0.,0.));
#2361=DIRECTION('',(0.,0.,-1.));
#2362=DIRECTION('',(-1.,0.,0.));
#2363=DIRECTION('',(1.70740499604016E-16,1.,0.));
#2364=DIRECTION('',(1.,0.,0.));
#2365=DIRECTION('',(0.,-1.,0.));
#2366=DIRECTION('',(1.,0.,0.));
#2367=DIRECTION('',(0.,-1.,0.));
#2368=DIRECTION('',(1.,0.,0.));
#2369=DIRECTION('',(0.,-1.,0.));
#2370=DIRECTION('',(-1.,-5.33564061262551E-17,0.));
#2371=DIRECTION('',(0.,1.,0.));
#2372=DIRECTION('',(1.,0.,0.));
#2373=DIRECTION('',(0.,-1.,0.));
#2374=DIRECTION('',(-1.,-5.33564061262551E-17,0.));
#2375=DIRECTION('',(0.,0.,1.));
#2376=DIRECTION('',(1.,0.,0.));
#2377=DIRECTION('',(0.,-1.,0.));
#2378=DIRECTION('',(1.,5.33564061262551E-17,0.));
#2379=DIRECTION('',(0.,-1.,0.));
#2380=DIRECTION('',(-1.,0.,0.));
#2381=DIRECTION('',(-1.,0.,0.));
#2382=DIRECTION('',(0.,0.,1.));
#2383=DIRECTION('',(0.,0.,1.));
#2384=DIRECTION('',(0.,-1.,0.));
#2385=DIRECTION('',(0.,0.,-1.));
#2386=DIRECTION('',(0.,0.,-1.));
#2387=DIRECTION('',(-1.,0.,0.));
#2388=DIRECTION('',(-1.,-5.33564061262551E-17,0.));
#2389=DIRECTION('',(0.,-1.,0.));
#2390=DIRECTION('',(1.,0.,0.));
#2391=DIRECTION('',(0.,0.,1.));
#2392=DIRECTION('',(1.,0.,0.));
#2393=DIRECTION('',(0.,-1.,0.));
#2394=DIRECTION('',(1.,5.33564061262551E-17,0.));
#2395=DIRECTION('',(0.,-1.,0.));
#2396=DIRECTION('',(-1.,0.,0.));
#2397=DIRECTION('',(-1.,0.,0.));
#2398=DIRECTION('',(0.,0.,1.));
#2399=DIRECTION('',(0.,0.,1.));
#2400=DIRECTION('',(0.,-1.,0.));
#2401=DIRECTION('',(0.,0.,-1.));
#2402=DIRECTION('',(0.,0.,-1.));
#2403=DIRECTION('',(-1.,0.,0.));
#2404=DIRECTION('',(-1.,-5.33564061262551E-17,0.));
#2405=DIRECTION('',(0.,-1.,0.));
#2406=DIRECTION('',(1.,0.,0.));
#2407=DIRECTION('',(0.,0.,1.));
#2408=DIRECTION('',(1.,0.,0.));
#2409=DIRECTION('',(0.,-1.,0.));
#2410=DIRECTION('',(1.,5.33564061262551E-17,0.));
#2411=DIRECTION('',(0.,-1.,0.));
#2412=DIRECTION('',(-1.,0.,0.));
#2413=DIRECTION('',(-1.,0.,0.));
#2414=DIRECTION('',(0.,0.,1.));
#2415=DIRECTION('',(0.,0.,1.));
#2416=DIRECTION('',(0.,-1.,0.));
#2417=DIRECTION('',(0.,0.,-1.));
#2418=DIRECTION('',(0.,0.,-1.));
#2419=DIRECTION('',(-1.,0.,0.));
#2420=DIRECTION('',(-1.,-5.33564061262551E-17,0.));
#2421=DIRECTION('',(0.,-1.,0.));
#2422=DIRECTION('',(1.,0.,0.));
#2423=DIRECTION('',(0.,0.,1.));
#2424=DIRECTION('',(1.,0.,0.));
#2425=DIRECTION('',(0.,-1.,0.));
#2426=DIRECTION('',(1.,5.33564061262551E-17,0.));
#2427=DIRECTION('',(0.,-1.,0.));
#2428=DIRECTION('',(-1.,0.,0.));
#2429=DIRECTION('',(-1.,0.,0.));
#2430=DIRECTION('',(0.,0.,1.));
#2431=DIRECTION('',(0.,0.,1.));
#2432=DIRECTION('',(0.,-1.,0.));
#2433=DIRECTION('',(0.,0.,-1.));
#2434=DIRECTION('',(0.,0.,-1.));
#2435=DIRECTION('',(-1.,0.,0.));
#2436=DIRECTION('',(-1.,-5.33564061262551E-17,0.));
#2437=DIRECTION('',(0.,-1.,0.));
#2438=DIRECTION('',(1.,0.,0.));
#2439=DIRECTION('',(0.,0.,1.));
#2440=DIRECTION('',(1.,0.,0.));
#2441=DIRECTION('',(0.,-1.,0.));
#2442=DIRECTION('',(1.,5.33564061262551E-17,0.));
#2443=DIRECTION('',(0.,-1.,0.));
#2444=DIRECTION('',(-1.,0.,0.));
#2445=DIRECTION('',(-1.,0.,0.));
#2446=DIRECTION('',(0.,0.,1.));
#2447=DIRECTION('',(0.,0.,1.));
#2448=DIRECTION('',(0.,-1.,0.));
#2449=DIRECTION('',(0.,0.,-1.));
#2450=DIRECTION('',(0.,0.,-1.));
#2451=DIRECTION('',(-1.,0.,0.));
#2452=DIRECTION('',(-1.,-5.33564061262551E-17,0.));
#2453=DIRECTION('',(0.,-1.,0.));
#2454=DIRECTION('',(1.,0.,0.));
#2455=DIRECTION('',(0.,0.,1.));
#2456=DIRECTION('',(1.,0.,0.));
#2457=DIRECTION('',(0.,-1.,0.));
#2458=DIRECTION('',(1.,5.33564061262551E-17,0.));
#2459=DIRECTION('',(0.,-1.,0.));
#2460=DIRECTION('',(-1.,0.,0.));
#2461=DIRECTION('',(-1.,0.,0.));
#2462=DIRECTION('',(0.,0.,1.));
#2463=DIRECTION('',(0.,0.,1.));
#2464=DIRECTION('',(0.,-1.,0.));
#2465=DIRECTION('',(0.,0.,-1.));
#2466=DIRECTION('',(0.,0.,-1.));
#2467=DIRECTION('',(-1.,0.,0.));
#2468=DIRECTION('',(-1.,-5.33564061262551E-17,0.));
#2469=DIRECTION('',(0.,-1.,0.));
#2470=DIRECTION('',(1.,0.,0.));
#2471=DIRECTION('',(1.,0.,0.));
#2472=DIRECTION('',(0.,0.,-1.));
#2473=DIRECTION('',(0.,0.,-1.));
#2474=DIRECTION('',(0.,0.,1.));
#2475=DIRECTION('',(1.,0.,0.));
#2476=DIRECTION('',(0.,0.,-1.));
#2477=DIRECTION('',(0.,0.,-1.));
#2478=DIRECTION('',(0.,0.,1.));
#2479=DIRECTION('',(1.,0.,0.));
#2480=DIRECTION('',(0.,0.,-1.));
#2481=DIRECTION('',(0.,0.,-1.));
#2482=DIRECTION('',(0.,0.,1.));
#2483=DIRECTION('',(1.,0.,0.));
#2484=DIRECTION('',(0.,0.,-1.));
#2485=DIRECTION('',(0.,0.,-1.));
#2486=DIRECTION('',(0.,0.,1.));
#2487=DIRECTION('',(1.,0.,0.));
#2488=DIRECTION('',(0.,0.,-1.));
#2489=DIRECTION('',(0.,0.,-1.));
#2490=DIRECTION('',(0.,0.,1.));
#2491=DIRECTION('',(1.,0.,0.));
#2492=DIRECTION('',(0.,0.,-1.));
#2493=DIRECTION('',(0.,0.,-1.));
#2494=DIRECTION('',(0.,0.,1.));
#2495=DIRECTION('',(0.,1.,0.));
#2496=DIRECTION('',(0.,0.,1.));
#2497=DIRECTION('',(0.,0.,-1.));
#2498=DIRECTION('',(0.,0.,1.));
#2499=DIRECTION('',(0.,1.,0.));
#2500=DIRECTION('',(0.,0.,1.));
#2501=DIRECTION('',(0.,0.,1.));
#2502=DIRECTION('',(0.,0.,-1.));
#2503=DIRECTION('',(0.,1.,0.));
#2504=DIRECTION('',(0.,0.,1.));
#2505=DIRECTION('',(0.,0.,-1.));
#2506=DIRECTION('',(0.,0.,1.));
#2507=DIRECTION('',(1.,0.,0.));
#2508=DIRECTION('',(0.,0.,-1.));
#2509=DIRECTION('',(0.,0.,1.));
#2510=DIRECTION('',(-1.,0.,0.));
#2511=DIRECTION('',(0.,0.,1.));
#2512=DIRECTION('',(0.,0.,-1.));
#2513=DIRECTION('',(0.,1.,0.));
#2514=DIRECTION('',(0.,0.,1.));
#2515=DIRECTION('',(-1.,0.,0.));
#2516=DIRECTION('',(0.,0.,1.));
#2517=DIRECTION('',(0.,0.,-1.));
#2518=DIRECTION('',(1.,0.,0.));
#2519=DIRECTION('',(0.,0.,-1.));
#2520=DIRECTION('',(0.,0.,-1.));
#2521=DIRECTION('',(5.33564061262551E-17,-1.,0.));
#2522=DIRECTION('',(1.,5.33564061262551E-17,0.));
#2523=DIRECTION('',(5.33564061262551E-17,-1.,0.));
#2524=DIRECTION('',(1.,5.33564061262551E-17,0.));
#2525=DIRECTION('',(0.,0.,-1.));
#2526=DIRECTION('',(0.,0.,-1.));
#2527=DIRECTION('',(-1.,1.70740499604016E-16,0.));
#2528=DIRECTION('',(-1.70740499604016E-16,-1.,0.));
#2529=DIRECTION('',(1.,0.,0.));
#2530=DIRECTION('',(0.,0.,-1.));
#2531=DIRECTION('',(0.,0.,1.));
#2532=DIRECTION('',(1.,0.,0.));
#2533=DIRECTION('',(0.,-1.,0.));
#2534=DIRECTION('',(0.,0.,-1.));
#2535=DIRECTION('',(-0.500000000000001,0.,0.866025403784438));
#2536=DIRECTION('',(0.,0.,1.));
#2537=DIRECTION('',(-1.,0.,0.));
#2538=DIRECTION('',(0.,0.,-1.));
#2539=DIRECTION('',(-0.5,0.,-0.866025403784439));
#2540=DIRECTION('',(-1.,0.,0.));
#2541=DIRECTION('',(0.,-1.,0.));
#2542=DIRECTION('',(0.,0.,-1.));
#2543=DIRECTION('',(-0.500000000000001,0.,0.866025403784438));
#2544=DIRECTION('',(0.,0.,1.));
#2545=DIRECTION('',(-1.,0.,0.));
#2546=DIRECTION('',(0.,0.,-1.));
#2547=DIRECTION('',(-0.5,0.,-0.866025403784439));
#2548=DIRECTION('',(-1.,0.,0.));
#2549=DIRECTION('',(0.,0.,-1.));
#2550=DIRECTION('',(-1.,0.,0.));
#2551=DIRECTION('',(0.,-1.,0.));
#2552=DIRECTION('',(0.,1.,0.));
#2553=DIRECTION('',(-1.,0.,0.));
#2554=DIRECTION('',(0.,0.,-1.));
#2555=DIRECTION('',(-1.,0.,0.));
#2556=DIRECTION('',(0.,-1.,0.));
#2557=DIRECTION('',(0.,1.,0.));
#2558=DIRECTION('',(-1.,0.,0.));
#2559=DIRECTION('',(0.,1.,0.));
#2560=DIRECTION('',(0.,0.,1.));
#2561=DIRECTION('',(0.500000000000001,0.,-0.866025403784438));
#2562=DIRECTION('',(0.5,0.,0.866025403784439));
#2563=DIRECTION('',(0.,0.,1.));
#2564=DIRECTION('',(-1.,0.,0.));
#2565=DIRECTION('',(0.,0.,-1.));
#2566=DIRECTION('',(0.,1.,0.));
#2567=DIRECTION('',(0.,0.,1.));
#2568=DIRECTION('',(0.500000000000001,0.,-0.866025403784438));
#2569=DIRECTION('',(0.5,0.,0.866025403784439));
#2570=DIRECTION('',(0.,0.,1.));
#2571=DIRECTION('',(-1.,0.,0.));
#2572=DIRECTION('',(0.,0.,-1.));
#2573=DIRECTION('',(0.,-1.,0.));
#2574=DIRECTION('',(0.,0.,-1.));
#2575=DIRECTION('',(-0.500000000000001,0.,0.866025403784438));
#2576=DIRECTION('',(0.,0.,1.));
#2577=DIRECTION('',(-1.,0.,0.));
#2578=DIRECTION('',(0.,0.,-1.));
#2579=DIRECTION('',(-0.5,0.,-0.866025403784439));
#2580=DIRECTION('',(-1.,0.,0.));
#2581=DIRECTION('',(0.,-1.,0.));
#2582=DIRECTION('',(0.,0.,-1.));
#2583=DIRECTION('',(-0.500000000000001,0.,0.866025403784438));
#2584=DIRECTION('',(0.,0.,1.));
#2585=DIRECTION('',(-1.,0.,0.));
#2586=DIRECTION('',(0.,0.,-1.));
#2587=DIRECTION('',(-0.5,0.,-0.866025403784439));
#2588=DIRECTION('',(-1.,0.,0.));
#2589=DIRECTION('',(0.,0.,-1.));
#2590=DIRECTION('',(-1.,0.,0.));
#2591=DIRECTION('',(0.,-1.,0.));
#2592=DIRECTION('',(0.,1.,0.));
#2593=DIRECTION('',(-1.,0.,0.));
#2594=DIRECTION('',(0.,0.,-1.));
#2595=DIRECTION('',(-1.,0.,0.));
#2596=DIRECTION('',(0.,-1.,0.));
#2597=DIRECTION('',(0.,1.,0.));
#2598=DIRECTION('',(-1.,0.,0.));
#2599=DIRECTION('',(0.,1.,0.));
#2600=DIRECTION('',(0.,0.,1.));
#2601=DIRECTION('',(0.500000000000001,0.,-0.866025403784438));
#2602=DIRECTION('',(0.5,0.,0.866025403784439));
#2603=DIRECTION('',(0.,0.,1.));
#2604=DIRECTION('',(-1.,0.,0.));
#2605=DIRECTION('',(0.,0.,-1.));
#2606=DIRECTION('',(0.,1.,0.));
#2607=DIRECTION('',(0.,0.,1.));
#2608=DIRECTION('',(0.500000000000001,0.,-0.866025403784438));
#2609=DIRECTION('',(0.5,0.,0.866025403784439));
#2610=DIRECTION('',(0.,0.,1.));
#2611=DIRECTION('',(-1.,0.,0.));
#2612=DIRECTION('',(0.,0.,-1.));
#2613=DIRECTION('',(0.,-1.,0.));
#2614=DIRECTION('',(0.,0.,-1.));
#2615=DIRECTION('',(-0.500000000000001,0.,0.866025403784438));
#2616=DIRECTION('',(0.,0.,1.));
#2617=DIRECTION('',(-1.,0.,0.));
#2618=DIRECTION('',(0.,0.,-1.));
#2619=DIRECTION('',(-0.5,0.,-0.866025403784439));
#2620=DIRECTION('',(-1.,0.,0.));
#2621=DIRECTION('',(0.,-1.,0.));
#2622=DIRECTION('',(0.,0.,-1.));
#2623=DIRECTION('',(-0.500000000000001,0.,0.866025403784438));
#2624=DIRECTION('',(0.,0.,1.));
#2625=DIRECTION('',(-1.,0.,0.));
#2626=DIRECTION('',(0.,0.,-1.));
#2627=DIRECTION('',(-0.5,0.,-0.866025403784439));
#2628=DIRECTION('',(-1.,0.,0.));
#2629=DIRECTION('',(0.,0.,-1.));
#2630=DIRECTION('',(-1.,0.,0.));
#2631=DIRECTION('',(0.,-1.,0.));
#2632=DIRECTION('',(0.,1.,0.));
#2633=DIRECTION('',(-1.,0.,0.));
#2634=DIRECTION('',(0.,0.,-1.));
#2635=DIRECTION('',(-1.,0.,0.));
#2636=DIRECTION('',(0.,-1.,0.));
#2637=DIRECTION('',(0.,1.,0.));
#2638=DIRECTION('',(-1.,0.,0.));
#2639=DIRECTION('',(0.,1.,0.));
#2640=DIRECTION('',(0.,0.,1.));
#2641=DIRECTION('',(0.500000000000001,0.,-0.866025403784438));
#2642=DIRECTION('',(0.5,0.,0.866025403784439));
#2643=DIRECTION('',(0.,0.,1.));
#2644=DIRECTION('',(-1.,0.,0.));
#2645=DIRECTION('',(0.,0.,-1.));
#2646=DIRECTION('',(0.,1.,0.));
#2647=DIRECTION('',(0.,0.,1.));
#2648=DIRECTION('',(0.500000000000001,0.,-0.866025403784438));
#2649=DIRECTION('',(0.5,0.,0.866025403784439));
#2650=DIRECTION('',(0.,0.,1.));
#2651=DIRECTION('',(-1.,0.,0.));
#2652=DIRECTION('',(0.,0.,-1.));
#2653=DIRECTION('',(-1.,0.,0.));
#2654=DIRECTION('',(0.,0.,1.));
#2655=DIRECTION('',(0.,-1.,0.));
#2656=DIRECTION('',(-1.,0.,0.));
#2657=DIRECTION('',(0.,0.,1.));
#2658=DIRECTION('',(0.,1.,0.));
#2659=DIRECTION('',(0.,0.,-1.));
#2660=DIRECTION('',(0.,-1.,0.));
#2661=DIRECTION('',(-1.,0.,0.));
#2662=DIRECTION('',(0.,0.,1.));
#2663=DIRECTION('',(-1.,0.,0.));
#2664=DIRECTION('',(0.,0.,1.));
#2665=DIRECTION('',(0.,-1.,0.));
#2666=DIRECTION('',(-1.,0.,0.));
#2667=DIRECTION('',(0.,0.,1.));
#2668=DIRECTION('',(0.,1.,0.));
#2669=DIRECTION('',(0.,0.,-1.));
#2670=DIRECTION('',(0.,-1.,0.));
#2671=DIRECTION('',(-1.,0.,0.));
#2672=DIRECTION('',(0.,0.,1.));
#2673=DIRECTION('',(1.,0.,0.));
#2674=DIRECTION('',(0.,0.,-1.));
#2675=DIRECTION('',(1.,0.,0.));
#2676=DIRECTION('',(0.,0.,-1.));
#2677=DIRECTION('',(0.,1.,0.));
#2678=DIRECTION('',(0.,0.,-1.));
#2679=DIRECTION('',(0.,-1.,0.));
#2680=DIRECTION('',(1.,0.,0.));
#2681=DIRECTION('',(0.,0.,-1.));
#2682=DIRECTION('',(0.,-1.,0.));
#2683=DIRECTION('',(1.,0.,0.));
#2684=DIRECTION('',(0.,0.,-1.));
#2685=DIRECTION('',(0.,-1.,0.));
#2686=DIRECTION('',(1.,0.,0.));
#2687=DIRECTION('',(0.,0.,-1.));
#2688=DIRECTION('',(0.,1.,0.));
#2689=DIRECTION('',(0.,0.,-1.));
#2690=DIRECTION('',(0.,-1.,0.));
#2691=DIRECTION('',(1.,0.,0.));
#2692=DIRECTION('',(0.,0.,-1.));
#2693=DIRECTION('',(-1.,0.,0.));
#2694=DIRECTION('',(0.,0.,1.));
#2695=DIRECTION('',(0.,-1.,0.));
#2696=DIRECTION('',(-1.,0.,0.));
#2697=DIRECTION('',(0.,0.,1.));
#2698=DIRECTION('',(0.,1.,0.));
#2699=DIRECTION('',(0.,0.,-1.));
#2700=DIRECTION('',(0.,-1.,0.));
#2701=DIRECTION('',(-1.,0.,0.));
#2702=DIRECTION('',(0.,0.,1.));
#2703=DIRECTION('',(-1.,0.,0.));
#2704=DIRECTION('',(0.,0.,1.));
#2705=DIRECTION('',(0.,-1.,0.));
#2706=DIRECTION('',(-1.,0.,0.));
#2707=DIRECTION('',(0.,0.,1.));
#2708=DIRECTION('',(0.,1.,0.));
#2709=DIRECTION('',(0.,0.,-1.));
#2710=DIRECTION('',(0.,-1.,0.));
#2711=DIRECTION('',(-1.,0.,0.));
#2712=DIRECTION('',(0.,0.,1.));
#2713=DIRECTION('',(1.,0.,0.));
#2714=DIRECTION('',(0.,0.,-1.));
#2715=DIRECTION('',(1.,0.,0.));
#2716=DIRECTION('',(0.,0.,-1.));
#2717=DIRECTION('',(0.,1.,0.));
#2718=DIRECTION('',(0.,0.,-1.));
#2719=DIRECTION('',(0.,-1.,0.));
#2720=DIRECTION('',(1.,0.,0.));
#2721=DIRECTION('',(0.,0.,-1.));
#2722=DIRECTION('',(0.,-1.,0.));
#2723=DIRECTION('',(1.,0.,0.));
#2724=DIRECTION('',(0.,0.,-1.));
#2725=DIRECTION('',(0.,-1.,0.));
#2726=DIRECTION('',(1.,0.,0.));
#2727=DIRECTION('',(0.,0.,-1.));
#2728=DIRECTION('',(0.,1.,0.));
#2729=DIRECTION('',(0.,0.,-1.));
#2730=DIRECTION('',(0.,-1.,0.));
#2731=DIRECTION('',(1.,0.,0.));
#2732=DIRECTION('',(0.,0.,-1.));
#2733=DIRECTION('',(-1.,0.,0.));
#2734=DIRECTION('',(0.,0.,1.));
#2735=DIRECTION('',(0.,1.,0.));
#2736=DIRECTION('',(-1.,0.,0.));
#2737=DIRECTION('',(0.,0.,1.));
#2738=DIRECTION('',(0.,1.,0.));
#2739=DIRECTION('',(0.,0.,-1.));
#2740=DIRECTION('',(0.,-1.,0.));
#2741=DIRECTION('',(-1.,0.,0.));
#2742=DIRECTION('',(0.,0.,1.));
#2743=DIRECTION('',(-1.,0.,0.));
#2744=DIRECTION('',(0.,0.,1.));
#2745=DIRECTION('',(0.,1.,0.));
#2746=DIRECTION('',(-1.,0.,0.));
#2747=DIRECTION('',(0.,0.,1.));
#2748=DIRECTION('',(0.,1.,0.));
#2749=DIRECTION('',(0.,0.,-1.));
#2750=DIRECTION('',(0.,-1.,0.));
#2751=DIRECTION('',(-1.,0.,0.));
#2752=DIRECTION('',(0.,0.,1.));
#2753=DIRECTION('',(1.,0.,0.));
#2754=DIRECTION('',(0.,0.,-1.));
#2755=DIRECTION('',(1.,0.,0.));
#2756=DIRECTION('',(0.,0.,-1.));
#2757=DIRECTION('',(0.,1.,0.));
#2758=DIRECTION('',(0.,0.,-1.));
#2759=DIRECTION('',(0.,-1.,0.));
#2760=DIRECTION('',(1.,0.,0.));
#2761=DIRECTION('',(0.,0.,-1.));
#2762=DIRECTION('',(0.,-1.,0.));
#2763=DIRECTION('',(1.,0.,0.));
#2764=DIRECTION('',(0.,0.,-1.));
#2765=DIRECTION('',(0.,-1.,0.));
#2766=DIRECTION('',(1.,0.,0.));
#2767=DIRECTION('',(0.,0.,-1.));
#2768=DIRECTION('',(0.,1.,0.));
#2769=DIRECTION('',(0.,0.,-1.));
#2770=DIRECTION('',(0.,-1.,0.));
#2771=DIRECTION('',(1.,0.,0.));
#2772=DIRECTION('',(0.,0.,-1.));
#2773=DIRECTION('',(1.,0.,0.));
#2774=DIRECTION('',(0.,0.,-1.));
#2775=DIRECTION('',(0.,0.,1.));
#2776=DIRECTION('',(0.,-1.,0.));
#2777=DIRECTION('',(0.,0.,1.));
#2778=DIRECTION('',(0.,-1.,0.));
#2779=DIRECTION('',(-1.,0.,0.));
#2780=DIRECTION('',(0.,0.,1.));
#2781=DIRECTION('',(0.,0.,-1.));
#2782=DIRECTION('',(0.,-1.,0.));
#2783=DIRECTION('',(0.,0.,-1.));
#2784=DIRECTION('',(0.,-1.,0.));
#2785=DIRECTION('',(0.,0.,1.));
#2786=DIRECTION('',(1.,0.,0.));
#2787=DIRECTION('',(-1.,0.,0.));
#2788=DIRECTION('',(1.,0.,0.));
#2789=DIRECTION('',(0.,0.,1.));
#2790=DIRECTION('',(1.,0.,0.));
#2791=DIRECTION('',(-1.,0.,0.));
#2792=DIRECTION('',(1.,0.,0.));
#2793=DIRECTION('',(0.,0.,-1.));
#2794=DIRECTION('',(-1.,0.,0.));
#2795=DIRECTION('',(-1.,0.,0.));
#2796=DIRECTION('',(-1.,0.,0.));
#2797=DIRECTION('',(0.,0.,-1.));
#2798=DIRECTION('',(-1.,0.,0.));
#2799=DIRECTION('',(-1.,0.,0.));
#2800=DIRECTION('',(-1.,0.,0.));
#2801=DIRECTION('',(-1.,0.,0.));
#2802=DIRECTION('',(0.,0.,1.));
#2803=DIRECTION('',(-1.,0.,0.));
#2804=DIRECTION('',(0.,0.,1.));
#2805=DIRECTION('',(-1.,0.,0.));
#2806=DIRECTION('',(0.,0.,1.));
#2807=DIRECTION('',(-1.,0.,0.));
#2808=DIRECTION('',(0.,0.,1.));
#2809=DIRECTION('',(0.,0.,1.));
#2810=DIRECTION('',(1.,0.,0.));
#2811=DIRECTION('',(-1.,0.,0.));
#2812=DIRECTION('',(1.,0.,0.));
#2813=DIRECTION('',(0.,0.,1.));
#2814=DIRECTION('',(1.,0.,0.));
#2815=DIRECTION('',(-1.,0.,0.));
#2816=DIRECTION('',(1.,0.,0.));
#2817=DIRECTION('',(0.,0.,-1.));
#2818=DIRECTION('',(-1.,0.,0.));
#2819=DIRECTION('',(-1.,0.,0.));
#2820=DIRECTION('',(-1.,0.,0.));
#2821=DIRECTION('',(0.,0.,-1.));
#2822=DIRECTION('',(-1.,0.,0.));
#2823=DIRECTION('',(-1.,0.,0.));
#2824=DIRECTION('',(-1.,0.,0.));
#2825=DIRECTION('',(-1.,0.,0.));
#2826=DIRECTION('',(0.,0.,1.));
#2827=DIRECTION('',(-1.,0.,0.));
#2828=DIRECTION('',(0.,0.,1.));
#2829=DIRECTION('',(-1.,0.,0.));
#2830=DIRECTION('',(0.,0.,1.));
#2831=DIRECTION('',(-1.,0.,0.));
#2832=DIRECTION('',(0.,0.,1.));
#2833=DIRECTION('',(0.,0.,1.));
#2834=DIRECTION('',(1.,0.,0.));
#2835=DIRECTION('',(-1.,0.,0.));
#2836=DIRECTION('',(1.,0.,0.));
#2837=DIRECTION('',(0.,0.,1.));
#2838=DIRECTION('',(1.,0.,0.));
#2839=DIRECTION('',(-1.,0.,0.));
#2840=DIRECTION('',(1.,0.,0.));
#2841=DIRECTION('',(0.,0.,-1.));
#2842=DIRECTION('',(-1.,0.,0.));
#2843=DIRECTION('',(-1.,0.,0.));
#2844=DIRECTION('',(-1.,0.,0.));
#2845=DIRECTION('',(0.,0.,-1.));
#2846=DIRECTION('',(-1.,0.,0.));
#2847=DIRECTION('',(-1.,0.,0.));
#2848=DIRECTION('',(-1.,0.,0.));
#2849=DIRECTION('',(-1.,0.,0.));
#2850=DIRECTION('',(0.,0.,1.));
#2851=DIRECTION('',(-1.,0.,0.));
#2852=DIRECTION('',(0.,0.,1.));
#2853=DIRECTION('',(-1.,0.,0.));
#2854=DIRECTION('',(0.,0.,1.));
#2855=DIRECTION('',(-1.,0.,0.));
#2856=DIRECTION('',(0.,0.,1.));
#2857=DIRECTION('',(0.,1.,0.));
#2858=DIRECTION('',(0.,0.,1.));
#2859=DIRECTION('',(-1.,0.,0.));
#2860=DIRECTION('',(1.,0.,0.));
#2861=DIRECTION('',(0.,0.,1.));
#2862=DIRECTION('',(1.,0.,0.));
#2863=DIRECTION('',(-1.,0.,0.));
#2864=DIRECTION('',(0.,0.,-1.));
#2865=DIRECTION('',(-1.,0.,0.));
#2866=DIRECTION('',(1.,0.,0.));
#2867=DIRECTION('',(0.,1.,0.));
#2868=DIRECTION('',(0.,0.,1.));
#2869=DIRECTION('',(0.866025403784438,0.,0.5));
#2870=DIRECTION('',(0.500000000000001,0.,-0.866025403784438));
#2871=DIRECTION('',(0.866025403784438,0.,0.5));
#2872=DIRECTION('',(0.500000000000001,0.,-0.866025403784438));
#2873=DIRECTION('',(-0.866025403784439,0.,0.5));
#2874=DIRECTION('',(0.5,0.,0.866025403784439));
#2875=DIRECTION('',(-0.866025403784439,0.,0.5));
#2876=DIRECTION('',(0.5,0.,0.866025403784439));
#2877=DIRECTION('',(0.866025403784438,0.,0.5));
#2878=DIRECTION('',(0.500000000000001,0.,-0.866025403784438));
#2879=DIRECTION('',(0.866025403784438,0.,0.5));
#2880=DIRECTION('',(0.500000000000001,0.,-0.866025403784438));
#2881=DIRECTION('',(-0.866025403784439,0.,0.5));
#2882=DIRECTION('',(0.5,0.,0.866025403784439));
#2883=DIRECTION('',(-0.866025403784439,0.,0.5));
#2884=DIRECTION('',(0.5,0.,0.866025403784439));
#2885=DIRECTION('',(0.866025403784438,0.,0.5));
#2886=DIRECTION('',(0.500000000000001,0.,-0.866025403784438));
#2887=DIRECTION('',(0.866025403784438,0.,0.5));
#2888=DIRECTION('',(0.500000000000001,0.,-0.866025403784438));
#2889=DIRECTION('',(-0.866025403784439,0.,0.5));
#2890=DIRECTION('',(0.5,0.,0.866025403784439));
#2891=DIRECTION('',(-0.866025403784439,0.,0.5));
#2892=DIRECTION('',(0.5,0.,0.866025403784439));
#2893=DIRECTION('',(0.,0.,1.));
#2894=DIRECTION('',(1.,0.,0.));
#2895=CARTESIAN_POINT('',(0.,0.,0.));
#2896=CARTESIAN_POINT('',(0.11,0.335,-0.1475));
#2897=CARTESIAN_POINT('',(0.0900000000000001,0.335,-0.1475));
#2898=CARTESIAN_POINT('',(0.09,0.02,-0.1475));
#2899=CARTESIAN_POINT('',(0.09,0.,-0.1475));
#2900=CARTESIAN_POINT('',(0.11,0.02,-0.1475));
#2901=CARTESIAN_POINT('',(0.01,0.02,-0.1475));
#2902=CARTESIAN_POINT('',(0.01,0.335,-0.1475));
#2903=CARTESIAN_POINT('',(0.01,0.,-0.1475));
#2904=CARTESIAN_POINT('',(0.11,0.,-0.1475));
#2905=CARTESIAN_POINT('',(-0.01,0.,-0.1475));
#2906=CARTESIAN_POINT('',(-0.01,0.335,-0.1475));
#2907=CARTESIAN_POINT('',(-0.01,0.02,-0.1475));
#2908=CARTESIAN_POINT('',(0.11,0.02,-0.1475));
#2909=CARTESIAN_POINT('',(-0.09,0.02,-0.1475));
#2910=CARTESIAN_POINT('',(-0.09,0.335,-0.1475));
#2911=CARTESIAN_POINT('',(-0.09,0.,-0.1475));
#2912=CARTESIAN_POINT('',(0.11,0.,-0.1475));
#2913=CARTESIAN_POINT('',(-0.11,0.,-0.1475));
#2914=CARTESIAN_POINT('',(-0.11,0.335,-0.1475));
#2915=CARTESIAN_POINT('',(-0.11,0.335,-0.1475));
#2916=CARTESIAN_POINT('',(0.11,0.335,-0.1475));
#2917=CARTESIAN_POINT('',(0.11,0.335,-0.1475));
#2918=CARTESIAN_POINT('',(0.11,0.335,-0.1475));
#2919=CARTESIAN_POINT('',(0.11,0.,-0.1475));
#2920=CARTESIAN_POINT('',(0.11,0.,-0.1475));
#2921=CARTESIAN_POINT('',(-0.11,0.335,0.1475));
#2922=CARTESIAN_POINT('',(0.0900000000000001,0.335,0.1475));
#2923=CARTESIAN_POINT('',(0.09,0.,0.1475));
#2924=CARTESIAN_POINT('',(0.09,0.02,0.1475));
#2925=CARTESIAN_POINT('',(-0.11,0.,0.1475));
#2926=CARTESIAN_POINT('',(0.11,0.,0.1475));
#2927=CARTESIAN_POINT('',(0.11,0.335,0.1475));
#2928=CARTESIAN_POINT('',(0.11,0.335,0.1475));
#2929=CARTESIAN_POINT('',(-0.11,0.335,0.1475));
#2930=CARTESIAN_POINT('',(-0.11,0.335,0.1475));
#2931=CARTESIAN_POINT('',(-0.11,0.335,0.1475));
#2932=CARTESIAN_POINT('',(-0.11,0.,0.1475));
#2933=CARTESIAN_POINT('',(-0.11,0.,0.1475));
#2934=CARTESIAN_POINT('',(-0.09,0.,0.1475));
#2935=CARTESIAN_POINT('',(-0.09,0.335,0.1475));
#2936=CARTESIAN_POINT('',(-0.09,0.02,0.1475));
#2937=CARTESIAN_POINT('',(-0.11,0.02,0.1475));
#2938=CARTESIAN_POINT('',(-0.01,0.02,0.1475));
#2939=CARTESIAN_POINT('',(-0.01,0.335,0.1475));
#2940=CARTESIAN_POINT('',(-0.01,0.,0.1475));
#2941=CARTESIAN_POINT('',(-0.11,0.,0.1475));
#2942=CARTESIAN_POINT('',(0.01,0.,0.1475));
#2943=CARTESIAN_POINT('',(0.01,0.335,0.1475));
#2944=CARTESIAN_POINT('',(0.01,0.02,0.1475));
#2945=CARTESIAN_POINT('',(-0.11,0.02,0.1475));
#2946=CARTESIAN_POINT('',(0.0655,0.335,0.0845));
#2947=CARTESIAN_POINT('',(0.0345,0.335,0.0845));
#2948=CARTESIAN_POINT('',(0.0345,0.335,0.0845));
#2949=CARTESIAN_POINT('',(0.0345,0.02,0.0845));
#2950=CARTESIAN_POINT('',(0.0655,0.02,0.0845));
#2951=CARTESIAN_POINT('',(0.0655,0.02,0.0845));
#2952=CARTESIAN_POINT('',(0.0655,0.335,0.0845));
#2953=CARTESIAN_POINT('',(0.0655,0.335,0.0845));
#2954=CARTESIAN_POINT('',(0.0655,0.335,0.0845));
#2955=CARTESIAN_POINT('',(0.0655,0.335,0.1155));
#2956=CARTESIAN_POINT('',(0.0655,0.02,0.1155));
#2957=CARTESIAN_POINT('',(0.0655,0.02,0.1155));
#2958=CARTESIAN_POINT('',(0.0655,0.335,0.1155));
#2959=CARTESIAN_POINT('',(0.0655,0.335,0.1155));
#2960=CARTESIAN_POINT('',(0.0655,0.335,0.1155));
#2961=CARTESIAN_POINT('',(0.0345,0.335,0.1155));
#2962=CARTESIAN_POINT('',(0.0345,0.02,0.1155));
#2963=CARTESIAN_POINT('',(0.0345,0.02,0.1155));
#2964=CARTESIAN_POINT('',(0.0345,0.335,0.1155));
#2965=CARTESIAN_POINT('',(0.0345,0.335,0.1155));
#2966=CARTESIAN_POINT('',(0.0345,0.335,0.1155));
#2967=CARTESIAN_POINT('',(0.0655,0.335,-0.0155));
#2968=CARTESIAN_POINT('',(0.0345,0.335,-0.0155));
#2969=CARTESIAN_POINT('',(0.0345,0.335,-0.0155));
#2970=CARTESIAN_POINT('',(0.0345,0.02,-0.0155));
#2971=CARTESIAN_POINT('',(0.0655,0.02,-0.0155));
#2972=CARTESIAN_POINT('',(0.0655,0.02,-0.0155));
#2973=CARTESIAN_POINT('',(0.0655,0.335,-0.0155));
#2974=CARTESIAN_POINT('',(0.0655,0.335,-0.0155));
#2975=CARTESIAN_POINT('',(0.0655,0.335,-0.0155));
#2976=CARTESIAN_POINT('',(0.0655,0.335,0.0155));
#2977=CARTESIAN_POINT('',(0.0655,0.02,0.0155));
#2978=CARTESIAN_POINT('',(0.0655,0.02,0.0155));
#2979=CARTESIAN_POINT('',(0.0655,0.335,0.0155));
#2980=CARTESIAN_POINT('',(0.0655,0.335,0.0155));
#2981=CARTESIAN_POINT('',(0.0655,0.335,0.0155));
#2982=CARTESIAN_POINT('',(0.0345,0.335,0.0155));
#2983=CARTESIAN_POINT('',(0.0345,0.02,0.0155));
#2984=CARTESIAN_POINT('',(0.0345,0.02,0.0155));
#2985=CARTESIAN_POINT('',(0.0345,0.335,0.0155));
#2986=CARTESIAN_POINT('',(0.0345,0.335,0.0155));
#2987=CARTESIAN_POINT('',(0.0345,0.335,0.0155));
#2988=CARTESIAN_POINT('',(0.0655,0.335,-0.1155));
#2989=CARTESIAN_POINT('',(0.0345,0.335,-0.1155));
#2990=CARTESIAN_POINT('',(0.0345,0.335,-0.1155));
#2991=CARTESIAN_POINT('',(0.0345,0.02,-0.1155));
#2992=CARTESIAN_POINT('',(0.0655,0.02,-0.1155));
#2993=CARTESIAN_POINT('',(0.0655,0.02,-0.1155));
#2994=CARTESIAN_POINT('',(0.0655,0.335,-0.1155));
#2995=CARTESIAN_POINT('',(0.0655,0.335,-0.1155));
#2996=CARTESIAN_POINT('',(0.0655,0.335,-0.1155));
#2997=CARTESIAN_POINT('',(0.0655,0.335,-0.0845));
#2998=CARTESIAN_POINT('',(0.0655,0.02,-0.0845));
#2999=CARTESIAN_POINT('',(0.0655,0.02,-0.0845));
#3000=CARTESIAN_POINT('',(0.0655,0.335,-0.0845));
#3001=CARTESIAN_POINT('',(0.0655,0.335,-0.0845));
#3002=CARTESIAN_POINT('',(0.0655,0.335,-0.0845));
#3003=CARTESIAN_POINT('',(0.0345,0.335,-0.0845));
#3004=CARTESIAN_POINT('',(0.0345,0.02,-0.0845));
#3005=CARTESIAN_POINT('',(0.0345,0.02,-0.0845));
#3006=CARTESIAN_POINT('',(0.0345,0.335,-0.0845));
#3007=CARTESIAN_POINT('',(0.0345,0.335,-0.0845));
#3008=CARTESIAN_POINT('',(0.0345,0.335,-0.0845));
#3009=CARTESIAN_POINT('',(-0.0345,0.335,0.0845));
#3010=CARTESIAN_POINT('',(-0.0655,0.335,0.0845));
#3011=CARTESIAN_POINT('',(-0.0655,0.335,0.0845));
#3012=CARTESIAN_POINT('',(-0.0655,0.02,0.0845));
#3013=CARTESIAN_POINT('',(-0.0345,0.02,0.0845));
#3014=CARTESIAN_POINT('',(-0.0345,0.02,0.0845));
#3015=CARTESIAN_POINT('',(-0.0345,0.335,0.0845));
#3016=CARTESIAN_POINT('',(-0.0345,0.335,0.0845));
#3017=CARTESIAN_POINT('',(-0.0345,0.335,0.0845));
#3018=CARTESIAN_POINT('',(-0.0345,0.335,0.1155));
#3019=CARTESIAN_POINT('',(-0.0345,0.02,0.1155));
#3020=CARTESIAN_POINT('',(-0.0345,0.02,0.1155));
#3021=CARTESIAN_POINT('',(-0.0345,0.335,0.1155));
#3022=CARTESIAN_POINT('',(-0.0345,0.335,0.1155));
#3023=CARTESIAN_POINT('',(-0.0345,0.335,0.1155));
#3024=CARTESIAN_POINT('',(-0.0655,0.335,0.1155));
#3025=CARTESIAN_POINT('',(-0.0655,0.02,0.1155));
#3026=CARTESIAN_POINT('',(-0.0655,0.02,0.1155));
#3027=CARTESIAN_POINT('',(-0.0655,0.335,0.1155));
#3028=CARTESIAN_POINT('',(-0.0655,0.335,0.1155));
#3029=CARTESIAN_POINT('',(-0.0655,0.335,0.1155));
#3030=CARTESIAN_POINT('',(-0.0345,0.335,-0.0155));
#3031=CARTESIAN_POINT('',(-0.0655,0.335,-0.0155));
#3032=CARTESIAN_POINT('',(-0.0655,0.335,-0.0155));
#3033=CARTESIAN_POINT('',(-0.0655,0.02,-0.0155));
#3034=CARTESIAN_POINT('',(-0.0345,0.02,-0.0155));
#3035=CARTESIAN_POINT('',(-0.0345,0.02,-0.0155));
#3036=CARTESIAN_POINT('',(-0.0345,0.335,-0.0155));
#3037=CARTESIAN_POINT('',(-0.0345,0.335,-0.0155));
#3038=CARTESIAN_POINT('',(-0.0345,0.335,-0.0155));
#3039=CARTESIAN_POINT('',(-0.0345,0.335,0.0155));
#3040=CARTESIAN_POINT('',(-0.0345,0.02,0.0155));
#3041=CARTESIAN_POINT('',(-0.0345,0.02,0.0155));
#3042=CARTESIAN_POINT('',(-0.0345,0.335,0.0155));
#3043=CARTESIAN_POINT('',(-0.0345,0.335,0.0155));
#3044=CARTESIAN_POINT('',(-0.0345,0.335,0.0155));
#3045=CARTESIAN_POINT('',(-0.0655,0.335,0.0155));
#3046=CARTESIAN_POINT('',(-0.0655,0.02,0.0155));
#3047=CARTESIAN_POINT('',(-0.0655,0.02,0.0155));
#3048=CARTESIAN_POINT('',(-0.0655,0.335,0.0155));
#3049=CARTESIAN_POINT('',(-0.0655,0.335,0.0155));
#3050=CARTESIAN_POINT('',(-0.0655,0.335,0.0155));
#3051=CARTESIAN_POINT('',(-0.0345,0.335,-0.1155));
#3052=CARTESIAN_POINT('',(-0.0655,0.335,-0.1155));
#3053=CARTESIAN_POINT('',(-0.0655,0.335,-0.1155));
#3054=CARTESIAN_POINT('',(-0.0655,0.02,-0.1155));
#3055=CARTESIAN_POINT('',(-0.0345,0.02,-0.1155));
#3056=CARTESIAN_POINT('',(-0.0345,0.02,-0.1155));
#3057=CARTESIAN_POINT('',(-0.0345,0.335,-0.1155));
#3058=CARTESIAN_POINT('',(-0.0345,0.335,-0.1155));
#3059=CARTESIAN_POINT('',(-0.0345,0.335,-0.1155));
#3060=CARTESIAN_POINT('',(-0.0345,0.335,-0.0845));
#3061=CARTESIAN_POINT('',(-0.0345,0.02,-0.0845));
#3062=CARTESIAN_POINT('',(-0.0345,0.02,-0.0845));
#3063=CARTESIAN_POINT('',(-0.0345,0.335,-0.0845));
#3064=CARTESIAN_POINT('',(-0.0345,0.335,-0.0845));
#3065=CARTESIAN_POINT('',(-0.0345,0.335,-0.0845));
#3066=CARTESIAN_POINT('',(-0.0655,0.335,-0.0845));
#3067=CARTESIAN_POINT('',(-0.0655,0.02,-0.0845));
#3068=CARTESIAN_POINT('',(-0.0655,0.02,-0.0845));
#3069=CARTESIAN_POINT('',(-0.0655,0.335,-0.0845));
#3070=CARTESIAN_POINT('',(-0.0655,0.335,-0.0845));
#3071=CARTESIAN_POINT('',(-0.0655,0.335,-0.0845));
#3072=CARTESIAN_POINT('',(0.0345,0.335,0.0845));
#3073=CARTESIAN_POINT('',(0.0345,0.02,0.0845));
#3074=CARTESIAN_POINT('',(0.0345,0.335,0.0845));
#3075=CARTESIAN_POINT('',(0.0345,0.335,-0.0155));
#3076=CARTESIAN_POINT('',(0.0345,0.02,-0.0155));
#3077=CARTESIAN_POINT('',(0.0345,0.335,-0.0155));
#3078=CARTESIAN_POINT('',(0.0345,0.335,-0.1155));
#3079=CARTESIAN_POINT('',(0.0345,0.02,-0.1155));
#3080=CARTESIAN_POINT('',(0.0345,0.335,-0.1155));
#3081=CARTESIAN_POINT('',(-0.0655,0.335,0.0845));
#3082=CARTESIAN_POINT('',(-0.0655,0.02,0.0845));
#3083=CARTESIAN_POINT('',(-0.0655,0.335,0.0845));
#3084=CARTESIAN_POINT('',(-0.0655,0.335,-0.0155));
#3085=CARTESIAN_POINT('',(-0.0655,0.02,-0.0155));
#3086=CARTESIAN_POINT('',(-0.0655,0.335,-0.0155));
#3087=CARTESIAN_POINT('',(-0.0655,0.335,-0.1155));
#3088=CARTESIAN_POINT('',(-0.0655,0.02,-0.1155));
#3089=CARTESIAN_POINT('',(-0.0655,0.335,-0.1155));
#3090=CARTESIAN_POINT('',(0.,0.,0.));
#3091=CARTESIAN_POINT('',(-0.09,0.,0.));
#3092=CARTESIAN_POINT('',(-0.11,0.,-0.1475));
#3093=CARTESIAN_POINT('',(0.,0.,0.));
#3094=CARTESIAN_POINT('',(0.09,0.,0.));
#3095=CARTESIAN_POINT('',(0.11,0.,0.1475));
#3096=CARTESIAN_POINT('',(0.,0.,0.));
#3097=CARTESIAN_POINT('',(0.01,0.,0.));
#3098=CARTESIAN_POINT('',(-0.01,0.,0.));
#3099=CARTESIAN_POINT('',(-0.11,0.335,-0.1475));
#3100=CARTESIAN_POINT('',(-0.11,0.335,-0.1475));
#3101=CARTESIAN_POINT('',(0.11,0.335,0.1475));
#3102=CARTESIAN_POINT('',(0.11,0.335,0.1475));
#3103=CARTESIAN_POINT('',(0.,0.335,0.));
#3104=CARTESIAN_POINT('',(-0.01,-0.05,0.2));
#3105=CARTESIAN_POINT('',(-0.01,0.02,0.2));
#3106=CARTESIAN_POINT('',(-0.09,0.02,0.2));
#3107=CARTESIAN_POINT('',(-0.09,0.02,0.2));
#3108=CARTESIAN_POINT('',(-0.01,0.02,0.2));
#3109=CARTESIAN_POINT('',(0.09,0.02,0.2));
#3110=CARTESIAN_POINT('',(0.09,0.02,0.2));
#3111=CARTESIAN_POINT('',(0.01,0.02,0.2));
#3112=CARTESIAN_POINT('',(0.09,-0.08,0.2));
#3113=CARTESIAN_POINT('',(0.01,0.02,0.2));
#3114=CARTESIAN_POINT('',(0.,0.,0.));
#3115=CARTESIAN_POINT('',(0.0705,0.016,0.124));
#3116=CARTESIAN_POINT('',(0.112727068683689,0.016,0.148379809471617));
#3117=CARTESIAN_POINT('',(0.0655,0.016,0.230179491924311));
#3118=CARTESIAN_POINT('',(0.0557886751345948,0.016,0.247));
#3119=CARTESIAN_POINT('',(0.0655,0.016,0.124));
#3120=CARTESIAN_POINT('',(0.0655,0.016,0.124));
#3121=CARTESIAN_POINT('',(0.0705,0.016,0.124));
#3122=CARTESIAN_POINT('',(0.0345,0.016,0.124));
#3123=CARTESIAN_POINT('',(0.0345,0.016,0.124));
#3124=CARTESIAN_POINT('',(0.0345,0.016,0.230179491924311));
#3125=CARTESIAN_POINT('',(-0.00247706868368907,0.016,0.166133330249198));
#3126=CARTESIAN_POINT('',(0.0442113248654052,0.016,0.247));
#3127=CARTESIAN_POINT('',(0.0705,0.016,0.247));
#3128=CARTESIAN_POINT('',(0.0705,0.016,0.124));
#3129=CARTESIAN_POINT('',(0.0377270686836892,0.016,0.105078539282395));
#3130=CARTESIAN_POINT('',(-0.0345,0.016,0.230179491924311));
#3131=CARTESIAN_POINT('',(-0.0442113248654052,0.016,0.247));
#3132=CARTESIAN_POINT('',(-0.0345,0.016,0.124));
#3133=CARTESIAN_POINT('',(-0.0345,0.016,0.124));
#3134=CARTESIAN_POINT('',(0.0705,0.016,0.124));
#3135=CARTESIAN_POINT('',(-0.0655,0.016,0.124));
#3136=CARTESIAN_POINT('',(-0.0655,0.016,0.124));
#3137=CARTESIAN_POINT('',(-0.0655,0.016,0.230179491924311));
#3138=CARTESIAN_POINT('',(-0.0774770686836891,0.016,0.20943460043842));
#3139=CARTESIAN_POINT('',(-0.0557886751345948,0.016,0.247));
#3140=CARTESIAN_POINT('',(0.0705,0.016,0.247));
#3141=CARTESIAN_POINT('',(0.0705,0.016,0.247));
#3142=CARTESIAN_POINT('',(0.0557886751345948,0.016,0.247));
#3143=CARTESIAN_POINT('',(0.0557886751345948,0.,0.247));
#3144=CARTESIAN_POINT('',(0.0442113248654052,0.016,0.247));
#3145=CARTESIAN_POINT('',(0.0442113248654052,0.,0.247));
#3146=CARTESIAN_POINT('',(0.0705,0.,0.247));
#3147=CARTESIAN_POINT('',(0.0705,0.016,0.247));
#3148=CARTESIAN_POINT('',(-0.0442113248654052,0.016,0.247));
#3149=CARTESIAN_POINT('',(-0.0442113248654052,0.,0.247));
#3150=CARTESIAN_POINT('',(-0.0557886751345948,0.016,0.247));
#3151=CARTESIAN_POINT('',(-0.0557886751345948,0.,0.247));
#3152=CARTESIAN_POINT('',(0.0705,0.,0.247));
#3153=CARTESIAN_POINT('',(0.0705,0.,0.247));
#3154=CARTESIAN_POINT('',(0.0594665063509461,0.,0.240629809471617));
#3155=CARTESIAN_POINT('',(0.0655,0.,0.230179491924311));
#3156=CARTESIAN_POINT('',(0.0507834936490539,0.,0.258383330249198));
#3157=CARTESIAN_POINT('',(0.0345,0.,0.230179491924311));
#3158=CARTESIAN_POINT('',(0.0345,0.,0.247));
#3159=CARTESIAN_POINT('',(0.0345,0.,0.124));
#3160=CARTESIAN_POINT('',(0.0705,0.,0.124));
#3161=CARTESIAN_POINT('',(0.0655,0.,0.124));
#3162=CARTESIAN_POINT('',(0.0655,0.,0.247));
#3163=CARTESIAN_POINT('',(0.0705,0.,0.247));
#3164=CARTESIAN_POINT('',(-0.0155334936490539,0.,0.197328539282395));
#3165=CARTESIAN_POINT('',(-0.0345,0.,0.230179491924311));
#3166=CARTESIAN_POINT('',(-0.0242165063509461,0.,0.30168460043842));
#3167=CARTESIAN_POINT('',(-0.0655,0.,0.230179491924311));
#3168=CARTESIAN_POINT('',(-0.0655,0.,0.247));
#3169=CARTESIAN_POINT('',(-0.0655,0.,0.124));
#3170=CARTESIAN_POINT('',(0.0705,0.,0.124));
#3171=CARTESIAN_POINT('',(-0.0345,0.,0.124));
#3172=CARTESIAN_POINT('',(-0.0345,0.,0.247));
#3173=CARTESIAN_POINT('',(0.0705,-0.084,0.024));
#3174=CARTESIAN_POINT('',(0.156028338872911,-0.084,0.0733798094716168));
#3175=CARTESIAN_POINT('',(0.0655,-0.084,0.230179491924311));
#3176=CARTESIAN_POINT('',(0.0557886751345948,-0.084,0.247));
#3177=CARTESIAN_POINT('',(0.0655,-0.084,0.024));
#3178=CARTESIAN_POINT('',(0.0655,-0.084,0.024));
#3179=CARTESIAN_POINT('',(0.0705,-0.084,0.024));
#3180=CARTESIAN_POINT('',(0.0345,-0.084,0.024));
#3181=CARTESIAN_POINT('',(0.0345,-0.084,0.024));
#3182=CARTESIAN_POINT('',(0.0345,-0.084,0.230179491924311));
#3183=CARTESIAN_POINT('',(-0.045778338872911,-0.084,0.0911333302491976));
#3184=CARTESIAN_POINT('',(0.0442113248654052,-0.084,0.247));
#3185=CARTESIAN_POINT('',(0.0705,-0.084,0.247));
#3186=CARTESIAN_POINT('',(0.0705,-0.084,0.024));
#3187=CARTESIAN_POINT('',(0.0810283388729111,-0.084,0.0300785392823948));
#3188=CARTESIAN_POINT('',(-0.0345,-0.084,0.230179491924311));
#3189=CARTESIAN_POINT('',(-0.0442113248654052,-0.084,0.247));
#3190=CARTESIAN_POINT('',(-0.0345,-0.084,0.024));
#3191=CARTESIAN_POINT('',(-0.0345,-0.084,0.024));
#3192=CARTESIAN_POINT('',(0.0705,-0.084,0.024));
#3193=CARTESIAN_POINT('',(-0.0655,-0.084,0.024));
#3194=CARTESIAN_POINT('',(-0.0655,-0.084,0.024));
#3195=CARTESIAN_POINT('',(-0.0655,-0.084,0.230179491924311));
#3196=CARTESIAN_POINT('',(-0.120778338872911,-0.084,0.13443460043842));
#3197=CARTESIAN_POINT('',(-0.0557886751345948,-0.084,0.247));
#3198=CARTESIAN_POINT('',(0.0705,-0.084,0.247));
#3199=CARTESIAN_POINT('',(0.0705,-0.084,0.247));
#3200=CARTESIAN_POINT('',(0.0557886751345948,-0.084,0.247));
#3201=CARTESIAN_POINT('',(0.0557886751345948,-0.1,0.247));
#3202=CARTESIAN_POINT('',(0.0442113248654052,-0.084,0.247));
#3203=CARTESIAN_POINT('',(0.0442113248654052,-0.1,0.247));
#3204=CARTESIAN_POINT('',(0.0705,-0.1,0.247));
#3205=CARTESIAN_POINT('',(0.0705,-0.084,0.247));
#3206=CARTESIAN_POINT('',(-0.0442113248654052,-0.084,0.247));
#3207=CARTESIAN_POINT('',(-0.0442113248654052,-0.1,0.247));
#3208=CARTESIAN_POINT('',(-0.0557886751345948,-0.084,0.247));
#3209=CARTESIAN_POINT('',(-0.0557886751345948,-0.1,0.247));
#3210=CARTESIAN_POINT('',(0.0705,-0.1,0.247));
#3211=CARTESIAN_POINT('',(0.0705,-0.1,0.247));
#3212=CARTESIAN_POINT('',(0.0594665063509461,-0.1,0.240629809471617));
#3213=CARTESIAN_POINT('',(0.0655,-0.1,0.230179491924311));
#3214=CARTESIAN_POINT('',(0.0507834936490539,-0.1,0.258383330249198));
#3215=CARTESIAN_POINT('',(0.0345,-0.1,0.230179491924311));
#3216=CARTESIAN_POINT('',(0.0345,-0.1,0.247));
#3217=CARTESIAN_POINT('',(0.0345,-0.1,0.024));
#3218=CARTESIAN_POINT('',(0.0705,-0.1,0.024));
#3219=CARTESIAN_POINT('',(0.0655,-0.1,0.024));
#3220=CARTESIAN_POINT('',(0.0655,-0.1,0.247));
#3221=CARTESIAN_POINT('',(0.0705,-0.1,0.247));
#3222=CARTESIAN_POINT('',(-0.0155334936490538,-0.1,0.197328539282395));
#3223=CARTESIAN_POINT('',(-0.0345,-0.1,0.230179491924311));
#3224=CARTESIAN_POINT('',(-0.0242165063509461,-0.1,0.30168460043842));
#3225=CARTESIAN_POINT('',(-0.0655,-0.1,0.230179491924311));
#3226=CARTESIAN_POINT('',(-0.0655,-0.1,0.247));
#3227=CARTESIAN_POINT('',(-0.0655,-0.1,0.024));
#3228=CARTESIAN_POINT('',(0.0705,-0.1,0.024));
#3229=CARTESIAN_POINT('',(-0.0345,-0.1,0.024));
#3230=CARTESIAN_POINT('',(-0.0345,-0.1,0.247));
#3231=CARTESIAN_POINT('',(0.0705,-0.184,-0.076));
#3232=CARTESIAN_POINT('',(0.199329609062133,-0.184,-0.00162019052838315));
#3233=CARTESIAN_POINT('',(0.0655,-0.184,0.230179491924311));
#3234=CARTESIAN_POINT('',(0.0557886751345948,-0.184,0.247));
#3235=CARTESIAN_POINT('',(0.0655,-0.184,-0.076));
#3236=CARTESIAN_POINT('',(0.0655,-0.184,-0.076));
#3237=CARTESIAN_POINT('',(0.0705,-0.184,-0.076));
#3238=CARTESIAN_POINT('',(0.0345,-0.184,-0.076));
#3239=CARTESIAN_POINT('',(0.0345,-0.184,-0.076));
#3240=CARTESIAN_POINT('',(0.0345,-0.184,0.230179491924311));
#3241=CARTESIAN_POINT('',(-0.0890796090621329,-0.184,0.0161333302491976));
#3242=CARTESIAN_POINT('',(0.0442113248654052,-0.184,0.247));
#3243=CARTESIAN_POINT('',(0.0705,-0.184,0.247));
#3244=CARTESIAN_POINT('',(0.0705,-0.184,-0.076));
#3245=CARTESIAN_POINT('',(0.124329609062133,-0.184,-0.0449214607176051));
#3246=CARTESIAN_POINT('',(-0.0345,-0.184,0.230179491924311));
#3247=CARTESIAN_POINT('',(-0.0442113248654052,-0.184,0.247));
#3248=CARTESIAN_POINT('',(-0.0345,-0.184,-0.076));
#3249=CARTESIAN_POINT('',(-0.0345,-0.184,-0.076));
#3250=CARTESIAN_POINT('',(0.0705,-0.184,-0.076));
#3251=CARTESIAN_POINT('',(-0.0655,-0.184,-0.076));
#3252=CARTESIAN_POINT('',(-0.0655,-0.184,-0.076));
#3253=CARTESIAN_POINT('',(-0.0655,-0.184,0.230179491924311));
#3254=CARTESIAN_POINT('',(-0.164079609062133,-0.184,0.0594346004384195));
#3255=CARTESIAN_POINT('',(-0.0557886751345948,-0.184,0.247));
#3256=CARTESIAN_POINT('',(0.0705,-0.184,0.247));
#3257=CARTESIAN_POINT('',(0.0705,-0.184,0.247));
#3258=CARTESIAN_POINT('',(0.0557886751345948,-0.184,0.247));
#3259=CARTESIAN_POINT('',(0.0557886751345948,-0.2,0.247));
#3260=CARTESIAN_POINT('',(0.0442113248654052,-0.184,0.247));
#3261=CARTESIAN_POINT('',(0.0442113248654052,-0.2,0.247));
#3262=CARTESIAN_POINT('',(0.0705,-0.2,0.247));
#3263=CARTESIAN_POINT('',(0.0705,-0.184,0.247));
#3264=CARTESIAN_POINT('',(-0.0442113248654052,-0.184,0.247));
#3265=CARTESIAN_POINT('',(-0.0442113248654052,-0.2,0.247));
#3266=CARTESIAN_POINT('',(-0.0557886751345948,-0.184,0.247));
#3267=CARTESIAN_POINT('',(-0.0557886751345949,-0.2,0.247));
#3268=CARTESIAN_POINT('',(0.0705,-0.2,0.247));
#3269=CARTESIAN_POINT('',(0.0705,-0.2,0.247));
#3270=CARTESIAN_POINT('',(0.0594665063509461,-0.2,0.240629809471617));
#3271=CARTESIAN_POINT('',(0.0655,-0.2,0.230179491924311));
#3272=CARTESIAN_POINT('',(0.0507834936490539,-0.2,0.258383330249198));
#3273=CARTESIAN_POINT('',(0.0345,-0.2,0.230179491924311));
#3274=CARTESIAN_POINT('',(0.0345,-0.2,0.247));
#3275=CARTESIAN_POINT('',(0.0345,-0.2,-0.0760000000000001));
#3276=CARTESIAN_POINT('',(0.0705,-0.2,-0.0760000000000001));
#3277=CARTESIAN_POINT('',(0.0655,-0.2,-0.0760000000000001));
#3278=CARTESIAN_POINT('',(0.0655,-0.2,0.247));
#3279=CARTESIAN_POINT('',(0.0705,-0.2,0.247));
#3280=CARTESIAN_POINT('',(-0.0155334936490538,-0.2,0.197328539282395));
#3281=CARTESIAN_POINT('',(-0.0345,-0.2,0.230179491924311));
#3282=CARTESIAN_POINT('',(-0.0242165063509462,-0.2,0.30168460043842));
#3283=CARTESIAN_POINT('',(-0.0655,-0.2,0.230179491924311));
#3284=CARTESIAN_POINT('',(-0.0655,-0.2,0.247));
#3285=CARTESIAN_POINT('',(-0.0655,-0.2,-0.0760000000000001));
#3286=CARTESIAN_POINT('',(0.0705,-0.2,-0.0760000000000001));
#3287=CARTESIAN_POINT('',(-0.0345,-0.2,-0.0760000000000001));
#3288=CARTESIAN_POINT('',(-0.0345,-0.2,0.247));
#3289=CARTESIAN_POINT('',(-0.0655,-0.35,1.));
#3290=CARTESIAN_POINT('',(-0.0655,1.,0.230179491924311));
#3291=CARTESIAN_POINT('',(-0.0655,-0.168,-0.076));
#3292=CARTESIAN_POINT('',(-0.0655,-0.168,-0.092));
#3293=CARTESIAN_POINT('',(-0.0655,0.108,-0.092));
#3294=CARTESIAN_POINT('',(-0.0655,0.103,-0.092));
#3295=CARTESIAN_POINT('',(-0.0655,0.103,1.));
#3296=CARTESIAN_POINT('',(-0.0655,0.103,-0.108));
#3297=CARTESIAN_POINT('',(-0.0655,-0.168,-0.108));
#3298=CARTESIAN_POINT('',(-0.0655,-0.168,-0.108));
#3299=CARTESIAN_POINT('',(-0.0655,-0.168,-0.076));
#3300=CARTESIAN_POINT('',(0.0345,-0.35,1.));
#3301=CARTESIAN_POINT('',(0.0345,1.,0.230179491924311));
#3302=CARTESIAN_POINT('',(0.0345,-0.168,-0.076));
#3303=CARTESIAN_POINT('',(0.0345,-0.168,-0.092));
#3304=CARTESIAN_POINT('',(0.0345,0.108,-0.092));
#3305=CARTESIAN_POINT('',(0.0345,0.103,-0.092));
#3306=CARTESIAN_POINT('',(0.0345,0.103,1.));
#3307=CARTESIAN_POINT('',(0.0345,0.103,-0.108));
#3308=CARTESIAN_POINT('',(0.0345,-0.168,-0.108));
#3309=CARTESIAN_POINT('',(0.0345,-0.168,-0.108));
#3310=CARTESIAN_POINT('',(0.0345,-0.168,-0.076));
#3311=CARTESIAN_POINT('',(-0.0345,0.103,1.));
#3312=CARTESIAN_POINT('',(-0.0345,-0.168,-0.076));
#3313=CARTESIAN_POINT('',(-0.0345,-0.168,-0.108));
#3314=CARTESIAN_POINT('',(-0.0345,-0.168,-0.108));
#3315=CARTESIAN_POINT('',(-0.0345,0.103,-0.108));
#3316=CARTESIAN_POINT('',(-0.0345,0.103,1.));
#3317=CARTESIAN_POINT('',(-0.0345,0.103,-0.092));
#3318=CARTESIAN_POINT('',(-0.0345,0.108,-0.092));
#3319=CARTESIAN_POINT('',(-0.0345,-0.168,-0.092));
#3320=CARTESIAN_POINT('',(-0.0345,-0.168,-0.076));
#3321=CARTESIAN_POINT('',(-0.0345,1.,0.230179491924311));
#3322=CARTESIAN_POINT('',(0.0655,0.103,1.));
#3323=CARTESIAN_POINT('',(0.0655,1.,0.230179491924311));
#3324=CARTESIAN_POINT('',(0.0655,-0.168,-0.076));
#3325=CARTESIAN_POINT('',(0.0655,-0.168,-0.108));
#3326=CARTESIAN_POINT('',(0.0655,-0.168,-0.108));
#3327=CARTESIAN_POINT('',(0.0655,0.103,-0.108));
#3328=CARTESIAN_POINT('',(0.0655,0.103,1.));
#3329=CARTESIAN_POINT('',(0.0655,0.103,-0.092));
#3330=CARTESIAN_POINT('',(0.0655,0.108,-0.092));
#3331=CARTESIAN_POINT('',(0.0655,-0.168,-0.092));
#3332=CARTESIAN_POINT('',(0.0655,-0.168,-0.076));
#3333=CARTESIAN_POINT('',(-0.0655,-0.35,1.));
#3334=CARTESIAN_POINT('',(-0.0655,1.,0.230179491924311));
#3335=CARTESIAN_POINT('',(-0.0655,-0.068,0.024));
#3336=CARTESIAN_POINT('',(-0.0655,-0.068,0.008));
#3337=CARTESIAN_POINT('',(-0.0655,0.108,0.008));
#3338=CARTESIAN_POINT('',(-0.0655,0.103,0.00800000000000002));
#3339=CARTESIAN_POINT('',(-0.0655,0.103,1.));
#3340=CARTESIAN_POINT('',(-0.0655,0.103,-0.00800000000000002));
#3341=CARTESIAN_POINT('',(-0.0655,-0.068,-0.008));
#3342=CARTESIAN_POINT('',(-0.0655,-0.068,-0.00799999999999999));
#3343=CARTESIAN_POINT('',(-0.0655,-0.068,0.024));
#3344=CARTESIAN_POINT('',(0.0345,-0.35,1.));
#3345=CARTESIAN_POINT('',(0.0345,1.,0.230179491924311));
#3346=CARTESIAN_POINT('',(0.0345,-0.068,0.024));
#3347=CARTESIAN_POINT('',(0.0345,-0.068,0.008));
#3348=CARTESIAN_POINT('',(0.0345,0.108,0.008));
#3349=CARTESIAN_POINT('',(0.0345,0.103,0.00800000000000002));
#3350=CARTESIAN_POINT('',(0.0345,0.103,1.));
#3351=CARTESIAN_POINT('',(0.0345,0.103,-0.00800000000000002));
#3352=CARTESIAN_POINT('',(0.0345,-0.068,-0.008));
#3353=CARTESIAN_POINT('',(0.0345,-0.068,-0.00799999999999999));
#3354=CARTESIAN_POINT('',(0.0345,-0.068,0.024));
#3355=CARTESIAN_POINT('',(-0.0345,0.103,1.));
#3356=CARTESIAN_POINT('',(-0.0345,-0.068,0.024));
#3357=CARTESIAN_POINT('',(-0.0345,-0.068,-0.00799999999999999));
#3358=CARTESIAN_POINT('',(-0.0345,-0.068,-0.008));
#3359=CARTESIAN_POINT('',(-0.0345,0.103,-0.00800000000000002));
#3360=CARTESIAN_POINT('',(-0.0345,0.103,1.));
#3361=CARTESIAN_POINT('',(-0.0345,0.103,0.00800000000000002));
#3362=CARTESIAN_POINT('',(-0.0345,0.108,0.008));
#3363=CARTESIAN_POINT('',(-0.0345,-0.068,0.008));
#3364=CARTESIAN_POINT('',(-0.0345,-0.068,0.024));
#3365=CARTESIAN_POINT('',(-0.0345,1.,0.230179491924311));
#3366=CARTESIAN_POINT('',(0.0655,0.103,1.));
#3367=CARTESIAN_POINT('',(0.0655,1.,0.230179491924311));
#3368=CARTESIAN_POINT('',(0.0655,-0.068,0.024));
#3369=CARTESIAN_POINT('',(0.0655,-0.068,-0.00799999999999999));
#3370=CARTESIAN_POINT('',(0.0655,-0.068,-0.008));
#3371=CARTESIAN_POINT('',(0.0655,0.103,-0.00800000000000002));
#3372=CARTESIAN_POINT('',(0.0655,0.103,1.));
#3373=CARTESIAN_POINT('',(0.0655,0.103,0.00800000000000002));
#3374=CARTESIAN_POINT('',(0.0655,0.108,0.008));
#3375=CARTESIAN_POINT('',(0.0655,-0.068,0.008));
#3376=CARTESIAN_POINT('',(0.0655,-0.068,0.024));
#3377=CARTESIAN_POINT('',(-0.0655,-0.35,1.));
#3378=CARTESIAN_POINT('',(-0.0655,-0.35,0.230179491924311));
#3379=CARTESIAN_POINT('',(-0.0655,0.032,0.124));
#3380=CARTESIAN_POINT('',(-0.0655,0.032,0.108));
#3381=CARTESIAN_POINT('',(-0.0655,0.108,0.108));
#3382=CARTESIAN_POINT('',(-0.0655,0.103,0.108));
#3383=CARTESIAN_POINT('',(-0.0655,0.103,1.));
#3384=CARTESIAN_POINT('',(-0.0655,0.103,0.092));
#3385=CARTESIAN_POINT('',(-0.0655,0.032,0.092));
#3386=CARTESIAN_POINT('',(-0.0655,0.032,0.092));
#3387=CARTESIAN_POINT('',(-0.0655,0.032,0.124));
#3388=CARTESIAN_POINT('',(0.0345,-0.35,1.));
#3389=CARTESIAN_POINT('',(0.0345,-0.35,0.230179491924311));
#3390=CARTESIAN_POINT('',(0.0345,0.032,0.124));
#3391=CARTESIAN_POINT('',(0.0345,0.032,0.108));
#3392=CARTESIAN_POINT('',(0.0345,0.108,0.108));
#3393=CARTESIAN_POINT('',(0.0345,0.103,0.108));
#3394=CARTESIAN_POINT('',(0.0345,0.103,1.));
#3395=CARTESIAN_POINT('',(0.0345,0.103,0.092));
#3396=CARTESIAN_POINT('',(0.0345,0.032,0.092));
#3397=CARTESIAN_POINT('',(0.0345,0.032,0.092));
#3398=CARTESIAN_POINT('',(0.0345,0.032,0.124));
#3399=CARTESIAN_POINT('',(-0.0345,0.103,1.));
#3400=CARTESIAN_POINT('',(-0.0345,0.032,0.124));
#3401=CARTESIAN_POINT('',(-0.0345,0.032,0.092));
#3402=CARTESIAN_POINT('',(-0.0345,0.032,0.092));
#3403=CARTESIAN_POINT('',(-0.0345,0.103,0.092));
#3404=CARTESIAN_POINT('',(-0.0345,0.103,1.));
#3405=CARTESIAN_POINT('',(-0.0345,0.103,0.108));
#3406=CARTESIAN_POINT('',(-0.0345,0.108,0.108));
#3407=CARTESIAN_POINT('',(-0.0345,0.032,0.108));
#3408=CARTESIAN_POINT('',(-0.0345,0.032,0.124));
#3409=CARTESIAN_POINT('',(-0.0345,0.103,0.230179491924311));
#3410=CARTESIAN_POINT('',(0.0655,0.103,1.));
#3411=CARTESIAN_POINT('',(0.0655,0.103,0.230179491924311));
#3412=CARTESIAN_POINT('',(0.0655,0.032,0.124));
#3413=CARTESIAN_POINT('',(0.0655,0.032,0.092));
#3414=CARTESIAN_POINT('',(0.0655,0.032,0.092));
#3415=CARTESIAN_POINT('',(0.0655,0.103,0.092));
#3416=CARTESIAN_POINT('',(0.0655,0.103,1.));
#3417=CARTESIAN_POINT('',(0.0655,0.103,0.108));
#3418=CARTESIAN_POINT('',(0.0655,0.108,0.108));
#3419=CARTESIAN_POINT('',(0.0655,0.032,0.108));
#3420=CARTESIAN_POINT('',(0.0655,0.032,0.124));
#3421=CARTESIAN_POINT('',(-0.0705,0.108,-0.124));
#3422=CARTESIAN_POINT('',(-0.0705,0.103,-0.124));
#3423=CARTESIAN_POINT('',(-0.0705,0.103,-0.124));
#3424=CARTESIAN_POINT('',(-0.0705,0.103,0.124));
#3425=CARTESIAN_POINT('',(-0.0705,0.108,0.124));
#3426=CARTESIAN_POINT('',(-0.0705,0.108,0.124));
#3427=CARTESIAN_POINT('',(-0.0705,0.108,-0.124));
#3428=CARTESIAN_POINT('',(-0.0705,0.108,-0.124));
#3429=CARTESIAN_POINT('',(-0.0705,0.108,-0.124));
#3430=CARTESIAN_POINT('',(0.0705,0.108,0.124));
#3431=CARTESIAN_POINT('',(0.0705,0.103,0.124));
#3432=CARTESIAN_POINT('',(0.0705,0.103,0.124));
#3433=CARTESIAN_POINT('',(0.0705,0.103,-0.124));
#3434=CARTESIAN_POINT('',(0.0705,0.108,-0.124));
#3435=CARTESIAN_POINT('',(0.0705,0.108,-0.124));
#3436=CARTESIAN_POINT('',(0.0705,0.108,0.124));
#3437=CARTESIAN_POINT('',(0.0705,0.108,0.124));
#3438=CARTESIAN_POINT('',(0.0705,0.108,0.124));
#3439=CARTESIAN_POINT('',(0.0705,0.032,0.092));
#3440=CARTESIAN_POINT('',(0.0705,0.032,0.092));
#3441=CARTESIAN_POINT('',(0.,0.103,0.092));
#3442=CARTESIAN_POINT('',(0.0705,0.032,0.092));
#3443=CARTESIAN_POINT('',(0.0705,0.032,0.092));
#3444=CARTESIAN_POINT('',(0.,0.103,0.092));
#3445=CARTESIAN_POINT('',(0.0705,0.108,0.108));
#3446=CARTESIAN_POINT('',(0.,0.103,0.108));
#3447=CARTESIAN_POINT('',(0.0705,0.032,0.108));
#3448=CARTESIAN_POINT('',(0.0705,0.108,0.108));
#3449=CARTESIAN_POINT('',(0.,0.103,0.108));
#3450=CARTESIAN_POINT('',(0.0705,0.032,0.108));
#3451=CARTESIAN_POINT('',(0.0705,0.032,0.124));
#3452=CARTESIAN_POINT('',(0.0705,0.032,0.124));
#3453=CARTESIAN_POINT('',(0.0705,0.032,0.124));
#3454=CARTESIAN_POINT('',(0.0705,0.032,0.124));
#3455=CARTESIAN_POINT('',(0.0705,-0.068,-0.008));
#3456=CARTESIAN_POINT('',(0.0705,-0.068,-0.00799999999999999));
#3457=CARTESIAN_POINT('',(0.,0.103,-0.008));
#3458=CARTESIAN_POINT('',(0.0705,-0.068,-0.008));
#3459=CARTESIAN_POINT('',(0.0705,-0.068,-0.00799999999999999));
#3460=CARTESIAN_POINT('',(0.,0.103,-0.008));
#3461=CARTESIAN_POINT('',(0.0705,0.108,0.008));
#3462=CARTESIAN_POINT('',(0.,0.103,0.008));
#3463=CARTESIAN_POINT('',(0.0705,-0.068,0.008));
#3464=CARTESIAN_POINT('',(0.0705,0.108,0.008));
#3465=CARTESIAN_POINT('',(0.,0.103,0.008));
#3466=CARTESIAN_POINT('',(0.0705,-0.068,0.008));
#3467=CARTESIAN_POINT('',(0.0705,-0.068,0.024));
#3468=CARTESIAN_POINT('',(0.0705,-0.068,0.024));
#3469=CARTESIAN_POINT('',(0.0705,-0.068,0.024));
#3470=CARTESIAN_POINT('',(0.0705,-0.068,0.024));
#3471=CARTESIAN_POINT('',(0.0705,-0.168,-0.108));
#3472=CARTESIAN_POINT('',(0.0705,-0.168,-0.108));
#3473=CARTESIAN_POINT('',(0.,0.103,-0.108));
#3474=CARTESIAN_POINT('',(0.0705,-0.168,-0.108));
#3475=CARTESIAN_POINT('',(0.0705,-0.168,-0.108));
#3476=CARTESIAN_POINT('',(0.,0.103,-0.108));
#3477=CARTESIAN_POINT('',(0.0705,0.108,-0.092));
#3478=CARTESIAN_POINT('',(0.,0.103,-0.092));
#3479=CARTESIAN_POINT('',(0.0705,-0.168,-0.092));
#3480=CARTESIAN_POINT('',(0.0705,0.108,-0.092));
#3481=CARTESIAN_POINT('',(0.,0.103,-0.092));
#3482=CARTESIAN_POINT('',(0.0705,-0.168,-0.092));
#3483=CARTESIAN_POINT('',(0.0705,-0.168,-0.076));
#3484=CARTESIAN_POINT('',(0.0705,-0.168,-0.076));
#3485=CARTESIAN_POINT('',(0.0705,-0.168,-0.076));
#3486=CARTESIAN_POINT('',(0.0705,-0.168,-0.076));
#3487=CARTESIAN_POINT('',(0.,0.103,0.));
#3488=CARTESIAN_POINT('',(0.0705,0.103,-0.124));
#3489=CARTESIAN_POINT('',(-0.0705,0.103,0.124));
#3490=CARTESIAN_POINT('',(0.0705,0.108,-0.124));
#3491=CARTESIAN_POINT('',(0.0705,0.108,-0.124));
#3492=CARTESIAN_POINT('',(-0.0705,0.108,0.124));
#3493=CARTESIAN_POINT('',(-0.0705,0.108,0.124));
#3494=CARTESIAN_POINT('',(0.,0.108,0.));
#3495=CARTESIAN_POINT('',(0.0655,1.,0.230179491924311));
#3496=CARTESIAN_POINT('',(-0.0345,1.,0.230179491924311));
#3497=CARTESIAN_POINT('',(0.0445,1.,0.2475));
#3498=CARTESIAN_POINT('',(-0.0555,1.,0.2475));
#3499=CARTESIAN_POINT('',(0.0655,1.,0.230179491924311));
#3500=CARTESIAN_POINT('',(-0.0345,1.,0.230179491924311));
#3501=CARTESIAN_POINT('',(0.0445,1.,0.2475));
#3502=CARTESIAN_POINT('',(-0.0555,1.,0.2475));
#3503=CARTESIAN_POINT('',(0.0655,1.,0.230179491924311));
#3504=CARTESIAN_POINT('',(-0.0345,1.,0.230179491924311));
#3505=CARTESIAN_POINT('',(0.0445,1.,0.2475));
#3506=CARTESIAN_POINT('',(-0.0555,1.,0.2475));
#3507=CARTESIAN_POINT('',(0.,-0.068,-8.327598234202E-18));
#3508=MECHANICAL_DESIGN_GEOMETRIC_PRESENTATION_REPRESENTATION('',(#2185,
#2186),#3509);
#3509=(
GEOMETRIC_REPRESENTATION_CONTEXT(3)
GLOBAL_UNCERTAINTY_ASSIGNED_CONTEXT((#3512))
GLOBAL_UNIT_ASSIGNED_CONTEXT((#3517,#3516,#3515))
REPRESENTATION_CONTEXT('SSW-102-02-T-T-RA','TOP_LEVEL_ASSEMBLY_PART')
);
#3510=(
GEOMETRIC_REPRESENTATION_CONTEXT(3)
GLOBAL_UNCERTAINTY_ASSIGNED_CONTEXT((#3513))
GLOBAL_UNIT_ASSIGNED_CONTEXT((#3517,#3516,#3515))
REPRESENTATION_CONTEXT('T1SSW-102-02-T-T-RA','COMPONENT_PART')
);
#3511=(
GEOMETRIC_REPRESENTATION_CONTEXT(3)
GLOBAL_UNCERTAINTY_ASSIGNED_CONTEXT((#3514))
GLOBAL_UNIT_ASSIGNED_CONTEXT((#3517,#3516,#3515))
REPRESENTATION_CONTEXT('P2SSW-102-02-T-T-RA','COMPONENT_PART')
);
#3512=UNCERTAINTY_MEASURE_WITH_UNIT(LENGTH_MEASURE(3.93700787401575E-7),
#3517,'DISTANCE_ACCURACY_VALUE','Maximum Tolerance applied to model');
#3513=UNCERTAINTY_MEASURE_WITH_UNIT(LENGTH_MEASURE(3.93700787401575E-7),
#3517,'DISTANCE_ACCURACY_VALUE','Maximum Tolerance applied to model');
#3514=UNCERTAINTY_MEASURE_WITH_UNIT(LENGTH_MEASURE(3.93700787401575E-7),
#3517,'DISTANCE_ACCURACY_VALUE','Maximum Tolerance applied to model');
#3515=(
NAMED_UNIT(*)
SI_UNIT($,.STERADIAN.)
SOLID_ANGLE_UNIT()
);
#3516=(
NAMED_UNIT(*)
PLANE_ANGLE_UNIT()
SI_UNIT($,.RADIAN.)
);
#3517=(
CONVERSION_BASED_UNIT('INCH',#3519)
LENGTH_UNIT()
NAMED_UNIT(#3518)
);
#3518=DIMENSIONAL_EXPONENTS(1.,0.,0.,0.,0.,0.,0.);
#3519=LENGTH_MEASURE_WITH_UNIT(LENGTH_MEASURE(25.4),#3520);
#3520=(
LENGTH_UNIT()
NAMED_UNIT(*)
SI_UNIT(.MILLI.,.METRE.)
);
#3521=PRODUCT_DEFINITION_SHAPE('','',#3526);
#3522=PRODUCT_DEFINITION_SHAPE('','',#3527);
#3523=PRODUCT_DEFINITION_SHAPE(' ','NAUO PRDDFN',#57);
#3524=PRODUCT_DEFINITION_SHAPE('','',#3528);
#3525=PRODUCT_DEFINITION_SHAPE(' ','NAUO PRDDFN',#58);
#3526=PRODUCT_DEFINITION('','',#3532,#3529);
#3527=PRODUCT_DEFINITION('','',#3533,#3530);
#3528=PRODUCT_DEFINITION('','',#3534,#3531);
#3529=PRODUCT_DEFINITION_CONTEXT('',#3548,'design');
#3530=PRODUCT_DEFINITION_CONTEXT('',#3548,'design');
#3531=PRODUCT_DEFINITION_CONTEXT('',#3548,'design');
#3532=PRODUCT_DEFINITION_FORMATION_WITH_SPECIFIED_SOURCE('','',#3538,
 .NOT_KNOWN.);
#3533=PRODUCT_DEFINITION_FORMATION_WITH_SPECIFIED_SOURCE('','',#3539,
 .NOT_KNOWN.);
#3534=PRODUCT_DEFINITION_FORMATION_WITH_SPECIFIED_SOURCE('','',#3540,
 .NOT_KNOWN.);
#3535=PRODUCT_RELATED_PRODUCT_CATEGORY('','',(#3538));
#3536=PRODUCT_RELATED_PRODUCT_CATEGORY('','',(#3539));
#3537=PRODUCT_RELATED_PRODUCT_CATEGORY('','',(#3540));
#3538=PRODUCT('SSW-102-02-T-T-RA','SSW-102-02-T-T-RA',
'SSW-102-02-T-T-RA',(#3544));
#3539=PRODUCT('T1SSW-102-02-T-T-RA','T1SSW-102-02-T-T-RA',
'T1SSW-102-02-T-T-RA',(#3545));
#3540=PRODUCT('P2SSW-102-02-T-T-RA','P2SSW-102-02-T-T-RA',
'P2SSW-102-02-T-T-RA',(#3546));
#3541=PRODUCT_CATEGORY('','');
#3542=PRODUCT_CATEGORY('','');
#3543=PRODUCT_CATEGORY('','');
#3544=PRODUCT_CONTEXT('',#3548,'mechanical');
#3545=PRODUCT_CONTEXT('',#3548,'mechanical');
#3546=PRODUCT_CONTEXT('',#3548,'mechanical');
#3547=APPLICATION_PROTOCOL_DEFINITION('international standard',
'automotive_design',2010,#3548);
#3548=APPLICATION_CONTEXT(
'core data for automotive mechanical design processes');
ENDSEC;
END-ISO-10303-21;
