ISO-10303-21;
HEADER;
FILE_DESCRIPTION((''),'2;1');
FILE_NAME('ASM0002_SW0001','2015-09-07T',('brevel'),(''),
'CREO PARAMETRIC BY PTC INC, 2014440','CREO PARAMETRIC BY PTC INC, 2014440','');
FILE_SCHEMA(('CONFIG_CONTROL_DESIGN'));
ENDSEC;
DATA;
#1=CARTESIAN_POINT('',(-2.5E-1,6.E-1,-8.5E-1));
#2=DIRECTION('',(1.E0,0.E0,0.E0));
#3=DIRECTION('',(0.E0,1.E0,0.E0));
#4=AXIS2_PLACEMENT_3D('',#1,#2,#3);
#6=DIRECTION('',(0.E0,0.E0,1.E0));
#7=VECTOR('',#6,5.094744111674E-1);
#8=CARTESIAN_POINT('',(-2.5E-1,3.E-1,3.5E-1));
#9=LINE('',#8,#7);
#10=DIRECTION('',(0.E0,-8.660254037844E-1,5.E-1));
#11=VECTOR('',#10,3.810511776652E-1);
#12=CARTESIAN_POINT('',(-2.5E-1,3.E-1,8.594744111674E-1));
#13=LINE('',#12,#11);
#14=DIRECTION('',(0.E0,0.E0,-1.E0));
#15=VECTOR('',#14,6.499999999999E-2);
#16=CARTESIAN_POINT('',(-2.5E-1,-3.E-2,1.05E0));
#17=LINE('',#16,#15);
#18=DIRECTION('',(0.E0,-1.E0,0.E0));
#19=VECTOR('',#18,1.17E0);
#20=CARTESIAN_POINT('',(-2.5E-1,-3.E-2,9.85E-1));
#21=LINE('',#20,#19);
#22=DIRECTION('',(0.E0,0.E0,1.E0));
#23=VECTOR('',#22,3.65E-1);
#24=CARTESIAN_POINT('',(-2.5E-1,-1.2E0,9.85E-1));
#25=LINE('',#24,#23);
#26=DIRECTION('',(0.E0,-1.E0,0.E0));
#27=VECTOR('',#26,4.E-1);
#28=CARTESIAN_POINT('',(-2.5E-1,-1.2E0,1.35E0));
#29=LINE('',#28,#27);
#30=DIRECTION('',(0.E0,0.E0,-1.E0));
#31=VECTOR('',#30,3.550125628934E-1);
#32=CARTESIAN_POINT('',(-2.5E-1,-1.6E0,1.35E0));
#33=LINE('',#32,#31);
#34=CARTESIAN_POINT('',(-2.5E-1,3.3E0,0.E0));
#35=DIRECTION('',(1.E0,0.E0,0.E0));
#36=DIRECTION('',(0.E0,-9.8E-1,1.989974874213E-1));
#37=AXIS2_PLACEMENT_3D('',#34,#35,#36);
#39=DIRECTION('',(0.E0,0.E0,-1.E0));
#40=VECTOR('',#39,3.550125628933E-1);
#41=CARTESIAN_POINT('',(-2.5E-1,-1.6E0,-9.949874371067E-1));
#42=LINE('',#41,#40);
#43=DIRECTION('',(0.E0,1.E0,0.E0));
#44=VECTOR('',#43,4.E-1);
#45=CARTESIAN_POINT('',(-2.5E-1,-1.6E0,-1.35E0));
#46=LINE('',#45,#44);
#47=DIRECTION('',(0.E0,0.E0,1.E0));
#48=VECTOR('',#47,3.65E-1);
#49=CARTESIAN_POINT('',(-2.5E-1,-1.2E0,-1.35E0));
#50=LINE('',#49,#48);
#51=DIRECTION('',(0.E0,1.E0,0.E0));
#52=VECTOR('',#51,1.17E0);
#53=CARTESIAN_POINT('',(-2.5E-1,-1.2E0,-9.85E-1));
#54=LINE('',#53,#52);
#55=DIRECTION('',(0.E0,0.E0,-1.E0));
#56=VECTOR('',#55,6.499999999999E-2);
#57=CARTESIAN_POINT('',(-2.5E-1,-3.E-2,-9.85E-1));
#58=LINE('',#57,#56);
#59=DIRECTION('',(0.E0,8.660254037844E-1,5.E-1));
#60=VECTOR('',#59,3.810511776652E-1);
#61=CARTESIAN_POINT('',(-2.5E-1,-3.E-2,-1.05E0));
#62=LINE('',#61,#60);
#63=DIRECTION('',(0.E0,0.E0,1.E0));
#64=VECTOR('',#63,5.094744111674E-1);
#65=CARTESIAN_POINT('',(-2.5E-1,3.E-1,-8.594744111674E-1));
#66=LINE('',#65,#64);
#67=DIRECTION('',(0.E0,1.E0,0.E0));
#68=VECTOR('',#67,3.E-1);
#69=CARTESIAN_POINT('',(-2.5E-1,3.E-1,-3.5E-1));
#70=LINE('',#69,#68);
#71=CARTESIAN_POINT('',(-2.5E-1,6.E-1,-8.5E-1));
#72=DIRECTION('',(-1.E0,0.E0,0.E0));
#73=DIRECTION('',(0.E0,0.E0,1.E0));
#74=AXIS2_PLACEMENT_3D('',#71,#72,#73);
#76=CARTESIAN_POINT('',(-2.5E-1,1.45E0,-6.E0));
#77=DIRECTION('',(1.E0,0.E0,0.E0));
#78=DIRECTION('',(0.E0,-1.E0,0.E0));
#79=AXIS2_PLACEMENT_3D('',#76,#77,#78);
#81=CARTESIAN_POINT('',(-2.5E-1,1.45E0,-6.E0));
#82=DIRECTION('',(1.E0,0.E0,0.E0));
#83=DIRECTION('',(0.E0,0.E0,-1.E0));
#84=AXIS2_PLACEMENT_3D('',#81,#82,#83);
#86=DIRECTION('',(1.E0,0.E0,0.E0));
#87=VECTOR('',#86,5.E-1);
#88=CARTESIAN_POINT('',(-2.5E-1,1.8E0,-8.5E-1));
#89=LINE('',#88,#87);
#90=DIRECTION('',(-1.E0,0.E0,0.E0));
#91=VECTOR('',#90,5.E-1);
#92=CARTESIAN_POINT('',(2.5E-1,6.E-1,3.5E-1));
#93=LINE('',#92,#91);
#94=DIRECTION('',(0.E0,0.E0,-1.E0));
#95=VECTOR('',#94,5.15E0);
#96=CARTESIAN_POINT('',(-2.5E-1,1.8E0,-8.5E-1));
#97=LINE('',#96,#95);
#98=DIRECTION('',(-1.E0,0.E0,0.E0));
#99=VECTOR('',#98,5.E-1);
#100=CARTESIAN_POINT('',(2.5E-1,1.8E0,-6.E0));
#101=LINE('',#100,#99);
#102=DIRECTION('',(1.E0,0.E0,0.E0));
#103=VECTOR('',#102,5.E-1);
#104=CARTESIAN_POINT('',(-2.5E-1,1.1E0,-6.E0));
#105=LINE('',#104,#103);
#106=CARTESIAN_POINT('',(2.5E-1,6.E-1,-8.5E-1));
#107=DIRECTION('',(-1.E0,0.E0,0.E0));
#108=DIRECTION('',(0.E0,0.E0,1.E0));
#109=AXIS2_PLACEMENT_3D('',#106,#107,#108);
#111=DIRECTION('',(0.E0,0.E0,-1.E0));
#112=VECTOR('',#111,5.15E0);
#113=CARTESIAN_POINT('',(2.5E-1,1.8E0,-8.5E-1));
#114=LINE('',#113,#112);
#115=CARTESIAN_POINT('',(2.5E-1,1.45E0,-6.E0));
#116=DIRECTION('',(-1.E0,0.E0,0.E0));
#117=DIRECTION('',(0.E0,1.E0,0.E0));
#118=AXIS2_PLACEMENT_3D('',#115,#116,#117);
#120=CARTESIAN_POINT('',(2.5E-1,1.45E0,-6.E0));
#121=DIRECTION('',(-1.E0,0.E0,0.E0));
#122=DIRECTION('',(0.E0,0.E0,-1.E0));
#123=AXIS2_PLACEMENT_3D('',#120,#121,#122);
#125=DIRECTION('',(0.E0,0.E0,1.E0));
#126=VECTOR('',#125,5.15E0);
#127=CARTESIAN_POINT('',(2.5E-1,1.1E0,-6.E0));
#128=LINE('',#127,#126);
#129=CARTESIAN_POINT('',(2.5E-1,6.E-1,-8.5E-1));
#130=DIRECTION('',(1.E0,0.E0,0.E0));
#131=DIRECTION('',(0.E0,1.E0,0.E0));
#132=AXIS2_PLACEMENT_3D('',#129,#130,#131);
#134=DIRECTION('',(0.E0,0.E0,-1.E0));
#135=VECTOR('',#134,5.094744111674E-1);
#136=CARTESIAN_POINT('',(2.5E-1,3.E-1,-3.5E-1));
#137=LINE('',#136,#135);
#138=DIRECTION('',(0.E0,-8.660254037844E-1,-5.E-1));
#139=VECTOR('',#138,3.810511776652E-1);
#140=CARTESIAN_POINT('',(2.5E-1,3.E-1,-8.594744111674E-1));
#141=LINE('',#140,#139);
#142=DIRECTION('',(0.E0,0.E0,1.E0));
#143=VECTOR('',#142,6.499999999999E-2);
#144=CARTESIAN_POINT('',(2.5E-1,-3.E-2,-1.05E0));
#145=LINE('',#144,#143);
#146=DIRECTION('',(0.E0,-1.E0,0.E0));
#147=VECTOR('',#146,1.17E0);
#148=CARTESIAN_POINT('',(2.5E-1,-3.E-2,-9.85E-1));
#149=LINE('',#148,#147);
#150=DIRECTION('',(0.E0,0.E0,-1.E0));
#151=VECTOR('',#150,3.65E-1);
#152=CARTESIAN_POINT('',(2.5E-1,-1.2E0,-9.85E-1));
#153=LINE('',#152,#151);
#154=DIRECTION('',(0.E0,-1.E0,0.E0));
#155=VECTOR('',#154,4.E-1);
#156=CARTESIAN_POINT('',(2.5E-1,-1.2E0,-1.35E0));
#157=LINE('',#156,#155);
#158=DIRECTION('',(0.E0,0.E0,1.E0));
#159=VECTOR('',#158,3.550125628934E-1);
#160=CARTESIAN_POINT('',(2.5E-1,-1.6E0,-1.35E0));
#161=LINE('',#160,#159);
#162=CARTESIAN_POINT('',(2.5E-1,3.3E0,0.E0));
#163=DIRECTION('',(-1.E0,0.E0,0.E0));
#164=DIRECTION('',(0.E0,-9.8E-1,-1.989974874213E-1));
#165=AXIS2_PLACEMENT_3D('',#162,#163,#164);
#167=DIRECTION('',(0.E0,0.E0,1.E0));
#168=VECTOR('',#167,3.550125628933E-1);
#169=CARTESIAN_POINT('',(2.5E-1,-1.6E0,9.949874371067E-1));
#170=LINE('',#169,#168);
#171=DIRECTION('',(0.E0,1.E0,0.E0));
#172=VECTOR('',#171,4.E-1);
#173=CARTESIAN_POINT('',(2.5E-1,-1.6E0,1.35E0));
#174=LINE('',#173,#172);
#175=DIRECTION('',(0.E0,0.E0,-1.E0));
#176=VECTOR('',#175,3.65E-1);
#177=CARTESIAN_POINT('',(2.5E-1,-1.2E0,1.35E0));
#178=LINE('',#177,#176);
#179=DIRECTION('',(0.E0,1.E0,0.E0));
#180=VECTOR('',#179,1.17E0);
#181=CARTESIAN_POINT('',(2.5E-1,-1.2E0,9.85E-1));
#182=LINE('',#181,#180);
#183=DIRECTION('',(0.E0,0.E0,1.E0));
#184=VECTOR('',#183,6.499999999999E-2);
#185=CARTESIAN_POINT('',(2.5E-1,-3.E-2,9.85E-1));
#186=LINE('',#185,#184);
#187=DIRECTION('',(0.E0,8.660254037844E-1,-5.E-1));
#188=VECTOR('',#187,3.810511776652E-1);
#189=CARTESIAN_POINT('',(2.5E-1,-3.E-2,1.05E0));
#190=LINE('',#189,#188);
#191=DIRECTION('',(0.E0,0.E0,-1.E0));
#192=VECTOR('',#191,5.094744111674E-1);
#193=CARTESIAN_POINT('',(2.5E-1,3.E-1,8.594744111674E-1));
#194=LINE('',#193,#192);
#195=DIRECTION('',(0.E0,1.E0,0.E0));
#196=VECTOR('',#195,3.E-1);
#197=CARTESIAN_POINT('',(2.5E-1,3.E-1,3.5E-1));
#198=LINE('',#197,#196);
#199=DIRECTION('',(0.E0,0.E0,1.E0));
#200=VECTOR('',#199,5.15E0);
#201=CARTESIAN_POINT('',(-2.5E-1,1.1E0,-6.E0));
#202=LINE('',#201,#200);
#203=DIRECTION('',(1.E0,0.E0,0.E0));
#204=VECTOR('',#203,5.E-1);
#205=CARTESIAN_POINT('',(-2.5E-1,6.E-1,-3.5E-1));
#206=LINE('',#205,#204);
#207=DIRECTION('',(-1.E0,0.E0,0.E0));
#208=VECTOR('',#207,5.E-1);
#209=CARTESIAN_POINT('',(2.5E-1,1.1E0,-8.5E-1));
#210=LINE('',#209,#208);
#211=DIRECTION('',(1.E0,0.E0,0.E0));
#212=VECTOR('',#211,5.E-1);
#213=CARTESIAN_POINT('',(-2.5E-1,3.E-1,-3.5E-1));
#214=LINE('',#213,#212);
#215=DIRECTION('',(0.E0,1.E0,0.E0));
#216=VECTOR('',#215,3.E-1);
#217=CARTESIAN_POINT('',(2.5E-1,3.E-1,-3.5E-1));
#218=LINE('',#217,#216);
#219=DIRECTION('',(-1.E0,0.E0,0.E0));
#220=VECTOR('',#219,5.E-1);
#221=CARTESIAN_POINT('',(2.5E-1,3.E-1,3.5E-1));
#222=LINE('',#221,#220);
#223=DIRECTION('',(0.E0,1.E0,0.E0));
#224=VECTOR('',#223,3.E-1);
#225=CARTESIAN_POINT('',(-2.5E-1,3.E-1,3.5E-1));
#226=LINE('',#225,#224);
#227=CARTESIAN_POINT('',(-2.5E-1,1.8E0,-8.5E-1));
#228=CARTESIAN_POINT('',(-2.5E-1,6.E-1,3.5E-1));
#229=VERTEX_POINT('',#227);
#230=VERTEX_POINT('',#228);
#231=CARTESIAN_POINT('',(-2.5E-1,3.E-1,3.5E-1));
#232=VERTEX_POINT('',#231);
#233=CARTESIAN_POINT('',(-2.5E-1,3.E-1,8.594744111674E-1));
#234=VERTEX_POINT('',#233);
#235=CARTESIAN_POINT('',(-2.5E-1,-3.E-2,1.05E0));
#236=VERTEX_POINT('',#235);
#237=CARTESIAN_POINT('',(-2.5E-1,-3.E-2,9.85E-1));
#238=VERTEX_POINT('',#237);
#239=CARTESIAN_POINT('',(-2.5E-1,-1.2E0,9.85E-1));
#240=VERTEX_POINT('',#239);
#241=CARTESIAN_POINT('',(-2.5E-1,-1.2E0,1.35E0));
#242=VERTEX_POINT('',#241);
#243=CARTESIAN_POINT('',(-2.5E-1,-1.6E0,1.35E0));
#244=VERTEX_POINT('',#243);
#245=CARTESIAN_POINT('',(-2.5E-1,-1.6E0,9.949874371066E-1));
#246=VERTEX_POINT('',#245);
#247=CARTESIAN_POINT('',(-2.5E-1,-1.6E0,-9.949874371067E-1));
#248=VERTEX_POINT('',#247);
#249=CARTESIAN_POINT('',(-2.5E-1,-1.6E0,-1.35E0));
#250=VERTEX_POINT('',#249);
#251=CARTESIAN_POINT('',(-2.5E-1,-1.2E0,-1.35E0));
#252=VERTEX_POINT('',#251);
#253=CARTESIAN_POINT('',(-2.5E-1,-1.2E0,-9.85E-1));
#254=VERTEX_POINT('',#253);
#255=CARTESIAN_POINT('',(-2.5E-1,-3.E-2,-9.85E-1));
#256=VERTEX_POINT('',#255);
#257=CARTESIAN_POINT('',(-2.5E-1,-3.E-2,-1.05E0));
#258=VERTEX_POINT('',#257);
#259=CARTESIAN_POINT('',(-2.5E-1,3.E-1,-8.594744111674E-1));
#260=VERTEX_POINT('',#259);
#261=CARTESIAN_POINT('',(-2.5E-1,3.E-1,-3.5E-1));
#262=VERTEX_POINT('',#261);
#263=CARTESIAN_POINT('',(-2.5E-1,6.E-1,-3.5E-1));
#264=VERTEX_POINT('',#263);
#265=CARTESIAN_POINT('',(-2.5E-1,1.1E0,-8.5E-1));
#266=VERTEX_POINT('',#265);
#267=CARTESIAN_POINT('',(-2.5E-1,1.1E0,-6.E0));
#268=VERTEX_POINT('',#267);
#269=CARTESIAN_POINT('',(-2.5E-1,1.45E0,-6.35E0));
#270=VERTEX_POINT('',#269);
#271=CARTESIAN_POINT('',(-2.5E-1,1.8E0,-6.E0));
#272=VERTEX_POINT('',#271);
#273=CARTESIAN_POINT('',(2.5E-1,1.8E0,-8.5E-1));
#274=VERTEX_POINT('',#273);
#275=CARTESIAN_POINT('',(2.5E-1,6.E-1,3.5E-1));
#276=VERTEX_POINT('',#275);
#277=CARTESIAN_POINT('',(2.5E-1,1.8E0,-6.E0));
#278=VERTEX_POINT('',#277);
#279=CARTESIAN_POINT('',(2.5E-1,1.45E0,-6.35E0));
#280=CARTESIAN_POINT('',(2.5E-1,1.1E0,-6.E0));
#281=VERTEX_POINT('',#279);
#282=VERTEX_POINT('',#280);
#283=CARTESIAN_POINT('',(2.5E-1,1.1E0,-8.5E-1));
#284=VERTEX_POINT('',#283);
#285=CARTESIAN_POINT('',(2.5E-1,6.E-1,-3.5E-1));
#286=VERTEX_POINT('',#285);
#287=CARTESIAN_POINT('',(2.5E-1,3.E-1,-3.5E-1));
#288=VERTEX_POINT('',#287);
#289=CARTESIAN_POINT('',(2.5E-1,3.E-1,-8.594744111674E-1));
#290=VERTEX_POINT('',#289);
#291=CARTESIAN_POINT('',(2.5E-1,-3.E-2,-1.05E0));
#292=VERTEX_POINT('',#291);
#293=CARTESIAN_POINT('',(2.5E-1,-3.E-2,-9.85E-1));
#294=VERTEX_POINT('',#293);
#295=CARTESIAN_POINT('',(2.5E-1,-1.2E0,-9.85E-1));
#296=VERTEX_POINT('',#295);
#297=CARTESIAN_POINT('',(2.5E-1,-1.2E0,-1.35E0));
#298=VERTEX_POINT('',#297);
#299=CARTESIAN_POINT('',(2.5E-1,-1.6E0,-1.35E0));
#300=VERTEX_POINT('',#299);
#301=CARTESIAN_POINT('',(2.5E-1,-1.6E0,-9.949874371066E-1));
#302=VERTEX_POINT('',#301);
#303=CARTESIAN_POINT('',(2.5E-1,-1.6E0,9.949874371067E-1));
#304=VERTEX_POINT('',#303);
#305=CARTESIAN_POINT('',(2.5E-1,-1.6E0,1.35E0));
#306=VERTEX_POINT('',#305);
#307=CARTESIAN_POINT('',(2.5E-1,-1.2E0,1.35E0));
#308=VERTEX_POINT('',#307);
#309=CARTESIAN_POINT('',(2.5E-1,-1.2E0,9.85E-1));
#310=VERTEX_POINT('',#309);
#311=CARTESIAN_POINT('',(2.5E-1,-3.E-2,9.85E-1));
#312=VERTEX_POINT('',#311);
#313=CARTESIAN_POINT('',(2.5E-1,-3.E-2,1.05E0));
#314=VERTEX_POINT('',#313);
#315=CARTESIAN_POINT('',(2.5E-1,3.E-1,8.594744111674E-1));
#316=VERTEX_POINT('',#315);
#317=CARTESIAN_POINT('',(2.5E-1,3.E-1,3.5E-1));
#318=VERTEX_POINT('',#317);
#319=CARTESIAN_POINT('',(-2.5E-1,-1.2E0,0.E0));
#320=DIRECTION('',(1.E0,0.E0,0.E0));
#321=DIRECTION('',(0.E0,0.E0,1.E0));
#322=AXIS2_PLACEMENT_3D('',#319,#320,#321);
#323=PLANE('',#322);
#325=ORIENTED_EDGE('',*,*,#324,.T.);
#327=ORIENTED_EDGE('',*,*,#326,.F.);
#329=ORIENTED_EDGE('',*,*,#328,.T.);
#331=ORIENTED_EDGE('',*,*,#330,.T.);
#333=ORIENTED_EDGE('',*,*,#332,.T.);
#335=ORIENTED_EDGE('',*,*,#334,.T.);
#337=ORIENTED_EDGE('',*,*,#336,.T.);
#339=ORIENTED_EDGE('',*,*,#338,.T.);
#341=ORIENTED_EDGE('',*,*,#340,.T.);
#343=ORIENTED_EDGE('',*,*,#342,.T.);
#345=ORIENTED_EDGE('',*,*,#344,.T.);
#347=ORIENTED_EDGE('',*,*,#346,.T.);
#349=ORIENTED_EDGE('',*,*,#348,.T.);
#351=ORIENTED_EDGE('',*,*,#350,.T.);
#353=ORIENTED_EDGE('',*,*,#352,.T.);
#355=ORIENTED_EDGE('',*,*,#354,.T.);
#357=ORIENTED_EDGE('',*,*,#356,.T.);
#359=ORIENTED_EDGE('',*,*,#358,.T.);
#361=ORIENTED_EDGE('',*,*,#360,.T.);
#363=ORIENTED_EDGE('',*,*,#362,.F.);
#365=ORIENTED_EDGE('',*,*,#364,.T.);
#367=ORIENTED_EDGE('',*,*,#366,.T.);
#369=ORIENTED_EDGE('',*,*,#368,.F.);
#370=EDGE_LOOP('',(#325,#327,#329,#331,#333,#335,#337,#339,#341,#343,#345,#347,
#349,#351,#353,#355,#357,#359,#361,#363,#365,#367,#369));
#371=FACE_OUTER_BOUND('',#370,.F.);
#372=ADVANCED_FACE('',(#371),#323,.F.);
#373=CARTESIAN_POINT('',(2.632586492772E-1,6.E-1,-8.5E-1));
#374=DIRECTION('',(-1.E0,0.E0,0.E0));
#375=DIRECTION('',(0.E0,0.E0,1.E0));
#376=AXIS2_PLACEMENT_3D('',#373,#374,#375);
#377=CYLINDRICAL_SURFACE('',#376,1.2E0);
#378=ORIENTED_EDGE('',*,*,#324,.F.);
#380=ORIENTED_EDGE('',*,*,#379,.T.);
#382=ORIENTED_EDGE('',*,*,#381,.F.);
#384=ORIENTED_EDGE('',*,*,#383,.T.);
#385=EDGE_LOOP('',(#378,#380,#382,#384));
#386=FACE_OUTER_BOUND('',#385,.F.);
#387=ADVANCED_FACE('',(#386),#377,.T.);
#388=CARTESIAN_POINT('',(-2.5E-1,1.8E0,0.E0));
#389=DIRECTION('',(0.E0,1.E0,0.E0));
#390=DIRECTION('',(0.E0,0.E0,1.E0));
#391=AXIS2_PLACEMENT_3D('',#388,#389,#390);
#392=PLANE('',#391);
#393=ORIENTED_EDGE('',*,*,#379,.F.);
#394=ORIENTED_EDGE('',*,*,#368,.T.);
#396=ORIENTED_EDGE('',*,*,#395,.F.);
#398=ORIENTED_EDGE('',*,*,#397,.F.);
#399=EDGE_LOOP('',(#393,#394,#396,#398));
#400=FACE_OUTER_BOUND('',#399,.F.);
#401=ADVANCED_FACE('',(#400),#392,.T.);
#402=CARTESIAN_POINT('',(2.5E-1,1.45E0,-6.E0));
#403=DIRECTION('',(1.E0,0.E0,0.E0));
#404=DIRECTION('',(0.E0,0.E0,1.E0));
#405=AXIS2_PLACEMENT_3D('',#402,#403,#404);
#406=CYLINDRICAL_SURFACE('',#405,3.5E-1);
#408=ORIENTED_EDGE('',*,*,#407,.F.);
#410=ORIENTED_EDGE('',*,*,#409,.F.);
#411=ORIENTED_EDGE('',*,*,#395,.T.);
#412=ORIENTED_EDGE('',*,*,#366,.F.);
#413=ORIENTED_EDGE('',*,*,#364,.F.);
#415=ORIENTED_EDGE('',*,*,#414,.T.);
#416=EDGE_LOOP('',(#408,#410,#411,#412,#413,#415));
#417=FACE_OUTER_BOUND('',#416,.F.);
#418=ADVANCED_FACE('',(#417),#406,.T.);
#419=CARTESIAN_POINT('',(2.5E-1,-1.2E0,0.E0));
#420=DIRECTION('',(1.E0,0.E0,0.E0));
#421=DIRECTION('',(0.E0,0.E0,1.E0));
#422=AXIS2_PLACEMENT_3D('',#419,#420,#421);
#423=PLANE('',#422);
#424=ORIENTED_EDGE('',*,*,#381,.T.);
#425=ORIENTED_EDGE('',*,*,#397,.T.);
#426=ORIENTED_EDGE('',*,*,#409,.T.);
#427=ORIENTED_EDGE('',*,*,#407,.T.);
#429=ORIENTED_EDGE('',*,*,#428,.T.);
#431=ORIENTED_EDGE('',*,*,#430,.T.);
#433=ORIENTED_EDGE('',*,*,#432,.F.);
#435=ORIENTED_EDGE('',*,*,#434,.T.);
#437=ORIENTED_EDGE('',*,*,#436,.T.);
#439=ORIENTED_EDGE('',*,*,#438,.T.);
#441=ORIENTED_EDGE('',*,*,#440,.T.);
#443=ORIENTED_EDGE('',*,*,#442,.T.);
#445=ORIENTED_EDGE('',*,*,#444,.T.);
#447=ORIENTED_EDGE('',*,*,#446,.T.);
#449=ORIENTED_EDGE('',*,*,#448,.T.);
#451=ORIENTED_EDGE('',*,*,#450,.T.);
#453=ORIENTED_EDGE('',*,*,#452,.T.);
#455=ORIENTED_EDGE('',*,*,#454,.T.);
#457=ORIENTED_EDGE('',*,*,#456,.T.);
#459=ORIENTED_EDGE('',*,*,#458,.T.);
#461=ORIENTED_EDGE('',*,*,#460,.T.);
#463=ORIENTED_EDGE('',*,*,#462,.T.);
#465=ORIENTED_EDGE('',*,*,#464,.T.);
#466=EDGE_LOOP('',(#424,#425,#426,#427,#429,#431,#433,#435,#437,#439,#441,#443,
#445,#447,#449,#451,#453,#455,#457,#459,#461,#463,#465));
#467=FACE_OUTER_BOUND('',#466,.F.);
#468=ADVANCED_FACE('',(#467),#423,.T.);
#469=CARTESIAN_POINT('',(2.5E-1,1.1E0,-3.5E-1));
#470=DIRECTION('',(0.E0,-1.E0,0.E0));
#471=DIRECTION('',(0.E0,0.E0,-1.E0));
#472=AXIS2_PLACEMENT_3D('',#469,#470,#471);
#473=PLANE('',#472);
#475=ORIENTED_EDGE('',*,*,#474,.F.);
#476=ORIENTED_EDGE('',*,*,#428,.F.);
#477=ORIENTED_EDGE('',*,*,#414,.F.);
#478=ORIENTED_EDGE('',*,*,#362,.T.);
#479=EDGE_LOOP('',(#475,#476,#477,#478));
#480=FACE_OUTER_BOUND('',#479,.F.);
#481=ADVANCED_FACE('',(#480),#473,.T.);
#482=CARTESIAN_POINT('',(2.632586492772E-1,6.E-1,-8.5E-1));
#483=DIRECTION('',(-1.E0,0.E0,0.E0));
#484=DIRECTION('',(0.E0,0.E0,1.E0));
#485=AXIS2_PLACEMENT_3D('',#482,#483,#484);
#486=CYLINDRICAL_SURFACE('',#485,5.E-1);
#488=ORIENTED_EDGE('',*,*,#487,.T.);
#489=ORIENTED_EDGE('',*,*,#430,.F.);
#490=ORIENTED_EDGE('',*,*,#474,.T.);
#491=ORIENTED_EDGE('',*,*,#360,.F.);
#492=EDGE_LOOP('',(#488,#489,#490,#491));
#493=FACE_OUTER_BOUND('',#492,.F.);
#494=ADVANCED_FACE('',(#493),#486,.F.);
#495=CARTESIAN_POINT('',(-2.5E-1,1.8E0,-3.5E-1));
#496=DIRECTION('',(0.E0,0.E0,1.E0));
#497=DIRECTION('',(0.E0,-1.E0,0.E0));
#498=AXIS2_PLACEMENT_3D('',#495,#496,#497);
#499=PLANE('',#498);
#500=ORIENTED_EDGE('',*,*,#487,.F.);
#501=ORIENTED_EDGE('',*,*,#358,.F.);
#503=ORIENTED_EDGE('',*,*,#502,.T.);
#504=ORIENTED_EDGE('',*,*,#432,.T.);
#505=EDGE_LOOP('',(#500,#501,#503,#504));
#506=FACE_OUTER_BOUND('',#505,.F.);
#507=ADVANCED_FACE('',(#506),#499,.F.);
#508=CARTESIAN_POINT('',(-2.5E-1,1.8E0,3.5E-1));
#509=DIRECTION('',(0.E0,0.E0,1.E0));
#510=DIRECTION('',(0.E0,-1.E0,0.E0));
#511=AXIS2_PLACEMENT_3D('',#508,#509,#510);
#512=PLANE('',#511);
#513=ORIENTED_EDGE('',*,*,#383,.F.);
#514=ORIENTED_EDGE('',*,*,#464,.F.);
#516=ORIENTED_EDGE('',*,*,#515,.T.);
#517=ORIENTED_EDGE('',*,*,#326,.T.);
#518=EDGE_LOOP('',(#513,#514,#516,#517));
#519=FACE_OUTER_BOUND('',#518,.F.);
#520=ADVANCED_FACE('',(#519),#512,.T.);
#521=OPEN_SHELL('',(#372,#387,#401,#418,#468,#481,#494,#507,#520));
#522=CARTESIAN_POINT('',(-2.79E0,6.E-1,-8.5E-1));
#523=DIRECTION('',(1.E0,0.E0,0.E0));
#524=DIRECTION('',(0.E0,1.E0,0.E0));
#525=AXIS2_PLACEMENT_3D('',#522,#523,#524);
#527=DIRECTION('',(0.E0,0.E0,1.E0));
#528=VECTOR('',#527,5.094744111674E-1);
#529=CARTESIAN_POINT('',(-2.79E0,3.E-1,3.5E-1));
#530=LINE('',#529,#528);
#531=DIRECTION('',(0.E0,-8.660254037844E-1,5.E-1));
#532=VECTOR('',#531,3.810511776652E-1);
#533=CARTESIAN_POINT('',(-2.79E0,3.E-1,8.594744111674E-1));
#534=LINE('',#533,#532);
#535=DIRECTION('',(0.E0,0.E0,-1.E0));
#536=VECTOR('',#535,6.499999999999E-2);
#537=CARTESIAN_POINT('',(-2.79E0,-3.E-2,1.05E0));
#538=LINE('',#537,#536);
#539=DIRECTION('',(0.E0,-1.E0,0.E0));
#540=VECTOR('',#539,1.17E0);
#541=CARTESIAN_POINT('',(-2.79E0,-3.E-2,9.85E-1));
#542=LINE('',#541,#540);
#543=DIRECTION('',(0.E0,0.E0,1.E0));
#544=VECTOR('',#543,3.65E-1);
#545=CARTESIAN_POINT('',(-2.79E0,-1.2E0,9.85E-1));
#546=LINE('',#545,#544);
#547=DIRECTION('',(0.E0,-1.E0,0.E0));
#548=VECTOR('',#547,4.E-1);
#549=CARTESIAN_POINT('',(-2.79E0,-1.2E0,1.35E0));
#550=LINE('',#549,#548);
#551=DIRECTION('',(0.E0,0.E0,-1.E0));
#552=VECTOR('',#551,3.550125628934E-1);
#553=CARTESIAN_POINT('',(-2.79E0,-1.6E0,1.35E0));
#554=LINE('',#553,#552);
#555=CARTESIAN_POINT('',(-2.79E0,3.3E0,0.E0));
#556=DIRECTION('',(1.E0,0.E0,0.E0));
#557=DIRECTION('',(0.E0,-9.8E-1,1.989974874213E-1));
#558=AXIS2_PLACEMENT_3D('',#555,#556,#557);
#560=DIRECTION('',(0.E0,0.E0,-1.E0));
#561=VECTOR('',#560,3.550125628933E-1);
#562=CARTESIAN_POINT('',(-2.79E0,-1.6E0,-9.949874371067E-1));
#563=LINE('',#562,#561);
#564=DIRECTION('',(0.E0,1.E0,0.E0));
#565=VECTOR('',#564,4.E-1);
#566=CARTESIAN_POINT('',(-2.79E0,-1.6E0,-1.35E0));
#567=LINE('',#566,#565);
#568=DIRECTION('',(0.E0,0.E0,1.E0));
#569=VECTOR('',#568,3.65E-1);
#570=CARTESIAN_POINT('',(-2.79E0,-1.2E0,-1.35E0));
#571=LINE('',#570,#569);
#572=DIRECTION('',(0.E0,1.E0,0.E0));
#573=VECTOR('',#572,1.17E0);
#574=CARTESIAN_POINT('',(-2.79E0,-1.2E0,-9.85E-1));
#575=LINE('',#574,#573);
#576=DIRECTION('',(0.E0,0.E0,-1.E0));
#577=VECTOR('',#576,6.499999999999E-2);
#578=CARTESIAN_POINT('',(-2.79E0,-3.E-2,-9.85E-1));
#579=LINE('',#578,#577);
#580=DIRECTION('',(0.E0,8.660254037844E-1,5.E-1));
#581=VECTOR('',#580,3.810511776652E-1);
#582=CARTESIAN_POINT('',(-2.79E0,-3.E-2,-1.05E0));
#583=LINE('',#582,#581);
#584=DIRECTION('',(0.E0,0.E0,1.E0));
#585=VECTOR('',#584,5.094744111674E-1);
#586=CARTESIAN_POINT('',(-2.79E0,3.E-1,-8.594744111674E-1));
#587=LINE('',#586,#585);
#588=DIRECTION('',(0.E0,1.E0,0.E0));
#589=VECTOR('',#588,3.E-1);
#590=CARTESIAN_POINT('',(-2.79E0,3.E-1,-3.5E-1));
#591=LINE('',#590,#589);
#592=CARTESIAN_POINT('',(-2.79E0,6.E-1,-8.5E-1));
#593=DIRECTION('',(-1.E0,0.E0,0.E0));
#594=DIRECTION('',(0.E0,0.E0,1.E0));
#595=AXIS2_PLACEMENT_3D('',#592,#593,#594);
#597=CARTESIAN_POINT('',(-2.79E0,1.45E0,-6.E0));
#598=DIRECTION('',(1.E0,0.E0,0.E0));
#599=DIRECTION('',(0.E0,-1.E0,0.E0));
#600=AXIS2_PLACEMENT_3D('',#597,#598,#599);
#602=CARTESIAN_POINT('',(-2.79E0,1.45E0,-6.E0));
#603=DIRECTION('',(1.E0,0.E0,0.E0));
#604=DIRECTION('',(0.E0,0.E0,-1.E0));
#605=AXIS2_PLACEMENT_3D('',#602,#603,#604);
#607=DIRECTION('',(1.E0,0.E0,0.E0));
#608=VECTOR('',#607,5.E-1);
#609=CARTESIAN_POINT('',(-2.79E0,1.8E0,-8.5E-1));
#610=LINE('',#609,#608);
#611=DIRECTION('',(-1.E0,0.E0,0.E0));
#612=VECTOR('',#611,5.E-1);
#613=CARTESIAN_POINT('',(-2.29E0,6.E-1,3.5E-1));
#614=LINE('',#613,#612);
#615=DIRECTION('',(0.E0,0.E0,-1.E0));
#616=VECTOR('',#615,5.15E0);
#617=CARTESIAN_POINT('',(-2.79E0,1.8E0,-8.5E-1));
#618=LINE('',#617,#616);
#619=DIRECTION('',(-1.E0,0.E0,0.E0));
#620=VECTOR('',#619,5.E-1);
#621=CARTESIAN_POINT('',(-2.29E0,1.8E0,-6.E0));
#622=LINE('',#621,#620);
#623=DIRECTION('',(1.E0,0.E0,0.E0));
#624=VECTOR('',#623,5.E-1);
#625=CARTESIAN_POINT('',(-2.79E0,1.1E0,-6.E0));
#626=LINE('',#625,#624);
#627=CARTESIAN_POINT('',(-2.29E0,6.E-1,-8.5E-1));
#628=DIRECTION('',(-1.E0,0.E0,0.E0));
#629=DIRECTION('',(0.E0,0.E0,1.E0));
#630=AXIS2_PLACEMENT_3D('',#627,#628,#629);
#632=DIRECTION('',(0.E0,0.E0,-1.E0));
#633=VECTOR('',#632,5.15E0);
#634=CARTESIAN_POINT('',(-2.29E0,1.8E0,-8.5E-1));
#635=LINE('',#634,#633);
#636=CARTESIAN_POINT('',(-2.29E0,1.45E0,-6.E0));
#637=DIRECTION('',(-1.E0,0.E0,0.E0));
#638=DIRECTION('',(0.E0,1.E0,0.E0));
#639=AXIS2_PLACEMENT_3D('',#636,#637,#638);
#641=CARTESIAN_POINT('',(-2.29E0,1.45E0,-6.E0));
#642=DIRECTION('',(-1.E0,0.E0,0.E0));
#643=DIRECTION('',(0.E0,0.E0,-1.E0));
#644=AXIS2_PLACEMENT_3D('',#641,#642,#643);
#646=DIRECTION('',(0.E0,0.E0,1.E0));
#647=VECTOR('',#646,5.15E0);
#648=CARTESIAN_POINT('',(-2.29E0,1.1E0,-6.E0));
#649=LINE('',#648,#647);
#650=CARTESIAN_POINT('',(-2.29E0,6.E-1,-8.5E-1));
#651=DIRECTION('',(1.E0,0.E0,0.E0));
#652=DIRECTION('',(0.E0,1.E0,0.E0));
#653=AXIS2_PLACEMENT_3D('',#650,#651,#652);
#655=DIRECTION('',(0.E0,0.E0,-1.E0));
#656=VECTOR('',#655,5.094744111674E-1);
#657=CARTESIAN_POINT('',(-2.29E0,3.E-1,-3.5E-1));
#658=LINE('',#657,#656);
#659=DIRECTION('',(0.E0,-8.660254037844E-1,-5.E-1));
#660=VECTOR('',#659,3.810511776652E-1);
#661=CARTESIAN_POINT('',(-2.29E0,3.E-1,-8.594744111674E-1));
#662=LINE('',#661,#660);
#663=DIRECTION('',(0.E0,0.E0,1.E0));
#664=VECTOR('',#663,6.499999999999E-2);
#665=CARTESIAN_POINT('',(-2.29E0,-3.E-2,-1.05E0));
#666=LINE('',#665,#664);
#667=DIRECTION('',(0.E0,-1.E0,0.E0));
#668=VECTOR('',#667,1.17E0);
#669=CARTESIAN_POINT('',(-2.29E0,-3.E-2,-9.85E-1));
#670=LINE('',#669,#668);
#671=DIRECTION('',(0.E0,0.E0,-1.E0));
#672=VECTOR('',#671,3.65E-1);
#673=CARTESIAN_POINT('',(-2.29E0,-1.2E0,-9.85E-1));
#674=LINE('',#673,#672);
#675=DIRECTION('',(0.E0,-1.E0,0.E0));
#676=VECTOR('',#675,4.E-1);
#677=CARTESIAN_POINT('',(-2.29E0,-1.2E0,-1.35E0));
#678=LINE('',#677,#676);
#679=DIRECTION('',(0.E0,0.E0,1.E0));
#680=VECTOR('',#679,3.550125628934E-1);
#681=CARTESIAN_POINT('',(-2.29E0,-1.6E0,-1.35E0));
#682=LINE('',#681,#680);
#683=CARTESIAN_POINT('',(-2.29E0,3.3E0,0.E0));
#684=DIRECTION('',(-1.E0,0.E0,0.E0));
#685=DIRECTION('',(0.E0,-9.8E-1,-1.989974874213E-1));
#686=AXIS2_PLACEMENT_3D('',#683,#684,#685);
#688=DIRECTION('',(0.E0,0.E0,1.E0));
#689=VECTOR('',#688,3.550125628933E-1);
#690=CARTESIAN_POINT('',(-2.29E0,-1.6E0,9.949874371067E-1));
#691=LINE('',#690,#689);
#692=DIRECTION('',(0.E0,1.E0,0.E0));
#693=VECTOR('',#692,4.E-1);
#694=CARTESIAN_POINT('',(-2.29E0,-1.6E0,1.35E0));
#695=LINE('',#694,#693);
#696=DIRECTION('',(0.E0,0.E0,-1.E0));
#697=VECTOR('',#696,3.65E-1);
#698=CARTESIAN_POINT('',(-2.29E0,-1.2E0,1.35E0));
#699=LINE('',#698,#697);
#700=DIRECTION('',(0.E0,1.E0,0.E0));
#701=VECTOR('',#700,1.17E0);
#702=CARTESIAN_POINT('',(-2.29E0,-1.2E0,9.85E-1));
#703=LINE('',#702,#701);
#704=DIRECTION('',(0.E0,0.E0,1.E0));
#705=VECTOR('',#704,6.499999999999E-2);
#706=CARTESIAN_POINT('',(-2.29E0,-3.E-2,9.85E-1));
#707=LINE('',#706,#705);
#708=DIRECTION('',(0.E0,8.660254037844E-1,-5.E-1));
#709=VECTOR('',#708,3.810511776652E-1);
#710=CARTESIAN_POINT('',(-2.29E0,-3.E-2,1.05E0));
#711=LINE('',#710,#709);
#712=DIRECTION('',(0.E0,0.E0,-1.E0));
#713=VECTOR('',#712,5.094744111674E-1);
#714=CARTESIAN_POINT('',(-2.29E0,3.E-1,8.594744111674E-1));
#715=LINE('',#714,#713);
#716=DIRECTION('',(0.E0,1.E0,0.E0));
#717=VECTOR('',#716,3.E-1);
#718=CARTESIAN_POINT('',(-2.29E0,3.E-1,3.5E-1));
#719=LINE('',#718,#717);
#720=DIRECTION('',(0.E0,0.E0,1.E0));
#721=VECTOR('',#720,5.15E0);
#722=CARTESIAN_POINT('',(-2.79E0,1.1E0,-6.E0));
#723=LINE('',#722,#721);
#724=DIRECTION('',(1.E0,0.E0,0.E0));
#725=VECTOR('',#724,5.E-1);
#726=CARTESIAN_POINT('',(-2.79E0,6.E-1,-3.5E-1));
#727=LINE('',#726,#725);
#728=DIRECTION('',(-1.E0,0.E0,0.E0));
#729=VECTOR('',#728,5.E-1);
#730=CARTESIAN_POINT('',(-2.29E0,1.1E0,-8.5E-1));
#731=LINE('',#730,#729);
#732=DIRECTION('',(1.E0,0.E0,0.E0));
#733=VECTOR('',#732,5.E-1);
#734=CARTESIAN_POINT('',(-2.79E0,3.E-1,-3.5E-1));
#735=LINE('',#734,#733);
#736=DIRECTION('',(0.E0,1.E0,0.E0));
#737=VECTOR('',#736,3.E-1);
#738=CARTESIAN_POINT('',(-2.29E0,3.E-1,-3.5E-1));
#739=LINE('',#738,#737);
#740=DIRECTION('',(-1.E0,0.E0,0.E0));
#741=VECTOR('',#740,5.E-1);
#742=CARTESIAN_POINT('',(-2.29E0,3.E-1,3.5E-1));
#743=LINE('',#742,#741);
#744=DIRECTION('',(0.E0,1.E0,0.E0));
#745=VECTOR('',#744,3.E-1);
#746=CARTESIAN_POINT('',(-2.79E0,3.E-1,3.5E-1));
#747=LINE('',#746,#745);
#748=CARTESIAN_POINT('',(-2.79E0,1.8E0,-8.5E-1));
#749=CARTESIAN_POINT('',(-2.79E0,6.E-1,3.5E-1));
#750=VERTEX_POINT('',#748);
#751=VERTEX_POINT('',#749);
#752=CARTESIAN_POINT('',(-2.79E0,3.E-1,3.5E-1));
#753=VERTEX_POINT('',#752);
#754=CARTESIAN_POINT('',(-2.79E0,3.E-1,8.594744111674E-1));
#755=VERTEX_POINT('',#754);
#756=CARTESIAN_POINT('',(-2.79E0,-3.E-2,1.05E0));
#757=VERTEX_POINT('',#756);
#758=CARTESIAN_POINT('',(-2.79E0,-3.E-2,9.85E-1));
#759=VERTEX_POINT('',#758);
#760=CARTESIAN_POINT('',(-2.79E0,-1.2E0,9.85E-1));
#761=VERTEX_POINT('',#760);
#762=CARTESIAN_POINT('',(-2.79E0,-1.2E0,1.35E0));
#763=VERTEX_POINT('',#762);
#764=CARTESIAN_POINT('',(-2.79E0,-1.6E0,1.35E0));
#765=VERTEX_POINT('',#764);
#766=CARTESIAN_POINT('',(-2.79E0,-1.6E0,9.949874371066E-1));
#767=VERTEX_POINT('',#766);
#768=CARTESIAN_POINT('',(-2.79E0,-1.6E0,-9.949874371067E-1));
#769=VERTEX_POINT('',#768);
#770=CARTESIAN_POINT('',(-2.79E0,-1.6E0,-1.35E0));
#771=VERTEX_POINT('',#770);
#772=CARTESIAN_POINT('',(-2.79E0,-1.2E0,-1.35E0));
#773=VERTEX_POINT('',#772);
#774=CARTESIAN_POINT('',(-2.79E0,-1.2E0,-9.85E-1));
#775=VERTEX_POINT('',#774);
#776=CARTESIAN_POINT('',(-2.79E0,-3.E-2,-9.85E-1));
#777=VERTEX_POINT('',#776);
#778=CARTESIAN_POINT('',(-2.79E0,-3.E-2,-1.05E0));
#779=VERTEX_POINT('',#778);
#780=CARTESIAN_POINT('',(-2.79E0,3.E-1,-8.594744111674E-1));
#781=VERTEX_POINT('',#780);
#782=CARTESIAN_POINT('',(-2.79E0,3.E-1,-3.5E-1));
#783=VERTEX_POINT('',#782);
#784=CARTESIAN_POINT('',(-2.79E0,6.E-1,-3.5E-1));
#785=VERTEX_POINT('',#784);
#786=CARTESIAN_POINT('',(-2.79E0,1.1E0,-8.5E-1));
#787=VERTEX_POINT('',#786);
#788=CARTESIAN_POINT('',(-2.79E0,1.1E0,-6.E0));
#789=VERTEX_POINT('',#788);
#790=CARTESIAN_POINT('',(-2.79E0,1.45E0,-6.35E0));
#791=VERTEX_POINT('',#790);
#792=CARTESIAN_POINT('',(-2.79E0,1.8E0,-6.E0));
#793=VERTEX_POINT('',#792);
#794=CARTESIAN_POINT('',(-2.29E0,1.8E0,-8.5E-1));
#795=VERTEX_POINT('',#794);
#796=CARTESIAN_POINT('',(-2.29E0,6.E-1,3.5E-1));
#797=VERTEX_POINT('',#796);
#798=CARTESIAN_POINT('',(-2.29E0,1.8E0,-6.E0));
#799=VERTEX_POINT('',#798);
#800=CARTESIAN_POINT('',(-2.29E0,1.45E0,-6.35E0));
#801=CARTESIAN_POINT('',(-2.29E0,1.1E0,-6.E0));
#802=VERTEX_POINT('',#800);
#803=VERTEX_POINT('',#801);
#804=CARTESIAN_POINT('',(-2.29E0,1.1E0,-8.5E-1));
#805=VERTEX_POINT('',#804);
#806=CARTESIAN_POINT('',(-2.29E0,6.E-1,-3.5E-1));
#807=VERTEX_POINT('',#806);
#808=CARTESIAN_POINT('',(-2.29E0,3.E-1,-3.5E-1));
#809=VERTEX_POINT('',#808);
#810=CARTESIAN_POINT('',(-2.29E0,3.E-1,-8.594744111674E-1));
#811=VERTEX_POINT('',#810);
#812=CARTESIAN_POINT('',(-2.29E0,-3.E-2,-1.05E0));
#813=VERTEX_POINT('',#812);
#814=CARTESIAN_POINT('',(-2.29E0,-3.E-2,-9.85E-1));
#815=VERTEX_POINT('',#814);
#816=CARTESIAN_POINT('',(-2.29E0,-1.2E0,-9.85E-1));
#817=VERTEX_POINT('',#816);
#818=CARTESIAN_POINT('',(-2.29E0,-1.2E0,-1.35E0));
#819=VERTEX_POINT('',#818);
#820=CARTESIAN_POINT('',(-2.29E0,-1.6E0,-1.35E0));
#821=VERTEX_POINT('',#820);
#822=CARTESIAN_POINT('',(-2.29E0,-1.6E0,-9.949874371066E-1));
#823=VERTEX_POINT('',#822);
#824=CARTESIAN_POINT('',(-2.29E0,-1.6E0,9.949874371067E-1));
#825=VERTEX_POINT('',#824);
#826=CARTESIAN_POINT('',(-2.29E0,-1.6E0,1.35E0));
#827=VERTEX_POINT('',#826);
#828=CARTESIAN_POINT('',(-2.29E0,-1.2E0,1.35E0));
#829=VERTEX_POINT('',#828);
#830=CARTESIAN_POINT('',(-2.29E0,-1.2E0,9.85E-1));
#831=VERTEX_POINT('',#830);
#832=CARTESIAN_POINT('',(-2.29E0,-3.E-2,9.85E-1));
#833=VERTEX_POINT('',#832);
#834=CARTESIAN_POINT('',(-2.29E0,-3.E-2,1.05E0));
#835=VERTEX_POINT('',#834);
#836=CARTESIAN_POINT('',(-2.29E0,3.E-1,8.594744111674E-1));
#837=VERTEX_POINT('',#836);
#838=CARTESIAN_POINT('',(-2.29E0,3.E-1,3.5E-1));
#839=VERTEX_POINT('',#838);
#840=CARTESIAN_POINT('',(-2.79E0,-1.2E0,0.E0));
#841=DIRECTION('',(1.E0,0.E0,0.E0));
#842=DIRECTION('',(0.E0,0.E0,1.E0));
#843=AXIS2_PLACEMENT_3D('',#840,#841,#842);
#844=PLANE('',#843);
#846=ORIENTED_EDGE('',*,*,#845,.T.);
#848=ORIENTED_EDGE('',*,*,#847,.F.);
#850=ORIENTED_EDGE('',*,*,#849,.T.);
#852=ORIENTED_EDGE('',*,*,#851,.T.);
#854=ORIENTED_EDGE('',*,*,#853,.T.);
#856=ORIENTED_EDGE('',*,*,#855,.T.);
#858=ORIENTED_EDGE('',*,*,#857,.T.);
#860=ORIENTED_EDGE('',*,*,#859,.T.);
#862=ORIENTED_EDGE('',*,*,#861,.T.);
#864=ORIENTED_EDGE('',*,*,#863,.T.);
#866=ORIENTED_EDGE('',*,*,#865,.T.);
#868=ORIENTED_EDGE('',*,*,#867,.T.);
#870=ORIENTED_EDGE('',*,*,#869,.T.);
#872=ORIENTED_EDGE('',*,*,#871,.T.);
#874=ORIENTED_EDGE('',*,*,#873,.T.);
#876=ORIENTED_EDGE('',*,*,#875,.T.);
#878=ORIENTED_EDGE('',*,*,#877,.T.);
#880=ORIENTED_EDGE('',*,*,#879,.T.);
#882=ORIENTED_EDGE('',*,*,#881,.T.);
#884=ORIENTED_EDGE('',*,*,#883,.F.);
#886=ORIENTED_EDGE('',*,*,#885,.T.);
#888=ORIENTED_EDGE('',*,*,#887,.T.);
#890=ORIENTED_EDGE('',*,*,#889,.F.);
#891=EDGE_LOOP('',(#846,#848,#850,#852,#854,#856,#858,#860,#862,#864,#866,#868,
#870,#872,#874,#876,#878,#880,#882,#884,#886,#888,#890));
#892=FACE_OUTER_BOUND('',#891,.F.);
#893=ADVANCED_FACE('',(#892),#844,.F.);
#894=CARTESIAN_POINT('',(-2.276741350723E0,6.E-1,-8.5E-1));
#895=DIRECTION('',(-1.E0,0.E0,0.E0));
#896=DIRECTION('',(0.E0,0.E0,1.E0));
#897=AXIS2_PLACEMENT_3D('',#894,#895,#896);
#898=CYLINDRICAL_SURFACE('',#897,1.2E0);
#899=ORIENTED_EDGE('',*,*,#845,.F.);
#901=ORIENTED_EDGE('',*,*,#900,.T.);
#903=ORIENTED_EDGE('',*,*,#902,.F.);
#905=ORIENTED_EDGE('',*,*,#904,.T.);
#906=EDGE_LOOP('',(#899,#901,#903,#905));
#907=FACE_OUTER_BOUND('',#906,.F.);
#908=ADVANCED_FACE('',(#907),#898,.T.);
#909=CARTESIAN_POINT('',(-2.79E0,1.8E0,0.E0));
#910=DIRECTION('',(0.E0,1.E0,0.E0));
#911=DIRECTION('',(0.E0,0.E0,1.E0));
#912=AXIS2_PLACEMENT_3D('',#909,#910,#911);
#913=PLANE('',#912);
#914=ORIENTED_EDGE('',*,*,#900,.F.);
#915=ORIENTED_EDGE('',*,*,#889,.T.);
#917=ORIENTED_EDGE('',*,*,#916,.F.);
#919=ORIENTED_EDGE('',*,*,#918,.F.);
#920=EDGE_LOOP('',(#914,#915,#917,#919));
#921=FACE_OUTER_BOUND('',#920,.F.);
#922=ADVANCED_FACE('',(#921),#913,.T.);
#923=CARTESIAN_POINT('',(-2.29E0,1.45E0,-6.E0));
#924=DIRECTION('',(1.E0,0.E0,0.E0));
#925=DIRECTION('',(0.E0,0.E0,1.E0));
#926=AXIS2_PLACEMENT_3D('',#923,#924,#925);
#927=CYLINDRICAL_SURFACE('',#926,3.5E-1);
#929=ORIENTED_EDGE('',*,*,#928,.F.);
#931=ORIENTED_EDGE('',*,*,#930,.F.);
#932=ORIENTED_EDGE('',*,*,#916,.T.);
#933=ORIENTED_EDGE('',*,*,#887,.F.);
#934=ORIENTED_EDGE('',*,*,#885,.F.);
#936=ORIENTED_EDGE('',*,*,#935,.T.);
#937=EDGE_LOOP('',(#929,#931,#932,#933,#934,#936));
#938=FACE_OUTER_BOUND('',#937,.F.);
#939=ADVANCED_FACE('',(#938),#927,.T.);
#940=CARTESIAN_POINT('',(-2.29E0,-1.2E0,0.E0));
#941=DIRECTION('',(1.E0,0.E0,0.E0));
#942=DIRECTION('',(0.E0,0.E0,1.E0));
#943=AXIS2_PLACEMENT_3D('',#940,#941,#942);
#944=PLANE('',#943);
#945=ORIENTED_EDGE('',*,*,#902,.T.);
#946=ORIENTED_EDGE('',*,*,#918,.T.);
#947=ORIENTED_EDGE('',*,*,#930,.T.);
#948=ORIENTED_EDGE('',*,*,#928,.T.);
#950=ORIENTED_EDGE('',*,*,#949,.T.);
#952=ORIENTED_EDGE('',*,*,#951,.T.);
#954=ORIENTED_EDGE('',*,*,#953,.F.);
#956=ORIENTED_EDGE('',*,*,#955,.T.);
#958=ORIENTED_EDGE('',*,*,#957,.T.);
#960=ORIENTED_EDGE('',*,*,#959,.T.);
#962=ORIENTED_EDGE('',*,*,#961,.T.);
#964=ORIENTED_EDGE('',*,*,#963,.T.);
#966=ORIENTED_EDGE('',*,*,#965,.T.);
#968=ORIENTED_EDGE('',*,*,#967,.T.);
#970=ORIENTED_EDGE('',*,*,#969,.T.);
#972=ORIENTED_EDGE('',*,*,#971,.T.);
#974=ORIENTED_EDGE('',*,*,#973,.T.);
#976=ORIENTED_EDGE('',*,*,#975,.T.);
#978=ORIENTED_EDGE('',*,*,#977,.T.);
#980=ORIENTED_EDGE('',*,*,#979,.T.);
#982=ORIENTED_EDGE('',*,*,#981,.T.);
#984=ORIENTED_EDGE('',*,*,#983,.T.);
#986=ORIENTED_EDGE('',*,*,#985,.T.);
#987=EDGE_LOOP('',(#945,#946,#947,#948,#950,#952,#954,#956,#958,#960,#962,#964,
#966,#968,#970,#972,#974,#976,#978,#980,#982,#984,#986));
#988=FACE_OUTER_BOUND('',#987,.F.);
#989=ADVANCED_FACE('',(#988),#944,.T.);
#990=CARTESIAN_POINT('',(-2.29E0,1.1E0,-3.5E-1));
#991=DIRECTION('',(0.E0,-1.E0,0.E0));
#992=DIRECTION('',(0.E0,0.E0,-1.E0));
#993=AXIS2_PLACEMENT_3D('',#990,#991,#992);
#994=PLANE('',#993);
#996=ORIENTED_EDGE('',*,*,#995,.F.);
#997=ORIENTED_EDGE('',*,*,#949,.F.);
#998=ORIENTED_EDGE('',*,*,#935,.F.);
#999=ORIENTED_EDGE('',*,*,#883,.T.);
#1000=EDGE_LOOP('',(#996,#997,#998,#999));
#1001=FACE_OUTER_BOUND('',#1000,.F.);
#1002=ADVANCED_FACE('',(#1001),#994,.T.);
#1003=CARTESIAN_POINT('',(-2.276741350723E0,6.E-1,-8.5E-1));
#1004=DIRECTION('',(-1.E0,0.E0,0.E0));
#1005=DIRECTION('',(0.E0,0.E0,1.E0));
#1006=AXIS2_PLACEMENT_3D('',#1003,#1004,#1005);
#1007=CYLINDRICAL_SURFACE('',#1006,5.E-1);
#1009=ORIENTED_EDGE('',*,*,#1008,.T.);
#1010=ORIENTED_EDGE('',*,*,#951,.F.);
#1011=ORIENTED_EDGE('',*,*,#995,.T.);
#1012=ORIENTED_EDGE('',*,*,#881,.F.);
#1013=EDGE_LOOP('',(#1009,#1010,#1011,#1012));
#1014=FACE_OUTER_BOUND('',#1013,.F.);
#1015=ADVANCED_FACE('',(#1014),#1007,.F.);
#1016=CARTESIAN_POINT('',(-2.79E0,1.8E0,-3.5E-1));
#1017=DIRECTION('',(0.E0,0.E0,1.E0));
#1018=DIRECTION('',(0.E0,-1.E0,0.E0));
#1019=AXIS2_PLACEMENT_3D('',#1016,#1017,#1018);
#1020=PLANE('',#1019);
#1021=ORIENTED_EDGE('',*,*,#1008,.F.);
#1022=ORIENTED_EDGE('',*,*,#879,.F.);
#1024=ORIENTED_EDGE('',*,*,#1023,.T.);
#1025=ORIENTED_EDGE('',*,*,#953,.T.);
#1026=EDGE_LOOP('',(#1021,#1022,#1024,#1025));
#1027=FACE_OUTER_BOUND('',#1026,.F.);
#1028=ADVANCED_FACE('',(#1027),#1020,.F.);
#1029=CARTESIAN_POINT('',(-2.79E0,1.8E0,3.5E-1));
#1030=DIRECTION('',(0.E0,0.E0,1.E0));
#1031=DIRECTION('',(0.E0,-1.E0,0.E0));
#1032=AXIS2_PLACEMENT_3D('',#1029,#1030,#1031);
#1033=PLANE('',#1032);
#1034=ORIENTED_EDGE('',*,*,#904,.F.);
#1035=ORIENTED_EDGE('',*,*,#985,.F.);
#1037=ORIENTED_EDGE('',*,*,#1036,.T.);
#1038=ORIENTED_EDGE('',*,*,#847,.T.);
#1039=EDGE_LOOP('',(#1034,#1035,#1037,#1038));
#1040=FACE_OUTER_BOUND('',#1039,.F.);
#1041=ADVANCED_FACE('',(#1040),#1033,.T.);
#1042=OPEN_SHELL('',(#893,#908,#922,#939,#989,#1002,#1015,#1028,#1041));
#1043=CARTESIAN_POINT('',(2.29E0,6.E-1,-8.5E-1));
#1044=DIRECTION('',(1.E0,0.E0,0.E0));
#1045=DIRECTION('',(0.E0,1.E0,0.E0));
#1046=AXIS2_PLACEMENT_3D('',#1043,#1044,#1045);
#1048=DIRECTION('',(0.E0,0.E0,1.E0));
#1049=VECTOR('',#1048,5.094744111674E-1);
#1050=CARTESIAN_POINT('',(2.29E0,3.E-1,3.5E-1));
#1051=LINE('',#1050,#1049);
#1052=DIRECTION('',(0.E0,-8.660254037844E-1,5.E-1));
#1053=VECTOR('',#1052,3.810511776652E-1);
#1054=CARTESIAN_POINT('',(2.29E0,3.E-1,8.594744111674E-1));
#1055=LINE('',#1054,#1053);
#1056=DIRECTION('',(0.E0,0.E0,-1.E0));
#1057=VECTOR('',#1056,6.499999999999E-2);
#1058=CARTESIAN_POINT('',(2.29E0,-3.E-2,1.05E0));
#1059=LINE('',#1058,#1057);
#1060=DIRECTION('',(0.E0,-1.E0,0.E0));
#1061=VECTOR('',#1060,1.17E0);
#1062=CARTESIAN_POINT('',(2.29E0,-3.E-2,9.85E-1));
#1063=LINE('',#1062,#1061);
#1064=DIRECTION('',(0.E0,0.E0,1.E0));
#1065=VECTOR('',#1064,3.65E-1);
#1066=CARTESIAN_POINT('',(2.29E0,-1.2E0,9.85E-1));
#1067=LINE('',#1066,#1065);
#1068=DIRECTION('',(0.E0,-1.E0,0.E0));
#1069=VECTOR('',#1068,4.E-1);
#1070=CARTESIAN_POINT('',(2.29E0,-1.2E0,1.35E0));
#1071=LINE('',#1070,#1069);
#1072=DIRECTION('',(0.E0,0.E0,-1.E0));
#1073=VECTOR('',#1072,3.550125628934E-1);
#1074=CARTESIAN_POINT('',(2.29E0,-1.6E0,1.35E0));
#1075=LINE('',#1074,#1073);
#1076=CARTESIAN_POINT('',(2.29E0,3.3E0,0.E0));
#1077=DIRECTION('',(1.E0,0.E0,0.E0));
#1078=DIRECTION('',(0.E0,-9.8E-1,1.989974874213E-1));
#1079=AXIS2_PLACEMENT_3D('',#1076,#1077,#1078);
#1081=DIRECTION('',(0.E0,0.E0,-1.E0));
#1082=VECTOR('',#1081,3.550125628933E-1);
#1083=CARTESIAN_POINT('',(2.29E0,-1.6E0,-9.949874371067E-1));
#1084=LINE('',#1083,#1082);
#1085=DIRECTION('',(0.E0,1.E0,0.E0));
#1086=VECTOR('',#1085,4.E-1);
#1087=CARTESIAN_POINT('',(2.29E0,-1.6E0,-1.35E0));
#1088=LINE('',#1087,#1086);
#1089=DIRECTION('',(0.E0,0.E0,1.E0));
#1090=VECTOR('',#1089,3.65E-1);
#1091=CARTESIAN_POINT('',(2.29E0,-1.2E0,-1.35E0));
#1092=LINE('',#1091,#1090);
#1093=DIRECTION('',(0.E0,1.E0,0.E0));
#1094=VECTOR('',#1093,1.17E0);
#1095=CARTESIAN_POINT('',(2.29E0,-1.2E0,-9.85E-1));
#1096=LINE('',#1095,#1094);
#1097=DIRECTION('',(0.E0,0.E0,-1.E0));
#1098=VECTOR('',#1097,6.499999999999E-2);
#1099=CARTESIAN_POINT('',(2.29E0,-3.E-2,-9.85E-1));
#1100=LINE('',#1099,#1098);
#1101=DIRECTION('',(0.E0,8.660254037844E-1,5.E-1));
#1102=VECTOR('',#1101,3.810511776652E-1);
#1103=CARTESIAN_POINT('',(2.29E0,-3.E-2,-1.05E0));
#1104=LINE('',#1103,#1102);
#1105=DIRECTION('',(0.E0,0.E0,1.E0));
#1106=VECTOR('',#1105,5.094744111674E-1);
#1107=CARTESIAN_POINT('',(2.29E0,3.E-1,-8.594744111674E-1));
#1108=LINE('',#1107,#1106);
#1109=DIRECTION('',(0.E0,1.E0,0.E0));
#1110=VECTOR('',#1109,3.E-1);
#1111=CARTESIAN_POINT('',(2.29E0,3.E-1,-3.5E-1));
#1112=LINE('',#1111,#1110);
#1113=CARTESIAN_POINT('',(2.29E0,6.E-1,-8.5E-1));
#1114=DIRECTION('',(-1.E0,0.E0,0.E0));
#1115=DIRECTION('',(0.E0,0.E0,1.E0));
#1116=AXIS2_PLACEMENT_3D('',#1113,#1114,#1115);
#1118=CARTESIAN_POINT('',(2.29E0,1.45E0,-6.E0));
#1119=DIRECTION('',(1.E0,0.E0,0.E0));
#1120=DIRECTION('',(0.E0,-1.E0,0.E0));
#1121=AXIS2_PLACEMENT_3D('',#1118,#1119,#1120);
#1123=CARTESIAN_POINT('',(2.29E0,1.45E0,-6.E0));
#1124=DIRECTION('',(1.E0,0.E0,0.E0));
#1125=DIRECTION('',(0.E0,0.E0,-1.E0));
#1126=AXIS2_PLACEMENT_3D('',#1123,#1124,#1125);
#1128=DIRECTION('',(1.E0,0.E0,0.E0));
#1129=VECTOR('',#1128,5.E-1);
#1130=CARTESIAN_POINT('',(2.29E0,1.8E0,-8.5E-1));
#1131=LINE('',#1130,#1129);
#1132=DIRECTION('',(-1.E0,0.E0,0.E0));
#1133=VECTOR('',#1132,5.E-1);
#1134=CARTESIAN_POINT('',(2.79E0,6.E-1,3.5E-1));
#1135=LINE('',#1134,#1133);
#1136=DIRECTION('',(0.E0,0.E0,-1.E0));
#1137=VECTOR('',#1136,5.15E0);
#1138=CARTESIAN_POINT('',(2.29E0,1.8E0,-8.5E-1));
#1139=LINE('',#1138,#1137);
#1140=DIRECTION('',(-1.E0,0.E0,0.E0));
#1141=VECTOR('',#1140,5.E-1);
#1142=CARTESIAN_POINT('',(2.79E0,1.8E0,-6.E0));
#1143=LINE('',#1142,#1141);
#1144=DIRECTION('',(1.E0,0.E0,0.E0));
#1145=VECTOR('',#1144,5.E-1);
#1146=CARTESIAN_POINT('',(2.29E0,1.1E0,-6.E0));
#1147=LINE('',#1146,#1145);
#1148=CARTESIAN_POINT('',(2.79E0,6.E-1,-8.5E-1));
#1149=DIRECTION('',(-1.E0,0.E0,0.E0));
#1150=DIRECTION('',(0.E0,0.E0,1.E0));
#1151=AXIS2_PLACEMENT_3D('',#1148,#1149,#1150);
#1153=DIRECTION('',(0.E0,0.E0,-1.E0));
#1154=VECTOR('',#1153,5.15E0);
#1155=CARTESIAN_POINT('',(2.79E0,1.8E0,-8.5E-1));
#1156=LINE('',#1155,#1154);
#1157=CARTESIAN_POINT('',(2.79E0,1.45E0,-6.E0));
#1158=DIRECTION('',(-1.E0,0.E0,0.E0));
#1159=DIRECTION('',(0.E0,1.E0,0.E0));
#1160=AXIS2_PLACEMENT_3D('',#1157,#1158,#1159);
#1162=CARTESIAN_POINT('',(2.79E0,1.45E0,-6.E0));
#1163=DIRECTION('',(-1.E0,0.E0,0.E0));
#1164=DIRECTION('',(0.E0,0.E0,-1.E0));
#1165=AXIS2_PLACEMENT_3D('',#1162,#1163,#1164);
#1167=DIRECTION('',(0.E0,0.E0,1.E0));
#1168=VECTOR('',#1167,5.15E0);
#1169=CARTESIAN_POINT('',(2.79E0,1.1E0,-6.E0));
#1170=LINE('',#1169,#1168);
#1171=CARTESIAN_POINT('',(2.79E0,6.E-1,-8.5E-1));
#1172=DIRECTION('',(1.E0,0.E0,0.E0));
#1173=DIRECTION('',(0.E0,1.E0,0.E0));
#1174=AXIS2_PLACEMENT_3D('',#1171,#1172,#1173);
#1176=DIRECTION('',(0.E0,0.E0,-1.E0));
#1177=VECTOR('',#1176,5.094744111674E-1);
#1178=CARTESIAN_POINT('',(2.79E0,3.E-1,-3.5E-1));
#1179=LINE('',#1178,#1177);
#1180=DIRECTION('',(0.E0,-8.660254037844E-1,-5.E-1));
#1181=VECTOR('',#1180,3.810511776652E-1);
#1182=CARTESIAN_POINT('',(2.79E0,3.E-1,-8.594744111674E-1));
#1183=LINE('',#1182,#1181);
#1184=DIRECTION('',(0.E0,0.E0,1.E0));
#1185=VECTOR('',#1184,6.499999999999E-2);
#1186=CARTESIAN_POINT('',(2.79E0,-3.E-2,-1.05E0));
#1187=LINE('',#1186,#1185);
#1188=DIRECTION('',(0.E0,-1.E0,0.E0));
#1189=VECTOR('',#1188,1.17E0);
#1190=CARTESIAN_POINT('',(2.79E0,-3.E-2,-9.85E-1));
#1191=LINE('',#1190,#1189);
#1192=DIRECTION('',(0.E0,0.E0,-1.E0));
#1193=VECTOR('',#1192,3.65E-1);
#1194=CARTESIAN_POINT('',(2.79E0,-1.2E0,-9.85E-1));
#1195=LINE('',#1194,#1193);
#1196=DIRECTION('',(0.E0,-1.E0,0.E0));
#1197=VECTOR('',#1196,4.E-1);
#1198=CARTESIAN_POINT('',(2.79E0,-1.2E0,-1.35E0));
#1199=LINE('',#1198,#1197);
#1200=DIRECTION('',(0.E0,0.E0,1.E0));
#1201=VECTOR('',#1200,3.550125628934E-1);
#1202=CARTESIAN_POINT('',(2.79E0,-1.6E0,-1.35E0));
#1203=LINE('',#1202,#1201);
#1204=CARTESIAN_POINT('',(2.79E0,3.3E0,0.E0));
#1205=DIRECTION('',(-1.E0,0.E0,0.E0));
#1206=DIRECTION('',(0.E0,-9.8E-1,-1.989974874213E-1));
#1207=AXIS2_PLACEMENT_3D('',#1204,#1205,#1206);
#1209=DIRECTION('',(0.E0,0.E0,1.E0));
#1210=VECTOR('',#1209,3.550125628933E-1);
#1211=CARTESIAN_POINT('',(2.79E0,-1.6E0,9.949874371067E-1));
#1212=LINE('',#1211,#1210);
#1213=DIRECTION('',(0.E0,1.E0,0.E0));
#1214=VECTOR('',#1213,4.E-1);
#1215=CARTESIAN_POINT('',(2.79E0,-1.6E0,1.35E0));
#1216=LINE('',#1215,#1214);
#1217=DIRECTION('',(0.E0,0.E0,-1.E0));
#1218=VECTOR('',#1217,3.65E-1);
#1219=CARTESIAN_POINT('',(2.79E0,-1.2E0,1.35E0));
#1220=LINE('',#1219,#1218);
#1221=DIRECTION('',(0.E0,1.E0,0.E0));
#1222=VECTOR('',#1221,1.17E0);
#1223=CARTESIAN_POINT('',(2.79E0,-1.2E0,9.85E-1));
#1224=LINE('',#1223,#1222);
#1225=DIRECTION('',(0.E0,0.E0,1.E0));
#1226=VECTOR('',#1225,6.499999999999E-2);
#1227=CARTESIAN_POINT('',(2.79E0,-3.E-2,9.85E-1));
#1228=LINE('',#1227,#1226);
#1229=DIRECTION('',(0.E0,8.660254037844E-1,-5.E-1));
#1230=VECTOR('',#1229,3.810511776652E-1);
#1231=CARTESIAN_POINT('',(2.79E0,-3.E-2,1.05E0));
#1232=LINE('',#1231,#1230);
#1233=DIRECTION('',(0.E0,0.E0,-1.E0));
#1234=VECTOR('',#1233,5.094744111674E-1);
#1235=CARTESIAN_POINT('',(2.79E0,3.E-1,8.594744111674E-1));
#1236=LINE('',#1235,#1234);
#1237=DIRECTION('',(0.E0,1.E0,0.E0));
#1238=VECTOR('',#1237,3.E-1);
#1239=CARTESIAN_POINT('',(2.79E0,3.E-1,3.5E-1));
#1240=LINE('',#1239,#1238);
#1241=DIRECTION('',(0.E0,0.E0,1.E0));
#1242=VECTOR('',#1241,5.15E0);
#1243=CARTESIAN_POINT('',(2.29E0,1.1E0,-6.E0));
#1244=LINE('',#1243,#1242);
#1245=DIRECTION('',(1.E0,0.E0,0.E0));
#1246=VECTOR('',#1245,5.E-1);
#1247=CARTESIAN_POINT('',(2.29E0,6.E-1,-3.5E-1));
#1248=LINE('',#1247,#1246);
#1249=DIRECTION('',(-1.E0,0.E0,0.E0));
#1250=VECTOR('',#1249,5.E-1);
#1251=CARTESIAN_POINT('',(2.79E0,1.1E0,-8.5E-1));
#1252=LINE('',#1251,#1250);
#1253=DIRECTION('',(1.E0,0.E0,0.E0));
#1254=VECTOR('',#1253,5.E-1);
#1255=CARTESIAN_POINT('',(2.29E0,3.E-1,-3.5E-1));
#1256=LINE('',#1255,#1254);
#1257=DIRECTION('',(0.E0,1.E0,0.E0));
#1258=VECTOR('',#1257,3.E-1);
#1259=CARTESIAN_POINT('',(2.79E0,3.E-1,-3.5E-1));
#1260=LINE('',#1259,#1258);
#1261=DIRECTION('',(-1.E0,0.E0,0.E0));
#1262=VECTOR('',#1261,5.E-1);
#1263=CARTESIAN_POINT('',(2.79E0,3.E-1,3.5E-1));
#1264=LINE('',#1263,#1262);
#1265=DIRECTION('',(0.E0,1.E0,0.E0));
#1266=VECTOR('',#1265,3.E-1);
#1267=CARTESIAN_POINT('',(2.29E0,3.E-1,3.5E-1));
#1268=LINE('',#1267,#1266);
#1269=CARTESIAN_POINT('',(2.29E0,1.8E0,-8.5E-1));
#1270=CARTESIAN_POINT('',(2.29E0,6.E-1,3.5E-1));
#1271=VERTEX_POINT('',#1269);
#1272=VERTEX_POINT('',#1270);
#1273=CARTESIAN_POINT('',(2.29E0,3.E-1,3.5E-1));
#1274=VERTEX_POINT('',#1273);
#1275=CARTESIAN_POINT('',(2.29E0,3.E-1,8.594744111674E-1));
#1276=VERTEX_POINT('',#1275);
#1277=CARTESIAN_POINT('',(2.29E0,-3.E-2,1.05E0));
#1278=VERTEX_POINT('',#1277);
#1279=CARTESIAN_POINT('',(2.29E0,-3.E-2,9.85E-1));
#1280=VERTEX_POINT('',#1279);
#1281=CARTESIAN_POINT('',(2.29E0,-1.2E0,9.85E-1));
#1282=VERTEX_POINT('',#1281);
#1283=CARTESIAN_POINT('',(2.29E0,-1.2E0,1.35E0));
#1284=VERTEX_POINT('',#1283);
#1285=CARTESIAN_POINT('',(2.29E0,-1.6E0,1.35E0));
#1286=VERTEX_POINT('',#1285);
#1287=CARTESIAN_POINT('',(2.29E0,-1.6E0,9.949874371066E-1));
#1288=VERTEX_POINT('',#1287);
#1289=CARTESIAN_POINT('',(2.29E0,-1.6E0,-9.949874371067E-1));
#1290=VERTEX_POINT('',#1289);
#1291=CARTESIAN_POINT('',(2.29E0,-1.6E0,-1.35E0));
#1292=VERTEX_POINT('',#1291);
#1293=CARTESIAN_POINT('',(2.29E0,-1.2E0,-1.35E0));
#1294=VERTEX_POINT('',#1293);
#1295=CARTESIAN_POINT('',(2.29E0,-1.2E0,-9.85E-1));
#1296=VERTEX_POINT('',#1295);
#1297=CARTESIAN_POINT('',(2.29E0,-3.E-2,-9.85E-1));
#1298=VERTEX_POINT('',#1297);
#1299=CARTESIAN_POINT('',(2.29E0,-3.E-2,-1.05E0));
#1300=VERTEX_POINT('',#1299);
#1301=CARTESIAN_POINT('',(2.29E0,3.E-1,-8.594744111674E-1));
#1302=VERTEX_POINT('',#1301);
#1303=CARTESIAN_POINT('',(2.29E0,3.E-1,-3.5E-1));
#1304=VERTEX_POINT('',#1303);
#1305=CARTESIAN_POINT('',(2.29E0,6.E-1,-3.5E-1));
#1306=VERTEX_POINT('',#1305);
#1307=CARTESIAN_POINT('',(2.29E0,1.1E0,-8.5E-1));
#1308=VERTEX_POINT('',#1307);
#1309=CARTESIAN_POINT('',(2.29E0,1.1E0,-6.E0));
#1310=VERTEX_POINT('',#1309);
#1311=CARTESIAN_POINT('',(2.29E0,1.45E0,-6.35E0));
#1312=VERTEX_POINT('',#1311);
#1313=CARTESIAN_POINT('',(2.29E0,1.8E0,-6.E0));
#1314=VERTEX_POINT('',#1313);
#1315=CARTESIAN_POINT('',(2.79E0,1.8E0,-8.5E-1));
#1316=VERTEX_POINT('',#1315);
#1317=CARTESIAN_POINT('',(2.79E0,6.E-1,3.5E-1));
#1318=VERTEX_POINT('',#1317);
#1319=CARTESIAN_POINT('',(2.79E0,1.8E0,-6.E0));
#1320=VERTEX_POINT('',#1319);
#1321=CARTESIAN_POINT('',(2.79E0,1.45E0,-6.35E0));
#1322=CARTESIAN_POINT('',(2.79E0,1.1E0,-6.E0));
#1323=VERTEX_POINT('',#1321);
#1324=VERTEX_POINT('',#1322);
#1325=CARTESIAN_POINT('',(2.79E0,1.1E0,-8.5E-1));
#1326=VERTEX_POINT('',#1325);
#1327=CARTESIAN_POINT('',(2.79E0,6.E-1,-3.5E-1));
#1328=VERTEX_POINT('',#1327);
#1329=CARTESIAN_POINT('',(2.79E0,3.E-1,-3.5E-1));
#1330=VERTEX_POINT('',#1329);
#1331=CARTESIAN_POINT('',(2.79E0,3.E-1,-8.594744111674E-1));
#1332=VERTEX_POINT('',#1331);
#1333=CARTESIAN_POINT('',(2.79E0,-3.E-2,-1.05E0));
#1334=VERTEX_POINT('',#1333);
#1335=CARTESIAN_POINT('',(2.79E0,-3.E-2,-9.85E-1));
#1336=VERTEX_POINT('',#1335);
#1337=CARTESIAN_POINT('',(2.79E0,-1.2E0,-9.85E-1));
#1338=VERTEX_POINT('',#1337);
#1339=CARTESIAN_POINT('',(2.79E0,-1.2E0,-1.35E0));
#1340=VERTEX_POINT('',#1339);
#1341=CARTESIAN_POINT('',(2.79E0,-1.6E0,-1.35E0));
#1342=VERTEX_POINT('',#1341);
#1343=CARTESIAN_POINT('',(2.79E0,-1.6E0,-9.949874371066E-1));
#1344=VERTEX_POINT('',#1343);
#1345=CARTESIAN_POINT('',(2.79E0,-1.6E0,9.949874371067E-1));
#1346=VERTEX_POINT('',#1345);
#1347=CARTESIAN_POINT('',(2.79E0,-1.6E0,1.35E0));
#1348=VERTEX_POINT('',#1347);
#1349=CARTESIAN_POINT('',(2.79E0,-1.2E0,1.35E0));
#1350=VERTEX_POINT('',#1349);
#1351=CARTESIAN_POINT('',(2.79E0,-1.2E0,9.85E-1));
#1352=VERTEX_POINT('',#1351);
#1353=CARTESIAN_POINT('',(2.79E0,-3.E-2,9.85E-1));
#1354=VERTEX_POINT('',#1353);
#1355=CARTESIAN_POINT('',(2.79E0,-3.E-2,1.05E0));
#1356=VERTEX_POINT('',#1355);
#1357=CARTESIAN_POINT('',(2.79E0,3.E-1,8.594744111674E-1));
#1358=VERTEX_POINT('',#1357);
#1359=CARTESIAN_POINT('',(2.79E0,3.E-1,3.5E-1));
#1360=VERTEX_POINT('',#1359);
#1361=CARTESIAN_POINT('',(2.29E0,-1.2E0,0.E0));
#1362=DIRECTION('',(1.E0,0.E0,0.E0));
#1363=DIRECTION('',(0.E0,0.E0,1.E0));
#1364=AXIS2_PLACEMENT_3D('',#1361,#1362,#1363);
#1365=PLANE('',#1364);
#1367=ORIENTED_EDGE('',*,*,#1366,.T.);
#1369=ORIENTED_EDGE('',*,*,#1368,.F.);
#1371=ORIENTED_EDGE('',*,*,#1370,.T.);
#1373=ORIENTED_EDGE('',*,*,#1372,.T.);
#1375=ORIENTED_EDGE('',*,*,#1374,.T.);
#1377=ORIENTED_EDGE('',*,*,#1376,.T.);
#1379=ORIENTED_EDGE('',*,*,#1378,.T.);
#1381=ORIENTED_EDGE('',*,*,#1380,.T.);
#1383=ORIENTED_EDGE('',*,*,#1382,.T.);
#1385=ORIENTED_EDGE('',*,*,#1384,.T.);
#1387=ORIENTED_EDGE('',*,*,#1386,.T.);
#1389=ORIENTED_EDGE('',*,*,#1388,.T.);
#1391=ORIENTED_EDGE('',*,*,#1390,.T.);
#1393=ORIENTED_EDGE('',*,*,#1392,.T.);
#1395=ORIENTED_EDGE('',*,*,#1394,.T.);
#1397=ORIENTED_EDGE('',*,*,#1396,.T.);
#1399=ORIENTED_EDGE('',*,*,#1398,.T.);
#1401=ORIENTED_EDGE('',*,*,#1400,.T.);
#1403=ORIENTED_EDGE('',*,*,#1402,.T.);
#1405=ORIENTED_EDGE('',*,*,#1404,.F.);
#1407=ORIENTED_EDGE('',*,*,#1406,.T.);
#1409=ORIENTED_EDGE('',*,*,#1408,.T.);
#1411=ORIENTED_EDGE('',*,*,#1410,.F.);
#1412=EDGE_LOOP('',(#1367,#1369,#1371,#1373,#1375,#1377,#1379,#1381,#1383,#1385,
#1387,#1389,#1391,#1393,#1395,#1397,#1399,#1401,#1403,#1405,#1407,#1409,#1411));
#1413=FACE_OUTER_BOUND('',#1412,.F.);
#1414=ADVANCED_FACE('',(#1413),#1365,.F.);
#1415=CARTESIAN_POINT('',(2.803258649277E0,6.E-1,-8.5E-1));
#1416=DIRECTION('',(-1.E0,0.E0,0.E0));
#1417=DIRECTION('',(0.E0,0.E0,1.E0));
#1418=AXIS2_PLACEMENT_3D('',#1415,#1416,#1417);
#1419=CYLINDRICAL_SURFACE('',#1418,1.2E0);
#1420=ORIENTED_EDGE('',*,*,#1366,.F.);
#1422=ORIENTED_EDGE('',*,*,#1421,.T.);
#1424=ORIENTED_EDGE('',*,*,#1423,.F.);
#1426=ORIENTED_EDGE('',*,*,#1425,.T.);
#1427=EDGE_LOOP('',(#1420,#1422,#1424,#1426));
#1428=FACE_OUTER_BOUND('',#1427,.F.);
#1429=ADVANCED_FACE('',(#1428),#1419,.T.);
#1430=CARTESIAN_POINT('',(2.29E0,1.8E0,0.E0));
#1431=DIRECTION('',(0.E0,1.E0,0.E0));
#1432=DIRECTION('',(0.E0,0.E0,1.E0));
#1433=AXIS2_PLACEMENT_3D('',#1430,#1431,#1432);
#1434=PLANE('',#1433);
#1435=ORIENTED_EDGE('',*,*,#1421,.F.);
#1436=ORIENTED_EDGE('',*,*,#1410,.T.);
#1438=ORIENTED_EDGE('',*,*,#1437,.F.);
#1440=ORIENTED_EDGE('',*,*,#1439,.F.);
#1441=EDGE_LOOP('',(#1435,#1436,#1438,#1440));
#1442=FACE_OUTER_BOUND('',#1441,.F.);
#1443=ADVANCED_FACE('',(#1442),#1434,.T.);
#1444=CARTESIAN_POINT('',(2.79E0,1.45E0,-6.E0));
#1445=DIRECTION('',(1.E0,0.E0,0.E0));
#1446=DIRECTION('',(0.E0,0.E0,1.E0));
#1447=AXIS2_PLACEMENT_3D('',#1444,#1445,#1446);
#1448=CYLINDRICAL_SURFACE('',#1447,3.5E-1);
#1450=ORIENTED_EDGE('',*,*,#1449,.F.);
#1452=ORIENTED_EDGE('',*,*,#1451,.F.);
#1453=ORIENTED_EDGE('',*,*,#1437,.T.);
#1454=ORIENTED_EDGE('',*,*,#1408,.F.);
#1455=ORIENTED_EDGE('',*,*,#1406,.F.);
#1457=ORIENTED_EDGE('',*,*,#1456,.T.);
#1458=EDGE_LOOP('',(#1450,#1452,#1453,#1454,#1455,#1457));
#1459=FACE_OUTER_BOUND('',#1458,.F.);
#1460=ADVANCED_FACE('',(#1459),#1448,.T.);
#1461=CARTESIAN_POINT('',(2.79E0,-1.2E0,0.E0));
#1462=DIRECTION('',(1.E0,0.E0,0.E0));
#1463=DIRECTION('',(0.E0,0.E0,1.E0));
#1464=AXIS2_PLACEMENT_3D('',#1461,#1462,#1463);
#1465=PLANE('',#1464);
#1466=ORIENTED_EDGE('',*,*,#1423,.T.);
#1467=ORIENTED_EDGE('',*,*,#1439,.T.);
#1468=ORIENTED_EDGE('',*,*,#1451,.T.);
#1469=ORIENTED_EDGE('',*,*,#1449,.T.);
#1471=ORIENTED_EDGE('',*,*,#1470,.T.);
#1473=ORIENTED_EDGE('',*,*,#1472,.T.);
#1475=ORIENTED_EDGE('',*,*,#1474,.F.);
#1477=ORIENTED_EDGE('',*,*,#1476,.T.);
#1479=ORIENTED_EDGE('',*,*,#1478,.T.);
#1481=ORIENTED_EDGE('',*,*,#1480,.T.);
#1483=ORIENTED_EDGE('',*,*,#1482,.T.);
#1485=ORIENTED_EDGE('',*,*,#1484,.T.);
#1487=ORIENTED_EDGE('',*,*,#1486,.T.);
#1489=ORIENTED_EDGE('',*,*,#1488,.T.);
#1491=ORIENTED_EDGE('',*,*,#1490,.T.);
#1493=ORIENTED_EDGE('',*,*,#1492,.T.);
#1495=ORIENTED_EDGE('',*,*,#1494,.T.);
#1497=ORIENTED_EDGE('',*,*,#1496,.T.);
#1499=ORIENTED_EDGE('',*,*,#1498,.T.);
#1501=ORIENTED_EDGE('',*,*,#1500,.T.);
#1503=ORIENTED_EDGE('',*,*,#1502,.T.);
#1505=ORIENTED_EDGE('',*,*,#1504,.T.);
#1507=ORIENTED_EDGE('',*,*,#1506,.T.);
#1508=EDGE_LOOP('',(#1466,#1467,#1468,#1469,#1471,#1473,#1475,#1477,#1479,#1481,
#1483,#1485,#1487,#1489,#1491,#1493,#1495,#1497,#1499,#1501,#1503,#1505,#1507));
#1509=FACE_OUTER_BOUND('',#1508,.F.);
#1510=ADVANCED_FACE('',(#1509),#1465,.T.);
#1511=CARTESIAN_POINT('',(2.79E0,1.1E0,-3.5E-1));
#1512=DIRECTION('',(0.E0,-1.E0,0.E0));
#1513=DIRECTION('',(0.E0,0.E0,-1.E0));
#1514=AXIS2_PLACEMENT_3D('',#1511,#1512,#1513);
#1515=PLANE('',#1514);
#1517=ORIENTED_EDGE('',*,*,#1516,.F.);
#1518=ORIENTED_EDGE('',*,*,#1470,.F.);
#1519=ORIENTED_EDGE('',*,*,#1456,.F.);
#1520=ORIENTED_EDGE('',*,*,#1404,.T.);
#1521=EDGE_LOOP('',(#1517,#1518,#1519,#1520));
#1522=FACE_OUTER_BOUND('',#1521,.F.);
#1523=ADVANCED_FACE('',(#1522),#1515,.T.);
#1524=CARTESIAN_POINT('',(2.803258649277E0,6.E-1,-8.5E-1));
#1525=DIRECTION('',(-1.E0,0.E0,0.E0));
#1526=DIRECTION('',(0.E0,0.E0,1.E0));
#1527=AXIS2_PLACEMENT_3D('',#1524,#1525,#1526);
#1528=CYLINDRICAL_SURFACE('',#1527,5.E-1);
#1530=ORIENTED_EDGE('',*,*,#1529,.T.);
#1531=ORIENTED_EDGE('',*,*,#1472,.F.);
#1532=ORIENTED_EDGE('',*,*,#1516,.T.);
#1533=ORIENTED_EDGE('',*,*,#1402,.F.);
#1534=EDGE_LOOP('',(#1530,#1531,#1532,#1533));
#1535=FACE_OUTER_BOUND('',#1534,.F.);
#1536=ADVANCED_FACE('',(#1535),#1528,.F.);
#1537=CARTESIAN_POINT('',(2.29E0,1.8E0,-3.5E-1));
#1538=DIRECTION('',(0.E0,0.E0,1.E0));
#1539=DIRECTION('',(0.E0,-1.E0,0.E0));
#1540=AXIS2_PLACEMENT_3D('',#1537,#1538,#1539);
#1541=PLANE('',#1540);
#1542=ORIENTED_EDGE('',*,*,#1529,.F.);
#1543=ORIENTED_EDGE('',*,*,#1400,.F.);
#1545=ORIENTED_EDGE('',*,*,#1544,.T.);
#1546=ORIENTED_EDGE('',*,*,#1474,.T.);
#1547=EDGE_LOOP('',(#1542,#1543,#1545,#1546));
#1548=FACE_OUTER_BOUND('',#1547,.F.);
#1549=ADVANCED_FACE('',(#1548),#1541,.F.);
#1550=CARTESIAN_POINT('',(2.29E0,1.8E0,3.5E-1));
#1551=DIRECTION('',(0.E0,0.E0,1.E0));
#1552=DIRECTION('',(0.E0,-1.E0,0.E0));
#1553=AXIS2_PLACEMENT_3D('',#1550,#1551,#1552);
#1554=PLANE('',#1553);
#1555=ORIENTED_EDGE('',*,*,#1425,.F.);
#1556=ORIENTED_EDGE('',*,*,#1506,.F.);
#1558=ORIENTED_EDGE('',*,*,#1557,.T.);
#1559=ORIENTED_EDGE('',*,*,#1368,.T.);
#1560=EDGE_LOOP('',(#1555,#1556,#1558,#1559));
#1561=FACE_OUTER_BOUND('',#1560,.F.);
#1562=ADVANCED_FACE('',(#1561),#1554,.T.);
#1563=OPEN_SHELL('',(#1414,#1429,#1443,#1460,#1510,#1523,#1536,#1549,#1562));
#1564=CARTESIAN_POINT('',(-3.035857864376E0,4.2E-1,-1.9E0));
#1565=CARTESIAN_POINT('',(-2.992706146344E0,4.2E-1,-1.9E0));
#1566=CARTESIAN_POINT('',(-2.912369787338E0,4.2E-1,-1.909327285713E0));
#1567=CARTESIAN_POINT('',(-2.805757806330E0,4.2E-1,-1.945034014472E0));
#1568=CARTESIAN_POINT('',(-2.713595245479E0,4.2E-1,-2.003326989211E0));
#1569=CARTESIAN_POINT('',(-2.664074073453E0,4.2E-1,-2.060822255746E0));
#1570=CARTESIAN_POINT('',(-2.645986090584E0,4.2E-1,-2.1E0));
#1572=CARTESIAN_POINT('',(2.645986090584E0,4.2E-1,-2.1E0));
#1573=CARTESIAN_POINT('',(2.664074073454E0,4.2E-1,-2.060822255747E0));
#1574=CARTESIAN_POINT('',(2.713595245479E0,4.2E-1,-2.003326989211E0));
#1575=CARTESIAN_POINT('',(2.805757806330E0,4.2E-1,-1.945034014472E0));
#1576=CARTESIAN_POINT('',(2.912369787339E0,4.2E-1,-1.909327285713E0));
#1577=CARTESIAN_POINT('',(2.992706146344E0,4.2E-1,-1.9E0));
#1578=CARTESIAN_POINT('',(3.035857864376E0,4.2E-1,-1.9E0));
#1580=DIRECTION('',(-1.E0,-2.339710218332E-14,0.E0));
#1581=VECTOR('',#1580,7.141421356240E-1);
#1582=CARTESIAN_POINT('',(3.75E0,4.2E-1,1.9E0));
#1583=LINE('',#1582,#1581);
#1584=CARTESIAN_POINT('',(3.035857864376E0,4.2E-1,1.9E0));
#1585=CARTESIAN_POINT('',(2.992706146344E0,4.2E-1,1.9E0));
#1586=CARTESIAN_POINT('',(2.912369787338E0,4.2E-1,1.909327285713E0));
#1587=CARTESIAN_POINT('',(2.805757806330E0,4.2E-1,1.945034014472E0));
#1588=CARTESIAN_POINT('',(2.713595245479E0,4.2E-1,2.003326989211E0));
#1589=CARTESIAN_POINT('',(2.664074073453E0,4.2E-1,2.060822255746E0));
#1590=CARTESIAN_POINT('',(2.645986090584E0,4.2E-1,2.1E0));
#1592=CARTESIAN_POINT('',(-2.645986090584E0,4.2E-1,2.1E0));
#1593=CARTESIAN_POINT('',(-2.664074073453E0,4.2E-1,2.060822255746E0));
#1594=CARTESIAN_POINT('',(-2.713595245479E0,4.2E-1,2.003326989211E0));
#1595=CARTESIAN_POINT('',(-2.805757806330E0,4.2E-1,1.945034014472E0));
#1596=CARTESIAN_POINT('',(-2.912369787338E0,4.2E-1,1.909327285713E0));
#1597=CARTESIAN_POINT('',(-2.992706146344E0,4.2E-1,1.9E0));
#1598=CARTESIAN_POINT('',(-3.035857864376E0,4.2E-1,1.9E0));
#1600=DIRECTION('',(-1.E0,0.E0,0.E0));
#1601=VECTOR('',#1600,7.141421356240E-1);
#1602=CARTESIAN_POINT('',(-3.035857864376E0,4.2E-1,1.9E0));
#1603=LINE('',#1602,#1601);
#1604=CARTESIAN_POINT('',(-3.75E0,1.12E0,-1.9E0));
#1605=DIRECTION('',(4.012116309680E-13,-1.717017332912E-12,-1.E0));
#1606=DIRECTION('',(-9.999999999287E-1,-1.194503496529E-5,-3.996817652705E-13));
#1607=AXIS2_PLACEMENT_3D('',#1604,#1605,#1606);
#1609=DIRECTION('',(7.071067898937E-1,-7.071067724794E-1,-1.443362897820E-14));
#1610=VECTOR('',#1609,9.999494473584E-1);
#1611=CARTESIAN_POINT('',(-3.742928908154E0,1.127071026364E0,-1.9E0));
#1612=LINE('',#1611,#1610);
#1613=DIRECTION('',(-1.E0,9.351067749680E-14,0.E0));
#1614=VECTOR('',#1613,7.141421356239E-1);
#1615=CARTESIAN_POINT('',(-3.035857864376E0,4.199999999999E-1,-1.9E0));
#1616=LINE('',#1615,#1614);
#1617=CARTESIAN_POINT('',(-3.75E0,1.2E-1,-1.9E0));
#1618=DIRECTION('',(0.E0,0.E0,1.E0));
#1619=DIRECTION('',(0.E0,1.E0,0.E0));
#1620=AXIS2_PLACEMENT_3D('',#1617,#1618,#1619);
#1622=CARTESIAN_POINT('',(-3.76E0,1.12E0,-2.19E0));
#1623=DIRECTION('',(2.018793496718E-12,-1.E0,1.717017332912E-12));
#1624=DIRECTION('',(-6.125368411725E-14,1.717400168437E-12,1.E0));
#1625=AXIS2_PLACEMENT_3D('',#1622,#1623,#1624);
#1627=CARTESIAN_POINT('',(-3.75E0,1.12E0,-2.19E0));
#1628=DIRECTION('',(4.012116309680E-13,-1.717017332912E-12,-1.E0));
#1629=DIRECTION('',(-1.E0,-2.365984445400E-9,-4.011605862313E-13));
#1630=AXIS2_PLACEMENT_3D('',#1627,#1628,#1629);
#1632=CARTESIAN_POINT('',(-3.742928931359E0,1.127071066983E0,-2.19E0));
#1633=DIRECTION('',(7.071066982614E-1,-7.071068641117E-1,1.497814173578E-12));
#1634=DIRECTION('',(7.071068639095E-1,7.071066980591E-1,-2.391803736217E-5));
#1635=AXIS2_PLACEMENT_3D('',#1632,#1633,#1634);
#1637=DIRECTION('',(-2.157730289159E-8,-1.E0,-2.315056519558E-14));
#1638=VECTOR('',#1637,7.001667571652E-1);
#1639=CARTESIAN_POINT('',(-3.759999987687E0,1.119999960183E0,-1.9E0));
#1640=LINE('',#1639,#1638);
#1641=DIRECTION('',(0.E0,1.E0,-5.728750809099E-14));
#1642=VECTOR('',#1641,9.999999996451E-1);
#1643=CARTESIAN_POINT('',(-4.05E0,1.2E-1,-2.19E0));
#1644=LINE('',#1643,#1642);
#1645=DIRECTION('',(0.E0,0.E0,-1.E0));
#1646=VECTOR('',#1645,4.38E0);
#1647=CARTESIAN_POINT('',(-4.05E0,1.2E-1,2.19E0));
#1648=LINE('',#1647,#1646);
#1649=CARTESIAN_POINT('',(-4.05E0,1.2E-1,-2.19E0));
#1650=CARTESIAN_POINT('',(-4.05E0,1.506609613363E-1,-2.159854385641E0));
#1651=CARTESIAN_POINT('',(-4.040751169592E0,2.088338640148E-1,
-2.102660557911E0));
#1652=CARTESIAN_POINT('',(-4.005275975066E0,2.842408033630E-1,
-2.028702539304E0));
#1653=CARTESIAN_POINT('',(-3.955049165473E0,3.432238412174E-1,
-1.971186595006E0));
#1654=CARTESIAN_POINT('',(-3.894957467755E0,3.859474872907E-1,
-1.930011442144E0));
#1655=CARTESIAN_POINT('',(-3.828607559059E0,4.123502902865E-1,
-1.905365254330E0));
#1656=CARTESIAN_POINT('',(-3.782705961964E0,4.190759162455E-1,-1.9E0));
#1657=CARTESIAN_POINT('',(-3.760000002795E0,4.198332030182E-1,-1.9E0));
#1659=DIRECTION('',(0.E0,0.E0,1.E0));
#1660=VECTOR('',#1659,3.8E0);
#1661=CARTESIAN_POINT('',(-3.75E0,4.2E-1,-1.9E0));
#1662=LINE('',#1661,#1660);
#1663=CARTESIAN_POINT('',(-3.76E0,4.198332870113E-1,1.9E0));
#1664=CARTESIAN_POINT('',(-3.782536729475E0,4.190816450005E-1,1.9E0));
#1665=CARTESIAN_POINT('',(-3.828188261770E0,4.124449906193E-1,
1.905281796599E0));
#1666=CARTESIAN_POINT('',(-3.894511832002E0,3.861910161376E-1,
1.929779320808E0));
#1667=CARTESIAN_POINT('',(-3.954723510595E0,3.435342596939E-1,
1.970884535286E0));
#1668=CARTESIAN_POINT('',(-4.005120274055E0,2.845093032450E-1,
2.028439838839E0));
#1669=CARTESIAN_POINT('',(-4.040722610362E0,2.089771722767E-1,
2.102519522591E0));
#1670=CARTESIAN_POINT('',(-4.05E0,1.507105421494E-1,2.159805638178E0));
#1671=CARTESIAN_POINT('',(-4.05E0,1.2E-1,2.19E0));
#1673=DIRECTION('',(1.745002207066E-2,-9.996955138820E-1,-1.744638226166E-2));
#1674=VECTOR('',#1673,6.557232162977E0);
#1675=CARTESIAN_POINT('',(-4.049999998266E0,1.199999226423E-1,
2.210022082521E0));
#1676=LINE('',#1675,#1674);
#1677=DIRECTION('',(-1.745249562300E-2,9.996954706988E-1,-1.744638245734E-2));
#1678=VECTOR('',#1677,6.557232118738E0);
#1679=CARTESIAN_POINT('',(-3.935559934594E0,-6.435235256232E0,
-2.095619343745E0));
#1680=LINE('',#1679,#1678);
#1681=DIRECTION('',(-8.658670314105E-8,3.863617910001E-6,-9.999999999925E-1));
#1682=VECTOR('',#1681,2.002208252149E-2);
#1683=CARTESIAN_POINT('',(-4.049999998266E0,1.199999226423E-1,
2.210022082521E0));
#1684=LINE('',#1683,#1682);
#1685=DIRECTION('',(1.720721443035E-7,-1.720137164443E-7,1.E0));
#1686=VECTOR('',#1685,1.999348740164E-2);
#1687=CARTESIAN_POINT('',(-3.537867965476E0,1.332132034162E0,2.190003302625E0));
#1688=LINE('',#1687,#1686);
#1689=DIRECTION('',(-2.627172661657E-9,1.386565236066E-7,-1.E0));
#1690=VECTOR('',#1689,2.000552105038E-2);
#1691=CARTESIAN_POINT('',(-4.049999999947E0,1.119999999645E0,2.210005521050E0));
#1692=LINE('',#1691,#1690);
#1693=CARTESIAN_POINT('',(-3.742928932188E0,1.127071067812E0,2.19E0));
#1694=DIRECTION('',(7.071067811885E-1,-7.071067811846E-1,-1.096357665135E-13));
#1695=DIRECTION('',(-6.125368411727E-13,-4.571056177251E-13,-1.E0));
#1696=AXIS2_PLACEMENT_3D('',#1693,#1694,#1695);
#1698=CARTESIAN_POINT('',(-3.75E0,1.12E0,2.19E0));
#1699=DIRECTION('',(5.880353675256E-13,4.329869796038E-13,1.E0));
#1700=DIRECTION('',(7.071067823927E-1,7.071067799804E-1,-7.223851146886E-13));
#1701=AXIS2_PLACEMENT_3D('',#1698,#1699,#1700);
#1703=CARTESIAN_POINT('',(-3.76E0,1.120000000668E0,2.19E0));
#1704=DIRECTION('',(-6.687407593649E-8,-1.E0,4.329870189281E-13));
#1705=DIRECTION('',(-1.E0,6.687407562579E-8,3.981489467622E-13));
#1706=AXIS2_PLACEMENT_3D('',#1703,#1704,#1705);
#1708=CARTESIAN_POINT('',(-3.75E0,1.12E0,1.9E0));
#1709=DIRECTION('',(5.880353675256E-13,4.329869796038E-13,1.E0));
#1710=DIRECTION('',(7.071152274614E-1,7.070983348108E-1,-7.327499029203E-13));
#1711=AXIS2_PLACEMENT_3D('',#1708,#1709,#1710);
#1713=CARTESIAN_POINT('',(-3.75E0,1.2E-1,1.9E0));
#1714=DIRECTION('',(0.E0,0.E0,-1.E0));
#1715=DIRECTION('',(-3.333333333333E-2,9.994442900377E-1,0.E0));
#1716=AXIS2_PLACEMENT_3D('',#1713,#1714,#1715);
#1718=DIRECTION('',(-7.071067898936E-1,7.071067724795E-1,-1.621007551652E-14));
#1719=VECTOR('',#1718,9.999494538448E-1);
#1720=CARTESIAN_POINT('',(-3.035857864376E0,4.2E-1,1.9E0));
#1721=LINE('',#1720,#1719);
#1722=DIRECTION('',(1.758565972105E-8,1.E0,-1.680794652157E-14));
#1723=VECTOR('',#1722,7.001666768708E-1);
#1724=CARTESIAN_POINT('',(-3.76E0,4.198332870113E-1,1.9E0));
#1725=LINE('',#1724,#1723);
#1726=DIRECTION('',(0.E0,-1.E0,-1.421085468083E-14));
#1727=VECTOR('',#1726,1.000000002419E0);
#1728=CARTESIAN_POINT('',(-4.05E0,1.120000002419E0,2.19E0));
#1729=LINE('',#1728,#1727);
#1730=DIRECTION('',(-7.071068264916E-1,7.071067358690E-1,-4.208488841950E-6));
#1731=VECTOR('',#1730,1.309495663567E0);
#1732=CARTESIAN_POINT('',(-2.611914642507E0,4.061788298624E-1,
2.190008813623E0));
#1733=LINE('',#1732,#1731);
#1734=CARTESIAN_POINT('',(-2.604844440222E0,3.991086980090E-1,
2.209991462324E0));
#1735=CARTESIAN_POINT('',(-2.605710130893E0,3.999743886799E-1,
2.207794629310E0));
#1736=CARTESIAN_POINT('',(-2.607387880899E0,4.016518771948E-1,
2.203388960020E0));
#1737=CARTESIAN_POINT('',(-2.609743118131E0,4.040071566865E-1,
2.196727590695E0));
#1738=CARTESIAN_POINT('',(-2.611208016248E0,4.054722036032E-1,
2.192255378996E0));
#1739=CARTESIAN_POINT('',(-2.611914642507E0,4.061788298624E-1,
2.190008813623E0));
#1741=CARTESIAN_POINT('',(-2.611914642507E0,4.061788298624E-1,
2.190008813623E0));
#1742=CARTESIAN_POINT('',(-2.615013232312E0,4.092777370215E-1,
2.180156508493E0));
#1743=CARTESIAN_POINT('',(-2.621585326092E0,4.144270055789E-1,
2.160223070655E0));
#1744=CARTESIAN_POINT('',(-2.632813818764E0,4.190059453682E-1,
2.130038828992E0));
#1745=CARTESIAN_POINT('',(-2.641389186189E0,4.200000000001E-1,
2.109956684835E0));
#1746=CARTESIAN_POINT('',(-2.645986090584E0,4.200000000001E-1,2.1E0));
#1748=DIRECTION('',(1.E0,0.E0,0.E0));
#1749=VECTOR('',#1748,5.291972181168E0);
#1750=CARTESIAN_POINT('',(-2.645986090584E0,4.200000000001E-1,2.1E0));
#1751=LINE('',#1750,#1749);
#1752=CARTESIAN_POINT('',(2.645986090584E0,4.2E-1,2.1E0));
#1753=CARTESIAN_POINT('',(2.641389210513E0,4.2E-1,2.109956632150E0));
#1754=CARTESIAN_POINT('',(2.632813869577E0,4.190059560609E-1,2.130038703520E0));
#1755=CARTESIAN_POINT('',(2.621585368952E0,4.144270329764E-1,2.160222944925E0));
#1756=CARTESIAN_POINT('',(2.615013249303E0,4.092777540138E-1,2.180156455477E0));
#1757=CARTESIAN_POINT('',(2.611914642824E0,4.061788301793E-1,2.190008813623E0));
#1759=CARTESIAN_POINT('',(2.604844435081E0,3.991086928688E-1,2.209991462324E0));
#1760=CARTESIAN_POINT('',(2.595168119192E0,3.894331456821E-1,2.234544760869E0));
#1761=CARTESIAN_POINT('',(2.578283306869E0,3.636200171234E-1,2.280706610040E0));
#1762=CARTESIAN_POINT('',(2.554637421629E0,3.110518931800E-1,2.335133691157E0));
#1763=CARTESIAN_POINT('',(2.525969080199E0,2.505806259931E-1,2.373042217044E0));
#1764=CARTESIAN_POINT('',(2.485946024085E0,1.859958849790E-1,2.395220772804E0));
#1765=CARTESIAN_POINT('',(2.447744820443E0,1.417256237627E-1,2.4E0));
#1766=CARTESIAN_POINT('',(2.426019196680E0,1.200000000001E-1,2.4E0));
#1768=DIRECTION('',(-1.E0,-1.374610891283E-14,-1.684084254655E-14));
#1769=VECTOR('',#1768,4.852038393360E0);
#1770=CARTESIAN_POINT('',(2.426019196680E0,1.200000000001E-1,2.4E0));
#1771=LINE('',#1770,#1769);
#1772=CARTESIAN_POINT('',(-2.426019196680E0,1.2E-1,2.4E0));
#1773=CARTESIAN_POINT('',(-2.447443491374E0,1.414242946939E-1,2.4E0));
#1774=CARTESIAN_POINT('',(-2.485475534861E0,1.853006207929E-1,
2.395407166542E0));
#1775=CARTESIAN_POINT('',(-2.526352161907E0,2.511431462076E-1,
2.372909533979E0));
#1776=CARTESIAN_POINT('',(-2.555336894588E0,3.126949277567E-1,
2.333938077043E0));
#1777=CARTESIAN_POINT('',(-2.579102313831E0,3.651997348713E-1,
2.278460992597E0));
#1778=CARTESIAN_POINT('',(-2.595582696866E0,3.898476904210E-1,
2.233492798192E0));
#1779=CARTESIAN_POINT('',(-2.604844440222E0,3.991086980090E-1,
2.209991462324E0));
#1781=DIRECTION('',(7.071068528372E-1,-7.071067095244E-1,-4.037684770400E-6));
#1782=VECTOR('',#1781,1.319494384859E0);
#1783=CARTESIAN_POINT('',(-3.537867962036E0,1.332132030722E0,2.209996790027E0));
#1784=LINE('',#1783,#1782);
#1785=DIRECTION('',(7.071067872999E-1,-7.071067750732E-1,-1.309617315328E-14));
#1786=VECTOR('',#1785,1.424213516070E0);
#1787=CARTESIAN_POINT('',(-3.742928908154E0,1.127071026364E0,2.5E0));
#1788=LINE('',#1787,#1786);
#1789=CARTESIAN_POINT('',(-3.760003668387E0,1.119988057920E0,2.5E0));
#1790=CARTESIAN_POINT('',(-3.760003668387E0,1.122232442916E0,2.5E0));
#1791=CARTESIAN_POINT('',(-3.758705422878E0,1.125918859132E0,2.5E0));
#1792=CARTESIAN_POINT('',(-3.754055666640E0,1.129790917496E0,2.5E0));
#1793=CARTESIAN_POINT('',(-3.748030318098E0,1.130343969729E0,2.5E0));
#1794=CARTESIAN_POINT('',(-3.744503088014E0,1.128645206224E0,2.5E0));
#1795=CARTESIAN_POINT('',(-3.742928908154E0,1.127071026364E0,2.5E0));
#1797=DIRECTION('',(1.E0,1.600390908599E-14,0.E0));
#1798=VECTOR('',#1797,5.471715728752E0);
#1799=CARTESIAN_POINT('',(-2.735857864376E0,1.199999999999E-1,2.5E0));
#1800=LINE('',#1799,#1798);
#1801=DIRECTION('',(1.E0,-5.703952533872E-8,-1.641350793865E-9));
#1802=VECTOR('',#1801,1.024161457620E0);
#1803=CARTESIAN_POINT('',(2.735857864376E0,1.2E-1,2.5E0));
#1804=LINE('',#1803,#1802);
#1805=DIRECTION('',(-1.744596134999E-2,-9.996955212260E-1,-1.745002215622E-2));
#1806=VECTOR('',#1805,6.557232133751E0);
#1807=CARTESIAN_POINT('',(3.760019321996E0,1.199999415823E-1,2.499999998319E0));
#1808=LINE('',#1807,#1806);
#1809=DIRECTION('',(-1.744596154566E-2,9.996954780429E-1,1.745249570530E-2));
#1810=VECTOR('',#1809,6.557232089528E0);
#1811=CARTESIAN_POINT('',(-3.645619343745E0,-6.435235256232E0,
2.385559934617E0));
#1812=LINE('',#1811,#1810);
#1813=DIRECTION('',(1.E0,-1.186045335845E-8,4.902436131385E-10));
#1814=VECTOR('',#1813,1.024158698248E0);
#1815=CARTESIAN_POINT('',(-3.760016562625E0,1.200000121469E-1,
2.499999999498E0));
#1816=LINE('',#1815,#1814);
#1817=CARTESIAN_POINT('',(-2.735857864376E0,1.2E-1,2.5E0));
#1818=CARTESIAN_POINT('',(-2.678284566911E0,1.2E-1,2.5E0));
#1819=CARTESIAN_POINT('',(-2.569062422464E0,1.2E-1,2.483358807345E0));
#1820=CARTESIAN_POINT('',(-2.470640008657E0,1.2E-1,2.436382244564E0));
#1821=CARTESIAN_POINT('',(-2.426019196680E0,1.2E-1,2.4E0));
#1823=CARTESIAN_POINT('',(2.426019196680E0,1.2E-1,2.4E0));
#1824=CARTESIAN_POINT('',(2.470640008656E0,1.2E-1,2.436382244564E0));
#1825=CARTESIAN_POINT('',(2.569062422464E0,1.2E-1,2.483358807345E0));
#1826=CARTESIAN_POINT('',(2.678284566911E0,1.2E-1,2.5E0));
#1827=CARTESIAN_POINT('',(2.735857864376E0,1.2E-1,2.5E0));
#1829=DIRECTION('',(7.071068528372E-1,7.071067095244E-1,4.037685014600E-6));
#1830=VECTOR('',#1829,1.319494396894E0);
#1831=CARTESIAN_POINT('',(2.604844435081E0,3.991086928688E-1,2.209991462324E0));
#1832=LINE('',#1831,#1830);
#1833=DIRECTION('',(7.071067872999E-1,7.071067750732E-1,1.184891851329E-14));
#1834=VECTOR('',#1833,1.424213522557E0);
#1835=CARTESIAN_POINT('',(2.735857864376E0,1.2E-1,2.5E0));
#1836=LINE('',#1835,#1834);
#1837=CARTESIAN_POINT('',(3.742928912740E0,1.127071030951E0,2.5E0));
#1838=CARTESIAN_POINT('',(3.744503092600E0,1.128645210811E0,2.5E0));
#1839=CARTESIAN_POINT('',(3.748030315969E0,1.130343967831E0,2.5E0));
#1840=CARTESIAN_POINT('',(3.754055667213E0,1.129790917259E0,2.5E0));
#1841=CARTESIAN_POINT('',(3.758705422714E0,1.125918861979E0,2.5E0));
#1842=CARTESIAN_POINT('',(3.760003668387E0,1.122232436430E0,2.5E0));
#1843=CARTESIAN_POINT('',(3.760003668387E0,1.119988051435E0,2.5E0));
#1845=CARTESIAN_POINT('',(3.742928932188E0,1.127071067812E0,2.21E0));
#1846=DIRECTION('',(-7.071067811874E-1,-7.071067811857E-1,9.203990275172E-14));
#1847=DIRECTION('',(-1.653849471164E-13,2.963146969170E-13,1.E0));
#1848=AXIS2_PLACEMENT_3D('',#1845,#1846,#1847);
#1850=CARTESIAN_POINT('',(3.75E0,1.12E0,2.21E0));
#1851=DIRECTION('',(-8.361127882005E-13,7.059487094513E-13,-1.E0));
#1852=DIRECTION('',(-7.071067828596E-1,7.071067795135E-1,1.090979158864E-12));
#1853=AXIS2_PLACEMENT_3D('',#1850,#1851,#1852);
#1855=CARTESIAN_POINT('',(3.76E0,1.119999998827E0,2.21E0));
#1856=DIRECTION('',(-1.172684541695E-7,-1.E0,-7.059486114016E-13));
#1857=DIRECTION('',(9.999999992751E-1,-1.172684539512E-7,3.807621039917E-5));
#1858=AXIS2_PLACEMENT_3D('',#1855,#1856,#1857);
#1860=DIRECTION('',(-2.627217058326E-9,-2.431572720021E-7,1.E0));
#1861=VECTOR('',#1860,2.000552105035E-2);
#1862=CARTESIAN_POINT('',(4.05E0,1.119999999872E0,2.19E0));
#1863=LINE('',#1862,#1861);
#1864=DIRECTION('',(9.814967442524E-8,9.806512561475E-8,-1.E0));
#1865=VECTOR('',#1864,1.999348740140E-2);
#1866=CARTESIAN_POINT('',(3.537867965405E0,1.332132034092E0,2.209996790027E0));
#1867=LINE('',#1866,#1865);
#1868=CARTESIAN_POINT('',(3.76E0,1.12E0,2.19E0));
#1869=DIRECTION('',(-2.198852211422E-12,-1.E0,-6.944636436780E-13));
#1870=DIRECTION('',(3.368952626448E-13,6.944636436791E-13,-1.E0));
#1871=AXIS2_PLACEMENT_3D('',#1868,#1869,#1870);
#1873=CARTESIAN_POINT('',(3.75E0,1.12E0,2.19E0));
#1874=DIRECTION('',(5.803786570109E-13,-6.944636436793E-13,1.E0));
#1875=DIRECTION('',(1.E0,-6.905587213174E-13,-5.802765675378E-13));
#1876=AXIS2_PLACEMENT_3D('',#1873,#1874,#1875);
#1878=CARTESIAN_POINT('',(3.742928932661E0,1.127071068285E0,2.19E0));
#1879=DIRECTION('',(-7.071068284705E-1,-7.071067339026E-1,-8.067020742516E-14));
#1880=DIRECTION('',(-7.071067337191E-1,7.071068282871E-1,2.277671980982E-5));
#1881=AXIS2_PLACEMENT_3D('',#1878,#1879,#1880);
#1883=DIRECTION('',(-7.071067898936E-1,-7.071067724795E-1,2.176147116087E-14));
#1884=VECTOR('',#1883,9.999494575433E-1);
#1885=CARTESIAN_POINT('',(3.742928915355E0,1.127071033566E0,1.9E0));
#1886=LINE('',#1885,#1884);
#1887=CARTESIAN_POINT('',(3.75E0,1.2E-1,1.9E0));
#1888=DIRECTION('',(0.E0,0.E0,-1.E0));
#1889=DIRECTION('',(0.E0,1.E0,0.E0));
#1890=AXIS2_PLACEMENT_3D('',#1887,#1888,#1889);
#1892=CARTESIAN_POINT('',(3.75E0,1.12E0,1.9E0));
#1893=DIRECTION('',(5.803786570109E-13,-6.944636436793E-13,1.E0));
#1894=DIRECTION('',(9.999999999287E-1,-1.194494499209E-5,-5.773181053720E-13));
#1895=AXIS2_PLACEMENT_3D('',#1892,#1893,#1894);
#1897=DIRECTION('',(-7.071068264917E-1,-7.071067358689E-1,4.208488688628E-6));
#1898=VECTOR('',#1897,1.309495665794E0);
#1899=CARTESIAN_POINT('',(3.537867967368E0,1.332132036053E0,2.190003302625E0));
#1900=LINE('',#1899,#1898);
#1901=CARTESIAN_POINT('',(2.604844435081E0,3.991086928688E-1,2.209991462324E0));
#1902=CARTESIAN_POINT('',(2.605700463789E0,3.999647215761E-1,2.207819148137E0));
#1903=CARTESIAN_POINT('',(2.607366955750E0,4.016309520457E-1,2.203447433515E0));
#1904=CARTESIAN_POINT('',(2.609722578467E0,4.039866170217E-1,2.196786324181E0));
#1905=CARTESIAN_POINT('',(2.611199951462E0,4.054641388170E-1,2.192281020247E0));
#1906=CARTESIAN_POINT('',(2.611914642824E0,4.061788301793E-1,2.190008813623E0));
#1908=CARTESIAN_POINT('',(3.76E0,4.198332870113E-1,-1.9E0));
#1909=CARTESIAN_POINT('',(3.782536729475E0,4.190816450005E-1,-1.9E0));
#1910=CARTESIAN_POINT('',(3.828188261770E0,4.124449906193E-1,
-1.905281796599E0));
#1911=CARTESIAN_POINT('',(3.894511832002E0,3.861910161376E-1,
-1.929779320808E0));
#1912=CARTESIAN_POINT('',(3.954723510595E0,3.435342596939E-1,
-1.970884535286E0));
#1913=CARTESIAN_POINT('',(4.005120274055E0,2.845093032450E-1,
-2.028439838839E0));
#1914=CARTESIAN_POINT('',(4.040722610362E0,2.089771722767E-1,
-2.102519522591E0));
#1915=CARTESIAN_POINT('',(4.05E0,1.507105421494E-1,-2.159805638178E0));
#1916=CARTESIAN_POINT('',(4.05E0,1.2E-1,-2.19E0));
#1918=DIRECTION('',(0.E0,0.E0,1.E0));
#1919=VECTOR('',#1918,4.38E0);
#1920=CARTESIAN_POINT('',(4.05E0,1.2E-1,-2.19E0));
#1921=LINE('',#1920,#1919);
#1922=CARTESIAN_POINT('',(4.05E0,1.2E-1,2.19E0));
#1923=CARTESIAN_POINT('',(4.05E0,1.506609613363E-1,2.159854385641E0));
#1924=CARTESIAN_POINT('',(4.040751169592E0,2.088338640148E-1,2.102660557911E0));
#1925=CARTESIAN_POINT('',(4.005275975066E0,2.842408033630E-1,2.028702539304E0));
#1926=CARTESIAN_POINT('',(3.955049165473E0,3.432238412174E-1,1.971186595006E0));
#1927=CARTESIAN_POINT('',(3.894957467755E0,3.859474872907E-1,1.930011442144E0));
#1928=CARTESIAN_POINT('',(3.828607559059E0,4.123502902865E-1,1.905365254330E0));
#1929=CARTESIAN_POINT('',(3.782705961964E0,4.190759162455E-1,1.9E0));
#1930=CARTESIAN_POINT('',(3.760000002795E0,4.198332030182E-1,1.9E0));
#1932=DIRECTION('',(0.E0,0.E0,-1.E0));
#1933=VECTOR('',#1932,3.8E0);
#1934=CARTESIAN_POINT('',(3.75E0,4.2E-1,1.9E0));
#1935=LINE('',#1934,#1933);
#1936=DIRECTION('',(7.071067898936E-1,7.071067724795E-1,1.287923808162E-14));
#1937=VECTOR('',#1936,9.999494538445E-1);
#1938=CARTESIAN_POINT('',(3.035857864376E0,4.199999999999E-1,-1.9E0));
#1939=LINE('',#1938,#1937);
#1940=CARTESIAN_POINT('',(3.75E0,1.12E0,-1.9E0));
#1941=DIRECTION('',(1.561968944990E-13,-1.086870057555E-12,-1.E0));
#1942=DIRECTION('',(-7.071152275432E-1,7.070983347290E-1,-8.881817005714E-13));
#1943=AXIS2_PLACEMENT_3D('',#1940,#1941,#1942);
#1945=CARTESIAN_POINT('',(3.75E0,1.2E-1,-1.9E0));
#1946=DIRECTION('',(0.E0,0.E0,1.E0));
#1947=DIRECTION('',(3.333333333333E-2,9.994442900377E-1,0.E0));
#1948=AXIS2_PLACEMENT_3D('',#1945,#1946,#1947);
#1950=DIRECTION('',(-1.E0,-1.632355966278E-13,0.E0));
#1951=VECTOR('',#1950,7.141421356239E-1);
#1952=CARTESIAN_POINT('',(3.75E0,4.2E-1,-1.9E0));
#1953=LINE('',#1952,#1951);
#1954=DIRECTION('',(7.071068287613E-1,7.071067335980E-1,4.419374663583E-6));
#1955=VECTOR('',#1954,1.309495875395E0);
#1956=CARTESIAN_POINT('',(2.611914489681E0,4.061786829796E-1,
-2.190009255269E0));
#1957=LINE('',#1956,#1955);
#1958=CARTESIAN_POINT('',(-2.604844411191E0,3.991086673563E-1,
-2.209991535490E0));
#1959=CARTESIAN_POINT('',(-2.595168113553E0,3.894331318311E-1,
-2.234544776212E0));
#1960=CARTESIAN_POINT('',(-2.578283312216E0,3.636200245027E-1,
-2.280706603194E0));
#1961=CARTESIAN_POINT('',(-2.554637417598E0,3.110518878715E-1,
-2.335133692452E0));
#1962=CARTESIAN_POINT('',(-2.525969104182E0,2.505806724769E-1,
-2.373042192068E0));
#1963=CARTESIAN_POINT('',(-2.485946051427E0,1.859959201504E-1,
-2.395220767756E0));
#1964=CARTESIAN_POINT('',(-2.447744834067E0,1.417256373874E-1,-2.4E0));
#1965=CARTESIAN_POINT('',(-2.426019196680E0,1.2E-1,-2.4E0));
#1967=DIRECTION('',(1.E0,0.E0,0.E0));
#1968=VECTOR('',#1967,4.852038393360E0);
#1969=CARTESIAN_POINT('',(-2.426019196680E0,1.2E-1,-2.4E0));
#1970=LINE('',#1969,#1968);
#1971=CARTESIAN_POINT('',(2.426019196680E0,1.2E-1,-2.4E0));
#1972=CARTESIAN_POINT('',(2.447443490683E0,1.414242940034E-1,-2.4E0));
#1973=CARTESIAN_POINT('',(2.485475531755E0,1.853006165799E-1,
-2.395407168014E0));
#1974=CARTESIAN_POINT('',(2.526352159263E0,2.511431423689E-1,
-2.372909533204E0));
#1975=CARTESIAN_POINT('',(2.555336878939E0,3.126948936788E-1,
-2.333938104571E0));
#1976=CARTESIAN_POINT('',(2.579102313071E0,3.651997335491E-1,
-2.278461000256E0));
#1977=CARTESIAN_POINT('',(2.595582689350E0,3.898476749762E-1,
-2.233492818677E0));
#1978=CARTESIAN_POINT('',(2.604844416288E0,3.991086724528E-1,
-2.209991535490E0));
#1980=CARTESIAN_POINT('',(2.604844416288E0,3.991086724528E-1,
-2.209991535490E0));
#1981=CARTESIAN_POINT('',(2.605710073285E0,3.999743294507E-1,
-2.207794790452E0));
#1982=CARTESIAN_POINT('',(2.607387772608E0,4.016517704533E-1,
-2.203389249181E0));
#1983=CARTESIAN_POINT('',(2.609742948476E0,4.040069840412E-1,
-2.196728092814E0));
#1984=CARTESIAN_POINT('',(2.611207825267E0,4.054720185654E-1,
-2.192255923763E0));
#1985=CARTESIAN_POINT('',(2.611914489681E0,4.061786829796E-1,
-2.190009255269E0));
#1987=CARTESIAN_POINT('',(2.611914489681E0,4.061786829796E-1,
-2.190009255269E0));
#1988=CARTESIAN_POINT('',(2.615013198512E0,4.092777250785E-1,
-2.180156600874E0));
#1989=CARTESIAN_POINT('',(2.621585369986E0,4.144270280806E-1,
-2.160222959290E0));
#1990=CARTESIAN_POINT('',(2.632813846349E0,4.190059513181E-1,
-2.130038753985E0));
#1991=CARTESIAN_POINT('',(2.641389203577E0,4.199999999999E-1,
-2.109956647174E0));
#1992=CARTESIAN_POINT('',(2.645986090584E0,4.199999999999E-1,-2.1E0));
#1994=DIRECTION('',(-1.E0,0.E0,0.E0));
#1995=VECTOR('',#1994,5.291972181168E0);
#1996=CARTESIAN_POINT('',(2.645986090584E0,4.199999999999E-1,-2.1E0));
#1997=LINE('',#1996,#1995);
#1998=CARTESIAN_POINT('',(-2.645986090584E0,4.2E-1,-2.1E0));
#1999=CARTESIAN_POINT('',(-2.641389228219E0,4.2E-1,-2.109956593800E0));
#2000=CARTESIAN_POINT('',(-2.632813897829E0,4.190059621521E-1,
-2.130038626873E0));
#2001=CARTESIAN_POINT('',(-2.621585413400E0,4.144270558310E-1,
-2.160222831914E0));
#2002=CARTESIAN_POINT('',(-2.615013215737E0,4.092777423051E-1,
-2.180156547164E0));
#2003=CARTESIAN_POINT('',(-2.611914490014E0,4.061786833124E-1,
-2.190009255269E0));
#2005=CARTESIAN_POINT('',(-2.604844411191E0,3.991086673563E-1,
-2.209991535490E0));
#2006=CARTESIAN_POINT('',(-2.605700406660E0,3.999646628255E-1,
-2.207819308148E0));
#2007=CARTESIAN_POINT('',(-2.607366849276E0,4.016308471219E-1,
-2.203447720675E0));
#2008=CARTESIAN_POINT('',(-2.609722408766E0,4.039864443309E-1,
-2.196786822959E0));
#2009=CARTESIAN_POINT('',(-2.611199760809E0,4.054639541077E-1,
-2.192281563813E0));
#2010=CARTESIAN_POINT('',(-2.611914490014E0,4.061786833124E-1,
-2.190009255269E0));
#2012=DIRECTION('',(7.071068287613E-1,-7.071067335980E-1,-4.419374748402E-6));
#2013=VECTOR('',#2012,1.309495870159E0);
#2014=CARTESIAN_POINT('',(-3.537867962038E0,1.332132030721E0,
-2.190003468116E0));
#2015=LINE('',#2014,#2013);
#2016=DIRECTION('',(2.626861885016E-9,1.386559242524E-7,-1.E0));
#2017=VECTOR('',#2016,2.000552105026E-2);
#2018=CARTESIAN_POINT('',(-4.05E0,1.119999999645E0,-2.19E0));
#2019=LINE('',#2018,#2017);
#2020=DIRECTION('',(1.719216027171E-7,-1.721596692887E-7,1.E0));
#2021=VECTOR('',#2020,1.999334941967E-2);
#2022=CARTESIAN_POINT('',(-3.537867965475E0,1.332132034163E0,
-2.209996817536E0));
#2023=LINE('',#2022,#2021);
#2024=DIRECTION('',(2.770935290940E-8,-3.401182400115E-7,-9.999999999999E-1));
#2025=VECTOR('',#2024,2.001932314979E-2);
#2026=CARTESIAN_POINT('',(-4.05E0,1.2E-1,-2.19E0));
#2027=LINE('',#2026,#2025);
#2028=DIRECTION('',(1.565379465338E-5,9.999999998775E-1,-1.681212935160E-9));
#2029=VECTOR('',#2028,9.999881201614E-1);
#2030=CARTESIAN_POINT('',(-3.760019321996E0,1.199999415805E-1,
-2.499999998319E0));
#2031=LINE('',#2030,#2029);
#2032=DIRECTION('',(5.021671920325E-10,-9.999999999048E-1,-1.380209933599E-5));
#2033=VECTOR('',#2032,1.000000009323E0);
#2034=CARTESIAN_POINT('',(-4.049999999947E0,1.120000002419E0,
-2.210005521050E0));
#2035=LINE('',#2034,#2033);
#2036=CARTESIAN_POINT('',(-4.049999999445E0,1.199999931911E-1,
-2.210019323150E0));
#2037=CARTESIAN_POINT('',(-4.049999035806E0,1.198115395207E-1,
-2.235327503217E0));
#2038=CARTESIAN_POINT('',(-4.043332573218E0,1.194866369121E-1,
-2.285927984062E0));
#2039=CARTESIAN_POINT('',(-4.014031765938E0,1.189534355380E-1,
-2.356667931074E0));
#2040=CARTESIAN_POINT('',(-3.967411893560E0,1.189784849596E-1,
-2.417422239917E0));
#2041=CARTESIAN_POINT('',(-3.906657330800E0,1.189534449491E-1,
-2.464038036120E0));
#2042=CARTESIAN_POINT('',(-3.835917323850E0,1.194867711591E-1,
-2.493333754019E0));
#2043=CARTESIAN_POINT('',(-3.785329971559E0,1.198114902925E-1,
-2.499999998319E0));
#2044=CARTESIAN_POINT('',(-3.760019321996E0,1.199999415805E-1,
-2.499999998319E0));
#2046=DIRECTION('',(-7.071067872999E-1,7.071067750732E-1,-1.247254580347E-14));
#2047=VECTOR('',#2046,1.424213522557E0);
#2048=CARTESIAN_POINT('',(-2.735857864376E0,1.199999999999E-1,-2.5E0));
#2049=LINE('',#2048,#2047);
#2050=CARTESIAN_POINT('',(-3.742928912740E0,1.127071030951E0,-2.5E0));
#2051=CARTESIAN_POINT('',(-3.744503092600E0,1.128645210811E0,-2.5E0));
#2052=CARTESIAN_POINT('',(-3.748030315969E0,1.130343967467E0,-2.5E0));
#2053=CARTESIAN_POINT('',(-3.754055667213E0,1.129790918532E0,-2.5E0));
#2054=CARTESIAN_POINT('',(-3.758705422714E0,1.125918857251E0,-2.5E0));
#2055=CARTESIAN_POINT('',(-3.760003668387E0,1.122232446615E0,-2.5E0));
#2056=CARTESIAN_POINT('',(-3.760003668387E0,1.119988061619E0,-2.5E0));
#2058=DIRECTION('',(1.E0,5.704122770141E-8,-1.641516433840E-9));
#2059=VECTOR('',#2058,1.024161457620E0);
#2060=CARTESIAN_POINT('',(-3.760019321996E0,1.199999415805E-1,
-2.499999998319E0));
#2061=LINE('',#2060,#2059);
#2062=DIRECTION('',(-7.071068522224E-1,7.071067101393E-1,-4.003083199741E-6));
#2063=VECTOR('',#2062,1.319494431926E0);
#2064=CARTESIAN_POINT('',(-2.604844411191E0,3.991086673563E-1,
-2.209991535490E0));
#2065=LINE('',#2064,#2063);
#2066=CARTESIAN_POINT('',(-2.426019196680E0,1.2E-1,-2.4E0));
#2067=CARTESIAN_POINT('',(-2.470640008657E0,1.2E-1,-2.436382244564E0));
#2068=CARTESIAN_POINT('',(-2.569062422464E0,1.2E-1,-2.483358807345E0));
#2069=CARTESIAN_POINT('',(-2.678284566911E0,1.2E-1,-2.5E0));
#2070=CARTESIAN_POINT('',(-2.735857864376E0,1.2E-1,-2.5E0));
#2072=CARTESIAN_POINT('',(2.735857864376E0,1.2E-1,-2.5E0));
#2073=CARTESIAN_POINT('',(2.678284566911E0,1.2E-1,-2.5E0));
#2074=CARTESIAN_POINT('',(2.569062422464E0,1.2E-1,-2.483358807345E0));
#2075=CARTESIAN_POINT('',(2.470640008656E0,1.2E-1,-2.436382244564E0));
#2076=CARTESIAN_POINT('',(2.426019196680E0,1.2E-1,-2.4E0));
#2078=DIRECTION('',(-1.E0,0.E0,0.E0));
#2079=VECTOR('',#2078,5.471715728752E0);
#2080=CARTESIAN_POINT('',(2.735857864376E0,1.2E-1,-2.5E0));
#2081=LINE('',#2080,#2079);
#2082=DIRECTION('',(1.744596135E-2,-9.996955212260E-1,1.745002215672E-2));
#2083=VECTOR('',#2082,6.557232133750E0);
#2084=CARTESIAN_POINT('',(-3.760019321996E0,1.199999415805E-1,
-2.499999998319E0));
#2085=LINE('',#2084,#2083);
#2086=DIRECTION('',(1.744596154566E-2,9.996954780429E-1,-1.745249570743E-2));
#2087=VECTOR('',#2086,6.557232089528E0);
#2088=CARTESIAN_POINT('',(3.645619343745E0,-6.435235256232E0,
-2.385559934603E0));
#2089=LINE('',#2088,#2087);
#2090=CARTESIAN_POINT('',(-3.645622103930E0,-6.430174485582E0,
-2.095622103930E0));
#2091=DIRECTION('',(1.744974916068E-2,-9.996954598819E-1,1.744974916068E-2));
#2092=DIRECTION('',(-9.998477060261E-1,-1.745174218801E-2,3.806568496121E-5));
#2093=AXIS2_PLACEMENT_3D('',#2090,#2091,#2092);
#2095=CARTESIAN_POINT('',(-3.935559934594E0,-6.435235256232E0,
-2.095619343745E0));
#2096=CARTESIAN_POINT('',(-3.935297970297E0,-6.450243277726E0,
-2.095678580518E0));
#2097=CARTESIAN_POINT('',(-3.932530254352E0,-6.482925036120E0,
-2.095625154307E0));
#2098=CARTESIAN_POINT('',(-3.917483597184E0,-6.538699042478E0,
-2.095085519368E0));
#2099=CARTESIAN_POINT('',(-3.888120963194E0,-6.596644676287E0,
-2.093868086611E0));
#2100=CARTESIAN_POINT('',(-3.843375769418E0,-6.650310247760E0,
-2.092461154757E0));
#2101=CARTESIAN_POINT('',(-3.784374769016E0,-6.694190000345E0,
-2.090687407412E0));
#2102=CARTESIAN_POINT('',(-3.712242164612E0,-6.723502629056E0,
-2.088149942882E0));
#2103=CARTESIAN_POINT('',(-3.661254367113E0,-6.73E0,-2.086490445874E0));
#2104=CARTESIAN_POINT('',(-3.635623626307E0,-6.73E0,-2.085623626307E0));
#2106=CARTESIAN_POINT('',(-3.645622103628E0,-6.435235654168E0,
-2.385576152298E0));
#2107=CARTESIAN_POINT('',(-3.645602257326E0,-6.461000527727E0,
-2.385126427663E0));
#2108=CARTESIAN_POINT('',(-3.645350216520E0,-6.512496339624E0,
-2.377586296972E0));
#2109=CARTESIAN_POINT('',(-3.644379124347E0,-6.584932448183E0,
-2.346473792411E0));
#2110=CARTESIAN_POINT('',(-3.642682963901E0,-6.646207641581E0,
-2.298316944871E0));
#2111=CARTESIAN_POINT('',(-3.640779660354E0,-6.693202530491E0,
-2.236537080596E0));
#2112=CARTESIAN_POINT('',(-3.638185928832E0,-6.723379371762E0,
-2.163097049523E0));
#2113=CARTESIAN_POINT('',(-3.636498646148E0,-6.73E0,-2.111412811358E0));
#2114=CARTESIAN_POINT('',(-3.635623626307E0,-6.73E0,-2.085623626307E0));
#2116=DIRECTION('',(9.999999999997E-1,-6.905911420020E-7,3.925730520372E-7));
#2117=VECTOR('',#2116,1.767422645337E0);
#2118=CARTESIAN_POINT('',(-3.635623626307E0,-6.73E0,-2.085623626307E0));
#2119=LINE('',#2118,#2117);
#2120=CARTESIAN_POINT('',(-1.868200980970E0,-6.730001220566E0,
-2.085622932464E0));
#2121=CARTESIAN_POINT('',(-1.800383673960E0,-6.730000135465E0,
-2.115996401477E0));
#2122=CARTESIAN_POINT('',(-1.660009214297E0,-6.720899433918E0,
-2.172858155038E0));
#2123=CARTESIAN_POINT('',(-1.515058375550E0,-6.698984921182E0,
-2.220926644968E0));
#2124=CARTESIAN_POINT('',(-1.442219649403E0,-6.685522736841E0,
-2.242811883253E0));
#2126=DIRECTION('',(1.E0,-4.040333474509E-8,7.109567193740E-8));
#2127=VECTOR('',#2126,2.884441225104E0);
#2128=CARTESIAN_POINT('',(-1.442219649403E0,-6.685522736841E0,
-2.242811883253E0));
#2129=LINE('',#2128,#2127);
#2130=CARTESIAN_POINT('',(1.442221575701E0,-6.685522853382E0,
-2.242811678182E0));
#2131=CARTESIAN_POINT('',(1.515058431072E0,-6.698986393983E0,
-2.220926821691E0));
#2132=CARTESIAN_POINT('',(1.660006171522E0,-6.720897057095E0,
-2.172859500279E0));
#2133=CARTESIAN_POINT('',(1.800384567752E0,-6.730001950069E0,
-2.115995243021E0));
#2134=CARTESIAN_POINT('',(1.868201397194E0,-6.730001437218E0,
-2.085622753346E0));
#2136=DIRECTION('',(9.999999999995E-1,8.131717225749E-7,-4.939176093883E-7));
#2137=VECTOR('',#2136,1.767422229114E0);
#2138=CARTESIAN_POINT('',(1.868201397194E0,-6.730001437218E0,
-2.085622753346E0));
#2139=LINE('',#2138,#2137);
#2140=DIRECTION('',(-9.999999999975E-1,-5.457733576454E-8,-2.224270804363E-6));
#2141=VECTOR('',#2140,7.291241447390E0);
#2142=CARTESIAN_POINT('',(3.645619343745E0,-6.435235256232E0,
-2.385559934603E0));
#2143=LINE('',#2142,#2141);
#2144=CARTESIAN_POINT('',(-1.868200762562E0,-7.03E0,-2.085623626343E0));
#2145=DIRECTION('',(7.448655808369E-1,0.E0,-6.672145580580E-1));
#2146=DIRECTION('',(1.650784640835E-6,9.999999999969E-1,1.842904423140E-6));
#2147=AXIS2_PLACEMENT_3D('',#2144,#2145,#2146);
#2149=CARTESIAN_POINT('',(-1.668033245741E0,-7.030000000502E0,
-1.862160685784E0));
#2150=CARTESIAN_POINT('',(-1.637577163358E0,-7.029999360494E0,
-1.889442409811E0));
#2151=CARTESIAN_POINT('',(-1.573981724039E0,-7.025361521469E0,
-1.943722190947E0));
#2152=CARTESIAN_POINT('',(-1.470284600478E0,-7.004629152251E0,
-2.023413747245E0));
#2153=CARTESIAN_POINT('',(-1.395365717205E0,-6.981570106594E0,
-2.074873325915E0));
#2154=CARTESIAN_POINT('',(-1.356465963003E0,-6.967626968359E0,
-2.099999989126E0));
#2156=CARTESIAN_POINT('',(-1.356465963003E0,-6.967626968359E0,
-2.099999989126E0));
#2157=CARTESIAN_POINT('',(-1.356465963491E0,-6.964569867034E0,
-2.099999989126E0));
#2158=CARTESIAN_POINT('',(-1.356623822401E0,-6.958521946565E0,
-2.100000035604E0));
#2159=CARTESIAN_POINT('',(-1.357327641567E0,-6.949666170424E0,
-2.099999891697E0));
#2160=CARTESIAN_POINT('',(-1.358096726398E0,-6.943896422806E0,
-2.100000228971E0));
#2161=CARTESIAN_POINT('',(-1.358554768621E0,-6.941045515242E0,
-2.100000228971E0));
#2163=CARTESIAN_POINT('',(0.E0,-7.03E0,0.E0));
#2164=DIRECTION('',(0.E0,1.E0,0.E0));
#2165=DIRECTION('',(-6.672145583069E-1,0.E0,-7.448655806139E-1));
#2166=AXIS2_PLACEMENT_3D('',#2163,#2164,#2165);
#2168=CARTESIAN_POINT('',(0.E0,-7.03E0,0.E0));
#2169=DIRECTION('',(0.E0,1.E0,0.E0));
#2170=DIRECTION('',(-1.E0,0.E0,0.E0));
#2171=AXIS2_PLACEMENT_3D('',#2168,#2169,#2170);
#2173=DIRECTION('',(-1.895752904935E-8,-1.E0,2.184922245007E-8));
#2174=VECTOR('',#2173,1.762373287552E0);
#2175=CARTESIAN_POINT('',(-1.356465952619E0,-6.967626712448E0,
2.099999962319E0));
#2176=LINE('',#2175,#2174);
#2177=DIRECTION('',(7.758026108435E-9,1.E0,6.169899836322E-9));
#2178=VECTOR('',#2177,1.762373031641E0);
#2179=CARTESIAN_POINT('',(-1.356465976675E0,-8.73E0,-2.1E0));
#2180=LINE('',#2179,#2178);
#2181=CARTESIAN_POINT('',(-1.868201357680E0,-7.03E0,2.085623093265E0));
#2182=DIRECTION('',(7.448653904519E-1,0.E0,6.672147706001E-1));
#2183=DIRECTION('',(6.672147706001E-1,7.091494798791E-9,-7.448653904519E-1));
#2184=AXIS2_PLACEMENT_3D('',#2181,#2182,#2183);
#2186=CARTESIAN_POINT('',(-1.442221575701E0,-6.685522853382E0,
2.242811678182E0));
#2187=CARTESIAN_POINT('',(-1.433490278980E0,-6.699253895357E0,
2.220490756307E0));
#2188=CARTESIAN_POINT('',(-1.416180287325E0,-6.732261210231E0,
2.179965005801E0));
#2189=CARTESIAN_POINT('',(-1.392450578443E0,-6.794732573309E0,
2.134383824048E0));
#2190=CARTESIAN_POINT('',(-1.372526819685E0,-6.865862007646E0,
2.106283483229E0));
#2191=CARTESIAN_POINT('',(-1.362572865414E0,-6.916040325714E0,
2.100000077446E0));
#2192=CARTESIAN_POINT('',(-1.358555408710E0,-6.941045500359E0,
2.100000077446E0));
#2194=CARTESIAN_POINT('',(-1.356465952619E0,-6.967626712448E0,
2.099999962319E0));
#2195=CARTESIAN_POINT('',(-1.395426584391E0,-6.981590512276E0,
2.074834230123E0));
#2196=CARTESIAN_POINT('',(-1.470433522466E0,-7.004682532466E0,
2.023320456666E0));
#2197=CARTESIAN_POINT('',(-1.574760860818E0,-7.025481641191E0,
1.943096783611E0));
#2198=CARTESIAN_POINT('',(-1.637898020101E0,-7.030000598671E0,
1.889152297824E0));
#2199=CARTESIAN_POINT('',(-1.668033295200E0,-7.029999998936E0,
1.862160071583E0));
#2201=DIRECTION('',(9.999999999975E-1,-5.457730579819E-8,2.224269338509E-6));
#2202=VECTOR('',#2201,7.291241447390E0);
#2203=CARTESIAN_POINT('',(-3.645619343745E0,-6.435235256232E0,
2.385559934617E0));
#2204=LINE('',#2203,#2202);
#2205=CARTESIAN_POINT('',(3.645622103628E0,-6.435235654168E0,2.385576152302E0));
#2206=CARTESIAN_POINT('',(3.645602257323E0,-6.461000527646E0,2.385126427668E0));
#2207=CARTESIAN_POINT('',(3.645350216510E0,-6.512496339421E0,2.377586297045E0));
#2208=CARTESIAN_POINT('',(3.644379124356E0,-6.584932448242E0,2.346473792369E0));
#2209=CARTESIAN_POINT('',(3.642682963880E0,-6.646207641309E0,2.298316945109E0));
#2210=CARTESIAN_POINT('',(3.640779660319E0,-6.693202530331E0,2.236537080892E0));
#2211=CARTESIAN_POINT('',(3.638185928767E0,-6.723379371694E0,2.163097049817E0));
#2212=CARTESIAN_POINT('',(3.636498646121E0,-6.73E0,2.111412811475E0));
#2213=CARTESIAN_POINT('',(3.635623626307E0,-6.73E0,2.085623626307E0));
#2215=DIRECTION('',(-9.999999999997E-1,-6.905911419940E-7,-3.925677945903E-7));
#2216=VECTOR('',#2215,1.767422645358E0);
#2217=CARTESIAN_POINT('',(3.635623626307E0,-6.73E0,2.085623626307E0));
#2218=LINE('',#2217,#2216);
#2219=CARTESIAN_POINT('',(1.868200980950E0,-6.730001220566E0,2.085622932474E0));
#2220=CARTESIAN_POINT('',(1.800383673942E0,-6.730000135466E0,2.115996401482E0));
#2221=CARTESIAN_POINT('',(1.660009214266E0,-6.720899433913E0,2.172858155051E0));
#2222=CARTESIAN_POINT('',(1.515058375543E0,-6.698984921180E0,2.220926644970E0));
#2223=CARTESIAN_POINT('',(1.442219649403E0,-6.685522736841E0,2.242811883253E0));
#2225=DIRECTION('',(-1.E0,-4.040336553714E-8,-7.109572151259E-8));
#2226=VECTOR('',#2225,2.884441225104E0);
#2227=CARTESIAN_POINT('',(1.442219649403E0,-6.685522736841E0,2.242811883253E0));
#2228=LINE('',#2227,#2226);
#2229=CARTESIAN_POINT('',(-1.442221575701E0,-6.685522853382E0,
2.242811678182E0));
#2230=CARTESIAN_POINT('',(-1.515058431070E0,-6.698986393982E0,
2.220926821691E0));
#2231=CARTESIAN_POINT('',(-1.660006171512E0,-6.720897057094E0,
2.172859500281E0));
#2232=CARTESIAN_POINT('',(-1.800384567748E0,-6.730001950068E0,
2.115995243024E0));
#2233=CARTESIAN_POINT('',(-1.868201397187E0,-6.730001437218E0,
2.085622753349E0));
#2235=DIRECTION('',(-9.999999999995E-1,8.131717220692E-7,4.939161256737E-7));
#2236=VECTOR('',#2235,1.767422229121E0);
#2237=CARTESIAN_POINT('',(-1.868201397187E0,-6.730001437218E0,
2.085622753349E0));
#2238=LINE('',#2237,#2236);
#2239=CARTESIAN_POINT('',(3.935559934640E0,-6.435235256233E0,2.095619343745E0));
#2240=CARTESIAN_POINT('',(3.935297970335E0,-6.450243278171E0,2.095678580458E0));
#2241=CARTESIAN_POINT('',(3.932530254176E0,-6.482925037418E0,2.095625154162E0));
#2242=CARTESIAN_POINT('',(3.917483596343E0,-6.538699044913E0,2.095085518849E0));
#2243=CARTESIAN_POINT('',(3.888120961252E0,-6.596644679304E0,2.093868086517E0));
#2244=CARTESIAN_POINT('',(3.843375766694E0,-6.650310250329E0,2.092461154791E0));
#2245=CARTESIAN_POINT('',(3.784374765892E0,-6.694190002044E0,2.090687407276E0));
#2246=CARTESIAN_POINT('',(3.712242162309E0,-6.723502629505E0,2.088149942761E0));
#2247=CARTESIAN_POINT('',(3.661254366235E0,-6.73E0,2.086490445821E0));
#2248=CARTESIAN_POINT('',(3.635623626307E0,-6.73E0,2.085623626307E0));
#2250=CARTESIAN_POINT('',(3.645622103931E0,-6.430174485582E0,2.095622103931E0));
#2251=DIRECTION('',(-1.744974916068E-2,-9.996954598819E-1,-1.744974916068E-2));
#2252=DIRECTION('',(9.998477060261E-1,-1.745174218797E-2,-3.806568728425E-5));
#2253=AXIS2_PLACEMENT_3D('',#2250,#2251,#2252);
#2255=DIRECTION('',(-1.565379482083E-5,9.999999998775E-1,1.681038867245E-9));
#2256=VECTOR('',#2255,9.999881099750E-1);
#2257=CARTESIAN_POINT('',(3.760019321996E0,1.199999415823E-1,2.499999998319E0));
#2258=LINE('',#2257,#2256);
#2259=DIRECTION('',(-5.019611383622E-10,-9.999999999048E-1,1.380209944452E-5));
#2260=VECTOR('',#2259,1.000000001910E0);
#2261=CARTESIAN_POINT('',(4.049999999947E0,1.119999995008E0,2.210005521050E0));
#2262=LINE('',#2261,#2260);
#2263=CARTESIAN_POINT('',(4.049999999445E0,1.199999931928E-1,2.210019323150E0));
#2264=CARTESIAN_POINT('',(4.049999036163E0,1.198116157884E-1,2.235318132311E0));
#2265=CARTESIAN_POINT('',(4.043338255531E0,1.194868109343E-1,2.285905728881E0));
#2266=CARTESIAN_POINT('',(4.014039963959E0,1.189534857511E-1,2.356655062140E0));
#2267=CARTESIAN_POINT('',(3.967421774129E0,1.189784592904E-1,2.417412215018E0));
#2268=CARTESIAN_POINT('',(3.906666492389E0,1.189534566014E-1,2.464034122828E0));
#2269=CARTESIAN_POINT('',(3.835910884976E0,1.194867636920E-1,2.493336287999E0));
#2270=CARTESIAN_POINT('',(3.785326558328E0,1.198114879102E-1,2.499999998319E0));
#2271=CARTESIAN_POINT('',(3.760019321996E0,1.199999415823E-1,2.499999998319E0));
#2273=DIRECTION('',(-2.769919308244E-8,-3.400316423214E-7,9.999999999999E-1));
#2274=VECTOR('',#2273,2.001932314982E-2);
#2275=CARTESIAN_POINT('',(4.05E0,1.2E-1,2.19E0));
#2276=LINE('',#2275,#2274);
#2277=DIRECTION('',(2.157721155784E-8,-1.E0,3.805572360915E-14));
#2278=VECTOR('',#2277,7.001667571655E-1);
#2279=CARTESIAN_POINT('',(3.759999987687E0,1.119999960184E0,1.9E0));
#2280=LINE('',#2279,#2278);
#2281=DIRECTION('',(0.E0,1.E0,0.E0));
#2282=VECTOR('',#2281,9.999999998720E-1);
#2283=CARTESIAN_POINT('',(4.05E0,1.2E-1,2.19E0));
#2284=LINE('',#2283,#2282);
#2285=DIRECTION('',(-1.745002207081E-2,-9.996955138820E-1,1.744638226166E-2));
#2286=VECTOR('',#2285,6.557232162977E0);
#2287=CARTESIAN_POINT('',(4.049999998266E0,1.199999226423E-1,
-2.210022082521E0));
#2288=LINE('',#2287,#2286);
#2289=DIRECTION('',(1.745249561608E-2,9.996954706989E-1,1.744638245734E-2));
#2290=VECTOR('',#2289,6.557232118740E0);
#2291=CARTESIAN_POINT('',(3.935559934640E0,-6.435235256233E0,2.095619343745E0));
#2292=LINE('',#2291,#2290);
#2293=DIRECTION('',(8.659357893265E-8,3.863617623767E-6,9.999999999925E-1));
#2294=VECTOR('',#2293,2.002208252135E-2);
#2295=CARTESIAN_POINT('',(4.049999998266E0,1.199999226423E-1,
-2.210022082521E0));
#2296=LINE('',#2295,#2294);
#2297=DIRECTION('',(9.799131497165E-8,9.822045238092E-8,-1.E0));
#2298=VECTOR('',#2297,1.999334941976E-2);
#2299=CARTESIAN_POINT('',(3.537867965408E0,1.332132034090E0,-2.190003468116E0));
#2300=LINE('',#2299,#2298);
#2301=DIRECTION('',(2.627128264961E-9,-2.431588591797E-7,1.E0));
#2302=VECTOR('',#2301,2.000552105062E-2);
#2303=CARTESIAN_POINT('',(4.049999999947E0,1.119999999872E0,-2.210005521051E0));
#2304=LINE('',#2303,#2302);
#2305=CARTESIAN_POINT('',(3.742928932188E0,1.127071067812E0,-2.19E0));
#2306=DIRECTION('',(-7.071067811867E-1,-7.071067811864E-1,6.580853046653E-13));
#2307=DIRECTION('',(1.750324023650E-12,-8.192680250679E-13,1.E0));
#2308=AXIS2_PLACEMENT_3D('',#2305,#2306,#2307);
#2310=CARTESIAN_POINT('',(3.75E0,1.12E0,-2.19E0));
#2311=DIRECTION('',(1.561968944990E-13,-1.086870057555E-12,-1.E0));
#2312=DIRECTION('',(-7.071067828588E-1,7.071067795143E-1,-8.792966355024E-13));
#2313=AXIS2_PLACEMENT_3D('',#2310,#2311,#2312);
#2315=CARTESIAN_POINT('',(3.76E0,1.119999998827E0,-2.19E0));
#2316=DIRECTION('',(-1.172718970821E-7,-1.E0,1.086870039238E-12));
#2317=DIRECTION('',(1.E0,-1.172718971739E-7,2.327639996455E-13));
#2318=AXIS2_PLACEMENT_3D('',#2315,#2316,#2317);
#2320=DIRECTION('',(0.E0,-1.E0,0.E0));
#2321=VECTOR('',#2320,9.999999950075E-1);
#2322=CARTESIAN_POINT('',(4.05E0,1.119999995007E0,-2.19E0));
#2323=LINE('',#2322,#2321);
#2324=DIRECTION('',(-1.758604243693E-8,1.E0,2.315056818721E-14));
#2325=VECTOR('',#2324,7.001666666861E-1);
#2326=CARTESIAN_POINT('',(3.76E0,4.198332870113E-1,-1.9E0));
#2327=LINE('',#2326,#2325);
#2328=DIRECTION('',(-7.071068522225E-1,-7.071067101393E-1,4.003083280130E-6));
#2329=VECTOR('',#2328,1.319494427394E0);
#2330=CARTESIAN_POINT('',(3.537867967367E0,1.332132036054E0,-2.209996817536E0));
#2331=LINE('',#2330,#2329);
#2332=DIRECTION('',(-7.071067872998E-1,-7.071067750733E-1,1.559068221385E-14));
#2333=VECTOR('',#2332,1.424213526255E0);
#2334=CARTESIAN_POINT('',(3.742928915355E0,1.127071033566E0,-2.5E0));
#2335=LINE('',#2334,#2333);
#2336=DIRECTION('',(1.E0,1.186038227291E-8,4.903771661482E-10));
#2337=VECTOR('',#2336,1.024158698248E0);
#2338=CARTESIAN_POINT('',(2.735857864376E0,1.2E-1,-2.5E0));
#2339=LINE('',#2338,#2337);
#2340=CARTESIAN_POINT('',(3.760003668387E0,1.119988057921E0,-2.5E0));
#2341=CARTESIAN_POINT('',(3.760003668387E0,1.122232442916E0,-2.5E0));
#2342=CARTESIAN_POINT('',(3.758705422621E0,1.125918858875E0,-2.5E0));
#2343=CARTESIAN_POINT('',(3.754055667540E0,1.129790918396E0,-2.5E0));
#2344=CARTESIAN_POINT('',(3.748030314755E0,1.130343966385E0,-2.5E0));
#2345=CARTESIAN_POINT('',(3.744503095215E0,1.128645213426E0,-2.5E0));
#2346=CARTESIAN_POINT('',(3.742928915355E0,1.127071033566E0,-2.5E0));
#2348=DIRECTION('',(1.289439137579E-5,-9.999999999169E-1,5.022558013451E-10));
#2349=VECTOR('',#2348,9.999880458568E-1);
#2350=CARTESIAN_POINT('',(3.760003668387E0,1.119988057921E0,-2.5E0));
#2351=LINE('',#2350,#2349);
#2352=DIRECTION('',(1.681229247865E-9,9.999999998629E-1,1.656146930074E-5));
#2353=VECTOR('',#2352,1.000000077367E0);
#2354=CARTESIAN_POINT('',(4.049999998266E0,1.199999226423E-1,
-2.210022082521E0));
#2355=LINE('',#2354,#2353);
#2356=CARTESIAN_POINT('',(4.049999998266E0,1.199999226423E-1,
-2.210022082521E0));
#2357=CARTESIAN_POINT('',(4.049996850570E0,1.198195912269E-1,
-2.235309050690E0));
#2358=CARTESIAN_POINT('',(4.043339817176E0,1.194826402521E-1,
-2.285926220949E0));
#2359=CARTESIAN_POINT('',(4.014020519240E0,1.189542695896E-1,
-2.356684861499E0));
#2360=CARTESIAN_POINT('',(3.967395692049E0,1.189777685007E-1,
-2.417441805688E0));
#2361=CARTESIAN_POINT('',(3.906627695314E0,1.189543674033E-1,
-2.464052279830E0));
#2362=CARTESIAN_POINT('',(3.835890896192E0,1.194830863514E-1,
-2.493345678607E0));
#2363=CARTESIAN_POINT('',(3.785295935245E0,1.198197118029E-1,
-2.499997814887E0));
#2364=CARTESIAN_POINT('',(3.760016562625E0,1.200000121469E-1,
-2.499999999498E0));
#2366=CARTESIAN_POINT('',(3.645622103930E0,-6.430174485582E0,
-2.095622103930E0));
#2367=DIRECTION('',(-1.744974916068E-2,-9.996954598819E-1,1.744974916068E-2));
#2368=DIRECTION('',(-3.806568427517E-5,-1.745174218802E-2,-9.998477060261E-1));
#2369=AXIS2_PLACEMENT_3D('',#2366,#2367,#2368);
#2371=CARTESIAN_POINT('',(3.645619343745E0,-6.435235256232E0,
-2.385559934603E0));
#2372=CARTESIAN_POINT('',(3.645678580506E0,-6.450243277810E0,
-2.385297970304E0));
#2373=CARTESIAN_POINT('',(3.645625154280E0,-6.482925036366E0,
-2.382530254319E0));
#2374=CARTESIAN_POINT('',(3.645085519268E0,-6.538699042942E0,
-2.367483597024E0));
#2375=CARTESIAN_POINT('',(3.643868086593E0,-6.596644676864E0,
-2.338120962823E0));
#2376=CARTESIAN_POINT('',(3.642461154763E0,-6.650310248254E0,
-2.293375768895E0));
#2377=CARTESIAN_POINT('',(3.640687407386E0,-6.694190000672E0,
-2.234374768414E0));
#2378=CARTESIAN_POINT('',(3.638149942859E0,-6.723502629143E0,
-2.162242164167E0));
#2379=CARTESIAN_POINT('',(3.636490445864E0,-6.73E0,-2.111254366943E0));
#2380=CARTESIAN_POINT('',(3.635623626307E0,-6.73E0,-2.085623626307E0));
#2382=CARTESIAN_POINT('',(3.935576152299E0,-6.435235654168E0,
-2.095622103627E0));
#2383=CARTESIAN_POINT('',(3.935126427664E0,-6.461000527711E0,
-2.095602257326E0));
#2384=CARTESIAN_POINT('',(3.927586296986E0,-6.512496339585E0,
-2.095350216518E0));
#2385=CARTESIAN_POINT('',(3.896473792403E0,-6.584932448194E0,
-2.094379124348E0));
#2386=CARTESIAN_POINT('',(3.848316944916E0,-6.646207641529E0,
-2.092682963897E0));
#2387=CARTESIAN_POINT('',(3.786537080654E0,-6.693202530460E0,
-2.090779660348E0));
#2388=CARTESIAN_POINT('',(3.713097049579E0,-6.723379371749E0,
-2.088185928820E0));
#2389=CARTESIAN_POINT('',(3.661412811380E0,-6.73E0,-2.086498646143E0));
#2390=CARTESIAN_POINT('',(3.635623626307E0,-6.73E0,-2.085623626307E0));
#2392=DIRECTION('',(0.E0,0.E0,1.E0));
#2393=VECTOR('',#2392,4.171247252614E0);
#2394=CARTESIAN_POINT('',(3.635623626307E0,-6.73E0,-2.085623626307E0));
#2395=LINE('',#2394,#2393);
#2396=DIRECTION('',(3.869416616189E-6,-9.494461511663E-8,-9.999999999925E-1));
#2397=VECTOR('',#2396,4.191241447404E0);
#2398=CARTESIAN_POINT('',(3.935559934640E0,-6.435235256233E0,2.095619343745E0));
#2399=LINE('',#2398,#2397);
#2400=CARTESIAN_POINT('',(3.76E0,1.12E0,-2.21E0));
#2401=DIRECTION('',(-4.225508831720E-13,-1.E0,4.521287558908E-13));
#2402=DIRECTION('',(4.532772624674E-13,-4.525115914160E-13,-1.E0));
#2403=AXIS2_PLACEMENT_3D('',#2400,#2401,#2402);
#2405=CARTESIAN_POINT('',(3.75E0,1.12E0,-2.21E0));
#2406=DIRECTION('',(7.702650777744E-13,4.521287558905E-13,1.E0));
#2407=DIRECTION('',(1.E0,-5.595524044115E-13,-7.697546304073E-13));
#2408=AXIS2_PLACEMENT_3D('',#2405,#2406,#2407);
#2410=CARTESIAN_POINT('',(3.742928932661E0,1.127071068285E0,-2.21E0));
#2411=DIRECTION('',(-7.071068284713E-1,-7.071067339018E-1,8.643629841080E-13));
#2412=DIRECTION('',(-7.071067337315E-1,7.071068283009E-1,2.194802279230E-5));
#2413=AXIS2_PLACEMENT_3D('',#2410,#2411,#2412);
#2415=CARTESIAN_POINT('',(1.668033245707E0,-7.030000000502E0,1.862160685814E0));
#2416=CARTESIAN_POINT('',(1.637577163333E0,-7.029999360495E0,1.889442409832E0));
#2417=CARTESIAN_POINT('',(1.573981724032E0,-7.025361521468E0,1.943722190953E0));
#2418=CARTESIAN_POINT('',(1.470284600464E0,-7.004629152247E0,2.023413747255E0));
#2419=CARTESIAN_POINT('',(1.395365717199E0,-6.981570106592E0,2.074873325918E0));
#2420=CARTESIAN_POINT('',(1.356465963003E0,-6.967626968359E0,2.099999989126E0));
#2422=CARTESIAN_POINT('',(1.356465963003E0,-6.967626968359E0,2.099999989126E0));
#2423=CARTESIAN_POINT('',(1.356465963491E0,-6.964569867034E0,2.099999989126E0));
#2424=CARTESIAN_POINT('',(1.356623822401E0,-6.958521946565E0,2.100000035604E0));
#2425=CARTESIAN_POINT('',(1.357327641566E0,-6.949666170424E0,2.099999891697E0));
#2426=CARTESIAN_POINT('',(1.358096726398E0,-6.943896422806E0,2.100000228971E0));
#2427=CARTESIAN_POINT('',(1.358554768621E0,-6.941045515242E0,2.100000228971E0));
#2429=CARTESIAN_POINT('',(1.868200762528E0,-7.03E0,2.085623626374E0));
#2430=DIRECTION('',(-7.448655808479E-1,0.E0,6.672145580457E-1));
#2431=DIRECTION('',(-1.650813107693E-6,9.999999999969E-1,-1.842936202164E-6));
#2432=AXIS2_PLACEMENT_3D('',#2429,#2430,#2431);
#2434=DIRECTION('',(1.895755034197E-8,-1.E0,-2.184925545993E-8));
#2435=VECTOR('',#2434,1.762373287552E0);
#2436=CARTESIAN_POINT('',(1.356465952619E0,-6.967626712448E0,
-2.099999962319E0));
#2437=LINE('',#2436,#2435);
#2438=DIRECTION('',(-7.758040219520E-9,1.E0,-6.169921506917E-9));
#2439=VECTOR('',#2438,1.762373031641E0);
#2440=CARTESIAN_POINT('',(1.356465976675E0,-8.73E0,2.1E0));
#2441=LINE('',#2440,#2439);
#2442=CARTESIAN_POINT('',(0.E0,-7.03E0,0.E0));
#2443=DIRECTION('',(0.E0,1.E0,0.E0));
#2444=DIRECTION('',(6.672145582941E-1,0.E0,7.448655806254E-1));
#2445=AXIS2_PLACEMENT_3D('',#2442,#2443,#2444);
#2447=CARTESIAN_POINT('',(0.E0,-7.03E0,0.E0));
#2448=DIRECTION('',(0.E0,1.E0,0.E0));
#2449=DIRECTION('',(1.E0,0.E0,0.E0));
#2450=AXIS2_PLACEMENT_3D('',#2447,#2448,#2449);
#2452=CARTESIAN_POINT('',(1.356465952619E0,-6.967626712448E0,
-2.099999962319E0));
#2453=CARTESIAN_POINT('',(1.395426584400E0,-6.981590512279E0,
-2.074834230117E0));
#2454=CARTESIAN_POINT('',(1.470433522488E0,-7.004682532472E0,
-2.023320456650E0));
#2455=CARTESIAN_POINT('',(1.574760860838E0,-7.025481641192E0,
-1.943096783594E0));
#2456=CARTESIAN_POINT('',(1.637898020116E0,-7.030000598672E0,
-1.889152297811E0));
#2457=CARTESIAN_POINT('',(1.668033295226E0,-7.029999998936E0,
-1.862160071560E0));
#2459=CARTESIAN_POINT('',(1.868201357691E0,-7.03E0,-2.085623093256E0));
#2460=DIRECTION('',(-7.448653904486E-1,0.E0,-6.672147706038E-1));
#2461=DIRECTION('',(-6.672147706038E-1,7.091053670176E-9,7.448653904486E-1));
#2462=AXIS2_PLACEMENT_3D('',#2459,#2460,#2461);
#2464=CARTESIAN_POINT('',(1.442221575701E0,-6.685522853382E0,
-2.242811678182E0));
#2465=CARTESIAN_POINT('',(1.433490278980E0,-6.699253895357E0,
-2.220490756307E0));
#2466=CARTESIAN_POINT('',(1.416180287325E0,-6.732261210231E0,
-2.179965005801E0));
#2467=CARTESIAN_POINT('',(1.392450578443E0,-6.794732573309E0,
-2.134383824048E0));
#2468=CARTESIAN_POINT('',(1.372526819685E0,-6.865862007646E0,
-2.106283483229E0));
#2469=CARTESIAN_POINT('',(1.362572865414E0,-6.916040325714E0,
-2.100000077446E0));
#2470=CARTESIAN_POINT('',(1.358555408710E0,-6.941045500359E0,
-2.100000077446E0));
#2472=DIRECTION('',(1.E0,5.477437350067E-9,5.576697773079E-8));
#2473=VECTOR('',#2472,2.717110177330E0);
#2474=CARTESIAN_POINT('',(-1.358554768621E0,-6.941045515242E0,
-2.100000228971E0));
#2475=LINE('',#2474,#2473);
#2476=CARTESIAN_POINT('',(-1.442219649403E0,-6.685522736841E0,
-2.242811883253E0));
#2477=CARTESIAN_POINT('',(-1.433488387994E0,-6.699253883396E0,
-2.220490699049E0));
#2478=CARTESIAN_POINT('',(-1.416188916612E0,-6.732264702559E0,
-2.179960450437E0));
#2479=CARTESIAN_POINT('',(-1.392442090522E0,-6.794744705685E0,
-2.134376733569E0));
#2480=CARTESIAN_POINT('',(-1.372518478847E0,-6.865874908396E0,
-2.106280600074E0));
#2481=CARTESIAN_POINT('',(-1.362571288615E0,-6.916046232047E0,
-2.100000228971E0));
#2482=CARTESIAN_POINT('',(-1.358554768621E0,-6.941045515242E0,
-2.100000228971E0));
#2484=CARTESIAN_POINT('',(1.356465952619E0,-6.967626712448E0,
-2.099999962319E0));
#2485=CARTESIAN_POINT('',(1.356465952794E0,-6.964544925018E0,
-2.099999962319E0));
#2486=CARTESIAN_POINT('',(1.356627016229E0,-6.958465669506E0,
-2.100000027911E0));
#2487=CARTESIAN_POINT('',(1.357334226824E0,-6.949609896512E0,
-2.099999958835E0));
#2488=CARTESIAN_POINT('',(1.358101204116E0,-6.943872529009E0,
-2.100000077446E0));
#2489=CARTESIAN_POINT('',(1.358555408710E0,-6.941045500359E0,
-2.100000077446E0));
#2491=DIRECTION('',(-1.E0,0.E0,3.042604649026E-10));
#2492=VECTOR('',#2491,2.712931962705E0);
#2493=CARTESIAN_POINT('',(1.356465986030E0,-8.73E0,-2.100000000825E0));
#2494=LINE('',#2493,#2492);
#2495=CARTESIAN_POINT('',(1.296148139682E0,-8.93E0,-1.9E0));
#2496=CARTESIAN_POINT('',(1.302999101339E0,-8.907800346982E0,
-1.922199653018E0));
#2497=CARTESIAN_POINT('',(1.316592408E0,-8.863384558546E0,-1.966615441564E0));
#2498=CARTESIAN_POINT('',(1.336702295419E0,-8.796718059532E0,
-2.033281940083E0));
#2499=CARTESIAN_POINT('',(1.349906689626E0,-8.752243656335E0,
-2.077756344491E0));
#2500=CARTESIAN_POINT('',(1.356465986030E0,-8.73E0,-2.100000000825E0));
#2502=CARTESIAN_POINT('',(0.E0,-8.73E0,0.E0));
#2503=DIRECTION('',(0.E0,1.E0,0.E0));
#2504=DIRECTION('',(-5.425863986506E-1,0.E0,-8.399999999996E-1));
#2505=AXIS2_PLACEMENT_3D('',#2502,#2503,#2504);
#2507=CARTESIAN_POINT('',(0.E0,-8.73E0,0.E0));
#2508=DIRECTION('',(0.E0,1.E0,0.E0));
#2509=DIRECTION('',(-1.E0,0.E0,0.E0));
#2510=AXIS2_PLACEMENT_3D('',#2507,#2508,#2509);
#2512=CARTESIAN_POINT('',(0.E0,-8.93E0,0.E0));
#2513=DIRECTION('',(0.E0,-1.E0,0.E0));
#2514=DIRECTION('',(-5.635426694269E-1,0.E0,8.260869565217E-1));
#2515=AXIS2_PLACEMENT_3D('',#2512,#2513,#2514);
#2517=CARTESIAN_POINT('',(0.E0,-8.93E0,0.E0));
#2518=DIRECTION('',(0.E0,-1.E0,0.E0));
#2519=DIRECTION('',(-1.E0,0.E0,0.E0));
#2520=AXIS2_PLACEMENT_3D('',#2517,#2518,#2519);
#2522=CARTESIAN_POINT('',(-1.296148139682E0,-8.93E0,-1.9E0));
#2523=CARTESIAN_POINT('',(-1.302878854659E0,-8.908189990761E0,
-1.921810009239E0));
#2524=CARTESIAN_POINT('',(-1.316315988549E0,-8.864294367486E0,
-1.965705632514E0));
#2525=CARTESIAN_POINT('',(-1.336429666354E0,-8.797628465232E0,
-2.032371534768E0));
#2526=CARTESIAN_POINT('',(-1.349791549630E0,-8.752634083335E0,
-2.077365916664E0));
#2527=CARTESIAN_POINT('',(-1.356465976675E0,-8.73E0,-2.1E0));
#2529=DIRECTION('',(1.E0,0.E0,-3.042603012092E-10));
#2530=VECTOR('',#2529,2.712931962705E0);
#2531=CARTESIAN_POINT('',(-1.356465986030E0,-8.73E0,2.100000000825E0));
#2532=LINE('',#2531,#2530);
#2533=CARTESIAN_POINT('',(-1.296148139682E0,-8.93E0,1.9E0));
#2534=CARTESIAN_POINT('',(-1.302999101339E0,-8.907800346982E0,
1.922199653018E0));
#2535=CARTESIAN_POINT('',(-1.316592408E0,-8.863384558546E0,1.966615441564E0));
#2536=CARTESIAN_POINT('',(-1.336702295419E0,-8.796718059532E0,
2.033281940083E0));
#2537=CARTESIAN_POINT('',(-1.349906689626E0,-8.752243656335E0,
2.077756344491E0));
#2538=CARTESIAN_POINT('',(-1.356465986030E0,-8.73E0,2.100000000825E0));
#2540=CARTESIAN_POINT('',(-1.356465952619E0,-6.967626712448E0,
2.099999962319E0));
#2541=CARTESIAN_POINT('',(-1.356465952794E0,-6.964544925018E0,
2.099999962319E0));
#2542=CARTESIAN_POINT('',(-1.356627016229E0,-6.958465669506E0,
2.100000027911E0));
#2543=CARTESIAN_POINT('',(-1.357334226824E0,-6.949609896512E0,
2.099999958835E0));
#2544=CARTESIAN_POINT('',(-1.358101204116E0,-6.943872529009E0,
2.100000077446E0));
#2545=CARTESIAN_POINT('',(-1.358555408710E0,-6.941045500359E0,
2.100000077446E0));
#2547=DIRECTION('',(-1.E0,5.477434734999E-9,-5.576693964887E-8));
#2548=VECTOR('',#2547,2.717110177330E0);
#2549=CARTESIAN_POINT('',(1.358554768621E0,-6.941045515242E0,2.100000228971E0));
#2550=LINE('',#2549,#2548);
#2551=CARTESIAN_POINT('',(1.442219649403E0,-6.685522736841E0,2.242811883253E0));
#2552=CARTESIAN_POINT('',(1.433488387994E0,-6.699253883396E0,2.220490699049E0));
#2553=CARTESIAN_POINT('',(1.416188916612E0,-6.732264702559E0,2.179960450437E0));
#2554=CARTESIAN_POINT('',(1.392442090522E0,-6.794744705685E0,2.134376733569E0));
#2555=CARTESIAN_POINT('',(1.372518478847E0,-6.865874908396E0,2.106280600074E0));
#2556=CARTESIAN_POINT('',(1.362571288615E0,-6.916046232047E0,2.100000228971E0));
#2557=CARTESIAN_POINT('',(1.358554768621E0,-6.941045515242E0,2.100000228971E0));
#2559=CARTESIAN_POINT('',(0.E0,-8.73E0,0.E0));
#2560=DIRECTION('',(0.E0,1.E0,0.E0));
#2561=DIRECTION('',(5.425863986506E-1,0.E0,8.399999999996E-1));
#2562=AXIS2_PLACEMENT_3D('',#2559,#2560,#2561);
#2564=CARTESIAN_POINT('',(0.E0,-8.73E0,0.E0));
#2565=DIRECTION('',(0.E0,1.E0,0.E0));
#2566=DIRECTION('',(1.E0,0.E0,0.E0));
#2567=AXIS2_PLACEMENT_3D('',#2564,#2565,#2566);
#2569=CARTESIAN_POINT('',(0.E0,-8.93E0,0.E0));
#2570=DIRECTION('',(0.E0,-1.E0,0.E0));
#2571=DIRECTION('',(5.635426694269E-1,0.E0,-8.260869565217E-1));
#2572=AXIS2_PLACEMENT_3D('',#2569,#2570,#2571);
#2574=CARTESIAN_POINT('',(0.E0,-8.93E0,0.E0));
#2575=DIRECTION('',(0.E0,-1.E0,0.E0));
#2576=DIRECTION('',(1.E0,0.E0,0.E0));
#2577=AXIS2_PLACEMENT_3D('',#2574,#2575,#2576);
#2579=CARTESIAN_POINT('',(1.296148139682E0,-8.93E0,1.9E0));
#2580=CARTESIAN_POINT('',(1.302878854659E0,-8.908189990761E0,1.921810009239E0));
#2581=CARTESIAN_POINT('',(1.316315988549E0,-8.864294367486E0,1.965705632514E0));
#2582=CARTESIAN_POINT('',(1.336429666354E0,-8.797628465232E0,2.032371534768E0));
#2583=CARTESIAN_POINT('',(1.349791549630E0,-8.752634083335E0,2.077365916664E0));
#2584=CARTESIAN_POINT('',(1.356465976675E0,-8.73E0,2.1E0));
#2586=DIRECTION('',(0.E0,-1.E0,0.E0));
#2587=VECTOR('',#2586,3.65E0);
#2588=CARTESIAN_POINT('',(1.296148139682E0,-8.93E0,-1.9E0));
#2589=LINE('',#2588,#2587);
#2590=DIRECTION('',(0.E0,1.E0,0.E0));
#2591=VECTOR('',#2590,3.65E0);
#2592=CARTESIAN_POINT('',(1.296148139682E0,-1.258E1,1.9E0));
#2593=LINE('',#2592,#2591);
#2594=DIRECTION('',(-1.E0,0.E0,0.E0));
#2595=VECTOR('',#2594,2.592296279364E0);
#2596=CARTESIAN_POINT('',(1.296148139682E0,-8.93E0,-1.9E0));
#2597=LINE('',#2596,#2595);
#2598=DIRECTION('',(0.E0,-1.E0,0.E0));
#2599=VECTOR('',#2598,3.65E0);
#2600=CARTESIAN_POINT('',(-1.296148139682E0,-8.93E0,1.9E0));
#2601=LINE('',#2600,#2599);
#2602=DIRECTION('',(0.E0,1.E0,0.E0));
#2603=VECTOR('',#2602,3.65E0);
#2604=CARTESIAN_POINT('',(-1.296148139682E0,-1.258E1,-1.9E0));
#2605=LINE('',#2604,#2603);
#2606=DIRECTION('',(1.E0,0.E0,0.E0));
#2607=VECTOR('',#2606,2.592296279364E0);
#2608=CARTESIAN_POINT('',(-1.296148139682E0,-8.93E0,1.9E0));
#2609=LINE('',#2608,#2607);
#2610=DIRECTION('',(1.E0,0.E0,0.E0));
#2611=VECTOR('',#2610,2.592296279364E0);
#2612=CARTESIAN_POINT('',(-1.296148139682E0,-1.258E1,1.9E0));
#2613=LINE('',#2612,#2611);
#2614=CARTESIAN_POINT('',(1.296148139682E0,-1.258E1,1.9E0));
#2615=CARTESIAN_POINT('',(1.289282260812E0,-1.260224799031E1,1.877752009688E0));
#2616=CARTESIAN_POINT('',(1.275453150091E0,-1.264672861025E1,1.833271389753E0));
#2617=CARTESIAN_POINT('',(1.254359743849E0,-1.271339505562E1,1.766604944378E0));
#2618=CARTESIAN_POINT('',(1.240083795104E0,-1.275780504430E1,1.722194955697E0));
#2619=CARTESIAN_POINT('',(1.232882800594E0,-1.278E1,1.7E0));
#2621=CARTESIAN_POINT('',(0.E0,-1.278E1,0.E0));
#2622=DIRECTION('',(0.E0,1.E0,0.E0));
#2623=DIRECTION('',(-5.870870479018E-1,0.E0,-8.095238095238E-1));
#2624=AXIS2_PLACEMENT_3D('',#2621,#2622,#2623);
#2626=CARTESIAN_POINT('',(0.E0,-1.278E1,0.E0));
#2627=DIRECTION('',(0.E0,1.E0,0.E0));
#2628=DIRECTION('',(-1.E0,0.E0,0.E0));
#2629=AXIS2_PLACEMENT_3D('',#2626,#2627,#2628);
#2631=DIRECTION('',(1.E0,0.E0,0.E0));
#2632=VECTOR('',#2631,2.465765601188E0);
#2633=CARTESIAN_POINT('',(-1.232882800594E0,-1.278E1,1.7E0));
#2634=LINE('',#2633,#2632);
#2635=CARTESIAN_POINT('',(0.E0,-1.278E1,0.E0));
#2636=DIRECTION('',(0.E0,1.E0,0.E0));
#2637=DIRECTION('',(5.870870479018E-1,0.E0,8.095238095238E-1));
#2638=AXIS2_PLACEMENT_3D('',#2635,#2636,#2637);
#2640=CARTESIAN_POINT('',(0.E0,-1.278E1,0.E0));
#2641=DIRECTION('',(0.E0,1.E0,0.E0));
#2642=DIRECTION('',(1.E0,0.E0,0.E0));
#2643=AXIS2_PLACEMENT_3D('',#2640,#2641,#2642);
#2645=DIRECTION('',(-1.E0,0.E0,0.E0));
#2646=VECTOR('',#2645,2.465765601188E0);
#2647=CARTESIAN_POINT('',(1.232882800594E0,-1.278E1,-1.7E0));
#2648=LINE('',#2647,#2646);
#2649=CARTESIAN_POINT('',(0.E0,-1.258E1,0.E0));
#2650=DIRECTION('',(0.E0,1.E0,0.E0));
#2651=DIRECTION('',(-5.635426694269E-1,0.E0,-8.260869565217E-1));
#2652=AXIS2_PLACEMENT_3D('',#2649,#2650,#2651);
#2654=CARTESIAN_POINT('',(0.E0,-1.258E1,0.E0));
#2655=DIRECTION('',(0.E0,1.E0,0.E0));
#2656=DIRECTION('',(-1.E0,0.E0,0.E0));
#2657=AXIS2_PLACEMENT_3D('',#2654,#2655,#2656);
#2659=CARTESIAN_POINT('',(-1.296148139682E0,-1.258E1,1.9E0));
#2660=CARTESIAN_POINT('',(-1.289153348428E0,-1.260266571418E1,
1.877334285821E0));
#2661=CARTESIAN_POINT('',(-1.275147339958E0,-1.264770252332E1,
1.832297476680E0));
#2662=CARTESIAN_POINT('',(-1.254049505299E0,-1.271436823416E1,
1.765631765835E0));
#2663=CARTESIAN_POINT('',(-1.239948595247E0,-1.275822175825E1,
1.721778241751E0));
#2664=CARTESIAN_POINT('',(-1.232882800594E0,-1.278E1,1.7E0));
#2666=DIRECTION('',(-1.E0,0.E0,0.E0));
#2667=VECTOR('',#2666,2.592296279364E0);
#2668=CARTESIAN_POINT('',(1.296148139682E0,-1.258E1,-1.9E0));
#2669=LINE('',#2668,#2667);
#2670=CARTESIAN_POINT('',(-1.296148139682E0,-1.258E1,-1.9E0));
#2671=CARTESIAN_POINT('',(-1.289282260812E0,-1.260224799031E1,
-1.877752009688E0));
#2672=CARTESIAN_POINT('',(-1.275453150091E0,-1.264672861025E1,
-1.833271389753E0));
#2673=CARTESIAN_POINT('',(-1.254359743849E0,-1.271339505562E1,
-1.766604944378E0));
#2674=CARTESIAN_POINT('',(-1.240083795104E0,-1.275780504430E1,
-1.722194955697E0));
#2675=CARTESIAN_POINT('',(-1.232882800594E0,-1.278E1,-1.7E0));
#2677=CARTESIAN_POINT('',(0.E0,-1.258E1,0.E0));
#2678=DIRECTION('',(0.E0,1.E0,0.E0));
#2679=DIRECTION('',(5.635426694269E-1,0.E0,8.260869565217E-1));
#2680=AXIS2_PLACEMENT_3D('',#2677,#2678,#2679);
#2682=CARTESIAN_POINT('',(0.E0,-1.258E1,0.E0));
#2683=DIRECTION('',(0.E0,1.E0,0.E0));
#2684=DIRECTION('',(1.E0,0.E0,0.E0));
#2685=AXIS2_PLACEMENT_3D('',#2682,#2683,#2684);
#2687=CARTESIAN_POINT('',(1.296148139682E0,-1.258E1,-1.9E0));
#2688=CARTESIAN_POINT('',(1.289153348428E0,-1.260266571418E1,
-1.877334285821E0));
#2689=CARTESIAN_POINT('',(1.275147339958E0,-1.264770252332E1,
-1.832297476680E0));
#2690=CARTESIAN_POINT('',(1.254049505299E0,-1.271436823416E1,
-1.765631765835E0));
#2691=CARTESIAN_POINT('',(1.239948595247E0,-1.275822175825E1,
-1.721778241751E0));
#2692=CARTESIAN_POINT('',(1.232882800594E0,-1.278E1,-1.7E0));
#2694=CARTESIAN_POINT('',(-3.645619343745E0,-6.435235256232E0,
2.385559934617E0));
#2695=CARTESIAN_POINT('',(-3.645678580488E0,-6.450243277947E0,
2.385297970316E0));
#2696=CARTESIAN_POINT('',(-3.645625154235E0,-6.482925036768E0,
2.382530254265E0));
#2697=CARTESIAN_POINT('',(-3.645085519108E0,-6.538699043700E0,
2.367483596762E0));
#2698=CARTESIAN_POINT('',(-3.643868086564E0,-6.596644677805E0,
2.338120962218E0));
#2699=CARTESIAN_POINT('',(-3.642461154774E0,-6.650310249057E0,
2.293375768043E0));
#2700=CARTESIAN_POINT('',(-3.640687407343E0,-6.694190001204E0,
2.234374767437E0));
#2701=CARTESIAN_POINT('',(-3.638149942822E0,-6.723502629284E0,
2.162242163445E0));
#2702=CARTESIAN_POINT('',(-3.636490445848E0,-6.73E0,2.111254366668E0));
#2703=CARTESIAN_POINT('',(-3.635623626307E0,-6.73E0,2.085623626307E0));
#2705=DIRECTION('',(-3.869427756454E-6,-9.494483868481E-8,9.999999999925E-1));
#2706=VECTOR('',#2705,4.191241447404E0);
#2707=CARTESIAN_POINT('',(-3.935559934594E0,-6.435235256232E0,
-2.095619343745E0));
#2708=LINE('',#2707,#2706);
#2709=CARTESIAN_POINT('',(-3.935576152300E0,-6.435235654168E0,
2.095622103628E0));
#2710=CARTESIAN_POINT('',(-3.935126427665E0,-6.461000527686E0,
2.095602257325E0));
#2711=CARTESIAN_POINT('',(-3.927586297009E0,-6.512496339522E0,
2.095350216515E0));
#2712=CARTESIAN_POINT('',(-3.896473792390E0,-6.584932448212E0,
2.094379124352E0));
#2713=CARTESIAN_POINT('',(-3.848316944990E0,-6.646207641445E0,
2.092682963891E0));
#2714=CARTESIAN_POINT('',(-3.786537080745E0,-6.693202530411E0,
2.090779660337E0));
#2715=CARTESIAN_POINT('',(-3.713097049670E0,-6.723379371728E0,
2.088185928799E0));
#2716=CARTESIAN_POINT('',(-3.661412811417E0,-6.73E0,2.086498646134E0));
#2717=CARTESIAN_POINT('',(-3.635623626307E0,-6.73E0,2.085623626307E0));
#2719=DIRECTION('',(0.E0,0.E0,-1.E0));
#2720=VECTOR('',#2719,4.171247252614E0);
#2721=CARTESIAN_POINT('',(-3.635623626307E0,-6.73E0,2.085623626307E0));
#2722=LINE('',#2721,#2720);
#2723=CARTESIAN_POINT('',(-4.049999998266E0,1.199999226423E-1,
2.210022082521E0));
#2724=CARTESIAN_POINT('',(-4.049996850570E0,1.198195912269E-1,
2.235309050690E0));
#2725=CARTESIAN_POINT('',(-4.043339817177E0,1.194826402520E-1,
2.285926220951E0));
#2726=CARTESIAN_POINT('',(-4.014020519240E0,1.189542695895E-1,
2.356684861500E0));
#2727=CARTESIAN_POINT('',(-3.967395692048E0,1.189777685007E-1,
2.417441805689E0));
#2728=CARTESIAN_POINT('',(-3.906627695314E0,1.189543674033E-1,
2.464052279831E0));
#2729=CARTESIAN_POINT('',(-3.835890896192E0,1.194830863514E-1,
2.493345678607E0));
#2730=CARTESIAN_POINT('',(-3.785295935245E0,1.198197118029E-1,
2.499997814887E0));
#2731=CARTESIAN_POINT('',(-3.760016562625E0,1.200000121469E-1,
2.499999999498E0));
#2733=CARTESIAN_POINT('',(-3.645622103930E0,-6.430174485582E0,
2.095622103930E0));
#2734=DIRECTION('',(1.744974916068E-2,-9.996954598819E-1,-1.744974916068E-2));
#2735=DIRECTION('',(3.806568619394E-5,-1.745174218799E-2,9.998477060261E-1));
#2736=AXIS2_PLACEMENT_3D('',#2733,#2734,#2735);
#2738=DIRECTION('',(-1.289439126698E-5,-9.999999999169E-1,-5.021025887362E-10));
#2739=VECTOR('',#2738,9.999880458566E-1);
#2740=CARTESIAN_POINT('',(-3.760003668387E0,1.119988057920E0,2.5E0));
#2741=LINE('',#2740,#2739);
#2742=DIRECTION('',(-1.681088027889E-9,9.999999998629E-1,-1.656146967131E-5));
#2743=VECTOR('',#2742,1.000000077140E0);
#2744=CARTESIAN_POINT('',(-4.049999998266E0,1.199999226423E-1,
2.210022082521E0));
#2745=LINE('',#2744,#2743);
#2746=CARTESIAN_POINT('',(-3.76E0,1.12E0,2.21E0));
#2747=DIRECTION('',(-1.368195224527E-13,-1.E0,1.707446444766E-13));
#2748=DIRECTION('',(-9.479007617136E-13,1.707446444767E-13,1.E0));
#2749=AXIS2_PLACEMENT_3D('',#2746,#2747,#2748);
#2751=CARTESIAN_POINT('',(-3.75E0,1.12E0,2.21E0));
#2752=DIRECTION('',(1.780950865709E-12,-1.707446444768E-13,-1.E0));
#2753=DIRECTION('',(-1.E0,-2.365990366589E-9,-1.780797731499E-12));
#2754=AXIS2_PLACEMENT_3D('',#2751,#2752,#2753);
#2756=CARTESIAN_POINT('',(-3.742928931359E0,1.127071066982E0,2.21E0));
#2757=DIRECTION('',(7.071066982620E-1,-7.071068641111E-1,1.380056996538E-12));
#2758=DIRECTION('',(7.071068639378E-1,7.071066980887E-1,-2.213774045150E-5));
#2759=AXIS2_PLACEMENT_3D('',#2756,#2757,#2758);
#2761=CARTESIAN_POINT('',(-3.742928932188E0,1.127071067812E0,-2.21E0));
#2762=DIRECTION('',(7.071067811850E-1,-7.071067811881E-1,-3.324264722870E-12));
#2763=DIRECTION('',(-3.304636258124E-12,1.397349668924E-12,-1.E0));
#2764=AXIS2_PLACEMENT_3D('',#2761,#2762,#2763);
#2766=CARTESIAN_POINT('',(-3.75E0,1.12E0,-2.21E0));
#2767=DIRECTION('',(1.702852418460E-12,-2.998367837539E-12,1.E0));
#2768=DIRECTION('',(7.071067823916E-1,7.071067799815E-1,9.163040696562E-13));
#2769=AXIS2_PLACEMENT_3D('',#2766,#2767,#2768);
#2771=CARTESIAN_POINT('',(-3.76E0,1.120000000668E0,-2.21E0));
#2772=DIRECTION('',(-6.686914297451E-8,-1.E0,-2.998367723671E-12));
#2773=DIRECTION('',(-9.999999992751E-1,6.686914317283E-8,-3.807620994591E-5));
#2774=AXIS2_PLACEMENT_3D('',#2771,#2772,#2773);
#2776=CARTESIAN_POINT('',(-3.035857864376E0,4.199999999999E-1,-1.9E0));
#2777=CARTESIAN_POINT('',(-3.75E0,4.2E-1,-1.9E0));
#2778=VERTEX_POINT('',#2776);
#2779=VERTEX_POINT('',#2777);
#2780=VERTEX_POINT('',#1570);
#2781=CARTESIAN_POINT('',(2.645986090584E0,4.199999999999E-1,-2.1E0));
#2782=VERTEX_POINT('',#2781);
#2783=VERTEX_POINT('',#1578);
#2784=CARTESIAN_POINT('',(3.75E0,4.2E-1,-1.9E0));
#2785=VERTEX_POINT('',#2784);
#2786=CARTESIAN_POINT('',(3.75E0,4.2E-1,1.9E0));
#2787=VERTEX_POINT('',#2786);
#2788=CARTESIAN_POINT('',(3.035857864376E0,4.2E-1,1.9E0));
#2789=VERTEX_POINT('',#2788);
#2790=VERTEX_POINT('',#1590);
#2791=CARTESIAN_POINT('',(-2.645986090584E0,4.200000000001E-1,2.1E0));
#2792=VERTEX_POINT('',#2791);
#2793=VERTEX_POINT('',#1598);
#2794=CARTESIAN_POINT('',(-3.75E0,4.2E-1,1.9E0));
#2795=VERTEX_POINT('',#2794);
#2796=CARTESIAN_POINT('',(3.742928912740E0,1.127071030951E0,-1.9E0));
#2797=VERTEX_POINT('',#2796);
#2798=CARTESIAN_POINT('',(3.759999963060E0,1.119999880551E0,-1.9E0));
#2799=VERTEX_POINT('',#2798);
#2800=CARTESIAN_POINT('',(3.76E0,4.198332870113E-1,-1.9E0));
#2801=VERTEX_POINT('',#2800);
#2802=CARTESIAN_POINT('',(-3.759999963060E0,1.119999880551E0,-1.9E0));
#2803=CARTESIAN_POINT('',(-3.742928873845E0,1.127070957227E0,-1.9E0));
#2804=VERTEX_POINT('',#2802);
#2805=VERTEX_POINT('',#2803);
#2806=CARTESIAN_POINT('',(-3.760000000002E0,4.198332870112E-1,-1.9E0));
#2807=VERTEX_POINT('',#2806);
#2808=VERTEX_POINT('',#1987);
#2809=CARTESIAN_POINT('',(3.537867965408E0,1.332132034090E0,-2.190003468116E0));
#2810=VERTEX_POINT('',#2809);
#2811=VERTEX_POINT('',#2005);
#2812=VERTEX_POINT('',#2010);
#2813=VERTEX_POINT('',#1965);
#2814=CARTESIAN_POINT('',(2.426019196680E0,1.2E-1,-2.4E0));
#2815=VERTEX_POINT('',#2814);
#2816=VERTEX_POINT('',#1978);
#2817=CARTESIAN_POINT('',(-3.537867962038E0,1.332132030721E0,
-2.190003468116E0));
#2818=VERTEX_POINT('',#2817);
#2819=CARTESIAN_POINT('',(-3.537867965475E0,1.332132034163E0,
-2.209996817536E0));
#2820=VERTEX_POINT('',#2819);
#2821=CARTESIAN_POINT('',(-4.05E0,1.119999999999E0,-2.19E0));
#2822=VERTEX_POINT('',#2821);
#2823=VERTEX_POINT('',#1649);
#2824=CARTESIAN_POINT('',(-4.05E0,1.2E-1,2.19E0));
#2825=VERTEX_POINT('',#2824);
#2826=CARTESIAN_POINT('',(-3.76E0,4.198332870113E-1,1.9E0));
#2827=VERTEX_POINT('',#2826);
#2828=CARTESIAN_POINT('',(-4.049999998266E0,1.199999226423E-1,
2.210022082521E0));
#2829=VERTEX_POINT('',#2828);
#2830=CARTESIAN_POINT('',(-3.935576152300E0,-6.435235654168E0,
2.095622103628E0));
#2831=VERTEX_POINT('',#2830);
#2832=CARTESIAN_POINT('',(-3.935559934594E0,-6.435235256232E0,
-2.095619343745E0));
#2833=VERTEX_POINT('',#2832);
#2834=CARTESIAN_POINT('',(-4.049999999445E0,1.199999931911E-1,
-2.210019323150E0));
#2835=VERTEX_POINT('',#2834);
#2836=CARTESIAN_POINT('',(-4.049999999947E0,1.119999999645E0,2.210005521050E0));
#2837=CARTESIAN_POINT('',(-4.05E0,1.120000002419E0,2.19E0));
#2838=VERTEX_POINT('',#2836);
#2839=VERTEX_POINT('',#2837);
#2840=CARTESIAN_POINT('',(-3.537867965282E0,1.332132033994E0,2.19E0));
#2841=VERTEX_POINT('',#2840);
#2842=CARTESIAN_POINT('',(-3.537867962036E0,1.332132030722E0,2.209996790027E0));
#2843=VERTEX_POINT('',#2842);
#2844=CARTESIAN_POINT('',(-3.742928873845E0,1.127070957228E0,1.9E0));
#2845=CARTESIAN_POINT('',(-3.759999963061E0,1.119999880551E0,1.9E0));
#2846=VERTEX_POINT('',#2844);
#2847=VERTEX_POINT('',#2845);
#2848=CARTESIAN_POINT('',(3.742928915355E0,1.127071033566E0,1.9E0));
#2849=VERTEX_POINT('',#2848);
#2850=CARTESIAN_POINT('',(3.760000000002E0,4.198332870112E-1,1.9E0));
#2851=VERTEX_POINT('',#2850);
#2852=CARTESIAN_POINT('',(3.759999987687E0,1.119999960184E0,1.9E0));
#2853=VERTEX_POINT('',#2852);
#2854=CARTESIAN_POINT('',(3.537867979883E0,1.332132048488E0,2.190006605249E0));
#2855=VERTEX_POINT('',#2854);
#2856=CARTESIAN_POINT('',(2.611914642824E0,4.061788301793E-1,2.190008813623E0));
#2857=VERTEX_POINT('',#2856);
#2858=CARTESIAN_POINT('',(4.05E0,1.12E0,2.19E0));
#2859=VERTEX_POINT('',#2858);
#2860=VERTEX_POINT('',#1922);
#2861=VERTEX_POINT('',#1916);
#2862=CARTESIAN_POINT('',(4.05E0,1.119999964818E0,-2.19E0));
#2863=VERTEX_POINT('',#2862);
#2864=CARTESIAN_POINT('',(3.537867967367E0,1.332132036054E0,-2.209996817536E0));
#2865=VERTEX_POINT('',#2864);
#2866=CARTESIAN_POINT('',(4.05E0,1.12E0,-2.21E0));
#2867=VERTEX_POINT('',#2866);
#2868=CARTESIAN_POINT('',(3.742928915355E0,1.127071033566E0,-2.5E0));
#2869=CARTESIAN_POINT('',(2.735857864376E0,1.2E-1,-2.5E0));
#2870=VERTEX_POINT('',#2868);
#2871=VERTEX_POINT('',#2869);
#2872=CARTESIAN_POINT('',(3.760016562625E0,1.200000121469E-1,
-2.499999999498E0));
#2873=VERTEX_POINT('',#2872);
#2874=CARTESIAN_POINT('',(3.760003668387E0,1.119988057921E0,-2.5E0));
#2875=VERTEX_POINT('',#2874);
#2876=CARTESIAN_POINT('',(-2.735857864376E0,1.199999999999E-1,-2.5E0));
#2877=CARTESIAN_POINT('',(-3.742928912740E0,1.127071030951E0,-2.5E0));
#2878=VERTEX_POINT('',#2876);
#2879=VERTEX_POINT('',#2877);
#2880=VERTEX_POINT('',#2056);
#2881=CARTESIAN_POINT('',(-3.760019321996E0,1.199999415805E-1,
-2.499999998319E0));
#2882=VERTEX_POINT('',#2881);
#2883=CARTESIAN_POINT('',(-3.645622103628E0,-6.435235654168E0,
-2.385576152298E0));
#2884=VERTEX_POINT('',#2883);
#2885=CARTESIAN_POINT('',(3.645619343745E0,-6.435235256232E0,
-2.385559934603E0));
#2886=VERTEX_POINT('',#2885);
#2887=CARTESIAN_POINT('',(-2.735857864376E0,1.199999999999E-1,2.5E0));
#2888=CARTESIAN_POINT('',(2.735857864376E0,1.2E-1,2.5E0));
#2889=VERTEX_POINT('',#2887);
#2890=VERTEX_POINT('',#2888);
#2891=VERTEX_POINT('',#1821);
#2892=CARTESIAN_POINT('',(2.426019196680E0,1.200000000001E-1,2.4E0));
#2893=VERTEX_POINT('',#2892);
#2894=CARTESIAN_POINT('',(3.760019321996E0,1.199999415823E-1,2.499999998319E0));
#2895=VERTEX_POINT('',#2894);
#2896=CARTESIAN_POINT('',(3.645622103628E0,-6.435235654168E0,2.385576152302E0));
#2897=VERTEX_POINT('',#2896);
#2898=CARTESIAN_POINT('',(-3.645619343745E0,-6.435235256232E0,
2.385559934617E0));
#2899=VERTEX_POINT('',#2898);
#2900=CARTESIAN_POINT('',(-3.760016562625E0,1.200000121469E-1,
2.499999999498E0));
#2901=VERTEX_POINT('',#2900);
#2902=CARTESIAN_POINT('',(3.742928912740E0,1.127071030951E0,2.5E0));
#2903=VERTEX_POINT('',#2902);
#2904=VERTEX_POINT('',#1843);
#2905=CARTESIAN_POINT('',(-3.742928908154E0,1.127071026364E0,2.5E0));
#2906=VERTEX_POINT('',#2905);
#2907=CARTESIAN_POINT('',(-3.760003668387E0,1.119988057920E0,2.5E0));
#2908=VERTEX_POINT('',#2907);
#2909=VERTEX_POINT('',#1759);
#2910=CARTESIAN_POINT('',(3.537867965405E0,1.332132034092E0,2.209996790027E0));
#2911=VERTEX_POINT('',#2910);
#2912=VERTEX_POINT('',#1734);
#2913=VERTEX_POINT('',#1739);
#2914=VERTEX_POINT('',#2717);
#2915=VERTEX_POINT('',#2104);
#2916=CARTESIAN_POINT('',(-1.868200980970E0,-6.730001220566E0,
-2.085622932464E0));
#2917=VERTEX_POINT('',#2916);
#2918=VERTEX_POINT('',#2124);
#2919=CARTESIAN_POINT('',(1.442221575701E0,-6.685522853382E0,
-2.242811678182E0));
#2920=VERTEX_POINT('',#2919);
#2921=VERTEX_POINT('',#2134);
#2922=CARTESIAN_POINT('',(3.635623626307E0,-6.73E0,-2.085623626307E0));
#2923=VERTEX_POINT('',#2922);
#2924=CARTESIAN_POINT('',(3.635623626307E0,-6.73E0,2.085623626307E0));
#2925=CARTESIAN_POINT('',(1.868200980950E0,-6.730001220566E0,2.085622932474E0));
#2926=VERTEX_POINT('',#2924);
#2927=VERTEX_POINT('',#2925);
#2928=CARTESIAN_POINT('',(-1.868201397187E0,-6.730001437218E0,
2.085622753349E0));
#2929=VERTEX_POINT('',#2928);
#2930=CARTESIAN_POINT('',(2.5E0,-7.03E0,0.E0));
#2931=CARTESIAN_POINT('',(1.668036395735E0,-7.03E0,1.862163951564E0));
#2932=VERTEX_POINT('',#2930);
#2933=VERTEX_POINT('',#2931);
#2934=CARTESIAN_POINT('',(1.668036396287E0,-7.03E0,-1.862163951069E0));
#2935=VERTEX_POINT('',#2934);
#2936=VERTEX_POINT('',#2452);
#2937=CARTESIAN_POINT('',(1.356465986030E0,-8.73E0,-2.100000000825E0));
#2938=VERTEX_POINT('',#2937);
#2939=CARTESIAN_POINT('',(2.5E0,-8.73E0,0.E0));
#2940=VERTEX_POINT('',#2939);
#2941=CARTESIAN_POINT('',(1.356465996626E0,-8.73E0,2.099999999999E0));
#2942=VERTEX_POINT('',#2941);
#2943=CARTESIAN_POINT('',(1.356465963003E0,-6.967626968359E0,2.099999989126E0));
#2944=VERTEX_POINT('',#2943);
#2945=VERTEX_POINT('',#2470);
#2946=CARTESIAN_POINT('',(-1.358554768621E0,-6.941045515242E0,
-2.100000228971E0));
#2947=VERTEX_POINT('',#2946);
#2948=VERTEX_POINT('',#2156);
#2949=CARTESIAN_POINT('',(-1.356465976675E0,-8.73E0,-2.1E0));
#2950=VERTEX_POINT('',#2949);
#2951=CARTESIAN_POINT('',(-1.668036395145E0,-7.030000001004E0,
-1.862163952092E0));
#2952=VERTEX_POINT('',#2951);
#2953=CARTESIAN_POINT('',(-2.5E0,-7.03E0,0.E0));
#2954=VERTEX_POINT('',#2953);
#2955=CARTESIAN_POINT('',(-1.668036396248E0,-7.03E0,1.862163951104E0));
#2956=VERTEX_POINT('',#2955);
#2957=VERTEX_POINT('',#2194);
#2958=CARTESIAN_POINT('',(-1.356465986030E0,-8.73E0,2.100000000825E0));
#2959=VERTEX_POINT('',#2958);
#2960=CARTESIAN_POINT('',(-2.5E0,-8.73E0,0.E0));
#2961=VERTEX_POINT('',#2960);
#2962=VERTEX_POINT('',#2229);
#2963=VERTEX_POINT('',#2192);
#2964=VERTEX_POINT('',#2223);
#2965=CARTESIAN_POINT('',(3.935577938678E0,-6.435235490817E0,2.095611064881E0));
#2966=VERTEX_POINT('',#2965);
#2967=VERTEX_POINT('',#2263);
#2968=CARTESIAN_POINT('',(4.049999999790E0,1.119999964819E0,2.210011042101E0));
#2969=VERTEX_POINT('',#2968);
#2970=CARTESIAN_POINT('',(4.049999998266E0,1.199999226423E-1,
-2.210022082521E0));
#2971=VERTEX_POINT('',#2970);
#2972=CARTESIAN_POINT('',(3.935576152299E0,-6.435235654168E0,
-2.095622103627E0));
#2973=VERTEX_POINT('',#2972);
#2974=VERTEX_POINT('',#2427);
#2975=VERTEX_POINT('',#2579);
#2976=CARTESIAN_POINT('',(-1.296148139682E0,-8.93E0,1.9E0));
#2977=VERTEX_POINT('',#2976);
#2978=VERTEX_POINT('',#2495);
#2979=CARTESIAN_POINT('',(2.3E0,-8.93E0,0.E0));
#2980=VERTEX_POINT('',#2979);
#2981=VERTEX_POINT('',#2522);
#2982=CARTESIAN_POINT('',(-2.3E0,-8.93E0,0.E0));
#2983=VERTEX_POINT('',#2982);
#2984=CARTESIAN_POINT('',(-1.296148139682E0,-1.258E1,1.9E0));
#2985=VERTEX_POINT('',#2984);
#2986=CARTESIAN_POINT('',(-2.3E0,-1.258E1,0.E0));
#2987=VERTEX_POINT('',#2986);
#2988=CARTESIAN_POINT('',(-1.296148139682E0,-1.258E1,-1.9E0));
#2989=VERTEX_POINT('',#2988);
#2990=CARTESIAN_POINT('',(1.296148139682E0,-1.258E1,1.9E0));
#2991=VERTEX_POINT('',#2990);
#2992=CARTESIAN_POINT('',(1.296148139682E0,-1.258E1,-1.9E0));
#2993=VERTEX_POINT('',#2992);
#2994=CARTESIAN_POINT('',(2.3E0,-1.258E1,0.E0));
#2995=VERTEX_POINT('',#2994);
#2996=CARTESIAN_POINT('',(1.232882800594E0,-1.278E1,-1.7E0));
#2997=CARTESIAN_POINT('',(-1.232882800594E0,-1.278E1,-1.7E0));
#2998=VERTEX_POINT('',#2996);
#2999=VERTEX_POINT('',#2997);
#3000=CARTESIAN_POINT('',(-2.1E0,-1.278E1,0.E0));
#3001=CARTESIAN_POINT('',(-1.232882800594E0,-1.278E1,1.7E0));
#3002=VERTEX_POINT('',#3000);
#3003=VERTEX_POINT('',#3001);
#3004=CARTESIAN_POINT('',(1.232882800594E0,-1.278E1,1.7E0));
#3005=VERTEX_POINT('',#3004);
#3006=CARTESIAN_POINT('',(2.1E0,-1.278E1,0.E0));
#3007=VERTEX_POINT('',#3006);
#3008=CARTESIAN_POINT('',(-4.049999999790E0,1.120000020060E0,
-2.210011042101E0));
#3009=VERTEX_POINT('',#3008);
#3010=CARTESIAN_POINT('',(0.E0,4.2E-1,0.E0));
#3011=DIRECTION('',(0.E0,-1.E0,0.E0));
#3012=DIRECTION('',(1.E0,0.E0,0.E0));
#3013=AXIS2_PLACEMENT_3D('',#3010,#3011,#3012);
#3014=PLANE('',#3013);
#3016=ORIENTED_EDGE('',*,*,#3015,.F.);
#3018=ORIENTED_EDGE('',*,*,#3017,.T.);
#3020=ORIENTED_EDGE('',*,*,#3019,.F.);
#3022=ORIENTED_EDGE('',*,*,#3021,.T.);
#3024=ORIENTED_EDGE('',*,*,#3023,.F.);
#3026=ORIENTED_EDGE('',*,*,#3025,.F.);
#3028=ORIENTED_EDGE('',*,*,#3027,.T.);
#3030=ORIENTED_EDGE('',*,*,#3029,.T.);
#3032=ORIENTED_EDGE('',*,*,#3031,.F.);
#3034=ORIENTED_EDGE('',*,*,#3033,.T.);
#3036=ORIENTED_EDGE('',*,*,#3035,.T.);
#3038=ORIENTED_EDGE('',*,*,#3037,.F.);
#3039=EDGE_LOOP('',(#3016,#3018,#3020,#3022,#3024,#3026,#3028,#3030,#3032,#3034,
#3036,#3038));
#3040=FACE_OUTER_BOUND('',#3039,.F.);
#3041=ADVANCED_FACE('',(#3040),#3014,.F.);
#3042=CARTESIAN_POINT('',(0.E0,4.2E-1,-1.9E0));
#3043=DIRECTION('',(0.E0,0.E0,-1.E0));
#3044=DIRECTION('',(1.E0,0.E0,0.E0));
#3045=AXIS2_PLACEMENT_3D('',#3042,#3043,#3044);
#3046=PLANE('',#3045);
#3048=ORIENTED_EDGE('',*,*,#3047,.T.);
#3050=ORIENTED_EDGE('',*,*,#3049,.T.);
#3051=ORIENTED_EDGE('',*,*,#3015,.T.);
#3053=ORIENTED_EDGE('',*,*,#3052,.T.);
#3055=ORIENTED_EDGE('',*,*,#3054,.F.);
#3056=EDGE_LOOP('',(#3048,#3050,#3051,#3053,#3055));
#3057=FACE_OUTER_BOUND('',#3056,.F.);
#3058=ADVANCED_FACE('',(#3057),#3046,.F.);
#3059=CARTESIAN_POINT('',(-3.759999963061E0,1.12E0,-1.9E0));
#3060=CARTESIAN_POINT('',(-3.929878047130E0,1.119999999992E0,
-1.899999978361E0));
#3061=CARTESIAN_POINT('',(-4.05E0,1.119999999987E0,-2.020121915931E0));
#3062=CARTESIAN_POINT('',(-4.05E0,1.119999999986E0,-2.19E0));
#3063=CARTESIAN_POINT('',(-3.759999963061E0,1.130466677438E0,-1.9E0));
#3064=CARTESIAN_POINT('',(-3.929878047138E0,1.308273245212E0,
-1.899999978362E0));
#3065=CARTESIAN_POINT('',(-4.050000000014E0,1.434001483032E0,
-2.020121915932E0));
#3066=CARTESIAN_POINT('',(-4.050000000014E0,1.434001483032E0,
-2.190000000001E0));
#3067=CARTESIAN_POINT('',(-3.750330013537E0,1.134472100362E0,-1.9E0));
#3068=CARTESIAN_POINT('',(-3.755936240988E0,1.380322276703E0,
-1.899999978362E0));
#3069=CARTESIAN_POINT('',(-3.759900442687E0,1.554164614622E0,
-2.020121915932E0));
#3070=CARTESIAN_POINT('',(-3.759900442687E0,1.554164614621E0,
-2.190000000001E0));
#3071=CARTESIAN_POINT('',(-3.742928956665E0,1.127071040048E0,-1.9E0));
#3072=CARTESIAN_POINT('',(-3.622806983522E0,1.247192957346E0,
-1.899999978361E0));
#3073=CARTESIAN_POINT('',(-3.537867916334E0,1.332131985046E0,
-2.020121915931E0));
#3074=CARTESIAN_POINT('',(-3.537867916334E0,1.332131985046E0,-2.19E0));
#3075=(BOUNDED_SURFACE()B_SPLINE_SURFACE(3,3,((#3059,#3060,#3061,#3062),(#3063,
#3064,#3065,#3066),(#3067,#3068,#3069,#3070),(#3071,#3072,#3073,#3074)),
.UNSPECIFIED.,.F.,.F.,.F.)B_SPLINE_SURFACE_WITH_KNOTS((4,4),(4,4),(0.E0,1.E0),(
0.E0,1.E0),.UNSPECIFIED.)GEOMETRIC_REPRESENTATION_ITEM()RATIONAL_B_SPLINE_SURFACE(((1.694636631550E0,1.363738195516E0,1.363738195516E0,1.694636631550E0),(
9.972183310310E-1,8.024993098677E-1,8.024993098677E-1,9.972183310310E-1),(
9.972183310310E-1,8.024993098677E-1,8.024993098677E-1,9.972183310310E-1),(
1.694636631550E0,1.363738195516E0,1.363738195516E0,1.694636631550E0)))REPRESENTATION_ITEM('')SURFACE());
#3076=ORIENTED_EDGE('',*,*,#3047,.F.);
#3078=ORIENTED_EDGE('',*,*,#3077,.T.);
#3080=ORIENTED_EDGE('',*,*,#3079,.T.);
#3082=ORIENTED_EDGE('',*,*,#3081,.T.);
#3083=EDGE_LOOP('',(#3076,#3078,#3080,#3082));
#3084=FACE_OUTER_BOUND('',#3083,.F.);
#3085=ADVANCED_FACE('',(#3084),#3075,.T.);
#3086=CARTESIAN_POINT('',(-3.76E0,1.157341592459E0,-2.19E0));
#3087=DIRECTION('',(0.E0,-1.E0,0.E0));
#3088=DIRECTION('',(0.E0,0.E0,1.E0));
#3089=AXIS2_PLACEMENT_3D('',#3086,#3087,#3088);
#3090=CYLINDRICAL_SURFACE('',#3089,2.9E-1);
#3091=ORIENTED_EDGE('',*,*,#3054,.T.);
#3093=ORIENTED_EDGE('',*,*,#3092,.F.);
#3095=ORIENTED_EDGE('',*,*,#3094,.T.);
#3096=ORIENTED_EDGE('',*,*,#3077,.F.);
#3097=EDGE_LOOP('',(#3091,#3093,#3095,#3096));
#3098=FACE_OUTER_BOUND('',#3097,.F.);
#3099=ADVANCED_FACE('',(#3098),#3090,.T.);
#3100=CARTESIAN_POINT('',(-3.75E0,1.2E-1,-2.424541182080E0));
#3101=DIRECTION('',(0.E0,0.E0,1.E0));
#3102=DIRECTION('',(0.E0,1.E0,0.E0));
#3103=AXIS2_PLACEMENT_3D('',#3100,#3101,#3102);
#3104=CYLINDRICAL_SURFACE('',#3103,3.E-1);
#3106=ORIENTED_EDGE('',*,*,#3105,.T.);
#3107=ORIENTED_EDGE('',*,*,#3092,.T.);
#3108=ORIENTED_EDGE('',*,*,#3052,.F.);
#3109=ORIENTED_EDGE('',*,*,#3037,.T.);
#3111=ORIENTED_EDGE('',*,*,#3110,.F.);
#3113=ORIENTED_EDGE('',*,*,#3112,.T.);
#3114=EDGE_LOOP('',(#3106,#3107,#3108,#3109,#3111,#3113));
#3115=FACE_OUTER_BOUND('',#3114,.F.);
#3116=ADVANCED_FACE('',(#3115),#3104,.T.);
#3117=CARTESIAN_POINT('',(-4.05E0,1.2E-1,2.695290552767E0));
#3118=DIRECTION('',(-9.998476951564E-1,-1.745240643728E-2,0.E0));
#3119=DIRECTION('',(0.E0,0.E0,1.E0));
#3120=AXIS2_PLACEMENT_3D('',#3117,#3118,#3119);
#3121=PLANE('',#3120);
#3122=ORIENTED_EDGE('',*,*,#3105,.F.);
#3124=ORIENTED_EDGE('',*,*,#3123,.F.);
#3126=ORIENTED_EDGE('',*,*,#3125,.T.);
#3128=ORIENTED_EDGE('',*,*,#3127,.F.);
#3130=ORIENTED_EDGE('',*,*,#3129,.T.);
#3132=ORIENTED_EDGE('',*,*,#3131,.F.);
#3133=EDGE_LOOP('',(#3122,#3124,#3126,#3128,#3130,#3132));
#3134=FACE_OUTER_BOUND('',#3133,.F.);
#3135=ADVANCED_FACE('',(#3134),#3121,.T.);
#3136=CARTESIAN_POINT('',(-4.05E0,1.2E-1,2.5E0));
#3137=DIRECTION('',(-1.E0,0.E0,0.E0));
#3138=DIRECTION('',(0.E0,1.E0,0.E0));
#3139=AXIS2_PLACEMENT_3D('',#3136,#3137,#3138);
#3140=PLANE('',#3139);
#3142=ORIENTED_EDGE('',*,*,#3141,.F.);
#3144=ORIENTED_EDGE('',*,*,#3143,.F.);
#3145=ORIENTED_EDGE('',*,*,#3123,.T.);
#3147=ORIENTED_EDGE('',*,*,#3146,.F.);
#3148=EDGE_LOOP('',(#3142,#3144,#3145,#3147));
#3149=FACE_OUTER_BOUND('',#3148,.F.);
#3150=ADVANCED_FACE('',(#3149),#3140,.T.);
#3151=CARTESIAN_POINT('',(-3.75E0,1.12E0,2.5E0));
#3152=DIRECTION('',(0.E0,0.E0,-1.E0));
#3153=DIRECTION('',(1.E0,0.E0,0.E0));
#3154=AXIS2_PLACEMENT_3D('',#3151,#3152,#3153);
#3155=CYLINDRICAL_SURFACE('',#3154,3.E-1);
#3157=ORIENTED_EDGE('',*,*,#3156,.F.);
#3159=ORIENTED_EDGE('',*,*,#3158,.T.);
#3161=ORIENTED_EDGE('',*,*,#3160,.F.);
#3162=ORIENTED_EDGE('',*,*,#3141,.T.);
#3163=EDGE_LOOP('',(#3157,#3159,#3161,#3162));
#3164=FACE_OUTER_BOUND('',#3163,.F.);
#3165=ADVANCED_FACE('',(#3164),#3155,.T.);
#3166=CARTESIAN_POINT('',(-4.05E0,1.12E0,2.19E0));
#3167=CARTESIAN_POINT('',(-4.05E0,1.12E0,2.020121915931E0));
#3168=CARTESIAN_POINT('',(-3.929878047130E0,1.12E0,1.899999978362E0));
#3169=CARTESIAN_POINT('',(-3.759999963061E0,1.12E0,1.9E0));
#3170=CARTESIAN_POINT('',(-4.05E0,1.434001429720E0,2.19E0));
#3171=CARTESIAN_POINT('',(-4.05E0,1.434001429720E0,2.020121915931E0));
#3172=CARTESIAN_POINT('',(-3.929878047130E0,1.308273213247E0,1.899999978362E0));
#3173=CARTESIAN_POINT('',(-3.759999963061E0,1.130466675661E0,1.9E0));
#3174=CARTESIAN_POINT('',(-3.759900505902E0,1.554164574613E0,2.19E0));
#3175=CARTESIAN_POINT('',(-3.759900505902E0,1.554164574613E0,2.020121915931E0));
#3176=CARTESIAN_POINT('',(-3.755936278891E0,1.380322252714E0,1.899999978361E0));
#3177=CARTESIAN_POINT('',(-3.750330015644E0,1.134472099029E0,1.9E0));
#3178=CARTESIAN_POINT('',(-3.537867965644E0,1.332132034356E0,2.19E0));
#3179=CARTESIAN_POINT('',(-3.537867965644E0,1.332132034356E0,2.020121915931E0));
#3180=CARTESIAN_POINT('',(-3.622807013088E0,1.247192986912E0,1.899999978361E0));
#3181=CARTESIAN_POINT('',(-3.742928958307E0,1.127071041692E0,1.9E0));
#3182=(BOUNDED_SURFACE()B_SPLINE_SURFACE(3,3,((#3166,#3167,#3168,#3169),(#3170,
#3171,#3172,#3173),(#3174,#3175,#3176,#3177),(#3178,#3179,#3180,#3181)),
.UNSPECIFIED.,.F.,.F.,.F.)B_SPLINE_SURFACE_WITH_KNOTS((4,4),(4,4),(0.E0,1.E0),(
0.E0,1.E0),.UNSPECIFIED.)GEOMETRIC_REPRESENTATION_ITEM()RATIONAL_B_SPLINE_SURFACE(((1.694636499919E0,1.363738089588E0,1.363738089588E0,1.694636499919E0),(
9.972183749077E-1,8.024993451773E-1,8.024993451773E-1,9.972183749077E-1),(
9.972183749077E-1,8.024993451773E-1,8.024993451773E-1,9.972183749077E-1),(
1.694636499919E0,1.363738089588E0,1.363738089588E0,1.694636499919E0)))REPRESENTATION_ITEM('')SURFACE());
#3184=ORIENTED_EDGE('',*,*,#3183,.F.);
#3186=ORIENTED_EDGE('',*,*,#3185,.T.);
#3187=ORIENTED_EDGE('',*,*,#3156,.T.);
#3189=ORIENTED_EDGE('',*,*,#3188,.T.);
#3190=EDGE_LOOP('',(#3184,#3186,#3187,#3189));
#3191=FACE_OUTER_BOUND('',#3190,.F.);
#3192=ADVANCED_FACE('',(#3191),#3182,.T.);
#3193=CARTESIAN_POINT('',(0.E0,4.2E-1,1.9E0));
#3194=DIRECTION('',(0.E0,0.E0,-1.E0));
#3195=DIRECTION('',(1.E0,0.E0,0.E0));
#3196=AXIS2_PLACEMENT_3D('',#3193,#3194,#3195);
#3197=PLANE('',#3196);
#3198=ORIENTED_EDGE('',*,*,#3183,.T.);
#3200=ORIENTED_EDGE('',*,*,#3199,.F.);
#3201=ORIENTED_EDGE('',*,*,#3110,.T.);
#3202=ORIENTED_EDGE('',*,*,#3035,.F.);
#3204=ORIENTED_EDGE('',*,*,#3203,.T.);
#3205=EDGE_LOOP('',(#3198,#3200,#3201,#3202,#3204));
#3206=FACE_OUTER_BOUND('',#3205,.F.);
#3207=ADVANCED_FACE('',(#3206),#3197,.T.);
#3208=CARTESIAN_POINT('',(-3.76E0,9.371341157280E-2,2.19E0));
#3209=DIRECTION('',(0.E0,1.E0,0.E0));
#3210=DIRECTION('',(0.E0,0.E0,-1.E0));
#3211=AXIS2_PLACEMENT_3D('',#3208,#3209,#3210);
#3212=CYLINDRICAL_SURFACE('',#3211,2.9E-1);
#3213=ORIENTED_EDGE('',*,*,#3199,.T.);
#3214=ORIENTED_EDGE('',*,*,#3188,.F.);
#3215=ORIENTED_EDGE('',*,*,#3146,.T.);
#3216=ORIENTED_EDGE('',*,*,#3112,.F.);
#3217=EDGE_LOOP('',(#3213,#3214,#3215,#3216));
#3218=FACE_OUTER_BOUND('',#3217,.F.);
#3219=ADVANCED_FACE('',(#3218),#3212,.T.);
#3220=CARTESIAN_POINT('',(-3.761516357119E0,1.145658492743E0,2.19E0));
#3221=DIRECTION('',(7.071067811865E-1,-7.071067811865E-1,0.E0));
#3222=DIRECTION('',(0.E0,0.E0,-1.E0));
#3223=AXIS2_PLACEMENT_3D('',#3220,#3221,#3222);
#3224=CYLINDRICAL_SURFACE('',#3223,2.9E-1);
#3225=ORIENTED_EDGE('',*,*,#3203,.F.);
#3226=ORIENTED_EDGE('',*,*,#3033,.F.);
#3228=ORIENTED_EDGE('',*,*,#3227,.F.);
#3230=ORIENTED_EDGE('',*,*,#3229,.T.);
#3231=ORIENTED_EDGE('',*,*,#3185,.F.);
#3232=EDGE_LOOP('',(#3225,#3226,#3228,#3230,#3231));
#3233=FACE_OUTER_BOUND('',#3232,.F.);
#3234=ADVANCED_FACE('',(#3233),#3224,.T.);
#3235=CARTESIAN_POINT('',(-4.076230377791E0,1.2E-1,2.1E0));
#3236=DIRECTION('',(1.E0,0.E0,0.E0));
#3237=DIRECTION('',(0.E0,1.E0,0.E0));
#3238=AXIS2_PLACEMENT_3D('',#3235,#3236,#3237);
#3239=CYLINDRICAL_SURFACE('',#3238,3.E-1);
#3241=ORIENTED_EDGE('',*,*,#3240,.T.);
#3242=ORIENTED_EDGE('',*,*,#3227,.T.);
#3243=ORIENTED_EDGE('',*,*,#3031,.T.);
#3245=ORIENTED_EDGE('',*,*,#3244,.T.);
#3247=ORIENTED_EDGE('',*,*,#3246,.F.);
#3249=ORIENTED_EDGE('',*,*,#3248,.T.);
#3251=ORIENTED_EDGE('',*,*,#3250,.T.);
#3253=ORIENTED_EDGE('',*,*,#3252,.T.);
#3254=EDGE_LOOP('',(#3241,#3242,#3243,#3245,#3247,#3249,#3251,#3253));
#3255=FACE_OUTER_BOUND('',#3254,.F.);
#3256=ADVANCED_FACE('',(#3255),#3239,.T.);
#3257=CARTESIAN_POINT('',(-3.537867965644E0,1.332132034356E0,2.5E0));
#3258=DIRECTION('',(7.071067811865E-1,7.071067811865E-1,0.E0));
#3259=DIRECTION('',(7.071067811865E-1,-7.071067811865E-1,0.E0));
#3260=AXIS2_PLACEMENT_3D('',#3257,#3258,#3259);
#3261=PLANE('',#3260);
#3262=ORIENTED_EDGE('',*,*,#3229,.F.);
#3263=ORIENTED_EDGE('',*,*,#3240,.F.);
#3265=ORIENTED_EDGE('',*,*,#3264,.F.);
#3266=ORIENTED_EDGE('',*,*,#3158,.F.);
#3267=EDGE_LOOP('',(#3262,#3263,#3265,#3266));
#3268=FACE_OUTER_BOUND('',#3267,.F.);
#3269=ADVANCED_FACE('',(#3268),#3261,.T.);
#3270=CARTESIAN_POINT('',(-2.709107660452E0,9.324979607530E-2,2.21E0));
#3271=DIRECTION('',(-7.071067811865E-1,7.071067811865E-1,0.E0));
#3272=DIRECTION('',(0.E0,0.E0,1.E0));
#3273=AXIS2_PLACEMENT_3D('',#3270,#3271,#3272);
#3274=CYLINDRICAL_SURFACE('',#3273,2.9E-1);
#3276=ORIENTED_EDGE('',*,*,#3275,.F.);
#3278=ORIENTED_EDGE('',*,*,#3277,.F.);
#3279=ORIENTED_EDGE('',*,*,#3264,.T.);
#3280=ORIENTED_EDGE('',*,*,#3252,.F.);
#3282=ORIENTED_EDGE('',*,*,#3281,.F.);
#3283=EDGE_LOOP('',(#3276,#3278,#3279,#3280,#3282));
#3284=FACE_OUTER_BOUND('',#3283,.F.);
#3285=ADVANCED_FACE('',(#3284),#3274,.T.);
#3286=CARTESIAN_POINT('',(0.E0,4.2E-1,2.5E0));
#3287=DIRECTION('',(0.E0,0.E0,-1.E0));
#3288=DIRECTION('',(1.E0,0.E0,0.E0));
#3289=AXIS2_PLACEMENT_3D('',#3286,#3287,#3288);
#3290=PLANE('',#3289);
#3291=ORIENTED_EDGE('',*,*,#3275,.T.);
#3293=ORIENTED_EDGE('',*,*,#3292,.F.);
#3295=ORIENTED_EDGE('',*,*,#3294,.F.);
#3297=ORIENTED_EDGE('',*,*,#3296,.T.);
#3298=EDGE_LOOP('',(#3291,#3293,#3295,#3297));
#3299=FACE_OUTER_BOUND('',#3298,.F.);
#3300=ADVANCED_FACE('',(#3299),#3290,.F.);
#3301=CARTESIAN_POINT('',(4.245290552767E0,1.2E-1,2.5E0));
#3302=DIRECTION('',(0.E0,-1.745240643728E-2,9.998476951564E-1));
#3303=DIRECTION('',(1.E0,0.E0,0.E0));
#3304=AXIS2_PLACEMENT_3D('',#3301,#3302,#3303);
#3305=PLANE('',#3304);
#3307=ORIENTED_EDGE('',*,*,#3306,.T.);
#3309=ORIENTED_EDGE('',*,*,#3308,.T.);
#3311=ORIENTED_EDGE('',*,*,#3310,.T.);
#3313=ORIENTED_EDGE('',*,*,#3312,.F.);
#3315=ORIENTED_EDGE('',*,*,#3314,.T.);
#3316=ORIENTED_EDGE('',*,*,#3292,.T.);
#3317=EDGE_LOOP('',(#3307,#3309,#3311,#3313,#3315,#3316));
#3318=FACE_OUTER_BOUND('',#3317,.F.);
#3319=ADVANCED_FACE('',(#3318),#3305,.T.);
#3320=CARTESIAN_POINT('',(0.E0,1.2E-1,0.E0));
#3321=DIRECTION('',(0.E0,1.E0,0.E0));
#3322=DIRECTION('',(0.E0,0.E0,-1.E0));
#3323=AXIS2_PLACEMENT_3D('',#3320,#3321,#3322);
#3324=PLANE('',#3323);
#3325=ORIENTED_EDGE('',*,*,#3306,.F.);
#3326=ORIENTED_EDGE('',*,*,#3281,.T.);
#3327=ORIENTED_EDGE('',*,*,#3250,.F.);
#3329=ORIENTED_EDGE('',*,*,#3328,.T.);
#3330=EDGE_LOOP('',(#3325,#3326,#3327,#3329));
#3331=FACE_OUTER_BOUND('',#3330,.F.);
#3332=ADVANCED_FACE('',(#3331),#3324,.T.);
#3333=CARTESIAN_POINT('',(3.769333381662E0,1.153475517286E0,2.21E0));
#3334=DIRECTION('',(-7.071067811865E-1,-7.071067811865E-1,0.E0));
#3335=DIRECTION('',(0.E0,0.E0,1.E0));
#3336=AXIS2_PLACEMENT_3D('',#3333,#3334,#3335);
#3337=CYLINDRICAL_SURFACE('',#3336,2.9E-1);
#3339=ORIENTED_EDGE('',*,*,#3338,.F.);
#3340=ORIENTED_EDGE('',*,*,#3328,.F.);
#3341=ORIENTED_EDGE('',*,*,#3248,.F.);
#3343=ORIENTED_EDGE('',*,*,#3342,.T.);
#3345=ORIENTED_EDGE('',*,*,#3344,.F.);
#3346=EDGE_LOOP('',(#3339,#3340,#3341,#3343,#3345));
#3347=FACE_OUTER_BOUND('',#3346,.F.);
#3348=ADVANCED_FACE('',(#3347),#3337,.T.);
#3349=CARTESIAN_POINT('',(0.E0,4.2E-1,2.5E0));
#3350=DIRECTION('',(0.E0,0.E0,-1.E0));
#3351=DIRECTION('',(1.E0,0.E0,0.E0));
#3352=AXIS2_PLACEMENT_3D('',#3349,#3350,#3351);
#3353=PLANE('',#3352);
#3354=ORIENTED_EDGE('',*,*,#3338,.T.);
#3356=ORIENTED_EDGE('',*,*,#3355,.T.);
#3358=ORIENTED_EDGE('',*,*,#3357,.F.);
#3359=ORIENTED_EDGE('',*,*,#3308,.F.);
#3360=EDGE_LOOP('',(#3354,#3356,#3358,#3359));
#3361=FACE_OUTER_BOUND('',#3360,.F.);
#3362=ADVANCED_FACE('',(#3361),#3353,.F.);
#3363=CARTESIAN_POINT('',(3.742928958308E0,1.127071041692E0,2.5E0));
#3364=CARTESIAN_POINT('',(3.622807013088E0,1.247192986912E0,2.500000021638E0));
#3365=CARTESIAN_POINT('',(3.537867965644E0,1.332132034356E0,2.379878084069E0));
#3366=CARTESIAN_POINT('',(3.537867965644E0,1.332132034356E0,2.21E0));
#3367=CARTESIAN_POINT('',(3.750330016901E0,1.134472100285E0,2.5E0));
#3368=CARTESIAN_POINT('',(3.755936301494E0,1.380322275318E0,2.500000021638E0));
#3369=CARTESIAN_POINT('',(3.759900543600E0,1.554164612312E0,2.379878084069E0));
#3370=CARTESIAN_POINT('',(3.759900543599E0,1.554164612312E0,2.21E0));
#3371=CARTESIAN_POINT('',(3.759999965494E0,1.130466675114E0,2.5E0));
#3372=CARTESIAN_POINT('',(3.929878090892E0,1.308273203402E0,2.500000021638E0));
#3373=CARTESIAN_POINT('',(4.050000072987E0,1.434001413301E0,2.379878084069E0));
#3374=CARTESIAN_POINT('',(4.050000072987E0,1.434001413301E0,2.21E0));
#3375=CARTESIAN_POINT('',(3.759999963061E0,1.119999997675E0,2.5E0));
#3376=CARTESIAN_POINT('',(3.929878047130E0,1.119999958189E0,2.500000021638E0));
#3377=CARTESIAN_POINT('',(4.05E0,1.119999930267E0,2.379878084068E0));
#3378=CARTESIAN_POINT('',(4.05E0,1.119999930267E0,2.21E0));
#3379=(BOUNDED_SURFACE()B_SPLINE_SURFACE(3,3,((#3363,#3364,#3365,#3366),(#3367,
#3368,#3369,#3370),(#3371,#3372,#3373,#3374),(#3375,#3376,#3377,#3378)),
.UNSPECIFIED.,.F.,.F.,.F.)B_SPLINE_SURFACE_WITH_KNOTS((4,4),(4,4),(0.E0,1.E0),(
0.E0,1.E0),.UNSPECIFIED.)GEOMETRIC_REPRESENTATION_ITEM()RATIONAL_B_SPLINE_SURFACE(((1.694636631519E0,1.363738195492E0,1.363738195492E0,1.694636631519E0),(
9.972183310406E-1,8.024993098760E-1,8.024993098760E-1,9.972183310406E-1),(
9.972183310406E-1,8.024993098760E-1,8.024993098760E-1,9.972183310406E-1),(
1.694636631519E0,1.363738195492E0,1.363738195492E0,1.694636631519E0)))REPRESENTATION_ITEM('')SURFACE());
#3380=ORIENTED_EDGE('',*,*,#3355,.F.);
#3381=ORIENTED_EDGE('',*,*,#3344,.T.);
#3383=ORIENTED_EDGE('',*,*,#3382,.T.);
#3385=ORIENTED_EDGE('',*,*,#3384,.T.);
#3386=EDGE_LOOP('',(#3380,#3381,#3383,#3385));
#3387=FACE_OUTER_BOUND('',#3386,.F.);
#3388=ADVANCED_FACE('',(#3387),#3379,.T.);
#3389=CARTESIAN_POINT('',(3.75E0,1.12E0,2.5E0));
#3390=DIRECTION('',(0.E0,0.E0,-1.E0));
#3391=DIRECTION('',(1.E0,0.E0,0.E0));
#3392=AXIS2_PLACEMENT_3D('',#3389,#3390,#3391);
#3393=CYLINDRICAL_SURFACE('',#3392,3.E-1);
#3395=ORIENTED_EDGE('',*,*,#3394,.F.);
#3397=ORIENTED_EDGE('',*,*,#3396,.T.);
#3398=ORIENTED_EDGE('',*,*,#3382,.F.);
#3400=ORIENTED_EDGE('',*,*,#3399,.T.);
#3401=EDGE_LOOP('',(#3395,#3397,#3398,#3400));
#3402=FACE_OUTER_BOUND('',#3401,.F.);
#3403=ADVANCED_FACE('',(#3402),#3393,.T.);
#3404=CARTESIAN_POINT('',(3.537867965638E0,1.332132034349E0,2.19E0));
#3405=CARTESIAN_POINT('',(3.537867965637E0,1.332132034349E0,2.020121915932E0));
#3406=CARTESIAN_POINT('',(3.622807013084E0,1.247192986908E0,1.899999978362E0));
#3407=CARTESIAN_POINT('',(3.742928958308E0,1.127071041692E0,1.9E0));
#3408=CARTESIAN_POINT('',(3.759900505900E0,1.554164574626E0,2.19E0));
#3409=CARTESIAN_POINT('',(3.759900505900E0,1.554164574626E0,2.020121915932E0));
#3410=CARTESIAN_POINT('',(3.755936278889E0,1.380322252722E0,1.899999978362E0));
#3411=CARTESIAN_POINT('',(3.750330015644E0,1.134472099029E0,1.9E0));
#3412=CARTESIAN_POINT('',(4.050000000013E0,1.434001429725E0,2.19E0));
#3413=CARTESIAN_POINT('',(4.050000000013E0,1.434001429725E0,2.020121915931E0));
#3414=CARTESIAN_POINT('',(3.929878047137E0,1.308273213250E0,1.899999978362E0));
#3415=CARTESIAN_POINT('',(3.759999963061E0,1.130466675661E0,1.9E0));
#3416=CARTESIAN_POINT('',(4.05E0,1.119999999988E0,2.19E0));
#3417=CARTESIAN_POINT('',(4.05E0,1.119999999988E0,2.020121915931E0));
#3418=CARTESIAN_POINT('',(3.929878047130E0,1.119999999993E0,1.899999978362E0));
#3419=CARTESIAN_POINT('',(3.759999963061E0,1.12E0,1.9E0));
#3420=(BOUNDED_SURFACE()B_SPLINE_SURFACE(3,3,((#3404,#3405,#3406,#3407),(#3408,
#3409,#3410,#3411),(#3412,#3413,#3414,#3415),(#3416,#3417,#3418,#3419)),
.UNSPECIFIED.,.F.,.F.,.F.)B_SPLINE_SURFACE_WITH_KNOTS((4,4),(4,4),(0.E0,1.E0),(
0.E0,1.E0),.UNSPECIFIED.)GEOMETRIC_REPRESENTATION_ITEM()RATIONAL_B_SPLINE_SURFACE(((1.694636499961E0,1.363738089622E0,1.363738089622E0,1.694636499961E0),(
9.972183748932E-1,8.024993451658E-1,8.024993451658E-1,9.972183748932E-1),(
9.972183748933E-1,8.024993451658E-1,8.024993451658E-1,9.972183748933E-1),(
1.694636499961E0,1.363738089622E0,1.363738089622E0,1.694636499961E0)))REPRESENTATION_ITEM('')SURFACE());
#3422=ORIENTED_EDGE('',*,*,#3421,.F.);
#3424=ORIENTED_EDGE('',*,*,#3423,.T.);
#3425=ORIENTED_EDGE('',*,*,#3394,.T.);
#3427=ORIENTED_EDGE('',*,*,#3426,.T.);
#3428=EDGE_LOOP('',(#3422,#3424,#3425,#3427));
#3429=FACE_OUTER_BOUND('',#3428,.F.);
#3430=ADVANCED_FACE('',(#3429),#3420,.T.);
#3431=CARTESIAN_POINT('',(0.E0,4.2E-1,1.9E0));
#3432=DIRECTION('',(0.E0,0.E0,-1.E0));
#3433=DIRECTION('',(1.E0,0.E0,0.E0));
#3434=AXIS2_PLACEMENT_3D('',#3431,#3432,#3433);
#3435=PLANE('',#3434);
#3437=ORIENTED_EDGE('',*,*,#3436,.T.);
#3438=ORIENTED_EDGE('',*,*,#3027,.F.);
#3440=ORIENTED_EDGE('',*,*,#3439,.T.);
#3442=ORIENTED_EDGE('',*,*,#3441,.F.);
#3443=ORIENTED_EDGE('',*,*,#3421,.T.);
#3444=EDGE_LOOP('',(#3437,#3438,#3440,#3442,#3443));
#3445=FACE_OUTER_BOUND('',#3444,.F.);
#3446=ADVANCED_FACE('',(#3445),#3435,.T.);
#3447=CARTESIAN_POINT('',(2.709107682625E0,9.324981824890E-2,2.19E0));
#3448=DIRECTION('',(7.071067811865E-1,7.071067811865E-1,0.E0));
#3449=DIRECTION('',(0.E0,0.E0,-1.E0));
#3450=AXIS2_PLACEMENT_3D('',#3447,#3448,#3449);
#3451=CYLINDRICAL_SURFACE('',#3450,2.9E-1);
#3452=ORIENTED_EDGE('',*,*,#3436,.F.);
#3453=ORIENTED_EDGE('',*,*,#3426,.F.);
#3455=ORIENTED_EDGE('',*,*,#3454,.T.);
#3456=ORIENTED_EDGE('',*,*,#3244,.F.);
#3457=ORIENTED_EDGE('',*,*,#3029,.F.);
#3458=EDGE_LOOP('',(#3452,#3453,#3455,#3456,#3457));
#3459=FACE_OUTER_BOUND('',#3458,.F.);
#3460=ADVANCED_FACE('',(#3459),#3451,.T.);
#3461=CARTESIAN_POINT('',(2.325735931288E0,1.2E-1,2.5E0));
#3462=DIRECTION('',(-7.071067811865E-1,7.071067811865E-1,0.E0));
#3463=DIRECTION('',(7.071067811865E-1,7.071067811865E-1,0.E0));
#3464=AXIS2_PLACEMENT_3D('',#3461,#3462,#3463);
#3465=PLANE('',#3464);
#3466=ORIENTED_EDGE('',*,*,#3454,.F.);
#3467=ORIENTED_EDGE('',*,*,#3399,.F.);
#3468=ORIENTED_EDGE('',*,*,#3342,.F.);
#3469=ORIENTED_EDGE('',*,*,#3246,.T.);
#3470=EDGE_LOOP('',(#3466,#3467,#3468,#3469));
#3471=FACE_OUTER_BOUND('',#3470,.F.);
#3472=ADVANCED_FACE('',(#3471),#3465,.T.);
#3473=CARTESIAN_POINT('',(3.75E0,1.2E-1,2.425464869445E0));
#3474=DIRECTION('',(0.E0,0.E0,-1.E0));
#3475=DIRECTION('',(0.E0,1.E0,0.E0));
#3476=AXIS2_PLACEMENT_3D('',#3473,#3474,#3475);
#3477=CYLINDRICAL_SURFACE('',#3476,3.E-1);
#3479=ORIENTED_EDGE('',*,*,#3478,.F.);
#3481=ORIENTED_EDGE('',*,*,#3480,.T.);
#3483=ORIENTED_EDGE('',*,*,#3482,.T.);
#3485=ORIENTED_EDGE('',*,*,#3484,.T.);
#3486=ORIENTED_EDGE('',*,*,#3439,.F.);
#3487=ORIENTED_EDGE('',*,*,#3025,.T.);
#3488=EDGE_LOOP('',(#3479,#3481,#3483,#3485,#3486,#3487));
#3489=FACE_OUTER_BOUND('',#3488,.F.);
#3490=ADVANCED_FACE('',(#3489),#3477,.T.);
#3491=CARTESIAN_POINT('',(0.E0,4.2E-1,-1.9E0));
#3492=DIRECTION('',(0.E0,0.E0,-1.E0));
#3493=DIRECTION('',(1.E0,0.E0,0.E0));
#3494=AXIS2_PLACEMENT_3D('',#3491,#3492,#3493);
#3495=PLANE('',#3494);
#3497=ORIENTED_EDGE('',*,*,#3496,.T.);
#3499=ORIENTED_EDGE('',*,*,#3498,.T.);
#3501=ORIENTED_EDGE('',*,*,#3500,.F.);
#3502=ORIENTED_EDGE('',*,*,#3478,.T.);
#3503=ORIENTED_EDGE('',*,*,#3023,.T.);
#3504=EDGE_LOOP('',(#3497,#3499,#3501,#3502,#3503));
#3505=FACE_OUTER_BOUND('',#3504,.F.);
#3506=ADVANCED_FACE('',(#3505),#3495,.F.);
#3507=CARTESIAN_POINT('',(3.769333417083E0,1.153475552706E0,-2.19E0));
#3508=DIRECTION('',(-7.071067811865E-1,-7.071067811865E-1,0.E0));
#3509=DIRECTION('',(0.E0,0.E0,1.E0));
#3510=AXIS2_PLACEMENT_3D('',#3507,#3508,#3509);
#3511=CYLINDRICAL_SURFACE('',#3510,2.9E-1);
#3512=ORIENTED_EDGE('',*,*,#3496,.F.);
#3513=ORIENTED_EDGE('',*,*,#3021,.F.);
#3515=ORIENTED_EDGE('',*,*,#3514,.F.);
#3517=ORIENTED_EDGE('',*,*,#3516,.T.);
#3519=ORIENTED_EDGE('',*,*,#3518,.F.);
#3520=EDGE_LOOP('',(#3512,#3513,#3515,#3517,#3519));
#3521=FACE_OUTER_BOUND('',#3520,.F.);
#3522=ADVANCED_FACE('',(#3521),#3511,.T.);
#3523=CARTESIAN_POINT('',(4.074060786536E0,1.2E-1,-2.1E0));
#3524=DIRECTION('',(-1.E0,0.E0,0.E0));
#3525=DIRECTION('',(0.E0,1.E0,0.E0));
#3526=AXIS2_PLACEMENT_3D('',#3523,#3524,#3525);
#3527=CYLINDRICAL_SURFACE('',#3526,3.E-1);
#3529=ORIENTED_EDGE('',*,*,#3528,.F.);
#3531=ORIENTED_EDGE('',*,*,#3530,.T.);
#3533=ORIENTED_EDGE('',*,*,#3532,.T.);
#3535=ORIENTED_EDGE('',*,*,#3534,.T.);
#3537=ORIENTED_EDGE('',*,*,#3536,.T.);
#3538=ORIENTED_EDGE('',*,*,#3514,.T.);
#3539=ORIENTED_EDGE('',*,*,#3019,.T.);
#3541=ORIENTED_EDGE('',*,*,#3540,.T.);
#3542=EDGE_LOOP('',(#3529,#3531,#3533,#3535,#3537,#3538,#3539,#3541));
#3543=FACE_OUTER_BOUND('',#3542,.F.);
#3544=ADVANCED_FACE('',(#3543),#3527,.T.);
#3545=CARTESIAN_POINT('',(-3.537867965644E0,1.332132034356E0,-2.5E0));
#3546=DIRECTION('',(-7.071067811865E-1,-7.071067811865E-1,0.E0));
#3547=DIRECTION('',(7.071067811865E-1,-7.071067811865E-1,0.E0));
#3548=AXIS2_PLACEMENT_3D('',#3545,#3546,#3547);
#3549=PLANE('',#3548);
#3551=ORIENTED_EDGE('',*,*,#3550,.F.);
#3553=ORIENTED_EDGE('',*,*,#3552,.F.);
#3555=ORIENTED_EDGE('',*,*,#3554,.F.);
#3556=ORIENTED_EDGE('',*,*,#3528,.T.);
#3557=EDGE_LOOP('',(#3551,#3553,#3555,#3556));
#3558=FACE_OUTER_BOUND('',#3557,.F.);
#3559=ADVANCED_FACE('',(#3558),#3549,.F.);
#3560=CARTESIAN_POINT('',(-2.709107638278E0,9.324977390160E-2,-2.19E0));
#3561=DIRECTION('',(-7.071067811865E-1,7.071067811865E-1,0.E0));
#3562=DIRECTION('',(0.E0,0.E0,1.E0));
#3563=AXIS2_PLACEMENT_3D('',#3560,#3561,#3562);
#3564=CYLINDRICAL_SURFACE('',#3563,2.9E-1);
#3565=ORIENTED_EDGE('',*,*,#3049,.F.);
#3566=ORIENTED_EDGE('',*,*,#3081,.F.);
#3567=ORIENTED_EDGE('',*,*,#3550,.T.);
#3568=ORIENTED_EDGE('',*,*,#3540,.F.);
#3569=ORIENTED_EDGE('',*,*,#3017,.F.);
#3570=EDGE_LOOP('',(#3565,#3566,#3567,#3568,#3569));
#3571=FACE_OUTER_BOUND('',#3570,.F.);
#3572=ADVANCED_FACE('',(#3571),#3564,.T.);
#3573=CARTESIAN_POINT('',(-3.75E0,1.12E0,-2.5E0));
#3574=DIRECTION('',(0.E0,0.E0,-1.E0));
#3575=DIRECTION('',(1.E0,0.E0,0.E0));
#3576=AXIS2_PLACEMENT_3D('',#3573,#3574,#3575);
#3577=CYLINDRICAL_SURFACE('',#3576,3.E-1);
#3578=ORIENTED_EDGE('',*,*,#3079,.F.);
#3580=ORIENTED_EDGE('',*,*,#3579,.T.);
#3582=ORIENTED_EDGE('',*,*,#3581,.F.);
#3583=ORIENTED_EDGE('',*,*,#3552,.T.);
#3584=EDGE_LOOP('',(#3578,#3580,#3582,#3583));
#3585=FACE_OUTER_BOUND('',#3584,.F.);
#3586=ADVANCED_FACE('',(#3585),#3577,.T.);
#3587=CARTESIAN_POINT('',(-4.05E0,1.2E-1,-2.5E0));
#3588=DIRECTION('',(1.E0,0.E0,0.E0));
#3589=DIRECTION('',(0.E0,1.E0,0.E0));
#3590=AXIS2_PLACEMENT_3D('',#3587,#3588,#3589);
#3591=PLANE('',#3590);
#3592=ORIENTED_EDGE('',*,*,#3579,.F.);
#3593=ORIENTED_EDGE('',*,*,#3094,.F.);
#3594=ORIENTED_EDGE('',*,*,#3131,.T.);
#3596=ORIENTED_EDGE('',*,*,#3595,.F.);
#3597=EDGE_LOOP('',(#3592,#3593,#3594,#3596));
#3598=FACE_OUTER_BOUND('',#3597,.F.);
#3599=ADVANCED_FACE('',(#3598),#3591,.F.);
#3600=CARTESIAN_POINT('',(-3.76E0,9.371338978340E-2,-2.21E0));
#3601=DIRECTION('',(0.E0,1.E0,0.E0));
#3602=DIRECTION('',(0.E0,0.E0,-1.E0));
#3603=AXIS2_PLACEMENT_3D('',#3600,#3601,#3602);
#3604=CYLINDRICAL_SURFACE('',#3603,2.9E-1);
#3606=ORIENTED_EDGE('',*,*,#3605,.T.);
#3608=ORIENTED_EDGE('',*,*,#3607,.F.);
#3609=ORIENTED_EDGE('',*,*,#3595,.T.);
#3611=ORIENTED_EDGE('',*,*,#3610,.T.);
#3612=EDGE_LOOP('',(#3606,#3608,#3609,#3611));
#3613=FACE_OUTER_BOUND('',#3612,.F.);
#3614=ADVANCED_FACE('',(#3613),#3604,.T.);
#3615=CARTESIAN_POINT('',(0.E0,4.2E-1,-2.5E0));
#3616=DIRECTION('',(0.E0,0.E0,-1.E0));
#3617=DIRECTION('',(1.E0,0.E0,0.E0));
#3618=AXIS2_PLACEMENT_3D('',#3615,#3616,#3617);
#3619=PLANE('',#3618);
#3621=ORIENTED_EDGE('',*,*,#3620,.T.);
#3623=ORIENTED_EDGE('',*,*,#3622,.T.);
#3624=ORIENTED_EDGE('',*,*,#3605,.F.);
#3626=ORIENTED_EDGE('',*,*,#3625,.T.);
#3627=EDGE_LOOP('',(#3621,#3623,#3624,#3626));
#3628=FACE_OUTER_BOUND('',#3627,.F.);
#3629=ADVANCED_FACE('',(#3628),#3619,.T.);
#3630=CARTESIAN_POINT('',(-3.761516372527E0,1.145658508150E0,-2.21E0));
#3631=DIRECTION('',(7.071067811865E-1,-7.071067811865E-1,0.E0));
#3632=DIRECTION('',(0.E0,0.E0,-1.E0));
#3633=AXIS2_PLACEMENT_3D('',#3630,#3631,#3632);
#3634=CYLINDRICAL_SURFACE('',#3633,2.9E-1);
#3635=ORIENTED_EDGE('',*,*,#3620,.F.);
#3637=ORIENTED_EDGE('',*,*,#3636,.F.);
#3638=ORIENTED_EDGE('',*,*,#3530,.F.);
#3639=ORIENTED_EDGE('',*,*,#3554,.T.);
#3641=ORIENTED_EDGE('',*,*,#3640,.F.);
#3642=EDGE_LOOP('',(#3635,#3637,#3638,#3639,#3641));
#3643=FACE_OUTER_BOUND('',#3642,.F.);
#3644=ADVANCED_FACE('',(#3643),#3634,.T.);
#3645=CARTESIAN_POINT('',(0.E0,1.2E-1,0.E0));
#3646=DIRECTION('',(0.E0,1.E0,0.E0));
#3647=DIRECTION('',(0.E0,0.E0,-1.E0));
#3648=AXIS2_PLACEMENT_3D('',#3645,#3646,#3647);
#3649=PLANE('',#3648);
#3650=ORIENTED_EDGE('',*,*,#3532,.F.);
#3651=ORIENTED_EDGE('',*,*,#3636,.T.);
#3653=ORIENTED_EDGE('',*,*,#3652,.F.);
#3655=ORIENTED_EDGE('',*,*,#3654,.T.);
#3656=EDGE_LOOP('',(#3650,#3651,#3653,#3655));
#3657=FACE_OUTER_BOUND('',#3656,.F.);
#3658=ADVANCED_FACE('',(#3657),#3649,.T.);
#3659=CARTESIAN_POINT('',(-4.245290552767E0,1.2E-1,-2.5E0));
#3660=DIRECTION('',(0.E0,-1.745240643728E-2,-9.998476951564E-1));
#3661=DIRECTION('',(-1.E0,0.E0,0.E0));
#3662=AXIS2_PLACEMENT_3D('',#3659,#3660,#3661);
#3663=PLANE('',#3662);
#3664=ORIENTED_EDGE('',*,*,#3652,.T.);
#3665=ORIENTED_EDGE('',*,*,#3625,.F.);
#3667=ORIENTED_EDGE('',*,*,#3666,.T.);
#3669=ORIENTED_EDGE('',*,*,#3668,.F.);
#3671=ORIENTED_EDGE('',*,*,#3670,.T.);
#3673=ORIENTED_EDGE('',*,*,#3672,.F.);
#3674=EDGE_LOOP('',(#3664,#3665,#3667,#3669,#3671,#3673));
#3675=FACE_OUTER_BOUND('',#3674,.F.);
#3676=ADVANCED_FACE('',(#3675),#3663,.T.);
#3677=CARTESIAN_POINT('',(-3.645223199307E0,-6.453027716133E0,
-2.095223199307E0));
#3678=DIRECTION('',(-1.744974916068E-2,9.996954598819E-1,-1.744974916068E-2));
#3679=DIRECTION('',(0.E0,-1.745240643728E-2,-9.998476951564E-1));
#3680=AXIS2_PLACEMENT_3D('',#3677,#3678,#3679);
#3681=CYLINDRICAL_SURFACE('',#3680,2.9E-1);
#3682=ORIENTED_EDGE('',*,*,#3666,.F.);
#3683=ORIENTED_EDGE('',*,*,#3610,.F.);
#3684=ORIENTED_EDGE('',*,*,#3129,.F.);
#3686=ORIENTED_EDGE('',*,*,#3685,.T.);
#3687=EDGE_LOOP('',(#3682,#3683,#3684,#3686));
#3688=FACE_OUTER_BOUND('',#3687,.F.);
#3689=ADVANCED_FACE('',(#3688),#3681,.T.);
#3690=CARTESIAN_POINT('',(-3.635613900253E0,-6.729999999674E0,
-2.085633352361E0));
#3691=CARTESIAN_POINT('',(-3.636521869394E0,-6.729949791097E0,
-2.112872398329E0));
#3692=CARTESIAN_POINT('',(-3.638326017203E0,-6.722620397599E0,
-2.167000078732E0));
#3693=CARTESIAN_POINT('',(-3.640861476220E0,-6.689815162601E0,
-2.243078632103E0));
#3694=CARTESIAN_POINT('',(-3.643013104099E0,-6.637364339562E0,
-2.307652721138E0));
#3695=CARTESIAN_POINT('',(-3.644607590162E0,-6.569417498133E0,
-2.355520597040E0));
#3696=CARTESIAN_POINT('',(-3.645429092255E0,-6.499609443955E0,
-2.380193214167E0));
#3697=CARTESIAN_POINT('',(-3.645597176327E0,-6.453778279469E0,
-2.385242095351E0));
#3698=CARTESIAN_POINT('',(-3.645608116285E0,-6.435235313353E0,
-2.385570806705E0));
#3699=CARTESIAN_POINT('',(-3.755711126015E0,-6.730008055357E0,
-1.965536126599E0));
#3700=CARTESIAN_POINT('',(-3.756608483320E0,-6.740862292629E0,
-1.992806262011E0));
#3701=CARTESIAN_POINT('',(-3.759895792607E0,-6.755205470024E0,
-2.051346509919E0));
#3702=CARTESIAN_POINT('',(-3.769166416180E0,-6.749185509559E0,
-2.146942252793E0));
#3703=CARTESIAN_POINT('',(-3.782711692567E0,-6.710714208623E0,
-2.241507081541E0));
#3704=CARTESIAN_POINT('',(-3.799167067741E0,-6.636569825010E0,
-2.324087867234E0));
#3705=CARTESIAN_POINT('',(-3.812168783923E0,-6.538738940265E0,
-2.373926683678E0));
#3706=CARTESIAN_POINT('',(-3.815149470722E0,-6.467222060093E0,
-2.384832610119E0));
#3707=CARTESIAN_POINT('',(-3.815383597664E0,-6.438192662002E0,
-2.385527243151E0));
#3708=CARTESIAN_POINT('',(-3.840647686530E0,-6.609931945213E0,
-1.880599566085E0));
#3709=CARTESIAN_POINT('',(-3.841537538808E0,-6.628517895485E0,
-1.896988641704E0));
#3710=CARTESIAN_POINT('',(-3.845873786852E0,-6.661121654719E0,
-1.936983621739E0));
#3711=CARTESIAN_POINT('',(-3.859907732043E0,-6.687175259878E0,
-2.015929739030E0));
#3712=CARTESIAN_POINT('',(-3.881510957394E0,-6.679584898499E0,
-2.105856751899E0));
#3713=CARTESIAN_POINT('',(-3.908476423867E0,-6.628254882783E0,
-2.193826277712E0));
#3714=CARTESIAN_POINT('',(-3.930092373095E0,-6.538548531094E0,
-2.251586836476E0));
#3715=CARTESIAN_POINT('',(-3.935062221593E0,-6.467211695699E0,
-2.264613931647E0));
#3716=CARTESIAN_POINT('',(-3.935454193437E0,-6.438188543772E0,
-2.265435770036E0));
#3717=CARTESIAN_POINT('',(-3.840684415157E0,-6.440088688990E0,
-1.880562837457E0));
#3718=CARTESIAN_POINT('',(-3.841574264190E0,-6.458705899439E0,
-1.881530693408E0));
#3719=CARTESIAN_POINT('',(-3.845910965819E0,-6.495464786582E0,
-1.890882748550E0));
#3720=CARTESIAN_POINT('',(-3.859946970786E0,-6.540097848603E0,
-1.926762508468E0));
#3721=CARTESIAN_POINT('',(-3.881553680590E0,-6.562205850537E0,
-1.980139072525E0));
#3722=CARTESIAN_POINT('',(-3.908523691880E0,-6.549341933459E0,
-2.041017502757E0));
#3723=CARTESIAN_POINT('',(-3.930143366111E0,-6.499149721172E0,
-2.084816345142E0));
#3724=CARTESIAN_POINT('',(-3.935114074772E0,-6.453753255858E0,
-2.094986568225E0));
#3725=CARTESIAN_POINT('',(-3.935506114871E0,-6.435225370345E0,
-2.095622403718E0));
#3726=(BOUNDED_SURFACE()B_SPLINE_SURFACE(3,3,((#3690,#3691,#3692,#3693,#3694,
#3695,#3696,#3697,#3698),(#3699,#3700,#3701,#3702,#3703,#3704,#3705,#3706,
#3707),(#3708,#3709,#3710,#3711,#3712,#3713,#3714,#3715,#3716),(#3717,#3718,
#3719,#3720,#3721,#3722,#3723,#3724,#3725)),.UNSPECIFIED.,.F.,.F.,.F.)B_SPLINE_SURFACE_WITH_KNOTS((4,4),(4,1,1,1,1,1,4),(0.E0,1.000000017874E0),(0.E0,
1.650985072857E-1,3.326707058991E-1,5.005270485490E-1,6.685850496959E-1,
8.352571577178E-1,9.485087342983E-1),.UNSPECIFIED.)GEOMETRIC_REPRESENTATION_ITEM()RATIONAL_B_SPLINE_SURFACE(((1.171510179628E0,1.171510179628E0,1.171510179628E0,
1.171510179628E0,1.171510179628E0,1.171510179628E0,1.171510179628E0,
1.171510179628E0,1.171510179628E0),(9.428299360366E-1,9.428299360366E-1,
9.428299360366E-1,9.428299360366E-1,9.428299360366E-1,9.428299360366E-1,
9.428299360366E-1,9.428299360366E-1,9.428299360366E-1),(9.428299401241E-1,
9.428299401241E-1,9.428299401241E-1,9.428299401241E-1,9.428299401241E-1,
9.428299401241E-1,9.428299401241E-1,9.428299401241E-1,9.428299401241E-1),(
1.171510191890E0,1.171510191890E0,1.171510191890E0,1.171510191890E0,
1.171510191890E0,1.171510191890E0,1.171510191890E0,1.171510191890E0,
1.171510191890E0)))REPRESENTATION_ITEM('')SURFACE());
#3728=ORIENTED_EDGE('',*,*,#3727,.F.);
#3729=ORIENTED_EDGE('',*,*,#3685,.F.);
#3731=ORIENTED_EDGE('',*,*,#3730,.T.);
#3732=EDGE_LOOP('',(#3728,#3729,#3731));
#3733=FACE_OUTER_BOUND('',#3732,.F.);
#3734=ADVANCED_FACE('',(#3733),#3726,.T.);
#3735=CARTESIAN_POINT('',(-3.956663183032E0,-6.43E0,-2.085623626307E0));
#3736=DIRECTION('',(1.E0,0.E0,0.E0));
#3737=DIRECTION('',(0.E0,-1.E0,0.E0));
#3738=AXIS2_PLACEMENT_3D('',#3735,#3736,#3737);
#3739=CYLINDRICAL_SURFACE('',#3738,3.E-1);
#3740=ORIENTED_EDGE('',*,*,#3727,.T.);
#3742=ORIENTED_EDGE('',*,*,#3741,.T.);
#3744=ORIENTED_EDGE('',*,*,#3743,.T.);
#3746=ORIENTED_EDGE('',*,*,#3745,.T.);
#3748=ORIENTED_EDGE('',*,*,#3747,.T.);
#3750=ORIENTED_EDGE('',*,*,#3749,.T.);
#3752=ORIENTED_EDGE('',*,*,#3751,.F.);
#3753=ORIENTED_EDGE('',*,*,#3668,.T.);
#3754=EDGE_LOOP('',(#3740,#3742,#3744,#3746,#3748,#3750,#3752,#3753));
#3755=FACE_OUTER_BOUND('',#3754,.F.);
#3756=ADVANCED_FACE('',(#3755),#3739,.T.);
#3757=CARTESIAN_POINT('',(-1.269272796172E0,-7.069481660758E0,
-2.191209655782E0));
#3758=CARTESIAN_POINT('',(-1.274207394243E0,-7.070062525947E0,
-2.187479763636E0));
#3759=CARTESIAN_POINT('',(-1.313769423694E0,-7.074451628066E0,
-2.157478521276E0));
#3760=CARTESIAN_POINT('',(-1.39082738E0,-7.078747980718E0,-2.097500998621E0));
#3761=CARTESIAN_POINT('',(-1.501821324945E0,-7.072754157933E0,
-2.006957150288E0));
#3762=CARTESIAN_POINT('',(-1.595125668824E0,-7.054601719622E0,
-1.926992973208E0));
#3763=CARTESIAN_POINT('',(-1.650433580819E0,-7.036574403121E0,
-1.877920126106E0));
#3764=CARTESIAN_POINT('',(-1.668030473436E0,-7.029999951609E0,
-1.862157081674E0));
#3765=CARTESIAN_POINT('',(-1.269274106662E0,-6.919800182267E0,
-2.099133022303E0));
#3766=CARTESIAN_POINT('',(-1.274208705710E0,-6.919832861793E0,
-2.096294324717E0));
#3767=CARTESIAN_POINT('',(-1.313770743425E0,-6.919877256297E0,
-2.073499504286E0));
#3768=CARTESIAN_POINT('',(-1.390828722558E0,-6.916517043429E0,
-2.028538309792E0));
#3769=CARTESIAN_POINT('',(-1.501822718142E0,-6.901981204434E0,
-1.962480315278E0));
#3770=CARTESIAN_POINT('',(-1.595127122987E0,-6.879572655506E0,
-1.906154363800E0));
#3771=CARTESIAN_POINT('',(-1.650435081600E0,-6.860838552838E0,
-1.872751887866E0));
#3772=CARTESIAN_POINT('',(-1.668031990221E0,-6.854263966809E0,
-1.862159600666E0));
#3773=CARTESIAN_POINT('',(-1.340910858275E0,-6.760759432265E0,
-2.120507700055E0));
#3774=CARTESIAN_POINT('',(-1.345898824616E0,-6.760939146513E0,
-2.118583801635E0));
#3775=CARTESIAN_POINT('',(-1.385912635140E0,-6.762237777236E0,
-2.103120167492E0));
#3776=CARTESIAN_POINT('',(-1.464218425582E0,-6.762512142835E0,
-2.072384262214E0));
#3777=CARTESIAN_POINT('',(-1.577980574134E0,-6.756499399675E0,
-2.026516496360E0));
#3778=CARTESIAN_POINT('',(-1.674617609440E0,-6.744619571191E0,
-1.986597858608E0));
#3779=CARTESIAN_POINT('',(-1.732473883681E0,-6.733852517076E0,
-1.962441252889E0));
#3780=CARTESIAN_POINT('',(-1.750945670693E0,-6.730001288824E0,
-1.954721905496E0));
#3781=CARTESIAN_POINT('',(-1.442219713864E0,-6.685522214233E0,
-2.242812842004E0));
#3782=CARTESIAN_POINT('',(-1.447283152351E0,-6.686458053667E0,
-2.241291476802E0));
#3783=CARTESIAN_POINT('',(-1.487935861E0,-6.693875158638E0,-2.228989335016E0));
#3784=CARTESIAN_POINT('',(-1.568006309009E0,-6.706946185305E0,
-2.203354797877E0));
#3785=CARTESIAN_POINT('',(-1.685683185727E0,-6.721528995611E0,
-2.161554614432E0));
#3786=CARTESIAN_POINT('',(-1.787033234542E0,-6.728795210536E0,
-2.121201311277E0));
#3787=CARTESIAN_POINT('',(-1.848493342486E0,-6.730002106353E0,
-2.094450034025E0));
#3788=CARTESIAN_POINT('',(-1.868202384491E0,-6.730002441145E0,
-2.085622899909E0));
#3789=(BOUNDED_SURFACE()B_SPLINE_SURFACE(3,3,((#3757,#3758,#3759,#3760,#3761,
#3762,#3763,#3764),(#3765,#3766,#3767,#3768,#3769,#3770,#3771,#3772),(#3773,
#3774,#3775,#3776,#3777,#3778,#3779,#3780),(#3781,#3782,#3783,#3784,#3785,#3786,
#3787,#3788)),.UNSPECIFIED.,.F.,.F.,.F.)B_SPLINE_SURFACE_WITH_KNOTS((4,4),(4,1,
1,1,1,4),(0.E0,1.E0),(5.798304283212E-1,5.868097431679E-1,6.358845275024E-1,
6.905906983863E-1,7.514510585218E-1,7.806289906303E-1),.UNSPECIFIED.)GEOMETRIC_REPRESENTATION_ITEM()RATIONAL_B_SPLINE_SURFACE(((1.171570478381E0,
1.171570478381E0,1.171570478381E0,1.171570478381E0,1.171570478381E0,
1.171570478381E0,1.171570478381E0,1.171570478381E0),(9.428098405397E-1,
9.428098405397E-1,9.428098405397E-1,9.428098405397E-1,9.428098405397E-1,
9.428098405397E-1,9.428098405397E-1,9.428098405397E-1),(9.428098405397E-1,
9.428098405397E-1,9.428098405397E-1,9.428098405397E-1,9.428098405397E-1,
9.428098405397E-1,9.428098405397E-1,9.428098405397E-1),(1.171570478381E0,
1.171570478381E0,1.171570478381E0,1.171570478381E0,1.171570478381E0,
1.171570478381E0,1.171570478381E0,1.171570478381E0)))REPRESENTATION_ITEM('')SURFACE());
#3791=ORIENTED_EDGE('',*,*,#3790,.T.);
#3793=ORIENTED_EDGE('',*,*,#3792,.T.);
#3795=ORIENTED_EDGE('',*,*,#3794,.T.);
#3797=ORIENTED_EDGE('',*,*,#3796,.F.);
#3798=ORIENTED_EDGE('',*,*,#3743,.F.);
#3799=EDGE_LOOP('',(#3791,#3793,#3795,#3797,#3798));
#3800=FACE_OUTER_BOUND('',#3799,.F.);
#3801=ADVANCED_FACE('',(#3800),#3789,.F.);
#3802=CARTESIAN_POINT('',(0.E0,-6.73E0,0.E0));
#3803=DIRECTION('',(0.E0,-1.E0,0.E0));
#3804=DIRECTION('',(1.E0,0.E0,0.E0));
#3805=AXIS2_PLACEMENT_3D('',#3802,#3803,#3804);
#3806=CYLINDRICAL_SURFACE('',#3805,2.5E0);
#3808=ORIENTED_EDGE('',*,*,#3807,.T.);
#3810=ORIENTED_EDGE('',*,*,#3809,.T.);
#3812=ORIENTED_EDGE('',*,*,#3811,.F.);
#3814=ORIENTED_EDGE('',*,*,#3813,.T.);
#3816=ORIENTED_EDGE('',*,*,#3815,.F.);
#3818=ORIENTED_EDGE('',*,*,#3817,.F.);
#3820=ORIENTED_EDGE('',*,*,#3819,.T.);
#3821=ORIENTED_EDGE('',*,*,#3792,.F.);
#3822=EDGE_LOOP('',(#3808,#3810,#3812,#3814,#3816,#3818,#3820,#3821));
#3823=FACE_OUTER_BOUND('',#3822,.F.);
#3824=ADVANCED_FACE('',(#3823),#3806,.T.);
#3825=CARTESIAN_POINT('',(-1.668030194153E0,-7.029999997872E0,
1.862156192061E0));
#3826=CARTESIAN_POINT('',(-1.646537390223E0,-7.038030307792E0,
1.881406066313E0));
#3827=CARTESIAN_POINT('',(-1.585674148657E0,-7.057239047289E0,
1.935292883731E0));
#3828=CARTESIAN_POINT('',(-1.484912113228E0,-7.074831004948E0,
2.021117178095E0));
#3829=CARTESIAN_POINT('',(-1.372851053414E0,-7.078495105892E0,
2.111761033699E0));
#3830=CARTESIAN_POINT('',(-1.301476989457E0,-7.073273775611E0,
2.166865343899E0));
#3831=CARTESIAN_POINT('',(-1.269274909143E0,-7.069481206673E0,
2.191207713861E0));
#3832=CARTESIAN_POINT('',(-1.668031991479E0,-6.854264126203E0,
1.862159104890E0));
#3833=CARTESIAN_POINT('',(-1.646539164402E0,-6.862294261574E0,
1.875094103570E0));
#3834=CARTESIAN_POINT('',(-1.585675863097E0,-6.882448402830E0,
1.911875990944E0));
#3835=CARTESIAN_POINT('',(-1.484913753016E0,-6.905109201326E0,
1.972637707307E0));
#3836=CARTESIAN_POINT('',(-1.372852636633E0,-6.917903505813E0,
2.039120332347E0));
#3837=CARTESIAN_POINT('',(-1.301478549882E0,-6.920014368939E0,
2.080605476869E0));
#3838=CARTESIAN_POINT('',(-1.269276462014E0,-6.919799633565E0,
2.099131961984E0));
#3839=CARTESIAN_POINT('',(-1.750945885587E0,-6.730001694661E0,
1.954721628367E0));
#3840=CARTESIAN_POINT('',(-1.728385270277E0,-6.734705641986E0,
1.964148433576E0));
#3841=CARTESIAN_POINT('',(-1.664766067018E0,-6.746234619140E0,
1.990704872823E0));
#3842=CARTESIAN_POINT('',(-1.560560182258E0,-6.758024120589E0,
2.033639159178E0));
#3843=CARTESIAN_POINT('',(-1.445889370239E0,-6.762844379644E0,
2.079660621689E0));
#3844=CARTESIAN_POINT('',(-1.373463801544E0,-6.761933155966E0,
2.107951096412E0));
#3845=CARTESIAN_POINT('',(-1.340913202337E0,-6.760759358982E0,
2.120507121988E0));
#3846=CARTESIAN_POINT('',(-1.868202784532E0,-6.730002874441E0,
2.085622720746E0));
#3847=CARTESIAN_POINT('',(-1.844132102201E0,-6.730003026273E0,
2.096403036656E0));
#3848=CARTESIAN_POINT('',(-1.776615500075E0,-6.728388700156E0,
2.125603350548E0));
#3849=CARTESIAN_POINT('',(-1.667539426263E0,-6.719734926590E0,
2.168388267216E0));
#3850=CARTESIAN_POINT('',(-1.549177980476E0,-6.704147905544E0,
2.209634328567E0));
#3851=CARTESIAN_POINT('',(-1.475265405127E0,-6.691630583690E0,
2.232883772680E0));
#3852=CARTESIAN_POINT('',(-1.442221940892E0,-6.685522625857E0,
2.242812125994E0));
#3853=(BOUNDED_SURFACE()B_SPLINE_SURFACE(3,3,((#3825,#3826,#3827,#3828,#3829,
#3830,#3831),(#3832,#3833,#3834,#3835,#3836,#3837,#3838),(#3839,#3840,#3841,
#3842,#3843,#3844,#3845),(#3846,#3847,#3848,#3849,#3850,#3851,#3852)),
.UNSPECIFIED.,.F.,.F.,.F.)B_SPLINE_SURFACE_WITH_KNOTS((4,4),(4,1,1,1,4),(
-3.612524795593E-7,1.E0),(2.193548900925E-1,2.549886370278E-1,3.180350027017E-1,
3.745989070731E-1,4.201443663203E-1),.UNSPECIFIED.)GEOMETRIC_REPRESENTATION_ITEM()RATIONAL_B_SPLINE_SURFACE(((1.171569976790E0,1.171569976790E0,1.171569976790E0,
1.171569976790E0,1.171569976790E0,1.171569976790E0,1.171569976790E0),(
9.428100903768E-1,9.428100903768E-1,9.428100903768E-1,9.428100903768E-1,
9.428100903768E-1,9.428100903768E-1,9.428100903768E-1),(9.428100077368E-1,
9.428100077368E-1,9.428100077368E-1,9.428100077368E-1,9.428100077368E-1,
9.428100077368E-1,9.428100077368E-1),(1.171569728870E0,1.171569728870E0,
1.171569728870E0,1.171569728870E0,1.171569728870E0,1.171569728870E0,
1.171569728870E0)))REPRESENTATION_ITEM('')SURFACE());
#3855=ORIENTED_EDGE('',*,*,#3854,.T.);
#3857=ORIENTED_EDGE('',*,*,#3856,.F.);
#3859=ORIENTED_EDGE('',*,*,#3858,.T.);
#3861=ORIENTED_EDGE('',*,*,#3860,.F.);
#3862=ORIENTED_EDGE('',*,*,#3811,.T.);
#3863=EDGE_LOOP('',(#3855,#3857,#3859,#3861,#3862));
#3864=FACE_OUTER_BOUND('',#3863,.F.);
#3865=ADVANCED_FACE('',(#3864),#3853,.F.);
#3866=CARTESIAN_POINT('',(3.954493591778E0,-6.43E0,2.085623626307E0));
#3867=DIRECTION('',(-1.E0,0.E0,0.E0));
#3868=DIRECTION('',(0.E0,-1.E0,0.E0));
#3869=AXIS2_PLACEMENT_3D('',#3866,#3867,#3868);
#3870=CYLINDRICAL_SURFACE('',#3869,3.E-1);
#3871=ORIENTED_EDGE('',*,*,#3312,.T.);
#3873=ORIENTED_EDGE('',*,*,#3872,.T.);
#3875=ORIENTED_EDGE('',*,*,#3874,.T.);
#3877=ORIENTED_EDGE('',*,*,#3876,.T.);
#3879=ORIENTED_EDGE('',*,*,#3878,.T.);
#3880=ORIENTED_EDGE('',*,*,#3856,.T.);
#3882=ORIENTED_EDGE('',*,*,#3881,.T.);
#3884=ORIENTED_EDGE('',*,*,#3883,.F.);
#3885=EDGE_LOOP('',(#3871,#3873,#3875,#3877,#3879,#3880,#3882,#3884));
#3886=FACE_OUTER_BOUND('',#3885,.F.);
#3887=ADVANCED_FACE('',(#3886),#3870,.T.);
#3888=CARTESIAN_POINT('',(3.635613900211E0,-6.729999999674E0,2.085633352403E0));
#3889=CARTESIAN_POINT('',(3.636521869269E0,-6.729949791112E0,2.112872395888E0));
#3890=CARTESIAN_POINT('',(3.638326016920E0,-6.722620398911E0,2.167000071519E0));
#3891=CARTESIAN_POINT('',(3.640861475750E0,-6.689815169568E0,2.243078619353E0));
#3892=CARTESIAN_POINT('',(3.643013103545E0,-6.637364354873E0,2.307652705979E0));
#3893=CARTESIAN_POINT('',(3.644607589655E0,-6.569417523071E0,2.355520583449E0));
#3894=CARTESIAN_POINT('',(3.645429092066E0,-6.499609464854E0,2.380193210235E0));
#3895=CARTESIAN_POINT('',(3.645597176262E0,-6.453778291040E0,2.385242095152E0));
#3896=CARTESIAN_POINT('',(3.645608116227E0,-6.435235313352E0,2.385570806718E0));
#3897=CARTESIAN_POINT('',(3.755711125993E0,-6.730008055391E0,1.965536126621E0));
#3898=CARTESIAN_POINT('',(3.756608483219E0,-6.740862291686E0,1.992806259543E0));
#3899=CARTESIAN_POINT('',(3.759895792080E0,-6.755205468469E0,2.051346501898E0));
#3900=CARTESIAN_POINT('',(3.769166414273E0,-6.749185512430E0,2.146942235908E0));
#3901=CARTESIAN_POINT('',(3.782711688647E0,-6.710714222095E0,2.241507057850E0));
#3902=CARTESIAN_POINT('',(3.799167061957E0,-6.636569855558E0,2.324087841904E0));
#3903=CARTESIAN_POINT('',(3.812168781278E0,-6.538738972616E0,2.373926675053E0));
#3904=CARTESIAN_POINT('',(3.815149470622E0,-6.467222078180E0,2.384832609727E0));
#3905=CARTESIAN_POINT('',(3.815383597739E0,-6.438192661994E0,2.385527243199E0));
#3906=CARTESIAN_POINT('',(3.840647686530E0,-6.609931945241E0,1.880599566084E0));
#3907=CARTESIAN_POINT('',(3.841537538732E0,-6.628517893827E0,1.896988640199E0));
#3908=CARTESIAN_POINT('',(3.845873786161E0,-6.661121650578E0,1.936983616034E0));
#3909=CARTESIAN_POINT('',(3.859907729129E0,-6.687175257032E0,2.015929724314E0));
#3910=CARTESIAN_POINT('',(3.881510951104E0,-6.679584904516E0,2.105856728221E0));
#3911=CARTESIAN_POINT('',(3.908476414360E0,-6.628254907298E0,2.193826249495E0));
#3912=CARTESIAN_POINT('',(3.930092368725E0,-6.538548563167E0,2.251586826076E0));
#3913=CARTESIAN_POINT('',(3.935062221480E0,-6.467211713759E0,2.264613931167E0));
#3914=CARTESIAN_POINT('',(3.935454193619E0,-6.438188543758E0,2.265435770071E0));
#3915=CARTESIAN_POINT('',(3.840684415157E0,-6.440088688990E0,1.880562837457E0));
#3916=CARTESIAN_POINT('',(3.841574264114E0,-6.458705897742E0,1.881530693306E0));
#3917=CARTESIAN_POINT('',(3.845910965128E0,-6.495464781665E0,1.890882746943E0));
#3918=CARTESIAN_POINT('',(3.859946967872E0,-6.540097841775E0,1.926762500974E0));
#3919=CARTESIAN_POINT('',(3.881553674299E0,-6.562205847852E0,1.980139057419E0));
#3920=CARTESIAN_POINT('',(3.908523682372E0,-6.549341943831E0,2.041017482213E0));
#3921=CARTESIAN_POINT('',(3.930143361740E0,-6.499149741402E0,2.084816336942E0));
#3922=CARTESIAN_POINT('',(3.935114074659E0,-6.453753267363E0,2.094986567829E0));
#3923=CARTESIAN_POINT('',(3.935506115053E0,-6.435225370330E0,2.095622403719E0));
#3924=(BOUNDED_SURFACE()B_SPLINE_SURFACE(3,3,((#3888,#3889,#3890,#3891,#3892,
#3893,#3894,#3895,#3896),(#3897,#3898,#3899,#3900,#3901,#3902,#3903,#3904,
#3905),(#3906,#3907,#3908,#3909,#3910,#3911,#3912,#3913,#3914),(#3915,#3916,
#3917,#3918,#3919,#3920,#3921,#3922,#3923)),.UNSPECIFIED.,.F.,.F.,.F.)B_SPLINE_SURFACE_WITH_KNOTS((4,4),(4,1,1,1,1,1,4),(0.E0,1.000000017875E0),(0.E0,
1.650985065505E-1,3.326707045881E-1,5.005270480035E-1,6.685850495048E-1,
8.352571580182E-1,9.485088152093E-1),.UNSPECIFIED.)GEOMETRIC_REPRESENTATION_ITEM()RATIONAL_B_SPLINE_SURFACE(((1.171510179677E0,1.171510179677E0,1.171510179677E0,
1.171510179677E0,1.171510179677E0,1.171510179677E0,1.171510179677E0,
1.171510179677E0,1.171510179677E0),(9.428299360200E-1,9.428299360200E-1,
9.428299360200E-1,9.428299360200E-1,9.428299360200E-1,9.428299360200E-1,
9.428299360200E-1,9.428299360200E-1,9.428299360200E-1),(9.428299401077E-1,
9.428299401077E-1,9.428299401077E-1,9.428299401077E-1,9.428299401077E-1,
9.428299401077E-1,9.428299401077E-1,9.428299401077E-1,9.428299401077E-1),(
1.171510191940E0,1.171510191940E0,1.171510191940E0,1.171510191940E0,
1.171510191940E0,1.171510191940E0,1.171510191940E0,1.171510191940E0,
1.171510191940E0)))REPRESENTATION_ITEM('')SURFACE());
#3925=ORIENTED_EDGE('',*,*,#3872,.F.);
#3927=ORIENTED_EDGE('',*,*,#3926,.F.);
#3929=ORIENTED_EDGE('',*,*,#3928,.T.);
#3930=EDGE_LOOP('',(#3925,#3927,#3929));
#3931=FACE_OUTER_BOUND('',#3930,.F.);
#3932=ADVANCED_FACE('',(#3931),#3924,.T.);
#3933=CARTESIAN_POINT('',(3.645223199969E0,-6.453027678246E0,2.095223199969E0));
#3934=DIRECTION('',(1.744974916068E-2,9.996954598819E-1,1.744974916068E-2));
#3935=DIRECTION('',(0.E0,-1.745240643728E-2,9.998476951564E-1));
#3936=AXIS2_PLACEMENT_3D('',#3933,#3934,#3935);
#3937=CYLINDRICAL_SURFACE('',#3936,2.9E-1);
#3938=ORIENTED_EDGE('',*,*,#3310,.F.);
#3940=ORIENTED_EDGE('',*,*,#3939,.F.);
#3942=ORIENTED_EDGE('',*,*,#3941,.F.);
#3943=ORIENTED_EDGE('',*,*,#3926,.T.);
#3944=EDGE_LOOP('',(#3938,#3940,#3942,#3943));
#3945=FACE_OUTER_BOUND('',#3944,.F.);
#3946=ADVANCED_FACE('',(#3945),#3937,.T.);
#3947=CARTESIAN_POINT('',(3.76E0,9.324981824890E-2,2.21E0));
#3948=DIRECTION('',(0.E0,1.E0,0.E0));
#3949=DIRECTION('',(0.E0,0.E0,1.E0));
#3950=AXIS2_PLACEMENT_3D('',#3947,#3948,#3949);
#3951=CYLINDRICAL_SURFACE('',#3950,2.9E-1);
#3952=ORIENTED_EDGE('',*,*,#3357,.T.);
#3953=ORIENTED_EDGE('',*,*,#3384,.F.);
#3955=ORIENTED_EDGE('',*,*,#3954,.T.);
#3956=ORIENTED_EDGE('',*,*,#3939,.T.);
#3957=EDGE_LOOP('',(#3952,#3953,#3955,#3956));
#3958=FACE_OUTER_BOUND('',#3957,.F.);
#3959=ADVANCED_FACE('',(#3958),#3951,.T.);
#3960=CARTESIAN_POINT('',(4.05E0,1.12E0,2.5E0));
#3961=DIRECTION('',(1.E0,0.E0,0.E0));
#3962=DIRECTION('',(0.E0,-1.E0,0.E0));
#3963=AXIS2_PLACEMENT_3D('',#3960,#3961,#3962);
#3964=PLANE('',#3963);
#3965=ORIENTED_EDGE('',*,*,#3396,.F.);
#3967=ORIENTED_EDGE('',*,*,#3966,.F.);
#3969=ORIENTED_EDGE('',*,*,#3968,.T.);
#3970=ORIENTED_EDGE('',*,*,#3954,.F.);
#3971=EDGE_LOOP('',(#3965,#3967,#3969,#3970));
#3972=FACE_OUTER_BOUND('',#3971,.F.);
#3973=ADVANCED_FACE('',(#3972),#3964,.T.);
#3974=CARTESIAN_POINT('',(3.76E0,1.146286566638E0,2.19E0));
#3975=DIRECTION('',(0.E0,-1.E0,0.E0));
#3976=DIRECTION('',(0.E0,0.E0,-1.E0));
#3977=AXIS2_PLACEMENT_3D('',#3974,#3975,#3976);
#3978=CYLINDRICAL_SURFACE('',#3977,2.9E-1);
#3979=ORIENTED_EDGE('',*,*,#3423,.F.);
#3980=ORIENTED_EDGE('',*,*,#3441,.T.);
#3981=ORIENTED_EDGE('',*,*,#3484,.F.);
#3982=ORIENTED_EDGE('',*,*,#3966,.T.);
#3983=EDGE_LOOP('',(#3979,#3980,#3981,#3982));
#3984=FACE_OUTER_BOUND('',#3983,.F.);
#3985=ADVANCED_FACE('',(#3984),#3978,.T.);
#3986=CARTESIAN_POINT('',(4.05E0,1.2E-1,-2.695290552767E0));
#3987=DIRECTION('',(9.998476951564E-1,-1.745240643728E-2,0.E0));
#3988=DIRECTION('',(0.E0,0.E0,-1.E0));
#3989=AXIS2_PLACEMENT_3D('',#3986,#3987,#3988);
#3990=PLANE('',#3989);
#3991=ORIENTED_EDGE('',*,*,#3482,.F.);
#3993=ORIENTED_EDGE('',*,*,#3992,.F.);
#3995=ORIENTED_EDGE('',*,*,#3994,.T.);
#3997=ORIENTED_EDGE('',*,*,#3996,.F.);
#3998=ORIENTED_EDGE('',*,*,#3941,.T.);
#3999=ORIENTED_EDGE('',*,*,#3968,.F.);
#4000=EDGE_LOOP('',(#3991,#3993,#3995,#3997,#3998,#3999));
#4001=FACE_OUTER_BOUND('',#4000,.F.);
#4002=ADVANCED_FACE('',(#4001),#3990,.T.);
#4003=CARTESIAN_POINT('',(4.05E0,1.12E0,-2.5E0));
#4004=DIRECTION('',(-1.E0,0.E0,0.E0));
#4005=DIRECTION('',(0.E0,-1.E0,0.E0));
#4006=AXIS2_PLACEMENT_3D('',#4003,#4004,#4005);
#4007=PLANE('',#4006);
#4009=ORIENTED_EDGE('',*,*,#4008,.F.);
#4011=ORIENTED_EDGE('',*,*,#4010,.F.);
#4012=ORIENTED_EDGE('',*,*,#3992,.T.);
#4014=ORIENTED_EDGE('',*,*,#4013,.F.);
#4015=EDGE_LOOP('',(#4009,#4011,#4012,#4014));
#4016=FACE_OUTER_BOUND('',#4015,.F.);
#4017=ADVANCED_FACE('',(#4016),#4007,.F.);
#4018=CARTESIAN_POINT('',(3.75E0,1.12E0,-2.5E0));
#4019=DIRECTION('',(0.E0,0.E0,-1.E0));
#4020=DIRECTION('',(1.E0,0.E0,0.E0));
#4021=AXIS2_PLACEMENT_3D('',#4018,#4019,#4020);
#4022=CYLINDRICAL_SURFACE('',#4021,3.E-1);
#4024=ORIENTED_EDGE('',*,*,#4023,.F.);
#4026=ORIENTED_EDGE('',*,*,#4025,.T.);
#4028=ORIENTED_EDGE('',*,*,#4027,.F.);
#4029=ORIENTED_EDGE('',*,*,#4008,.T.);
#4030=EDGE_LOOP('',(#4024,#4026,#4028,#4029));
#4031=FACE_OUTER_BOUND('',#4030,.F.);
#4032=ADVANCED_FACE('',(#4031),#4022,.T.);
#4033=CARTESIAN_POINT('',(3.742928958308E0,1.127071041692E0,-1.9E0));
#4034=CARTESIAN_POINT('',(3.622807013087E0,1.247192986912E0,-1.899999978361E0));
#4035=CARTESIAN_POINT('',(3.537867965643E0,1.332132034356E0,-2.020121915931E0));
#4036=CARTESIAN_POINT('',(3.537867965643E0,1.332132034355E0,-2.19E0));
#4037=CARTESIAN_POINT('',(3.750330016901E0,1.134472100285E0,-1.9E0));
#4038=CARTESIAN_POINT('',(3.755936301494E0,1.380322275319E0,-1.899999978362E0));
#4039=CARTESIAN_POINT('',(3.759900543599E0,1.554164612313E0,-2.020121915932E0));
#4040=CARTESIAN_POINT('',(3.759900543599E0,1.554164612313E0,-2.190000000001E0));
#4041=CARTESIAN_POINT('',(3.759999965493E0,1.130466675114E0,-1.9E0));
#4042=CARTESIAN_POINT('',(3.929878090893E0,1.308273203402E0,-1.899999978362E0));
#4043=CARTESIAN_POINT('',(4.050000072989E0,1.434001413302E0,-2.020121915931E0));
#4044=CARTESIAN_POINT('',(4.050000072989E0,1.434001413301E0,-2.19E0));
#4045=CARTESIAN_POINT('',(3.759999963060E0,1.119999997676E0,-1.9E0));
#4046=CARTESIAN_POINT('',(3.929878047129E0,1.119999958188E0,-1.899999978361E0));
#4047=CARTESIAN_POINT('',(4.05E0,1.119999930266E0,-2.020121915931E0));
#4048=CARTESIAN_POINT('',(4.05E0,1.119999930266E0,-2.19E0));
#4049=(BOUNDED_SURFACE()B_SPLINE_SURFACE(3,3,((#4033,#4034,#4035,#4036),(#4037,
#4038,#4039,#4040),(#4041,#4042,#4043,#4044),(#4045,#4046,#4047,#4048)),
.UNSPECIFIED.,.F.,.F.,.F.)B_SPLINE_SURFACE_WITH_KNOTS((4,4),(4,4),(0.E0,1.E0),(
0.E0,1.E0),.UNSPECIFIED.)GEOMETRIC_REPRESENTATION_ITEM()RATIONAL_B_SPLINE_SURFACE(((1.694636631524E0,1.363738195495E0,1.363738195495E0,1.694636631524E0),(
9.972183310395E-1,8.024993098746E-1,8.024993098746E-1,9.972183310395E-1),(
9.972183310395E-1,8.024993098746E-1,8.024993098746E-1,9.972183310395E-1),(
1.694636631524E0,1.363738195495E0,1.363738195495E0,1.694636631524E0)))REPRESENTATION_ITEM('')SURFACE());
#4050=ORIENTED_EDGE('',*,*,#3498,.F.);
#4051=ORIENTED_EDGE('',*,*,#3518,.T.);
#4052=ORIENTED_EDGE('',*,*,#4023,.T.);
#4054=ORIENTED_EDGE('',*,*,#4053,.T.);
#4055=EDGE_LOOP('',(#4050,#4051,#4052,#4054));
#4056=FACE_OUTER_BOUND('',#4055,.F.);
#4057=ADVANCED_FACE('',(#4056),#4049,.T.);
#4058=CARTESIAN_POINT('',(3.76E0,9.324978236490E-2,-2.19E0));
#4059=DIRECTION('',(0.E0,1.E0,0.E0));
#4060=DIRECTION('',(0.E0,0.E0,1.E0));
#4061=AXIS2_PLACEMENT_3D('',#4058,#4059,#4060);
#4062=CYLINDRICAL_SURFACE('',#4061,2.9E-1);
#4063=ORIENTED_EDGE('',*,*,#4053,.F.);
#4064=ORIENTED_EDGE('',*,*,#4013,.T.);
#4065=ORIENTED_EDGE('',*,*,#3480,.F.);
#4066=ORIENTED_EDGE('',*,*,#3500,.T.);
#4067=EDGE_LOOP('',(#4063,#4064,#4065,#4066));
#4068=FACE_OUTER_BOUND('',#4067,.F.);
#4069=ADVANCED_FACE('',(#4068),#4062,.T.);
#4070=CARTESIAN_POINT('',(2.325735931288E0,1.2E-1,-2.5E0));
#4071=DIRECTION('',(7.071067811865E-1,-7.071067811865E-1,0.E0));
#4072=DIRECTION('',(7.071067811865E-1,7.071067811865E-1,0.E0));
#4073=AXIS2_PLACEMENT_3D('',#4070,#4071,#4072);
#4074=PLANE('',#4073);
#4075=ORIENTED_EDGE('',*,*,#3516,.F.);
#4076=ORIENTED_EDGE('',*,*,#3536,.F.);
#4078=ORIENTED_EDGE('',*,*,#4077,.F.);
#4079=ORIENTED_EDGE('',*,*,#4025,.F.);
#4080=EDGE_LOOP('',(#4075,#4076,#4078,#4079));
#4081=FACE_OUTER_BOUND('',#4080,.F.);
#4082=ADVANCED_FACE('',(#4081),#4074,.F.);
#4083=CARTESIAN_POINT('',(2.709107646741E0,9.324978236490E-2,-2.21E0));
#4084=DIRECTION('',(7.071067811865E-1,7.071067811865E-1,0.E0));
#4085=DIRECTION('',(0.E0,0.E0,-1.E0));
#4086=AXIS2_PLACEMENT_3D('',#4083,#4084,#4085);
#4087=CYLINDRICAL_SURFACE('',#4086,2.9E-1);
#4089=ORIENTED_EDGE('',*,*,#4088,.F.);
#4091=ORIENTED_EDGE('',*,*,#4090,.F.);
#4092=ORIENTED_EDGE('',*,*,#4077,.T.);
#4093=ORIENTED_EDGE('',*,*,#3534,.F.);
#4094=ORIENTED_EDGE('',*,*,#3654,.F.);
#4095=EDGE_LOOP('',(#4089,#4091,#4092,#4093,#4094));
#4096=FACE_OUTER_BOUND('',#4095,.F.);
#4097=ADVANCED_FACE('',(#4096),#4087,.T.);
#4098=CARTESIAN_POINT('',(0.E0,4.2E-1,-2.5E0));
#4099=DIRECTION('',(0.E0,0.E0,-1.E0));
#4100=DIRECTION('',(1.E0,0.E0,0.E0));
#4101=AXIS2_PLACEMENT_3D('',#4098,#4099,#4100);
#4102=PLANE('',#4101);
#4103=ORIENTED_EDGE('',*,*,#4088,.T.);
#4104=ORIENTED_EDGE('',*,*,#3672,.T.);
#4106=ORIENTED_EDGE('',*,*,#4105,.F.);
#4108=ORIENTED_EDGE('',*,*,#4107,.T.);
#4109=EDGE_LOOP('',(#4103,#4104,#4106,#4108));
#4110=FACE_OUTER_BOUND('',#4109,.F.);
#4111=ADVANCED_FACE('',(#4110),#4102,.T.);
#4112=CARTESIAN_POINT('',(3.76E0,1.146286601900E0,-2.21E0));
#4113=DIRECTION('',(0.E0,-1.E0,0.E0));
#4114=DIRECTION('',(0.E0,0.E0,-1.E0));
#4115=AXIS2_PLACEMENT_3D('',#4112,#4113,#4114);
#4116=CYLINDRICAL_SURFACE('',#4115,2.9E-1);
#4117=ORIENTED_EDGE('',*,*,#4105,.T.);
#4119=ORIENTED_EDGE('',*,*,#4118,.F.);
#4120=ORIENTED_EDGE('',*,*,#4010,.T.);
#4122=ORIENTED_EDGE('',*,*,#4121,.F.);
#4123=EDGE_LOOP('',(#4117,#4119,#4120,#4122));
#4124=FACE_OUTER_BOUND('',#4123,.F.);
#4125=ADVANCED_FACE('',(#4124),#4116,.T.);
#4126=CARTESIAN_POINT('',(3.645223199433E0,-6.453027708903E0,
-2.095223199433E0));
#4127=DIRECTION('',(1.744974916068E-2,9.996954598819E-1,-1.744974916068E-2));
#4128=DIRECTION('',(9.998476951564E-1,-1.745240643728E-2,0.E0));
#4129=AXIS2_PLACEMENT_3D('',#4126,#4127,#4128);
#4130=CYLINDRICAL_SURFACE('',#4129,2.9E-1);
#4131=ORIENTED_EDGE('',*,*,#3994,.F.);
#4132=ORIENTED_EDGE('',*,*,#4118,.T.);
#4133=ORIENTED_EDGE('',*,*,#3670,.F.);
#4135=ORIENTED_EDGE('',*,*,#4134,.T.);
#4136=EDGE_LOOP('',(#4131,#4132,#4133,#4135));
#4137=FACE_OUTER_BOUND('',#4136,.F.);
#4138=ADVANCED_FACE('',(#4137),#4130,.T.);
#4139=CARTESIAN_POINT('',(3.635633352369E0,-6.729999999674E0,
-2.085613900245E0));
#4140=CARTESIAN_POINT('',(3.662872397864E0,-6.729949791100E0,
-2.086521869370E0));
#4141=CARTESIAN_POINT('',(3.717000077356E0,-6.722620397849E0,
-2.088326017149E0));
#4142=CARTESIAN_POINT('',(3.793078629670E0,-6.689815163931E0,
-2.090861476130E0));
#4143=CARTESIAN_POINT('',(3.857652718245E0,-6.637364342484E0,
-2.093013103993E0));
#4144=CARTESIAN_POINT('',(3.905520594447E0,-6.569417502892E0,
-2.094607590065E0));
#4145=CARTESIAN_POINT('',(3.930193213417E0,-6.499609447943E0,
-2.095429092219E0));
#4146=CARTESIAN_POINT('',(3.935242095313E0,-6.453778281677E0,
-2.095597176314E0));
#4147=CARTESIAN_POINT('',(3.935570806708E0,-6.435235313353E0,
-2.095608116274E0));
#4148=CARTESIAN_POINT('',(3.515536126604E0,-6.730008055363E0,
-2.205711126011E0));
#4149=CARTESIAN_POINT('',(3.542806261540E0,-6.740862292449E0,
-2.206608483301E0));
#4150=CARTESIAN_POINT('',(3.601346508389E0,-6.755205469727E0,
-2.209895792507E0));
#4151=CARTESIAN_POINT('',(3.696942249571E0,-6.749185510107E0,
-2.219166415816E0));
#4152=CARTESIAN_POINT('',(3.791507077020E0,-6.710714211194E0,
-2.232711691819E0));
#4153=CARTESIAN_POINT('',(3.874087862400E0,-6.636569830840E0,
-2.249167066637E0));
#4154=CARTESIAN_POINT('',(3.923926682032E0,-6.538738946439E0,
-2.262168783417E0));
#4155=CARTESIAN_POINT('',(3.934832610044E0,-6.467222063544E0,
-2.265149470702E0));
#4156=CARTESIAN_POINT('',(3.935527243160E0,-6.438192662E0,-2.265383597678E0));
#4157=CARTESIAN_POINT('',(3.430599566085E0,-6.609931945220E0,
-2.290647686530E0));
#4158=CARTESIAN_POINT('',(3.446988641417E0,-6.628517895168E0,
-2.291537538794E0));
#4159=CARTESIAN_POINT('',(3.486983620650E0,-6.661121653929E0,
-2.295873786720E0));
#4160=CARTESIAN_POINT('',(3.565929736223E0,-6.687175259335E0,
-2.309907731487E0));
#4161=CARTESIAN_POINT('',(3.655856747381E0,-6.679584899647E0,
-2.331510956194E0));
#4162=CARTESIAN_POINT('',(3.743826272327E0,-6.628254887462E0,
-2.358476422053E0));
#4163=CARTESIAN_POINT('',(3.801586834491E0,-6.538548537214E0,
-2.380092372261E0));
#4164=CARTESIAN_POINT('',(3.814613931555E0,-6.467211699146E0,
-2.385062221572E0));
#4165=CARTESIAN_POINT('',(3.815435770043E0,-6.438188543769E0,
-2.385454193471E0));
#4166=CARTESIAN_POINT('',(3.430562837457E0,-6.440088688990E0,
-2.290684415157E0));
#4167=CARTESIAN_POINT('',(3.431530693388E0,-6.458705899115E0,
-2.291574264175E0));
#4168=CARTESIAN_POINT('',(3.440882748244E0,-6.495464785644E0,
-2.295910965687E0));
#4169=CARTESIAN_POINT('',(3.476762507038E0,-6.540097847300E0,
-2.309946970230E0));
#4170=CARTESIAN_POINT('',(3.530139069642E0,-6.562205850026E0,
-2.331553679389E0));
#4171=CARTESIAN_POINT('',(3.591017498837E0,-6.549341935439E0,
-2.358523690066E0));
#4172=CARTESIAN_POINT('',(3.634816343577E0,-6.499149725032E0,
-2.380143365277E0));
#4173=CARTESIAN_POINT('',(3.644986568150E0,-6.453753258053E0,
-2.385114074750E0));
#4174=CARTESIAN_POINT('',(3.645622403719E0,-6.435225370342E0,
-2.385506114906E0));
#4175=(BOUNDED_SURFACE()B_SPLINE_SURFACE(3,3,((#4139,#4140,#4141,#4142,#4143,
#4144,#4145,#4146,#4147),(#4148,#4149,#4150,#4151,#4152,#4153,#4154,#4155,
#4156),(#4157,#4158,#4159,#4160,#4161,#4162,#4163,#4164,#4165),(#4166,#4167,
#4168,#4169,#4170,#4171,#4172,#4173,#4174)),.UNSPECIFIED.,.F.,.F.,.F.)B_SPLINE_SURFACE_WITH_KNOTS((4,4),(4,1,1,1,1,1,4),(0.E0,1.000000017874E0),(0.E0,
1.650985071453E-1,3.326707056490E-1,5.005270484450E-1,6.685850496596E-1,
8.352571577754E-1,9.485087497398E-1),.UNSPECIFIED.)GEOMETRIC_REPRESENTATION_ITEM()RATIONAL_B_SPLINE_SURFACE(((1.171510179637E0,1.171510179637E0,1.171510179637E0,
1.171510179637E0,1.171510179637E0,1.171510179637E0,1.171510179637E0,
1.171510179637E0,1.171510179637E0),(9.428299360336E-1,9.428299360336E-1,
9.428299360336E-1,9.428299360336E-1,9.428299360336E-1,9.428299360336E-1,
9.428299360336E-1,9.428299360336E-1,9.428299360336E-1),(9.428299401210E-1,
9.428299401210E-1,9.428299401210E-1,9.428299401210E-1,9.428299401210E-1,
9.428299401210E-1,9.428299401210E-1,9.428299401210E-1,9.428299401210E-1),(
1.171510191899E0,1.171510191899E0,1.171510191899E0,1.171510191899E0,
1.171510191899E0,1.171510191899E0,1.171510191899E0,1.171510191899E0,
1.171510191899E0)))REPRESENTATION_ITEM('')SURFACE());
#4177=ORIENTED_EDGE('',*,*,#4176,.F.);
#4178=ORIENTED_EDGE('',*,*,#4134,.F.);
#4179=ORIENTED_EDGE('',*,*,#3751,.T.);
#4180=EDGE_LOOP('',(#4177,#4178,#4179));
#4181=FACE_OUTER_BOUND('',#4180,.F.);
#4182=ADVANCED_FACE('',(#4181),#4175,.T.);
#4183=CARTESIAN_POINT('',(3.635623626307E0,-6.43E0,-2.404973987321E0));
#4184=DIRECTION('',(0.E0,0.E0,1.E0));
#4185=DIRECTION('',(0.E0,-1.E0,0.E0));
#4186=AXIS2_PLACEMENT_3D('',#4183,#4184,#4185);
#4187=CYLINDRICAL_SURFACE('',#4186,3.E-1);
#4188=ORIENTED_EDGE('',*,*,#4176,.T.);
#4190=ORIENTED_EDGE('',*,*,#4189,.T.);
#4191=ORIENTED_EDGE('',*,*,#3928,.F.);
#4192=ORIENTED_EDGE('',*,*,#3996,.T.);
#4193=EDGE_LOOP('',(#4188,#4190,#4191,#4192));
#4194=FACE_OUTER_BOUND('',#4193,.F.);
#4195=ADVANCED_FACE('',(#4194),#4187,.T.);
#4196=CARTESIAN_POINT('',(3.537867965644E0,1.332132034356E0,-2.21E0));
#4197=CARTESIAN_POINT('',(3.537867965644E0,1.332132034356E0,-2.379878084069E0));
#4198=CARTESIAN_POINT('',(3.622807013088E0,1.247192986912E0,-2.500000021638E0));
#4199=CARTESIAN_POINT('',(3.742928958308E0,1.127071041692E0,-2.5E0));
#4200=CARTESIAN_POINT('',(3.759900505902E0,1.554164574614E0,-2.21E0));
#4201=CARTESIAN_POINT('',(3.759900505902E0,1.554164574614E0,-2.379878084069E0));
#4202=CARTESIAN_POINT('',(3.755936278891E0,1.380322252715E0,-2.500000021638E0));
#4203=CARTESIAN_POINT('',(3.750330015644E0,1.134472099028E0,-2.5E0));
#4204=CARTESIAN_POINT('',(4.050000000001E0,1.434001429721E0,-2.21E0));
#4205=CARTESIAN_POINT('',(4.050000000001E0,1.434001429721E0,-2.379878084069E0));
#4206=CARTESIAN_POINT('',(3.929878047130E0,1.308273213247E0,-2.500000021638E0));
#4207=CARTESIAN_POINT('',(3.759999963061E0,1.130466675661E0,-2.5E0));
#4208=CARTESIAN_POINT('',(4.05E0,1.119999999999E0,-2.21E0));
#4209=CARTESIAN_POINT('',(4.05E0,1.119999999999E0,-2.379878084069E0));
#4210=CARTESIAN_POINT('',(3.929878047130E0,1.119999999999E0,-2.500000021638E0));
#4211=CARTESIAN_POINT('',(3.759999963061E0,1.12E0,-2.5E0));
#4212=(BOUNDED_SURFACE()B_SPLINE_SURFACE(3,3,((#4196,#4197,#4198,#4199),(#4200,
#4201,#4202,#4203),(#4204,#4205,#4206,#4207),(#4208,#4209,#4210,#4211)),
.UNSPECIFIED.,.F.,.F.,.F.)B_SPLINE_SURFACE_WITH_KNOTS((4,4),(4,4),(0.E0,1.E0),(
0.E0,1.E0),.UNSPECIFIED.)GEOMETRIC_REPRESENTATION_ITEM()RATIONAL_B_SPLINE_SURFACE(((1.694636499923E0,1.363738089591E0,1.363738089591E0,1.694636499923E0),(
9.972183749059E-1,8.024993451762E-1,8.024993451762E-1,9.972183749059E-1),(
9.972183749059E-1,8.024993451762E-1,8.024993451762E-1,9.972183749059E-1),(
1.694636499923E0,1.363738089591E0,1.363738089591E0,1.694636499923E0)))REPRESENTATION_ITEM('')SURFACE());
#4213=ORIENTED_EDGE('',*,*,#4107,.F.);
#4214=ORIENTED_EDGE('',*,*,#4121,.T.);
#4215=ORIENTED_EDGE('',*,*,#4027,.T.);
#4216=ORIENTED_EDGE('',*,*,#4090,.T.);
#4217=EDGE_LOOP('',(#4213,#4214,#4215,#4216));
#4218=FACE_OUTER_BOUND('',#4217,.F.);
#4219=ADVANCED_FACE('',(#4218),#4212,.T.);
#4220=CARTESIAN_POINT('',(1.269272796172E0,-7.069481660745E0,2.191209655774E0));
#4221=CARTESIAN_POINT('',(1.274207394243E0,-7.070062525934E0,2.187479763628E0));
#4222=CARTESIAN_POINT('',(1.313769423694E0,-7.074451628053E0,2.157478521269E0));
#4223=CARTESIAN_POINT('',(1.39082738E0,-7.078747980705E0,2.097500998615E0));
#4224=CARTESIAN_POINT('',(1.501821324945E0,-7.072754157919E0,2.006957150285E0));
#4225=CARTESIAN_POINT('',(1.595125668805E0,-7.054601719611E0,1.926992973222E0));
#4226=CARTESIAN_POINT('',(1.650433580784E0,-7.036574403118E0,1.877920126136E0));
#4227=CARTESIAN_POINT('',(1.668030473384E0,-7.029999951613E0,1.862157081720E0));
#4228=CARTESIAN_POINT('',(1.269274106667E0,-6.919800182256E0,2.099133022305E0));
#4229=CARTESIAN_POINT('',(1.274208705715E0,-6.919832861783E0,2.096294324719E0));
#4230=CARTESIAN_POINT('',(1.313770743430E0,-6.919877256286E0,2.073499504288E0));
#4231=CARTESIAN_POINT('',(1.390828722563E0,-6.916517043419E0,2.028538309795E0));
#4232=CARTESIAN_POINT('',(1.501822718147E0,-6.901981204425E0,1.962480315283E0));
#4233=CARTESIAN_POINT('',(1.595127122974E0,-6.879572655502E0,1.906154363817E0));
#4234=CARTESIAN_POINT('',(1.650435081570E0,-6.860838552842E0,1.872751887894E0));
#4235=CARTESIAN_POINT('',(1.668031990175E0,-6.854263966820E0,1.862159600703E0));
#4236=CARTESIAN_POINT('',(1.340910858279E0,-6.760759432262E0,2.120507700060E0));
#4237=CARTESIAN_POINT('',(1.345898824620E0,-6.760939146510E0,2.118583801640E0));
#4238=CARTESIAN_POINT('',(1.385912635144E0,-6.762237777233E0,2.103120167497E0));
#4239=CARTESIAN_POINT('',(1.464218425586E0,-6.762512142832E0,2.072384262219E0));
#4240=CARTESIAN_POINT('',(1.577980574139E0,-6.756499399673E0,2.026516496365E0));
#4241=CARTESIAN_POINT('',(1.674617609425E0,-6.744619571193E0,1.986597858622E0));
#4242=CARTESIAN_POINT('',(1.732473883648E0,-6.733852517083E0,1.962441252909E0));
#4243=CARTESIAN_POINT('',(1.750945670644E0,-6.730001288836E0,1.954721905524E0));
#4244=CARTESIAN_POINT('',(1.442219713864E0,-6.685522214233E0,2.242812842004E0));
#4245=CARTESIAN_POINT('',(1.447283152351E0,-6.686458053667E0,2.241291476802E0));
#4246=CARTESIAN_POINT('',(1.487935861E0,-6.693875158638E0,2.228989335016E0));
#4247=CARTESIAN_POINT('',(1.568006309009E0,-6.706946185305E0,2.203354797877E0));
#4248=CARTESIAN_POINT('',(1.685683185726E0,-6.721528995611E0,2.161554614432E0));
#4249=CARTESIAN_POINT('',(1.787033234522E0,-6.728795210534E0,2.121201311285E0));
#4250=CARTESIAN_POINT('',(1.848493342447E0,-6.730002106353E0,2.094450034042E0));
#4251=CARTESIAN_POINT('',(1.868202384434E0,-6.730002441145E0,2.085622899935E0));
#4252=(BOUNDED_SURFACE()B_SPLINE_SURFACE(3,3,((#4220,#4221,#4222,#4223,#4224,
#4225,#4226,#4227),(#4228,#4229,#4230,#4231,#4232,#4233,#4234,#4235),(#4236,
#4237,#4238,#4239,#4240,#4241,#4242,#4243),(#4244,#4245,#4246,#4247,#4248,#4249,
#4250,#4251)),.UNSPECIFIED.,.F.,.F.,.F.)B_SPLINE_SURFACE_WITH_KNOTS((4,4),(4,1,
1,1,1,4),(0.E0,1.E0),(5.798304283212E-1,5.868097431679E-1,6.358845275024E-1,
6.905906983863E-1,7.514510585217E-1,7.806289906017E-1),.UNSPECIFIED.)GEOMETRIC_REPRESENTATION_ITEM()RATIONAL_B_SPLINE_SURFACE(((1.171570478369E0,
1.171570478369E0,1.171570478369E0,1.171570478369E0,1.171570478369E0,
1.171570478369E0,1.171570478369E0,1.171570478369E0),(9.428098405437E-1,
9.428098405437E-1,9.428098405437E-1,9.428098405437E-1,9.428098405437E-1,
9.428098405437E-1,9.428098405437E-1,9.428098405437E-1),(9.428098405437E-1,
9.428098405437E-1,9.428098405437E-1,9.428098405437E-1,9.428098405437E-1,
9.428098405437E-1,9.428098405437E-1,9.428098405437E-1),(1.171570478369E0,
1.171570478369E0,1.171570478369E0,1.171570478369E0,1.171570478369E0,
1.171570478369E0,1.171570478369E0,1.171570478369E0)))REPRESENTATION_ITEM('')SURFACE());
#4254=ORIENTED_EDGE('',*,*,#4253,.T.);
#4256=ORIENTED_EDGE('',*,*,#4255,.T.);
#4258=ORIENTED_EDGE('',*,*,#4257,.F.);
#4259=ORIENTED_EDGE('',*,*,#3876,.F.);
#4261=ORIENTED_EDGE('',*,*,#4260,.T.);
#4262=EDGE_LOOP('',(#4254,#4256,#4258,#4259,#4261));
#4263=FACE_OUTER_BOUND('',#4262,.F.);
#4264=ADVANCED_FACE('',(#4263),#4252,.F.);
#4265=CARTESIAN_POINT('',(0.E0,-6.73E0,0.E0));
#4266=DIRECTION('',(0.E0,-1.E0,0.E0));
#4267=DIRECTION('',(1.E0,0.E0,0.E0));
#4268=AXIS2_PLACEMENT_3D('',#4265,#4266,#4267);
#4269=CYLINDRICAL_SURFACE('',#4268,2.5E0);
#4271=ORIENTED_EDGE('',*,*,#4270,.F.);
#4273=ORIENTED_EDGE('',*,*,#4272,.T.);
#4275=ORIENTED_EDGE('',*,*,#4274,.F.);
#4277=ORIENTED_EDGE('',*,*,#4276,.F.);
#4279=ORIENTED_EDGE('',*,*,#4278,.T.);
#4280=ORIENTED_EDGE('',*,*,#4253,.F.);
#4282=ORIENTED_EDGE('',*,*,#4281,.T.);
#4284=ORIENTED_EDGE('',*,*,#4283,.T.);
#4285=EDGE_LOOP('',(#4271,#4273,#4275,#4277,#4279,#4280,#4282,#4284));
#4286=FACE_OUTER_BOUND('',#4285,.F.);
#4287=ADVANCED_FACE('',(#4286),#4269,.T.);
#4288=CARTESIAN_POINT('',(1.668030194164E0,-7.029999997873E0,
-1.862156192052E0));
#4289=CARTESIAN_POINT('',(1.646537390230E0,-7.038030307794E0,
-1.881406066307E0));
#4290=CARTESIAN_POINT('',(1.585674148661E0,-7.057239047292E0,
-1.935292883727E0));
#4291=CARTESIAN_POINT('',(1.484912113228E0,-7.074831004951E0,
-2.021117178097E0));
#4292=CARTESIAN_POINT('',(1.372851053414E0,-7.078495105894E0,
-2.111761033700E0));
#4293=CARTESIAN_POINT('',(1.301476989457E0,-7.073273775615E0,
-2.166865343901E0));
#4294=CARTESIAN_POINT('',(1.269274909143E0,-7.069481206676E0,
-2.191207713863E0));
#4295=CARTESIAN_POINT('',(1.668031991489E0,-6.854264126200E0,
-1.862159104882E0));
#4296=CARTESIAN_POINT('',(1.646539164408E0,-6.862294261573E0,
-1.875094103564E0));
#4297=CARTESIAN_POINT('',(1.585675863099E0,-6.882448402831E0,
-1.911875990940E0));
#4298=CARTESIAN_POINT('',(1.484913753015E0,-6.905109201327E0,
-1.972637707306E0));
#4299=CARTESIAN_POINT('',(1.372852636631E0,-6.917903505814E0,
-2.039120332346E0));
#4300=CARTESIAN_POINT('',(1.301478549881E0,-6.920014368941E0,
-2.080605476867E0));
#4301=CARTESIAN_POINT('',(1.269276462013E0,-6.919799633567E0,
-2.099131961983E0));
#4302=CARTESIAN_POINT('',(1.750945885599E0,-6.730001694659E0,
-1.954721628361E0));
#4303=CARTESIAN_POINT('',(1.728385270285E0,-6.734705641985E0,
-1.964148433573E0));
#4304=CARTESIAN_POINT('',(1.664766067022E0,-6.746234619139E0,
-1.990704872822E0));
#4305=CARTESIAN_POINT('',(1.560560182258E0,-6.758024120589E0,
-2.033639159178E0));
#4306=CARTESIAN_POINT('',(1.445889370239E0,-6.762844379644E0,
-2.079660621688E0));
#4307=CARTESIAN_POINT('',(1.373463801543E0,-6.761933155966E0,
-2.107951096412E0));
#4308=CARTESIAN_POINT('',(1.340913202337E0,-6.760759358982E0,
-2.120507121988E0));
#4309=CARTESIAN_POINT('',(1.868202784545E0,-6.730002874441E0,
-2.085622720740E0));
#4310=CARTESIAN_POINT('',(1.844132102209E0,-6.730003026273E0,
-2.096403036652E0));
#4311=CARTESIAN_POINT('',(1.776615500079E0,-6.728388700155E0,
-2.125603350546E0));
#4312=CARTESIAN_POINT('',(1.667539426263E0,-6.719734926590E0,
-2.168388267216E0));
#4313=CARTESIAN_POINT('',(1.549177980476E0,-6.704147905544E0,
-2.209634328567E0));
#4314=CARTESIAN_POINT('',(1.475265405127E0,-6.691630583690E0,
-2.232883772680E0));
#4315=CARTESIAN_POINT('',(1.442221940892E0,-6.685522625857E0,
-2.242812125994E0));
#4316=(BOUNDED_SURFACE()B_SPLINE_SURFACE(3,3,((#4288,#4289,#4290,#4291,#4292,
#4293,#4294),(#4295,#4296,#4297,#4298,#4299,#4300,#4301),(#4302,#4303,#4304,
#4305,#4306,#4307,#4308),(#4309,#4310,#4311,#4312,#4313,#4314,#4315)),
.UNSPECIFIED.,.F.,.F.,.F.)B_SPLINE_SURFACE_WITH_KNOTS((4,4),(4,1,1,1,4),(
-3.612074097759E-7,1.E0),(2.193548900866E-1,2.549886370278E-1,3.180350027017E-1,
3.745989070731E-1,4.201443663203E-1),.UNSPECIFIED.)GEOMETRIC_REPRESENTATION_ITEM()RATIONAL_B_SPLINE_SURFACE(((1.171569976777E0,1.171569976777E0,1.171569976777E0,
1.171569976777E0,1.171569976777E0,1.171569976777E0,1.171569976777E0),(
9.428100903707E-1,9.428100903707E-1,9.428100903707E-1,9.428100903707E-1,
9.428100903707E-1,9.428100903707E-1,9.428100903707E-1),(9.428100077410E-1,
9.428100077410E-1,9.428100077410E-1,9.428100077410E-1,9.428100077410E-1,
9.428100077410E-1,9.428100077410E-1),(1.171569728888E0,1.171569728888E0,
1.171569728888E0,1.171569728888E0,1.171569728888E0,1.171569728888E0,
1.171569728888E0)))REPRESENTATION_ITEM('')SURFACE());
#4317=ORIENTED_EDGE('',*,*,#4270,.T.);
#4319=ORIENTED_EDGE('',*,*,#4318,.T.);
#4320=ORIENTED_EDGE('',*,*,#3747,.F.);
#4322=ORIENTED_EDGE('',*,*,#4321,.T.);
#4324=ORIENTED_EDGE('',*,*,#4323,.F.);
#4325=EDGE_LOOP('',(#4317,#4319,#4320,#4322,#4324));
#4326=FACE_OUTER_BOUND('',#4325,.F.);
#4327=ADVANCED_FACE('',(#4326),#4316,.F.);
#4328=CARTESIAN_POINT('',(2.718393432185E0,-6.941045492753E0,-2.4E0));
#4329=DIRECTION('',(-1.E0,0.E0,0.E0));
#4330=DIRECTION('',(0.E0,0.E0,1.E0));
#4331=AXIS2_PLACEMENT_3D('',#4328,#4329,#4330);
#4332=CYLINDRICAL_SURFACE('',#4331,3.E-1);
#4334=ORIENTED_EDGE('',*,*,#4333,.T.);
#4335=ORIENTED_EDGE('',*,*,#4321,.F.);
#4336=ORIENTED_EDGE('',*,*,#3745,.F.);
#4337=ORIENTED_EDGE('',*,*,#3796,.T.);
#4338=EDGE_LOOP('',(#4334,#4335,#4336,#4337));
#4339=FACE_OUTER_BOUND('',#4338,.F.);
#4340=ADVANCED_FACE('',(#4339),#4332,.F.);
#4341=CARTESIAN_POINT('',(-1.356465996625E0,-6.73E0,-2.1E0));
#4342=DIRECTION('',(0.E0,0.E0,-1.E0));
#4343=DIRECTION('',(1.E0,0.E0,0.E0));
#4344=AXIS2_PLACEMENT_3D('',#4341,#4342,#4343);
#4345=PLANE('',#4344);
#4346=ORIENTED_EDGE('',*,*,#4272,.F.);
#4347=ORIENTED_EDGE('',*,*,#4323,.T.);
#4348=ORIENTED_EDGE('',*,*,#4333,.F.);
#4349=ORIENTED_EDGE('',*,*,#3794,.F.);
#4350=ORIENTED_EDGE('',*,*,#3819,.F.);
#4352=ORIENTED_EDGE('',*,*,#4351,.F.);
#4353=EDGE_LOOP('',(#4346,#4347,#4348,#4349,#4350,#4352));
#4354=FACE_OUTER_BOUND('',#4353,.F.);
#4355=ADVANCED_FACE('',(#4354),#4345,.T.);
#4356=CARTESIAN_POINT('',(-1.296148139682E0,-8.73E0,-2.1E0));
#4357=DIRECTION('',(0.E0,-7.071067811865E-1,-7.071067811865E-1));
#4358=DIRECTION('',(1.E0,0.E0,0.E0));
#4359=AXIS2_PLACEMENT_3D('',#4356,#4357,#4358);
#4360=PLANE('',#4359);
#4361=ORIENTED_EDGE('',*,*,#4351,.T.);
#4363=ORIENTED_EDGE('',*,*,#4362,.F.);
#4365=ORIENTED_EDGE('',*,*,#4364,.F.);
#4367=ORIENTED_EDGE('',*,*,#4366,.T.);
#4368=EDGE_LOOP('',(#4361,#4363,#4365,#4367));
#4369=FACE_OUTER_BOUND('',#4368,.F.);
#4370=ADVANCED_FACE('',(#4369),#4360,.T.);
#4371=CARTESIAN_POINT('',(0.E0,-8.83E0,0.E0));
#4372=DIRECTION('',(0.E0,1.E0,0.E0));
#4373=DIRECTION('',(-1.E0,0.E0,0.E0));
#4374=AXIS2_PLACEMENT_3D('',#4371,#4372,#4373);
#4375=CONICAL_SURFACE('',#4374,2.4E0,4.5E1);
#4376=ORIENTED_EDGE('',*,*,#3817,.T.);
#4377=ORIENTED_EDGE('',*,*,#3815,.T.);
#4379=ORIENTED_EDGE('',*,*,#4378,.F.);
#4381=ORIENTED_EDGE('',*,*,#4380,.T.);
#4383=ORIENTED_EDGE('',*,*,#4382,.T.);
#4384=ORIENTED_EDGE('',*,*,#4362,.T.);
#4385=EDGE_LOOP('',(#4376,#4377,#4379,#4381,#4383,#4384));
#4386=FACE_OUTER_BOUND('',#4385,.F.);
#4387=ADVANCED_FACE('',(#4386),#4375,.T.);
#4388=CARTESIAN_POINT('',(1.296148139682E0,-8.73E0,2.1E0));
#4389=DIRECTION('',(0.E0,-7.071067811865E-1,7.071067811865E-1));
#4390=DIRECTION('',(-1.E0,0.E0,0.E0));
#4391=AXIS2_PLACEMENT_3D('',#4388,#4389,#4390);
#4392=PLANE('',#4391);
#4394=ORIENTED_EDGE('',*,*,#4393,.T.);
#4396=ORIENTED_EDGE('',*,*,#4395,.F.);
#4398=ORIENTED_EDGE('',*,*,#4397,.F.);
#4399=ORIENTED_EDGE('',*,*,#4378,.T.);
#4400=EDGE_LOOP('',(#4394,#4396,#4398,#4399));
#4401=FACE_OUTER_BOUND('',#4400,.F.);
#4402=ADVANCED_FACE('',(#4401),#4392,.T.);
#4403=CARTESIAN_POINT('',(1.356465996625E0,-6.73E0,2.1E0));
#4404=DIRECTION('',(0.E0,0.E0,1.E0));
#4405=DIRECTION('',(-1.E0,0.E0,0.E0));
#4406=AXIS2_PLACEMENT_3D('',#4403,#4404,#4405);
#4407=PLANE('',#4406);
#4409=ORIENTED_EDGE('',*,*,#4408,.F.);
#4410=ORIENTED_EDGE('',*,*,#4255,.F.);
#4411=ORIENTED_EDGE('',*,*,#4278,.F.);
#4412=ORIENTED_EDGE('',*,*,#4393,.F.);
#4413=ORIENTED_EDGE('',*,*,#3813,.F.);
#4414=ORIENTED_EDGE('',*,*,#3860,.T.);
#4415=EDGE_LOOP('',(#4409,#4410,#4411,#4412,#4413,#4414));
#4416=FACE_OUTER_BOUND('',#4415,.F.);
#4417=ADVANCED_FACE('',(#4416),#4407,.T.);
#4418=CARTESIAN_POINT('',(-2.718393432185E0,-6.941045492753E0,2.4E0));
#4419=DIRECTION('',(1.E0,0.E0,0.E0));
#4420=DIRECTION('',(0.E0,0.E0,-1.E0));
#4421=AXIS2_PLACEMENT_3D('',#4418,#4419,#4420);
#4422=CYLINDRICAL_SURFACE('',#4421,3.E-1);
#4423=ORIENTED_EDGE('',*,*,#4408,.T.);
#4424=ORIENTED_EDGE('',*,*,#3858,.F.);
#4425=ORIENTED_EDGE('',*,*,#3878,.F.);
#4426=ORIENTED_EDGE('',*,*,#4257,.T.);
#4427=EDGE_LOOP('',(#4423,#4424,#4425,#4426));
#4428=FACE_OUTER_BOUND('',#4427,.F.);
#4429=ADVANCED_FACE('',(#4428),#4422,.F.);
#4430=CARTESIAN_POINT('',(0.E0,-8.83E0,0.E0));
#4431=DIRECTION('',(0.E0,1.E0,0.E0));
#4432=DIRECTION('',(-1.E0,0.E0,0.E0));
#4433=AXIS2_PLACEMENT_3D('',#4430,#4431,#4432);
#4434=CONICAL_SURFACE('',#4433,2.4E0,4.5E1);
#4435=ORIENTED_EDGE('',*,*,#4276,.T.);
#4436=ORIENTED_EDGE('',*,*,#4274,.T.);
#4437=ORIENTED_EDGE('',*,*,#4366,.F.);
#4439=ORIENTED_EDGE('',*,*,#4438,.T.);
#4441=ORIENTED_EDGE('',*,*,#4440,.T.);
#4442=ORIENTED_EDGE('',*,*,#4395,.T.);
#4443=EDGE_LOOP('',(#4435,#4436,#4437,#4439,#4441,#4442));
#4444=FACE_OUTER_BOUND('',#4443,.F.);
#4445=ADVANCED_FACE('',(#4444),#4434,.T.);
#4446=CARTESIAN_POINT('',(0.E0,-8.73E0,0.E0));
#4447=DIRECTION('',(0.E0,-1.E0,0.E0));
#4448=DIRECTION('',(1.E0,0.E0,0.E0));
#4449=AXIS2_PLACEMENT_3D('',#4446,#4447,#4448);
#4450=CYLINDRICAL_SURFACE('',#4449,2.3E0);
#4451=ORIENTED_EDGE('',*,*,#4440,.F.);
#4452=ORIENTED_EDGE('',*,*,#4438,.F.);
#4454=ORIENTED_EDGE('',*,*,#4453,.T.);
#4456=ORIENTED_EDGE('',*,*,#4455,.F.);
#4458=ORIENTED_EDGE('',*,*,#4457,.F.);
#4460=ORIENTED_EDGE('',*,*,#4459,.T.);
#4461=EDGE_LOOP('',(#4451,#4452,#4454,#4456,#4458,#4460));
#4462=FACE_OUTER_BOUND('',#4461,.F.);
#4463=ADVANCED_FACE('',(#4462),#4450,.T.);
#4464=CARTESIAN_POINT('',(-1.296148139682E0,-8.73E0,-1.9E0));
#4465=DIRECTION('',(0.E0,0.E0,-1.E0));
#4466=DIRECTION('',(1.E0,0.E0,0.E0));
#4467=AXIS2_PLACEMENT_3D('',#4464,#4465,#4466);
#4468=PLANE('',#4467);
#4469=ORIENTED_EDGE('',*,*,#4364,.T.);
#4471=ORIENTED_EDGE('',*,*,#4470,.F.);
#4473=ORIENTED_EDGE('',*,*,#4472,.F.);
#4474=ORIENTED_EDGE('',*,*,#4453,.F.);
#4475=EDGE_LOOP('',(#4469,#4471,#4473,#4474));
#4476=FACE_OUTER_BOUND('',#4475,.F.);
#4477=ADVANCED_FACE('',(#4476),#4468,.T.);
#4478=CARTESIAN_POINT('',(0.E0,-8.73E0,0.E0));
#4479=DIRECTION('',(0.E0,-1.E0,0.E0));
#4480=DIRECTION('',(1.E0,0.E0,0.E0));
#4481=AXIS2_PLACEMENT_3D('',#4478,#4479,#4480);
#4482=CYLINDRICAL_SURFACE('',#4481,2.3E0);
#4483=ORIENTED_EDGE('',*,*,#4382,.F.);
#4484=ORIENTED_EDGE('',*,*,#4380,.F.);
#4486=ORIENTED_EDGE('',*,*,#4485,.T.);
#4488=ORIENTED_EDGE('',*,*,#4487,.F.);
#4490=ORIENTED_EDGE('',*,*,#4489,.F.);
#4491=ORIENTED_EDGE('',*,*,#4470,.T.);
#4492=EDGE_LOOP('',(#4483,#4484,#4486,#4488,#4490,#4491));
#4493=FACE_OUTER_BOUND('',#4492,.F.);
#4494=ADVANCED_FACE('',(#4493),#4482,.T.);
#4495=CARTESIAN_POINT('',(1.296148139682E0,-8.73E0,1.9E0));
#4496=DIRECTION('',(0.E0,0.E0,1.E0));
#4497=DIRECTION('',(-1.E0,0.E0,0.E0));
#4498=AXIS2_PLACEMENT_3D('',#4495,#4496,#4497);
#4499=PLANE('',#4498);
#4500=ORIENTED_EDGE('',*,*,#4397,.T.);
#4501=ORIENTED_EDGE('',*,*,#4459,.F.);
#4503=ORIENTED_EDGE('',*,*,#4502,.F.);
#4504=ORIENTED_EDGE('',*,*,#4485,.F.);
#4505=EDGE_LOOP('',(#4500,#4501,#4503,#4504));
#4506=FACE_OUTER_BOUND('',#4505,.F.);
#4507=ADVANCED_FACE('',(#4506),#4499,.T.);
#4508=CARTESIAN_POINT('',(1.296148139682E0,-1.278E1,1.7E0));
#4509=DIRECTION('',(0.E0,7.071067811865E-1,-7.071067811865E-1));
#4510=DIRECTION('',(-1.E0,0.E0,0.E0));
#4511=AXIS2_PLACEMENT_3D('',#4508,#4509,#4510);
#4512=PLANE('',#4511);
#4514=ORIENTED_EDGE('',*,*,#4513,.F.);
#4516=ORIENTED_EDGE('',*,*,#4515,.F.);
#4517=ORIENTED_EDGE('',*,*,#4502,.T.);
#4519=ORIENTED_EDGE('',*,*,#4518,.T.);
#4520=EDGE_LOOP('',(#4514,#4516,#4517,#4519));
#4521=FACE_OUTER_BOUND('',#4520,.F.);
#4522=ADVANCED_FACE('',(#4521),#4512,.F.);
#4523=CARTESIAN_POINT('',(0.E0,-1.278E1,0.E0));
#4524=DIRECTION('',(0.E0,-1.E0,0.E0));
#4525=DIRECTION('',(1.E0,0.E0,0.E0));
#4526=AXIS2_PLACEMENT_3D('',#4523,#4524,#4525);
#4527=PLANE('',#4526);
#4529=ORIENTED_EDGE('',*,*,#4528,.T.);
#4531=ORIENTED_EDGE('',*,*,#4530,.T.);
#4532=ORIENTED_EDGE('',*,*,#4513,.T.);
#4534=ORIENTED_EDGE('',*,*,#4533,.T.);
#4536=ORIENTED_EDGE('',*,*,#4535,.T.);
#4538=ORIENTED_EDGE('',*,*,#4537,.T.);
#4539=EDGE_LOOP('',(#4529,#4531,#4532,#4534,#4536,#4538));
#4540=FACE_OUTER_BOUND('',#4539,.F.);
#4541=ADVANCED_FACE('',(#4540),#4527,.T.);
#4542=CARTESIAN_POINT('',(0.E0,-1.268E1,0.E0));
#4543=DIRECTION('',(0.E0,1.E0,0.E0));
#4544=DIRECTION('',(-1.E0,0.E0,0.E0));
#4545=AXIS2_PLACEMENT_3D('',#4542,#4543,#4544);
#4546=CONICAL_SURFACE('',#4545,2.2E0,4.5E1);
#4547=ORIENTED_EDGE('',*,*,#4530,.F.);
#4548=ORIENTED_EDGE('',*,*,#4528,.F.);
#4550=ORIENTED_EDGE('',*,*,#4549,.F.);
#4551=ORIENTED_EDGE('',*,*,#4489,.T.);
#4552=ORIENTED_EDGE('',*,*,#4487,.T.);
#4553=ORIENTED_EDGE('',*,*,#4515,.T.);
#4554=EDGE_LOOP('',(#4547,#4548,#4550,#4551,#4552,#4553));
#4555=FACE_OUTER_BOUND('',#4554,.F.);
#4556=ADVANCED_FACE('',(#4555),#4546,.T.);
#4557=CARTESIAN_POINT('',(-1.296148139682E0,-1.278E1,-1.7E0));
#4558=DIRECTION('',(0.E0,7.071067811865E-1,7.071067811865E-1));
#4559=DIRECTION('',(1.E0,0.E0,0.E0));
#4560=AXIS2_PLACEMENT_3D('',#4557,#4558,#4559);
#4561=PLANE('',#4560);
#4562=ORIENTED_EDGE('',*,*,#4537,.F.);
#4564=ORIENTED_EDGE('',*,*,#4563,.F.);
#4565=ORIENTED_EDGE('',*,*,#4472,.T.);
#4566=ORIENTED_EDGE('',*,*,#4549,.T.);
#4567=EDGE_LOOP('',(#4562,#4564,#4565,#4566));
#4568=FACE_OUTER_BOUND('',#4567,.F.);
#4569=ADVANCED_FACE('',(#4568),#4561,.F.);
#4570=CARTESIAN_POINT('',(0.E0,-1.268E1,0.E0));
#4571=DIRECTION('',(0.E0,1.E0,0.E0));
#4572=DIRECTION('',(-1.E0,0.E0,0.E0));
#4573=AXIS2_PLACEMENT_3D('',#4570,#4571,#4572);
#4574=CONICAL_SURFACE('',#4573,2.2E0,4.5E1);
#4575=ORIENTED_EDGE('',*,*,#4535,.F.);
#4576=ORIENTED_EDGE('',*,*,#4533,.F.);
#4577=ORIENTED_EDGE('',*,*,#4518,.F.);
#4578=ORIENTED_EDGE('',*,*,#4457,.T.);
#4579=ORIENTED_EDGE('',*,*,#4455,.T.);
#4580=ORIENTED_EDGE('',*,*,#4563,.T.);
#4581=EDGE_LOOP('',(#4575,#4576,#4577,#4578,#4579,#4580));
#4582=FACE_OUTER_BOUND('',#4581,.F.);
#4583=ADVANCED_FACE('',(#4582),#4574,.T.);
#4584=CARTESIAN_POINT('',(-3.635633352382E0,-6.729999999674E0,
2.085613900232E0));
#4585=CARTESIAN_POINT('',(-3.662872397109E0,-6.729949791105E0,
2.086521869332E0));
#4586=CARTESIAN_POINT('',(-3.717000075125E0,-6.722620398255E0,
2.088326017061E0));
#4587=CARTESIAN_POINT('',(-3.793078625728E0,-6.689815166085E0,
2.090861475985E0));
#4588=CARTESIAN_POINT('',(-3.857652713558E0,-6.637364347218E0,
2.093013103822E0));
#4589=CARTESIAN_POINT('',(-3.905520590245E0,-6.569417510603E0,
2.094607589908E0));
#4590=CARTESIAN_POINT('',(-3.930193212201E0,-6.499609454404E0,
2.095429092161E0));
#4591=CARTESIAN_POINT('',(-3.935242095252E0,-6.453778285256E0,
2.095597176294E0));
#4592=CARTESIAN_POINT('',(-3.935570806712E0,-6.435235313353E0,
2.095608116256E0));
#4593=CARTESIAN_POINT('',(-3.515536126609E0,-6.730008055374E0,
2.205711126005E0));
#4594=CARTESIAN_POINT('',(-3.542806260777E0,-6.740862292157E0,
2.206608483270E0));
#4595=CARTESIAN_POINT('',(-3.601346505908E0,-6.755205469246E0,
2.209895792343E0));
#4596=CARTESIAN_POINT('',(-3.696942244350E0,-6.749185510994E0,
2.219166415226E0));
#4597=CARTESIAN_POINT('',(-3.791507069695E0,-6.710714215359E0,
2.232711690607E0));
#4598=CARTESIAN_POINT('',(-3.874087854569E0,-6.636569840286E0,
2.249167064849E0));
#4599=CARTESIAN_POINT('',(-3.923926679365E0,-6.538738956442E0,
2.262168782600E0));
#4600=CARTESIAN_POINT('',(-3.934832609923E0,-6.467222069137E0,
2.265149470672E0));
#4601=CARTESIAN_POINT('',(-3.935527243175E0,-6.438192661998E0,
2.265383597702E0));
#4602=CARTESIAN_POINT('',(-3.430599566083E0,-6.609931945227E0,
2.290647686530E0));
#4603=CARTESIAN_POINT('',(-3.446988640951E0,-6.628517894656E0,
2.291537538770E0));
#4604=CARTESIAN_POINT('',(-3.486983618885E0,-6.661121652648E0,
2.295873786506E0));
#4605=CARTESIAN_POINT('',(-3.565929731671E0,-6.687175258455E0,
2.309907730586E0));
#4606=CARTESIAN_POINT('',(-3.655856740059E0,-6.679584901508E0,
2.331510954249E0));
#4607=CARTESIAN_POINT('',(-3.743826263603E0,-6.628254895041E0,
2.358476419113E0));
#4608=CARTESIAN_POINT('',(-3.801586831276E0,-6.538548547131E0,
2.380092370910E0));
#4609=CARTESIAN_POINT('',(-3.814613931406E0,-6.467211704729E0,
2.385062221538E0));
#4610=CARTESIAN_POINT('',(-3.815435770053E0,-6.438188543766E0,
2.385454193528E0));
#4611=CARTESIAN_POINT('',(-3.430562837457E0,-6.440088688990E0,
2.290684415157E0));
#4612=CARTESIAN_POINT('',(-3.431530693357E0,-6.458705898590E0,
2.291574264152E0));
#4613=CARTESIAN_POINT('',(-3.440882747747E0,-6.495464784122E0,
2.295910965474E0));
#4614=CARTESIAN_POINT('',(-3.476762504721E0,-6.540097845188E0,
2.309946969329E0));
#4615=CARTESIAN_POINT('',(-3.530139064971E0,-6.562205849194E0,
2.331553677444E0));
#4616=CARTESIAN_POINT('',(-3.591017492485E0,-6.549341938645E0,
2.358523687126E0));
#4617=CARTESIAN_POINT('',(-3.634816341042E0,-6.499149731287E0,
2.380143363926E0));
#4618=CARTESIAN_POINT('',(-3.644986568027E0,-6.453753261610E0,
2.385114074715E0));
#4619=CARTESIAN_POINT('',(-3.645622403719E0,-6.435225370338E0,
2.385506114962E0));
#4620=(BOUNDED_SURFACE()B_SPLINE_SURFACE(3,3,((#4584,#4585,#4586,#4587,#4588,
#4589,#4590,#4591,#4592),(#4593,#4594,#4595,#4596,#4597,#4598,#4599,#4600,
#4601),(#4602,#4603,#4604,#4605,#4606,#4607,#4608,#4609,#4610),(#4611,#4612,
#4613,#4614,#4615,#4616,#4617,#4618,#4619)),.UNSPECIFIED.,.F.,.F.,.F.)B_SPLINE_SURFACE_WITH_KNOTS((4,4),(4,1,1,1,1,1,4),(0.E0,1.000000017876E0),(0.E0,
1.650985069172E-1,3.326707052426E-1,5.005270482754E-1,6.685850495998E-1,
8.352571578678E-1,9.485087747528E-1),.UNSPECIFIED.)GEOMETRIC_REPRESENTATION_ITEM()RATIONAL_B_SPLINE_SURFACE(((1.171510179652E0,1.171510179652E0,1.171510179652E0,
1.171510179652E0,1.171510179652E0,1.171510179652E0,1.171510179652E0,
1.171510179652E0,1.171510179652E0),(9.428299360281E-1,9.428299360281E-1,
9.428299360281E-1,9.428299360281E-1,9.428299360281E-1,9.428299360281E-1,
9.428299360281E-1,9.428299360281E-1,9.428299360281E-1),(9.428299401159E-1,
9.428299401159E-1,9.428299401159E-1,9.428299401159E-1,9.428299401159E-1,
9.428299401159E-1,9.428299401159E-1,9.428299401159E-1,9.428299401159E-1),(
1.171510191915E0,1.171510191915E0,1.171510191915E0,1.171510191915E0,
1.171510191915E0,1.171510191915E0,1.171510191915E0,1.171510191915E0,
1.171510191915E0)))REPRESENTATION_ITEM('')SURFACE());
#4622=ORIENTED_EDGE('',*,*,#4621,.F.);
#4624=ORIENTED_EDGE('',*,*,#4623,.F.);
#4625=ORIENTED_EDGE('',*,*,#3883,.T.);
#4626=EDGE_LOOP('',(#4622,#4624,#4625));
#4627=FACE_OUTER_BOUND('',#4626,.F.);
#4628=ADVANCED_FACE('',(#4627),#4620,.T.);
#4629=CARTESIAN_POINT('',(-3.635623626307E0,-6.43E0,2.405897674687E0));
#4630=DIRECTION('',(0.E0,0.E0,-1.E0));
#4631=DIRECTION('',(0.E0,-1.E0,0.E0));
#4632=AXIS2_PLACEMENT_3D('',#4629,#4630,#4631);
#4633=CYLINDRICAL_SURFACE('',#4632,3.E-1);
#4634=ORIENTED_EDGE('',*,*,#3730,.F.);
#4635=ORIENTED_EDGE('',*,*,#3127,.T.);
#4636=ORIENTED_EDGE('',*,*,#4621,.T.);
#4638=ORIENTED_EDGE('',*,*,#4637,.T.);
#4639=EDGE_LOOP('',(#4634,#4635,#4636,#4638));
#4640=FACE_OUTER_BOUND('',#4639,.F.);
#4641=ADVANCED_FACE('',(#4640),#4633,.T.);
#4642=CARTESIAN_POINT('',(-3.645223199638E0,-6.453027697190E0,
2.095223199638E0));
#4643=DIRECTION('',(-1.744974916068E-2,9.996954598819E-1,1.744974916068E-2));
#4644=DIRECTION('',(-9.998476951564E-1,-1.745240643728E-2,0.E0));
#4645=AXIS2_PLACEMENT_3D('',#4642,#4643,#4644);
#4646=CYLINDRICAL_SURFACE('',#4645,2.9E-1);
#4647=ORIENTED_EDGE('',*,*,#3125,.F.);
#4649=ORIENTED_EDGE('',*,*,#4648,.T.);
#4650=ORIENTED_EDGE('',*,*,#3314,.F.);
#4651=ORIENTED_EDGE('',*,*,#4623,.T.);
#4652=EDGE_LOOP('',(#4647,#4649,#4650,#4651));
#4653=FACE_OUTER_BOUND('',#4652,.F.);
#4654=ADVANCED_FACE('',(#4653),#4646,.T.);
#4655=CARTESIAN_POINT('',(-3.76E0,1.157341561506E0,2.21E0));
#4656=DIRECTION('',(0.E0,-1.E0,0.E0));
#4657=DIRECTION('',(0.E0,0.E0,1.E0));
#4658=AXIS2_PLACEMENT_3D('',#4655,#4656,#4657);
#4659=CYLINDRICAL_SURFACE('',#4658,2.9E-1);
#4660=ORIENTED_EDGE('',*,*,#3294,.T.);
#4661=ORIENTED_EDGE('',*,*,#4648,.F.);
#4662=ORIENTED_EDGE('',*,*,#3143,.T.);
#4664=ORIENTED_EDGE('',*,*,#4663,.F.);
#4665=EDGE_LOOP('',(#4660,#4661,#4662,#4664));
#4666=FACE_OUTER_BOUND('',#4665,.F.);
#4667=ADVANCED_FACE('',(#4666),#4659,.T.);
#4668=CARTESIAN_POINT('',(-3.759999963061E0,1.12E0,2.5E0));
#4669=CARTESIAN_POINT('',(-3.929878047130E0,1.12E0,2.500000021638E0));
#4670=CARTESIAN_POINT('',(-4.05E0,1.12E0,2.379878084068E0));
#4671=CARTESIAN_POINT('',(-4.05E0,1.12E0,2.209999999999E0));
#4672=CARTESIAN_POINT('',(-3.759999963061E0,1.130466677438E0,2.5E0));
#4673=CARTESIAN_POINT('',(-3.929878047130E0,1.308273245214E0,2.500000021638E0));
#4674=CARTESIAN_POINT('',(-4.05E0,1.434001483035E0,2.379878084068E0));
#4675=CARTESIAN_POINT('',(-4.05E0,1.434001483035E0,2.209999999999E0));
#4676=CARTESIAN_POINT('',(-3.750330013537E0,1.134472100361E0,2.5E0));
#4677=CARTESIAN_POINT('',(-3.755936240984E0,1.380322276699E0,2.500000021638E0));
#4678=CARTESIAN_POINT('',(-3.759900442680E0,1.554164614614E0,2.379878084069E0));
#4679=CARTESIAN_POINT('',(-3.759900442680E0,1.554164614614E0,2.21E0));
#4680=CARTESIAN_POINT('',(-3.742928956665E0,1.127071040048E0,2.5E0));
#4681=CARTESIAN_POINT('',(-3.622806983523E0,1.247192957346E0,2.500000021639E0));
#4682=CARTESIAN_POINT('',(-3.537867916335E0,1.332131985046E0,2.379878084069E0));
#4683=CARTESIAN_POINT('',(-3.537867916334E0,1.332131985046E0,2.21E0));
#4684=(BOUNDED_SURFACE()B_SPLINE_SURFACE(3,3,((#4668,#4669,#4670,#4671),(#4672,
#4673,#4674,#4675),(#4676,#4677,#4678,#4679),(#4680,#4681,#4682,#4683)),
.UNSPECIFIED.,.F.,.F.,.F.)B_SPLINE_SURFACE_WITH_KNOTS((4,4),(4,4),(0.E0,1.E0),(
0.E0,1.E0),.UNSPECIFIED.)GEOMETRIC_REPRESENTATION_ITEM()RATIONAL_B_SPLINE_SURFACE(((1.694636631523E0,1.363738195495E0,1.363738195495E0,1.694636631523E0),(
9.972183310394E-1,8.024993098749E-1,8.024993098749E-1,9.972183310394E-1),(
9.972183310394E-1,8.024993098749E-1,8.024993098749E-1,9.972183310394E-1),(
1.694636631523E0,1.363738195495E0,1.363738195495E0,1.694636631523E0)))REPRESENTATION_ITEM('')SURFACE());
#4685=ORIENTED_EDGE('',*,*,#3296,.F.);
#4686=ORIENTED_EDGE('',*,*,#4663,.T.);
#4687=ORIENTED_EDGE('',*,*,#3160,.T.);
#4688=ORIENTED_EDGE('',*,*,#3277,.T.);
#4689=EDGE_LOOP('',(#4685,#4686,#4687,#4688));
#4690=FACE_OUTER_BOUND('',#4689,.F.);
#4691=ADVANCED_FACE('',(#4690),#4684,.T.);
#4692=CARTESIAN_POINT('',(-4.05E0,1.119999999984E0,-2.209999999999E0));
#4693=CARTESIAN_POINT('',(-4.05E0,1.119999999985E0,-2.379878084069E0));
#4694=CARTESIAN_POINT('',(-3.929878047130E0,1.119999999991E0,
-2.500000021639E0));
#4695=CARTESIAN_POINT('',(-3.759999963061E0,1.12E0,-2.5E0));
#4696=CARTESIAN_POINT('',(-4.050000000016E0,1.434001429729E0,
-2.209999999999E0));
#4697=CARTESIAN_POINT('',(-4.050000000016E0,1.434001429730E0,
-2.379878084068E0));
#4698=CARTESIAN_POINT('',(-3.929878047139E0,1.308273213253E0,
-2.500000021638E0));
#4699=CARTESIAN_POINT('',(-3.759999963061E0,1.130466675661E0,-2.5E0));
#4700=CARTESIAN_POINT('',(-3.759900505895E0,1.554164574631E0,
-2.209999999999E0));
#4701=CARTESIAN_POINT('',(-3.759900505895E0,1.554164574632E0,
-2.379878084068E0));
#4702=CARTESIAN_POINT('',(-3.755936278887E0,1.380322252726E0,
-2.500000021638E0));
#4703=CARTESIAN_POINT('',(-3.750330015644E0,1.134472099029E0,-2.5E0));
#4704=CARTESIAN_POINT('',(-3.537867965632E0,1.332132034345E0,-2.21E0));
#4705=CARTESIAN_POINT('',(-3.537867965632E0,1.332132034345E0,
-2.379878084069E0));
#4706=CARTESIAN_POINT('',(-3.622807013081E0,1.247192986906E0,
-2.500000021639E0));
#4707=CARTESIAN_POINT('',(-3.742928958308E0,1.127071041692E0,-2.5E0));
#4708=(BOUNDED_SURFACE()B_SPLINE_SURFACE(3,3,((#4692,#4693,#4694,#4695),(#4696,
#4697,#4698,#4699),(#4700,#4701,#4702,#4703),(#4704,#4705,#4706,#4707)),
.UNSPECIFIED.,.F.,.F.,.F.)B_SPLINE_SURFACE_WITH_KNOTS((4,4),(4,4),(0.E0,1.E0),(
0.E0,1.E0),.UNSPECIFIED.)GEOMETRIC_REPRESENTATION_ITEM()RATIONAL_B_SPLINE_SURFACE(((1.694636499980E0,1.363738089636E0,1.363738089636E0,1.694636499980E0),(
9.972183748880E-1,8.024993451609E-1,8.024993451609E-1,9.972183748880E-1),(
9.972183748880E-1,8.024993451609E-1,8.024993451609E-1,9.972183748880E-1),(
1.694636499980E0,1.363738089636E0,1.363738089636E0,1.694636499980E0)))REPRESENTATION_ITEM('')SURFACE());
#4709=ORIENTED_EDGE('',*,*,#3622,.F.);
#4710=ORIENTED_EDGE('',*,*,#3640,.T.);
#4711=ORIENTED_EDGE('',*,*,#3581,.T.);
#4712=ORIENTED_EDGE('',*,*,#3607,.T.);
#4713=EDGE_LOOP('',(#4709,#4710,#4711,#4712));
#4714=FACE_OUTER_BOUND('',#4713,.F.);
#4715=ADVANCED_FACE('',(#4714),#4708,.T.);
#4716=OPEN_SHELL('',(#3041,#3058,#3085,#3099,#3116,#3135,#3150,#3165,#3192,
#3207,#3219,#3234,#3256,#3269,#3285,#3300,#3319,#3332,#3348,#3362,#3388,#3403,
#3430,#3446,#3460,#3472,#3490,#3506,#3522,#3544,#3559,#3572,#3586,#3599,#3614,
#3629,#3644,#3658,#3676,#3689,#3734,#3756,#3801,#3824,#3865,#3887,#3932,#3946,
#3959,#3973,#3985,#4002,#4017,#4032,#4057,#4069,#4082,#4097,#4111,#4125,#4138,
#4182,#4195,#4219,#4264,#4287,#4327,#4340,#4355,#4370,#4387,#4402,#4417,#4429,
#4445,#4463,#4477,#4494,#4507,#4522,#4541,#4556,#4569,#4583,#4628,#4641,#4654,
#4667,#4691,#4715));
#4717=CARTESIAN_POINT('',(2.735360008499E-7,-1.278E1,-3.292069736470E-7));
#4718=DIRECTION('',(0.E0,-1.E0,0.E0));
#4719=DIRECTION('',(-5.870868549646E-1,0.E0,8.095239494467E-1));
#4720=AXIS2_PLACEMENT_3D('',#4717,#4718,#4719);
#4722=CARTESIAN_POINT('',(-1.232882447619E0,-1.278E1,-1.700000810707E0));
#4723=CARTESIAN_POINT('',(-1.239948154053E0,-1.275822202785E1,
-1.721778782858E0));
#4724=CARTESIAN_POINT('',(-1.254052068958E0,-1.271436843522E1,
-1.765634183613E0));
#4725=CARTESIAN_POINT('',(-1.275149514538E0,-1.264769985391E1,
-1.832295679186E0));
#4726=CARTESIAN_POINT('',(-1.289151973976E0,-1.260266498887E1,
-1.877336673307E0));
#4727=CARTESIAN_POINT('',(-1.296146498727E0,-1.258000011082E1,
-1.900001551360E0));
#4729=CARTESIAN_POINT('',(2.735360008499E-7,-1.258000011082E1,
-3.292069736470E-7));
#4730=DIRECTION('',(0.E0,1.E0,0.E0));
#4731=DIRECTION('',(-5.635420163358E-1,0.E0,-8.260874020491E-1));
#4732=AXIS2_PLACEMENT_3D('',#4729,#4730,#4731);
#4734=CARTESIAN_POINT('',(2.735360008499E-7,-1.258000011082E1,
-3.292069736470E-7));
#4735=DIRECTION('',(0.E0,1.E0,0.E0));
#4736=DIRECTION('',(-1.E0,0.E0,1.431334497976E-7));
#4737=AXIS2_PLACEMENT_3D('',#4734,#4735,#4736);
#4739=CARTESIAN_POINT('',(-1.296146381717E0,-1.258000011082E1,
1.900000972768E0));
#4740=CARTESIAN_POINT('',(-1.289280775473E0,-1.260224724709E1,
1.877753836496E0));
#4741=CARTESIAN_POINT('',(-1.275453201395E0,-1.264672694015E1,
1.833268433581E0));
#4742=CARTESIAN_POINT('',(-1.254362625670E0,-1.271339597170E1,
1.766606201828E0));
#4743=CARTESIAN_POINT('',(-1.240082975995E0,-1.275780609287E1,
1.722194149542E0));
#4744=CARTESIAN_POINT('',(-1.232882323347E0,-1.278E1,1.700000242417E0));
#4746=CARTESIAN_POINT('',(-2.735360007389E-7,-1.278E1,3.292069613474E-7));
#4747=DIRECTION('',(0.E0,-1.E0,0.E0));
#4748=DIRECTION('',(5.870868549642E-1,0.E0,-8.095239494470E-1));
#4749=AXIS2_PLACEMENT_3D('',#4746,#4747,#4748);
#4751=CARTESIAN_POINT('',(1.232882447619E0,-1.278E1,1.700000810707E0));
#4752=CARTESIAN_POINT('',(1.239948154053E0,-1.275822202785E1,1.721778782858E0));
#4753=CARTESIAN_POINT('',(1.254052068958E0,-1.271436843522E1,1.765634183613E0));
#4754=CARTESIAN_POINT('',(1.275149514538E0,-1.264769985391E1,1.832295679186E0));
#4755=CARTESIAN_POINT('',(1.289151973976E0,-1.260266498887E1,1.877336673307E0));
#4756=CARTESIAN_POINT('',(1.296146498727E0,-1.258000011082E1,1.900001551360E0));
#4758=CARTESIAN_POINT('',(-2.735360007389E-7,-1.258000011082E1,
3.292069613474E-7));
#4759=DIRECTION('',(0.E0,1.E0,0.E0));
#4760=DIRECTION('',(5.635420163358E-1,0.E0,8.260874020491E-1));
#4761=AXIS2_PLACEMENT_3D('',#4758,#4759,#4760);
#4763=CARTESIAN_POINT('',(-2.735360007389E-7,-1.258000011082E1,
3.292069613474E-7));
#4764=DIRECTION('',(0.E0,1.E0,0.E0));
#4765=DIRECTION('',(1.E0,0.E0,-1.431334445910E-7));
#4766=AXIS2_PLACEMENT_3D('',#4763,#4764,#4765);
#4768=CARTESIAN_POINT('',(1.296146381716E0,-1.258000011082E1,
-1.900000972769E0));
#4769=CARTESIAN_POINT('',(1.289280775472E0,-1.260224724709E1,
-1.877753836498E0));
#4770=CARTESIAN_POINT('',(1.275453201395E0,-1.264672694015E1,
-1.833268433584E0));
#4771=CARTESIAN_POINT('',(1.254362625670E0,-1.271339597169E1,
-1.766606201832E0));
#4772=CARTESIAN_POINT('',(1.240082975995E0,-1.275780609287E1,
-1.722194149544E0));
#4773=CARTESIAN_POINT('',(1.232882323346E0,-1.278E1,-1.700000242418E0));
#4775=CARTESIAN_POINT('',(-1.296146498727E0,-1.258000011082E1,
-1.900001551360E0));
#4776=CARTESIAN_POINT('',(-2.299999965471E0,-1.258000011082E1,0.E0));
#4777=VERTEX_POINT('',#4775);
#4778=VERTEX_POINT('',#4776);
#4779=CARTESIAN_POINT('',(-1.296146381717E0,-1.258000011082E1,
1.900000972768E0));
#4780=VERTEX_POINT('',#4779);
#4781=CARTESIAN_POINT('',(-1.232882447619E0,-1.278E1,-1.700000810707E0));
#4782=CARTESIAN_POINT('',(-1.232882323347E0,-1.278E1,1.700000242417E0));
#4783=VERTEX_POINT('',#4781);
#4784=VERTEX_POINT('',#4782);
#4785=CARTESIAN_POINT('',(1.232882447619E0,-1.278E1,1.700000810707E0));
#4786=CARTESIAN_POINT('',(1.232882323346E0,-1.278E1,-1.700000242418E0));
#4787=VERTEX_POINT('',#4785);
#4788=VERTEX_POINT('',#4786);
#4789=VERTEX_POINT('',#4756);
#4790=CARTESIAN_POINT('',(2.299999965471E0,-1.258000011082E1,0.E0));
#4791=VERTEX_POINT('',#4790);
#4792=CARTESIAN_POINT('',(1.296146381716E0,-1.258000011082E1,
-1.900000972769E0));
#4793=VERTEX_POINT('',#4792);
#4794=CARTESIAN_POINT('',(2.735360008499E-7,-1.268000005541E1,
-3.292069736470E-7));
#4795=DIRECTION('',(0.E0,1.E0,0.E0));
#4796=DIRECTION('',(0.E0,0.E0,1.E0));
#4797=AXIS2_PLACEMENT_3D('',#4794,#4795,#4796);
#4798=CONICAL_SURFACE('',#4797,2.200000291077E0,4.500000095695E1);
#4800=ORIENTED_EDGE('',*,*,#4799,.T.);
#4802=ORIENTED_EDGE('',*,*,#4801,.T.);
#4804=ORIENTED_EDGE('',*,*,#4803,.T.);
#4806=ORIENTED_EDGE('',*,*,#4805,.T.);
#4808=ORIENTED_EDGE('',*,*,#4807,.T.);
#4809=EDGE_LOOP('',(#4800,#4802,#4804,#4806,#4808));
#4810=FACE_OUTER_BOUND('',#4809,.F.);
#4811=ADVANCED_FACE('',(#4810),#4798,.T.);
#4812=CARTESIAN_POINT('',(-2.735360007389E-7,-1.268000005541E1,
3.292069613474E-7));
#4813=DIRECTION('',(0.E0,1.E0,0.E0));
#4814=DIRECTION('',(0.E0,0.E0,1.E0));
#4815=AXIS2_PLACEMENT_3D('',#4812,#4813,#4814);
#4816=CONICAL_SURFACE('',#4815,2.200000291077E0,4.500000095695E1);
#4818=ORIENTED_EDGE('',*,*,#4817,.T.);
#4820=ORIENTED_EDGE('',*,*,#4819,.T.);
#4822=ORIENTED_EDGE('',*,*,#4821,.T.);
#4824=ORIENTED_EDGE('',*,*,#4823,.T.);
#4826=ORIENTED_EDGE('',*,*,#4825,.T.);
#4827=EDGE_LOOP('',(#4818,#4820,#4822,#4824,#4826));
#4828=FACE_OUTER_BOUND('',#4827,.F.);
#4829=ADVANCED_FACE('',(#4828),#4816,.T.);
#4830=OPEN_SHELL('',(#4811,#4829));
#4831=DIRECTION('',(-1.535005856246E-1,9.881485567529E-1,0.E0));
#4832=VECTOR('',#4831,6.328952819156E0);
#4833=CARTESIAN_POINT('',(3.713596585413E-1,-1.709879104471E1,0.E0));
#4834=LINE('',#4833,#4832);
#4835=CARTESIAN_POINT('',(2.312871550338E-1,-1.066812051351E1,0.E0));
#4836=DIRECTION('',(-2.079116908178E-1,9.781476007338E-1,0.E0));
#4837=DIRECTION('',(-9.781476007338E-1,-2.079116908178E-1,0.E0));
#4838=AXIS2_PLACEMENT_3D('',#4835,#4836,#4837);
#4840=DIRECTION('',(-2.616864640911E-1,9.651529384048E-1,0.E0));
#4841=VECTOR('',#4840,6.328952819156E0);
#4842=CARTESIAN_POINT('',(2.718913900302E0,-1.659980298675E1,0.E0));
#4843=LINE('',#4842,#4841);
#4844=CARTESIAN_POINT('',(2.312871550338E-1,-1.066812051351E1,0.E0));
#4845=DIRECTION('',(-2.079116908178E-1,9.781476007338E-1,0.E0));
#4846=DIRECTION('',(9.781476007338E-1,2.079116908178E-1,0.E0));
#4847=AXIS2_PLACEMENT_3D('',#4844,#4845,#4846);
#4849=CARTESIAN_POINT('',(1.558955296821E0,-1.691430802876E1,0.E0));
#4850=DIRECTION('',(0.E0,0.E0,1.E0));
#4851=DIRECTION('',(2.079116908178E-1,-9.781476007338E-1,0.E0));
#4852=AXIS2_PLACEMENT_3D('',#4849,#4850,#4851);
#4854=CARTESIAN_POINT('',(1.545136779422E0,-1.684929701573E1,0.E0));
#4855=DIRECTION('',(-2.079116908178E-1,9.781476007338E-1,0.E0));
#4856=DIRECTION('',(9.781476007338E-1,2.079116908178E-1,0.E0));
#4857=AXIS2_PLACEMENT_3D('',#4854,#4855,#4856);
#4859=CARTESIAN_POINT('',(1.558955296821E0,-1.691430802876E1,0.E0));
#4860=DIRECTION('',(0.E0,0.E0,-1.E0));
#4861=DIRECTION('',(2.079116908178E-1,-9.781476007338E-1,0.E0));
#4862=AXIS2_PLACEMENT_3D('',#4859,#4860,#4861);
#4864=CARTESIAN_POINT('',(1.545136779422E0,-1.684929701573E1,0.E0));
#4865=DIRECTION('',(-2.079116908178E-1,9.781476007338E-1,0.E0));
#4866=DIRECTION('',(-9.781476007338E-1,-2.079116908178E-1,0.E0));
#4867=AXIS2_PLACEMENT_3D('',#4864,#4865,#4866);
#4869=CARTESIAN_POINT('',(2.718913900302E0,-1.659980298675E1,0.E0));
#4870=CARTESIAN_POINT('',(1.062712615658E0,-1.049139557631E1,0.E0));
#4871=VERTEX_POINT('',#4869);
#4872=VERTEX_POINT('',#4870);
#4873=CARTESIAN_POINT('',(3.713596585416E-1,-1.709879104471E1,0.E0));
#4874=VERTEX_POINT('',#4873);
#4875=CARTESIAN_POINT('',(-6.001383055900E-1,-1.084484545070E1,0.E0));
#4876=VERTEX_POINT('',#4875);
#4877=CARTESIAN_POINT('',(1.808831710115E0,-1.808988412638E1,0.E0));
#4878=VERTEX_POINT('',#4877);
#4879=CARTESIAN_POINT('',(8.882119672277E-1,-1.375870876462E1,0.E0));
#4880=DIRECTION('',(2.079116908178E-1,-9.781476007338E-1,0.E0));
#4881=DIRECTION('',(9.781476007338E-1,2.079116908178E-1,0.E0));
#4882=AXIS2_PLACEMENT_3D('',#4879,#4880,#4881);
#4883=CONICAL_SURFACE('',#4882,1.025E0,3.170154515080E0);
#4885=ORIENTED_EDGE('',*,*,#4884,.F.);
#4887=ORIENTED_EDGE('',*,*,#4886,.F.);
#4889=ORIENTED_EDGE('',*,*,#4888,.T.);
#4891=ORIENTED_EDGE('',*,*,#4890,.T.);
#4892=EDGE_LOOP('',(#4885,#4887,#4889,#4891));
#4893=FACE_OUTER_BOUND('',#4892,.F.);
#4894=ADVANCED_FACE('',(#4893),#4883,.T.);
#4895=CARTESIAN_POINT('',(8.882119672277E-1,-1.375870876462E1,0.E0));
#4896=DIRECTION('',(2.079116908178E-1,-9.781476007338E-1,0.E0));
#4897=DIRECTION('',(9.781476007338E-1,2.079116908178E-1,0.E0));
#4898=AXIS2_PLACEMENT_3D('',#4895,#4896,#4897);
#4899=CONICAL_SURFACE('',#4898,1.025E0,3.170154515080E0);
#4900=ORIENTED_EDGE('',*,*,#4884,.T.);
#4902=ORIENTED_EDGE('',*,*,#4901,.T.);
#4903=ORIENTED_EDGE('',*,*,#4888,.F.);
#4905=ORIENTED_EDGE('',*,*,#4904,.F.);
#4906=EDGE_LOOP('',(#4900,#4902,#4903,#4905));
#4907=FACE_OUTER_BOUND('',#4906,.F.);
#4908=ADVANCED_FACE('',(#4907),#4899,.T.);
#4909=CARTESIAN_POINT('',(1.558955296821E0,-1.691430802876E1,0.E0));
#4910=DIRECTION('',(2.079116908178E-1,-9.781476007338E-1,0.E0));
#4911=DIRECTION('',(9.781476007338E-1,2.079116908178E-1,0.E0));
#4912=AXIS2_PLACEMENT_3D('',#4909,#4910,#4911);
#4913=SPHERICAL_SURFACE('',#4912,1.201839166959E0);
#4915=ORIENTED_EDGE('',*,*,#4914,.T.);
#4916=ORIENTED_EDGE('',*,*,#4904,.T.);
#4918=ORIENTED_EDGE('',*,*,#4917,.F.);
#4919=EDGE_LOOP('',(#4915,#4916,#4918));
#4920=FACE_OUTER_BOUND('',#4919,.F.);
#4921=ADVANCED_FACE('',(#4920),#4913,.T.);
#4922=CARTESIAN_POINT('',(1.558955296821E0,-1.691430802876E1,0.E0));
#4923=DIRECTION('',(2.079116908178E-1,-9.781476007338E-1,0.E0));
#4924=DIRECTION('',(9.781476007338E-1,2.079116908178E-1,0.E0));
#4925=AXIS2_PLACEMENT_3D('',#4922,#4923,#4924);
#4926=SPHERICAL_SURFACE('',#4925,1.201839166959E0);
#4927=ORIENTED_EDGE('',*,*,#4914,.F.);
#4928=ORIENTED_EDGE('',*,*,#4917,.T.);
#4929=ORIENTED_EDGE('',*,*,#4886,.T.);
#4930=EDGE_LOOP('',(#4927,#4928,#4929));
#4931=FACE_OUTER_BOUND('',#4930,.F.);
#4932=ADVANCED_FACE('',(#4931),#4926,.T.);
#4933=OPEN_SHELL('',(#4894,#4908,#4921,#4932));
#4934=DIRECTION('',(0.E0,0.E0,1.E0));
#4935=VECTOR('',#4934,1.E-1);
#4936=CARTESIAN_POINT('',(-2.75E0,-6.73E0,-2.65E0));
#4937=LINE('',#4936,#4935);
#4938=CARTESIAN_POINT('',(0.E0,-7.83E0,0.E0));
#4939=DIRECTION('',(0.E0,1.E0,0.E0));
#4940=DIRECTION('',(5.108849045109E-1,0.E0,8.596491228070E-1));
#4941=AXIS2_PLACEMENT_3D('',#4938,#4939,#4940);
#4943=DIRECTION('',(-1.E0,0.E0,0.E0));
#4944=VECTOR('',#4943,2.912043955712E0);
#4945=CARTESIAN_POINT('',(1.456021977856E0,-7.83E0,-2.45E0));
#4946=LINE('',#4945,#4944);
#4947=CARTESIAN_POINT('',(0.E0,-7.83E0,0.E0));
#4948=DIRECTION('',(0.E0,1.E0,0.E0));
#4949=DIRECTION('',(-5.108849045109E-1,0.E0,-8.596491228070E-1));
#4950=AXIS2_PLACEMENT_3D('',#4947,#4948,#4949);
#4952=DIRECTION('',(-1.E0,0.E0,0.E0));
#4953=VECTOR('',#4952,2.912043955712E0);
#4954=CARTESIAN_POINT('',(1.456021977856E0,-7.83E0,2.45E0));
#4955=LINE('',#4954,#4953);
#4956=DIRECTION('',(1.E0,0.E0,0.E0));
#4957=VECTOR('',#4956,2.965604739296E0);
#4958=CARTESIAN_POINT('',(-1.482802369648E0,-7.13E0,2.548378584292E0));
#4959=LINE('',#4958,#4957);
#4960=CARTESIAN_POINT('',(1.456021977856E0,-7.83E0,2.45E0));
#4961=CARTESIAN_POINT('',(1.459025530616E0,-7.752206972094E0,2.460933097076E0));
#4962=CARTESIAN_POINT('',(1.464959540692E0,-7.596629026897E0,2.482798151356E0));
#4963=CARTESIAN_POINT('',(1.473886093053E0,-7.363295683664E0,2.515591014177E0));
#4964=CARTESIAN_POINT('',(1.479854220514E0,-7.207762497488E0,2.537449777986E0));
#4965=CARTESIAN_POINT('',(1.482802369648E0,-7.13E0,2.548378584292E0));
#4967=CARTESIAN_POINT('',(0.E0,-7.13E0,0.E0));
#4968=DIRECTION('',(0.E0,1.E0,0.E0));
#4969=DIRECTION('',(5.029212929262E-1,0.E0,8.643322122433E-1));
#4970=AXIS2_PLACEMENT_3D('',#4967,#4968,#4969);
#4972=CARTESIAN_POINT('',(1.482802369648E0,-7.13E0,-2.548378584292E0));
#4973=CARTESIAN_POINT('',(1.479854220514E0,-7.207762497487E0,
-2.537449777986E0));
#4974=CARTESIAN_POINT('',(1.473886093053E0,-7.363295683663E0,
-2.515591014177E0));
#4975=CARTESIAN_POINT('',(1.464959540692E0,-7.596629026896E0,
-2.482798151355E0));
#4976=CARTESIAN_POINT('',(1.459025530616E0,-7.752206972093E0,
-2.460933097076E0));
#4977=CARTESIAN_POINT('',(1.456021977856E0,-7.83E0,-2.45E0));
#4979=CARTESIAN_POINT('',(-1.482802369648E0,-7.13E0,2.548378584292E0));
#4980=CARTESIAN_POINT('',(-1.479854220514E0,-7.207762497487E0,
2.537449777987E0));
#4981=CARTESIAN_POINT('',(-1.473886093053E0,-7.363295683662E0,
2.515591014178E0));
#4982=CARTESIAN_POINT('',(-1.464959540692E0,-7.596629026896E0,
2.482798151356E0));
#4983=CARTESIAN_POINT('',(-1.459025530616E0,-7.752206972093E0,
2.460933097076E0));
#4984=CARTESIAN_POINT('',(-1.456021977856E0,-7.83E0,2.45E0));
#4986=CARTESIAN_POINT('',(-1.456021977856E0,-7.83E0,-2.45E0));
#4987=CARTESIAN_POINT('',(-1.459025530616E0,-7.752206972093E0,
-2.460933097076E0));
#4988=CARTESIAN_POINT('',(-1.464959540692E0,-7.596629026895E0,
-2.482798151355E0));
#4989=CARTESIAN_POINT('',(-1.473886093053E0,-7.363295683662E0,
-2.515591014177E0));
#4990=CARTESIAN_POINT('',(-1.479854220514E0,-7.207762497487E0,
-2.537449777986E0));
#4991=CARTESIAN_POINT('',(-1.482802369648E0,-7.13E0,-2.548378584292E0));
#4993=CARTESIAN_POINT('',(0.E0,-7.13E0,0.E0));
#4994=DIRECTION('',(0.E0,1.E0,0.E0));
#4995=DIRECTION('',(-5.029212929262E-1,0.E0,-8.643322122433E-1));
#4996=AXIS2_PLACEMENT_3D('',#4993,#4994,#4995);
#4998=DIRECTION('',(0.E0,0.E0,-1.E0));
#4999=VECTOR('',#4998,1.E-1);
#5000=CARTESIAN_POINT('',(-2.75E0,-7.13E0,-2.55E0));
#5001=LINE('',#5000,#4999);
#5002=DIRECTION('',(-1.E0,0.E0,0.E0));
#5003=VECTOR('',#5002,1.E0);
#5004=CARTESIAN_POINT('',(-2.75E0,-7.13E0,-2.65E0));
#5005=LINE('',#5004,#5003);
#5006=DIRECTION('',(-1.E0,0.E0,0.E0));
#5007=VECTOR('',#5006,2.965604739296E0);
#5008=CARTESIAN_POINT('',(1.482802369648E0,-7.13E0,-2.548378584292E0));
#5009=LINE('',#5008,#5007);
#5010=DIRECTION('',(0.E0,0.E0,-1.E0));
#5011=VECTOR('',#5010,5.2E0);
#5012=CARTESIAN_POINT('',(3.75E0,-6.73E0,2.55E0));
#5013=LINE('',#5012,#5011);
#5014=CARTESIAN_POINT('',(3.75E0,-7.13E0,-2.65E0));
#5015=DIRECTION('',(-1.E0,0.E0,0.E0));
#5016=DIRECTION('',(0.E0,1.E0,0.E0));
#5017=AXIS2_PLACEMENT_3D('',#5014,#5015,#5016);
#5019=DIRECTION('',(0.E0,0.E0,1.E0));
#5020=VECTOR('',#5019,5.2E0);
#5021=CARTESIAN_POINT('',(3.75E0,-7.13E0,-2.65E0));
#5022=LINE('',#5021,#5020);
#5023=DIRECTION('',(0.E0,1.E0,0.E0));
#5024=VECTOR('',#5023,4.E-1);
#5025=CARTESIAN_POINT('',(3.75E0,-7.13E0,2.55E0));
#5026=LINE('',#5025,#5024);
#5027=DIRECTION('',(-1.E0,0.E0,0.E0));
#5028=VECTOR('',#5027,1.E0);
#5029=CARTESIAN_POINT('',(3.75E0,-6.73E0,-2.65E0));
#5030=LINE('',#5029,#5028);
#5031=DIRECTION('',(1.E0,0.E0,0.E0));
#5032=VECTOR('',#5031,1.E0);
#5033=CARTESIAN_POINT('',(2.75E0,-7.13E0,-3.05E0));
#5034=LINE('',#5033,#5032);
#5035=DIRECTION('',(0.E0,0.E0,-1.E0));
#5036=VECTOR('',#5035,1.E-1);
#5037=CARTESIAN_POINT('',(2.75E0,-7.13E0,-2.55E0));
#5038=LINE('',#5037,#5036);
#5039=DIRECTION('',(0.E0,-1.E0,0.E0));
#5040=VECTOR('',#5039,1.1E0);
#5041=CARTESIAN_POINT('',(2.75E0,-7.13E0,-2.65E0));
#5042=LINE('',#5041,#5040);
#5043=DIRECTION('',(0.E0,0.E0,-1.E0));
#5044=VECTOR('',#5043,4.E-1);
#5045=CARTESIAN_POINT('',(2.75E0,-8.23E0,-2.65E0));
#5046=LINE('',#5045,#5044);
#5047=DIRECTION('',(0.E0,1.E0,0.E0));
#5048=VECTOR('',#5047,1.1E0);
#5049=CARTESIAN_POINT('',(2.75E0,-8.23E0,-3.05E0));
#5050=LINE('',#5049,#5048);
#5051=CARTESIAN_POINT('',(2.75E0,-7.13E0,-2.65E0));
#5052=DIRECTION('',(1.E0,0.E0,0.E0));
#5053=DIRECTION('',(0.E0,0.E0,-1.E0));
#5054=AXIS2_PLACEMENT_3D('',#5051,#5052,#5053);
#5056=DIRECTION('',(0.E0,0.E0,1.E0));
#5057=VECTOR('',#5056,1.E-1);
#5058=CARTESIAN_POINT('',(2.75E0,-6.73E0,-2.65E0));
#5059=LINE('',#5058,#5057);
#5060=DIRECTION('',(0.E0,-1.E0,0.E0));
#5061=VECTOR('',#5060,1.1E0);
#5062=CARTESIAN_POINT('',(3.75E0,-7.13E0,-2.65E0));
#5063=LINE('',#5062,#5061);
#5064=DIRECTION('',(1.E0,0.E0,0.E0));
#5065=VECTOR('',#5064,1.E0);
#5066=CARTESIAN_POINT('',(2.75E0,-7.13E0,-2.65E0));
#5067=LINE('',#5066,#5065);
#5068=DIRECTION('',(0.E0,0.E0,-1.E0));
#5069=VECTOR('',#5068,4.E-1);
#5070=CARTESIAN_POINT('',(3.75E0,-8.23E0,-2.65E0));
#5071=LINE('',#5070,#5069);
#5072=DIRECTION('',(1.E0,0.E0,0.E0));
#5073=VECTOR('',#5072,1.E0);
#5074=CARTESIAN_POINT('',(2.75E0,-8.23E0,-2.65E0));
#5075=LINE('',#5074,#5073);
#5076=DIRECTION('',(0.E0,1.E0,0.E0));
#5077=VECTOR('',#5076,1.1E0);
#5078=CARTESIAN_POINT('',(3.75E0,-8.23E0,-3.05E0));
#5079=LINE('',#5078,#5077);
#5080=DIRECTION('',(1.E0,0.E0,0.E0));
#5081=VECTOR('',#5080,1.E0);
#5082=CARTESIAN_POINT('',(2.75E0,-8.23E0,-3.05E0));
#5083=LINE('',#5082,#5081);
#5084=DIRECTION('',(0.E0,1.E0,0.E0));
#5085=VECTOR('',#5084,4.E-1);
#5086=CARTESIAN_POINT('',(2.75E0,-7.13E0,-2.55E0));
#5087=LINE('',#5086,#5085);
#5088=DIRECTION('',(-1.E0,0.E0,0.E0));
#5089=VECTOR('',#5088,5.5E0);
#5090=CARTESIAN_POINT('',(2.75E0,-6.73E0,-2.55E0));
#5091=LINE('',#5090,#5089);
#5092=DIRECTION('',(1.E0,0.E0,0.E0));
#5093=VECTOR('',#5092,5.5E0);
#5094=CARTESIAN_POINT('',(-2.75E0,-7.13E0,-2.55E0));
#5095=LINE('',#5094,#5093);
#5096=DIRECTION('',(0.E0,1.E0,0.E0));
#5097=VECTOR('',#5096,4.E-1);
#5098=CARTESIAN_POINT('',(-2.75E0,-7.13E0,-2.55E0));
#5099=LINE('',#5098,#5097);
#5100=CARTESIAN_POINT('',(-2.75E0,-7.13E0,-2.65E0));
#5101=DIRECTION('',(-1.E0,0.E0,0.E0));
#5102=DIRECTION('',(0.E0,1.E0,0.E0));
#5103=AXIS2_PLACEMENT_3D('',#5100,#5101,#5102);
#5105=DIRECTION('',(1.E0,0.E0,0.E0));
#5106=VECTOR('',#5105,1.E0);
#5107=CARTESIAN_POINT('',(-3.75E0,-7.13E0,-3.05E0));
#5108=LINE('',#5107,#5106);
#5109=DIRECTION('',(-1.E0,0.E0,0.E0));
#5110=VECTOR('',#5109,1.E0);
#5111=CARTESIAN_POINT('',(-2.75E0,-6.73E0,-2.65E0));
#5112=LINE('',#5111,#5110);
#5113=DIRECTION('',(0.E0,0.E0,-1.E0));
#5114=VECTOR('',#5113,5.2E0);
#5115=CARTESIAN_POINT('',(-3.75E0,-7.13E0,2.55E0));
#5116=LINE('',#5115,#5114);
#5117=DIRECTION('',(0.E0,-1.E0,0.E0));
#5118=VECTOR('',#5117,1.1E0);
#5119=CARTESIAN_POINT('',(-3.75E0,-7.13E0,-2.65E0));
#5120=LINE('',#5119,#5118);
#5121=DIRECTION('',(0.E0,0.E0,-1.E0));
#5122=VECTOR('',#5121,4.E-1);
#5123=CARTESIAN_POINT('',(-3.75E0,-8.23E0,-2.65E0));
#5124=LINE('',#5123,#5122);
#5125=DIRECTION('',(0.E0,1.E0,0.E0));
#5126=VECTOR('',#5125,1.1E0);
#5127=CARTESIAN_POINT('',(-3.75E0,-8.23E0,-3.05E0));
#5128=LINE('',#5127,#5126);
#5129=CARTESIAN_POINT('',(-3.75E0,-7.13E0,-2.65E0));
#5130=DIRECTION('',(1.E0,0.E0,0.E0));
#5131=DIRECTION('',(0.E0,0.E0,-1.E0));
#5132=AXIS2_PLACEMENT_3D('',#5129,#5130,#5131);
#5134=DIRECTION('',(0.E0,0.E0,1.E0));
#5135=VECTOR('',#5134,5.2E0);
#5136=CARTESIAN_POINT('',(-3.75E0,-6.73E0,-2.65E0));
#5137=LINE('',#5136,#5135);
#5138=DIRECTION('',(0.E0,-1.E0,0.E0));
#5139=VECTOR('',#5138,1.1E0);
#5140=CARTESIAN_POINT('',(-2.75E0,-7.13E0,-2.65E0));
#5141=LINE('',#5140,#5139);
#5142=DIRECTION('',(-1.E0,0.E0,0.E0));
#5143=VECTOR('',#5142,1.E0);
#5144=CARTESIAN_POINT('',(-2.75E0,-8.23E0,-2.65E0));
#5145=LINE('',#5144,#5143);
#5146=DIRECTION('',(0.E0,0.E0,-1.E0));
#5147=VECTOR('',#5146,4.E-1);
#5148=CARTESIAN_POINT('',(-2.75E0,-8.23E0,-2.65E0));
#5149=LINE('',#5148,#5147);
#5150=DIRECTION('',(-1.E0,0.E0,0.E0));
#5151=VECTOR('',#5150,1.E0);
#5152=CARTESIAN_POINT('',(-2.75E0,-8.23E0,-3.05E0));
#5153=LINE('',#5152,#5151);
#5154=DIRECTION('',(0.E0,1.E0,0.E0));
#5155=VECTOR('',#5154,1.1E0);
#5156=CARTESIAN_POINT('',(-2.75E0,-8.23E0,-3.05E0));
#5157=LINE('',#5156,#5155);
#5158=DIRECTION('',(-1.E0,0.E0,0.E0));
#5159=VECTOR('',#5158,7.5E0);
#5160=CARTESIAN_POINT('',(3.75E0,-7.13E0,2.55E0));
#5161=LINE('',#5160,#5159);
#5162=DIRECTION('',(0.E0,1.E0,0.E0));
#5163=VECTOR('',#5162,4.E-1);
#5164=CARTESIAN_POINT('',(-3.75E0,-7.13E0,2.55E0));
#5165=LINE('',#5164,#5163);
#5166=DIRECTION('',(1.E0,0.E0,0.E0));
#5167=VECTOR('',#5166,7.5E0);
#5168=CARTESIAN_POINT('',(-3.75E0,-6.73E0,2.55E0));
#5169=LINE('',#5168,#5167);
#5170=CARTESIAN_POINT('',(2.75E0,-6.73E0,-2.55E0));
#5171=CARTESIAN_POINT('',(-2.75E0,-6.73E0,-2.55E0));
#5172=VERTEX_POINT('',#5170);
#5173=VERTEX_POINT('',#5171);
#5174=CARTESIAN_POINT('',(2.75E0,-6.73E0,-2.65E0));
#5175=VERTEX_POINT('',#5174);
#5176=CARTESIAN_POINT('',(3.75E0,-6.73E0,-2.65E0));
#5177=VERTEX_POINT('',#5176);
#5178=CARTESIAN_POINT('',(3.75E0,-6.73E0,2.55E0));
#5179=VERTEX_POINT('',#5178);
#5180=CARTESIAN_POINT('',(-3.75E0,-6.73E0,2.55E0));
#5181=VERTEX_POINT('',#5180);
#5182=CARTESIAN_POINT('',(-3.75E0,-6.73E0,-2.65E0));
#5183=VERTEX_POINT('',#5182);
#5184=CARTESIAN_POINT('',(-2.75E0,-6.73E0,-2.65E0));
#5185=VERTEX_POINT('',#5184);
#5186=CARTESIAN_POINT('',(1.456021977856E0,-7.83E0,2.45E0));
#5187=CARTESIAN_POINT('',(-1.456021977856E0,-7.83E0,2.45E0));
#5188=VERTEX_POINT('',#5186);
#5189=VERTEX_POINT('',#5187);
#5190=CARTESIAN_POINT('',(1.456021977856E0,-7.83E0,-2.45E0));
#5191=VERTEX_POINT('',#5190);
#5192=CARTESIAN_POINT('',(-1.456021977856E0,-7.83E0,-2.45E0));
#5193=VERTEX_POINT('',#5192);
#5194=VERTEX_POINT('',#4965);
#5195=VERTEX_POINT('',#4979);
#5196=CARTESIAN_POINT('',(1.482802369648E0,-7.13E0,-2.548378584292E0));
#5197=VERTEX_POINT('',#5196);
#5198=VERTEX_POINT('',#4991);
#5199=CARTESIAN_POINT('',(3.75E0,-7.13E0,-2.65E0));
#5200=CARTESIAN_POINT('',(3.75E0,-7.13E0,2.55E0));
#5201=VERTEX_POINT('',#5199);
#5202=VERTEX_POINT('',#5200);
#5203=CARTESIAN_POINT('',(2.75E0,-7.13E0,-2.65E0));
#5204=VERTEX_POINT('',#5203);
#5205=CARTESIAN_POINT('',(2.75E0,-7.13E0,-2.55E0));
#5206=VERTEX_POINT('',#5205);
#5207=CARTESIAN_POINT('',(-2.75E0,-7.13E0,-2.55E0));
#5208=VERTEX_POINT('',#5207);
#5209=CARTESIAN_POINT('',(-2.75E0,-7.13E0,-2.65E0));
#5210=VERTEX_POINT('',#5209);
#5211=CARTESIAN_POINT('',(-3.75E0,-7.13E0,-2.65E0));
#5212=VERTEX_POINT('',#5211);
#5213=CARTESIAN_POINT('',(-3.75E0,-7.13E0,2.55E0));
#5214=VERTEX_POINT('',#5213);
#5215=CARTESIAN_POINT('',(3.75E0,-7.13E0,-3.05E0));
#5216=VERTEX_POINT('',#5215);
#5217=CARTESIAN_POINT('',(3.75E0,-8.23E0,-3.05E0));
#5218=VERTEX_POINT('',#5217);
#5219=CARTESIAN_POINT('',(3.75E0,-8.23E0,-2.65E0));
#5220=VERTEX_POINT('',#5219);
#5221=CARTESIAN_POINT('',(2.75E0,-7.13E0,-3.05E0));
#5222=VERTEX_POINT('',#5221);
#5223=CARTESIAN_POINT('',(2.75E0,-8.23E0,-2.65E0));
#5224=VERTEX_POINT('',#5223);
#5225=CARTESIAN_POINT('',(2.75E0,-8.23E0,-3.05E0));
#5226=VERTEX_POINT('',#5225);
#5227=CARTESIAN_POINT('',(-2.75E0,-7.13E0,-3.05E0));
#5228=VERTEX_POINT('',#5227);
#5229=CARTESIAN_POINT('',(-2.75E0,-8.23E0,-3.05E0));
#5230=VERTEX_POINT('',#5229);
#5231=CARTESIAN_POINT('',(-2.75E0,-8.23E0,-2.65E0));
#5232=VERTEX_POINT('',#5231);
#5233=CARTESIAN_POINT('',(-3.75E0,-7.13E0,-3.05E0));
#5234=VERTEX_POINT('',#5233);
#5235=CARTESIAN_POINT('',(-3.75E0,-8.23E0,-2.65E0));
#5236=VERTEX_POINT('',#5235);
#5237=CARTESIAN_POINT('',(-3.75E0,-8.23E0,-3.05E0));
#5238=VERTEX_POINT('',#5237);
#5239=CARTESIAN_POINT('',(0.E0,-6.73E0,0.E0));
#5240=DIRECTION('',(0.E0,-1.E0,0.E0));
#5241=DIRECTION('',(0.E0,0.E0,-1.E0));
#5242=AXIS2_PLACEMENT_3D('',#5239,#5240,#5241);
#5243=PLANE('',#5242);
#5245=ORIENTED_EDGE('',*,*,#5244,.F.);
#5247=ORIENTED_EDGE('',*,*,#5246,.F.);
#5249=ORIENTED_EDGE('',*,*,#5248,.F.);
#5251=ORIENTED_EDGE('',*,*,#5250,.F.);
#5253=ORIENTED_EDGE('',*,*,#5252,.F.);
#5255=ORIENTED_EDGE('',*,*,#5254,.F.);
#5257=ORIENTED_EDGE('',*,*,#5256,.F.);
#5259=ORIENTED_EDGE('',*,*,#5258,.T.);
#5260=EDGE_LOOP('',(#5245,#5247,#5249,#5251,#5253,#5255,#5257,#5259));
#5261=FACE_OUTER_BOUND('',#5260,.F.);
#5262=ADVANCED_FACE('',(#5261),#5243,.F.);
#5263=CARTESIAN_POINT('',(0.E0,-7.83E0,0.E0));
#5264=DIRECTION('',(0.E0,-1.E0,0.E0));
#5265=DIRECTION('',(0.E0,0.E0,-1.E0));
#5266=AXIS2_PLACEMENT_3D('',#5263,#5264,#5265);
#5267=PLANE('',#5266);
#5269=ORIENTED_EDGE('',*,*,#5268,.F.);
#5271=ORIENTED_EDGE('',*,*,#5270,.T.);
#5273=ORIENTED_EDGE('',*,*,#5272,.T.);
#5275=ORIENTED_EDGE('',*,*,#5274,.T.);
#5276=EDGE_LOOP('',(#5269,#5271,#5273,#5275));
#5277=FACE_OUTER_BOUND('',#5276,.F.);
#5278=ADVANCED_FACE('',(#5277),#5267,.T.);
#5279=CARTESIAN_POINT('',(4.5E0,-7.13E0,2.548378584292E0));
#5280=DIRECTION('',(0.E0,1.391731009601E-1,-9.902680687416E-1));
#5281=DIRECTION('',(0.E0,-9.902680687416E-1,-1.391731009601E-1));
#5282=AXIS2_PLACEMENT_3D('',#5279,#5280,#5281);
#5283=PLANE('',#5282);
#5285=ORIENTED_EDGE('',*,*,#5284,.F.);
#5286=ORIENTED_EDGE('',*,*,#5268,.T.);
#5288=ORIENTED_EDGE('',*,*,#5287,.F.);
#5290=ORIENTED_EDGE('',*,*,#5289,.T.);
#5291=EDGE_LOOP('',(#5285,#5286,#5288,#5290));
#5292=FACE_OUTER_BOUND('',#5291,.F.);
#5293=ADVANCED_FACE('',(#5292),#5283,.F.);
#5294=CARTESIAN_POINT('',(0.E0,-7.48E0,0.E0));
#5295=DIRECTION('',(0.E0,1.E0,0.E0));
#5296=DIRECTION('',(0.E0,0.E0,1.E0));
#5297=AXIS2_PLACEMENT_3D('',#5294,#5295,#5296);
#5298=CONICAL_SURFACE('',#5297,2.899189292146E0,8.E0);
#5299=ORIENTED_EDGE('',*,*,#5284,.T.);
#5301=ORIENTED_EDGE('',*,*,#5300,.T.);
#5303=ORIENTED_EDGE('',*,*,#5302,.T.);
#5304=ORIENTED_EDGE('',*,*,#5270,.F.);
#5305=EDGE_LOOP('',(#5299,#5301,#5303,#5304));
#5306=FACE_OUTER_BOUND('',#5305,.F.);
#5307=ADVANCED_FACE('',(#5306),#5298,.T.);
#5308=CARTESIAN_POINT('',(0.E0,-7.48E0,0.E0));
#5309=DIRECTION('',(0.E0,1.E0,0.E0));
#5310=DIRECTION('',(0.E0,0.E0,1.E0));
#5311=AXIS2_PLACEMENT_3D('',#5308,#5309,#5310);
#5312=CONICAL_SURFACE('',#5311,2.899189292146E0,8.E0);
#5313=ORIENTED_EDGE('',*,*,#5287,.T.);
#5314=ORIENTED_EDGE('',*,*,#5274,.F.);
#5316=ORIENTED_EDGE('',*,*,#5315,.T.);
#5318=ORIENTED_EDGE('',*,*,#5317,.T.);
#5319=EDGE_LOOP('',(#5313,#5314,#5316,#5318));
#5320=FACE_OUTER_BOUND('',#5319,.F.);
#5321=ADVANCED_FACE('',(#5320),#5312,.T.);
#5322=CARTESIAN_POINT('',(0.E0,-7.13E0,0.E0));
#5323=DIRECTION('',(0.E0,-1.E0,0.E0));
#5324=DIRECTION('',(0.E0,0.E0,-1.E0));
#5325=AXIS2_PLACEMENT_3D('',#5322,#5323,#5324);
#5326=PLANE('',#5325);
#5328=ORIENTED_EDGE('',*,*,#5327,.F.);
#5330=ORIENTED_EDGE('',*,*,#5329,.F.);
#5332=ORIENTED_EDGE('',*,*,#5331,.F.);
#5334=ORIENTED_EDGE('',*,*,#5333,.F.);
#5336=ORIENTED_EDGE('',*,*,#5335,.T.);
#5338=ORIENTED_EDGE('',*,*,#5337,.T.);
#5340=ORIENTED_EDGE('',*,*,#5339,.F.);
#5342=ORIENTED_EDGE('',*,*,#5341,.F.);
#5343=EDGE_LOOP('',(#5328,#5330,#5332,#5334,#5336,#5338,#5340,#5342));
#5344=FACE_OUTER_BOUND('',#5343,.F.);
#5345=ADVANCED_FACE('',(#5344),#5326,.T.);
#5346=CARTESIAN_POINT('',(4.5E0,-7.83E0,-2.45E0));
#5347=DIRECTION('',(0.E0,1.391731009601E-1,9.902680687416E-1));
#5348=DIRECTION('',(0.E0,9.902680687416E-1,-1.391731009601E-1));
#5349=AXIS2_PLACEMENT_3D('',#5346,#5347,#5348);
#5350=PLANE('',#5349);
#5351=ORIENTED_EDGE('',*,*,#5302,.F.);
#5353=ORIENTED_EDGE('',*,*,#5352,.T.);
#5354=ORIENTED_EDGE('',*,*,#5315,.F.);
#5355=ORIENTED_EDGE('',*,*,#5272,.F.);
#5356=EDGE_LOOP('',(#5351,#5353,#5354,#5355));
#5357=FACE_OUTER_BOUND('',#5356,.F.);
#5358=ADVANCED_FACE('',(#5357),#5350,.F.);
#5359=CARTESIAN_POINT('',(3.75E0,-6.73E0,-2.55E0));
#5360=DIRECTION('',(1.E0,0.E0,0.E0));
#5361=DIRECTION('',(0.E0,0.E0,1.E0));
#5362=AXIS2_PLACEMENT_3D('',#5359,#5360,#5361);
#5363=PLANE('',#5362);
#5364=ORIENTED_EDGE('',*,*,#5250,.T.);
#5366=ORIENTED_EDGE('',*,*,#5365,.T.);
#5368=ORIENTED_EDGE('',*,*,#5367,.F.);
#5370=ORIENTED_EDGE('',*,*,#5369,.F.);
#5372=ORIENTED_EDGE('',*,*,#5371,.F.);
#5373=ORIENTED_EDGE('',*,*,#5327,.T.);
#5375=ORIENTED_EDGE('',*,*,#5374,.T.);
#5376=EDGE_LOOP('',(#5364,#5366,#5368,#5370,#5372,#5373,#5375));
#5377=FACE_OUTER_BOUND('',#5376,.F.);
#5378=ADVANCED_FACE('',(#5377),#5363,.T.);
#5379=CARTESIAN_POINT('',(3.75E0,-7.13E0,-2.65E0));
#5380=DIRECTION('',(-1.E0,0.E0,0.E0));
#5381=DIRECTION('',(0.E0,0.E0,-1.E0));
#5382=AXIS2_PLACEMENT_3D('',#5379,#5380,#5381);
#5383=CYLINDRICAL_SURFACE('',#5382,4.E-1);
#5384=ORIENTED_EDGE('',*,*,#5365,.F.);
#5385=ORIENTED_EDGE('',*,*,#5248,.T.);
#5387=ORIENTED_EDGE('',*,*,#5386,.F.);
#5389=ORIENTED_EDGE('',*,*,#5388,.T.);
#5390=EDGE_LOOP('',(#5384,#5385,#5387,#5389));
#5391=FACE_OUTER_BOUND('',#5390,.F.);
#5392=ADVANCED_FACE('',(#5391),#5383,.T.);
#5393=CARTESIAN_POINT('',(2.75E0,-6.73E0,0.E0));
#5394=DIRECTION('',(-1.E0,0.E0,0.E0));
#5395=DIRECTION('',(0.E0,0.E0,-1.E0));
#5396=AXIS2_PLACEMENT_3D('',#5393,#5394,#5395);
#5397=PLANE('',#5396);
#5398=ORIENTED_EDGE('',*,*,#5331,.T.);
#5400=ORIENTED_EDGE('',*,*,#5399,.T.);
#5402=ORIENTED_EDGE('',*,*,#5401,.T.);
#5404=ORIENTED_EDGE('',*,*,#5403,.T.);
#5405=ORIENTED_EDGE('',*,*,#5386,.T.);
#5406=ORIENTED_EDGE('',*,*,#5246,.T.);
#5408=ORIENTED_EDGE('',*,*,#5407,.F.);
#5409=EDGE_LOOP('',(#5398,#5400,#5402,#5404,#5405,#5406,#5408));
#5410=FACE_OUTER_BOUND('',#5409,.F.);
#5411=ADVANCED_FACE('',(#5410),#5397,.T.);
#5412=CARTESIAN_POINT('',(3.75E0,-8.23E0,-2.65E0));
#5413=DIRECTION('',(0.E0,0.E0,-1.E0));
#5414=DIRECTION('',(0.E0,1.E0,0.E0));
#5415=AXIS2_PLACEMENT_3D('',#5412,#5413,#5414);
#5416=PLANE('',#5415);
#5417=ORIENTED_EDGE('',*,*,#5371,.T.);
#5419=ORIENTED_EDGE('',*,*,#5418,.F.);
#5420=ORIENTED_EDGE('',*,*,#5399,.F.);
#5421=ORIENTED_EDGE('',*,*,#5329,.T.);
#5422=EDGE_LOOP('',(#5417,#5419,#5420,#5421));
#5423=FACE_OUTER_BOUND('',#5422,.F.);
#5424=ADVANCED_FACE('',(#5423),#5416,.F.);
#5425=CARTESIAN_POINT('',(3.75E0,-8.23E0,-3.05E0));
#5426=DIRECTION('',(0.E0,1.E0,0.E0));
#5427=DIRECTION('',(0.E0,0.E0,1.E0));
#5428=AXIS2_PLACEMENT_3D('',#5425,#5426,#5427);
#5429=PLANE('',#5428);
#5430=ORIENTED_EDGE('',*,*,#5369,.T.);
#5432=ORIENTED_EDGE('',*,*,#5431,.F.);
#5433=ORIENTED_EDGE('',*,*,#5401,.F.);
#5434=ORIENTED_EDGE('',*,*,#5418,.T.);
#5435=EDGE_LOOP('',(#5430,#5432,#5433,#5434));
#5436=FACE_OUTER_BOUND('',#5435,.F.);
#5437=ADVANCED_FACE('',(#5436),#5429,.F.);
#5438=CARTESIAN_POINT('',(3.75E0,-7.13E0,-3.05E0));
#5439=DIRECTION('',(0.E0,0.E0,1.E0));
#5440=DIRECTION('',(0.E0,-1.E0,0.E0));
#5441=AXIS2_PLACEMENT_3D('',#5438,#5439,#5440);
#5442=PLANE('',#5441);
#5443=ORIENTED_EDGE('',*,*,#5367,.T.);
#5444=ORIENTED_EDGE('',*,*,#5388,.F.);
#5445=ORIENTED_EDGE('',*,*,#5403,.F.);
#5446=ORIENTED_EDGE('',*,*,#5431,.T.);
#5447=EDGE_LOOP('',(#5443,#5444,#5445,#5446));
#5448=FACE_OUTER_BOUND('',#5447,.F.);
#5449=ADVANCED_FACE('',(#5448),#5442,.F.);
#5450=CARTESIAN_POINT('',(-3.75E0,-6.73E0,-2.55E0));
#5451=DIRECTION('',(0.E0,0.E0,-1.E0));
#5452=DIRECTION('',(1.E0,0.E0,0.E0));
#5453=AXIS2_PLACEMENT_3D('',#5450,#5451,#5452);
#5454=PLANE('',#5453);
#5455=ORIENTED_EDGE('',*,*,#5407,.T.);
#5456=ORIENTED_EDGE('',*,*,#5244,.T.);
#5458=ORIENTED_EDGE('',*,*,#5457,.F.);
#5459=ORIENTED_EDGE('',*,*,#5333,.T.);
#5460=EDGE_LOOP('',(#5455,#5456,#5458,#5459));
#5461=FACE_OUTER_BOUND('',#5460,.F.);
#5462=ADVANCED_FACE('',(#5461),#5454,.T.);
#5463=CARTESIAN_POINT('',(-2.75E0,-6.73E0,0.E0));
#5464=DIRECTION('',(-1.E0,0.E0,0.E0));
#5465=DIRECTION('',(0.E0,0.E0,-1.E0));
#5466=AXIS2_PLACEMENT_3D('',#5463,#5464,#5465);
#5467=PLANE('',#5466);
#5468=ORIENTED_EDGE('',*,*,#5457,.T.);
#5469=ORIENTED_EDGE('',*,*,#5258,.F.);
#5471=ORIENTED_EDGE('',*,*,#5470,.T.);
#5473=ORIENTED_EDGE('',*,*,#5472,.F.);
#5475=ORIENTED_EDGE('',*,*,#5474,.F.);
#5477=ORIENTED_EDGE('',*,*,#5476,.F.);
#5478=ORIENTED_EDGE('',*,*,#5335,.F.);
#5479=EDGE_LOOP('',(#5468,#5469,#5471,#5473,#5475,#5477,#5478));
#5480=FACE_OUTER_BOUND('',#5479,.F.);
#5481=ADVANCED_FACE('',(#5480),#5467,.F.);
#5482=CARTESIAN_POINT('',(-3.75E0,-7.13E0,-2.65E0));
#5483=DIRECTION('',(-1.E0,0.E0,0.E0));
#5484=DIRECTION('',(0.E0,0.E0,-1.E0));
#5485=AXIS2_PLACEMENT_3D('',#5482,#5483,#5484);
#5486=CYLINDRICAL_SURFACE('',#5485,4.E-1);
#5488=ORIENTED_EDGE('',*,*,#5487,.F.);
#5490=ORIENTED_EDGE('',*,*,#5489,.T.);
#5491=ORIENTED_EDGE('',*,*,#5470,.F.);
#5492=ORIENTED_EDGE('',*,*,#5256,.T.);
#5493=EDGE_LOOP('',(#5488,#5490,#5491,#5492));
#5494=FACE_OUTER_BOUND('',#5493,.F.);
#5495=ADVANCED_FACE('',(#5494),#5486,.T.);
#5496=CARTESIAN_POINT('',(-3.75E0,-6.73E0,2.55E0));
#5497=DIRECTION('',(-1.E0,0.E0,0.E0));
#5498=DIRECTION('',(0.E0,0.E0,-1.E0));
#5499=AXIS2_PLACEMENT_3D('',#5496,#5497,#5498);
#5500=PLANE('',#5499);
#5501=ORIENTED_EDGE('',*,*,#5339,.T.);
#5503=ORIENTED_EDGE('',*,*,#5502,.T.);
#5505=ORIENTED_EDGE('',*,*,#5504,.T.);
#5507=ORIENTED_EDGE('',*,*,#5506,.T.);
#5508=ORIENTED_EDGE('',*,*,#5487,.T.);
#5509=ORIENTED_EDGE('',*,*,#5254,.T.);
#5511=ORIENTED_EDGE('',*,*,#5510,.F.);
#5512=EDGE_LOOP('',(#5501,#5503,#5505,#5507,#5508,#5509,#5511));
#5513=FACE_OUTER_BOUND('',#5512,.F.);
#5514=ADVANCED_FACE('',(#5513),#5500,.T.);
#5515=CARTESIAN_POINT('',(-3.75E0,-8.23E0,-2.65E0));
#5516=DIRECTION('',(0.E0,0.E0,1.E0));
#5517=DIRECTION('',(0.E0,1.E0,0.E0));
#5518=AXIS2_PLACEMENT_3D('',#5515,#5516,#5517);
#5519=PLANE('',#5518);
#5520=ORIENTED_EDGE('',*,*,#5502,.F.);
#5521=ORIENTED_EDGE('',*,*,#5337,.F.);
#5522=ORIENTED_EDGE('',*,*,#5476,.T.);
#5524=ORIENTED_EDGE('',*,*,#5523,.T.);
#5525=EDGE_LOOP('',(#5520,#5521,#5522,#5524));
#5526=FACE_OUTER_BOUND('',#5525,.F.);
#5527=ADVANCED_FACE('',(#5526),#5519,.T.);
#5528=CARTESIAN_POINT('',(-3.75E0,-8.23E0,-3.05E0));
#5529=DIRECTION('',(0.E0,-1.E0,0.E0));
#5530=DIRECTION('',(0.E0,0.E0,1.E0));
#5531=AXIS2_PLACEMENT_3D('',#5528,#5529,#5530);
#5532=PLANE('',#5531);
#5533=ORIENTED_EDGE('',*,*,#5504,.F.);
#5534=ORIENTED_EDGE('',*,*,#5523,.F.);
#5535=ORIENTED_EDGE('',*,*,#5474,.T.);
#5537=ORIENTED_EDGE('',*,*,#5536,.T.);
#5538=EDGE_LOOP('',(#5533,#5534,#5535,#5537));
#5539=FACE_OUTER_BOUND('',#5538,.F.);
#5540=ADVANCED_FACE('',(#5539),#5532,.T.);
#5541=CARTESIAN_POINT('',(-3.75E0,-7.13E0,-3.05E0));
#5542=DIRECTION('',(0.E0,0.E0,-1.E0));
#5543=DIRECTION('',(0.E0,-1.E0,0.E0));
#5544=AXIS2_PLACEMENT_3D('',#5541,#5542,#5543);
#5545=PLANE('',#5544);
#5546=ORIENTED_EDGE('',*,*,#5506,.F.);
#5547=ORIENTED_EDGE('',*,*,#5536,.F.);
#5548=ORIENTED_EDGE('',*,*,#5472,.T.);
#5549=ORIENTED_EDGE('',*,*,#5489,.F.);
#5550=EDGE_LOOP('',(#5546,#5547,#5548,#5549));
#5551=FACE_OUTER_BOUND('',#5550,.F.);
#5552=ADVANCED_FACE('',(#5551),#5545,.T.);
#5553=CARTESIAN_POINT('',(3.75E0,-6.73E0,2.55E0));
#5554=DIRECTION('',(0.E0,0.E0,1.E0));
#5555=DIRECTION('',(-1.E0,0.E0,0.E0));
#5556=AXIS2_PLACEMENT_3D('',#5553,#5554,#5555);
#5557=PLANE('',#5556);
#5558=ORIENTED_EDGE('',*,*,#5341,.T.);
#5559=ORIENTED_EDGE('',*,*,#5510,.T.);
#5560=ORIENTED_EDGE('',*,*,#5252,.T.);
#5561=ORIENTED_EDGE('',*,*,#5374,.F.);
#5562=EDGE_LOOP('',(#5558,#5559,#5560,#5561));
#5563=FACE_OUTER_BOUND('',#5562,.F.);
#5564=ADVANCED_FACE('',(#5563),#5557,.T.);
#5565=OPEN_SHELL('',(#5262,#5278,#5293,#5307,#5321,#5345,#5358,#5378,#5392,
#5411,#5424,#5437,#5449,#5462,#5481,#5495,#5514,#5527,#5540,#5552,#5564));
#5566=SHELL_BASED_SURFACE_MODEL('',(#521,#1042,#1563,#4716,#4830,#4933,#5565));
#5568=DIMENSIONAL_EXPONENTS(0.E0,0.E0,0.E0,0.E0,0.E0,0.E0,0.E0);
#5570=PLANE_ANGLE_MEASURE_WITH_UNIT(PLANE_ANGLE_MEASURE(1.745329251994E-2),
#5569);
#5571=(CONVERSION_BASED_UNIT('DEGREE',#5570)NAMED_UNIT(*)PLANE_ANGLE_UNIT());
#5573=UNCERTAINTY_MEASURE_WITH_UNIT(LENGTH_MEASURE(8.473063188368E-4),#5567,
'closure',
'Maximum model space distance between geometric entities at asserted connectivities');
#5574=(GEOMETRIC_REPRESENTATION_CONTEXT(3)GLOBAL_UNCERTAINTY_ASSIGNED_CONTEXT((
#5573))GLOBAL_UNIT_ASSIGNED_CONTEXT((#5567,#5571,#5572))REPRESENTATION_CONTEXT(
'ID1','3'));
#5576=APPLICATION_CONTEXT(
'CONFIGURATION CONTROLLED 3D DESIGNS OF MECHANICAL PARTS AND ASSEMBLIES');
#5577=APPLICATION_PROTOCOL_DEFINITION('international standard',
'config_control_design',1994,#5576);
#5578=DESIGN_CONTEXT('',#5576,'design');
#5579=MECHANICAL_CONTEXT('',#5576,'mechanical');
#5580=PRODUCT('ASM0002_SW0001','ASM0002_SW0001','NOT SPECIFIED',(#5579));
#5581=PRODUCT_DEFINITION_FORMATION_WITH_SPECIFIED_SOURCE('1','LAST_VERSION',
#5580,.MADE.);
#5585=PRODUCT_CATEGORY('part','');
#5586=PRODUCT_RELATED_PRODUCT_CATEGORY('detail','',(#5580));
#5587=PRODUCT_CATEGORY_RELATIONSHIP('','',#5585,#5586);
#5588=SECURITY_CLASSIFICATION_LEVEL('unclassified');
#5589=SECURITY_CLASSIFICATION('','',#5588);
#5590=CC_DESIGN_SECURITY_CLASSIFICATION(#5589,(#5581));
#5591=APPROVAL_STATUS('approved');
#5592=APPROVAL(#5591,'');
#5593=CC_DESIGN_APPROVAL(#5592,(#5589,#5581,#5582));
#5594=CALENDAR_DATE(115,7,9);
#5595=COORDINATED_UNIVERSAL_TIME_OFFSET(2,0,.AHEAD.);
#5596=LOCAL_TIME(11,28,4.7E1,#5595);
#5597=DATE_AND_TIME(#5594,#5596);
#5598=APPROVAL_DATE_TIME(#5597,#5592);
#5599=DATE_TIME_ROLE('creation_date');
#5600=CC_DESIGN_DATE_AND_TIME_ASSIGNMENT(#5597,#5599,(#5582));
#5601=DATE_TIME_ROLE('classification_date');
#5602=CC_DESIGN_DATE_AND_TIME_ASSIGNMENT(#5597,#5601,(#5589));
#5603=PERSON('UNSPECIFIED','UNSPECIFIED',$,$,$,$);
#5604=ORGANIZATION('UNSPECIFIED','UNSPECIFIED','UNSPECIFIED');
#5605=PERSON_AND_ORGANIZATION(#5603,#5604);
#5606=APPROVAL_ROLE('approver');
#5607=APPROVAL_PERSON_ORGANIZATION(#5605,#5592,#5606);
#5608=PERSON_AND_ORGANIZATION_ROLE('creator');
#5609=CC_DESIGN_PERSON_AND_ORGANIZATION_ASSIGNMENT(#5605,#5608,(#5581,#5582));
#5610=PERSON_AND_ORGANIZATION_ROLE('design_supplier');
#5611=CC_DESIGN_PERSON_AND_ORGANIZATION_ASSIGNMENT(#5605,#5610,(#5581));
#5612=PERSON_AND_ORGANIZATION_ROLE('classification_officer');
#5613=CC_DESIGN_PERSON_AND_ORGANIZATION_ASSIGNMENT(#5605,#5612,(#5589));
#5614=PERSON_AND_ORGANIZATION_ROLE('design_owner');
#5615=CC_DESIGN_PERSON_AND_ORGANIZATION_ASSIGNMENT(#5605,#5614,(#5580));
#5=CIRCLE('',#4,1.2E0);
#38=CIRCLE('',#37,5.E0);
#75=CIRCLE('',#74,5.E-1);
#80=CIRCLE('',#79,3.5E-1);
#85=CIRCLE('',#84,3.5E-1);
#110=CIRCLE('',#109,1.2E0);
#119=CIRCLE('',#118,3.5E-1);
#124=CIRCLE('',#123,3.5E-1);
#133=CIRCLE('',#132,5.E-1);
#166=CIRCLE('',#165,5.E0);
#324=EDGE_CURVE('',#229,#230,#5,.T.);
#326=EDGE_CURVE('',#232,#230,#226,.T.);
#328=EDGE_CURVE('',#232,#234,#9,.T.);
#330=EDGE_CURVE('',#234,#236,#13,.T.);
#332=EDGE_CURVE('',#236,#238,#17,.T.);
#334=EDGE_CURVE('',#238,#240,#21,.T.);
#336=EDGE_CURVE('',#240,#242,#25,.T.);
#338=EDGE_CURVE('',#242,#244,#29,.T.);
#340=EDGE_CURVE('',#244,#246,#33,.T.);
#342=EDGE_CURVE('',#246,#248,#38,.T.);
#344=EDGE_CURVE('',#248,#250,#42,.T.);
#346=EDGE_CURVE('',#250,#252,#46,.T.);
#348=EDGE_CURVE('',#252,#254,#50,.T.);
#350=EDGE_CURVE('',#254,#256,#54,.T.);
#352=EDGE_CURVE('',#256,#258,#58,.T.);
#354=EDGE_CURVE('',#258,#260,#62,.T.);
#356=EDGE_CURVE('',#260,#262,#66,.T.);
#358=EDGE_CURVE('',#262,#264,#70,.T.);
#360=EDGE_CURVE('',#264,#266,#75,.T.);
#362=EDGE_CURVE('',#268,#266,#202,.T.);
#364=EDGE_CURVE('',#268,#270,#80,.T.);
#366=EDGE_CURVE('',#270,#272,#85,.T.);
#368=EDGE_CURVE('',#229,#272,#97,.T.);
#379=EDGE_CURVE('',#229,#274,#89,.T.);
#381=EDGE_CURVE('',#276,#274,#110,.T.);
#383=EDGE_CURVE('',#276,#230,#93,.T.);
#395=EDGE_CURVE('',#278,#272,#101,.T.);
#397=EDGE_CURVE('',#274,#278,#114,.T.);
#407=EDGE_CURVE('',#281,#282,#124,.T.);
#409=EDGE_CURVE('',#278,#281,#119,.T.);
#414=EDGE_CURVE('',#268,#282,#105,.T.);
#428=EDGE_CURVE('',#282,#284,#128,.T.);
#430=EDGE_CURVE('',#284,#286,#133,.T.);
#432=EDGE_CURVE('',#288,#286,#218,.T.);
#434=EDGE_CURVE('',#288,#290,#137,.T.);
#436=EDGE_CURVE('',#290,#292,#141,.T.);
#438=EDGE_CURVE('',#292,#294,#145,.T.);
#440=EDGE_CURVE('',#294,#296,#149,.T.);
#442=EDGE_CURVE('',#296,#298,#153,.T.);
#444=EDGE_CURVE('',#298,#300,#157,.T.);
#446=EDGE_CURVE('',#300,#302,#161,.T.);
#448=EDGE_CURVE('',#302,#304,#166,.T.);
#450=EDGE_CURVE('',#304,#306,#170,.T.);
#452=EDGE_CURVE('',#306,#308,#174,.T.);
#454=EDGE_CURVE('',#308,#310,#178,.T.);
#456=EDGE_CURVE('',#310,#312,#182,.T.);
#458=EDGE_CURVE('',#312,#314,#186,.T.);
#460=EDGE_CURVE('',#314,#316,#190,.T.);
#462=EDGE_CURVE('',#316,#318,#194,.T.);
#464=EDGE_CURVE('',#318,#276,#198,.T.);
#474=EDGE_CURVE('',#284,#266,#210,.T.);
#487=EDGE_CURVE('',#264,#286,#206,.T.);
#502=EDGE_CURVE('',#262,#288,#214,.T.);
#515=EDGE_CURVE('',#318,#232,#222,.T.);
#526=CIRCLE('',#525,1.2E0);
#559=CIRCLE('',#558,5.E0);
#596=CIRCLE('',#595,5.E-1);
#601=CIRCLE('',#600,3.5E-1);
#606=CIRCLE('',#605,3.5E-1);
#631=CIRCLE('',#630,1.2E0);
#640=CIRCLE('',#639,3.5E-1);
#645=CIRCLE('',#644,3.5E-1);
#654=CIRCLE('',#653,5.E-1);
#687=CIRCLE('',#686,5.E0);
#845=EDGE_CURVE('',#750,#751,#526,.T.);
#847=EDGE_CURVE('',#753,#751,#747,.T.);
#849=EDGE_CURVE('',#753,#755,#530,.T.);
#851=EDGE_CURVE('',#755,#757,#534,.T.);
#853=EDGE_CURVE('',#757,#759,#538,.T.);
#855=EDGE_CURVE('',#759,#761,#542,.T.);
#857=EDGE_CURVE('',#761,#763,#546,.T.);
#859=EDGE_CURVE('',#763,#765,#550,.T.);
#861=EDGE_CURVE('',#765,#767,#554,.T.);
#863=EDGE_CURVE('',#767,#769,#559,.T.);
#865=EDGE_CURVE('',#769,#771,#563,.T.);
#867=EDGE_CURVE('',#771,#773,#567,.T.);
#869=EDGE_CURVE('',#773,#775,#571,.T.);
#871=EDGE_CURVE('',#775,#777,#575,.T.);
#873=EDGE_CURVE('',#777,#779,#579,.T.);
#875=EDGE_CURVE('',#779,#781,#583,.T.);
#877=EDGE_CURVE('',#781,#783,#587,.T.);
#879=EDGE_CURVE('',#783,#785,#591,.T.);
#881=EDGE_CURVE('',#785,#787,#596,.T.);
#883=EDGE_CURVE('',#789,#787,#723,.T.);
#885=EDGE_CURVE('',#789,#791,#601,.T.);
#887=EDGE_CURVE('',#791,#793,#606,.T.);
#889=EDGE_CURVE('',#750,#793,#618,.T.);
#900=EDGE_CURVE('',#750,#795,#610,.T.);
#902=EDGE_CURVE('',#797,#795,#631,.T.);
#904=EDGE_CURVE('',#797,#751,#614,.T.);
#916=EDGE_CURVE('',#799,#793,#622,.T.);
#918=EDGE_CURVE('',#795,#799,#635,.T.);
#928=EDGE_CURVE('',#802,#803,#645,.T.);
#930=EDGE_CURVE('',#799,#802,#640,.T.);
#935=EDGE_CURVE('',#789,#803,#626,.T.);
#949=EDGE_CURVE('',#803,#805,#649,.T.);
#951=EDGE_CURVE('',#805,#807,#654,.T.);
#953=EDGE_CURVE('',#809,#807,#739,.T.);
#955=EDGE_CURVE('',#809,#811,#658,.T.);
#957=EDGE_CURVE('',#811,#813,#662,.T.);
#959=EDGE_CURVE('',#813,#815,#666,.T.);
#961=EDGE_CURVE('',#815,#817,#670,.T.);
#963=EDGE_CURVE('',#817,#819,#674,.T.);
#965=EDGE_CURVE('',#819,#821,#678,.T.);
#967=EDGE_CURVE('',#821,#823,#682,.T.);
#969=EDGE_CURVE('',#823,#825,#687,.T.);
#971=EDGE_CURVE('',#825,#827,#691,.T.);
#973=EDGE_CURVE('',#827,#829,#695,.T.);
#975=EDGE_CURVE('',#829,#831,#699,.T.);
#977=EDGE_CURVE('',#831,#833,#703,.T.);
#979=EDGE_CURVE('',#833,#835,#707,.T.);
#981=EDGE_CURVE('',#835,#837,#711,.T.);
#983=EDGE_CURVE('',#837,#839,#715,.T.);
#985=EDGE_CURVE('',#839,#797,#719,.T.);
#995=EDGE_CURVE('',#805,#787,#731,.T.);
#1008=EDGE_CURVE('',#785,#807,#727,.T.);
#1023=EDGE_CURVE('',#783,#809,#735,.T.);
#1036=EDGE_CURVE('',#839,#753,#743,.T.);
#1047=CIRCLE('',#1046,1.2E0);
#1080=CIRCLE('',#1079,5.E0);
#1117=CIRCLE('',#1116,5.E-1);
#1122=CIRCLE('',#1121,3.5E-1);
#1127=CIRCLE('',#1126,3.5E-1);
#1152=CIRCLE('',#1151,1.2E0);
#1161=CIRCLE('',#1160,3.5E-1);
#1166=CIRCLE('',#1165,3.5E-1);
#1175=CIRCLE('',#1174,5.E-1);
#1208=CIRCLE('',#1207,5.E0);
#1366=EDGE_CURVE('',#1271,#1272,#1047,.T.);
#1368=EDGE_CURVE('',#1274,#1272,#1268,.T.);
#1370=EDGE_CURVE('',#1274,#1276,#1051,.T.);
#1372=EDGE_CURVE('',#1276,#1278,#1055,.T.);
#1374=EDGE_CURVE('',#1278,#1280,#1059,.T.);
#1376=EDGE_CURVE('',#1280,#1282,#1063,.T.);
#1378=EDGE_CURVE('',#1282,#1284,#1067,.T.);
#1380=EDGE_CURVE('',#1284,#1286,#1071,.T.);
#1382=EDGE_CURVE('',#1286,#1288,#1075,.T.);
#1384=EDGE_CURVE('',#1288,#1290,#1080,.T.);
#1386=EDGE_CURVE('',#1290,#1292,#1084,.T.);
#1388=EDGE_CURVE('',#1292,#1294,#1088,.T.);
#1390=EDGE_CURVE('',#1294,#1296,#1092,.T.);
#1392=EDGE_CURVE('',#1296,#1298,#1096,.T.);
#1394=EDGE_CURVE('',#1298,#1300,#1100,.T.);
#1396=EDGE_CURVE('',#1300,#1302,#1104,.T.);
#1398=EDGE_CURVE('',#1302,#1304,#1108,.T.);
#1400=EDGE_CURVE('',#1304,#1306,#1112,.T.);
#1402=EDGE_CURVE('',#1306,#1308,#1117,.T.);
#1404=EDGE_CURVE('',#1310,#1308,#1244,.T.);
#1406=EDGE_CURVE('',#1310,#1312,#1122,.T.);
#1408=EDGE_CURVE('',#1312,#1314,#1127,.T.);
#1410=EDGE_CURVE('',#1271,#1314,#1139,.T.);
#1421=EDGE_CURVE('',#1271,#1316,#1131,.T.);
#1423=EDGE_CURVE('',#1318,#1316,#1152,.T.);
#1425=EDGE_CURVE('',#1318,#1272,#1135,.T.);
#1437=EDGE_CURVE('',#1320,#1314,#1143,.T.);
#1439=EDGE_CURVE('',#1316,#1320,#1156,.T.);
#1449=EDGE_CURVE('',#1323,#1324,#1166,.T.);
#1451=EDGE_CURVE('',#1320,#1323,#1161,.T.);
#1456=EDGE_CURVE('',#1310,#1324,#1147,.T.);
#1470=EDGE_CURVE('',#1324,#1326,#1170,.T.);
#1472=EDGE_CURVE('',#1326,#1328,#1175,.T.);
#1474=EDGE_CURVE('',#1330,#1328,#1260,.T.);
#1476=EDGE_CURVE('',#1330,#1332,#1179,.T.);
#1478=EDGE_CURVE('',#1332,#1334,#1183,.T.);
#1480=EDGE_CURVE('',#1334,#1336,#1187,.T.);
#1482=EDGE_CURVE('',#1336,#1338,#1191,.T.);
#1484=EDGE_CURVE('',#1338,#1340,#1195,.T.);
#1486=EDGE_CURVE('',#1340,#1342,#1199,.T.);
#1488=EDGE_CURVE('',#1342,#1344,#1203,.T.);
#1490=EDGE_CURVE('',#1344,#1346,#1208,.T.);
#1492=EDGE_CURVE('',#1346,#1348,#1212,.T.);
#1494=EDGE_CURVE('',#1348,#1350,#1216,.T.);
#1496=EDGE_CURVE('',#1350,#1352,#1220,.T.);
#1498=EDGE_CURVE('',#1352,#1354,#1224,.T.);
#1500=EDGE_CURVE('',#1354,#1356,#1228,.T.);
#1502=EDGE_CURVE('',#1356,#1358,#1232,.T.);
#1504=EDGE_CURVE('',#1358,#1360,#1236,.T.);
#1506=EDGE_CURVE('',#1360,#1318,#1240,.T.);
#1516=EDGE_CURVE('',#1326,#1308,#1252,.T.);
#1529=EDGE_CURVE('',#1306,#1328,#1248,.T.);
#1544=EDGE_CURVE('',#1304,#1330,#1256,.T.);
#1557=EDGE_CURVE('',#1360,#1274,#1264,.T.);
#1571=B_SPLINE_CURVE_WITH_KNOTS('',3,(#1564,#1565,#1566,#1567,#1568,#1569,
#1570),.UNSPECIFIED.,.F.,.F.,(4,1,1,1,4),(0.E0,2.5E-1,5.E-1,7.5E-1,1.E0),
.UNSPECIFIED.);
#1579=B_SPLINE_CURVE_WITH_KNOTS('',3,(#1572,#1573,#1574,#1575,#1576,#1577,
#1578),.UNSPECIFIED.,.F.,.F.,(4,1,1,1,4),(0.E0,2.5E-1,5.E-1,7.5E-1,1.E0),
.UNSPECIFIED.);
#1591=B_SPLINE_CURVE_WITH_KNOTS('',3,(#1584,#1585,#1586,#1587,#1588,#1589,
#1590),.UNSPECIFIED.,.F.,.F.,(4,1,1,1,4),(0.E0,2.5E-1,5.E-1,7.5E-1,1.E0),
.UNSPECIFIED.);
#1599=B_SPLINE_CURVE_WITH_KNOTS('',3,(#1592,#1593,#1594,#1595,#1596,#1597,
#1598),.UNSPECIFIED.,.F.,.F.,(4,1,1,1,4),(0.E0,2.5E-1,5.E-1,7.5E-1,1.E0),
.UNSPECIFIED.);
#1608=CIRCLE('',#1607,9.999963060477E-3);
#1621=CIRCLE('',#1620,3.E-1);
#1626=CIRCLE('',#1625,2.9E-1);
#1631=CIRCLE('',#1630,3.E-1);
#1636=CIRCLE('',#1635,2.9E-1);
#1658=B_SPLINE_CURVE_WITH_KNOTS('',3,(#1649,#1650,#1651,#1652,#1653,#1654,#1655,
#1656,#1657),.UNSPECIFIED.,.F.,.F.,(4,1,1,1,1,1,4),(0.E0,1.666666666667E-1,
3.333333333333E-1,5.E-1,6.666666666667E-1,8.333333333333E-1,1.E0),
.UNSPECIFIED.);
#1672=B_SPLINE_CURVE_WITH_KNOTS('',3,(#1663,#1664,#1665,#1666,#1667,#1668,#1669,
#1670,#1671),.UNSPECIFIED.,.F.,.F.,(4,1,1,1,1,1,4),(0.E0,1.666666666667E-1,
3.333333333333E-1,5.E-1,6.666666666667E-1,8.333333333333E-1,1.E0),
.UNSPECIFIED.);
#1697=CIRCLE('',#1696,2.899999999999E-1);
#1702=CIRCLE('',#1701,3.000000000003E-1);
#1707=CIRCLE('',#1706,2.899999999999E-1);
#1712=CIRCLE('',#1711,9.999963061507E-3);
#1717=CIRCLE('',#1716,3.E-1);
#1740=B_SPLINE_CURVE_WITH_KNOTS('',3,(#1734,#1735,#1736,#1737,#1738,#1739),
.UNSPECIFIED.,.F.,.F.,(4,1,1,4),(0.E0,3.333333333333E-1,6.666666666667E-1,1.E0),
.UNSPECIFIED.);
#1747=B_SPLINE_CURVE_WITH_KNOTS('',3,(#1741,#1742,#1743,#1744,#1745,#1746),
.UNSPECIFIED.,.F.,.F.,(4,1,1,4),(0.E0,3.333333333333E-1,6.666666666667E-1,1.E0),
.UNSPECIFIED.);
#1758=B_SPLINE_CURVE_WITH_KNOTS('',3,(#1752,#1753,#1754,#1755,#1756,#1757),
.UNSPECIFIED.,.F.,.F.,(4,1,1,4),(0.E0,3.333333333333E-1,6.666666666667E-1,1.E0),
.UNSPECIFIED.);
#1767=B_SPLINE_CURVE_WITH_KNOTS('',3,(#1759,#1760,#1761,#1762,#1763,#1764,#1765,
#1766),.UNSPECIFIED.,.F.,.F.,(4,1,1,1,1,4),(0.E0,2.E-1,4.E-1,6.E-1,8.E-1,1.E0),
.UNSPECIFIED.);
#1780=B_SPLINE_CURVE_WITH_KNOTS('',3,(#1772,#1773,#1774,#1775,#1776,#1777,#1778,
#1779),.UNSPECIFIED.,.F.,.F.,(4,1,1,1,1,4),(0.E0,2.E-1,4.E-1,6.E-1,8.E-1,1.E0),
.UNSPECIFIED.);
#1796=B_SPLINE_CURVE_WITH_KNOTS('',3,(#1789,#1790,#1791,#1792,#1793,#1794,
#1795),.UNSPECIFIED.,.F.,.F.,(4,1,1,1,4),(0.E0,2.5E-1,5.E-1,7.5E-1,1.E0),
.UNSPECIFIED.);
#1822=B_SPLINE_CURVE_WITH_KNOTS('',3,(#1817,#1818,#1819,#1820,#1821),
.UNSPECIFIED.,.F.,.F.,(4,1,4),(0.E0,5.E-1,1.E0),.UNSPECIFIED.);
#1828=B_SPLINE_CURVE_WITH_KNOTS('',3,(#1823,#1824,#1825,#1826,#1827),
.UNSPECIFIED.,.F.,.F.,(4,1,4),(0.E0,5.E-1,1.E0),.UNSPECIFIED.);
#1844=B_SPLINE_CURVE_WITH_KNOTS('',3,(#1837,#1838,#1839,#1840,#1841,#1842,
#1843),.UNSPECIFIED.,.F.,.F.,(4,1,1,1,4),(0.E0,2.5E-1,5.E-1,7.5E-1,1.E0),
.UNSPECIFIED.);
#1849=CIRCLE('',#1848,2.900000000002E-1);
#1854=CIRCLE('',#1853,3.000000000002E-1);
#1859=CIRCLE('',#1858,2.900000000002E-1);
#1872=CIRCLE('',#1871,2.900000000001E-1);
#1877=CIRCLE('',#1876,2.999999999998E-1);
#1882=CIRCLE('',#1881,2.900000000001E-1);
#1891=CIRCLE('',#1890,3.E-1);
#1896=CIRCLE('',#1895,9.999963060800E-3);
#1907=B_SPLINE_CURVE_WITH_KNOTS('',3,(#1901,#1902,#1903,#1904,#1905,#1906),
.UNSPECIFIED.,.F.,.F.,(4,1,1,4),(0.E0,3.333333333333E-1,6.666666666667E-1,1.E0),
.UNSPECIFIED.);
#1917=B_SPLINE_CURVE_WITH_KNOTS('',3,(#1908,#1909,#1910,#1911,#1912,#1913,#1914,
#1915,#1916),.UNSPECIFIED.,.F.,.F.,(4,1,1,1,1,1,4),(0.E0,1.666666666667E-1,
3.333333333333E-1,5.E-1,6.666666666667E-1,8.333333333333E-1,1.E0),
.UNSPECIFIED.);
#1931=B_SPLINE_CURVE_WITH_KNOTS('',3,(#1922,#1923,#1924,#1925,#1926,#1927,#1928,
#1929,#1930),.UNSPECIFIED.,.F.,.F.,(4,1,1,1,1,1,4),(0.E0,1.666666666667E-1,
3.333333333333E-1,5.E-1,6.666666666667E-1,8.333333333333E-1,1.E0),
.UNSPECIFIED.);
#1944=CIRCLE('',#1943,9.999963060809E-3);
#1949=CIRCLE('',#1948,3.E-1);
#1966=B_SPLINE_CURVE_WITH_KNOTS('',3,(#1958,#1959,#1960,#1961,#1962,#1963,#1964,
#1965),.UNSPECIFIED.,.F.,.F.,(4,1,1,1,1,4),(0.E0,2.E-1,4.E-1,6.E-1,8.E-1,1.E0),
.UNSPECIFIED.);
#1979=B_SPLINE_CURVE_WITH_KNOTS('',3,(#1971,#1972,#1973,#1974,#1975,#1976,#1977,
#1978),.UNSPECIFIED.,.F.,.F.,(4,1,1,1,1,4),(0.E0,2.E-1,4.E-1,6.E-1,8.E-1,1.E0),
.UNSPECIFIED.);
#1986=B_SPLINE_CURVE_WITH_KNOTS('',3,(#1980,#1981,#1982,#1983,#1984,#1985),
.UNSPECIFIED.,.F.,.F.,(4,1,1,4),(0.E0,3.333333333333E-1,6.666666666667E-1,1.E0),
.UNSPECIFIED.);
#1993=B_SPLINE_CURVE_WITH_KNOTS('',3,(#1987,#1988,#1989,#1990,#1991,#1992),
.UNSPECIFIED.,.F.,.F.,(4,1,1,4),(0.E0,3.333333333333E-1,6.666666666667E-1,1.E0),
.UNSPECIFIED.);
#2004=B_SPLINE_CURVE_WITH_KNOTS('',3,(#1998,#1999,#2000,#2001,#2002,#2003),
.UNSPECIFIED.,.F.,.F.,(4,1,1,4),(0.E0,3.333333333333E-1,6.666666666667E-1,1.E0),
.UNSPECIFIED.);
#2011=B_SPLINE_CURVE_WITH_KNOTS('',3,(#2005,#2006,#2007,#2008,#2009,#2010),
.UNSPECIFIED.,.F.,.F.,(4,1,1,4),(0.E0,3.333333333333E-1,6.666666666667E-1,1.E0),
.UNSPECIFIED.);
#2045=B_SPLINE_CURVE_WITH_KNOTS('',3,(#2036,#2037,#2038,#2039,#2040,#2041,#2042,
#2043,#2044),.UNSPECIFIED.,.F.,.F.,(4,1,1,1,1,1,4),(0.E0,1.666666666667E-1,
3.333333333333E-1,5.E-1,6.666666666667E-1,8.333333333333E-1,1.E0),
.UNSPECIFIED.);
#2057=B_SPLINE_CURVE_WITH_KNOTS('',3,(#2050,#2051,#2052,#2053,#2054,#2055,
#2056),.UNSPECIFIED.,.F.,.F.,(4,1,1,1,4),(0.E0,2.5E-1,5.E-1,7.5E-1,1.E0),
.UNSPECIFIED.);
#2071=B_SPLINE_CURVE_WITH_KNOTS('',3,(#2066,#2067,#2068,#2069,#2070),
.UNSPECIFIED.,.F.,.F.,(4,1,4),(0.E0,5.E-1,1.E0),.UNSPECIFIED.);
#2077=B_SPLINE_CURVE_WITH_KNOTS('',3,(#2072,#2073,#2074,#2075,#2076),
.UNSPECIFIED.,.F.,.F.,(4,1,4),(0.E0,5.E-1,1.E0),.UNSPECIFIED.);
#2094=CIRCLE('',#2093,2.9E-1);
#2105=B_SPLINE_CURVE_WITH_KNOTS('',3,(#2095,#2096,#2097,#2098,#2099,#2100,#2101,
#2102,#2103,#2104),.UNSPECIFIED.,.F.,.F.,(4,1,1,1,1,1,1,4),(0.E0,
1.428571428571E-1,2.857142857143E-1,4.285714285714E-1,5.714285714286E-1,
7.142857142857E-1,8.571428571429E-1,1.E0),.UNSPECIFIED.);
#2115=B_SPLINE_CURVE_WITH_KNOTS('',3,(#2106,#2107,#2108,#2109,#2110,#2111,#2112,
#2113,#2114),.UNSPECIFIED.,.F.,.F.,(4,1,1,1,1,1,4),(0.E0,1.666666666667E-1,
3.333333333333E-1,5.E-1,6.666666666667E-1,8.333333333333E-1,1.E0),
.UNSPECIFIED.);
#2125=B_SPLINE_CURVE_WITH_KNOTS('',3,(#2120,#2121,#2122,#2123,#2124),
.UNSPECIFIED.,.F.,.F.,(4,1,4),(0.E0,5.E-1,1.E0),.UNSPECIFIED.);
#2135=B_SPLINE_CURVE_WITH_KNOTS('',3,(#2130,#2131,#2132,#2133,#2134),
.UNSPECIFIED.,.F.,.F.,(4,1,4),(0.E0,5.E-1,1.E0),.UNSPECIFIED.);
#2148=CIRCLE('',#2147,3.E-1);
#2155=B_SPLINE_CURVE_WITH_KNOTS('',3,(#2149,#2150,#2151,#2152,#2153,#2154),
.UNSPECIFIED.,.F.,.F.,(4,1,1,4),(0.E0,3.333333333333E-1,6.666666666667E-1,1.E0),
.UNSPECIFIED.);
#2162=B_SPLINE_CURVE_WITH_KNOTS('',3,(#2156,#2157,#2158,#2159,#2160,#2161),
.UNSPECIFIED.,.F.,.F.,(4,1,1,4),(0.E0,3.333333333333E-1,6.666666666667E-1,1.E0),
.UNSPECIFIED.);
#2167=CIRCLE('',#2166,2.5E0);
#2172=CIRCLE('',#2171,2.5E0);
#2185=CIRCLE('',#2184,3.E-1);
#2193=B_SPLINE_CURVE_WITH_KNOTS('',3,(#2186,#2187,#2188,#2189,#2190,#2191,
#2192),.UNSPECIFIED.,.F.,.F.,(4,1,1,1,4),(0.E0,2.5E-1,5.E-1,7.5E-1,1.E0),
.UNSPECIFIED.);
#2200=B_SPLINE_CURVE_WITH_KNOTS('',3,(#2194,#2195,#2196,#2197,#2198,#2199),
.UNSPECIFIED.,.F.,.F.,(4,1,1,4),(0.E0,3.333333333333E-1,6.666666666667E-1,1.E0),
.UNSPECIFIED.);
#2214=B_SPLINE_CURVE_WITH_KNOTS('',3,(#2205,#2206,#2207,#2208,#2209,#2210,#2211,
#2212,#2213),.UNSPECIFIED.,.F.,.F.,(4,1,1,1,1,1,4),(0.E0,1.666666666667E-1,
3.333333333333E-1,5.E-1,6.666666666667E-1,8.333333333333E-1,1.E0),
.UNSPECIFIED.);
#2224=B_SPLINE_CURVE_WITH_KNOTS('',3,(#2219,#2220,#2221,#2222,#2223),
.UNSPECIFIED.,.F.,.F.,(4,1,4),(0.E0,5.E-1,1.E0),.UNSPECIFIED.);
#2234=B_SPLINE_CURVE_WITH_KNOTS('',3,(#2229,#2230,#2231,#2232,#2233),
.UNSPECIFIED.,.F.,.F.,(4,1,4),(0.E0,5.E-1,1.E0),.UNSPECIFIED.);
#2249=B_SPLINE_CURVE_WITH_KNOTS('',3,(#2239,#2240,#2241,#2242,#2243,#2244,#2245,
#2246,#2247,#2248),.UNSPECIFIED.,.F.,.F.,(4,1,1,1,1,1,1,4),(0.E0,
1.428571428571E-1,2.857142857143E-1,4.285714285714E-1,5.714285714286E-1,
7.142857142857E-1,8.571428571429E-1,1.E0),.UNSPECIFIED.);
#2254=CIRCLE('',#2253,2.9E-1);
#2272=B_SPLINE_CURVE_WITH_KNOTS('',3,(#2263,#2264,#2265,#2266,#2267,#2268,#2269,
#2270,#2271),.UNSPECIFIED.,.F.,.F.,(4,1,1,1,1,1,4),(0.E0,1.666666666667E-1,
3.333333333333E-1,5.E-1,6.666666666667E-1,8.333333333333E-1,1.E0),
.UNSPECIFIED.);
#2309=CIRCLE('',#2308,2.900000000001E-1);
#2314=CIRCLE('',#2313,3.000000000002E-1);
#2319=CIRCLE('',#2318,2.900000000001E-1);
#2347=B_SPLINE_CURVE_WITH_KNOTS('',3,(#2340,#2341,#2342,#2343,#2344,#2345,
#2346),.UNSPECIFIED.,.F.,.F.,(4,1,1,1,4),(0.E0,2.5E-1,5.E-1,7.5E-1,1.E0),
.UNSPECIFIED.);
#2365=B_SPLINE_CURVE_WITH_KNOTS('',3,(#2356,#2357,#2358,#2359,#2360,#2361,#2362,
#2363,#2364),.UNSPECIFIED.,.F.,.F.,(4,1,1,1,1,1,4),(0.E0,1.666666666667E-1,
3.333333333333E-1,5.E-1,6.666666666667E-1,8.333333333333E-1,1.E0),
.UNSPECIFIED.);
#2370=CIRCLE('',#2369,2.9E-1);
#2381=B_SPLINE_CURVE_WITH_KNOTS('',3,(#2371,#2372,#2373,#2374,#2375,#2376,#2377,
#2378,#2379,#2380),.UNSPECIFIED.,.F.,.F.,(4,1,1,1,1,1,1,4),(0.E0,
1.428571428571E-1,2.857142857143E-1,4.285714285714E-1,5.714285714286E-1,
7.142857142857E-1,8.571428571429E-1,1.E0),.UNSPECIFIED.);
#2391=B_SPLINE_CURVE_WITH_KNOTS('',3,(#2382,#2383,#2384,#2385,#2386,#2387,#2388,
#2389,#2390),.UNSPECIFIED.,.F.,.F.,(4,1,1,1,1,1,4),(0.E0,1.666666666667E-1,
3.333333333333E-1,5.E-1,6.666666666667E-1,8.333333333333E-1,1.E0),
.UNSPECIFIED.);
#2404=CIRCLE('',#2403,2.900000000001E-1);
#2409=CIRCLE('',#2408,2.999999999998E-1);
#2414=CIRCLE('',#2413,2.900000000001E-1);
#2421=B_SPLINE_CURVE_WITH_KNOTS('',3,(#2415,#2416,#2417,#2418,#2419,#2420),
.UNSPECIFIED.,.F.,.F.,(4,1,1,4),(0.E0,3.333333333333E-1,6.666666666667E-1,1.E0),
.UNSPECIFIED.);
#2428=B_SPLINE_CURVE_WITH_KNOTS('',3,(#2422,#2423,#2424,#2425,#2426,#2427),
.UNSPECIFIED.,.F.,.F.,(4,1,1,4),(0.E0,3.333333333333E-1,6.666666666667E-1,1.E0),
.UNSPECIFIED.);
#2433=CIRCLE('',#2432,3.E-1);
#2446=CIRCLE('',#2445,2.5E0);
#2451=CIRCLE('',#2450,2.5E0);
#2458=B_SPLINE_CURVE_WITH_KNOTS('',3,(#2452,#2453,#2454,#2455,#2456,#2457),
.UNSPECIFIED.,.F.,.F.,(4,1,1,4),(0.E0,3.333333333333E-1,6.666666666667E-1,1.E0),
.UNSPECIFIED.);
#2463=CIRCLE('',#2462,3.E-1);
#2471=B_SPLINE_CURVE_WITH_KNOTS('',3,(#2464,#2465,#2466,#2467,#2468,#2469,
#2470),.UNSPECIFIED.,.F.,.F.,(4,1,1,1,4),(0.E0,2.5E-1,5.E-1,7.5E-1,1.E0),
.UNSPECIFIED.);
#2483=B_SPLINE_CURVE_WITH_KNOTS('',3,(#2476,#2477,#2478,#2479,#2480,#2481,
#2482),.UNSPECIFIED.,.F.,.F.,(4,1,1,1,4),(0.E0,2.5E-1,5.E-1,7.5E-1,1.E0),
.UNSPECIFIED.);
#2490=B_SPLINE_CURVE_WITH_KNOTS('',3,(#2484,#2485,#2486,#2487,#2488,#2489),
.UNSPECIFIED.,.F.,.F.,(4,1,1,4),(0.E0,3.333333333333E-1,6.666666666667E-1,1.E0),
.UNSPECIFIED.);
#2501=B_SPLINE_CURVE_WITH_KNOTS('',3,(#2495,#2496,#2497,#2498,#2499,#2500),
.UNSPECIFIED.,.F.,.F.,(4,1,1,4),(0.E0,3.333333333333E-1,6.666666666667E-1,1.E0),
.UNSPECIFIED.);
#2506=CIRCLE('',#2505,2.5E0);
#2511=CIRCLE('',#2510,2.5E0);
#2516=CIRCLE('',#2515,2.3E0);
#2521=CIRCLE('',#2520,2.3E0);
#2528=B_SPLINE_CURVE_WITH_KNOTS('',3,(#2522,#2523,#2524,#2525,#2526,#2527),
.UNSPECIFIED.,.F.,.F.,(4,1,1,4),(0.E0,3.333333333333E-1,6.666666666667E-1,1.E0),
.UNSPECIFIED.);
#2539=B_SPLINE_CURVE_WITH_KNOTS('',3,(#2533,#2534,#2535,#2536,#2537,#2538),
.UNSPECIFIED.,.F.,.F.,(4,1,1,4),(0.E0,3.333333333333E-1,6.666666666667E-1,1.E0),
.UNSPECIFIED.);
#2546=B_SPLINE_CURVE_WITH_KNOTS('',3,(#2540,#2541,#2542,#2543,#2544,#2545),
.UNSPECIFIED.,.F.,.F.,(4,1,1,4),(0.E0,3.333333333333E-1,6.666666666667E-1,1.E0),
.UNSPECIFIED.);
#2558=B_SPLINE_CURVE_WITH_KNOTS('',3,(#2551,#2552,#2553,#2554,#2555,#2556,
#2557),.UNSPECIFIED.,.F.,.F.,(4,1,1,1,4),(0.E0,2.5E-1,5.E-1,7.5E-1,1.E0),
.UNSPECIFIED.);
#2563=CIRCLE('',#2562,2.5E0);
#2568=CIRCLE('',#2567,2.5E0);
#2573=CIRCLE('',#2572,2.3E0);
#2578=CIRCLE('',#2577,2.3E0);
#2585=B_SPLINE_CURVE_WITH_KNOTS('',3,(#2579,#2580,#2581,#2582,#2583,#2584),
.UNSPECIFIED.,.F.,.F.,(4,1,1,4),(0.E0,3.333333333333E-1,6.666666666667E-1,1.E0),
.UNSPECIFIED.);
#2620=B_SPLINE_CURVE_WITH_KNOTS('',3,(#2614,#2615,#2616,#2617,#2618,#2619),
.UNSPECIFIED.,.F.,.F.,(4,1,1,4),(0.E0,3.333333333333E-1,6.666666666667E-1,1.E0),
.UNSPECIFIED.);
#2625=CIRCLE('',#2624,2.1E0);
#2630=CIRCLE('',#2629,2.1E0);
#2639=CIRCLE('',#2638,2.1E0);
#2644=CIRCLE('',#2643,2.1E0);
#2653=CIRCLE('',#2652,2.3E0);
#2658=CIRCLE('',#2657,2.3E0);
#2665=B_SPLINE_CURVE_WITH_KNOTS('',3,(#2659,#2660,#2661,#2662,#2663,#2664),
.UNSPECIFIED.,.F.,.F.,(4,1,1,4),(0.E0,3.333333333333E-1,6.666666666667E-1,1.E0),
.UNSPECIFIED.);
#2676=B_SPLINE_CURVE_WITH_KNOTS('',3,(#2670,#2671,#2672,#2673,#2674,#2675),
.UNSPECIFIED.,.F.,.F.,(4,1,1,4),(0.E0,3.333333333333E-1,6.666666666667E-1,1.E0),
.UNSPECIFIED.);
#2681=CIRCLE('',#2680,2.3E0);
#2686=CIRCLE('',#2685,2.3E0);
#2693=B_SPLINE_CURVE_WITH_KNOTS('',3,(#2687,#2688,#2689,#2690,#2691,#2692),
.UNSPECIFIED.,.F.,.F.,(4,1,1,4),(0.E0,3.333333333333E-1,6.666666666667E-1,1.E0),
.UNSPECIFIED.);
#2704=B_SPLINE_CURVE_WITH_KNOTS('',3,(#2694,#2695,#2696,#2697,#2698,#2699,#2700,
#2701,#2702,#2703),.UNSPECIFIED.,.F.,.F.,(4,1,1,1,1,1,1,4),(0.E0,
1.428571428571E-1,2.857142857143E-1,4.285714285714E-1,5.714285714286E-1,
7.142857142857E-1,8.571428571429E-1,1.E0),.UNSPECIFIED.);
#2718=B_SPLINE_CURVE_WITH_KNOTS('',3,(#2709,#2710,#2711,#2712,#2713,#2714,#2715,
#2716,#2717),.UNSPECIFIED.,.F.,.F.,(4,1,1,1,1,1,4),(0.E0,1.666666666667E-1,
3.333333333333E-1,5.E-1,6.666666666667E-1,8.333333333333E-1,1.E0),
.UNSPECIFIED.);
#2732=B_SPLINE_CURVE_WITH_KNOTS('',3,(#2723,#2724,#2725,#2726,#2727,#2728,#2729,
#2730,#2731),.UNSPECIFIED.,.F.,.F.,(4,1,1,1,1,1,4),(0.E0,1.666666666667E-1,
3.333333333333E-1,5.E-1,6.666666666667E-1,8.333333333333E-1,1.E0),
.UNSPECIFIED.);
#2737=CIRCLE('',#2736,2.9E-1);
#2750=CIRCLE('',#2749,2.900000000003E-1);
#2755=CIRCLE('',#2754,3.E-1);
#2760=CIRCLE('',#2759,2.900000000003E-1);
#2765=CIRCLE('',#2764,2.900000000001E-1);
#2770=CIRCLE('',#2769,3.000000000003E-1);
#2775=CIRCLE('',#2774,2.900000000001E-1);
#3015=EDGE_CURVE('',#2778,#2779,#1616,.T.);
#3017=EDGE_CURVE('',#2778,#2780,#1571,.T.);
#3019=EDGE_CURVE('',#2782,#2780,#1997,.T.);
#3021=EDGE_CURVE('',#2782,#2783,#1579,.T.);
#3023=EDGE_CURVE('',#2785,#2783,#1953,.T.);
#3025=EDGE_CURVE('',#2787,#2785,#1935,.T.);
#3027=EDGE_CURVE('',#2787,#2789,#1583,.T.);
#3029=EDGE_CURVE('',#2789,#2790,#1591,.T.);
#3031=EDGE_CURVE('',#2792,#2790,#1751,.T.);
#3033=EDGE_CURVE('',#2792,#2793,#1599,.T.);
#3035=EDGE_CURVE('',#2793,#2795,#1603,.T.);
#3037=EDGE_CURVE('',#2779,#2795,#1662,.T.);
#3047=EDGE_CURVE('',#2804,#2805,#1608,.T.);
#3049=EDGE_CURVE('',#2805,#2778,#1612,.T.);
#3052=EDGE_CURVE('',#2779,#2807,#1621,.T.);
#3054=EDGE_CURVE('',#2804,#2807,#1640,.T.);
#3077=EDGE_CURVE('',#2804,#2822,#1626,.T.);
#3079=EDGE_CURVE('',#2822,#2818,#1631,.T.);
#3081=EDGE_CURVE('',#2818,#2805,#1636,.T.);
#3092=EDGE_CURVE('',#2823,#2807,#1658,.T.);
#3094=EDGE_CURVE('',#2823,#2822,#1644,.T.);
#3105=EDGE_CURVE('',#2825,#2823,#1648,.T.);
#3110=EDGE_CURVE('',#2827,#2795,#1717,.T.);
#3112=EDGE_CURVE('',#2827,#2825,#1672,.T.);
#3123=EDGE_CURVE('',#2829,#2825,#1684,.T.);
#3125=EDGE_CURVE('',#2829,#2831,#1676,.T.);
#3127=EDGE_CURVE('',#2833,#2831,#2708,.T.);
#3129=EDGE_CURVE('',#2833,#2835,#1680,.T.);
#3131=EDGE_CURVE('',#2823,#2835,#2027,.T.);
#3141=EDGE_CURVE('',#2838,#2839,#1692,.T.);
#3143=EDGE_CURVE('',#2829,#2838,#2745,.T.);
#3146=EDGE_CURVE('',#2839,#2825,#1729,.T.);
#3156=EDGE_CURVE('',#2841,#2839,#1702,.T.);
#3158=EDGE_CURVE('',#2841,#2843,#1688,.T.);
#3160=EDGE_CURVE('',#2838,#2843,#2755,.T.);
#3183=EDGE_CURVE('',#2846,#2847,#1712,.T.);
#3185=EDGE_CURVE('',#2846,#2841,#1697,.T.);
#3188=EDGE_CURVE('',#2839,#2847,#1707,.T.);
#3199=EDGE_CURVE('',#2827,#2847,#1725,.T.);
#3203=EDGE_CURVE('',#2793,#2846,#1721,.T.);
#3227=EDGE_CURVE('',#2913,#2792,#1747,.T.);
#3229=EDGE_CURVE('',#2913,#2841,#1733,.T.);
#3240=EDGE_CURVE('',#2912,#2913,#1740,.T.);
#3244=EDGE_CURVE('',#2790,#2857,#1758,.T.);
#3246=EDGE_CURVE('',#2909,#2857,#1907,.T.);
#3248=EDGE_CURVE('',#2909,#2893,#1767,.T.);
#3250=EDGE_CURVE('',#2893,#2891,#1771,.T.);
#3252=EDGE_CURVE('',#2891,#2912,#1780,.T.);
#3264=EDGE_CURVE('',#2843,#2912,#1784,.T.);
#3275=EDGE_CURVE('',#2906,#2889,#1788,.T.);
#3277=EDGE_CURVE('',#2843,#2906,#2760,.T.);
#3281=EDGE_CURVE('',#2889,#2891,#1822,.T.);
#3292=EDGE_CURVE('',#2901,#2889,#1816,.T.);
#3294=EDGE_CURVE('',#2908,#2901,#2741,.T.);
#3296=EDGE_CURVE('',#2908,#2906,#1796,.T.);
#3306=EDGE_CURVE('',#2889,#2890,#1800,.T.);
#3308=EDGE_CURVE('',#2890,#2895,#1804,.T.);
#3310=EDGE_CURVE('',#2895,#2897,#1808,.T.);
#3312=EDGE_CURVE('',#2899,#2897,#2204,.T.);
#3314=EDGE_CURVE('',#2899,#2901,#1812,.T.);
#3328=EDGE_CURVE('',#2893,#2890,#1828,.T.);
#3338=EDGE_CURVE('',#2890,#2903,#1836,.T.);
#3342=EDGE_CURVE('',#2909,#2911,#1832,.T.);
#3344=EDGE_CURVE('',#2903,#2911,#1849,.T.);
#3355=EDGE_CURVE('',#2903,#2904,#1844,.T.);
#3357=EDGE_CURVE('',#2895,#2904,#2258,.T.);
#3382=EDGE_CURVE('',#2911,#2969,#1854,.T.);
#3384=EDGE_CURVE('',#2969,#2904,#1859,.T.);
#3394=EDGE_CURVE('',#2859,#2855,#1877,.T.);
#3396=EDGE_CURVE('',#2859,#2969,#1863,.T.);
#3399=EDGE_CURVE('',#2911,#2855,#1867,.T.);
#3421=EDGE_CURVE('',#2853,#2849,#1896,.T.);
#3423=EDGE_CURVE('',#2853,#2859,#1872,.T.);
#3426=EDGE_CURVE('',#2855,#2849,#1882,.T.);
#3436=EDGE_CURVE('',#2849,#2789,#1886,.T.);
#3439=EDGE_CURVE('',#2787,#2851,#1891,.T.);
#3441=EDGE_CURVE('',#2853,#2851,#2280,.T.);
#3454=EDGE_CURVE('',#2855,#2857,#1900,.T.);
#3478=EDGE_CURVE('',#2801,#2785,#1949,.T.);
#3480=EDGE_CURVE('',#2801,#2861,#1917,.T.);
#3482=EDGE_CURVE('',#2861,#2860,#1921,.T.);
#3484=EDGE_CURVE('',#2860,#2851,#1931,.T.);
#3496=EDGE_CURVE('',#2783,#2797,#1939,.T.);
#3498=EDGE_CURVE('',#2797,#2799,#1944,.T.);
#3500=EDGE_CURVE('',#2801,#2799,#2327,.T.);
#3514=EDGE_CURVE('',#2808,#2782,#1993,.T.);
#3516=EDGE_CURVE('',#2808,#2810,#1957,.T.);
#3518=EDGE_CURVE('',#2797,#2810,#2309,.T.);
#3528=EDGE_CURVE('',#2811,#2812,#2011,.T.);
#3530=EDGE_CURVE('',#2811,#2813,#1966,.T.);
#3532=EDGE_CURVE('',#2813,#2815,#1970,.T.);
#3534=EDGE_CURVE('',#2815,#2816,#1979,.T.);
#3536=EDGE_CURVE('',#2816,#2808,#1986,.T.);
#3540=EDGE_CURVE('',#2780,#2812,#2004,.T.);
#3550=EDGE_CURVE('',#2818,#2812,#2015,.T.);
#3552=EDGE_CURVE('',#2820,#2818,#2023,.T.);
#3554=EDGE_CURVE('',#2811,#2820,#2065,.T.);
#3579=EDGE_CURVE('',#2822,#3009,#2019,.T.);
#3581=EDGE_CURVE('',#2820,#3009,#2770,.T.);
#3595=EDGE_CURVE('',#3009,#2835,#2035,.T.);
#3605=EDGE_CURVE('',#2882,#2880,#2031,.T.);
#3607=EDGE_CURVE('',#3009,#2880,#2775,.T.);
#3610=EDGE_CURVE('',#2835,#2882,#2045,.T.);
#3620=EDGE_CURVE('',#2878,#2879,#2049,.T.);
#3622=EDGE_CURVE('',#2879,#2880,#2057,.T.);
#3625=EDGE_CURVE('',#2882,#2878,#2061,.T.);
#3636=EDGE_CURVE('',#2813,#2878,#2071,.T.);
#3640=EDGE_CURVE('',#2879,#2820,#2765,.T.);
#3652=EDGE_CURVE('',#2871,#2878,#2081,.T.);
#3654=EDGE_CURVE('',#2871,#2815,#2077,.T.);
#3666=EDGE_CURVE('',#2882,#2884,#2085,.T.);
#3668=EDGE_CURVE('',#2886,#2884,#2143,.T.);
#3670=EDGE_CURVE('',#2886,#2873,#2089,.T.);
#3672=EDGE_CURVE('',#2871,#2873,#2339,.T.);
#3685=EDGE_CURVE('',#2833,#2884,#2094,.T.);
#3727=EDGE_CURVE('',#2884,#2915,#2115,.T.);
#3730=EDGE_CURVE('',#2833,#2915,#2105,.T.);
#3741=EDGE_CURVE('',#2915,#2917,#2119,.T.);
#3743=EDGE_CURVE('',#2917,#2918,#2125,.T.);
#3745=EDGE_CURVE('',#2918,#2920,#2129,.T.);
#3747=EDGE_CURVE('',#2920,#2921,#2135,.T.);
#3749=EDGE_CURVE('',#2921,#2923,#2139,.T.);
#3751=EDGE_CURVE('',#2886,#2923,#2381,.T.);
#3790=EDGE_CURVE('',#2917,#2952,#2148,.T.);
#3792=EDGE_CURVE('',#2952,#2948,#2155,.T.);
#3794=EDGE_CURVE('',#2948,#2947,#2162,.T.);
#3796=EDGE_CURVE('',#2918,#2947,#2483,.T.);
#3807=EDGE_CURVE('',#2952,#2954,#2167,.T.);
#3809=EDGE_CURVE('',#2954,#2956,#2172,.T.);
#3811=EDGE_CURVE('',#2957,#2956,#2200,.T.);
#3813=EDGE_CURVE('',#2957,#2959,#2176,.T.);
#3815=EDGE_CURVE('',#2961,#2959,#2511,.T.);
#3817=EDGE_CURVE('',#2950,#2961,#2506,.T.);
#3819=EDGE_CURVE('',#2950,#2948,#2180,.T.);
#3854=EDGE_CURVE('',#2956,#2929,#2185,.T.);
#3856=EDGE_CURVE('',#2962,#2929,#2234,.T.);
#3858=EDGE_CURVE('',#2962,#2963,#2193,.T.);
#3860=EDGE_CURVE('',#2957,#2963,#2546,.T.);
#3872=EDGE_CURVE('',#2897,#2926,#2214,.T.);
#3874=EDGE_CURVE('',#2926,#2927,#2218,.T.);
#3876=EDGE_CURVE('',#2927,#2964,#2224,.T.);
#3878=EDGE_CURVE('',#2964,#2962,#2228,.T.);
#3881=EDGE_CURVE('',#2929,#2914,#2238,.T.);
#3883=EDGE_CURVE('',#2899,#2914,#2704,.T.);
#3926=EDGE_CURVE('',#2966,#2897,#2254,.T.);
#3928=EDGE_CURVE('',#2966,#2926,#2249,.T.);
#3939=EDGE_CURVE('',#2967,#2895,#2272,.T.);
#3941=EDGE_CURVE('',#2966,#2967,#2292,.T.);
#3954=EDGE_CURVE('',#2969,#2967,#2262,.T.);
#3966=EDGE_CURVE('',#2860,#2859,#2284,.T.);
#3968=EDGE_CURVE('',#2860,#2967,#2276,.T.);
#3992=EDGE_CURVE('',#2971,#2861,#2296,.T.);
#3994=EDGE_CURVE('',#2971,#2973,#2288,.T.);
#3996=EDGE_CURVE('',#2966,#2973,#2399,.T.);
#4008=EDGE_CURVE('',#2867,#2863,#2304,.T.);
#4010=EDGE_CURVE('',#2971,#2867,#2355,.T.);
#4013=EDGE_CURVE('',#2863,#2861,#2323,.T.);
#4023=EDGE_CURVE('',#2810,#2863,#2314,.T.);
#4025=EDGE_CURVE('',#2810,#2865,#2300,.T.);
#4027=EDGE_CURVE('',#2867,#2865,#2409,.T.);
#4053=EDGE_CURVE('',#2863,#2799,#2319,.T.);
#4077=EDGE_CURVE('',#2865,#2816,#2331,.T.);
#4088=EDGE_CURVE('',#2870,#2871,#2335,.T.);
#4090=EDGE_CURVE('',#2865,#2870,#2414,.T.);
#4105=EDGE_CURVE('',#2875,#2873,#2351,.T.);
#4107=EDGE_CURVE('',#2875,#2870,#2347,.T.);
#4118=EDGE_CURVE('',#2971,#2873,#2365,.T.);
#4121=EDGE_CURVE('',#2875,#2867,#2404,.T.);
#4134=EDGE_CURVE('',#2886,#2973,#2370,.T.);
#4176=EDGE_CURVE('',#2973,#2923,#2391,.T.);
#4189=EDGE_CURVE('',#2923,#2926,#2395,.T.);
#4253=EDGE_CURVE('',#2933,#2944,#2421,.T.);
#4255=EDGE_CURVE('',#2944,#2974,#2428,.T.);
#4257=EDGE_CURVE('',#2964,#2974,#2558,.T.);
#4260=EDGE_CURVE('',#2927,#2933,#2433,.T.);
#4270=EDGE_CURVE('',#2936,#2935,#2458,.T.);
#4272=EDGE_CURVE('',#2936,#2938,#2437,.T.);
#4274=EDGE_CURVE('',#2940,#2938,#2568,.T.);
#4276=EDGE_CURVE('',#2942,#2940,#2563,.T.);
#4278=EDGE_CURVE('',#2942,#2944,#2441,.T.);
#4281=EDGE_CURVE('',#2933,#2932,#2446,.T.);
#4283=EDGE_CURVE('',#2932,#2935,#2451,.T.);
#4318=EDGE_CURVE('',#2935,#2921,#2463,.T.);
#4321=EDGE_CURVE('',#2920,#2945,#2471,.T.);
#4323=EDGE_CURVE('',#2936,#2945,#2490,.T.);
#4333=EDGE_CURVE('',#2947,#2945,#2475,.T.);
#4351=EDGE_CURVE('',#2938,#2950,#2494,.T.);
#4362=EDGE_CURVE('',#2981,#2950,#2528,.T.);
#4364=EDGE_CURVE('',#2978,#2981,#2597,.T.);
#4366=EDGE_CURVE('',#2978,#2938,#2501,.T.);
#4378=EDGE_CURVE('',#2977,#2959,#2539,.T.);
#4380=EDGE_CURVE('',#2977,#2983,#2516,.T.);
#4382=EDGE_CURVE('',#2983,#2981,#2521,.T.);
#4393=EDGE_CURVE('',#2959,#2942,#2532,.T.);
#4395=EDGE_CURVE('',#2975,#2942,#2585,.T.);
#4397=EDGE_CURVE('',#2977,#2975,#2609,.T.);
#4408=EDGE_CURVE('',#2974,#2963,#2550,.T.);
#4438=EDGE_CURVE('',#2978,#2980,#2573,.T.);
#4440=EDGE_CURVE('',#2980,#2975,#2578,.T.);
#4453=EDGE_CURVE('',#2978,#2993,#2589,.T.);
#4455=EDGE_CURVE('',#2995,#2993,#2686,.T.);
#4457=EDGE_CURVE('',#2991,#2995,#2681,.T.);
#4459=EDGE_CURVE('',#2991,#2975,#2593,.T.);
#4470=EDGE_CURVE('',#2989,#2981,#2605,.T.);
#4472=EDGE_CURVE('',#2993,#2989,#2669,.T.);
#4485=EDGE_CURVE('',#2977,#2985,#2601,.T.);
#4487=EDGE_CURVE('',#2987,#2985,#2658,.T.);
#4489=EDGE_CURVE('',#2989,#2987,#2653,.T.);
#4502=EDGE_CURVE('',#2985,#2991,#2613,.T.);
#4513=EDGE_CURVE('',#3003,#3005,#2634,.T.);
#4515=EDGE_CURVE('',#2985,#3003,#2665,.T.);
#4518=EDGE_CURVE('',#2991,#3005,#2620,.T.);
#4528=EDGE_CURVE('',#2999,#3002,#2625,.T.);
#4530=EDGE_CURVE('',#3002,#3003,#2630,.T.);
#4533=EDGE_CURVE('',#3005,#3007,#2639,.T.);
#4535=EDGE_CURVE('',#3007,#2998,#2644,.T.);
#4537=EDGE_CURVE('',#2998,#2999,#2648,.T.);
#4549=EDGE_CURVE('',#2989,#2999,#2676,.T.);
#4563=EDGE_CURVE('',#2993,#2998,#2693,.T.);
#4621=EDGE_CURVE('',#2831,#2914,#2718,.T.);
#4623=EDGE_CURVE('',#2899,#2831,#2737,.T.);
#4637=EDGE_CURVE('',#2914,#2915,#2722,.T.);
#4648=EDGE_CURVE('',#2829,#2901,#2732,.T.);
#4663=EDGE_CURVE('',#2908,#2838,#2750,.T.);
#4721=CIRCLE('',#4720,2.100000343148E0);
#4728=B_SPLINE_CURVE_WITH_KNOTS('',3,(#4722,#4723,#4724,#4725,#4726,#4727),
.UNSPECIFIED.,.F.,.F.,(4,1,1,4),(0.E0,3.333333333333E-1,6.666666666667E-1,1.E0),
.UNSPECIFIED.);
#4733=CIRCLE('',#4732,2.300000239007E0);
#4738=CIRCLE('',#4737,2.300000239007E0);
#4745=B_SPLINE_CURVE_WITH_KNOTS('',3,(#4739,#4740,#4741,#4742,#4743,#4744),
.UNSPECIFIED.,.F.,.F.,(4,1,1,4),(0.E0,3.333333333333E-1,6.666666666667E-1,1.E0),
.UNSPECIFIED.);
#4750=CIRCLE('',#4749,2.100000343148E0);
#4757=B_SPLINE_CURVE_WITH_KNOTS('',3,(#4751,#4752,#4753,#4754,#4755,#4756),
.UNSPECIFIED.,.F.,.F.,(4,1,1,4),(0.E0,3.333333333333E-1,6.666666666667E-1,1.E0),
.UNSPECIFIED.);
#4762=CIRCLE('',#4761,2.300000239007E0);
#4767=CIRCLE('',#4766,2.300000239007E0);
#4774=B_SPLINE_CURVE_WITH_KNOTS('',3,(#4768,#4769,#4770,#4771,#4772,#4773),
.UNSPECIFIED.,.F.,.F.,(4,1,1,4),(0.E0,3.333333333333E-1,6.666666666667E-1,1.E0),
.UNSPECIFIED.);
#4799=EDGE_CURVE('',#4784,#4783,#4721,.T.);
#4801=EDGE_CURVE('',#4783,#4777,#4728,.T.);
#4803=EDGE_CURVE('',#4777,#4778,#4733,.T.);
#4805=EDGE_CURVE('',#4778,#4780,#4738,.T.);
#4807=EDGE_CURVE('',#4780,#4784,#4745,.T.);
#4817=EDGE_CURVE('',#4788,#4787,#4750,.T.);
#4819=EDGE_CURVE('',#4787,#4789,#4757,.T.);
#4821=EDGE_CURVE('',#4789,#4791,#4762,.T.);
#4823=EDGE_CURVE('',#4791,#4793,#4767,.T.);
#4825=EDGE_CURVE('',#4793,#4788,#4774,.T.);
#4839=CIRCLE('',#4838,8.5E-1);
#4848=CIRCLE('',#4847,8.5E-1);
#4853=CIRCLE('',#4852,1.201839166959E0);
#4858=CIRCLE('',#4857,1.199999999999E0);
#4863=CIRCLE('',#4862,1.201839166959E0);
#4868=CIRCLE('',#4867,1.199999999999E0);
#4884=EDGE_CURVE('',#4871,#4872,#4843,.T.);
#4886=EDGE_CURVE('',#4874,#4871,#4868,.T.);
#4888=EDGE_CURVE('',#4874,#4876,#4834,.T.);
#4890=EDGE_CURVE('',#4876,#4872,#4839,.T.);
#4901=EDGE_CURVE('',#4872,#4876,#4848,.T.);
#4904=EDGE_CURVE('',#4871,#4874,#4858,.T.);
#4914=EDGE_CURVE('',#4878,#4871,#4853,.T.);
#4917=EDGE_CURVE('',#4878,#4874,#4863,.T.);
#4942=CIRCLE('',#4941,2.85E0);
#4951=CIRCLE('',#4950,2.85E0);
#4966=B_SPLINE_CURVE_WITH_KNOTS('',3,(#4960,#4961,#4962,#4963,#4964,#4965),
.UNSPECIFIED.,.F.,.F.,(4,1,1,4),(0.E0,3.333333333333E-1,6.666666666667E-1,1.E0),
.UNSPECIFIED.);
#4971=CIRCLE('',#4970,2.948378584292E0);
#4978=B_SPLINE_CURVE_WITH_KNOTS('',3,(#4972,#4973,#4974,#4975,#4976,#4977),
.UNSPECIFIED.,.F.,.F.,(4,1,1,4),(0.E0,3.333333333333E-1,6.666666666667E-1,1.E0),
.UNSPECIFIED.);
#4985=B_SPLINE_CURVE_WITH_KNOTS('',3,(#4979,#4980,#4981,#4982,#4983,#4984),
.UNSPECIFIED.,.F.,.F.,(4,1,1,4),(0.E0,3.333333333333E-1,6.666666666667E-1,1.E0),
.UNSPECIFIED.);
#4992=B_SPLINE_CURVE_WITH_KNOTS('',3,(#4986,#4987,#4988,#4989,#4990,#4991),
.UNSPECIFIED.,.F.,.F.,(4,1,1,4),(0.E0,3.333333333333E-1,6.666666666667E-1,1.E0),
.UNSPECIFIED.);
#4997=CIRCLE('',#4996,2.948378584292E0);
#5018=CIRCLE('',#5017,4.E-1);
#5055=CIRCLE('',#5054,4.E-1);
#5104=CIRCLE('',#5103,4.E-1);
#5133=CIRCLE('',#5132,4.E-1);
#5244=EDGE_CURVE('',#5172,#5173,#5091,.T.);
#5246=EDGE_CURVE('',#5175,#5172,#5059,.T.);
#5248=EDGE_CURVE('',#5177,#5175,#5030,.T.);
#5250=EDGE_CURVE('',#5179,#5177,#5013,.T.);
#5252=EDGE_CURVE('',#5181,#5179,#5169,.T.);
#5254=EDGE_CURVE('',#5183,#5181,#5137,.T.);
#5256=EDGE_CURVE('',#5185,#5183,#5112,.T.);
#5258=EDGE_CURVE('',#5185,#5173,#4937,.T.);
#5268=EDGE_CURVE('',#5188,#5189,#4955,.T.);
#5270=EDGE_CURVE('',#5188,#5191,#4942,.T.);
#5272=EDGE_CURVE('',#5191,#5193,#4946,.T.);
#5274=EDGE_CURVE('',#5193,#5189,#4951,.T.);
#5284=EDGE_CURVE('',#5188,#5194,#4966,.T.);
#5287=EDGE_CURVE('',#5195,#5189,#4985,.T.);
#5289=EDGE_CURVE('',#5195,#5194,#4959,.T.);
#5300=EDGE_CURVE('',#5194,#5197,#4971,.T.);
#5302=EDGE_CURVE('',#5197,#5191,#4978,.T.);
#5315=EDGE_CURVE('',#5193,#5198,#4992,.T.);
#5317=EDGE_CURVE('',#5198,#5195,#4997,.T.);
#5327=EDGE_CURVE('',#5201,#5202,#5022,.T.);
#5329=EDGE_CURVE('',#5204,#5201,#5067,.T.);
#5331=EDGE_CURVE('',#5206,#5204,#5038,.T.);
#5333=EDGE_CURVE('',#5208,#5206,#5095,.T.);
#5335=EDGE_CURVE('',#5208,#5210,#5001,.T.);
#5337=EDGE_CURVE('',#5210,#5212,#5005,.T.);
#5339=EDGE_CURVE('',#5214,#5212,#5116,.T.);
#5341=EDGE_CURVE('',#5202,#5214,#5161,.T.);
#5352=EDGE_CURVE('',#5197,#5198,#5009,.T.);
#5365=EDGE_CURVE('',#5177,#5216,#5018,.T.);
#5367=EDGE_CURVE('',#5218,#5216,#5079,.T.);
#5369=EDGE_CURVE('',#5220,#5218,#5071,.T.);
#5371=EDGE_CURVE('',#5201,#5220,#5063,.T.);
#5374=EDGE_CURVE('',#5202,#5179,#5026,.T.);
#5386=EDGE_CURVE('',#5222,#5175,#5055,.T.);
#5388=EDGE_CURVE('',#5222,#5216,#5034,.T.);
#5399=EDGE_CURVE('',#5204,#5224,#5042,.T.);
#5401=EDGE_CURVE('',#5224,#5226,#5046,.T.);
#5403=EDGE_CURVE('',#5226,#5222,#5050,.T.);
#5407=EDGE_CURVE('',#5206,#5172,#5087,.T.);
#5418=EDGE_CURVE('',#5224,#5220,#5075,.T.);
#5431=EDGE_CURVE('',#5226,#5218,#5083,.T.);
#5457=EDGE_CURVE('',#5208,#5173,#5099,.T.);
#5470=EDGE_CURVE('',#5185,#5228,#5104,.T.);
#5472=EDGE_CURVE('',#5230,#5228,#5157,.T.);
#5474=EDGE_CURVE('',#5232,#5230,#5149,.T.);
#5476=EDGE_CURVE('',#5210,#5232,#5141,.T.);
#5487=EDGE_CURVE('',#5234,#5183,#5133,.T.);
#5489=EDGE_CURVE('',#5234,#5228,#5108,.T.);
#5502=EDGE_CURVE('',#5212,#5236,#5120,.T.);
#5504=EDGE_CURVE('',#5236,#5238,#5124,.T.);
#5506=EDGE_CURVE('',#5238,#5234,#5128,.T.);
#5510=EDGE_CURVE('',#5214,#5181,#5165,.T.);
#5523=EDGE_CURVE('',#5232,#5236,#5145,.T.);
#5536=EDGE_CURVE('',#5230,#5238,#5153,.T.);
#5567=(LENGTH_UNIT()NAMED_UNIT(*)SI_UNIT(.MILLI.,.METRE.));
#5569=(NAMED_UNIT(*)PLANE_ANGLE_UNIT()SI_UNIT($,.RADIAN.));
#5572=(NAMED_UNIT(*)SI_UNIT($,.STERADIAN.)SOLID_ANGLE_UNIT());
#5575=MANIFOLD_SURFACE_SHAPE_REPRESENTATION('',(#5566),#5574);
#5582=PRODUCT_DEFINITION('design','',#5581,#5578);
#5583=PRODUCT_DEFINITION_SHAPE('','SHAPE FOR ASM0002_SW0001.',#5582);
#5584=SHAPE_DEFINITION_REPRESENTATION(#5583,#5575);
ENDSEC;
END-ISO-10303-21;
