ISO-10303-21;
HEADER;
FILE_DESCRIPTION((''),'2;1');
FILE_NAME('TL39P0050_SW0001','2015-09-07T',('brevel'),(''),
'CREO PARAMETRIC BY PTC INC, 2014440','CREO PARAMETRIC BY PTC INC, 2014440','');
FILE_SCHEMA(('CONFIG_CONTROL_DESIGN'));
ENDSEC;
DATA;
#1=CARTESIAN_POINT('',(-3.035857864376E0,4.2E-1,-1.9E0));
#2=CARTESIAN_POINT('',(-2.992706146344E0,4.2E-1,-1.9E0));
#3=CARTESIAN_POINT('',(-2.912369787338E0,4.2E-1,-1.909327285713E0));
#4=CARTESIAN_POINT('',(-2.805757806330E0,4.2E-1,-1.945034014472E0));
#5=CARTESIAN_POINT('',(-2.713595245479E0,4.2E-1,-2.003326989211E0));
#6=CARTESIAN_POINT('',(-2.664074073453E0,4.2E-1,-2.060822255746E0));
#7=CARTESIAN_POINT('',(-2.645986090584E0,4.2E-1,-2.1E0));
#9=CARTESIAN_POINT('',(2.645986090585E0,4.2E-1,-2.1E0));
#10=CARTESIAN_POINT('',(2.664074073454E0,4.2E-1,-2.060822255747E0));
#11=CARTESIAN_POINT('',(2.713595245480E0,4.2E-1,-2.003326989211E0));
#12=CARTESIAN_POINT('',(2.805757806330E0,4.2E-1,-1.945034014472E0));
#13=CARTESIAN_POINT('',(2.912369787339E0,4.2E-1,-1.909327285713E0));
#14=CARTESIAN_POINT('',(2.992706146344E0,4.2E-1,-1.9E0));
#15=CARTESIAN_POINT('',(3.035857864376E0,4.2E-1,-1.9E0));
#17=DIRECTION('',(-1.E0,-1.173741670990E-14,0.E0));
#18=VECTOR('',#17,7.141421356240E-1);
#19=CARTESIAN_POINT('',(3.75E0,4.2E-1,1.9E0));
#20=LINE('',#19,#18);
#21=CARTESIAN_POINT('',(3.035857864376E0,4.2E-1,1.9E0));
#22=CARTESIAN_POINT('',(2.992706146344E0,4.2E-1,1.9E0));
#23=CARTESIAN_POINT('',(2.912369787338E0,4.2E-1,1.909327285713E0));
#24=CARTESIAN_POINT('',(2.805757806330E0,4.2E-1,1.945034014472E0));
#25=CARTESIAN_POINT('',(2.713595245479E0,4.2E-1,2.003326989211E0));
#26=CARTESIAN_POINT('',(2.664074073453E0,4.2E-1,2.060822255746E0));
#27=CARTESIAN_POINT('',(2.645986090584E0,4.2E-1,2.1E0));
#29=CARTESIAN_POINT('',(-2.645986090584E0,4.2E-1,2.1E0));
#30=CARTESIAN_POINT('',(-2.664074073453E0,4.2E-1,2.060822255746E0));
#31=CARTESIAN_POINT('',(-2.713595245479E0,4.2E-1,2.003326989211E0));
#32=CARTESIAN_POINT('',(-2.805757806330E0,4.2E-1,1.945034014472E0));
#33=CARTESIAN_POINT('',(-2.912369787338E0,4.2E-1,1.909327285713E0));
#34=CARTESIAN_POINT('',(-2.992706146344E0,4.2E-1,1.9E0));
#35=CARTESIAN_POINT('',(-3.035857864376E0,4.2E-1,1.9E0));
#37=DIRECTION('',(-1.E0,0.E0,0.E0));
#38=VECTOR('',#37,7.141421356240E-1);
#39=CARTESIAN_POINT('',(-3.035857864376E0,4.2E-1,1.9E0));
#40=LINE('',#39,#38);
#41=CARTESIAN_POINT('',(-3.75E0,1.12E0,-1.9E0));
#42=DIRECTION('',(-4.930921571439E-13,5.221876570996E-13,-1.E0));
#43=DIRECTION('',(-1.E0,3.241851231799E-11,4.884981308191E-13));
#44=AXIS2_PLACEMENT_3D('',#41,#42,#43);
#46=DIRECTION('',(7.071067811865E-1,-7.071067811866E-1,0.E0));
#47=VECTOR('',#46,9.999494874590E-1);
#48=CARTESIAN_POINT('',(-3.742928927802E0,1.127071063426E0,-1.9E0));
#49=LINE('',#48,#47);
#50=DIRECTION('',(-1.E0,9.351067749680E-14,0.E0));
#51=VECTOR('',#50,7.141421356239E-1);
#52=CARTESIAN_POINT('',(-3.035857864376E0,4.199999999999E-1,-1.9E0));
#53=LINE('',#52,#51);
#54=CARTESIAN_POINT('',(-3.75E0,1.2E-1,-1.9E0));
#55=DIRECTION('',(0.E0,0.E0,1.E0));
#56=DIRECTION('',(0.E0,1.E0,0.E0));
#57=AXIS2_PLACEMENT_3D('',#54,#55,#56);
#59=CARTESIAN_POINT('',(-3.76E0,1.12E0,-2.19E0));
#60=DIRECTION('',(-1.887750004615E-12,-1.E0,-5.221876570986E-13));
#61=DIRECTION('',(6.018174464523E-13,-5.221876570998E-13,1.E0));
#62=AXIS2_PLACEMENT_3D('',#59,#60,#61);
#64=CARTESIAN_POINT('',(-3.75E0,1.12E0,-2.19E0));
#65=DIRECTION('',(-4.930921571439E-13,5.221876570996E-13,-1.E0));
#66=DIRECTION('',(-1.E0,-2.364231773317E-9,4.929390229334E-13));
#67=AXIS2_PLACEMENT_3D('',#64,#65,#66);
#69=CARTESIAN_POINT('',(-3.742928931518E0,1.127071067142E0,-2.19E0));
#70=DIRECTION('',(7.071067142376E-1,-7.071068481354E-1,-7.179112434012E-13));
#71=DIRECTION('',(7.071068479332E-1,7.071067140354E-1,-2.391803765621E-5));
#72=AXIS2_PLACEMENT_3D('',#69,#70,#71);
#74=DIRECTION('',(-3.991304995802E-9,-1.E0,0.E0));
#75=VECTOR('',#74,7.001667969818E-1);
#76=CARTESIAN_POINT('',(-3.76E0,1.12E0,-1.9E0));
#77=LINE('',#76,#75);
#78=CARTESIAN_POINT('',(-3.760000002795E0,4.198332030182E-1,-1.9E0));
#79=CARTESIAN_POINT('',(-3.766428436149E0,4.196188025821E-1,-1.9E0));
#80=CARTESIAN_POINT('',(-3.779326097048E0,4.187737661928E-1,-1.900428567862E0));
#81=CARTESIAN_POINT('',(-3.798653626275E0,4.162446330549E-1,-1.902366818217E0));
#82=CARTESIAN_POINT('',(-3.818034517214E0,4.124094424418E-1,-1.905636837458E0));
#83=CARTESIAN_POINT('',(-3.837429278786E0,4.072164638866E-1,-1.910286092002E0));
#84=CARTESIAN_POINT('',(-3.856861817569E0,4.005785657748E-1,-1.916396102013E0));
#85=CARTESIAN_POINT('',(-3.876254301280E0,3.924179145433E-1,-1.924042022161E0));
#86=CARTESIAN_POINT('',(-3.895575685575E0,3.826191415955E-1,-1.933335144416E0));
#87=CARTESIAN_POINT('',(-3.914708974657E0,3.710834291461E-1,-1.944372171487E0));
#88=CARTESIAN_POINT('',(-3.933554885145E0,3.576807369004E-1,-1.957280034792E0));
#89=CARTESIAN_POINT('',(-3.951925106253E0,3.423148624920E-1,-1.972153452203E0));
#90=CARTESIAN_POINT('',(-3.969586883981E0,3.249236128103E-1,-1.989053573474E0));
#91=CARTESIAN_POINT('',(-3.986310685736E0,3.054304365852E-1,-2.008054944374E0));
#92=CARTESIAN_POINT('',(-4.001780048090E0,2.838576929164E-1,-2.029134895365E0));
#93=CARTESIAN_POINT('',(-4.015688941645E0,2.602388731185E-1,-2.052258679521E0));
#94=CARTESIAN_POINT('',(-4.027673963866E0,2.347509998463E-1,-2.077249769174E0));
#95=CARTESIAN_POINT('',(-4.037407400391E0,2.076308593706E-1,-2.103871450790E0));
#96=CARTESIAN_POINT('',(-4.044600816317E0,1.791731769450E-1,-2.131828858536E0));
#97=CARTESIAN_POINT('',(-4.049007022267E0,1.498212173485E-1,-2.160680021354E0));
#98=CARTESIAN_POINT('',(-4.05E0,1.299825142287E-1,-2.180185271069E0));
#99=CARTESIAN_POINT('',(-4.05E0,1.2E-1,-2.19E0));
#101=DIRECTION('',(0.E0,1.E0,3.552713680061E-14));
#102=VECTOR('',#101,9.999999996452E-1);
#103=CARTESIAN_POINT('',(-4.05E0,1.2E-1,-2.19E0));
#104=LINE('',#103,#102);
#105=DIRECTION('',(0.E0,0.E0,-1.E0));
#106=VECTOR('',#105,4.38E0);
#107=CARTESIAN_POINT('',(-4.05E0,1.2E-1,2.19E0));
#108=LINE('',#107,#106);
#109=DIRECTION('',(0.E0,0.E0,1.E0));
#110=VECTOR('',#109,3.8E0);
#111=CARTESIAN_POINT('',(-3.75E0,4.2E-1,-1.9E0));
#112=LINE('',#111,#110);
#113=CARTESIAN_POINT('',(-3.76E0,4.198332870113E-1,1.9E0));
#114=CARTESIAN_POINT('',(-3.766428985607E0,4.196188683365E-1,1.9E0));
#115=CARTESIAN_POINT('',(-3.779325892766E0,4.187737345117E-1,1.900428567341E0));
#116=CARTESIAN_POINT('',(-3.798653895503E0,4.162446081404E-1,1.902366845313E0));
#117=CARTESIAN_POINT('',(-3.818034632574E0,4.124094113695E-1,1.905636862500E0));
#118=CARTESIAN_POINT('',(-3.837429596346E0,4.072163690028E-1,1.910286178850E0));
#119=CARTESIAN_POINT('',(-3.856861965381E0,4.005785091820E-1,1.916396154459E0));
#120=CARTESIAN_POINT('',(-3.876254643075E0,3.924177590878E-1,1.924042168656E0));
#121=CARTESIAN_POINT('',(-3.895575908167E0,3.826190139785E-1,1.933335266225E0));
#122=CARTESIAN_POINT('',(-3.914709183720E0,3.710832954561E-1,1.944372299728E0));
#123=CARTESIAN_POINT('',(-3.933555154116E0,3.576805274127E-1,1.957280237148E0));
#124=CARTESIAN_POINT('',(-3.951925262773E0,3.423147198695E-1,1.972153590564E0));
#125=CARTESIAN_POINT('',(-3.969587105218E0,3.249233779341E-1,1.989053802057E0));
#126=CARTESIAN_POINT('',(-3.986310833557E0,3.054302430509E-1,2.008055133346E0));
#127=CARTESIAN_POINT('',(-4.001780171584E0,2.838575079051E-1,2.029135076294E0));
#128=CARTESIAN_POINT('',(-4.015689101089E0,2.602385742356E-1,2.052258972357E0));
#129=CARTESIAN_POINT('',(-4.027674076569E0,2.347507229255E-1,2.077250040885E0));
#130=CARTESIAN_POINT('',(-4.037407490455E0,2.076305695722E-1,2.103871735378E0));
#131=CARTESIAN_POINT('',(-4.044600889919E0,1.791728185501E-1,2.131829210733E0));
#132=CARTESIAN_POINT('',(-4.049007049870E0,1.498208872049E-1,2.160680345936E0));
#133=CARTESIAN_POINT('',(-4.05E0,1.299823849877E-1,2.180185398138E0));
#134=CARTESIAN_POINT('',(-4.05E0,1.2E-1,2.19E0));
#136=DIRECTION('',(1.745002206457E-2,-9.996955138819E-1,-1.744638227034E-2));
#137=VECTOR('',#136,6.557232131551E0);
#138=CARTESIAN_POINT('',(-4.049999998652E0,1.199999499750E-1,2.210019322427E0));
#139=LINE('',#138,#137);
#140=DIRECTION('',(-1.745249561409E-2,9.996954706993E-1,-1.744638243985E-2));
#141=VECTOR('',#140,6.557232110993E0);
#142=CARTESIAN_POINT('',(-3.935559934799E0,-6.435235245644E0,
-2.095619344005E0));
#143=LINE('',#142,#141);
#144=DIRECTION('',(-6.732243174095E-8,2.498835136652E-6,-9.999999999969E-1));
#145=VECTOR('',#144,2.001932242688E-2);
#146=CARTESIAN_POINT('',(-4.049999998652E0,1.199999499750E-1,2.210019322427E0));
#147=LINE('',#146,#145);
#148=DIRECTION('',(1.645364275465E-7,-1.644719358950E-7,1.E0));
#149=VECTOR('',#148,1.999348740161E-2);
#150=CARTESIAN_POINT('',(-3.537867965476E0,1.332132034161E0,2.190003302625E0));
#151=LINE('',#150,#149);
#152=DIRECTION('',(-2.627217058275E-9,1.321120555877E-7,-1.E0));
#153=VECTOR('',#152,2.000552105073E-2);
#154=CARTESIAN_POINT('',(-4.049999999947E0,1.119999999645E0,2.210005521051E0));
#155=LINE('',#154,#153);
#156=CARTESIAN_POINT('',(-3.742928932188E0,1.127071067812E0,2.19E0));
#157=DIRECTION('',(7.071067811877E-1,-7.071067811854E-1,-4.011856937526E-13));
#158=DIRECTION('',(-3.797728415272E-13,1.875894076092E-13,-1.E0));
#159=AXIS2_PLACEMENT_3D('',#156,#157,#158);
#161=CARTESIAN_POINT('',(-3.75E0,1.12E0,2.19E0));
#162=DIRECTION('',(-3.368952626449E-14,-6.010517754005E-13,1.E0));
#163=DIRECTION('',(7.071067823935E-1,7.071067799796E-1,4.485301019483E-13));
#164=AXIS2_PLACEMENT_3D('',#161,#162,#163);
#166=CARTESIAN_POINT('',(-3.76E0,1.120000000538E0,2.19E0));
#167=DIRECTION('',(-5.379886432158E-8,-1.E0,-6.010517772130E-13));
#168=DIRECTION('',(-1.E0,5.379886421414E-8,7.350442094075E-13));
#169=AXIS2_PLACEMENT_3D('',#166,#167,#168);
#171=CARTESIAN_POINT('',(-3.75E0,1.12E0,1.9E0));
#172=DIRECTION('',(-3.368952626449E-14,-6.010517754005E-13,1.E0));
#173=DIRECTION('',(7.071067812354E-1,7.071067811377E-1,4.440892098412E-13));
#174=AXIS2_PLACEMENT_3D('',#171,#172,#173);
#176=CARTESIAN_POINT('',(-3.75E0,1.2E-1,1.9E0));
#177=DIRECTION('',(0.E0,0.E0,-1.E0));
#178=DIRECTION('',(-3.333333333333E-2,9.994442900377E-1,0.E0));
#179=AXIS2_PLACEMENT_3D('',#176,#177,#178);
#181=DIRECTION('',(-7.071067811865E-1,7.071067811865E-1,0.E0));
#182=VECTOR('',#181,9.999494936610E-1);
#183=CARTESIAN_POINT('',(-3.035857864376E0,4.2E-1,1.9E0));
#184=LINE('',#183,#182);
#185=DIRECTION('',(0.E0,1.E0,0.E0));
#186=VECTOR('',#185,7.001667165126E-1);
#187=CARTESIAN_POINT('',(-3.76E0,4.198332870113E-1,1.9E0));
#188=LINE('',#187,#186);
#189=DIRECTION('',(0.E0,-1.E0,5.506706189541E-14));
#190=VECTOR('',#189,1.000000002288E0);
#191=CARTESIAN_POINT('',(-4.05E0,1.120000002288E0,2.19E0));
#192=LINE('',#191,#190);
#193=DIRECTION('',(-7.071068010714E-1,7.071067612890E-1,-4.221874605642E-6));
#194=VECTOR('',#193,1.309495415944E0);
#195=CARTESIAN_POINT('',(-2.611914850890E0,4.061789716707E-1,2.190008831151E0));
#196=LINE('',#195,#194);
#197=CARTESIAN_POINT('',(-2.604844553816E0,3.991087946741E-1,2.209991467423E0));
#198=CARTESIAN_POINT('',(-2.605710204270E0,3.999744451289E-1,2.207794736817E0));
#199=CARTESIAN_POINT('',(-2.607387648189E0,4.016516435081E-1,2.203389006330E0));
#200=CARTESIAN_POINT('',(-2.609742942527E0,4.040070098934E-1,2.196727647955E0));
#201=CARTESIAN_POINT('',(-2.611208167278E0,4.054722880582E-1,2.192255577424E0));
#202=CARTESIAN_POINT('',(-2.611914850890E0,4.061789716707E-1,2.190008831151E0));
#204=CARTESIAN_POINT('',(-2.611914850890E0,4.061789716707E-1,2.190008831151E0));
#205=CARTESIAN_POINT('',(-2.615013482782E0,4.092779209207E-1,2.180156398527E0));
#206=CARTESIAN_POINT('',(-2.621585338773E0,4.144269809373E-1,2.160222766452E0));
#207=CARTESIAN_POINT('',(-2.632813639436E0,4.190058968449E-1,2.130039369607E0));
#208=CARTESIAN_POINT('',(-2.641389080359E0,4.200000000001E-1,2.109956914057E0));
#209=CARTESIAN_POINT('',(-2.645986090584E0,4.200000000001E-1,2.1E0));
#211=DIRECTION('',(1.E0,0.E0,0.E0));
#212=VECTOR('',#211,5.291972181168E0);
#213=CARTESIAN_POINT('',(-2.645986090584E0,4.200000000001E-1,2.1E0));
#214=LINE('',#213,#212);
#215=CARTESIAN_POINT('',(2.645986090584E0,4.2E-1,2.1E0));
#216=CARTESIAN_POINT('',(2.641389105303E0,4.2E-1,2.109956860032E0));
#217=CARTESIAN_POINT('',(2.632813691548E0,4.190059078155E-1,2.130039240941E0));
#218=CARTESIAN_POINT('',(2.621585382704E0,4.144270090129E-1,2.160222637523E0));
#219=CARTESIAN_POINT('',(2.615013500245E0,4.092779383857E-1,2.180156344162E0));
#220=CARTESIAN_POINT('',(2.611914851256E0,4.061789720360E-1,2.190008831150E0));
#222=CARTESIAN_POINT('',(2.604843513020E0,3.991077049662E-1,2.209994220122E0));
#223=CARTESIAN_POINT('',(2.598861636078E0,3.931263031929E-1,2.225171695750E0));
#224=CARTESIAN_POINT('',(2.587813935853E0,3.786910898313E-1,2.254487509123E0));
#225=CARTESIAN_POINT('',(2.572684299202E0,3.507180020781E-1,2.293718986599E0));
#226=CARTESIAN_POINT('',(2.557370490491E0,3.175327605932E-1,2.327396939903E0));
#227=CARTESIAN_POINT('',(2.540178019704E0,2.802180141578E-1,2.355030694586E0));
#228=CARTESIAN_POINT('',(2.519388705738E0,2.403337584005E-1,2.375904170106E0));
#229=CARTESIAN_POINT('',(2.495803744753E0,2.024078509825E-1,2.389345530647E0));
#230=CARTESIAN_POINT('',(2.466500436756E0,1.631666119406E-1,2.397846588749E0));
#231=CARTESIAN_POINT('',(2.440532490389E0,1.345132937093E-1,2.4E0));
#232=CARTESIAN_POINT('',(2.426019196680E0,1.200000000001E-1,2.4E0));
#234=DIRECTION('',(-1.E0,-1.392058095688E-14,-1.702389518293E-14));
#235=VECTOR('',#234,4.852038393360E0);
#236=CARTESIAN_POINT('',(2.426019196680E0,1.200000000001E-1,2.4E0));
#237=LINE('',#236,#235);
#238=CARTESIAN_POINT('',(-2.426019196680E0,1.2E-1,2.4E0));
#239=CARTESIAN_POINT('',(-2.440952667746E0,1.349334710662E-1,2.4E0));
#240=CARTESIAN_POINT('',(-2.467594183395E0,1.644297863143E-1,2.397708226076E0));
#241=CARTESIAN_POINT('',(-2.497289539438E0,2.045406747380E-1,2.388785806298E0));
#242=CARTESIAN_POINT('',(-2.521277000372E0,2.436428732815E-1,2.374494999724E0));
#243=CARTESIAN_POINT('',(-2.541909990735E0,2.838375059701E-1,2.352754180092E0));
#244=CARTESIAN_POINT('',(-2.558930666835E0,3.210013748095E-1,2.324326425838E0));
#245=CARTESIAN_POINT('',(-2.573896269898E0,3.531590974039E-1,2.290683921138E0));
#246=CARTESIAN_POINT('',(-2.588635876159E0,3.798852811162E-1,2.252276961856E0));
#247=CARTESIAN_POINT('',(-2.599197847604E0,3.934625370459E-1,2.224319776123E0));
#248=CARTESIAN_POINT('',(-2.604844553816E0,3.991087946741E-1,2.209991467423E0));
#250=DIRECTION('',(7.071068464224E-1,-7.071067159392E-1,-4.033821251384E-6));
#251=VECTOR('',#250,1.319494236396E0);
#252=CARTESIAN_POINT('',(-3.537867962186E0,1.332132030873E0,2.209996790027E0));
#253=LINE('',#252,#251);
#254=DIRECTION('',(7.071067811865E-1,-7.071067811866E-1,0.E0));
#255=VECTOR('',#254,1.424213556171E0);
#256=CARTESIAN_POINT('',(-3.742928927802E0,1.127071063426E0,2.5E0));
#257=LINE('',#256,#255);
#258=CARTESIAN_POINT('',(-3.760007361401E0,1.119981612024E0,2.499999999930E0));
#259=CARTESIAN_POINT('',(-3.760007361401E0,1.121394547395E0,2.499999999930E0));
#260=CARTESIAN_POINT('',(-3.759465096059E0,1.123920525394E0,2.500000000033E0));
#261=CARTESIAN_POINT('',(-3.757238768383E0,1.127278608526E0,2.499999999991E0));
#262=CARTESIAN_POINT('',(-3.753923916647E0,1.129471867125E0,2.500000000002E0));
#263=CARTESIAN_POINT('',(-3.750029153863E0,1.130263986892E0,2.499999999999E0));
#264=CARTESIAN_POINT('',(-3.746080622513E0,1.129470827314E0,2.5E0));
#265=CARTESIAN_POINT('',(-3.743908642753E0,1.128050778377E0,2.5E0));
#266=CARTESIAN_POINT('',(-3.742928927802E0,1.127071063426E0,2.5E0));
#268=DIRECTION('',(1.E0,1.622710147894E-14,0.E0));
#269=VECTOR('',#268,5.471715728752E0);
#270=CARTESIAN_POINT('',(-2.735857864376E0,1.199999999999E-1,2.5E0));
#271=LINE('',#270,#269);
#272=DIRECTION('',(1.E0,-4.884604151740E-8,-1.315872578702E-9));
#273=VECTOR('',#272,1.024161458051E0);
#274=CARTESIAN_POINT('',(2.735857864376E0,1.2E-1,2.5E0));
#275=LINE('',#274,#273);
#276=DIRECTION('',(-1.744638227032E-2,-9.996955138819E-1,-1.745002206430E-2));
#277=VECTOR('',#276,6.557232131549E0);
#278=CARTESIAN_POINT('',(3.760019322427E0,1.199999499738E-1,2.499999998652E0));
#279=LINE('',#278,#277);
#280=DIRECTION('',(-1.744638243988E-2,9.996954706993E-1,1.745249561063E-2));
#281=VECTOR('',#280,6.557232110996E0);
#282=CARTESIAN_POINT('',(-3.645619344005E0,-6.435235245644E0,2.385559934821E0));
#283=LINE('',#282,#281);
#284=DIRECTION('',(1.E0,3.863975670810E-9,5.307850604167E-10));
#285=VECTOR('',#284,1.024161458785E0);
#286=CARTESIAN_POINT('',(-3.760019323161E0,1.199999960426E-1,2.499999999456E0));
#287=LINE('',#286,#285);
#288=CARTESIAN_POINT('',(-2.735857864376E0,1.2E-1,2.5E0));
#289=CARTESIAN_POINT('',(-2.678284566911E0,1.2E-1,2.5E0));
#290=CARTESIAN_POINT('',(-2.569062422464E0,1.2E-1,2.483358807345E0));
#291=CARTESIAN_POINT('',(-2.470640008657E0,1.2E-1,2.436382244564E0));
#292=CARTESIAN_POINT('',(-2.426019196680E0,1.2E-1,2.4E0));
#294=CARTESIAN_POINT('',(2.426019196680E0,1.2E-1,2.4E0));
#295=CARTESIAN_POINT('',(2.470640008656E0,1.2E-1,2.436382244564E0));
#296=CARTESIAN_POINT('',(2.569062422464E0,1.2E-1,2.483358807345E0));
#297=CARTESIAN_POINT('',(2.678284566911E0,1.2E-1,2.5E0));
#298=CARTESIAN_POINT('',(2.735857864376E0,1.2E-1,2.5E0));
#300=DIRECTION('',(7.071068278922E-1,7.071067344783E-1,1.947641300301E-6));
#301=VECTOR('',#300,1.319495747434E0);
#302=CARTESIAN_POINT('',(2.604843513020E0,3.991077049662E-1,2.209994220122E0));
#303=LINE('',#302,#301);
#304=DIRECTION('',(7.071067811866E-1,7.071067811865E-1,0.E0));
#305=VECTOR('',#304,1.424213562373E0);
#306=CARTESIAN_POINT('',(2.735857864376E0,1.2E-1,2.5E0));
#307=LINE('',#306,#305);
#308=CARTESIAN_POINT('',(3.742928932188E0,1.127071067812E0,2.5E0));
#309=CARTESIAN_POINT('',(3.743908456046E0,1.128050591670E0,2.5E0));
#310=CARTESIAN_POINT('',(3.746080011E0,1.129470504853E0,2.5E0));
#311=CARTESIAN_POINT('',(3.750028067578E0,1.130263954658E0,2.499999999999E0));
#312=CARTESIAN_POINT('',(3.753922793517E0,1.129472332387E0,2.500000000002E0));
#313=CARTESIAN_POINT('',(3.757238023047E0,1.127279399258E0,2.499999999991E0));
#314=CARTESIAN_POINT('',(3.759464891671E0,1.123921186455E0,2.500000000033E0));
#315=CARTESIAN_POINT('',(3.760007361401E0,1.121394810062E0,2.499999999930E0));
#316=CARTESIAN_POINT('',(3.760007361401E0,1.119981608847E0,2.499999999930E0));
#318=CARTESIAN_POINT('',(3.742928932188E0,1.127071067812E0,2.21E0));
#319=DIRECTION('',(-7.071067811849E-1,-7.071067811882E-1,3.400062289817E-13));
#320=DIRECTION('',(1.117879735140E-13,3.690534468066E-13,1.E0));
#321=AXIS2_PLACEMENT_3D('',#318,#319,#320);
#323=CARTESIAN_POINT('',(3.75E0,1.12E0,2.21E0));
#324=DIRECTION('',(-9.463694196115E-13,4.655279992911E-13,-1.E0));
#325=DIRECTION('',(-7.071067828613E-1,7.071067795118E-1,9.977204247970E-13));
#326=AXIS2_PLACEMENT_3D('',#323,#324,#325);
#328=CARTESIAN_POINT('',(3.76E0,1.119999999053E0,2.21E0));
#329=DIRECTION('',(-9.468346212627E-8,-1.E0,-4.655279096856E-13));
#330=DIRECTION('',(9.999999992751E-1,-9.468346183728E-8,3.807620924612E-5));
#331=AXIS2_PLACEMENT_3D('',#328,#329,#330);
#333=DIRECTION('',(-2.627883008312E-9,-2.325172560206E-7,1.E0));
#334=VECTOR('',#333,2.000552105029E-2);
#335=CARTESIAN_POINT('',(4.05E0,1.119999999872E0,2.19E0));
#336=LINE('',#335,#334);
#337=DIRECTION('',(9.351111766890E-8,9.343817446816E-8,-1.E0));
#338=VECTOR('',#337,1.999348740160E-2);
#339=CARTESIAN_POINT('',(3.537867965405E0,1.332132034092E0,2.209996790027E0));
#340=LINE('',#339,#338);
#341=CARTESIAN_POINT('',(3.76E0,1.12E0,2.19E0));
#342=DIRECTION('',(-2.212341421168E-12,-1.E0,-1.636239036986E-12));
#343=DIRECTION('',(-4.884981308353E-13,1.636239036983E-12,-1.E0));
#344=AXIS2_PLACEMENT_3D('',#341,#342,#343);
#346=CARTESIAN_POINT('',(3.75E0,1.12E0,2.19E0));
#347=DIRECTION('',(-1.823828444591E-12,-1.636239036982E-12,1.E0));
#348=DIRECTION('',(1.E0,-3.552713678800E-14,1.823726355117E-12));
#349=AXIS2_PLACEMENT_3D('',#346,#347,#348);
#351=CARTESIAN_POINT('',(3.742928932568E0,1.127071068192E0,2.19E0));
#352=DIRECTION('',(-7.071068192253E-1,-7.071067431478E-1,-2.446637186719E-12));
#353=DIRECTION('',(-7.071067429644E-1,7.071068190419E-1,2.277672042697E-5));
#354=AXIS2_PLACEMENT_3D('',#351,#352,#353);
#356=DIRECTION('',(-7.071067811867E-1,-7.071067811864E-1,0.E0));
#357=VECTOR('',#356,9.999494971850E-1);
#358=CARTESIAN_POINT('',(3.742928934680E0,1.127071070303E0,1.9E0));
#359=LINE('',#358,#357);
#360=CARTESIAN_POINT('',(3.75E0,1.2E-1,1.9E0));
#361=DIRECTION('',(0.E0,0.E0,-1.E0));
#362=DIRECTION('',(0.E0,1.E0,0.E0));
#363=AXIS2_PLACEMENT_3D('',#360,#361,#362);
#365=CARTESIAN_POINT('',(3.750000000001E0,1.12E0,1.9E0));
#366=DIRECTION('',(-1.823828444591E-12,-1.636239036982E-12,1.E0));
#367=DIRECTION('',(1.E0,-4.842792833665E-11,1.820765760479E-12));
#368=AXIS2_PLACEMENT_3D('',#365,#366,#367);
#370=DIRECTION('',(-7.071068010714E-1,-7.071067612890E-1,4.221874599444E-6));
#371=VECTOR('',#370,1.309495417971E0);
#372=CARTESIAN_POINT('',(3.537867967275E0,1.332132035960E0,2.190003302625E0));
#373=LINE('',#372,#371);
#374=CARTESIAN_POINT('',(2.604843513020E0,3.991077049662E-1,2.209994220122E0));
#375=CARTESIAN_POINT('',(2.605699583373E0,3.999637753191E-1,2.207821989028E0));
#376=CARTESIAN_POINT('',(2.607367019920E0,4.016310380655E-1,2.203445851391E0));
#377=CARTESIAN_POINT('',(2.609722225455E0,4.039862862994E-1,2.196786529464E0));
#378=CARTESIAN_POINT('',(2.611200124638E0,4.054642454182E-1,2.192281148403E0));
#379=CARTESIAN_POINT('',(2.611914851256E0,4.061789720360E-1,2.190008831150E0));
#381=CARTESIAN_POINT('',(3.76E0,4.198332870113E-1,-1.9E0));
#382=CARTESIAN_POINT('',(3.766428985607E0,4.196188683365E-1,-1.9E0));
#383=CARTESIAN_POINT('',(3.779325892766E0,4.187737345117E-1,-1.900428567341E0));
#384=CARTESIAN_POINT('',(3.798653895503E0,4.162446081404E-1,-1.902366845313E0));
#385=CARTESIAN_POINT('',(3.818034632574E0,4.124094113695E-1,-1.905636862500E0));
#386=CARTESIAN_POINT('',(3.837429596346E0,4.072163690028E-1,-1.910286178850E0));
#387=CARTESIAN_POINT('',(3.856861965381E0,4.005785091820E-1,-1.916396154459E0));
#388=CARTESIAN_POINT('',(3.876254643075E0,3.924177590878E-1,-1.924042168656E0));
#389=CARTESIAN_POINT('',(3.895575908167E0,3.826190139785E-1,-1.933335266225E0));
#390=CARTESIAN_POINT('',(3.914709183720E0,3.710832954561E-1,-1.944372299728E0));
#391=CARTESIAN_POINT('',(3.933555154116E0,3.576805274127E-1,-1.957280237148E0));
#392=CARTESIAN_POINT('',(3.951925262773E0,3.423147198695E-1,-1.972153590564E0));
#393=CARTESIAN_POINT('',(3.969587105218E0,3.249233779341E-1,-1.989053802057E0));
#394=CARTESIAN_POINT('',(3.986310833557E0,3.054302430509E-1,-2.008055133346E0));
#395=CARTESIAN_POINT('',(4.001780171584E0,2.838575079051E-1,-2.029135076294E0));
#396=CARTESIAN_POINT('',(4.015689101089E0,2.602385742356E-1,-2.052258972357E0));
#397=CARTESIAN_POINT('',(4.027674076569E0,2.347507229255E-1,-2.077250040885E0));
#398=CARTESIAN_POINT('',(4.037407490455E0,2.076305695722E-1,-2.103871735378E0));
#399=CARTESIAN_POINT('',(4.044600889919E0,1.791728185501E-1,-2.131829210733E0));
#400=CARTESIAN_POINT('',(4.049007049870E0,1.498208872049E-1,-2.160680345936E0));
#401=CARTESIAN_POINT('',(4.05E0,1.299823849877E-1,-2.180185398138E0));
#402=CARTESIAN_POINT('',(4.05E0,1.2E-1,-2.19E0));
#404=DIRECTION('',(0.E0,0.E0,1.E0));
#405=VECTOR('',#404,4.38E0);
#406=CARTESIAN_POINT('',(4.05E0,1.2E-1,-2.19E0));
#407=LINE('',#406,#405);
#408=DIRECTION('',(0.E0,0.E0,-1.E0));
#409=VECTOR('',#408,3.8E0);
#410=CARTESIAN_POINT('',(3.75E0,4.2E-1,1.9E0));
#411=LINE('',#410,#409);
#412=DIRECTION('',(7.071067811867E-1,7.071067811864E-1,0.E0));
#413=VECTOR('',#412,9.999494936610E-1);
#414=CARTESIAN_POINT('',(3.035857864376E0,4.199999999998E-1,-1.9E0));
#415=LINE('',#414,#413);
#416=CARTESIAN_POINT('',(3.75E0,1.12E0,-1.9E0));
#417=DIRECTION('',(-1.604846523872E-12,-1.124005103552E-12,-1.E0));
#418=DIRECTION('',(-7.071067812774E-1,7.071067810957E-1,3.330669073940E-13));
#419=AXIS2_PLACEMENT_3D('',#416,#417,#418);
#421=CARTESIAN_POINT('',(3.75E0,1.2E-1,-1.9E0));
#422=DIRECTION('',(0.E0,0.E0,1.E0));
#423=DIRECTION('',(3.333333333333E-2,9.994442900377E-1,0.E0));
#424=AXIS2_PLACEMENT_3D('',#421,#422,#423);
#426=DIRECTION('',(-1.E0,-2.332714407048E-13,0.E0));
#427=VECTOR('',#426,7.141421356238E-1);
#428=CARTESIAN_POINT('',(3.75E0,4.2E-1,-1.9E0));
#429=LINE('',#428,#427);
#430=DIRECTION('',(7.071068032415E-1,7.071067591177E-1,4.432813045651E-6));
#431=VECTOR('',#430,1.309495626795E0);
#432=CARTESIAN_POINT('',(2.611914698886E0,4.061788253489E-1,-2.190009272865E0));
#433=LINE('',#432,#431);
#434=CARTESIAN_POINT('',(-2.604843493743E0,3.991076843841E-1,
-2.209994279942E0));
#435=CARTESIAN_POINT('',(-2.598861625764E0,3.931262875014E-1,
-2.225171732093E0));
#436=CARTESIAN_POINT('',(-2.587813925595E0,3.786910789664E-1,
-2.254487518503E0));
#437=CARTESIAN_POINT('',(-2.572684321476E0,3.507180384552E-1,
-2.293718941473E0));
#438=CARTESIAN_POINT('',(-2.557370501988E0,3.175327912700E-1,
-2.327396913930E0));
#439=CARTESIAN_POINT('',(-2.540178042720E0,2.802180603334E-1,
-2.355030665133E0));
#440=CARTESIAN_POINT('',(-2.519388726486E0,2.403337945939E-1,
-2.375904155571E0));
#441=CARTESIAN_POINT('',(-2.495803758905E0,2.024078707475E-1,
-2.389345525672E0));
#442=CARTESIAN_POINT('',(-2.466500443838E0,1.631666198983E-1,
-2.397846588082E0));
#443=CARTESIAN_POINT('',(-2.440532492651E0,1.345132959711E-1,-2.4E0));
#444=CARTESIAN_POINT('',(-2.426019196680E0,1.2E-1,-2.4E0));
#446=DIRECTION('',(1.E0,1.667209089740E-14,-2.041036895588E-14));
#447=VECTOR('',#446,4.852038393360E0);
#448=CARTESIAN_POINT('',(-2.426019196680E0,1.2E-1,-2.4E0));
#449=LINE('',#448,#447);
#450=CARTESIAN_POINT('',(2.426019196680E0,1.2E-1,-2.4E0));
#451=CARTESIAN_POINT('',(2.440952664382E0,1.349334677023E-1,-2.4E0));
#452=CARTESIAN_POINT('',(2.467594177090E0,1.644297785994E-1,-2.397708227284E0));
#453=CARTESIAN_POINT('',(2.497289539546E0,2.045406740478E-1,-2.388785806895E0));
#454=CARTESIAN_POINT('',(2.521277006925E0,2.436428847231E-1,-2.374494995846E0));
#455=CARTESIAN_POINT('',(2.541910004214E0,2.838375319961E-1,-2.352754162785E0));
#456=CARTESIAN_POINT('',(2.558930670558E0,3.210013893426E-1,-2.324326414512E0));
#457=CARTESIAN_POINT('',(2.573896291677E0,3.531591301188E-1,-2.290683879057E0));
#458=CARTESIAN_POINT('',(2.588635861139E0,3.798852654079E-1,-2.252276982889E0));
#459=CARTESIAN_POINT('',(2.599197837013E0,3.934625210690E-1,-2.224319807689E0));
#460=CARTESIAN_POINT('',(2.604844529483E0,3.991087688013E-1,-2.209991540564E0));
#462=CARTESIAN_POINT('',(2.604844529483E0,3.991087688013E-1,-2.209991540564E0));
#463=CARTESIAN_POINT('',(2.605710146083E0,3.999743854009E-1,-2.207794898394E0));
#464=CARTESIAN_POINT('',(2.607387539201E0,4.016515359972E-1,-2.203389295535E0));
#465=CARTESIAN_POINT('',(2.609742772152E0,4.040068366608E-1,-2.196728150367E0));
#466=CARTESIAN_POINT('',(2.611207976891E0,4.054721033530E-1,-2.192256122978E0));
#467=CARTESIAN_POINT('',(2.611914698886E0,4.061788253489E-1,-2.190009272865E0));
#469=CARTESIAN_POINT('',(2.611914698886E0,4.061788253489E-1,-2.190009272865E0));
#470=CARTESIAN_POINT('',(2.615013451464E0,4.092779111988E-1,-2.180156485724E0));
#471=CARTESIAN_POINT('',(2.621585386830E0,4.144270048748E-1,-2.160222642949E0));
#472=CARTESIAN_POINT('',(2.632813658165E0,4.190058999652E-1,-2.130039317860E0));
#473=CARTESIAN_POINT('',(2.641389093177E0,4.199999999999E-1,-2.109956886297E0));
#474=CARTESIAN_POINT('',(2.645986090584E0,4.199999999999E-1,-2.1E0));
#476=DIRECTION('',(-1.E0,1.704574734383E-14,0.E0));
#477=VECTOR('',#476,5.291972181168E0);
#478=CARTESIAN_POINT('',(2.645986090584E0,4.199999999999E-1,-2.1E0));
#479=LINE('',#478,#477);
#480=CARTESIAN_POINT('',(-2.645986090584E0,4.2E-1,-2.1E0));
#481=CARTESIAN_POINT('',(-2.641389118466E0,4.2E-1,-2.109956831520E0));
#482=CARTESIAN_POINT('',(-2.632813711003E0,4.190059110897E-1,
-2.130039187407E0));
#483=CARTESIAN_POINT('',(-2.621585431366E0,4.144270333344E-1,
-2.160222512228E0));
#484=CARTESIAN_POINT('',(-2.615013469182E0,4.092779289194E-1,
-2.180156430604E0));
#485=CARTESIAN_POINT('',(-2.611914699269E0,4.061788257320E-1,
-2.190009272865E0));
#487=CARTESIAN_POINT('',(-2.604843493743E0,3.991076843841E-1,
-2.209994279942E0));
#488=CARTESIAN_POINT('',(-2.605699530501E0,3.999637211424E-1,
-2.207822135676E0));
#489=CARTESIAN_POINT('',(-2.607366910356E0,4.016309298681E-1,
-2.203446143975E0));
#490=CARTESIAN_POINT('',(-2.609722055532E0,4.039861135511E-1,
-2.196787025869E0));
#491=CARTESIAN_POINT('',(-2.611199934668E0,4.054640611305E-1,
-2.192281692480E0));
#492=CARTESIAN_POINT('',(-2.611914699269E0,4.061788257320E-1,
-2.190009272865E0));
#494=DIRECTION('',(7.071068032416E-1,-7.071067591176E-1,-4.432813079851E-6));
#495=VECTOR('',#494,1.309495621701E0);
#496=CARTESIAN_POINT('',(-3.537867962189E0,1.332132030871E0,-2.190003468116E0));
#497=LINE('',#496,#495);
#498=DIRECTION('',(2.627661024951E-9,1.321115006306E-7,-1.E0));
#499=VECTOR('',#498,2.000552105055E-2);
#500=CARTESIAN_POINT('',(-4.05E0,1.119999999645E0,-2.19E0));
#501=LINE('',#500,#499);
#502=DIRECTION('',(1.643943855121E-7,-1.646176812058E-7,1.E0));
#503=VECTOR('',#502,1.999334941988E-2);
#504=CARTESIAN_POINT('',(-3.537867965476E0,1.332132034163E0,-2.209996817536E0));
#505=LINE('',#504,#503);
#506=DIRECTION('',(2.716160956237E-8,-1.978024249713E-7,-1.E0));
#507=VECTOR('',#506,2.001932316075E-2);
#508=CARTESIAN_POINT('',(-4.05E0,1.2E-1,-2.19E0));
#509=LINE('',#508,#507);
#510=DIRECTION('',(1.196124546713E-5,9.999999999285E-1,-1.277692947556E-9));
#511=VECTOR('',#510,9.999816686616E-1);
#512=CARTESIAN_POINT('',(-3.760019322427E0,1.199999499825E-1,
-2.499999998652E0));
#513=LINE('',#512,#511);
#514=DIRECTION('',(4.911937492231E-10,-9.999999999048E-1,-1.380211014983E-5));
#515=VECTOR('',#514,1.000000006343E0);
#516=CARTESIAN_POINT('',(-4.049999999947E0,1.120000002288E0,-2.210005521050E0));
#517=LINE('',#516,#515);
#518=CARTESIAN_POINT('',(-4.049999999456E0,1.199999960401E-1,
-2.210019323161E0));
#519=CARTESIAN_POINT('',(-4.049999421549E0,1.198783773156E-1,
-2.225196956508E0));
#520=CARTESIAN_POINT('',(-4.047602894202E0,1.196522262991E-1,
-2.255540030115E0));
#521=CARTESIAN_POINT('',(-4.037000372728E0,1.193064428249E-1,
-2.299808804107E0));
#522=CARTESIAN_POINT('',(-4.019472654555E0,1.191259558108E-1,
-2.342179120948E0));
#523=CARTESIAN_POINT('',(-3.995623289670E0,1.189753583052E-1,
-2.381098334846E0));
#524=CARTESIAN_POINT('',(-3.965934750951E0,1.189415408451E-1,
-2.415883407352E0));
#525=CARTESIAN_POINT('',(-3.931154319113E0,1.189752383422E-1,
-2.445583003199E0));
#526=CARTESIAN_POINT('',(-3.892233858626E0,1.191256708699E-1,
-2.469445416610E0));
#527=CARTESIAN_POINT('',(-3.849853239685E0,1.193062539426E-1,
-2.486986925109E0));
#528=CARTESIAN_POINT('',(-3.805566457884E0,1.196519395903E-1,
-2.497599903150E0));
#529=CARTESIAN_POINT('',(-3.775206390885E0,1.198782072972E-1,
-2.499999420386E0));
#530=CARTESIAN_POINT('',(-3.760019322427E0,1.199999499825E-1,
-2.499999998652E0));
#532=DIRECTION('',(-7.071067811866E-1,7.071067811865E-1,0.E0));
#533=VECTOR('',#532,1.424213562373E0);
#534=CARTESIAN_POINT('',(-2.735857864376E0,1.199999999999E-1,-2.5E0));
#535=LINE('',#534,#533);
#536=CARTESIAN_POINT('',(-3.742928932188E0,1.127071067812E0,-2.5E0));
#537=CARTESIAN_POINT('',(-3.743908456046E0,1.128050591670E0,-2.5E0));
#538=CARTESIAN_POINT('',(-3.746080010999E0,1.129470504829E0,-2.5E0));
#539=CARTESIAN_POINT('',(-3.750028067578E0,1.130263954746E0,-2.499999999999E0));
#540=CARTESIAN_POINT('',(-3.753922793517E0,1.129472332063E0,-2.500000000002E0));
#541=CARTESIAN_POINT('',(-3.757238023047E0,1.127279400467E0,-2.499999999991E0));
#542=CARTESIAN_POINT('',(-3.759464891671E0,1.123921181941E0,-2.500000000033E0));
#543=CARTESIAN_POINT('',(-3.760007361401E0,1.121394819788E0,-2.499999999930E0));
#544=CARTESIAN_POINT('',(-3.760007361401E0,1.119981618572E0,-2.499999999930E0));
#546=DIRECTION('',(1.E0,4.883743612504E-8,-1.315947160052E-9));
#547=VECTOR('',#546,1.024161458051E0);
#548=CARTESIAN_POINT('',(-3.760019322427E0,1.199999499825E-1,
-2.499999998652E0));
#549=LINE('',#548,#547);
#550=DIRECTION('',(-7.071068273978E-1,7.071067349727E-1,-1.923154332007E-6));
#551=VECTOR('',#550,1.319495775718E0);
#552=CARTESIAN_POINT('',(-2.604843493743E0,3.991076843841E-1,
-2.209994279942E0));
#553=LINE('',#552,#551);
#554=CARTESIAN_POINT('',(-2.426019196680E0,1.2E-1,-2.4E0));
#555=CARTESIAN_POINT('',(-2.470640008657E0,1.2E-1,-2.436382244564E0));
#556=CARTESIAN_POINT('',(-2.569062422464E0,1.2E-1,-2.483358807345E0));
#557=CARTESIAN_POINT('',(-2.678284566911E0,1.2E-1,-2.5E0));
#558=CARTESIAN_POINT('',(-2.735857864376E0,1.2E-1,-2.5E0));
#560=CARTESIAN_POINT('',(2.735857864376E0,1.2E-1,-2.5E0));
#561=CARTESIAN_POINT('',(2.678284566911E0,1.2E-1,-2.5E0));
#562=CARTESIAN_POINT('',(2.569062422464E0,1.2E-1,-2.483358807345E0));
#563=CARTESIAN_POINT('',(2.470640008656E0,1.2E-1,-2.436382244564E0));
#564=CARTESIAN_POINT('',(2.426019196680E0,1.2E-1,-2.4E0));
#566=DIRECTION('',(-1.E0,-1.941773818737E-14,0.E0));
#567=VECTOR('',#566,5.471715728752E0);
#568=CARTESIAN_POINT('',(2.735857864376E0,1.2E-1,-2.5E0));
#569=LINE('',#568,#567);
#570=DIRECTION('',(1.744638227031E-2,-9.996955138819E-1,1.745002206479E-2));
#571=VECTOR('',#570,6.557232131558E0);
#572=CARTESIAN_POINT('',(-3.760019322427E0,1.199999499825E-1,
-2.499999998652E0));
#573=LINE('',#572,#571);
#574=DIRECTION('',(1.744638243988E-2,9.996954706993E-1,-1.745249561276E-2));
#575=VECTOR('',#574,6.557232110996E0);
#576=CARTESIAN_POINT('',(3.645619344005E0,-6.435235245644E0,-2.385559934807E0));
#577=LINE('',#576,#575);
#578=CARTESIAN_POINT('',(-3.645622104300E0,-6.430174464399E0,
-2.095622104300E0));
#579=DIRECTION('',(1.744974916068E-2,-9.996954598819E-1,1.744974916068E-2));
#580=DIRECTION('',(-9.998477060261E-1,-1.745174218801E-2,3.806568495968E-5));
#581=AXIS2_PLACEMENT_3D('',#578,#579,#580);
#583=CARTESIAN_POINT('',(-3.935559934799E0,-6.435235245644E0,
-2.095619344005E0));
#584=CARTESIAN_POINT('',(-3.935414503020E0,-6.443567080503E0,
-2.095564783294E0));
#585=CARTESIAN_POINT('',(-3.934362108110E0,-6.462596403974E0,
-2.095455486351E0));
#586=CARTESIAN_POINT('',(-3.929114569108E0,-6.496387031130E0,
-2.095395902293E0));
#587=CARTESIAN_POINT('',(-3.916261827177E0,-6.539037559521E0,
-2.095076331540E0));
#588=CARTESIAN_POINT('',(-3.898721343496E0,-6.575910065313E0,
-2.094185396525E0));
#589=CARTESIAN_POINT('',(-3.876932937587E0,-6.609938167162E0,
-2.093761089289E0));
#590=CARTESIAN_POINT('',(-3.847429796558E0,-6.644149063672E0,
-2.092714005226E0));
#591=CARTESIAN_POINT('',(-3.811772590714E0,-6.674315693915E0,
-2.091457963640E0));
#592=CARTESIAN_POINT('',(-3.772314283277E0,-6.698381227207E0,
-2.090311001008E0));
#593=CARTESIAN_POINT('',(-3.729219283164E0,-6.716315222635E0,
-2.088523535292E0));
#594=CARTESIAN_POINT('',(-3.683215572864E0,-6.727466633830E0,
-2.087532082546E0));
#595=CARTESIAN_POINT('',(-3.651536672345E0,-6.73E0,-2.086294378188E0));
#596=CARTESIAN_POINT('',(-3.635623626307E0,-6.73E0,-2.085623626308E0));
#598=CARTESIAN_POINT('',(-3.645619344024E0,-6.435235595419E0,
-2.385576153273E0));
#599=CARTESIAN_POINT('',(-3.645603087636E0,-6.450805260885E0,
-2.385304385507E0));
#600=CARTESIAN_POINT('',(-3.645504706530E0,-6.481930474959E0,
-2.382334312540E0));
#601=CARTESIAN_POINT('',(-3.645096038210E0,-6.527457930504E0,
-2.370645790817E0));
#602=CARTESIAN_POINT('',(-3.644567079830E0,-6.570652601270E0,
-2.351995736347E0));
#603=CARTESIAN_POINT('',(-3.643647077790E0,-6.610446633315E0,
-2.326821093822E0));
#604=CARTESIAN_POINT('',(-3.642541781743E0,-6.645782050432E0,
-2.295794042396E0));
#605=CARTESIAN_POINT('',(-3.641517726370E0,-6.675772477911E0,
-2.259763406151E0));
#606=CARTESIAN_POINT('',(-3.640171931696E0,-6.699739066838E0,
-2.219654219671E0));
#607=CARTESIAN_POINT('',(-3.638425716538E0,-6.717141940470E0,
-2.176531175676E0));
#608=CARTESIAN_POINT('',(-3.637497187495E0,-6.727658949752E0,
-2.131526490540E0));
#609=CARTESIAN_POINT('',(-3.636283892642E0,-6.73E0,-2.100903193370E0));
#610=CARTESIAN_POINT('',(-3.635623626307E0,-6.73E0,-2.085623626308E0));
#612=DIRECTION('',(9.999999999999E-1,-3.452929122179E-7,6.971356073839E-8));
#613=VECTOR('',#612,1.767422974125E0);
#614=CARTESIAN_POINT('',(-3.635623626307E0,-6.73E0,-2.085623626308E0));
#615=LINE('',#614,#613);
#616=CARTESIAN_POINT('',(-1.868200652182E0,-6.730000610279E0,
-2.085623503094E0));
#617=CARTESIAN_POINT('',(-1.800383483387E0,-6.729999434425E0,
-2.115996880363E0));
#618=CARTESIAN_POINT('',(-1.660008571932E0,-6.720899456686E0,
-2.172859058422E0));
#619=CARTESIAN_POINT('',(-1.515058233863E0,-6.698984841687E0,
-2.220926846148E0));
#620=CARTESIAN_POINT('',(-1.442219696392E0,-6.685522659959E0,
-2.242812008232E0));
#622=DIRECTION('',(1.E0,-6.677389134973E-8,1.139634654951E-7));
#623=VECTOR('',#622,2.884441271966E0);
#624=CARTESIAN_POINT('',(-1.442219696392E0,-6.685522659959E0,
-2.242812008232E0));
#625=LINE('',#624,#623);
#626=CARTESIAN_POINT('',(1.442221575574E0,-6.685522852565E0,-2.242811679511E0));
#627=CARTESIAN_POINT('',(1.515058546379E0,-6.698986414838E0,-2.220926788556E0));
#628=CARTESIAN_POINT('',(1.660006839561E0,-6.720897462581E0,-2.172859130347E0));
#629=CARTESIAN_POINT('',(1.800384468093E0,-6.730001260323E0,-2.115995535319E0));
#630=CARTESIAN_POINT('',(1.868201389576E0,-6.730000718608E0,-2.085622985627E0));
#632=DIRECTION('',(9.999999999999E-1,4.065852271042E-7,-3.624934607409E-7));
#633=VECTOR('',#632,1.767422236731E0);
#634=CARTESIAN_POINT('',(1.868201389576E0,-6.730000718608E0,-2.085622985627E0));
#635=LINE('',#634,#633);
#636=DIRECTION('',(-9.999999999975E-1,-4.797193125718E-8,-2.224377241983E-6));
#637=VECTOR('',#636,7.291238688048E0);
#638=CARTESIAN_POINT('',(3.645619344005E0,-6.435235245644E0,-2.385559934807E0));
#639=LINE('',#638,#637);
#640=CARTESIAN_POINT('',(0.E0,-6.73E0,0.E0));
#641=DIRECTION('',(0.E0,-1.E0,0.E0));
#642=DIRECTION('',(-6.672145580736E-1,0.E0,7.448655808229E-1));
#643=AXIS2_PLACEMENT_3D('',#640,#641,#642);
#645=DIRECTION('',(-3.869613943167E-6,-8.345384929935E-8,9.999999999925E-1));
#646=VECTOR('',#645,4.191238688061E0);
#647=CARTESIAN_POINT('',(-3.935559934799E0,-6.435235245644E0,
-2.095619344005E0));
#648=LINE('',#647,#646);
#649=CARTESIAN_POINT('',(-3.935576153274E0,-6.435235595419E0,2.095619344024E0));
#650=CARTESIAN_POINT('',(-3.935304385509E0,-6.450805260847E0,2.095603087627E0));
#651=CARTESIAN_POINT('',(-3.932334312553E0,-6.481930474851E0,2.095504706510E0));
#652=CARTESIAN_POINT('',(-3.920645790877E0,-6.527457930314E0,2.095096038221E0));
#653=CARTESIAN_POINT('',(-3.901995736474E0,-6.570652601025E0,2.094567079842E0));
#654=CARTESIAN_POINT('',(-3.876821093994E0,-6.610446633085E0,2.093647077786E0));
#655=CARTESIAN_POINT('',(-3.845794042594E0,-6.645782050238E0,2.092541781775E0));
#656=CARTESIAN_POINT('',(-3.809763406394E0,-6.675772477737E0,2.091517726363E0));
#657=CARTESIAN_POINT('',(-3.769654219951E0,-6.699739066699E0,2.090171931678E0));
#658=CARTESIAN_POINT('',(-3.726531175941E0,-6.717141940391E0,2.088425716597E0));
#659=CARTESIAN_POINT('',(-3.681526490701E0,-6.727658949734E0,2.087497187444E0));
#660=CARTESIAN_POINT('',(-3.650903193429E0,-6.73E0,2.086283892620E0));
#661=CARTESIAN_POINT('',(-3.635623626307E0,-6.73E0,2.085623626306E0));
#663=DIRECTION('',(0.E0,0.E0,-1.E0));
#664=VECTOR('',#663,4.171247252614E0);
#665=CARTESIAN_POINT('',(-3.635623626307E0,-6.73E0,2.085623626306E0));
#666=LINE('',#665,#664);
#667=CARTESIAN_POINT('',(-3.645619344005E0,-6.435235245644E0,2.385559934821E0));
#668=CARTESIAN_POINT('',(-3.645564783433E0,-6.443567080535E0,2.385414503042E0));
#669=CARTESIAN_POINT('',(-3.645455486703E0,-6.462596404084E0,2.384362108089E0));
#670=CARTESIAN_POINT('',(-3.645395901760E0,-6.496387031362E0,2.379114569073E0));
#671=CARTESIAN_POINT('',(-3.645076331934E0,-6.539037559968E0,2.366261826992E0));
#672=CARTESIAN_POINT('',(-3.644185396381E0,-6.575910065240E0,2.348721343518E0));
#673=CARTESIAN_POINT('',(-3.643761089291E0,-6.609938167104E0,2.326932937631E0));
#674=CARTESIAN_POINT('',(-3.642714005256E0,-6.644149063588E0,2.297429796650E0));
#675=CARTESIAN_POINT('',(-3.641457963565E0,-6.674315693978E0,2.261772590640E0));
#676=CARTESIAN_POINT('',(-3.640311001034E0,-6.698381227236E0,2.222314283211E0));
#677=CARTESIAN_POINT('',(-3.638523535316E0,-6.716315222645E0,2.179219283128E0));
#678=CARTESIAN_POINT('',(-3.637532082501E0,-6.727466633829E0,2.133215572863E0));
#679=CARTESIAN_POINT('',(-3.636294378167E0,-6.73E0,2.101536672346E0));
#680=CARTESIAN_POINT('',(-3.635623626307E0,-6.73E0,2.085623626306E0));
#682=CARTESIAN_POINT('',(-4.049999998652E0,1.199999499750E-1,2.210019322427E0));
#683=CARTESIAN_POINT('',(-4.049998489580E0,1.198804213470E-1,2.225181399861E0));
#684=CARTESIAN_POINT('',(-4.047605224220E0,1.196513079391E-1,2.255536497752E0));
#685=CARTESIAN_POINT('',(-4.037001921705E0,1.193068375948E-1,2.299803820510E0));
#686=CARTESIAN_POINT('',(-4.019463439629E0,1.191254268143E-1,2.342200966331E0));
#687=CARTESIAN_POINT('',(-3.995600909254E0,1.189756946427E-1,2.381130269864E0));
#688=CARTESIAN_POINT('',(-3.965892868965E0,1.189410516764E-1,2.415927122156E0));
#689=CARTESIAN_POINT('',(-3.931091928346E0,1.189757752230E-1,2.445628649839E0));
#690=CARTESIAN_POINT('',(-3.892162204650E0,1.191256295306E-1,2.469482647364E0));
#691=CARTESIAN_POINT('',(-3.849775224144E0,1.193069513717E-1,2.487010401287E0));
#692=CARTESIAN_POINT('',(-3.805520217212E0,1.196515200341E-1,2.497607052702E0));
#693=CARTESIAN_POINT('',(-3.775175769882E0,1.198804515099E-1,2.499998489907E0));
#694=CARTESIAN_POINT('',(-3.760019323161E0,1.199999960426E-1,2.499999999456E0));
#696=CARTESIAN_POINT('',(-3.645622104300E0,-6.430174464399E0,2.095622104300E0));
#697=DIRECTION('',(1.744974916068E-2,-9.996954598819E-1,-1.744974916068E-2));
#698=DIRECTION('',(3.806568619088E-5,-1.745174218799E-2,9.998477060261E-1));
#699=AXIS2_PLACEMENT_3D('',#696,#697,#698);
#701=DIRECTION('',(-1.196198004903E-5,-9.999999999285E-1,-4.735441386979E-10));
#702=VECTOR('',#701,9.999816160530E-1);
#703=CARTESIAN_POINT('',(-3.760007361401E0,1.119981612024E0,2.499999999930E0));
#704=LINE('',#703,#702);
#705=DIRECTION('',(-1.295182563359E-9,9.999999999048E-1,-1.380137545599E-5));
#706=VECTOR('',#705,1.000000049765E0);
#707=CARTESIAN_POINT('',(-4.049999998652E0,1.199999499750E-1,2.210019322427E0));
#708=LINE('',#707,#706);
#709=CARTESIAN_POINT('',(-3.76E0,1.12E0,2.21E0));
#710=DIRECTION('',(-1.616616588400E-12,-1.E0,-1.186790129770E-12));
#711=DIRECTION('',(-3.807621042372E-5,-1.186790129772E-12,9.999999992751E-1));
#712=AXIS2_PLACEMENT_3D('',#709,#710,#711);
#714=CARTESIAN_POINT('',(-3.75E0,1.12E0,2.21E0));
#715=DIRECTION('',(-7.702650777744E-13,1.186790129772E-12,-1.E0));
#716=DIRECTION('',(-1.E0,-2.365257619393E-9,7.697546304068E-13));
#717=AXIS2_PLACEMENT_3D('',#714,#715,#716);
#719=CARTESIAN_POINT('',(-3.742928931519E0,1.127071067143E0,2.21E0));
#720=DIRECTION('',(7.071067142377E-1,-7.071068481354E-1,-1.383847036298E-12));
#721=DIRECTION('',(7.071068479621E-1,7.071067140645E-1,-2.213774174551E-5));
#722=AXIS2_PLACEMENT_3D('',#719,#720,#721);
#724=DIRECTION('',(9.999999999975E-1,-4.797190055993E-8,2.224375775702E-6));
#725=VECTOR('',#724,7.291238688048E0);
#726=CARTESIAN_POINT('',(-3.645619344005E0,-6.435235245644E0,2.385559934821E0));
#727=LINE('',#726,#725);
#728=CARTESIAN_POINT('',(3.645619344024E0,-6.435235595419E0,2.385576153276E0));
#729=CARTESIAN_POINT('',(3.645603087618E0,-6.450805260810E0,2.385304385511E0));
#730=CARTESIAN_POINT('',(3.645504706490E0,-6.481930474745E0,2.382334312565E0));
#731=CARTESIAN_POINT('',(3.645096038231E0,-6.527457930124E0,2.370645790937E0));
#732=CARTESIAN_POINT('',(3.644567079856E0,-6.570652600778E0,2.351995736601E0));
#733=CARTESIAN_POINT('',(3.643647077783E0,-6.610446632854E0,2.326821094168E0));
#734=CARTESIAN_POINT('',(3.642541781806E0,-6.645782050043E0,2.295794042794E0));
#735=CARTESIAN_POINT('',(3.641517726357E0,-6.675772477562E0,2.259763406639E0));
#736=CARTESIAN_POINT('',(3.640171931662E0,-6.699739066558E0,2.219654220236E0));
#737=CARTESIAN_POINT('',(3.638425716657E0,-6.717141940310E0,2.176531176208E0));
#738=CARTESIAN_POINT('',(3.637497187391E0,-6.727658949716E0,2.131526490864E0));
#739=CARTESIAN_POINT('',(3.636283892598E0,-6.73E0,2.100903193490E0));
#740=CARTESIAN_POINT('',(3.635623626307E0,-6.73E0,2.085623626308E0));
#742=DIRECTION('',(-9.999999999999E-1,-3.452929212595E-7,-6.970643012548E-8));
#743=VECTOR('',#742,1.767422974145E0);
#744=CARTESIAN_POINT('',(3.635623626307E0,-6.73E0,2.085623626308E0));
#745=LINE('',#744,#743);
#746=CARTESIAN_POINT('',(1.868200652162E0,-6.730000610279E0,2.085623503107E0));
#747=CARTESIAN_POINT('',(1.800383483372E0,-6.729999434422E0,2.115996880374E0));
#748=CARTESIAN_POINT('',(1.660008571897E0,-6.720899456683E0,2.172859058432E0));
#749=CARTESIAN_POINT('',(1.515058233856E0,-6.698984841685E0,2.220926846151E0));
#750=CARTESIAN_POINT('',(1.442219696393E0,-6.685522659959E0,2.242812008231E0));
#752=DIRECTION('',(-1.E0,-6.677388457546E-8,-1.139634547179E-7));
#753=VECTOR('',#752,2.884441271967E0);
#754=CARTESIAN_POINT('',(1.442219696393E0,-6.685522659959E0,2.242812008231E0));
#755=LINE('',#754,#753);
#756=CARTESIAN_POINT('',(-1.442221575574E0,-6.685522852565E0,2.242811679511E0));
#757=CARTESIAN_POINT('',(-1.515058546377E0,-6.698986414837E0,2.220926788556E0));
#758=CARTESIAN_POINT('',(-1.660006839551E0,-6.720897462580E0,2.172859130350E0));
#759=CARTESIAN_POINT('',(-1.800384468089E0,-6.730001260323E0,2.115995535323E0));
#760=CARTESIAN_POINT('',(-1.868201389570E0,-6.730000718608E0,2.085622985631E0));
#762=DIRECTION('',(-9.999999999999E-1,4.065852296154E-7,3.624913232386E-7));
#763=VECTOR('',#762,1.767422236738E0);
#764=CARTESIAN_POINT('',(-1.868201389570E0,-6.730000718608E0,2.085622985631E0));
#765=LINE('',#764,#763);
#766=CARTESIAN_POINT('',(3.935559934844E0,-6.435235245645E0,2.095619344005E0));
#767=CARTESIAN_POINT('',(3.935414503064E0,-6.443567080572E0,2.095564783573E0));
#768=CARTESIAN_POINT('',(3.934362108067E0,-6.462596404208E0,2.095455487056E0));
#769=CARTESIAN_POINT('',(3.929114569033E0,-6.496387031621E0,2.095395901227E0));
#770=CARTESIAN_POINT('',(3.916261826791E0,-6.539037560459E0,2.095076332328E0));
#771=CARTESIAN_POINT('',(3.898721343523E0,-6.575910065198E0,2.094185396237E0));
#772=CARTESIAN_POINT('',(3.876932937648E0,-6.609938167085E0,2.093761089293E0));
#773=CARTESIAN_POINT('',(3.847429796707E0,-6.644149063536E0,2.092714005285E0));
#774=CARTESIAN_POINT('',(3.811772590530E0,-6.674315694065E0,2.091457963489E0));
#775=CARTESIAN_POINT('',(3.772314283114E0,-6.698381227281E0,2.090311001058E0));
#776=CARTESIAN_POINT('',(3.729219283066E0,-6.716315222663E0,2.088523535340E0));
#777=CARTESIAN_POINT('',(3.683215572848E0,-6.727466633829E0,2.087532082455E0));
#778=CARTESIAN_POINT('',(3.651536672344E0,-6.73E0,2.086294378147E0));
#779=CARTESIAN_POINT('',(3.635623626307E0,-6.73E0,2.085623626308E0));
#781=CARTESIAN_POINT('',(3.645622104301E0,-6.430174464399E0,2.095622104301E0));
#782=DIRECTION('',(-1.744974916068E-2,-9.996954598819E-1,-1.744974916068E-2));
#783=DIRECTION('',(9.998477060261E-1,-1.745174218797E-2,-3.806568728578E-5));
#784=AXIS2_PLACEMENT_3D('',#781,#782,#783);
#786=DIRECTION('',(-1.196124543281E-5,9.999999999285E-1,1.277612578351E-9));
#787=VECTOR('',#786,9.999816589443E-1);
#788=CARTESIAN_POINT('',(3.760019322427E0,1.199999499738E-1,2.499999998652E0));
#789=LINE('',#788,#787);
#790=DIRECTION('',(-4.909237464559E-10,-9.999999999048E-1,1.380211042949E-5));
#791=VECTOR('',#790,9.999999992735E-1);
#792=CARTESIAN_POINT('',(4.049999999947E0,1.119999995220E0,2.210005521050E0));
#793=LINE('',#792,#791);
#794=CARTESIAN_POINT('',(4.049999999457E0,1.199999960421E-1,2.210019323161E0));
#795=CARTESIAN_POINT('',(4.049999421907E0,1.198785002210E-1,2.225187578580E0));
#796=CARTESIAN_POINT('',(4.047605676255E0,1.196525189199E-1,2.255516587270E0));
#797=CARTESIAN_POINT('',(4.037010970703E0,1.193065562078E-1,2.299776397724E0));
#798=CARTESIAN_POINT('',(4.019483908139E0,1.191260730244E-1,2.342158229203E0));
#799=CARTESIAN_POINT('',(3.995633170616E0,1.189753699984E-1,2.381085691686E0));
#800=CARTESIAN_POINT('',(3.965934974197E0,1.189415355689E-1,2.415884641266E0));
#801=CARTESIAN_POINT('',(3.931140573337E0,1.189752523267E-1,2.445593683271E0));
#802=CARTESIAN_POINT('',(3.892211881642E0,1.191257937502E-1,2.469457215085E0));
#803=CARTESIAN_POINT('',(3.849819973017E0,1.193063707634E-1,2.486997789056E0));
#804=CARTESIAN_POINT('',(3.805542477972E0,1.196522383334E-1,2.497602749508E0));
#805=CARTESIAN_POINT('',(3.775196820106E0,1.198783326541E-1,2.499999420751E0));
#806=CARTESIAN_POINT('',(3.760019322427E0,1.199999499738E-1,2.499999998652E0));
#808=DIRECTION('',(-2.714852157561E-8,-1.977038775609E-7,1.E0));
#809=VECTOR('',#808,2.001932316085E-2);
#810=CARTESIAN_POINT('',(4.05E0,1.2E-1,2.19E0));
#811=LINE('',#810,#809);
#812=DIRECTION('',(3.991315143995E-9,-1.E0,0.E0));
#813=VECTOR('',#812,7.001667969818E-1);
#814=CARTESIAN_POINT('',(3.76E0,1.12E0,1.9E0));
#815=LINE('',#814,#813);
#816=CARTESIAN_POINT('',(3.760000002795E0,4.198332030182E-1,1.9E0));
#817=CARTESIAN_POINT('',(3.766428436149E0,4.196188025821E-1,1.9E0));
#818=CARTESIAN_POINT('',(3.779326097048E0,4.187737661928E-1,1.900428567862E0));
#819=CARTESIAN_POINT('',(3.798653626275E0,4.162446330549E-1,1.902366818217E0));
#820=CARTESIAN_POINT('',(3.818034517214E0,4.124094424418E-1,1.905636837458E0));
#821=CARTESIAN_POINT('',(3.837429278786E0,4.072164638866E-1,1.910286092002E0));
#822=CARTESIAN_POINT('',(3.856861817569E0,4.005785657748E-1,1.916396102013E0));
#823=CARTESIAN_POINT('',(3.876254301280E0,3.924179145433E-1,1.924042022161E0));
#824=CARTESIAN_POINT('',(3.895575685575E0,3.826191415955E-1,1.933335144416E0));
#825=CARTESIAN_POINT('',(3.914708974657E0,3.710834291461E-1,1.944372171487E0));
#826=CARTESIAN_POINT('',(3.933554885145E0,3.576807369004E-1,1.957280034792E0));
#827=CARTESIAN_POINT('',(3.951925106253E0,3.423148624920E-1,1.972153452203E0));
#828=CARTESIAN_POINT('',(3.969586883981E0,3.249236128103E-1,1.989053573474E0));
#829=CARTESIAN_POINT('',(3.986310685736E0,3.054304365852E-1,2.008054944374E0));
#830=CARTESIAN_POINT('',(4.001780048090E0,2.838576929164E-1,2.029134895365E0));
#831=CARTESIAN_POINT('',(4.015688941645E0,2.602388731185E-1,2.052258679521E0));
#832=CARTESIAN_POINT('',(4.027673963866E0,2.347509998463E-1,2.077249769174E0));
#833=CARTESIAN_POINT('',(4.037407400391E0,2.076308593706E-1,2.103871450790E0));
#834=CARTESIAN_POINT('',(4.044600816317E0,1.791731769450E-1,2.131828858536E0));
#835=CARTESIAN_POINT('',(4.049007022267E0,1.498212173485E-1,2.160680021354E0));
#836=CARTESIAN_POINT('',(4.05E0,1.299825142287E-1,2.180185271069E0));
#837=CARTESIAN_POINT('',(4.05E0,1.2E-1,2.19E0));
#839=DIRECTION('',(0.E0,1.E0,1.389999227009E-13));
#840=VECTOR('',#839,9.999999998720E-1);
#841=CARTESIAN_POINT('',(4.05E0,1.2E-1,2.19E0));
#842=LINE('',#841,#840);
#843=DIRECTION('',(-1.745002206472E-2,-9.996955138819E-1,1.744638227034E-2));
#844=VECTOR('',#843,6.557232131551E0);
#845=CARTESIAN_POINT('',(4.049999998652E0,1.199999499750E-1,-2.210019322427E0));
#846=LINE('',#845,#844);
#847=DIRECTION('',(1.745249560718E-2,9.996954706994E-1,1.744638243986E-2));
#848=VECTOR('',#847,6.557232110996E0);
#849=CARTESIAN_POINT('',(3.935559934844E0,-6.435235245645E0,2.095619344005E0));
#850=LINE('',#849,#848);
#851=DIRECTION('',(6.732926411388E-8,2.498834905809E-6,9.999999999969E-1));
#852=VECTOR('',#851,2.001932242688E-2);
#853=CARTESIAN_POINT('',(4.049999998652E0,1.199999499750E-1,-2.210019322427E0));
#854=LINE('',#853,#852);
#855=DIRECTION('',(9.335301495671E-8,9.359613472341E-8,-1.E0));
#856=VECTOR('',#855,1.999334942E-2);
#857=CARTESIAN_POINT('',(3.537867965408E0,1.332132034090E0,-2.190003468116E0));
#858=LINE('',#857,#856);
#859=DIRECTION('',(2.626551108341E-9,-2.325233161640E-7,1.E0));
#860=VECTOR('',#859,2.000552105041E-2);
#861=CARTESIAN_POINT('',(4.049999999947E0,1.119999999872E0,-2.210005521050E0));
#862=LINE('',#861,#860);
#863=CARTESIAN_POINT('',(3.742928932188E0,1.127071067812E0,-2.19E0));
#864=DIRECTION('',(-7.071067811854E-1,-7.071067811877E-1,1.929589490603E-12));
#865=DIRECTION('',(3.073403600584E-12,-3.437863021082E-13,1.E0));
#866=AXIS2_PLACEMENT_3D('',#863,#864,#865);
#868=CARTESIAN_POINT('',(3.75E0,1.12E0,-2.19E0));
#869=DIRECTION('',(-1.604846523872E-12,-1.124005103552E-12,-1.E0));
#870=DIRECTION('',(-7.071067828584E-1,7.071067795146E-1,3.404683942183E-13));
#871=AXIS2_PLACEMENT_3D('',#868,#869,#870);
#873=CARTESIAN_POINT('',(3.76E0,1.119999999053E0,-2.19E0));
#874=DIRECTION('',(-9.468338063590E-8,-1.E0,1.124005255504E-12));
#875=DIRECTION('',(1.E0,-9.468338067614E-8,-4.517459203649E-13));
#876=AXIS2_PLACEMENT_3D('',#873,#874,#875);
#878=DIRECTION('',(0.E0,-1.E0,8.393286106281E-14));
#879=VECTOR('',#878,9.999999952205E-1);
#880=CARTESIAN_POINT('',(4.05E0,1.119999995221E0,-2.19E0));
#881=LINE('',#880,#879);
#882=DIRECTION('',(7.611145269472E-14,1.E0,0.E0));
#883=VECTOR('',#882,7.001667067866E-1);
#884=CARTESIAN_POINT('',(3.76E0,4.198332870113E-1,-1.9E0));
#885=LINE('',#884,#883);
#886=DIRECTION('',(-7.071068458387E-1,-7.071067165231E-1,3.999238418779E-6));
#887=VECTOR('',#886,1.319494279093E0);
#888=CARTESIAN_POINT('',(3.537867967274E0,1.332132035962E0,-2.209996817536E0));
#889=LINE('',#888,#887);
#890=DIRECTION('',(-7.071067811866E-1,-7.071067811865E-1,0.E0));
#891=VECTOR('',#890,1.424213565897E0);
#892=CARTESIAN_POINT('',(3.742928934680E0,1.127071070303E0,-2.5E0));
#893=LINE('',#892,#891);
#894=DIRECTION('',(1.E0,-3.864041661212E-9,5.309186130664E-10));
#895=VECTOR('',#894,1.024161458785E0);
#896=CARTESIAN_POINT('',(2.735857864376E0,1.2E-1,-2.5E0));
#897=LINE('',#896,#895);
#898=CARTESIAN_POINT('',(3.760007361401E0,1.119981612024E0,-2.499999999930E0));
#899=CARTESIAN_POINT('',(3.760007361401E0,1.121394547395E0,-2.499999999930E0));
#900=CARTESIAN_POINT('',(3.759465096042E0,1.123920525377E0,-2.500000000033E0));
#901=CARTESIAN_POINT('',(3.757238768445E0,1.127278608587E0,-2.499999999991E0));
#902=CARTESIAN_POINT('',(3.753923916418E0,1.129471866896E0,-2.500000000002E0));
#903=CARTESIAN_POINT('',(3.750029154718E0,1.130263987747E0,-2.499999999999E0));
#904=CARTESIAN_POINT('',(3.746080619321E0,1.129470824122E0,-2.5E0));
#905=CARTESIAN_POINT('',(3.743908649630E0,1.128050785254E0,-2.5E0));
#906=CARTESIAN_POINT('',(3.742928934680E0,1.127071070303E0,-2.5E0));
#908=DIRECTION('',(1.196198006058E-5,-9.999999999285E-1,4.736782561049E-10));
#909=VECTOR('',#908,9.999816160530E-1);
#910=CARTESIAN_POINT('',(3.760007361401E0,1.119981612024E0,-2.499999999930E0));
#911=LINE('',#910,#909);
#912=DIRECTION('',(1.295340658815E-9,9.999999999048E-1,1.380137564204E-5));
#913=VECTOR('',#912,1.000000049993E0);
#914=CARTESIAN_POINT('',(4.049999998652E0,1.199999499750E-1,-2.210019322427E0));
#915=LINE('',#914,#913);
#916=CARTESIAN_POINT('',(4.049999998652E0,1.199999499750E-1,-2.210019322427E0));
#917=CARTESIAN_POINT('',(4.049998489580E0,1.198804213469E-1,-2.225181399861E0));
#918=CARTESIAN_POINT('',(4.047605224219E0,1.196513079391E-1,-2.255536497751E0));
#919=CARTESIAN_POINT('',(4.037001921705E0,1.193068375947E-1,-2.299803820508E0));
#920=CARTESIAN_POINT('',(4.019463439629E0,1.191254268144E-1,-2.342200966329E0));
#921=CARTESIAN_POINT('',(3.995600909255E0,1.189756946426E-1,-2.381130269862E0));
#922=CARTESIAN_POINT('',(3.965892868965E0,1.189410516763E-1,-2.415927122155E0));
#923=CARTESIAN_POINT('',(3.931091928346E0,1.189757752231E-1,-2.445628649838E0));
#924=CARTESIAN_POINT('',(3.892162204650E0,1.191256295306E-1,-2.469482647363E0));
#925=CARTESIAN_POINT('',(3.849775224144E0,1.193069513717E-1,-2.487010401287E0));
#926=CARTESIAN_POINT('',(3.805520217212E0,1.196515200342E-1,-2.497607052701E0));
#927=CARTESIAN_POINT('',(3.775175769882E0,1.198804515099E-1,-2.499998489907E0));
#928=CARTESIAN_POINT('',(3.760019323161E0,1.199999960426E-1,-2.499999999456E0));
#930=CARTESIAN_POINT('',(3.645622104300E0,-6.430174464399E0,-2.095622104300E0));
#931=DIRECTION('',(-1.744974916068E-2,-9.996954598819E-1,1.744974916068E-2));
#932=DIRECTION('',(-3.806568427363E-5,-1.745174218802E-2,-9.998477060261E-1));
#933=AXIS2_PLACEMENT_3D('',#930,#931,#932);
#935=CARTESIAN_POINT('',(3.645619344005E0,-6.435235245644E0,-2.385559934807E0));
#936=CARTESIAN_POINT('',(3.645564783347E0,-6.443567080516E0,-2.385414503028E0));
#937=CARTESIAN_POINT('',(3.645455486486E0,-6.462596404019E0,-2.384362108102E0));
#938=CARTESIAN_POINT('',(3.645395902089E0,-6.496387031224E0,-2.379114569093E0));
#939=CARTESIAN_POINT('',(3.645076331690E0,-6.539037559698E0,-2.366261827104E0));
#940=CARTESIAN_POINT('',(3.644185396470E0,-6.575910065289E0,-2.348721343502E0));
#941=CARTESIAN_POINT('',(3.643761089290E0,-6.609938167142E0,-2.326932937602E0));
#942=CARTESIAN_POINT('',(3.642714005238E0,-6.644149063641E0,-2.297429796592E0));
#943=CARTESIAN_POINT('',(3.641457963611E0,-6.674315693939E0,-2.261772590686E0));
#944=CARTESIAN_POINT('',(3.640311001018E0,-6.698381227217E0,-2.222314283254E0));
#945=CARTESIAN_POINT('',(3.638523535302E0,-6.716315222638E0,-2.179219283153E0));
#946=CARTESIAN_POINT('',(3.637532082529E0,-6.727466633829E0,-2.133215572866E0));
#947=CARTESIAN_POINT('',(3.636294378179E0,-6.73E0,-2.101536672346E0));
#948=CARTESIAN_POINT('',(3.635623626307E0,-6.73E0,-2.085623626306E0));
#950=CARTESIAN_POINT('',(3.935576153273E0,-6.435235595419E0,-2.095619344024E0));
#951=CARTESIAN_POINT('',(3.935304385507E0,-6.450805260870E0,-2.095603087633E0));
#952=CARTESIAN_POINT('',(3.932334312545E0,-6.481930474917E0,-2.095504706522E0));
#953=CARTESIAN_POINT('',(3.920645790841E0,-6.527457930429E0,-2.095096038215E0));
#954=CARTESIAN_POINT('',(3.901995736397E0,-6.570652601174E0,-2.094567079835E0));
#955=CARTESIAN_POINT('',(3.876821093890E0,-6.610446633225E0,-2.093647077789E0));
#956=CARTESIAN_POINT('',(3.845794042474E0,-6.645782050356E0,-2.092541781755E0));
#957=CARTESIAN_POINT('',(3.809763406246E0,-6.675772477843E0,-2.091517726367E0));
#958=CARTESIAN_POINT('',(3.769654219780E0,-6.699739066784E0,-2.090171931689E0));
#959=CARTESIAN_POINT('',(3.726531175779E0,-6.717141940440E0,-2.088425716561E0));
#960=CARTESIAN_POINT('',(3.681526490602E0,-6.727658949745E0,-2.087497187476E0));
#961=CARTESIAN_POINT('',(3.650903193392E0,-6.73E0,-2.086283892633E0));
#962=CARTESIAN_POINT('',(3.635623626307E0,-6.73E0,-2.085623626306E0));
#964=DIRECTION('',(0.E0,0.E0,1.E0));
#965=VECTOR('',#964,4.171247252614E0);
#966=CARTESIAN_POINT('',(3.635623626307E0,-6.73E0,-2.085623626306E0));
#967=LINE('',#966,#965);
#968=DIRECTION('',(3.869602802683E-6,-8.345362721441E-8,-9.999999999925E-1));
#969=VECTOR('',#968,4.191238688061E0);
#970=CARTESIAN_POINT('',(3.935559934844E0,-6.435235245645E0,2.095619344005E0));
#971=LINE('',#970,#969);
#972=CARTESIAN_POINT('',(0.E0,-6.73E0,0.E0));
#973=DIRECTION('',(0.E0,-1.E0,0.E0));
#974=DIRECTION('',(6.672145580737E-1,0.E0,-7.448655808228E-1));
#975=AXIS2_PLACEMENT_3D('',#972,#973,#974);
#977=CARTESIAN_POINT('',(0.E0,-7.03E0,0.E0));
#978=DIRECTION('',(0.E0,-1.E0,0.E0));
#979=DIRECTION('',(6.672145585174E-1,0.E0,-7.448655804254E-1));
#980=AXIS2_PLACEMENT_3D('',#977,#978,#979);
#982=CARTESIAN_POINT('',(0.E0,-7.03E0,0.E0));
#983=DIRECTION('',(0.E0,-1.E0,0.E0));
#984=DIRECTION('',(1.E0,0.E0,0.E0));
#985=AXIS2_PLACEMENT_3D('',#982,#983,#984);
#987=CARTESIAN_POINT('',(1.868201357292E0,-7.03E0,-2.085623093613E0));
#988=DIRECTION('',(7.448653905762E-1,0.E0,6.672147704614E-1));
#989=DIRECTION('',(0.E0,1.E0,0.E0));
#990=AXIS2_PLACEMENT_3D('',#987,#988,#989);
#992=DIRECTION('',(-4.275580621776E-7,-9.999999999999E-1,-1.476196754937E-7));
#993=VECTOR('',#992,1.762373287265E0);
#994=CARTESIAN_POINT('',(1.356465952619E0,-6.967626712735E0,-2.099999962319E0));
#995=LINE('',#994,#993);
#996=DIRECTION('',(4.387626699107E-7,9.999999999999E-1,-1.319424633689E-7));
#997=VECTOR('',#996,1.762373031244E0);
#998=CARTESIAN_POINT('',(1.356465189739E0,-8.73E0,2.100000221658E0));
#999=LINE('',#998,#997);
#1000=CARTESIAN_POINT('',(1.356465952619E0,-6.967626712735E0,
-2.099999962319E0));
#1001=CARTESIAN_POINT('',(1.396290282716E0,-6.981900068902E0,
-2.074276343872E0));
#1002=CARTESIAN_POINT('',(1.472408405110E0,-7.005202329446E0,
-2.021883706608E0));
#1003=CARTESIAN_POINT('',(1.575532318677E0,-7.025520272727E0,
-1.942436136326E0));
#1004=CARTESIAN_POINT('',(1.638218284948E0,-7.030000542779E0,
-1.888867639616E0));
#1005=CARTESIAN_POINT('',(1.668034144107E0,-7.030000000945E0,
-1.862161530234E0));
#1007=DIRECTION('',(1.E0,5.477454021124E-9,5.576697773079E-8));
#1008=VECTOR('',#1007,2.717110177330E0);
#1009=CARTESIAN_POINT('',(-1.358554768621E0,-6.941045515242E0,
-2.100000228971E0));
#1010=LINE('',#1009,#1008);
#1011=CARTESIAN_POINT('',(1.358555408710E0,-6.941045500359E0,
-2.100000077446E0));
#1012=CARTESIAN_POINT('',(1.360829404526E0,-6.926891853734E0,
-2.100000077446E0));
#1013=CARTESIAN_POINT('',(1.366022602944E0,-6.898341525810E0,
-2.102017155966E0));
#1014=CARTESIAN_POINT('',(1.375624100740E0,-6.855863578257E0,
-2.111219506096E0));
#1015=CARTESIAN_POINT('',(1.387101319627E0,-6.814074653054E0,
-2.126985089125E0));
#1016=CARTESIAN_POINT('',(1.399692245727E0,-6.775809782816E0,
-2.148363608067E0));
#1017=CARTESIAN_POINT('',(1.413091476310E0,-6.741442522804E0,
-2.174631620764E0));
#1018=CARTESIAN_POINT('',(1.427417008219E0,-6.710661082663E0,
-2.206154978898E0));
#1019=CARTESIAN_POINT('',(1.437267425800E0,-6.693313864573E0,
-2.230146757754E0));
#1020=CARTESIAN_POINT('',(1.442221575574E0,-6.685522852565E0,
-2.242811679511E0));
#1022=CARTESIAN_POINT('',(1.356465952619E0,-6.967626712735E0,
-2.099999962319E0));
#1023=CARTESIAN_POINT('',(1.356465952795E0,-6.964541295789E0,
-2.099999962319E0));
#1024=CARTESIAN_POINT('',(1.356627511342E0,-6.958457308584E0,
-2.100000027911E0));
#1025=CARTESIAN_POINT('',(1.357334250255E0,-6.949610778725E0,
-2.099999958835E0));
#1026=CARTESIAN_POINT('',(1.358101138118E0,-6.943872939787E0,
-2.100000077446E0));
#1027=CARTESIAN_POINT('',(1.358555408710E0,-6.941045500359E0,
-2.100000077446E0));
#1029=CARTESIAN_POINT('',(-1.868200762562E0,-7.03E0,-2.085623626344E0));
#1030=DIRECTION('',(7.448655808371E-1,0.E0,-6.672145580578E-1));
#1031=DIRECTION('',(0.E0,1.E0,0.E0));
#1032=AXIS2_PLACEMENT_3D('',#1029,#1030,#1031);
#1034=CARTESIAN_POINT('',(-1.668034378404E0,-7.029999999951E0,
-1.862161700327E0));
#1035=CARTESIAN_POINT('',(-1.638032215172E0,-7.029999381365E0,
-1.889036819571E0));
#1036=CARTESIAN_POINT('',(-1.575078724856E0,-7.025465829998E0,
-1.942807699834E0));
#1037=CARTESIAN_POINT('',(-1.471966643512E0,-7.005082424271E0,
-2.022199835537E0));
#1038=CARTESIAN_POINT('',(-1.396098508453E0,-6.981832766996E0,
-2.074399991333E0));
#1039=CARTESIAN_POINT('',(-1.356465963003E0,-6.967626968756E0,
-2.099999989126E0));
#1041=CARTESIAN_POINT('',(-1.356465963003E0,-6.967626968756E0,
-2.099999989126E0));
#1042=CARTESIAN_POINT('',(-1.356465963492E0,-6.964567284365E0,
-2.099999989126E0));
#1043=CARTESIAN_POINT('',(-1.356624210374E0,-6.958516026926E0,
-2.100000035604E0));
#1044=CARTESIAN_POINT('',(-1.357327385312E0,-6.949669512542E0,
-2.099999891697E0));
#1045=CARTESIAN_POINT('',(-1.358096492173E0,-6.943897880649E0,
-2.100000228971E0));
#1046=CARTESIAN_POINT('',(-1.358554768621E0,-6.941045515242E0,
-2.100000228971E0));
#1048=CARTESIAN_POINT('',(-1.358554768621E0,-6.941045515242E0,
-2.100000228971E0));
#1049=CARTESIAN_POINT('',(-1.360828288552E0,-6.926894865252E0,
-2.100000228971E0));
#1050=CARTESIAN_POINT('',(-1.366020062115E0,-6.898349460783E0,
-2.102016223734E0));
#1051=CARTESIAN_POINT('',(-1.375620652412E0,-6.855875373154E0,
-2.111216211108E0));
#1052=CARTESIAN_POINT('',(-1.387095664640E0,-6.814087503027E0,
-2.126979106093E0));
#1053=CARTESIAN_POINT('',(-1.399688175586E0,-6.775820036132E0,
-2.148356719845E0));
#1054=CARTESIAN_POINT('',(-1.413089481007E0,-6.741449502099E0,
-2.174625234289E0));
#1055=CARTESIAN_POINT('',(-1.427416967771E0,-6.710664283846E0,
-2.206150739496E0));
#1056=CARTESIAN_POINT('',(-1.437265172129E0,-6.693314336117E0,
-2.230145933916E0));
#1057=CARTESIAN_POINT('',(-1.442219696392E0,-6.685522659959E0,
-2.242812008232E0));
#1059=CARTESIAN_POINT('',(0.E0,-7.03E0,0.E0));
#1060=DIRECTION('',(0.E0,-1.E0,0.E0));
#1061=DIRECTION('',(-6.672145585016E-1,0.E0,7.448655804395E-1));
#1062=AXIS2_PLACEMENT_3D('',#1059,#1060,#1061);
#1064=CARTESIAN_POINT('',(0.E0,-7.03E0,0.E0));
#1065=DIRECTION('',(0.E0,-1.E0,0.E0));
#1066=DIRECTION('',(-1.E0,0.E0,0.E0));
#1067=AXIS2_PLACEMENT_3D('',#1064,#1065,#1066);
#1069=CARTESIAN_POINT('',(-1.868201357281E0,-7.03E0,2.085623093623E0));
#1070=DIRECTION('',(-7.448653905796E-1,0.E0,-6.672147704576E-1));
#1071=DIRECTION('',(0.E0,1.E0,0.E0));
#1072=AXIS2_PLACEMENT_3D('',#1069,#1070,#1071);
#1074=DIRECTION('',(4.275580857381E-7,-9.999999999999E-1,1.476196427358E-7));
#1075=VECTOR('',#1074,1.762373287265E0);
#1076=CARTESIAN_POINT('',(-1.356465952619E0,-6.967626712735E0,
2.099999962319E0));
#1077=LINE('',#1076,#1075);
#1078=DIRECTION('',(-4.387626845258E-7,9.999999999999E-1,1.319424447221E-7));
#1079=VECTOR('',#1078,1.762373031244E0);
#1080=CARTESIAN_POINT('',(-1.356465189739E0,-8.73E0,-2.100000221658E0));
#1081=LINE('',#1080,#1079);
#1082=CARTESIAN_POINT('',(-1.356465952619E0,-6.967626712735E0,
2.099999962319E0));
#1083=CARTESIAN_POINT('',(-1.396290282728E0,-6.981900068907E0,
2.074276343865E0));
#1084=CARTESIAN_POINT('',(-1.472408405137E0,-7.005202329453E0,
2.021883706588E0));
#1085=CARTESIAN_POINT('',(-1.575532318669E0,-7.025520272725E0,
1.942436136332E0));
#1086=CARTESIAN_POINT('',(-1.638218284944E0,-7.030000542778E0,
1.888867639619E0));
#1087=CARTESIAN_POINT('',(-1.668034144087E0,-7.030000000945E0,
1.862161530252E0));
#1089=DIRECTION('',(-1.E0,5.477388317545E-9,-5.576694242738E-8));
#1090=VECTOR('',#1089,2.717110177330E0);
#1091=CARTESIAN_POINT('',(1.358554768621E0,-6.941045515242E0,2.100000228971E0));
#1092=LINE('',#1091,#1090);
#1093=CARTESIAN_POINT('',(-1.358555408710E0,-6.941045500360E0,
2.100000077446E0));
#1094=CARTESIAN_POINT('',(-1.360829404526E0,-6.926891853734E0,
2.100000077446E0));
#1095=CARTESIAN_POINT('',(-1.366022602944E0,-6.898341525810E0,
2.102017155966E0));
#1096=CARTESIAN_POINT('',(-1.375624100740E0,-6.855863578257E0,
2.111219506096E0));
#1097=CARTESIAN_POINT('',(-1.387101319627E0,-6.814074653054E0,
2.126985089125E0));
#1098=CARTESIAN_POINT('',(-1.399692245727E0,-6.775809782816E0,
2.148363608067E0));
#1099=CARTESIAN_POINT('',(-1.413091476310E0,-6.741442522804E0,
2.174631620764E0));
#1100=CARTESIAN_POINT('',(-1.427417008219E0,-6.710661082663E0,
2.206154978897E0));
#1101=CARTESIAN_POINT('',(-1.437267425800E0,-6.693313864573E0,
2.230146757754E0));
#1102=CARTESIAN_POINT('',(-1.442221575574E0,-6.685522852565E0,
2.242811679511E0));
#1104=CARTESIAN_POINT('',(-1.356465952619E0,-6.967626712735E0,
2.099999962319E0));
#1105=CARTESIAN_POINT('',(-1.356465952795E0,-6.964541295789E0,
2.099999962319E0));
#1106=CARTESIAN_POINT('',(-1.356627511342E0,-6.958457308584E0,
2.100000027911E0));
#1107=CARTESIAN_POINT('',(-1.357334250255E0,-6.949610778725E0,
2.099999958835E0));
#1108=CARTESIAN_POINT('',(-1.358101138118E0,-6.943872939787E0,
2.100000077446E0));
#1109=CARTESIAN_POINT('',(-1.358555408710E0,-6.941045500360E0,
2.100000077446E0));
#1111=CARTESIAN_POINT('',(1.668034378373E0,-7.029999999951E0,1.862161700354E0));
#1112=CARTESIAN_POINT('',(1.638032215168E0,-7.029999381364E0,1.889036819575E0));
#1113=CARTESIAN_POINT('',(1.575078724890E0,-7.025465830002E0,1.942807699806E0));
#1114=CARTESIAN_POINT('',(1.471966643558E0,-7.005082424284E0,2.022199835504E0));
#1115=CARTESIAN_POINT('',(1.396098508474E0,-6.981832767004E0,2.074399991319E0));
#1116=CARTESIAN_POINT('',(1.356465963003E0,-6.967626968756E0,2.099999989126E0));
#1118=CARTESIAN_POINT('',(1.356465963003E0,-6.967626968756E0,2.099999989126E0));
#1119=CARTESIAN_POINT('',(1.356465963492E0,-6.964567284365E0,2.099999989126E0));
#1120=CARTESIAN_POINT('',(1.356624210374E0,-6.958516026926E0,2.100000035604E0));
#1121=CARTESIAN_POINT('',(1.357327385311E0,-6.949669512542E0,2.099999891697E0));
#1122=CARTESIAN_POINT('',(1.358096492173E0,-6.943897880649E0,2.100000228971E0));
#1123=CARTESIAN_POINT('',(1.358554768621E0,-6.941045515242E0,2.100000228971E0));
#1125=CARTESIAN_POINT('',(1.358554768621E0,-6.941045515242E0,2.100000228971E0));
#1126=CARTESIAN_POINT('',(1.360828288552E0,-6.926894865252E0,2.100000228971E0));
#1127=CARTESIAN_POINT('',(1.366020062115E0,-6.898349460783E0,2.102016223734E0));
#1128=CARTESIAN_POINT('',(1.375620652412E0,-6.855875373153E0,2.111216211108E0));
#1129=CARTESIAN_POINT('',(1.387095664641E0,-6.814087503027E0,2.126979106093E0));
#1130=CARTESIAN_POINT('',(1.399688175586E0,-6.775820036131E0,2.148356719845E0));
#1131=CARTESIAN_POINT('',(1.413089481007E0,-6.741449502099E0,2.174625234290E0));
#1132=CARTESIAN_POINT('',(1.427416967771E0,-6.710664283846E0,2.206150739496E0));
#1133=CARTESIAN_POINT('',(1.437265172130E0,-6.693314336117E0,2.230145933916E0));
#1134=CARTESIAN_POINT('',(1.442219696393E0,-6.685522659959E0,2.242812008231E0));
#1136=CARTESIAN_POINT('',(1.868200762528E0,-7.03E0,2.085623626374E0));
#1137=DIRECTION('',(-7.448655808480E-1,0.E0,6.672145580456E-1));
#1138=DIRECTION('',(0.E0,1.E0,0.E0));
#1139=AXIS2_PLACEMENT_3D('',#1136,#1137,#1138);
#1141=DIRECTION('',(1.E0,0.E0,-3.028928180996E-10));
#1142=VECTOR('',#1141,2.712930388841E0);
#1143=CARTESIAN_POINT('',(-1.356465199102E0,-8.73E0,2.100000222480E0));
#1144=LINE('',#1143,#1142);
#1145=CARTESIAN_POINT('',(-1.296147936175E0,-8.93E0,1.900000059472E0));
#1146=CARTESIAN_POINT('',(-1.302998906620E0,-8.907800311275E0,
1.922199748196E0));
#1147=CARTESIAN_POINT('',(-1.316594196638E0,-8.863384832204E0,
1.966615169707E0));
#1148=CARTESIAN_POINT('',(-1.336703407936E0,-8.796718232333E0,
2.033281671773E0));
#1149=CARTESIAN_POINT('',(-1.349905946836E0,-8.752243533451E0,
2.077756689028E0));
#1150=CARTESIAN_POINT('',(-1.356465199102E0,-8.73E0,2.100000222480E0));
#1152=CARTESIAN_POINT('',(0.E0,-8.73E0,0.E0));
#1153=DIRECTION('',(0.E0,1.E0,0.E0));
#1154=DIRECTION('',(5.425863986506E-1,0.E0,8.399999999996E-1));
#1155=AXIS2_PLACEMENT_3D('',#1152,#1153,#1154);
#1157=CARTESIAN_POINT('',(0.E0,-8.73E0,0.E0));
#1158=DIRECTION('',(0.E0,1.E0,0.E0));
#1159=DIRECTION('',(1.E0,0.E0,0.E0));
#1160=AXIS2_PLACEMENT_3D('',#1157,#1158,#1159);
#1162=CARTESIAN_POINT('',(0.E0,-8.93E0,0.E0));
#1163=DIRECTION('',(0.E0,-1.E0,0.E0));
#1164=DIRECTION('',(5.635426694269E-1,0.E0,-8.260869565216E-1));
#1165=AXIS2_PLACEMENT_3D('',#1162,#1163,#1164);
#1167=CARTESIAN_POINT('',(0.E0,-8.93E0,0.E0));
#1168=DIRECTION('',(0.E0,-1.E0,0.E0));
#1169=DIRECTION('',(1.E0,0.E0,0.E0));
#1170=AXIS2_PLACEMENT_3D('',#1167,#1168,#1169);
#1172=CARTESIAN_POINT('',(1.296147910427E0,-8.93E0,1.900000066803E0));
#1173=CARTESIAN_POINT('',(1.302805854226E0,-8.908425789299E0,1.921574277504E0));
#1174=CARTESIAN_POINT('',(1.316149760037E0,-8.864845196604E0,1.965154801775E0));
#1175=CARTESIAN_POINT('',(1.336266086426E0,-8.798179697809E0,2.031820207658E0));
#1176=CARTESIAN_POINT('',(1.349721125590E0,-8.752870261796E0,2.077129959862E0));
#1177=CARTESIAN_POINT('',(1.356465189739E0,-8.73E0,2.100000221658E0));
#1179=DIRECTION('',(-1.E0,0.E0,3.028921633254E-10));
#1180=VECTOR('',#1179,2.712930388841E0);
#1181=CARTESIAN_POINT('',(1.356465199102E0,-8.73E0,-2.100000222480E0));
#1182=LINE('',#1181,#1180);
#1183=CARTESIAN_POINT('',(1.296147936175E0,-8.93E0,-1.900000059472E0));
#1184=CARTESIAN_POINT('',(1.302998906620E0,-8.907800311275E0,
-1.922199748196E0));
#1185=CARTESIAN_POINT('',(1.316594196638E0,-8.863384832204E0,
-1.966615169707E0));
#1186=CARTESIAN_POINT('',(1.336703407936E0,-8.796718232333E0,
-2.033281671773E0));
#1187=CARTESIAN_POINT('',(1.349905946836E0,-8.752243533451E0,
-2.077756689028E0));
#1188=CARTESIAN_POINT('',(1.356465199102E0,-8.73E0,-2.100000222480E0));
#1190=CARTESIAN_POINT('',(0.E0,-8.73E0,0.E0));
#1191=DIRECTION('',(0.E0,1.E0,0.E0));
#1192=DIRECTION('',(-5.425863986506E-1,0.E0,-8.399999999996E-1));
#1193=AXIS2_PLACEMENT_3D('',#1190,#1191,#1192);
#1195=CARTESIAN_POINT('',(0.E0,-8.73E0,0.E0));
#1196=DIRECTION('',(0.E0,1.E0,0.E0));
#1197=DIRECTION('',(-1.E0,0.E0,0.E0));
#1198=AXIS2_PLACEMENT_3D('',#1195,#1196,#1197);
#1200=CARTESIAN_POINT('',(0.E0,-8.93E0,0.E0));
#1201=DIRECTION('',(0.E0,-1.E0,0.E0));
#1202=DIRECTION('',(-5.635426694269E-1,0.E0,8.260869565216E-1));
#1203=AXIS2_PLACEMENT_3D('',#1200,#1201,#1202);
#1205=CARTESIAN_POINT('',(0.E0,-8.93E0,0.E0));
#1206=DIRECTION('',(0.E0,-1.E0,0.E0));
#1207=DIRECTION('',(-1.E0,0.E0,0.E0));
#1208=AXIS2_PLACEMENT_3D('',#1205,#1206,#1207);
#1210=CARTESIAN_POINT('',(-1.296147910427E0,-8.93E0,-1.900000066803E0));
#1211=CARTESIAN_POINT('',(-1.302805854226E0,-8.908425789299E0,
-1.921574277504E0));
#1212=CARTESIAN_POINT('',(-1.316149760037E0,-8.864845196605E0,
-1.965154801775E0));
#1213=CARTESIAN_POINT('',(-1.336266086426E0,-8.798179697809E0,
-2.031820207658E0));
#1214=CARTESIAN_POINT('',(-1.349721125590E0,-8.752870261796E0,
-2.077129959862E0));
#1215=CARTESIAN_POINT('',(-1.356465189739E0,-8.73E0,-2.100000221658E0));
#1217=DIRECTION('',(-2.183174492458E-7,1.E0,8.678464532732E-8));
#1218=VECTOR('',#1217,3.650000090304E0);
#1219=CARTESIAN_POINT('',(-1.296147113568E0,-1.258000009030E1,
-1.900000383567E0));
#1220=LINE('',#1219,#1218);
#1221=DIRECTION('',(2.202568791842E-7,-1.E0,4.716248078949E-8));
#1222=VECTOR('',#1221,3.650000090304E0);
#1223=CARTESIAN_POINT('',(-1.296147936175E0,-8.93E0,1.900000059472E0));
#1224=LINE('',#1223,#1222);
#1225=CARTESIAN_POINT('',(-1.232882681135E0,-1.278000002043E1,
-1.700000249610E0));
#1226=CARTESIAN_POINT('',(-1.239859810651E0,-1.275849506056E1,
-1.721505209486E0));
#1227=CARTESIAN_POINT('',(-1.253848082392E0,-1.271500701297E1,
-1.764992924191E0));
#1228=CARTESIAN_POINT('',(-1.274949701426E0,-1.264834181260E1,
-1.831658002265E0));
#1229=CARTESIAN_POINT('',(-1.289067827885E0,-1.260293962555E1,
-1.877060848319E0));
#1230=CARTESIAN_POINT('',(-1.296147113568E0,-1.258000009030E1,
-1.900000383567E0));
#1232=CARTESIAN_POINT('',(2.735360008499E-7,-1.258000011325E1,
-3.292069736469E-7));
#1233=DIRECTION('',(0.E0,1.E0,0.E0));
#1234=DIRECTION('',(-5.635427985315E-1,0.E0,-8.260868684486E-1));
#1235=AXIS2_PLACEMENT_3D('',#1232,#1233,#1234);
#1237=CARTESIAN_POINT('',(2.735360008499E-7,-1.258000011325E1,
-3.292069736469E-7));
#1238=DIRECTION('',(0.E0,1.E0,0.E0));
#1239=DIRECTION('',(-1.E0,0.E0,1.431334481264E-7));
#1240=AXIS2_PLACEMENT_3D('',#1237,#1238,#1239);
#1242=CARTESIAN_POINT('',(-2.735360007389E-7,-1.278E1,3.292069613474E-7));
#1243=DIRECTION('',(0.E0,1.E0,0.E0));
#1244=DIRECTION('',(5.870874317198E-1,0.E0,8.095235311692E-1));
#1245=AXIS2_PLACEMENT_3D('',#1242,#1243,#1244);
#1247=DIRECTION('',(-1.E0,0.E0,-7.680859272515E-8));
#1248=VECTOR('',#1247,2.465765064195E0);
#1249=CARTESIAN_POINT('',(1.232882383061E0,-1.278000002043E1,
-1.700000060218E0));
#1250=LINE('',#1249,#1248);
#1251=CARTESIAN_POINT('',(2.735360008499E-7,-1.278E1,-3.292069736469E-7));
#1252=DIRECTION('',(0.E0,1.E0,0.E0));
#1253=DIRECTION('',(-5.870874317199E-1,0.E0,-8.095235311692E-1));
#1254=AXIS2_PLACEMENT_3D('',#1251,#1252,#1253);
#1256=DIRECTION('',(1.E0,0.E0,7.680859209479E-8));
#1257=VECTOR('',#1256,2.465765064195E0);
#1258=CARTESIAN_POINT('',(-1.232882383061E0,-1.278000002043E1,
1.700000060218E0));
#1259=LINE('',#1258,#1257);
#1260=CARTESIAN_POINT('',(1.232882681135E0,-1.278000002043E1,1.700000249610E0));
#1261=CARTESIAN_POINT('',(1.239859810651E0,-1.275849506056E1,1.721505209486E0));
#1262=CARTESIAN_POINT('',(1.253848082392E0,-1.271500701297E1,1.764992924191E0));
#1263=CARTESIAN_POINT('',(1.274949701426E0,-1.264834181260E1,1.831658002265E0));
#1264=CARTESIAN_POINT('',(1.289067827885E0,-1.260293962555E1,1.877060848319E0));
#1265=CARTESIAN_POINT('',(1.296147113568E0,-1.258000009030E1,1.900000383567E0));
#1267=CARTESIAN_POINT('',(-2.735360007389E-7,-1.258000011325E1,
3.292069613474E-7));
#1268=DIRECTION('',(0.E0,1.E0,0.E0));
#1269=DIRECTION('',(5.635427985315E-1,0.E0,8.260868684486E-1));
#1270=AXIS2_PLACEMENT_3D('',#1267,#1268,#1269);
#1272=CARTESIAN_POINT('',(-2.735360007389E-7,-1.258000011325E1,
3.292069613474E-7));
#1273=DIRECTION('',(0.E0,1.E0,0.E0));
#1274=DIRECTION('',(1.E0,0.E0,-1.431334444327E-7));
#1275=AXIS2_PLACEMENT_3D('',#1272,#1273,#1274);
#1277=CARTESIAN_POINT('',(-1.232882383061E0,-1.278000002043E1,
1.700000060218E0));
#1278=CARTESIAN_POINT('',(-1.240083401471E0,-1.275780498579E1,
1.722195094857E0));
#1279=CARTESIAN_POINT('',(-1.254361862571E0,-1.271339540301E1,
1.766604602272E0));
#1280=CARTESIAN_POINT('',(-1.275454352658E0,-1.264672877815E1,
1.833271082371E0));
#1281=CARTESIAN_POINT('',(-1.289281319607E0,-1.260224789540E1,
1.877752426522E0));
#1282=CARTESIAN_POINT('',(-1.296147132237E0,-1.258000009030E1,
1.900000231615E0));
#1284=DIRECTION('',(1.E0,0.E0,5.861704440823E-8));
#1285=VECTOR('',#1284,2.592294245805E0);
#1286=CARTESIAN_POINT('',(-1.296147132237E0,-1.258000009030E1,
1.900000231615E0));
#1287=LINE('',#1286,#1285);
#1288=DIRECTION('',(1.E0,0.E0,2.828275823161E-9));
#1289=VECTOR('',#1288,2.592295846602E0);
#1290=CARTESIAN_POINT('',(-1.296147936175E0,-8.93E0,1.900000059472E0));
#1291=LINE('',#1290,#1289);
#1292=DIRECTION('',(2.183174472991E-7,1.E0,-8.678464386730E-8));
#1293=VECTOR('',#1292,3.650000090304E0);
#1294=CARTESIAN_POINT('',(1.296147113568E0,-1.258000009030E1,1.900000383567E0));
#1295=LINE('',#1294,#1293);
#1296=DIRECTION('',(-2.202568777851E-7,-1.E0,-4.716248115449E-8));
#1297=VECTOR('',#1296,3.650000090304E0);
#1298=CARTESIAN_POINT('',(1.296147936175E0,-8.93E0,-1.900000059472E0));
#1299=LINE('',#1298,#1297);
#1300=DIRECTION('',(-1.E0,0.E0,-2.828274880949E-9));
#1301=VECTOR('',#1300,2.592295846602E0);
#1302=CARTESIAN_POINT('',(1.296147936175E0,-8.93E0,-1.900000059472E0));
#1303=LINE('',#1302,#1301);
#1304=DIRECTION('',(-1.E0,0.E0,-5.861704483651E-8));
#1305=VECTOR('',#1304,2.592294245805E0);
#1306=CARTESIAN_POINT('',(1.296147132237E0,-1.258000009030E1,
-1.900000231615E0));
#1307=LINE('',#1306,#1305);
#1308=CARTESIAN_POINT('',(1.232882383061E0,-1.278000002043E1,
-1.700000060218E0));
#1309=CARTESIAN_POINT('',(1.240083401471E0,-1.275780498579E1,
-1.722195094857E0));
#1310=CARTESIAN_POINT('',(1.254361862571E0,-1.271339540301E1,
-1.766604602273E0));
#1311=CARTESIAN_POINT('',(1.275454352658E0,-1.264672877815E1,
-1.833271082371E0));
#1312=CARTESIAN_POINT('',(1.289281319607E0,-1.260224789540E1,
-1.877752426522E0));
#1313=CARTESIAN_POINT('',(1.296147132237E0,-1.258000009030E1,
-1.900000231615E0));
#1315=DIRECTION('',(-5.530140767371E-2,9.984697062552E-1,0.E0));
#1316=VECTOR('',#1315,6.328952819160E0);
#1317=CARTESIAN_POINT('',(1.2E0,-1.701169743531E1,0.E0));
#1318=LINE('',#1317,#1316);
#1319=CARTESIAN_POINT('',(0.E0,-1.069242977306E1,0.E0));
#1320=DIRECTION('',(0.E0,1.E0,0.E0));
#1321=DIRECTION('',(1.E0,0.E0,0.E0));
#1322=AXIS2_PLACEMENT_3D('',#1319,#1320,#1321);
#1324=DIRECTION('',(5.530140767371E-2,9.984697062552E-1,0.E0));
#1325=VECTOR('',#1324,6.328952819160E0);
#1326=CARTESIAN_POINT('',(-1.2E0,-1.701169743531E1,0.E0));
#1327=LINE('',#1326,#1325);
#1328=CARTESIAN_POINT('',(0.E0,-1.069242977306E1,0.E0));
#1329=DIRECTION('',(0.E0,1.E0,0.E0));
#1330=DIRECTION('',(-1.E0,0.E0,0.E0));
#1331=AXIS2_PLACEMENT_3D('',#1328,#1329,#1330);
#1333=CARTESIAN_POINT('',(0.E0,-1.707816083304E1,0.E0));
#1334=DIRECTION('',(0.E0,0.E0,-1.E0));
#1335=DIRECTION('',(0.E0,-1.E0,0.E0));
#1336=AXIS2_PLACEMENT_3D('',#1333,#1334,#1335);
#1338=CARTESIAN_POINT('',(0.E0,-1.701169743531E1,0.E0));
#1339=DIRECTION('',(0.E0,1.E0,0.E0));
#1340=DIRECTION('',(-1.E0,0.E0,0.E0));
#1341=AXIS2_PLACEMENT_3D('',#1338,#1339,#1340);
#1343=CARTESIAN_POINT('',(0.E0,-1.707816083304E1,0.E0));
#1344=DIRECTION('',(0.E0,0.E0,1.E0));
#1345=DIRECTION('',(0.E0,-1.E0,0.E0));
#1346=AXIS2_PLACEMENT_3D('',#1343,#1344,#1345);
#1348=CARTESIAN_POINT('',(0.E0,-1.701169743531E1,0.E0));
#1349=DIRECTION('',(0.E0,1.E0,0.E0));
#1350=DIRECTION('',(1.E0,0.E0,0.E0));
#1351=AXIS2_PLACEMENT_3D('',#1348,#1349,#1350);
#1353=CARTESIAN_POINT('',(3.76E0,1.12E0,-2.21E0));
#1354=DIRECTION('',(-2.557565270677E-12,-1.E0,-7.733277619840E-13));
#1355=DIRECTION('',(3.807621048037E-5,7.733277619805E-13,-9.999999992751E-1));
#1356=AXIS2_PLACEMENT_3D('',#1353,#1354,#1355);
#1358=CARTESIAN_POINT('',(3.75E0,1.12E0,-2.21E0));
#1359=DIRECTION('',(-1.467025734608E-12,-7.733277619803E-13,1.E0));
#1360=DIRECTION('',(1.E0,-8.689345539401E-13,1.466974689872E-12));
#1361=AXIS2_PLACEMENT_3D('',#1358,#1359,#1360);
#1363=CARTESIAN_POINT('',(3.742928932569E0,1.127071068193E0,-2.21E0));
#1364=DIRECTION('',(-7.071068192248E-1,-7.071067431483E-1,-1.584169176080E-12));
#1365=DIRECTION('',(-7.071067429780E-1,7.071068190544E-1,2.194802330531E-5));
#1366=AXIS2_PLACEMENT_3D('',#1363,#1364,#1365);
#1368=CARTESIAN_POINT('',(-3.742928932188E0,1.127071067812E0,-2.21E0));
#1369=DIRECTION('',(7.071067811877E-1,-7.071067811854E-1,-4.011856937526E-13));
#1370=DIRECTION('',(-2.102532707326E-12,-1.535936129241E-12,-1.E0));
#1371=AXIS2_PLACEMENT_3D('',#1368,#1369,#1370);
#1373=CARTESIAN_POINT('',(-3.75E0,1.12E0,-2.21E0));
#1374=DIRECTION('',(-3.368952626449E-14,-6.010517754005E-13,1.E0));
#1375=DIRECTION('',(7.071067823912E-1,7.071067799819E-1,4.485301019483E-13));
#1376=AXIS2_PLACEMENT_3D('',#1373,#1374,#1375);
#1378=CARTESIAN_POINT('',(-3.76E0,1.120000000538E0,-2.21E0));
#1379=DIRECTION('',(-5.379864500126E-8,-1.E0,-6.010517772130E-13));
#1380=DIRECTION('',(-9.999999992751E-1,5.379864523222E-8,-3.807620902102E-5));
#1381=AXIS2_PLACEMENT_3D('',#1378,#1379,#1380);
#1383=DIRECTION('',(0.E0,0.E0,-1.E0));
#1384=VECTOR('',#1383,2.088452994616E0);
#1385=CARTESIAN_POINT('',(2.29E0,0.E0,1.044226497308E0));
#1386=LINE('',#1385,#1384);
#1387=DIRECTION('',(0.E0,8.660254037844E-1,5.E-1));
#1388=VECTOR('',#1387,3.695041722814E-1);
#1389=CARTESIAN_POINT('',(2.29E0,0.E0,-1.044226497308E0));
#1390=LINE('',#1389,#1388);
#1391=DIRECTION('',(0.E0,0.E0,1.E0));
#1392=VECTOR('',#1391,5.094744111674E-1);
#1393=CARTESIAN_POINT('',(2.29E0,3.2E-1,-8.594744111674E-1));
#1394=LINE('',#1393,#1392);
#1395=DIRECTION('',(0.E0,1.E0,0.E0));
#1396=VECTOR('',#1395,4.05E0);
#1397=CARTESIAN_POINT('',(2.29E0,3.2E-1,-3.5E-1));
#1398=LINE('',#1397,#1396);
#1399=CARTESIAN_POINT('',(2.29E0,4.37E0,0.E0));
#1400=DIRECTION('',(1.E0,0.E0,0.E0));
#1401=DIRECTION('',(0.E0,0.E0,-1.E0));
#1402=AXIS2_PLACEMENT_3D('',#1399,#1400,#1401);
#1404=DIRECTION('',(0.E0,0.E0,1.E0));
#1405=VECTOR('',#1404,5.094744111674E-1);
#1406=CARTESIAN_POINT('',(2.29E0,3.2E-1,3.5E-1));
#1407=LINE('',#1406,#1405);
#1408=DIRECTION('',(0.E0,-8.660254037844E-1,5.E-1));
#1409=VECTOR('',#1408,3.695041722814E-1);
#1410=CARTESIAN_POINT('',(2.29E0,3.2E-1,8.594744111674E-1));
#1411=LINE('',#1410,#1409);
#1412=DIRECTION('',(0.E0,0.E0,1.E0));
#1413=VECTOR('',#1412,2.088452994616E0);
#1414=CARTESIAN_POINT('',(2.79E0,0.E0,-1.044226497308E0));
#1415=LINE('',#1414,#1413);
#1416=DIRECTION('',(0.E0,8.660254037844E-1,-5.E-1));
#1417=VECTOR('',#1416,3.695041722814E-1);
#1418=CARTESIAN_POINT('',(2.79E0,0.E0,1.044226497308E0));
#1419=LINE('',#1418,#1417);
#1420=DIRECTION('',(0.E0,0.E0,-1.E0));
#1421=VECTOR('',#1420,5.094744111674E-1);
#1422=CARTESIAN_POINT('',(2.79E0,3.2E-1,8.594744111674E-1));
#1423=LINE('',#1422,#1421);
#1424=DIRECTION('',(0.E0,1.E0,0.E0));
#1425=VECTOR('',#1424,4.05E0);
#1426=CARTESIAN_POINT('',(2.79E0,3.2E-1,3.5E-1));
#1427=LINE('',#1426,#1425);
#1428=CARTESIAN_POINT('',(2.79E0,4.37E0,0.E0));
#1429=DIRECTION('',(-1.E0,0.E0,0.E0));
#1430=DIRECTION('',(0.E0,0.E0,1.E0));
#1431=AXIS2_PLACEMENT_3D('',#1428,#1429,#1430);
#1433=DIRECTION('',(0.E0,0.E0,-1.E0));
#1434=VECTOR('',#1433,5.094744111674E-1);
#1435=CARTESIAN_POINT('',(2.79E0,3.2E-1,-3.5E-1));
#1436=LINE('',#1435,#1434);
#1437=DIRECTION('',(0.E0,-8.660254037844E-1,-5.E-1));
#1438=VECTOR('',#1437,3.695041722814E-1);
#1439=CARTESIAN_POINT('',(2.79E0,3.2E-1,-8.594744111674E-1));
#1440=LINE('',#1439,#1438);
#1441=DIRECTION('',(0.E0,1.E0,0.E0));
#1442=VECTOR('',#1441,4.05E0);
#1443=CARTESIAN_POINT('',(2.29E0,3.2E-1,3.5E-1));
#1444=LINE('',#1443,#1442);
#1445=DIRECTION('',(-1.E0,0.E0,0.E0));
#1446=VECTOR('',#1445,5.E-1);
#1447=CARTESIAN_POINT('',(2.79E0,3.2E-1,3.5E-1));
#1448=LINE('',#1447,#1446);
#1449=DIRECTION('',(1.E0,0.E0,0.E0));
#1450=VECTOR('',#1449,5.E-1);
#1451=CARTESIAN_POINT('',(2.29E0,4.37E0,-3.5E-1));
#1452=LINE('',#1451,#1450);
#1453=DIRECTION('',(-1.E0,0.E0,0.E0));
#1454=VECTOR('',#1453,5.E-1);
#1455=CARTESIAN_POINT('',(2.79E0,4.37E0,3.5E-1));
#1456=LINE('',#1455,#1454);
#1457=DIRECTION('',(1.E0,0.E0,0.E0));
#1458=VECTOR('',#1457,5.E-1);
#1459=CARTESIAN_POINT('',(2.29E0,3.2E-1,-3.5E-1));
#1460=LINE('',#1459,#1458);
#1461=DIRECTION('',(0.E0,1.E0,0.E0));
#1462=VECTOR('',#1461,4.05E0);
#1463=CARTESIAN_POINT('',(2.79E0,3.2E-1,-3.5E-1));
#1464=LINE('',#1463,#1462);
#1465=DIRECTION('',(0.E0,0.E0,-1.E0));
#1466=VECTOR('',#1465,2.088452994616E0);
#1467=CARTESIAN_POINT('',(-2.5E-1,0.E0,1.044226497308E0));
#1468=LINE('',#1467,#1466);
#1469=DIRECTION('',(0.E0,8.660254037844E-1,5.E-1));
#1470=VECTOR('',#1469,3.695041722814E-1);
#1471=CARTESIAN_POINT('',(-2.5E-1,0.E0,-1.044226497308E0));
#1472=LINE('',#1471,#1470);
#1473=DIRECTION('',(0.E0,0.E0,1.E0));
#1474=VECTOR('',#1473,5.094744111674E-1);
#1475=CARTESIAN_POINT('',(-2.5E-1,3.2E-1,-8.594744111674E-1));
#1476=LINE('',#1475,#1474);
#1477=DIRECTION('',(0.E0,1.E0,0.E0));
#1478=VECTOR('',#1477,4.05E0);
#1479=CARTESIAN_POINT('',(-2.5E-1,3.2E-1,-3.5E-1));
#1480=LINE('',#1479,#1478);
#1481=CARTESIAN_POINT('',(-2.5E-1,4.37E0,0.E0));
#1482=DIRECTION('',(1.E0,0.E0,0.E0));
#1483=DIRECTION('',(0.E0,0.E0,-1.E0));
#1484=AXIS2_PLACEMENT_3D('',#1481,#1482,#1483);
#1486=DIRECTION('',(0.E0,0.E0,1.E0));
#1487=VECTOR('',#1486,5.094744111674E-1);
#1488=CARTESIAN_POINT('',(-2.5E-1,3.2E-1,3.5E-1));
#1489=LINE('',#1488,#1487);
#1490=DIRECTION('',(0.E0,-8.660254037844E-1,5.E-1));
#1491=VECTOR('',#1490,3.695041722814E-1);
#1492=CARTESIAN_POINT('',(-2.5E-1,3.2E-1,8.594744111674E-1));
#1493=LINE('',#1492,#1491);
#1494=DIRECTION('',(0.E0,0.E0,1.E0));
#1495=VECTOR('',#1494,2.088452994616E0);
#1496=CARTESIAN_POINT('',(2.5E-1,0.E0,-1.044226497308E0));
#1497=LINE('',#1496,#1495);
#1498=DIRECTION('',(0.E0,8.660254037844E-1,-5.E-1));
#1499=VECTOR('',#1498,3.695041722814E-1);
#1500=CARTESIAN_POINT('',(2.5E-1,0.E0,1.044226497308E0));
#1501=LINE('',#1500,#1499);
#1502=DIRECTION('',(0.E0,0.E0,-1.E0));
#1503=VECTOR('',#1502,5.094744111674E-1);
#1504=CARTESIAN_POINT('',(2.5E-1,3.2E-1,8.594744111674E-1));
#1505=LINE('',#1504,#1503);
#1506=DIRECTION('',(0.E0,1.E0,0.E0));
#1507=VECTOR('',#1506,4.05E0);
#1508=CARTESIAN_POINT('',(2.5E-1,3.2E-1,3.5E-1));
#1509=LINE('',#1508,#1507);
#1510=CARTESIAN_POINT('',(2.5E-1,4.37E0,0.E0));
#1511=DIRECTION('',(-1.E0,0.E0,0.E0));
#1512=DIRECTION('',(0.E0,0.E0,1.E0));
#1513=AXIS2_PLACEMENT_3D('',#1510,#1511,#1512);
#1515=DIRECTION('',(0.E0,0.E0,-1.E0));
#1516=VECTOR('',#1515,5.094744111674E-1);
#1517=CARTESIAN_POINT('',(2.5E-1,3.2E-1,-3.5E-1));
#1518=LINE('',#1517,#1516);
#1519=DIRECTION('',(0.E0,-8.660254037844E-1,-5.E-1));
#1520=VECTOR('',#1519,3.695041722814E-1);
#1521=CARTESIAN_POINT('',(2.5E-1,3.2E-1,-8.594744111674E-1));
#1522=LINE('',#1521,#1520);
#1523=DIRECTION('',(0.E0,1.E0,0.E0));
#1524=VECTOR('',#1523,4.05E0);
#1525=CARTESIAN_POINT('',(-2.5E-1,3.2E-1,3.5E-1));
#1526=LINE('',#1525,#1524);
#1527=DIRECTION('',(-1.E0,0.E0,0.E0));
#1528=VECTOR('',#1527,5.E-1);
#1529=CARTESIAN_POINT('',(2.5E-1,3.2E-1,3.5E-1));
#1530=LINE('',#1529,#1528);
#1531=DIRECTION('',(1.E0,0.E0,0.E0));
#1532=VECTOR('',#1531,5.E-1);
#1533=CARTESIAN_POINT('',(-2.5E-1,4.37E0,-3.5E-1));
#1534=LINE('',#1533,#1532);
#1535=DIRECTION('',(-1.E0,0.E0,0.E0));
#1536=VECTOR('',#1535,5.E-1);
#1537=CARTESIAN_POINT('',(2.5E-1,4.37E0,3.5E-1));
#1538=LINE('',#1537,#1536);
#1539=DIRECTION('',(1.E0,0.E0,0.E0));
#1540=VECTOR('',#1539,5.E-1);
#1541=CARTESIAN_POINT('',(-2.5E-1,3.2E-1,-3.5E-1));
#1542=LINE('',#1541,#1540);
#1543=DIRECTION('',(0.E0,1.E0,0.E0));
#1544=VECTOR('',#1543,4.05E0);
#1545=CARTESIAN_POINT('',(2.5E-1,3.2E-1,-3.5E-1));
#1546=LINE('',#1545,#1544);
#1547=DIRECTION('',(0.E0,0.E0,-1.E0));
#1548=VECTOR('',#1547,2.088452994616E0);
#1549=CARTESIAN_POINT('',(-2.79E0,0.E0,1.044226497308E0));
#1550=LINE('',#1549,#1548);
#1551=DIRECTION('',(0.E0,8.660254037844E-1,5.E-1));
#1552=VECTOR('',#1551,3.695041722814E-1);
#1553=CARTESIAN_POINT('',(-2.79E0,0.E0,-1.044226497308E0));
#1554=LINE('',#1553,#1552);
#1555=DIRECTION('',(0.E0,0.E0,1.E0));
#1556=VECTOR('',#1555,5.094744111674E-1);
#1557=CARTESIAN_POINT('',(-2.79E0,3.2E-1,-8.594744111674E-1));
#1558=LINE('',#1557,#1556);
#1559=DIRECTION('',(0.E0,1.E0,0.E0));
#1560=VECTOR('',#1559,4.05E0);
#1561=CARTESIAN_POINT('',(-2.79E0,3.2E-1,-3.5E-1));
#1562=LINE('',#1561,#1560);
#1563=CARTESIAN_POINT('',(-2.79E0,4.37E0,0.E0));
#1564=DIRECTION('',(1.E0,0.E0,0.E0));
#1565=DIRECTION('',(0.E0,0.E0,-1.E0));
#1566=AXIS2_PLACEMENT_3D('',#1563,#1564,#1565);
#1568=DIRECTION('',(0.E0,0.E0,1.E0));
#1569=VECTOR('',#1568,5.094744111674E-1);
#1570=CARTESIAN_POINT('',(-2.79E0,3.2E-1,3.5E-1));
#1571=LINE('',#1570,#1569);
#1572=DIRECTION('',(0.E0,-8.660254037844E-1,5.E-1));
#1573=VECTOR('',#1572,3.695041722814E-1);
#1574=CARTESIAN_POINT('',(-2.79E0,3.2E-1,8.594744111674E-1));
#1575=LINE('',#1574,#1573);
#1576=DIRECTION('',(0.E0,0.E0,1.E0));
#1577=VECTOR('',#1576,2.088452994616E0);
#1578=CARTESIAN_POINT('',(-2.29E0,0.E0,-1.044226497308E0));
#1579=LINE('',#1578,#1577);
#1580=DIRECTION('',(0.E0,8.660254037844E-1,-5.E-1));
#1581=VECTOR('',#1580,3.695041722814E-1);
#1582=CARTESIAN_POINT('',(-2.29E0,0.E0,1.044226497308E0));
#1583=LINE('',#1582,#1581);
#1584=DIRECTION('',(0.E0,0.E0,-1.E0));
#1585=VECTOR('',#1584,5.094744111674E-1);
#1586=CARTESIAN_POINT('',(-2.29E0,3.2E-1,8.594744111674E-1));
#1587=LINE('',#1586,#1585);
#1588=DIRECTION('',(0.E0,1.E0,0.E0));
#1589=VECTOR('',#1588,4.05E0);
#1590=CARTESIAN_POINT('',(-2.29E0,3.2E-1,3.5E-1));
#1591=LINE('',#1590,#1589);
#1592=CARTESIAN_POINT('',(-2.29E0,4.37E0,0.E0));
#1593=DIRECTION('',(-1.E0,0.E0,0.E0));
#1594=DIRECTION('',(0.E0,0.E0,1.E0));
#1595=AXIS2_PLACEMENT_3D('',#1592,#1593,#1594);
#1597=DIRECTION('',(0.E0,0.E0,-1.E0));
#1598=VECTOR('',#1597,5.094744111674E-1);
#1599=CARTESIAN_POINT('',(-2.29E0,3.2E-1,-3.5E-1));
#1600=LINE('',#1599,#1598);
#1601=DIRECTION('',(0.E0,-8.660254037844E-1,-5.E-1));
#1602=VECTOR('',#1601,3.695041722814E-1);
#1603=CARTESIAN_POINT('',(-2.29E0,3.2E-1,-8.594744111674E-1));
#1604=LINE('',#1603,#1602);
#1605=DIRECTION('',(0.E0,1.E0,0.E0));
#1606=VECTOR('',#1605,4.05E0);
#1607=CARTESIAN_POINT('',(-2.79E0,3.2E-1,3.5E-1));
#1608=LINE('',#1607,#1606);
#1609=DIRECTION('',(-1.E0,0.E0,0.E0));
#1610=VECTOR('',#1609,5.E-1);
#1611=CARTESIAN_POINT('',(-2.29E0,3.2E-1,3.5E-1));
#1612=LINE('',#1611,#1610);
#1613=DIRECTION('',(1.E0,0.E0,0.E0));
#1614=VECTOR('',#1613,5.E-1);
#1615=CARTESIAN_POINT('',(-2.79E0,4.37E0,-3.5E-1));
#1616=LINE('',#1615,#1614);
#1617=DIRECTION('',(-1.E0,0.E0,0.E0));
#1618=VECTOR('',#1617,5.E-1);
#1619=CARTESIAN_POINT('',(-2.29E0,4.37E0,3.5E-1));
#1620=LINE('',#1619,#1618);
#1621=DIRECTION('',(1.E0,0.E0,0.E0));
#1622=VECTOR('',#1621,5.E-1);
#1623=CARTESIAN_POINT('',(-2.79E0,3.2E-1,-3.5E-1));
#1624=LINE('',#1623,#1622);
#1625=DIRECTION('',(0.E0,1.E0,0.E0));
#1626=VECTOR('',#1625,4.05E0);
#1627=CARTESIAN_POINT('',(-2.29E0,3.2E-1,-3.5E-1));
#1628=LINE('',#1627,#1626);
#1629=CARTESIAN_POINT('',(2.29E0,0.E0,1.044226497308E0));
#1630=CARTESIAN_POINT('',(2.29E0,0.E0,-1.044226497308E0));
#1631=VERTEX_POINT('',#1629);
#1632=VERTEX_POINT('',#1630);
#1633=CARTESIAN_POINT('',(2.79E0,0.E0,1.044226497308E0));
#1634=CARTESIAN_POINT('',(2.79E0,0.E0,-1.044226497308E0));
#1635=VERTEX_POINT('',#1633);
#1636=VERTEX_POINT('',#1634);
#1637=CARTESIAN_POINT('',(-2.5E-1,0.E0,1.044226497308E0));
#1638=CARTESIAN_POINT('',(-2.5E-1,0.E0,-1.044226497308E0));
#1639=VERTEX_POINT('',#1637);
#1640=VERTEX_POINT('',#1638);
#1641=CARTESIAN_POINT('',(2.5E-1,0.E0,1.044226497308E0));
#1642=CARTESIAN_POINT('',(2.5E-1,0.E0,-1.044226497308E0));
#1643=VERTEX_POINT('',#1641);
#1644=VERTEX_POINT('',#1642);
#1645=CARTESIAN_POINT('',(-2.79E0,0.E0,1.044226497308E0));
#1646=CARTESIAN_POINT('',(-2.79E0,0.E0,-1.044226497308E0));
#1647=VERTEX_POINT('',#1645);
#1648=VERTEX_POINT('',#1646);
#1649=CARTESIAN_POINT('',(-2.29E0,0.E0,1.044226497308E0));
#1650=CARTESIAN_POINT('',(-2.29E0,0.E0,-1.044226497308E0));
#1651=VERTEX_POINT('',#1649);
#1652=VERTEX_POINT('',#1650);
#1653=CARTESIAN_POINT('',(-3.035857864376E0,4.199999999999E-1,-1.9E0));
#1654=CARTESIAN_POINT('',(-3.75E0,4.2E-1,-1.9E0));
#1655=VERTEX_POINT('',#1653);
#1656=VERTEX_POINT('',#1654);
#1657=VERTEX_POINT('',#7);
#1658=CARTESIAN_POINT('',(2.645986090584E0,4.199999999999E-1,-2.1E0));
#1659=VERTEX_POINT('',#1658);
#1660=VERTEX_POINT('',#15);
#1661=CARTESIAN_POINT('',(3.75E0,4.2E-1,-1.9E0));
#1662=VERTEX_POINT('',#1661);
#1663=CARTESIAN_POINT('',(3.75E0,4.2E-1,1.9E0));
#1664=VERTEX_POINT('',#1663);
#1665=CARTESIAN_POINT('',(3.035857864376E0,4.2E-1,1.9E0));
#1666=VERTEX_POINT('',#1665);
#1667=VERTEX_POINT('',#27);
#1668=CARTESIAN_POINT('',(-2.645986090584E0,4.200000000001E-1,2.1E0));
#1669=VERTEX_POINT('',#1668);
#1670=VERTEX_POINT('',#35);
#1671=CARTESIAN_POINT('',(-3.75E0,4.2E-1,1.9E0));
#1672=VERTEX_POINT('',#1671);
#1673=CARTESIAN_POINT('',(-3.76E0,1.12E0,-1.9E0));
#1674=CARTESIAN_POINT('',(-3.742928932187E0,1.127071067811E0,-1.9E0));
#1675=VERTEX_POINT('',#1673);
#1676=VERTEX_POINT('',#1674);
#1677=CARTESIAN_POINT('',(-3.760000000002E0,4.198332870112E-1,-1.9E0));
#1678=VERTEX_POINT('',#1677);
#1679=CARTESIAN_POINT('',(-4.05E0,1.12E0,-2.19E0));
#1680=VERTEX_POINT('',#1679);
#1681=CARTESIAN_POINT('',(-3.537867965282E0,1.332132033994E0,-2.19E0));
#1682=VERTEX_POINT('',#1681);
#1683=VERTEX_POINT('',#99);
#1684=CARTESIAN_POINT('',(-4.05E0,1.2E-1,2.19E0));
#1685=VERTEX_POINT('',#1684);
#1686=CARTESIAN_POINT('',(-3.76E0,4.198332870113E-1,1.9E0));
#1687=VERTEX_POINT('',#1686);
#1688=CARTESIAN_POINT('',(-4.049999998652E0,1.199999499750E-1,
2.210019322427E0));
#1689=VERTEX_POINT('',#1688);
#1690=CARTESIAN_POINT('',(-3.935576153274E0,-6.435235595419E0,
2.095619344024E0));
#1691=VERTEX_POINT('',#1690);
#1692=CARTESIAN_POINT('',(-3.935559934799E0,-6.435235245644E0,
-2.095619344005E0));
#1693=VERTEX_POINT('',#1692);
#1694=CARTESIAN_POINT('',(-4.049999999456E0,1.199999960401E-1,
-2.210019323161E0));
#1695=VERTEX_POINT('',#1694);
#1696=CARTESIAN_POINT('',(-4.049999999947E0,1.119999999645E0,2.210005521051E0));
#1697=CARTESIAN_POINT('',(-4.05E0,1.120000002288E0,2.19E0));
#1698=VERTEX_POINT('',#1696);
#1699=VERTEX_POINT('',#1697);
#1700=CARTESIAN_POINT('',(-3.537867965282E0,1.332132033994E0,2.19E0));
#1701=VERTEX_POINT('',#1700);
#1702=CARTESIAN_POINT('',(-3.537867962186E0,1.332132030873E0,2.209996790027E0));
#1703=VERTEX_POINT('',#1702);
#1704=CARTESIAN_POINT('',(-3.742928932187E0,1.127071067811E0,1.9E0));
#1705=CARTESIAN_POINT('',(-3.76E0,1.12E0,1.9E0));
#1706=VERTEX_POINT('',#1704);
#1707=VERTEX_POINT('',#1705);
#1708=VERTEX_POINT('',#204);
#1709=VERTEX_POINT('',#197);
#1710=VERTEX_POINT('',#220);
#1711=VERTEX_POINT('',#374);
#1712=VERTEX_POINT('',#232);
#1713=CARTESIAN_POINT('',(-2.426019196680E0,1.2E-1,2.4E0));
#1714=VERTEX_POINT('',#1713);
#1715=CARTESIAN_POINT('',(-3.742928927802E0,1.127071063426E0,2.5E0));
#1716=CARTESIAN_POINT('',(-2.735857864376E0,1.199999999999E-1,2.5E0));
#1717=VERTEX_POINT('',#1715);
#1718=VERTEX_POINT('',#1716);
#1719=CARTESIAN_POINT('',(-3.760019323161E0,1.199999960426E-1,
2.499999999456E0));
#1720=VERTEX_POINT('',#1719);
#1721=CARTESIAN_POINT('',(-3.760007361401E0,1.119981612024E0,2.499999999930E0));
#1722=VERTEX_POINT('',#1721);
#1723=CARTESIAN_POINT('',(2.735857864376E0,1.2E-1,2.5E0));
#1724=VERTEX_POINT('',#1723);
#1725=CARTESIAN_POINT('',(3.760019322427E0,1.199999499738E-1,2.499999998652E0));
#1726=VERTEX_POINT('',#1725);
#1727=CARTESIAN_POINT('',(3.645619344024E0,-6.435235595419E0,2.385576153276E0));
#1728=VERTEX_POINT('',#1727);
#1729=CARTESIAN_POINT('',(-3.645619344005E0,-6.435235245644E0,
2.385559934821E0));
#1730=VERTEX_POINT('',#1729);
#1731=CARTESIAN_POINT('',(3.742928932188E0,1.127071067812E0,2.5E0));
#1732=VERTEX_POINT('',#1731);
#1733=CARTESIAN_POINT('',(3.537867965405E0,1.332132034092E0,2.209996790027E0));
#1734=VERTEX_POINT('',#1733);
#1735=VERTEX_POINT('',#316);
#1736=CARTESIAN_POINT('',(4.05E0,1.12E0,2.21E0));
#1737=VERTEX_POINT('',#1736);
#1738=CARTESIAN_POINT('',(4.05E0,1.12E0,2.19E0));
#1739=CARTESIAN_POINT('',(3.537867965142E0,1.332132033854E0,2.19E0));
#1740=VERTEX_POINT('',#1738);
#1741=VERTEX_POINT('',#1739);
#1742=CARTESIAN_POINT('',(3.76E0,1.12E0,1.9E0));
#1743=CARTESIAN_POINT('',(3.742928932188E0,1.127071067811E0,1.9E0));
#1744=VERTEX_POINT('',#1742);
#1745=VERTEX_POINT('',#1743);
#1746=CARTESIAN_POINT('',(3.760000000002E0,4.198332870112E-1,1.9E0));
#1747=VERTEX_POINT('',#1746);
#1748=CARTESIAN_POINT('',(3.76E0,4.198332870113E-1,-1.9E0));
#1749=VERTEX_POINT('',#1748);
#1750=VERTEX_POINT('',#402);
#1751=CARTESIAN_POINT('',(4.05E0,1.2E-1,2.19E0));
#1752=VERTEX_POINT('',#1751);
#1753=CARTESIAN_POINT('',(3.742928932188E0,1.127071067811E0,-1.9E0));
#1754=VERTEX_POINT('',#1753);
#1755=CARTESIAN_POINT('',(3.76E0,1.12E0,-1.9E0));
#1756=VERTEX_POINT('',#1755);
#1757=VERTEX_POINT('',#469);
#1758=CARTESIAN_POINT('',(3.537867965408E0,1.332132034090E0,-2.190003468116E0));
#1759=VERTEX_POINT('',#1758);
#1760=VERTEX_POINT('',#487);
#1761=VERTEX_POINT('',#492);
#1762=VERTEX_POINT('',#444);
#1763=CARTESIAN_POINT('',(2.426019196680E0,1.2E-1,-2.4E0));
#1764=VERTEX_POINT('',#1763);
#1765=VERTEX_POINT('',#460);
#1766=CARTESIAN_POINT('',(-3.537867965476E0,1.332132034163E0,
-2.209996817536E0));
#1767=VERTEX_POINT('',#1766);
#1768=CARTESIAN_POINT('',(-4.049999999947E0,1.120000002288E0,
-2.210005521050E0));
#1769=VERTEX_POINT('',#1768);
#1770=CARTESIAN_POINT('',(-3.760019322427E0,1.199999499825E-1,
-2.499999998652E0));
#1771=CARTESIAN_POINT('',(-3.760007361401E0,1.119981618572E0,
-2.499999999930E0));
#1772=VERTEX_POINT('',#1770);
#1773=VERTEX_POINT('',#1771);
#1774=CARTESIAN_POINT('',(-2.735857864376E0,1.199999999999E-1,-2.5E0));
#1775=CARTESIAN_POINT('',(-3.742928932188E0,1.127071067812E0,-2.5E0));
#1776=VERTEX_POINT('',#1774);
#1777=VERTEX_POINT('',#1775);
#1778=CARTESIAN_POINT('',(2.735857864376E0,1.2E-1,-2.5E0));
#1779=VERTEX_POINT('',#1778);
#1780=CARTESIAN_POINT('',(-3.645619344024E0,-6.435235595419E0,
-2.385576153273E0));
#1781=VERTEX_POINT('',#1780);
#1782=CARTESIAN_POINT('',(3.645619344005E0,-6.435235245644E0,
-2.385559934807E0));
#1783=VERTEX_POINT('',#1782);
#1784=CARTESIAN_POINT('',(3.760019323161E0,1.199999960426E-1,
-2.499999999456E0));
#1785=VERTEX_POINT('',#1784);
#1786=VERTEX_POINT('',#610);
#1787=CARTESIAN_POINT('',(-1.868200652182E0,-6.730000610279E0,
-2.085623503094E0));
#1788=VERTEX_POINT('',#1787);
#1789=VERTEX_POINT('',#620);
#1790=CARTESIAN_POINT('',(1.442221575574E0,-6.685522852565E0,
-2.242811679511E0));
#1791=VERTEX_POINT('',#1790);
#1792=VERTEX_POINT('',#630);
#1793=CARTESIAN_POINT('',(3.635623626307E0,-6.73E0,-2.085623626306E0));
#1794=VERTEX_POINT('',#1793);
#1795=CARTESIAN_POINT('',(-3.635623626307E0,-6.73E0,2.085623626306E0));
#1796=VERTEX_POINT('',#1795);
#1797=CARTESIAN_POINT('',(-1.868201389570E0,-6.730000718608E0,
2.085622985631E0));
#1798=VERTEX_POINT('',#1797);
#1799=VERTEX_POINT('',#740);
#1800=CARTESIAN_POINT('',(1.868200652162E0,-6.730000610279E0,2.085623503107E0));
#1801=VERTEX_POINT('',#1800);
#1802=VERTEX_POINT('',#750);
#1803=CARTESIAN_POINT('',(-1.442221575574E0,-6.685522852565E0,
2.242811679511E0));
#1804=VERTEX_POINT('',#1803);
#1805=CARTESIAN_POINT('',(3.935577939048E0,-6.435235469634E0,2.095611065251E0));
#1806=VERTEX_POINT('',#1805);
#1807=VERTEX_POINT('',#794);
#1808=CARTESIAN_POINT('',(4.049999998652E0,1.199999499750E-1,
-2.210019322427E0));
#1809=VERTEX_POINT('',#1808);
#1810=CARTESIAN_POINT('',(3.935576153273E0,-6.435235595419E0,
-2.095619344024E0));
#1811=VERTEX_POINT('',#1810);
#1812=CARTESIAN_POINT('',(4.049999999947E0,1.119999999872E0,-2.210005521050E0));
#1813=CARTESIAN_POINT('',(4.05E0,1.119999995221E0,-2.19E0));
#1814=VERTEX_POINT('',#1812);
#1815=VERTEX_POINT('',#1813);
#1816=CARTESIAN_POINT('',(3.537867967274E0,1.332132035962E0,-2.209996817536E0));
#1817=VERTEX_POINT('',#1816);
#1818=CARTESIAN_POINT('',(3.742928934680E0,1.127071070303E0,-2.5E0));
#1819=VERTEX_POINT('',#1818);
#1820=CARTESIAN_POINT('',(3.760007361401E0,1.119981612024E0,-2.499999999930E0));
#1821=VERTEX_POINT('',#1820);
#1822=CARTESIAN_POINT('',(2.5E0,-7.03E0,0.E0));
#1823=CARTESIAN_POINT('',(1.668036395741E0,-7.03E0,1.862163951558E0));
#1824=VERTEX_POINT('',#1822);
#1825=VERTEX_POINT('',#1823);
#1826=CARTESIAN_POINT('',(1.668036396294E0,-7.03E0,-1.862163951063E0));
#1827=VERTEX_POINT('',#1826);
#1828=VERTEX_POINT('',#1000);
#1829=CARTESIAN_POINT('',(1.356465199102E0,-8.73E0,-2.100000222480E0));
#1830=VERTEX_POINT('',#1829);
#1831=CARTESIAN_POINT('',(2.5E0,-8.73E0,0.E0));
#1832=VERTEX_POINT('',#1831);
#1833=CARTESIAN_POINT('',(1.356465996626E0,-8.73E0,2.099999999999E0));
#1834=VERTEX_POINT('',#1833);
#1835=CARTESIAN_POINT('',(1.356465963003E0,-6.967626968756E0,2.099999989126E0));
#1836=VERTEX_POINT('',#1835);
#1837=VERTEX_POINT('',#1011);
#1838=CARTESIAN_POINT('',(-1.358554768621E0,-6.941045515242E0,
-2.100000228971E0));
#1839=VERTEX_POINT('',#1838);
#1840=VERTEX_POINT('',#1041);
#1841=CARTESIAN_POINT('',(-1.356465189739E0,-8.73E0,-2.100000221658E0));
#1842=VERTEX_POINT('',#1841);
#1843=CARTESIAN_POINT('',(-1.668036395144E0,-7.03E0,-1.862163952093E0));
#1844=VERTEX_POINT('',#1843);
#1845=CARTESIAN_POINT('',(-2.5E0,-7.03E0,0.E0));
#1846=VERTEX_POINT('',#1845);
#1847=CARTESIAN_POINT('',(-1.668036396254E0,-7.03E0,1.862163951099E0));
#1848=VERTEX_POINT('',#1847);
#1849=VERTEX_POINT('',#1082);
#1850=CARTESIAN_POINT('',(-1.356465199102E0,-8.73E0,2.100000222480E0));
#1851=VERTEX_POINT('',#1850);
#1852=CARTESIAN_POINT('',(-2.5E0,-8.73E0,0.E0));
#1853=VERTEX_POINT('',#1852);
#1854=VERTEX_POINT('',#1093);
#1855=CARTESIAN_POINT('',(1.358554768621E0,-6.941045515242E0,2.100000228971E0));
#1856=VERTEX_POINT('',#1855);
#1857=VERTEX_POINT('',#1172);
#1858=CARTESIAN_POINT('',(-1.296147936175E0,-8.93E0,1.900000059472E0));
#1859=VERTEX_POINT('',#1858);
#1860=VERTEX_POINT('',#1183);
#1861=CARTESIAN_POINT('',(2.3E0,-8.93E0,0.E0));
#1862=VERTEX_POINT('',#1861);
#1863=VERTEX_POINT('',#1210);
#1864=CARTESIAN_POINT('',(-2.3E0,-8.93E0,0.E0));
#1865=VERTEX_POINT('',#1864);
#1866=CARTESIAN_POINT('',(-1.296148296408E0,-1.258000011325E1,
-1.900000322072E0));
#1867=CARTESIAN_POINT('',(-2.299999963041E0,-1.258000011325E1,0.E0));
#1868=VERTEX_POINT('',#1866);
#1869=VERTEX_POINT('',#1867);
#1870=CARTESIAN_POINT('',(-1.296148032876E0,-1.258000011325E1,
1.899999843435E0));
#1871=VERTEX_POINT('',#1870);
#1872=CARTESIAN_POINT('',(-1.232883534533E0,-1.278E1,-1.700000022448E0));
#1873=CARTESIAN_POINT('',(-1.232882668207E0,-1.278E1,1.699999992315E0));
#1874=VERTEX_POINT('',#1872);
#1875=VERTEX_POINT('',#1873);
#1876=CARTESIAN_POINT('',(1.232883534533E0,-1.278E1,1.700000022448E0));
#1877=CARTESIAN_POINT('',(1.232882668207E0,-1.278E1,-1.699999992315E0));
#1878=VERTEX_POINT('',#1876);
#1879=VERTEX_POINT('',#1877);
#1880=VERTEX_POINT('',#1265);
#1881=CARTESIAN_POINT('',(2.299999963041E0,-1.258000011325E1,0.E0));
#1882=VERTEX_POINT('',#1881);
#1883=CARTESIAN_POINT('',(1.296148032876E0,-1.258000011325E1,
-1.899999843435E0));
#1884=VERTEX_POINT('',#1883);
#1885=CARTESIAN_POINT('',(8.499999999996E-1,-1.069242977306E1,0.E0));
#1886=CARTESIAN_POINT('',(-8.499999999996E-1,-1.069242977306E1,0.E0));
#1887=VERTEX_POINT('',#1885);
#1888=VERTEX_POINT('',#1886);
#1889=CARTESIAN_POINT('',(1.2E0,-1.701169743531E1,0.E0));
#1890=VERTEX_POINT('',#1889);
#1891=CARTESIAN_POINT('',(-1.2E0,-1.701169743531E1,0.E0));
#1892=VERTEX_POINT('',#1891);
#1893=CARTESIAN_POINT('',(0.E0,-1.828E1,0.E0));
#1894=VERTEX_POINT('',#1893);
#1895=CARTESIAN_POINT('',(2.29E0,3.2E-1,-8.594744111674E-1));
#1896=VERTEX_POINT('',#1895);
#1897=CARTESIAN_POINT('',(2.29E0,3.2E-1,-3.5E-1));
#1898=VERTEX_POINT('',#1897);
#1899=CARTESIAN_POINT('',(2.29E0,4.37E0,-3.5E-1));
#1900=VERTEX_POINT('',#1899);
#1901=CARTESIAN_POINT('',(2.29E0,4.37E0,3.5E-1));
#1902=VERTEX_POINT('',#1901);
#1903=CARTESIAN_POINT('',(2.29E0,3.2E-1,3.5E-1));
#1904=VERTEX_POINT('',#1903);
#1905=CARTESIAN_POINT('',(2.29E0,3.2E-1,8.594744111674E-1));
#1906=VERTEX_POINT('',#1905);
#1907=CARTESIAN_POINT('',(2.79E0,3.2E-1,-8.594744111674E-1));
#1908=VERTEX_POINT('',#1907);
#1909=CARTESIAN_POINT('',(2.79E0,3.2E-1,8.594744111674E-1));
#1910=VERTEX_POINT('',#1909);
#1911=CARTESIAN_POINT('',(2.79E0,3.2E-1,3.5E-1));
#1912=VERTEX_POINT('',#1911);
#1913=CARTESIAN_POINT('',(2.79E0,4.37E0,3.5E-1));
#1914=VERTEX_POINT('',#1913);
#1915=CARTESIAN_POINT('',(2.79E0,4.37E0,-3.5E-1));
#1916=VERTEX_POINT('',#1915);
#1917=CARTESIAN_POINT('',(2.79E0,3.2E-1,-3.5E-1));
#1918=VERTEX_POINT('',#1917);
#1919=CARTESIAN_POINT('',(-2.5E-1,3.2E-1,-8.594744111674E-1));
#1920=VERTEX_POINT('',#1919);
#1921=CARTESIAN_POINT('',(-2.5E-1,3.2E-1,-3.5E-1));
#1922=VERTEX_POINT('',#1921);
#1923=CARTESIAN_POINT('',(-2.5E-1,4.37E0,-3.5E-1));
#1924=VERTEX_POINT('',#1923);
#1925=CARTESIAN_POINT('',(-2.5E-1,4.37E0,3.5E-1));
#1926=VERTEX_POINT('',#1925);
#1927=CARTESIAN_POINT('',(-2.5E-1,3.2E-1,3.5E-1));
#1928=VERTEX_POINT('',#1927);
#1929=CARTESIAN_POINT('',(-2.5E-1,3.2E-1,8.594744111674E-1));
#1930=VERTEX_POINT('',#1929);
#1931=CARTESIAN_POINT('',(2.5E-1,3.2E-1,-8.594744111674E-1));
#1932=VERTEX_POINT('',#1931);
#1933=CARTESIAN_POINT('',(2.5E-1,3.2E-1,8.594744111674E-1));
#1934=VERTEX_POINT('',#1933);
#1935=CARTESIAN_POINT('',(2.5E-1,3.2E-1,3.5E-1));
#1936=VERTEX_POINT('',#1935);
#1937=CARTESIAN_POINT('',(2.5E-1,4.37E0,3.5E-1));
#1938=VERTEX_POINT('',#1937);
#1939=CARTESIAN_POINT('',(2.5E-1,4.37E0,-3.5E-1));
#1940=VERTEX_POINT('',#1939);
#1941=CARTESIAN_POINT('',(2.5E-1,3.2E-1,-3.5E-1));
#1942=VERTEX_POINT('',#1941);
#1943=CARTESIAN_POINT('',(-2.79E0,3.2E-1,-8.594744111674E-1));
#1944=VERTEX_POINT('',#1943);
#1945=CARTESIAN_POINT('',(-2.79E0,3.2E-1,-3.5E-1));
#1946=VERTEX_POINT('',#1945);
#1947=CARTESIAN_POINT('',(-2.79E0,4.37E0,-3.5E-1));
#1948=VERTEX_POINT('',#1947);
#1949=CARTESIAN_POINT('',(-2.79E0,4.37E0,3.5E-1));
#1950=VERTEX_POINT('',#1949);
#1951=CARTESIAN_POINT('',(-2.79E0,3.2E-1,3.5E-1));
#1952=VERTEX_POINT('',#1951);
#1953=CARTESIAN_POINT('',(-2.79E0,3.2E-1,8.594744111674E-1));
#1954=VERTEX_POINT('',#1953);
#1955=CARTESIAN_POINT('',(-2.29E0,3.2E-1,-8.594744111674E-1));
#1956=VERTEX_POINT('',#1955);
#1957=CARTESIAN_POINT('',(-2.29E0,3.2E-1,8.594744111674E-1));
#1958=VERTEX_POINT('',#1957);
#1959=CARTESIAN_POINT('',(-2.29E0,3.2E-1,3.5E-1));
#1960=VERTEX_POINT('',#1959);
#1961=CARTESIAN_POINT('',(-2.29E0,4.37E0,3.5E-1));
#1962=VERTEX_POINT('',#1961);
#1963=CARTESIAN_POINT('',(-2.29E0,4.37E0,-3.5E-1));
#1964=VERTEX_POINT('',#1963);
#1965=CARTESIAN_POINT('',(-2.29E0,3.2E-1,-3.5E-1));
#1966=VERTEX_POINT('',#1965);
#1967=CARTESIAN_POINT('',(0.E0,4.2E-1,0.E0));
#1968=DIRECTION('',(0.E0,-1.E0,0.E0));
#1969=DIRECTION('',(1.E0,0.E0,0.E0));
#1970=AXIS2_PLACEMENT_3D('',#1967,#1968,#1969);
#1971=PLANE('',#1970);
#1973=ORIENTED_EDGE('',*,*,#1972,.F.);
#1975=ORIENTED_EDGE('',*,*,#1974,.T.);
#1977=ORIENTED_EDGE('',*,*,#1976,.F.);
#1979=ORIENTED_EDGE('',*,*,#1978,.T.);
#1981=ORIENTED_EDGE('',*,*,#1980,.F.);
#1983=ORIENTED_EDGE('',*,*,#1982,.F.);
#1985=ORIENTED_EDGE('',*,*,#1984,.T.);
#1987=ORIENTED_EDGE('',*,*,#1986,.T.);
#1989=ORIENTED_EDGE('',*,*,#1988,.F.);
#1991=ORIENTED_EDGE('',*,*,#1990,.T.);
#1993=ORIENTED_EDGE('',*,*,#1992,.T.);
#1995=ORIENTED_EDGE('',*,*,#1994,.F.);
#1996=EDGE_LOOP('',(#1973,#1975,#1977,#1979,#1981,#1983,#1985,#1987,#1989,#1991,
#1993,#1995));
#1997=FACE_OUTER_BOUND('',#1996,.F.);
#1998=ADVANCED_FACE('',(#1997),#1971,.F.);
#1999=CARTESIAN_POINT('',(0.E0,4.2E-1,-1.9E0));
#2000=DIRECTION('',(0.E0,0.E0,-1.E0));
#2001=DIRECTION('',(1.E0,0.E0,0.E0));
#2002=AXIS2_PLACEMENT_3D('',#1999,#2000,#2001);
#2003=PLANE('',#2002);
#2005=ORIENTED_EDGE('',*,*,#2004,.T.);
#2007=ORIENTED_EDGE('',*,*,#2006,.T.);
#2008=ORIENTED_EDGE('',*,*,#1972,.T.);
#2010=ORIENTED_EDGE('',*,*,#2009,.T.);
#2012=ORIENTED_EDGE('',*,*,#2011,.F.);
#2013=EDGE_LOOP('',(#2005,#2007,#2008,#2010,#2012));
#2014=FACE_OUTER_BOUND('',#2013,.F.);
#2015=ADVANCED_FACE('',(#2014),#2003,.F.);
#2016=CARTESIAN_POINT('',(-3.76E0,1.12E0,-1.9E0));
#2017=CARTESIAN_POINT('',(-3.929878066912E0,1.12E0,-1.9E0));
#2018=CARTESIAN_POINT('',(-4.05E0,1.12E0,-2.020121933088E0));
#2019=CARTESIAN_POINT('',(-4.05E0,1.12E0,-2.19E0));
#2020=CARTESIAN_POINT('',(-3.76E0,1.130466715118E0,-1.9E0));
#2021=CARTESIAN_POINT('',(-3.929878066912E0,1.308273248227E0,-1.9E0));
#2022=CARTESIAN_POINT('',(-4.05E0,1.434001453528E0,-2.020121933088E0));
#2023=CARTESIAN_POINT('',(-4.05E0,1.434001453528E0,-2.19E0));
#2024=CARTESIAN_POINT('',(-3.750330015922E0,1.134472153083E0,-1.9E0));
#2025=CARTESIAN_POINT('',(-3.755936262616E0,1.380322292054E0,-1.9E0));
#2026=CARTESIAN_POINT('',(-3.759900477670E0,1.554164592476E0,
-2.020121933088E0));
#2027=CARTESIAN_POINT('',(-3.759900477670E0,1.554164592476E0,-2.19E0));
#2028=CARTESIAN_POINT('',(-3.742928931454E0,1.127071067078E0,-1.9E0));
#2029=CARTESIAN_POINT('',(-3.622806985897E0,1.247192987697E0,-1.9E0));
#2030=CARTESIAN_POINT('',(-3.537867943624E0,1.332132012336E0,
-2.020121933088E0));
#2031=CARTESIAN_POINT('',(-3.537867943624E0,1.332132012336E0,-2.19E0));
#2032=(BOUNDED_SURFACE()B_SPLINE_SURFACE(3,3,((#2016,#2017,#2018,#2019),(#2020,
#2021,#2022,#2023),(#2024,#2025,#2026,#2027),(#2028,#2029,#2030,#2031)),
.UNSPECIFIED.,.F.,.F.,.F.)B_SPLINE_SURFACE_WITH_KNOTS((4,4),(4,4),(0.E0,1.E0),(
0.E0,1.E0),.UNSPECIFIED.)GEOMETRIC_REPRESENTATION_ITEM()RATIONAL_B_SPLINE_SURFACE(((1.694636513983E0,1.363738151783E0,1.363738151783E0,1.694636513983E0),(
9.972183290109E-1,8.024993381817E-1,8.024993381817E-1,9.972183290109E-1),(
9.972183290109E-1,8.024993381817E-1,8.024993381817E-1,9.972183290109E-1),(
1.694636513983E0,1.363738151783E0,1.363738151783E0,1.694636513983E0)))REPRESENTATION_ITEM('')SURFACE());
#2033=ORIENTED_EDGE('',*,*,#2004,.F.);
#2035=ORIENTED_EDGE('',*,*,#2034,.T.);
#2037=ORIENTED_EDGE('',*,*,#2036,.T.);
#2039=ORIENTED_EDGE('',*,*,#2038,.T.);
#2040=EDGE_LOOP('',(#2033,#2035,#2037,#2039));
#2041=FACE_OUTER_BOUND('',#2040,.F.);
#2042=ADVANCED_FACE('',(#2041),#2032,.T.);
#2043=CARTESIAN_POINT('',(-3.76E0,1.157341592459E0,-2.19E0));
#2044=DIRECTION('',(0.E0,-1.E0,0.E0));
#2045=DIRECTION('',(0.E0,0.E0,1.E0));
#2046=AXIS2_PLACEMENT_3D('',#2043,#2044,#2045);
#2047=CYLINDRICAL_SURFACE('',#2046,2.9E-1);
#2048=ORIENTED_EDGE('',*,*,#2011,.T.);
#2050=ORIENTED_EDGE('',*,*,#2049,.T.);
#2052=ORIENTED_EDGE('',*,*,#2051,.T.);
#2053=ORIENTED_EDGE('',*,*,#2034,.F.);
#2054=EDGE_LOOP('',(#2048,#2050,#2052,#2053));
#2055=FACE_OUTER_BOUND('',#2054,.F.);
#2056=ADVANCED_FACE('',(#2055),#2047,.T.);
#2057=CARTESIAN_POINT('',(-3.75E0,1.2E-1,-2.424541182080E0));
#2058=DIRECTION('',(0.E0,0.E0,1.E0));
#2059=DIRECTION('',(0.E0,1.E0,0.E0));
#2060=AXIS2_PLACEMENT_3D('',#2057,#2058,#2059);
#2061=CYLINDRICAL_SURFACE('',#2060,3.E-1);
#2063=ORIENTED_EDGE('',*,*,#2062,.T.);
#2064=ORIENTED_EDGE('',*,*,#2049,.F.);
#2065=ORIENTED_EDGE('',*,*,#2009,.F.);
#2066=ORIENTED_EDGE('',*,*,#1994,.T.);
#2068=ORIENTED_EDGE('',*,*,#2067,.F.);
#2070=ORIENTED_EDGE('',*,*,#2069,.T.);
#2071=EDGE_LOOP('',(#2063,#2064,#2065,#2066,#2068,#2070));
#2072=FACE_OUTER_BOUND('',#2071,.F.);
#2073=ADVANCED_FACE('',(#2072),#2061,.T.);
#2074=CARTESIAN_POINT('',(-4.05E0,1.2E-1,2.695290552767E0));
#2075=DIRECTION('',(-9.998476951564E-1,-1.745240643728E-2,0.E0));
#2076=DIRECTION('',(0.E0,0.E0,1.E0));
#2077=AXIS2_PLACEMENT_3D('',#2074,#2075,#2076);
#2078=PLANE('',#2077);
#2079=ORIENTED_EDGE('',*,*,#2062,.F.);
#2081=ORIENTED_EDGE('',*,*,#2080,.F.);
#2083=ORIENTED_EDGE('',*,*,#2082,.T.);
#2085=ORIENTED_EDGE('',*,*,#2084,.F.);
#2087=ORIENTED_EDGE('',*,*,#2086,.T.);
#2089=ORIENTED_EDGE('',*,*,#2088,.F.);
#2090=EDGE_LOOP('',(#2079,#2081,#2083,#2085,#2087,#2089));
#2091=FACE_OUTER_BOUND('',#2090,.F.);
#2092=ADVANCED_FACE('',(#2091),#2078,.T.);
#2093=CARTESIAN_POINT('',(-4.05E0,1.2E-1,2.5E0));
#2094=DIRECTION('',(-1.E0,0.E0,0.E0));
#2095=DIRECTION('',(0.E0,1.E0,0.E0));
#2096=AXIS2_PLACEMENT_3D('',#2093,#2094,#2095);
#2097=PLANE('',#2096);
#2099=ORIENTED_EDGE('',*,*,#2098,.F.);
#2101=ORIENTED_EDGE('',*,*,#2100,.F.);
#2102=ORIENTED_EDGE('',*,*,#2080,.T.);
#2104=ORIENTED_EDGE('',*,*,#2103,.F.);
#2105=EDGE_LOOP('',(#2099,#2101,#2102,#2104));
#2106=FACE_OUTER_BOUND('',#2105,.F.);
#2107=ADVANCED_FACE('',(#2106),#2097,.T.);
#2108=CARTESIAN_POINT('',(-3.75E0,1.12E0,2.5E0));
#2109=DIRECTION('',(0.E0,0.E0,-1.E0));
#2110=DIRECTION('',(1.E0,0.E0,0.E0));
#2111=AXIS2_PLACEMENT_3D('',#2108,#2109,#2110);
#2112=CYLINDRICAL_SURFACE('',#2111,3.E-1);
#2114=ORIENTED_EDGE('',*,*,#2113,.F.);
#2116=ORIENTED_EDGE('',*,*,#2115,.T.);
#2118=ORIENTED_EDGE('',*,*,#2117,.F.);
#2119=ORIENTED_EDGE('',*,*,#2098,.T.);
#2120=EDGE_LOOP('',(#2114,#2116,#2118,#2119));
#2121=FACE_OUTER_BOUND('',#2120,.F.);
#2122=ADVANCED_FACE('',(#2121),#2112,.T.);
#2123=CARTESIAN_POINT('',(-4.05E0,1.12E0,2.19E0));
#2124=CARTESIAN_POINT('',(-4.05E0,1.12E0,2.020121933088E0));
#2125=CARTESIAN_POINT('',(-3.929878066912E0,1.12E0,1.9E0));
#2126=CARTESIAN_POINT('',(-3.76E0,1.12E0,1.9E0));
#2127=CARTESIAN_POINT('',(-4.05E0,1.434001429721E0,2.19E0));
#2128=CARTESIAN_POINT('',(-4.05E0,1.434001429721E0,2.020121933088E0));
#2129=CARTESIAN_POINT('',(-3.929878066912E0,1.308273233952E0,1.9E0));
#2130=CARTESIAN_POINT('',(-3.76E0,1.130466714324E0,1.9E0));
#2131=CARTESIAN_POINT('',(-3.759900505901E0,1.554164574613E0,2.19E0));
#2132=CARTESIAN_POINT('',(-3.759900505901E0,1.554164574614E0,2.020121933088E0));
#2133=CARTESIAN_POINT('',(-3.755936279543E0,1.380322281344E0,1.9E0));
#2134=CARTESIAN_POINT('',(-3.750330016863E0,1.134472152487E0,1.9E0));
#2135=CARTESIAN_POINT('',(-3.537867965644E0,1.332132034356E0,2.19E0));
#2136=CARTESIAN_POINT('',(-3.537867965644E0,1.332132034356E0,2.020121933088E0));
#2137=CARTESIAN_POINT('',(-3.622806999100E0,1.247193000900E0,1.9E0));
#2138=CARTESIAN_POINT('',(-3.742928932188E0,1.127071067812E0,1.9E0));
#2139=(BOUNDED_SURFACE()B_SPLINE_SURFACE(3,3,((#2123,#2124,#2125,#2126),(#2127,
#2128,#2129,#2130),(#2131,#2132,#2133,#2134),(#2135,#2136,#2137,#2138)),
.UNSPECIFIED.,.F.,.F.,.F.)B_SPLINE_SURFACE_WITH_KNOTS((4,4),(4,4),(0.E0,1.E0),(
0.E0,1.E0),.UNSPECIFIED.)GEOMETRIC_REPRESENTATION_ITEM()RATIONAL_B_SPLINE_SURFACE(((1.694636455215E0,1.363738104490E0,1.363738104490E0,1.694636455215E0),(
9.972183486004E-1,8.024993539460E-1,8.024993539460E-1,9.972183486004E-1),(
9.972183486004E-1,8.024993539460E-1,8.024993539460E-1,9.972183486004E-1),(
1.694636455215E0,1.363738104490E0,1.363738104490E0,1.694636455215E0)))REPRESENTATION_ITEM('')SURFACE());
#2141=ORIENTED_EDGE('',*,*,#2140,.F.);
#2143=ORIENTED_EDGE('',*,*,#2142,.T.);
#2144=ORIENTED_EDGE('',*,*,#2113,.T.);
#2146=ORIENTED_EDGE('',*,*,#2145,.T.);
#2147=EDGE_LOOP('',(#2141,#2143,#2144,#2146));
#2148=FACE_OUTER_BOUND('',#2147,.F.);
#2149=ADVANCED_FACE('',(#2148),#2139,.T.);
#2150=CARTESIAN_POINT('',(0.E0,4.2E-1,1.9E0));
#2151=DIRECTION('',(0.E0,0.E0,-1.E0));
#2152=DIRECTION('',(1.E0,0.E0,0.E0));
#2153=AXIS2_PLACEMENT_3D('',#2150,#2151,#2152);
#2154=PLANE('',#2153);
#2155=ORIENTED_EDGE('',*,*,#2140,.T.);
#2157=ORIENTED_EDGE('',*,*,#2156,.F.);
#2158=ORIENTED_EDGE('',*,*,#2067,.T.);
#2159=ORIENTED_EDGE('',*,*,#1992,.F.);
#2161=ORIENTED_EDGE('',*,*,#2160,.T.);
#2162=EDGE_LOOP('',(#2155,#2157,#2158,#2159,#2161));
#2163=FACE_OUTER_BOUND('',#2162,.F.);
#2164=ADVANCED_FACE('',(#2163),#2154,.T.);
#2165=CARTESIAN_POINT('',(-3.76E0,9.371341157276E-2,2.19E0));
#2166=DIRECTION('',(0.E0,1.E0,0.E0));
#2167=DIRECTION('',(0.E0,0.E0,-1.E0));
#2168=AXIS2_PLACEMENT_3D('',#2165,#2166,#2167);
#2169=CYLINDRICAL_SURFACE('',#2168,2.9E-1);
#2170=ORIENTED_EDGE('',*,*,#2156,.T.);
#2171=ORIENTED_EDGE('',*,*,#2145,.F.);
#2172=ORIENTED_EDGE('',*,*,#2103,.T.);
#2173=ORIENTED_EDGE('',*,*,#2069,.F.);
#2174=EDGE_LOOP('',(#2170,#2171,#2172,#2173));
#2175=FACE_OUTER_BOUND('',#2174,.F.);
#2176=ADVANCED_FACE('',(#2175),#2169,.T.);
#2177=CARTESIAN_POINT('',(-3.761516357119E0,1.145658492743E0,2.19E0));
#2178=DIRECTION('',(7.071067811865E-1,-7.071067811865E-1,0.E0));
#2179=DIRECTION('',(0.E0,0.E0,-1.E0));
#2180=AXIS2_PLACEMENT_3D('',#2177,#2178,#2179);
#2181=CYLINDRICAL_SURFACE('',#2180,2.9E-1);
#2182=ORIENTED_EDGE('',*,*,#2160,.F.);
#2183=ORIENTED_EDGE('',*,*,#1990,.F.);
#2185=ORIENTED_EDGE('',*,*,#2184,.F.);
#2187=ORIENTED_EDGE('',*,*,#2186,.T.);
#2188=ORIENTED_EDGE('',*,*,#2142,.F.);
#2189=EDGE_LOOP('',(#2182,#2183,#2185,#2187,#2188));
#2190=FACE_OUTER_BOUND('',#2189,.F.);
#2191=ADVANCED_FACE('',(#2190),#2181,.T.);
#2192=CARTESIAN_POINT('',(-4.076230377791E0,1.2E-1,2.1E0));
#2193=DIRECTION('',(1.E0,0.E0,0.E0));
#2194=DIRECTION('',(0.E0,1.E0,0.E0));
#2195=AXIS2_PLACEMENT_3D('',#2192,#2193,#2194);
#2196=CYLINDRICAL_SURFACE('',#2195,3.E-1);
#2198=ORIENTED_EDGE('',*,*,#2197,.T.);
#2199=ORIENTED_EDGE('',*,*,#2184,.T.);
#2200=ORIENTED_EDGE('',*,*,#1988,.T.);
#2202=ORIENTED_EDGE('',*,*,#2201,.T.);
#2204=ORIENTED_EDGE('',*,*,#2203,.F.);
#2206=ORIENTED_EDGE('',*,*,#2205,.T.);
#2208=ORIENTED_EDGE('',*,*,#2207,.T.);
#2210=ORIENTED_EDGE('',*,*,#2209,.T.);
#2211=EDGE_LOOP('',(#2198,#2199,#2200,#2202,#2204,#2206,#2208,#2210));
#2212=FACE_OUTER_BOUND('',#2211,.F.);
#2213=ADVANCED_FACE('',(#2212),#2196,.T.);
#2214=CARTESIAN_POINT('',(-3.537867965644E0,1.332132034356E0,2.5E0));
#2215=DIRECTION('',(7.071067811865E-1,7.071067811865E-1,0.E0));
#2216=DIRECTION('',(7.071067811865E-1,-7.071067811865E-1,0.E0));
#2217=AXIS2_PLACEMENT_3D('',#2214,#2215,#2216);
#2218=PLANE('',#2217);
#2219=ORIENTED_EDGE('',*,*,#2186,.F.);
#2220=ORIENTED_EDGE('',*,*,#2197,.F.);
#2222=ORIENTED_EDGE('',*,*,#2221,.F.);
#2223=ORIENTED_EDGE('',*,*,#2115,.F.);
#2224=EDGE_LOOP('',(#2219,#2220,#2222,#2223));
#2225=FACE_OUTER_BOUND('',#2224,.F.);
#2226=ADVANCED_FACE('',(#2225),#2218,.T.);
#2227=CARTESIAN_POINT('',(-2.709107660452E0,9.324979607529E-2,2.21E0));
#2228=DIRECTION('',(-7.071067811865E-1,7.071067811865E-1,0.E0));
#2229=DIRECTION('',(0.E0,0.E0,1.E0));
#2230=AXIS2_PLACEMENT_3D('',#2227,#2228,#2229);
#2231=CYLINDRICAL_SURFACE('',#2230,2.9E-1);
#2233=ORIENTED_EDGE('',*,*,#2232,.F.);
#2235=ORIENTED_EDGE('',*,*,#2234,.F.);
#2236=ORIENTED_EDGE('',*,*,#2221,.T.);
#2237=ORIENTED_EDGE('',*,*,#2209,.F.);
#2239=ORIENTED_EDGE('',*,*,#2238,.F.);
#2240=EDGE_LOOP('',(#2233,#2235,#2236,#2237,#2239));
#2241=FACE_OUTER_BOUND('',#2240,.F.);
#2242=ADVANCED_FACE('',(#2241),#2231,.T.);
#2243=CARTESIAN_POINT('',(0.E0,4.2E-1,2.5E0));
#2244=DIRECTION('',(0.E0,0.E0,-1.E0));
#2245=DIRECTION('',(1.E0,0.E0,0.E0));
#2246=AXIS2_PLACEMENT_3D('',#2243,#2244,#2245);
#2247=PLANE('',#2246);
#2248=ORIENTED_EDGE('',*,*,#2232,.T.);
#2250=ORIENTED_EDGE('',*,*,#2249,.F.);
#2252=ORIENTED_EDGE('',*,*,#2251,.F.);
#2254=ORIENTED_EDGE('',*,*,#2253,.T.);
#2255=EDGE_LOOP('',(#2248,#2250,#2252,#2254));
#2256=FACE_OUTER_BOUND('',#2255,.F.);
#2257=ADVANCED_FACE('',(#2256),#2247,.F.);
#2258=CARTESIAN_POINT('',(4.245290552767E0,1.2E-1,2.5E0));
#2259=DIRECTION('',(0.E0,-1.745240643728E-2,9.998476951564E-1));
#2260=DIRECTION('',(1.E0,0.E0,0.E0));
#2261=AXIS2_PLACEMENT_3D('',#2258,#2259,#2260);
#2262=PLANE('',#2261);
#2264=ORIENTED_EDGE('',*,*,#2263,.T.);
#2266=ORIENTED_EDGE('',*,*,#2265,.T.);
#2268=ORIENTED_EDGE('',*,*,#2267,.T.);
#2270=ORIENTED_EDGE('',*,*,#2269,.F.);
#2272=ORIENTED_EDGE('',*,*,#2271,.T.);
#2273=ORIENTED_EDGE('',*,*,#2249,.T.);
#2274=EDGE_LOOP('',(#2264,#2266,#2268,#2270,#2272,#2273));
#2275=FACE_OUTER_BOUND('',#2274,.F.);
#2276=ADVANCED_FACE('',(#2275),#2262,.T.);
#2277=CARTESIAN_POINT('',(0.E0,1.2E-1,0.E0));
#2278=DIRECTION('',(0.E0,1.E0,0.E0));
#2279=DIRECTION('',(0.E0,0.E0,-1.E0));
#2280=AXIS2_PLACEMENT_3D('',#2277,#2278,#2279);
#2281=PLANE('',#2280);
#2282=ORIENTED_EDGE('',*,*,#2263,.F.);
#2283=ORIENTED_EDGE('',*,*,#2238,.T.);
#2284=ORIENTED_EDGE('',*,*,#2207,.F.);
#2286=ORIENTED_EDGE('',*,*,#2285,.T.);
#2287=EDGE_LOOP('',(#2282,#2283,#2284,#2286));
#2288=FACE_OUTER_BOUND('',#2287,.F.);
#2289=ADVANCED_FACE('',(#2288),#2281,.T.);
#2290=CARTESIAN_POINT('',(3.769333381662E0,1.153475517286E0,2.21E0));
#2291=DIRECTION('',(-7.071067811865E-1,-7.071067811865E-1,0.E0));
#2292=DIRECTION('',(0.E0,0.E0,1.E0));
#2293=AXIS2_PLACEMENT_3D('',#2290,#2291,#2292);
#2294=CYLINDRICAL_SURFACE('',#2293,2.9E-1);
#2296=ORIENTED_EDGE('',*,*,#2295,.F.);
#2297=ORIENTED_EDGE('',*,*,#2285,.F.);
#2298=ORIENTED_EDGE('',*,*,#2205,.F.);
#2300=ORIENTED_EDGE('',*,*,#2299,.T.);
#2302=ORIENTED_EDGE('',*,*,#2301,.F.);
#2303=EDGE_LOOP('',(#2296,#2297,#2298,#2300,#2302));
#2304=FACE_OUTER_BOUND('',#2303,.F.);
#2305=ADVANCED_FACE('',(#2304),#2294,.T.);
#2306=CARTESIAN_POINT('',(0.E0,4.2E-1,2.5E0));
#2307=DIRECTION('',(0.E0,0.E0,-1.E0));
#2308=DIRECTION('',(1.E0,0.E0,0.E0));
#2309=AXIS2_PLACEMENT_3D('',#2306,#2307,#2308);
#2310=PLANE('',#2309);
#2311=ORIENTED_EDGE('',*,*,#2295,.T.);
#2313=ORIENTED_EDGE('',*,*,#2312,.T.);
#2315=ORIENTED_EDGE('',*,*,#2314,.F.);
#2316=ORIENTED_EDGE('',*,*,#2265,.F.);
#2317=EDGE_LOOP('',(#2311,#2313,#2315,#2316));
#2318=FACE_OUTER_BOUND('',#2317,.F.);
#2319=ADVANCED_FACE('',(#2318),#2310,.F.);
#2320=CARTESIAN_POINT('',(3.742928932188E0,1.127071067812E0,2.5E0));
#2321=CARTESIAN_POINT('',(3.622806999096E0,1.247193000896E0,2.5E0));
#2322=CARTESIAN_POINT('',(3.537867965637E0,1.332132034349E0,2.379878066912E0));
#2323=CARTESIAN_POINT('',(3.537867965637E0,1.332132034349E0,2.21E0));
#2324=CARTESIAN_POINT('',(3.750330017425E0,1.134472153048E0,2.5E0));
#2325=CARTESIAN_POINT('',(3.755936289633E0,1.380322291441E0,2.5E0));
#2326=CARTESIAN_POINT('',(3.759900522728E0,1.554164591454E0,2.379878066912E0));
#2327=CARTESIAN_POINT('',(3.759900522728E0,1.554164591454E0,2.21E0));
#2328=CARTESIAN_POINT('',(3.760000001087E0,1.130466714080E0,2.5E0));
#2329=CARTESIAN_POINT('',(3.929878086455E0,1.308273229560E0,2.5E0));
#2330=CARTESIAN_POINT('',(4.050000032594E0,1.434001422396E0,2.379878066912E0));
#2331=CARTESIAN_POINT('',(4.050000032594E0,1.434001422396E0,2.21E0));
#2332=CARTESIAN_POINT('',(3.76E0,1.119999998962E0,2.5E0));
#2333=CARTESIAN_POINT('',(3.929878066912E0,1.119999981328E0,2.5E0));
#2334=CARTESIAN_POINT('',(4.05E0,1.119999968859E0,2.379878066912E0));
#2335=CARTESIAN_POINT('',(4.05E0,1.119999968859E0,2.21E0));
#2336=(BOUNDED_SURFACE()B_SPLINE_SURFACE(3,3,((#2320,#2321,#2322,#2323),(#2324,
#2325,#2326,#2327),(#2328,#2329,#2330,#2331),(#2332,#2333,#2334,#2335)),
.UNSPECIFIED.,.F.,.F.,.F.)B_SPLINE_SURFACE_WITH_KNOTS((4,4),(4,4),(0.E0,1.E0),(
0.E0,1.E0),.UNSPECIFIED.)GEOMETRIC_REPRESENTATION_ITEM()RATIONAL_B_SPLINE_SURFACE(((1.694636514003E0,1.363738151799E0,1.363738151799E0,1.694636514003E0),(
9.972183290043E-1,8.024993381762E-1,8.024993381762E-1,9.972183290043E-1),(
9.972183290043E-1,8.024993381762E-1,8.024993381762E-1,9.972183290043E-1),(
1.694636514003E0,1.363738151799E0,1.363738151799E0,1.694636514003E0)))REPRESENTATION_ITEM('')SURFACE());
#2337=ORIENTED_EDGE('',*,*,#2312,.F.);
#2338=ORIENTED_EDGE('',*,*,#2301,.T.);
#2340=ORIENTED_EDGE('',*,*,#2339,.T.);
#2342=ORIENTED_EDGE('',*,*,#2341,.T.);
#2343=EDGE_LOOP('',(#2337,#2338,#2340,#2342));
#2344=FACE_OUTER_BOUND('',#2343,.F.);
#2345=ADVANCED_FACE('',(#2344),#2336,.T.);
#2346=CARTESIAN_POINT('',(3.75E0,1.12E0,2.5E0));
#2347=DIRECTION('',(0.E0,0.E0,-1.E0));
#2348=DIRECTION('',(1.E0,0.E0,0.E0));
#2349=AXIS2_PLACEMENT_3D('',#2346,#2347,#2348);
#2350=CYLINDRICAL_SURFACE('',#2349,3.E-1);
#2352=ORIENTED_EDGE('',*,*,#2351,.F.);
#2354=ORIENTED_EDGE('',*,*,#2353,.T.);
#2355=ORIENTED_EDGE('',*,*,#2339,.F.);
#2357=ORIENTED_EDGE('',*,*,#2356,.T.);
#2358=EDGE_LOOP('',(#2352,#2354,#2355,#2357));
#2359=FACE_OUTER_BOUND('',#2358,.F.);
#2360=ADVANCED_FACE('',(#2359),#2350,.T.);
#2361=CARTESIAN_POINT('',(3.537867965629E0,1.332132034341E0,2.19E0));
#2362=CARTESIAN_POINT('',(3.537867965629E0,1.332132034341E0,2.020121933088E0));
#2363=CARTESIAN_POINT('',(3.622806999092E0,1.247193000891E0,1.9E0));
#2364=CARTESIAN_POINT('',(3.742928932189E0,1.127071067811E0,1.9E0));
#2365=CARTESIAN_POINT('',(3.759900505891E0,1.554164574634E0,2.190000000001E0));
#2366=CARTESIAN_POINT('',(3.759900505891E0,1.554164574634E0,2.020121933089E0));
#2367=CARTESIAN_POINT('',(3.755936279537E0,1.380322281356E0,1.9E0));
#2368=CARTESIAN_POINT('',(3.750330016864E0,1.134472152487E0,1.9E0));
#2369=CARTESIAN_POINT('',(4.050000000015E0,1.434001429733E0,2.190000000001E0));
#2370=CARTESIAN_POINT('',(4.050000000015E0,1.434001429734E0,2.020121933089E0));
#2371=CARTESIAN_POINT('',(3.929878066921E0,1.308273233960E0,1.9E0));
#2372=CARTESIAN_POINT('',(3.76E0,1.130466714324E0,1.9E0));
#2373=CARTESIAN_POINT('',(4.05E0,1.119999999986E0,2.19E0));
#2374=CARTESIAN_POINT('',(4.05E0,1.119999999986E0,2.020121933088E0));
#2375=CARTESIAN_POINT('',(3.929878066912E0,1.119999999992E0,1.9E0));
#2376=CARTESIAN_POINT('',(3.76E0,1.12E0,1.9E0));
#2377=(BOUNDED_SURFACE()B_SPLINE_SURFACE(3,3,((#2361,#2362,#2363,#2364),(#2365,
#2366,#2367,#2368),(#2369,#2370,#2371,#2372),(#2373,#2374,#2375,#2376)),
.UNSPECIFIED.,.F.,.F.,.F.)B_SPLINE_SURFACE_WITH_KNOTS((4,4),(4,4),(0.E0,1.E0),(
0.E0,1.E0),.UNSPECIFIED.)GEOMETRIC_REPRESENTATION_ITEM()RATIONAL_B_SPLINE_SURFACE(((1.694636455283E0,1.363738104544E0,1.363738104544E0,1.694636455283E0),(
9.972183485783E-1,8.024993539277E-1,8.024993539277E-1,9.972183485783E-1),(
9.972183485783E-1,8.024993539277E-1,8.024993539277E-1,9.972183485783E-1),(
1.694636455283E0,1.363738104544E0,1.363738104544E0,1.694636455283E0)))REPRESENTATION_ITEM('')SURFACE());
#2379=ORIENTED_EDGE('',*,*,#2378,.F.);
#2381=ORIENTED_EDGE('',*,*,#2380,.T.);
#2382=ORIENTED_EDGE('',*,*,#2351,.T.);
#2384=ORIENTED_EDGE('',*,*,#2383,.T.);
#2385=EDGE_LOOP('',(#2379,#2381,#2382,#2384));
#2386=FACE_OUTER_BOUND('',#2385,.F.);
#2387=ADVANCED_FACE('',(#2386),#2377,.T.);
#2388=CARTESIAN_POINT('',(0.E0,4.2E-1,1.9E0));
#2389=DIRECTION('',(0.E0,0.E0,-1.E0));
#2390=DIRECTION('',(1.E0,0.E0,0.E0));
#2391=AXIS2_PLACEMENT_3D('',#2388,#2389,#2390);
#2392=PLANE('',#2391);
#2394=ORIENTED_EDGE('',*,*,#2393,.T.);
#2395=ORIENTED_EDGE('',*,*,#1984,.F.);
#2397=ORIENTED_EDGE('',*,*,#2396,.T.);
#2399=ORIENTED_EDGE('',*,*,#2398,.F.);
#2400=ORIENTED_EDGE('',*,*,#2378,.T.);
#2401=EDGE_LOOP('',(#2394,#2395,#2397,#2399,#2400));
#2402=FACE_OUTER_BOUND('',#2401,.F.);
#2403=ADVANCED_FACE('',(#2402),#2392,.T.);
#2404=CARTESIAN_POINT('',(2.709107682625E0,9.324981824895E-2,2.19E0));
#2405=DIRECTION('',(7.071067811865E-1,7.071067811865E-1,0.E0));
#2406=DIRECTION('',(0.E0,0.E0,-1.E0));
#2407=AXIS2_PLACEMENT_3D('',#2404,#2405,#2406);
#2408=CYLINDRICAL_SURFACE('',#2407,2.9E-1);
#2409=ORIENTED_EDGE('',*,*,#2393,.F.);
#2410=ORIENTED_EDGE('',*,*,#2383,.F.);
#2412=ORIENTED_EDGE('',*,*,#2411,.T.);
#2413=ORIENTED_EDGE('',*,*,#2201,.F.);
#2414=ORIENTED_EDGE('',*,*,#1986,.F.);
#2415=EDGE_LOOP('',(#2409,#2410,#2412,#2413,#2414));
#2416=FACE_OUTER_BOUND('',#2415,.F.);
#2417=ADVANCED_FACE('',(#2416),#2408,.T.);
#2418=CARTESIAN_POINT('',(2.325735931288E0,1.2E-1,2.5E0));
#2419=DIRECTION('',(-7.071067811865E-1,7.071067811865E-1,0.E0));
#2420=DIRECTION('',(7.071067811865E-1,7.071067811865E-1,0.E0));
#2421=AXIS2_PLACEMENT_3D('',#2418,#2419,#2420);
#2422=PLANE('',#2421);
#2423=ORIENTED_EDGE('',*,*,#2411,.F.);
#2424=ORIENTED_EDGE('',*,*,#2356,.F.);
#2425=ORIENTED_EDGE('',*,*,#2299,.F.);
#2426=ORIENTED_EDGE('',*,*,#2203,.T.);
#2427=EDGE_LOOP('',(#2423,#2424,#2425,#2426));
#2428=FACE_OUTER_BOUND('',#2427,.F.);
#2429=ADVANCED_FACE('',(#2428),#2422,.T.);
#2430=CARTESIAN_POINT('',(3.75E0,1.2E-1,2.425464869445E0));
#2431=DIRECTION('',(0.E0,0.E0,-1.E0));
#2432=DIRECTION('',(0.E0,1.E0,0.E0));
#2433=AXIS2_PLACEMENT_3D('',#2430,#2431,#2432);
#2434=CYLINDRICAL_SURFACE('',#2433,3.E-1);
#2436=ORIENTED_EDGE('',*,*,#2435,.F.);
#2438=ORIENTED_EDGE('',*,*,#2437,.T.);
#2440=ORIENTED_EDGE('',*,*,#2439,.T.);
#2442=ORIENTED_EDGE('',*,*,#2441,.F.);
#2443=ORIENTED_EDGE('',*,*,#2396,.F.);
#2444=ORIENTED_EDGE('',*,*,#1982,.T.);
#2445=EDGE_LOOP('',(#2436,#2438,#2440,#2442,#2443,#2444));
#2446=FACE_OUTER_BOUND('',#2445,.F.);
#2447=ADVANCED_FACE('',(#2446),#2434,.T.);
#2448=CARTESIAN_POINT('',(0.E0,4.2E-1,-1.9E0));
#2449=DIRECTION('',(0.E0,0.E0,-1.E0));
#2450=DIRECTION('',(1.E0,0.E0,0.E0));
#2451=AXIS2_PLACEMENT_3D('',#2448,#2449,#2450);
#2452=PLANE('',#2451);
#2454=ORIENTED_EDGE('',*,*,#2453,.T.);
#2456=ORIENTED_EDGE('',*,*,#2455,.T.);
#2458=ORIENTED_EDGE('',*,*,#2457,.F.);
#2459=ORIENTED_EDGE('',*,*,#2435,.T.);
#2460=ORIENTED_EDGE('',*,*,#1980,.T.);
#2461=EDGE_LOOP('',(#2454,#2456,#2458,#2459,#2460));
#2462=FACE_OUTER_BOUND('',#2461,.F.);
#2463=ADVANCED_FACE('',(#2462),#2452,.F.);
#2464=CARTESIAN_POINT('',(3.769333417083E0,1.153475552706E0,-2.19E0));
#2465=DIRECTION('',(-7.071067811865E-1,-7.071067811865E-1,0.E0));
#2466=DIRECTION('',(0.E0,0.E0,1.E0));
#2467=AXIS2_PLACEMENT_3D('',#2464,#2465,#2466);
#2468=CYLINDRICAL_SURFACE('',#2467,2.9E-1);
#2469=ORIENTED_EDGE('',*,*,#2453,.F.);
#2470=ORIENTED_EDGE('',*,*,#1978,.F.);
#2472=ORIENTED_EDGE('',*,*,#2471,.F.);
#2474=ORIENTED_EDGE('',*,*,#2473,.T.);
#2476=ORIENTED_EDGE('',*,*,#2475,.F.);
#2477=EDGE_LOOP('',(#2469,#2470,#2472,#2474,#2476));
#2478=FACE_OUTER_BOUND('',#2477,.F.);
#2479=ADVANCED_FACE('',(#2478),#2468,.T.);
#2480=CARTESIAN_POINT('',(4.074060786536E0,1.2E-1,-2.1E0));
#2481=DIRECTION('',(-1.E0,0.E0,0.E0));
#2482=DIRECTION('',(0.E0,1.E0,0.E0));
#2483=AXIS2_PLACEMENT_3D('',#2480,#2481,#2482);
#2484=CYLINDRICAL_SURFACE('',#2483,3.E-1);
#2486=ORIENTED_EDGE('',*,*,#2485,.F.);
#2488=ORIENTED_EDGE('',*,*,#2487,.T.);
#2490=ORIENTED_EDGE('',*,*,#2489,.T.);
#2492=ORIENTED_EDGE('',*,*,#2491,.T.);
#2494=ORIENTED_EDGE('',*,*,#2493,.T.);
#2495=ORIENTED_EDGE('',*,*,#2471,.T.);
#2496=ORIENTED_EDGE('',*,*,#1976,.T.);
#2498=ORIENTED_EDGE('',*,*,#2497,.T.);
#2499=EDGE_LOOP('',(#2486,#2488,#2490,#2492,#2494,#2495,#2496,#2498));
#2500=FACE_OUTER_BOUND('',#2499,.F.);
#2501=ADVANCED_FACE('',(#2500),#2484,.T.);
#2502=CARTESIAN_POINT('',(-3.537867965644E0,1.332132034356E0,-2.5E0));
#2503=DIRECTION('',(-7.071067811865E-1,-7.071067811865E-1,0.E0));
#2504=DIRECTION('',(7.071067811865E-1,-7.071067811865E-1,0.E0));
#2505=AXIS2_PLACEMENT_3D('',#2502,#2503,#2504);
#2506=PLANE('',#2505);
#2508=ORIENTED_EDGE('',*,*,#2507,.F.);
#2510=ORIENTED_EDGE('',*,*,#2509,.F.);
#2512=ORIENTED_EDGE('',*,*,#2511,.F.);
#2513=ORIENTED_EDGE('',*,*,#2485,.T.);
#2514=EDGE_LOOP('',(#2508,#2510,#2512,#2513));
#2515=FACE_OUTER_BOUND('',#2514,.F.);
#2516=ADVANCED_FACE('',(#2515),#2506,.F.);
#2517=CARTESIAN_POINT('',(-2.709107638278E0,9.324977390160E-2,-2.19E0));
#2518=DIRECTION('',(-7.071067811865E-1,7.071067811865E-1,0.E0));
#2519=DIRECTION('',(0.E0,0.E0,1.E0));
#2520=AXIS2_PLACEMENT_3D('',#2517,#2518,#2519);
#2521=CYLINDRICAL_SURFACE('',#2520,2.9E-1);
#2522=ORIENTED_EDGE('',*,*,#2006,.F.);
#2523=ORIENTED_EDGE('',*,*,#2038,.F.);
#2524=ORIENTED_EDGE('',*,*,#2507,.T.);
#2525=ORIENTED_EDGE('',*,*,#2497,.F.);
#2526=ORIENTED_EDGE('',*,*,#1974,.F.);
#2527=EDGE_LOOP('',(#2522,#2523,#2524,#2525,#2526));
#2528=FACE_OUTER_BOUND('',#2527,.F.);
#2529=ADVANCED_FACE('',(#2528),#2521,.T.);
#2530=CARTESIAN_POINT('',(-3.75E0,1.12E0,-2.5E0));
#2531=DIRECTION('',(0.E0,0.E0,-1.E0));
#2532=DIRECTION('',(1.E0,0.E0,0.E0));
#2533=AXIS2_PLACEMENT_3D('',#2530,#2531,#2532);
#2534=CYLINDRICAL_SURFACE('',#2533,3.E-1);
#2535=ORIENTED_EDGE('',*,*,#2036,.F.);
#2537=ORIENTED_EDGE('',*,*,#2536,.T.);
#2539=ORIENTED_EDGE('',*,*,#2538,.F.);
#2540=ORIENTED_EDGE('',*,*,#2509,.T.);
#2541=EDGE_LOOP('',(#2535,#2537,#2539,#2540));
#2542=FACE_OUTER_BOUND('',#2541,.F.);
#2543=ADVANCED_FACE('',(#2542),#2534,.T.);
#2544=CARTESIAN_POINT('',(-4.05E0,1.2E-1,-2.5E0));
#2545=DIRECTION('',(1.E0,0.E0,0.E0));
#2546=DIRECTION('',(0.E0,1.E0,0.E0));
#2547=AXIS2_PLACEMENT_3D('',#2544,#2545,#2546);
#2548=PLANE('',#2547);
#2549=ORIENTED_EDGE('',*,*,#2536,.F.);
#2550=ORIENTED_EDGE('',*,*,#2051,.F.);
#2551=ORIENTED_EDGE('',*,*,#2088,.T.);
#2553=ORIENTED_EDGE('',*,*,#2552,.F.);
#2554=EDGE_LOOP('',(#2549,#2550,#2551,#2553));
#2555=FACE_OUTER_BOUND('',#2554,.F.);
#2556=ADVANCED_FACE('',(#2555),#2548,.F.);
#2557=CARTESIAN_POINT('',(-3.76E0,9.371338978337E-2,-2.21E0));
#2558=DIRECTION('',(0.E0,1.E0,0.E0));
#2559=DIRECTION('',(0.E0,0.E0,-1.E0));
#2560=AXIS2_PLACEMENT_3D('',#2557,#2558,#2559);
#2561=CYLINDRICAL_SURFACE('',#2560,2.9E-1);
#2563=ORIENTED_EDGE('',*,*,#2562,.T.);
#2565=ORIENTED_EDGE('',*,*,#2564,.F.);
#2566=ORIENTED_EDGE('',*,*,#2552,.T.);
#2568=ORIENTED_EDGE('',*,*,#2567,.T.);
#2569=EDGE_LOOP('',(#2563,#2565,#2566,#2568));
#2570=FACE_OUTER_BOUND('',#2569,.F.);
#2571=ADVANCED_FACE('',(#2570),#2561,.T.);
#2572=CARTESIAN_POINT('',(0.E0,4.2E-1,-2.5E0));
#2573=DIRECTION('',(0.E0,0.E0,-1.E0));
#2574=DIRECTION('',(1.E0,0.E0,0.E0));
#2575=AXIS2_PLACEMENT_3D('',#2572,#2573,#2574);
#2576=PLANE('',#2575);
#2578=ORIENTED_EDGE('',*,*,#2577,.T.);
#2580=ORIENTED_EDGE('',*,*,#2579,.T.);
#2581=ORIENTED_EDGE('',*,*,#2562,.F.);
#2583=ORIENTED_EDGE('',*,*,#2582,.T.);
#2584=EDGE_LOOP('',(#2578,#2580,#2581,#2583));
#2585=FACE_OUTER_BOUND('',#2584,.F.);
#2586=ADVANCED_FACE('',(#2585),#2576,.T.);
#2587=CARTESIAN_POINT('',(-3.761516372527E0,1.145658508150E0,-2.21E0));
#2588=DIRECTION('',(7.071067811865E-1,-7.071067811865E-1,0.E0));
#2589=DIRECTION('',(0.E0,0.E0,-1.E0));
#2590=AXIS2_PLACEMENT_3D('',#2587,#2588,#2589);
#2591=CYLINDRICAL_SURFACE('',#2590,2.9E-1);
#2592=ORIENTED_EDGE('',*,*,#2577,.F.);
#2594=ORIENTED_EDGE('',*,*,#2593,.F.);
#2595=ORIENTED_EDGE('',*,*,#2487,.F.);
#2596=ORIENTED_EDGE('',*,*,#2511,.T.);
#2598=ORIENTED_EDGE('',*,*,#2597,.F.);
#2599=EDGE_LOOP('',(#2592,#2594,#2595,#2596,#2598));
#2600=FACE_OUTER_BOUND('',#2599,.F.);
#2601=ADVANCED_FACE('',(#2600),#2591,.T.);
#2602=CARTESIAN_POINT('',(0.E0,1.2E-1,0.E0));
#2603=DIRECTION('',(0.E0,1.E0,0.E0));
#2604=DIRECTION('',(0.E0,0.E0,-1.E0));
#2605=AXIS2_PLACEMENT_3D('',#2602,#2603,#2604);
#2606=PLANE('',#2605);
#2607=ORIENTED_EDGE('',*,*,#2489,.F.);
#2608=ORIENTED_EDGE('',*,*,#2593,.T.);
#2610=ORIENTED_EDGE('',*,*,#2609,.F.);
#2612=ORIENTED_EDGE('',*,*,#2611,.T.);
#2613=EDGE_LOOP('',(#2607,#2608,#2610,#2612));
#2614=FACE_OUTER_BOUND('',#2613,.F.);
#2615=ADVANCED_FACE('',(#2614),#2606,.T.);
#2616=CARTESIAN_POINT('',(-4.245290552767E0,1.2E-1,-2.5E0));
#2617=DIRECTION('',(0.E0,-1.745240643728E-2,-9.998476951564E-1));
#2618=DIRECTION('',(-1.E0,0.E0,0.E0));
#2619=AXIS2_PLACEMENT_3D('',#2616,#2617,#2618);
#2620=PLANE('',#2619);
#2621=ORIENTED_EDGE('',*,*,#2609,.T.);
#2622=ORIENTED_EDGE('',*,*,#2582,.F.);
#2624=ORIENTED_EDGE('',*,*,#2623,.T.);
#2626=ORIENTED_EDGE('',*,*,#2625,.F.);
#2628=ORIENTED_EDGE('',*,*,#2627,.T.);
#2630=ORIENTED_EDGE('',*,*,#2629,.F.);
#2631=EDGE_LOOP('',(#2621,#2622,#2624,#2626,#2628,#2630));
#2632=FACE_OUTER_BOUND('',#2631,.F.);
#2633=ADVANCED_FACE('',(#2632),#2620,.T.);
#2634=CARTESIAN_POINT('',(-3.645223199307E0,-6.453027716133E0,
-2.095223199307E0));
#2635=DIRECTION('',(-1.744974916068E-2,9.996954598819E-1,-1.744974916068E-2));
#2636=DIRECTION('',(0.E0,-1.745240643728E-2,-9.998476951564E-1));
#2637=AXIS2_PLACEMENT_3D('',#2634,#2635,#2636);
#2638=CYLINDRICAL_SURFACE('',#2637,2.9E-1);
#2639=ORIENTED_EDGE('',*,*,#2623,.F.);
#2640=ORIENTED_EDGE('',*,*,#2567,.F.);
#2641=ORIENTED_EDGE('',*,*,#2086,.F.);
#2643=ORIENTED_EDGE('',*,*,#2642,.T.);
#2644=EDGE_LOOP('',(#2639,#2640,#2641,#2643));
#2645=FACE_OUTER_BOUND('',#2644,.F.);
#2646=ADVANCED_FACE('',(#2645),#2638,.T.);
#2647=CARTESIAN_POINT('',(-3.635496274788E0,-6.729999944074E0,
-2.085750977826E0));
#2648=CARTESIAN_POINT('',(-3.636404254323E0,-6.729939055488E0,
-2.112989989012E0));
#2649=CARTESIAN_POINT('',(-3.638206949496E0,-6.722588436634E0,
-2.167113339056E0));
#2650=CARTESIAN_POINT('',(-3.640735811967E0,-6.689756972856E0,
-2.243172764828E0));
#2651=CARTESIAN_POINT('',(-3.642876280694E0,-6.637292466353E0,
-2.307717470103E0));
#2652=CARTESIAN_POINT('',(-3.644456211725E0,-6.569351705718E0,
-2.355551339921E0));
#2653=CARTESIAN_POINT('',(-3.645265784367E0,-6.499571102007E0,
-2.380199307251E0));
#2654=CARTESIAN_POINT('',(-3.645431113697E0,-6.453765094482E0,
-2.385242450314E0));
#2655=CARTESIAN_POINT('',(-3.645441835023E0,-6.435232394862E0,
-2.385570802047E0));
#2656=CARTESIAN_POINT('',(-3.755648111240E0,-6.730105471984E0,
-1.965599141374E0));
#2657=CARTESIAN_POINT('',(-3.756545474113E0,-6.740953971697E0,
-1.992878105979E0));
#2658=CARTESIAN_POINT('',(-3.759832005189E0,-6.755283397987E0,
-2.051433615953E0));
#2659=CARTESIAN_POINT('',(-3.769099094833E0,-6.749238731E0,-2.147043824168E0));
#2660=CARTESIAN_POINT('',(-3.782638392996E0,-6.710743062725E0,
-2.241613887166E0));
#2661=CARTESIAN_POINT('',(-3.799085970691E0,-6.636579865990E0,
-2.324192004409E0));
#2662=CARTESIAN_POINT('',(-3.812081297190E0,-6.538741005411E0,
-2.374025633749E0));
#2663=CARTESIAN_POINT('',(-3.815060507888E0,-6.467222706148E0,
-2.384930125281E0));
#2664=CARTESIAN_POINT('',(-3.815294517074E0,-6.438192777291E0,
-2.385624670503E0));
#2665=CARTESIAN_POINT('',(-3.840647669792E0,-6.610009209107E0,
-1.880599582822E0));
#2666=CARTESIAN_POINT('',(-3.841537522072E0,-6.628595145154E0,
-1.896995673754E0));
#2667=CARTESIAN_POINT('',(-3.845873769908E0,-6.661197014161E0,
-1.937004593650E0));
#2668=CARTESIAN_POINT('',(-3.859907714161E0,-6.687242167279E0,
-2.015970302380E0));
#2669=CARTESIAN_POINT('',(-3.881510937924E0,-6.679638295727E0,
-2.105913942512E0));
#2670=CARTESIAN_POINT('',(-3.908476402325E0,-6.628290781288E0,
-2.193895792407E0));
#2671=CARTESIAN_POINT('',(-3.930092351937E0,-6.538566445472E0,
-2.251662708091E0));
#2672=CARTESIAN_POINT('',(-3.935062199495E0,-6.467217796126E0,
-2.264691101342E0));
#2673=CARTESIAN_POINT('',(-3.935454170223E0,-6.438189858590E0,
-2.265513021270E0));
#2674=CARTESIAN_POINT('',(-3.840684415157E0,-6.440088689062E0,
-1.880562837457E0));
#2675=CARTESIAN_POINT('',(-3.841574264190E0,-6.458705899510E0,
-1.881530693414E0));
#2676=CARTESIAN_POINT('',(-3.845910965819E0,-6.495464786652E0,
-1.890882748570E0));
#2677=CARTESIAN_POINT('',(-3.859946970786E0,-6.540097848665E0,
-1.926762508505E0));
#2678=CARTESIAN_POINT('',(-3.881553680590E0,-6.562205850587E0,
-1.980139072577E0));
#2679=CARTESIAN_POINT('',(-3.908523691880E0,-6.549341933493E0,
-2.041017502822E0));
#2680=CARTESIAN_POINT('',(-3.930143368193E0,-6.499149716356E0,
-2.084816349429E0));
#2681=CARTESIAN_POINT('',(-3.935114076304E0,-6.453753241873E0,
-2.094986571430E0));
#2682=CARTESIAN_POINT('',(-3.935506115319E0,-6.435225349177E0,
-2.095622404516E0));
#2683=(BOUNDED_SURFACE()B_SPLINE_SURFACE(3,3,((#2647,#2648,#2649,#2650,#2651,
#2652,#2653,#2654,#2655),(#2656,#2657,#2658,#2659,#2660,#2661,#2662,#2663,
#2664),(#2665,#2666,#2667,#2668,#2669,#2670,#2671,#2672,#2673),(#2674,#2675,
#2676,#2677,#2678,#2679,#2680,#2681,#2682)),.UNSPECIFIED.,.F.,.F.,.F.)B_SPLINE_SURFACE_WITH_KNOTS((4,4),(4,1,1,1,1,1,4),(0.E0,1.000000017695E0),(0.E0,
1.650985072852E-1,3.326707058986E-1,5.005270485487E-1,6.685850496957E-1,
8.352571577177E-1,9.485087774318E-1),.UNSPECIFIED.)GEOMETRIC_REPRESENTATION_ITEM()RATIONAL_B_SPLINE_SURFACE(((1.171649365014E0,1.171649365014E0,1.171649365014E0,
1.171649365014E0,1.171649365014E0,1.171649365014E0,1.171649365014E0,
1.171649365014E0,1.171649365014E0),(9.427835409455E-1,9.427835409455E-1,
9.427835409455E-1,9.427835409455E-1,9.427835409455E-1,9.427835409455E-1,
9.427835409455E-1,9.427835409455E-1,9.427835409455E-1),(9.427835449954E-1,
9.427835449954E-1,9.427835449954E-1,9.427835449954E-1,9.427835449954E-1,
9.427835449954E-1,9.427835449954E-1,9.427835449954E-1,9.427835449954E-1),(
1.171649377164E0,1.171649377164E0,1.171649377164E0,1.171649377164E0,
1.171649377164E0,1.171649377164E0,1.171649377164E0,1.171649377164E0,
1.171649377164E0)))REPRESENTATION_ITEM('')SURFACE());
#2685=ORIENTED_EDGE('',*,*,#2684,.F.);
#2686=ORIENTED_EDGE('',*,*,#2642,.F.);
#2688=ORIENTED_EDGE('',*,*,#2687,.T.);
#2689=EDGE_LOOP('',(#2685,#2686,#2688));
#2690=FACE_OUTER_BOUND('',#2689,.F.);
#2691=ADVANCED_FACE('',(#2690),#2683,.T.);
#2692=CARTESIAN_POINT('',(-3.956663183032E0,-6.43E0,-2.085623626307E0));
#2693=DIRECTION('',(1.E0,0.E0,0.E0));
#2694=DIRECTION('',(0.E0,-1.E0,0.E0));
#2695=AXIS2_PLACEMENT_3D('',#2692,#2693,#2694);
#2696=CYLINDRICAL_SURFACE('',#2695,3.E-1);
#2697=ORIENTED_EDGE('',*,*,#2684,.T.);
#2699=ORIENTED_EDGE('',*,*,#2698,.T.);
#2701=ORIENTED_EDGE('',*,*,#2700,.T.);
#2703=ORIENTED_EDGE('',*,*,#2702,.T.);
#2705=ORIENTED_EDGE('',*,*,#2704,.T.);
#2707=ORIENTED_EDGE('',*,*,#2706,.T.);
#2709=ORIENTED_EDGE('',*,*,#2708,.F.);
#2710=ORIENTED_EDGE('',*,*,#2625,.T.);
#2711=EDGE_LOOP('',(#2697,#2699,#2701,#2703,#2705,#2707,#2709,#2710));
#2712=FACE_OUTER_BOUND('',#2711,.F.);
#2713=ADVANCED_FACE('',(#2712),#2696,.T.);
#2714=CARTESIAN_POINT('',(0.E0,-6.73E0,0.E0));
#2715=DIRECTION('',(0.E0,-1.E0,0.E0));
#2716=DIRECTION('',(1.E0,0.E0,0.E0));
#2717=AXIS2_PLACEMENT_3D('',#2714,#2715,#2716);
#2718=PLANE('',#2717);
#2719=ORIENTED_EDGE('',*,*,#2698,.F.);
#2721=ORIENTED_EDGE('',*,*,#2720,.F.);
#2723=ORIENTED_EDGE('',*,*,#2722,.F.);
#2725=ORIENTED_EDGE('',*,*,#2724,.T.);
#2726=EDGE_LOOP('',(#2719,#2721,#2723,#2725));
#2727=FACE_OUTER_BOUND('',#2726,.F.);
#2728=ADVANCED_FACE('',(#2727),#2718,.T.);
#2729=CARTESIAN_POINT('',(-3.635623626307E0,-6.43E0,2.405897674687E0));
#2730=DIRECTION('',(0.E0,0.E0,-1.E0));
#2731=DIRECTION('',(0.E0,-1.E0,0.E0));
#2732=AXIS2_PLACEMENT_3D('',#2729,#2730,#2731);
#2733=CYLINDRICAL_SURFACE('',#2732,3.E-1);
#2734=ORIENTED_EDGE('',*,*,#2687,.F.);
#2735=ORIENTED_EDGE('',*,*,#2084,.T.);
#2737=ORIENTED_EDGE('',*,*,#2736,.T.);
#2738=ORIENTED_EDGE('',*,*,#2720,.T.);
#2739=EDGE_LOOP('',(#2734,#2735,#2737,#2738));
#2740=FACE_OUTER_BOUND('',#2739,.F.);
#2741=ADVANCED_FACE('',(#2740),#2733,.T.);
#2742=CARTESIAN_POINT('',(-3.635750977791E0,-6.729999944074E0,
2.085496274823E0));
#2743=CARTESIAN_POINT('',(-3.662989987736E0,-6.729939055501E0,
2.086404254316E0));
#2744=CARTESIAN_POINT('',(-3.717113335396E0,-6.722588437307E0,
2.088206949411E0));
#2745=CARTESIAN_POINT('',(-3.793172758410E0,-6.689756976369E0,
2.090735811792E0));
#2746=CARTESIAN_POINT('',(-3.857717462497E0,-6.637292474044E0,
2.092876280484E0));
#2747=CARTESIAN_POINT('',(-3.905551333116E0,-6.569351718216E0,
2.094456211545E0));
#2748=CARTESIAN_POINT('',(-3.930199305285E0,-6.499571112469E0,
2.095265784351E0));
#2749=CARTESIAN_POINT('',(-3.935242450214E0,-6.453765100270E0,
2.095431113743E0));
#2750=CARTESIAN_POINT('',(-3.935570802053E0,-6.435232394863E0,
2.095441835072E0));
#2751=CARTESIAN_POINT('',(-3.515599141355E0,-6.730105471955E0,
2.205648111258E0));
#2752=CARTESIAN_POINT('',(-3.542878104710E0,-6.740953971183E0,
2.206545474092E0));
#2753=CARTESIAN_POINT('',(-3.601433611900E0,-6.755283397174E0,
2.209832004955E0));
#2754=CARTESIAN_POINT('',(-3.697043815676E0,-6.749238732413E0,
2.219099093912E0));
#2755=CARTESIAN_POINT('',(-3.791613875269E0,-6.710743069450E0,
2.232638391071E0));
#2756=CARTESIAN_POINT('',(-3.874191991695E0,-6.636579881263E0,
2.249085967839E0));
#2757=CARTESIAN_POINT('',(-3.924025629390E0,-6.538741021585E0,
2.262081295909E0));
#2758=CARTESIAN_POINT('',(-3.934930125039E0,-6.467222715192E0,
2.265060507881E0));
#2759=CARTESIAN_POINT('',(-3.935624670481E0,-6.438192777287E0,
2.265294517154E0));
#2760=CARTESIAN_POINT('',(-3.430599582822E0,-6.610009209083E0,
2.290647669791E0));
#2761=CARTESIAN_POINT('',(-3.446995672997E0,-6.628595144287E0,
2.291537522034E0));
#2762=CARTESIAN_POINT('',(-3.487004590786E0,-6.661197012055E0,
2.295873769563E0));
#2763=CARTESIAN_POINT('',(-3.565970295E0,-6.687242165825E0,2.309907712704E0));
#2764=CARTESIAN_POINT('',(-3.655913930644E0,-6.679638298713E0,
2.331510934779E0));
#2765=CARTESIAN_POINT('',(-3.743895778262E0,-6.628290793532E0,
2.358476397573E0));
#2766=CARTESIAN_POINT('',(-3.801662702855E0,-6.538566461504E0,
2.380092349752E0));
#2767=CARTESIAN_POINT('',(-3.814691101065E0,-6.467217805154E0,
2.385062199438E0));
#2768=CARTESIAN_POINT('',(-3.815513021251E0,-6.438189858582E0,
2.385454170314E0));
#2769=CARTESIAN_POINT('',(-3.430562837457E0,-6.440088689061E0,
2.290684415156E0));
#2770=CARTESIAN_POINT('',(-3.431530693363E0,-6.458705898661E0,
2.291574264152E0));
#2771=CARTESIAN_POINT('',(-3.440882747767E0,-6.495464784192E0,
2.295910965474E0));
#2772=CARTESIAN_POINT('',(-3.476762504758E0,-6.540097845250E0,
2.309946969329E0));
#2773=CARTESIAN_POINT('',(-3.530139065024E0,-6.562205849243E0,
2.331553677444E0));
#2774=CARTESIAN_POINT('',(-3.591017492548E0,-6.549341938678E0,
2.358523687126E0));
#2775=CARTESIAN_POINT('',(-3.634816345329E0,-6.499149726471E0,
2.380143366008E0));
#2776=CARTESIAN_POINT('',(-3.644986571233E0,-6.453753247625E0,
2.385114076247E0));
#2777=CARTESIAN_POINT('',(-3.645622404517E0,-6.435225349169E0,
2.385506115410E0));
#2778=(BOUNDED_SURFACE()B_SPLINE_SURFACE(3,3,((#2742,#2743,#2744,#2745,#2746,
#2747,#2748,#2749,#2750),(#2751,#2752,#2753,#2754,#2755,#2756,#2757,#2758,
#2759),(#2760,#2761,#2762,#2763,#2764,#2765,#2766,#2767,#2768),(#2769,#2770,
#2771,#2772,#2773,#2774,#2775,#2776,#2777)),.UNSPECIFIED.,.F.,.F.,.F.)B_SPLINE_SURFACE_WITH_KNOTS((4,4),(4,1,1,1,1,1,4),(0.E0,1.000000017697E0),(0.E0,
1.650985069168E-1,3.326707052423E-1,5.005270482750E-1,6.685850495993E-1,
8.352571578674E-1,9.485088178877E-1),.UNSPECIFIED.)GEOMETRIC_REPRESENTATION_ITEM()RATIONAL_B_SPLINE_SURFACE(((1.171649364973E0,1.171649364973E0,1.171649364973E0,
1.171649364973E0,1.171649364973E0,1.171649364973E0,1.171649364973E0,
1.171649364973E0,1.171649364973E0),(9.427835409589E-1,9.427835409589E-1,
9.427835409589E-1,9.427835409589E-1,9.427835409589E-1,9.427835409589E-1,
9.427835409589E-1,9.427835409589E-1,9.427835409589E-1),(9.427835450091E-1,
9.427835450091E-1,9.427835450091E-1,9.427835450091E-1,9.427835450091E-1,
9.427835450091E-1,9.427835450091E-1,9.427835450091E-1,9.427835450091E-1),(
1.171649377124E0,1.171649377124E0,1.171649377124E0,1.171649377124E0,
1.171649377124E0,1.171649377124E0,1.171649377124E0,1.171649377124E0,
1.171649377124E0)))REPRESENTATION_ITEM('')SURFACE());
#2779=ORIENTED_EDGE('',*,*,#2736,.F.);
#2781=ORIENTED_EDGE('',*,*,#2780,.F.);
#2783=ORIENTED_EDGE('',*,*,#2782,.T.);
#2784=EDGE_LOOP('',(#2779,#2781,#2783));
#2785=FACE_OUTER_BOUND('',#2784,.F.);
#2786=ADVANCED_FACE('',(#2785),#2778,.T.);
#2787=CARTESIAN_POINT('',(-3.645223199638E0,-6.453027697190E0,
2.095223199638E0));
#2788=DIRECTION('',(-1.744974916068E-2,9.996954598819E-1,1.744974916068E-2));
#2789=DIRECTION('',(-9.998476951564E-1,-1.745240643728E-2,0.E0));
#2790=AXIS2_PLACEMENT_3D('',#2787,#2788,#2789);
#2791=CYLINDRICAL_SURFACE('',#2790,2.9E-1);
#2792=ORIENTED_EDGE('',*,*,#2082,.F.);
#2794=ORIENTED_EDGE('',*,*,#2793,.T.);
#2795=ORIENTED_EDGE('',*,*,#2271,.F.);
#2796=ORIENTED_EDGE('',*,*,#2780,.T.);
#2797=EDGE_LOOP('',(#2792,#2794,#2795,#2796));
#2798=FACE_OUTER_BOUND('',#2797,.F.);
#2799=ADVANCED_FACE('',(#2798),#2791,.T.);
#2800=CARTESIAN_POINT('',(-3.76E0,1.157341561506E0,2.21E0));
#2801=DIRECTION('',(0.E0,-1.E0,0.E0));
#2802=DIRECTION('',(0.E0,0.E0,1.E0));
#2803=AXIS2_PLACEMENT_3D('',#2800,#2801,#2802);
#2804=CYLINDRICAL_SURFACE('',#2803,2.9E-1);
#2805=ORIENTED_EDGE('',*,*,#2251,.T.);
#2806=ORIENTED_EDGE('',*,*,#2793,.F.);
#2807=ORIENTED_EDGE('',*,*,#2100,.T.);
#2809=ORIENTED_EDGE('',*,*,#2808,.F.);
#2810=EDGE_LOOP('',(#2805,#2806,#2807,#2809));
#2811=FACE_OUTER_BOUND('',#2810,.F.);
#2812=ADVANCED_FACE('',(#2811),#2804,.T.);
#2813=CARTESIAN_POINT('',(-3.76E0,1.12E0,2.5E0));
#2814=CARTESIAN_POINT('',(-3.929878066912E0,1.12E0,2.5E0));
#2815=CARTESIAN_POINT('',(-4.05E0,1.12E0,2.379878066912E0));
#2816=CARTESIAN_POINT('',(-4.05E0,1.12E0,2.21E0));
#2817=CARTESIAN_POINT('',(-3.76E0,1.130466715118E0,2.5E0));
#2818=CARTESIAN_POINT('',(-3.929878066912E0,1.308273248227E0,2.5E0));
#2819=CARTESIAN_POINT('',(-4.05E0,1.434001453528E0,2.379878066912E0));
#2820=CARTESIAN_POINT('',(-4.05E0,1.434001453528E0,2.210000000001E0));
#2821=CARTESIAN_POINT('',(-3.750330015922E0,1.134472153083E0,2.5E0));
#2822=CARTESIAN_POINT('',(-3.755936262616E0,1.380322292054E0,2.5E0));
#2823=CARTESIAN_POINT('',(-3.759900477670E0,1.554164592476E0,2.379878066912E0));
#2824=CARTESIAN_POINT('',(-3.759900477670E0,1.554164592476E0,2.210000000001E0));
#2825=CARTESIAN_POINT('',(-3.742928931454E0,1.127071067078E0,2.5E0));
#2826=CARTESIAN_POINT('',(-3.622806985897E0,1.247192987697E0,2.5E0));
#2827=CARTESIAN_POINT('',(-3.537867943624E0,1.332132012336E0,2.379878066912E0));
#2828=CARTESIAN_POINT('',(-3.537867943625E0,1.332132012337E0,2.21E0));
#2829=(BOUNDED_SURFACE()B_SPLINE_SURFACE(3,3,((#2813,#2814,#2815,#2816),(#2817,
#2818,#2819,#2820),(#2821,#2822,#2823,#2824),(#2825,#2826,#2827,#2828)),
.UNSPECIFIED.,.F.,.F.,.F.)B_SPLINE_SURFACE_WITH_KNOTS((4,4),(4,4),(0.E0,1.E0),(
0.E0,1.E0),.UNSPECIFIED.)GEOMETRIC_REPRESENTATION_ITEM()RATIONAL_B_SPLINE_SURFACE(((1.694636513983E0,1.363738151783E0,1.363738151783E0,1.694636513983E0),(
9.972183290107E-1,8.024993381816E-1,8.024993381816E-1,9.972183290107E-1),(
9.972183290107E-1,8.024993381816E-1,8.024993381816E-1,9.972183290107E-1),(
1.694636513983E0,1.363738151783E0,1.363738151783E0,1.694636513983E0)))REPRESENTATION_ITEM('')SURFACE());
#2830=ORIENTED_EDGE('',*,*,#2253,.F.);
#2831=ORIENTED_EDGE('',*,*,#2808,.T.);
#2832=ORIENTED_EDGE('',*,*,#2117,.T.);
#2833=ORIENTED_EDGE('',*,*,#2234,.T.);
#2834=EDGE_LOOP('',(#2830,#2831,#2832,#2833));
#2835=FACE_OUTER_BOUND('',#2834,.F.);
#2836=ADVANCED_FACE('',(#2835),#2829,.T.);
#2837=CARTESIAN_POINT('',(3.954493591778E0,-6.43E0,2.085623626307E0));
#2838=DIRECTION('',(-1.E0,0.E0,0.E0));
#2839=DIRECTION('',(0.E0,-1.E0,0.E0));
#2840=AXIS2_PLACEMENT_3D('',#2837,#2838,#2839);
#2841=CYLINDRICAL_SURFACE('',#2840,3.E-1);
#2842=ORIENTED_EDGE('',*,*,#2269,.T.);
#2844=ORIENTED_EDGE('',*,*,#2843,.T.);
#2846=ORIENTED_EDGE('',*,*,#2845,.T.);
#2848=ORIENTED_EDGE('',*,*,#2847,.T.);
#2850=ORIENTED_EDGE('',*,*,#2849,.T.);
#2852=ORIENTED_EDGE('',*,*,#2851,.T.);
#2853=ORIENTED_EDGE('',*,*,#2722,.T.);
#2854=ORIENTED_EDGE('',*,*,#2782,.F.);
#2855=EDGE_LOOP('',(#2842,#2844,#2846,#2848,#2850,#2852,#2853,#2854));
#2856=FACE_OUTER_BOUND('',#2855,.F.);
#2857=ADVANCED_FACE('',(#2856),#2841,.T.);
#2858=CARTESIAN_POINT('',(3.635496274858E0,-6.729999944074E0,2.085750977756E0));
#2859=CARTESIAN_POINT('',(3.636404254310E0,-6.729939055514E0,2.112989986460E0));
#2860=CARTESIAN_POINT('',(3.638206949325E0,-6.722588437979E0,2.167113331736E0));
#2861=CARTESIAN_POINT('',(3.640735811617E0,-6.689756979882E0,2.243172751992E0));
#2862=CARTESIAN_POINT('',(3.642876280273E0,-6.637292481734E0,2.307717454891E0));
#2863=CARTESIAN_POINT('',(3.644456211366E0,-6.569351730714E0,2.355551326312E0));
#2864=CARTESIAN_POINT('',(3.645265784335E0,-6.499571122931E0,2.380199303318E0));
#2865=CARTESIAN_POINT('',(3.645431113788E0,-6.453765106059E0,2.385242450115E0));
#2866=CARTESIAN_POINT('',(3.645441835121E0,-6.435232394864E0,2.385570802060E0));
#2867=CARTESIAN_POINT('',(3.755648111277E0,-6.730105471926E0,1.965599141337E0));
#2868=CARTESIAN_POINT('',(3.756545474071E0,-6.740953970668E0,1.992878103441E0));
#2869=CARTESIAN_POINT('',(3.759832004722E0,-6.755283396361E0,2.051433607848E0));
#2870=CARTESIAN_POINT('',(3.769099092990E0,-6.749238733825E0,2.147043807184E0));
#2871=CARTESIAN_POINT('',(3.782638389147E0,-6.710743076176E0,2.241613863373E0));
#2872=CARTESIAN_POINT('',(3.799085964986E0,-6.636579896534E0,2.324191978982E0));
#2873=CARTESIAN_POINT('',(3.812081294629E0,-6.538741037760E0,2.374025625032E0));
#2874=CARTESIAN_POINT('',(3.815060507873E0,-6.467222724235E0,2.384930124797E0));
#2875=CARTESIAN_POINT('',(3.815294517234E0,-6.438192777282E0,2.385624670459E0));
#2876=CARTESIAN_POINT('',(3.840647669792E0,-6.610009209061E0,1.880599582822E0));
#2877=CARTESIAN_POINT('',(3.841537521996E0,-6.628595143422E0,1.896995672241E0));
#2878=CARTESIAN_POINT('',(3.845873769217E0,-6.661197009950E0,1.937004587923E0));
#2879=CARTESIAN_POINT('',(3.859907711247E0,-6.687242164371E0,2.015970287621E0));
#2880=CARTESIAN_POINT('',(3.881510931634E0,-6.679638301698E0,2.105913918776E0));
#2881=CARTESIAN_POINT('',(3.908476392819E0,-6.628290805775E0,2.193895764120E0));
#2882=CARTESIAN_POINT('',(3.930092347567E0,-6.538566477535E0,2.251662697619E0));
#2883=CARTESIAN_POINT('',(3.935062199381E0,-6.467217814183E0,2.264691100789E0));
#2884=CARTESIAN_POINT('',(3.935454170405E0,-6.438189858574E0,2.265513021232E0));
#2885=CARTESIAN_POINT('',(3.840684415156E0,-6.440088689061E0,1.880562837457E0));
#2886=CARTESIAN_POINT('',(3.841574264114E0,-6.458705897814E0,1.881530693312E0));
#2887=CARTESIAN_POINT('',(3.845910965128E0,-6.495464781734E0,1.890882746963E0));
#2888=CARTESIAN_POINT('',(3.859946967872E0,-6.540097841837E0,1.926762501011E0));
#2889=CARTESIAN_POINT('',(3.881553674298E0,-6.562205847901E0,1.980139057472E0));
#2890=CARTESIAN_POINT('',(3.908523682372E0,-6.549341943864E0,2.041017482276E0));
#2891=CARTESIAN_POINT('',(3.930143363822E0,-6.499149736587E0,2.084816341229E0));
#2892=CARTESIAN_POINT('',(3.935114076191E0,-6.453753253378E0,2.094986571035E0));
#2893=CARTESIAN_POINT('',(3.935506115501E0,-6.435225349161E0,2.095622404517E0));
#2894=(BOUNDED_SURFACE()B_SPLINE_SURFACE(3,3,((#2858,#2859,#2860,#2861,#2862,
#2863,#2864,#2865,#2866),(#2867,#2868,#2869,#2870,#2871,#2872,#2873,#2874,
#2875),(#2876,#2877,#2878,#2879,#2880,#2881,#2882,#2883,#2884),(#2885,#2886,
#2887,#2888,#2889,#2890,#2891,#2892,#2893)),.UNSPECIFIED.,.F.,.F.,.F.)B_SPLINE_SURFACE_WITH_KNOTS((4,4),(4,1,1,1,1,1,4),(0.E0,1.000000017696E0),(0.E0,
1.650985065494E-1,3.326707045867E-1,5.005270480021E-1,6.685850495036E-1,
8.352571580173E-1,9.485088583434E-1),.UNSPECIFIED.)GEOMETRIC_REPRESENTATION_ITEM()RATIONAL_B_SPLINE_SURFACE(((1.171649364932E0,1.171649364932E0,1.171649364932E0,
1.171649364932E0,1.171649364932E0,1.171649364932E0,1.171649364932E0,
1.171649364932E0,1.171649364932E0),(9.427835409728E-1,9.427835409728E-1,
9.427835409728E-1,9.427835409728E-1,9.427835409728E-1,9.427835409728E-1,
9.427835409728E-1,9.427835409728E-1,9.427835409728E-1),(9.427835450228E-1,
9.427835450228E-1,9.427835450228E-1,9.427835450228E-1,9.427835450228E-1,
9.427835450228E-1,9.427835450228E-1,9.427835450228E-1,9.427835450228E-1),(
1.171649377082E0,1.171649377082E0,1.171649377082E0,1.171649377082E0,
1.171649377082E0,1.171649377082E0,1.171649377082E0,1.171649377082E0,
1.171649377082E0)))REPRESENTATION_ITEM('')SURFACE());
#2895=ORIENTED_EDGE('',*,*,#2843,.F.);
#2897=ORIENTED_EDGE('',*,*,#2896,.F.);
#2899=ORIENTED_EDGE('',*,*,#2898,.T.);
#2900=EDGE_LOOP('',(#2895,#2897,#2899));
#2901=FACE_OUTER_BOUND('',#2900,.F.);
#2902=ADVANCED_FACE('',(#2901),#2894,.T.);
#2903=CARTESIAN_POINT('',(3.645223199969E0,-6.453027678246E0,2.095223199969E0));
#2904=DIRECTION('',(1.744974916068E-2,9.996954598819E-1,1.744974916068E-2));
#2905=DIRECTION('',(0.E0,-1.745240643728E-2,9.998476951564E-1));
#2906=AXIS2_PLACEMENT_3D('',#2903,#2904,#2905);
#2907=CYLINDRICAL_SURFACE('',#2906,2.9E-1);
#2908=ORIENTED_EDGE('',*,*,#2267,.F.);
#2910=ORIENTED_EDGE('',*,*,#2909,.F.);
#2912=ORIENTED_EDGE('',*,*,#2911,.F.);
#2913=ORIENTED_EDGE('',*,*,#2896,.T.);
#2914=EDGE_LOOP('',(#2908,#2910,#2912,#2913));
#2915=FACE_OUTER_BOUND('',#2914,.F.);
#2916=ADVANCED_FACE('',(#2915),#2907,.T.);
#2917=CARTESIAN_POINT('',(3.76E0,9.324981824895E-2,2.21E0));
#2918=DIRECTION('',(0.E0,1.E0,0.E0));
#2919=DIRECTION('',(0.E0,0.E0,1.E0));
#2920=AXIS2_PLACEMENT_3D('',#2917,#2918,#2919);
#2921=CYLINDRICAL_SURFACE('',#2920,2.9E-1);
#2922=ORIENTED_EDGE('',*,*,#2314,.T.);
#2923=ORIENTED_EDGE('',*,*,#2341,.F.);
#2925=ORIENTED_EDGE('',*,*,#2924,.T.);
#2926=ORIENTED_EDGE('',*,*,#2909,.T.);
#2927=EDGE_LOOP('',(#2922,#2923,#2925,#2926));
#2928=FACE_OUTER_BOUND('',#2927,.F.);
#2929=ADVANCED_FACE('',(#2928),#2921,.T.);
#2930=CARTESIAN_POINT('',(4.05E0,1.12E0,2.5E0));
#2931=DIRECTION('',(1.E0,0.E0,0.E0));
#2932=DIRECTION('',(0.E0,-1.E0,0.E0));
#2933=AXIS2_PLACEMENT_3D('',#2930,#2931,#2932);
#2934=PLANE('',#2933);
#2935=ORIENTED_EDGE('',*,*,#2353,.F.);
#2937=ORIENTED_EDGE('',*,*,#2936,.F.);
#2939=ORIENTED_EDGE('',*,*,#2938,.T.);
#2940=ORIENTED_EDGE('',*,*,#2924,.F.);
#2941=EDGE_LOOP('',(#2935,#2937,#2939,#2940));
#2942=FACE_OUTER_BOUND('',#2941,.F.);
#2943=ADVANCED_FACE('',(#2942),#2934,.T.);
#2944=CARTESIAN_POINT('',(3.76E0,1.146286566638E0,2.19E0));
#2945=DIRECTION('',(0.E0,-1.E0,0.E0));
#2946=DIRECTION('',(0.E0,0.E0,-1.E0));
#2947=AXIS2_PLACEMENT_3D('',#2944,#2945,#2946);
#2948=CYLINDRICAL_SURFACE('',#2947,2.9E-1);
#2949=ORIENTED_EDGE('',*,*,#2380,.F.);
#2950=ORIENTED_EDGE('',*,*,#2398,.T.);
#2951=ORIENTED_EDGE('',*,*,#2441,.T.);
#2952=ORIENTED_EDGE('',*,*,#2936,.T.);
#2953=EDGE_LOOP('',(#2949,#2950,#2951,#2952));
#2954=FACE_OUTER_BOUND('',#2953,.F.);
#2955=ADVANCED_FACE('',(#2954),#2948,.T.);
#2956=CARTESIAN_POINT('',(4.05E0,1.2E-1,-2.695290552767E0));
#2957=DIRECTION('',(9.998476951564E-1,-1.745240643728E-2,0.E0));
#2958=DIRECTION('',(0.E0,0.E0,-1.E0));
#2959=AXIS2_PLACEMENT_3D('',#2956,#2957,#2958);
#2960=PLANE('',#2959);
#2961=ORIENTED_EDGE('',*,*,#2439,.F.);
#2963=ORIENTED_EDGE('',*,*,#2962,.F.);
#2965=ORIENTED_EDGE('',*,*,#2964,.T.);
#2967=ORIENTED_EDGE('',*,*,#2966,.F.);
#2968=ORIENTED_EDGE('',*,*,#2911,.T.);
#2969=ORIENTED_EDGE('',*,*,#2938,.F.);
#2970=EDGE_LOOP('',(#2961,#2963,#2965,#2967,#2968,#2969));
#2971=FACE_OUTER_BOUND('',#2970,.F.);
#2972=ADVANCED_FACE('',(#2971),#2960,.T.);
#2973=CARTESIAN_POINT('',(4.05E0,1.12E0,-2.5E0));
#2974=DIRECTION('',(-1.E0,0.E0,0.E0));
#2975=DIRECTION('',(0.E0,-1.E0,0.E0));
#2976=AXIS2_PLACEMENT_3D('',#2973,#2974,#2975);
#2977=PLANE('',#2976);
#2979=ORIENTED_EDGE('',*,*,#2978,.F.);
#2981=ORIENTED_EDGE('',*,*,#2980,.F.);
#2982=ORIENTED_EDGE('',*,*,#2962,.T.);
#2984=ORIENTED_EDGE('',*,*,#2983,.F.);
#2985=EDGE_LOOP('',(#2979,#2981,#2982,#2984));
#2986=FACE_OUTER_BOUND('',#2985,.F.);
#2987=ADVANCED_FACE('',(#2986),#2977,.F.);
#2988=CARTESIAN_POINT('',(3.75E0,1.12E0,-2.5E0));
#2989=DIRECTION('',(0.E0,0.E0,-1.E0));
#2990=DIRECTION('',(1.E0,0.E0,0.E0));
#2991=AXIS2_PLACEMENT_3D('',#2988,#2989,#2990);
#2992=CYLINDRICAL_SURFACE('',#2991,3.E-1);
#2994=ORIENTED_EDGE('',*,*,#2993,.F.);
#2996=ORIENTED_EDGE('',*,*,#2995,.T.);
#2998=ORIENTED_EDGE('',*,*,#2997,.F.);
#2999=ORIENTED_EDGE('',*,*,#2978,.T.);
#3000=EDGE_LOOP('',(#2994,#2996,#2998,#2999));
#3001=FACE_OUTER_BOUND('',#3000,.F.);
#3002=ADVANCED_FACE('',(#3001),#2992,.T.);
#3003=CARTESIAN_POINT('',(3.742928932188E0,1.127071067812E0,-1.9E0));
#3004=CARTESIAN_POINT('',(3.622806999096E0,1.247193000896E0,-1.9E0));
#3005=CARTESIAN_POINT('',(3.537867965637E0,1.332132034349E0,-2.020121933088E0));
#3006=CARTESIAN_POINT('',(3.537867965637E0,1.332132034349E0,-2.19E0));
#3007=CARTESIAN_POINT('',(3.750330017425E0,1.134472153048E0,-1.9E0));
#3008=CARTESIAN_POINT('',(3.755936289633E0,1.380322291441E0,-1.9E0));
#3009=CARTESIAN_POINT('',(3.759900522728E0,1.554164591455E0,-2.020121933088E0));
#3010=CARTESIAN_POINT('',(3.759900522728E0,1.554164591454E0,-2.19E0));
#3011=CARTESIAN_POINT('',(3.760000001087E0,1.130466714080E0,-1.9E0));
#3012=CARTESIAN_POINT('',(3.929878086455E0,1.308273229560E0,-1.9E0));
#3013=CARTESIAN_POINT('',(4.050000032595E0,1.434001422396E0,-2.020121933089E0));
#3014=CARTESIAN_POINT('',(4.050000032594E0,1.434001422396E0,-2.190000000001E0));
#3015=CARTESIAN_POINT('',(3.76E0,1.119999998962E0,-1.9E0));
#3016=CARTESIAN_POINT('',(3.929878066912E0,1.119999981328E0,-1.9E0));
#3017=CARTESIAN_POINT('',(4.05E0,1.119999968859E0,-2.020121933088E0));
#3018=CARTESIAN_POINT('',(4.05E0,1.119999968859E0,-2.19E0));
#3019=(BOUNDED_SURFACE()B_SPLINE_SURFACE(3,3,((#3003,#3004,#3005,#3006),(#3007,
#3008,#3009,#3010),(#3011,#3012,#3013,#3014),(#3015,#3016,#3017,#3018)),
.UNSPECIFIED.,.F.,.F.,.F.)B_SPLINE_SURFACE_WITH_KNOTS((4,4),(4,4),(0.E0,1.E0),(
0.E0,1.E0),.UNSPECIFIED.)GEOMETRIC_REPRESENTATION_ITEM()RATIONAL_B_SPLINE_SURFACE(((1.694636514004E0,1.363738151799E0,1.363738151799E0,1.694636514004E0),(
9.972183290044E-1,8.024993381761E-1,8.024993381761E-1,9.972183290044E-1),(
9.972183290044E-1,8.024993381761E-1,8.024993381761E-1,9.972183290044E-1),(
1.694636514004E0,1.363738151799E0,1.363738151799E0,1.694636514004E0)))REPRESENTATION_ITEM('')SURFACE());
#3020=ORIENTED_EDGE('',*,*,#2455,.F.);
#3021=ORIENTED_EDGE('',*,*,#2475,.T.);
#3022=ORIENTED_EDGE('',*,*,#2993,.T.);
#3024=ORIENTED_EDGE('',*,*,#3023,.T.);
#3025=EDGE_LOOP('',(#3020,#3021,#3022,#3024));
#3026=FACE_OUTER_BOUND('',#3025,.F.);
#3027=ADVANCED_FACE('',(#3026),#3019,.T.);
#3028=CARTESIAN_POINT('',(3.76E0,9.324978236485E-2,-2.19E0));
#3029=DIRECTION('',(0.E0,1.E0,0.E0));
#3030=DIRECTION('',(0.E0,0.E0,1.E0));
#3031=AXIS2_PLACEMENT_3D('',#3028,#3029,#3030);
#3032=CYLINDRICAL_SURFACE('',#3031,2.9E-1);
#3033=ORIENTED_EDGE('',*,*,#3023,.F.);
#3034=ORIENTED_EDGE('',*,*,#2983,.T.);
#3035=ORIENTED_EDGE('',*,*,#2437,.F.);
#3036=ORIENTED_EDGE('',*,*,#2457,.T.);
#3037=EDGE_LOOP('',(#3033,#3034,#3035,#3036));
#3038=FACE_OUTER_BOUND('',#3037,.F.);
#3039=ADVANCED_FACE('',(#3038),#3032,.T.);
#3040=CARTESIAN_POINT('',(2.325735931288E0,1.2E-1,-2.5E0));
#3041=DIRECTION('',(7.071067811865E-1,-7.071067811865E-1,0.E0));
#3042=DIRECTION('',(7.071067811865E-1,7.071067811865E-1,0.E0));
#3043=AXIS2_PLACEMENT_3D('',#3040,#3041,#3042);
#3044=PLANE('',#3043);
#3045=ORIENTED_EDGE('',*,*,#2473,.F.);
#3046=ORIENTED_EDGE('',*,*,#2493,.F.);
#3048=ORIENTED_EDGE('',*,*,#3047,.F.);
#3049=ORIENTED_EDGE('',*,*,#2995,.F.);
#3050=EDGE_LOOP('',(#3045,#3046,#3048,#3049));
#3051=FACE_OUTER_BOUND('',#3050,.F.);
#3052=ADVANCED_FACE('',(#3051),#3044,.F.);
#3053=CARTESIAN_POINT('',(2.709107646741E0,9.324978236485E-2,-2.21E0));
#3054=DIRECTION('',(7.071067811865E-1,7.071067811865E-1,0.E0));
#3055=DIRECTION('',(0.E0,0.E0,-1.E0));
#3056=AXIS2_PLACEMENT_3D('',#3053,#3054,#3055);
#3057=CYLINDRICAL_SURFACE('',#3056,2.9E-1);
#3059=ORIENTED_EDGE('',*,*,#3058,.F.);
#3061=ORIENTED_EDGE('',*,*,#3060,.F.);
#3062=ORIENTED_EDGE('',*,*,#3047,.T.);
#3063=ORIENTED_EDGE('',*,*,#2491,.F.);
#3064=ORIENTED_EDGE('',*,*,#2611,.F.);
#3065=EDGE_LOOP('',(#3059,#3061,#3062,#3063,#3064));
#3066=FACE_OUTER_BOUND('',#3065,.F.);
#3067=ADVANCED_FACE('',(#3066),#3057,.T.);
#3068=CARTESIAN_POINT('',(0.E0,4.2E-1,-2.5E0));
#3069=DIRECTION('',(0.E0,0.E0,-1.E0));
#3070=DIRECTION('',(1.E0,0.E0,0.E0));
#3071=AXIS2_PLACEMENT_3D('',#3068,#3069,#3070);
#3072=PLANE('',#3071);
#3073=ORIENTED_EDGE('',*,*,#3058,.T.);
#3074=ORIENTED_EDGE('',*,*,#2629,.T.);
#3076=ORIENTED_EDGE('',*,*,#3075,.F.);
#3078=ORIENTED_EDGE('',*,*,#3077,.T.);
#3079=EDGE_LOOP('',(#3073,#3074,#3076,#3078));
#3080=FACE_OUTER_BOUND('',#3079,.F.);
#3081=ADVANCED_FACE('',(#3080),#3072,.T.);
#3082=CARTESIAN_POINT('',(3.76E0,1.146286601900E0,-2.21E0));
#3083=DIRECTION('',(0.E0,-1.E0,0.E0));
#3084=DIRECTION('',(0.E0,0.E0,-1.E0));
#3085=AXIS2_PLACEMENT_3D('',#3082,#3083,#3084);
#3086=CYLINDRICAL_SURFACE('',#3085,2.9E-1);
#3087=ORIENTED_EDGE('',*,*,#3075,.T.);
#3089=ORIENTED_EDGE('',*,*,#3088,.F.);
#3090=ORIENTED_EDGE('',*,*,#2980,.T.);
#3092=ORIENTED_EDGE('',*,*,#3091,.F.);
#3093=EDGE_LOOP('',(#3087,#3089,#3090,#3092));
#3094=FACE_OUTER_BOUND('',#3093,.F.);
#3095=ADVANCED_FACE('',(#3094),#3086,.T.);
#3096=CARTESIAN_POINT('',(3.645223199433E0,-6.453027708903E0,
-2.095223199433E0));
#3097=DIRECTION('',(1.744974916068E-2,9.996954598819E-1,-1.744974916068E-2));
#3098=DIRECTION('',(9.998476951564E-1,-1.745240643728E-2,0.E0));
#3099=AXIS2_PLACEMENT_3D('',#3096,#3097,#3098);
#3100=CYLINDRICAL_SURFACE('',#3099,2.9E-1);
#3101=ORIENTED_EDGE('',*,*,#2964,.F.);
#3102=ORIENTED_EDGE('',*,*,#3088,.T.);
#3103=ORIENTED_EDGE('',*,*,#2627,.F.);
#3105=ORIENTED_EDGE('',*,*,#3104,.T.);
#3106=EDGE_LOOP('',(#3101,#3102,#3103,#3105));
#3107=FACE_OUTER_BOUND('',#3106,.F.);
#3108=ADVANCED_FACE('',(#3107),#3100,.T.);
#3109=CARTESIAN_POINT('',(3.635750977813E0,-6.729999944074E0,
-2.085496274801E0));
#3110=CARTESIAN_POINT('',(3.662989988525E0,-6.729939055493E0,
-2.086404254320E0));
#3111=CARTESIAN_POINT('',(3.717113337660E0,-6.722588436891E0,
-2.088206949464E0));
#3112=CARTESIAN_POINT('',(3.793172762379E0,-6.689756974196E0,
-2.090735811900E0));
#3113=CARTESIAN_POINT('',(3.857717467200E0,-6.637292469288E0,
-2.092876280614E0));
#3114=CARTESIAN_POINT('',(3.905551337324E0,-6.569351710488E0,
-2.094456211656E0));
#3115=CARTESIAN_POINT('',(3.930199306501E0,-6.499571105999E0,
-2.095265784361E0));
#3116=CARTESIAN_POINT('',(3.935242450276E0,-6.453765096690E0,
-2.095431113714E0));
#3117=CARTESIAN_POINT('',(3.935570802049E0,-6.435232394862E0,
-2.095441835042E0));
#3118=CARTESIAN_POINT('',(3.515599141367E0,-6.730105471973E0,
-2.205648111247E0));
#3119=CARTESIAN_POINT('',(3.542878105495E0,-6.740953971501E0,
-2.206545474105E0));
#3120=CARTESIAN_POINT('',(3.601433614407E0,-6.755283397677E0,
-2.209832005100E0));
#3121=CARTESIAN_POINT('',(3.697043820928E0,-6.749238731539E0,
-2.219099094482E0));
#3122=CARTESIAN_POINT('',(3.791613882626E0,-6.710743065291E0,
-2.232638392261E0));
#3123=CARTESIAN_POINT('',(3.874191999557E0,-6.636579871818E0,
-2.249085969602E0));
#3124=CARTESIAN_POINT('',(3.924025632086E0,-6.538741011584E0,
-2.262081296701E0));
#3125=CARTESIAN_POINT('',(3.934930125189E0,-6.467222709599E0,
-2.265060507885E0));
#3126=CARTESIAN_POINT('',(3.935624670495E0,-6.438192777288E0,
-2.265294517104E0));
#3127=CARTESIAN_POINT('',(3.430599582822E0,-6.610009209098E0,
-2.290647669792E0));
#3128=CARTESIAN_POINT('',(3.446995673466E0,-6.628595144824E0,
-2.291537522058E0));
#3129=CARTESIAN_POINT('',(3.487004592557E0,-6.661197013358E0,
-2.295873769776E0));
#3130=CARTESIAN_POINT('',(3.565970299564E0,-6.687242166724E0,
-2.309907713605E0));
#3131=CARTESIAN_POINT('',(3.655913937984E0,-6.679638296866E0,
-2.331510936724E0));
#3132=CARTESIAN_POINT('',(3.743895787009E0,-6.628290785960E0,
-2.358476400511E0));
#3133=CARTESIAN_POINT('',(3.801662706093E0,-6.538566451591E0,
-2.380092351103E0));
#3134=CARTESIAN_POINT('',(3.814691101236E0,-6.467217799571E0,
-2.385062199473E0));
#3135=CARTESIAN_POINT('',(3.815513021263E0,-6.438189858586E0,
-2.385454170258E0));
#3136=CARTESIAN_POINT('',(3.430562837457E0,-6.440088689062E0,
-2.290684415157E0));
#3137=CARTESIAN_POINT('',(3.431530693395E0,-6.458705899186E0,
-2.291574264175E0));
#3138=CARTESIAN_POINT('',(3.440882748263E0,-6.495464785714E0,
-2.295910965688E0));
#3139=CARTESIAN_POINT('',(3.476762507075E0,-6.540097847362E0,
-2.309946970230E0));
#3140=CARTESIAN_POINT('',(3.530139069695E0,-6.562205850075E0,
-2.331553679390E0));
#3141=CARTESIAN_POINT('',(3.591017498901E0,-6.549341935472E0,
-2.358523690066E0));
#3142=CARTESIAN_POINT('',(3.634816347865E0,-6.499149720216E0,
-2.380143367359E0));
#3143=CARTESIAN_POINT('',(3.644986571355E0,-6.453753244068E0,
-2.385114076282E0));
#3144=CARTESIAN_POINT('',(3.645622404516E0,-6.435225349173E0,
-2.385506115354E0));
#3145=(BOUNDED_SURFACE()B_SPLINE_SURFACE(3,3,((#3109,#3110,#3111,#3112,#3113,
#3114,#3115,#3116,#3117),(#3118,#3119,#3120,#3121,#3122,#3123,#3124,#3125,
#3126),(#3127,#3128,#3129,#3130,#3131,#3132,#3133,#3134,#3135),(#3136,#3137,
#3138,#3139,#3140,#3141,#3142,#3143,#3144)),.UNSPECIFIED.,.F.,.F.,.F.)B_SPLINE_SURFACE_WITH_KNOTS((4,4),(4,1,1,1,1,1,4),(0.E0,1.000000017695E0),(0.E0,
1.650985071461E-1,3.326707056499E-1,5.005270484457E-1,6.685850496599E-1,
8.352571577753E-1,9.485087928743E-1),.UNSPECIFIED.)GEOMETRIC_REPRESENTATION_ITEM()RATIONAL_B_SPLINE_SURFACE(((1.171649364998E0,1.171649364998E0,1.171649364998E0,
1.171649364998E0,1.171649364998E0,1.171649364998E0,1.171649364998E0,
1.171649364998E0,1.171649364998E0),(9.427835409508E-1,9.427835409508E-1,
9.427835409508E-1,9.427835409508E-1,9.427835409508E-1,9.427835409508E-1,
9.427835409508E-1,9.427835409508E-1,9.427835409508E-1),(9.427835450006E-1,
9.427835450006E-1,9.427835450006E-1,9.427835450006E-1,9.427835450006E-1,
9.427835450006E-1,9.427835450006E-1,9.427835450006E-1,9.427835450006E-1),(
1.171649377147E0,1.171649377147E0,1.171649377147E0,1.171649377147E0,
1.171649377147E0,1.171649377147E0,1.171649377147E0,1.171649377147E0,
1.171649377147E0)))REPRESENTATION_ITEM('')SURFACE());
#3147=ORIENTED_EDGE('',*,*,#3146,.F.);
#3148=ORIENTED_EDGE('',*,*,#3104,.F.);
#3149=ORIENTED_EDGE('',*,*,#2708,.T.);
#3150=EDGE_LOOP('',(#3147,#3148,#3149));
#3151=FACE_OUTER_BOUND('',#3150,.F.);
#3152=ADVANCED_FACE('',(#3151),#3145,.T.);
#3153=CARTESIAN_POINT('',(3.635623626307E0,-6.43E0,-2.404973987321E0));
#3154=DIRECTION('',(0.E0,0.E0,1.E0));
#3155=DIRECTION('',(0.E0,-1.E0,0.E0));
#3156=AXIS2_PLACEMENT_3D('',#3153,#3154,#3155);
#3157=CYLINDRICAL_SURFACE('',#3156,3.E-1);
#3158=ORIENTED_EDGE('',*,*,#3146,.T.);
#3160=ORIENTED_EDGE('',*,*,#3159,.T.);
#3161=ORIENTED_EDGE('',*,*,#2898,.F.);
#3162=ORIENTED_EDGE('',*,*,#2966,.T.);
#3163=EDGE_LOOP('',(#3158,#3160,#3161,#3162));
#3164=FACE_OUTER_BOUND('',#3163,.F.);
#3165=ADVANCED_FACE('',(#3164),#3157,.T.);
#3166=CARTESIAN_POINT('',(0.E0,-6.73E0,0.E0));
#3167=DIRECTION('',(0.E0,-1.E0,0.E0));
#3168=DIRECTION('',(1.E0,0.E0,0.E0));
#3169=AXIS2_PLACEMENT_3D('',#3166,#3167,#3168);
#3170=PLANE('',#3169);
#3171=ORIENTED_EDGE('',*,*,#2706,.F.);
#3173=ORIENTED_EDGE('',*,*,#3172,.T.);
#3174=ORIENTED_EDGE('',*,*,#2845,.F.);
#3175=ORIENTED_EDGE('',*,*,#3159,.F.);
#3176=EDGE_LOOP('',(#3171,#3173,#3174,#3175));
#3177=FACE_OUTER_BOUND('',#3176,.F.);
#3178=ADVANCED_FACE('',(#3177),#3170,.T.);
#3179=CARTESIAN_POINT('',(0.E0,-7.03E0,0.E0));
#3180=DIRECTION('',(0.E0,-1.E0,0.E0));
#3181=DIRECTION('',(6.519288875163E-1,0.E0,7.582801102639E-1));
#3182=AXIS2_PLACEMENT_3D('',#3179,#3180,#3181);
#3183=TOROIDAL_SURFACE('',#3182,2.8E0,3.E-1);
#3185=ORIENTED_EDGE('',*,*,#3184,.T.);
#3187=ORIENTED_EDGE('',*,*,#3186,.T.);
#3189=ORIENTED_EDGE('',*,*,#3188,.F.);
#3190=ORIENTED_EDGE('',*,*,#3172,.F.);
#3192=ORIENTED_EDGE('',*,*,#3191,.T.);
#3193=EDGE_LOOP('',(#3185,#3187,#3189,#3190,#3192));
#3194=FACE_OUTER_BOUND('',#3193,.F.);
#3195=ADVANCED_FACE('',(#3194),#3183,.F.);
#3196=CARTESIAN_POINT('',(0.E0,-6.73E0,0.E0));
#3197=DIRECTION('',(0.E0,-1.E0,0.E0));
#3198=DIRECTION('',(1.E0,0.E0,0.E0));
#3199=AXIS2_PLACEMENT_3D('',#3196,#3197,#3198);
#3200=CYLINDRICAL_SURFACE('',#3199,2.5E0);
#3202=ORIENTED_EDGE('',*,*,#3201,.F.);
#3204=ORIENTED_EDGE('',*,*,#3203,.T.);
#3206=ORIENTED_EDGE('',*,*,#3205,.F.);
#3208=ORIENTED_EDGE('',*,*,#3207,.F.);
#3210=ORIENTED_EDGE('',*,*,#3209,.T.);
#3212=ORIENTED_EDGE('',*,*,#3211,.F.);
#3213=ORIENTED_EDGE('',*,*,#3186,.F.);
#3214=ORIENTED_EDGE('',*,*,#3184,.F.);
#3215=EDGE_LOOP('',(#3202,#3204,#3206,#3208,#3210,#3212,#3213,#3214));
#3216=FACE_OUTER_BOUND('',#3215,.F.);
#3217=ADVANCED_FACE('',(#3216),#3200,.T.);
#3218=CARTESIAN_POINT('',(1.668030766740E0,-7.029999630695E0,
-1.862155679232E0));
#3219=CARTESIAN_POINT('',(1.646537780565E0,-7.038030031355E0,
-1.881405715212E0));
#3220=CARTESIAN_POINT('',(1.585674354044E0,-7.057238859011E0,
-1.935292688373E0));
#3221=CARTESIAN_POINT('',(1.484912113229E0,-7.074830856948E0,
-2.021117135821E0));
#3222=CARTESIAN_POINT('',(1.372851053415E0,-7.078494965853E0,
-2.111760970355E0));
#3223=CARTESIAN_POINT('',(1.301476989458E0,-7.073273641967E0,
-2.166865268679E0));
#3224=CARTESIAN_POINT('',(1.269274909144E0,-7.069481076148E0,
-2.191207633570E0));
#3225=CARTESIAN_POINT('',(1.668032623962E0,-6.854263822506E0,
-1.862158827159E0));
#3226=CARTESIAN_POINT('',(1.646539613868E0,-6.862294040147E0,
-1.875093932006E0));
#3227=CARTESIAN_POINT('',(1.585676125617E0,-6.882448258239E0,
-1.911875924037E0));
#3228=CARTESIAN_POINT('',(1.484913807663E0,-6.905109095071E0,
-1.972637751374E0));
#3229=CARTESIAN_POINT('',(1.372852689394E0,-6.917903393797E0,
-2.039120361633E0));
#3230=CARTESIAN_POINT('',(1.301478601884E0,-6.920014254741E0,
-2.080605496622E0));
#3231=CARTESIAN_POINT('',(1.269276513764E0,-6.919799518674E0,
-2.099131977425E0));
#3232=CARTESIAN_POINT('',(1.750946539251E0,-6.730001569345E0,
-1.954721435983E0));
#3233=CARTESIAN_POINT('',(1.728385730245E0,-6.734705565936E0,
-1.964148322622E0));
#3234=CARTESIAN_POINT('',(1.664766329626E0,-6.746234587099E0,
-1.990704845858E0));
#3235=CARTESIAN_POINT('',(1.560560230276E0,-6.758024103403E0,
-2.033639219660E0));
#3236=CARTESIAN_POINT('',(1.445889416600E0,-6.762844353298E0,
-2.079660680027E0));
#3237=CARTESIAN_POINT('',(1.373463847237E0,-6.761933124411E0,
-2.107951152488E0));
#3238=CARTESIAN_POINT('',(1.340913247809E0,-6.760759325212E0,
-2.120507176884E0));
#3239=CARTESIAN_POINT('',(1.868203425795E0,-6.730002874437E0,
-2.085622433549E0));
#3240=CARTESIAN_POINT('',(1.844132535212E0,-6.730003036626E0,
-2.096402849383E0));
#3241=CARTESIAN_POINT('',(1.776615722407E0,-6.728388717794E0,
-2.125603263339E0));
#3242=CARTESIAN_POINT('',(1.667539426263E0,-6.719734926590E0,
-2.168388267216E0));
#3243=CARTESIAN_POINT('',(1.549177980476E0,-6.704147905544E0,
-2.209634328567E0));
#3244=CARTESIAN_POINT('',(1.475265405127E0,-6.691630583690E0,
-2.232883772680E0));
#3245=CARTESIAN_POINT('',(1.442221940892E0,-6.685522625857E0,
-2.242812125994E0));
#3246=(BOUNDED_SURFACE()B_SPLINE_SURFACE(3,3,((#3218,#3219,#3220,#3221,#3222,
#3223,#3224),(#3225,#3226,#3227,#3228,#3229,#3230,#3231),(#3232,#3233,#3234,
#3235,#3236,#3237,#3238),(#3239,#3240,#3241,#3242,#3243,#3244,#3245)),
.UNSPECIFIED.,.F.,.F.,.F.)B_SPLINE_SURFACE_WITH_KNOTS((4,4),(4,1,1,1,4),(0.E0,
1.E0),(2.193545736553E-1,2.549886370278E-1,3.180350027017E-1,3.745989070731E-1,
4.201443663203E-1),.UNSPECIFIED.)GEOMETRIC_REPRESENTATION_ITEM()RATIONAL_B_SPLINE_SURFACE(((1.171569728888E0,1.171569728888E0,1.171569728888E0,1.171569728888E0,
1.171569728888E0,1.171569728888E0,1.171569728888E0),(9.428100903707E-1,
9.428100903707E-1,9.428100903707E-1,9.428100903707E-1,9.428100903707E-1,
9.428100903707E-1,9.428100903707E-1),(9.428100903707E-1,9.428100903707E-1,
9.428100903707E-1,9.428100903707E-1,9.428100903707E-1,9.428100903707E-1,
9.428100903707E-1),(1.171569728888E0,1.171569728888E0,1.171569728888E0,
1.171569728888E0,1.171569728888E0,1.171569728888E0,1.171569728888E0)))REPRESENTATION_ITEM('')SURFACE());
#3247=ORIENTED_EDGE('',*,*,#3201,.T.);
#3248=ORIENTED_EDGE('',*,*,#3191,.F.);
#3249=ORIENTED_EDGE('',*,*,#2704,.F.);
#3251=ORIENTED_EDGE('',*,*,#3250,.F.);
#3253=ORIENTED_EDGE('',*,*,#3252,.F.);
#3254=EDGE_LOOP('',(#3247,#3248,#3249,#3251,#3253));
#3255=FACE_OUTER_BOUND('',#3254,.F.);
#3256=ADVANCED_FACE('',(#3255),#3246,.F.);
#3257=CARTESIAN_POINT('',(2.718393432185E0,-6.941045492753E0,-2.4E0));
#3258=DIRECTION('',(-1.E0,0.E0,0.E0));
#3259=DIRECTION('',(0.E0,0.E0,1.E0));
#3260=AXIS2_PLACEMENT_3D('',#3257,#3258,#3259);
#3261=CYLINDRICAL_SURFACE('',#3260,3.E-1);
#3263=ORIENTED_EDGE('',*,*,#3262,.T.);
#3264=ORIENTED_EDGE('',*,*,#3250,.T.);
#3265=ORIENTED_EDGE('',*,*,#2702,.F.);
#3267=ORIENTED_EDGE('',*,*,#3266,.F.);
#3268=EDGE_LOOP('',(#3263,#3264,#3265,#3267));
#3269=FACE_OUTER_BOUND('',#3268,.F.);
#3270=ADVANCED_FACE('',(#3269),#3261,.F.);
#3271=CARTESIAN_POINT('',(-1.356465996625E0,-6.73E0,-2.1E0));
#3272=DIRECTION('',(0.E0,0.E0,-1.E0));
#3273=DIRECTION('',(1.E0,0.E0,0.E0));
#3274=AXIS2_PLACEMENT_3D('',#3271,#3272,#3273);
#3275=PLANE('',#3274);
#3276=ORIENTED_EDGE('',*,*,#3203,.F.);
#3277=ORIENTED_EDGE('',*,*,#3252,.T.);
#3278=ORIENTED_EDGE('',*,*,#3262,.F.);
#3280=ORIENTED_EDGE('',*,*,#3279,.F.);
#3282=ORIENTED_EDGE('',*,*,#3281,.F.);
#3284=ORIENTED_EDGE('',*,*,#3283,.F.);
#3285=EDGE_LOOP('',(#3276,#3277,#3278,#3280,#3282,#3284));
#3286=FACE_OUTER_BOUND('',#3285,.F.);
#3287=ADVANCED_FACE('',(#3286),#3275,.T.);
#3288=CARTESIAN_POINT('',(-1.269272796172E0,-7.069481660753E0,
-2.191209655779E0));
#3289=CARTESIAN_POINT('',(-1.274207394243E0,-7.070062525942E0,
-2.187479763633E0));
#3290=CARTESIAN_POINT('',(-1.313769423694E0,-7.074451628061E0,
-2.157478521273E0));
#3291=CARTESIAN_POINT('',(-1.39082738E0,-7.078747980713E0,-2.097500998619E0));
#3292=CARTESIAN_POINT('',(-1.501821324945E0,-7.072754157928E0,
-2.006957150287E0));
#3293=CARTESIAN_POINT('',(-1.595125669167E0,-7.054601719550E0,
-1.926992972913E0));
#3294=CARTESIAN_POINT('',(-1.650433581474E0,-7.036574402902E0,
-1.877920125524E0));
#3295=CARTESIAN_POINT('',(-1.668030474400E0,-7.029999951243E0,
-1.862157080811E0));
#3296=CARTESIAN_POINT('',(-1.269274106664E0,-6.919800182263E0,
-2.099133022304E0));
#3297=CARTESIAN_POINT('',(-1.274208705712E0,-6.919832861789E0,
-2.096294324718E0));
#3298=CARTESIAN_POINT('',(-1.313770743427E0,-6.919877256293E0,
-2.073499504287E0));
#3299=CARTESIAN_POINT('',(-1.390828722560E0,-6.916517043425E0,
-2.028538309793E0));
#3300=CARTESIAN_POINT('',(-1.501822718144E0,-6.901981204430E0,
-1.962480315280E0));
#3301=CARTESIAN_POINT('',(-1.595127123332E0,-6.879572655420E0,
-1.906154363595E0));
#3302=CARTESIAN_POINT('',(-1.650435082256E0,-6.860838552614E0,
-1.872751887473E0));
#3303=CARTESIAN_POINT('',(-1.668031991188E0,-6.854263966446E0,
-1.862159600087E0));
#3304=CARTESIAN_POINT('',(-1.340910858277E0,-6.760759432264E0,
-2.120507700057E0));
#3305=CARTESIAN_POINT('',(-1.345898824618E0,-6.760939146512E0,
-2.118583801637E0));
#3306=CARTESIAN_POINT('',(-1.385912635142E0,-6.762237777235E0,
-2.103120167494E0));
#3307=CARTESIAN_POINT('',(-1.464218425584E0,-6.762512142834E0,
-2.072384262216E0));
#3308=CARTESIAN_POINT('',(-1.577980574136E0,-6.756499399674E0,
-2.026516496362E0));
#3309=CARTESIAN_POINT('',(-1.674617609798E0,-6.744619571147E0,
-1.986597858463E0));
#3310=CARTESIAN_POINT('',(-1.732473884367E0,-6.733852516949E0,
-1.962441252605E0));
#3311=CARTESIAN_POINT('',(-1.750945671707E0,-6.730001288613E0,
-1.954721905076E0));
#3312=CARTESIAN_POINT('',(-1.442219713864E0,-6.685522214233E0,
-2.242812842004E0));
#3313=CARTESIAN_POINT('',(-1.447283152351E0,-6.686458053667E0,
-2.241291476802E0));
#3314=CARTESIAN_POINT('',(-1.487935861E0,-6.693875158638E0,-2.228989335016E0));
#3315=CARTESIAN_POINT('',(-1.568006309009E0,-6.706946185305E0,
-2.203354797877E0));
#3316=CARTESIAN_POINT('',(-1.685683185727E0,-6.721528995611E0,
-2.161554614432E0));
#3317=CARTESIAN_POINT('',(-1.787033234915E0,-6.728795210563E0,
-2.121201311129E0));
#3318=CARTESIAN_POINT('',(-1.848493343214E0,-6.730002106368E0,
-2.094450033708E0));
#3319=CARTESIAN_POINT('',(-1.868202385571E0,-6.730002441145E0,
-2.085622899426E0));
#3320=(BOUNDED_SURFACE()B_SPLINE_SURFACE(3,3,((#3288,#3289,#3290,#3291,#3292,
#3293,#3294,#3295),(#3296,#3297,#3298,#3299,#3300,#3301,#3302,#3303),(#3304,
#3305,#3306,#3307,#3308,#3309,#3310,#3311),(#3312,#3313,#3314,#3315,#3316,#3317,
#3318,#3319)),.UNSPECIFIED.,.F.,.F.,.F.)B_SPLINE_SURFACE_WITH_KNOTS((4,4),(4,1,
1,1,1,4),(1.281789363775E-11,1.E0),(5.798304283212E-1,5.868097431679E-1,
6.358845275024E-1,6.905906983863E-1,7.514510585218E-1,7.806289911632E-1),
.UNSPECIFIED.)GEOMETRIC_REPRESENTATION_ITEM()RATIONAL_B_SPLINE_SURFACE(((
1.171570478372E0,1.171570478372E0,1.171570478372E0,1.171570478372E0,
1.171570478372E0,1.171570478372E0,1.171570478372E0,1.171570478372E0),(
9.428098405397E-1,9.428098405397E-1,9.428098405397E-1,9.428098405397E-1,
9.428098405397E-1,9.428098405397E-1,9.428098405397E-1,9.428098405397E-1),(
9.428098405426E-1,9.428098405426E-1,9.428098405426E-1,9.428098405426E-1,
9.428098405426E-1,9.428098405426E-1,9.428098405426E-1,9.428098405426E-1),(
1.171570478381E0,1.171570478381E0,1.171570478381E0,1.171570478381E0,
1.171570478381E0,1.171570478381E0,1.171570478381E0,1.171570478381E0)))REPRESENTATION_ITEM('')SURFACE());
#3322=ORIENTED_EDGE('',*,*,#3321,.T.);
#3324=ORIENTED_EDGE('',*,*,#3323,.T.);
#3325=ORIENTED_EDGE('',*,*,#3279,.T.);
#3326=ORIENTED_EDGE('',*,*,#3266,.T.);
#3327=ORIENTED_EDGE('',*,*,#2700,.F.);
#3328=EDGE_LOOP('',(#3322,#3324,#3325,#3326,#3327));
#3329=FACE_OUTER_BOUND('',#3328,.F.);
#3330=ADVANCED_FACE('',(#3329),#3320,.F.);
#3331=CARTESIAN_POINT('',(0.E0,-7.03E0,0.E0));
#3332=DIRECTION('',(0.E0,-1.E0,0.E0));
#3333=DIRECTION('',(-6.584363223745E-1,0.E0,-7.526364390448E-1));
#3334=AXIS2_PLACEMENT_3D('',#3331,#3332,#3333);
#3335=TOROIDAL_SURFACE('',#3334,2.8E0,3.E-1);
#3337=ORIENTED_EDGE('',*,*,#3336,.T.);
#3339=ORIENTED_EDGE('',*,*,#3338,.T.);
#3340=ORIENTED_EDGE('',*,*,#3321,.F.);
#3341=ORIENTED_EDGE('',*,*,#2724,.F.);
#3343=ORIENTED_EDGE('',*,*,#3342,.T.);
#3344=EDGE_LOOP('',(#3337,#3339,#3340,#3341,#3343));
#3345=FACE_OUTER_BOUND('',#3344,.F.);
#3346=ADVANCED_FACE('',(#3345),#3335,.F.);
#3347=CARTESIAN_POINT('',(0.E0,-6.73E0,0.E0));
#3348=DIRECTION('',(0.E0,-1.E0,0.E0));
#3349=DIRECTION('',(1.E0,0.E0,0.E0));
#3350=AXIS2_PLACEMENT_3D('',#3347,#3348,#3349);
#3351=CYLINDRICAL_SURFACE('',#3350,2.5E0);
#3352=ORIENTED_EDGE('',*,*,#3338,.F.);
#3353=ORIENTED_EDGE('',*,*,#3336,.F.);
#3355=ORIENTED_EDGE('',*,*,#3354,.F.);
#3357=ORIENTED_EDGE('',*,*,#3356,.T.);
#3359=ORIENTED_EDGE('',*,*,#3358,.F.);
#3361=ORIENTED_EDGE('',*,*,#3360,.F.);
#3362=ORIENTED_EDGE('',*,*,#3281,.T.);
#3363=ORIENTED_EDGE('',*,*,#3323,.F.);
#3364=EDGE_LOOP('',(#3352,#3353,#3355,#3357,#3359,#3361,#3362,#3363));
#3365=FACE_OUTER_BOUND('',#3364,.F.);
#3366=ADVANCED_FACE('',(#3365),#3351,.T.);
#3367=CARTESIAN_POINT('',(-1.668030766729E0,-7.029999630676E0,
1.862155679242E0));
#3368=CARTESIAN_POINT('',(-1.646537780557E0,-7.038030031334E0,
1.881405715217E0));
#3369=CARTESIAN_POINT('',(-1.585674354040E0,-7.057238858989E0,
1.935292688374E0));
#3370=CARTESIAN_POINT('',(-1.484912113229E0,-7.074830856926E0,
2.021117135814E0));
#3371=CARTESIAN_POINT('',(-1.372851053415E0,-7.078494965833E0,
2.111760970346E0));
#3372=CARTESIAN_POINT('',(-1.301476989458E0,-7.073273641947E0,
2.166865268668E0));
#3373=CARTESIAN_POINT('',(-1.269274909144E0,-7.069481076129E0,
2.191207633558E0));
#3374=CARTESIAN_POINT('',(-1.668032623960E0,-6.854263822498E0,
1.862158827175E0));
#3375=CARTESIAN_POINT('',(-1.646539613869E0,-6.862294040137E0,
1.875093932020E0));
#3376=CARTESIAN_POINT('',(-1.585676125621E0,-6.882448258226E0,
1.911875924049E0));
#3377=CARTESIAN_POINT('',(-1.484913807671E0,-6.905109095056E0,
1.972637751381E0));
#3378=CARTESIAN_POINT('',(-1.372852689402E0,-6.917903393782E0,
2.039120361638E0));
#3379=CARTESIAN_POINT('',(-1.301478601892E0,-6.920014254725E0,
2.080605496626E0));
#3380=CARTESIAN_POINT('',(-1.269276513772E0,-6.919799518658E0,
2.099131977428E0));
#3381=CARTESIAN_POINT('',(-1.750946539246E0,-6.730001569347E0,
1.954721435996E0));
#3382=CARTESIAN_POINT('',(-1.728385730243E0,-6.734705565936E0,
1.964148322632E0));
#3383=CARTESIAN_POINT('',(-1.664766329628E0,-6.746234587099E0,
1.990704845868E0));
#3384=CARTESIAN_POINT('',(-1.560560230282E0,-6.758024103401E0,
2.033639219668E0));
#3385=CARTESIAN_POINT('',(-1.445889416606E0,-6.762844353295E0,
2.079660680035E0));
#3386=CARTESIAN_POINT('',(-1.373463847243E0,-6.761933124407E0,
2.107951152495E0));
#3387=CARTESIAN_POINT('',(-1.340913247815E0,-6.760759325208E0,
2.120507176891E0));
#3388=CARTESIAN_POINT('',(-1.868203425782E0,-6.730002874437E0,
2.085622433555E0));
#3389=CARTESIAN_POINT('',(-1.844132535203E0,-6.730003036626E0,
2.096402849387E0));
#3390=CARTESIAN_POINT('',(-1.776615722403E0,-6.728388717795E0,
2.125603263340E0));
#3391=CARTESIAN_POINT('',(-1.667539426263E0,-6.719734926590E0,
2.168388267216E0));
#3392=CARTESIAN_POINT('',(-1.549177980476E0,-6.704147905544E0,
2.209634328567E0));
#3393=CARTESIAN_POINT('',(-1.475265405127E0,-6.691630583690E0,
2.232883772680E0));
#3394=CARTESIAN_POINT('',(-1.442221940892E0,-6.685522625857E0,
2.242812125994E0));
#3395=(BOUNDED_SURFACE()B_SPLINE_SURFACE(3,3,((#3367,#3368,#3369,#3370,#3371,
#3372,#3373),(#3374,#3375,#3376,#3377,#3378,#3379,#3380),(#3381,#3382,#3383,
#3384,#3385,#3386,#3387),(#3388,#3389,#3390,#3391,#3392,#3393,#3394)),
.UNSPECIFIED.,.F.,.F.,.F.)B_SPLINE_SURFACE_WITH_KNOTS((4,4),(4,1,1,1,4),(0.E0,
1.E0),(2.193545736614E-1,2.549886370277E-1,3.180350027017E-1,3.745989070731E-1,
4.201443663203E-1),.UNSPECIFIED.)GEOMETRIC_REPRESENTATION_ITEM()RATIONAL_B_SPLINE_SURFACE(((1.171569728870E0,1.171569728870E0,1.171569728870E0,1.171569728870E0,
1.171569728870E0,1.171569728870E0,1.171569728870E0),(9.428100903768E-1,
9.428100903768E-1,9.428100903768E-1,9.428100903768E-1,9.428100903768E-1,
9.428100903768E-1,9.428100903768E-1),(9.428100903768E-1,9.428100903768E-1,
9.428100903768E-1,9.428100903768E-1,9.428100903768E-1,9.428100903768E-1,
9.428100903768E-1),(1.171569728870E0,1.171569728870E0,1.171569728870E0,
1.171569728870E0,1.171569728870E0,1.171569728870E0,1.171569728870E0)))REPRESENTATION_ITEM('')SURFACE());
#3396=ORIENTED_EDGE('',*,*,#3342,.F.);
#3397=ORIENTED_EDGE('',*,*,#2851,.F.);
#3399=ORIENTED_EDGE('',*,*,#3398,.F.);
#3401=ORIENTED_EDGE('',*,*,#3400,.F.);
#3402=ORIENTED_EDGE('',*,*,#3354,.T.);
#3403=EDGE_LOOP('',(#3396,#3397,#3399,#3401,#3402));
#3404=FACE_OUTER_BOUND('',#3403,.F.);
#3405=ADVANCED_FACE('',(#3404),#3395,.F.);
#3406=CARTESIAN_POINT('',(-2.718393432185E0,-6.941045492753E0,2.4E0));
#3407=DIRECTION('',(1.E0,0.E0,0.E0));
#3408=DIRECTION('',(0.E0,0.E0,-1.E0));
#3409=AXIS2_PLACEMENT_3D('',#3406,#3407,#3408);
#3410=CYLINDRICAL_SURFACE('',#3409,3.E-1);
#3412=ORIENTED_EDGE('',*,*,#3411,.T.);
#3413=ORIENTED_EDGE('',*,*,#3398,.T.);
#3414=ORIENTED_EDGE('',*,*,#2849,.F.);
#3416=ORIENTED_EDGE('',*,*,#3415,.F.);
#3417=EDGE_LOOP('',(#3412,#3413,#3414,#3416));
#3418=FACE_OUTER_BOUND('',#3417,.F.);
#3419=ADVANCED_FACE('',(#3418),#3410,.F.);
#3420=CARTESIAN_POINT('',(1.356465996625E0,-6.73E0,2.1E0));
#3421=DIRECTION('',(0.E0,0.E0,1.E0));
#3422=DIRECTION('',(-1.E0,0.E0,0.E0));
#3423=AXIS2_PLACEMENT_3D('',#3420,#3421,#3422);
#3424=PLANE('',#3423);
#3425=ORIENTED_EDGE('',*,*,#3411,.F.);
#3427=ORIENTED_EDGE('',*,*,#3426,.F.);
#3428=ORIENTED_EDGE('',*,*,#3209,.F.);
#3430=ORIENTED_EDGE('',*,*,#3429,.F.);
#3431=ORIENTED_EDGE('',*,*,#3356,.F.);
#3432=ORIENTED_EDGE('',*,*,#3400,.T.);
#3433=EDGE_LOOP('',(#3425,#3427,#3428,#3430,#3431,#3432));
#3434=FACE_OUTER_BOUND('',#3433,.F.);
#3435=ADVANCED_FACE('',(#3434),#3424,.T.);
#3436=CARTESIAN_POINT('',(1.269272796172E0,-7.069481660743E0,2.191209655773E0));
#3437=CARTESIAN_POINT('',(1.274207394243E0,-7.070062525932E0,2.187479763627E0));
#3438=CARTESIAN_POINT('',(1.313769423694E0,-7.074451628051E0,2.157478521268E0));
#3439=CARTESIAN_POINT('',(1.39082738E0,-7.078747980703E0,2.097500998614E0));
#3440=CARTESIAN_POINT('',(1.501821324945E0,-7.072754157917E0,2.006957150284E0));
#3441=CARTESIAN_POINT('',(1.595125669155E0,-7.054601719542E0,1.926992972922E0));
#3442=CARTESIAN_POINT('',(1.650433581452E0,-7.036574402899E0,1.877920125544E0));
#3443=CARTESIAN_POINT('',(1.668030474366E0,-7.029999951244E0,1.862157080840E0));
#3444=CARTESIAN_POINT('',(1.269274106668E0,-6.919800182255E0,2.099133022305E0));
#3445=CARTESIAN_POINT('',(1.274208705716E0,-6.919832861782E0,2.096294324719E0));
#3446=CARTESIAN_POINT('',(1.313770743431E0,-6.919877256285E0,2.073499504288E0));
#3447=CARTESIAN_POINT('',(1.390828722564E0,-6.916517043418E0,2.028538309795E0));
#3448=CARTESIAN_POINT('',(1.501822718148E0,-6.901981204424E0,1.962480315284E0));
#3449=CARTESIAN_POINT('',(1.595127123324E0,-6.879572655417E0,1.906154363607E0));
#3450=CARTESIAN_POINT('',(1.650435082238E0,-6.860838552615E0,1.872751887492E0));
#3451=CARTESIAN_POINT('',(1.668031991158E0,-6.854263966452E0,1.862159600113E0));
#3452=CARTESIAN_POINT('',(1.340910858280E0,-6.760759432262E0,2.120507700061E0));
#3453=CARTESIAN_POINT('',(1.345898824621E0,-6.760939146510E0,2.118583801641E0));
#3454=CARTESIAN_POINT('',(1.385912635145E0,-6.762237777233E0,2.103120167498E0));
#3455=CARTESIAN_POINT('',(1.464218425588E0,-6.762512142832E0,2.072384262220E0));
#3456=CARTESIAN_POINT('',(1.577980574140E0,-6.756499399673E0,2.026516496366E0));
#3457=CARTESIAN_POINT('',(1.674617609789E0,-6.744619571149E0,1.986597858472E0));
#3458=CARTESIAN_POINT('',(1.732473884347E0,-6.733852516953E0,1.962441252618E0));
#3459=CARTESIAN_POINT('',(1.750945671676E0,-6.730001288620E0,1.954721905094E0));
#3460=CARTESIAN_POINT('',(1.442219713864E0,-6.685522214233E0,2.242812842004E0));
#3461=CARTESIAN_POINT('',(1.447283152351E0,-6.686458053667E0,2.241291476802E0));
#3462=CARTESIAN_POINT('',(1.487935861E0,-6.693875158638E0,2.228989335016E0));
#3463=CARTESIAN_POINT('',(1.568006309009E0,-6.706946185305E0,2.203354797877E0));
#3464=CARTESIAN_POINT('',(1.685683185727E0,-6.721528995611E0,2.161554614432E0));
#3465=CARTESIAN_POINT('',(1.787033234902E0,-6.728795210562E0,2.121201311133E0));
#3466=CARTESIAN_POINT('',(1.848493343189E0,-6.730002106367E0,2.094450033720E0));
#3467=CARTESIAN_POINT('',(1.868202385534E0,-6.730002441145E0,2.085622899443E0));
#3468=(BOUNDED_SURFACE()B_SPLINE_SURFACE(3,3,((#3436,#3437,#3438,#3439,#3440,
#3441,#3442,#3443),(#3444,#3445,#3446,#3447,#3448,#3449,#3450,#3451),(#3452,
#3453,#3454,#3455,#3456,#3457,#3458,#3459),(#3460,#3461,#3462,#3463,#3464,#3465,
#3466,#3467)),.UNSPECIFIED.,.F.,.F.,.F.)B_SPLINE_SURFACE_WITH_KNOTS((4,4),(4,1,
1,1,1,4),(4.602181981102E-12,1.E0),(5.798304283212E-1,5.868097431679E-1,
6.358845275024E-1,6.905906983863E-1,7.514510585218E-1,7.806289911446E-1),
.UNSPECIFIED.)GEOMETRIC_REPRESENTATION_ITEM()RATIONAL_B_SPLINE_SURFACE(((
1.171570478366E0,1.171570478366E0,1.171570478366E0,1.171570478366E0,
1.171570478366E0,1.171570478366E0,1.171570478366E0,1.171570478366E0),(
9.428098405437E-1,9.428098405437E-1,9.428098405437E-1,9.428098405437E-1,
9.428098405437E-1,9.428098405437E-1,9.428098405437E-1,9.428098405437E-1),(
9.428098405448E-1,9.428098405448E-1,9.428098405448E-1,9.428098405448E-1,
9.428098405448E-1,9.428098405448E-1,9.428098405448E-1,9.428098405448E-1),(
1.171570478369E0,1.171570478369E0,1.171570478369E0,1.171570478369E0,
1.171570478369E0,1.171570478369E0,1.171570478369E0,1.171570478369E0)))REPRESENTATION_ITEM('')SURFACE());
#3469=ORIENTED_EDGE('',*,*,#3211,.T.);
#3470=ORIENTED_EDGE('',*,*,#3426,.T.);
#3471=ORIENTED_EDGE('',*,*,#3415,.T.);
#3472=ORIENTED_EDGE('',*,*,#2847,.F.);
#3473=ORIENTED_EDGE('',*,*,#3188,.T.);
#3474=EDGE_LOOP('',(#3469,#3470,#3471,#3472,#3473));
#3475=FACE_OUTER_BOUND('',#3474,.F.);
#3476=ADVANCED_FACE('',(#3475),#3468,.F.);
#3477=CARTESIAN_POINT('',(1.296148139682E0,-8.73E0,2.1E0));
#3478=DIRECTION('',(0.E0,-7.071067811865E-1,7.071067811865E-1));
#3479=DIRECTION('',(-1.E0,0.E0,0.E0));
#3480=AXIS2_PLACEMENT_3D('',#3477,#3478,#3479);
#3481=PLANE('',#3480);
#3482=ORIENTED_EDGE('',*,*,#3429,.T.);
#3484=ORIENTED_EDGE('',*,*,#3483,.F.);
#3486=ORIENTED_EDGE('',*,*,#3485,.F.);
#3488=ORIENTED_EDGE('',*,*,#3487,.T.);
#3489=EDGE_LOOP('',(#3482,#3484,#3486,#3488));
#3490=FACE_OUTER_BOUND('',#3489,.F.);
#3491=ADVANCED_FACE('',(#3490),#3481,.T.);
#3492=CARTESIAN_POINT('',(0.E0,-8.83E0,0.E0));
#3493=DIRECTION('',(0.E0,1.E0,0.E0));
#3494=DIRECTION('',(-1.E0,0.E0,0.E0));
#3495=AXIS2_PLACEMENT_3D('',#3492,#3493,#3494);
#3496=CONICAL_SURFACE('',#3495,2.4E0,4.5E1);
#3497=ORIENTED_EDGE('',*,*,#3207,.T.);
#3498=ORIENTED_EDGE('',*,*,#3205,.T.);
#3500=ORIENTED_EDGE('',*,*,#3499,.F.);
#3502=ORIENTED_EDGE('',*,*,#3501,.T.);
#3504=ORIENTED_EDGE('',*,*,#3503,.T.);
#3505=ORIENTED_EDGE('',*,*,#3483,.T.);
#3506=EDGE_LOOP('',(#3497,#3498,#3500,#3502,#3504,#3505));
#3507=FACE_OUTER_BOUND('',#3506,.F.);
#3508=ADVANCED_FACE('',(#3507),#3496,.T.);
#3509=CARTESIAN_POINT('',(-1.296148139682E0,-8.73E0,-2.1E0));
#3510=DIRECTION('',(0.E0,-7.071067811865E-1,-7.071067811865E-1));
#3511=DIRECTION('',(1.E0,0.E0,0.E0));
#3512=AXIS2_PLACEMENT_3D('',#3509,#3510,#3511);
#3513=PLANE('',#3512);
#3514=ORIENTED_EDGE('',*,*,#3283,.T.);
#3516=ORIENTED_EDGE('',*,*,#3515,.F.);
#3518=ORIENTED_EDGE('',*,*,#3517,.F.);
#3519=ORIENTED_EDGE('',*,*,#3499,.T.);
#3520=EDGE_LOOP('',(#3514,#3516,#3518,#3519));
#3521=FACE_OUTER_BOUND('',#3520,.F.);
#3522=ADVANCED_FACE('',(#3521),#3513,.T.);
#3523=CARTESIAN_POINT('',(0.E0,-8.83E0,0.E0));
#3524=DIRECTION('',(0.E0,1.E0,0.E0));
#3525=DIRECTION('',(-1.E0,0.E0,0.E0));
#3526=AXIS2_PLACEMENT_3D('',#3523,#3524,#3525);
#3527=CONICAL_SURFACE('',#3526,2.4E0,4.5E1);
#3528=ORIENTED_EDGE('',*,*,#3360,.T.);
#3529=ORIENTED_EDGE('',*,*,#3358,.T.);
#3530=ORIENTED_EDGE('',*,*,#3487,.F.);
#3532=ORIENTED_EDGE('',*,*,#3531,.T.);
#3534=ORIENTED_EDGE('',*,*,#3533,.T.);
#3535=ORIENTED_EDGE('',*,*,#3515,.T.);
#3536=EDGE_LOOP('',(#3528,#3529,#3530,#3532,#3534,#3535));
#3537=FACE_OUTER_BOUND('',#3536,.F.);
#3538=ADVANCED_FACE('',(#3537),#3527,.T.);
#3539=CARTESIAN_POINT('',(0.E0,-8.73E0,0.E0));
#3540=DIRECTION('',(0.E0,-1.E0,0.E0));
#3541=DIRECTION('',(1.E0,0.E0,0.E0));
#3542=AXIS2_PLACEMENT_3D('',#3539,#3540,#3541);
#3543=CYLINDRICAL_SURFACE('',#3542,2.3E0);
#3545=ORIENTED_EDGE('',*,*,#3544,.F.);
#3547=ORIENTED_EDGE('',*,*,#3546,.F.);
#3549=ORIENTED_EDGE('',*,*,#3548,.T.);
#3550=ORIENTED_EDGE('',*,*,#3533,.F.);
#3551=ORIENTED_EDGE('',*,*,#3531,.F.);
#3553=ORIENTED_EDGE('',*,*,#3552,.T.);
#3554=EDGE_LOOP('',(#3545,#3547,#3549,#3550,#3551,#3553));
#3555=FACE_OUTER_BOUND('',#3554,.F.);
#3556=ADVANCED_FACE('',(#3555),#3543,.T.);
#3557=CARTESIAN_POINT('',(2.735360008499E-7,-1.268000005662E1,
-3.292069736469E-7));
#3558=DIRECTION('',(0.E0,1.E0,0.E0));
#3559=DIRECTION('',(0.E0,0.E0,1.E0));
#3560=AXIS2_PLACEMENT_3D('',#3557,#3558,#3559);
#3561=CONICAL_SURFACE('',#3560,2.200000289862E0,4.500000095695E1);
#3563=ORIENTED_EDGE('',*,*,#3562,.F.);
#3565=ORIENTED_EDGE('',*,*,#3564,.T.);
#3566=ORIENTED_EDGE('',*,*,#3546,.T.);
#3567=ORIENTED_EDGE('',*,*,#3544,.T.);
#3569=ORIENTED_EDGE('',*,*,#3568,.F.);
#3570=EDGE_LOOP('',(#3563,#3565,#3566,#3567,#3569));
#3571=FACE_OUTER_BOUND('',#3570,.F.);
#3572=ADVANCED_FACE('',(#3571),#3561,.T.);
#3573=CARTESIAN_POINT('',(0.E0,-1.278E1,0.E0));
#3574=DIRECTION('',(0.E0,-1.E0,0.E0));
#3575=DIRECTION('',(1.E0,0.E0,0.E0));
#3576=AXIS2_PLACEMENT_3D('',#3573,#3574,#3575);
#3577=PLANE('',#3576);
#3579=ORIENTED_EDGE('',*,*,#3578,.T.);
#3581=ORIENTED_EDGE('',*,*,#3580,.T.);
#3582=ORIENTED_EDGE('',*,*,#3562,.T.);
#3584=ORIENTED_EDGE('',*,*,#3583,.T.);
#3585=EDGE_LOOP('',(#3579,#3581,#3582,#3584));
#3586=FACE_OUTER_BOUND('',#3585,.F.);
#3587=ADVANCED_FACE('',(#3586),#3577,.T.);
#3588=CARTESIAN_POINT('',(-2.735360007389E-7,-1.268000005662E1,
3.292069613474E-7));
#3589=DIRECTION('',(0.E0,1.E0,0.E0));
#3590=DIRECTION('',(0.E0,0.E0,1.E0));
#3591=AXIS2_PLACEMENT_3D('',#3588,#3589,#3590);
#3592=CONICAL_SURFACE('',#3591,2.200000289862E0,4.500000095695E1);
#3593=ORIENTED_EDGE('',*,*,#3578,.F.);
#3595=ORIENTED_EDGE('',*,*,#3594,.T.);
#3597=ORIENTED_EDGE('',*,*,#3596,.T.);
#3599=ORIENTED_EDGE('',*,*,#3598,.T.);
#3601=ORIENTED_EDGE('',*,*,#3600,.F.);
#3602=EDGE_LOOP('',(#3593,#3595,#3597,#3599,#3601));
#3603=FACE_OUTER_BOUND('',#3602,.F.);
#3604=ADVANCED_FACE('',(#3603),#3592,.T.);
#3605=CARTESIAN_POINT('',(0.E0,-1.268E1,1.8E0));
#3606=DIRECTION('',(0.E0,-7.071067811865E-1,7.071067811865E-1));
#3607=DIRECTION('',(0.E0,7.071067811865E-1,7.071067811865E-1));
#3608=AXIS2_PLACEMENT_3D('',#3605,#3606,#3607);
#3609=PLANE('',#3608);
#3610=ORIENTED_EDGE('',*,*,#3583,.F.);
#3611=ORIENTED_EDGE('',*,*,#3568,.T.);
#3613=ORIENTED_EDGE('',*,*,#3612,.T.);
#3614=ORIENTED_EDGE('',*,*,#3594,.F.);
#3615=EDGE_LOOP('',(#3610,#3611,#3613,#3614));
#3616=FACE_OUTER_BOUND('',#3615,.F.);
#3617=ADVANCED_FACE('',(#3616),#3609,.T.);
#3618=CARTESIAN_POINT('',(1.296148139682E0,-8.73E0,1.9E0));
#3619=DIRECTION('',(0.E0,0.E0,1.E0));
#3620=DIRECTION('',(-1.E0,0.E0,0.E0));
#3621=AXIS2_PLACEMENT_3D('',#3618,#3619,#3620);
#3622=PLANE('',#3621);
#3623=ORIENTED_EDGE('',*,*,#3612,.F.);
#3624=ORIENTED_EDGE('',*,*,#3552,.F.);
#3625=ORIENTED_EDGE('',*,*,#3485,.T.);
#3627=ORIENTED_EDGE('',*,*,#3626,.F.);
#3628=EDGE_LOOP('',(#3623,#3624,#3625,#3627));
#3629=FACE_OUTER_BOUND('',#3628,.F.);
#3630=ADVANCED_FACE('',(#3629),#3622,.T.);
#3631=CARTESIAN_POINT('',(0.E0,-8.73E0,0.E0));
#3632=DIRECTION('',(0.E0,-1.E0,0.E0));
#3633=DIRECTION('',(1.E0,0.E0,0.E0));
#3634=AXIS2_PLACEMENT_3D('',#3631,#3632,#3633);
#3635=CYLINDRICAL_SURFACE('',#3634,2.3E0);
#3636=ORIENTED_EDGE('',*,*,#3598,.F.);
#3637=ORIENTED_EDGE('',*,*,#3596,.F.);
#3638=ORIENTED_EDGE('',*,*,#3626,.T.);
#3639=ORIENTED_EDGE('',*,*,#3503,.F.);
#3640=ORIENTED_EDGE('',*,*,#3501,.F.);
#3642=ORIENTED_EDGE('',*,*,#3641,.T.);
#3643=EDGE_LOOP('',(#3636,#3637,#3638,#3639,#3640,#3642));
#3644=FACE_OUTER_BOUND('',#3643,.F.);
#3645=ADVANCED_FACE('',(#3644),#3635,.T.);
#3646=CARTESIAN_POINT('',(-1.296148139682E0,-8.73E0,-1.9E0));
#3647=DIRECTION('',(0.E0,0.E0,-1.E0));
#3648=DIRECTION('',(1.E0,0.E0,0.E0));
#3649=AXIS2_PLACEMENT_3D('',#3646,#3647,#3648);
#3650=PLANE('',#3649);
#3652=ORIENTED_EDGE('',*,*,#3651,.F.);
#3653=ORIENTED_EDGE('',*,*,#3641,.F.);
#3654=ORIENTED_EDGE('',*,*,#3517,.T.);
#3655=ORIENTED_EDGE('',*,*,#3548,.F.);
#3656=EDGE_LOOP('',(#3652,#3653,#3654,#3655));
#3657=FACE_OUTER_BOUND('',#3656,.F.);
#3658=ADVANCED_FACE('',(#3657),#3650,.T.);
#3659=CARTESIAN_POINT('',(0.E0,-1.268E1,-1.8E0));
#3660=DIRECTION('',(0.E0,-7.071067811865E-1,-7.071067811865E-1));
#3661=DIRECTION('',(0.E0,7.071067811865E-1,-7.071067811865E-1));
#3662=AXIS2_PLACEMENT_3D('',#3659,#3660,#3661);
#3663=PLANE('',#3662);
#3664=ORIENTED_EDGE('',*,*,#3651,.T.);
#3665=ORIENTED_EDGE('',*,*,#3564,.F.);
#3666=ORIENTED_EDGE('',*,*,#3580,.F.);
#3667=ORIENTED_EDGE('',*,*,#3600,.T.);
#3668=EDGE_LOOP('',(#3664,#3665,#3666,#3667));
#3669=FACE_OUTER_BOUND('',#3668,.F.);
#3670=ADVANCED_FACE('',(#3669),#3663,.T.);
#3671=CARTESIAN_POINT('',(0.E0,-1.385206360419E1,0.E0));
#3672=DIRECTION('',(0.E0,-1.E0,0.E0));
#3673=DIRECTION('',(1.E0,0.E0,0.E0));
#3674=AXIS2_PLACEMENT_3D('',#3671,#3672,#3673);
#3675=CONICAL_SURFACE('',#3674,1.025E0,3.170154515080E0);
#3677=ORIENTED_EDGE('',*,*,#3676,.T.);
#3679=ORIENTED_EDGE('',*,*,#3678,.T.);
#3681=ORIENTED_EDGE('',*,*,#3680,.F.);
#3683=ORIENTED_EDGE('',*,*,#3682,.F.);
#3684=EDGE_LOOP('',(#3677,#3679,#3681,#3683));
#3685=FACE_OUTER_BOUND('',#3684,.F.);
#3686=ADVANCED_FACE('',(#3685),#3675,.T.);
#3687=CARTESIAN_POINT('',(0.E0,-1.385206360419E1,0.E0));
#3688=DIRECTION('',(0.E0,-1.E0,0.E0));
#3689=DIRECTION('',(1.E0,0.E0,0.E0));
#3690=AXIS2_PLACEMENT_3D('',#3687,#3688,#3689);
#3691=CONICAL_SURFACE('',#3690,1.025E0,3.170154515080E0);
#3692=ORIENTED_EDGE('',*,*,#3676,.F.);
#3694=ORIENTED_EDGE('',*,*,#3693,.F.);
#3695=ORIENTED_EDGE('',*,*,#3680,.T.);
#3697=ORIENTED_EDGE('',*,*,#3696,.T.);
#3698=EDGE_LOOP('',(#3692,#3694,#3695,#3697));
#3699=FACE_OUTER_BOUND('',#3698,.F.);
#3700=ADVANCED_FACE('',(#3699),#3691,.T.);
#3701=CARTESIAN_POINT('',(0.E0,-1.707816083304E1,0.E0));
#3702=DIRECTION('',(0.E0,-1.E0,0.E0));
#3703=DIRECTION('',(1.E0,0.E0,0.E0));
#3704=AXIS2_PLACEMENT_3D('',#3701,#3702,#3703);
#3705=SPHERICAL_SURFACE('',#3704,1.201839166959E0);
#3707=ORIENTED_EDGE('',*,*,#3706,.F.);
#3709=ORIENTED_EDGE('',*,*,#3708,.T.);
#3710=ORIENTED_EDGE('',*,*,#3693,.T.);
#3711=EDGE_LOOP('',(#3707,#3709,#3710));
#3712=FACE_OUTER_BOUND('',#3711,.F.);
#3713=ADVANCED_FACE('',(#3712),#3705,.T.);
#3714=CARTESIAN_POINT('',(0.E0,-1.707816083304E1,0.E0));
#3715=DIRECTION('',(0.E0,-1.E0,0.E0));
#3716=DIRECTION('',(1.E0,0.E0,0.E0));
#3717=AXIS2_PLACEMENT_3D('',#3714,#3715,#3716);
#3718=SPHERICAL_SURFACE('',#3717,1.201839166959E0);
#3719=ORIENTED_EDGE('',*,*,#3706,.T.);
#3720=ORIENTED_EDGE('',*,*,#3682,.T.);
#3721=ORIENTED_EDGE('',*,*,#3708,.F.);
#3722=EDGE_LOOP('',(#3719,#3720,#3721));
#3723=FACE_OUTER_BOUND('',#3722,.F.);
#3724=ADVANCED_FACE('',(#3723),#3718,.T.);
#3725=CARTESIAN_POINT('',(3.537867965629E0,1.332132034341E0,-2.21E0));
#3726=CARTESIAN_POINT('',(3.537867965630E0,1.332132034341E0,-2.379878066912E0));
#3727=CARTESIAN_POINT('',(3.622806999092E0,1.247193000891E0,-2.5E0));
#3728=CARTESIAN_POINT('',(3.742928932189E0,1.127071067811E0,-2.5E0));
#3729=CARTESIAN_POINT('',(3.759900505891E0,1.554164574634E0,-2.21E0));
#3730=CARTESIAN_POINT('',(3.759900505891E0,1.554164574634E0,-2.379878066912E0));
#3731=CARTESIAN_POINT('',(3.755936279537E0,1.380322281356E0,-2.5E0));
#3732=CARTESIAN_POINT('',(3.750330016864E0,1.134472152487E0,-2.5E0));
#3733=CARTESIAN_POINT('',(4.050000000015E0,1.434001429734E0,-2.209999999999E0));
#3734=CARTESIAN_POINT('',(4.050000000015E0,1.434001429734E0,-2.379878066911E0));
#3735=CARTESIAN_POINT('',(3.929878066921E0,1.308273233960E0,-2.5E0));
#3736=CARTESIAN_POINT('',(3.76E0,1.130466714324E0,-2.5E0));
#3737=CARTESIAN_POINT('',(4.05E0,1.119999999986E0,-2.21E0));
#3738=CARTESIAN_POINT('',(4.05E0,1.119999999986E0,-2.379878066912E0));
#3739=CARTESIAN_POINT('',(3.929878066912E0,1.119999999992E0,-2.5E0));
#3740=CARTESIAN_POINT('',(3.76E0,1.12E0,-2.5E0));
#3741=(BOUNDED_SURFACE()B_SPLINE_SURFACE(3,3,((#3725,#3726,#3727,#3728),(#3729,
#3730,#3731,#3732),(#3733,#3734,#3735,#3736),(#3737,#3738,#3739,#3740)),
.UNSPECIFIED.,.F.,.F.,.F.)B_SPLINE_SURFACE_WITH_KNOTS((4,4),(4,4),(0.E0,1.E0),(
0.E0,1.E0),.UNSPECIFIED.)GEOMETRIC_REPRESENTATION_ITEM()RATIONAL_B_SPLINE_SURFACE(((1.694636455283E0,1.363738104544E0,1.363738104544E0,1.694636455283E0),(
9.972183485782E-1,8.024993539278E-1,8.024993539278E-1,9.972183485782E-1),(
9.972183485782E-1,8.024993539278E-1,8.024993539278E-1,9.972183485782E-1),(
1.694636455283E0,1.363738104544E0,1.363738104544E0,1.694636455283E0)))REPRESENTATION_ITEM('')SURFACE());
#3742=ORIENTED_EDGE('',*,*,#3077,.F.);
#3743=ORIENTED_EDGE('',*,*,#3091,.T.);
#3744=ORIENTED_EDGE('',*,*,#2997,.T.);
#3745=ORIENTED_EDGE('',*,*,#3060,.T.);
#3746=EDGE_LOOP('',(#3742,#3743,#3744,#3745));
#3747=FACE_OUTER_BOUND('',#3746,.F.);
#3748=ADVANCED_FACE('',(#3747),#3741,.T.);
#3749=CARTESIAN_POINT('',(-4.05E0,1.12E0,-2.21E0));
#3750=CARTESIAN_POINT('',(-4.05E0,1.12E0,-2.379878066912E0));
#3751=CARTESIAN_POINT('',(-3.929878066912E0,1.12E0,-2.5E0));
#3752=CARTESIAN_POINT('',(-3.76E0,1.12E0,-2.5E0));
#3753=CARTESIAN_POINT('',(-4.05E0,1.434001429721E0,-2.21E0));
#3754=CARTESIAN_POINT('',(-4.05E0,1.434001429721E0,-2.379878066912E0));
#3755=CARTESIAN_POINT('',(-3.929878066912E0,1.308273233952E0,-2.5E0));
#3756=CARTESIAN_POINT('',(-3.76E0,1.130466714324E0,-2.5E0));
#3757=CARTESIAN_POINT('',(-3.759900505901E0,1.554164574613E0,-2.21E0));
#3758=CARTESIAN_POINT('',(-3.759900505901E0,1.554164574614E0,
-2.379878066912E0));
#3759=CARTESIAN_POINT('',(-3.755936279543E0,1.380322281344E0,-2.5E0));
#3760=CARTESIAN_POINT('',(-3.750330016863E0,1.134472152487E0,-2.5E0));
#3761=CARTESIAN_POINT('',(-3.537867965644E0,1.332132034356E0,-2.21E0));
#3762=CARTESIAN_POINT('',(-3.537867965644E0,1.332132034356E0,
-2.379878066912E0));
#3763=CARTESIAN_POINT('',(-3.622806999100E0,1.247193000900E0,-2.5E0));
#3764=CARTESIAN_POINT('',(-3.742928932188E0,1.127071067812E0,-2.5E0));
#3765=(BOUNDED_SURFACE()B_SPLINE_SURFACE(3,3,((#3749,#3750,#3751,#3752),(#3753,
#3754,#3755,#3756),(#3757,#3758,#3759,#3760),(#3761,#3762,#3763,#3764)),
.UNSPECIFIED.,.F.,.F.,.F.)B_SPLINE_SURFACE_WITH_KNOTS((4,4),(4,4),(0.E0,1.E0),(
0.E0,1.E0),.UNSPECIFIED.)GEOMETRIC_REPRESENTATION_ITEM()RATIONAL_B_SPLINE_SURFACE(((1.694636455215E0,1.363738104490E0,1.363738104490E0,1.694636455215E0),(
9.972183486004E-1,8.024993539460E-1,8.024993539460E-1,9.972183486004E-1),(
9.972183486004E-1,8.024993539460E-1,8.024993539460E-1,9.972183486004E-1),(
1.694636455215E0,1.363738104490E0,1.363738104490E0,1.694636455215E0)))REPRESENTATION_ITEM('')SURFACE());
#3766=ORIENTED_EDGE('',*,*,#2579,.F.);
#3767=ORIENTED_EDGE('',*,*,#2597,.T.);
#3768=ORIENTED_EDGE('',*,*,#2538,.T.);
#3769=ORIENTED_EDGE('',*,*,#2564,.T.);
#3770=EDGE_LOOP('',(#3766,#3767,#3768,#3769));
#3771=FACE_OUTER_BOUND('',#3770,.F.);
#3772=ADVANCED_FACE('',(#3771),#3765,.T.);
#3773=CARTESIAN_POINT('',(2.29E0,-1.18E0,0.E0));
#3774=DIRECTION('',(1.E0,0.E0,0.E0));
#3775=DIRECTION('',(0.E0,0.E0,1.E0));
#3776=AXIS2_PLACEMENT_3D('',#3773,#3774,#3775);
#3777=PLANE('',#3776);
#3779=ORIENTED_EDGE('',*,*,#3778,.T.);
#3781=ORIENTED_EDGE('',*,*,#3780,.T.);
#3783=ORIENTED_EDGE('',*,*,#3782,.T.);
#3785=ORIENTED_EDGE('',*,*,#3784,.T.);
#3787=ORIENTED_EDGE('',*,*,#3786,.T.);
#3789=ORIENTED_EDGE('',*,*,#3788,.F.);
#3791=ORIENTED_EDGE('',*,*,#3790,.T.);
#3793=ORIENTED_EDGE('',*,*,#3792,.T.);
#3794=EDGE_LOOP('',(#3779,#3781,#3783,#3785,#3787,#3789,#3791,#3793));
#3795=FACE_OUTER_BOUND('',#3794,.F.);
#3796=ADVANCED_FACE('',(#3795),#3777,.F.);
#3797=CARTESIAN_POINT('',(2.79E0,-1.18E0,0.E0));
#3798=DIRECTION('',(1.E0,0.E0,0.E0));
#3799=DIRECTION('',(0.E0,0.E0,1.E0));
#3800=AXIS2_PLACEMENT_3D('',#3797,#3798,#3799);
#3801=PLANE('',#3800);
#3803=ORIENTED_EDGE('',*,*,#3802,.T.);
#3805=ORIENTED_EDGE('',*,*,#3804,.T.);
#3807=ORIENTED_EDGE('',*,*,#3806,.T.);
#3809=ORIENTED_EDGE('',*,*,#3808,.T.);
#3811=ORIENTED_EDGE('',*,*,#3810,.T.);
#3813=ORIENTED_EDGE('',*,*,#3812,.F.);
#3815=ORIENTED_EDGE('',*,*,#3814,.T.);
#3817=ORIENTED_EDGE('',*,*,#3816,.T.);
#3818=EDGE_LOOP('',(#3803,#3805,#3807,#3809,#3811,#3813,#3815,#3817));
#3819=FACE_OUTER_BOUND('',#3818,.F.);
#3820=ADVANCED_FACE('',(#3819),#3801,.T.);
#3821=CARTESIAN_POINT('',(2.29E0,4.37E0,3.5E-1));
#3822=DIRECTION('',(0.E0,0.E0,1.E0));
#3823=DIRECTION('',(0.E0,-1.E0,0.E0));
#3824=AXIS2_PLACEMENT_3D('',#3821,#3822,#3823);
#3825=PLANE('',#3824);
#3826=ORIENTED_EDGE('',*,*,#3788,.T.);
#3828=ORIENTED_EDGE('',*,*,#3827,.F.);
#3829=ORIENTED_EDGE('',*,*,#3808,.F.);
#3831=ORIENTED_EDGE('',*,*,#3830,.T.);
#3832=EDGE_LOOP('',(#3826,#3828,#3829,#3831));
#3833=FACE_OUTER_BOUND('',#3832,.F.);
#3834=ADVANCED_FACE('',(#3833),#3825,.T.);
#3835=CARTESIAN_POINT('',(2.29E0,4.37E0,0.E0));
#3836=DIRECTION('',(1.E0,0.E0,0.E0));
#3837=DIRECTION('',(0.E0,0.E0,1.E0));
#3838=AXIS2_PLACEMENT_3D('',#3835,#3836,#3837);
#3839=CYLINDRICAL_SURFACE('',#3838,3.5E-1);
#3840=ORIENTED_EDGE('',*,*,#3786,.F.);
#3842=ORIENTED_EDGE('',*,*,#3841,.T.);
#3843=ORIENTED_EDGE('',*,*,#3810,.F.);
#3844=ORIENTED_EDGE('',*,*,#3827,.T.);
#3845=EDGE_LOOP('',(#3840,#3842,#3843,#3844));
#3846=FACE_OUTER_BOUND('',#3845,.F.);
#3847=ADVANCED_FACE('',(#3846),#3839,.T.);
#3848=CARTESIAN_POINT('',(2.29E0,4.37E0,-3.5E-1));
#3849=DIRECTION('',(0.E0,0.E0,1.E0));
#3850=DIRECTION('',(0.E0,-1.E0,0.E0));
#3851=AXIS2_PLACEMENT_3D('',#3848,#3849,#3850);
#3852=PLANE('',#3851);
#3853=ORIENTED_EDGE('',*,*,#3784,.F.);
#3855=ORIENTED_EDGE('',*,*,#3854,.T.);
#3856=ORIENTED_EDGE('',*,*,#3812,.T.);
#3857=ORIENTED_EDGE('',*,*,#3841,.F.);
#3858=EDGE_LOOP('',(#3853,#3855,#3856,#3857));
#3859=FACE_OUTER_BOUND('',#3858,.F.);
#3860=ADVANCED_FACE('',(#3859),#3852,.F.);
#3861=CARTESIAN_POINT('',(-2.5E-1,-1.18E0,0.E0));
#3862=DIRECTION('',(1.E0,0.E0,0.E0));
#3863=DIRECTION('',(0.E0,0.E0,1.E0));
#3864=AXIS2_PLACEMENT_3D('',#3861,#3862,#3863);
#3865=PLANE('',#3864);
#3867=ORIENTED_EDGE('',*,*,#3866,.T.);
#3869=ORIENTED_EDGE('',*,*,#3868,.T.);
#3871=ORIENTED_EDGE('',*,*,#3870,.T.);
#3873=ORIENTED_EDGE('',*,*,#3872,.T.);
#3875=ORIENTED_EDGE('',*,*,#3874,.T.);
#3877=ORIENTED_EDGE('',*,*,#3876,.F.);
#3879=ORIENTED_EDGE('',*,*,#3878,.T.);
#3881=ORIENTED_EDGE('',*,*,#3880,.T.);
#3882=EDGE_LOOP('',(#3867,#3869,#3871,#3873,#3875,#3877,#3879,#3881));
#3883=FACE_OUTER_BOUND('',#3882,.F.);
#3884=ADVANCED_FACE('',(#3883),#3865,.F.);
#3885=CARTESIAN_POINT('',(2.5E-1,-1.18E0,0.E0));
#3886=DIRECTION('',(1.E0,0.E0,0.E0));
#3887=DIRECTION('',(0.E0,0.E0,1.E0));
#3888=AXIS2_PLACEMENT_3D('',#3885,#3886,#3887);
#3889=PLANE('',#3888);
#3891=ORIENTED_EDGE('',*,*,#3890,.T.);
#3893=ORIENTED_EDGE('',*,*,#3892,.T.);
#3895=ORIENTED_EDGE('',*,*,#3894,.T.);
#3897=ORIENTED_EDGE('',*,*,#3896,.T.);
#3899=ORIENTED_EDGE('',*,*,#3898,.T.);
#3901=ORIENTED_EDGE('',*,*,#3900,.F.);
#3903=ORIENTED_EDGE('',*,*,#3902,.T.);
#3905=ORIENTED_EDGE('',*,*,#3904,.T.);
#3906=EDGE_LOOP('',(#3891,#3893,#3895,#3897,#3899,#3901,#3903,#3905));
#3907=FACE_OUTER_BOUND('',#3906,.F.);
#3908=ADVANCED_FACE('',(#3907),#3889,.T.);
#3909=CARTESIAN_POINT('',(-2.5E-1,4.37E0,3.5E-1));
#3910=DIRECTION('',(0.E0,0.E0,1.E0));
#3911=DIRECTION('',(0.E0,-1.E0,0.E0));
#3912=AXIS2_PLACEMENT_3D('',#3909,#3910,#3911);
#3913=PLANE('',#3912);
#3914=ORIENTED_EDGE('',*,*,#3876,.T.);
#3916=ORIENTED_EDGE('',*,*,#3915,.F.);
#3917=ORIENTED_EDGE('',*,*,#3896,.F.);
#3919=ORIENTED_EDGE('',*,*,#3918,.T.);
#3920=EDGE_LOOP('',(#3914,#3916,#3917,#3919));
#3921=FACE_OUTER_BOUND('',#3920,.F.);
#3922=ADVANCED_FACE('',(#3921),#3913,.T.);
#3923=CARTESIAN_POINT('',(-2.5E-1,4.37E0,0.E0));
#3924=DIRECTION('',(1.E0,0.E0,0.E0));
#3925=DIRECTION('',(0.E0,0.E0,1.E0));
#3926=AXIS2_PLACEMENT_3D('',#3923,#3924,#3925);
#3927=CYLINDRICAL_SURFACE('',#3926,3.5E-1);
#3928=ORIENTED_EDGE('',*,*,#3874,.F.);
#3930=ORIENTED_EDGE('',*,*,#3929,.T.);
#3931=ORIENTED_EDGE('',*,*,#3898,.F.);
#3932=ORIENTED_EDGE('',*,*,#3915,.T.);
#3933=EDGE_LOOP('',(#3928,#3930,#3931,#3932));
#3934=FACE_OUTER_BOUND('',#3933,.F.);
#3935=ADVANCED_FACE('',(#3934),#3927,.T.);
#3936=CARTESIAN_POINT('',(-2.5E-1,4.37E0,-3.5E-1));
#3937=DIRECTION('',(0.E0,0.E0,1.E0));
#3938=DIRECTION('',(0.E0,-1.E0,0.E0));
#3939=AXIS2_PLACEMENT_3D('',#3936,#3937,#3938);
#3940=PLANE('',#3939);
#3941=ORIENTED_EDGE('',*,*,#3872,.F.);
#3943=ORIENTED_EDGE('',*,*,#3942,.T.);
#3944=ORIENTED_EDGE('',*,*,#3900,.T.);
#3945=ORIENTED_EDGE('',*,*,#3929,.F.);
#3946=EDGE_LOOP('',(#3941,#3943,#3944,#3945));
#3947=FACE_OUTER_BOUND('',#3946,.F.);
#3948=ADVANCED_FACE('',(#3947),#3940,.F.);
#3949=CARTESIAN_POINT('',(-2.79E0,-1.18E0,0.E0));
#3950=DIRECTION('',(1.E0,0.E0,0.E0));
#3951=DIRECTION('',(0.E0,0.E0,1.E0));
#3952=AXIS2_PLACEMENT_3D('',#3949,#3950,#3951);
#3953=PLANE('',#3952);
#3955=ORIENTED_EDGE('',*,*,#3954,.T.);
#3957=ORIENTED_EDGE('',*,*,#3956,.T.);
#3959=ORIENTED_EDGE('',*,*,#3958,.T.);
#3961=ORIENTED_EDGE('',*,*,#3960,.T.);
#3963=ORIENTED_EDGE('',*,*,#3962,.T.);
#3965=ORIENTED_EDGE('',*,*,#3964,.F.);
#3967=ORIENTED_EDGE('',*,*,#3966,.T.);
#3969=ORIENTED_EDGE('',*,*,#3968,.T.);
#3970=EDGE_LOOP('',(#3955,#3957,#3959,#3961,#3963,#3965,#3967,#3969));
#3971=FACE_OUTER_BOUND('',#3970,.F.);
#3972=ADVANCED_FACE('',(#3971),#3953,.F.);
#3973=CARTESIAN_POINT('',(-2.29E0,-1.18E0,0.E0));
#3974=DIRECTION('',(1.E0,0.E0,0.E0));
#3975=DIRECTION('',(0.E0,0.E0,1.E0));
#3976=AXIS2_PLACEMENT_3D('',#3973,#3974,#3975);
#3977=PLANE('',#3976);
#3979=ORIENTED_EDGE('',*,*,#3978,.T.);
#3981=ORIENTED_EDGE('',*,*,#3980,.T.);
#3983=ORIENTED_EDGE('',*,*,#3982,.T.);
#3985=ORIENTED_EDGE('',*,*,#3984,.T.);
#3987=ORIENTED_EDGE('',*,*,#3986,.T.);
#3989=ORIENTED_EDGE('',*,*,#3988,.F.);
#3991=ORIENTED_EDGE('',*,*,#3990,.T.);
#3993=ORIENTED_EDGE('',*,*,#3992,.T.);
#3994=EDGE_LOOP('',(#3979,#3981,#3983,#3985,#3987,#3989,#3991,#3993));
#3995=FACE_OUTER_BOUND('',#3994,.F.);
#3996=ADVANCED_FACE('',(#3995),#3977,.T.);
#3997=CARTESIAN_POINT('',(-2.79E0,4.37E0,3.5E-1));
#3998=DIRECTION('',(0.E0,0.E0,1.E0));
#3999=DIRECTION('',(0.E0,-1.E0,0.E0));
#4000=AXIS2_PLACEMENT_3D('',#3997,#3998,#3999);
#4001=PLANE('',#4000);
#4002=ORIENTED_EDGE('',*,*,#3964,.T.);
#4004=ORIENTED_EDGE('',*,*,#4003,.F.);
#4005=ORIENTED_EDGE('',*,*,#3984,.F.);
#4007=ORIENTED_EDGE('',*,*,#4006,.T.);
#4008=EDGE_LOOP('',(#4002,#4004,#4005,#4007));
#4009=FACE_OUTER_BOUND('',#4008,.F.);
#4010=ADVANCED_FACE('',(#4009),#4001,.T.);
#4011=CARTESIAN_POINT('',(-2.79E0,4.37E0,0.E0));
#4012=DIRECTION('',(1.E0,0.E0,0.E0));
#4013=DIRECTION('',(0.E0,0.E0,1.E0));
#4014=AXIS2_PLACEMENT_3D('',#4011,#4012,#4013);
#4015=CYLINDRICAL_SURFACE('',#4014,3.5E-1);
#4016=ORIENTED_EDGE('',*,*,#3962,.F.);
#4018=ORIENTED_EDGE('',*,*,#4017,.T.);
#4019=ORIENTED_EDGE('',*,*,#3986,.F.);
#4020=ORIENTED_EDGE('',*,*,#4003,.T.);
#4021=EDGE_LOOP('',(#4016,#4018,#4019,#4020));
#4022=FACE_OUTER_BOUND('',#4021,.F.);
#4023=ADVANCED_FACE('',(#4022),#4015,.T.);
#4024=CARTESIAN_POINT('',(-2.79E0,4.37E0,-3.5E-1));
#4025=DIRECTION('',(0.E0,0.E0,1.E0));
#4026=DIRECTION('',(0.E0,-1.E0,0.E0));
#4027=AXIS2_PLACEMENT_3D('',#4024,#4025,#4026);
#4028=PLANE('',#4027);
#4029=ORIENTED_EDGE('',*,*,#3960,.F.);
#4031=ORIENTED_EDGE('',*,*,#4030,.T.);
#4032=ORIENTED_EDGE('',*,*,#3988,.T.);
#4033=ORIENTED_EDGE('',*,*,#4017,.F.);
#4034=EDGE_LOOP('',(#4029,#4031,#4032,#4033));
#4035=FACE_OUTER_BOUND('',#4034,.F.);
#4036=ADVANCED_FACE('',(#4035),#4028,.F.);
#4037=OPEN_SHELL('',(#1998,#2015,#2042,#2056,#2073,#2092,#2107,#2122,#2149,
#2164,#2176,#2191,#2213,#2226,#2242,#2257,#2276,#2289,#2305,#2319,#2345,#2360,
#2387,#2403,#2417,#2429,#2447,#2463,#2479,#2501,#2516,#2529,#2543,#2556,#2571,
#2586,#2601,#2615,#2633,#2646,#2691,#2713,#2728,#2741,#2786,#2799,#2812,#2836,
#2857,#2902,#2916,#2929,#2943,#2955,#2972,#2987,#3002,#3027,#3039,#3052,#3067,
#3081,#3095,#3108,#3152,#3165,#3178,#3195,#3217,#3256,#3270,#3287,#3330,#3346,
#3366,#3405,#3419,#3435,#3476,#3491,#3508,#3522,#3538,#3556,#3572,#3587,#3604,
#3617,#3630,#3645,#3658,#3670,#3686,#3700,#3713,#3724,#3748,#3772,#3796,#3820,
#3834,#3847,#3860,#3884,#3908,#3922,#3935,#3948,#3972,#3996,#4010,#4023,#4036));
#4038=SHELL_BASED_SURFACE_MODEL('',(#4037));
#4040=DIMENSIONAL_EXPONENTS(0.E0,0.E0,0.E0,0.E0,0.E0,0.E0,0.E0);
#4042=PLANE_ANGLE_MEASURE_WITH_UNIT(PLANE_ANGLE_MEASURE(1.745329251994E-2),
#4041);
#4043=(CONVERSION_BASED_UNIT('DEGREE',#4042)NAMED_UNIT(*)PLANE_ANGLE_UNIT());
#4045=UNCERTAINTY_MEASURE_WITH_UNIT(LENGTH_MEASURE(6.963915570827E-4),#4039,
'closure',
'Maximum model space distance between geometric entities at asserted connectivities');
#4046=(GEOMETRIC_REPRESENTATION_CONTEXT(3)GLOBAL_UNCERTAINTY_ASSIGNED_CONTEXT((
#4045))GLOBAL_UNIT_ASSIGNED_CONTEXT((#4039,#4043,#4044))REPRESENTATION_CONTEXT(
'ID1','3'));
#4048=APPLICATION_CONTEXT(
'CONFIGURATION CONTROLLED 3D DESIGNS OF MECHANICAL PARTS AND ASSEMBLIES');
#4049=APPLICATION_PROTOCOL_DEFINITION('international standard',
'config_control_design',1994,#4048);
#4050=DESIGN_CONTEXT('',#4048,'design');
#4051=MECHANICAL_CONTEXT('',#4048,'mechanical');
#4052=PRODUCT('TL39P0050_SW0001','TL39P0050_SW0001','NOT SPECIFIED',(#4051));
#4053=PRODUCT_DEFINITION_FORMATION_WITH_SPECIFIED_SOURCE('1','LAST_VERSION',
#4052,.MADE.);
#4057=PRODUCT_CATEGORY('part','');
#4058=PRODUCT_RELATED_PRODUCT_CATEGORY('detail','',(#4052));
#4059=PRODUCT_CATEGORY_RELATIONSHIP('','',#4057,#4058);
#4060=SECURITY_CLASSIFICATION_LEVEL('unclassified');
#4061=SECURITY_CLASSIFICATION('','',#4060);
#4062=CC_DESIGN_SECURITY_CLASSIFICATION(#4061,(#4053));
#4063=APPROVAL_STATUS('approved');
#4064=APPROVAL(#4063,'');
#4065=CC_DESIGN_APPROVAL(#4064,(#4061,#4053,#4054));
#4066=CALENDAR_DATE(115,7,9);
#4067=COORDINATED_UNIVERSAL_TIME_OFFSET(2,0,.AHEAD.);
#4068=LOCAL_TIME(11,31,1.6E1,#4067);
#4069=DATE_AND_TIME(#4066,#4068);
#4070=APPROVAL_DATE_TIME(#4069,#4064);
#4071=DATE_TIME_ROLE('creation_date');
#4072=CC_DESIGN_DATE_AND_TIME_ASSIGNMENT(#4069,#4071,(#4054));
#4073=DATE_TIME_ROLE('classification_date');
#4074=CC_DESIGN_DATE_AND_TIME_ASSIGNMENT(#4069,#4073,(#4061));
#4075=PERSON('UNSPECIFIED','UNSPECIFIED',$,$,$,$);
#4076=ORGANIZATION('UNSPECIFIED','UNSPECIFIED','UNSPECIFIED');
#4077=PERSON_AND_ORGANIZATION(#4075,#4076);
#4078=APPROVAL_ROLE('approver');
#4079=APPROVAL_PERSON_ORGANIZATION(#4077,#4064,#4078);
#4080=PERSON_AND_ORGANIZATION_ROLE('creator');
#4081=CC_DESIGN_PERSON_AND_ORGANIZATION_ASSIGNMENT(#4077,#4080,(#4053,#4054));
#4082=PERSON_AND_ORGANIZATION_ROLE('design_supplier');
#4083=CC_DESIGN_PERSON_AND_ORGANIZATION_ASSIGNMENT(#4077,#4082,(#4053));
#4084=PERSON_AND_ORGANIZATION_ROLE('classification_officer');
#4085=CC_DESIGN_PERSON_AND_ORGANIZATION_ASSIGNMENT(#4077,#4084,(#4061));
#4086=PERSON_AND_ORGANIZATION_ROLE('design_owner');
#4087=CC_DESIGN_PERSON_AND_ORGANIZATION_ASSIGNMENT(#4077,#4086,(#4052));
#8=B_SPLINE_CURVE_WITH_KNOTS('',3,(#1,#2,#3,#4,#5,#6,#7),.UNSPECIFIED.,.F.,.F.,(
4,1,1,1,4),(0.E0,2.5E-1,5.E-1,7.5E-1,1.E0),.UNSPECIFIED.);
#16=B_SPLINE_CURVE_WITH_KNOTS('',3,(#9,#10,#11,#12,#13,#14,#15),.UNSPECIFIED.,
.F.,.F.,(4,1,1,1,4),(0.E0,2.5E-1,5.E-1,7.5E-1,1.E0),.UNSPECIFIED.);
#28=B_SPLINE_CURVE_WITH_KNOTS('',3,(#21,#22,#23,#24,#25,#26,#27),.UNSPECIFIED.,
.F.,.F.,(4,1,1,1,4),(0.E0,2.5E-1,5.E-1,7.5E-1,1.E0),.UNSPECIFIED.);
#36=B_SPLINE_CURVE_WITH_KNOTS('',3,(#29,#30,#31,#32,#33,#34,#35),.UNSPECIFIED.,
.F.,.F.,(4,1,1,1,4),(0.E0,2.5E-1,5.E-1,7.5E-1,1.E0),.UNSPECIFIED.);
#45=CIRCLE('',#44,1.000000000033E-2);
#58=CIRCLE('',#57,3.E-1);
#63=CIRCLE('',#62,2.899999999998E-1);
#68=CIRCLE('',#67,3.000000000001E-1);
#73=CIRCLE('',#72,2.899999999998E-1);
#100=B_SPLINE_CURVE_WITH_KNOTS('',3,(#78,#79,#80,#81,#82,#83,#84,#85,#86,#87,
#88,#89,#90,#91,#92,#93,#94,#95,#96,#97,#98,#99),.UNSPECIFIED.,.F.,.F.,(4,1,1,1,
1,1,1,1,1,1,1,1,1,1,1,1,1,1,1,4),(0.E0,5.263157894737E-2,1.052631578947E-1,
1.578947368421E-1,2.105263157895E-1,2.631578947368E-1,3.157894736842E-1,
3.684210526316E-1,4.210526315789E-1,4.736842105263E-1,5.263157894737E-1,
5.789473684211E-1,6.315789473684E-1,6.842105263158E-1,7.368421052632E-1,
7.894736842105E-1,8.421052631579E-1,8.947368421053E-1,9.473684210526E-1,1.E0),
.UNSPECIFIED.);
#135=B_SPLINE_CURVE_WITH_KNOTS('',3,(#113,#114,#115,#116,#117,#118,#119,#120,
#121,#122,#123,#124,#125,#126,#127,#128,#129,#130,#131,#132,#133,#134),
.UNSPECIFIED.,.F.,.F.,(4,1,1,1,1,1,1,1,1,1,1,1,1,1,1,1,1,1,1,4),(0.E0,
5.263157894737E-2,1.052631578947E-1,1.578947368421E-1,2.105263157895E-1,
2.631578947368E-1,3.157894736842E-1,3.684210526316E-1,4.210526315789E-1,
4.736842105263E-1,5.263157894737E-1,5.789473684211E-1,6.315789473684E-1,
6.842105263158E-1,7.368421052632E-1,7.894736842105E-1,8.421052631579E-1,
8.947368421053E-1,9.473684210526E-1,1.E0),.UNSPECIFIED.);
#160=CIRCLE('',#159,2.899999999998E-1);
#165=CIRCLE('',#164,3.000000000001E-1);
#170=CIRCLE('',#169,2.899999999998E-1);
#175=CIRCLE('',#174,1.000000000020E-2);
#180=CIRCLE('',#179,3.E-1);
#203=B_SPLINE_CURVE_WITH_KNOTS('',3,(#197,#198,#199,#200,#201,#202),
.UNSPECIFIED.,.F.,.F.,(4,1,1,4),(0.E0,3.333333333333E-1,6.666666666667E-1,1.E0),
.UNSPECIFIED.);
#210=B_SPLINE_CURVE_WITH_KNOTS('',3,(#204,#205,#206,#207,#208,#209),
.UNSPECIFIED.,.F.,.F.,(4,1,1,4),(0.E0,3.333333333333E-1,6.666666666667E-1,1.E0),
.UNSPECIFIED.);
#221=B_SPLINE_CURVE_WITH_KNOTS('',3,(#215,#216,#217,#218,#219,#220),
.UNSPECIFIED.,.F.,.F.,(4,1,1,4),(0.E0,3.333333333333E-1,6.666666666667E-1,1.E0),
.UNSPECIFIED.);
#233=B_SPLINE_CURVE_WITH_KNOTS('',3,(#222,#223,#224,#225,#226,#227,#228,#229,
#230,#231,#232),.UNSPECIFIED.,.F.,.F.,(4,1,1,1,1,1,1,1,4),(0.E0,1.25E-1,2.5E-1,
3.75E-1,5.E-1,6.25E-1,7.5E-1,8.75E-1,1.E0),.UNSPECIFIED.);
#249=B_SPLINE_CURVE_WITH_KNOTS('',3,(#238,#239,#240,#241,#242,#243,#244,#245,
#246,#247,#248),.UNSPECIFIED.,.F.,.F.,(4,1,1,1,1,1,1,1,4),(0.E0,1.25E-1,2.5E-1,
3.75E-1,5.E-1,6.25E-1,7.5E-1,8.75E-1,1.E0),.UNSPECIFIED.);
#267=B_SPLINE_CURVE_WITH_KNOTS('',3,(#258,#259,#260,#261,#262,#263,#264,#265,
#266),.UNSPECIFIED.,.F.,.F.,(4,1,1,1,1,1,4),(0.E0,1.666666666667E-1,
3.333333333333E-1,5.E-1,6.666666666667E-1,8.333333333333E-1,1.E0),
.UNSPECIFIED.);
#293=B_SPLINE_CURVE_WITH_KNOTS('',3,(#288,#289,#290,#291,#292),.UNSPECIFIED.,
.F.,.F.,(4,1,4),(0.E0,5.E-1,1.E0),.UNSPECIFIED.);
#299=B_SPLINE_CURVE_WITH_KNOTS('',3,(#294,#295,#296,#297,#298),.UNSPECIFIED.,
.F.,.F.,(4,1,4),(0.E0,5.E-1,1.E0),.UNSPECIFIED.);
#317=B_SPLINE_CURVE_WITH_KNOTS('',3,(#308,#309,#310,#311,#312,#313,#314,#315,
#316),.UNSPECIFIED.,.F.,.F.,(4,1,1,1,1,1,4),(0.E0,1.666666666667E-1,
3.333333333333E-1,5.E-1,6.666666666667E-1,8.333333333333E-1,1.E0),
.UNSPECIFIED.);
#322=CIRCLE('',#321,2.899999999998E-1);
#327=CIRCLE('',#326,2.999999999999E-1);
#332=CIRCLE('',#331,2.899999999998E-1);
#345=CIRCLE('',#344,2.899999999999E-1);
#350=CIRCLE('',#349,3.E-1);
#355=CIRCLE('',#354,2.899999999999E-1);
#364=CIRCLE('',#363,3.E-1);
#369=CIRCLE('',#368,9.999999999483E-3);
#380=B_SPLINE_CURVE_WITH_KNOTS('',3,(#374,#375,#376,#377,#378,#379),
.UNSPECIFIED.,.F.,.F.,(4,1,1,4),(0.E0,3.333333333333E-1,6.666666666667E-1,1.E0),
.UNSPECIFIED.);
#403=B_SPLINE_CURVE_WITH_KNOTS('',3,(#381,#382,#383,#384,#385,#386,#387,#388,
#389,#390,#391,#392,#393,#394,#395,#396,#397,#398,#399,#400,#401,#402),
.UNSPECIFIED.,.F.,.F.,(4,1,1,1,1,1,1,1,1,1,1,1,1,1,1,1,1,1,1,4),(0.E0,
5.263157894737E-2,1.052631578947E-1,1.578947368421E-1,2.105263157895E-1,
2.631578947368E-1,3.157894736842E-1,3.684210526316E-1,4.210526315789E-1,
4.736842105263E-1,5.263157894737E-1,5.789473684211E-1,6.315789473684E-1,
6.842105263158E-1,7.368421052632E-1,7.894736842105E-1,8.421052631579E-1,
8.947368421053E-1,9.473684210526E-1,1.E0),.UNSPECIFIED.);
#420=CIRCLE('',#419,9.999999999805E-3);
#425=CIRCLE('',#424,3.E-1);
#445=B_SPLINE_CURVE_WITH_KNOTS('',3,(#434,#435,#436,#437,#438,#439,#440,#441,
#442,#443,#444),.UNSPECIFIED.,.F.,.F.,(4,1,1,1,1,1,1,1,4),(0.E0,1.25E-1,2.5E-1,
3.75E-1,5.E-1,6.25E-1,7.5E-1,8.75E-1,1.E0),.UNSPECIFIED.);
#461=B_SPLINE_CURVE_WITH_KNOTS('',3,(#450,#451,#452,#453,#454,#455,#456,#457,
#458,#459,#460),.UNSPECIFIED.,.F.,.F.,(4,1,1,1,1,1,1,1,4),(0.E0,1.25E-1,2.5E-1,
3.75E-1,5.E-1,6.25E-1,7.5E-1,8.75E-1,1.E0),.UNSPECIFIED.);
#468=B_SPLINE_CURVE_WITH_KNOTS('',3,(#462,#463,#464,#465,#466,#467),
.UNSPECIFIED.,.F.,.F.,(4,1,1,4),(0.E0,3.333333333333E-1,6.666666666667E-1,1.E0),
.UNSPECIFIED.);
#475=B_SPLINE_CURVE_WITH_KNOTS('',3,(#469,#470,#471,#472,#473,#474),
.UNSPECIFIED.,.F.,.F.,(4,1,1,4),(0.E0,3.333333333333E-1,6.666666666667E-1,1.E0),
.UNSPECIFIED.);
#486=B_SPLINE_CURVE_WITH_KNOTS('',3,(#480,#481,#482,#483,#484,#485),
.UNSPECIFIED.,.F.,.F.,(4,1,1,4),(0.E0,3.333333333333E-1,6.666666666667E-1,1.E0),
.UNSPECIFIED.);
#493=B_SPLINE_CURVE_WITH_KNOTS('',3,(#487,#488,#489,#490,#491,#492),
.UNSPECIFIED.,.F.,.F.,(4,1,1,4),(0.E0,3.333333333333E-1,6.666666666667E-1,1.E0),
.UNSPECIFIED.);
#531=B_SPLINE_CURVE_WITH_KNOTS('',3,(#518,#519,#520,#521,#522,#523,#524,#525,
#526,#527,#528,#529,#530),.UNSPECIFIED.,.F.,.F.,(4,1,1,1,1,1,1,1,1,1,4),(0.E0,
1.E-1,2.E-1,3.E-1,4.E-1,5.E-1,6.E-1,7.E-1,8.E-1,9.E-1,1.E0),.UNSPECIFIED.);
#545=B_SPLINE_CURVE_WITH_KNOTS('',3,(#536,#537,#538,#539,#540,#541,#542,#543,
#544),.UNSPECIFIED.,.F.,.F.,(4,1,1,1,1,1,4),(0.E0,1.666666666667E-1,
3.333333333333E-1,5.E-1,6.666666666667E-1,8.333333333333E-1,1.E0),
.UNSPECIFIED.);
#559=B_SPLINE_CURVE_WITH_KNOTS('',3,(#554,#555,#556,#557,#558),.UNSPECIFIED.,
.F.,.F.,(4,1,4),(0.E0,5.E-1,1.E0),.UNSPECIFIED.);
#565=B_SPLINE_CURVE_WITH_KNOTS('',3,(#560,#561,#562,#563,#564),.UNSPECIFIED.,
.F.,.F.,(4,1,4),(0.E0,5.E-1,1.E0),.UNSPECIFIED.);
#582=CIRCLE('',#581,2.9E-1);
#597=B_SPLINE_CURVE_WITH_KNOTS('',3,(#583,#584,#585,#586,#587,#588,#589,#590,
#591,#592,#593,#594,#595,#596),.UNSPECIFIED.,.F.,.F.,(4,1,1,1,1,1,1,1,1,1,1,4),(
0.E0,9.090909090909E-2,1.818181818182E-1,2.727272727273E-1,3.636363636364E-1,
4.545454545455E-1,5.454545454545E-1,6.363636363636E-1,7.272727272727E-1,
8.181818181818E-1,9.090909090909E-1,1.E0),.UNSPECIFIED.);
#611=B_SPLINE_CURVE_WITH_KNOTS('',3,(#598,#599,#600,#601,#602,#603,#604,#605,
#606,#607,#608,#609,#610),.UNSPECIFIED.,.F.,.F.,(4,1,1,1,1,1,1,1,1,1,4),(0.E0,
1.E-1,2.E-1,3.E-1,4.E-1,5.E-1,6.E-1,7.E-1,8.E-1,9.E-1,1.E0),.UNSPECIFIED.);
#621=B_SPLINE_CURVE_WITH_KNOTS('',3,(#616,#617,#618,#619,#620),.UNSPECIFIED.,
.F.,.F.,(4,1,4),(0.E0,5.E-1,1.E0),.UNSPECIFIED.);
#631=B_SPLINE_CURVE_WITH_KNOTS('',3,(#626,#627,#628,#629,#630),.UNSPECIFIED.,
.F.,.F.,(4,1,4),(0.E0,5.E-1,1.E0),.UNSPECIFIED.);
#644=CIRCLE('',#643,2.8E0);
#662=B_SPLINE_CURVE_WITH_KNOTS('',3,(#649,#650,#651,#652,#653,#654,#655,#656,
#657,#658,#659,#660,#661),.UNSPECIFIED.,.F.,.F.,(4,1,1,1,1,1,1,1,1,1,4),(0.E0,
1.E-1,2.E-1,3.E-1,4.E-1,5.E-1,6.E-1,7.E-1,8.E-1,9.E-1,1.E0),.UNSPECIFIED.);
#681=B_SPLINE_CURVE_WITH_KNOTS('',3,(#667,#668,#669,#670,#671,#672,#673,#674,
#675,#676,#677,#678,#679,#680),.UNSPECIFIED.,.F.,.F.,(4,1,1,1,1,1,1,1,1,1,1,4),(
0.E0,9.090909090909E-2,1.818181818182E-1,2.727272727273E-1,3.636363636364E-1,
4.545454545455E-1,5.454545454545E-1,6.363636363636E-1,7.272727272727E-1,
8.181818181818E-1,9.090909090909E-1,1.E0),.UNSPECIFIED.);
#695=B_SPLINE_CURVE_WITH_KNOTS('',3,(#682,#683,#684,#685,#686,#687,#688,#689,
#690,#691,#692,#693,#694),.UNSPECIFIED.,.F.,.F.,(4,1,1,1,1,1,1,1,1,1,4),(0.E0,
1.E-1,2.E-1,3.E-1,4.E-1,5.E-1,6.E-1,7.E-1,8.E-1,9.E-1,1.E0),.UNSPECIFIED.);
#700=CIRCLE('',#699,2.9E-1);
#713=CIRCLE('',#712,2.899999999998E-1);
#718=CIRCLE('',#717,3.E-1);
#723=CIRCLE('',#722,2.899999999998E-1);
#741=B_SPLINE_CURVE_WITH_KNOTS('',3,(#728,#729,#730,#731,#732,#733,#734,#735,
#736,#737,#738,#739,#740),.UNSPECIFIED.,.F.,.F.,(4,1,1,1,1,1,1,1,1,1,4),(0.E0,
1.E-1,2.E-1,3.E-1,4.E-1,5.E-1,6.E-1,7.E-1,8.E-1,9.E-1,1.E0),.UNSPECIFIED.);
#751=B_SPLINE_CURVE_WITH_KNOTS('',3,(#746,#747,#748,#749,#750),.UNSPECIFIED.,
.F.,.F.,(4,1,4),(0.E0,5.E-1,1.E0),.UNSPECIFIED.);
#761=B_SPLINE_CURVE_WITH_KNOTS('',3,(#756,#757,#758,#759,#760),.UNSPECIFIED.,
.F.,.F.,(4,1,4),(0.E0,5.E-1,1.E0),.UNSPECIFIED.);
#780=B_SPLINE_CURVE_WITH_KNOTS('',3,(#766,#767,#768,#769,#770,#771,#772,#773,
#774,#775,#776,#777,#778,#779),.UNSPECIFIED.,.F.,.F.,(4,1,1,1,1,1,1,1,1,1,1,4),(
0.E0,9.090909090909E-2,1.818181818182E-1,2.727272727273E-1,3.636363636364E-1,
4.545454545455E-1,5.454545454545E-1,6.363636363636E-1,7.272727272727E-1,
8.181818181818E-1,9.090909090909E-1,1.E0),.UNSPECIFIED.);
#785=CIRCLE('',#784,2.9E-1);
#807=B_SPLINE_CURVE_WITH_KNOTS('',3,(#794,#795,#796,#797,#798,#799,#800,#801,
#802,#803,#804,#805,#806),.UNSPECIFIED.,.F.,.F.,(4,1,1,1,1,1,1,1,1,1,4),(0.E0,
1.E-1,2.E-1,3.E-1,4.E-1,5.E-1,6.E-1,7.E-1,8.E-1,9.E-1,1.E0),.UNSPECIFIED.);
#838=B_SPLINE_CURVE_WITH_KNOTS('',3,(#816,#817,#818,#819,#820,#821,#822,#823,
#824,#825,#826,#827,#828,#829,#830,#831,#832,#833,#834,#835,#836,#837),
.UNSPECIFIED.,.F.,.F.,(4,1,1,1,1,1,1,1,1,1,1,1,1,1,1,1,1,1,1,4),(0.E0,
5.263157894737E-2,1.052631578947E-1,1.578947368421E-1,2.105263157895E-1,
2.631578947368E-1,3.157894736842E-1,3.684210526316E-1,4.210526315789E-1,
4.736842105263E-1,5.263157894737E-1,5.789473684211E-1,6.315789473684E-1,
6.842105263158E-1,7.368421052632E-1,7.894736842105E-1,8.421052631579E-1,
8.947368421053E-1,9.473684210526E-1,1.E0),.UNSPECIFIED.);
#867=CIRCLE('',#866,2.899999999999E-1);
#872=CIRCLE('',#871,3.000000000001E-1);
#877=CIRCLE('',#876,2.899999999999E-1);
#907=B_SPLINE_CURVE_WITH_KNOTS('',3,(#898,#899,#900,#901,#902,#903,#904,#905,
#906),.UNSPECIFIED.,.F.,.F.,(4,1,1,1,1,1,4),(0.E0,1.666666666667E-1,
3.333333333333E-1,5.E-1,6.666666666667E-1,8.333333333333E-1,1.E0),
.UNSPECIFIED.);
#929=B_SPLINE_CURVE_WITH_KNOTS('',3,(#916,#917,#918,#919,#920,#921,#922,#923,
#924,#925,#926,#927,#928),.UNSPECIFIED.,.F.,.F.,(4,1,1,1,1,1,1,1,1,1,4),(0.E0,
1.E-1,2.E-1,3.E-1,4.E-1,5.E-1,6.E-1,7.E-1,8.E-1,9.E-1,1.E0),.UNSPECIFIED.);
#934=CIRCLE('',#933,2.9E-1);
#949=B_SPLINE_CURVE_WITH_KNOTS('',3,(#935,#936,#937,#938,#939,#940,#941,#942,
#943,#944,#945,#946,#947,#948),.UNSPECIFIED.,.F.,.F.,(4,1,1,1,1,1,1,1,1,1,1,4),(
0.E0,9.090909090909E-2,1.818181818182E-1,2.727272727273E-1,3.636363636364E-1,
4.545454545455E-1,5.454545454545E-1,6.363636363636E-1,7.272727272727E-1,
8.181818181818E-1,9.090909090909E-1,1.E0),.UNSPECIFIED.);
#963=B_SPLINE_CURVE_WITH_KNOTS('',3,(#950,#951,#952,#953,#954,#955,#956,#957,
#958,#959,#960,#961,#962),.UNSPECIFIED.,.F.,.F.,(4,1,1,1,1,1,1,1,1,1,4),(0.E0,
1.E-1,2.E-1,3.E-1,4.E-1,5.E-1,6.E-1,7.E-1,8.E-1,9.E-1,1.E0),.UNSPECIFIED.);
#976=CIRCLE('',#975,2.8E0);
#981=CIRCLE('',#980,2.5E0);
#986=CIRCLE('',#985,2.5E0);
#991=CIRCLE('',#990,3.E-1);
#1006=B_SPLINE_CURVE_WITH_KNOTS('',3,(#1000,#1001,#1002,#1003,#1004,#1005),
.UNSPECIFIED.,.F.,.F.,(4,1,1,4),(0.E0,3.333333333333E-1,6.666666666667E-1,1.E0),
.UNSPECIFIED.);
#1021=B_SPLINE_CURVE_WITH_KNOTS('',3,(#1011,#1012,#1013,#1014,#1015,#1016,#1017,
#1018,#1019,#1020),.UNSPECIFIED.,.F.,.F.,(4,1,1,1,1,1,1,4),(0.E0,
1.428571428571E-1,2.857142857143E-1,4.285714285714E-1,5.714285714286E-1,
7.142857142857E-1,8.571428571429E-1,1.E0),.UNSPECIFIED.);
#1028=B_SPLINE_CURVE_WITH_KNOTS('',3,(#1022,#1023,#1024,#1025,#1026,#1027),
.UNSPECIFIED.,.F.,.F.,(4,1,1,4),(0.E0,3.333333333333E-1,6.666666666667E-1,1.E0),
.UNSPECIFIED.);
#1033=CIRCLE('',#1032,3.E-1);
#1040=B_SPLINE_CURVE_WITH_KNOTS('',3,(#1034,#1035,#1036,#1037,#1038,#1039),
.UNSPECIFIED.,.F.,.F.,(4,1,1,4),(0.E0,3.333333333333E-1,6.666666666667E-1,1.E0),
.UNSPECIFIED.);
#1047=B_SPLINE_CURVE_WITH_KNOTS('',3,(#1041,#1042,#1043,#1044,#1045,#1046),
.UNSPECIFIED.,.F.,.F.,(4,1,1,4),(0.E0,3.333333333333E-1,6.666666666667E-1,1.E0),
.UNSPECIFIED.);
#1058=B_SPLINE_CURVE_WITH_KNOTS('',3,(#1048,#1049,#1050,#1051,#1052,#1053,#1054,
#1055,#1056,#1057),.UNSPECIFIED.,.F.,.F.,(4,1,1,1,1,1,1,4),(0.E0,
1.428571428571E-1,2.857142857143E-1,4.285714285714E-1,5.714285714286E-1,
7.142857142857E-1,8.571428571429E-1,1.E0),.UNSPECIFIED.);
#1063=CIRCLE('',#1062,2.5E0);
#1068=CIRCLE('',#1067,2.5E0);
#1073=CIRCLE('',#1072,3.E-1);
#1088=B_SPLINE_CURVE_WITH_KNOTS('',3,(#1082,#1083,#1084,#1085,#1086,#1087),
.UNSPECIFIED.,.F.,.F.,(4,1,1,4),(0.E0,3.333333333333E-1,6.666666666667E-1,1.E0),
.UNSPECIFIED.);
#1103=B_SPLINE_CURVE_WITH_KNOTS('',3,(#1093,#1094,#1095,#1096,#1097,#1098,#1099,
#1100,#1101,#1102),.UNSPECIFIED.,.F.,.F.,(4,1,1,1,1,1,1,4),(0.E0,
1.428571428571E-1,2.857142857143E-1,4.285714285714E-1,5.714285714286E-1,
7.142857142857E-1,8.571428571429E-1,1.E0),.UNSPECIFIED.);
#1110=B_SPLINE_CURVE_WITH_KNOTS('',3,(#1104,#1105,#1106,#1107,#1108,#1109),
.UNSPECIFIED.,.F.,.F.,(4,1,1,4),(0.E0,3.333333333333E-1,6.666666666667E-1,1.E0),
.UNSPECIFIED.);
#1117=B_SPLINE_CURVE_WITH_KNOTS('',3,(#1111,#1112,#1113,#1114,#1115,#1116),
.UNSPECIFIED.,.F.,.F.,(4,1,1,4),(0.E0,3.333333333333E-1,6.666666666667E-1,1.E0),
.UNSPECIFIED.);
#1124=B_SPLINE_CURVE_WITH_KNOTS('',3,(#1118,#1119,#1120,#1121,#1122,#1123),
.UNSPECIFIED.,.F.,.F.,(4,1,1,4),(0.E0,3.333333333333E-1,6.666666666667E-1,1.E0),
.UNSPECIFIED.);
#1135=B_SPLINE_CURVE_WITH_KNOTS('',3,(#1125,#1126,#1127,#1128,#1129,#1130,#1131,
#1132,#1133,#1134),.UNSPECIFIED.,.F.,.F.,(4,1,1,1,1,1,1,4),(0.E0,
1.428571428571E-1,2.857142857143E-1,4.285714285714E-1,5.714285714286E-1,
7.142857142857E-1,8.571428571429E-1,1.E0),.UNSPECIFIED.);
#1140=CIRCLE('',#1139,3.E-1);
#1151=B_SPLINE_CURVE_WITH_KNOTS('',3,(#1145,#1146,#1147,#1148,#1149,#1150),
.UNSPECIFIED.,.F.,.F.,(4,1,1,4),(0.E0,3.333333333333E-1,6.666666666667E-1,1.E0),
.UNSPECIFIED.);
#1156=CIRCLE('',#1155,2.5E0);
#1161=CIRCLE('',#1160,2.5E0);
#1166=CIRCLE('',#1165,2.3E0);
#1171=CIRCLE('',#1170,2.3E0);
#1178=B_SPLINE_CURVE_WITH_KNOTS('',3,(#1172,#1173,#1174,#1175,#1176,#1177),
.UNSPECIFIED.,.F.,.F.,(4,1,1,4),(0.E0,3.333333333333E-1,6.666666666667E-1,1.E0),
.UNSPECIFIED.);
#1189=B_SPLINE_CURVE_WITH_KNOTS('',3,(#1183,#1184,#1185,#1186,#1187,#1188),
.UNSPECIFIED.,.F.,.F.,(4,1,1,4),(0.E0,3.333333333333E-1,6.666666666667E-1,1.E0),
.UNSPECIFIED.);
#1194=CIRCLE('',#1193,2.5E0);
#1199=CIRCLE('',#1198,2.5E0);
#1204=CIRCLE('',#1203,2.3E0);
#1209=CIRCLE('',#1208,2.3E0);
#1216=B_SPLINE_CURVE_WITH_KNOTS('',3,(#1210,#1211,#1212,#1213,#1214,#1215),
.UNSPECIFIED.,.F.,.F.,(4,1,1,4),(0.E0,3.333333333333E-1,6.666666666667E-1,1.E0),
.UNSPECIFIED.);
#1231=B_SPLINE_CURVE_WITH_KNOTS('',3,(#1225,#1226,#1227,#1228,#1229,#1230),
.UNSPECIFIED.,.F.,.F.,(4,1,1,4),(0.E0,3.333333333333E-1,6.666666666667E-1,1.E0),
.UNSPECIFIED.);
#1236=CIRCLE('',#1235,2.300000236577E0);
#1241=CIRCLE('',#1240,2.300000236577E0);
#1246=CIRCLE('',#1245,2.100000343147E0);
#1255=CIRCLE('',#1254,2.100000343147E0);
#1266=B_SPLINE_CURVE_WITH_KNOTS('',3,(#1260,#1261,#1262,#1263,#1264,#1265),
.UNSPECIFIED.,.F.,.F.,(4,1,1,4),(0.E0,3.333333333333E-1,6.666666666667E-1,1.E0),
.UNSPECIFIED.);
#1271=CIRCLE('',#1270,2.300000236577E0);
#1276=CIRCLE('',#1275,2.300000236577E0);
#1283=B_SPLINE_CURVE_WITH_KNOTS('',3,(#1277,#1278,#1279,#1280,#1281,#1282),
.UNSPECIFIED.,.F.,.F.,(4,1,1,4),(0.E0,3.333333333333E-1,6.666666666667E-1,1.E0),
.UNSPECIFIED.);
#1314=B_SPLINE_CURVE_WITH_KNOTS('',3,(#1308,#1309,#1310,#1311,#1312,#1313),
.UNSPECIFIED.,.F.,.F.,(4,1,1,4),(0.E0,3.333333333333E-1,6.666666666667E-1,1.E0),
.UNSPECIFIED.);
#1323=CIRCLE('',#1322,8.499999999996E-1);
#1332=CIRCLE('',#1331,8.499999999996E-1);
#1337=CIRCLE('',#1336,1.201839166959E0);
#1342=CIRCLE('',#1341,1.2E0);
#1347=CIRCLE('',#1346,1.201839166959E0);
#1352=CIRCLE('',#1351,1.2E0);
#1357=CIRCLE('',#1356,2.899999999999E-1);
#1362=CIRCLE('',#1361,3.E-1);
#1367=CIRCLE('',#1366,2.899999999999E-1);
#1372=CIRCLE('',#1371,2.899999999998E-1);
#1377=CIRCLE('',#1376,3.000000000001E-1);
#1382=CIRCLE('',#1381,2.899999999998E-1);
#1403=CIRCLE('',#1402,3.5E-1);
#1432=CIRCLE('',#1431,3.5E-1);
#1485=CIRCLE('',#1484,3.5E-1);
#1514=CIRCLE('',#1513,3.5E-1);
#1567=CIRCLE('',#1566,3.5E-1);
#1596=CIRCLE('',#1595,3.5E-1);
#1972=EDGE_CURVE('',#1655,#1656,#53,.T.);
#1974=EDGE_CURVE('',#1655,#1657,#8,.T.);
#1976=EDGE_CURVE('',#1659,#1657,#479,.T.);
#1978=EDGE_CURVE('',#1659,#1660,#16,.T.);
#1980=EDGE_CURVE('',#1662,#1660,#429,.T.);
#1982=EDGE_CURVE('',#1664,#1662,#411,.T.);
#1984=EDGE_CURVE('',#1664,#1666,#20,.T.);
#1986=EDGE_CURVE('',#1666,#1667,#28,.T.);
#1988=EDGE_CURVE('',#1669,#1667,#214,.T.);
#1990=EDGE_CURVE('',#1669,#1670,#36,.T.);
#1992=EDGE_CURVE('',#1670,#1672,#40,.T.);
#1994=EDGE_CURVE('',#1656,#1672,#112,.T.);
#2004=EDGE_CURVE('',#1675,#1676,#45,.T.);
#2006=EDGE_CURVE('',#1676,#1655,#49,.T.);
#2009=EDGE_CURVE('',#1656,#1678,#58,.T.);
#2011=EDGE_CURVE('',#1675,#1678,#77,.T.);
#2034=EDGE_CURVE('',#1675,#1680,#63,.T.);
#2036=EDGE_CURVE('',#1680,#1682,#68,.T.);
#2038=EDGE_CURVE('',#1682,#1676,#73,.T.);
#2049=EDGE_CURVE('',#1678,#1683,#100,.T.);
#2051=EDGE_CURVE('',#1683,#1680,#104,.T.);
#2062=EDGE_CURVE('',#1685,#1683,#108,.T.);
#2067=EDGE_CURVE('',#1687,#1672,#180,.T.);
#2069=EDGE_CURVE('',#1687,#1685,#135,.T.);
#2080=EDGE_CURVE('',#1689,#1685,#147,.T.);
#2082=EDGE_CURVE('',#1689,#1691,#139,.T.);
#2084=EDGE_CURVE('',#1693,#1691,#648,.T.);
#2086=EDGE_CURVE('',#1693,#1695,#143,.T.);
#2088=EDGE_CURVE('',#1683,#1695,#509,.T.);
#2098=EDGE_CURVE('',#1698,#1699,#155,.T.);
#2100=EDGE_CURVE('',#1689,#1698,#708,.T.);
#2103=EDGE_CURVE('',#1699,#1685,#192,.T.);
#2113=EDGE_CURVE('',#1701,#1699,#165,.T.);
#2115=EDGE_CURVE('',#1701,#1703,#151,.T.);
#2117=EDGE_CURVE('',#1698,#1703,#718,.T.);
#2140=EDGE_CURVE('',#1706,#1707,#175,.T.);
#2142=EDGE_CURVE('',#1706,#1701,#160,.T.);
#2145=EDGE_CURVE('',#1699,#1707,#170,.T.);
#2156=EDGE_CURVE('',#1687,#1707,#188,.T.);
#2160=EDGE_CURVE('',#1670,#1706,#184,.T.);
#2184=EDGE_CURVE('',#1708,#1669,#210,.T.);
#2186=EDGE_CURVE('',#1708,#1701,#196,.T.);
#2197=EDGE_CURVE('',#1709,#1708,#203,.T.);
#2201=EDGE_CURVE('',#1667,#1710,#221,.T.);
#2203=EDGE_CURVE('',#1711,#1710,#380,.T.);
#2205=EDGE_CURVE('',#1711,#1712,#233,.T.);
#2207=EDGE_CURVE('',#1712,#1714,#237,.T.);
#2209=EDGE_CURVE('',#1714,#1709,#249,.T.);
#2221=EDGE_CURVE('',#1703,#1709,#253,.T.);
#2232=EDGE_CURVE('',#1717,#1718,#257,.T.);
#2234=EDGE_CURVE('',#1703,#1717,#723,.T.);
#2238=EDGE_CURVE('',#1718,#1714,#293,.T.);
#2249=EDGE_CURVE('',#1720,#1718,#287,.T.);
#2251=EDGE_CURVE('',#1722,#1720,#704,.T.);
#2253=EDGE_CURVE('',#1722,#1717,#267,.T.);
#2263=EDGE_CURVE('',#1718,#1724,#271,.T.);
#2265=EDGE_CURVE('',#1724,#1726,#275,.T.);
#2267=EDGE_CURVE('',#1726,#1728,#279,.T.);
#2269=EDGE_CURVE('',#1730,#1728,#727,.T.);
#2271=EDGE_CURVE('',#1730,#1720,#283,.T.);
#2285=EDGE_CURVE('',#1712,#1724,#299,.T.);
#2295=EDGE_CURVE('',#1724,#1732,#307,.T.);
#2299=EDGE_CURVE('',#1711,#1734,#303,.T.);
#2301=EDGE_CURVE('',#1732,#1734,#322,.T.);
#2312=EDGE_CURVE('',#1732,#1735,#317,.T.);
#2314=EDGE_CURVE('',#1726,#1735,#789,.T.);
#2339=EDGE_CURVE('',#1734,#1737,#327,.T.);
#2341=EDGE_CURVE('',#1737,#1735,#332,.T.);
#2351=EDGE_CURVE('',#1740,#1741,#350,.T.);
#2353=EDGE_CURVE('',#1740,#1737,#336,.T.);
#2356=EDGE_CURVE('',#1734,#1741,#340,.T.);
#2378=EDGE_CURVE('',#1744,#1745,#369,.T.);
#2380=EDGE_CURVE('',#1744,#1740,#345,.T.);
#2383=EDGE_CURVE('',#1741,#1745,#355,.T.);
#2393=EDGE_CURVE('',#1745,#1666,#359,.T.);
#2396=EDGE_CURVE('',#1664,#1747,#364,.T.);
#2398=EDGE_CURVE('',#1744,#1747,#815,.T.);
#2411=EDGE_CURVE('',#1741,#1710,#373,.T.);
#2435=EDGE_CURVE('',#1749,#1662,#425,.T.);
#2437=EDGE_CURVE('',#1749,#1750,#403,.T.);
#2439=EDGE_CURVE('',#1750,#1752,#407,.T.);
#2441=EDGE_CURVE('',#1747,#1752,#838,.T.);
#2453=EDGE_CURVE('',#1660,#1754,#415,.T.);
#2455=EDGE_CURVE('',#1754,#1756,#420,.T.);
#2457=EDGE_CURVE('',#1749,#1756,#885,.T.);
#2471=EDGE_CURVE('',#1757,#1659,#475,.T.);
#2473=EDGE_CURVE('',#1757,#1759,#433,.T.);
#2475=EDGE_CURVE('',#1754,#1759,#867,.T.);
#2485=EDGE_CURVE('',#1760,#1761,#493,.T.);
#2487=EDGE_CURVE('',#1760,#1762,#445,.T.);
#2489=EDGE_CURVE('',#1762,#1764,#449,.T.);
#2491=EDGE_CURVE('',#1764,#1765,#461,.T.);
#2493=EDGE_CURVE('',#1765,#1757,#468,.T.);
#2497=EDGE_CURVE('',#1657,#1761,#486,.T.);
#2507=EDGE_CURVE('',#1682,#1761,#497,.T.);
#2509=EDGE_CURVE('',#1767,#1682,#505,.T.);
#2511=EDGE_CURVE('',#1760,#1767,#553,.T.);
#2536=EDGE_CURVE('',#1680,#1769,#501,.T.);
#2538=EDGE_CURVE('',#1767,#1769,#1377,.T.);
#2552=EDGE_CURVE('',#1769,#1695,#517,.T.);
#2562=EDGE_CURVE('',#1772,#1773,#513,.T.);
#2564=EDGE_CURVE('',#1769,#1773,#1382,.T.);
#2567=EDGE_CURVE('',#1695,#1772,#531,.T.);
#2577=EDGE_CURVE('',#1776,#1777,#535,.T.);
#2579=EDGE_CURVE('',#1777,#1773,#545,.T.);
#2582=EDGE_CURVE('',#1772,#1776,#549,.T.);
#2593=EDGE_CURVE('',#1762,#1776,#559,.T.);
#2597=EDGE_CURVE('',#1777,#1767,#1372,.T.);
#2609=EDGE_CURVE('',#1779,#1776,#569,.T.);
#2611=EDGE_CURVE('',#1779,#1764,#565,.T.);
#2623=EDGE_CURVE('',#1772,#1781,#573,.T.);
#2625=EDGE_CURVE('',#1783,#1781,#639,.T.);
#2627=EDGE_CURVE('',#1783,#1785,#577,.T.);
#2629=EDGE_CURVE('',#1779,#1785,#897,.T.);
#2642=EDGE_CURVE('',#1693,#1781,#582,.T.);
#2684=EDGE_CURVE('',#1781,#1786,#611,.T.);
#2687=EDGE_CURVE('',#1693,#1786,#597,.T.);
#2698=EDGE_CURVE('',#1786,#1788,#615,.T.);
#2700=EDGE_CURVE('',#1788,#1789,#621,.T.);
#2702=EDGE_CURVE('',#1789,#1791,#625,.T.);
#2704=EDGE_CURVE('',#1791,#1792,#631,.T.);
#2706=EDGE_CURVE('',#1792,#1794,#635,.T.);
#2708=EDGE_CURVE('',#1783,#1794,#949,.T.);
#2720=EDGE_CURVE('',#1796,#1786,#666,.T.);
#2722=EDGE_CURVE('',#1798,#1796,#765,.T.);
#2724=EDGE_CURVE('',#1798,#1788,#644,.T.);
#2736=EDGE_CURVE('',#1691,#1796,#662,.T.);
#2780=EDGE_CURVE('',#1730,#1691,#700,.T.);
#2782=EDGE_CURVE('',#1730,#1796,#681,.T.);
#2793=EDGE_CURVE('',#1689,#1720,#695,.T.);
#2808=EDGE_CURVE('',#1722,#1698,#713,.T.);
#2843=EDGE_CURVE('',#1728,#1799,#741,.T.);
#2845=EDGE_CURVE('',#1799,#1801,#745,.T.);
#2847=EDGE_CURVE('',#1801,#1802,#751,.T.);
#2849=EDGE_CURVE('',#1802,#1804,#755,.T.);
#2851=EDGE_CURVE('',#1804,#1798,#761,.T.);
#2896=EDGE_CURVE('',#1806,#1728,#785,.T.);
#2898=EDGE_CURVE('',#1806,#1799,#780,.T.);
#2909=EDGE_CURVE('',#1807,#1726,#807,.T.);
#2911=EDGE_CURVE('',#1806,#1807,#850,.T.);
#2924=EDGE_CURVE('',#1737,#1807,#793,.T.);
#2936=EDGE_CURVE('',#1752,#1740,#842,.T.);
#2938=EDGE_CURVE('',#1752,#1807,#811,.T.);
#2962=EDGE_CURVE('',#1809,#1750,#854,.T.);
#2964=EDGE_CURVE('',#1809,#1811,#846,.T.);
#2966=EDGE_CURVE('',#1806,#1811,#971,.T.);
#2978=EDGE_CURVE('',#1814,#1815,#862,.T.);
#2980=EDGE_CURVE('',#1809,#1814,#915,.T.);
#2983=EDGE_CURVE('',#1815,#1750,#881,.T.);
#2993=EDGE_CURVE('',#1759,#1815,#872,.T.);
#2995=EDGE_CURVE('',#1759,#1817,#858,.T.);
#2997=EDGE_CURVE('',#1814,#1817,#1362,.T.);
#3023=EDGE_CURVE('',#1815,#1756,#877,.T.);
#3047=EDGE_CURVE('',#1817,#1765,#889,.T.);
#3058=EDGE_CURVE('',#1819,#1779,#893,.T.);
#3060=EDGE_CURVE('',#1817,#1819,#1367,.T.);
#3075=EDGE_CURVE('',#1821,#1785,#911,.T.);
#3077=EDGE_CURVE('',#1821,#1819,#907,.T.);
#3088=EDGE_CURVE('',#1809,#1785,#929,.T.);
#3091=EDGE_CURVE('',#1821,#1814,#1357,.T.);
#3104=EDGE_CURVE('',#1783,#1811,#934,.T.);
#3146=EDGE_CURVE('',#1811,#1794,#963,.T.);
#3159=EDGE_CURVE('',#1794,#1799,#967,.T.);
#3172=EDGE_CURVE('',#1792,#1801,#976,.T.);
#3184=EDGE_CURVE('',#1827,#1824,#981,.T.);
#3186=EDGE_CURVE('',#1824,#1825,#986,.T.);
#3188=EDGE_CURVE('',#1801,#1825,#1140,.T.);
#3191=EDGE_CURVE('',#1792,#1827,#991,.T.);
#3201=EDGE_CURVE('',#1828,#1827,#1006,.T.);
#3203=EDGE_CURVE('',#1828,#1830,#995,.T.);
#3205=EDGE_CURVE('',#1832,#1830,#1161,.T.);
#3207=EDGE_CURVE('',#1834,#1832,#1156,.T.);
#3209=EDGE_CURVE('',#1834,#1836,#999,.T.);
#3211=EDGE_CURVE('',#1825,#1836,#1117,.T.);
#3250=EDGE_CURVE('',#1837,#1791,#1021,.T.);
#3252=EDGE_CURVE('',#1828,#1837,#1028,.T.);
#3262=EDGE_CURVE('',#1839,#1837,#1010,.T.);
#3266=EDGE_CURVE('',#1839,#1789,#1058,.T.);
#3279=EDGE_CURVE('',#1840,#1839,#1047,.T.);
#3281=EDGE_CURVE('',#1842,#1840,#1081,.T.);
#3283=EDGE_CURVE('',#1830,#1842,#1182,.T.);
#3321=EDGE_CURVE('',#1788,#1844,#1033,.T.);
#3323=EDGE_CURVE('',#1844,#1840,#1040,.T.);
#3336=EDGE_CURVE('',#1848,#1846,#1063,.T.);
#3338=EDGE_CURVE('',#1846,#1844,#1068,.T.);
#3342=EDGE_CURVE('',#1798,#1848,#1073,.T.);
#3354=EDGE_CURVE('',#1849,#1848,#1088,.T.);
#3356=EDGE_CURVE('',#1849,#1851,#1077,.T.);
#3358=EDGE_CURVE('',#1853,#1851,#1199,.T.);
#3360=EDGE_CURVE('',#1842,#1853,#1194,.T.);
#3398=EDGE_CURVE('',#1854,#1804,#1103,.T.);
#3400=EDGE_CURVE('',#1849,#1854,#1110,.T.);
#3411=EDGE_CURVE('',#1856,#1854,#1092,.T.);
#3415=EDGE_CURVE('',#1856,#1802,#1135,.T.);
#3426=EDGE_CURVE('',#1836,#1856,#1124,.T.);
#3429=EDGE_CURVE('',#1851,#1834,#1144,.T.);
#3483=EDGE_CURVE('',#1857,#1834,#1178,.T.);
#3485=EDGE_CURVE('',#1859,#1857,#1291,.T.);
#3487=EDGE_CURVE('',#1859,#1851,#1151,.T.);
#3499=EDGE_CURVE('',#1860,#1830,#1189,.T.);
#3501=EDGE_CURVE('',#1860,#1862,#1166,.T.);
#3503=EDGE_CURVE('',#1862,#1857,#1171,.T.);
#3515=EDGE_CURVE('',#1863,#1842,#1216,.T.);
#3517=EDGE_CURVE('',#1860,#1863,#1303,.T.);
#3531=EDGE_CURVE('',#1859,#1865,#1204,.T.);
#3533=EDGE_CURVE('',#1865,#1863,#1209,.T.);
#3544=EDGE_CURVE('',#1869,#1871,#1241,.T.);
#3546=EDGE_CURVE('',#1868,#1869,#1236,.T.);
#3548=EDGE_CURVE('',#1868,#1863,#1220,.T.);
#3552=EDGE_CURVE('',#1859,#1871,#1224,.T.);
#3562=EDGE_CURVE('',#1874,#1875,#1255,.T.);
#3564=EDGE_CURVE('',#1874,#1868,#1231,.T.);
#3568=EDGE_CURVE('',#1875,#1871,#1283,.T.);
#3578=EDGE_CURVE('',#1878,#1879,#1246,.T.);
#3580=EDGE_CURVE('',#1879,#1874,#1250,.T.);
#3583=EDGE_CURVE('',#1875,#1878,#1259,.T.);
#3594=EDGE_CURVE('',#1878,#1880,#1266,.T.);
#3596=EDGE_CURVE('',#1880,#1882,#1271,.T.);
#3598=EDGE_CURVE('',#1882,#1884,#1276,.T.);
#3600=EDGE_CURVE('',#1879,#1884,#1314,.T.);
#3612=EDGE_CURVE('',#1871,#1880,#1287,.T.);
#3626=EDGE_CURVE('',#1880,#1857,#1295,.T.);
#3641=EDGE_CURVE('',#1860,#1884,#1299,.T.);
#3651=EDGE_CURVE('',#1884,#1868,#1307,.T.);
#3676=EDGE_CURVE('',#1890,#1887,#1318,.T.);
#3678=EDGE_CURVE('',#1887,#1888,#1323,.T.);
#3680=EDGE_CURVE('',#1892,#1888,#1327,.T.);
#3682=EDGE_CURVE('',#1890,#1892,#1352,.T.);
#3693=EDGE_CURVE('',#1892,#1890,#1342,.T.);
#3696=EDGE_CURVE('',#1888,#1887,#1332,.T.);
#3706=EDGE_CURVE('',#1894,#1890,#1347,.T.);
#3708=EDGE_CURVE('',#1894,#1892,#1337,.T.);
#3778=EDGE_CURVE('',#1631,#1632,#1386,.T.);
#3780=EDGE_CURVE('',#1632,#1896,#1390,.T.);
#3782=EDGE_CURVE('',#1896,#1898,#1394,.T.);
#3784=EDGE_CURVE('',#1898,#1900,#1398,.T.);
#3786=EDGE_CURVE('',#1900,#1902,#1403,.T.);
#3788=EDGE_CURVE('',#1904,#1902,#1444,.T.);
#3790=EDGE_CURVE('',#1904,#1906,#1407,.T.);
#3792=EDGE_CURVE('',#1906,#1631,#1411,.T.);
#3802=EDGE_CURVE('',#1636,#1635,#1415,.T.);
#3804=EDGE_CURVE('',#1635,#1910,#1419,.T.);
#3806=EDGE_CURVE('',#1910,#1912,#1423,.T.);
#3808=EDGE_CURVE('',#1912,#1914,#1427,.T.);
#3810=EDGE_CURVE('',#1914,#1916,#1432,.T.);
#3812=EDGE_CURVE('',#1918,#1916,#1464,.T.);
#3814=EDGE_CURVE('',#1918,#1908,#1436,.T.);
#3816=EDGE_CURVE('',#1908,#1636,#1440,.T.);
#3827=EDGE_CURVE('',#1914,#1902,#1456,.T.);
#3830=EDGE_CURVE('',#1912,#1904,#1448,.T.);
#3841=EDGE_CURVE('',#1900,#1916,#1452,.T.);
#3854=EDGE_CURVE('',#1898,#1918,#1460,.T.);
#3866=EDGE_CURVE('',#1639,#1640,#1468,.T.);
#3868=EDGE_CURVE('',#1640,#1920,#1472,.T.);
#3870=EDGE_CURVE('',#1920,#1922,#1476,.T.);
#3872=EDGE_CURVE('',#1922,#1924,#1480,.T.);
#3874=EDGE_CURVE('',#1924,#1926,#1485,.T.);
#3876=EDGE_CURVE('',#1928,#1926,#1526,.T.);
#3878=EDGE_CURVE('',#1928,#1930,#1489,.T.);
#3880=EDGE_CURVE('',#1930,#1639,#1493,.T.);
#3890=EDGE_CURVE('',#1644,#1643,#1497,.T.);
#3892=EDGE_CURVE('',#1643,#1934,#1501,.T.);
#3894=EDGE_CURVE('',#1934,#1936,#1505,.T.);
#3896=EDGE_CURVE('',#1936,#1938,#1509,.T.);
#3898=EDGE_CURVE('',#1938,#1940,#1514,.T.);
#3900=EDGE_CURVE('',#1942,#1940,#1546,.T.);
#3902=EDGE_CURVE('',#1942,#1932,#1518,.T.);
#3904=EDGE_CURVE('',#1932,#1644,#1522,.T.);
#3915=EDGE_CURVE('',#1938,#1926,#1538,.T.);
#3918=EDGE_CURVE('',#1936,#1928,#1530,.T.);
#3929=EDGE_CURVE('',#1924,#1940,#1534,.T.);
#3942=EDGE_CURVE('',#1922,#1942,#1542,.T.);
#3954=EDGE_CURVE('',#1647,#1648,#1550,.T.);
#3956=EDGE_CURVE('',#1648,#1944,#1554,.T.);
#3958=EDGE_CURVE('',#1944,#1946,#1558,.T.);
#3960=EDGE_CURVE('',#1946,#1948,#1562,.T.);
#3962=EDGE_CURVE('',#1948,#1950,#1567,.T.);
#3964=EDGE_CURVE('',#1952,#1950,#1608,.T.);
#3966=EDGE_CURVE('',#1952,#1954,#1571,.T.);
#3968=EDGE_CURVE('',#1954,#1647,#1575,.T.);
#3978=EDGE_CURVE('',#1652,#1651,#1579,.T.);
#3980=EDGE_CURVE('',#1651,#1958,#1583,.T.);
#3982=EDGE_CURVE('',#1958,#1960,#1587,.T.);
#3984=EDGE_CURVE('',#1960,#1962,#1591,.T.);
#3986=EDGE_CURVE('',#1962,#1964,#1596,.T.);
#3988=EDGE_CURVE('',#1966,#1964,#1628,.T.);
#3990=EDGE_CURVE('',#1966,#1956,#1600,.T.);
#3992=EDGE_CURVE('',#1956,#1652,#1604,.T.);
#4003=EDGE_CURVE('',#1962,#1950,#1620,.T.);
#4006=EDGE_CURVE('',#1960,#1952,#1612,.T.);
#4017=EDGE_CURVE('',#1948,#1964,#1616,.T.);
#4030=EDGE_CURVE('',#1946,#1966,#1624,.T.);
#4039=(LENGTH_UNIT()NAMED_UNIT(*)SI_UNIT(.MILLI.,.METRE.));
#4041=(NAMED_UNIT(*)PLANE_ANGLE_UNIT()SI_UNIT($,.RADIAN.));
#4044=(NAMED_UNIT(*)SI_UNIT($,.STERADIAN.)SOLID_ANGLE_UNIT());
#4047=MANIFOLD_SURFACE_SHAPE_REPRESENTATION('',(#4038),#4046);
#4054=PRODUCT_DEFINITION('design','',#4053,#4050);
#4055=PRODUCT_DEFINITION_SHAPE('','SHAPE FOR TL39P0050_SW0001.',#4054);
#4056=SHAPE_DEFINITION_REPRESENTATION(#4055,#4047);
ENDSEC;
END-ISO-10303-21;
