ISO-10303-21;
HEADER;
FILE_DESCRIPTION((''),'2;1');
FILE_NAME('TL3_WW___50_SW0001','2015-09-07T',('brevel'),(''),
'CREO PARAMETRIC BY PTC INC, 2014440','CREO PARAMETRIC BY PTC INC, 2014440','');
FILE_SCHEMA(('CONFIG_CONTROL_DESIGN'));
ENDSEC;
DATA;
#1=DIRECTION('',(-1.E0,-1.173741670990E-14,0.E0));
#2=VECTOR('',#1,7.141421356240E-1);
#3=CARTESIAN_POINT('',(3.75E0,4.2E-1,1.9E0));
#4=LINE('',#3,#2);
#5=DIRECTION('',(-1.E0,0.E0,0.E0));
#6=VECTOR('',#5,7.141421356240E-1);
#7=CARTESIAN_POINT('',(-3.035857864376E0,4.2E-1,1.9E0));
#8=LINE('',#7,#6);
#9=CARTESIAN_POINT('',(-3.75E0,1.12E0,-1.9E0));
#10=DIRECTION('',(-4.930921571439E-13,5.221876570996E-13,-1.E0));
#11=DIRECTION('',(-1.E0,3.241851231799E-11,4.884981308191E-13));
#12=AXIS2_PLACEMENT_3D('',#9,#10,#11);
#14=DIRECTION('',(7.071067811865E-1,-7.071067811866E-1,0.E0));
#15=VECTOR('',#14,9.999494874527E-1);
#16=CARTESIAN_POINT('',(-3.742928927798E0,1.127071063422E0,-1.9E0));
#17=LINE('',#16,#15);
#18=DIRECTION('',(-1.E0,9.358840873329E-14,0.E0));
#19=VECTOR('',#18,7.141421356239E-1);
#20=CARTESIAN_POINT('',(-3.035857864376E0,4.199999999999E-1,-1.9E0));
#21=LINE('',#20,#19);
#22=CARTESIAN_POINT('',(-3.75E0,1.2E-1,-1.9E0));
#23=DIRECTION('',(0.E0,0.E0,1.E0));
#24=DIRECTION('',(0.E0,1.E0,0.E0));
#25=AXIS2_PLACEMENT_3D('',#22,#23,#24);
#27=CARTESIAN_POINT('',(-3.76E0,1.12E0,-2.19E0));
#28=DIRECTION('',(-1.843862678848E-12,-1.E0,-5.221876570986E-13));
#29=DIRECTION('',(6.018174464523E-13,-5.221876570998E-13,1.E0));
#30=AXIS2_PLACEMENT_3D('',#27,#28,#29);
#32=CARTESIAN_POINT('',(-3.75E0,1.12E0,-2.19E0));
#33=DIRECTION('',(-4.930921571439E-13,5.221876570996E-13,-1.E0));
#34=DIRECTION('',(-1.E0,-2.364231773317E-9,4.929390229334E-13));
#35=AXIS2_PLACEMENT_3D('',#32,#33,#34);
#37=CARTESIAN_POINT('',(-3.742928931518E0,1.127071067142E0,-2.19E0));
#38=DIRECTION('',(7.071067142376E-1,-7.071068481355E-1,-7.179112434012E-13));
#39=DIRECTION('',(7.071068479332E-1,7.071067140353E-1,-2.391803765621E-5));
#40=AXIS2_PLACEMENT_3D('',#37,#38,#39);
#42=DIRECTION('',(-3.991304995802E-9,-1.E0,0.E0));
#43=VECTOR('',#42,7.001667969818E-1);
#44=CARTESIAN_POINT('',(-3.76E0,1.12E0,-1.9E0));
#45=LINE('',#44,#43);
#46=CARTESIAN_POINT('',(-3.760000002795E0,4.198332030182E-1,-1.9E0));
#47=CARTESIAN_POINT('',(-3.773510167784E0,4.193826134101E-1,-1.9E0));
#48=CARTESIAN_POINT('',(-3.801233838359E0,4.164651366945E-1,-1.902054244520E0));
#49=CARTESIAN_POINT('',(-3.841151206924E0,4.071424106903E-1,-1.910249735245E0));
#50=CARTESIAN_POINT('',(-3.887134817566E0,3.879289373077E-1,-1.928241584556E0));
#51=CARTESIAN_POINT('',(-3.915139616730E0,3.711867044347E-1,-1.944261070992E0));
#52=CARTESIAN_POINT('',(-3.948914730212E0,3.462576710064E-1,-1.968301697402E0));
#53=CARTESIAN_POINT('',(-3.983493453265E0,3.105138486156E-1,-2.003069491384E0));
#54=CARTESIAN_POINT('',(-4.010048840611E0,2.717338425166E-1,-2.040993794710E0));
#55=CARTESIAN_POINT('',(-4.029746135188E0,2.318628608190E-1,-2.080065612380E0));
#56=CARTESIAN_POINT('',(-4.045615266497E0,1.807428662187E-1,-2.130276529177E0));
#57=CARTESIAN_POINT('',(-4.05E0,1.411609163001E-1,-2.169194754683E0));
#58=CARTESIAN_POINT('',(-4.05E0,1.2E-1,-2.19E0));
#60=DIRECTION('',(0.E0,1.E0,3.552713680061E-14));
#61=VECTOR('',#60,9.999999996452E-1);
#62=CARTESIAN_POINT('',(-4.05E0,1.2E-1,-2.19E0));
#63=LINE('',#62,#61);
#64=DIRECTION('',(0.E0,0.E0,-1.E0));
#65=VECTOR('',#64,4.38E0);
#66=CARTESIAN_POINT('',(-4.05E0,1.2E-1,2.19E0));
#67=LINE('',#66,#65);
#68=DIRECTION('',(0.E0,0.E0,1.E0));
#69=VECTOR('',#68,3.8E0);
#70=CARTESIAN_POINT('',(-3.75E0,4.2E-1,-1.9E0));
#71=LINE('',#70,#69);
#72=CARTESIAN_POINT('',(-3.76E0,4.198332870113E-1,1.9E0));
#73=CARTESIAN_POINT('',(-3.773523641775E0,4.193822483054E-1,1.9E0));
#74=CARTESIAN_POINT('',(-3.801255285832E0,4.164634140733E-1,1.902056924778E0));
#75=CARTESIAN_POINT('',(-3.841200844137E0,4.071247208887E-1,1.910261391710E0));
#76=CARTESIAN_POINT('',(-3.887171721721E0,3.879113527351E-1,1.928261157085E0));
#77=CARTESIAN_POINT('',(-3.915187655721E0,3.711533513411E-1,1.944288614994E0));
#78=CARTESIAN_POINT('',(-3.948960022278E0,3.462165626748E-1,1.968337600690E0));
#79=CARTESIAN_POINT('',(-3.983536995123E0,3.104628828264E-1,2.003126420428E0));
#80=CARTESIAN_POINT('',(-4.010066236410E0,2.716974693217E-1,2.041020873522E0));
#81=CARTESIAN_POINT('',(-4.029759452892E0,2.318385423135E-1,2.080107934719E0));
#82=CARTESIAN_POINT('',(-4.045617990625E0,1.807256673554E-1,2.130298260315E0));
#83=CARTESIAN_POINT('',(-4.05E0,1.411536577690E-1,2.169201891213E0));
#84=CARTESIAN_POINT('',(-4.05E0,1.2E-1,2.19E0));
#86=DIRECTION('',(1.745002206294E-2,-9.996955138820E-1,-1.744638226836E-2));
#87=VECTOR('',#86,6.557232133220E0);
#88=CARTESIAN_POINT('',(-4.049999998671E0,1.199999516440E-1,2.210019322445E0));
#89=LINE('',#88,#87);
#90=DIRECTION('',(-1.745249561249E-2,9.996954706989E-1,-1.744638246041E-2));
#91=VECTOR('',#90,6.557232110530E0);
#92=CARTESIAN_POINT('',(-3.935559934799E0,-6.435235245641E0,-2.095619343860E0));
#93=LINE('',#92,#91);
#94=DIRECTION('',(-6.639220854135E-8,2.415464232284E-6,-9.999999999971E-1));
#95=VECTOR('',#94,2.001932244550E-2);
#96=CARTESIAN_POINT('',(-4.049999998671E0,1.199999516440E-1,2.210019322445E0));
#97=LINE('',#96,#95);
#98=DIRECTION('',(1.647035039034E-7,-1.646390233578E-7,1.E0));
#99=VECTOR('',#98,1.999348740161E-2);
#100=CARTESIAN_POINT('',(-3.537867965476E0,1.332132034161E0,2.190003302625E0));
#101=LINE('',#100,#99);
#102=DIRECTION('',(-2.627217058275E-9,1.322461224173E-7,-1.E0));
#103=VECTOR('',#102,2.000552105073E-2);
#104=CARTESIAN_POINT('',(-4.049999999947E0,1.119999999645E0,2.210005521051E0));
#105=LINE('',#104,#103);
#106=CARTESIAN_POINT('',(-3.742928932188E0,1.127071067812E0,2.19E0));
#107=DIRECTION('',(7.071067811877E-1,-7.071067811854E-1,-4.011856937526E-13));
#108=DIRECTION('',(-3.813041836302E-13,1.868237365577E-13,-1.E0));
#109=AXIS2_PLACEMENT_3D('',#106,#107,#108);
#111=CARTESIAN_POINT('',(-3.75E0,1.12E0,2.19E0));
#112=DIRECTION('',(-3.368952626449E-14,-6.010517754005E-13,1.E0));
#113=DIRECTION('',(7.071067823935E-1,7.071067799796E-1,4.485301019483E-13));
#114=AXIS2_PLACEMENT_3D('',#111,#112,#113);
#116=CARTESIAN_POINT('',(-3.76E0,1.120000000538E0,2.19E0));
#117=DIRECTION('',(-5.379883564370E-8,-1.E0,-6.010517772130E-13));
#118=DIRECTION('',(-1.E0,5.379883588431E-8,7.350442094075E-13));
#119=AXIS2_PLACEMENT_3D('',#116,#117,#118);
#121=CARTESIAN_POINT('',(-3.75E0,1.12E0,1.9E0));
#122=DIRECTION('',(-3.368952626449E-14,-6.010517754005E-13,1.E0));
#123=DIRECTION('',(7.071067812354E-1,7.071067811377E-1,4.440892098412E-13));
#124=AXIS2_PLACEMENT_3D('',#121,#122,#123);
#126=CARTESIAN_POINT('',(-3.75E0,1.2E-1,1.9E0));
#127=DIRECTION('',(0.E0,0.E0,-1.E0));
#128=DIRECTION('',(-3.333333333333E-2,9.994442900377E-1,0.E0));
#129=AXIS2_PLACEMENT_3D('',#126,#127,#128);
#131=DIRECTION('',(-7.071067811865E-1,7.071067811865E-1,0.E0));
#132=VECTOR('',#131,9.999494936610E-1);
#133=CARTESIAN_POINT('',(-3.035857864376E0,4.2E-1,1.9E0));
#134=LINE('',#133,#132);
#135=DIRECTION('',(0.E0,1.E0,0.E0));
#136=VECTOR('',#135,7.001667165162E-1);
#137=CARTESIAN_POINT('',(-3.76E0,4.198332870113E-1,1.9E0));
#138=LINE('',#137,#136);
#139=DIRECTION('',(0.E0,-1.E0,5.506706189526E-14));
#140=VECTOR('',#139,1.000000002291E0);
#141=CARTESIAN_POINT('',(-4.05E0,1.120000002291E0,2.19E0));
#142=LINE('',#141,#140);
#143=CARTESIAN_POINT('',(-3.035857864376E0,4.2E-1,1.9E0));
#144=CARTESIAN_POINT('',(-2.949554428313E0,4.2E-1,1.9E0));
#145=CARTESIAN_POINT('',(-2.836651596929E0,4.2E-1,1.925873344966E0));
#146=CARTESIAN_POINT('',(-2.713560658083E0,4.2E-1,2.003272924796E0));
#147=CARTESIAN_POINT('',(-2.664074073453E0,4.2E-1,2.060822255746E0));
#148=CARTESIAN_POINT('',(-2.645986090584E0,4.2E-1,2.1E0));
#150=DIRECTION('',(-7.071068010714E-1,7.071067612890E-1,-4.221874605642E-6));
#151=VECTOR('',#150,1.309495415944E0);
#152=CARTESIAN_POINT('',(-2.611914850890E0,4.061789716707E-1,2.190008831151E0));
#153=LINE('',#152,#151);
#154=CARTESIAN_POINT('',(-2.604844591184E0,3.991088320421E-1,2.209991467423E0));
#155=CARTESIAN_POINT('',(-2.605710241638E0,3.999744824969E-1,2.207794736817E0));
#156=CARTESIAN_POINT('',(-2.607387630750E0,4.016516260697E-1,2.203389006330E0));
#157=CARTESIAN_POINT('',(-2.609742947510E0,4.040070148758E-1,2.196727647955E0));
#158=CARTESIAN_POINT('',(-2.611208167278E0,4.054722880582E-1,2.192255577424E0));
#159=CARTESIAN_POINT('',(-2.611914850890E0,4.061789716707E-1,2.190008831151E0));
#161=CARTESIAN_POINT('',(-2.611914850890E0,4.061789716707E-1,2.190008831151E0));
#162=CARTESIAN_POINT('',(-2.615013482782E0,4.092779209207E-1,2.180156398527E0));
#163=CARTESIAN_POINT('',(-2.621585338773E0,4.144269809373E-1,2.160222766452E0));
#164=CARTESIAN_POINT('',(-2.632813639436E0,4.190058968449E-1,2.130039369607E0));
#165=CARTESIAN_POINT('',(-2.641389080359E0,4.200000000001E-1,2.109956914057E0));
#166=CARTESIAN_POINT('',(-2.645986090584E0,4.200000000001E-1,2.1E0));
#168=DIRECTION('',(1.E0,0.E0,0.E0));
#169=VECTOR('',#168,5.291972181168E0);
#170=CARTESIAN_POINT('',(-2.645986090584E0,4.200000000001E-1,2.1E0));
#171=LINE('',#170,#169);
#172=CARTESIAN_POINT('',(2.645986090584E0,4.2E-1,2.1E0));
#173=CARTESIAN_POINT('',(2.641389105303E0,4.2E-1,2.109956860032E0));
#174=CARTESIAN_POINT('',(2.632813691548E0,4.190059078155E-1,2.130039240941E0));
#175=CARTESIAN_POINT('',(2.621585382704E0,4.144270090129E-1,2.160222637523E0));
#176=CARTESIAN_POINT('',(2.615013500245E0,4.092779383857E-1,2.180156344162E0));
#177=CARTESIAN_POINT('',(2.611914851256E0,4.061789720360E-1,2.190008831150E0));
#179=CARTESIAN_POINT('',(2.604844590921E0,3.991088317798E-1,2.209991467422E0));
#180=CARTESIAN_POINT('',(2.601575573929E0,3.958400744835E-1,2.218286477443E0));
#181=CARTESIAN_POINT('',(2.595255719547E0,3.885141113331E-1,2.234710675356E0));
#182=CARTESIAN_POINT('',(2.586207084635E0,3.751279638245E-1,2.258625265269E0));
#183=CARTESIAN_POINT('',(2.577431073556E0,3.595268467486E-1,2.281328266255E0));
#184=CARTESIAN_POINT('',(2.568684537284E0,3.419259814396E-1,2.302483296149E0));
#185=CARTESIAN_POINT('',(2.559719896161E0,3.226505658143E-1,2.321757768282E0));
#186=CARTESIAN_POINT('',(2.550290765286E0,3.021133647083E-1,2.338885329872E0));
#187=CARTESIAN_POINT('',(2.540196357288E0,2.808109707991E-1,2.353687160493E0));
#188=CARTESIAN_POINT('',(2.529176108220E0,2.590171029724E-1,2.366228558575E0));
#189=CARTESIAN_POINT('',(2.517035736512E0,2.370110189318E-1,2.376587245488E0));
#190=CARTESIAN_POINT('',(2.503461021549E0,2.147612087296E-1,2.384964415655E0));
#191=CARTESIAN_POINT('',(2.488189371873E0,1.922804479915E-1,2.391476005753E0));
#192=CARTESIAN_POINT('',(2.470674268271E0,1.691961313767E-1,2.396255616849E0));
#193=CARTESIAN_POINT('',(2.450421250540E0,1.453035793583E-1,2.399268165542E0));
#194=CARTESIAN_POINT('',(2.434537519268E0,1.285183225885E-1,2.4E0));
#195=CARTESIAN_POINT('',(2.426019196680E0,1.200000000001E-1,2.4E0));
#197=DIRECTION('',(-1.E0,-1.392058095688E-14,-1.702389518293E-14));
#198=VECTOR('',#197,4.852038393360E0);
#199=CARTESIAN_POINT('',(2.426019196680E0,1.200000000001E-1,2.4E0));
#200=LINE('',#199,#198);
#201=CARTESIAN_POINT('',(-2.426019196680E0,1.2E-1,2.4E0));
#202=CARTESIAN_POINT('',(-2.434533340041E0,1.285141433610E-1,2.4E0));
#203=CARTESIAN_POINT('',(-2.450412745629E0,1.452938994289E-1,2.399269136354E0));
#204=CARTESIAN_POINT('',(-2.470677023294E0,1.691992217706E-1,2.396255328739E0));
#205=CARTESIAN_POINT('',(-2.488195260828E0,1.922882181285E-1,2.391474454758E0));
#206=CARTESIAN_POINT('',(-2.503475543041E0,2.147837909386E-1,2.384956838730E0));
#207=CARTESIAN_POINT('',(-2.517042977523E0,2.370233420007E-1,2.376582355629E0));
#208=CARTESIAN_POINT('',(-2.529193420027E0,2.590498714660E-1,2.366211383997E0));
#209=CARTESIAN_POINT('',(-2.540202793802E0,2.808243927972E-1,2.353678761153E0));
#210=CARTESIAN_POINT('',(-2.550304659874E0,3.021431591012E-1,2.338862332740E0));
#211=CARTESIAN_POINT('',(-2.559721704025E0,3.226547420338E-1,2.321753778951E0));
#212=CARTESIAN_POINT('',(-2.568694866812E0,3.419475689551E-1,2.302459991259E0));
#213=CARTESIAN_POINT('',(-2.577434516137E0,3.595332802069E-1,2.281319165783E0));
#214=CARTESIAN_POINT('',(-2.586212767921E0,3.751370729436E-1,2.258610423461E0));
#215=CARTESIAN_POINT('',(-2.595254955288E0,3.885125686744E-1,2.234712681904E0));
#216=CARTESIAN_POINT('',(-2.601575051363E0,3.958395519590E-1,2.218287804101E0));
#217=CARTESIAN_POINT('',(-2.604844591184E0,3.991088320421E-1,2.209991467423E0));
#219=DIRECTION('',(7.071068464224E-1,-7.071067159392E-1,-4.033821412955E-6));
#220=VECTOR('',#219,1.319494183545E0);
#221=CARTESIAN_POINT('',(-3.537867962183E0,1.332132030870E0,2.209996790027E0));
#222=LINE('',#221,#220);
#223=DIRECTION('',(7.071067811865E-1,-7.071067811866E-1,0.E0));
#224=VECTOR('',#223,1.424213556165E0);
#225=CARTESIAN_POINT('',(-3.742928927798E0,1.127071063422E0,2.5E0));
#226=LINE('',#225,#224);
#227=CARTESIAN_POINT('',(-3.760007361401E0,1.119981612024E0,2.499999999930E0));
#228=CARTESIAN_POINT('',(-3.760007361401E0,1.121394547395E0,2.499999999930E0));
#229=CARTESIAN_POINT('',(-3.759465096059E0,1.123920525394E0,2.500000000033E0));
#230=CARTESIAN_POINT('',(-3.757238768383E0,1.127278608526E0,2.499999999991E0));
#231=CARTESIAN_POINT('',(-3.753923916647E0,1.129471867126E0,2.500000000002E0));
#232=CARTESIAN_POINT('',(-3.750029153863E0,1.130263986891E0,2.499999999999E0));
#233=CARTESIAN_POINT('',(-3.746080622515E0,1.129470827316E0,2.5E0));
#234=CARTESIAN_POINT('',(-3.743908642749E0,1.128050778372E0,2.5E0));
#235=CARTESIAN_POINT('',(-3.742928927798E0,1.127071063422E0,2.5E0));
#237=DIRECTION('',(1.E0,1.622710147894E-14,0.E0));
#238=VECTOR('',#237,5.471715728752E0);
#239=CARTESIAN_POINT('',(-2.735857864376E0,1.199999999999E-1,2.5E0));
#240=LINE('',#239,#238);
#241=DIRECTION('',(1.E0,-4.721599497413E-8,-1.297687304057E-9));
#242=VECTOR('',#241,1.024161458069E0);
#243=CARTESIAN_POINT('',(2.735857864376E0,1.2E-1,2.5E0));
#244=LINE('',#243,#242);
#245=DIRECTION('',(-1.744638226833E-2,-9.996955138820E-1,-1.745002206272E-2));
#246=VECTOR('',#245,6.557232133219E0);
#247=CARTESIAN_POINT('',(3.760019322445E0,1.199999516432E-1,2.499999998671E0));
#248=LINE('',#247,#246);
#249=DIRECTION('',(-1.744638246043E-2,9.996954706990E-1,1.745249560902E-2));
#250=VECTOR('',#249,6.557232110532E0);
#251=CARTESIAN_POINT('',(-3.645619343860E0,-6.435235245641E0,2.385559934821E0));
#252=LINE('',#251,#250);
#253=DIRECTION('',(1.E0,4.316490043673E-9,5.489655652981E-10));
#254=VECTOR('',#253,1.024161458766E0);
#255=CARTESIAN_POINT('',(-3.760019323142E0,1.199999955791E-1,2.499999999438E0));
#256=LINE('',#255,#254);
#257=CARTESIAN_POINT('',(-2.735857864376E0,1.2E-1,2.5E0));
#258=CARTESIAN_POINT('',(-2.678284566911E0,1.2E-1,2.5E0));
#259=CARTESIAN_POINT('',(-2.569062422464E0,1.2E-1,2.483358807345E0));
#260=CARTESIAN_POINT('',(-2.470640008657E0,1.2E-1,2.436382244564E0));
#261=CARTESIAN_POINT('',(-2.426019196680E0,1.2E-1,2.4E0));
#263=CARTESIAN_POINT('',(2.426019196680E0,1.2E-1,2.4E0));
#264=CARTESIAN_POINT('',(2.470640008656E0,1.2E-1,2.436382244564E0));
#265=CARTESIAN_POINT('',(2.569062422464E0,1.2E-1,2.483358807345E0));
#266=CARTESIAN_POINT('',(2.678284566911E0,1.2E-1,2.5E0));
#267=CARTESIAN_POINT('',(2.735857864376E0,1.2E-1,2.5E0));
#269=DIRECTION('',(7.071068464225E-1,7.071067159391E-1,4.033821727717E-6));
#270=VECTOR('',#269,1.319494188474E0);
#271=CARTESIAN_POINT('',(2.604844590921E0,3.991088317798E-1,2.209991467422E0));
#272=LINE('',#271,#270);
#273=DIRECTION('',(7.071067811866E-1,7.071067811865E-1,0.E0));
#274=VECTOR('',#273,1.424213562373E0);
#275=CARTESIAN_POINT('',(2.735857864376E0,1.2E-1,2.5E0));
#276=LINE('',#275,#274);
#277=CARTESIAN_POINT('',(3.742928932188E0,1.127071067812E0,2.5E0));
#278=CARTESIAN_POINT('',(3.743908456046E0,1.128050591670E0,2.5E0));
#279=CARTESIAN_POINT('',(3.746080011E0,1.129470504853E0,2.5E0));
#280=CARTESIAN_POINT('',(3.750028067578E0,1.130263954658E0,2.499999999999E0));
#281=CARTESIAN_POINT('',(3.753922793517E0,1.129472332387E0,2.500000000002E0));
#282=CARTESIAN_POINT('',(3.757238023047E0,1.127279399257E0,2.499999999991E0));
#283=CARTESIAN_POINT('',(3.759464891671E0,1.123921186458E0,2.500000000033E0));
#284=CARTESIAN_POINT('',(3.760007361401E0,1.121394810055E0,2.499999999930E0));
#285=CARTESIAN_POINT('',(3.760007361401E0,1.119981608840E0,2.499999999930E0));
#287=CARTESIAN_POINT('',(3.742928932188E0,1.127071067812E0,2.21E0));
#288=DIRECTION('',(-7.071067811850E-1,-7.071067811881E-1,3.400062289817E-13));
#289=DIRECTION('',(1.117879735140E-13,3.682877757552E-13,1.E0));
#290=AXIS2_PLACEMENT_3D('',#287,#288,#289);
#292=CARTESIAN_POINT('',(3.75E0,1.12E0,2.21E0));
#293=DIRECTION('',(-9.463694196115E-13,4.655279992911E-13,-1.E0));
#294=DIRECTION('',(-7.071067828613E-1,7.071067795118E-1,9.977204247970E-13));
#295=AXIS2_PLACEMENT_3D('',#292,#293,#294);
#297=CARTESIAN_POINT('',(3.76E0,1.119999999053E0,2.21E0));
#298=DIRECTION('',(-9.468341999330E-8,-1.E0,-4.655279096856E-13));
#299=DIRECTION('',(9.999999992751E-1,-9.468341972537E-8,3.807620924612E-5));
#300=AXIS2_PLACEMENT_3D('',#297,#298,#299);
#302=DIRECTION('',(-2.627883008312E-9,-2.327531133043E-7,1.E0));
#303=VECTOR('',#302,2.000552105029E-2);
#304=CARTESIAN_POINT('',(4.05E0,1.119999999872E0,2.19E0));
#305=LINE('',#304,#303);
#306=DIRECTION('',(9.360593938753E-8,9.353300729263E-8,-1.E0));
#307=VECTOR('',#306,1.999348740160E-2);
#308=CARTESIAN_POINT('',(3.537867965405E0,1.332132034092E0,2.209996790027E0));
#309=LINE('',#308,#307);
#310=CARTESIAN_POINT('',(3.76E0,1.12E0,2.19E0));
#311=DIRECTION('',(-2.141731236801E-12,-1.E0,-1.636239036986E-12));
#312=DIRECTION('',(-4.884981308353E-13,1.636239036983E-12,-1.E0));
#313=AXIS2_PLACEMENT_3D('',#310,#311,#312);
#315=CARTESIAN_POINT('',(3.75E0,1.12E0,2.19E0));
#316=DIRECTION('',(-1.823828444591E-12,-1.636239036982E-12,1.E0));
#317=DIRECTION('',(1.E0,-3.552713678800E-14,1.823726355117E-12));
#318=AXIS2_PLACEMENT_3D('',#315,#316,#317);
#320=CARTESIAN_POINT('',(3.742928932568E0,1.127071068192E0,2.19E0));
#321=DIRECTION('',(-7.071068192253E-1,-7.071067431478E-1,-2.446637186719E-12));
#322=DIRECTION('',(-7.071067429643E-1,7.071068190419E-1,2.277672042697E-5));
#323=AXIS2_PLACEMENT_3D('',#320,#321,#322);
#325=DIRECTION('',(-7.071067811867E-1,-7.071067811864E-1,0.E0));
#326=VECTOR('',#325,9.999494971886E-1);
#327=CARTESIAN_POINT('',(3.742928934682E0,1.127071070306E0,1.9E0));
#328=LINE('',#327,#326);
#329=CARTESIAN_POINT('',(3.75E0,1.2E-1,1.9E0));
#330=DIRECTION('',(0.E0,0.E0,-1.E0));
#331=DIRECTION('',(0.E0,1.E0,0.E0));
#332=AXIS2_PLACEMENT_3D('',#329,#330,#331);
#334=CARTESIAN_POINT('',(3.750000000001E0,1.12E0,1.9E0));
#335=DIRECTION('',(-1.823828444591E-12,-1.636239036982E-12,1.E0));
#336=DIRECTION('',(1.E0,-4.853895063912E-11,1.820765760479E-12));
#337=AXIS2_PLACEMENT_3D('',#334,#335,#336);
#339=DIRECTION('',(-7.071068010714E-1,-7.071067612890E-1,4.221874599436E-6));
#340=VECTOR('',#339,1.309495417974E0);
#341=CARTESIAN_POINT('',(3.537867967277E0,1.332132035962E0,2.190003302625E0));
#342=LINE('',#341,#340);
#343=CARTESIAN_POINT('',(2.645986090584E0,4.2E-1,2.1E0));
#344=CARTESIAN_POINT('',(2.664074073453E0,4.2E-1,2.060822255746E0));
#345=CARTESIAN_POINT('',(2.713560658083E0,4.2E-1,2.003272924796E0));
#346=CARTESIAN_POINT('',(2.836651596929E0,4.2E-1,1.925873344966E0));
#347=CARTESIAN_POINT('',(2.949554428313E0,4.2E-1,1.9E0));
#348=CARTESIAN_POINT('',(3.035857864376E0,4.2E-1,1.9E0));
#350=CARTESIAN_POINT('',(2.604844590921E0,3.991088317798E-1,2.209991467422E0));
#351=CARTESIAN_POINT('',(2.605700604618E0,3.999648454773E-1,2.207819191675E0));
#352=CARTESIAN_POINT('',(2.607366543339E0,4.016305386583E-1,2.203447156823E0));
#353=CARTESIAN_POINT('',(2.609722361621E0,4.039864289872E-1,2.196786156484E0));
#354=CARTESIAN_POINT('',(2.611200124638E0,4.054642454182E-1,2.192281148403E0));
#355=CARTESIAN_POINT('',(2.611914851256E0,4.061789720360E-1,2.190008831150E0));
#357=CARTESIAN_POINT('',(3.76E0,4.198332870113E-1,-1.9E0));
#358=CARTESIAN_POINT('',(3.773523641775E0,4.193822483054E-1,-1.9E0));
#359=CARTESIAN_POINT('',(3.801255285832E0,4.164634140733E-1,-1.902056924778E0));
#360=CARTESIAN_POINT('',(3.841200844137E0,4.071247208887E-1,-1.910261391710E0));
#361=CARTESIAN_POINT('',(3.887171721721E0,3.879113527351E-1,-1.928261157085E0));
#362=CARTESIAN_POINT('',(3.915187655721E0,3.711533513411E-1,-1.944288614994E0));
#363=CARTESIAN_POINT('',(3.948960022278E0,3.462165626748E-1,-1.968337600689E0));
#364=CARTESIAN_POINT('',(3.983536995123E0,3.104628828265E-1,-2.003126420428E0));
#365=CARTESIAN_POINT('',(4.010066236410E0,2.716974693218E-1,-2.041020873522E0));
#366=CARTESIAN_POINT('',(4.029759452892E0,2.318385423136E-1,-2.080107934719E0));
#367=CARTESIAN_POINT('',(4.045617990625E0,1.807256673555E-1,-2.130298260315E0));
#368=CARTESIAN_POINT('',(4.05E0,1.411536577690E-1,-2.169201891213E0));
#369=CARTESIAN_POINT('',(4.05E0,1.2E-1,-2.19E0));
#371=DIRECTION('',(0.E0,0.E0,1.E0));
#372=VECTOR('',#371,4.38E0);
#373=CARTESIAN_POINT('',(4.05E0,1.2E-1,-2.19E0));
#374=LINE('',#373,#372);
#375=DIRECTION('',(0.E0,0.E0,-1.E0));
#376=VECTOR('',#375,3.8E0);
#377=CARTESIAN_POINT('',(3.75E0,4.2E-1,1.9E0));
#378=LINE('',#377,#376);
#379=DIRECTION('',(7.071067811867E-1,7.071067811864E-1,0.E0));
#380=VECTOR('',#379,9.999494936610E-1);
#381=CARTESIAN_POINT('',(3.035857864376E0,4.199999999998E-1,-1.9E0));
#382=LINE('',#381,#380);
#383=CARTESIAN_POINT('',(3.75E0,1.12E0,-1.9E0));
#384=DIRECTION('',(-1.604846523872E-12,-1.124005103552E-12,-1.E0));
#385=DIRECTION('',(-7.071067812774E-1,7.071067810957E-1,3.330669073940E-13));
#386=AXIS2_PLACEMENT_3D('',#383,#384,#385);
#388=CARTESIAN_POINT('',(3.75E0,1.2E-1,-1.9E0));
#389=DIRECTION('',(0.E0,0.E0,1.E0));
#390=DIRECTION('',(3.333333333333E-2,9.994442900377E-1,0.E0));
#391=AXIS2_PLACEMENT_3D('',#388,#389,#390);
#393=DIRECTION('',(-1.E0,-2.332714407048E-13,0.E0));
#394=VECTOR('',#393,7.141421356238E-1);
#395=CARTESIAN_POINT('',(3.75E0,4.2E-1,-1.9E0));
#396=LINE('',#395,#394);
#397=CARTESIAN_POINT('',(3.035857864376E0,4.2E-1,-1.9E0));
#398=CARTESIAN_POINT('',(2.949554428313E0,4.2E-1,-1.9E0));
#399=CARTESIAN_POINT('',(2.836651596930E0,4.2E-1,-1.925873344966E0));
#400=CARTESIAN_POINT('',(2.713560658083E0,4.2E-1,-2.003272924796E0));
#401=CARTESIAN_POINT('',(2.664074073454E0,4.2E-1,-2.060822255747E0));
#402=CARTESIAN_POINT('',(2.645986090585E0,4.2E-1,-2.1E0));
#404=DIRECTION('',(7.071068032415E-1,7.071067591177E-1,4.432813045651E-6));
#405=VECTOR('',#404,1.309495626795E0);
#406=CARTESIAN_POINT('',(2.611914698886E0,4.061788253489E-1,-2.190009272865E0));
#407=LINE('',#406,#405);
#408=CARTESIAN_POINT('',(-2.604844566270E0,3.991088055884E-1,
-2.209991540564E0));
#409=CARTESIAN_POINT('',(-2.601575549279E0,3.958400460676E-1,
-2.218286546699E0));
#410=CARTESIAN_POINT('',(-2.595255674995E0,3.885140542506E-1,
-2.234710789765E0));
#411=CARTESIAN_POINT('',(-2.586207053909E0,3.751279120721E-1,
-2.258625346952E0));
#412=CARTESIAN_POINT('',(-2.577431043388E0,3.595267894129E-1,
-2.281328341999E0));
#413=CARTESIAN_POINT('',(-2.568684510385E0,3.419259246918E-1,
-2.302483357777E0));
#414=CARTESIAN_POINT('',(-2.559719870566E0,3.226505099903E-1,
-2.321757818944E0));
#415=CARTESIAN_POINT('',(-2.550290741429E0,3.021133132719E-1,
-2.338885368690E0));
#416=CARTESIAN_POINT('',(-2.540196334483E0,2.808109241318E-1,
-2.353687189758E0));
#417=CARTESIAN_POINT('',(-2.529176086975E0,2.590170628118E-1,
-2.366228579260E0));
#418=CARTESIAN_POINT('',(-2.517035716644E0,2.370109848351E-1,
-2.376587259679E0));
#419=CARTESIAN_POINT('',(-2.503461003797E0,2.147611813662E-1,
-2.384964424543E0));
#420=CARTESIAN_POINT('',(-2.488189356561E0,1.922804268929E-1,
-2.391476010800E0));
#421=CARTESIAN_POINT('',(-2.470674256397E0,1.691961168235E-1,
-2.396255619083E0));
#422=CARTESIAN_POINT('',(-2.450421243294E0,1.453035715386E-1,
-2.399268166004E0));
#423=CARTESIAN_POINT('',(-2.434537516620E0,1.285183199399E-1,-2.4E0));
#424=CARTESIAN_POINT('',(-2.426019196680E0,1.2E-1,-2.4E0));
#426=DIRECTION('',(1.E0,1.667209089740E-14,-2.041036895588E-14));
#427=VECTOR('',#426,4.852038393360E0);
#428=CARTESIAN_POINT('',(-2.426019196680E0,1.2E-1,-2.4E0));
#429=LINE('',#428,#427);
#430=CARTESIAN_POINT('',(2.426019196680E0,1.2E-1,-2.4E0));
#431=CARTESIAN_POINT('',(2.434533337420E0,1.285141407398E-1,-2.4E0));
#432=CARTESIAN_POINT('',(2.450412738431E0,1.452938916683E-1,-2.399269136809E0));
#433=CARTESIAN_POINT('',(2.470677011350E0,1.691992071365E-1,-2.396255330983E0));
#434=CARTESIAN_POINT('',(2.488195245419E0,1.922881968973E-1,-2.391474459837E0));
#435=CARTESIAN_POINT('',(2.503475525175E0,2.147837633967E-1,-2.384956847680E0));
#436=CARTESIAN_POINT('',(2.517042957580E0,2.370233077758E-1,-2.376582369876E0));
#437=CARTESIAN_POINT('',(2.529193398696E0,2.590498311402E-1,-2.366211404776E0));
#438=CARTESIAN_POINT('',(2.540202770969E0,2.808243460724E-1,-2.353678790457E0));
#439=CARTESIAN_POINT('',(2.550304635958E0,3.021431075397E-1,-2.338862371667E0));
#440=CARTESIAN_POINT('',(2.559721678433E0,3.226546862173E-1,-2.321753829604E0));
#441=CARTESIAN_POINT('',(2.568694839829E0,3.419475120410E-1,-2.302460053081E0));
#442=CARTESIAN_POINT('',(2.577434485954E0,3.595332228505E-1,-2.281319241567E0));
#443=CARTESIAN_POINT('',(2.586212737163E0,3.751370211486E-1,-2.258610505224E0));
#444=CARTESIAN_POINT('',(2.595254910753E0,3.885125116194E-1,-2.234712796267E0));
#445=CARTESIAN_POINT('',(2.601575026720E0,3.958395235495E-1,-2.218287873334E0));
#446=CARTESIAN_POINT('',(2.604844566530E0,3.991088058488E-1,-2.209991540564E0));
#448=CARTESIAN_POINT('',(2.604844566530E0,3.991088058488E-1,-2.209991540564E0));
#449=CARTESIAN_POINT('',(2.605710183130E0,3.999744224485E-1,-2.207794898394E0));
#450=CARTESIAN_POINT('',(2.607387521913E0,4.016515187083E-1,-2.203389295535E0));
#451=CARTESIAN_POINT('',(2.609742777091E0,4.040068416005E-1,-2.196728150367E0));
#452=CARTESIAN_POINT('',(2.611207976891E0,4.054721033530E-1,-2.192256122978E0));
#453=CARTESIAN_POINT('',(2.611914698886E0,4.061788253489E-1,-2.190009272865E0));
#455=CARTESIAN_POINT('',(2.611914698886E0,4.061788253489E-1,-2.190009272865E0));
#456=CARTESIAN_POINT('',(2.615013451464E0,4.092779111988E-1,-2.180156485724E0));
#457=CARTESIAN_POINT('',(2.621585386830E0,4.144270048748E-1,-2.160222642949E0));
#458=CARTESIAN_POINT('',(2.632813658165E0,4.190058999652E-1,-2.130039317860E0));
#459=CARTESIAN_POINT('',(2.641389093177E0,4.199999999999E-1,-2.109956886297E0));
#460=CARTESIAN_POINT('',(2.645986090584E0,4.199999999999E-1,-2.1E0));
#462=DIRECTION('',(-1.E0,1.704574734383E-14,0.E0));
#463=VECTOR('',#462,5.291972181168E0);
#464=CARTESIAN_POINT('',(2.645986090584E0,4.199999999999E-1,-2.1E0));
#465=LINE('',#464,#463);
#466=CARTESIAN_POINT('',(-2.645986090584E0,4.2E-1,-2.1E0));
#467=CARTESIAN_POINT('',(-2.641389118466E0,4.2E-1,-2.109956831520E0));
#468=CARTESIAN_POINT('',(-2.632813711003E0,4.190059110897E-1,
-2.130039187407E0));
#469=CARTESIAN_POINT('',(-2.621585431366E0,4.144270333344E-1,
-2.160222512228E0));
#470=CARTESIAN_POINT('',(-2.615013469182E0,4.092779289194E-1,
-2.180156430604E0));
#471=CARTESIAN_POINT('',(-2.611914699269E0,4.061788257320E-1,
-2.190009272865E0));
#473=CARTESIAN_POINT('',(-2.604844566270E0,3.991088055884E-1,
-2.209991540564E0));
#474=CARTESIAN_POINT('',(-2.605700546650E0,3.999647859677E-1,
-2.207819351863E0));
#475=CARTESIAN_POINT('',(-2.607366436154E0,4.016304329495E-1,
-2.203447443088E0));
#476=CARTESIAN_POINT('',(-2.609722191019E0,4.039862555278E-1,
-2.196786654694E0));
#477=CARTESIAN_POINT('',(-2.611199934668E0,4.054640611305E-1,
-2.192281692480E0));
#478=CARTESIAN_POINT('',(-2.611914699269E0,4.061788257320E-1,
-2.190009272865E0));
#480=DIRECTION('',(7.071068032416E-1,-7.071067591176E-1,-4.432813079867E-6));
#481=VECTOR('',#480,1.309495621696E0);
#482=CARTESIAN_POINT('',(-3.537867962185E0,1.332132030868E0,-2.190003468116E0));
#483=LINE('',#482,#481);
#484=CARTESIAN_POINT('',(-2.645986090584E0,4.2E-1,-2.1E0));
#485=CARTESIAN_POINT('',(-2.664074073453E0,4.2E-1,-2.060822255746E0));
#486=CARTESIAN_POINT('',(-2.713560658083E0,4.2E-1,-2.003272924796E0));
#487=CARTESIAN_POINT('',(-2.836651596929E0,4.2E-1,-1.925873344966E0));
#488=CARTESIAN_POINT('',(-2.949554428313E0,4.2E-1,-1.9E0));
#489=CARTESIAN_POINT('',(-3.035857864376E0,4.2E-1,-1.9E0));
#491=DIRECTION('',(2.627661024951E-9,1.322455674602E-7,-1.E0));
#492=VECTOR('',#491,2.000552105055E-2);
#493=CARTESIAN_POINT('',(-4.05E0,1.119999999645E0,-2.19E0));
#494=LINE('',#493,#492);
#495=DIRECTION('',(1.645614852339E-7,-1.647847587157E-7,1.E0));
#496=VECTOR('',#495,1.999334941988E-2);
#497=CARTESIAN_POINT('',(-3.537867965476E0,1.332132034163E0,-2.209996817536E0));
#498=LINE('',#497,#496);
#499=DIRECTION('',(2.808917072880E-8,-2.209054140381E-7,-1.E0));
#500=VECTOR('',#499,2.001932314218E-2);
#501=CARTESIAN_POINT('',(-4.05E0,1.2E-1,-2.19E0));
#502=LINE('',#501,#500);
#503=DIRECTION('',(1.196126407692E-5,9.999999999285E-1,-1.259103034546E-9));
#504=VECTOR('',#503,9.999816669999E-1);
#505=CARTESIAN_POINT('',(-3.760019322445E0,1.199999516477E-1,
-2.499999998671E0));
#506=LINE('',#505,#504);
#507=DIRECTION('',(5.097637832672E-10,-9.999999999048E-1,-1.380209157382E-5));
#508=VECTOR('',#507,1.000000006809E0);
#509=CARTESIAN_POINT('',(-4.049999999947E0,1.120000002291E0,-2.210005521050E0));
#510=LINE('',#509,#508);
#511=CARTESIAN_POINT('',(-4.049999999438E0,1.199999955776E-1,
-2.210019323142E0));
#512=CARTESIAN_POINT('',(-4.049999357469E0,1.198530454912E-1,
-2.226879409493E0));
#513=CARTESIAN_POINT('',(-4.047039555641E0,1.195885192132E-1,
-2.260594280005E0));
#514=CARTESIAN_POINT('',(-4.033971304414E0,1.192688283888E-1,
-2.309503093100E0));
#515=CARTESIAN_POINT('',(-4.012408706073E0,1.190576584766E-1,
-2.355770678299E0));
#516=CARTESIAN_POINT('',(-3.983370805889E0,1.189472005437E-1,
-2.397253557383E0));
#517=CARTESIAN_POINT('',(-3.947317019007E0,1.189471331917E-1,
-2.433317904649E0));
#518=CARTESIAN_POINT('',(-3.905835468044E0,1.190573701486E-1,
-2.462372092557E0));
#519=CARTESIAN_POINT('',(-3.859558317042E0,1.192685847635E-1,
-2.483952501606E0));
#520=CARTESIAN_POINT('',(-3.810627791368E0,1.195881815325E-1,
-2.497035330012E0));
#521=CARTESIAN_POINT('',(-3.776891480886E0,1.198528560539E-1,
-2.499999356243E0));
#522=CARTESIAN_POINT('',(-3.760019322445E0,1.199999516477E-1,
-2.499999998671E0));
#524=DIRECTION('',(-7.071067811866E-1,7.071067811865E-1,0.E0));
#525=VECTOR('',#524,1.424213562373E0);
#526=CARTESIAN_POINT('',(-2.735857864376E0,1.199999999999E-1,-2.5E0));
#527=LINE('',#526,#525);
#528=CARTESIAN_POINT('',(-3.742928932188E0,1.127071067812E0,-2.5E0));
#529=CARTESIAN_POINT('',(-3.743908456046E0,1.128050591670E0,-2.5E0));
#530=CARTESIAN_POINT('',(-3.746080010999E0,1.129470504829E0,-2.5E0));
#531=CARTESIAN_POINT('',(-3.750028067578E0,1.130263954746E0,-2.499999999999E0));
#532=CARTESIAN_POINT('',(-3.753922793517E0,1.129472332063E0,-2.500000000002E0));
#533=CARTESIAN_POINT('',(-3.757238023047E0,1.127279400467E0,-2.499999999991E0));
#534=CARTESIAN_POINT('',(-3.759464891671E0,1.123921181940E0,-2.500000000033E0));
#535=CARTESIAN_POINT('',(-3.760007361401E0,1.121394819791E0,-2.499999999930E0));
#536=CARTESIAN_POINT('',(-3.760007361401E0,1.119981618576E0,-2.499999999930E0));
#538=DIRECTION('',(1.E0,4.721150337196E-8,-1.297796140794E-9));
#539=VECTOR('',#538,1.024161458069E0);
#540=CARTESIAN_POINT('',(-3.760019322445E0,1.199999516477E-1,
-2.499999998671E0));
#541=LINE('',#540,#539);
#542=DIRECTION('',(-7.071068458386E-1,7.071067165231E-1,-3.999238527630E-6));
#543=VECTOR('',#542,1.319494224524E0);
#544=CARTESIAN_POINT('',(-2.604844566270E0,3.991088055884E-1,
-2.209991540564E0));
#545=LINE('',#544,#543);
#546=CARTESIAN_POINT('',(-2.426019196680E0,1.2E-1,-2.4E0));
#547=CARTESIAN_POINT('',(-2.470640008657E0,1.2E-1,-2.436382244564E0));
#548=CARTESIAN_POINT('',(-2.569062422464E0,1.2E-1,-2.483358807345E0));
#549=CARTESIAN_POINT('',(-2.678284566911E0,1.2E-1,-2.5E0));
#550=CARTESIAN_POINT('',(-2.735857864376E0,1.2E-1,-2.5E0));
#552=CARTESIAN_POINT('',(2.735857864376E0,1.2E-1,-2.5E0));
#553=CARTESIAN_POINT('',(2.678284566911E0,1.2E-1,-2.5E0));
#554=CARTESIAN_POINT('',(2.569062422464E0,1.2E-1,-2.483358807345E0));
#555=CARTESIAN_POINT('',(2.470640008656E0,1.2E-1,-2.436382244564E0));
#556=CARTESIAN_POINT('',(2.426019196680E0,1.2E-1,-2.4E0));
#558=DIRECTION('',(-1.E0,-1.941773818737E-14,0.E0));
#559=VECTOR('',#558,5.471715728752E0);
#560=CARTESIAN_POINT('',(2.735857864376E0,1.2E-1,-2.5E0));
#561=LINE('',#560,#559);
#562=DIRECTION('',(1.744638226833E-2,-9.996955138820E-1,1.745002206321E-2));
#563=VECTOR('',#562,6.557232133224E0);
#564=CARTESIAN_POINT('',(-3.760019322445E0,1.199999516477E-1,
-2.499999998671E0));
#565=LINE('',#564,#563);
#566=DIRECTION('',(1.744638246043E-2,9.996954706989E-1,-1.745249561115E-2));
#567=VECTOR('',#566,6.557232110532E0);
#568=CARTESIAN_POINT('',(3.645619343860E0,-6.435235245641E0,-2.385559934807E0));
#569=LINE('',#568,#567);
#570=CARTESIAN_POINT('',(-3.645622104300E0,-6.430174464399E0,
-2.095622104300E0));
#571=DIRECTION('',(1.744974916068E-2,-9.996954598819E-1,1.744974916068E-2));
#572=DIRECTION('',(-9.998477060261E-1,-1.745174218801E-2,3.806568495968E-5));
#573=AXIS2_PLACEMENT_3D('',#570,#571,#572);
#575=CARTESIAN_POINT('',(-3.935559934799E0,-6.435235245641E0,
-2.095619343860E0));
#576=CARTESIAN_POINT('',(-3.935400265275E0,-6.444382765644E0,
-2.095555393373E0));
#577=CARTESIAN_POINT('',(-3.934087930458E0,-6.465616553256E0,
-2.095411924851E0));
#578=CARTESIAN_POINT('',(-3.927931518768E0,-6.503011817087E0,
-2.095428731269E0));
#579=CARTESIAN_POINT('',(-3.910588582482E0,-6.553039219198E0,
-2.094791724544E0));
#580=CARTESIAN_POINT('',(-3.891907592607E0,-6.587746963226E0,
-2.093984614449E0));
#581=CARTESIAN_POINT('',(-3.863727574388E0,-6.627072387792E0,
-2.093435479691E0));
#582=CARTESIAN_POINT('',(-3.827300477812E0,-6.662681212039E0,
-2.091863086848E0));
#583=CARTESIAN_POINT('',(-3.784575959502E0,-6.692096510933E0,
-2.090779844479E0));
#584=CARTESIAN_POINT('',(-3.738201928530E0,-6.713472679755E0,
-2.088829588497E0));
#585=CARTESIAN_POINT('',(-3.687868541629E0,-6.726955462662E0,
-2.087626738083E0));
#586=CARTESIAN_POINT('',(-3.653094473472E0,-6.73E0,-2.086319767471E0));
#587=CARTESIAN_POINT('',(-3.635623626307E0,-6.73E0,-2.085623626307E0));
#589=DIRECTION('',(1.E0,7.789176513340E-14,0.E0));
#590=VECTOR('',#589,1.767422458815E0);
#591=CARTESIAN_POINT('',(-3.635623626307E0,-6.73E0,-2.085623626307E0));
#592=LINE('',#591,#590);
#593=CARTESIAN_POINT('',(-1.868201167492E0,-6.73E0,-2.085623626307E0));
#594=CARTESIAN_POINT('',(-1.828549462050E0,-6.729999673335E0,
-2.103386900841E0));
#595=CARTESIAN_POINT('',(-1.744065566485E0,-6.726832910871E0,
-2.139169408080E0));
#596=CARTESIAN_POINT('',(-1.602586626649E0,-6.712329548505E0,
-2.192027241707E0));
#597=CARTESIAN_POINT('',(-1.497378100776E0,-6.695717077206E0,
-2.226239592601E0));
#598=CARTESIAN_POINT('',(-1.442219809068E0,-6.685522706632E0,
-2.242811877762E0));
#600=DIRECTION('',(1.E0,0.E0,0.E0));
#601=VECTOR('',#600,2.884441307458E0);
#602=CARTESIAN_POINT('',(-1.442219809068E0,-6.685522706632E0,
-2.242811877762E0));
#603=LINE('',#602,#601);
#604=CARTESIAN_POINT('',(1.442221498391E0,-6.685522706632E0,-2.242811877762E0));
#605=CARTESIAN_POINT('',(1.497500028061E0,-6.695739664795E0,-2.226203825770E0));
#606=CARTESIAN_POINT('',(1.602866964846E0,-6.712369733763E0,-2.191930482041E0));
#607=CARTESIAN_POINT('',(1.744364267356E0,-6.726852564442E0,-2.139048167979E0));
#608=CARTESIAN_POINT('',(1.828673705219E0,-6.730000093082E0,-2.103330042006E0));
#609=CARTESIAN_POINT('',(1.868198136741E0,-6.73E0,-2.085623626307E0));
#611=DIRECTION('',(1.E0,-7.537899828962E-14,0.E0));
#612=VECTOR('',#611,1.767425489566E0);
#613=CARTESIAN_POINT('',(1.868198136741E0,-6.73E0,-2.085623626307E0));
#614=LINE('',#613,#612);
#615=DIRECTION('',(-9.999999999975E-1,-4.797227623672E-8,-2.224377221318E-6));
#616=VECTOR('',#615,7.291238687905E0);
#617=CARTESIAN_POINT('',(3.645619343860E0,-6.435235245641E0,-2.385559934807E0));
#618=LINE('',#617,#616);
#619=CARTESIAN_POINT('',(-3.645619344027E0,-6.435235595419E0,
-2.385576153273E0));
#620=CARTESIAN_POINT('',(-3.645599334001E0,-6.452536408178E0,
-2.385274168413E0));
#621=CARTESIAN_POINT('',(-3.645478103311E0,-6.487118574675E0,
-2.381672276867E0));
#622=CARTESIAN_POINT('',(-3.644996965622E0,-6.537399816638E0,
-2.367359081714E0));
#623=CARTESIAN_POINT('',(-3.644333846975E0,-6.584491082744E0,
-2.344552033204E0));
#624=CARTESIAN_POINT('',(-3.643148456581E0,-6.626952828617E0,
-2.313920769367E0));
#625=CARTESIAN_POINT('',(-3.641965079502E0,-6.663377910014E0,
-2.276509147244E0));
#626=CARTESIAN_POINT('',(-3.640741687977E0,-6.692699153626E0,
-2.233562940052E0));
#627=CARTESIAN_POINT('',(-3.638738532262E0,-6.714135111513E0,
-2.186386128578E0));
#628=CARTESIAN_POINT('',(-3.637610704984E0,-6.727107046839E0,
-2.136637671288E0));
#629=CARTESIAN_POINT('',(-3.636314091678E0,-6.73E0,-2.102600844536E0));
#630=CARTESIAN_POINT('',(-3.635623626307E0,-6.73E0,-2.085623626307E0));
#632=DIRECTION('',(1.E0,0.E0,0.E0));
#633=VECTOR('',#632,7.5E0);
#634=CARTESIAN_POINT('',(-3.75E0,-6.73E0,-2.475E0));
#635=LINE('',#634,#633);
#636=DIRECTION('',(-1.E0,0.E0,0.E0));
#637=VECTOR('',#636,7.5E0);
#638=CARTESIAN_POINT('',(3.75E0,-7.113218516866E0,2.475E0));
#639=LINE('',#638,#637);
#640=DIRECTION('',(0.E0,1.E0,0.E0));
#641=VECTOR('',#640,3.832185168665E-1);
#642=CARTESIAN_POINT('',(-3.75E0,-7.113218516866E0,2.475E0));
#643=LINE('',#642,#641);
#644=DIRECTION('',(1.E0,0.E0,0.E0));
#645=VECTOR('',#644,7.5E0);
#646=CARTESIAN_POINT('',(-3.75E0,-6.73E0,2.475E0));
#647=LINE('',#646,#645);
#648=DIRECTION('',(0.E0,1.E0,0.E0));
#649=VECTOR('',#648,3.832185168665E-1);
#650=CARTESIAN_POINT('',(3.75E0,-7.113218516866E0,2.475E0));
#651=LINE('',#650,#649);
#652=DIRECTION('',(0.E0,1.184237892934E-14,-1.E0));
#653=VECTOR('',#652,2.25E-1);
#654=CARTESIAN_POINT('',(3.75E0,-6.73E0,2.475E0));
#655=LINE('',#654,#653);
#656=DIRECTION('',(0.E0,9.902680687421E-1,1.391731009563E-1));
#657=VECTOR('',#656,1.694640437598E-2);
#658=CARTESIAN_POINT('',(3.75E0,-7.13E0,2.472641516353E0));
#659=LINE('',#658,#657);
#660=CARTESIAN_POINT('',(4.1E0,-6.73E0,2.25E0));
#661=DIRECTION('',(0.E0,0.E0,-1.E0));
#662=DIRECTION('',(1.E0,0.E0,0.E0));
#663=AXIS2_PLACEMENT_3D('',#660,#661,#662);
#665=DIRECTION('',(0.E0,1.E0,0.E0));
#666=VECTOR('',#665,4.E-1);
#667=CARTESIAN_POINT('',(3.75E0,-7.13E0,2.25E0));
#668=LINE('',#667,#666);
#669=DIRECTION('',(1.E0,0.E0,0.E0));
#670=VECTOR('',#669,3.5E-1);
#671=CARTESIAN_POINT('',(3.75E0,-6.73E0,2.25E0));
#672=LINE('',#671,#670);
#673=DIRECTION('',(0.E0,-1.E0,0.E0));
#674=VECTOR('',#673,6.5E0);
#675=CARTESIAN_POINT('',(4.5E0,-2.3E-1,2.25E0));
#676=LINE('',#675,#674);
#677=DIRECTION('',(0.E0,0.E0,-1.E0));
#678=VECTOR('',#677,4.5E0);
#679=CARTESIAN_POINT('',(4.5E0,-6.73E0,2.25E0));
#680=LINE('',#679,#678);
#681=DIRECTION('',(0.E0,0.E0,1.E0));
#682=VECTOR('',#681,4.5E0);
#683=CARTESIAN_POINT('',(4.1E0,-7.13E0,-2.25E0));
#684=LINE('',#683,#682);
#685=DIRECTION('',(0.E0,0.E0,-1.E0));
#686=VECTOR('',#685,7.E-1);
#687=CARTESIAN_POINT('',(4.5E0,-3.83E0,3.5E-1));
#688=LINE('',#687,#686);
#689=DIRECTION('',(0.E0,1.E0,0.E0));
#690=VECTOR('',#689,3.6E0);
#691=CARTESIAN_POINT('',(4.5E0,-3.83E0,-9.5E-1));
#692=LINE('',#691,#690);
#693=DIRECTION('',(-1.E0,0.E0,0.E0));
#694=VECTOR('',#693,7.202041028870E-1);
#695=CARTESIAN_POINT('',(5.220204102887E0,-3.83E0,-3.5E-1));
#696=LINE('',#695,#694);
#697=DIRECTION('',(-1.E0,0.E0,0.E0));
#698=VECTOR('',#697,7.020410288700E-2);
#699=CARTESIAN_POINT('',(7.25E0,-3.83E0,3.5E-1));
#700=LINE('',#699,#698);
#701=CARTESIAN_POINT('',(7.179795897113E0,-4.23E0,3.5E-1));
#702=DIRECTION('',(0.E0,0.E0,1.E0));
#703=DIRECTION('',(1.554312234475E-14,1.E0,0.E0));
#704=AXIS2_PLACEMENT_3D('',#701,#702,#703);
#706=CARTESIAN_POINT('',(6.2E0,-3.73E0,3.5E-1));
#707=DIRECTION('',(0.E0,0.E0,-1.E0));
#708=DIRECTION('',(8.907235428465E-1,-4.545454545137E-1,0.E0));
#709=AXIS2_PLACEMENT_3D('',#706,#707,#708);
#711=CARTESIAN_POINT('',(5.220204102887E0,-4.23E0,3.5E-1));
#712=DIRECTION('',(0.E0,0.E0,1.E0));
#713=DIRECTION('',(8.907235428042E-1,4.545454545965E-1,0.E0));
#714=AXIS2_PLACEMENT_3D('',#711,#712,#713);
#716=DIRECTION('',(-1.E0,0.E0,0.E0));
#717=VECTOR('',#716,7.202041028870E-1);
#718=CARTESIAN_POINT('',(5.220204102887E0,-3.83E0,3.5E-1));
#719=LINE('',#718,#717);
#720=CARTESIAN_POINT('',(4.5E0,-3.83E0,3.5E-1));
#721=DIRECTION('',(0.E0,0.E0,-1.E0));
#722=DIRECTION('',(-1.E0,0.E0,0.E0));
#723=AXIS2_PLACEMENT_3D('',#720,#721,#722);
#725=DIRECTION('',(1.E0,0.E0,0.E0));
#726=VECTOR('',#725,7.202041028870E-1);
#727=CARTESIAN_POINT('',(4.5E0,-3.43E0,3.5E-1));
#728=LINE('',#727,#726);
#729=CARTESIAN_POINT('',(5.220204102887E0,-4.23E0,3.5E-1));
#730=DIRECTION('',(0.E0,0.E0,-1.E0));
#731=DIRECTION('',(0.E0,1.E0,0.E0));
#732=AXIS2_PLACEMENT_3D('',#729,#730,#731);
#734=CARTESIAN_POINT('',(6.2E0,-3.73E0,3.5E-1));
#735=DIRECTION('',(0.E0,0.E0,1.E0));
#736=DIRECTION('',(-8.907235428052E-1,-4.545454545946E-1,0.E0));
#737=AXIS2_PLACEMENT_3D('',#734,#735,#736);
#739=CARTESIAN_POINT('',(7.179795897113E0,-4.23E0,3.5E-1));
#740=DIRECTION('',(0.E0,0.E0,-1.E0));
#741=DIRECTION('',(-8.907235428377E-1,4.545454545308E-1,0.E0));
#742=AXIS2_PLACEMENT_3D('',#739,#740,#741);
#744=DIRECTION('',(1.E0,2.530274964498E-14,0.E0));
#745=VECTOR('',#744,7.020410288700E-2);
#746=CARTESIAN_POINT('',(7.179795897113E0,-3.43E0,3.5E-1));
#747=LINE('',#746,#745);
#748=DIRECTION('',(0.E0,-1.E0,0.E0));
#749=VECTOR('',#748,4.E-1);
#750=CARTESIAN_POINT('',(7.25E0,-3.43E0,-3.5E-1));
#751=LINE('',#750,#749);
#752=DIRECTION('',(0.E0,1.E0,0.E0));
#753=VECTOR('',#752,4.E-1);
#754=CARTESIAN_POINT('',(7.25E0,-3.83E0,3.5E-1));
#755=LINE('',#754,#753);
#756=CARTESIAN_POINT('',(7.25E0,-3.43E0,0.E0));
#757=DIRECTION('',(0.E0,-1.E0,0.E0));
#758=DIRECTION('',(0.E0,0.E0,-1.E0));
#759=AXIS2_PLACEMENT_3D('',#756,#757,#758);
#761=DIRECTION('',(1.E0,2.530274964498E-14,0.E0));
#762=VECTOR('',#761,7.020410288700E-2);
#763=CARTESIAN_POINT('',(7.179795897113E0,-3.43E0,-3.5E-1));
#764=LINE('',#763,#762);
#765=DIRECTION('',(0.E0,0.E0,1.E0));
#766=VECTOR('',#765,7.E-1);
#767=CARTESIAN_POINT('',(7.179795897113E0,-3.43E0,-3.5E-1));
#768=LINE('',#767,#766);
#769=DIRECTION('',(0.E0,0.E0,-1.E0));
#770=VECTOR('',#769,7.E-1);
#771=CARTESIAN_POINT('',(6.467217062847E0,-3.866363636368E0,3.5E-1));
#772=LINE('',#771,#770);
#773=CARTESIAN_POINT('',(7.179795897113E0,-4.23E0,-3.5E-1));
#774=DIRECTION('',(0.E0,0.E0,1.E0));
#775=DIRECTION('',(0.E0,1.E0,0.E0));
#776=AXIS2_PLACEMENT_3D('',#773,#774,#775);
#778=CARTESIAN_POINT('',(6.2E0,-3.73E0,-3.5E-1));
#779=DIRECTION('',(0.E0,0.E0,-1.E0));
#780=DIRECTION('',(8.907235428101E-1,-4.545454545850E-1,0.E0));
#781=AXIS2_PLACEMENT_3D('',#778,#779,#780);
#783=CARTESIAN_POINT('',(5.220204102887E0,-4.23E0,-3.5E-1));
#784=DIRECTION('',(0.E0,0.E0,1.E0));
#785=DIRECTION('',(8.907235428396E-1,4.545454545272E-1,0.E0));
#786=AXIS2_PLACEMENT_3D('',#783,#784,#785);
#788=CARTESIAN_POINT('',(4.5E0,-3.83E0,-3.5E-1));
#789=DIRECTION('',(0.E0,0.E0,1.E0));
#790=DIRECTION('',(0.E0,1.E0,0.E0));
#791=AXIS2_PLACEMENT_3D('',#788,#789,#790);
#793=DIRECTION('',(1.E0,0.E0,0.E0));
#794=VECTOR('',#793,4.E-1);
#795=CARTESIAN_POINT('',(4.1E0,-3.83E0,-3.5E-1));
#796=LINE('',#795,#794);
#797=CARTESIAN_POINT('',(5.220204102887E0,-4.23E0,-3.5E-1));
#798=DIRECTION('',(0.E0,0.E0,-1.E0));
#799=DIRECTION('',(-1.332267629550E-14,1.E0,0.E0));
#800=AXIS2_PLACEMENT_3D('',#797,#798,#799);
#802=CARTESIAN_POINT('',(6.2E0,-3.73E0,-3.5E-1));
#803=DIRECTION('',(0.E0,0.E0,1.E0));
#804=DIRECTION('',(-8.907235428449E-1,-4.545454545167E-1,0.E0));
#805=AXIS2_PLACEMENT_3D('',#802,#803,#804);
#807=CARTESIAN_POINT('',(7.179795897113E0,-4.23E0,-3.5E-1));
#808=DIRECTION('',(0.E0,0.E0,-1.E0));
#809=DIRECTION('',(-8.907235428015E-1,4.545454546018E-1,0.E0));
#810=AXIS2_PLACEMENT_3D('',#807,#808,#809);
#812=DIRECTION('',(0.E0,0.E0,-1.E0));
#813=VECTOR('',#812,7.E-1);
#814=CARTESIAN_POINT('',(5.932782937154E0,-3.866363636369E0,3.5E-1));
#815=LINE('',#814,#813);
#816=DIRECTION('',(0.E0,0.E0,-1.E0));
#817=VECTOR('',#816,7.E-1);
#818=CARTESIAN_POINT('',(5.220204102887E0,-3.43E0,3.5E-1));
#819=LINE('',#818,#817);
#820=DIRECTION('',(1.E0,0.E0,0.E0));
#821=VECTOR('',#820,7.202041028870E-1);
#822=CARTESIAN_POINT('',(4.5E0,-3.43E0,-3.5E-1));
#823=LINE('',#822,#821);
#824=DIRECTION('',(0.E0,0.E0,1.E0));
#825=VECTOR('',#824,7.E-1);
#826=CARTESIAN_POINT('',(4.5E0,-3.43E0,-3.5E-1));
#827=LINE('',#826,#825);
#828=DIRECTION('',(0.E0,0.E0,-1.E0));
#829=VECTOR('',#828,7.E-1);
#830=CARTESIAN_POINT('',(4.1E0,-3.83E0,3.5E-1));
#831=LINE('',#830,#829);
#832=DIRECTION('',(0.E0,0.E0,1.E0));
#833=VECTOR('',#832,6.E-1);
#834=CARTESIAN_POINT('',(4.1E0,-3.83E0,3.5E-1));
#835=LINE('',#834,#833);
#836=DIRECTION('',(0.E0,1.E0,0.E0));
#837=VECTOR('',#836,3.6E0);
#838=CARTESIAN_POINT('',(4.1E0,-3.83E0,9.5E-1));
#839=LINE('',#838,#837);
#840=DIRECTION('',(0.E0,-1.E0,0.E0));
#841=VECTOR('',#840,6.5E0);
#842=CARTESIAN_POINT('',(4.1E0,-2.3E-1,2.25E0));
#843=LINE('',#842,#841);
#844=DIRECTION('',(0.E0,0.E0,-1.E0));
#845=VECTOR('',#844,4.5E0);
#846=CARTESIAN_POINT('',(4.1E0,-6.73E0,2.25E0));
#847=LINE('',#846,#845);
#848=DIRECTION('',(0.E0,0.E0,1.E0));
#849=VECTOR('',#848,6.E-1);
#850=CARTESIAN_POINT('',(4.1E0,-3.83E0,-9.5E-1));
#851=LINE('',#850,#849);
#852=DIRECTION('',(0.E0,0.E0,1.E0));
#853=VECTOR('',#852,6.E-1);
#854=CARTESIAN_POINT('',(4.5E0,-3.83E0,3.5E-1));
#855=LINE('',#854,#853);
#856=DIRECTION('',(1.E0,0.E0,0.E0));
#857=VECTOR('',#856,4.E-1);
#858=CARTESIAN_POINT('',(4.1E0,-3.83E0,3.5E-1));
#859=LINE('',#858,#857);
#860=DIRECTION('',(0.E0,1.E0,0.E0));
#861=VECTOR('',#860,3.6E0);
#862=CARTESIAN_POINT('',(4.5E0,-3.83E0,9.5E-1));
#863=LINE('',#862,#861);
#864=DIRECTION('',(-1.E0,0.E0,0.E0));
#865=VECTOR('',#864,4.E-1);
#866=CARTESIAN_POINT('',(4.5E0,-2.3E-1,9.5E-1));
#867=LINE('',#866,#865);
#868=DIRECTION('',(1.E0,0.E0,0.E0));
#869=VECTOR('',#868,4.E-1);
#870=CARTESIAN_POINT('',(4.1E0,-3.83E0,9.5E-1));
#871=LINE('',#870,#869);
#872=DIRECTION('',(0.E0,0.E0,1.E0));
#873=VECTOR('',#872,1.3E0);
#874=CARTESIAN_POINT('',(4.5E0,-2.3E-1,9.5E-1));
#875=LINE('',#874,#873);
#876=DIRECTION('',(-1.E0,0.E0,0.E0));
#877=VECTOR('',#876,4.E-1);
#878=CARTESIAN_POINT('',(4.5E0,-2.3E-1,2.25E0));
#879=LINE('',#878,#877);
#880=DIRECTION('',(0.E0,0.E0,-1.E0));
#881=VECTOR('',#880,1.3E0);
#882=CARTESIAN_POINT('',(4.1E0,-2.3E-1,2.25E0));
#883=LINE('',#882,#881);
#884=CARTESIAN_POINT('',(4.1E0,-6.73E0,-2.25E0));
#885=DIRECTION('',(0.E0,0.E0,1.E0));
#886=DIRECTION('',(2.886579864025E-14,-1.E0,0.E0));
#887=AXIS2_PLACEMENT_3D('',#884,#885,#886);
#889=DIRECTION('',(0.E0,1.E0,0.E0));
#890=VECTOR('',#889,6.5E0);
#891=CARTESIAN_POINT('',(4.5E0,-6.73E0,-2.25E0));
#892=LINE('',#891,#890);
#893=DIRECTION('',(0.E0,-1.E0,0.E0));
#894=VECTOR('',#893,6.5E0);
#895=CARTESIAN_POINT('',(4.1E0,-2.3E-1,-2.25E0));
#896=LINE('',#895,#894);
#897=DIRECTION('',(-1.E0,0.E0,0.E0));
#898=VECTOR('',#897,3.5E-1);
#899=CARTESIAN_POINT('',(4.1E0,-6.73E0,-2.25E0));
#900=LINE('',#899,#898);
#901=DIRECTION('',(-1.E0,0.E0,0.E0));
#902=VECTOR('',#901,4.E-1);
#903=CARTESIAN_POINT('',(4.5E0,-2.3E-1,-9.5E-1));
#904=LINE('',#903,#902);
#905=DIRECTION('',(0.E0,0.E0,-1.E0));
#906=VECTOR('',#905,1.3E0);
#907=CARTESIAN_POINT('',(4.1E0,-2.3E-1,-9.5E-1));
#908=LINE('',#907,#906);
#909=DIRECTION('',(1.E0,0.E0,0.E0));
#910=VECTOR('',#909,4.E-1);
#911=CARTESIAN_POINT('',(4.1E0,-2.3E-1,-2.25E0));
#912=LINE('',#911,#910);
#913=DIRECTION('',(0.E0,0.E0,1.E0));
#914=VECTOR('',#913,1.3E0);
#915=CARTESIAN_POINT('',(4.5E0,-2.3E-1,-2.25E0));
#916=LINE('',#915,#914);
#917=DIRECTION('',(0.E0,1.E0,0.E0));
#918=VECTOR('',#917,3.6E0);
#919=CARTESIAN_POINT('',(4.1E0,-3.83E0,-9.5E-1));
#920=LINE('',#919,#918);
#921=DIRECTION('',(0.E0,0.E0,1.E0));
#922=VECTOR('',#921,6.E-1);
#923=CARTESIAN_POINT('',(4.5E0,-3.83E0,-9.5E-1));
#924=LINE('',#923,#922);
#925=DIRECTION('',(1.E0,0.E0,0.E0));
#926=VECTOR('',#925,4.E-1);
#927=CARTESIAN_POINT('',(4.1E0,-3.83E0,-9.5E-1));
#928=LINE('',#927,#926);
#929=DIRECTION('',(-2.620551239055E-14,-9.902680687421E-1,1.391731009563E-1));
#930=VECTOR('',#929,1.694640437598E-2);
#931=CARTESIAN_POINT('',(3.75E0,-7.113218516866E0,-2.475E0));
#932=LINE('',#931,#930);
#933=DIRECTION('',(0.E0,1.E0,0.E0));
#934=VECTOR('',#933,4.E-1);
#935=CARTESIAN_POINT('',(3.75E0,-7.13E0,-2.25E0));
#936=LINE('',#935,#934);
#937=DIRECTION('',(0.E0,0.E0,-1.E0));
#938=VECTOR('',#937,2.25E-1);
#939=CARTESIAN_POINT('',(3.75E0,-6.73E0,-2.25E0));
#940=LINE('',#939,#938);
#941=DIRECTION('',(0.E0,1.E0,0.E0));
#942=VECTOR('',#941,3.832185168665E-1);
#943=CARTESIAN_POINT('',(3.75E0,-7.113218516866E0,-2.475E0));
#944=LINE('',#943,#942);
#945=DIRECTION('',(0.E0,-9.902680687421E-1,-1.391731009563E-1));
#946=VECTOR('',#945,1.694640437598E-2);
#947=CARTESIAN_POINT('',(-3.75E0,-7.113218516866E0,2.475E0));
#948=LINE('',#947,#946);
#949=DIRECTION('',(0.E0,9.902680687421E-1,-1.391731009563E-1));
#950=VECTOR('',#949,1.694640437598E-2);
#951=CARTESIAN_POINT('',(-3.75E0,-7.13E0,-2.472641516353E0));
#952=LINE('',#951,#950);
#953=DIRECTION('',(0.E0,1.E0,0.E0));
#954=VECTOR('',#953,3.832185168665E-1);
#955=CARTESIAN_POINT('',(-3.75E0,-7.113218516866E0,-2.475E0));
#956=LINE('',#955,#954);
#957=DIRECTION('',(0.E0,0.E0,1.E0));
#958=VECTOR('',#957,4.95E0);
#959=CARTESIAN_POINT('',(-3.75E0,-6.73E0,-2.475E0));
#960=LINE('',#959,#958);
#961=DIRECTION('',(1.E0,0.E0,2.630468040543E-14));
#962=VECTOR('',#961,2.144079638364E0);
#963=CARTESIAN_POINT('',(-3.75E0,-7.13E0,2.472641516353E0));
#964=LINE('',#963,#962);
#965=CARTESIAN_POINT('',(0.E0,-7.13E0,0.E0));
#966=DIRECTION('',(0.E0,-1.E0,0.E0));
#967=DIRECTION('',(-5.446791569415E-1,0.E0,8.386445110972E-1));
#968=AXIS2_PLACEMENT_3D('',#965,#966,#967);
#970=DIRECTION('',(0.E0,0.E0,1.E0));
#971=VECTOR('',#970,4.945283032706E0);
#972=CARTESIAN_POINT('',(-3.75E0,-7.13E0,-2.472641516353E0));
#973=LINE('',#972,#971);
#974=CARTESIAN_POINT('',(-1.605920361636E0,-7.13E0,2.472641516353E0));
#975=CARTESIAN_POINT('',(-1.602682947786E0,-7.207759364897E0,2.461713150304E0));
#976=CARTESIAN_POINT('',(-1.596131519098E0,-7.363288072030E0,2.439855015984E0));
#977=CARTESIAN_POINT('',(-1.586327562557E0,-7.596621422909E0,2.407062152087E0));
#978=CARTESIAN_POINT('',(-1.579806757892E0,-7.752203847127E0,2.385196468322E0));
#979=CARTESIAN_POINT('',(-1.576507383250E0,-7.83E0,2.374262932061E0));
#981=CARTESIAN_POINT('',(-1.576507383250E0,-7.83E0,-2.374262932061E0));
#982=CARTESIAN_POINT('',(-1.579806757892E0,-7.752203847127E0,
-2.385196468323E0));
#983=CARTESIAN_POINT('',(-1.586327562557E0,-7.596621422908E0,
-2.407062152087E0));
#984=CARTESIAN_POINT('',(-1.596131519098E0,-7.363288072029E0,
-2.439855015984E0));
#985=CARTESIAN_POINT('',(-1.602682947786E0,-7.207759364897E0,
-2.461713150304E0));
#986=CARTESIAN_POINT('',(-1.605920361636E0,-7.13E0,-2.472641516353E0));
#988=DIRECTION('',(1.E0,0.E0,0.E0));
#989=VECTOR('',#988,3.153014766500E0);
#990=CARTESIAN_POINT('',(-1.576507383250E0,-7.83E0,2.374262932061E0));
#991=LINE('',#990,#989);
#992=CARTESIAN_POINT('',(0.E0,-7.83E0,0.E0));
#993=DIRECTION('',(0.E0,1.E0,0.E0));
#994=DIRECTION('',(5.531604853508E-1,0.E0,8.330747130039E-1));
#995=AXIS2_PLACEMENT_3D('',#992,#993,#994);
#997=CARTESIAN_POINT('',(0.E0,-7.83E0,0.E0));
#998=DIRECTION('',(0.E0,1.E0,0.E0));
#999=DIRECTION('',(-5.531604853508E-1,0.E0,-8.330747130039E-1));
#1000=AXIS2_PLACEMENT_3D('',#997,#998,#999);
#1002=CARTESIAN_POINT('',(1.576507383250E0,-7.83E0,2.374262932061E0));
#1003=CARTESIAN_POINT('',(1.579806757892E0,-7.752203847127E0,2.385196468322E0));
#1004=CARTESIAN_POINT('',(1.586327562557E0,-7.596621422909E0,2.407062152087E0));
#1005=CARTESIAN_POINT('',(1.596131519098E0,-7.363288072030E0,2.439855015984E0));
#1006=CARTESIAN_POINT('',(1.602682947786E0,-7.207759364897E0,2.461713150304E0));
#1007=CARTESIAN_POINT('',(1.605920361636E0,-7.13E0,2.472641516353E0));
#1009=CARTESIAN_POINT('',(1.605920361636E0,-7.13E0,-2.472641516353E0));
#1010=CARTESIAN_POINT('',(1.602682947786E0,-7.207759364896E0,
-2.461713150305E0));
#1011=CARTESIAN_POINT('',(1.596131519098E0,-7.363288072027E0,
-2.439855015984E0));
#1012=CARTESIAN_POINT('',(1.586327562557E0,-7.596621422906E0,
-2.407062152088E0));
#1013=CARTESIAN_POINT('',(1.579806757892E0,-7.752203847126E0,
-2.385196468323E0));
#1014=CARTESIAN_POINT('',(1.576507383250E0,-7.83E0,-2.374262932061E0));
#1016=DIRECTION('',(1.E0,0.E0,-2.651180387319E-14));
#1017=VECTOR('',#1016,2.144079638364E0);
#1018=CARTESIAN_POINT('',(1.605920361636E0,-7.13E0,2.472641516353E0));
#1019=LINE('',#1018,#1017);
#1020=DIRECTION('',(0.E0,-3.590348246025E-14,-1.E0));
#1021=VECTOR('',#1020,2.226415163529E-1);
#1022=CARTESIAN_POINT('',(3.75E0,-7.13E0,2.472641516353E0));
#1023=LINE('',#1022,#1021);
#1024=DIRECTION('',(1.E0,0.E0,0.E0));
#1025=VECTOR('',#1024,3.5E-1);
#1026=CARTESIAN_POINT('',(3.75E0,-7.13E0,2.25E0));
#1027=LINE('',#1026,#1025);
#1028=DIRECTION('',(-1.E0,0.E0,0.E0));
#1029=VECTOR('',#1028,3.5E-1);
#1030=CARTESIAN_POINT('',(4.1E0,-7.13E0,-2.25E0));
#1031=LINE('',#1030,#1029);
#1032=DIRECTION('',(0.E0,4.388203411808E-14,-1.E0));
#1033=VECTOR('',#1032,2.226415163529E-1);
#1034=CARTESIAN_POINT('',(3.75E0,-7.13E0,-2.25E0));
#1035=LINE('',#1034,#1033);
#1036=CARTESIAN_POINT('',(0.E0,-7.13E0,0.E0));
#1037=DIRECTION('',(0.E0,-1.E0,0.E0));
#1038=DIRECTION('',(5.446791569415E-1,0.E0,-8.386445110972E-1));
#1039=AXIS2_PLACEMENT_3D('',#1036,#1037,#1038);
#1041=DIRECTION('',(1.E0,0.E0,2.609755693768E-14));
#1042=VECTOR('',#1041,2.144079638364E0);
#1043=CARTESIAN_POINT('',(1.605920361636E0,-7.13E0,-2.472641516353E0));
#1044=LINE('',#1043,#1042);
#1045=DIRECTION('',(-1.E0,0.E0,0.E0));
#1046=VECTOR('',#1045,7.5E0);
#1047=CARTESIAN_POINT('',(3.75E0,-7.113218516866E0,-2.475E0));
#1048=LINE('',#1047,#1046);
#1049=DIRECTION('',(1.E0,0.E0,-2.651180387319E-14));
#1050=VECTOR('',#1049,2.144079638364E0);
#1051=CARTESIAN_POINT('',(-3.75E0,-7.13E0,-2.472641516353E0));
#1052=LINE('',#1051,#1050);
#1053=DIRECTION('',(1.E0,0.E0,0.E0));
#1054=VECTOR('',#1053,3.153014766500E0);
#1055=CARTESIAN_POINT('',(-1.576507383250E0,-7.83E0,-2.374262932061E0));
#1056=LINE('',#1055,#1054);
#1057=CARTESIAN_POINT('',(0.E0,-7.83E0,0.E0));
#1058=DIRECTION('',(0.E0,1.E0,0.E0));
#1059=DIRECTION('',(-5.425863986500E-1,0.E0,-8.4E-1));
#1060=AXIS2_PLACEMENT_3D('',#1057,#1058,#1059);
#1062=CARTESIAN_POINT('',(0.E0,-7.83E0,0.E0));
#1063=DIRECTION('',(0.E0,1.E0,0.E0));
#1064=DIRECTION('',(-1.E0,0.E0,0.E0));
#1065=AXIS2_PLACEMENT_3D('',#1062,#1063,#1064);
#1067=DIRECTION('',(8.740821205101E-7,-9.999999999996E-1,2.462034280151E-7));
#1068=VECTOR('',#1067,9.000000000004E-1);
#1069=CARTESIAN_POINT('',(-1.356465996625E0,-7.83E0,2.1E0));
#1070=LINE('',#1069,#1068);
#1071=DIRECTION('',(-8.740914424361E-7,9.999999999996E-1,2.462073202103E-7));
#1072=VECTOR('',#1071,9.000000000004E-1);
#1073=CARTESIAN_POINT('',(-1.356465209943E0,-8.73E0,-2.100000221587E0));
#1074=LINE('',#1073,#1072);
#1075=DIRECTION('',(1.E0,0.E0,0.E0));
#1076=VECTOR('',#1075,2.712931993250E0);
#1077=CARTESIAN_POINT('',(-1.356465996625E0,-7.83E0,2.1E0));
#1078=LINE('',#1077,#1076);
#1079=CARTESIAN_POINT('',(0.E0,-7.83E0,0.E0));
#1080=DIRECTION('',(0.E0,1.E0,0.E0));
#1081=DIRECTION('',(5.425863986500E-1,0.E0,8.4E-1));
#1082=AXIS2_PLACEMENT_3D('',#1079,#1080,#1081);
#1084=CARTESIAN_POINT('',(0.E0,-7.83E0,0.E0));
#1085=DIRECTION('',(0.E0,1.E0,0.E0));
#1086=DIRECTION('',(1.E0,0.E0,0.E0));
#1087=AXIS2_PLACEMENT_3D('',#1084,#1085,#1086);
#1089=DIRECTION('',(-8.740811119342E-7,-9.999999999996E-1,-2.462031442915E-7));
#1090=VECTOR('',#1089,9.000000000004E-1);
#1091=CARTESIAN_POINT('',(1.356465996625E0,-7.83E0,-2.1E0));
#1092=LINE('',#1091,#1090);
#1093=DIRECTION('',(8.740904341068E-7,9.999999999996E-1,-2.462070359932E-7));
#1094=VECTOR('',#1093,9.000000000004E-1);
#1095=CARTESIAN_POINT('',(1.356465209944E0,-8.73E0,2.100000221586E0));
#1096=LINE('',#1095,#1094);
#1097=DIRECTION('',(-1.E0,0.E0,0.E0));
#1098=VECTOR('',#1097,2.712931993250E0);
#1099=CARTESIAN_POINT('',(1.356465996625E0,-7.83E0,-2.1E0));
#1100=LINE('',#1099,#1098);
#1101=DIRECTION('',(-1.E0,0.E0,0.E0));
#1102=VECTOR('',#1101,5.782732917920E-1);
#1103=CARTESIAN_POINT('',(2.891366458960E-1,-8.75E0,-2.08E0));
#1104=LINE('',#1103,#1102);
#1105=CARTESIAN_POINT('',(-2.891366458960E-1,-8.75E0,-2.08E0));
#1106=CARTESIAN_POINT('',(-1.936671204520E-1,-8.736728971936E0,
-2.093271028064E0));
#1107=CARTESIAN_POINT('',(-9.729681731812E-2,-8.73E0,-2.1E0));
#1108=CARTESIAN_POINT('',(0.E0,-8.73E0,-2.1E0));
#1110=DIRECTION('',(-1.E0,0.E0,-1.633559040067E-7));
#1111=VECTOR('',#1110,1.356465209943E0);
#1112=CARTESIAN_POINT('',(0.E0,-8.73E0,-2.1E0));
#1113=LINE('',#1112,#1111);
#1114=CARTESIAN_POINT('',(1.296147936549E0,-8.93E0,-1.900000059362E0));
#1115=CARTESIAN_POINT('',(1.302998906978E0,-8.907800311341E0,
-1.922199748021E0));
#1116=CARTESIAN_POINT('',(1.316594193861E0,-8.863384831559E0,
-1.966615170283E0));
#1117=CARTESIAN_POINT('',(1.336703398655E0,-8.796718231684E0,
-2.033281672826E0));
#1118=CARTESIAN_POINT('',(1.349905957673E0,-8.752243533487E0,
-2.077756688096E0));
#1119=CARTESIAN_POINT('',(1.356465209952E0,-8.73E0,-2.100000221583E0));
#1121=DIRECTION('',(-1.E0,0.E0,1.633531333286E-7));
#1122=VECTOR('',#1121,1.356465209952E0);
#1123=CARTESIAN_POINT('',(1.356465209952E0,-8.73E0,-2.100000221583E0));
#1124=LINE('',#1123,#1122);
#1125=CARTESIAN_POINT('',(0.E0,-8.73E0,-2.1E0));
#1126=CARTESIAN_POINT('',(9.729681731812E-2,-8.73E0,-2.1E0));
#1127=CARTESIAN_POINT('',(1.936671204520E-1,-8.736728971936E0,
-2.093271028064E0));
#1128=CARTESIAN_POINT('',(2.891366458960E-1,-8.75E0,-2.08E0));
#1130=CARTESIAN_POINT('',(0.E0,-8.75E0,0.E0));
#1131=DIRECTION('',(0.E0,-1.E0,0.E0));
#1132=DIRECTION('',(-1.376841170933E-1,0.E0,-9.904761904762E-1));
#1133=AXIS2_PLACEMENT_3D('',#1130,#1131,#1132);
#1135=CARTESIAN_POINT('',(0.E0,-8.73E0,0.E0));
#1136=DIRECTION('',(0.E0,1.E0,0.E0));
#1137=DIRECTION('',(-5.425863986500E-1,0.E0,-8.4E-1));
#1138=AXIS2_PLACEMENT_3D('',#1135,#1136,#1137);
#1140=CARTESIAN_POINT('',(0.E0,-8.73E0,0.E0));
#1141=DIRECTION('',(0.E0,1.E0,0.E0));
#1142=DIRECTION('',(-1.E0,0.E0,0.E0));
#1143=AXIS2_PLACEMENT_3D('',#1140,#1141,#1142);
#1145=CARTESIAN_POINT('',(0.E0,-8.93E0,0.E0));
#1146=DIRECTION('',(0.E0,-1.E0,0.E0));
#1147=DIRECTION('',(-5.635426694269E-1,0.E0,8.260869565216E-1));
#1148=AXIS2_PLACEMENT_3D('',#1145,#1146,#1147);
#1150=CARTESIAN_POINT('',(0.E0,-8.93E0,0.E0));
#1151=DIRECTION('',(0.E0,-1.E0,0.E0));
#1152=DIRECTION('',(-1.E0,0.E0,0.E0));
#1153=AXIS2_PLACEMENT_3D('',#1150,#1151,#1152);
#1155=CARTESIAN_POINT('',(-1.296147910800E0,-8.93E0,-1.900000066694E0));
#1156=CARTESIAN_POINT('',(-1.302816721228E0,-8.908390577399E0,
-1.921609489295E0));
#1157=CARTESIAN_POINT('',(-1.316174802108E0,-8.864762986696E0,
-1.965237011725E0));
#1158=CARTESIAN_POINT('',(-1.336290650191E0,-8.798097417653E0,
-2.031902487833E0));
#1159=CARTESIAN_POINT('',(-1.349731549784E0,-8.752834980096E0,
-2.077165241491E0));
#1160=CARTESIAN_POINT('',(-1.356465209943E0,-8.73E0,-2.100000221587E0));
#1162=DIRECTION('',(1.E0,0.E0,0.E0));
#1163=VECTOR('',#1162,5.782732917920E-1);
#1164=CARTESIAN_POINT('',(-2.891366458960E-1,-8.75E0,2.08E0));
#1165=LINE('',#1164,#1163);
#1166=CARTESIAN_POINT('',(2.891366458960E-1,-8.75E0,2.08E0));
#1167=CARTESIAN_POINT('',(1.936671204520E-1,-8.736728971936E0,
2.093271028064E0));
#1168=CARTESIAN_POINT('',(9.729681731812E-2,-8.73E0,2.1E0));
#1169=CARTESIAN_POINT('',(0.E0,-8.73E0,2.1E0));
#1171=DIRECTION('',(1.E0,0.E0,1.633557154317E-7));
#1172=VECTOR('',#1171,1.356465209944E0);
#1173=CARTESIAN_POINT('',(0.E0,-8.73E0,2.1E0));
#1174=LINE('',#1173,#1172);
#1175=CARTESIAN_POINT('',(-1.296147936548E0,-8.93E0,1.900000059362E0));
#1176=CARTESIAN_POINT('',(-1.302998906977E0,-8.907800311341E0,
1.922199748022E0));
#1177=CARTESIAN_POINT('',(-1.316594193859E0,-8.863384831558E0,
1.966615170284E0));
#1178=CARTESIAN_POINT('',(-1.336703398653E0,-8.796718231683E0,
2.033281672827E0));
#1179=CARTESIAN_POINT('',(-1.349905957672E0,-8.752243533486E0,
2.077756688097E0));
#1180=CARTESIAN_POINT('',(-1.356465209951E0,-8.73E0,2.100000221583E0));
#1182=DIRECTION('',(1.E0,0.E0,-1.633533215763E-7));
#1183=VECTOR('',#1182,1.356465209951E0);
#1184=CARTESIAN_POINT('',(-1.356465209951E0,-8.73E0,2.100000221583E0));
#1185=LINE('',#1184,#1183);
#1186=CARTESIAN_POINT('',(0.E0,-8.73E0,2.1E0));
#1187=CARTESIAN_POINT('',(-9.729681731812E-2,-8.73E0,2.1E0));
#1188=CARTESIAN_POINT('',(-1.936671204520E-1,-8.736728971936E0,
2.093271028064E0));
#1189=CARTESIAN_POINT('',(-2.891366458960E-1,-8.75E0,2.08E0));
#1191=CARTESIAN_POINT('',(0.E0,-8.75E0,0.E0));
#1192=DIRECTION('',(0.E0,-1.E0,0.E0));
#1193=DIRECTION('',(1.376841170933E-1,0.E0,9.904761904762E-1));
#1194=AXIS2_PLACEMENT_3D('',#1191,#1192,#1193);
#1196=CARTESIAN_POINT('',(0.E0,-8.73E0,0.E0));
#1197=DIRECTION('',(0.E0,1.E0,0.E0));
#1198=DIRECTION('',(5.425863986500E-1,0.E0,8.4E-1));
#1199=AXIS2_PLACEMENT_3D('',#1196,#1197,#1198);
#1201=CARTESIAN_POINT('',(0.E0,-8.73E0,0.E0));
#1202=DIRECTION('',(0.E0,1.E0,0.E0));
#1203=DIRECTION('',(1.E0,0.E0,0.E0));
#1204=AXIS2_PLACEMENT_3D('',#1201,#1202,#1203);
#1206=CARTESIAN_POINT('',(0.E0,-8.93E0,0.E0));
#1207=DIRECTION('',(0.E0,-1.E0,0.E0));
#1208=DIRECTION('',(5.635426694269E-1,0.E0,-8.260869565216E-1));
#1209=AXIS2_PLACEMENT_3D('',#1206,#1207,#1208);
#1211=CARTESIAN_POINT('',(0.E0,-8.93E0,0.E0));
#1212=DIRECTION('',(0.E0,-1.E0,0.E0));
#1213=DIRECTION('',(1.E0,0.E0,0.E0));
#1214=AXIS2_PLACEMENT_3D('',#1211,#1212,#1213);
#1216=CARTESIAN_POINT('',(1.296147910801E0,-8.93E0,1.900000066694E0));
#1217=CARTESIAN_POINT('',(1.302816721229E0,-8.908390577399E0,1.921609489295E0));
#1218=CARTESIAN_POINT('',(1.316174802110E0,-8.864762986697E0,1.965237011724E0));
#1219=CARTESIAN_POINT('',(1.336290650193E0,-8.798097417653E0,2.031902487833E0));
#1220=CARTESIAN_POINT('',(1.349731549785E0,-8.752834980096E0,2.077165241490E0));
#1221=CARTESIAN_POINT('',(1.356465209944E0,-8.73E0,2.100000221586E0));
#1223=DIRECTION('',(2.183465036364E-7,1.E0,-8.681028314701E-8));
#1224=VECTOR('',#1223,3.650000090189E0);
#1225=CARTESIAN_POINT('',(1.296147113836E0,-1.258000009019E1,1.900000383551E0));
#1226=LINE('',#1225,#1224);
#1227=DIRECTION('',(-2.203204669244E-7,-1.E0,-4.719833253784E-8));
#1228=VECTOR('',#1227,3.650000090189E0);
#1229=CARTESIAN_POINT('',(1.296147936549E0,-8.93E0,-1.900000059362E0));
#1230=LINE('',#1229,#1228);
#1231=CARTESIAN_POINT('',(1.232882680713E0,-1.278000002043E1,1.700000249421E0));
#1232=CARTESIAN_POINT('',(1.239872388757E0,-1.275845629094E1,1.721543978910E0));
#1233=CARTESIAN_POINT('',(1.253877034217E0,-1.271491648584E1,1.765083451392E0));
#1234=CARTESIAN_POINT('',(1.274978060298E0,-1.264825119195E1,1.831748622947E0));
#1235=CARTESIAN_POINT('',(1.289079821290E0,-1.260290076318E1,1.877099710564E0));
#1236=CARTESIAN_POINT('',(1.296147113836E0,-1.258000009019E1,1.900000383551E0));
#1238=CARTESIAN_POINT('',(-2.735360007389E-7,-1.258000011302E1,
3.292069613474E-7));
#1239=DIRECTION('',(0.E0,1.E0,0.E0));
#1240=DIRECTION('',(5.635427985315E-1,0.E0,8.260868684486E-1));
#1241=AXIS2_PLACEMENT_3D('',#1238,#1239,#1240);
#1243=CARTESIAN_POINT('',(-2.735360007389E-7,-1.258000011302E1,
3.292069613474E-7));
#1244=DIRECTION('',(0.E0,1.E0,0.E0));
#1245=DIRECTION('',(1.E0,0.E0,-1.431334444327E-7));
#1246=AXIS2_PLACEMENT_3D('',#1243,#1244,#1245);
#1248=CARTESIAN_POINT('',(-2.735360007389E-7,-1.278E1,3.292069613474E-7));
#1249=DIRECTION('',(0.E0,1.E0,0.E0));
#1250=DIRECTION('',(5.870874307444E-1,0.E0,8.095235318766E-1));
#1251=AXIS2_PLACEMENT_3D('',#1248,#1249,#1250);
#1253=DIRECTION('',(-1.E0,0.E0,-7.680423307893E-8));
#1254=VECTOR('',#1253,2.465765064428E0);
#1255=CARTESIAN_POINT('',(1.232882383715E0,-1.278000002043E1,
-1.700000060040E0));
#1256=LINE('',#1255,#1254);
#1257=CARTESIAN_POINT('',(2.735360008499E-7,-1.278E1,-3.292069736469E-7));
#1258=DIRECTION('',(0.E0,1.E0,0.E0));
#1259=DIRECTION('',(-5.870874307444E-1,0.E0,-8.095235318766E-1));
#1260=AXIS2_PLACEMENT_3D('',#1257,#1258,#1259);
#1262=DIRECTION('',(1.E0,0.E0,7.680423271872E-8));
#1263=VECTOR('',#1262,2.465765064428E0);
#1264=CARTESIAN_POINT('',(-1.232882383715E0,-1.278000002043E1,
1.700000060040E0));
#1265=LINE('',#1264,#1263);
#1266=DIRECTION('',(-1.E0,0.E0,-5.860264140426E-8));
#1267=VECTOR('',#1266,2.592294246215E0);
#1268=CARTESIAN_POINT('',(1.296147132379E0,-1.258000009019E1,
-1.900000231636E0));
#1269=LINE('',#1268,#1267);
#1270=CARTESIAN_POINT('',(1.232882383715E0,-1.278000002043E1,
-1.700000060040E0));
#1271=CARTESIAN_POINT('',(1.240083402104E0,-1.275780498588E1,
-1.722195094596E0));
#1272=CARTESIAN_POINT('',(1.254361858536E0,-1.271339540237E1,
-1.766604602991E0));
#1273=CARTESIAN_POINT('',(1.275454348369E0,-1.264672877754E1,
-1.833271083006E0));
#1274=CARTESIAN_POINT('',(1.289281319742E0,-1.260224789530E1,
-1.877752426525E0));
#1275=CARTESIAN_POINT('',(1.296147132379E0,-1.258000009019E1,
-1.900000231636E0));
#1277=DIRECTION('',(-1.E0,0.E0,-2.828351884501E-9));
#1278=VECTOR('',#1277,2.592295847349E0);
#1279=CARTESIAN_POINT('',(1.296147936549E0,-8.93E0,-1.900000059362E0));
#1280=LINE('',#1279,#1278);
#1281=DIRECTION('',(-2.183462597523E-7,1.E0,8.681021245774E-8));
#1282=VECTOR('',#1281,3.650000090189E0);
#1283=CARTESIAN_POINT('',(-1.296147113836E0,-1.258000009019E1,
-1.900000383551E0));
#1284=LINE('',#1283,#1282);
#1285=DIRECTION('',(2.203202222495E-7,-1.E0,4.719825996271E-8));
#1286=VECTOR('',#1285,3.650000090189E0);
#1287=CARTESIAN_POINT('',(-1.296147936548E0,-8.93E0,1.900000059362E0));
#1288=LINE('',#1287,#1286);
#1289=CARTESIAN_POINT('',(-1.232882680713E0,-1.278000002043E1,
-1.700000249421E0));
#1290=CARTESIAN_POINT('',(-1.239872388757E0,-1.275845629094E1,
-1.721543978910E0));
#1291=CARTESIAN_POINT('',(-1.253877034217E0,-1.271491648584E1,
-1.765083451392E0));
#1292=CARTESIAN_POINT('',(-1.274978060298E0,-1.264825119195E1,
-1.831748622947E0));
#1293=CARTESIAN_POINT('',(-1.289079821290E0,-1.260290076318E1,
-1.877099710564E0));
#1294=CARTESIAN_POINT('',(-1.296147113836E0,-1.258000009019E1,
-1.900000383551E0));
#1296=CARTESIAN_POINT('',(2.735360008499E-7,-1.258000011302E1,
-3.292069736469E-7));
#1297=DIRECTION('',(0.E0,1.E0,0.E0));
#1298=DIRECTION('',(-5.635427985315E-1,0.E0,-8.260868684486E-1));
#1299=AXIS2_PLACEMENT_3D('',#1296,#1297,#1298);
#1301=CARTESIAN_POINT('',(2.735360008499E-7,-1.258000011302E1,
-3.292069736469E-7));
#1302=DIRECTION('',(0.E0,1.E0,0.E0));
#1303=DIRECTION('',(-1.E0,0.E0,1.431334481264E-7));
#1304=AXIS2_PLACEMENT_3D('',#1301,#1302,#1303);
#1306=CARTESIAN_POINT('',(-1.232882383715E0,-1.278000002043E1,
1.700000060040E0));
#1307=CARTESIAN_POINT('',(-1.240083402104E0,-1.275780498588E1,
1.722195094597E0));
#1308=CARTESIAN_POINT('',(-1.254361858536E0,-1.271339540236E1,
1.766604602993E0));
#1309=CARTESIAN_POINT('',(-1.275454348369E0,-1.264672877754E1,
1.833271083008E0));
#1310=CARTESIAN_POINT('',(-1.289281319743E0,-1.260224789530E1,
1.877752426526E0));
#1311=CARTESIAN_POINT('',(-1.296147132379E0,-1.258000009019E1,
1.900000231636E0));
#1313=DIRECTION('',(1.E0,0.E0,5.860264097598E-8));
#1314=VECTOR('',#1313,2.592294246215E0);
#1315=CARTESIAN_POINT('',(-1.296147132379E0,-1.258000009019E1,
1.900000231636E0));
#1316=LINE('',#1315,#1314);
#1317=DIRECTION('',(1.E0,0.E0,2.828149737332E-9));
#1318=VECTOR('',#1317,2.592295847349E0);
#1319=CARTESIAN_POINT('',(-1.296147936548E0,-8.93E0,1.900000059362E0));
#1320=LINE('',#1319,#1318);
#1321=DIRECTION('',(1.535005856247E-1,9.881485567529E-1,0.E0));
#1322=VECTOR('',#1321,6.328952819156E0);
#1323=CARTESIAN_POINT('',(-3.713596585416E-1,-1.709879104471E1,0.E0));
#1324=LINE('',#1323,#1322);
#1325=CARTESIAN_POINT('',(-2.312871550338E-1,-1.066812051351E1,0.E0));
#1326=DIRECTION('',(2.079116908178E-1,9.781476007338E-1,0.E0));
#1327=DIRECTION('',(9.781476007338E-1,-2.079116908178E-1,0.E0));
#1328=AXIS2_PLACEMENT_3D('',#1325,#1326,#1327);
#1330=DIRECTION('',(2.616864640912E-1,9.651529384048E-1,0.E0));
#1331=VECTOR('',#1330,6.328952819156E0);
#1332=CARTESIAN_POINT('',(-2.718913900303E0,-1.659980298675E1,0.E0));
#1333=LINE('',#1332,#1331);
#1334=CARTESIAN_POINT('',(-2.312871550338E-1,-1.066812051351E1,0.E0));
#1335=DIRECTION('',(2.079116908178E-1,9.781476007338E-1,0.E0));
#1336=DIRECTION('',(-9.781476007338E-1,2.079116908178E-1,0.E0));
#1337=AXIS2_PLACEMENT_3D('',#1334,#1335,#1336);
#1339=CARTESIAN_POINT('',(-1.558955296821E0,-1.691430802875E1,0.E0));
#1340=DIRECTION('',(0.E0,0.E0,-1.E0));
#1341=DIRECTION('',(-2.079116908178E-1,-9.781476007338E-1,0.E0));
#1342=AXIS2_PLACEMENT_3D('',#1339,#1340,#1341);
#1344=CARTESIAN_POINT('',(-1.545136779423E0,-1.684929701573E1,0.E0));
#1345=DIRECTION('',(2.079116908178E-1,9.781476007338E-1,0.E0));
#1346=DIRECTION('',(-9.781476007338E-1,2.079116908178E-1,0.E0));
#1347=AXIS2_PLACEMENT_3D('',#1344,#1345,#1346);
#1349=CARTESIAN_POINT('',(-1.558955296821E0,-1.691430802875E1,0.E0));
#1350=DIRECTION('',(0.E0,0.E0,1.E0));
#1351=DIRECTION('',(-2.079116908178E-1,-9.781476007338E-1,0.E0));
#1352=AXIS2_PLACEMENT_3D('',#1349,#1350,#1351);
#1354=CARTESIAN_POINT('',(-1.545136779423E0,-1.684929701573E1,0.E0));
#1355=DIRECTION('',(2.079116908178E-1,9.781476007338E-1,0.E0));
#1356=DIRECTION('',(9.781476007338E-1,-2.079116908178E-1,0.E0));
#1357=AXIS2_PLACEMENT_3D('',#1354,#1355,#1356);
#1359=DIRECTION('',(0.E0,0.E0,1.E0));
#1360=VECTOR('',#1359,7.E-1);
#1361=CARTESIAN_POINT('',(5.220204102887E0,-3.83E0,-3.5E-1));
#1362=LINE('',#1361,#1360);
#1363=DIRECTION('',(5.202187886815E-14,-8.247371040073E-14,-1.E0));
#1364=VECTOR('',#1363,7.E-1);
#1365=CARTESIAN_POINT('',(5.576493520015E0,-4.048181818175E0,3.5E-1));
#1366=LINE('',#1365,#1364);
#1367=DIRECTION('',(5.709718412358E-14,9.389314722544E-14,-1.E0));
#1368=VECTOR('',#1367,7.E-1);
#1369=CARTESIAN_POINT('',(6.823506479985E0,-4.048181818175E0,3.5E-1));
#1370=LINE('',#1369,#1368);
#1371=DIRECTION('',(0.E0,0.E0,-1.E0));
#1372=VECTOR('',#1371,7.E-1);
#1373=CARTESIAN_POINT('',(7.179795897113E0,-3.83E0,3.5E-1));
#1374=LINE('',#1373,#1372);
#1375=CARTESIAN_POINT('',(7.25E0,-3.83E0,0.E0));
#1376=DIRECTION('',(0.E0,1.E0,0.E0));
#1377=DIRECTION('',(0.E0,0.E0,1.E0));
#1378=AXIS2_PLACEMENT_3D('',#1375,#1376,#1377);
#1380=DIRECTION('',(-1.E0,2.530274964498E-14,0.E0));
#1381=VECTOR('',#1380,7.020410288700E-2);
#1382=CARTESIAN_POINT('',(7.25E0,-3.83E0,-3.5E-1));
#1383=LINE('',#1382,#1381);
#1384=CARTESIAN_POINT('',(4.5E0,-5.73E0,0.E0));
#1385=DIRECTION('',(-1.E0,0.E0,0.E0));
#1386=DIRECTION('',(0.E0,0.E0,-1.E0));
#1387=AXIS2_PLACEMENT_3D('',#1384,#1385,#1386);
#1389=CARTESIAN_POINT('',(4.1E0,-5.73E0,0.E0));
#1390=DIRECTION('',(0.E0,1.E0,0.E0));
#1391=DIRECTION('',(1.E0,0.E0,0.E0));
#1392=AXIS2_PLACEMENT_3D('',#1389,#1390,#1391);
#1394=CARTESIAN_POINT('',(4.5E0,-5.73E0,0.E0));
#1395=DIRECTION('',(-1.E0,0.E0,0.E0));
#1396=DIRECTION('',(0.E0,0.E0,1.E0));
#1397=AXIS2_PLACEMENT_3D('',#1394,#1395,#1396);
#1399=CARTESIAN_POINT('',(4.1E0,-5.73E0,0.E0));
#1400=DIRECTION('',(0.E0,-1.E0,0.E0));
#1401=DIRECTION('',(1.E0,0.E0,0.E0));
#1402=AXIS2_PLACEMENT_3D('',#1399,#1400,#1401);
#1404=CARTESIAN_POINT('',(4.5E0,-1.23E0,-1.6E0));
#1405=DIRECTION('',(-1.E0,0.E0,0.E0));
#1406=DIRECTION('',(0.E0,0.E0,1.E0));
#1407=AXIS2_PLACEMENT_3D('',#1404,#1405,#1406);
#1409=CARTESIAN_POINT('',(3.920768987597E0,-1.23E0,-1.6E0));
#1410=DIRECTION('',(0.E0,-1.E0,0.E0));
#1411=DIRECTION('',(8.527746846449E-1,0.E0,-5.222789840964E-1));
#1412=AXIS2_PLACEMENT_3D('',#1409,#1410,#1411);
#1414=CARTESIAN_POINT('',(4.5E0,-1.23E0,-1.6E0));
#1415=DIRECTION('',(-1.E0,0.E0,0.E0));
#1416=DIRECTION('',(0.E0,0.E0,-1.E0));
#1417=AXIS2_PLACEMENT_3D('',#1414,#1415,#1416);
#1419=CARTESIAN_POINT('',(3.920768987597E0,-1.23E0,-1.6E0));
#1420=DIRECTION('',(0.E0,1.E0,0.E0));
#1421=DIRECTION('',(8.527746846449E-1,0.E0,5.222789840964E-1));
#1422=AXIS2_PLACEMENT_3D('',#1419,#1420,#1421);
#1424=CARTESIAN_POINT('',(3.920768987597E0,-1.23E0,1.6E0));
#1425=DIRECTION('',(0.E0,-1.E0,0.E0));
#1426=DIRECTION('',(8.527746846449E-1,0.E0,-5.222789840964E-1));
#1427=AXIS2_PLACEMENT_3D('',#1424,#1425,#1426);
#1429=CARTESIAN_POINT('',(4.5E0,-1.23E0,1.6E0));
#1430=DIRECTION('',(-1.E0,0.E0,0.E0));
#1431=DIRECTION('',(0.E0,0.E0,1.E0));
#1432=AXIS2_PLACEMENT_3D('',#1429,#1430,#1431);
#1434=CARTESIAN_POINT('',(4.5E0,-1.23E0,1.6E0));
#1435=DIRECTION('',(-1.E0,0.E0,0.E0));
#1436=DIRECTION('',(0.E0,0.E0,-1.E0));
#1437=AXIS2_PLACEMENT_3D('',#1434,#1435,#1436);
#1439=CARTESIAN_POINT('',(3.920768987597E0,-1.23E0,1.6E0));
#1440=DIRECTION('',(0.E0,1.E0,0.E0));
#1441=DIRECTION('',(8.527746846449E-1,0.E0,5.222789840964E-1));
#1442=AXIS2_PLACEMENT_3D('',#1439,#1440,#1441);
#1444=DIRECTION('',(0.E0,0.E0,-1.E0));
#1445=VECTOR('',#1444,4.171247252614E0);
#1446=CARTESIAN_POINT('',(-3.635623626307E0,-6.73E0,2.085623626307E0));
#1447=LINE('',#1446,#1445);
#1448=DIRECTION('',(-3.869613966927E-6,-8.345445113542E-8,9.999999999925E-1));
#1449=VECTOR('',#1448,4.191238687918E0);
#1450=CARTESIAN_POINT('',(-3.935559934799E0,-6.435235245641E0,
-2.095619343860E0));
#1451=LINE('',#1450,#1449);
#1452=CARTESIAN_POINT('',(-3.935576153274E0,-6.435235595419E0,
2.095619344027E0));
#1453=CARTESIAN_POINT('',(-3.935274168416E0,-6.452536408136E0,
2.095599333991E0));
#1454=CARTESIAN_POINT('',(-3.931672276883E0,-6.487118574556E0,
2.095478103289E0));
#1455=CARTESIAN_POINT('',(-3.917359081787E0,-6.537399816432E0,
2.094996965642E0));
#1456=CARTESIAN_POINT('',(-3.894552033353E0,-6.584491082491E0,
2.094333846978E0));
#1457=CARTESIAN_POINT('',(-3.863920769548E0,-6.626952828408E0,
2.093148456586E0));
#1458=CARTESIAN_POINT('',(-3.826509147466E0,-6.663377909831E0,
2.091965079538E0));
#1459=CARTESIAN_POINT('',(-3.783562940318E0,-6.692699153475E0,
2.090741687926E0));
#1460=CARTESIAN_POINT('',(-3.736386128863E0,-6.714135111415E0,
2.088738532332E0));
#1461=CARTESIAN_POINT('',(-3.686637671465E0,-6.727107046817E0,
2.087610704935E0));
#1462=CARTESIAN_POINT('',(-3.652600844602E0,-6.73E0,2.086314091659E0));
#1463=CARTESIAN_POINT('',(-3.635623626307E0,-6.73E0,2.085623626307E0));
#1465=CARTESIAN_POINT('',(-3.645619343860E0,-6.435235245641E0,
2.385559934821E0));
#1466=CARTESIAN_POINT('',(-3.645555393508E0,-6.444382765779E0,
2.385400265295E0));
#1467=CARTESIAN_POINT('',(-3.645411925194E0,-6.465616553678E0,
2.384087930406E0));
#1468=CARTESIAN_POINT('',(-3.645428730728E0,-6.503011817860E0,
2.377931518620E0));
#1469=CARTESIAN_POINT('',(-3.644791724974E0,-6.553039220556E0,
2.360588581866E0));
#1470=CARTESIAN_POINT('',(-3.643984614184E0,-6.587746963648E0,
2.341907592314E0));
#1471=CARTESIAN_POINT('',(-3.643435479806E0,-6.627072388332E0,
2.313727573944E0));
#1472=CARTESIAN_POINT('',(-3.641863086732E0,-6.662681212502E0,
2.277300477247E0));
#1473=CARTESIAN_POINT('',(-3.640779844471E0,-6.692096511270E0,
2.234575958895E0));
#1474=CARTESIAN_POINT('',(-3.638829588516E0,-6.713472679902E0,
2.188201928081E0));
#1475=CARTESIAN_POINT('',(-3.637626738035E0,-6.726955462690E0,
2.137868541395E0));
#1476=CARTESIAN_POINT('',(-3.636319767450E0,-6.73E0,2.103094473394E0));
#1477=CARTESIAN_POINT('',(-3.635623626307E0,-6.73E0,2.085623626307E0));
#1479=CARTESIAN_POINT('',(-4.049999998671E0,1.199999516440E-1,
2.210019322445E0));
#1480=CARTESIAN_POINT('',(-4.049998123241E0,1.198557637205E-1,
2.226863956171E0));
#1481=CARTESIAN_POINT('',(-4.047041901727E0,1.195872936042E-1,
2.260591842039E0));
#1482=CARTESIAN_POINT('',(-4.033969475768E0,1.192690659411E-1,
2.309510375101E0));
#1483=CARTESIAN_POINT('',(-4.012392878032E0,1.190574129406E-1,
2.355800774364E0));
#1484=CARTESIAN_POINT('',(-3.983340853656E0,1.189471511266E-1,
2.397290726976E0));
#1485=CARTESIAN_POINT('',(-3.947265469531E0,1.189471746833E-1,
2.433362267657E0));
#1486=CARTESIAN_POINT('',(-3.905770853181E0,1.190575453555E-1,
2.462409774527E0));
#1487=CARTESIAN_POINT('',(-3.859489159237E0,1.192691546444E-1,
2.483976396372E0));
#1488=CARTESIAN_POINT('',(-3.810579760777E0,1.195874437544E-1,
2.497043431247E0));
#1489=CARTESIAN_POINT('',(-3.776859845137E0,1.198557711424E-1,
2.499998123230E0));
#1490=CARTESIAN_POINT('',(-3.760019323142E0,1.199999955791E-1,
2.499999999438E0));
#1492=CARTESIAN_POINT('',(-3.645622104300E0,-6.430174464399E0,
2.095622104300E0));
#1493=DIRECTION('',(1.744974916068E-2,-9.996954598819E-1,-1.744974916068E-2));
#1494=DIRECTION('',(3.806568619088E-5,-1.745174218799E-2,9.998477060261E-1));
#1495=AXIS2_PLACEMENT_3D('',#1492,#1493,#1494);
#1497=DIRECTION('',(-1.196196142337E-5,-9.999999999285E-1,-4.921642531716E-10));
#1498=VECTOR('',#1497,9.999816165164E-1);
#1499=CARTESIAN_POINT('',(-3.760007361401E0,1.119981612024E0,2.499999999930E0));
#1500=LINE('',#1499,#1498);
#1501=DIRECTION('',(-1.276560129490E-9,9.999999999048E-1,-1.380139410101E-5));
#1502=VECTOR('',#1501,1.000000048096E0);
#1503=CARTESIAN_POINT('',(-4.049999998671E0,1.199999516440E-1,
2.210019322445E0));
#1504=LINE('',#1503,#1502);
#1505=CARTESIAN_POINT('',(-3.76E0,1.12E0,2.21E0));
#1506=DIRECTION('',(-1.573192891972E-12,-1.E0,-1.186790129771E-12));
#1507=DIRECTION('',(-3.807621042372E-5,-1.186790129772E-12,9.999999992751E-1));
#1508=AXIS2_PLACEMENT_3D('',#1505,#1506,#1507);
#1510=CARTESIAN_POINT('',(-3.75E0,1.12E0,2.21E0));
#1511=DIRECTION('',(-7.702650777744E-13,1.186790129772E-12,-1.E0));
#1512=DIRECTION('',(-1.E0,-2.365257619393E-9,7.697546304068E-13));
#1513=AXIS2_PLACEMENT_3D('',#1510,#1511,#1512);
#1515=CARTESIAN_POINT('',(-3.742928931519E0,1.127071067143E0,2.21E0));
#1516=DIRECTION('',(7.071067142377E-1,-7.071068481354E-1,-1.383847036298E-12));
#1517=DIRECTION('',(7.071068479621E-1,7.071067140644E-1,-2.213774174551E-5));
#1518=AXIS2_PLACEMENT_3D('',#1515,#1516,#1517);
#1520=DIRECTION('',(-1.E0,6.532857720866E-14,0.E0));
#1521=VECTOR('',#1520,1.767422458815E0);
#1522=CARTESIAN_POINT('',(3.635623626307E0,-6.73E0,2.085623626307E0));
#1523=LINE('',#1522,#1521);
#1524=CARTESIAN_POINT('',(1.868201167492E0,-6.73E0,2.085623626307E0));
#1525=CARTESIAN_POINT('',(1.828549462053E0,-6.729999673335E0,2.103386900839E0));
#1526=CARTESIAN_POINT('',(1.744065566491E0,-6.726832910871E0,2.139169408078E0));
#1527=CARTESIAN_POINT('',(1.602586626654E0,-6.712329548506E0,2.192027241705E0));
#1528=CARTESIAN_POINT('',(1.497378100778E0,-6.695717077206E0,2.226239592600E0));
#1529=CARTESIAN_POINT('',(1.442219809069E0,-6.685522706632E0,2.242811877762E0));
#1531=DIRECTION('',(-1.E0,0.E0,0.E0));
#1532=VECTOR('',#1531,2.884441307459E0);
#1533=CARTESIAN_POINT('',(1.442219809069E0,-6.685522706632E0,2.242811877762E0));
#1534=LINE('',#1533,#1532);
#1535=CARTESIAN_POINT('',(-1.442221498391E0,-6.685522706632E0,
2.242811877762E0));
#1536=CARTESIAN_POINT('',(-1.497500028058E0,-6.695739664795E0,
2.226203825771E0));
#1537=CARTESIAN_POINT('',(-1.602866964839E0,-6.712369733761E0,
2.191930482044E0));
#1538=CARTESIAN_POINT('',(-1.744364267349E0,-6.726852564441E0,
2.139048167982E0));
#1539=CARTESIAN_POINT('',(-1.828673705215E0,-6.730000093082E0,
2.103330042008E0));
#1540=CARTESIAN_POINT('',(-1.868198136741E0,-6.73E0,2.085623626307E0));
#1542=DIRECTION('',(-1.E0,-7.135878504750E-14,0.E0));
#1543=VECTOR('',#1542,1.767425489566E0);
#1544=CARTESIAN_POINT('',(-1.868198136741E0,-6.73E0,2.085623626307E0));
#1545=LINE('',#1544,#1543);
#1546=DIRECTION('',(9.999999999975E-1,-4.797224553947E-8,2.224375755098E-6));
#1547=VECTOR('',#1546,7.291238687905E0);
#1548=CARTESIAN_POINT('',(-3.645619343860E0,-6.435235245641E0,
2.385559934821E0));
#1549=LINE('',#1548,#1547);
#1550=CARTESIAN_POINT('',(3.645619344027E0,-6.435235595419E0,2.385576153276E0));
#1551=CARTESIAN_POINT('',(3.645599333981E0,-6.452536408095E0,2.385274168418E0));
#1552=CARTESIAN_POINT('',(3.645478103267E0,-6.487118574440E0,2.381672276899E0));
#1553=CARTESIAN_POINT('',(3.644996965661E0,-6.537399816228E0,2.367359081858E0));
#1554=CARTESIAN_POINT('',(3.644333846981E0,-6.584491082240E0,2.344552033501E0));
#1555=CARTESIAN_POINT('',(3.643148456591E0,-6.626952828200E0,2.313920769729E0));
#1556=CARTESIAN_POINT('',(3.641965079575E0,-6.663377909648E0,2.276509147688E0));
#1557=CARTESIAN_POINT('',(3.640741687874E0,-6.692699153325E0,2.233562940582E0));
#1558=CARTESIAN_POINT('',(3.638738532403E0,-6.714135111319E0,2.186386129145E0));
#1559=CARTESIAN_POINT('',(3.637610704887E0,-6.727107046796E0,2.136637671641E0));
#1560=CARTESIAN_POINT('',(3.636314091640E0,-6.73E0,2.102600844669E0));
#1561=CARTESIAN_POINT('',(3.635623626307E0,-6.73E0,2.085623626307E0));
#1563=CARTESIAN_POINT('',(3.935559934844E0,-6.435235245642E0,2.095619343860E0));
#1564=CARTESIAN_POINT('',(3.935400265315E0,-6.444382765919E0,2.095555393642E0));
#1565=CARTESIAN_POINT('',(3.934087930352E0,-6.465616554115E0,2.095411925537E0));
#1566=CARTESIAN_POINT('',(3.927931518467E0,-6.503011818661E0,2.095428730187E0));
#1567=CARTESIAN_POINT('',(3.910588581230E0,-6.553039221957E0,2.094791725403E0));
#1568=CARTESIAN_POINT('',(3.891907592004E0,-6.587746964098E0,2.093984613918E0));
#1569=CARTESIAN_POINT('',(3.863727573474E0,-6.627072388901E0,2.093435479920E0));
#1570=CARTESIAN_POINT('',(3.827300476655E0,-6.662681212985E0,2.091863086615E0));
#1571=CARTESIAN_POINT('',(3.784575958266E0,-6.692096511620E0,2.090779844462E0));
#1572=CARTESIAN_POINT('',(3.738201927615E0,-6.713472680054E0,2.088829588535E0));
#1573=CARTESIAN_POINT('',(3.687868541152E0,-6.726955462719E0,2.087626737987E0));
#1574=CARTESIAN_POINT('',(3.653094473312E0,-6.73E0,2.086319767430E0));
#1575=CARTESIAN_POINT('',(3.635623626307E0,-6.73E0,2.085623626307E0));
#1577=CARTESIAN_POINT('',(3.645622104301E0,-6.430174464399E0,2.095622104301E0));
#1578=DIRECTION('',(-1.744974916068E-2,-9.996954598819E-1,-1.744974916068E-2));
#1579=DIRECTION('',(9.998477060261E-1,-1.745174218797E-2,-3.806568728578E-5));
#1580=AXIS2_PLACEMENT_3D('',#1577,#1578,#1579);
#1582=DIRECTION('',(-1.196126407874E-5,9.999999999285E-1,1.258987137389E-9));
#1583=VECTOR('',#1582,9.999816572686E-1);
#1584=CARTESIAN_POINT('',(3.760019322445E0,1.199999516432E-1,2.499999998671E0));
#1585=LINE('',#1584,#1583);
#1586=DIRECTION('',(-5.095275314153E-10,-9.999999999048E-1,1.380209181894E-5));
#1587=VECTOR('',#1586,9.999999997312E-1);
#1588=CARTESIAN_POINT('',(4.049999999947E0,1.119999995216E0,2.210005521050E0));
#1589=LINE('',#1588,#1587);
#1590=CARTESIAN_POINT('',(4.049999999438E0,1.199999955798E-1,2.210019323142E0));
#1591=CARTESIAN_POINT('',(4.049999357891E0,1.198531604346E-1,2.226868354839E0));
#1592=CARTESIAN_POINT('',(4.047043640524E0,1.195887903759E-1,2.260567319585E0));
#1593=CARTESIAN_POINT('',(4.033981169521E0,1.192689278657E-1,2.309476855250E0));
#1594=CARTESIAN_POINT('',(4.012419537606E0,1.190577354495E-1,2.355752959669E0));
#1595=CARTESIAN_POINT('',(3.983377160526E0,1.189471941376E-1,2.397247499712E0));
#1596=CARTESIAN_POINT('',(3.947309816981E0,1.189471279822E-1,2.433325216587E0));
#1597=CARTESIAN_POINT('',(3.905816586650E0,1.190574522393E-1,2.462383586719E0));
#1598=CARTESIAN_POINT('',(3.859531093885E0,1.192686885063E-1,2.483962708905E0));
#1599=CARTESIAN_POINT('',(3.810600212312E0,1.195884590817E-1,2.497039497169E0));
#1600=CARTESIAN_POINT('',(3.776880201981E0,1.198529735862E-1,2.499999356673E0));
#1601=CARTESIAN_POINT('',(3.760019322445E0,1.199999516432E-1,2.499999998671E0));
#1603=DIRECTION('',(-2.807781301828E-8,-2.207988835106E-7,1.E0));
#1604=VECTOR('',#1603,2.001932314224E-2);
#1605=CARTESIAN_POINT('',(4.05E0,1.2E-1,2.19E0));
#1606=LINE('',#1605,#1604);
#1607=DIRECTION('',(3.991315143995E-9,-1.E0,0.E0));
#1608=VECTOR('',#1607,7.001667969818E-1);
#1609=CARTESIAN_POINT('',(3.76E0,1.12E0,1.9E0));
#1610=LINE('',#1609,#1608);
#1611=CARTESIAN_POINT('',(3.760000002795E0,4.198332030182E-1,1.9E0));
#1612=CARTESIAN_POINT('',(3.773510167784E0,4.193826134101E-1,1.9E0));
#1613=CARTESIAN_POINT('',(3.801233838359E0,4.164651366945E-1,1.902054244520E0));
#1614=CARTESIAN_POINT('',(3.841151206924E0,4.071424106903E-1,1.910249735245E0));
#1615=CARTESIAN_POINT('',(3.887134817566E0,3.879289373077E-1,1.928241584556E0));
#1616=CARTESIAN_POINT('',(3.915139616730E0,3.711867044347E-1,1.944261070992E0));
#1617=CARTESIAN_POINT('',(3.948914730212E0,3.462576710064E-1,1.968301697402E0));
#1618=CARTESIAN_POINT('',(3.983493453265E0,3.105138486156E-1,2.003069491384E0));
#1619=CARTESIAN_POINT('',(4.010048840611E0,2.717338425166E-1,2.040993794710E0));
#1620=CARTESIAN_POINT('',(4.029746135188E0,2.318628608190E-1,2.080065612379E0));
#1621=CARTESIAN_POINT('',(4.045615266497E0,1.807428662187E-1,2.130276529177E0));
#1622=CARTESIAN_POINT('',(4.05E0,1.411609163001E-1,2.169194754683E0));
#1623=CARTESIAN_POINT('',(4.05E0,1.2E-1,2.19E0));
#1625=DIRECTION('',(0.E0,1.E0,1.389999227009E-13));
#1626=VECTOR('',#1625,9.999999998720E-1);
#1627=CARTESIAN_POINT('',(4.05E0,1.2E-1,2.19E0));
#1628=LINE('',#1627,#1626);
#1629=DIRECTION('',(-1.745002206309E-2,-9.996955138820E-1,1.744638226836E-2));
#1630=VECTOR('',#1629,6.557232133220E0);
#1631=CARTESIAN_POINT('',(4.049999998671E0,1.199999516440E-1,
-2.210019322445E0));
#1632=LINE('',#1631,#1630);
#1633=DIRECTION('',(1.745249560557E-2,9.996954706990E-1,1.744638246041E-2));
#1634=VECTOR('',#1633,6.557232110533E0);
#1635=CARTESIAN_POINT('',(3.935559934844E0,-6.435235245642E0,2.095619343860E0));
#1636=LINE('',#1635,#1634);
#1637=DIRECTION('',(6.639908528033E-8,2.415464012533E-6,9.999999999971E-1));
#1638=VECTOR('',#1637,2.001932244550E-2);
#1639=CARTESIAN_POINT('',(4.049999998671E0,1.199999516440E-1,
-2.210019322445E0));
#1640=LINE('',#1639,#1638);
#1641=DIRECTION('',(9.344781511790E-8,9.369099041421E-8,-1.E0));
#1642=VECTOR('',#1641,1.999334942E-2);
#1643=CARTESIAN_POINT('',(3.537867965408E0,1.332132034090E0,-2.190003468116E0));
#1644=LINE('',#1643,#1642);
#1645=DIRECTION('',(2.626551108341E-9,-2.327591512494E-7,1.E0));
#1646=VECTOR('',#1645,2.000552105041E-2);
#1647=CARTESIAN_POINT('',(4.049999999947E0,1.119999999872E0,-2.210005521050E0));
#1648=LINE('',#1647,#1646);
#1649=CARTESIAN_POINT('',(3.742928932188E0,1.127071067812E0,-2.19E0));
#1650=DIRECTION('',(-7.071067811854E-1,-7.071067811877E-1,1.929589490603E-12));
#1651=DIRECTION('',(3.073403600584E-12,-3.437863021082E-13,1.E0));
#1652=AXIS2_PLACEMENT_3D('',#1649,#1650,#1651);
#1654=CARTESIAN_POINT('',(3.75E0,1.12E0,-2.19E0));
#1655=DIRECTION('',(-1.604846523872E-12,-1.124005103552E-12,-1.E0));
#1656=DIRECTION('',(-7.071067828584E-1,7.071067795146E-1,3.404683942183E-13));
#1657=AXIS2_PLACEMENT_3D('',#1654,#1655,#1656);
#1659=CARTESIAN_POINT('',(3.76E0,1.119999999053E0,-2.19E0));
#1660=DIRECTION('',(-9.468334244422E-8,-1.E0,1.124005255504E-12));
#1661=DIRECTION('',(1.E0,-9.468334239259E-8,-4.517459203649E-13));
#1662=AXIS2_PLACEMENT_3D('',#1659,#1660,#1661);
#1664=DIRECTION('',(0.E0,-1.E0,8.393286106321E-14));
#1665=VECTOR('',#1664,9.999999952158E-1);
#1666=CARTESIAN_POINT('',(4.05E0,1.119999995216E0,-2.19E0));
#1667=LINE('',#1666,#1665);
#1668=DIRECTION('',(7.547719058961E-14,1.E0,0.E0));
#1669=VECTOR('',#1668,7.001667067803E-1);
#1670=CARTESIAN_POINT('',(3.76E0,4.198332870113E-1,-1.9E0));
#1671=LINE('',#1670,#1669);
#1672=DIRECTION('',(-7.071068458387E-1,-7.071067165231E-1,3.999238577569E-6));
#1673=VECTOR('',#1672,1.319494226702E0);
#1674=CARTESIAN_POINT('',(3.537867967276E0,1.332132035964E0,-2.209996817536E0));
#1675=LINE('',#1674,#1673);
#1676=DIRECTION('',(-7.071067811866E-1,-7.071067811865E-1,0.E0));
#1677=VECTOR('',#1676,1.424213565900E0);
#1678=CARTESIAN_POINT('',(3.742928934682E0,1.127071070306E0,-2.5E0));
#1679=LINE('',#1678,#1677);
#1680=DIRECTION('',(1.E0,-4.316556034075E-9,5.490991179479E-10));
#1681=VECTOR('',#1680,1.024161458766E0);
#1682=CARTESIAN_POINT('',(2.735857864376E0,1.2E-1,-2.5E0));
#1683=LINE('',#1682,#1681);
#1684=CARTESIAN_POINT('',(3.760007361401E0,1.119981612024E0,-2.499999999930E0));
#1685=CARTESIAN_POINT('',(3.760007361401E0,1.121394547395E0,-2.499999999930E0));
#1686=CARTESIAN_POINT('',(3.759465096042E0,1.123920525377E0,-2.500000000033E0));
#1687=CARTESIAN_POINT('',(3.757238768445E0,1.127278608587E0,-2.499999999991E0));
#1688=CARTESIAN_POINT('',(3.753923916418E0,1.129471866896E0,-2.500000000002E0));
#1689=CARTESIAN_POINT('',(3.750029154719E0,1.130263987747E0,-2.499999999999E0));
#1690=CARTESIAN_POINT('',(3.746080619320E0,1.129470824121E0,-2.5E0));
#1691=CARTESIAN_POINT('',(3.743908649633E0,1.128050785257E0,-2.5E0));
#1692=CARTESIAN_POINT('',(3.742928934682E0,1.127071070306E0,-2.5E0));
#1694=DIRECTION('',(1.196196143492E-5,-9.999999999285E-1,4.922983705786E-10));
#1695=VECTOR('',#1694,9.999816165164E-1);
#1696=CARTESIAN_POINT('',(3.760007361401E0,1.119981612024E0,-2.499999999930E0));
#1697=LINE('',#1696,#1695);
#1698=DIRECTION('',(1.276718224951E-9,9.999999999048E-1,1.380139428706E-5));
#1699=VECTOR('',#1698,1.000000048323E0);
#1700=CARTESIAN_POINT('',(4.049999998671E0,1.199999516440E-1,
-2.210019322445E0));
#1701=LINE('',#1700,#1699);
#1702=CARTESIAN_POINT('',(4.049999998671E0,1.199999516440E-1,
-2.210019322445E0));
#1703=CARTESIAN_POINT('',(4.049998123241E0,1.198557637205E-1,
-2.226863956171E0));
#1704=CARTESIAN_POINT('',(4.047041901726E0,1.195872936041E-1,
-2.260591842038E0));
#1705=CARTESIAN_POINT('',(4.033969475768E0,1.192690659412E-1,
-2.309510375099E0));
#1706=CARTESIAN_POINT('',(4.012392878032E0,1.190574129406E-1,
-2.355800774362E0));
#1707=CARTESIAN_POINT('',(3.983340853656E0,1.189471511265E-1,
-2.397290726974E0));
#1708=CARTESIAN_POINT('',(3.947265469531E0,1.189471746833E-1,
-2.433362267656E0));
#1709=CARTESIAN_POINT('',(3.905770853181E0,1.190575453556E-1,
-2.462409774526E0));
#1710=CARTESIAN_POINT('',(3.859489159237E0,1.192691546444E-1,
-2.483976396371E0));
#1711=CARTESIAN_POINT('',(3.810579760777E0,1.195874437544E-1,
-2.497043431247E0));
#1712=CARTESIAN_POINT('',(3.776859845136E0,1.198557711425E-1,
-2.499998123230E0));
#1713=CARTESIAN_POINT('',(3.760019323142E0,1.199999955791E-1,
-2.499999999438E0));
#1715=CARTESIAN_POINT('',(3.645622104300E0,-6.430174464399E0,
-2.095622104300E0));
#1716=DIRECTION('',(-1.744974916068E-2,-9.996954598819E-1,1.744974916068E-2));
#1717=DIRECTION('',(-3.806568427363E-5,-1.745174218802E-2,-9.998477060261E-1));
#1718=AXIS2_PLACEMENT_3D('',#1715,#1716,#1717);
#1720=CARTESIAN_POINT('',(3.645619343860E0,-6.435235245641E0,
-2.385559934807E0));
#1721=CARTESIAN_POINT('',(3.645555393425E0,-6.444382765692E0,
-2.385400265282E0));
#1722=CARTESIAN_POINT('',(3.645411924982E0,-6.465616553408E0,
-2.384087930439E0));
#1723=CARTESIAN_POINT('',(3.645428731062E0,-6.503011817366E0,
-2.377931518715E0));
#1724=CARTESIAN_POINT('',(3.644791724709E0,-6.553039219692E0,
-2.360588582258E0));
#1725=CARTESIAN_POINT('',(3.643984614348E0,-6.587746963372E0,
-2.341907592505E0));
#1726=CARTESIAN_POINT('',(3.643435479735E0,-6.627072387982E0,
-2.313727574233E0));
#1727=CARTESIAN_POINT('',(3.641863086804E0,-6.662681212205E0,
-2.277300477610E0));
#1728=CARTESIAN_POINT('',(3.640779844476E0,-6.692096511055E0,
-2.234575959282E0));
#1729=CARTESIAN_POINT('',(3.638829588504E0,-6.713472679808E0,
-2.188201928367E0));
#1730=CARTESIAN_POINT('',(3.637626738064E0,-6.726955462673E0,
-2.137868541544E0));
#1731=CARTESIAN_POINT('',(3.636319767463E0,-6.73E0,-2.103094473444E0));
#1732=CARTESIAN_POINT('',(3.635623626307E0,-6.73E0,-2.085623626307E0));
#1734=DIRECTION('',(0.E0,0.E0,1.E0));
#1735=VECTOR('',#1734,4.171247252614E0);
#1736=CARTESIAN_POINT('',(3.635623626307E0,-6.73E0,-2.085623626307E0));
#1737=LINE('',#1736,#1735);
#1738=DIRECTION('',(3.869602826549E-6,-8.345422841474E-8,-9.999999999925E-1));
#1739=VECTOR('',#1738,4.191238687918E0);
#1740=CARTESIAN_POINT('',(3.935559934844E0,-6.435235245642E0,2.095619343860E0));
#1741=LINE('',#1740,#1739);
#1742=CARTESIAN_POINT('',(3.935576153273E0,-6.435235595419E0,
-2.095619344027E0));
#1743=CARTESIAN_POINT('',(3.935274168414E0,-6.452536408162E0,
-2.095599333997E0));
#1744=CARTESIAN_POINT('',(3.931672276873E0,-6.487118574630E0,
-2.095478103303E0));
#1745=CARTESIAN_POINT('',(3.917359081741E0,-6.537399816560E0,
-2.094996965629E0));
#1746=CARTESIAN_POINT('',(3.894552033260E0,-6.584491082648E0,
-2.094333846976E0));
#1747=CARTESIAN_POINT('',(3.863920769436E0,-6.626952828537E0,
-2.093148456583E0));
#1748=CARTESIAN_POINT('',(3.826509147328E0,-6.663377909944E0,
-2.091965079516E0));
#1749=CARTESIAN_POINT('',(3.783562940153E0,-6.692699153569E0,
-2.090741687958E0));
#1750=CARTESIAN_POINT('',(3.736386128688E0,-6.714135111475E0,
-2.088738532288E0));
#1751=CARTESIAN_POINT('',(3.686637671355E0,-6.727107046831E0,
-2.087610704965E0));
#1752=CARTESIAN_POINT('',(3.652600844561E0,-6.73E0,-2.086314091670E0));
#1753=CARTESIAN_POINT('',(3.635623626307E0,-6.73E0,-2.085623626307E0));
#1755=CARTESIAN_POINT('',(3.76E0,1.12E0,-2.21E0));
#1756=DIRECTION('',(-2.480293748163E-12,-1.E0,-7.733277619839E-13));
#1757=DIRECTION('',(3.807621048037E-5,7.733277619805E-13,-9.999999992751E-1));
#1758=AXIS2_PLACEMENT_3D('',#1755,#1756,#1757);
#1760=CARTESIAN_POINT('',(3.75E0,1.12E0,-2.21E0));
#1761=DIRECTION('',(-1.467025734608E-12,-7.733277619803E-13,1.E0));
#1762=DIRECTION('',(1.E0,-8.689345539401E-13,1.466974689872E-12));
#1763=AXIS2_PLACEMENT_3D('',#1760,#1761,#1762);
#1765=CARTESIAN_POINT('',(3.742928932569E0,1.127071068193E0,-2.21E0));
#1766=DIRECTION('',(-7.071068192248E-1,-7.071067431483E-1,-1.584169176080E-12));
#1767=DIRECTION('',(-7.071067429780E-1,7.071068190545E-1,2.194802330531E-5));
#1768=AXIS2_PLACEMENT_3D('',#1765,#1766,#1767);
#1770=CARTESIAN_POINT('',(-3.742928932188E0,1.127071067812E0,-2.21E0));
#1771=DIRECTION('',(7.071067811877E-1,-7.071067811854E-1,-4.011856937526E-13));
#1772=DIRECTION('',(-2.102532707326E-12,-1.535170458190E-12,-1.E0));
#1773=AXIS2_PLACEMENT_3D('',#1770,#1771,#1772);
#1775=CARTESIAN_POINT('',(-3.75E0,1.12E0,-2.21E0));
#1776=DIRECTION('',(-3.368952626449E-14,-6.010517754005E-13,1.E0));
#1777=DIRECTION('',(7.071067823912E-1,7.071067799819E-1,4.485301019483E-13));
#1778=AXIS2_PLACEMENT_3D('',#1775,#1776,#1777);
#1780=CARTESIAN_POINT('',(-3.76E0,1.120000000538E0,-2.21E0));
#1781=DIRECTION('',(-5.379861635454E-8,-1.E0,-6.010517772130E-13));
#1782=DIRECTION('',(-9.999999992751E-1,5.379861613672E-8,-3.807620902102E-5));
#1783=AXIS2_PLACEMENT_3D('',#1780,#1781,#1782);
#1785=DIRECTION('',(0.E0,0.E0,-1.E0));
#1786=VECTOR('',#1785,2.065358983849E0);
#1787=CARTESIAN_POINT('',(2.29E0,0.E0,1.032679491924E0));
#1788=LINE('',#1787,#1786);
#1789=DIRECTION('',(0.E0,8.660254037844E-1,5.E-1));
#1790=VECTOR('',#1789,3.464101615138E-1);
#1791=CARTESIAN_POINT('',(2.29E0,0.E0,-1.032679491924E0));
#1792=LINE('',#1791,#1790);
#1793=DIRECTION('',(0.E0,0.E0,1.E0));
#1794=VECTOR('',#1793,5.094744111674E-1);
#1795=CARTESIAN_POINT('',(2.29E0,3.E-1,-8.594744111674E-1));
#1796=LINE('',#1795,#1794);
#1797=DIRECTION('',(0.E0,1.E0,0.E0));
#1798=VECTOR('',#1797,4.5E-1);
#1799=CARTESIAN_POINT('',(2.29E0,3.E-1,-3.5E-1));
#1800=LINE('',#1799,#1798);
#1801=DIRECTION('',(0.E0,0.E0,1.E0));
#1802=VECTOR('',#1801,5.094744111674E-1);
#1803=CARTESIAN_POINT('',(2.29E0,3.E-1,3.5E-1));
#1804=LINE('',#1803,#1802);
#1805=DIRECTION('',(0.E0,-8.660254037844E-1,5.E-1));
#1806=VECTOR('',#1805,3.464101615138E-1);
#1807=CARTESIAN_POINT('',(2.29E0,3.E-1,8.594744111674E-1));
#1808=LINE('',#1807,#1806);
#1809=DIRECTION('',(0.E0,0.E0,1.E0));
#1810=VECTOR('',#1809,2.065358983849E0);
#1811=CARTESIAN_POINT('',(2.79E0,0.E0,-1.032679491924E0));
#1812=LINE('',#1811,#1810);
#1813=DIRECTION('',(0.E0,8.660254037844E-1,-5.E-1));
#1814=VECTOR('',#1813,3.464101615138E-1);
#1815=CARTESIAN_POINT('',(2.79E0,0.E0,1.032679491924E0));
#1816=LINE('',#1815,#1814);
#1817=DIRECTION('',(0.E0,0.E0,-1.E0));
#1818=VECTOR('',#1817,5.094744111674E-1);
#1819=CARTESIAN_POINT('',(2.79E0,3.E-1,8.594744111674E-1));
#1820=LINE('',#1819,#1818);
#1821=DIRECTION('',(0.E0,1.E0,0.E0));
#1822=VECTOR('',#1821,4.5E-1);
#1823=CARTESIAN_POINT('',(2.79E0,3.E-1,3.5E-1));
#1824=LINE('',#1823,#1822);
#1825=DIRECTION('',(0.E0,0.E0,-1.E0));
#1826=VECTOR('',#1825,5.094744111674E-1);
#1827=CARTESIAN_POINT('',(2.79E0,3.E-1,-3.5E-1));
#1828=LINE('',#1827,#1826);
#1829=DIRECTION('',(0.E0,-8.660254037844E-1,-5.E-1));
#1830=VECTOR('',#1829,3.464101615138E-1);
#1831=CARTESIAN_POINT('',(2.79E0,3.E-1,-8.594744111674E-1));
#1832=LINE('',#1831,#1830);
#1833=CARTESIAN_POINT('',(3.29E0,7.5E-1,3.5E-1));
#1834=DIRECTION('',(0.E0,0.E0,-1.E0));
#1835=DIRECTION('',(-1.E0,0.E0,0.E0));
#1836=AXIS2_PLACEMENT_3D('',#1833,#1834,#1835);
#1838=DIRECTION('',(-1.E0,0.E0,0.E0));
#1839=VECTOR('',#1838,1.472E1);
#1840=CARTESIAN_POINT('',(1.801E1,1.25E0,3.5E-1));
#1841=LINE('',#1840,#1839);
#1842=CARTESIAN_POINT('',(3.29E0,7.5E-1,3.5E-1));
#1843=DIRECTION('',(0.E0,0.E0,1.E0));
#1844=DIRECTION('',(0.E0,1.E0,0.E0));
#1845=AXIS2_PLACEMENT_3D('',#1842,#1843,#1844);
#1847=DIRECTION('',(-1.E0,0.E0,0.E0));
#1848=VECTOR('',#1847,5.E-1);
#1849=CARTESIAN_POINT('',(2.79E0,3.E-1,3.5E-1));
#1850=LINE('',#1849,#1848);
#1851=DIRECTION('',(0.E0,1.E0,0.E0));
#1852=VECTOR('',#1851,4.5E-1);
#1853=CARTESIAN_POINT('',(2.29E0,3.E-1,3.5E-1));
#1854=LINE('',#1853,#1852);
#1855=DIRECTION('',(0.E0,0.E0,-1.E0));
#1856=VECTOR('',#1855,7.E-1);
#1857=CARTESIAN_POINT('',(2.29E0,7.5E-1,3.5E-1));
#1858=LINE('',#1857,#1856);
#1859=DIRECTION('',(0.E0,0.E0,1.E0));
#1860=VECTOR('',#1859,7.E-1);
#1861=CARTESIAN_POINT('',(3.29E0,1.75E0,-3.5E-1));
#1862=LINE('',#1861,#1860);
#1863=CARTESIAN_POINT('',(3.29E0,7.5E-1,-3.5E-1));
#1864=DIRECTION('',(0.E0,0.E0,1.E0));
#1865=DIRECTION('',(0.E0,1.E0,0.E0));
#1866=AXIS2_PLACEMENT_3D('',#1863,#1864,#1865);
#1868=DIRECTION('',(1.E0,0.E0,0.E0));
#1869=VECTOR('',#1868,5.E-1);
#1870=CARTESIAN_POINT('',(2.29E0,3.E-1,-3.5E-1));
#1871=LINE('',#1870,#1869);
#1872=DIRECTION('',(0.E0,1.E0,0.E0));
#1873=VECTOR('',#1872,4.5E-1);
#1874=CARTESIAN_POINT('',(2.79E0,3.E-1,-3.5E-1));
#1875=LINE('',#1874,#1873);
#1876=CARTESIAN_POINT('',(3.29E0,7.5E-1,-3.5E-1));
#1877=DIRECTION('',(0.E0,0.E0,-1.E0));
#1878=DIRECTION('',(-1.E0,0.E0,0.E0));
#1879=AXIS2_PLACEMENT_3D('',#1876,#1877,#1878);
#1881=DIRECTION('',(0.E0,0.E0,1.E0));
#1882=VECTOR('',#1881,7.E-1);
#1883=CARTESIAN_POINT('',(2.79E0,7.5E-1,-3.5E-1));
#1884=LINE('',#1883,#1882);
#1885=DIRECTION('',(0.E0,0.E0,-1.E0));
#1886=VECTOR('',#1885,7.E-1);
#1887=CARTESIAN_POINT('',(3.29E0,1.25E0,3.5E-1));
#1888=LINE('',#1887,#1886);
#1889=DIRECTION('',(-1.E0,0.E0,0.E0));
#1890=VECTOR('',#1889,1.472E1);
#1891=CARTESIAN_POINT('',(1.801E1,1.25E0,-3.5E-1));
#1892=LINE('',#1891,#1890);
#1893=DIRECTION('',(0.E0,0.E0,-1.E0));
#1894=VECTOR('',#1893,7.E-1);
#1895=CARTESIAN_POINT('',(1.801E1,1.75E0,3.5E-1));
#1896=LINE('',#1895,#1894);
#1897=DIRECTION('',(0.E0,-1.E0,0.E0));
#1898=VECTOR('',#1897,5.E-1);
#1899=CARTESIAN_POINT('',(1.801E1,1.75E0,-3.5E-1));
#1900=LINE('',#1899,#1898);
#1901=DIRECTION('',(0.E0,0.E0,1.E0));
#1902=VECTOR('',#1901,7.E-1);
#1903=CARTESIAN_POINT('',(1.801E1,1.25E0,-3.5E-1));
#1904=LINE('',#1903,#1902);
#1905=DIRECTION('',(0.E0,1.E0,0.E0));
#1906=VECTOR('',#1905,5.E-1);
#1907=CARTESIAN_POINT('',(1.801E1,1.25E0,3.5E-1));
#1908=LINE('',#1907,#1906);
#1909=DIRECTION('',(1.E0,0.E0,0.E0));
#1910=VECTOR('',#1909,1.472E1);
#1911=CARTESIAN_POINT('',(3.29E0,1.75E0,-3.5E-1));
#1912=LINE('',#1911,#1910);
#1913=DIRECTION('',(-1.E0,0.E0,0.E0));
#1914=VECTOR('',#1913,1.472E1);
#1915=CARTESIAN_POINT('',(1.801E1,1.75E0,3.5E-1));
#1916=LINE('',#1915,#1914);
#1917=DIRECTION('',(0.E0,0.E0,-1.E0));
#1918=VECTOR('',#1917,2.065358983849E0);
#1919=CARTESIAN_POINT('',(-2.5E-1,0.E0,1.032679491924E0));
#1920=LINE('',#1919,#1918);
#1921=DIRECTION('',(0.E0,8.660254037844E-1,5.E-1));
#1922=VECTOR('',#1921,3.464101615138E-1);
#1923=CARTESIAN_POINT('',(-2.5E-1,0.E0,-1.032679491924E0));
#1924=LINE('',#1923,#1922);
#1925=DIRECTION('',(0.E0,0.E0,1.E0));
#1926=VECTOR('',#1925,5.094744111674E-1);
#1927=CARTESIAN_POINT('',(-2.5E-1,3.E-1,-8.594744111674E-1));
#1928=LINE('',#1927,#1926);
#1929=DIRECTION('',(0.E0,1.E0,0.E0));
#1930=VECTOR('',#1929,2.49E0);
#1931=CARTESIAN_POINT('',(-2.5E-1,3.E-1,-3.5E-1));
#1932=LINE('',#1931,#1930);
#1933=DIRECTION('',(0.E0,0.E0,1.E0));
#1934=VECTOR('',#1933,5.094744111674E-1);
#1935=CARTESIAN_POINT('',(-2.5E-1,3.E-1,3.5E-1));
#1936=LINE('',#1935,#1934);
#1937=DIRECTION('',(0.E0,-8.660254037844E-1,5.E-1));
#1938=VECTOR('',#1937,3.464101615138E-1);
#1939=CARTESIAN_POINT('',(-2.5E-1,3.E-1,8.594744111674E-1));
#1940=LINE('',#1939,#1938);
#1941=DIRECTION('',(0.E0,0.E0,1.E0));
#1942=VECTOR('',#1941,2.065358983849E0);
#1943=CARTESIAN_POINT('',(2.5E-1,0.E0,-1.032679491924E0));
#1944=LINE('',#1943,#1942);
#1945=DIRECTION('',(0.E0,8.660254037844E-1,-5.E-1));
#1946=VECTOR('',#1945,3.464101615138E-1);
#1947=CARTESIAN_POINT('',(2.5E-1,0.E0,1.032679491924E0));
#1948=LINE('',#1947,#1946);
#1949=DIRECTION('',(0.E0,0.E0,-1.E0));
#1950=VECTOR('',#1949,5.094744111674E-1);
#1951=CARTESIAN_POINT('',(2.5E-1,3.E-1,8.594744111674E-1));
#1952=LINE('',#1951,#1950);
#1953=DIRECTION('',(0.E0,1.E0,0.E0));
#1954=VECTOR('',#1953,2.49E0);
#1955=CARTESIAN_POINT('',(2.5E-1,3.E-1,3.5E-1));
#1956=LINE('',#1955,#1954);
#1957=DIRECTION('',(0.E0,0.E0,-1.E0));
#1958=VECTOR('',#1957,5.094744111674E-1);
#1959=CARTESIAN_POINT('',(2.5E-1,3.E-1,-3.5E-1));
#1960=LINE('',#1959,#1958);
#1961=DIRECTION('',(0.E0,-8.660254037844E-1,-5.E-1));
#1962=VECTOR('',#1961,3.464101615138E-1);
#1963=CARTESIAN_POINT('',(2.5E-1,3.E-1,-8.594744111674E-1));
#1964=LINE('',#1963,#1962);
#1965=CARTESIAN_POINT('',(1.25E0,2.79E0,3.5E-1));
#1966=DIRECTION('',(0.E0,0.E0,-1.E0));
#1967=DIRECTION('',(-1.E0,0.E0,0.E0));
#1968=AXIS2_PLACEMENT_3D('',#1965,#1966,#1967);
#1970=DIRECTION('',(-1.E0,0.E0,0.E0));
#1971=VECTOR('',#1970,1.168E1);
#1972=CARTESIAN_POINT('',(1.293E1,3.79E0,3.5E-1));
#1973=LINE('',#1972,#1971);
#1974=CARTESIAN_POINT('',(1.25E0,2.79E0,3.5E-1));
#1975=DIRECTION('',(0.E0,0.E0,1.E0));
#1976=DIRECTION('',(0.E0,1.E0,0.E0));
#1977=AXIS2_PLACEMENT_3D('',#1974,#1975,#1976);
#1979=DIRECTION('',(-1.E0,0.E0,0.E0));
#1980=VECTOR('',#1979,5.E-1);
#1981=CARTESIAN_POINT('',(2.5E-1,3.E-1,3.5E-1));
#1982=LINE('',#1981,#1980);
#1983=DIRECTION('',(0.E0,1.E0,0.E0));
#1984=VECTOR('',#1983,2.49E0);
#1985=CARTESIAN_POINT('',(-2.5E-1,3.E-1,3.5E-1));
#1986=LINE('',#1985,#1984);
#1987=DIRECTION('',(0.E0,0.E0,-1.E0));
#1988=VECTOR('',#1987,7.E-1);
#1989=CARTESIAN_POINT('',(-2.5E-1,2.79E0,3.5E-1));
#1990=LINE('',#1989,#1988);
#1991=DIRECTION('',(0.E0,0.E0,1.E0));
#1992=VECTOR('',#1991,7.E-1);
#1993=CARTESIAN_POINT('',(1.25E0,4.29E0,-3.5E-1));
#1994=LINE('',#1993,#1992);
#1995=CARTESIAN_POINT('',(1.25E0,2.79E0,-3.5E-1));
#1996=DIRECTION('',(0.E0,0.E0,1.E0));
#1997=DIRECTION('',(0.E0,1.E0,0.E0));
#1998=AXIS2_PLACEMENT_3D('',#1995,#1996,#1997);
#2000=DIRECTION('',(1.E0,0.E0,0.E0));
#2001=VECTOR('',#2000,5.E-1);
#2002=CARTESIAN_POINT('',(-2.5E-1,3.E-1,-3.5E-1));
#2003=LINE('',#2002,#2001);
#2004=DIRECTION('',(0.E0,1.E0,0.E0));
#2005=VECTOR('',#2004,2.49E0);
#2006=CARTESIAN_POINT('',(2.5E-1,3.E-1,-3.5E-1));
#2007=LINE('',#2006,#2005);
#2008=CARTESIAN_POINT('',(1.25E0,2.79E0,-3.5E-1));
#2009=DIRECTION('',(0.E0,0.E0,-1.E0));
#2010=DIRECTION('',(-1.E0,0.E0,0.E0));
#2011=AXIS2_PLACEMENT_3D('',#2008,#2009,#2010);
#2013=DIRECTION('',(0.E0,0.E0,1.E0));
#2014=VECTOR('',#2013,7.E-1);
#2015=CARTESIAN_POINT('',(2.5E-1,2.79E0,-3.5E-1));
#2016=LINE('',#2015,#2014);
#2017=DIRECTION('',(0.E0,0.E0,-1.E0));
#2018=VECTOR('',#2017,7.E-1);
#2019=CARTESIAN_POINT('',(1.25E0,3.79E0,3.5E-1));
#2020=LINE('',#2019,#2018);
#2021=DIRECTION('',(-1.E0,0.E0,0.E0));
#2022=VECTOR('',#2021,1.168E1);
#2023=CARTESIAN_POINT('',(1.293E1,3.79E0,-3.5E-1));
#2024=LINE('',#2023,#2022);
#2025=DIRECTION('',(0.E0,0.E0,-1.E0));
#2026=VECTOR('',#2025,7.E-1);
#2027=CARTESIAN_POINT('',(1.293E1,4.29E0,3.5E-1));
#2028=LINE('',#2027,#2026);
#2029=DIRECTION('',(0.E0,-1.E0,0.E0));
#2030=VECTOR('',#2029,5.E-1);
#2031=CARTESIAN_POINT('',(1.293E1,4.29E0,-3.5E-1));
#2032=LINE('',#2031,#2030);
#2033=DIRECTION('',(0.E0,0.E0,1.E0));
#2034=VECTOR('',#2033,7.E-1);
#2035=CARTESIAN_POINT('',(1.293E1,3.79E0,-3.5E-1));
#2036=LINE('',#2035,#2034);
#2037=DIRECTION('',(0.E0,1.E0,0.E0));
#2038=VECTOR('',#2037,5.E-1);
#2039=CARTESIAN_POINT('',(1.293E1,3.79E0,3.5E-1));
#2040=LINE('',#2039,#2038);
#2041=DIRECTION('',(1.E0,0.E0,0.E0));
#2042=VECTOR('',#2041,1.168E1);
#2043=CARTESIAN_POINT('',(1.25E0,4.29E0,-3.5E-1));
#2044=LINE('',#2043,#2042);
#2045=DIRECTION('',(-1.E0,0.E0,0.E0));
#2046=VECTOR('',#2045,1.168E1);
#2047=CARTESIAN_POINT('',(1.293E1,4.29E0,3.5E-1));
#2048=LINE('',#2047,#2046);
#2049=DIRECTION('',(0.E0,0.E0,-1.E0));
#2050=VECTOR('',#2049,2.065358983849E0);
#2051=CARTESIAN_POINT('',(-2.79E0,0.E0,1.032679491924E0));
#2052=LINE('',#2051,#2050);
#2053=DIRECTION('',(0.E0,8.660254037844E-1,5.E-1));
#2054=VECTOR('',#2053,3.464101615138E-1);
#2055=CARTESIAN_POINT('',(-2.79E0,0.E0,-1.032679491924E0));
#2056=LINE('',#2055,#2054);
#2057=DIRECTION('',(0.E0,0.E0,1.E0));
#2058=VECTOR('',#2057,5.094744111674E-1);
#2059=CARTESIAN_POINT('',(-2.79E0,3.E-1,-8.594744111674E-1));
#2060=LINE('',#2059,#2058);
#2061=DIRECTION('',(0.E0,1.E0,0.E0));
#2062=VECTOR('',#2061,4.53E0);
#2063=CARTESIAN_POINT('',(-2.79E0,3.E-1,-3.5E-1));
#2064=LINE('',#2063,#2062);
#2065=DIRECTION('',(0.E0,0.E0,1.E0));
#2066=VECTOR('',#2065,5.094744111674E-1);
#2067=CARTESIAN_POINT('',(-2.79E0,3.E-1,3.5E-1));
#2068=LINE('',#2067,#2066);
#2069=DIRECTION('',(0.E0,-8.660254037844E-1,5.E-1));
#2070=VECTOR('',#2069,3.464101615138E-1);
#2071=CARTESIAN_POINT('',(-2.79E0,3.E-1,8.594744111674E-1));
#2072=LINE('',#2071,#2070);
#2073=DIRECTION('',(0.E0,0.E0,1.E0));
#2074=VECTOR('',#2073,2.065358983849E0);
#2075=CARTESIAN_POINT('',(-2.29E0,0.E0,-1.032679491924E0));
#2076=LINE('',#2075,#2074);
#2077=DIRECTION('',(0.E0,8.660254037844E-1,-5.E-1));
#2078=VECTOR('',#2077,3.464101615138E-1);
#2079=CARTESIAN_POINT('',(-2.29E0,0.E0,1.032679491924E0));
#2080=LINE('',#2079,#2078);
#2081=DIRECTION('',(0.E0,0.E0,-1.E0));
#2082=VECTOR('',#2081,5.094744111674E-1);
#2083=CARTESIAN_POINT('',(-2.29E0,3.E-1,8.594744111674E-1));
#2084=LINE('',#2083,#2082);
#2085=DIRECTION('',(0.E0,1.E0,0.E0));
#2086=VECTOR('',#2085,4.53E0);
#2087=CARTESIAN_POINT('',(-2.29E0,3.E-1,3.5E-1));
#2088=LINE('',#2087,#2086);
#2089=DIRECTION('',(0.E0,0.E0,-1.E0));
#2090=VECTOR('',#2089,5.094744111674E-1);
#2091=CARTESIAN_POINT('',(-2.29E0,3.E-1,-3.5E-1));
#2092=LINE('',#2091,#2090);
#2093=DIRECTION('',(0.E0,-8.660254037844E-1,-5.E-1));
#2094=VECTOR('',#2093,3.464101615138E-1);
#2095=CARTESIAN_POINT('',(-2.29E0,3.E-1,-8.594744111674E-1));
#2096=LINE('',#2095,#2094);
#2097=CARTESIAN_POINT('',(-7.9E-1,4.83E0,3.5E-1));
#2098=DIRECTION('',(0.E0,0.E0,-1.E0));
#2099=DIRECTION('',(-1.E0,0.E0,0.E0));
#2100=AXIS2_PLACEMENT_3D('',#2097,#2098,#2099);
#2102=CARTESIAN_POINT('',(-7.9E-1,4.83E0,3.5E-1));
#2103=DIRECTION('',(0.E0,0.E0,1.E0));
#2104=DIRECTION('',(0.E0,1.E0,0.E0));
#2105=AXIS2_PLACEMENT_3D('',#2102,#2103,#2104);
#2107=DIRECTION('',(-1.E0,0.E0,0.E0));
#2108=VECTOR('',#2107,5.E-1);
#2109=CARTESIAN_POINT('',(-2.29E0,3.E-1,3.5E-1));
#2110=LINE('',#2109,#2108);
#2111=DIRECTION('',(0.E0,1.E0,0.E0));
#2112=VECTOR('',#2111,4.53E0);
#2113=CARTESIAN_POINT('',(-2.79E0,3.E-1,3.5E-1));
#2114=LINE('',#2113,#2112);
#2115=DIRECTION('',(0.E0,0.E0,-1.E0));
#2116=VECTOR('',#2115,7.E-1);
#2117=CARTESIAN_POINT('',(-2.79E0,4.83E0,3.5E-1));
#2118=LINE('',#2117,#2116);
#2119=DIRECTION('',(0.E0,0.E0,1.E0));
#2120=VECTOR('',#2119,7.E-1);
#2121=CARTESIAN_POINT('',(-7.9E-1,6.83E0,-3.5E-1));
#2122=LINE('',#2121,#2120);
#2123=CARTESIAN_POINT('',(-7.9E-1,4.83E0,-3.5E-1));
#2124=DIRECTION('',(0.E0,0.E0,1.E0));
#2125=DIRECTION('',(0.E0,1.E0,0.E0));
#2126=AXIS2_PLACEMENT_3D('',#2123,#2124,#2125);
#2128=DIRECTION('',(1.E0,0.E0,0.E0));
#2129=VECTOR('',#2128,5.E-1);
#2130=CARTESIAN_POINT('',(-2.79E0,3.E-1,-3.5E-1));
#2131=LINE('',#2130,#2129);
#2132=DIRECTION('',(0.E0,1.E0,0.E0));
#2133=VECTOR('',#2132,4.53E0);
#2134=CARTESIAN_POINT('',(-2.29E0,3.E-1,-3.5E-1));
#2135=LINE('',#2134,#2133);
#2136=CARTESIAN_POINT('',(-7.9E-1,4.83E0,-3.5E-1));
#2137=DIRECTION('',(0.E0,0.E0,-1.E0));
#2138=DIRECTION('',(-1.E0,0.E0,0.E0));
#2139=AXIS2_PLACEMENT_3D('',#2136,#2137,#2138);
#2141=DIRECTION('',(1.E0,0.E0,0.E0));
#2142=VECTOR('',#2141,8.64E0);
#2143=CARTESIAN_POINT('',(-7.9E-1,6.33E0,-3.5E-1));
#2144=LINE('',#2143,#2142);
#2145=DIRECTION('',(0.E0,0.E0,1.E0));
#2146=VECTOR('',#2145,7.E-1);
#2147=CARTESIAN_POINT('',(-2.29E0,4.83E0,-3.5E-1));
#2148=LINE('',#2147,#2146);
#2149=DIRECTION('',(0.E0,0.E0,-1.E0));
#2150=VECTOR('',#2149,7.E-1);
#2151=CARTESIAN_POINT('',(-7.9E-1,6.33E0,3.5E-1));
#2152=LINE('',#2151,#2150);
#2153=DIRECTION('',(1.E0,0.E0,0.E0));
#2154=VECTOR('',#2153,8.64E0);
#2155=CARTESIAN_POINT('',(-7.9E-1,6.33E0,3.5E-1));
#2156=LINE('',#2155,#2154);
#2157=DIRECTION('',(0.E0,0.E0,-1.E0));
#2158=VECTOR('',#2157,7.E-1);
#2159=CARTESIAN_POINT('',(7.85E0,6.83E0,3.5E-1));
#2160=LINE('',#2159,#2158);
#2161=DIRECTION('',(0.E0,-1.E0,0.E0));
#2162=VECTOR('',#2161,5.E-1);
#2163=CARTESIAN_POINT('',(7.85E0,6.83E0,-3.5E-1));
#2164=LINE('',#2163,#2162);
#2165=DIRECTION('',(0.E0,0.E0,1.E0));
#2166=VECTOR('',#2165,7.E-1);
#2167=CARTESIAN_POINT('',(7.85E0,6.33E0,-3.5E-1));
#2168=LINE('',#2167,#2166);
#2169=DIRECTION('',(0.E0,1.E0,0.E0));
#2170=VECTOR('',#2169,5.E-1);
#2171=CARTESIAN_POINT('',(7.85E0,6.33E0,3.5E-1));
#2172=LINE('',#2171,#2170);
#2173=DIRECTION('',(1.E0,0.E0,0.E0));
#2174=VECTOR('',#2173,8.64E0);
#2175=CARTESIAN_POINT('',(-7.9E-1,6.83E0,-3.5E-1));
#2176=LINE('',#2175,#2174);
#2177=DIRECTION('',(-1.E0,0.E0,0.E0));
#2178=VECTOR('',#2177,8.64E0);
#2179=CARTESIAN_POINT('',(7.85E0,6.83E0,3.5E-1));
#2180=LINE('',#2179,#2178);
#2181=CARTESIAN_POINT('',(2.29E0,0.E0,1.032679491924E0));
#2182=CARTESIAN_POINT('',(2.29E0,0.E0,-1.032679491924E0));
#2183=VERTEX_POINT('',#2181);
#2184=VERTEX_POINT('',#2182);
#2185=CARTESIAN_POINT('',(2.79E0,0.E0,1.032679491924E0));
#2186=CARTESIAN_POINT('',(2.79E0,0.E0,-1.032679491924E0));
#2187=VERTEX_POINT('',#2185);
#2188=VERTEX_POINT('',#2186);
#2189=CARTESIAN_POINT('',(-2.5E-1,0.E0,1.032679491924E0));
#2190=CARTESIAN_POINT('',(-2.5E-1,0.E0,-1.032679491924E0));
#2191=VERTEX_POINT('',#2189);
#2192=VERTEX_POINT('',#2190);
#2193=CARTESIAN_POINT('',(2.5E-1,0.E0,1.032679491924E0));
#2194=CARTESIAN_POINT('',(2.5E-1,0.E0,-1.032679491924E0));
#2195=VERTEX_POINT('',#2193);
#2196=VERTEX_POINT('',#2194);
#2197=CARTESIAN_POINT('',(-2.79E0,0.E0,1.032679491924E0));
#2198=CARTESIAN_POINT('',(-2.79E0,0.E0,-1.032679491924E0));
#2199=VERTEX_POINT('',#2197);
#2200=VERTEX_POINT('',#2198);
#2201=CARTESIAN_POINT('',(-2.29E0,0.E0,1.032679491924E0));
#2202=CARTESIAN_POINT('',(-2.29E0,0.E0,-1.032679491924E0));
#2203=VERTEX_POINT('',#2201);
#2204=VERTEX_POINT('',#2202);
#2205=CARTESIAN_POINT('',(-3.035857864376E0,4.199999999999E-1,-1.9E0));
#2206=CARTESIAN_POINT('',(-3.75E0,4.2E-1,-1.9E0));
#2207=VERTEX_POINT('',#2205);
#2208=VERTEX_POINT('',#2206);
#2209=VERTEX_POINT('',#484);
#2210=CARTESIAN_POINT('',(2.645986090584E0,4.199999999999E-1,-2.1E0));
#2211=VERTEX_POINT('',#2210);
#2212=VERTEX_POINT('',#397);
#2213=CARTESIAN_POINT('',(3.75E0,4.2E-1,-1.9E0));
#2214=VERTEX_POINT('',#2213);
#2215=CARTESIAN_POINT('',(3.75E0,4.2E-1,1.9E0));
#2216=VERTEX_POINT('',#2215);
#2217=CARTESIAN_POINT('',(3.035857864376E0,4.2E-1,1.9E0));
#2218=VERTEX_POINT('',#2217);
#2219=VERTEX_POINT('',#343);
#2220=CARTESIAN_POINT('',(-2.645986090584E0,4.200000000001E-1,2.1E0));
#2221=VERTEX_POINT('',#2220);
#2222=VERTEX_POINT('',#143);
#2223=CARTESIAN_POINT('',(-3.75E0,4.2E-1,1.9E0));
#2224=VERTEX_POINT('',#2223);
#2225=CARTESIAN_POINT('',(-3.76E0,1.12E0,-1.9E0));
#2226=CARTESIAN_POINT('',(-3.742928932187E0,1.127071067811E0,-1.9E0));
#2227=VERTEX_POINT('',#2225);
#2228=VERTEX_POINT('',#2226);
#2229=CARTESIAN_POINT('',(-3.760000000002E0,4.198332870112E-1,-1.9E0));
#2230=VERTEX_POINT('',#2229);
#2231=CARTESIAN_POINT('',(-4.05E0,1.12E0,-2.19E0));
#2232=VERTEX_POINT('',#2231);
#2233=CARTESIAN_POINT('',(-3.537867965282E0,1.332132033994E0,-2.19E0));
#2234=VERTEX_POINT('',#2233);
#2235=VERTEX_POINT('',#58);
#2236=CARTESIAN_POINT('',(-4.05E0,1.2E-1,2.19E0));
#2237=VERTEX_POINT('',#2236);
#2238=CARTESIAN_POINT('',(-3.76E0,4.198332870113E-1,1.9E0));
#2239=VERTEX_POINT('',#2238);
#2240=CARTESIAN_POINT('',(-4.049999998671E0,1.199999516440E-1,
2.210019322445E0));
#2241=VERTEX_POINT('',#2240);
#2242=CARTESIAN_POINT('',(-3.935576153274E0,-6.435235595419E0,
2.095619344027E0));
#2243=VERTEX_POINT('',#2242);
#2244=CARTESIAN_POINT('',(-3.935559934799E0,-6.435235245641E0,
-2.095619343860E0));
#2245=VERTEX_POINT('',#2244);
#2246=CARTESIAN_POINT('',(-4.049999999438E0,1.199999955776E-1,
-2.210019323142E0));
#2247=VERTEX_POINT('',#2246);
#2248=CARTESIAN_POINT('',(-4.049999999947E0,1.119999999645E0,2.210005521051E0));
#2249=CARTESIAN_POINT('',(-4.05E0,1.120000002291E0,2.19E0));
#2250=VERTEX_POINT('',#2248);
#2251=VERTEX_POINT('',#2249);
#2252=CARTESIAN_POINT('',(-3.537867965282E0,1.332132033994E0,2.19E0));
#2253=VERTEX_POINT('',#2252);
#2254=CARTESIAN_POINT('',(-3.537867962183E0,1.332132030870E0,2.209996790027E0));
#2255=VERTEX_POINT('',#2254);
#2256=CARTESIAN_POINT('',(-3.742928932187E0,1.127071067811E0,1.9E0));
#2257=CARTESIAN_POINT('',(-3.76E0,1.12E0,1.9E0));
#2258=VERTEX_POINT('',#2256);
#2259=VERTEX_POINT('',#2257);
#2260=VERTEX_POINT('',#161);
#2261=VERTEX_POINT('',#154);
#2262=VERTEX_POINT('',#177);
#2263=VERTEX_POINT('',#350);
#2264=VERTEX_POINT('',#195);
#2265=CARTESIAN_POINT('',(-2.426019196680E0,1.2E-1,2.4E0));
#2266=VERTEX_POINT('',#2265);
#2267=CARTESIAN_POINT('',(-3.742928927798E0,1.127071063422E0,2.5E0));
#2268=CARTESIAN_POINT('',(-2.735857864376E0,1.199999999999E-1,2.5E0));
#2269=VERTEX_POINT('',#2267);
#2270=VERTEX_POINT('',#2268);
#2271=CARTESIAN_POINT('',(-3.760019323142E0,1.199999955791E-1,
2.499999999438E0));
#2272=VERTEX_POINT('',#2271);
#2273=CARTESIAN_POINT('',(-3.760007361401E0,1.119981612024E0,2.499999999930E0));
#2274=VERTEX_POINT('',#2273);
#2275=CARTESIAN_POINT('',(2.735857864376E0,1.2E-1,2.5E0));
#2276=VERTEX_POINT('',#2275);
#2277=CARTESIAN_POINT('',(3.760019322445E0,1.199999516432E-1,2.499999998671E0));
#2278=VERTEX_POINT('',#2277);
#2279=CARTESIAN_POINT('',(3.645619344027E0,-6.435235595419E0,2.385576153276E0));
#2280=VERTEX_POINT('',#2279);
#2281=CARTESIAN_POINT('',(-3.645619343860E0,-6.435235245641E0,
2.385559934821E0));
#2282=VERTEX_POINT('',#2281);
#2283=CARTESIAN_POINT('',(3.742928932188E0,1.127071067812E0,2.5E0));
#2284=VERTEX_POINT('',#2283);
#2285=CARTESIAN_POINT('',(3.537867965405E0,1.332132034092E0,2.209996790027E0));
#2286=VERTEX_POINT('',#2285);
#2287=VERTEX_POINT('',#285);
#2288=CARTESIAN_POINT('',(4.05E0,1.12E0,2.21E0));
#2289=VERTEX_POINT('',#2288);
#2290=CARTESIAN_POINT('',(4.05E0,1.12E0,2.19E0));
#2291=CARTESIAN_POINT('',(3.537867965142E0,1.332132033854E0,2.19E0));
#2292=VERTEX_POINT('',#2290);
#2293=VERTEX_POINT('',#2291);
#2294=CARTESIAN_POINT('',(3.76E0,1.12E0,1.9E0));
#2295=CARTESIAN_POINT('',(3.742928932188E0,1.127071067811E0,1.9E0));
#2296=VERTEX_POINT('',#2294);
#2297=VERTEX_POINT('',#2295);
#2298=CARTESIAN_POINT('',(3.760000000002E0,4.198332870112E-1,1.9E0));
#2299=VERTEX_POINT('',#2298);
#2300=CARTESIAN_POINT('',(3.76E0,4.198332870113E-1,-1.9E0));
#2301=VERTEX_POINT('',#2300);
#2302=VERTEX_POINT('',#369);
#2303=CARTESIAN_POINT('',(4.05E0,1.2E-1,2.19E0));
#2304=VERTEX_POINT('',#2303);
#2305=CARTESIAN_POINT('',(3.742928932188E0,1.127071067811E0,-1.9E0));
#2306=VERTEX_POINT('',#2305);
#2307=CARTESIAN_POINT('',(3.76E0,1.12E0,-1.9E0));
#2308=VERTEX_POINT('',#2307);
#2309=VERTEX_POINT('',#455);
#2310=CARTESIAN_POINT('',(3.537867965408E0,1.332132034090E0,-2.190003468116E0));
#2311=VERTEX_POINT('',#2310);
#2312=VERTEX_POINT('',#473);
#2313=VERTEX_POINT('',#478);
#2314=VERTEX_POINT('',#424);
#2315=CARTESIAN_POINT('',(2.426019196680E0,1.2E-1,-2.4E0));
#2316=VERTEX_POINT('',#2315);
#2317=VERTEX_POINT('',#446);
#2318=CARTESIAN_POINT('',(-3.537867965476E0,1.332132034163E0,
-2.209996817536E0));
#2319=VERTEX_POINT('',#2318);
#2320=CARTESIAN_POINT('',(-4.049999999947E0,1.120000002291E0,
-2.210005521050E0));
#2321=VERTEX_POINT('',#2320);
#2322=CARTESIAN_POINT('',(-3.760019322445E0,1.199999516477E-1,
-2.499999998671E0));
#2323=CARTESIAN_POINT('',(-3.760007361401E0,1.119981618576E0,
-2.499999999930E0));
#2324=VERTEX_POINT('',#2322);
#2325=VERTEX_POINT('',#2323);
#2326=CARTESIAN_POINT('',(-2.735857864376E0,1.199999999999E-1,-2.5E0));
#2327=CARTESIAN_POINT('',(-3.742928932188E0,1.127071067812E0,-2.5E0));
#2328=VERTEX_POINT('',#2326);
#2329=VERTEX_POINT('',#2327);
#2330=CARTESIAN_POINT('',(2.735857864376E0,1.2E-1,-2.5E0));
#2331=VERTEX_POINT('',#2330);
#2332=CARTESIAN_POINT('',(-3.645619344027E0,-6.435235595419E0,
-2.385576153273E0));
#2333=VERTEX_POINT('',#2332);
#2334=CARTESIAN_POINT('',(3.645619343860E0,-6.435235245641E0,
-2.385559934807E0));
#2335=VERTEX_POINT('',#2334);
#2336=CARTESIAN_POINT('',(3.760019323142E0,1.199999955791E-1,
-2.499999999438E0));
#2337=VERTEX_POINT('',#2336);
#2338=VERTEX_POINT('',#630);
#2339=CARTESIAN_POINT('',(-1.868201167492E0,-6.73E0,-2.085623626307E0));
#2340=VERTEX_POINT('',#2339);
#2341=VERTEX_POINT('',#598);
#2342=CARTESIAN_POINT('',(1.442221498391E0,-6.685522706632E0,
-2.242811877762E0));
#2343=VERTEX_POINT('',#2342);
#2344=VERTEX_POINT('',#609);
#2345=CARTESIAN_POINT('',(3.635623626307E0,-6.73E0,-2.085623626307E0));
#2346=VERTEX_POINT('',#2345);
#2347=CARTESIAN_POINT('',(-3.75E0,-6.73E0,2.475E0));
#2348=CARTESIAN_POINT('',(3.75E0,-6.73E0,2.475E0));
#2349=VERTEX_POINT('',#2347);
#2350=VERTEX_POINT('',#2348);
#2351=CARTESIAN_POINT('',(-3.75E0,-6.73E0,-2.475E0));
#2352=VERTEX_POINT('',#2351);
#2353=CARTESIAN_POINT('',(3.75E0,-6.73E0,-2.475E0));
#2354=VERTEX_POINT('',#2353);
#2355=CARTESIAN_POINT('',(3.75E0,-6.73E0,-2.25E0));
#2356=VERTEX_POINT('',#2355);
#2357=CARTESIAN_POINT('',(4.1E0,-6.73E0,-2.25E0));
#2358=VERTEX_POINT('',#2357);
#2359=CARTESIAN_POINT('',(4.1E0,-6.73E0,2.25E0));
#2360=VERTEX_POINT('',#2359);
#2361=CARTESIAN_POINT('',(3.75E0,-6.73E0,2.25E0));
#2362=VERTEX_POINT('',#2361);
#2363=CARTESIAN_POINT('',(-3.635623626307E0,-6.73E0,2.085623626307E0));
#2364=VERTEX_POINT('',#2363);
#2365=CARTESIAN_POINT('',(-1.868198136741E0,-6.73E0,2.085623626307E0));
#2366=VERTEX_POINT('',#2365);
#2367=CARTESIAN_POINT('',(3.635623626307E0,-6.73E0,2.085623626307E0));
#2368=CARTESIAN_POINT('',(1.868201167492E0,-6.73E0,2.085623626307E0));
#2369=VERTEX_POINT('',#2367);
#2370=VERTEX_POINT('',#2368);
#2371=CARTESIAN_POINT('',(3.75E0,-7.113218516866E0,2.475E0));
#2372=CARTESIAN_POINT('',(-3.75E0,-7.113218516866E0,2.475E0));
#2373=VERTEX_POINT('',#2371);
#2374=VERTEX_POINT('',#2372);
#2375=CARTESIAN_POINT('',(3.75E0,-7.13E0,2.472641516353E0));
#2376=VERTEX_POINT('',#2375);
#2377=CARTESIAN_POINT('',(1.605920361636E0,-7.13E0,2.472641516353E0));
#2378=VERTEX_POINT('',#2377);
#2379=VERTEX_POINT('',#1002);
#2380=CARTESIAN_POINT('',(-1.576507383250E0,-7.83E0,2.374262932061E0));
#2381=VERTEX_POINT('',#2380);
#2382=VERTEX_POINT('',#974);
#2383=CARTESIAN_POINT('',(-3.75E0,-7.13E0,2.472641516353E0));
#2384=VERTEX_POINT('',#2383);
#2385=CARTESIAN_POINT('',(3.75E0,-7.13E0,2.25E0));
#2386=VERTEX_POINT('',#2385);
#2387=CARTESIAN_POINT('',(4.5E0,-6.73E0,2.25E0));
#2388=CARTESIAN_POINT('',(4.1E0,-7.13E0,2.25E0));
#2389=VERTEX_POINT('',#2387);
#2390=VERTEX_POINT('',#2388);
#2391=CARTESIAN_POINT('',(4.1E0,-2.3E-1,2.25E0));
#2392=VERTEX_POINT('',#2391);
#2393=CARTESIAN_POINT('',(4.5E0,-2.3E-1,2.25E0));
#2394=VERTEX_POINT('',#2393);
#2395=CARTESIAN_POINT('',(4.5E0,-6.73E0,-2.25E0));
#2396=VERTEX_POINT('',#2395);
#2397=CARTESIAN_POINT('',(4.1E0,-7.13E0,-2.25E0));
#2398=VERTEX_POINT('',#2397);
#2399=CARTESIAN_POINT('',(4.5E0,-3.83E0,3.5E-1));
#2400=CARTESIAN_POINT('',(4.5E0,-3.83E0,-3.5E-1));
#2401=VERTEX_POINT('',#2399);
#2402=VERTEX_POINT('',#2400);
#2403=CARTESIAN_POINT('',(4.5E0,-3.83E0,-9.5E-1));
#2404=VERTEX_POINT('',#2403);
#2405=CARTESIAN_POINT('',(4.5E0,-2.3E-1,-9.5E-1));
#2406=VERTEX_POINT('',#2405);
#2407=CARTESIAN_POINT('',(4.5E0,-2.3E-1,-2.25E0));
#2408=VERTEX_POINT('',#2407);
#2409=CARTESIAN_POINT('',(4.5E0,-2.3E-1,9.5E-1));
#2410=VERTEX_POINT('',#2409);
#2411=CARTESIAN_POINT('',(4.5E0,-3.83E0,9.5E-1));
#2412=VERTEX_POINT('',#2411);
#2413=CARTESIAN_POINT('',(4.5E0,-5.73E0,3.E-1));
#2414=CARTESIAN_POINT('',(4.5E0,-5.73E0,-3.E-1));
#2415=VERTEX_POINT('',#2413);
#2416=VERTEX_POINT('',#2414);
#2417=CARTESIAN_POINT('',(4.5E0,-1.23E0,-1.954748083124E0));
#2418=CARTESIAN_POINT('',(4.5E0,-1.23E0,-1.245251916876E0));
#2419=VERTEX_POINT('',#2417);
#2420=VERTEX_POINT('',#2418);
#2421=CARTESIAN_POINT('',(4.5E0,-1.23E0,1.245251916876E0));
#2422=CARTESIAN_POINT('',(4.5E0,-1.23E0,1.954748083124E0));
#2423=VERTEX_POINT('',#2421);
#2424=VERTEX_POINT('',#2422);
#2425=CARTESIAN_POINT('',(5.220204102887E0,-3.83E0,3.5E-1));
#2426=VERTEX_POINT('',#2425);
#2427=CARTESIAN_POINT('',(5.220204102887E0,-3.83E0,-3.5E-1));
#2428=VERTEX_POINT('',#2427);
#2429=CARTESIAN_POINT('',(7.25E0,-3.83E0,3.5E-1));
#2430=CARTESIAN_POINT('',(7.25E0,-3.43E0,3.5E-1));
#2431=VERTEX_POINT('',#2429);
#2432=VERTEX_POINT('',#2430);
#2433=CARTESIAN_POINT('',(7.179795897113E0,-3.83E0,3.5E-1));
#2434=VERTEX_POINT('',#2433);
#2435=CARTESIAN_POINT('',(6.823506479992E0,-4.048181818159E0,3.5E-1));
#2436=VERTEX_POINT('',#2435);
#2437=CARTESIAN_POINT('',(5.576493520008E0,-4.048181818162E0,3.5E-1));
#2438=VERTEX_POINT('',#2437);
#2439=CARTESIAN_POINT('',(4.1E0,-3.83E0,3.5E-1));
#2440=VERTEX_POINT('',#2439);
#2441=CARTESIAN_POINT('',(4.5E0,-3.43E0,3.5E-1));
#2442=VERTEX_POINT('',#2441);
#2443=CARTESIAN_POINT('',(5.220204102887E0,-3.43E0,3.5E-1));
#2444=VERTEX_POINT('',#2443);
#2445=CARTESIAN_POINT('',(5.932782937159E0,-3.866363636378E0,3.5E-1));
#2446=VERTEX_POINT('',#2445);
#2447=CARTESIAN_POINT('',(6.467217062843E0,-3.866363636376E0,3.5E-1));
#2448=VERTEX_POINT('',#2447);
#2449=CARTESIAN_POINT('',(7.179795897113E0,-3.43E0,3.5E-1));
#2450=VERTEX_POINT('',#2449);
#2451=CARTESIAN_POINT('',(7.25E0,-3.43E0,-3.5E-1));
#2452=VERTEX_POINT('',#2451);
#2453=CARTESIAN_POINT('',(7.25E0,-3.83E0,-3.5E-1));
#2454=VERTEX_POINT('',#2453);
#2455=CARTESIAN_POINT('',(7.179795897113E0,-3.43E0,-3.5E-1));
#2456=VERTEX_POINT('',#2455);
#2457=CARTESIAN_POINT('',(6.467217062843E0,-3.866363636375E0,-3.5E-1));
#2458=VERTEX_POINT('',#2457);
#2459=CARTESIAN_POINT('',(5.932782937158E0,-3.866363636378E0,-3.5E-1));
#2460=VERTEX_POINT('',#2459);
#2461=CARTESIAN_POINT('',(5.220204102887E0,-3.43E0,-3.5E-1));
#2462=VERTEX_POINT('',#2461);
#2463=CARTESIAN_POINT('',(4.5E0,-3.43E0,-3.5E-1));
#2464=VERTEX_POINT('',#2463);
#2465=CARTESIAN_POINT('',(4.1E0,-3.83E0,-3.5E-1));
#2466=VERTEX_POINT('',#2465);
#2467=CARTESIAN_POINT('',(5.576493520009E0,-4.048181818162E0,-3.5E-1));
#2468=VERTEX_POINT('',#2467);
#2469=CARTESIAN_POINT('',(6.823506479993E0,-4.048181818159E0,-3.5E-1));
#2470=VERTEX_POINT('',#2469);
#2471=CARTESIAN_POINT('',(7.179795897113E0,-3.83E0,-3.5E-1));
#2472=VERTEX_POINT('',#2471);
#2473=CARTESIAN_POINT('',(4.1E0,-3.83E0,9.5E-1));
#2474=VERTEX_POINT('',#2473);
#2475=CARTESIAN_POINT('',(4.1E0,-2.3E-1,9.5E-1));
#2476=VERTEX_POINT('',#2475);
#2477=CARTESIAN_POINT('',(4.1E0,-2.3E-1,-2.25E0));
#2478=VERTEX_POINT('',#2477);
#2479=CARTESIAN_POINT('',(4.1E0,-2.3E-1,-9.5E-1));
#2480=VERTEX_POINT('',#2479);
#2481=CARTESIAN_POINT('',(4.1E0,-3.83E0,-9.5E-1));
#2482=VERTEX_POINT('',#2481);
#2483=CARTESIAN_POINT('',(3.75E0,-7.13E0,-2.25E0));
#2484=VERTEX_POINT('',#2483);
#2485=CARTESIAN_POINT('',(3.75E0,-7.113218516866E0,-2.475E0));
#2486=VERTEX_POINT('',#2485);
#2487=CARTESIAN_POINT('',(3.75E0,-7.13E0,-2.472641516353E0));
#2488=VERTEX_POINT('',#2487);
#2489=CARTESIAN_POINT('',(-3.75E0,-7.113218516866E0,-2.475E0));
#2490=VERTEX_POINT('',#2489);
#2491=CARTESIAN_POINT('',(-3.75E0,-7.13E0,-2.472641516353E0));
#2492=VERTEX_POINT('',#2491);
#2493=CARTESIAN_POINT('',(-1.605920361637E0,-7.13E0,-2.472641516353E0));
#2494=VERTEX_POINT('',#2493);
#2495=CARTESIAN_POINT('',(-1.576507383250E0,-7.83E0,-2.374262932061E0));
#2496=VERTEX_POINT('',#2495);
#2497=CARTESIAN_POINT('',(1.576507383250E0,-7.83E0,-2.374262932061E0));
#2498=VERTEX_POINT('',#2497);
#2499=CARTESIAN_POINT('',(-1.356465996625E0,-7.83E0,2.1E0));
#2500=CARTESIAN_POINT('',(-2.5E0,-7.83E0,0.E0));
#2501=VERTEX_POINT('',#2499);
#2502=VERTEX_POINT('',#2500);
#2503=CARTESIAN_POINT('',(-1.356465996625E0,-7.83E0,-2.1E0));
#2504=VERTEX_POINT('',#2503);
#2505=CARTESIAN_POINT('',(1.356465996625E0,-7.83E0,-2.1E0));
#2506=VERTEX_POINT('',#2505);
#2507=CARTESIAN_POINT('',(2.5E0,-7.83E0,0.E0));
#2508=VERTEX_POINT('',#2507);
#2509=CARTESIAN_POINT('',(1.356465996625E0,-7.83E0,2.1E0));
#2510=VERTEX_POINT('',#2509);
#2511=CARTESIAN_POINT('',(1.605920361637E0,-7.13E0,-2.472641516353E0));
#2512=VERTEX_POINT('',#2511);
#2513=CARTESIAN_POINT('',(-1.356465209951E0,-8.73E0,2.100000221583E0));
#2514=VERTEX_POINT('',#2513);
#2515=CARTESIAN_POINT('',(-2.5E0,-8.73E0,0.E0));
#2516=VERTEX_POINT('',#2515);
#2517=CARTESIAN_POINT('',(-1.356465996625E0,-8.73E0,-2.1E0));
#2518=VERTEX_POINT('',#2517);
#2519=CARTESIAN_POINT('',(1.356465209944E0,-8.73E0,2.100000221586E0));
#2520=VERTEX_POINT('',#2519);
#2521=CARTESIAN_POINT('',(0.E0,-8.73E0,2.1E0));
#2522=VERTEX_POINT('',#2521);
#2523=CARTESIAN_POINT('',(1.356465209952E0,-8.73E0,-2.100000221583E0));
#2524=VERTEX_POINT('',#2523);
#2525=CARTESIAN_POINT('',(2.5E0,-8.73E0,0.E0));
#2526=VERTEX_POINT('',#2525);
#2527=CARTESIAN_POINT('',(0.E0,-8.73E0,-2.1E0));
#2528=VERTEX_POINT('',#2527);
#2529=CARTESIAN_POINT('',(2.891366458960E-1,-8.75E0,-2.08E0));
#2530=CARTESIAN_POINT('',(-2.891366458960E-1,-8.75E0,-2.08E0));
#2531=VERTEX_POINT('',#2529);
#2532=VERTEX_POINT('',#2530);
#2533=VERTEX_POINT('',#1155);
#2534=CARTESIAN_POINT('',(1.296147936549E0,-8.93E0,-1.900000059362E0));
#2535=VERTEX_POINT('',#2534);
#2536=VERTEX_POINT('',#1175);
#2537=CARTESIAN_POINT('',(-2.3E0,-8.93E0,0.E0));
#2538=VERTEX_POINT('',#2537);
#2539=CARTESIAN_POINT('',(-2.891366458960E-1,-8.75E0,2.08E0));
#2540=CARTESIAN_POINT('',(2.891366458960E-1,-8.75E0,2.08E0));
#2541=VERTEX_POINT('',#2539);
#2542=VERTEX_POINT('',#2540);
#2543=VERTEX_POINT('',#1216);
#2544=CARTESIAN_POINT('',(2.3E0,-8.93E0,0.E0));
#2545=VERTEX_POINT('',#2544);
#2546=CARTESIAN_POINT('',(1.296148296537E0,-1.258000011302E1,1.900000322262E0));
#2547=CARTESIAN_POINT('',(2.299999963271E0,-1.258000011302E1,0.E0));
#2548=VERTEX_POINT('',#2546);
#2549=VERTEX_POINT('',#2547);
#2550=CARTESIAN_POINT('',(1.296148033006E0,-1.258000011302E1,
-1.899999843625E0));
#2551=VERTEX_POINT('',#2550);
#2552=CARTESIAN_POINT('',(1.232883532484E0,-1.278E1,1.700000023933E0));
#2553=CARTESIAN_POINT('',(1.232882668352E0,-1.278E1,-1.699999992210E0));
#2554=VERTEX_POINT('',#2552);
#2555=VERTEX_POINT('',#2553);
#2556=CARTESIAN_POINT('',(-1.232882680713E0,-1.278000002043E1,
-1.700000249421E0));
#2557=VERTEX_POINT('',#2556);
#2558=CARTESIAN_POINT('',(-1.232882668352E0,-1.278E1,1.699999992210E0));
#2559=VERTEX_POINT('',#2558);
#2560=CARTESIAN_POINT('',(-1.296147113836E0,-1.258000009019E1,
-1.900000383551E0));
#2561=VERTEX_POINT('',#2560);
#2562=CARTESIAN_POINT('',(-2.299999963271E0,-1.258000011302E1,0.E0));
#2563=VERTEX_POINT('',#2562);
#2564=CARTESIAN_POINT('',(-1.296148033006E0,-1.258000011302E1,
1.899999843625E0));
#2565=VERTEX_POINT('',#2564);
#2566=CARTESIAN_POINT('',(6.001383055900E-1,-1.084484545071E1,0.E0));
#2567=CARTESIAN_POINT('',(-1.062712615658E0,-1.049139557631E1,0.E0));
#2568=VERTEX_POINT('',#2566);
#2569=VERTEX_POINT('',#2567);
#2570=CARTESIAN_POINT('',(-3.713596585416E-1,-1.709879104471E1,0.E0));
#2571=VERTEX_POINT('',#2570);
#2572=CARTESIAN_POINT('',(-2.718913900303E0,-1.659980298675E1,0.E0));
#2573=VERTEX_POINT('',#2572);
#2574=CARTESIAN_POINT('',(-1.808831710115E0,-1.808988412638E1,0.E0));
#2575=VERTEX_POINT('',#2574);
#2576=CARTESIAN_POINT('',(4.6E0,-5.73E0,0.E0));
#2577=VERTEX_POINT('',#2576);
#2578=CARTESIAN_POINT('',(4.6E0,-1.23E0,-1.6E0));
#2579=VERTEX_POINT('',#2578);
#2580=CARTESIAN_POINT('',(4.6E0,-1.23E0,1.6E0));
#2581=VERTEX_POINT('',#2580);
#2582=VERTEX_POINT('',#1529);
#2583=CARTESIAN_POINT('',(-1.442221498391E0,-6.685522706632E0,
2.242811877762E0));
#2584=VERTEX_POINT('',#2583);
#2585=CARTESIAN_POINT('',(3.935577939048E0,-6.435235469634E0,2.095611065251E0));
#2586=VERTEX_POINT('',#2585);
#2587=VERTEX_POINT('',#1590);
#2588=CARTESIAN_POINT('',(4.049999998671E0,1.199999516440E-1,
-2.210019322445E0));
#2589=VERTEX_POINT('',#2588);
#2590=CARTESIAN_POINT('',(3.935576153273E0,-6.435235595419E0,
-2.095619344027E0));
#2591=VERTEX_POINT('',#2590);
#2592=CARTESIAN_POINT('',(4.049999999947E0,1.119999999872E0,-2.210005521050E0));
#2593=CARTESIAN_POINT('',(4.05E0,1.119999995216E0,-2.19E0));
#2594=VERTEX_POINT('',#2592);
#2595=VERTEX_POINT('',#2593);
#2596=CARTESIAN_POINT('',(3.537867967276E0,1.332132035964E0,-2.209996817536E0));
#2597=VERTEX_POINT('',#2596);
#2598=CARTESIAN_POINT('',(3.742928934682E0,1.127071070306E0,-2.5E0));
#2599=VERTEX_POINT('',#2598);
#2600=CARTESIAN_POINT('',(3.760007361401E0,1.119981612024E0,-2.499999999930E0));
#2601=VERTEX_POINT('',#2600);
#2602=CARTESIAN_POINT('',(2.29E0,3.E-1,-8.594744111674E-1));
#2603=VERTEX_POINT('',#2602);
#2604=CARTESIAN_POINT('',(2.29E0,3.E-1,-3.5E-1));
#2605=VERTEX_POINT('',#2604);
#2606=CARTESIAN_POINT('',(2.29E0,7.5E-1,-3.5E-1));
#2607=VERTEX_POINT('',#2606);
#2608=CARTESIAN_POINT('',(2.29E0,7.5E-1,3.5E-1));
#2609=VERTEX_POINT('',#2608);
#2610=CARTESIAN_POINT('',(2.29E0,3.E-1,3.5E-1));
#2611=VERTEX_POINT('',#2610);
#2612=CARTESIAN_POINT('',(2.29E0,3.E-1,8.594744111674E-1));
#2613=VERTEX_POINT('',#2612);
#2614=CARTESIAN_POINT('',(2.79E0,3.E-1,-8.594744111674E-1));
#2615=VERTEX_POINT('',#2614);
#2616=CARTESIAN_POINT('',(2.79E0,3.E-1,8.594744111674E-1));
#2617=VERTEX_POINT('',#2616);
#2618=CARTESIAN_POINT('',(2.79E0,3.E-1,3.5E-1));
#2619=VERTEX_POINT('',#2618);
#2620=CARTESIAN_POINT('',(2.79E0,7.5E-1,3.5E-1));
#2621=VERTEX_POINT('',#2620);
#2622=CARTESIAN_POINT('',(2.79E0,7.5E-1,-3.5E-1));
#2623=VERTEX_POINT('',#2622);
#2624=CARTESIAN_POINT('',(2.79E0,3.E-1,-3.5E-1));
#2625=VERTEX_POINT('',#2624);
#2626=CARTESIAN_POINT('',(3.29E0,1.75E0,3.5E-1));
#2627=VERTEX_POINT('',#2626);
#2628=CARTESIAN_POINT('',(1.801E1,1.75E0,3.5E-1));
#2629=VERTEX_POINT('',#2628);
#2630=CARTESIAN_POINT('',(1.801E1,1.25E0,3.5E-1));
#2631=VERTEX_POINT('',#2630);
#2632=CARTESIAN_POINT('',(3.29E0,1.25E0,3.5E-1));
#2633=VERTEX_POINT('',#2632);
#2634=CARTESIAN_POINT('',(3.29E0,1.75E0,-3.5E-1));
#2635=VERTEX_POINT('',#2634);
#2636=CARTESIAN_POINT('',(3.29E0,1.25E0,-3.5E-1));
#2637=VERTEX_POINT('',#2636);
#2638=CARTESIAN_POINT('',(1.801E1,1.25E0,-3.5E-1));
#2639=VERTEX_POINT('',#2638);
#2640=CARTESIAN_POINT('',(1.801E1,1.75E0,-3.5E-1));
#2641=VERTEX_POINT('',#2640);
#2642=CARTESIAN_POINT('',(-2.5E-1,3.E-1,-8.594744111674E-1));
#2643=VERTEX_POINT('',#2642);
#2644=CARTESIAN_POINT('',(-2.5E-1,3.E-1,-3.5E-1));
#2645=VERTEX_POINT('',#2644);
#2646=CARTESIAN_POINT('',(-2.5E-1,2.79E0,-3.5E-1));
#2647=VERTEX_POINT('',#2646);
#2648=CARTESIAN_POINT('',(-2.5E-1,2.79E0,3.5E-1));
#2649=VERTEX_POINT('',#2648);
#2650=CARTESIAN_POINT('',(-2.5E-1,3.E-1,3.5E-1));
#2651=VERTEX_POINT('',#2650);
#2652=CARTESIAN_POINT('',(-2.5E-1,3.E-1,8.594744111674E-1));
#2653=VERTEX_POINT('',#2652);
#2654=CARTESIAN_POINT('',(2.5E-1,3.E-1,-8.594744111674E-1));
#2655=VERTEX_POINT('',#2654);
#2656=CARTESIAN_POINT('',(2.5E-1,3.E-1,8.594744111674E-1));
#2657=VERTEX_POINT('',#2656);
#2658=CARTESIAN_POINT('',(2.5E-1,3.E-1,3.5E-1));
#2659=VERTEX_POINT('',#2658);
#2660=CARTESIAN_POINT('',(2.5E-1,2.79E0,3.5E-1));
#2661=VERTEX_POINT('',#2660);
#2662=CARTESIAN_POINT('',(2.5E-1,2.79E0,-3.5E-1));
#2663=VERTEX_POINT('',#2662);
#2664=CARTESIAN_POINT('',(2.5E-1,3.E-1,-3.5E-1));
#2665=VERTEX_POINT('',#2664);
#2666=CARTESIAN_POINT('',(1.25E0,4.29E0,3.5E-1));
#2667=VERTEX_POINT('',#2666);
#2668=CARTESIAN_POINT('',(1.293E1,4.29E0,3.5E-1));
#2669=VERTEX_POINT('',#2668);
#2670=CARTESIAN_POINT('',(1.293E1,3.79E0,3.5E-1));
#2671=VERTEX_POINT('',#2670);
#2672=CARTESIAN_POINT('',(1.25E0,3.79E0,3.5E-1));
#2673=VERTEX_POINT('',#2672);
#2674=CARTESIAN_POINT('',(1.25E0,4.29E0,-3.5E-1));
#2675=VERTEX_POINT('',#2674);
#2676=CARTESIAN_POINT('',(1.25E0,3.79E0,-3.5E-1));
#2677=VERTEX_POINT('',#2676);
#2678=CARTESIAN_POINT('',(1.293E1,3.79E0,-3.5E-1));
#2679=VERTEX_POINT('',#2678);
#2680=CARTESIAN_POINT('',(1.293E1,4.29E0,-3.5E-1));
#2681=VERTEX_POINT('',#2680);
#2682=CARTESIAN_POINT('',(-2.79E0,3.E-1,-8.594744111674E-1));
#2683=VERTEX_POINT('',#2682);
#2684=CARTESIAN_POINT('',(-2.79E0,3.E-1,-3.5E-1));
#2685=VERTEX_POINT('',#2684);
#2686=CARTESIAN_POINT('',(-2.79E0,4.83E0,-3.5E-1));
#2687=VERTEX_POINT('',#2686);
#2688=CARTESIAN_POINT('',(-2.79E0,4.83E0,3.5E-1));
#2689=VERTEX_POINT('',#2688);
#2690=CARTESIAN_POINT('',(-2.79E0,3.E-1,3.5E-1));
#2691=VERTEX_POINT('',#2690);
#2692=CARTESIAN_POINT('',(-2.79E0,3.E-1,8.594744111674E-1));
#2693=VERTEX_POINT('',#2692);
#2694=CARTESIAN_POINT('',(-2.29E0,3.E-1,-8.594744111674E-1));
#2695=VERTEX_POINT('',#2694);
#2696=CARTESIAN_POINT('',(-2.29E0,3.E-1,8.594744111674E-1));
#2697=VERTEX_POINT('',#2696);
#2698=CARTESIAN_POINT('',(-2.29E0,3.E-1,3.5E-1));
#2699=VERTEX_POINT('',#2698);
#2700=CARTESIAN_POINT('',(-2.29E0,4.83E0,3.5E-1));
#2701=VERTEX_POINT('',#2700);
#2702=CARTESIAN_POINT('',(-2.29E0,4.83E0,-3.5E-1));
#2703=VERTEX_POINT('',#2702);
#2704=CARTESIAN_POINT('',(-2.29E0,3.E-1,-3.5E-1));
#2705=VERTEX_POINT('',#2704);
#2706=CARTESIAN_POINT('',(-7.9E-1,6.83E0,3.5E-1));
#2707=VERTEX_POINT('',#2706);
#2708=CARTESIAN_POINT('',(7.85E0,6.83E0,3.5E-1));
#2709=VERTEX_POINT('',#2708);
#2710=CARTESIAN_POINT('',(7.85E0,6.33E0,3.5E-1));
#2711=VERTEX_POINT('',#2710);
#2712=CARTESIAN_POINT('',(-7.9E-1,6.33E0,3.5E-1));
#2713=VERTEX_POINT('',#2712);
#2714=CARTESIAN_POINT('',(-7.9E-1,6.83E0,-3.5E-1));
#2715=VERTEX_POINT('',#2714);
#2716=CARTESIAN_POINT('',(-7.9E-1,6.33E0,-3.5E-1));
#2717=VERTEX_POINT('',#2716);
#2718=CARTESIAN_POINT('',(7.85E0,6.33E0,-3.5E-1));
#2719=VERTEX_POINT('',#2718);
#2720=CARTESIAN_POINT('',(7.85E0,6.83E0,-3.5E-1));
#2721=VERTEX_POINT('',#2720);
#2722=CARTESIAN_POINT('',(0.E0,4.2E-1,0.E0));
#2723=DIRECTION('',(0.E0,-1.E0,0.E0));
#2724=DIRECTION('',(1.E0,0.E0,0.E0));
#2725=AXIS2_PLACEMENT_3D('',#2722,#2723,#2724);
#2726=PLANE('',#2725);
#2728=ORIENTED_EDGE('',*,*,#2727,.F.);
#2730=ORIENTED_EDGE('',*,*,#2729,.F.);
#2732=ORIENTED_EDGE('',*,*,#2731,.F.);
#2734=ORIENTED_EDGE('',*,*,#2733,.F.);
#2736=ORIENTED_EDGE('',*,*,#2735,.F.);
#2738=ORIENTED_EDGE('',*,*,#2737,.F.);
#2740=ORIENTED_EDGE('',*,*,#2739,.T.);
#2742=ORIENTED_EDGE('',*,*,#2741,.F.);
#2744=ORIENTED_EDGE('',*,*,#2743,.F.);
#2746=ORIENTED_EDGE('',*,*,#2745,.F.);
#2748=ORIENTED_EDGE('',*,*,#2747,.T.);
#2750=ORIENTED_EDGE('',*,*,#2749,.F.);
#2751=EDGE_LOOP('',(#2728,#2730,#2732,#2734,#2736,#2738,#2740,#2742,#2744,#2746,
#2748,#2750));
#2752=FACE_OUTER_BOUND('',#2751,.F.);
#2753=ADVANCED_FACE('',(#2752),#2726,.F.);
#2754=CARTESIAN_POINT('',(0.E0,4.2E-1,-1.9E0));
#2755=DIRECTION('',(0.E0,0.E0,-1.E0));
#2756=DIRECTION('',(1.E0,0.E0,0.E0));
#2757=AXIS2_PLACEMENT_3D('',#2754,#2755,#2756);
#2758=PLANE('',#2757);
#2760=ORIENTED_EDGE('',*,*,#2759,.T.);
#2762=ORIENTED_EDGE('',*,*,#2761,.T.);
#2763=ORIENTED_EDGE('',*,*,#2727,.T.);
#2765=ORIENTED_EDGE('',*,*,#2764,.T.);
#2767=ORIENTED_EDGE('',*,*,#2766,.F.);
#2768=EDGE_LOOP('',(#2760,#2762,#2763,#2765,#2767));
#2769=FACE_OUTER_BOUND('',#2768,.F.);
#2770=ADVANCED_FACE('',(#2769),#2758,.F.);
#2771=CARTESIAN_POINT('',(-3.76E0,1.12E0,-1.9E0));
#2772=CARTESIAN_POINT('',(-3.929878066912E0,1.12E0,-1.9E0));
#2773=CARTESIAN_POINT('',(-4.05E0,1.12E0,-2.020121933088E0));
#2774=CARTESIAN_POINT('',(-4.05E0,1.12E0,-2.19E0));
#2775=CARTESIAN_POINT('',(-3.76E0,1.130466715118E0,-1.9E0));
#2776=CARTESIAN_POINT('',(-3.929878066912E0,1.308273248227E0,-1.9E0));
#2777=CARTESIAN_POINT('',(-4.05E0,1.434001453528E0,-2.020121933088E0));
#2778=CARTESIAN_POINT('',(-4.05E0,1.434001453528E0,-2.19E0));
#2779=CARTESIAN_POINT('',(-3.750330015922E0,1.134472153083E0,-1.9E0));
#2780=CARTESIAN_POINT('',(-3.755936262616E0,1.380322292054E0,-1.9E0));
#2781=CARTESIAN_POINT('',(-3.759900477670E0,1.554164592476E0,
-2.020121933088E0));
#2782=CARTESIAN_POINT('',(-3.759900477670E0,1.554164592476E0,-2.19E0));
#2783=CARTESIAN_POINT('',(-3.742928931454E0,1.127071067078E0,-1.9E0));
#2784=CARTESIAN_POINT('',(-3.622806985897E0,1.247192987697E0,-1.9E0));
#2785=CARTESIAN_POINT('',(-3.537867943624E0,1.332132012336E0,
-2.020121933088E0));
#2786=CARTESIAN_POINT('',(-3.537867943624E0,1.332132012336E0,-2.19E0));
#2787=(BOUNDED_SURFACE()B_SPLINE_SURFACE(3,3,((#2771,#2772,#2773,#2774),(#2775,
#2776,#2777,#2778),(#2779,#2780,#2781,#2782),(#2783,#2784,#2785,#2786)),
.UNSPECIFIED.,.F.,.F.,.F.)B_SPLINE_SURFACE_WITH_KNOTS((4,4),(4,4),(0.E0,1.E0),(
0.E0,1.E0),.UNSPECIFIED.)GEOMETRIC_REPRESENTATION_ITEM()RATIONAL_B_SPLINE_SURFACE(((1.694636513982E0,1.363738151783E0,1.363738151783E0,1.694636513982E0),(
9.972183290109E-1,8.024993381817E-1,8.024993381817E-1,9.972183290109E-1),(
9.972183290109E-1,8.024993381817E-1,8.024993381817E-1,9.972183290109E-1),(
1.694636513982E0,1.363738151783E0,1.363738151783E0,1.694636513982E0)))REPRESENTATION_ITEM('')SURFACE());
#2788=ORIENTED_EDGE('',*,*,#2759,.F.);
#2790=ORIENTED_EDGE('',*,*,#2789,.T.);
#2792=ORIENTED_EDGE('',*,*,#2791,.T.);
#2794=ORIENTED_EDGE('',*,*,#2793,.T.);
#2795=EDGE_LOOP('',(#2788,#2790,#2792,#2794));
#2796=FACE_OUTER_BOUND('',#2795,.F.);
#2797=ADVANCED_FACE('',(#2796),#2787,.T.);
#2798=CARTESIAN_POINT('',(-3.76E0,1.157341592459E0,-2.19E0));
#2799=DIRECTION('',(0.E0,-1.E0,0.E0));
#2800=DIRECTION('',(0.E0,0.E0,1.E0));
#2801=AXIS2_PLACEMENT_3D('',#2798,#2799,#2800);
#2802=CYLINDRICAL_SURFACE('',#2801,2.9E-1);
#2803=ORIENTED_EDGE('',*,*,#2766,.T.);
#2805=ORIENTED_EDGE('',*,*,#2804,.T.);
#2807=ORIENTED_EDGE('',*,*,#2806,.T.);
#2808=ORIENTED_EDGE('',*,*,#2789,.F.);
#2809=EDGE_LOOP('',(#2803,#2805,#2807,#2808));
#2810=FACE_OUTER_BOUND('',#2809,.F.);
#2811=ADVANCED_FACE('',(#2810),#2802,.T.);
#2812=CARTESIAN_POINT('',(-3.75E0,1.2E-1,-2.424541182080E0));
#2813=DIRECTION('',(0.E0,0.E0,1.E0));
#2814=DIRECTION('',(0.E0,1.E0,0.E0));
#2815=AXIS2_PLACEMENT_3D('',#2812,#2813,#2814);
#2816=CYLINDRICAL_SURFACE('',#2815,3.E-1);
#2818=ORIENTED_EDGE('',*,*,#2817,.T.);
#2819=ORIENTED_EDGE('',*,*,#2804,.F.);
#2820=ORIENTED_EDGE('',*,*,#2764,.F.);
#2821=ORIENTED_EDGE('',*,*,#2749,.T.);
#2823=ORIENTED_EDGE('',*,*,#2822,.F.);
#2825=ORIENTED_EDGE('',*,*,#2824,.T.);
#2826=EDGE_LOOP('',(#2818,#2819,#2820,#2821,#2823,#2825));
#2827=FACE_OUTER_BOUND('',#2826,.F.);
#2828=ADVANCED_FACE('',(#2827),#2816,.T.);
#2829=CARTESIAN_POINT('',(-4.05E0,1.2E-1,2.695290552767E0));
#2830=DIRECTION('',(-9.998476951564E-1,-1.745240643728E-2,0.E0));
#2831=DIRECTION('',(0.E0,0.E0,1.E0));
#2832=AXIS2_PLACEMENT_3D('',#2829,#2830,#2831);
#2833=PLANE('',#2832);
#2834=ORIENTED_EDGE('',*,*,#2817,.F.);
#2836=ORIENTED_EDGE('',*,*,#2835,.F.);
#2838=ORIENTED_EDGE('',*,*,#2837,.T.);
#2840=ORIENTED_EDGE('',*,*,#2839,.F.);
#2842=ORIENTED_EDGE('',*,*,#2841,.T.);
#2844=ORIENTED_EDGE('',*,*,#2843,.F.);
#2845=EDGE_LOOP('',(#2834,#2836,#2838,#2840,#2842,#2844));
#2846=FACE_OUTER_BOUND('',#2845,.F.);
#2847=ADVANCED_FACE('',(#2846),#2833,.T.);
#2848=CARTESIAN_POINT('',(-4.05E0,1.2E-1,2.5E0));
#2849=DIRECTION('',(-1.E0,0.E0,0.E0));
#2850=DIRECTION('',(0.E0,1.E0,0.E0));
#2851=AXIS2_PLACEMENT_3D('',#2848,#2849,#2850);
#2852=PLANE('',#2851);
#2854=ORIENTED_EDGE('',*,*,#2853,.F.);
#2856=ORIENTED_EDGE('',*,*,#2855,.F.);
#2857=ORIENTED_EDGE('',*,*,#2835,.T.);
#2859=ORIENTED_EDGE('',*,*,#2858,.F.);
#2860=EDGE_LOOP('',(#2854,#2856,#2857,#2859));
#2861=FACE_OUTER_BOUND('',#2860,.F.);
#2862=ADVANCED_FACE('',(#2861),#2852,.T.);
#2863=CARTESIAN_POINT('',(-3.75E0,1.12E0,2.5E0));
#2864=DIRECTION('',(0.E0,0.E0,-1.E0));
#2865=DIRECTION('',(1.E0,0.E0,0.E0));
#2866=AXIS2_PLACEMENT_3D('',#2863,#2864,#2865);
#2867=CYLINDRICAL_SURFACE('',#2866,3.E-1);
#2869=ORIENTED_EDGE('',*,*,#2868,.F.);
#2871=ORIENTED_EDGE('',*,*,#2870,.T.);
#2873=ORIENTED_EDGE('',*,*,#2872,.F.);
#2874=ORIENTED_EDGE('',*,*,#2853,.T.);
#2875=EDGE_LOOP('',(#2869,#2871,#2873,#2874));
#2876=FACE_OUTER_BOUND('',#2875,.F.);
#2877=ADVANCED_FACE('',(#2876),#2867,.T.);
#2878=CARTESIAN_POINT('',(-4.05E0,1.12E0,2.19E0));
#2879=CARTESIAN_POINT('',(-4.05E0,1.12E0,2.020121933088E0));
#2880=CARTESIAN_POINT('',(-3.929878066912E0,1.12E0,1.9E0));
#2881=CARTESIAN_POINT('',(-3.76E0,1.12E0,1.9E0));
#2882=CARTESIAN_POINT('',(-4.05E0,1.434001429721E0,2.19E0));
#2883=CARTESIAN_POINT('',(-4.05E0,1.434001429721E0,2.020121933088E0));
#2884=CARTESIAN_POINT('',(-3.929878066912E0,1.308273233952E0,1.9E0));
#2885=CARTESIAN_POINT('',(-3.76E0,1.130466714324E0,1.9E0));
#2886=CARTESIAN_POINT('',(-3.759900505901E0,1.554164574613E0,2.19E0));
#2887=CARTESIAN_POINT('',(-3.759900505901E0,1.554164574614E0,2.020121933088E0));
#2888=CARTESIAN_POINT('',(-3.755936279543E0,1.380322281344E0,1.9E0));
#2889=CARTESIAN_POINT('',(-3.750330016863E0,1.134472152487E0,1.9E0));
#2890=CARTESIAN_POINT('',(-3.537867965644E0,1.332132034356E0,2.19E0));
#2891=CARTESIAN_POINT('',(-3.537867965644E0,1.332132034356E0,2.020121933088E0));
#2892=CARTESIAN_POINT('',(-3.622806999100E0,1.247193000900E0,1.9E0));
#2893=CARTESIAN_POINT('',(-3.742928932188E0,1.127071067812E0,1.9E0));
#2894=(BOUNDED_SURFACE()B_SPLINE_SURFACE(3,3,((#2878,#2879,#2880,#2881),(#2882,
#2883,#2884,#2885),(#2886,#2887,#2888,#2889),(#2890,#2891,#2892,#2893)),
.UNSPECIFIED.,.F.,.F.,.F.)B_SPLINE_SURFACE_WITH_KNOTS((4,4),(4,4),(0.E0,1.E0),(
0.E0,1.E0),.UNSPECIFIED.)GEOMETRIC_REPRESENTATION_ITEM()RATIONAL_B_SPLINE_SURFACE(((1.694636455215E0,1.363738104490E0,1.363738104490E0,1.694636455215E0),(
9.972183486004E-1,8.024993539460E-1,8.024993539460E-1,9.972183486004E-1),(
9.972183486004E-1,8.024993539460E-1,8.024993539460E-1,9.972183486004E-1),(
1.694636455215E0,1.363738104490E0,1.363738104490E0,1.694636455215E0)))REPRESENTATION_ITEM('')SURFACE());
#2896=ORIENTED_EDGE('',*,*,#2895,.F.);
#2898=ORIENTED_EDGE('',*,*,#2897,.T.);
#2899=ORIENTED_EDGE('',*,*,#2868,.T.);
#2901=ORIENTED_EDGE('',*,*,#2900,.T.);
#2902=EDGE_LOOP('',(#2896,#2898,#2899,#2901));
#2903=FACE_OUTER_BOUND('',#2902,.F.);
#2904=ADVANCED_FACE('',(#2903),#2894,.T.);
#2905=CARTESIAN_POINT('',(0.E0,4.2E-1,1.9E0));
#2906=DIRECTION('',(0.E0,0.E0,-1.E0));
#2907=DIRECTION('',(1.E0,0.E0,0.E0));
#2908=AXIS2_PLACEMENT_3D('',#2905,#2906,#2907);
#2909=PLANE('',#2908);
#2910=ORIENTED_EDGE('',*,*,#2895,.T.);
#2912=ORIENTED_EDGE('',*,*,#2911,.F.);
#2913=ORIENTED_EDGE('',*,*,#2822,.T.);
#2914=ORIENTED_EDGE('',*,*,#2747,.F.);
#2916=ORIENTED_EDGE('',*,*,#2915,.T.);
#2917=EDGE_LOOP('',(#2910,#2912,#2913,#2914,#2916));
#2918=FACE_OUTER_BOUND('',#2917,.F.);
#2919=ADVANCED_FACE('',(#2918),#2909,.T.);
#2920=CARTESIAN_POINT('',(-3.76E0,9.371341157276E-2,2.19E0));
#2921=DIRECTION('',(0.E0,1.E0,0.E0));
#2922=DIRECTION('',(0.E0,0.E0,-1.E0));
#2923=AXIS2_PLACEMENT_3D('',#2920,#2921,#2922);
#2924=CYLINDRICAL_SURFACE('',#2923,2.9E-1);
#2925=ORIENTED_EDGE('',*,*,#2911,.T.);
#2926=ORIENTED_EDGE('',*,*,#2900,.F.);
#2927=ORIENTED_EDGE('',*,*,#2858,.T.);
#2928=ORIENTED_EDGE('',*,*,#2824,.F.);
#2929=EDGE_LOOP('',(#2925,#2926,#2927,#2928));
#2930=FACE_OUTER_BOUND('',#2929,.F.);
#2931=ADVANCED_FACE('',(#2930),#2924,.T.);
#2932=CARTESIAN_POINT('',(-3.761516357119E0,1.145658492743E0,2.19E0));
#2933=DIRECTION('',(7.071067811865E-1,-7.071067811865E-1,0.E0));
#2934=DIRECTION('',(0.E0,0.E0,-1.E0));
#2935=AXIS2_PLACEMENT_3D('',#2932,#2933,#2934);
#2936=CYLINDRICAL_SURFACE('',#2935,2.9E-1);
#2937=ORIENTED_EDGE('',*,*,#2915,.F.);
#2938=ORIENTED_EDGE('',*,*,#2745,.T.);
#2940=ORIENTED_EDGE('',*,*,#2939,.F.);
#2942=ORIENTED_EDGE('',*,*,#2941,.T.);
#2943=ORIENTED_EDGE('',*,*,#2897,.F.);
#2944=EDGE_LOOP('',(#2937,#2938,#2940,#2942,#2943));
#2945=FACE_OUTER_BOUND('',#2944,.F.);
#2946=ADVANCED_FACE('',(#2945),#2936,.T.);
#2947=CARTESIAN_POINT('',(-4.076230377791E0,1.2E-1,2.1E0));
#2948=DIRECTION('',(1.E0,0.E0,0.E0));
#2949=DIRECTION('',(0.E0,1.E0,0.E0));
#2950=AXIS2_PLACEMENT_3D('',#2947,#2948,#2949);
#2951=CYLINDRICAL_SURFACE('',#2950,3.E-1);
#2953=ORIENTED_EDGE('',*,*,#2952,.T.);
#2954=ORIENTED_EDGE('',*,*,#2939,.T.);
#2955=ORIENTED_EDGE('',*,*,#2743,.T.);
#2957=ORIENTED_EDGE('',*,*,#2956,.T.);
#2959=ORIENTED_EDGE('',*,*,#2958,.F.);
#2961=ORIENTED_EDGE('',*,*,#2960,.T.);
#2963=ORIENTED_EDGE('',*,*,#2962,.T.);
#2965=ORIENTED_EDGE('',*,*,#2964,.T.);
#2966=EDGE_LOOP('',(#2953,#2954,#2955,#2957,#2959,#2961,#2963,#2965));
#2967=FACE_OUTER_BOUND('',#2966,.F.);
#2968=ADVANCED_FACE('',(#2967),#2951,.T.);
#2969=CARTESIAN_POINT('',(-3.537867965644E0,1.332132034356E0,2.5E0));
#2970=DIRECTION('',(7.071067811865E-1,7.071067811865E-1,0.E0));
#2971=DIRECTION('',(7.071067811865E-1,-7.071067811865E-1,0.E0));
#2972=AXIS2_PLACEMENT_3D('',#2969,#2970,#2971);
#2973=PLANE('',#2972);
#2974=ORIENTED_EDGE('',*,*,#2941,.F.);
#2975=ORIENTED_EDGE('',*,*,#2952,.F.);
#2977=ORIENTED_EDGE('',*,*,#2976,.F.);
#2978=ORIENTED_EDGE('',*,*,#2870,.F.);
#2979=EDGE_LOOP('',(#2974,#2975,#2977,#2978));
#2980=FACE_OUTER_BOUND('',#2979,.F.);
#2981=ADVANCED_FACE('',(#2980),#2973,.T.);
#2982=CARTESIAN_POINT('',(-2.709107660452E0,9.324979607529E-2,2.21E0));
#2983=DIRECTION('',(-7.071067811865E-1,7.071067811865E-1,0.E0));
#2984=DIRECTION('',(0.E0,0.E0,1.E0));
#2985=AXIS2_PLACEMENT_3D('',#2982,#2983,#2984);
#2986=CYLINDRICAL_SURFACE('',#2985,2.9E-1);
#2988=ORIENTED_EDGE('',*,*,#2987,.F.);
#2990=ORIENTED_EDGE('',*,*,#2989,.F.);
#2991=ORIENTED_EDGE('',*,*,#2976,.T.);
#2992=ORIENTED_EDGE('',*,*,#2964,.F.);
#2994=ORIENTED_EDGE('',*,*,#2993,.F.);
#2995=EDGE_LOOP('',(#2988,#2990,#2991,#2992,#2994));
#2996=FACE_OUTER_BOUND('',#2995,.F.);
#2997=ADVANCED_FACE('',(#2996),#2986,.T.);
#2998=CARTESIAN_POINT('',(0.E0,4.2E-1,2.5E0));
#2999=DIRECTION('',(0.E0,0.E0,-1.E0));
#3000=DIRECTION('',(1.E0,0.E0,0.E0));
#3001=AXIS2_PLACEMENT_3D('',#2998,#2999,#3000);
#3002=PLANE('',#3001);
#3003=ORIENTED_EDGE('',*,*,#2987,.T.);
#3005=ORIENTED_EDGE('',*,*,#3004,.F.);
#3007=ORIENTED_EDGE('',*,*,#3006,.F.);
#3009=ORIENTED_EDGE('',*,*,#3008,.T.);
#3010=EDGE_LOOP('',(#3003,#3005,#3007,#3009));
#3011=FACE_OUTER_BOUND('',#3010,.F.);
#3012=ADVANCED_FACE('',(#3011),#3002,.F.);
#3013=CARTESIAN_POINT('',(4.245290552767E0,1.2E-1,2.5E0));
#3014=DIRECTION('',(0.E0,-1.745240643728E-2,9.998476951564E-1));
#3015=DIRECTION('',(1.E0,0.E0,0.E0));
#3016=AXIS2_PLACEMENT_3D('',#3013,#3014,#3015);
#3017=PLANE('',#3016);
#3019=ORIENTED_EDGE('',*,*,#3018,.T.);
#3021=ORIENTED_EDGE('',*,*,#3020,.T.);
#3023=ORIENTED_EDGE('',*,*,#3022,.T.);
#3025=ORIENTED_EDGE('',*,*,#3024,.F.);
#3027=ORIENTED_EDGE('',*,*,#3026,.T.);
#3028=ORIENTED_EDGE('',*,*,#3004,.T.);
#3029=EDGE_LOOP('',(#3019,#3021,#3023,#3025,#3027,#3028));
#3030=FACE_OUTER_BOUND('',#3029,.F.);
#3031=ADVANCED_FACE('',(#3030),#3017,.T.);
#3032=CARTESIAN_POINT('',(0.E0,1.2E-1,0.E0));
#3033=DIRECTION('',(0.E0,1.E0,0.E0));
#3034=DIRECTION('',(0.E0,0.E0,-1.E0));
#3035=AXIS2_PLACEMENT_3D('',#3032,#3033,#3034);
#3036=PLANE('',#3035);
#3037=ORIENTED_EDGE('',*,*,#3018,.F.);
#3038=ORIENTED_EDGE('',*,*,#2993,.T.);
#3039=ORIENTED_EDGE('',*,*,#2962,.F.);
#3041=ORIENTED_EDGE('',*,*,#3040,.T.);
#3042=EDGE_LOOP('',(#3037,#3038,#3039,#3041));
#3043=FACE_OUTER_BOUND('',#3042,.F.);
#3044=ADVANCED_FACE('',(#3043),#3036,.T.);
#3045=CARTESIAN_POINT('',(3.769333381662E0,1.153475517286E0,2.21E0));
#3046=DIRECTION('',(-7.071067811865E-1,-7.071067811865E-1,0.E0));
#3047=DIRECTION('',(0.E0,0.E0,1.E0));
#3048=AXIS2_PLACEMENT_3D('',#3045,#3046,#3047);
#3049=CYLINDRICAL_SURFACE('',#3048,2.9E-1);
#3051=ORIENTED_EDGE('',*,*,#3050,.F.);
#3052=ORIENTED_EDGE('',*,*,#3040,.F.);
#3053=ORIENTED_EDGE('',*,*,#2960,.F.);
#3055=ORIENTED_EDGE('',*,*,#3054,.T.);
#3057=ORIENTED_EDGE('',*,*,#3056,.F.);
#3058=EDGE_LOOP('',(#3051,#3052,#3053,#3055,#3057));
#3059=FACE_OUTER_BOUND('',#3058,.F.);
#3060=ADVANCED_FACE('',(#3059),#3049,.T.);
#3061=CARTESIAN_POINT('',(0.E0,4.2E-1,2.5E0));
#3062=DIRECTION('',(0.E0,0.E0,-1.E0));
#3063=DIRECTION('',(1.E0,0.E0,0.E0));
#3064=AXIS2_PLACEMENT_3D('',#3061,#3062,#3063);
#3065=PLANE('',#3064);
#3066=ORIENTED_EDGE('',*,*,#3050,.T.);
#3068=ORIENTED_EDGE('',*,*,#3067,.T.);
#3070=ORIENTED_EDGE('',*,*,#3069,.F.);
#3071=ORIENTED_EDGE('',*,*,#3020,.F.);
#3072=EDGE_LOOP('',(#3066,#3068,#3070,#3071));
#3073=FACE_OUTER_BOUND('',#3072,.F.);
#3074=ADVANCED_FACE('',(#3073),#3065,.F.);
#3075=CARTESIAN_POINT('',(3.742928932188E0,1.127071067812E0,2.5E0));
#3076=CARTESIAN_POINT('',(3.622806999096E0,1.247193000896E0,2.5E0));
#3077=CARTESIAN_POINT('',(3.537867965637E0,1.332132034349E0,2.379878066912E0));
#3078=CARTESIAN_POINT('',(3.537867965637E0,1.332132034349E0,2.21E0));
#3079=CARTESIAN_POINT('',(3.750330017425E0,1.134472153048E0,2.5E0));
#3080=CARTESIAN_POINT('',(3.755936289633E0,1.380322291441E0,2.5E0));
#3081=CARTESIAN_POINT('',(3.759900522728E0,1.554164591454E0,2.379878066912E0));
#3082=CARTESIAN_POINT('',(3.759900522728E0,1.554164591454E0,2.21E0));
#3083=CARTESIAN_POINT('',(3.760000001087E0,1.130466714080E0,2.5E0));
#3084=CARTESIAN_POINT('',(3.929878086455E0,1.308273229560E0,2.5E0));
#3085=CARTESIAN_POINT('',(4.050000032594E0,1.434001422396E0,2.379878066912E0));
#3086=CARTESIAN_POINT('',(4.050000032594E0,1.434001422396E0,2.21E0));
#3087=CARTESIAN_POINT('',(3.76E0,1.119999998962E0,2.5E0));
#3088=CARTESIAN_POINT('',(3.929878066912E0,1.119999981328E0,2.5E0));
#3089=CARTESIAN_POINT('',(4.05E0,1.119999968859E0,2.379878066912E0));
#3090=CARTESIAN_POINT('',(4.05E0,1.119999968860E0,2.21E0));
#3091=(BOUNDED_SURFACE()B_SPLINE_SURFACE(3,3,((#3075,#3076,#3077,#3078),(#3079,
#3080,#3081,#3082),(#3083,#3084,#3085,#3086),(#3087,#3088,#3089,#3090)),
.UNSPECIFIED.,.F.,.F.,.F.)B_SPLINE_SURFACE_WITH_KNOTS((4,4),(4,4),(0.E0,1.E0),(
0.E0,1.E0),.UNSPECIFIED.)GEOMETRIC_REPRESENTATION_ITEM()RATIONAL_B_SPLINE_SURFACE(((1.694636514003E0,1.363738151799E0,1.363738151799E0,1.694636514003E0),(
9.972183290044E-1,8.024993381763E-1,8.024993381763E-1,9.972183290044E-1),(
9.972183290044E-1,8.024993381763E-1,8.024993381763E-1,9.972183290044E-1),(
1.694636514003E0,1.363738151799E0,1.363738151799E0,1.694636514003E0)))REPRESENTATION_ITEM('')SURFACE());
#3092=ORIENTED_EDGE('',*,*,#3067,.F.);
#3093=ORIENTED_EDGE('',*,*,#3056,.T.);
#3095=ORIENTED_EDGE('',*,*,#3094,.T.);
#3097=ORIENTED_EDGE('',*,*,#3096,.T.);
#3098=EDGE_LOOP('',(#3092,#3093,#3095,#3097));
#3099=FACE_OUTER_BOUND('',#3098,.F.);
#3100=ADVANCED_FACE('',(#3099),#3091,.T.);
#3101=CARTESIAN_POINT('',(3.75E0,1.12E0,2.5E0));
#3102=DIRECTION('',(0.E0,0.E0,-1.E0));
#3103=DIRECTION('',(1.E0,0.E0,0.E0));
#3104=AXIS2_PLACEMENT_3D('',#3101,#3102,#3103);
#3105=CYLINDRICAL_SURFACE('',#3104,3.E-1);
#3107=ORIENTED_EDGE('',*,*,#3106,.F.);
#3109=ORIENTED_EDGE('',*,*,#3108,.T.);
#3110=ORIENTED_EDGE('',*,*,#3094,.F.);
#3112=ORIENTED_EDGE('',*,*,#3111,.T.);
#3113=EDGE_LOOP('',(#3107,#3109,#3110,#3112));
#3114=FACE_OUTER_BOUND('',#3113,.F.);
#3115=ADVANCED_FACE('',(#3114),#3105,.T.);
#3116=CARTESIAN_POINT('',(3.537867965629E0,1.332132034341E0,2.19E0));
#3117=CARTESIAN_POINT('',(3.537867965629E0,1.332132034341E0,2.020121933088E0));
#3118=CARTESIAN_POINT('',(3.622806999092E0,1.247193000891E0,1.9E0));
#3119=CARTESIAN_POINT('',(3.742928932189E0,1.127071067811E0,1.9E0));
#3120=CARTESIAN_POINT('',(3.759900505891E0,1.554164574634E0,2.190000000001E0));
#3121=CARTESIAN_POINT('',(3.759900505891E0,1.554164574634E0,2.020121933089E0));
#3122=CARTESIAN_POINT('',(3.755936279537E0,1.380322281356E0,1.9E0));
#3123=CARTESIAN_POINT('',(3.750330016864E0,1.134472152487E0,1.9E0));
#3124=CARTESIAN_POINT('',(4.050000000015E0,1.434001429733E0,2.190000000001E0));
#3125=CARTESIAN_POINT('',(4.050000000016E0,1.434001429734E0,2.020121933089E0));
#3126=CARTESIAN_POINT('',(3.929878066921E0,1.308273233960E0,1.9E0));
#3127=CARTESIAN_POINT('',(3.76E0,1.130466714324E0,1.9E0));
#3128=CARTESIAN_POINT('',(4.05E0,1.119999999985E0,2.19E0));
#3129=CARTESIAN_POINT('',(4.05E0,1.119999999986E0,2.020121933088E0));
#3130=CARTESIAN_POINT('',(3.929878066912E0,1.119999999992E0,1.9E0));
#3131=CARTESIAN_POINT('',(3.76E0,1.12E0,1.9E0));
#3132=(BOUNDED_SURFACE()B_SPLINE_SURFACE(3,3,((#3116,#3117,#3118,#3119),(#3120,
#3121,#3122,#3123),(#3124,#3125,#3126,#3127),(#3128,#3129,#3130,#3131)),
.UNSPECIFIED.,.F.,.F.,.F.)B_SPLINE_SURFACE_WITH_KNOTS((4,4),(4,4),(0.E0,1.E0),(
0.E0,1.E0),.UNSPECIFIED.)GEOMETRIC_REPRESENTATION_ITEM()RATIONAL_B_SPLINE_SURFACE(((1.694636455283E0,1.363738104544E0,1.363738104544E0,1.694636455283E0),(
9.972183485783E-1,8.024993539277E-1,8.024993539277E-1,9.972183485783E-1),(
9.972183485783E-1,8.024993539277E-1,8.024993539277E-1,9.972183485783E-1),(
1.694636455283E0,1.363738104544E0,1.363738104544E0,1.694636455283E0)))REPRESENTATION_ITEM('')SURFACE());
#3134=ORIENTED_EDGE('',*,*,#3133,.F.);
#3136=ORIENTED_EDGE('',*,*,#3135,.T.);
#3137=ORIENTED_EDGE('',*,*,#3106,.T.);
#3139=ORIENTED_EDGE('',*,*,#3138,.T.);
#3140=EDGE_LOOP('',(#3134,#3136,#3137,#3139));
#3141=FACE_OUTER_BOUND('',#3140,.F.);
#3142=ADVANCED_FACE('',(#3141),#3132,.T.);
#3143=CARTESIAN_POINT('',(0.E0,4.2E-1,1.9E0));
#3144=DIRECTION('',(0.E0,0.E0,-1.E0));
#3145=DIRECTION('',(1.E0,0.E0,0.E0));
#3146=AXIS2_PLACEMENT_3D('',#3143,#3144,#3145);
#3147=PLANE('',#3146);
#3149=ORIENTED_EDGE('',*,*,#3148,.T.);
#3150=ORIENTED_EDGE('',*,*,#2739,.F.);
#3152=ORIENTED_EDGE('',*,*,#3151,.T.);
#3154=ORIENTED_EDGE('',*,*,#3153,.F.);
#3155=ORIENTED_EDGE('',*,*,#3133,.T.);
#3156=EDGE_LOOP('',(#3149,#3150,#3152,#3154,#3155));
#3157=FACE_OUTER_BOUND('',#3156,.F.);
#3158=ADVANCED_FACE('',(#3157),#3147,.T.);
#3159=CARTESIAN_POINT('',(2.709107682625E0,9.324981824895E-2,2.19E0));
#3160=DIRECTION('',(7.071067811865E-1,7.071067811865E-1,0.E0));
#3161=DIRECTION('',(0.E0,0.E0,-1.E0));
#3162=AXIS2_PLACEMENT_3D('',#3159,#3160,#3161);
#3163=CYLINDRICAL_SURFACE('',#3162,2.9E-1);
#3164=ORIENTED_EDGE('',*,*,#3148,.F.);
#3165=ORIENTED_EDGE('',*,*,#3138,.F.);
#3167=ORIENTED_EDGE('',*,*,#3166,.T.);
#3168=ORIENTED_EDGE('',*,*,#2956,.F.);
#3169=ORIENTED_EDGE('',*,*,#2741,.T.);
#3170=EDGE_LOOP('',(#3164,#3165,#3167,#3168,#3169));
#3171=FACE_OUTER_BOUND('',#3170,.F.);
#3172=ADVANCED_FACE('',(#3171),#3163,.T.);
#3173=CARTESIAN_POINT('',(2.325735931288E0,1.2E-1,2.5E0));
#3174=DIRECTION('',(-7.071067811865E-1,7.071067811865E-1,0.E0));
#3175=DIRECTION('',(7.071067811865E-1,7.071067811865E-1,0.E0));
#3176=AXIS2_PLACEMENT_3D('',#3173,#3174,#3175);
#3177=PLANE('',#3176);
#3178=ORIENTED_EDGE('',*,*,#3166,.F.);
#3179=ORIENTED_EDGE('',*,*,#3111,.F.);
#3180=ORIENTED_EDGE('',*,*,#3054,.F.);
#3181=ORIENTED_EDGE('',*,*,#2958,.T.);
#3182=EDGE_LOOP('',(#3178,#3179,#3180,#3181));
#3183=FACE_OUTER_BOUND('',#3182,.F.);
#3184=ADVANCED_FACE('',(#3183),#3177,.T.);
#3185=CARTESIAN_POINT('',(3.75E0,1.2E-1,2.425464869445E0));
#3186=DIRECTION('',(0.E0,0.E0,-1.E0));
#3187=DIRECTION('',(0.E0,1.E0,0.E0));
#3188=AXIS2_PLACEMENT_3D('',#3185,#3186,#3187);
#3189=CYLINDRICAL_SURFACE('',#3188,3.E-1);
#3191=ORIENTED_EDGE('',*,*,#3190,.F.);
#3193=ORIENTED_EDGE('',*,*,#3192,.T.);
#3195=ORIENTED_EDGE('',*,*,#3194,.T.);
#3197=ORIENTED_EDGE('',*,*,#3196,.F.);
#3198=ORIENTED_EDGE('',*,*,#3151,.F.);
#3199=ORIENTED_EDGE('',*,*,#2737,.T.);
#3200=EDGE_LOOP('',(#3191,#3193,#3195,#3197,#3198,#3199));
#3201=FACE_OUTER_BOUND('',#3200,.F.);
#3202=ADVANCED_FACE('',(#3201),#3189,.T.);
#3203=CARTESIAN_POINT('',(0.E0,4.2E-1,-1.9E0));
#3204=DIRECTION('',(0.E0,0.E0,-1.E0));
#3205=DIRECTION('',(1.E0,0.E0,0.E0));
#3206=AXIS2_PLACEMENT_3D('',#3203,#3204,#3205);
#3207=PLANE('',#3206);
#3209=ORIENTED_EDGE('',*,*,#3208,.T.);
#3211=ORIENTED_EDGE('',*,*,#3210,.T.);
#3213=ORIENTED_EDGE('',*,*,#3212,.F.);
#3214=ORIENTED_EDGE('',*,*,#3190,.T.);
#3215=ORIENTED_EDGE('',*,*,#2735,.T.);
#3216=EDGE_LOOP('',(#3209,#3211,#3213,#3214,#3215));
#3217=FACE_OUTER_BOUND('',#3216,.F.);
#3218=ADVANCED_FACE('',(#3217),#3207,.F.);
#3219=CARTESIAN_POINT('',(3.769333417083E0,1.153475552706E0,-2.19E0));
#3220=DIRECTION('',(-7.071067811865E-1,-7.071067811865E-1,0.E0));
#3221=DIRECTION('',(0.E0,0.E0,1.E0));
#3222=AXIS2_PLACEMENT_3D('',#3219,#3220,#3221);
#3223=CYLINDRICAL_SURFACE('',#3222,2.9E-1);
#3224=ORIENTED_EDGE('',*,*,#3208,.F.);
#3225=ORIENTED_EDGE('',*,*,#2733,.T.);
#3227=ORIENTED_EDGE('',*,*,#3226,.F.);
#3229=ORIENTED_EDGE('',*,*,#3228,.T.);
#3231=ORIENTED_EDGE('',*,*,#3230,.F.);
#3232=EDGE_LOOP('',(#3224,#3225,#3227,#3229,#3231));
#3233=FACE_OUTER_BOUND('',#3232,.F.);
#3234=ADVANCED_FACE('',(#3233),#3223,.T.);
#3235=CARTESIAN_POINT('',(4.074060786536E0,1.2E-1,-2.1E0));
#3236=DIRECTION('',(-1.E0,0.E0,0.E0));
#3237=DIRECTION('',(0.E0,1.E0,0.E0));
#3238=AXIS2_PLACEMENT_3D('',#3235,#3236,#3237);
#3239=CYLINDRICAL_SURFACE('',#3238,3.E-1);
#3241=ORIENTED_EDGE('',*,*,#3240,.F.);
#3243=ORIENTED_EDGE('',*,*,#3242,.T.);
#3245=ORIENTED_EDGE('',*,*,#3244,.T.);
#3247=ORIENTED_EDGE('',*,*,#3246,.T.);
#3249=ORIENTED_EDGE('',*,*,#3248,.T.);
#3250=ORIENTED_EDGE('',*,*,#3226,.T.);
#3251=ORIENTED_EDGE('',*,*,#2731,.T.);
#3253=ORIENTED_EDGE('',*,*,#3252,.T.);
#3254=EDGE_LOOP('',(#3241,#3243,#3245,#3247,#3249,#3250,#3251,#3253));
#3255=FACE_OUTER_BOUND('',#3254,.F.);
#3256=ADVANCED_FACE('',(#3255),#3239,.T.);
#3257=CARTESIAN_POINT('',(-3.537867965644E0,1.332132034356E0,-2.5E0));
#3258=DIRECTION('',(-7.071067811865E-1,-7.071067811865E-1,0.E0));
#3259=DIRECTION('',(7.071067811865E-1,-7.071067811865E-1,0.E0));
#3260=AXIS2_PLACEMENT_3D('',#3257,#3258,#3259);
#3261=PLANE('',#3260);
#3263=ORIENTED_EDGE('',*,*,#3262,.F.);
#3265=ORIENTED_EDGE('',*,*,#3264,.F.);
#3267=ORIENTED_EDGE('',*,*,#3266,.F.);
#3268=ORIENTED_EDGE('',*,*,#3240,.T.);
#3269=EDGE_LOOP('',(#3263,#3265,#3267,#3268));
#3270=FACE_OUTER_BOUND('',#3269,.F.);
#3271=ADVANCED_FACE('',(#3270),#3261,.F.);
#3272=CARTESIAN_POINT('',(-2.709107638278E0,9.324977390160E-2,-2.19E0));
#3273=DIRECTION('',(-7.071067811865E-1,7.071067811865E-1,0.E0));
#3274=DIRECTION('',(0.E0,0.E0,1.E0));
#3275=AXIS2_PLACEMENT_3D('',#3272,#3273,#3274);
#3276=CYLINDRICAL_SURFACE('',#3275,2.9E-1);
#3277=ORIENTED_EDGE('',*,*,#2761,.F.);
#3278=ORIENTED_EDGE('',*,*,#2793,.F.);
#3279=ORIENTED_EDGE('',*,*,#3262,.T.);
#3280=ORIENTED_EDGE('',*,*,#3252,.F.);
#3281=ORIENTED_EDGE('',*,*,#2729,.T.);
#3282=EDGE_LOOP('',(#3277,#3278,#3279,#3280,#3281));
#3283=FACE_OUTER_BOUND('',#3282,.F.);
#3284=ADVANCED_FACE('',(#3283),#3276,.T.);
#3285=CARTESIAN_POINT('',(-3.75E0,1.12E0,-2.5E0));
#3286=DIRECTION('',(0.E0,0.E0,-1.E0));
#3287=DIRECTION('',(1.E0,0.E0,0.E0));
#3288=AXIS2_PLACEMENT_3D('',#3285,#3286,#3287);
#3289=CYLINDRICAL_SURFACE('',#3288,3.E-1);
#3290=ORIENTED_EDGE('',*,*,#2791,.F.);
#3292=ORIENTED_EDGE('',*,*,#3291,.T.);
#3294=ORIENTED_EDGE('',*,*,#3293,.F.);
#3295=ORIENTED_EDGE('',*,*,#3264,.T.);
#3296=EDGE_LOOP('',(#3290,#3292,#3294,#3295));
#3297=FACE_OUTER_BOUND('',#3296,.F.);
#3298=ADVANCED_FACE('',(#3297),#3289,.T.);
#3299=CARTESIAN_POINT('',(-4.05E0,1.2E-1,-2.5E0));
#3300=DIRECTION('',(1.E0,0.E0,0.E0));
#3301=DIRECTION('',(0.E0,1.E0,0.E0));
#3302=AXIS2_PLACEMENT_3D('',#3299,#3300,#3301);
#3303=PLANE('',#3302);
#3304=ORIENTED_EDGE('',*,*,#3291,.F.);
#3305=ORIENTED_EDGE('',*,*,#2806,.F.);
#3306=ORIENTED_EDGE('',*,*,#2843,.T.);
#3308=ORIENTED_EDGE('',*,*,#3307,.F.);
#3309=EDGE_LOOP('',(#3304,#3305,#3306,#3308));
#3310=FACE_OUTER_BOUND('',#3309,.F.);
#3311=ADVANCED_FACE('',(#3310),#3303,.F.);
#3312=CARTESIAN_POINT('',(-3.76E0,9.371338978337E-2,-2.21E0));
#3313=DIRECTION('',(0.E0,1.E0,0.E0));
#3314=DIRECTION('',(0.E0,0.E0,-1.E0));
#3315=AXIS2_PLACEMENT_3D('',#3312,#3313,#3314);
#3316=CYLINDRICAL_SURFACE('',#3315,2.9E-1);
#3318=ORIENTED_EDGE('',*,*,#3317,.T.);
#3320=ORIENTED_EDGE('',*,*,#3319,.F.);
#3321=ORIENTED_EDGE('',*,*,#3307,.T.);
#3323=ORIENTED_EDGE('',*,*,#3322,.T.);
#3324=EDGE_LOOP('',(#3318,#3320,#3321,#3323));
#3325=FACE_OUTER_BOUND('',#3324,.F.);
#3326=ADVANCED_FACE('',(#3325),#3316,.T.);
#3327=CARTESIAN_POINT('',(0.E0,4.2E-1,-2.5E0));
#3328=DIRECTION('',(0.E0,0.E0,-1.E0));
#3329=DIRECTION('',(1.E0,0.E0,0.E0));
#3330=AXIS2_PLACEMENT_3D('',#3327,#3328,#3329);
#3331=PLANE('',#3330);
#3333=ORIENTED_EDGE('',*,*,#3332,.T.);
#3335=ORIENTED_EDGE('',*,*,#3334,.T.);
#3336=ORIENTED_EDGE('',*,*,#3317,.F.);
#3338=ORIENTED_EDGE('',*,*,#3337,.T.);
#3339=EDGE_LOOP('',(#3333,#3335,#3336,#3338));
#3340=FACE_OUTER_BOUND('',#3339,.F.);
#3341=ADVANCED_FACE('',(#3340),#3331,.T.);
#3342=CARTESIAN_POINT('',(-3.761516372527E0,1.145658508150E0,-2.21E0));
#3343=DIRECTION('',(7.071067811865E-1,-7.071067811865E-1,0.E0));
#3344=DIRECTION('',(0.E0,0.E0,-1.E0));
#3345=AXIS2_PLACEMENT_3D('',#3342,#3343,#3344);
#3346=CYLINDRICAL_SURFACE('',#3345,2.9E-1);
#3347=ORIENTED_EDGE('',*,*,#3332,.F.);
#3349=ORIENTED_EDGE('',*,*,#3348,.F.);
#3350=ORIENTED_EDGE('',*,*,#3242,.F.);
#3351=ORIENTED_EDGE('',*,*,#3266,.T.);
#3353=ORIENTED_EDGE('',*,*,#3352,.F.);
#3354=EDGE_LOOP('',(#3347,#3349,#3350,#3351,#3353));
#3355=FACE_OUTER_BOUND('',#3354,.F.);
#3356=ADVANCED_FACE('',(#3355),#3346,.T.);
#3357=CARTESIAN_POINT('',(0.E0,1.2E-1,0.E0));
#3358=DIRECTION('',(0.E0,1.E0,0.E0));
#3359=DIRECTION('',(0.E0,0.E0,-1.E0));
#3360=AXIS2_PLACEMENT_3D('',#3357,#3358,#3359);
#3361=PLANE('',#3360);
#3362=ORIENTED_EDGE('',*,*,#3244,.F.);
#3363=ORIENTED_EDGE('',*,*,#3348,.T.);
#3365=ORIENTED_EDGE('',*,*,#3364,.F.);
#3367=ORIENTED_EDGE('',*,*,#3366,.T.);
#3368=EDGE_LOOP('',(#3362,#3363,#3365,#3367));
#3369=FACE_OUTER_BOUND('',#3368,.F.);
#3370=ADVANCED_FACE('',(#3369),#3361,.T.);
#3371=CARTESIAN_POINT('',(-4.245290552767E0,1.2E-1,-2.5E0));
#3372=DIRECTION('',(0.E0,-1.745240643728E-2,-9.998476951564E-1));
#3373=DIRECTION('',(-1.E0,0.E0,0.E0));
#3374=AXIS2_PLACEMENT_3D('',#3371,#3372,#3373);
#3375=PLANE('',#3374);
#3376=ORIENTED_EDGE('',*,*,#3364,.T.);
#3377=ORIENTED_EDGE('',*,*,#3337,.F.);
#3379=ORIENTED_EDGE('',*,*,#3378,.T.);
#3381=ORIENTED_EDGE('',*,*,#3380,.F.);
#3383=ORIENTED_EDGE('',*,*,#3382,.T.);
#3385=ORIENTED_EDGE('',*,*,#3384,.F.);
#3386=EDGE_LOOP('',(#3376,#3377,#3379,#3381,#3383,#3385));
#3387=FACE_OUTER_BOUND('',#3386,.F.);
#3388=ADVANCED_FACE('',(#3387),#3375,.T.);
#3389=CARTESIAN_POINT('',(-3.645223199307E0,-6.453027716133E0,
-2.095223199307E0));
#3390=DIRECTION('',(-1.744974916068E-2,9.996954598819E-1,-1.744974916068E-2));
#3391=DIRECTION('',(0.E0,-1.745240643728E-2,-9.998476951564E-1));
#3392=AXIS2_PLACEMENT_3D('',#3389,#3390,#3391);
#3393=CYLINDRICAL_SURFACE('',#3392,2.9E-1);
#3394=ORIENTED_EDGE('',*,*,#3378,.F.);
#3395=ORIENTED_EDGE('',*,*,#3322,.F.);
#3396=ORIENTED_EDGE('',*,*,#2841,.F.);
#3398=ORIENTED_EDGE('',*,*,#3397,.T.);
#3399=EDGE_LOOP('',(#3394,#3395,#3396,#3398));
#3400=FACE_OUTER_BOUND('',#3399,.F.);
#3401=ADVANCED_FACE('',(#3400),#3393,.T.);
#3402=CARTESIAN_POINT('',(-3.635496046406E0,-6.729999943874E0,
-2.085751206208E0));
#3403=CARTESIAN_POINT('',(-3.636404025961E0,-6.729939034551E0,
-2.112990217319E0));
#3404=CARTESIAN_POINT('',(-3.638206718314E0,-6.722588374488E0,
-2.167113558938E0));
#3405=CARTESIAN_POINT('',(-3.640735567977E0,-6.689756859794E0,
-2.243172947548E0));
#3406=CARTESIAN_POINT('',(-3.642876015037E0,-6.637292326739E0,
-2.307717595751E0));
#3407=CARTESIAN_POINT('',(-3.644455917807E0,-6.569351577932E0,
-2.355551399528E0));
#3408=CARTESIAN_POINT('',(-3.645265467287E0,-6.499571027553E0,
-2.380199318986E0));
#3409=CARTESIAN_POINT('',(-3.645430791269E0,-6.453765068902E0,
-2.385242450907E0));
#3410=CARTESIAN_POINT('',(-3.645441512170E0,-6.435232389235E0,
-2.385570801944E0));
#3411=CARTESIAN_POINT('',(-3.755647989075E0,-6.730105661123E0,
-1.965599263539E0));
#3412=CARTESIAN_POINT('',(-3.756545351959E0,-6.740954149712E0,
-1.992878245286E0));
#3413=CARTESIAN_POINT('',(-3.759831881526E0,-6.755283549337E0,
-2.051433784900E0));
#3414=CARTESIAN_POINT('',(-3.769098964318E0,-6.749238834421E0,
-2.147044021229E0));
#3415=CARTESIAN_POINT('',(-3.782638250892E0,-6.710743118856E0,
-2.241614094434E0));
#3416=CARTESIAN_POINT('',(-3.799085813471E0,-6.636579885587E0,
-2.324192206549E0));
#3417=CARTESIAN_POINT('',(-3.812081127578E0,-6.538741009497E0,
-2.374025825846E0));
#3418=CARTESIAN_POINT('',(-3.815060335417E0,-6.467222707465E0,
-2.384930314603E0));
#3419=CARTESIAN_POINT('',(-3.815294344375E0,-6.438192777584E0,
-2.385624859660E0));
#3420=CARTESIAN_POINT('',(-3.840647669997E0,-6.610009358805E0,
-1.880599582617E0));
#3421=CARTESIAN_POINT('',(-3.841537522278E0,-6.628595294847E0,
-1.896995687141E0));
#3422=CARTESIAN_POINT('',(-3.845873770116E0,-6.661197160235E0,
-1.937004634054E0));
#3423=CARTESIAN_POINT('',(-3.859907714380E0,-6.687242297030E0,
-2.015970380781E0));
#3424=CARTESIAN_POINT('',(-3.881510938164E0,-6.679638399330E0,
-2.105914053188E0));
#3425=CARTESIAN_POINT('',(-3.908476402591E0,-6.628290850974E0,
-2.193895927029E0));
#3426=CARTESIAN_POINT('',(-3.930092352223E0,-6.538566480276E0,
-2.251662855070E0));
#3427=CARTESIAN_POINT('',(-3.935062199785E0,-6.467217808015E0,
-2.264691250850E0));
#3428=CARTESIAN_POINT('',(-3.935454170514E0,-6.438189861208E0,
-2.265513170943E0));
#3429=CARTESIAN_POINT('',(-3.840684415157E0,-6.440088688487E0,
-1.880562837457E0));
#3430=CARTESIAN_POINT('',(-3.841574264190E0,-6.458705898935E0,
-1.881530693362E0));
#3431=CARTESIAN_POINT('',(-3.845910965819E0,-6.495464786091E0,
-1.890882748414E0));
#3432=CARTESIAN_POINT('',(-3.859946970786E0,-6.540097848167E0,
-1.926762508204E0));
#3433=CARTESIAN_POINT('',(-3.881553680590E0,-6.562205850189E0,
-1.980139072152E0));
#3434=CARTESIAN_POINT('',(-3.908523691880E0,-6.549341933225E0,
-2.041017502304E0));
#3435=CARTESIAN_POINT('',(-3.930143368193E0,-6.499149716222E0,
-2.084816348865E0));
#3436=CARTESIAN_POINT('',(-3.935114076304E0,-6.453753241827E0,
-2.094986570856E0));
#3437=CARTESIAN_POINT('',(-3.935506115319E0,-6.435225349167E0,
-2.095622403941E0));
#3438=(BOUNDED_SURFACE()B_SPLINE_SURFACE(3,3,((#3402,#3403,#3404,#3405,#3406,
#3407,#3408,#3409,#3410),(#3411,#3412,#3413,#3414,#3415,#3416,#3417,#3418,
#3419),(#3420,#3421,#3422,#3423,#3424,#3425,#3426,#3427,#3428),(#3429,#3430,
#3431,#3432,#3433,#3434,#3435,#3436,#3437)),.UNSPECIFIED.,.F.,.F.,.F.)B_SPLINE_SURFACE_WITH_KNOTS((4,4),(4,1,1,1,1,1,4),(0.E0,1.000000019097E0),(0.E0,
1.650985072852E-1,3.326707058986E-1,5.005270485487E-1,6.685850496957E-1,
8.352571577177E-1,9.485087774320E-1),.UNSPECIFIED.)GEOMETRIC_REPRESENTATION_ITEM()RATIONAL_B_SPLINE_SURFACE(((1.171649635328E0,1.171649635328E0,1.171649635328E0,
1.171649635328E0,1.171649635328E0,1.171649635328E0,1.171649635328E0,
1.171649635328E0,1.171649635328E0),(9.427834505200E-1,9.427834505200E-1,
9.427834505200E-1,9.427834505200E-1,9.427834505200E-1,9.427834505200E-1,
9.427834505200E-1,9.427834505200E-1,9.427834505200E-1),(9.427834548907E-1,
9.427834548907E-1,9.427834548907E-1,9.427834548907E-1,9.427834548907E-1,
9.427834548907E-1,9.427834548907E-1,9.427834548907E-1,9.427834548907E-1),(
1.171649648440E0,1.171649648440E0,1.171649648440E0,1.171649648440E0,
1.171649648440E0,1.171649648440E0,1.171649648440E0,1.171649648440E0,
1.171649648440E0)))REPRESENTATION_ITEM('')SURFACE());
#3440=ORIENTED_EDGE('',*,*,#3439,.F.);
#3441=ORIENTED_EDGE('',*,*,#3397,.F.);
#3443=ORIENTED_EDGE('',*,*,#3442,.T.);
#3444=EDGE_LOOP('',(#3440,#3441,#3443));
#3445=FACE_OUTER_BOUND('',#3444,.F.);
#3446=ADVANCED_FACE('',(#3445),#3438,.T.);
#3447=CARTESIAN_POINT('',(-3.956663183032E0,-6.43E0,-2.085623626307E0));
#3448=DIRECTION('',(1.E0,0.E0,0.E0));
#3449=DIRECTION('',(0.E0,-1.E0,0.E0));
#3450=AXIS2_PLACEMENT_3D('',#3447,#3448,#3449);
#3451=CYLINDRICAL_SURFACE('',#3450,3.E-1);
#3453=ORIENTED_EDGE('',*,*,#3452,.T.);
#3455=ORIENTED_EDGE('',*,*,#3454,.T.);
#3457=ORIENTED_EDGE('',*,*,#3456,.T.);
#3459=ORIENTED_EDGE('',*,*,#3458,.T.);
#3461=ORIENTED_EDGE('',*,*,#3460,.T.);
#3463=ORIENTED_EDGE('',*,*,#3462,.F.);
#3464=ORIENTED_EDGE('',*,*,#3380,.T.);
#3465=ORIENTED_EDGE('',*,*,#3439,.T.);
#3466=EDGE_LOOP('',(#3453,#3455,#3457,#3459,#3461,#3463,#3464,#3465));
#3467=FACE_OUTER_BOUND('',#3466,.F.);
#3468=ADVANCED_FACE('',(#3467),#3451,.T.);
#3469=CARTESIAN_POINT('',(0.E0,-6.73E0,0.E0));
#3470=DIRECTION('',(0.E0,-1.E0,0.E0));
#3471=DIRECTION('',(0.E0,0.E0,1.E0));
#3472=AXIS2_PLACEMENT_3D('',#3469,#3470,#3471);
#3473=PLANE('',#3472);
#3475=ORIENTED_EDGE('',*,*,#3474,.F.);
#3477=ORIENTED_EDGE('',*,*,#3476,.F.);
#3479=ORIENTED_EDGE('',*,*,#3478,.T.);
#3481=ORIENTED_EDGE('',*,*,#3480,.F.);
#3483=ORIENTED_EDGE('',*,*,#3482,.F.);
#3485=ORIENTED_EDGE('',*,*,#3484,.F.);
#3487=ORIENTED_EDGE('',*,*,#3486,.F.);
#3489=ORIENTED_EDGE('',*,*,#3488,.F.);
#3490=EDGE_LOOP('',(#3475,#3477,#3479,#3481,#3483,#3485,#3487,#3489));
#3491=FACE_OUTER_BOUND('',#3490,.F.);
#3492=ADVANCED_FACE('',(#3491),#3473,.F.);
#3493=CARTESIAN_POINT('',(-4.585E0,-6.73E0,2.475E0));
#3494=DIRECTION('',(0.E0,0.E0,1.E0));
#3495=DIRECTION('',(0.E0,-1.E0,0.E0));
#3496=AXIS2_PLACEMENT_3D('',#3493,#3494,#3495);
#3497=PLANE('',#3496);
#3499=ORIENTED_EDGE('',*,*,#3498,.T.);
#3501=ORIENTED_EDGE('',*,*,#3500,.T.);
#3502=ORIENTED_EDGE('',*,*,#3474,.T.);
#3504=ORIENTED_EDGE('',*,*,#3503,.F.);
#3505=EDGE_LOOP('',(#3499,#3501,#3502,#3504));
#3506=FACE_OUTER_BOUND('',#3505,.F.);
#3507=ADVANCED_FACE('',(#3506),#3497,.T.);
#3508=CARTESIAN_POINT('',(-4.585E0,-7.113218516866E0,2.475E0));
#3509=DIRECTION('',(0.E0,-1.391731009601E-1,9.902680687416E-1));
#3510=DIRECTION('',(0.E0,-9.902680687416E-1,-1.391731009601E-1));
#3511=AXIS2_PLACEMENT_3D('',#3508,#3509,#3510);
#3512=PLANE('',#3511);
#3513=ORIENTED_EDGE('',*,*,#3498,.F.);
#3515=ORIENTED_EDGE('',*,*,#3514,.F.);
#3517=ORIENTED_EDGE('',*,*,#3516,.F.);
#3519=ORIENTED_EDGE('',*,*,#3518,.F.);
#3521=ORIENTED_EDGE('',*,*,#3520,.F.);
#3523=ORIENTED_EDGE('',*,*,#3522,.F.);
#3525=ORIENTED_EDGE('',*,*,#3524,.F.);
#3527=ORIENTED_EDGE('',*,*,#3526,.F.);
#3528=EDGE_LOOP('',(#3513,#3515,#3517,#3519,#3521,#3523,#3525,#3527));
#3529=FACE_OUTER_BOUND('',#3528,.F.);
#3530=ADVANCED_FACE('',(#3529),#3512,.T.);
#3531=CARTESIAN_POINT('',(3.75E0,-6.73E0,-2.55E0));
#3532=DIRECTION('',(1.E0,0.E0,0.E0));
#3533=DIRECTION('',(0.E0,0.E0,1.E0));
#3534=AXIS2_PLACEMENT_3D('',#3531,#3532,#3533);
#3535=PLANE('',#3534);
#3536=ORIENTED_EDGE('',*,*,#3503,.T.);
#3537=ORIENTED_EDGE('',*,*,#3488,.T.);
#3539=ORIENTED_EDGE('',*,*,#3538,.F.);
#3541=ORIENTED_EDGE('',*,*,#3540,.F.);
#3542=ORIENTED_EDGE('',*,*,#3514,.T.);
#3543=EDGE_LOOP('',(#3536,#3537,#3539,#3541,#3542));
#3544=FACE_OUTER_BOUND('',#3543,.F.);
#3545=ADVANCED_FACE('',(#3544),#3535,.T.);
#3546=CARTESIAN_POINT('',(4.5E0,-7.13E0,2.25E0));
#3547=DIRECTION('',(0.E0,0.E0,1.E0));
#3548=DIRECTION('',(-1.E0,0.E0,0.E0));
#3549=AXIS2_PLACEMENT_3D('',#3546,#3547,#3548);
#3550=PLANE('',#3549);
#3552=ORIENTED_EDGE('',*,*,#3551,.T.);
#3554=ORIENTED_EDGE('',*,*,#3553,.F.);
#3555=ORIENTED_EDGE('',*,*,#3538,.T.);
#3556=ORIENTED_EDGE('',*,*,#3486,.T.);
#3558=ORIENTED_EDGE('',*,*,#3557,.F.);
#3560=ORIENTED_EDGE('',*,*,#3559,.F.);
#3562=ORIENTED_EDGE('',*,*,#3561,.T.);
#3563=EDGE_LOOP('',(#3552,#3554,#3555,#3556,#3558,#3560,#3562));
#3564=FACE_OUTER_BOUND('',#3563,.F.);
#3565=ADVANCED_FACE('',(#3564),#3550,.T.);
#3566=CARTESIAN_POINT('',(4.1E0,-6.73E0,-2.270289305568E0));
#3567=DIRECTION('',(0.E0,0.E0,1.E0));
#3568=DIRECTION('',(0.E0,-1.E0,0.E0));
#3569=AXIS2_PLACEMENT_3D('',#3566,#3567,#3568);
#3570=CYLINDRICAL_SURFACE('',#3569,4.E-1);
#3571=ORIENTED_EDGE('',*,*,#3551,.F.);
#3573=ORIENTED_EDGE('',*,*,#3572,.T.);
#3575=ORIENTED_EDGE('',*,*,#3574,.F.);
#3577=ORIENTED_EDGE('',*,*,#3576,.T.);
#3578=EDGE_LOOP('',(#3571,#3573,#3575,#3577));
#3579=FACE_OUTER_BOUND('',#3578,.F.);
#3580=ADVANCED_FACE('',(#3579),#3570,.T.);
#3581=CARTESIAN_POINT('',(4.5E0,-7.13E0,-2.25E0));
#3582=DIRECTION('',(1.E0,0.E0,0.E0));
#3583=DIRECTION('',(0.E0,0.E0,1.E0));
#3584=AXIS2_PLACEMENT_3D('',#3581,#3582,#3583);
#3585=PLANE('',#3584);
#3587=ORIENTED_EDGE('',*,*,#3586,.T.);
#3589=ORIENTED_EDGE('',*,*,#3588,.F.);
#3591=ORIENTED_EDGE('',*,*,#3590,.T.);
#3593=ORIENTED_EDGE('',*,*,#3592,.F.);
#3595=ORIENTED_EDGE('',*,*,#3594,.F.);
#3596=ORIENTED_EDGE('',*,*,#3572,.F.);
#3597=ORIENTED_EDGE('',*,*,#3561,.F.);
#3599=ORIENTED_EDGE('',*,*,#3598,.F.);
#3601=ORIENTED_EDGE('',*,*,#3600,.F.);
#3603=ORIENTED_EDGE('',*,*,#3602,.F.);
#3604=EDGE_LOOP('',(#3587,#3589,#3591,#3593,#3595,#3596,#3597,#3599,#3601,
#3603));
#3605=FACE_OUTER_BOUND('',#3604,.F.);
#3606=ADVANCED_FACE('',(#3605),#3585,.T.);
#3607=CARTESIAN_POINT('',(4.1E0,-3.83E0,-3.5E-1));
#3608=DIRECTION('',(0.E0,-1.E0,0.E0));
#3609=DIRECTION('',(1.E0,0.E0,0.E0));
#3610=AXIS2_PLACEMENT_3D('',#3607,#3608,#3609);
#3611=PLANE('',#3610);
#3612=ORIENTED_EDGE('',*,*,#3586,.F.);
#3614=ORIENTED_EDGE('',*,*,#3613,.F.);
#3616=ORIENTED_EDGE('',*,*,#3615,.F.);
#3618=ORIENTED_EDGE('',*,*,#3617,.T.);
#3619=EDGE_LOOP('',(#3612,#3614,#3616,#3618));
#3620=FACE_OUTER_BOUND('',#3619,.F.);
#3621=ADVANCED_FACE('',(#3620),#3611,.T.);
#3622=CARTESIAN_POINT('',(4.5E0,-3.83E0,3.5E-1));
#3623=DIRECTION('',(0.E0,0.E0,-1.E0));
#3624=DIRECTION('',(0.E0,1.E0,0.E0));
#3625=AXIS2_PLACEMENT_3D('',#3622,#3623,#3624);
#3626=PLANE('',#3625);
#3628=ORIENTED_EDGE('',*,*,#3627,.F.);
#3630=ORIENTED_EDGE('',*,*,#3629,.T.);
#3632=ORIENTED_EDGE('',*,*,#3631,.T.);
#3634=ORIENTED_EDGE('',*,*,#3633,.T.);
#3636=ORIENTED_EDGE('',*,*,#3635,.T.);
#3637=ORIENTED_EDGE('',*,*,#3613,.T.);
#3639=ORIENTED_EDGE('',*,*,#3638,.F.);
#3641=ORIENTED_EDGE('',*,*,#3640,.T.);
#3643=ORIENTED_EDGE('',*,*,#3642,.T.);
#3645=ORIENTED_EDGE('',*,*,#3644,.T.);
#3647=ORIENTED_EDGE('',*,*,#3646,.T.);
#3649=ORIENTED_EDGE('',*,*,#3648,.T.);
#3651=ORIENTED_EDGE('',*,*,#3650,.T.);
#3652=EDGE_LOOP('',(#3628,#3630,#3632,#3634,#3636,#3637,#3639,#3641,#3643,#3645,
#3647,#3649,#3651));
#3653=FACE_OUTER_BOUND('',#3652,.F.);
#3654=ADVANCED_FACE('',(#3653),#3626,.F.);
#3655=CARTESIAN_POINT('',(7.25E0,-1.773736E1,0.E0));
#3656=DIRECTION('',(0.E0,1.E0,0.E0));
#3657=DIRECTION('',(0.E0,0.E0,1.E0));
#3658=AXIS2_PLACEMENT_3D('',#3655,#3656,#3657);
#3659=CYLINDRICAL_SURFACE('',#3658,3.5E-1);
#3661=ORIENTED_EDGE('',*,*,#3660,.F.);
#3663=ORIENTED_EDGE('',*,*,#3662,.T.);
#3665=ORIENTED_EDGE('',*,*,#3664,.F.);
#3666=ORIENTED_EDGE('',*,*,#3627,.T.);
#3667=EDGE_LOOP('',(#3661,#3663,#3665,#3666));
#3668=FACE_OUTER_BOUND('',#3667,.F.);
#3669=ADVANCED_FACE('',(#3668),#3659,.T.);
#3670=CARTESIAN_POINT('',(7.6E0,-3.43E0,-3.5E-1));
#3671=DIRECTION('',(0.E0,1.E0,0.E0));
#3672=DIRECTION('',(-1.E0,0.E0,0.E0));
#3673=AXIS2_PLACEMENT_3D('',#3670,#3671,#3672);
#3674=PLANE('',#3673);
#3675=ORIENTED_EDGE('',*,*,#3660,.T.);
#3676=ORIENTED_EDGE('',*,*,#3650,.F.);
#3678=ORIENTED_EDGE('',*,*,#3677,.F.);
#3680=ORIENTED_EDGE('',*,*,#3679,.T.);
#3681=EDGE_LOOP('',(#3675,#3676,#3678,#3680));
#3682=FACE_OUTER_BOUND('',#3681,.F.);
#3683=ADVANCED_FACE('',(#3682),#3674,.T.);
#3684=CARTESIAN_POINT('',(7.179795897113E0,-4.23E0,-3.5E-1));
#3685=DIRECTION('',(0.E0,0.E0,1.E0));
#3686=DIRECTION('',(-1.E0,0.E0,0.E0));
#3687=AXIS2_PLACEMENT_3D('',#3684,#3685,#3686);
#3688=CYLINDRICAL_SURFACE('',#3687,8.E-1);
#3690=ORIENTED_EDGE('',*,*,#3689,.F.);
#3691=ORIENTED_EDGE('',*,*,#3677,.T.);
#3692=ORIENTED_EDGE('',*,*,#3648,.F.);
#3694=ORIENTED_EDGE('',*,*,#3693,.T.);
#3695=EDGE_LOOP('',(#3690,#3691,#3692,#3694));
#3696=FACE_OUTER_BOUND('',#3695,.F.);
#3697=ADVANCED_FACE('',(#3696),#3688,.T.);
#3698=CARTESIAN_POINT('',(4.5E0,-3.43E0,-3.5E-1));
#3699=DIRECTION('',(0.E0,0.E0,1.E0));
#3700=DIRECTION('',(0.E0,-1.E0,0.E0));
#3701=AXIS2_PLACEMENT_3D('',#3698,#3699,#3700);
#3702=PLANE('',#3701);
#3703=ORIENTED_EDGE('',*,*,#3662,.F.);
#3704=ORIENTED_EDGE('',*,*,#3679,.F.);
#3705=ORIENTED_EDGE('',*,*,#3689,.T.);
#3707=ORIENTED_EDGE('',*,*,#3706,.T.);
#3709=ORIENTED_EDGE('',*,*,#3708,.T.);
#3711=ORIENTED_EDGE('',*,*,#3710,.F.);
#3713=ORIENTED_EDGE('',*,*,#3712,.T.);
#3715=ORIENTED_EDGE('',*,*,#3714,.T.);
#3716=ORIENTED_EDGE('',*,*,#3617,.F.);
#3718=ORIENTED_EDGE('',*,*,#3717,.T.);
#3720=ORIENTED_EDGE('',*,*,#3719,.T.);
#3722=ORIENTED_EDGE('',*,*,#3721,.T.);
#3724=ORIENTED_EDGE('',*,*,#3723,.F.);
#3725=EDGE_LOOP('',(#3703,#3704,#3705,#3707,#3709,#3711,#3713,#3715,#3716,#3718,
#3720,#3722,#3724));
#3726=FACE_OUTER_BOUND('',#3725,.F.);
#3727=ADVANCED_FACE('',(#3726),#3702,.F.);
#3728=CARTESIAN_POINT('',(6.2E0,-3.73E0,-3.5E-1));
#3729=DIRECTION('',(0.E0,0.E0,1.E0));
#3730=DIRECTION('',(-1.E0,0.E0,0.E0));
#3731=AXIS2_PLACEMENT_3D('',#3728,#3729,#3730);
#3732=CYLINDRICAL_SURFACE('',#3731,3.E-1);
#3733=ORIENTED_EDGE('',*,*,#3706,.F.);
#3734=ORIENTED_EDGE('',*,*,#3693,.F.);
#3735=ORIENTED_EDGE('',*,*,#3646,.F.);
#3737=ORIENTED_EDGE('',*,*,#3736,.T.);
#3738=EDGE_LOOP('',(#3733,#3734,#3735,#3737));
#3739=FACE_OUTER_BOUND('',#3738,.F.);
#3740=ADVANCED_FACE('',(#3739),#3732,.F.);
#3741=CARTESIAN_POINT('',(5.220204102887E0,-4.23E0,-3.5E-1));
#3742=DIRECTION('',(0.E0,0.E0,1.E0));
#3743=DIRECTION('',(-1.E0,0.E0,0.E0));
#3744=AXIS2_PLACEMENT_3D('',#3741,#3742,#3743);
#3745=CYLINDRICAL_SURFACE('',#3744,8.E-1);
#3746=ORIENTED_EDGE('',*,*,#3708,.F.);
#3747=ORIENTED_EDGE('',*,*,#3736,.F.);
#3748=ORIENTED_EDGE('',*,*,#3644,.F.);
#3750=ORIENTED_EDGE('',*,*,#3749,.T.);
#3751=EDGE_LOOP('',(#3746,#3747,#3748,#3750));
#3752=FACE_OUTER_BOUND('',#3751,.F.);
#3753=ADVANCED_FACE('',(#3752),#3745,.T.);
#3754=CARTESIAN_POINT('',(5.220204102887E0,-3.43E0,-3.5E-1));
#3755=DIRECTION('',(0.E0,1.E0,0.E0));
#3756=DIRECTION('',(-1.E0,0.E0,0.E0));
#3757=AXIS2_PLACEMENT_3D('',#3754,#3755,#3756);
#3758=PLANE('',#3757);
#3760=ORIENTED_EDGE('',*,*,#3759,.F.);
#3761=ORIENTED_EDGE('',*,*,#3710,.T.);
#3762=ORIENTED_EDGE('',*,*,#3749,.F.);
#3763=ORIENTED_EDGE('',*,*,#3642,.F.);
#3764=EDGE_LOOP('',(#3760,#3761,#3762,#3763));
#3765=FACE_OUTER_BOUND('',#3764,.F.);
#3766=ADVANCED_FACE('',(#3765),#3758,.T.);
#3767=CARTESIAN_POINT('',(4.5E0,-3.83E0,3.702893055677E-1));
#3768=DIRECTION('',(0.E0,0.E0,-1.E0));
#3769=DIRECTION('',(-1.E0,0.E0,0.E0));
#3770=AXIS2_PLACEMENT_3D('',#3767,#3768,#3769);
#3771=CYLINDRICAL_SURFACE('',#3770,4.E-1);
#3772=ORIENTED_EDGE('',*,*,#3759,.T.);
#3773=ORIENTED_EDGE('',*,*,#3640,.F.);
#3775=ORIENTED_EDGE('',*,*,#3774,.T.);
#3776=ORIENTED_EDGE('',*,*,#3712,.F.);
#3777=EDGE_LOOP('',(#3772,#3773,#3775,#3776));
#3778=FACE_OUTER_BOUND('',#3777,.F.);
#3779=ADVANCED_FACE('',(#3778),#3771,.T.);
#3780=CARTESIAN_POINT('',(4.1E0,-6.73E0,-2.25E0));
#3781=DIRECTION('',(-1.E0,0.E0,0.E0));
#3782=DIRECTION('',(0.E0,0.E0,1.E0));
#3783=AXIS2_PLACEMENT_3D('',#3780,#3781,#3782);
#3784=PLANE('',#3783);
#3785=ORIENTED_EDGE('',*,*,#3774,.F.);
#3787=ORIENTED_EDGE('',*,*,#3786,.T.);
#3789=ORIENTED_EDGE('',*,*,#3788,.T.);
#3791=ORIENTED_EDGE('',*,*,#3790,.F.);
#3792=ORIENTED_EDGE('',*,*,#3557,.T.);
#3793=ORIENTED_EDGE('',*,*,#3484,.T.);
#3795=ORIENTED_EDGE('',*,*,#3794,.F.);
#3797=ORIENTED_EDGE('',*,*,#3796,.F.);
#3799=ORIENTED_EDGE('',*,*,#3798,.F.);
#3801=ORIENTED_EDGE('',*,*,#3800,.T.);
#3802=EDGE_LOOP('',(#3785,#3787,#3789,#3791,#3792,#3793,#3795,#3797,#3799,
#3801));
#3803=FACE_OUTER_BOUND('',#3802,.F.);
#3804=ADVANCED_FACE('',(#3803),#3784,.T.);
#3805=CARTESIAN_POINT('',(4.5E0,-3.83E0,9.5E-1));
#3806=DIRECTION('',(0.E0,-1.E0,0.E0));
#3807=DIRECTION('',(0.E0,0.E0,-1.E0));
#3808=AXIS2_PLACEMENT_3D('',#3805,#3806,#3807);
#3809=PLANE('',#3808);
#3810=ORIENTED_EDGE('',*,*,#3602,.T.);
#3812=ORIENTED_EDGE('',*,*,#3811,.F.);
#3813=ORIENTED_EDGE('',*,*,#3786,.F.);
#3814=ORIENTED_EDGE('',*,*,#3638,.T.);
#3815=EDGE_LOOP('',(#3810,#3812,#3813,#3814));
#3816=FACE_OUTER_BOUND('',#3815,.F.);
#3817=ADVANCED_FACE('',(#3816),#3809,.F.);
#3818=CARTESIAN_POINT('',(4.5E0,-2.3E-1,9.5E-1));
#3819=DIRECTION('',(0.E0,0.E0,1.E0));
#3820=DIRECTION('',(0.E0,-1.E0,0.E0));
#3821=AXIS2_PLACEMENT_3D('',#3818,#3819,#3820);
#3822=PLANE('',#3821);
#3823=ORIENTED_EDGE('',*,*,#3600,.T.);
#3825=ORIENTED_EDGE('',*,*,#3824,.T.);
#3826=ORIENTED_EDGE('',*,*,#3788,.F.);
#3827=ORIENTED_EDGE('',*,*,#3811,.T.);
#3828=EDGE_LOOP('',(#3823,#3825,#3826,#3827));
#3829=FACE_OUTER_BOUND('',#3828,.F.);
#3830=ADVANCED_FACE('',(#3829),#3822,.F.);
#3831=CARTESIAN_POINT('',(0.E0,-2.3E-1,0.E0));
#3832=DIRECTION('',(0.E0,1.E0,0.E0));
#3833=DIRECTION('',(1.E0,0.E0,0.E0));
#3834=AXIS2_PLACEMENT_3D('',#3831,#3832,#3833);
#3835=PLANE('',#3834);
#3836=ORIENTED_EDGE('',*,*,#3824,.F.);
#3837=ORIENTED_EDGE('',*,*,#3598,.T.);
#3838=ORIENTED_EDGE('',*,*,#3559,.T.);
#3839=ORIENTED_EDGE('',*,*,#3790,.T.);
#3840=EDGE_LOOP('',(#3836,#3837,#3838,#3839));
#3841=FACE_OUTER_BOUND('',#3840,.F.);
#3842=ADVANCED_FACE('',(#3841),#3835,.T.);
#3843=CARTESIAN_POINT('',(3.75E0,-7.13E0,-2.25E0));
#3844=DIRECTION('',(0.E0,0.E0,-1.E0));
#3845=DIRECTION('',(1.E0,0.E0,0.E0));
#3846=AXIS2_PLACEMENT_3D('',#3843,#3844,#3845);
#3847=PLANE('',#3846);
#3848=ORIENTED_EDGE('',*,*,#3574,.T.);
#3849=ORIENTED_EDGE('',*,*,#3594,.T.);
#3851=ORIENTED_EDGE('',*,*,#3850,.F.);
#3852=ORIENTED_EDGE('',*,*,#3794,.T.);
#3853=ORIENTED_EDGE('',*,*,#3482,.T.);
#3855=ORIENTED_EDGE('',*,*,#3854,.F.);
#3857=ORIENTED_EDGE('',*,*,#3856,.F.);
#3858=EDGE_LOOP('',(#3848,#3849,#3851,#3852,#3853,#3855,#3857));
#3859=FACE_OUTER_BOUND('',#3858,.F.);
#3860=ADVANCED_FACE('',(#3859),#3847,.T.);
#3861=CARTESIAN_POINT('',(0.E0,-2.3E-1,0.E0));
#3862=DIRECTION('',(0.E0,1.E0,0.E0));
#3863=DIRECTION('',(1.E0,0.E0,0.E0));
#3864=AXIS2_PLACEMENT_3D('',#3861,#3862,#3863);
#3865=PLANE('',#3864);
#3867=ORIENTED_EDGE('',*,*,#3866,.T.);
#3868=ORIENTED_EDGE('',*,*,#3796,.T.);
#3869=ORIENTED_EDGE('',*,*,#3850,.T.);
#3870=ORIENTED_EDGE('',*,*,#3592,.T.);
#3871=EDGE_LOOP('',(#3867,#3868,#3869,#3870));
#3872=FACE_OUTER_BOUND('',#3871,.F.);
#3873=ADVANCED_FACE('',(#3872),#3865,.T.);
#3874=CARTESIAN_POINT('',(4.5E0,-3.83E0,-9.5E-1));
#3875=DIRECTION('',(0.E0,0.E0,-1.E0));
#3876=DIRECTION('',(0.E0,1.E0,0.E0));
#3877=AXIS2_PLACEMENT_3D('',#3874,#3875,#3876);
#3878=PLANE('',#3877);
#3879=ORIENTED_EDGE('',*,*,#3590,.F.);
#3881=ORIENTED_EDGE('',*,*,#3880,.F.);
#3882=ORIENTED_EDGE('',*,*,#3798,.T.);
#3883=ORIENTED_EDGE('',*,*,#3866,.F.);
#3884=EDGE_LOOP('',(#3879,#3881,#3882,#3883));
#3885=FACE_OUTER_BOUND('',#3884,.F.);
#3886=ADVANCED_FACE('',(#3885),#3878,.F.);
#3887=CARTESIAN_POINT('',(4.5E0,-3.83E0,-3.5E-1));
#3888=DIRECTION('',(0.E0,-1.E0,0.E0));
#3889=DIRECTION('',(0.E0,0.E0,-1.E0));
#3890=AXIS2_PLACEMENT_3D('',#3887,#3888,#3889);
#3891=PLANE('',#3890);
#3892=ORIENTED_EDGE('',*,*,#3588,.T.);
#3893=ORIENTED_EDGE('',*,*,#3714,.F.);
#3894=ORIENTED_EDGE('',*,*,#3800,.F.);
#3895=ORIENTED_EDGE('',*,*,#3880,.T.);
#3896=EDGE_LOOP('',(#3892,#3893,#3894,#3895));
#3897=FACE_OUTER_BOUND('',#3896,.F.);
#3898=ADVANCED_FACE('',(#3897),#3891,.F.);
#3899=CARTESIAN_POINT('',(3.75E0,-6.73E0,-2.55E0));
#3900=DIRECTION('',(1.E0,0.E0,0.E0));
#3901=DIRECTION('',(0.E0,0.E0,1.E0));
#3902=AXIS2_PLACEMENT_3D('',#3899,#3900,#3901);
#3903=PLANE('',#3902);
#3905=ORIENTED_EDGE('',*,*,#3904,.F.);
#3907=ORIENTED_EDGE('',*,*,#3906,.T.);
#3909=ORIENTED_EDGE('',*,*,#3908,.F.);
#3910=ORIENTED_EDGE('',*,*,#3854,.T.);
#3911=ORIENTED_EDGE('',*,*,#3480,.T.);
#3912=EDGE_LOOP('',(#3905,#3907,#3909,#3910,#3911));
#3913=FACE_OUTER_BOUND('',#3912,.F.);
#3914=ADVANCED_FACE('',(#3913),#3903,.T.);
#3915=CARTESIAN_POINT('',(-4.585E0,-6.73E0,-2.475E0));
#3916=DIRECTION('',(0.E0,0.E0,1.E0));
#3917=DIRECTION('',(0.E0,-1.E0,0.E0));
#3918=AXIS2_PLACEMENT_3D('',#3915,#3916,#3917);
#3919=PLANE('',#3918);
#3920=ORIENTED_EDGE('',*,*,#3478,.F.);
#3922=ORIENTED_EDGE('',*,*,#3921,.F.);
#3924=ORIENTED_EDGE('',*,*,#3923,.F.);
#3925=ORIENTED_EDGE('',*,*,#3904,.T.);
#3926=EDGE_LOOP('',(#3920,#3922,#3924,#3925));
#3927=FACE_OUTER_BOUND('',#3926,.F.);
#3928=ADVANCED_FACE('',(#3927),#3919,.F.);
#3929=CARTESIAN_POINT('',(-3.75E0,-6.73E0,2.55E0));
#3930=DIRECTION('',(-1.E0,0.E0,0.E0));
#3931=DIRECTION('',(0.E0,0.E0,-1.E0));
#3932=AXIS2_PLACEMENT_3D('',#3929,#3930,#3931);
#3933=PLANE('',#3932);
#3934=ORIENTED_EDGE('',*,*,#3500,.F.);
#3935=ORIENTED_EDGE('',*,*,#3526,.T.);
#3937=ORIENTED_EDGE('',*,*,#3936,.F.);
#3939=ORIENTED_EDGE('',*,*,#3938,.T.);
#3940=ORIENTED_EDGE('',*,*,#3921,.T.);
#3941=ORIENTED_EDGE('',*,*,#3476,.T.);
#3942=EDGE_LOOP('',(#3934,#3935,#3937,#3939,#3940,#3941));
#3943=FACE_OUTER_BOUND('',#3942,.F.);
#3944=ADVANCED_FACE('',(#3943),#3933,.T.);
#3945=CARTESIAN_POINT('',(0.E0,-7.13E0,0.E0));
#3946=DIRECTION('',(0.E0,-1.E0,0.E0));
#3947=DIRECTION('',(0.E0,0.E0,1.E0));
#3948=AXIS2_PLACEMENT_3D('',#3945,#3946,#3947);
#3949=PLANE('',#3948);
#3950=ORIENTED_EDGE('',*,*,#3524,.T.);
#3952=ORIENTED_EDGE('',*,*,#3951,.T.);
#3954=ORIENTED_EDGE('',*,*,#3953,.F.);
#3955=ORIENTED_EDGE('',*,*,#3936,.T.);
#3956=EDGE_LOOP('',(#3950,#3952,#3954,#3955));
#3957=FACE_OUTER_BOUND('',#3956,.F.);
#3958=ADVANCED_FACE('',(#3957),#3949,.T.);
#3959=CARTESIAN_POINT('',(0.E0,-7.48E0,0.E0));
#3960=DIRECTION('',(0.E0,1.E0,0.E0));
#3961=DIRECTION('',(0.E0,0.E0,-1.E0));
#3962=AXIS2_PLACEMENT_3D('',#3959,#3960,#3961);
#3963=CONICAL_SURFACE('',#3962,2.899189292146E0,8.E0);
#3964=ORIENTED_EDGE('',*,*,#3522,.T.);
#3966=ORIENTED_EDGE('',*,*,#3965,.F.);
#3968=ORIENTED_EDGE('',*,*,#3967,.T.);
#3969=ORIENTED_EDGE('',*,*,#3951,.F.);
#3970=EDGE_LOOP('',(#3964,#3966,#3968,#3969));
#3971=FACE_OUTER_BOUND('',#3970,.F.);
#3972=ADVANCED_FACE('',(#3971),#3963,.T.);
#3973=CARTESIAN_POINT('',(0.E0,-7.83E0,0.E0));
#3974=DIRECTION('',(0.E0,-1.E0,0.E0));
#3975=DIRECTION('',(0.E0,0.E0,1.E0));
#3976=AXIS2_PLACEMENT_3D('',#3973,#3974,#3975);
#3977=PLANE('',#3976);
#3978=ORIENTED_EDGE('',*,*,#3520,.T.);
#3980=ORIENTED_EDGE('',*,*,#3979,.T.);
#3982=ORIENTED_EDGE('',*,*,#3981,.F.);
#3983=ORIENTED_EDGE('',*,*,#3965,.T.);
#3984=EDGE_LOOP('',(#3978,#3980,#3982,#3983));
#3985=FACE_OUTER_BOUND('',#3984,.F.);
#3986=ADVANCED_FACE('',(#3985),#3977,.T.);
#3987=CARTESIAN_POINT('',(0.E0,-7.48E0,0.E0));
#3988=DIRECTION('',(0.E0,1.E0,0.E0));
#3989=DIRECTION('',(0.E0,0.E0,-1.E0));
#3990=AXIS2_PLACEMENT_3D('',#3987,#3988,#3989);
#3991=CONICAL_SURFACE('',#3990,2.899189292146E0,8.E0);
#3992=ORIENTED_EDGE('',*,*,#3518,.T.);
#3994=ORIENTED_EDGE('',*,*,#3993,.F.);
#3996=ORIENTED_EDGE('',*,*,#3995,.T.);
#3997=ORIENTED_EDGE('',*,*,#3979,.F.);
#3998=EDGE_LOOP('',(#3992,#3994,#3996,#3997));
#3999=FACE_OUTER_BOUND('',#3998,.F.);
#4000=ADVANCED_FACE('',(#3999),#3991,.T.);
#4001=CARTESIAN_POINT('',(0.E0,-7.13E0,0.E0));
#4002=DIRECTION('',(0.E0,-1.E0,0.E0));
#4003=DIRECTION('',(0.E0,0.E0,1.E0));
#4004=AXIS2_PLACEMENT_3D('',#4001,#4002,#4003);
#4005=PLANE('',#4004);
#4006=ORIENTED_EDGE('',*,*,#3516,.T.);
#4007=ORIENTED_EDGE('',*,*,#3540,.T.);
#4008=ORIENTED_EDGE('',*,*,#3553,.T.);
#4009=ORIENTED_EDGE('',*,*,#3576,.F.);
#4010=ORIENTED_EDGE('',*,*,#3856,.T.);
#4011=ORIENTED_EDGE('',*,*,#3908,.T.);
#4013=ORIENTED_EDGE('',*,*,#4012,.F.);
#4014=ORIENTED_EDGE('',*,*,#3993,.T.);
#4015=EDGE_LOOP('',(#4006,#4007,#4008,#4009,#4010,#4011,#4013,#4014));
#4016=FACE_OUTER_BOUND('',#4015,.F.);
#4017=ADVANCED_FACE('',(#4016),#4005,.T.);
#4018=CARTESIAN_POINT('',(-4.585E0,-7.113218516866E0,-2.475E0));
#4019=DIRECTION('',(0.E0,1.391731009601E-1,9.902680687416E-1));
#4020=DIRECTION('',(0.E0,-9.902680687416E-1,1.391731009601E-1));
#4021=AXIS2_PLACEMENT_3D('',#4018,#4019,#4020);
#4022=PLANE('',#4021);
#4023=ORIENTED_EDGE('',*,*,#4012,.T.);
#4024=ORIENTED_EDGE('',*,*,#3906,.F.);
#4025=ORIENTED_EDGE('',*,*,#3923,.T.);
#4026=ORIENTED_EDGE('',*,*,#3938,.F.);
#4027=ORIENTED_EDGE('',*,*,#3953,.T.);
#4028=ORIENTED_EDGE('',*,*,#3967,.F.);
#4029=ORIENTED_EDGE('',*,*,#3981,.T.);
#4030=ORIENTED_EDGE('',*,*,#3995,.F.);
#4031=EDGE_LOOP('',(#4023,#4024,#4025,#4026,#4027,#4028,#4029,#4030));
#4032=FACE_OUTER_BOUND('',#4031,.F.);
#4033=ADVANCED_FACE('',(#4032),#4022,.F.);
#4034=CARTESIAN_POINT('',(0.E0,-6.73E0,0.E0));
#4035=DIRECTION('',(0.E0,-1.E0,0.E0));
#4036=DIRECTION('',(1.E0,0.E0,0.E0));
#4037=AXIS2_PLACEMENT_3D('',#4034,#4035,#4036);
#4038=CYLINDRICAL_SURFACE('',#4037,2.5E0);
#4040=ORIENTED_EDGE('',*,*,#4039,.T.);
#4042=ORIENTED_EDGE('',*,*,#4041,.T.);
#4044=ORIENTED_EDGE('',*,*,#4043,.T.);
#4046=ORIENTED_EDGE('',*,*,#4045,.F.);
#4048=ORIENTED_EDGE('',*,*,#4047,.F.);
#4050=ORIENTED_EDGE('',*,*,#4049,.T.);
#4051=EDGE_LOOP('',(#4040,#4042,#4044,#4046,#4048,#4050));
#4052=FACE_OUTER_BOUND('',#4051,.F.);
#4053=ADVANCED_FACE('',(#4052),#4038,.T.);
#4054=CARTESIAN_POINT('',(1.356465996625E0,-6.73E0,2.1E0));
#4055=DIRECTION('',(0.E0,0.E0,1.E0));
#4056=DIRECTION('',(-1.E0,0.E0,0.E0));
#4057=AXIS2_PLACEMENT_3D('',#4054,#4055,#4056);
#4058=PLANE('',#4057);
#4060=ORIENTED_EDGE('',*,*,#4059,.T.);
#4062=ORIENTED_EDGE('',*,*,#4061,.F.);
#4064=ORIENTED_EDGE('',*,*,#4063,.F.);
#4066=ORIENTED_EDGE('',*,*,#4065,.F.);
#4067=ORIENTED_EDGE('',*,*,#4043,.F.);
#4068=EDGE_LOOP('',(#4060,#4062,#4064,#4066,#4067));
#4069=FACE_OUTER_BOUND('',#4068,.F.);
#4070=ADVANCED_FACE('',(#4069),#4058,.T.);
#4071=CARTESIAN_POINT('',(0.E0,-6.73E0,0.E0));
#4072=DIRECTION('',(0.E0,-1.E0,0.E0));
#4073=DIRECTION('',(1.E0,0.E0,0.E0));
#4074=AXIS2_PLACEMENT_3D('',#4071,#4072,#4073);
#4075=CYLINDRICAL_SURFACE('',#4074,2.5E0);
#4077=ORIENTED_EDGE('',*,*,#4076,.T.);
#4079=ORIENTED_EDGE('',*,*,#4078,.T.);
#4081=ORIENTED_EDGE('',*,*,#4080,.T.);
#4083=ORIENTED_EDGE('',*,*,#4082,.F.);
#4085=ORIENTED_EDGE('',*,*,#4084,.F.);
#4086=ORIENTED_EDGE('',*,*,#4061,.T.);
#4087=EDGE_LOOP('',(#4077,#4079,#4081,#4083,#4085,#4086));
#4088=FACE_OUTER_BOUND('',#4087,.F.);
#4089=ADVANCED_FACE('',(#4088),#4075,.T.);
#4090=CARTESIAN_POINT('',(-1.356465996625E0,-6.73E0,-2.1E0));
#4091=DIRECTION('',(0.E0,0.E0,-1.E0));
#4092=DIRECTION('',(1.E0,0.E0,0.E0));
#4093=AXIS2_PLACEMENT_3D('',#4090,#4091,#4092);
#4094=PLANE('',#4093);
#4096=ORIENTED_EDGE('',*,*,#4095,.T.);
#4097=ORIENTED_EDGE('',*,*,#4049,.F.);
#4099=ORIENTED_EDGE('',*,*,#4098,.F.);
#4101=ORIENTED_EDGE('',*,*,#4100,.F.);
#4102=ORIENTED_EDGE('',*,*,#4080,.F.);
#4103=EDGE_LOOP('',(#4096,#4097,#4099,#4101,#4102));
#4104=FACE_OUTER_BOUND('',#4103,.F.);
#4105=ADVANCED_FACE('',(#4104),#4094,.T.);
#4106=CARTESIAN_POINT('',(-1.296148139682E0,-8.73E0,-2.1E0));
#4107=DIRECTION('',(0.E0,-7.071067811865E-1,-7.071067811865E-1));
#4108=DIRECTION('',(1.E0,0.E0,0.E0));
#4109=AXIS2_PLACEMENT_3D('',#4106,#4107,#4108);
#4110=PLANE('',#4109);
#4112=ORIENTED_EDGE('',*,*,#4111,.T.);
#4114=ORIENTED_EDGE('',*,*,#4113,.T.);
#4115=ORIENTED_EDGE('',*,*,#4098,.T.);
#4117=ORIENTED_EDGE('',*,*,#4116,.F.);
#4119=ORIENTED_EDGE('',*,*,#4118,.F.);
#4121=ORIENTED_EDGE('',*,*,#4120,.T.);
#4122=ORIENTED_EDGE('',*,*,#4100,.T.);
#4124=ORIENTED_EDGE('',*,*,#4123,.T.);
#4125=EDGE_LOOP('',(#4112,#4114,#4115,#4117,#4119,#4121,#4122,#4124));
#4126=FACE_OUTER_BOUND('',#4125,.F.);
#4127=ADVANCED_FACE('',(#4126),#4110,.T.);
#4128=CARTESIAN_POINT('',(0.E0,-5.93E0,0.E0));
#4129=DIRECTION('',(0.E0,1.E0,0.E0));
#4130=DIRECTION('',(1.E0,0.E0,0.E0));
#4131=AXIS2_PLACEMENT_3D('',#4128,#4129,#4130);
#4132=CYLINDRICAL_SURFACE('',#4131,2.1E0);
#4133=ORIENTED_EDGE('',*,*,#4123,.F.);
#4134=ORIENTED_EDGE('',*,*,#4113,.F.);
#4136=ORIENTED_EDGE('',*,*,#4135,.T.);
#4137=EDGE_LOOP('',(#4133,#4134,#4136));
#4138=FACE_OUTER_BOUND('',#4137,.F.);
#4139=ADVANCED_FACE('',(#4138),#4132,.T.);
#4140=CARTESIAN_POINT('',(0.E0,-8.83E0,0.E0));
#4141=DIRECTION('',(0.E0,1.E0,0.E0));
#4142=DIRECTION('',(-1.E0,0.E0,0.E0));
#4143=AXIS2_PLACEMENT_3D('',#4140,#4141,#4142);
#4144=CONICAL_SURFACE('',#4143,2.4E0,4.5E1);
#4145=ORIENTED_EDGE('',*,*,#4047,.T.);
#4146=ORIENTED_EDGE('',*,*,#4045,.T.);
#4148=ORIENTED_EDGE('',*,*,#4147,.F.);
#4150=ORIENTED_EDGE('',*,*,#4149,.T.);
#4152=ORIENTED_EDGE('',*,*,#4151,.T.);
#4153=ORIENTED_EDGE('',*,*,#4116,.T.);
#4154=EDGE_LOOP('',(#4145,#4146,#4148,#4150,#4152,#4153));
#4155=FACE_OUTER_BOUND('',#4154,.F.);
#4156=ADVANCED_FACE('',(#4155),#4144,.T.);
#4157=CARTESIAN_POINT('',(1.296148139682E0,-8.73E0,2.1E0));
#4158=DIRECTION('',(0.E0,-7.071067811865E-1,7.071067811865E-1));
#4159=DIRECTION('',(-1.E0,0.E0,0.E0));
#4160=AXIS2_PLACEMENT_3D('',#4157,#4158,#4159);
#4161=PLANE('',#4160);
#4163=ORIENTED_EDGE('',*,*,#4162,.T.);
#4165=ORIENTED_EDGE('',*,*,#4164,.T.);
#4166=ORIENTED_EDGE('',*,*,#4063,.T.);
#4168=ORIENTED_EDGE('',*,*,#4167,.F.);
#4170=ORIENTED_EDGE('',*,*,#4169,.F.);
#4171=ORIENTED_EDGE('',*,*,#4147,.T.);
#4172=ORIENTED_EDGE('',*,*,#4065,.T.);
#4174=ORIENTED_EDGE('',*,*,#4173,.T.);
#4175=EDGE_LOOP('',(#4163,#4165,#4166,#4168,#4170,#4171,#4172,#4174));
#4176=FACE_OUTER_BOUND('',#4175,.F.);
#4177=ADVANCED_FACE('',(#4176),#4161,.T.);
#4178=CARTESIAN_POINT('',(0.E0,-5.93E0,0.E0));
#4179=DIRECTION('',(0.E0,1.E0,0.E0));
#4180=DIRECTION('',(1.E0,0.E0,0.E0));
#4181=AXIS2_PLACEMENT_3D('',#4178,#4179,#4180);
#4182=CYLINDRICAL_SURFACE('',#4181,2.1E0);
#4183=ORIENTED_EDGE('',*,*,#4173,.F.);
#4184=ORIENTED_EDGE('',*,*,#4164,.F.);
#4186=ORIENTED_EDGE('',*,*,#4185,.T.);
#4187=EDGE_LOOP('',(#4183,#4184,#4186));
#4188=FACE_OUTER_BOUND('',#4187,.F.);
#4189=ADVANCED_FACE('',(#4188),#4182,.T.);
#4190=CARTESIAN_POINT('',(0.E0,-8.83E0,0.E0));
#4191=DIRECTION('',(0.E0,1.E0,0.E0));
#4192=DIRECTION('',(-1.E0,0.E0,0.E0));
#4193=AXIS2_PLACEMENT_3D('',#4190,#4191,#4192);
#4194=CONICAL_SURFACE('',#4193,2.4E0,4.5E1);
#4195=ORIENTED_EDGE('',*,*,#4084,.T.);
#4196=ORIENTED_EDGE('',*,*,#4082,.T.);
#4197=ORIENTED_EDGE('',*,*,#4120,.F.);
#4199=ORIENTED_EDGE('',*,*,#4198,.T.);
#4201=ORIENTED_EDGE('',*,*,#4200,.T.);
#4202=ORIENTED_EDGE('',*,*,#4167,.T.);
#4203=EDGE_LOOP('',(#4195,#4196,#4197,#4199,#4201,#4202));
#4204=FACE_OUTER_BOUND('',#4203,.F.);
#4205=ADVANCED_FACE('',(#4204),#4194,.T.);
#4206=CARTESIAN_POINT('',(0.E0,-8.73E0,0.E0));
#4207=DIRECTION('',(0.E0,-1.E0,0.E0));
#4208=DIRECTION('',(1.E0,0.E0,0.E0));
#4209=AXIS2_PLACEMENT_3D('',#4206,#4207,#4208);
#4210=CYLINDRICAL_SURFACE('',#4209,2.3E0);
#4212=ORIENTED_EDGE('',*,*,#4211,.F.);
#4214=ORIENTED_EDGE('',*,*,#4213,.F.);
#4216=ORIENTED_EDGE('',*,*,#4215,.T.);
#4217=ORIENTED_EDGE('',*,*,#4200,.F.);
#4218=ORIENTED_EDGE('',*,*,#4198,.F.);
#4220=ORIENTED_EDGE('',*,*,#4219,.T.);
#4221=EDGE_LOOP('',(#4212,#4214,#4216,#4217,#4218,#4220));
#4222=FACE_OUTER_BOUND('',#4221,.F.);
#4223=ADVANCED_FACE('',(#4222),#4210,.T.);
#4224=CARTESIAN_POINT('',(-2.735360007389E-7,-1.268000005651E1,
3.292069613474E-7));
#4225=DIRECTION('',(0.E0,1.E0,0.E0));
#4226=DIRECTION('',(0.E0,0.E0,1.E0));
#4227=AXIS2_PLACEMENT_3D('',#4224,#4225,#4226);
#4228=CONICAL_SURFACE('',#4227,2.200000289977E0,4.500000095695E1);
#4230=ORIENTED_EDGE('',*,*,#4229,.F.);
#4232=ORIENTED_EDGE('',*,*,#4231,.T.);
#4233=ORIENTED_EDGE('',*,*,#4213,.T.);
#4234=ORIENTED_EDGE('',*,*,#4211,.T.);
#4236=ORIENTED_EDGE('',*,*,#4235,.F.);
#4237=EDGE_LOOP('',(#4230,#4232,#4233,#4234,#4236));
#4238=FACE_OUTER_BOUND('',#4237,.F.);
#4239=ADVANCED_FACE('',(#4238),#4228,.T.);
#4240=CARTESIAN_POINT('',(0.E0,-1.278E1,0.E0));
#4241=DIRECTION('',(0.E0,-1.E0,0.E0));
#4242=DIRECTION('',(1.E0,0.E0,0.E0));
#4243=AXIS2_PLACEMENT_3D('',#4240,#4241,#4242);
#4244=PLANE('',#4243);
#4245=ORIENTED_EDGE('',*,*,#4229,.T.);
#4247=ORIENTED_EDGE('',*,*,#4246,.T.);
#4249=ORIENTED_EDGE('',*,*,#4248,.T.);
#4251=ORIENTED_EDGE('',*,*,#4250,.T.);
#4252=EDGE_LOOP('',(#4245,#4247,#4249,#4251));
#4253=FACE_OUTER_BOUND('',#4252,.F.);
#4254=ADVANCED_FACE('',(#4253),#4244,.T.);
#4255=CARTESIAN_POINT('',(0.E0,-1.268E1,-1.8E0));
#4256=DIRECTION('',(0.E0,-7.071067811865E-1,-7.071067811865E-1));
#4257=DIRECTION('',(0.E0,7.071067811865E-1,-7.071067811865E-1));
#4258=AXIS2_PLACEMENT_3D('',#4255,#4256,#4257);
#4259=PLANE('',#4258);
#4261=ORIENTED_EDGE('',*,*,#4260,.T.);
#4263=ORIENTED_EDGE('',*,*,#4262,.F.);
#4264=ORIENTED_EDGE('',*,*,#4246,.F.);
#4265=ORIENTED_EDGE('',*,*,#4235,.T.);
#4266=EDGE_LOOP('',(#4261,#4263,#4264,#4265));
#4267=FACE_OUTER_BOUND('',#4266,.F.);
#4268=ADVANCED_FACE('',(#4267),#4259,.T.);
#4269=CARTESIAN_POINT('',(-1.296148139682E0,-8.73E0,-1.9E0));
#4270=DIRECTION('',(0.E0,0.E0,-1.E0));
#4271=DIRECTION('',(1.E0,0.E0,0.E0));
#4272=AXIS2_PLACEMENT_3D('',#4269,#4270,#4271);
#4273=PLANE('',#4272);
#4274=ORIENTED_EDGE('',*,*,#4260,.F.);
#4275=ORIENTED_EDGE('',*,*,#4219,.F.);
#4276=ORIENTED_EDGE('',*,*,#4118,.T.);
#4278=ORIENTED_EDGE('',*,*,#4277,.F.);
#4279=EDGE_LOOP('',(#4274,#4275,#4276,#4278));
#4280=FACE_OUTER_BOUND('',#4279,.F.);
#4281=ADVANCED_FACE('',(#4280),#4273,.T.);
#4282=CARTESIAN_POINT('',(0.E0,-8.73E0,0.E0));
#4283=DIRECTION('',(0.E0,-1.E0,0.E0));
#4284=DIRECTION('',(1.E0,0.E0,0.E0));
#4285=AXIS2_PLACEMENT_3D('',#4282,#4283,#4284);
#4286=CYLINDRICAL_SURFACE('',#4285,2.3E0);
#4288=ORIENTED_EDGE('',*,*,#4287,.F.);
#4290=ORIENTED_EDGE('',*,*,#4289,.F.);
#4291=ORIENTED_EDGE('',*,*,#4277,.T.);
#4292=ORIENTED_EDGE('',*,*,#4151,.F.);
#4293=ORIENTED_EDGE('',*,*,#4149,.F.);
#4295=ORIENTED_EDGE('',*,*,#4294,.T.);
#4296=EDGE_LOOP('',(#4288,#4290,#4291,#4292,#4293,#4295));
#4297=FACE_OUTER_BOUND('',#4296,.F.);
#4298=ADVANCED_FACE('',(#4297),#4286,.T.);
#4299=CARTESIAN_POINT('',(2.735360008499E-7,-1.268000005651E1,
-3.292069736469E-7));
#4300=DIRECTION('',(0.E0,1.E0,0.E0));
#4301=DIRECTION('',(0.E0,0.E0,1.E0));
#4302=AXIS2_PLACEMENT_3D('',#4299,#4300,#4301);
#4303=CONICAL_SURFACE('',#4302,2.200000289977E0,4.500000095695E1);
#4304=ORIENTED_EDGE('',*,*,#4248,.F.);
#4305=ORIENTED_EDGE('',*,*,#4262,.T.);
#4306=ORIENTED_EDGE('',*,*,#4289,.T.);
#4307=ORIENTED_EDGE('',*,*,#4287,.T.);
#4309=ORIENTED_EDGE('',*,*,#4308,.F.);
#4310=EDGE_LOOP('',(#4304,#4305,#4306,#4307,#4309));
#4311=FACE_OUTER_BOUND('',#4310,.F.);
#4312=ADVANCED_FACE('',(#4311),#4303,.T.);
#4313=CARTESIAN_POINT('',(0.E0,-1.268E1,1.8E0));
#4314=DIRECTION('',(0.E0,-7.071067811865E-1,7.071067811865E-1));
#4315=DIRECTION('',(0.E0,7.071067811865E-1,7.071067811865E-1));
#4316=AXIS2_PLACEMENT_3D('',#4313,#4314,#4315);
#4317=PLANE('',#4316);
#4318=ORIENTED_EDGE('',*,*,#4250,.F.);
#4319=ORIENTED_EDGE('',*,*,#4308,.T.);
#4321=ORIENTED_EDGE('',*,*,#4320,.T.);
#4322=ORIENTED_EDGE('',*,*,#4231,.F.);
#4323=EDGE_LOOP('',(#4318,#4319,#4321,#4322));
#4324=FACE_OUTER_BOUND('',#4323,.F.);
#4325=ADVANCED_FACE('',(#4324),#4317,.T.);
#4326=CARTESIAN_POINT('',(1.296148139682E0,-8.73E0,1.9E0));
#4327=DIRECTION('',(0.E0,0.E0,1.E0));
#4328=DIRECTION('',(-1.E0,0.E0,0.E0));
#4329=AXIS2_PLACEMENT_3D('',#4326,#4327,#4328);
#4330=PLANE('',#4329);
#4331=ORIENTED_EDGE('',*,*,#4320,.F.);
#4332=ORIENTED_EDGE('',*,*,#4294,.F.);
#4333=ORIENTED_EDGE('',*,*,#4169,.T.);
#4334=ORIENTED_EDGE('',*,*,#4215,.F.);
#4335=EDGE_LOOP('',(#4331,#4332,#4333,#4334));
#4336=FACE_OUTER_BOUND('',#4335,.F.);
#4337=ADVANCED_FACE('',(#4336),#4330,.T.);
#4338=CARTESIAN_POINT('',(-8.882119672276E-1,-1.375870876462E1,0.E0));
#4339=DIRECTION('',(-2.079116908178E-1,-9.781476007338E-1,0.E0));
#4340=DIRECTION('',(9.781476007338E-1,-2.079116908178E-1,0.E0));
#4341=AXIS2_PLACEMENT_3D('',#4338,#4339,#4340);
#4342=CONICAL_SURFACE('',#4341,1.025E0,3.170154515080E0);
#4344=ORIENTED_EDGE('',*,*,#4343,.T.);
#4346=ORIENTED_EDGE('',*,*,#4345,.T.);
#4348=ORIENTED_EDGE('',*,*,#4347,.F.);
#4350=ORIENTED_EDGE('',*,*,#4349,.F.);
#4351=EDGE_LOOP('',(#4344,#4346,#4348,#4350));
#4352=FACE_OUTER_BOUND('',#4351,.F.);
#4353=ADVANCED_FACE('',(#4352),#4342,.T.);
#4354=CARTESIAN_POINT('',(-8.882119672276E-1,-1.375870876462E1,0.E0));
#4355=DIRECTION('',(-2.079116908178E-1,-9.781476007338E-1,0.E0));
#4356=DIRECTION('',(9.781476007338E-1,-2.079116908178E-1,0.E0));
#4357=AXIS2_PLACEMENT_3D('',#4354,#4355,#4356);
#4358=CONICAL_SURFACE('',#4357,1.025E0,3.170154515080E0);
#4359=ORIENTED_EDGE('',*,*,#4343,.F.);
#4361=ORIENTED_EDGE('',*,*,#4360,.F.);
#4362=ORIENTED_EDGE('',*,*,#4347,.T.);
#4364=ORIENTED_EDGE('',*,*,#4363,.T.);
#4365=EDGE_LOOP('',(#4359,#4361,#4362,#4364));
#4366=FACE_OUTER_BOUND('',#4365,.F.);
#4367=ADVANCED_FACE('',(#4366),#4358,.T.);
#4368=CARTESIAN_POINT('',(-1.558955296821E0,-1.691430802875E1,0.E0));
#4369=DIRECTION('',(-2.079116908178E-1,-9.781476007338E-1,0.E0));
#4370=DIRECTION('',(9.781476007338E-1,-2.079116908178E-1,0.E0));
#4371=AXIS2_PLACEMENT_3D('',#4368,#4369,#4370);
#4372=SPHERICAL_SURFACE('',#4371,1.201839166959E0);
#4374=ORIENTED_EDGE('',*,*,#4373,.F.);
#4376=ORIENTED_EDGE('',*,*,#4375,.T.);
#4377=ORIENTED_EDGE('',*,*,#4360,.T.);
#4378=EDGE_LOOP('',(#4374,#4376,#4377));
#4379=FACE_OUTER_BOUND('',#4378,.F.);
#4380=ADVANCED_FACE('',(#4379),#4372,.T.);
#4381=CARTESIAN_POINT('',(-1.558955296821E0,-1.691430802875E1,0.E0));
#4382=DIRECTION('',(-2.079116908178E-1,-9.781476007338E-1,0.E0));
#4383=DIRECTION('',(9.781476007338E-1,-2.079116908178E-1,0.E0));
#4384=AXIS2_PLACEMENT_3D('',#4381,#4382,#4383);
#4385=SPHERICAL_SURFACE('',#4384,1.201839166959E0);
#4386=ORIENTED_EDGE('',*,*,#4373,.T.);
#4387=ORIENTED_EDGE('',*,*,#4349,.T.);
#4388=ORIENTED_EDGE('',*,*,#4375,.F.);
#4389=EDGE_LOOP('',(#4386,#4387,#4388));
#4390=FACE_OUTER_BOUND('',#4389,.F.);
#4391=ADVANCED_FACE('',(#4390),#4385,.T.);
#4392=CARTESIAN_POINT('',(5.220204102887E0,-4.23E0,-3.5E-1));
#4393=DIRECTION('',(0.E0,0.E0,1.E0));
#4394=DIRECTION('',(-1.E0,0.E0,0.E0));
#4395=AXIS2_PLACEMENT_3D('',#4392,#4393,#4394);
#4396=CYLINDRICAL_SURFACE('',#4395,4.E-1);
#4397=ORIENTED_EDGE('',*,*,#3717,.F.);
#4398=ORIENTED_EDGE('',*,*,#3615,.T.);
#4399=ORIENTED_EDGE('',*,*,#3635,.F.);
#4401=ORIENTED_EDGE('',*,*,#4400,.T.);
#4402=EDGE_LOOP('',(#4397,#4398,#4399,#4401));
#4403=FACE_OUTER_BOUND('',#4402,.F.);
#4404=ADVANCED_FACE('',(#4403),#4396,.F.);
#4405=CARTESIAN_POINT('',(6.2E0,-3.73E0,-3.5E-1));
#4406=DIRECTION('',(0.E0,0.E0,1.E0));
#4407=DIRECTION('',(-1.E0,0.E0,0.E0));
#4408=AXIS2_PLACEMENT_3D('',#4405,#4406,#4407);
#4409=CYLINDRICAL_SURFACE('',#4408,7.E-1);
#4410=ORIENTED_EDGE('',*,*,#3719,.F.);
#4411=ORIENTED_EDGE('',*,*,#4400,.F.);
#4412=ORIENTED_EDGE('',*,*,#3633,.F.);
#4414=ORIENTED_EDGE('',*,*,#4413,.T.);
#4415=EDGE_LOOP('',(#4410,#4411,#4412,#4414));
#4416=FACE_OUTER_BOUND('',#4415,.F.);
#4417=ADVANCED_FACE('',(#4416),#4409,.T.);
#4418=CARTESIAN_POINT('',(7.179795897113E0,-4.23E0,-3.5E-1));
#4419=DIRECTION('',(0.E0,0.E0,1.E0));
#4420=DIRECTION('',(-1.E0,0.E0,0.E0));
#4421=AXIS2_PLACEMENT_3D('',#4418,#4419,#4420);
#4422=CYLINDRICAL_SURFACE('',#4421,4.E-1);
#4423=ORIENTED_EDGE('',*,*,#3721,.F.);
#4424=ORIENTED_EDGE('',*,*,#4413,.F.);
#4425=ORIENTED_EDGE('',*,*,#3631,.F.);
#4427=ORIENTED_EDGE('',*,*,#4426,.T.);
#4428=EDGE_LOOP('',(#4423,#4424,#4425,#4427));
#4429=FACE_OUTER_BOUND('',#4428,.F.);
#4430=ADVANCED_FACE('',(#4429),#4422,.F.);
#4431=CARTESIAN_POINT('',(7.179795897113E0,-3.83E0,-3.5E-1));
#4432=DIRECTION('',(0.E0,-1.E0,0.E0));
#4433=DIRECTION('',(1.E0,0.E0,0.E0));
#4434=AXIS2_PLACEMENT_3D('',#4431,#4432,#4433);
#4435=PLANE('',#4434);
#4436=ORIENTED_EDGE('',*,*,#3664,.T.);
#4437=ORIENTED_EDGE('',*,*,#3723,.T.);
#4438=ORIENTED_EDGE('',*,*,#4426,.F.);
#4439=ORIENTED_EDGE('',*,*,#3629,.F.);
#4440=EDGE_LOOP('',(#4436,#4437,#4438,#4439));
#4441=FACE_OUTER_BOUND('',#4440,.F.);
#4442=ADVANCED_FACE('',(#4441),#4435,.T.);
#4443=CARTESIAN_POINT('',(4.1E0,-5.73E0,0.E0));
#4444=DIRECTION('',(1.E0,0.E0,0.E0));
#4445=DIRECTION('',(0.E0,0.E0,1.E0));
#4446=AXIS2_PLACEMENT_3D('',#4443,#4444,#4445);
#4447=SPHERICAL_SURFACE('',#4446,5.E-1);
#4449=ORIENTED_EDGE('',*,*,#4448,.T.);
#4451=ORIENTED_EDGE('',*,*,#4450,.F.);
#4453=ORIENTED_EDGE('',*,*,#4452,.T.);
#4454=EDGE_LOOP('',(#4449,#4451,#4453));
#4455=FACE_OUTER_BOUND('',#4454,.F.);
#4456=ADVANCED_FACE('',(#4455),#4447,.T.);
#4457=CARTESIAN_POINT('',(4.1E0,-5.73E0,0.E0));
#4458=DIRECTION('',(1.E0,0.E0,0.E0));
#4459=DIRECTION('',(0.E0,0.E0,1.E0));
#4460=AXIS2_PLACEMENT_3D('',#4457,#4458,#4459);
#4461=SPHERICAL_SURFACE('',#4460,5.E-1);
#4463=ORIENTED_EDGE('',*,*,#4462,.T.);
#4464=ORIENTED_EDGE('',*,*,#4452,.F.);
#4465=ORIENTED_EDGE('',*,*,#4450,.T.);
#4466=EDGE_LOOP('',(#4463,#4464,#4465));
#4467=FACE_OUTER_BOUND('',#4466,.F.);
#4468=ADVANCED_FACE('',(#4467),#4461,.T.);
#4469=CARTESIAN_POINT('',(3.920768987597E0,-1.23E0,-1.6E0));
#4470=DIRECTION('',(-1.E0,0.E0,0.E0));
#4471=DIRECTION('',(0.E0,0.E0,1.E0));
#4472=AXIS2_PLACEMENT_3D('',#4469,#4470,#4471);
#4473=SPHERICAL_SURFACE('',#4472,6.792310124029E-1);
#4475=ORIENTED_EDGE('',*,*,#4474,.T.);
#4477=ORIENTED_EDGE('',*,*,#4476,.T.);
#4479=ORIENTED_EDGE('',*,*,#4478,.F.);
#4480=EDGE_LOOP('',(#4475,#4477,#4479));
#4481=FACE_OUTER_BOUND('',#4480,.F.);
#4482=ADVANCED_FACE('',(#4481),#4473,.T.);
#4483=CARTESIAN_POINT('',(3.920768987597E0,-1.23E0,-1.6E0));
#4484=DIRECTION('',(-1.E0,0.E0,0.E0));
#4485=DIRECTION('',(0.E0,0.E0,1.E0));
#4486=AXIS2_PLACEMENT_3D('',#4483,#4484,#4485);
#4487=SPHERICAL_SURFACE('',#4486,6.792310124029E-1);
#4489=ORIENTED_EDGE('',*,*,#4488,.T.);
#4490=ORIENTED_EDGE('',*,*,#4478,.T.);
#4491=ORIENTED_EDGE('',*,*,#4476,.F.);
#4492=EDGE_LOOP('',(#4489,#4490,#4491));
#4493=FACE_OUTER_BOUND('',#4492,.F.);
#4494=ADVANCED_FACE('',(#4493),#4487,.T.);
#4495=CARTESIAN_POINT('',(3.920768987597E0,-1.23E0,1.6E0));
#4496=DIRECTION('',(1.E0,0.E0,0.E0));
#4497=DIRECTION('',(0.E0,0.E0,-1.E0));
#4498=AXIS2_PLACEMENT_3D('',#4495,#4496,#4497);
#4499=SPHERICAL_SURFACE('',#4498,6.792310124029E-1);
#4501=ORIENTED_EDGE('',*,*,#4500,.T.);
#4503=ORIENTED_EDGE('',*,*,#4502,.F.);
#4505=ORIENTED_EDGE('',*,*,#4504,.T.);
#4506=EDGE_LOOP('',(#4501,#4503,#4505));
#4507=FACE_OUTER_BOUND('',#4506,.F.);
#4508=ADVANCED_FACE('',(#4507),#4499,.T.);
#4509=CARTESIAN_POINT('',(3.920768987597E0,-1.23E0,1.6E0));
#4510=DIRECTION('',(1.E0,0.E0,0.E0));
#4511=DIRECTION('',(0.E0,0.E0,-1.E0));
#4512=AXIS2_PLACEMENT_3D('',#4509,#4510,#4511);
#4513=SPHERICAL_SURFACE('',#4512,6.792310124029E-1);
#4514=ORIENTED_EDGE('',*,*,#4500,.F.);
#4516=ORIENTED_EDGE('',*,*,#4515,.T.);
#4517=ORIENTED_EDGE('',*,*,#4502,.T.);
#4518=EDGE_LOOP('',(#4514,#4516,#4517));
#4519=FACE_OUTER_BOUND('',#4518,.F.);
#4520=ADVANCED_FACE('',(#4519),#4513,.T.);
#4521=CARTESIAN_POINT('',(-3.635623626307E0,-6.43E0,2.405897674687E0));
#4522=DIRECTION('',(0.E0,0.E0,-1.E0));
#4523=DIRECTION('',(0.E0,-1.E0,0.E0));
#4524=AXIS2_PLACEMENT_3D('',#4521,#4522,#4523);
#4525=CYLINDRICAL_SURFACE('',#4524,3.E-1);
#4527=ORIENTED_EDGE('',*,*,#4526,.T.);
#4528=ORIENTED_EDGE('',*,*,#3442,.F.);
#4529=ORIENTED_EDGE('',*,*,#2839,.T.);
#4531=ORIENTED_EDGE('',*,*,#4530,.T.);
#4532=EDGE_LOOP('',(#4527,#4528,#4529,#4531));
#4533=FACE_OUTER_BOUND('',#4532,.F.);
#4534=ADVANCED_FACE('',(#4533),#4525,.T.);
#4535=CARTESIAN_POINT('',(-3.635751206173E0,-6.729999943874E0,
2.085496046441E0));
#4536=CARTESIAN_POINT('',(-3.662990216042E0,-6.729939034564E0,
2.086404025954E0));
#4537=CARTESIAN_POINT('',(-3.717113555278E0,-6.722588375161E0,
2.088206718228E0));
#4538=CARTESIAN_POINT('',(-3.793172941130E0,-6.689756863307E0,
2.090735567801E0));
#4539=CARTESIAN_POINT('',(-3.857717588145E0,-6.637292334430E0,
2.092876014826E0));
#4540=CARTESIAN_POINT('',(-3.905551392723E0,-6.569351590430E0,
2.094455917628E0));
#4541=CARTESIAN_POINT('',(-3.930199317019E0,-6.499571038015E0,
2.095265467271E0));
#4542=CARTESIAN_POINT('',(-3.935242450808E0,-6.453765074690E0,
2.095430791314E0));
#4543=CARTESIAN_POINT('',(-3.935570801951E0,-6.435232389236E0,
2.095441512219E0));
#4544=CARTESIAN_POINT('',(-3.515599263520E0,-6.730105661094E0,
2.205647989094E0));
#4545=CARTESIAN_POINT('',(-3.542878244017E0,-6.740954149198E0,
2.206545351939E0));
#4546=CARTESIAN_POINT('',(-3.601433780846E0,-6.755283548523E0,
2.209831881292E0));
#4547=CARTESIAN_POINT('',(-3.697044012736E0,-6.749238835834E0,
2.219098963398E0));
#4548=CARTESIAN_POINT('',(-3.791614082538E0,-6.710743125582E0,
2.232638248967E0));
#4549=CARTESIAN_POINT('',(-3.874192193835E0,-6.636579900859E0,
2.249085810618E0));
#4550=CARTESIAN_POINT('',(-3.924025821488E0,-6.538741025672E0,
2.262081126299E0));
#4551=CARTESIAN_POINT('',(-3.934930314361E0,-6.467222716509E0,
2.265060335409E0));
#4552=CARTESIAN_POINT('',(-3.935624859638E0,-6.438192777579E0,
2.265294344456E0));
#4553=CARTESIAN_POINT('',(-3.430599582615E0,-6.610009358782E0,
2.290647669998E0));
#4554=CARTESIAN_POINT('',(-3.446995686385E0,-6.628595293980E0,
2.291537522240E0));
#4555=CARTESIAN_POINT('',(-3.487004631190E0,-6.661197158129E0,
2.295873769772E0));
#4556=CARTESIAN_POINT('',(-3.565970373400E0,-6.687242295576E0,
2.309907712924E0));
#4557=CARTESIAN_POINT('',(-3.655914041320E0,-6.679638402316E0,
2.331510935019E0));
#4558=CARTESIAN_POINT('',(-3.743895912885E0,-6.628290863218E0,
2.358476397837E0));
#4559=CARTESIAN_POINT('',(-3.801662849833E0,-6.538566496308E0,
2.380092350038E0));
#4560=CARTESIAN_POINT('',(-3.814691250573E0,-6.467217817043E0,
2.385062199729E0));
#4561=CARTESIAN_POINT('',(-3.815513170923E0,-6.438189861200E0,
2.385454170605E0));
#4562=CARTESIAN_POINT('',(-3.430562837457E0,-6.440088688486E0,
2.290684415156E0));
#4563=CARTESIAN_POINT('',(-3.431530693311E0,-6.458705898086E0,
2.291574264152E0));
#4564=CARTESIAN_POINT('',(-3.440882747611E0,-6.495464783631E0,
2.295910965474E0));
#4565=CARTESIAN_POINT('',(-3.476762504456E0,-6.540097844752E0,
2.309946969329E0));
#4566=CARTESIAN_POINT('',(-3.530139064598E0,-6.562205848846E0,
2.331553677444E0));
#4567=CARTESIAN_POINT('',(-3.591017492031E0,-6.549341938411E0,
2.358523687126E0));
#4568=CARTESIAN_POINT('',(-3.634816344764E0,-6.499149726337E0,
2.380143366008E0));
#4569=CARTESIAN_POINT('',(-3.644986570658E0,-6.453753247579E0,
2.385114076247E0));
#4570=CARTESIAN_POINT('',(-3.645622403942E0,-6.435225349159E0,
2.385506115410E0));
#4571=(BOUNDED_SURFACE()B_SPLINE_SURFACE(3,3,((#4535,#4536,#4537,#4538,#4539,
#4540,#4541,#4542,#4543),(#4544,#4545,#4546,#4547,#4548,#4549,#4550,#4551,
#4552),(#4553,#4554,#4555,#4556,#4557,#4558,#4559,#4560,#4561),(#4562,#4563,
#4564,#4565,#4566,#4567,#4568,#4569,#4570)),.UNSPECIFIED.,.F.,.F.,.F.)B_SPLINE_SURFACE_WITH_KNOTS((4,4),(4,1,1,1,1,1,4),(0.E0,1.000000019099E0),(0.E0,
1.650985069168E-1,3.326707052423E-1,5.005270482750E-1,6.685850495993E-1,
8.352571578674E-1,9.485088178879E-1),.UNSPECIFIED.)GEOMETRIC_REPRESENTATION_ITEM()RATIONAL_B_SPLINE_SURFACE(((1.171649635287E0,1.171649635287E0,1.171649635287E0,
1.171649635287E0,1.171649635287E0,1.171649635287E0,1.171649635287E0,
1.171649635287E0,1.171649635287E0),(9.427834505334E-1,9.427834505334E-1,
9.427834505334E-1,9.427834505334E-1,9.427834505334E-1,9.427834505334E-1,
9.427834505334E-1,9.427834505334E-1,9.427834505334E-1),(9.427834549044E-1,
9.427834549044E-1,9.427834549044E-1,9.427834549044E-1,9.427834549044E-1,
9.427834549044E-1,9.427834549044E-1,9.427834549044E-1,9.427834549044E-1),(
1.171649648400E0,1.171649648400E0,1.171649648400E0,1.171649648400E0,
1.171649648400E0,1.171649648400E0,1.171649648400E0,1.171649648400E0,
1.171649648400E0)))REPRESENTATION_ITEM('')SURFACE());
#4572=ORIENTED_EDGE('',*,*,#4530,.F.);
#4574=ORIENTED_EDGE('',*,*,#4573,.F.);
#4576=ORIENTED_EDGE('',*,*,#4575,.T.);
#4577=EDGE_LOOP('',(#4572,#4574,#4576));
#4578=FACE_OUTER_BOUND('',#4577,.F.);
#4579=ADVANCED_FACE('',(#4578),#4571,.T.);
#4580=CARTESIAN_POINT('',(-3.645223199638E0,-6.453027697190E0,
2.095223199638E0));
#4581=DIRECTION('',(-1.744974916068E-2,9.996954598819E-1,1.744974916068E-2));
#4582=DIRECTION('',(-9.998476951564E-1,-1.745240643728E-2,0.E0));
#4583=AXIS2_PLACEMENT_3D('',#4580,#4581,#4582);
#4584=CYLINDRICAL_SURFACE('',#4583,2.9E-1);
#4585=ORIENTED_EDGE('',*,*,#2837,.F.);
#4587=ORIENTED_EDGE('',*,*,#4586,.T.);
#4588=ORIENTED_EDGE('',*,*,#3026,.F.);
#4589=ORIENTED_EDGE('',*,*,#4573,.T.);
#4590=EDGE_LOOP('',(#4585,#4587,#4588,#4589));
#4591=FACE_OUTER_BOUND('',#4590,.F.);
#4592=ADVANCED_FACE('',(#4591),#4584,.T.);
#4593=CARTESIAN_POINT('',(-3.76E0,1.157341561506E0,2.21E0));
#4594=DIRECTION('',(0.E0,-1.E0,0.E0));
#4595=DIRECTION('',(0.E0,0.E0,1.E0));
#4596=AXIS2_PLACEMENT_3D('',#4593,#4594,#4595);
#4597=CYLINDRICAL_SURFACE('',#4596,2.9E-1);
#4598=ORIENTED_EDGE('',*,*,#3006,.T.);
#4599=ORIENTED_EDGE('',*,*,#4586,.F.);
#4600=ORIENTED_EDGE('',*,*,#2855,.T.);
#4602=ORIENTED_EDGE('',*,*,#4601,.F.);
#4603=EDGE_LOOP('',(#4598,#4599,#4600,#4602));
#4604=FACE_OUTER_BOUND('',#4603,.F.);
#4605=ADVANCED_FACE('',(#4604),#4597,.T.);
#4606=CARTESIAN_POINT('',(-3.76E0,1.12E0,2.5E0));
#4607=CARTESIAN_POINT('',(-3.929878066912E0,1.12E0,2.5E0));
#4608=CARTESIAN_POINT('',(-4.05E0,1.12E0,2.379878066912E0));
#4609=CARTESIAN_POINT('',(-4.05E0,1.12E0,2.21E0));
#4610=CARTESIAN_POINT('',(-3.76E0,1.130466715118E0,2.5E0));
#4611=CARTESIAN_POINT('',(-3.929878066912E0,1.308273248227E0,2.5E0));
#4612=CARTESIAN_POINT('',(-4.05E0,1.434001453528E0,2.379878066912E0));
#4613=CARTESIAN_POINT('',(-4.05E0,1.434001453528E0,2.210000000001E0));
#4614=CARTESIAN_POINT('',(-3.750330015922E0,1.134472153083E0,2.5E0));
#4615=CARTESIAN_POINT('',(-3.755936262616E0,1.380322292054E0,2.5E0));
#4616=CARTESIAN_POINT('',(-3.759900477670E0,1.554164592476E0,2.379878066912E0));
#4617=CARTESIAN_POINT('',(-3.759900477670E0,1.554164592476E0,2.210000000001E0));
#4618=CARTESIAN_POINT('',(-3.742928931454E0,1.127071067078E0,2.5E0));
#4619=CARTESIAN_POINT('',(-3.622806985897E0,1.247192987697E0,2.5E0));
#4620=CARTESIAN_POINT('',(-3.537867943624E0,1.332132012336E0,2.379878066912E0));
#4621=CARTESIAN_POINT('',(-3.537867943625E0,1.332132012337E0,2.21E0));
#4622=(BOUNDED_SURFACE()B_SPLINE_SURFACE(3,3,((#4606,#4607,#4608,#4609),(#4610,
#4611,#4612,#4613),(#4614,#4615,#4616,#4617),(#4618,#4619,#4620,#4621)),
.UNSPECIFIED.,.F.,.F.,.F.)B_SPLINE_SURFACE_WITH_KNOTS((4,4),(4,4),(0.E0,1.E0),(
0.E0,1.E0),.UNSPECIFIED.)GEOMETRIC_REPRESENTATION_ITEM()RATIONAL_B_SPLINE_SURFACE(((1.694636513983E0,1.363738151783E0,1.363738151783E0,1.694636513983E0),(
9.972183290107E-1,8.024993381817E-1,8.024993381817E-1,9.972183290107E-1),(
9.972183290107E-1,8.024993381817E-1,8.024993381817E-1,9.972183290107E-1),(
1.694636513983E0,1.363738151783E0,1.363738151783E0,1.694636513983E0)))REPRESENTATION_ITEM('')SURFACE());
#4623=ORIENTED_EDGE('',*,*,#3008,.F.);
#4624=ORIENTED_EDGE('',*,*,#4601,.T.);
#4625=ORIENTED_EDGE('',*,*,#2872,.T.);
#4626=ORIENTED_EDGE('',*,*,#2989,.T.);
#4627=EDGE_LOOP('',(#4623,#4624,#4625,#4626));
#4628=FACE_OUTER_BOUND('',#4627,.F.);
#4629=ADVANCED_FACE('',(#4628),#4622,.T.);
#4630=CARTESIAN_POINT('',(3.954493591778E0,-6.43E0,2.085623626307E0));
#4631=DIRECTION('',(-1.E0,0.E0,0.E0));
#4632=DIRECTION('',(0.E0,-1.E0,0.E0));
#4633=AXIS2_PLACEMENT_3D('',#4630,#4631,#4632);
#4634=CYLINDRICAL_SURFACE('',#4633,3.E-1);
#4636=ORIENTED_EDGE('',*,*,#4635,.T.);
#4638=ORIENTED_EDGE('',*,*,#4637,.T.);
#4640=ORIENTED_EDGE('',*,*,#4639,.T.);
#4642=ORIENTED_EDGE('',*,*,#4641,.T.);
#4644=ORIENTED_EDGE('',*,*,#4643,.T.);
#4645=ORIENTED_EDGE('',*,*,#4575,.F.);
#4646=ORIENTED_EDGE('',*,*,#3024,.T.);
#4648=ORIENTED_EDGE('',*,*,#4647,.T.);
#4649=EDGE_LOOP('',(#4636,#4638,#4640,#4642,#4644,#4645,#4646,#4648));
#4650=FACE_OUTER_BOUND('',#4649,.F.);
#4651=ADVANCED_FACE('',(#4650),#4634,.T.);
#4652=CARTESIAN_POINT('',(3.635496046475E0,-6.729999943874E0,2.085751206139E0));
#4653=CARTESIAN_POINT('',(3.636404025947E0,-6.729939034577E0,2.112990214767E0));
#4654=CARTESIAN_POINT('',(3.638206718143E0,-6.722588375833E0,2.167113551618E0));
#4655=CARTESIAN_POINT('',(3.640735567626E0,-6.689756866820E0,2.243172934712E0));
#4656=CARTESIAN_POINT('',(3.642876014616E0,-6.637292342121E0,2.307717580540E0));
#4657=CARTESIAN_POINT('',(3.644455917449E0,-6.569351602928E0,2.355551385919E0));
#4658=CARTESIAN_POINT('',(3.645265467255E0,-6.499571048477E0,2.380199315053E0));
#4659=CARTESIAN_POINT('',(3.645430791360E0,-6.453765080479E0,2.385242450708E0));
#4660=CARTESIAN_POINT('',(3.645441512269E0,-6.435232389237E0,2.385570801957E0));
#4661=CARTESIAN_POINT('',(3.755647989112E0,-6.730105661065E0,1.965599263501E0));
#4662=CARTESIAN_POINT('',(3.756545351917E0,-6.740954148683E0,1.992878242749E0));
#4663=CARTESIAN_POINT('',(3.759831881059E0,-6.755283547710E0,2.051433776793E0));
#4664=CARTESIAN_POINT('',(3.769098962477E0,-6.749238837246E0,2.147044004244E0));
#4665=CARTESIAN_POINT('',(3.782638247043E0,-6.710743132308E0,2.241614070641E0));
#4666=CARTESIAN_POINT('',(3.799085807765E0,-6.636579916131E0,2.324192181122E0));
#4667=CARTESIAN_POINT('',(3.812081125018E0,-6.538741041847E0,2.374025817129E0));
#4668=CARTESIAN_POINT('',(3.815060335401E0,-6.467222725552E0,2.384930314119E0));
#4669=CARTESIAN_POINT('',(3.815294344535E0,-6.438192777575E0,2.385624859616E0));
#4670=CARTESIAN_POINT('',(3.840647669998E0,-6.610009358760E0,1.880599582615E0));
#4671=CARTESIAN_POINT('',(3.841537522201E0,-6.628595293115E0,1.896995685628E0));
#4672=CARTESIAN_POINT('',(3.845873769425E0,-6.661197156023E0,1.937004628326E0));
#4673=CARTESIAN_POINT('',(3.859907711466E0,-6.687242294122E0,2.015970366022E0));
#4674=CARTESIAN_POINT('',(3.881510931874E0,-6.679638405301E0,2.105914029453E0));
#4675=CARTESIAN_POINT('',(3.908476393084E0,-6.628290875461E0,2.193895898742E0));
#4676=CARTESIAN_POINT('',(3.930092347853E0,-6.538566512339E0,2.251662844597E0));
#4677=CARTESIAN_POINT('',(3.935062199673E0,-6.467217826072E0,2.264691250297E0));
#4678=CARTESIAN_POINT('',(3.935454170696E0,-6.438189861191E0,2.265513170905E0));
#4679=CARTESIAN_POINT('',(3.840684415156E0,-6.440088688486E0,1.880562837457E0));
#4680=CARTESIAN_POINT('',(3.841574264114E0,-6.458705897239E0,1.881530693260E0));
#4681=CARTESIAN_POINT('',(3.845910965128E0,-6.495464781173E0,1.890882746807E0));
#4682=CARTESIAN_POINT('',(3.859946967872E0,-6.540097841339E0,1.926762500709E0));
#4683=CARTESIAN_POINT('',(3.881553674298E0,-6.562205847504E0,1.980139057047E0));
#4684=CARTESIAN_POINT('',(3.908523682372E0,-6.549341943597E0,2.041017481759E0));
#4685=CARTESIAN_POINT('',(3.930143363822E0,-6.499149736453E0,2.084816340665E0));
#4686=CARTESIAN_POINT('',(3.935114076191E0,-6.453753253332E0,2.094986570461E0));
#4687=CARTESIAN_POINT('',(3.935506115501E0,-6.435225349151E0,2.095622403942E0));
#4688=(BOUNDED_SURFACE()B_SPLINE_SURFACE(3,3,((#4652,#4653,#4654,#4655,#4656,
#4657,#4658,#4659,#4660),(#4661,#4662,#4663,#4664,#4665,#4666,#4667,#4668,
#4669),(#4670,#4671,#4672,#4673,#4674,#4675,#4676,#4677,#4678),(#4679,#4680,
#4681,#4682,#4683,#4684,#4685,#4686,#4687)),.UNSPECIFIED.,.F.,.F.,.F.)B_SPLINE_SURFACE_WITH_KNOTS((4,4),(4,1,1,1,1,1,4),(0.E0,1.000000019098E0),(0.E0,
1.650985065494E-1,3.326707045867E-1,5.005270480021E-1,6.685850495036E-1,
8.352571580173E-1,9.485088583436E-1),.UNSPECIFIED.)GEOMETRIC_REPRESENTATION_ITEM()RATIONAL_B_SPLINE_SURFACE(((1.171649635246E0,1.171649635246E0,1.171649635246E0,
1.171649635246E0,1.171649635246E0,1.171649635246E0,1.171649635246E0,
1.171649635246E0,1.171649635246E0),(9.427834505472E-1,9.427834505472E-1,
9.427834505472E-1,9.427834505472E-1,9.427834505472E-1,9.427834505472E-1,
9.427834505472E-1,9.427834505472E-1,9.427834505472E-1),(9.427834549180E-1,
9.427834549180E-1,9.427834549180E-1,9.427834549180E-1,9.427834549180E-1,
9.427834549180E-1,9.427834549180E-1,9.427834549180E-1,9.427834549180E-1),(
1.171649648359E0,1.171649648359E0,1.171649648359E0,1.171649648359E0,
1.171649648359E0,1.171649648359E0,1.171649648359E0,1.171649648359E0,
1.171649648359E0)))REPRESENTATION_ITEM('')SURFACE());
#4689=ORIENTED_EDGE('',*,*,#4647,.F.);
#4691=ORIENTED_EDGE('',*,*,#4690,.F.);
#4693=ORIENTED_EDGE('',*,*,#4692,.T.);
#4694=EDGE_LOOP('',(#4689,#4691,#4693));
#4695=FACE_OUTER_BOUND('',#4694,.F.);
#4696=ADVANCED_FACE('',(#4695),#4688,.T.);
#4697=CARTESIAN_POINT('',(3.645223199969E0,-6.453027678246E0,2.095223199969E0));
#4698=DIRECTION('',(1.744974916068E-2,9.996954598819E-1,1.744974916068E-2));
#4699=DIRECTION('',(0.E0,-1.745240643728E-2,9.998476951564E-1));
#4700=AXIS2_PLACEMENT_3D('',#4697,#4698,#4699);
#4701=CYLINDRICAL_SURFACE('',#4700,2.9E-1);
#4702=ORIENTED_EDGE('',*,*,#3022,.F.);
#4704=ORIENTED_EDGE('',*,*,#4703,.F.);
#4706=ORIENTED_EDGE('',*,*,#4705,.F.);
#4707=ORIENTED_EDGE('',*,*,#4690,.T.);
#4708=EDGE_LOOP('',(#4702,#4704,#4706,#4707));
#4709=FACE_OUTER_BOUND('',#4708,.F.);
#4710=ADVANCED_FACE('',(#4709),#4701,.T.);
#4711=CARTESIAN_POINT('',(3.76E0,9.324981824895E-2,2.21E0));
#4712=DIRECTION('',(0.E0,1.E0,0.E0));
#4713=DIRECTION('',(0.E0,0.E0,1.E0));
#4714=AXIS2_PLACEMENT_3D('',#4711,#4712,#4713);
#4715=CYLINDRICAL_SURFACE('',#4714,2.9E-1);
#4716=ORIENTED_EDGE('',*,*,#3069,.T.);
#4717=ORIENTED_EDGE('',*,*,#3096,.F.);
#4719=ORIENTED_EDGE('',*,*,#4718,.T.);
#4720=ORIENTED_EDGE('',*,*,#4703,.T.);
#4721=EDGE_LOOP('',(#4716,#4717,#4719,#4720));
#4722=FACE_OUTER_BOUND('',#4721,.F.);
#4723=ADVANCED_FACE('',(#4722),#4715,.T.);
#4724=CARTESIAN_POINT('',(4.05E0,1.12E0,2.5E0));
#4725=DIRECTION('',(1.E0,0.E0,0.E0));
#4726=DIRECTION('',(0.E0,-1.E0,0.E0));
#4727=AXIS2_PLACEMENT_3D('',#4724,#4725,#4726);
#4728=PLANE('',#4727);
#4729=ORIENTED_EDGE('',*,*,#3108,.F.);
#4731=ORIENTED_EDGE('',*,*,#4730,.F.);
#4733=ORIENTED_EDGE('',*,*,#4732,.T.);
#4734=ORIENTED_EDGE('',*,*,#4718,.F.);
#4735=EDGE_LOOP('',(#4729,#4731,#4733,#4734));
#4736=FACE_OUTER_BOUND('',#4735,.F.);
#4737=ADVANCED_FACE('',(#4736),#4728,.T.);
#4738=CARTESIAN_POINT('',(3.76E0,1.146286566638E0,2.19E0));
#4739=DIRECTION('',(0.E0,-1.E0,0.E0));
#4740=DIRECTION('',(0.E0,0.E0,-1.E0));
#4741=AXIS2_PLACEMENT_3D('',#4738,#4739,#4740);
#4742=CYLINDRICAL_SURFACE('',#4741,2.9E-1);
#4743=ORIENTED_EDGE('',*,*,#3135,.F.);
#4744=ORIENTED_EDGE('',*,*,#3153,.T.);
#4745=ORIENTED_EDGE('',*,*,#3196,.T.);
#4746=ORIENTED_EDGE('',*,*,#4730,.T.);
#4747=EDGE_LOOP('',(#4743,#4744,#4745,#4746));
#4748=FACE_OUTER_BOUND('',#4747,.F.);
#4749=ADVANCED_FACE('',(#4748),#4742,.T.);
#4750=CARTESIAN_POINT('',(4.05E0,1.2E-1,-2.695290552767E0));
#4751=DIRECTION('',(9.998476951564E-1,-1.745240643728E-2,0.E0));
#4752=DIRECTION('',(0.E0,0.E0,-1.E0));
#4753=AXIS2_PLACEMENT_3D('',#4750,#4751,#4752);
#4754=PLANE('',#4753);
#4755=ORIENTED_EDGE('',*,*,#3194,.F.);
#4757=ORIENTED_EDGE('',*,*,#4756,.F.);
#4759=ORIENTED_EDGE('',*,*,#4758,.T.);
#4761=ORIENTED_EDGE('',*,*,#4760,.F.);
#4762=ORIENTED_EDGE('',*,*,#4705,.T.);
#4763=ORIENTED_EDGE('',*,*,#4732,.F.);
#4764=EDGE_LOOP('',(#4755,#4757,#4759,#4761,#4762,#4763));
#4765=FACE_OUTER_BOUND('',#4764,.F.);
#4766=ADVANCED_FACE('',(#4765),#4754,.T.);
#4767=CARTESIAN_POINT('',(4.05E0,1.12E0,-2.5E0));
#4768=DIRECTION('',(-1.E0,0.E0,0.E0));
#4769=DIRECTION('',(0.E0,-1.E0,0.E0));
#4770=AXIS2_PLACEMENT_3D('',#4767,#4768,#4769);
#4771=PLANE('',#4770);
#4773=ORIENTED_EDGE('',*,*,#4772,.F.);
#4775=ORIENTED_EDGE('',*,*,#4774,.F.);
#4776=ORIENTED_EDGE('',*,*,#4756,.T.);
#4778=ORIENTED_EDGE('',*,*,#4777,.F.);
#4779=EDGE_LOOP('',(#4773,#4775,#4776,#4778));
#4780=FACE_OUTER_BOUND('',#4779,.F.);
#4781=ADVANCED_FACE('',(#4780),#4771,.F.);
#4782=CARTESIAN_POINT('',(3.75E0,1.12E0,-2.5E0));
#4783=DIRECTION('',(0.E0,0.E0,-1.E0));
#4784=DIRECTION('',(1.E0,0.E0,0.E0));
#4785=AXIS2_PLACEMENT_3D('',#4782,#4783,#4784);
#4786=CYLINDRICAL_SURFACE('',#4785,3.E-1);
#4788=ORIENTED_EDGE('',*,*,#4787,.F.);
#4790=ORIENTED_EDGE('',*,*,#4789,.T.);
#4792=ORIENTED_EDGE('',*,*,#4791,.F.);
#4793=ORIENTED_EDGE('',*,*,#4772,.T.);
#4794=EDGE_LOOP('',(#4788,#4790,#4792,#4793));
#4795=FACE_OUTER_BOUND('',#4794,.F.);
#4796=ADVANCED_FACE('',(#4795),#4786,.T.);
#4797=CARTESIAN_POINT('',(3.742928932188E0,1.127071067812E0,-1.9E0));
#4798=CARTESIAN_POINT('',(3.622806999096E0,1.247193000896E0,-1.9E0));
#4799=CARTESIAN_POINT('',(3.537867965637E0,1.332132034349E0,-2.020121933088E0));
#4800=CARTESIAN_POINT('',(3.537867965637E0,1.332132034349E0,-2.19E0));
#4801=CARTESIAN_POINT('',(3.750330017425E0,1.134472153048E0,-1.9E0));
#4802=CARTESIAN_POINT('',(3.755936289633E0,1.380322291441E0,-1.9E0));
#4803=CARTESIAN_POINT('',(3.759900522728E0,1.554164591455E0,-2.020121933088E0));
#4804=CARTESIAN_POINT('',(3.759900522728E0,1.554164591454E0,-2.19E0));
#4805=CARTESIAN_POINT('',(3.760000001087E0,1.130466714080E0,-1.9E0));
#4806=CARTESIAN_POINT('',(3.929878086455E0,1.308273229560E0,-1.9E0));
#4807=CARTESIAN_POINT('',(4.050000032594E0,1.434001422396E0,-2.020121933089E0));
#4808=CARTESIAN_POINT('',(4.050000032594E0,1.434001422396E0,-2.190000000001E0));
#4809=CARTESIAN_POINT('',(3.76E0,1.119999998962E0,-1.9E0));
#4810=CARTESIAN_POINT('',(3.929878066912E0,1.119999981328E0,-1.9E0));
#4811=CARTESIAN_POINT('',(4.05E0,1.119999968859E0,-2.020121933088E0));
#4812=CARTESIAN_POINT('',(4.05E0,1.119999968859E0,-2.19E0));
#4813=(BOUNDED_SURFACE()B_SPLINE_SURFACE(3,3,((#4797,#4798,#4799,#4800),(#4801,
#4802,#4803,#4804),(#4805,#4806,#4807,#4808),(#4809,#4810,#4811,#4812)),
.UNSPECIFIED.,.F.,.F.,.F.)B_SPLINE_SURFACE_WITH_KNOTS((4,4),(4,4),(0.E0,1.E0),(
0.E0,1.E0),.UNSPECIFIED.)GEOMETRIC_REPRESENTATION_ITEM()RATIONAL_B_SPLINE_SURFACE(((1.694636514003E0,1.363738151799E0,1.363738151799E0,1.694636514003E0),(
9.972183290045E-1,8.024993381762E-1,8.024993381762E-1,9.972183290045E-1),(
9.972183290045E-1,8.024993381762E-1,8.024993381762E-1,9.972183290045E-1),(
1.694636514003E0,1.363738151799E0,1.363738151799E0,1.694636514003E0)))REPRESENTATION_ITEM('')SURFACE());
#4814=ORIENTED_EDGE('',*,*,#3210,.F.);
#4815=ORIENTED_EDGE('',*,*,#3230,.T.);
#4816=ORIENTED_EDGE('',*,*,#4787,.T.);
#4818=ORIENTED_EDGE('',*,*,#4817,.T.);
#4819=EDGE_LOOP('',(#4814,#4815,#4816,#4818));
#4820=FACE_OUTER_BOUND('',#4819,.F.);
#4821=ADVANCED_FACE('',(#4820),#4813,.T.);
#4822=CARTESIAN_POINT('',(3.76E0,9.324978236485E-2,-2.19E0));
#4823=DIRECTION('',(0.E0,1.E0,0.E0));
#4824=DIRECTION('',(0.E0,0.E0,1.E0));
#4825=AXIS2_PLACEMENT_3D('',#4822,#4823,#4824);
#4826=CYLINDRICAL_SURFACE('',#4825,2.9E-1);
#4827=ORIENTED_EDGE('',*,*,#4817,.F.);
#4828=ORIENTED_EDGE('',*,*,#4777,.T.);
#4829=ORIENTED_EDGE('',*,*,#3192,.F.);
#4830=ORIENTED_EDGE('',*,*,#3212,.T.);
#4831=EDGE_LOOP('',(#4827,#4828,#4829,#4830));
#4832=FACE_OUTER_BOUND('',#4831,.F.);
#4833=ADVANCED_FACE('',(#4832),#4826,.T.);
#4834=CARTESIAN_POINT('',(2.325735931288E0,1.2E-1,-2.5E0));
#4835=DIRECTION('',(7.071067811865E-1,-7.071067811865E-1,0.E0));
#4836=DIRECTION('',(7.071067811865E-1,7.071067811865E-1,0.E0));
#4837=AXIS2_PLACEMENT_3D('',#4834,#4835,#4836);
#4838=PLANE('',#4837);
#4839=ORIENTED_EDGE('',*,*,#3228,.F.);
#4840=ORIENTED_EDGE('',*,*,#3248,.F.);
#4842=ORIENTED_EDGE('',*,*,#4841,.F.);
#4843=ORIENTED_EDGE('',*,*,#4789,.F.);
#4844=EDGE_LOOP('',(#4839,#4840,#4842,#4843));
#4845=FACE_OUTER_BOUND('',#4844,.F.);
#4846=ADVANCED_FACE('',(#4845),#4838,.F.);
#4847=CARTESIAN_POINT('',(2.709107646741E0,9.324978236485E-2,-2.21E0));
#4848=DIRECTION('',(7.071067811865E-1,7.071067811865E-1,0.E0));
#4849=DIRECTION('',(0.E0,0.E0,-1.E0));
#4850=AXIS2_PLACEMENT_3D('',#4847,#4848,#4849);
#4851=CYLINDRICAL_SURFACE('',#4850,2.9E-1);
#4853=ORIENTED_EDGE('',*,*,#4852,.F.);
#4855=ORIENTED_EDGE('',*,*,#4854,.F.);
#4856=ORIENTED_EDGE('',*,*,#4841,.T.);
#4857=ORIENTED_EDGE('',*,*,#3246,.F.);
#4858=ORIENTED_EDGE('',*,*,#3366,.F.);
#4859=EDGE_LOOP('',(#4853,#4855,#4856,#4857,#4858));
#4860=FACE_OUTER_BOUND('',#4859,.F.);
#4861=ADVANCED_FACE('',(#4860),#4851,.T.);
#4862=CARTESIAN_POINT('',(0.E0,4.2E-1,-2.5E0));
#4863=DIRECTION('',(0.E0,0.E0,-1.E0));
#4864=DIRECTION('',(1.E0,0.E0,0.E0));
#4865=AXIS2_PLACEMENT_3D('',#4862,#4863,#4864);
#4866=PLANE('',#4865);
#4867=ORIENTED_EDGE('',*,*,#4852,.T.);
#4868=ORIENTED_EDGE('',*,*,#3384,.T.);
#4870=ORIENTED_EDGE('',*,*,#4869,.F.);
#4872=ORIENTED_EDGE('',*,*,#4871,.T.);
#4873=EDGE_LOOP('',(#4867,#4868,#4870,#4872));
#4874=FACE_OUTER_BOUND('',#4873,.F.);
#4875=ADVANCED_FACE('',(#4874),#4866,.T.);
#4876=CARTESIAN_POINT('',(3.76E0,1.146286601900E0,-2.21E0));
#4877=DIRECTION('',(0.E0,-1.E0,0.E0));
#4878=DIRECTION('',(0.E0,0.E0,-1.E0));
#4879=AXIS2_PLACEMENT_3D('',#4876,#4877,#4878);
#4880=CYLINDRICAL_SURFACE('',#4879,2.9E-1);
#4881=ORIENTED_EDGE('',*,*,#4869,.T.);
#4883=ORIENTED_EDGE('',*,*,#4882,.F.);
#4884=ORIENTED_EDGE('',*,*,#4774,.T.);
#4886=ORIENTED_EDGE('',*,*,#4885,.F.);
#4887=EDGE_LOOP('',(#4881,#4883,#4884,#4886));
#4888=FACE_OUTER_BOUND('',#4887,.F.);
#4889=ADVANCED_FACE('',(#4888),#4880,.T.);
#4890=CARTESIAN_POINT('',(3.645223199433E0,-6.453027708903E0,
-2.095223199433E0));
#4891=DIRECTION('',(1.744974916068E-2,9.996954598819E-1,-1.744974916068E-2));
#4892=DIRECTION('',(9.998476951564E-1,-1.745240643728E-2,0.E0));
#4893=AXIS2_PLACEMENT_3D('',#4890,#4891,#4892);
#4894=CYLINDRICAL_SURFACE('',#4893,2.9E-1);
#4895=ORIENTED_EDGE('',*,*,#4758,.F.);
#4896=ORIENTED_EDGE('',*,*,#4882,.T.);
#4897=ORIENTED_EDGE('',*,*,#3382,.F.);
#4899=ORIENTED_EDGE('',*,*,#4898,.T.);
#4900=EDGE_LOOP('',(#4895,#4896,#4897,#4899));
#4901=FACE_OUTER_BOUND('',#4900,.F.);
#4902=ADVANCED_FACE('',(#4901),#4894,.T.);
#4903=CARTESIAN_POINT('',(3.635751206195E0,-6.729999943874E0,
-2.085496046419E0));
#4904=CARTESIAN_POINT('',(3.662990216832E0,-6.729939034556E0,
-2.086404025958E0));
#4905=CARTESIAN_POINT('',(3.717113557541E0,-6.722588374745E0,
-2.088206718281E0));
#4906=CARTESIAN_POINT('',(3.793172945099E0,-6.689756861134E0,
-2.090735567910E0));
#4907=CARTESIAN_POINT('',(3.857717592849E0,-6.637292329674E0,
-2.092876014957E0));
#4908=CARTESIAN_POINT('',(3.905551396931E0,-6.569351582702E0,
-2.094455917739E0));
#4909=CARTESIAN_POINT('',(3.930199318235E0,-6.499571031546E0,
-2.095265467281E0));
#4910=CARTESIAN_POINT('',(3.935242450869E0,-6.453765071110E0,
-2.095430791286E0));
#4911=CARTESIAN_POINT('',(3.935570801947E0,-6.435232389235E0,
-2.095441512189E0));
#4912=CARTESIAN_POINT('',(3.515599263531E0,-6.730105661112E0,
-2.205647989082E0));
#4913=CARTESIAN_POINT('',(3.542878244802E0,-6.740954149516E0,
-2.206545351951E0));
#4914=CARTESIAN_POINT('',(3.601433783353E0,-6.755283549026E0,
-2.209831881436E0));
#4915=CARTESIAN_POINT('',(3.697044017989E0,-6.749238834960E0,
-2.219098963967E0));
#4916=CARTESIAN_POINT('',(3.791614089894E0,-6.710743121423E0,
-2.232638250157E0));
#4917=CARTESIAN_POINT('',(3.874192201696E0,-6.636579891414E0,
-2.249085812382E0));
#4918=CARTESIAN_POINT('',(3.924025824183E0,-6.538741015670E0,
-2.262081127090E0));
#4919=CARTESIAN_POINT('',(3.934930314511E0,-6.467222710917E0,
-2.265060335414E0));
#4920=CARTESIAN_POINT('',(3.935624859652E0,-6.438192777581E0,
-2.265294344406E0));
#4921=CARTESIAN_POINT('',(3.430599582617E0,-6.610009358797E0,
-2.290647669997E0));
#4922=CARTESIAN_POINT('',(3.446995686852E0,-6.628595294517E0,
-2.291537522263E0));
#4923=CARTESIAN_POINT('',(3.487004632962E0,-6.661197159432E0,
-2.295873769984E0));
#4924=CARTESIAN_POINT('',(3.565970377965E0,-6.687242296475E0,
-2.309907713824E0));
#4925=CARTESIAN_POINT('',(3.655914048659E0,-6.679638400469E0,
-2.331510936963E0));
#4926=CARTESIAN_POINT('',(3.743895921632E0,-6.628290855646E0,
-2.358476400776E0));
#4927=CARTESIAN_POINT('',(3.801662853071E0,-6.538566486394E0,
-2.380092351389E0));
#4928=CARTESIAN_POINT('',(3.814691250744E0,-6.467217811459E0,
-2.385062199763E0));
#4929=CARTESIAN_POINT('',(3.815513170936E0,-6.438189861204E0,
-2.385454170549E0));
#4930=CARTESIAN_POINT('',(3.430562837457E0,-6.440088688487E0,
-2.290684415157E0));
#4931=CARTESIAN_POINT('',(3.431530693343E0,-6.458705898611E0,
-2.291574264175E0));
#4932=CARTESIAN_POINT('',(3.440882748107E0,-6.495464785153E0,
-2.295910965688E0));
#4933=CARTESIAN_POINT('',(3.476762506774E0,-6.540097846864E0,
-2.309946970230E0));
#4934=CARTESIAN_POINT('',(3.530139069270E0,-6.562205849677E0,
-2.331553679390E0));
#4935=CARTESIAN_POINT('',(3.591017498383E0,-6.549341935205E0,
-2.358523690066E0));
#4936=CARTESIAN_POINT('',(3.634816347300E0,-6.499149720082E0,
-2.380143367359E0));
#4937=CARTESIAN_POINT('',(3.644986570781E0,-6.453753244022E0,
-2.385114076282E0));
#4938=CARTESIAN_POINT('',(3.645622403942E0,-6.435225349163E0,
-2.385506115354E0));
#4939=(BOUNDED_SURFACE()B_SPLINE_SURFACE(3,3,((#4903,#4904,#4905,#4906,#4907,
#4908,#4909,#4910,#4911),(#4912,#4913,#4914,#4915,#4916,#4917,#4918,#4919,
#4920),(#4921,#4922,#4923,#4924,#4925,#4926,#4927,#4928,#4929),(#4930,#4931,
#4932,#4933,#4934,#4935,#4936,#4937,#4938)),.UNSPECIFIED.,.F.,.F.,.F.)B_SPLINE_SURFACE_WITH_KNOTS((4,4),(4,1,1,1,1,1,4),(0.E0,1.000000019097E0),(0.E0,
1.650985071461E-1,3.326707056499E-1,5.005270484457E-1,6.685850496599E-1,
8.352571577753E-1,9.485087928745E-1),.UNSPECIFIED.)GEOMETRIC_REPRESENTATION_ITEM()RATIONAL_B_SPLINE_SURFACE(((1.171649635312E0,1.171649635312E0,1.171649635312E0,
1.171649635312E0,1.171649635312E0,1.171649635312E0,1.171649635312E0,
1.171649635312E0,1.171649635312E0),(9.427834505253E-1,9.427834505253E-1,
9.427834505253E-1,9.427834505253E-1,9.427834505253E-1,9.427834505253E-1,
9.427834505253E-1,9.427834505253E-1,9.427834505253E-1),(9.427834548959E-1,
9.427834548959E-1,9.427834548959E-1,9.427834548959E-1,9.427834548959E-1,
9.427834548959E-1,9.427834548959E-1,9.427834548959E-1,9.427834548959E-1),(
1.171649648424E0,1.171649648424E0,1.171649648424E0,1.171649648424E0,
1.171649648424E0,1.171649648424E0,1.171649648424E0,1.171649648424E0,
1.171649648424E0)))REPRESENTATION_ITEM('')SURFACE());
#4941=ORIENTED_EDGE('',*,*,#4940,.F.);
#4942=ORIENTED_EDGE('',*,*,#4898,.F.);
#4943=ORIENTED_EDGE('',*,*,#3462,.T.);
#4944=EDGE_LOOP('',(#4941,#4942,#4943));
#4945=FACE_OUTER_BOUND('',#4944,.F.);
#4946=ADVANCED_FACE('',(#4945),#4939,.T.);
#4947=CARTESIAN_POINT('',(3.635623626307E0,-6.43E0,-2.404973987321E0));
#4948=DIRECTION('',(0.E0,0.E0,1.E0));
#4949=DIRECTION('',(0.E0,-1.E0,0.E0));
#4950=AXIS2_PLACEMENT_3D('',#4947,#4948,#4949);
#4951=CYLINDRICAL_SURFACE('',#4950,3.E-1);
#4953=ORIENTED_EDGE('',*,*,#4952,.T.);
#4954=ORIENTED_EDGE('',*,*,#4692,.F.);
#4955=ORIENTED_EDGE('',*,*,#4760,.T.);
#4956=ORIENTED_EDGE('',*,*,#4940,.T.);
#4957=EDGE_LOOP('',(#4953,#4954,#4955,#4956));
#4958=FACE_OUTER_BOUND('',#4957,.F.);
#4959=ADVANCED_FACE('',(#4958),#4951,.T.);
#4960=CARTESIAN_POINT('',(3.537867965629E0,1.332132034341E0,-2.21E0));
#4961=CARTESIAN_POINT('',(3.537867965630E0,1.332132034341E0,-2.379878066912E0));
#4962=CARTESIAN_POINT('',(3.622806999092E0,1.247193000891E0,-2.5E0));
#4963=CARTESIAN_POINT('',(3.742928932189E0,1.127071067811E0,-2.5E0));
#4964=CARTESIAN_POINT('',(3.759900505891E0,1.554164574634E0,-2.21E0));
#4965=CARTESIAN_POINT('',(3.759900505891E0,1.554164574634E0,-2.379878066912E0));
#4966=CARTESIAN_POINT('',(3.755936279537E0,1.380322281356E0,-2.5E0));
#4967=CARTESIAN_POINT('',(3.750330016864E0,1.134472152487E0,-2.5E0));
#4968=CARTESIAN_POINT('',(4.050000000015E0,1.434001429734E0,-2.209999999999E0));
#4969=CARTESIAN_POINT('',(4.050000000015E0,1.434001429734E0,-2.379878066911E0));
#4970=CARTESIAN_POINT('',(3.929878066921E0,1.308273233960E0,-2.5E0));
#4971=CARTESIAN_POINT('',(3.76E0,1.130466714324E0,-2.5E0));
#4972=CARTESIAN_POINT('',(4.05E0,1.119999999986E0,-2.21E0));
#4973=CARTESIAN_POINT('',(4.05E0,1.119999999986E0,-2.379878066912E0));
#4974=CARTESIAN_POINT('',(3.929878066912E0,1.119999999992E0,-2.5E0));
#4975=CARTESIAN_POINT('',(3.76E0,1.12E0,-2.5E0));
#4976=(BOUNDED_SURFACE()B_SPLINE_SURFACE(3,3,((#4960,#4961,#4962,#4963),(#4964,
#4965,#4966,#4967),(#4968,#4969,#4970,#4971),(#4972,#4973,#4974,#4975)),
.UNSPECIFIED.,.F.,.F.,.F.)B_SPLINE_SURFACE_WITH_KNOTS((4,4),(4,4),(0.E0,1.E0),(
0.E0,1.E0),.UNSPECIFIED.)GEOMETRIC_REPRESENTATION_ITEM()RATIONAL_B_SPLINE_SURFACE(((1.694636455283E0,1.363738104544E0,1.363738104544E0,1.694636455283E0),(
9.972183485782E-1,8.024993539277E-1,8.024993539277E-1,9.972183485782E-1),(
9.972183485782E-1,8.024993539277E-1,8.024993539277E-1,9.972183485782E-1),(
1.694636455283E0,1.363738104544E0,1.363738104544E0,1.694636455283E0)))REPRESENTATION_ITEM('')SURFACE());
#4977=ORIENTED_EDGE('',*,*,#4871,.F.);
#4978=ORIENTED_EDGE('',*,*,#4885,.T.);
#4979=ORIENTED_EDGE('',*,*,#4791,.T.);
#4980=ORIENTED_EDGE('',*,*,#4854,.T.);
#4981=EDGE_LOOP('',(#4977,#4978,#4979,#4980));
#4982=FACE_OUTER_BOUND('',#4981,.F.);
#4983=ADVANCED_FACE('',(#4982),#4976,.T.);
#4984=CARTESIAN_POINT('',(-4.05E0,1.12E0,-2.21E0));
#4985=CARTESIAN_POINT('',(-4.05E0,1.12E0,-2.379878066912E0));
#4986=CARTESIAN_POINT('',(-3.929878066912E0,1.12E0,-2.5E0));
#4987=CARTESIAN_POINT('',(-3.76E0,1.12E0,-2.5E0));
#4988=CARTESIAN_POINT('',(-4.05E0,1.434001429721E0,-2.21E0));
#4989=CARTESIAN_POINT('',(-4.05E0,1.434001429721E0,-2.379878066912E0));
#4990=CARTESIAN_POINT('',(-3.929878066912E0,1.308273233952E0,-2.5E0));
#4991=CARTESIAN_POINT('',(-3.76E0,1.130466714324E0,-2.5E0));
#4992=CARTESIAN_POINT('',(-3.759900505901E0,1.554164574613E0,-2.21E0));
#4993=CARTESIAN_POINT('',(-3.759900505901E0,1.554164574614E0,
-2.379878066912E0));
#4994=CARTESIAN_POINT('',(-3.755936279543E0,1.380322281344E0,-2.5E0));
#4995=CARTESIAN_POINT('',(-3.750330016863E0,1.134472152487E0,-2.5E0));
#4996=CARTESIAN_POINT('',(-3.537867965644E0,1.332132034356E0,-2.21E0));
#4997=CARTESIAN_POINT('',(-3.537867965644E0,1.332132034356E0,
-2.379878066912E0));
#4998=CARTESIAN_POINT('',(-3.622806999100E0,1.247193000900E0,-2.5E0));
#4999=CARTESIAN_POINT('',(-3.742928932188E0,1.127071067812E0,-2.5E0));
#5000=(BOUNDED_SURFACE()B_SPLINE_SURFACE(3,3,((#4984,#4985,#4986,#4987),(#4988,
#4989,#4990,#4991),(#4992,#4993,#4994,#4995),(#4996,#4997,#4998,#4999)),
.UNSPECIFIED.,.F.,.F.,.F.)B_SPLINE_SURFACE_WITH_KNOTS((4,4),(4,4),(0.E0,1.E0),(
0.E0,1.E0),.UNSPECIFIED.)GEOMETRIC_REPRESENTATION_ITEM()RATIONAL_B_SPLINE_SURFACE(((1.694636455215E0,1.363738104490E0,1.363738104490E0,1.694636455215E0),(
9.972183486004E-1,8.024993539460E-1,8.024993539460E-1,9.972183486004E-1),(
9.972183486004E-1,8.024993539460E-1,8.024993539460E-1,9.972183486004E-1),(
1.694636455215E0,1.363738104490E0,1.363738104490E0,1.694636455215E0)))REPRESENTATION_ITEM('')SURFACE());
#5001=ORIENTED_EDGE('',*,*,#3334,.F.);
#5002=ORIENTED_EDGE('',*,*,#3352,.T.);
#5003=ORIENTED_EDGE('',*,*,#3293,.T.);
#5004=ORIENTED_EDGE('',*,*,#3319,.T.);
#5005=EDGE_LOOP('',(#5001,#5002,#5003,#5004));
#5006=FACE_OUTER_BOUND('',#5005,.F.);
#5007=ADVANCED_FACE('',(#5006),#5000,.T.);
#5008=CARTESIAN_POINT('',(2.29E0,-1.2E0,0.E0));
#5009=DIRECTION('',(1.E0,0.E0,0.E0));
#5010=DIRECTION('',(0.E0,0.E0,1.E0));
#5011=AXIS2_PLACEMENT_3D('',#5008,#5009,#5010);
#5012=PLANE('',#5011);
#5014=ORIENTED_EDGE('',*,*,#5013,.T.);
#5016=ORIENTED_EDGE('',*,*,#5015,.T.);
#5018=ORIENTED_EDGE('',*,*,#5017,.T.);
#5020=ORIENTED_EDGE('',*,*,#5019,.T.);
#5022=ORIENTED_EDGE('',*,*,#5021,.F.);
#5024=ORIENTED_EDGE('',*,*,#5023,.F.);
#5026=ORIENTED_EDGE('',*,*,#5025,.T.);
#5028=ORIENTED_EDGE('',*,*,#5027,.T.);
#5029=EDGE_LOOP('',(#5014,#5016,#5018,#5020,#5022,#5024,#5026,#5028));
#5030=FACE_OUTER_BOUND('',#5029,.F.);
#5031=ADVANCED_FACE('',(#5030),#5012,.F.);
#5032=CARTESIAN_POINT('',(2.79E0,-1.2E0,0.E0));
#5033=DIRECTION('',(1.E0,0.E0,0.E0));
#5034=DIRECTION('',(0.E0,0.E0,1.E0));
#5035=AXIS2_PLACEMENT_3D('',#5032,#5033,#5034);
#5036=PLANE('',#5035);
#5038=ORIENTED_EDGE('',*,*,#5037,.T.);
#5040=ORIENTED_EDGE('',*,*,#5039,.T.);
#5042=ORIENTED_EDGE('',*,*,#5041,.T.);
#5044=ORIENTED_EDGE('',*,*,#5043,.T.);
#5046=ORIENTED_EDGE('',*,*,#5045,.F.);
#5048=ORIENTED_EDGE('',*,*,#5047,.F.);
#5050=ORIENTED_EDGE('',*,*,#5049,.T.);
#5052=ORIENTED_EDGE('',*,*,#5051,.T.);
#5053=EDGE_LOOP('',(#5038,#5040,#5042,#5044,#5046,#5048,#5050,#5052));
#5054=FACE_OUTER_BOUND('',#5053,.F.);
#5055=ADVANCED_FACE('',(#5054),#5036,.T.);
#5056=CARTESIAN_POINT('',(2.29E0,1.75E0,3.5E-1));
#5057=DIRECTION('',(0.E0,0.E0,1.E0));
#5058=DIRECTION('',(0.E0,-1.E0,0.E0));
#5059=AXIS2_PLACEMENT_3D('',#5056,#5057,#5058);
#5060=PLANE('',#5059);
#5062=ORIENTED_EDGE('',*,*,#5061,.T.);
#5064=ORIENTED_EDGE('',*,*,#5063,.F.);
#5066=ORIENTED_EDGE('',*,*,#5065,.F.);
#5068=ORIENTED_EDGE('',*,*,#5067,.T.);
#5070=ORIENTED_EDGE('',*,*,#5069,.T.);
#5071=ORIENTED_EDGE('',*,*,#5043,.F.);
#5073=ORIENTED_EDGE('',*,*,#5072,.T.);
#5074=ORIENTED_EDGE('',*,*,#5023,.T.);
#5075=EDGE_LOOP('',(#5062,#5064,#5066,#5068,#5070,#5071,#5073,#5074));
#5076=FACE_OUTER_BOUND('',#5075,.F.);
#5077=ADVANCED_FACE('',(#5076),#5060,.T.);
#5078=CARTESIAN_POINT('',(3.29E0,7.5E-1,-3.763026210630E-1));
#5079=DIRECTION('',(0.E0,0.E0,1.E0));
#5080=DIRECTION('',(0.E0,1.E0,0.E0));
#5081=AXIS2_PLACEMENT_3D('',#5078,#5079,#5080);
#5082=CYLINDRICAL_SURFACE('',#5081,1.E0);
#5083=ORIENTED_EDGE('',*,*,#5061,.F.);
#5084=ORIENTED_EDGE('',*,*,#5021,.T.);
#5086=ORIENTED_EDGE('',*,*,#5085,.F.);
#5088=ORIENTED_EDGE('',*,*,#5087,.T.);
#5089=EDGE_LOOP('',(#5083,#5084,#5086,#5088));
#5090=FACE_OUTER_BOUND('',#5089,.F.);
#5091=ADVANCED_FACE('',(#5090),#5082,.T.);
#5092=CARTESIAN_POINT('',(2.29E0,1.75E0,-3.5E-1));
#5093=DIRECTION('',(0.E0,0.E0,1.E0));
#5094=DIRECTION('',(0.E0,-1.E0,0.E0));
#5095=AXIS2_PLACEMENT_3D('',#5092,#5093,#5094);
#5096=PLANE('',#5095);
#5097=ORIENTED_EDGE('',*,*,#5085,.T.);
#5098=ORIENTED_EDGE('',*,*,#5019,.F.);
#5100=ORIENTED_EDGE('',*,*,#5099,.T.);
#5101=ORIENTED_EDGE('',*,*,#5047,.T.);
#5103=ORIENTED_EDGE('',*,*,#5102,.T.);
#5105=ORIENTED_EDGE('',*,*,#5104,.F.);
#5107=ORIENTED_EDGE('',*,*,#5106,.F.);
#5109=ORIENTED_EDGE('',*,*,#5108,.F.);
#5110=EDGE_LOOP('',(#5097,#5098,#5100,#5101,#5103,#5105,#5107,#5109));
#5111=FACE_OUTER_BOUND('',#5110,.F.);
#5112=ADVANCED_FACE('',(#5111),#5096,.F.);
#5113=CARTESIAN_POINT('',(3.29E0,7.5E-1,3.750924498437E-1));
#5114=DIRECTION('',(0.E0,0.E0,-1.E0));
#5115=DIRECTION('',(-1.E0,0.E0,0.E0));
#5116=AXIS2_PLACEMENT_3D('',#5113,#5114,#5115);
#5117=CYLINDRICAL_SURFACE('',#5116,5.E-1);
#5118=ORIENTED_EDGE('',*,*,#5045,.T.);
#5119=ORIENTED_EDGE('',*,*,#5069,.F.);
#5121=ORIENTED_EDGE('',*,*,#5120,.T.);
#5122=ORIENTED_EDGE('',*,*,#5102,.F.);
#5123=EDGE_LOOP('',(#5118,#5119,#5121,#5122));
#5124=FACE_OUTER_BOUND('',#5123,.F.);
#5125=ADVANCED_FACE('',(#5124),#5117,.F.);
#5126=CARTESIAN_POINT('',(2.79E0,1.25E0,3.5E-1));
#5127=DIRECTION('',(0.E0,-1.E0,0.E0));
#5128=DIRECTION('',(0.E0,0.E0,-1.E0));
#5129=AXIS2_PLACEMENT_3D('',#5126,#5127,#5128);
#5130=PLANE('',#5129);
#5131=ORIENTED_EDGE('',*,*,#5120,.F.);
#5132=ORIENTED_EDGE('',*,*,#5067,.F.);
#5134=ORIENTED_EDGE('',*,*,#5133,.F.);
#5135=ORIENTED_EDGE('',*,*,#5104,.T.);
#5136=EDGE_LOOP('',(#5131,#5132,#5134,#5135));
#5137=FACE_OUTER_BOUND('',#5136,.F.);
#5138=ADVANCED_FACE('',(#5137),#5130,.T.);
#5139=CARTESIAN_POINT('',(1.801E1,-1.2E0,0.E0));
#5140=DIRECTION('',(1.E0,0.E0,0.E0));
#5141=DIRECTION('',(0.E0,0.E0,1.E0));
#5142=AXIS2_PLACEMENT_3D('',#5139,#5140,#5141);
#5143=PLANE('',#5142);
#5145=ORIENTED_EDGE('',*,*,#5144,.T.);
#5146=ORIENTED_EDGE('',*,*,#5106,.T.);
#5147=ORIENTED_EDGE('',*,*,#5133,.T.);
#5148=ORIENTED_EDGE('',*,*,#5065,.T.);
#5149=EDGE_LOOP('',(#5145,#5146,#5147,#5148));
#5150=FACE_OUTER_BOUND('',#5149,.F.);
#5151=ADVANCED_FACE('',(#5150),#5143,.T.);
#5152=CARTESIAN_POINT('',(2.29E0,1.75E0,0.E0));
#5153=DIRECTION('',(0.E0,1.E0,0.E0));
#5154=DIRECTION('',(0.E0,0.E0,1.E0));
#5155=AXIS2_PLACEMENT_3D('',#5152,#5153,#5154);
#5156=PLANE('',#5155);
#5157=ORIENTED_EDGE('',*,*,#5087,.F.);
#5158=ORIENTED_EDGE('',*,*,#5108,.T.);
#5159=ORIENTED_EDGE('',*,*,#5144,.F.);
#5160=ORIENTED_EDGE('',*,*,#5063,.T.);
#5161=EDGE_LOOP('',(#5157,#5158,#5159,#5160));
#5162=FACE_OUTER_BOUND('',#5161,.F.);
#5163=ADVANCED_FACE('',(#5162),#5156,.T.);
#5164=CARTESIAN_POINT('',(-2.5E-1,-1.2E0,0.E0));
#5165=DIRECTION('',(1.E0,0.E0,0.E0));
#5166=DIRECTION('',(0.E0,0.E0,1.E0));
#5167=AXIS2_PLACEMENT_3D('',#5164,#5165,#5166);
#5168=PLANE('',#5167);
#5170=ORIENTED_EDGE('',*,*,#5169,.T.);
#5172=ORIENTED_EDGE('',*,*,#5171,.T.);
#5174=ORIENTED_EDGE('',*,*,#5173,.T.);
#5176=ORIENTED_EDGE('',*,*,#5175,.T.);
#5178=ORIENTED_EDGE('',*,*,#5177,.F.);
#5180=ORIENTED_EDGE('',*,*,#5179,.F.);
#5182=ORIENTED_EDGE('',*,*,#5181,.T.);
#5184=ORIENTED_EDGE('',*,*,#5183,.T.);
#5185=EDGE_LOOP('',(#5170,#5172,#5174,#5176,#5178,#5180,#5182,#5184));
#5186=FACE_OUTER_BOUND('',#5185,.F.);
#5187=ADVANCED_FACE('',(#5186),#5168,.F.);
#5188=CARTESIAN_POINT('',(2.5E-1,-1.2E0,0.E0));
#5189=DIRECTION('',(1.E0,0.E0,0.E0));
#5190=DIRECTION('',(0.E0,0.E0,1.E0));
#5191=AXIS2_PLACEMENT_3D('',#5188,#5189,#5190);
#5192=PLANE('',#5191);
#5194=ORIENTED_EDGE('',*,*,#5193,.T.);
#5196=ORIENTED_EDGE('',*,*,#5195,.T.);
#5198=ORIENTED_EDGE('',*,*,#5197,.T.);
#5200=ORIENTED_EDGE('',*,*,#5199,.T.);
#5202=ORIENTED_EDGE('',*,*,#5201,.F.);
#5204=ORIENTED_EDGE('',*,*,#5203,.F.);
#5206=ORIENTED_EDGE('',*,*,#5205,.T.);
#5208=ORIENTED_EDGE('',*,*,#5207,.T.);
#5209=EDGE_LOOP('',(#5194,#5196,#5198,#5200,#5202,#5204,#5206,#5208));
#5210=FACE_OUTER_BOUND('',#5209,.F.);
#5211=ADVANCED_FACE('',(#5210),#5192,.T.);
#5212=CARTESIAN_POINT('',(-2.5E-1,4.29E0,3.5E-1));
#5213=DIRECTION('',(0.E0,0.E0,1.E0));
#5214=DIRECTION('',(0.E0,-1.E0,0.E0));
#5215=AXIS2_PLACEMENT_3D('',#5212,#5213,#5214);
#5216=PLANE('',#5215);
#5218=ORIENTED_EDGE('',*,*,#5217,.T.);
#5220=ORIENTED_EDGE('',*,*,#5219,.F.);
#5222=ORIENTED_EDGE('',*,*,#5221,.F.);
#5224=ORIENTED_EDGE('',*,*,#5223,.T.);
#5226=ORIENTED_EDGE('',*,*,#5225,.T.);
#5227=ORIENTED_EDGE('',*,*,#5199,.F.);
#5229=ORIENTED_EDGE('',*,*,#5228,.T.);
#5230=ORIENTED_EDGE('',*,*,#5179,.T.);
#5231=EDGE_LOOP('',(#5218,#5220,#5222,#5224,#5226,#5227,#5229,#5230));
#5232=FACE_OUTER_BOUND('',#5231,.F.);
#5233=ADVANCED_FACE('',(#5232),#5216,.T.);
#5234=CARTESIAN_POINT('',(1.25E0,2.79E0,-3.737372922960E-1));
#5235=DIRECTION('',(0.E0,0.E0,1.E0));
#5236=DIRECTION('',(0.E0,1.E0,0.E0));
#5237=AXIS2_PLACEMENT_3D('',#5234,#5235,#5236);
#5238=CYLINDRICAL_SURFACE('',#5237,1.5E0);
#5239=ORIENTED_EDGE('',*,*,#5217,.F.);
#5240=ORIENTED_EDGE('',*,*,#5177,.T.);
#5242=ORIENTED_EDGE('',*,*,#5241,.F.);
#5244=ORIENTED_EDGE('',*,*,#5243,.T.);
#5245=EDGE_LOOP('',(#5239,#5240,#5242,#5244));
#5246=FACE_OUTER_BOUND('',#5245,.F.);
#5247=ADVANCED_FACE('',(#5246),#5238,.T.);
#5248=CARTESIAN_POINT('',(-2.5E-1,4.29E0,-3.5E-1));
#5249=DIRECTION('',(0.E0,0.E0,1.E0));
#5250=DIRECTION('',(0.E0,-1.E0,0.E0));
#5251=AXIS2_PLACEMENT_3D('',#5248,#5249,#5250);
#5252=PLANE('',#5251);
#5253=ORIENTED_EDGE('',*,*,#5241,.T.);
#5254=ORIENTED_EDGE('',*,*,#5175,.F.);
#5256=ORIENTED_EDGE('',*,*,#5255,.T.);
#5257=ORIENTED_EDGE('',*,*,#5203,.T.);
#5259=ORIENTED_EDGE('',*,*,#5258,.T.);
#5261=ORIENTED_EDGE('',*,*,#5260,.F.);
#5263=ORIENTED_EDGE('',*,*,#5262,.F.);
#5265=ORIENTED_EDGE('',*,*,#5264,.F.);
#5266=EDGE_LOOP('',(#5253,#5254,#5256,#5257,#5259,#5261,#5263,#5265));
#5267=FACE_OUTER_BOUND('',#5266,.F.);
#5268=ADVANCED_FACE('',(#5267),#5252,.F.);
#5269=CARTESIAN_POINT('',(1.25E0,2.79E0,3.726451506463E-1));
#5270=DIRECTION('',(0.E0,0.E0,-1.E0));
#5271=DIRECTION('',(-1.E0,0.E0,0.E0));
#5272=AXIS2_PLACEMENT_3D('',#5269,#5270,#5271);
#5273=CYLINDRICAL_SURFACE('',#5272,1.E0);
#5274=ORIENTED_EDGE('',*,*,#5201,.T.);
#5275=ORIENTED_EDGE('',*,*,#5225,.F.);
#5277=ORIENTED_EDGE('',*,*,#5276,.T.);
#5278=ORIENTED_EDGE('',*,*,#5258,.F.);
#5279=EDGE_LOOP('',(#5274,#5275,#5277,#5278));
#5280=FACE_OUTER_BOUND('',#5279,.F.);
#5281=ADVANCED_FACE('',(#5280),#5273,.F.);
#5282=CARTESIAN_POINT('',(2.5E-1,3.79E0,3.5E-1));
#5283=DIRECTION('',(0.E0,-1.E0,0.E0));
#5284=DIRECTION('',(0.E0,0.E0,-1.E0));
#5285=AXIS2_PLACEMENT_3D('',#5282,#5283,#5284);
#5286=PLANE('',#5285);
#5287=ORIENTED_EDGE('',*,*,#5276,.F.);
#5288=ORIENTED_EDGE('',*,*,#5223,.F.);
#5290=ORIENTED_EDGE('',*,*,#5289,.F.);
#5291=ORIENTED_EDGE('',*,*,#5260,.T.);
#5292=EDGE_LOOP('',(#5287,#5288,#5290,#5291));
#5293=FACE_OUTER_BOUND('',#5292,.F.);
#5294=ADVANCED_FACE('',(#5293),#5286,.T.);
#5295=CARTESIAN_POINT('',(1.293E1,-1.2E0,0.E0));
#5296=DIRECTION('',(1.E0,0.E0,0.E0));
#5297=DIRECTION('',(0.E0,0.E0,1.E0));
#5298=AXIS2_PLACEMENT_3D('',#5295,#5296,#5297);
#5299=PLANE('',#5298);
#5301=ORIENTED_EDGE('',*,*,#5300,.T.);
#5302=ORIENTED_EDGE('',*,*,#5262,.T.);
#5303=ORIENTED_EDGE('',*,*,#5289,.T.);
#5304=ORIENTED_EDGE('',*,*,#5221,.T.);
#5305=EDGE_LOOP('',(#5301,#5302,#5303,#5304));
#5306=FACE_OUTER_BOUND('',#5305,.F.);
#5307=ADVANCED_FACE('',(#5306),#5299,.T.);
#5308=CARTESIAN_POINT('',(-2.5E-1,4.29E0,0.E0));
#5309=DIRECTION('',(0.E0,1.E0,0.E0));
#5310=DIRECTION('',(0.E0,0.E0,1.E0));
#5311=AXIS2_PLACEMENT_3D('',#5308,#5309,#5310);
#5312=PLANE('',#5311);
#5313=ORIENTED_EDGE('',*,*,#5243,.F.);
#5314=ORIENTED_EDGE('',*,*,#5264,.T.);
#5315=ORIENTED_EDGE('',*,*,#5300,.F.);
#5316=ORIENTED_EDGE('',*,*,#5219,.T.);
#5317=EDGE_LOOP('',(#5313,#5314,#5315,#5316));
#5318=FACE_OUTER_BOUND('',#5317,.F.);
#5319=ADVANCED_FACE('',(#5318),#5312,.T.);
#5320=CARTESIAN_POINT('',(-2.79E0,-1.2E0,0.E0));
#5321=DIRECTION('',(1.E0,0.E0,0.E0));
#5322=DIRECTION('',(0.E0,0.E0,1.E0));
#5323=AXIS2_PLACEMENT_3D('',#5320,#5321,#5322);
#5324=PLANE('',#5323);
#5326=ORIENTED_EDGE('',*,*,#5325,.T.);
#5328=ORIENTED_EDGE('',*,*,#5327,.T.);
#5330=ORIENTED_EDGE('',*,*,#5329,.T.);
#5332=ORIENTED_EDGE('',*,*,#5331,.T.);
#5334=ORIENTED_EDGE('',*,*,#5333,.F.);
#5336=ORIENTED_EDGE('',*,*,#5335,.F.);
#5338=ORIENTED_EDGE('',*,*,#5337,.T.);
#5340=ORIENTED_EDGE('',*,*,#5339,.T.);
#5341=EDGE_LOOP('',(#5326,#5328,#5330,#5332,#5334,#5336,#5338,#5340));
#5342=FACE_OUTER_BOUND('',#5341,.F.);
#5343=ADVANCED_FACE('',(#5342),#5324,.F.);
#5344=CARTESIAN_POINT('',(-2.29E0,-1.2E0,0.E0));
#5345=DIRECTION('',(1.E0,0.E0,0.E0));
#5346=DIRECTION('',(0.E0,0.E0,1.E0));
#5347=AXIS2_PLACEMENT_3D('',#5344,#5345,#5346);
#5348=PLANE('',#5347);
#5350=ORIENTED_EDGE('',*,*,#5349,.T.);
#5352=ORIENTED_EDGE('',*,*,#5351,.T.);
#5354=ORIENTED_EDGE('',*,*,#5353,.T.);
#5356=ORIENTED_EDGE('',*,*,#5355,.T.);
#5358=ORIENTED_EDGE('',*,*,#5357,.F.);
#5360=ORIENTED_EDGE('',*,*,#5359,.F.);
#5362=ORIENTED_EDGE('',*,*,#5361,.T.);
#5364=ORIENTED_EDGE('',*,*,#5363,.T.);
#5365=EDGE_LOOP('',(#5350,#5352,#5354,#5356,#5358,#5360,#5362,#5364));
#5366=FACE_OUTER_BOUND('',#5365,.F.);
#5367=ADVANCED_FACE('',(#5366),#5348,.T.);
#5368=CARTESIAN_POINT('',(-2.79E0,6.83E0,3.5E-1));
#5369=DIRECTION('',(0.E0,0.E0,1.E0));
#5370=DIRECTION('',(0.E0,-1.E0,0.E0));
#5371=AXIS2_PLACEMENT_3D('',#5368,#5369,#5370);
#5372=PLANE('',#5371);
#5374=ORIENTED_EDGE('',*,*,#5373,.T.);
#5376=ORIENTED_EDGE('',*,*,#5375,.F.);
#5378=ORIENTED_EDGE('',*,*,#5377,.F.);
#5380=ORIENTED_EDGE('',*,*,#5379,.F.);
#5382=ORIENTED_EDGE('',*,*,#5381,.T.);
#5383=ORIENTED_EDGE('',*,*,#5355,.F.);
#5385=ORIENTED_EDGE('',*,*,#5384,.T.);
#5386=ORIENTED_EDGE('',*,*,#5335,.T.);
#5387=EDGE_LOOP('',(#5374,#5376,#5378,#5380,#5382,#5383,#5385,#5386));
#5388=FACE_OUTER_BOUND('',#5387,.F.);
#5389=ADVANCED_FACE('',(#5388),#5372,.T.);
#5390=CARTESIAN_POINT('',(-7.9E-1,4.83E0,-3.724066074913E-1));
#5391=DIRECTION('',(0.E0,0.E0,1.E0));
#5392=DIRECTION('',(0.E0,1.E0,0.E0));
#5393=AXIS2_PLACEMENT_3D('',#5390,#5391,#5392);
#5394=CYLINDRICAL_SURFACE('',#5393,2.E0);
#5395=ORIENTED_EDGE('',*,*,#5373,.F.);
#5396=ORIENTED_EDGE('',*,*,#5333,.T.);
#5398=ORIENTED_EDGE('',*,*,#5397,.F.);
#5400=ORIENTED_EDGE('',*,*,#5399,.T.);
#5401=EDGE_LOOP('',(#5395,#5396,#5398,#5400));
#5402=FACE_OUTER_BOUND('',#5401,.F.);
#5403=ADVANCED_FACE('',(#5402),#5394,.T.);
#5404=CARTESIAN_POINT('',(-2.79E0,6.83E0,-3.5E-1));
#5405=DIRECTION('',(0.E0,0.E0,1.E0));
#5406=DIRECTION('',(0.E0,-1.E0,0.E0));
#5407=AXIS2_PLACEMENT_3D('',#5404,#5405,#5406);
#5408=PLANE('',#5407);
#5409=ORIENTED_EDGE('',*,*,#5397,.T.);
#5410=ORIENTED_EDGE('',*,*,#5331,.F.);
#5412=ORIENTED_EDGE('',*,*,#5411,.T.);
#5413=ORIENTED_EDGE('',*,*,#5359,.T.);
#5415=ORIENTED_EDGE('',*,*,#5414,.T.);
#5417=ORIENTED_EDGE('',*,*,#5416,.T.);
#5419=ORIENTED_EDGE('',*,*,#5418,.F.);
#5421=ORIENTED_EDGE('',*,*,#5420,.F.);
#5422=EDGE_LOOP('',(#5409,#5410,#5412,#5413,#5415,#5417,#5419,#5421));
#5423=FACE_OUTER_BOUND('',#5422,.F.);
#5424=ADVANCED_FACE('',(#5423),#5408,.F.);
#5425=CARTESIAN_POINT('',(-7.9E-1,4.83E0,3.803653570700E-1));
#5426=DIRECTION('',(0.E0,0.E0,-1.E0));
#5427=DIRECTION('',(-1.E0,0.E0,0.E0));
#5428=AXIS2_PLACEMENT_3D('',#5425,#5426,#5427);
#5429=CYLINDRICAL_SURFACE('',#5428,1.5E0);
#5430=ORIENTED_EDGE('',*,*,#5357,.T.);
#5431=ORIENTED_EDGE('',*,*,#5381,.F.);
#5433=ORIENTED_EDGE('',*,*,#5432,.T.);
#5434=ORIENTED_EDGE('',*,*,#5414,.F.);
#5435=EDGE_LOOP('',(#5430,#5431,#5433,#5434));
#5436=FACE_OUTER_BOUND('',#5435,.F.);
#5437=ADVANCED_FACE('',(#5436),#5429,.F.);
#5438=CARTESIAN_POINT('',(-2.29E0,6.33E0,-3.5E-1));
#5439=DIRECTION('',(0.E0,-1.E0,0.E0));
#5440=DIRECTION('',(0.E0,0.E0,1.E0));
#5441=AXIS2_PLACEMENT_3D('',#5438,#5439,#5440);
#5442=PLANE('',#5441);
#5443=ORIENTED_EDGE('',*,*,#5432,.F.);
#5444=ORIENTED_EDGE('',*,*,#5379,.T.);
#5446=ORIENTED_EDGE('',*,*,#5445,.F.);
#5447=ORIENTED_EDGE('',*,*,#5416,.F.);
#5448=EDGE_LOOP('',(#5443,#5444,#5446,#5447));
#5449=FACE_OUTER_BOUND('',#5448,.F.);
#5450=ADVANCED_FACE('',(#5449),#5442,.T.);
#5451=CARTESIAN_POINT('',(7.85E0,-1.2E0,0.E0));
#5452=DIRECTION('',(-1.E0,0.E0,0.E0));
#5453=DIRECTION('',(0.E0,0.E0,1.E0));
#5454=AXIS2_PLACEMENT_3D('',#5451,#5452,#5453);
#5455=PLANE('',#5454);
#5457=ORIENTED_EDGE('',*,*,#5456,.T.);
#5458=ORIENTED_EDGE('',*,*,#5418,.T.);
#5459=ORIENTED_EDGE('',*,*,#5445,.T.);
#5460=ORIENTED_EDGE('',*,*,#5377,.T.);
#5461=EDGE_LOOP('',(#5457,#5458,#5459,#5460));
#5462=FACE_OUTER_BOUND('',#5461,.F.);
#5463=ADVANCED_FACE('',(#5462),#5455,.F.);
#5464=CARTESIAN_POINT('',(-2.79E0,6.83E0,0.E0));
#5465=DIRECTION('',(0.E0,1.E0,0.E0));
#5466=DIRECTION('',(0.E0,0.E0,1.E0));
#5467=AXIS2_PLACEMENT_3D('',#5464,#5465,#5466);
#5468=PLANE('',#5467);
#5469=ORIENTED_EDGE('',*,*,#5399,.F.);
#5470=ORIENTED_EDGE('',*,*,#5420,.T.);
#5471=ORIENTED_EDGE('',*,*,#5456,.F.);
#5472=ORIENTED_EDGE('',*,*,#5375,.T.);
#5473=EDGE_LOOP('',(#5469,#5470,#5471,#5472));
#5474=FACE_OUTER_BOUND('',#5473,.F.);
#5475=ADVANCED_FACE('',(#5474),#5468,.T.);
#5476=OPEN_SHELL('',(#2753,#2770,#2797,#2811,#2828,#2847,#2862,#2877,#2904,
#2919,#2931,#2946,#2968,#2981,#2997,#3012,#3031,#3044,#3060,#3074,#3100,#3115,
#3142,#3158,#3172,#3184,#3202,#3218,#3234,#3256,#3271,#3284,#3298,#3311,#3326,
#3341,#3356,#3370,#3388,#3401,#3446,#3468,#3492,#3507,#3530,#3545,#3565,#3580,
#3606,#3621,#3654,#3669,#3683,#3697,#3727,#3740,#3753,#3766,#3779,#3804,#3817,
#3830,#3842,#3860,#3873,#3886,#3898,#3914,#3928,#3944,#3958,#3972,#3986,#4000,
#4017,#4033,#4053,#4070,#4089,#4105,#4127,#4139,#4156,#4177,#4189,#4205,#4223,
#4239,#4254,#4268,#4281,#4298,#4312,#4325,#4337,#4353,#4367,#4380,#4391,#4404,
#4417,#4430,#4442,#4456,#4468,#4482,#4494,#4508,#4520,#4534,#4579,#4592,#4605,
#4629,#4651,#4696,#4710,#4723,#4737,#4749,#4766,#4781,#4796,#4821,#4833,#4846,
#4861,#4875,#4889,#4902,#4946,#4959,#4983,#5007,#5031,#5055,#5077,#5091,#5112,
#5125,#5138,#5151,#5163,#5187,#5211,#5233,#5247,#5268,#5281,#5294,#5307,#5319,
#5343,#5367,#5389,#5403,#5424,#5437,#5450,#5463,#5475));
#5477=SHELL_BASED_SURFACE_MODEL('',(#5476));
#5479=DIMENSIONAL_EXPONENTS(0.E0,0.E0,0.E0,0.E0,0.E0,0.E0,0.E0);
#5481=PLANE_ANGLE_MEASURE_WITH_UNIT(PLANE_ANGLE_MEASURE(1.745329251994E-2),
#5480);
#5482=(CONVERSION_BASED_UNIT('DEGREE',#5481)NAMED_UNIT(*)PLANE_ANGLE_UNIT());
#5484=UNCERTAINTY_MEASURE_WITH_UNIT(LENGTH_MEASURE(9.113717946750E-4),#5478,
'closure',
'Maximum model space distance between geometric entities at asserted connectivities');
#5485=(GEOMETRIC_REPRESENTATION_CONTEXT(3)GLOBAL_UNCERTAINTY_ASSIGNED_CONTEXT((
#5484))GLOBAL_UNIT_ASSIGNED_CONTEXT((#5478,#5482,#5483))REPRESENTATION_CONTEXT(
'ID1','3'));
#5487=APPLICATION_CONTEXT(
'CONFIGURATION CONTROLLED 3D DESIGNS OF MECHANICAL PARTS AND ASSEMBLIES');
#5488=APPLICATION_PROTOCOL_DEFINITION('international standard',
'config_control_design',1994,#5487);
#5489=DESIGN_CONTEXT('',#5487,'design');
#5490=MECHANICAL_CONTEXT('',#5487,'mechanical');
#5491=PRODUCT('TL3_WW___50_SW0001','TL3_WW___50_SW0001','NOT SPECIFIED',
(#5490));
#5492=PRODUCT_DEFINITION_FORMATION_WITH_SPECIFIED_SOURCE('1','LAST_VERSION',
#5491,.MADE.);
#5496=PRODUCT_CATEGORY('part','');
#5497=PRODUCT_RELATED_PRODUCT_CATEGORY('detail','',(#5491));
#5498=PRODUCT_CATEGORY_RELATIONSHIP('','',#5496,#5497);
#5499=SECURITY_CLASSIFICATION_LEVEL('unclassified');
#5500=SECURITY_CLASSIFICATION('','',#5499);
#5501=CC_DESIGN_SECURITY_CLASSIFICATION(#5500,(#5492));
#5502=APPROVAL_STATUS('approved');
#5503=APPROVAL(#5502,'');
#5504=CC_DESIGN_APPROVAL(#5503,(#5500,#5492,#5493));
#5505=CALENDAR_DATE(115,7,9);
#5506=COORDINATED_UNIVERSAL_TIME_OFFSET(2,0,.AHEAD.);
#5507=LOCAL_TIME(11,35,4.3E1,#5506);
#5508=DATE_AND_TIME(#5505,#5507);
#5509=APPROVAL_DATE_TIME(#5508,#5503);
#5510=DATE_TIME_ROLE('creation_date');
#5511=CC_DESIGN_DATE_AND_TIME_ASSIGNMENT(#5508,#5510,(#5493));
#5512=DATE_TIME_ROLE('classification_date');
#5513=CC_DESIGN_DATE_AND_TIME_ASSIGNMENT(#5508,#5512,(#5500));
#5514=PERSON('UNSPECIFIED','UNSPECIFIED',$,$,$,$);
#5515=ORGANIZATION('UNSPECIFIED','UNSPECIFIED','UNSPECIFIED');
#5516=PERSON_AND_ORGANIZATION(#5514,#5515);
#5517=APPROVAL_ROLE('approver');
#5518=APPROVAL_PERSON_ORGANIZATION(#5516,#5503,#5517);
#5519=PERSON_AND_ORGANIZATION_ROLE('creator');
#5520=CC_DESIGN_PERSON_AND_ORGANIZATION_ASSIGNMENT(#5516,#5519,(#5492,#5493));
#5521=PERSON_AND_ORGANIZATION_ROLE('design_supplier');
#5522=CC_DESIGN_PERSON_AND_ORGANIZATION_ASSIGNMENT(#5516,#5521,(#5492));
#5523=PERSON_AND_ORGANIZATION_ROLE('classification_officer');
#5524=CC_DESIGN_PERSON_AND_ORGANIZATION_ASSIGNMENT(#5516,#5523,(#5500));
#5525=PERSON_AND_ORGANIZATION_ROLE('design_owner');
#5526=CC_DESIGN_PERSON_AND_ORGANIZATION_ASSIGNMENT(#5516,#5525,(#5491));
#13=CIRCLE('',#12,1.000000000033E-2);
#26=CIRCLE('',#25,3.E-1);
#31=CIRCLE('',#30,2.899999999998E-1);
#36=CIRCLE('',#35,3.000000000001E-1);
#41=CIRCLE('',#40,2.899999999998E-1);
#59=B_SPLINE_CURVE_WITH_KNOTS('',3,(#46,#47,#48,#49,#50,#51,#52,#53,#54,#55,#56,
#57,#58),.UNSPECIFIED.,.F.,.F.,(4,1,1,1,1,1,1,1,1,1,4),(0.E0,1.E-1,2.E-1,3.E-1,
4.E-1,5.E-1,6.E-1,7.E-1,8.E-1,9.E-1,1.E0),.UNSPECIFIED.);
#85=B_SPLINE_CURVE_WITH_KNOTS('',3,(#72,#73,#74,#75,#76,#77,#78,#79,#80,#81,#82,
#83,#84),.UNSPECIFIED.,.F.,.F.,(4,1,1,1,1,1,1,1,1,1,4),(0.E0,1.E-1,2.E-1,3.E-1,
4.E-1,5.E-1,6.E-1,7.E-1,8.E-1,9.E-1,1.E0),.UNSPECIFIED.);
#110=CIRCLE('',#109,2.899999999998E-1);
#115=CIRCLE('',#114,3.000000000001E-1);
#120=CIRCLE('',#119,2.899999999998E-1);
#125=CIRCLE('',#124,1.000000000020E-2);
#130=CIRCLE('',#129,3.E-1);
#149=B_SPLINE_CURVE_WITH_KNOTS('',3,(#143,#144,#145,#146,#147,#148),
.UNSPECIFIED.,.F.,.F.,(4,1,1,4),(0.E0,5.E-1,7.5E-1,1.E0),.UNSPECIFIED.);
#160=B_SPLINE_CURVE_WITH_KNOTS('',3,(#154,#155,#156,#157,#158,#159),
.UNSPECIFIED.,.F.,.F.,(4,1,1,4),(0.E0,3.333333333333E-1,6.666666666667E-1,1.E0),
.UNSPECIFIED.);
#167=B_SPLINE_CURVE_WITH_KNOTS('',3,(#161,#162,#163,#164,#165,#166),
.UNSPECIFIED.,.F.,.F.,(4,1,1,4),(0.E0,3.333333333333E-1,6.666666666667E-1,1.E0),
.UNSPECIFIED.);
#178=B_SPLINE_CURVE_WITH_KNOTS('',3,(#172,#173,#174,#175,#176,#177),
.UNSPECIFIED.,.F.,.F.,(4,1,1,4),(0.E0,3.333333333333E-1,6.666666666667E-1,1.E0),
.UNSPECIFIED.);
#196=B_SPLINE_CURVE_WITH_KNOTS('',3,(#179,#180,#181,#182,#183,#184,#185,#186,
#187,#188,#189,#190,#191,#192,#193,#194,#195),.UNSPECIFIED.,.F.,.F.,(4,1,1,1,1,
1,1,1,1,1,1,1,1,1,4),(0.E0,7.142857142857E-2,1.428571428571E-1,
2.142857142857E-1,2.857142857143E-1,3.571428571429E-1,4.285714285714E-1,5.E-1,
5.714285714286E-1,6.428571428571E-1,7.142857142857E-1,7.857142857143E-1,
8.571428571429E-1,9.285714285714E-1,1.E0),.UNSPECIFIED.);
#218=B_SPLINE_CURVE_WITH_KNOTS('',3,(#201,#202,#203,#204,#205,#206,#207,#208,
#209,#210,#211,#212,#213,#214,#215,#216,#217),.UNSPECIFIED.,.F.,.F.,(4,1,1,1,1,
1,1,1,1,1,1,1,1,1,4),(0.E0,7.142857142857E-2,1.428571428571E-1,
2.142857142857E-1,2.857142857143E-1,3.571428571429E-1,4.285714285714E-1,5.E-1,
5.714285714286E-1,6.428571428571E-1,7.142857142857E-1,7.857142857143E-1,
8.571428571429E-1,9.285714285714E-1,1.E0),.UNSPECIFIED.);
#236=B_SPLINE_CURVE_WITH_KNOTS('',3,(#227,#228,#229,#230,#231,#232,#233,#234,
#235),.UNSPECIFIED.,.F.,.F.,(4,1,1,1,1,1,4),(0.E0,1.666666666667E-1,
3.333333333333E-1,5.E-1,6.666666666667E-1,8.333333333333E-1,1.E0),
.UNSPECIFIED.);
#262=B_SPLINE_CURVE_WITH_KNOTS('',3,(#257,#258,#259,#260,#261),.UNSPECIFIED.,
.F.,.F.,(4,1,4),(0.E0,5.E-1,1.E0),.UNSPECIFIED.);
#268=B_SPLINE_CURVE_WITH_KNOTS('',3,(#263,#264,#265,#266,#267),.UNSPECIFIED.,
.F.,.F.,(4,1,4),(0.E0,5.E-1,1.E0),.UNSPECIFIED.);
#286=B_SPLINE_CURVE_WITH_KNOTS('',3,(#277,#278,#279,#280,#281,#282,#283,#284,
#285),.UNSPECIFIED.,.F.,.F.,(4,1,1,1,1,1,4),(0.E0,1.666666666667E-1,
3.333333333333E-1,5.E-1,6.666666666667E-1,8.333333333333E-1,1.E0),
.UNSPECIFIED.);
#291=CIRCLE('',#290,2.899999999998E-1);
#296=CIRCLE('',#295,2.999999999999E-1);
#301=CIRCLE('',#300,2.899999999998E-1);
#314=CIRCLE('',#313,2.899999999999E-1);
#319=CIRCLE('',#318,3.E-1);
#324=CIRCLE('',#323,2.899999999999E-1);
#333=CIRCLE('',#332,3.E-1);
#338=CIRCLE('',#337,9.999999999483E-3);
#349=B_SPLINE_CURVE_WITH_KNOTS('',3,(#343,#344,#345,#346,#347,#348),
.UNSPECIFIED.,.F.,.F.,(4,1,1,4),(0.E0,2.5E-1,5.E-1,1.E0),.UNSPECIFIED.);
#356=B_SPLINE_CURVE_WITH_KNOTS('',3,(#350,#351,#352,#353,#354,#355),
.UNSPECIFIED.,.F.,.F.,(4,1,1,4),(0.E0,3.333333333333E-1,6.666666666667E-1,1.E0),
.UNSPECIFIED.);
#370=B_SPLINE_CURVE_WITH_KNOTS('',3,(#357,#358,#359,#360,#361,#362,#363,#364,
#365,#366,#367,#368,#369),.UNSPECIFIED.,.F.,.F.,(4,1,1,1,1,1,1,1,1,1,4),(0.E0,
1.E-1,2.E-1,3.E-1,4.E-1,5.E-1,6.E-1,7.E-1,8.E-1,9.E-1,1.E0),.UNSPECIFIED.);
#387=CIRCLE('',#386,9.999999999805E-3);
#392=CIRCLE('',#391,3.E-1);
#403=B_SPLINE_CURVE_WITH_KNOTS('',3,(#397,#398,#399,#400,#401,#402),
.UNSPECIFIED.,.F.,.F.,(4,1,1,4),(0.E0,5.E-1,7.5E-1,1.E0),.UNSPECIFIED.);
#425=B_SPLINE_CURVE_WITH_KNOTS('',3,(#408,#409,#410,#411,#412,#413,#414,#415,
#416,#417,#418,#419,#420,#421,#422,#423,#424),.UNSPECIFIED.,.F.,.F.,(4,1,1,1,1,
1,1,1,1,1,1,1,1,1,4),(0.E0,7.142857142857E-2,1.428571428571E-1,
2.142857142857E-1,2.857142857143E-1,3.571428571429E-1,4.285714285714E-1,5.E-1,
5.714285714286E-1,6.428571428571E-1,7.142857142857E-1,7.857142857143E-1,
8.571428571429E-1,9.285714285714E-1,1.E0),.UNSPECIFIED.);
#447=B_SPLINE_CURVE_WITH_KNOTS('',3,(#430,#431,#432,#433,#434,#435,#436,#437,
#438,#439,#440,#441,#442,#443,#444,#445,#446),.UNSPECIFIED.,.F.,.F.,(4,1,1,1,1,
1,1,1,1,1,1,1,1,1,4),(0.E0,7.142857142857E-2,1.428571428571E-1,
2.142857142857E-1,2.857142857143E-1,3.571428571429E-1,4.285714285714E-1,5.E-1,
5.714285714286E-1,6.428571428571E-1,7.142857142857E-1,7.857142857143E-1,
8.571428571429E-1,9.285714285714E-1,1.E0),.UNSPECIFIED.);
#454=B_SPLINE_CURVE_WITH_KNOTS('',3,(#448,#449,#450,#451,#452,#453),
.UNSPECIFIED.,.F.,.F.,(4,1,1,4),(0.E0,3.333333333333E-1,6.666666666667E-1,1.E0),
.UNSPECIFIED.);
#461=B_SPLINE_CURVE_WITH_KNOTS('',3,(#455,#456,#457,#458,#459,#460),
.UNSPECIFIED.,.F.,.F.,(4,1,1,4),(0.E0,3.333333333333E-1,6.666666666667E-1,1.E0),
.UNSPECIFIED.);
#472=B_SPLINE_CURVE_WITH_KNOTS('',3,(#466,#467,#468,#469,#470,#471),
.UNSPECIFIED.,.F.,.F.,(4,1,1,4),(0.E0,3.333333333333E-1,6.666666666667E-1,1.E0),
.UNSPECIFIED.);
#479=B_SPLINE_CURVE_WITH_KNOTS('',3,(#473,#474,#475,#476,#477,#478),
.UNSPECIFIED.,.F.,.F.,(4,1,1,4),(0.E0,3.333333333333E-1,6.666666666667E-1,1.E0),
.UNSPECIFIED.);
#490=B_SPLINE_CURVE_WITH_KNOTS('',3,(#484,#485,#486,#487,#488,#489),
.UNSPECIFIED.,.F.,.F.,(4,1,1,4),(0.E0,2.5E-1,5.E-1,1.E0),.UNSPECIFIED.);
#523=B_SPLINE_CURVE_WITH_KNOTS('',3,(#511,#512,#513,#514,#515,#516,#517,#518,
#519,#520,#521,#522),.UNSPECIFIED.,.F.,.F.,(4,1,1,1,1,1,1,1,1,4),(0.E0,
1.111111111111E-1,2.222222222222E-1,3.333333333333E-1,4.444444444444E-1,
5.555555555556E-1,6.666666666667E-1,7.777777777778E-1,8.888888888889E-1,1.E0),
.UNSPECIFIED.);
#537=B_SPLINE_CURVE_WITH_KNOTS('',3,(#528,#529,#530,#531,#532,#533,#534,#535,
#536),.UNSPECIFIED.,.F.,.F.,(4,1,1,1,1,1,4),(0.E0,1.666666666667E-1,
3.333333333333E-1,5.E-1,6.666666666667E-1,8.333333333333E-1,1.E0),
.UNSPECIFIED.);
#551=B_SPLINE_CURVE_WITH_KNOTS('',3,(#546,#547,#548,#549,#550),.UNSPECIFIED.,
.F.,.F.,(4,1,4),(0.E0,5.E-1,1.E0),.UNSPECIFIED.);
#557=B_SPLINE_CURVE_WITH_KNOTS('',3,(#552,#553,#554,#555,#556),.UNSPECIFIED.,
.F.,.F.,(4,1,4),(0.E0,5.E-1,1.E0),.UNSPECIFIED.);
#574=CIRCLE('',#573,2.9E-1);
#588=B_SPLINE_CURVE_WITH_KNOTS('',3,(#575,#576,#577,#578,#579,#580,#581,#582,
#583,#584,#585,#586,#587),.UNSPECIFIED.,.F.,.F.,(4,1,1,1,1,1,1,1,1,1,4),(0.E0,
1.E-1,2.E-1,3.E-1,4.E-1,5.E-1,6.E-1,7.E-1,8.E-1,9.E-1,1.E0),.UNSPECIFIED.);
#599=B_SPLINE_CURVE_WITH_KNOTS('',3,(#593,#594,#595,#596,#597,#598),
.UNSPECIFIED.,.F.,.F.,(4,1,1,4),(0.E0,3.333333333333E-1,6.666666666667E-1,1.E0),
.UNSPECIFIED.);
#610=B_SPLINE_CURVE_WITH_KNOTS('',3,(#604,#605,#606,#607,#608,#609),
.UNSPECIFIED.,.F.,.F.,(4,1,1,4),(0.E0,3.333333333333E-1,6.666666666667E-1,1.E0),
.UNSPECIFIED.);
#631=B_SPLINE_CURVE_WITH_KNOTS('',3,(#619,#620,#621,#622,#623,#624,#625,#626,
#627,#628,#629,#630),.UNSPECIFIED.,.F.,.F.,(4,1,1,1,1,1,1,1,1,4),(0.E0,
1.111111111111E-1,2.222222222222E-1,3.333333333333E-1,4.444444444444E-1,
5.555555555556E-1,6.666666666667E-1,7.777777777778E-1,8.888888888889E-1,1.E0),
.UNSPECIFIED.);
#664=CIRCLE('',#663,4.E-1);
#705=CIRCLE('',#704,4.E-1);
#710=CIRCLE('',#709,7.E-1);
#715=CIRCLE('',#714,4.E-1);
#724=CIRCLE('',#723,4.E-1);
#733=CIRCLE('',#732,8.E-1);
#738=CIRCLE('',#737,3.E-1);
#743=CIRCLE('',#742,8.E-1);
#760=CIRCLE('',#759,3.5E-1);
#777=CIRCLE('',#776,8.E-1);
#782=CIRCLE('',#781,3.E-1);
#787=CIRCLE('',#786,8.E-1);
#792=CIRCLE('',#791,4.E-1);
#801=CIRCLE('',#800,4.E-1);
#806=CIRCLE('',#805,7.E-1);
#811=CIRCLE('',#810,4.E-1);
#888=CIRCLE('',#887,4.E-1);
#969=CIRCLE('',#968,2.948378584292E0);
#980=B_SPLINE_CURVE_WITH_KNOTS('',3,(#974,#975,#976,#977,#978,#979),
.UNSPECIFIED.,.F.,.F.,(4,1,1,4),(0.E0,3.333333333333E-1,6.666666666667E-1,1.E0),
.UNSPECIFIED.);
#987=B_SPLINE_CURVE_WITH_KNOTS('',3,(#981,#982,#983,#984,#985,#986),
.UNSPECIFIED.,.F.,.F.,(4,1,1,4),(0.E0,3.333333333333E-1,6.666666666667E-1,1.E0),
.UNSPECIFIED.);
#996=CIRCLE('',#995,2.85E0);
#1001=CIRCLE('',#1000,2.85E0);
#1008=B_SPLINE_CURVE_WITH_KNOTS('',3,(#1002,#1003,#1004,#1005,#1006,#1007),
.UNSPECIFIED.,.F.,.F.,(4,1,1,4),(0.E0,3.333333333333E-1,6.666666666667E-1,1.E0),
.UNSPECIFIED.);
#1015=B_SPLINE_CURVE_WITH_KNOTS('',3,(#1009,#1010,#1011,#1012,#1013,#1014),
.UNSPECIFIED.,.F.,.F.,(4,1,1,4),(0.E0,3.333333333333E-1,6.666666666667E-1,1.E0),
.UNSPECIFIED.);
#1040=CIRCLE('',#1039,2.948378584292E0);
#1061=CIRCLE('',#1060,2.5E0);
#1066=CIRCLE('',#1065,2.5E0);
#1083=CIRCLE('',#1082,2.5E0);
#1088=CIRCLE('',#1087,2.5E0);
#1109=B_SPLINE_CURVE_WITH_KNOTS('',3,(#1105,#1106,#1107,#1108),.UNSPECIFIED.,
.F.,.F.,(4,4),(0.E0,1.E0),.UNSPECIFIED.);
#1120=B_SPLINE_CURVE_WITH_KNOTS('',3,(#1114,#1115,#1116,#1117,#1118,#1119),
.UNSPECIFIED.,.F.,.F.,(4,1,1,4),(0.E0,3.333333333333E-1,6.666666666667E-1,1.E0),
.UNSPECIFIED.);
#1129=B_SPLINE_CURVE_WITH_KNOTS('',3,(#1125,#1126,#1127,#1128),.UNSPECIFIED.,
.F.,.F.,(4,4),(0.E0,1.E0),.UNSPECIFIED.);
#1134=CIRCLE('',#1133,2.1E0);
#1139=CIRCLE('',#1138,2.5E0);
#1144=CIRCLE('',#1143,2.5E0);
#1149=CIRCLE('',#1148,2.3E0);
#1154=CIRCLE('',#1153,2.3E0);
#1161=B_SPLINE_CURVE_WITH_KNOTS('',3,(#1155,#1156,#1157,#1158,#1159,#1160),
.UNSPECIFIED.,.F.,.F.,(4,1,1,4),(0.E0,3.333333333333E-1,6.666666666667E-1,1.E0),
.UNSPECIFIED.);
#1170=B_SPLINE_CURVE_WITH_KNOTS('',3,(#1166,#1167,#1168,#1169),.UNSPECIFIED.,
.F.,.F.,(4,4),(0.E0,1.E0),.UNSPECIFIED.);
#1181=B_SPLINE_CURVE_WITH_KNOTS('',3,(#1175,#1176,#1177,#1178,#1179,#1180),
.UNSPECIFIED.,.F.,.F.,(4,1,1,4),(0.E0,3.333333333333E-1,6.666666666667E-1,1.E0),
.UNSPECIFIED.);
#1190=B_SPLINE_CURVE_WITH_KNOTS('',3,(#1186,#1187,#1188,#1189),.UNSPECIFIED.,
.F.,.F.,(4,4),(0.E0,1.E0),.UNSPECIFIED.);
#1195=CIRCLE('',#1194,2.1E0);
#1200=CIRCLE('',#1199,2.5E0);
#1205=CIRCLE('',#1204,2.5E0);
#1210=CIRCLE('',#1209,2.3E0);
#1215=CIRCLE('',#1214,2.3E0);
#1222=B_SPLINE_CURVE_WITH_KNOTS('',3,(#1216,#1217,#1218,#1219,#1220,#1221),
.UNSPECIFIED.,.F.,.F.,(4,1,1,4),(0.E0,3.333333333333E-1,6.666666666667E-1,1.E0),
.UNSPECIFIED.);
#1237=B_SPLINE_CURVE_WITH_KNOTS('',3,(#1231,#1232,#1233,#1234,#1235,#1236),
.UNSPECIFIED.,.F.,.F.,(4,1,1,4),(0.E0,3.333333333333E-1,6.666666666667E-1,1.E0),
.UNSPECIFIED.);
#1242=CIRCLE('',#1241,2.300000236807E0);
#1247=CIRCLE('',#1246,2.300000236807E0);
#1252=CIRCLE('',#1251,2.100000343147E0);
#1261=CIRCLE('',#1260,2.100000343147E0);
#1276=B_SPLINE_CURVE_WITH_KNOTS('',3,(#1270,#1271,#1272,#1273,#1274,#1275),
.UNSPECIFIED.,.F.,.F.,(4,1,1,4),(0.E0,3.333333333333E-1,6.666666666667E-1,1.E0),
.UNSPECIFIED.);
#1295=B_SPLINE_CURVE_WITH_KNOTS('',3,(#1289,#1290,#1291,#1292,#1293,#1294),
.UNSPECIFIED.,.F.,.F.,(4,1,1,4),(0.E0,3.333333333333E-1,6.666666666667E-1,1.E0),
.UNSPECIFIED.);
#1300=CIRCLE('',#1299,2.300000236807E0);
#1305=CIRCLE('',#1304,2.300000236807E0);
#1312=B_SPLINE_CURVE_WITH_KNOTS('',3,(#1306,#1307,#1308,#1309,#1310,#1311),
.UNSPECIFIED.,.F.,.F.,(4,1,1,4),(0.E0,3.333333333333E-1,6.666666666667E-1,1.E0),
.UNSPECIFIED.);
#1329=CIRCLE('',#1328,8.5E-1);
#1338=CIRCLE('',#1337,8.5E-1);
#1343=CIRCLE('',#1342,1.201839166959E0);
#1348=CIRCLE('',#1347,1.2E0);
#1353=CIRCLE('',#1352,1.201839166959E0);
#1358=CIRCLE('',#1357,1.2E0);
#1379=CIRCLE('',#1378,3.5E-1);
#1388=CIRCLE('',#1387,3.E-1);
#1393=CIRCLE('',#1392,5.E-1);
#1398=CIRCLE('',#1397,3.E-1);
#1403=CIRCLE('',#1402,5.E-1);
#1408=CIRCLE('',#1407,3.547480831244E-1);
#1413=CIRCLE('',#1412,6.792310124029E-1);
#1418=CIRCLE('',#1417,3.547480831244E-1);
#1423=CIRCLE('',#1422,6.792310124029E-1);
#1428=CIRCLE('',#1427,6.792310124029E-1);
#1433=CIRCLE('',#1432,3.547480831244E-1);
#1438=CIRCLE('',#1437,3.547480831244E-1);
#1443=CIRCLE('',#1442,6.792310124029E-1);
#1464=B_SPLINE_CURVE_WITH_KNOTS('',3,(#1452,#1453,#1454,#1455,#1456,#1457,#1458,
#1459,#1460,#1461,#1462,#1463),.UNSPECIFIED.,.F.,.F.,(4,1,1,1,1,1,1,1,1,4),
(0.E0,1.111111111111E-1,2.222222222222E-1,3.333333333333E-1,4.444444444444E-1,
5.555555555556E-1,6.666666666667E-1,7.777777777778E-1,8.888888888889E-1,1.E0),
.UNSPECIFIED.);
#1478=B_SPLINE_CURVE_WITH_KNOTS('',3,(#1465,#1466,#1467,#1468,#1469,#1470,#1471,
#1472,#1473,#1474,#1475,#1476,#1477),.UNSPECIFIED.,.F.,.F.,(4,1,1,1,1,1,1,1,1,1,
4),(0.E0,1.E-1,2.E-1,3.E-1,4.E-1,5.E-1,6.E-1,7.E-1,8.E-1,9.E-1,1.E0),
.UNSPECIFIED.);
#1491=B_SPLINE_CURVE_WITH_KNOTS('',3,(#1479,#1480,#1481,#1482,#1483,#1484,#1485,
#1486,#1487,#1488,#1489,#1490),.UNSPECIFIED.,.F.,.F.,(4,1,1,1,1,1,1,1,1,4),
(0.E0,1.111111111111E-1,2.222222222222E-1,3.333333333333E-1,4.444444444444E-1,
5.555555555556E-1,6.666666666667E-1,7.777777777778E-1,8.888888888889E-1,1.E0),
.UNSPECIFIED.);
#1496=CIRCLE('',#1495,2.9E-1);
#1509=CIRCLE('',#1508,2.899999999998E-1);
#1514=CIRCLE('',#1513,3.E-1);
#1519=CIRCLE('',#1518,2.899999999998E-1);
#1530=B_SPLINE_CURVE_WITH_KNOTS('',3,(#1524,#1525,#1526,#1527,#1528,#1529),
.UNSPECIFIED.,.F.,.F.,(4,1,1,4),(0.E0,3.333333333333E-1,6.666666666667E-1,1.E0),
.UNSPECIFIED.);
#1541=B_SPLINE_CURVE_WITH_KNOTS('',3,(#1535,#1536,#1537,#1538,#1539,#1540),
.UNSPECIFIED.,.F.,.F.,(4,1,1,4),(0.E0,3.333333333333E-1,6.666666666667E-1,1.E0),
.UNSPECIFIED.);
#1562=B_SPLINE_CURVE_WITH_KNOTS('',3,(#1550,#1551,#1552,#1553,#1554,#1555,#1556,
#1557,#1558,#1559,#1560,#1561),.UNSPECIFIED.,.F.,.F.,(4,1,1,1,1,1,1,1,1,4),
(0.E0,1.111111111111E-1,2.222222222222E-1,3.333333333333E-1,4.444444444444E-1,
5.555555555556E-1,6.666666666667E-1,7.777777777778E-1,8.888888888889E-1,1.E0),
.UNSPECIFIED.);
#1576=B_SPLINE_CURVE_WITH_KNOTS('',3,(#1563,#1564,#1565,#1566,#1567,#1568,#1569,
#1570,#1571,#1572,#1573,#1574,#1575),.UNSPECIFIED.,.F.,.F.,(4,1,1,1,1,1,1,1,1,1,
4),(0.E0,1.E-1,2.E-1,3.E-1,4.E-1,5.E-1,6.E-1,7.E-1,8.E-1,9.E-1,1.E0),
.UNSPECIFIED.);
#1581=CIRCLE('',#1580,2.9E-1);
#1602=B_SPLINE_CURVE_WITH_KNOTS('',3,(#1590,#1591,#1592,#1593,#1594,#1595,#1596,
#1597,#1598,#1599,#1600,#1601),.UNSPECIFIED.,.F.,.F.,(4,1,1,1,1,1,1,1,1,4),
(0.E0,1.111111111111E-1,2.222222222222E-1,3.333333333333E-1,4.444444444444E-1,
5.555555555556E-1,6.666666666667E-1,7.777777777778E-1,8.888888888889E-1,1.E0),
.UNSPECIFIED.);
#1624=B_SPLINE_CURVE_WITH_KNOTS('',3,(#1611,#1612,#1613,#1614,#1615,#1616,#1617,
#1618,#1619,#1620,#1621,#1622,#1623),.UNSPECIFIED.,.F.,.F.,(4,1,1,1,1,1,1,1,1,1,
4),(0.E0,1.E-1,2.E-1,3.E-1,4.E-1,5.E-1,6.E-1,7.E-1,8.E-1,9.E-1,1.E0),
.UNSPECIFIED.);
#1653=CIRCLE('',#1652,2.899999999999E-1);
#1658=CIRCLE('',#1657,3.000000000001E-1);
#1663=CIRCLE('',#1662,2.899999999999E-1);
#1693=B_SPLINE_CURVE_WITH_KNOTS('',3,(#1684,#1685,#1686,#1687,#1688,#1689,#1690,
#1691,#1692),.UNSPECIFIED.,.F.,.F.,(4,1,1,1,1,1,4),(0.E0,1.666666666667E-1,
3.333333333333E-1,5.E-1,6.666666666667E-1,8.333333333333E-1,1.E0),
.UNSPECIFIED.);
#1714=B_SPLINE_CURVE_WITH_KNOTS('',3,(#1702,#1703,#1704,#1705,#1706,#1707,#1708,
#1709,#1710,#1711,#1712,#1713),.UNSPECIFIED.,.F.,.F.,(4,1,1,1,1,1,1,1,1,4),
(0.E0,1.111111111111E-1,2.222222222222E-1,3.333333333333E-1,4.444444444444E-1,
5.555555555556E-1,6.666666666667E-1,7.777777777778E-1,8.888888888889E-1,1.E0),
.UNSPECIFIED.);
#1719=CIRCLE('',#1718,2.9E-1);
#1733=B_SPLINE_CURVE_WITH_KNOTS('',3,(#1720,#1721,#1722,#1723,#1724,#1725,#1726,
#1727,#1728,#1729,#1730,#1731,#1732),.UNSPECIFIED.,.F.,.F.,(4,1,1,1,1,1,1,1,1,1,
4),(0.E0,1.E-1,2.E-1,3.E-1,4.E-1,5.E-1,6.E-1,7.E-1,8.E-1,9.E-1,1.E0),
.UNSPECIFIED.);
#1754=B_SPLINE_CURVE_WITH_KNOTS('',3,(#1742,#1743,#1744,#1745,#1746,#1747,#1748,
#1749,#1750,#1751,#1752,#1753),.UNSPECIFIED.,.F.,.F.,(4,1,1,1,1,1,1,1,1,4),
(0.E0,1.111111111111E-1,2.222222222222E-1,3.333333333333E-1,4.444444444444E-1,
5.555555555556E-1,6.666666666667E-1,7.777777777778E-1,8.888888888889E-1,1.E0),
.UNSPECIFIED.);
#1759=CIRCLE('',#1758,2.899999999999E-1);
#1764=CIRCLE('',#1763,3.E-1);
#1769=CIRCLE('',#1768,2.899999999999E-1);
#1774=CIRCLE('',#1773,2.899999999998E-1);
#1779=CIRCLE('',#1778,3.000000000001E-1);
#1784=CIRCLE('',#1783,2.899999999998E-1);
#1837=CIRCLE('',#1836,1.E0);
#1846=CIRCLE('',#1845,5.E-1);
#1867=CIRCLE('',#1866,1.E0);
#1880=CIRCLE('',#1879,5.E-1);
#1969=CIRCLE('',#1968,1.5E0);
#1978=CIRCLE('',#1977,1.E0);
#1999=CIRCLE('',#1998,1.5E0);
#2012=CIRCLE('',#2011,1.E0);
#2101=CIRCLE('',#2100,2.E0);
#2106=CIRCLE('',#2105,1.5E0);
#2127=CIRCLE('',#2126,2.E0);
#2140=CIRCLE('',#2139,1.5E0);
#2727=EDGE_CURVE('',#2207,#2208,#21,.T.);
#2729=EDGE_CURVE('',#2209,#2207,#490,.T.);
#2731=EDGE_CURVE('',#2211,#2209,#465,.T.);
#2733=EDGE_CURVE('',#2212,#2211,#403,.T.);
#2735=EDGE_CURVE('',#2214,#2212,#396,.T.);
#2737=EDGE_CURVE('',#2216,#2214,#378,.T.);
#2739=EDGE_CURVE('',#2216,#2218,#4,.T.);
#2741=EDGE_CURVE('',#2219,#2218,#349,.T.);
#2743=EDGE_CURVE('',#2221,#2219,#171,.T.);
#2745=EDGE_CURVE('',#2222,#2221,#149,.T.);
#2747=EDGE_CURVE('',#2222,#2224,#8,.T.);
#2749=EDGE_CURVE('',#2208,#2224,#71,.T.);
#2759=EDGE_CURVE('',#2227,#2228,#13,.T.);
#2761=EDGE_CURVE('',#2228,#2207,#17,.T.);
#2764=EDGE_CURVE('',#2208,#2230,#26,.T.);
#2766=EDGE_CURVE('',#2227,#2230,#45,.T.);
#2789=EDGE_CURVE('',#2227,#2232,#31,.T.);
#2791=EDGE_CURVE('',#2232,#2234,#36,.T.);
#2793=EDGE_CURVE('',#2234,#2228,#41,.T.);
#2804=EDGE_CURVE('',#2230,#2235,#59,.T.);
#2806=EDGE_CURVE('',#2235,#2232,#63,.T.);
#2817=EDGE_CURVE('',#2237,#2235,#67,.T.);
#2822=EDGE_CURVE('',#2239,#2224,#130,.T.);
#2824=EDGE_CURVE('',#2239,#2237,#85,.T.);
#2835=EDGE_CURVE('',#2241,#2237,#97,.T.);
#2837=EDGE_CURVE('',#2241,#2243,#89,.T.);
#2839=EDGE_CURVE('',#2245,#2243,#1451,.T.);
#2841=EDGE_CURVE('',#2245,#2247,#93,.T.);
#2843=EDGE_CURVE('',#2235,#2247,#502,.T.);
#2853=EDGE_CURVE('',#2250,#2251,#105,.T.);
#2855=EDGE_CURVE('',#2241,#2250,#1504,.T.);
#2858=EDGE_CURVE('',#2251,#2237,#142,.T.);
#2868=EDGE_CURVE('',#2253,#2251,#115,.T.);
#2870=EDGE_CURVE('',#2253,#2255,#101,.T.);
#2872=EDGE_CURVE('',#2250,#2255,#1514,.T.);
#2895=EDGE_CURVE('',#2258,#2259,#125,.T.);
#2897=EDGE_CURVE('',#2258,#2253,#110,.T.);
#2900=EDGE_CURVE('',#2251,#2259,#120,.T.);
#2911=EDGE_CURVE('',#2239,#2259,#138,.T.);
#2915=EDGE_CURVE('',#2222,#2258,#134,.T.);
#2939=EDGE_CURVE('',#2260,#2221,#167,.T.);
#2941=EDGE_CURVE('',#2260,#2253,#153,.T.);
#2952=EDGE_CURVE('',#2261,#2260,#160,.T.);
#2956=EDGE_CURVE('',#2219,#2262,#178,.T.);
#2958=EDGE_CURVE('',#2263,#2262,#356,.T.);
#2960=EDGE_CURVE('',#2263,#2264,#196,.T.);
#2962=EDGE_CURVE('',#2264,#2266,#200,.T.);
#2964=EDGE_CURVE('',#2266,#2261,#218,.T.);
#2976=EDGE_CURVE('',#2255,#2261,#222,.T.);
#2987=EDGE_CURVE('',#2269,#2270,#226,.T.);
#2989=EDGE_CURVE('',#2255,#2269,#1519,.T.);
#2993=EDGE_CURVE('',#2270,#2266,#262,.T.);
#3004=EDGE_CURVE('',#2272,#2270,#256,.T.);
#3006=EDGE_CURVE('',#2274,#2272,#1500,.T.);
#3008=EDGE_CURVE('',#2274,#2269,#236,.T.);
#3018=EDGE_CURVE('',#2270,#2276,#240,.T.);
#3020=EDGE_CURVE('',#2276,#2278,#244,.T.);
#3022=EDGE_CURVE('',#2278,#2280,#248,.T.);
#3024=EDGE_CURVE('',#2282,#2280,#1549,.T.);
#3026=EDGE_CURVE('',#2282,#2272,#252,.T.);
#3040=EDGE_CURVE('',#2264,#2276,#268,.T.);
#3050=EDGE_CURVE('',#2276,#2284,#276,.T.);
#3054=EDGE_CURVE('',#2263,#2286,#272,.T.);
#3056=EDGE_CURVE('',#2284,#2286,#291,.T.);
#3067=EDGE_CURVE('',#2284,#2287,#286,.T.);
#3069=EDGE_CURVE('',#2278,#2287,#1585,.T.);
#3094=EDGE_CURVE('',#2286,#2289,#296,.T.);
#3096=EDGE_CURVE('',#2289,#2287,#301,.T.);
#3106=EDGE_CURVE('',#2292,#2293,#319,.T.);
#3108=EDGE_CURVE('',#2292,#2289,#305,.T.);
#3111=EDGE_CURVE('',#2286,#2293,#309,.T.);
#3133=EDGE_CURVE('',#2296,#2297,#338,.T.);
#3135=EDGE_CURVE('',#2296,#2292,#314,.T.);
#3138=EDGE_CURVE('',#2293,#2297,#324,.T.);
#3148=EDGE_CURVE('',#2297,#2218,#328,.T.);
#3151=EDGE_CURVE('',#2216,#2299,#333,.T.);
#3153=EDGE_CURVE('',#2296,#2299,#1610,.T.);
#3166=EDGE_CURVE('',#2293,#2262,#342,.T.);
#3190=EDGE_CURVE('',#2301,#2214,#392,.T.);
#3192=EDGE_CURVE('',#2301,#2302,#370,.T.);
#3194=EDGE_CURVE('',#2302,#2304,#374,.T.);
#3196=EDGE_CURVE('',#2299,#2304,#1624,.T.);
#3208=EDGE_CURVE('',#2212,#2306,#382,.T.);
#3210=EDGE_CURVE('',#2306,#2308,#387,.T.);
#3212=EDGE_CURVE('',#2301,#2308,#1671,.T.);
#3226=EDGE_CURVE('',#2309,#2211,#461,.T.);
#3228=EDGE_CURVE('',#2309,#2311,#407,.T.);
#3230=EDGE_CURVE('',#2306,#2311,#1653,.T.);
#3240=EDGE_CURVE('',#2312,#2313,#479,.T.);
#3242=EDGE_CURVE('',#2312,#2314,#425,.T.);
#3244=EDGE_CURVE('',#2314,#2316,#429,.T.);
#3246=EDGE_CURVE('',#2316,#2317,#447,.T.);
#3248=EDGE_CURVE('',#2317,#2309,#454,.T.);
#3252=EDGE_CURVE('',#2209,#2313,#472,.T.);
#3262=EDGE_CURVE('',#2234,#2313,#483,.T.);
#3264=EDGE_CURVE('',#2319,#2234,#498,.T.);
#3266=EDGE_CURVE('',#2312,#2319,#545,.T.);
#3291=EDGE_CURVE('',#2232,#2321,#494,.T.);
#3293=EDGE_CURVE('',#2319,#2321,#1779,.T.);
#3307=EDGE_CURVE('',#2321,#2247,#510,.T.);
#3317=EDGE_CURVE('',#2324,#2325,#506,.T.);
#3319=EDGE_CURVE('',#2321,#2325,#1784,.T.);
#3322=EDGE_CURVE('',#2247,#2324,#523,.T.);
#3332=EDGE_CURVE('',#2328,#2329,#527,.T.);
#3334=EDGE_CURVE('',#2329,#2325,#537,.T.);
#3337=EDGE_CURVE('',#2324,#2328,#541,.T.);
#3348=EDGE_CURVE('',#2314,#2328,#551,.T.);
#3352=EDGE_CURVE('',#2329,#2319,#1774,.T.);
#3364=EDGE_CURVE('',#2331,#2328,#561,.T.);
#3366=EDGE_CURVE('',#2331,#2316,#557,.T.);
#3378=EDGE_CURVE('',#2324,#2333,#565,.T.);
#3380=EDGE_CURVE('',#2335,#2333,#618,.T.);
#3382=EDGE_CURVE('',#2335,#2337,#569,.T.);
#3384=EDGE_CURVE('',#2331,#2337,#1683,.T.);
#3397=EDGE_CURVE('',#2245,#2333,#574,.T.);
#3439=EDGE_CURVE('',#2333,#2338,#631,.T.);
#3442=EDGE_CURVE('',#2245,#2338,#588,.T.);
#3452=EDGE_CURVE('',#2338,#2340,#592,.T.);
#3454=EDGE_CURVE('',#2340,#2341,#599,.T.);
#3456=EDGE_CURVE('',#2341,#2343,#603,.T.);
#3458=EDGE_CURVE('',#2343,#2344,#610,.T.);
#3460=EDGE_CURVE('',#2344,#2346,#614,.T.);
#3462=EDGE_CURVE('',#2335,#2346,#1733,.T.);
#3474=EDGE_CURVE('',#2349,#2350,#647,.T.);
#3476=EDGE_CURVE('',#2352,#2349,#960,.T.);
#3478=EDGE_CURVE('',#2352,#2354,#635,.T.);
#3480=EDGE_CURVE('',#2356,#2354,#940,.T.);
#3482=EDGE_CURVE('',#2358,#2356,#900,.T.);
#3484=EDGE_CURVE('',#2360,#2358,#847,.T.);
#3486=EDGE_CURVE('',#2362,#2360,#672,.T.);
#3488=EDGE_CURVE('',#2350,#2362,#655,.T.);
#3498=EDGE_CURVE('',#2373,#2374,#639,.T.);
#3500=EDGE_CURVE('',#2374,#2349,#643,.T.);
#3503=EDGE_CURVE('',#2373,#2350,#651,.T.);
#3514=EDGE_CURVE('',#2376,#2373,#659,.T.);
#3516=EDGE_CURVE('',#2378,#2376,#1019,.T.);
#3518=EDGE_CURVE('',#2379,#2378,#1008,.T.);
#3520=EDGE_CURVE('',#2381,#2379,#991,.T.);
#3522=EDGE_CURVE('',#2382,#2381,#980,.T.);
#3524=EDGE_CURVE('',#2384,#2382,#964,.T.);
#3526=EDGE_CURVE('',#2374,#2384,#948,.T.);
#3538=EDGE_CURVE('',#2386,#2362,#668,.T.);
#3540=EDGE_CURVE('',#2376,#2386,#1023,.T.);
#3551=EDGE_CURVE('',#2389,#2390,#664,.T.);
#3553=EDGE_CURVE('',#2386,#2390,#1027,.T.);
#3557=EDGE_CURVE('',#2392,#2360,#843,.T.);
#3559=EDGE_CURVE('',#2394,#2392,#879,.T.);
#3561=EDGE_CURVE('',#2394,#2389,#676,.T.);
#3572=EDGE_CURVE('',#2389,#2396,#680,.T.);
#3574=EDGE_CURVE('',#2398,#2396,#888,.T.);
#3576=EDGE_CURVE('',#2398,#2390,#684,.T.);
#3586=EDGE_CURVE('',#2401,#2402,#688,.T.);
#3588=EDGE_CURVE('',#2404,#2402,#924,.T.);
#3590=EDGE_CURVE('',#2404,#2406,#692,.T.);
#3592=EDGE_CURVE('',#2408,#2406,#916,.T.);
#3594=EDGE_CURVE('',#2396,#2408,#892,.T.);
#3598=EDGE_CURVE('',#2410,#2394,#875,.T.);
#3600=EDGE_CURVE('',#2412,#2410,#863,.T.);
#3602=EDGE_CURVE('',#2401,#2412,#855,.T.);
#3613=EDGE_CURVE('',#2426,#2401,#719,.T.);
#3615=EDGE_CURVE('',#2428,#2426,#1362,.T.);
#3617=EDGE_CURVE('',#2428,#2402,#696,.T.);
#3627=EDGE_CURVE('',#2431,#2432,#755,.T.);
#3629=EDGE_CURVE('',#2431,#2434,#700,.T.);
#3631=EDGE_CURVE('',#2434,#2436,#705,.T.);
#3633=EDGE_CURVE('',#2436,#2438,#710,.T.);
#3635=EDGE_CURVE('',#2438,#2426,#715,.T.);
#3638=EDGE_CURVE('',#2440,#2401,#859,.T.);
#3640=EDGE_CURVE('',#2440,#2442,#724,.T.);
#3642=EDGE_CURVE('',#2442,#2444,#728,.T.);
#3644=EDGE_CURVE('',#2444,#2446,#733,.T.);
#3646=EDGE_CURVE('',#2446,#2448,#738,.T.);
#3648=EDGE_CURVE('',#2448,#2450,#743,.T.);
#3650=EDGE_CURVE('',#2450,#2432,#747,.T.);
#3660=EDGE_CURVE('',#2452,#2432,#760,.T.);
#3662=EDGE_CURVE('',#2452,#2454,#751,.T.);
#3664=EDGE_CURVE('',#2431,#2454,#1379,.T.);
#3677=EDGE_CURVE('',#2456,#2450,#768,.T.);
#3679=EDGE_CURVE('',#2456,#2452,#764,.T.);
#3689=EDGE_CURVE('',#2456,#2458,#777,.T.);
#3693=EDGE_CURVE('',#2448,#2458,#772,.T.);
#3706=EDGE_CURVE('',#2458,#2460,#782,.T.);
#3708=EDGE_CURVE('',#2460,#2462,#787,.T.);
#3710=EDGE_CURVE('',#2464,#2462,#823,.T.);
#3712=EDGE_CURVE('',#2464,#2466,#792,.T.);
#3714=EDGE_CURVE('',#2466,#2402,#796,.T.);
#3717=EDGE_CURVE('',#2428,#2468,#801,.T.);
#3719=EDGE_CURVE('',#2468,#2470,#806,.T.);
#3721=EDGE_CURVE('',#2470,#2472,#811,.T.);
#3723=EDGE_CURVE('',#2454,#2472,#1383,.T.);
#3736=EDGE_CURVE('',#2446,#2460,#815,.T.);
#3749=EDGE_CURVE('',#2444,#2462,#819,.T.);
#3759=EDGE_CURVE('',#2464,#2442,#827,.T.);
#3774=EDGE_CURVE('',#2440,#2466,#831,.T.);
#3786=EDGE_CURVE('',#2440,#2474,#835,.T.);
#3788=EDGE_CURVE('',#2474,#2476,#839,.T.);
#3790=EDGE_CURVE('',#2392,#2476,#883,.T.);
#3794=EDGE_CURVE('',#2478,#2358,#896,.T.);
#3796=EDGE_CURVE('',#2480,#2478,#908,.T.);
#3798=EDGE_CURVE('',#2482,#2480,#920,.T.);
#3800=EDGE_CURVE('',#2482,#2466,#851,.T.);
#3811=EDGE_CURVE('',#2474,#2412,#871,.T.);
#3824=EDGE_CURVE('',#2410,#2476,#867,.T.);
#3850=EDGE_CURVE('',#2478,#2408,#912,.T.);
#3854=EDGE_CURVE('',#2484,#2356,#936,.T.);
#3856=EDGE_CURVE('',#2398,#2484,#1031,.T.);
#3866=EDGE_CURVE('',#2406,#2480,#904,.T.);
#3880=EDGE_CURVE('',#2482,#2404,#928,.T.);
#3904=EDGE_CURVE('',#2486,#2354,#944,.T.);
#3906=EDGE_CURVE('',#2486,#2488,#932,.T.);
#3908=EDGE_CURVE('',#2484,#2488,#1035,.T.);
#3921=EDGE_CURVE('',#2490,#2352,#956,.T.);
#3923=EDGE_CURVE('',#2486,#2490,#1048,.T.);
#3936=EDGE_CURVE('',#2492,#2384,#973,.T.);
#3938=EDGE_CURVE('',#2492,#2490,#952,.T.);
#3951=EDGE_CURVE('',#2382,#2494,#969,.T.);
#3953=EDGE_CURVE('',#2492,#2494,#1052,.T.);
#3965=EDGE_CURVE('',#2496,#2381,#1001,.T.);
#3967=EDGE_CURVE('',#2496,#2494,#987,.T.);
#3979=EDGE_CURVE('',#2379,#2498,#996,.T.);
#3981=EDGE_CURVE('',#2496,#2498,#1056,.T.);
#3993=EDGE_CURVE('',#2512,#2378,#1040,.T.);
#3995=EDGE_CURVE('',#2512,#2498,#1015,.T.);
#4012=EDGE_CURVE('',#2512,#2488,#1044,.T.);
#4039=EDGE_CURVE('',#2504,#2502,#1061,.T.);
#4041=EDGE_CURVE('',#2502,#2501,#1066,.T.);
#4043=EDGE_CURVE('',#2501,#2514,#1070,.T.);
#4045=EDGE_CURVE('',#2516,#2514,#1144,.T.);
#4047=EDGE_CURVE('',#2518,#2516,#1139,.T.);
#4049=EDGE_CURVE('',#2518,#2504,#1074,.T.);
#4059=EDGE_CURVE('',#2501,#2510,#1078,.T.);
#4061=EDGE_CURVE('',#2520,#2510,#1096,.T.);
#4063=EDGE_CURVE('',#2522,#2520,#1174,.T.);
#4065=EDGE_CURVE('',#2514,#2522,#1185,.T.);
#4076=EDGE_CURVE('',#2510,#2508,#1083,.T.);
#4078=EDGE_CURVE('',#2508,#2506,#1088,.T.);
#4080=EDGE_CURVE('',#2506,#2524,#1092,.T.);
#4082=EDGE_CURVE('',#2526,#2524,#1205,.T.);
#4084=EDGE_CURVE('',#2520,#2526,#1200,.T.);
#4095=EDGE_CURVE('',#2506,#2504,#1100,.T.);
#4098=EDGE_CURVE('',#2528,#2518,#1113,.T.);
#4100=EDGE_CURVE('',#2524,#2528,#1124,.T.);
#4111=EDGE_CURVE('',#2531,#2532,#1104,.T.);
#4113=EDGE_CURVE('',#2532,#2528,#1109,.T.);
#4116=EDGE_CURVE('',#2533,#2518,#1161,.T.);
#4118=EDGE_CURVE('',#2535,#2533,#1280,.T.);
#4120=EDGE_CURVE('',#2535,#2524,#1120,.T.);
#4123=EDGE_CURVE('',#2528,#2531,#1129,.T.);
#4135=EDGE_CURVE('',#2532,#2531,#1134,.T.);
#4147=EDGE_CURVE('',#2536,#2514,#1181,.T.);
#4149=EDGE_CURVE('',#2536,#2538,#1149,.T.);
#4151=EDGE_CURVE('',#2538,#2533,#1154,.T.);
#4162=EDGE_CURVE('',#2541,#2542,#1165,.T.);
#4164=EDGE_CURVE('',#2542,#2522,#1170,.T.);
#4167=EDGE_CURVE('',#2543,#2520,#1222,.T.);
#4169=EDGE_CURVE('',#2536,#2543,#1320,.T.);
#4173=EDGE_CURVE('',#2522,#2541,#1190,.T.);
#4185=EDGE_CURVE('',#2542,#2541,#1195,.T.);
#4198=EDGE_CURVE('',#2535,#2545,#1210,.T.);
#4200=EDGE_CURVE('',#2545,#2543,#1215,.T.);
#4211=EDGE_CURVE('',#2549,#2551,#1247,.T.);
#4213=EDGE_CURVE('',#2548,#2549,#1242,.T.);
#4215=EDGE_CURVE('',#2548,#2543,#1226,.T.);
#4219=EDGE_CURVE('',#2535,#2551,#1230,.T.);
#4229=EDGE_CURVE('',#2554,#2555,#1252,.T.);
#4231=EDGE_CURVE('',#2554,#2548,#1237,.T.);
#4235=EDGE_CURVE('',#2555,#2551,#1276,.T.);
#4246=EDGE_CURVE('',#2555,#2557,#1256,.T.);
#4248=EDGE_CURVE('',#2557,#2559,#1261,.T.);
#4250=EDGE_CURVE('',#2559,#2554,#1265,.T.);
#4260=EDGE_CURVE('',#2551,#2561,#1269,.T.);
#4262=EDGE_CURVE('',#2557,#2561,#1295,.T.);
#4277=EDGE_CURVE('',#2561,#2533,#1284,.T.);
#4287=EDGE_CURVE('',#2563,#2565,#1305,.T.);
#4289=EDGE_CURVE('',#2561,#2563,#1300,.T.);
#4294=EDGE_CURVE('',#2536,#2565,#1288,.T.);
#4308=EDGE_CURVE('',#2559,#2565,#1312,.T.);
#4320=EDGE_CURVE('',#2565,#2548,#1316,.T.);
#4343=EDGE_CURVE('',#2571,#2568,#1324,.T.);
#4345=EDGE_CURVE('',#2568,#2569,#1329,.T.);
#4347=EDGE_CURVE('',#2573,#2569,#1333,.T.);
#4349=EDGE_CURVE('',#2571,#2573,#1358,.T.);
#4360=EDGE_CURVE('',#2573,#2571,#1348,.T.);
#4363=EDGE_CURVE('',#2569,#2568,#1338,.T.);
#4373=EDGE_CURVE('',#2575,#2571,#1353,.T.);
#4375=EDGE_CURVE('',#2575,#2573,#1343,.T.);
#4400=EDGE_CURVE('',#2438,#2468,#1366,.T.);
#4413=EDGE_CURVE('',#2436,#2470,#1370,.T.);
#4426=EDGE_CURVE('',#2434,#2472,#1374,.T.);
#4448=EDGE_CURVE('',#2416,#2415,#1388,.T.);
#4450=EDGE_CURVE('',#2577,#2415,#1403,.T.);
#4452=EDGE_CURVE('',#2577,#2416,#1393,.T.);
#4462=EDGE_CURVE('',#2415,#2416,#1398,.T.);
#4474=EDGE_CURVE('',#2420,#2419,#1408,.T.);
#4476=EDGE_CURVE('',#2419,#2579,#1413,.T.);
#4478=EDGE_CURVE('',#2420,#2579,#1423,.T.);
#4488=EDGE_CURVE('',#2419,#2420,#1418,.T.);
#4500=EDGE_CURVE('',#2423,#2581,#1428,.T.);
#4502=EDGE_CURVE('',#2424,#2581,#1443,.T.);
#4504=EDGE_CURVE('',#2424,#2423,#1433,.T.);
#4515=EDGE_CURVE('',#2423,#2424,#1438,.T.);
#4526=EDGE_CURVE('',#2364,#2338,#1447,.T.);
#4530=EDGE_CURVE('',#2243,#2364,#1464,.T.);
#4573=EDGE_CURVE('',#2282,#2243,#1496,.T.);
#4575=EDGE_CURVE('',#2282,#2364,#1478,.T.);
#4586=EDGE_CURVE('',#2241,#2272,#1491,.T.);
#4601=EDGE_CURVE('',#2274,#2250,#1509,.T.);
#4635=EDGE_CURVE('',#2369,#2370,#1523,.T.);
#4637=EDGE_CURVE('',#2370,#2582,#1530,.T.);
#4639=EDGE_CURVE('',#2582,#2584,#1534,.T.);
#4641=EDGE_CURVE('',#2584,#2366,#1541,.T.);
#4643=EDGE_CURVE('',#2366,#2364,#1545,.T.);
#4647=EDGE_CURVE('',#2280,#2369,#1562,.T.);
#4690=EDGE_CURVE('',#2586,#2280,#1581,.T.);
#4692=EDGE_CURVE('',#2586,#2369,#1576,.T.);
#4703=EDGE_CURVE('',#2587,#2278,#1602,.T.);
#4705=EDGE_CURVE('',#2586,#2587,#1636,.T.);
#4718=EDGE_CURVE('',#2289,#2587,#1589,.T.);
#4730=EDGE_CURVE('',#2304,#2292,#1628,.T.);
#4732=EDGE_CURVE('',#2304,#2587,#1606,.T.);
#4756=EDGE_CURVE('',#2589,#2302,#1640,.T.);
#4758=EDGE_CURVE('',#2589,#2591,#1632,.T.);
#4760=EDGE_CURVE('',#2586,#2591,#1741,.T.);
#4772=EDGE_CURVE('',#2594,#2595,#1648,.T.);
#4774=EDGE_CURVE('',#2589,#2594,#1701,.T.);
#4777=EDGE_CURVE('',#2595,#2302,#1667,.T.);
#4787=EDGE_CURVE('',#2311,#2595,#1658,.T.);
#4789=EDGE_CURVE('',#2311,#2597,#1644,.T.);
#4791=EDGE_CURVE('',#2594,#2597,#1764,.T.);
#4817=EDGE_CURVE('',#2595,#2308,#1663,.T.);
#4841=EDGE_CURVE('',#2597,#2317,#1675,.T.);
#4852=EDGE_CURVE('',#2599,#2331,#1679,.T.);
#4854=EDGE_CURVE('',#2597,#2599,#1769,.T.);
#4869=EDGE_CURVE('',#2601,#2337,#1697,.T.);
#4871=EDGE_CURVE('',#2601,#2599,#1693,.T.);
#4882=EDGE_CURVE('',#2589,#2337,#1714,.T.);
#4885=EDGE_CURVE('',#2601,#2594,#1759,.T.);
#4898=EDGE_CURVE('',#2335,#2591,#1719,.T.);
#4940=EDGE_CURVE('',#2591,#2346,#1754,.T.);
#4952=EDGE_CURVE('',#2346,#2369,#1737,.T.);
#5013=EDGE_CURVE('',#2183,#2184,#1788,.T.);
#5015=EDGE_CURVE('',#2184,#2603,#1792,.T.);
#5017=EDGE_CURVE('',#2603,#2605,#1796,.T.);
#5019=EDGE_CURVE('',#2605,#2607,#1800,.T.);
#5021=EDGE_CURVE('',#2609,#2607,#1858,.T.);
#5023=EDGE_CURVE('',#2611,#2609,#1854,.T.);
#5025=EDGE_CURVE('',#2611,#2613,#1804,.T.);
#5027=EDGE_CURVE('',#2613,#2183,#1808,.T.);
#5037=EDGE_CURVE('',#2188,#2187,#1812,.T.);
#5039=EDGE_CURVE('',#2187,#2617,#1816,.T.);
#5041=EDGE_CURVE('',#2617,#2619,#1820,.T.);
#5043=EDGE_CURVE('',#2619,#2621,#1824,.T.);
#5045=EDGE_CURVE('',#2623,#2621,#1884,.T.);
#5047=EDGE_CURVE('',#2625,#2623,#1875,.T.);
#5049=EDGE_CURVE('',#2625,#2615,#1828,.T.);
#5051=EDGE_CURVE('',#2615,#2188,#1832,.T.);
#5061=EDGE_CURVE('',#2609,#2627,#1837,.T.);
#5063=EDGE_CURVE('',#2629,#2627,#1916,.T.);
#5065=EDGE_CURVE('',#2631,#2629,#1908,.T.);
#5067=EDGE_CURVE('',#2631,#2633,#1841,.T.);
#5069=EDGE_CURVE('',#2633,#2621,#1846,.T.);
#5072=EDGE_CURVE('',#2619,#2611,#1850,.T.);
#5085=EDGE_CURVE('',#2635,#2607,#1867,.T.);
#5087=EDGE_CURVE('',#2635,#2627,#1862,.T.);
#5099=EDGE_CURVE('',#2605,#2625,#1871,.T.);
#5102=EDGE_CURVE('',#2623,#2637,#1880,.T.);
#5104=EDGE_CURVE('',#2639,#2637,#1892,.T.);
#5106=EDGE_CURVE('',#2641,#2639,#1900,.T.);
#5108=EDGE_CURVE('',#2635,#2641,#1912,.T.);
#5120=EDGE_CURVE('',#2633,#2637,#1888,.T.);
#5133=EDGE_CURVE('',#2639,#2631,#1904,.T.);
#5144=EDGE_CURVE('',#2629,#2641,#1896,.T.);
#5169=EDGE_CURVE('',#2191,#2192,#1920,.T.);
#5171=EDGE_CURVE('',#2192,#2643,#1924,.T.);
#5173=EDGE_CURVE('',#2643,#2645,#1928,.T.);
#5175=EDGE_CURVE('',#2645,#2647,#1932,.T.);
#5177=EDGE_CURVE('',#2649,#2647,#1990,.T.);
#5179=EDGE_CURVE('',#2651,#2649,#1986,.T.);
#5181=EDGE_CURVE('',#2651,#2653,#1936,.T.);
#5183=EDGE_CURVE('',#2653,#2191,#1940,.T.);
#5193=EDGE_CURVE('',#2196,#2195,#1944,.T.);
#5195=EDGE_CURVE('',#2195,#2657,#1948,.T.);
#5197=EDGE_CURVE('',#2657,#2659,#1952,.T.);
#5199=EDGE_CURVE('',#2659,#2661,#1956,.T.);
#5201=EDGE_CURVE('',#2663,#2661,#2016,.T.);
#5203=EDGE_CURVE('',#2665,#2663,#2007,.T.);
#5205=EDGE_CURVE('',#2665,#2655,#1960,.T.);
#5207=EDGE_CURVE('',#2655,#2196,#1964,.T.);
#5217=EDGE_CURVE('',#2649,#2667,#1969,.T.);
#5219=EDGE_CURVE('',#2669,#2667,#2048,.T.);
#5221=EDGE_CURVE('',#2671,#2669,#2040,.T.);
#5223=EDGE_CURVE('',#2671,#2673,#1973,.T.);
#5225=EDGE_CURVE('',#2673,#2661,#1978,.T.);
#5228=EDGE_CURVE('',#2659,#2651,#1982,.T.);
#5241=EDGE_CURVE('',#2675,#2647,#1999,.T.);
#5243=EDGE_CURVE('',#2675,#2667,#1994,.T.);
#5255=EDGE_CURVE('',#2645,#2665,#2003,.T.);
#5258=EDGE_CURVE('',#2663,#2677,#2012,.T.);
#5260=EDGE_CURVE('',#2679,#2677,#2024,.T.);
#5262=EDGE_CURVE('',#2681,#2679,#2032,.T.);
#5264=EDGE_CURVE('',#2675,#2681,#2044,.T.);
#5276=EDGE_CURVE('',#2673,#2677,#2020,.T.);
#5289=EDGE_CURVE('',#2679,#2671,#2036,.T.);
#5300=EDGE_CURVE('',#2669,#2681,#2028,.T.);
#5325=EDGE_CURVE('',#2199,#2200,#2052,.T.);
#5327=EDGE_CURVE('',#2200,#2683,#2056,.T.);
#5329=EDGE_CURVE('',#2683,#2685,#2060,.T.);
#5331=EDGE_CURVE('',#2685,#2687,#2064,.T.);
#5333=EDGE_CURVE('',#2689,#2687,#2118,.T.);
#5335=EDGE_CURVE('',#2691,#2689,#2114,.T.);
#5337=EDGE_CURVE('',#2691,#2693,#2068,.T.);
#5339=EDGE_CURVE('',#2693,#2199,#2072,.T.);
#5349=EDGE_CURVE('',#2204,#2203,#2076,.T.);
#5351=EDGE_CURVE('',#2203,#2697,#2080,.T.);
#5353=EDGE_CURVE('',#2697,#2699,#2084,.T.);
#5355=EDGE_CURVE('',#2699,#2701,#2088,.T.);
#5357=EDGE_CURVE('',#2703,#2701,#2148,.T.);
#5359=EDGE_CURVE('',#2705,#2703,#2135,.T.);
#5361=EDGE_CURVE('',#2705,#2695,#2092,.T.);
#5363=EDGE_CURVE('',#2695,#2204,#2096,.T.);
#5373=EDGE_CURVE('',#2689,#2707,#2101,.T.);
#5375=EDGE_CURVE('',#2709,#2707,#2180,.T.);
#5377=EDGE_CURVE('',#2711,#2709,#2172,.T.);
#5379=EDGE_CURVE('',#2713,#2711,#2156,.T.);
#5381=EDGE_CURVE('',#2713,#2701,#2106,.T.);
#5384=EDGE_CURVE('',#2699,#2691,#2110,.T.);
#5397=EDGE_CURVE('',#2715,#2687,#2127,.T.);
#5399=EDGE_CURVE('',#2715,#2707,#2122,.T.);
#5411=EDGE_CURVE('',#2685,#2705,#2131,.T.);
#5414=EDGE_CURVE('',#2703,#2717,#2140,.T.);
#5416=EDGE_CURVE('',#2717,#2719,#2144,.T.);
#5418=EDGE_CURVE('',#2721,#2719,#2164,.T.);
#5420=EDGE_CURVE('',#2715,#2721,#2176,.T.);
#5432=EDGE_CURVE('',#2713,#2717,#2152,.T.);
#5445=EDGE_CURVE('',#2719,#2711,#2168,.T.);
#5456=EDGE_CURVE('',#2709,#2721,#2160,.T.);
#5478=(LENGTH_UNIT()NAMED_UNIT(*)SI_UNIT(.MILLI.,.METRE.));
#5480=(NAMED_UNIT(*)PLANE_ANGLE_UNIT()SI_UNIT($,.RADIAN.));
#5483=(NAMED_UNIT(*)SI_UNIT($,.STERADIAN.)SOLID_ANGLE_UNIT());
#5486=MANIFOLD_SURFACE_SHAPE_REPRESENTATION('',(#5477),#5485);
#5493=PRODUCT_DEFINITION('design','',#5492,#5489);
#5494=PRODUCT_DEFINITION_SHAPE('','SHAPE FOR TL3_WW___50_SW0001.',#5493);
#5495=SHAPE_DEFINITION_REPRESENTATION(#5494,#5486);
ENDSEC;
END-ISO-10303-21;
