ISO-10303-21;
HEADER;
FILE_DESCRIPTION((''),'2;1');
FILE_NAME('TL3_W0_SW001','2015-09-07T',('brevel'),(''),
'CREO PARAMETRIC BY PTC INC, 2014440','CREO PARAMETRIC BY PTC INC, 2014440','');
FILE_SCHEMA(('CONFIG_CONTROL_DESIGN'));
ENDSEC;
DATA;
#1=CARTESIAN_POINT('',(-3.035857864376E0,4.2E-1,-1.9E0));
#2=CARTESIAN_POINT('',(-2.992706146344E0,4.2E-1,-1.9E0));
#3=CARTESIAN_POINT('',(-2.912369787338E0,4.2E-1,-1.909327285713E0));
#4=CARTESIAN_POINT('',(-2.805757806330E0,4.2E-1,-1.945034014472E0));
#5=CARTESIAN_POINT('',(-2.713595245479E0,4.2E-1,-2.003326989211E0));
#6=CARTESIAN_POINT('',(-2.664074073453E0,4.2E-1,-2.060822255746E0));
#7=CARTESIAN_POINT('',(-2.645986090584E0,4.2E-1,-2.1E0));
#9=DIRECTION('',(-1.E0,-1.173741670990E-14,0.E0));
#10=VECTOR('',#9,7.141421356240E-1);
#11=CARTESIAN_POINT('',(3.75E0,4.2E-1,1.9E0));
#12=LINE('',#11,#10);
#13=CARTESIAN_POINT('',(3.035857864376E0,4.2E-1,1.9E0));
#14=CARTESIAN_POINT('',(2.992706146344E0,4.2E-1,1.9E0));
#15=CARTESIAN_POINT('',(2.912369787338E0,4.2E-1,1.909327285713E0));
#16=CARTESIAN_POINT('',(2.805757806330E0,4.2E-1,1.945034014472E0));
#17=CARTESIAN_POINT('',(2.713595245479E0,4.2E-1,2.003326989211E0));
#18=CARTESIAN_POINT('',(2.664074073453E0,4.2E-1,2.060822255746E0));
#19=CARTESIAN_POINT('',(2.645986090584E0,4.2E-1,2.1E0));
#21=DIRECTION('',(-1.E0,0.E0,0.E0));
#22=VECTOR('',#21,7.141421356240E-1);
#23=CARTESIAN_POINT('',(-3.035857864376E0,4.2E-1,1.9E0));
#24=LINE('',#23,#22);
#25=CARTESIAN_POINT('',(-3.75E0,1.12E0,-1.9E0));
#26=DIRECTION('',(-1.960117891752E-13,-1.921834339179E-13,-1.E0));
#27=DIRECTION('',(-1.E0,-8.371081605701E-12,1.998401444332E-13));
#28=AXIS2_PLACEMENT_3D('',#25,#26,#27);
#30=DIRECTION('',(7.071067811866E-1,-7.071067811865E-1,0.E0));
#31=VECTOR('',#30,9.999494874095E-1);
#32=CARTESIAN_POINT('',(-3.742928927767E0,1.127071063391E0,-1.9E0));
#33=LINE('',#32,#31);
#34=DIRECTION('',(-1.E0,9.351067749680E-14,0.E0));
#35=VECTOR('',#34,7.141421356239E-1);
#36=CARTESIAN_POINT('',(-3.035857864376E0,4.199999999999E-1,-1.9E0));
#37=LINE('',#36,#35);
#38=CARTESIAN_POINT('',(-3.75E0,1.2E-1,-1.9E0));
#39=DIRECTION('',(0.E0,0.E0,1.E0));
#40=DIRECTION('',(0.E0,1.E0,0.E0));
#41=AXIS2_PLACEMENT_3D('',#38,#39,#40);
#43=CARTESIAN_POINT('',(-3.76E0,1.12E0,-2.19E0));
#44=DIRECTION('',(5.540410188522E-13,-1.E0,1.921834339178E-13));
#45=DIRECTION('',(4.992175255559E-13,1.921834339180E-13,1.E0));
#46=AXIS2_PLACEMENT_3D('',#43,#44,#45);
#48=CARTESIAN_POINT('',(-3.75E0,1.12E0,-2.19E0));
#49=DIRECTION('',(-1.960117891752E-13,-1.921834339179E-13,-1.E0));
#50=DIRECTION('',(-1.E0,-2.364900867728E-9,1.953992523340E-13));
#51=AXIS2_PLACEMENT_3D('',#48,#49,#50);
#53=CARTESIAN_POINT('',(-3.742928931514E0,1.127071067138E0,-2.19E0));
#54=DIRECTION('',(7.071067137708E-1,-7.071068486023E-1,0.E0));
#55=DIRECTION('',(7.071068484E-1,7.071067135686E-1,-2.391803771899E-5));
#56=AXIS2_PLACEMENT_3D('',#53,#54,#55);
#58=DIRECTION('',(-3.991362713646E-9,-1.E0,0.E0));
#59=VECTOR('',#58,7.001667969818E-1);
#60=CARTESIAN_POINT('',(-3.76E0,1.12E0,-1.9E0));
#61=LINE('',#60,#59);
#62=CARTESIAN_POINT('',(-3.760000002795E0,4.198332030182E-1,-1.9E0));
#63=CARTESIAN_POINT('',(-3.767188347899E0,4.195934580850E-1,-1.9E0));
#64=CARTESIAN_POINT('',(-3.781621631415E0,4.185928707313E-1,-1.900536305867E0));
#65=CARTESIAN_POINT('',(-3.803239965772E0,4.155109086841E-1,-1.902963461998E0));
#66=CARTESIAN_POINT('',(-3.824936366389E0,4.107777138978E-1,-1.907072000035E0));
#67=CARTESIAN_POINT('',(-3.846628824425E0,4.043202947223E-1,-1.912929935617E0));
#68=CARTESIAN_POINT('',(-3.868362055377E0,3.959998065297E-1,-1.920668075190E0));
#69=CARTESIAN_POINT('',(-3.889989821167E0,3.857073967892E-1,-1.930392476053E0));
#70=CARTESIAN_POINT('',(-3.911453559721E0,3.732692583214E-1,-1.942271388771E0));
#71=CARTESIAN_POINT('',(-3.932560081635E0,3.585391639881E-1,-1.956448323081E0));
#72=CARTESIAN_POINT('',(-3.953081852592E0,3.413729104812E-1,-1.973064642150E0));
#73=CARTESIAN_POINT('',(-3.972732501326E0,3.216394214993E-1,-1.992248863095E0));
#74=CARTESIAN_POINT('',(-3.991113695658E0,2.993140996145E-1,-2.014024865160E0));
#75=CARTESIAN_POINT('',(-4.007838499362E0,2.743704496784E-1,-2.038416859363E0));
#76=CARTESIAN_POINT('',(-4.022415054858E0,2.469666767087E-1,-2.065266780565E0));
#77=CARTESIAN_POINT('',(-4.034373860977E0,2.173626614109E-1,-2.094314575761E0));
#78=CARTESIAN_POINT('',(-4.043279413511E0,1.859434959755E-1,-2.125175246467E0));
#79=CARTESIAN_POINT('',(-4.048760400468E0,1.532986590680E-1,-2.157261032834E0));
#80=CARTESIAN_POINT('',(-4.05E0,1.311577313438E-1,-2.179029806909E0));
#81=CARTESIAN_POINT('',(-4.05E0,1.2E-1,-2.19E0));
#83=DIRECTION('',(0.E0,1.E0,1.820765761031E-14));
#84=VECTOR('',#83,9.999999996452E-1);
#85=CARTESIAN_POINT('',(-4.05E0,1.2E-1,-2.19E0));
#86=LINE('',#85,#84);
#87=DIRECTION('',(0.E0,0.E0,-1.E0));
#88=VECTOR('',#87,4.38E0);
#89=CARTESIAN_POINT('',(-4.05E0,1.2E-1,2.19E0));
#90=LINE('',#89,#88);
#91=DIRECTION('',(0.E0,0.E0,1.E0));
#92=VECTOR('',#91,3.8E0);
#93=CARTESIAN_POINT('',(-3.75E0,4.2E-1,-1.9E0));
#94=LINE('',#93,#92);
#95=CARTESIAN_POINT('',(-3.76E0,4.198332870113E-1,1.9E0));
#96=CARTESIAN_POINT('',(-3.767189111714E0,4.195935167114E-1,1.9E0));
#97=CARTESIAN_POINT('',(-3.781621364215E0,4.185928392626E-1,1.900536307283E0));
#98=CARTESIAN_POINT('',(-3.803240308572E0,4.155108722449E-1,1.902963498401E0));
#99=CARTESIAN_POINT('',(-3.824936572792E0,4.107776547599E-1,1.907072050665E0));
#100=CARTESIAN_POINT('',(-3.846629212770E0,4.043201661271E-1,1.912930054361E0));
#101=CARTESIAN_POINT('',(-3.868362319378E0,3.959996914463E-1,1.920668183109E0));
#102=CARTESIAN_POINT('',(-3.889990185673E0,3.857072091834E-1,1.930392654183E0));
#103=CARTESIAN_POINT('',(-3.911453941623E0,3.732690140800E-1,1.942271623044E0));
#104=CARTESIAN_POINT('',(-3.932560443128E0,3.585388902926E-1,1.956448587239E0));
#105=CARTESIAN_POINT('',(-3.953082275782E0,3.413725246892E-1,1.973065016409E0));
#106=CARTESIAN_POINT('',(-3.972732879554E0,3.216390041409E-1,1.992249269565E0));
#107=CARTESIAN_POINT('',(-3.991114094343E0,2.993135727308E-1,2.014025379685E0));
#108=CARTESIAN_POINT('',(-4.007838917869E0,2.743697547275E-1,2.038417539637E0));
#109=CARTESIAN_POINT('',(-4.022415393743E0,2.469659502759E-1,2.065267492887E0));
#110=CARTESIAN_POINT('',(-4.034374152250E0,2.173618250846E-1,2.094315396808E0));
#111=CARTESIAN_POINT('',(-4.043279634202E0,1.859425236635E-1,2.125176201864E0));
#112=CARTESIAN_POINT('',(-4.048760479284E0,1.532978061787E-1,2.157261871351E0));
#113=CARTESIAN_POINT('',(-4.05E0,1.311573970898E-1,2.179030135545E0));
#114=CARTESIAN_POINT('',(-4.05E0,1.2E-1,2.19E0));
#116=DIRECTION('',(1.745002206548E-2,-9.996955138819E-1,-1.744638227127E-2));
#117=VECTOR('',#116,6.557232131445E0);
#118=CARTESIAN_POINT('',(-4.049999998654E0,1.199999497471E-1,2.210019322429E0));
#119=LINE('',#118,#117);
#120=DIRECTION('',(-1.745249561505E-2,9.996954706988E-1,-1.744638246357E-2));
#121=VECTOR('',#120,6.557232110648E0);
#122=CARTESIAN_POINT('',(-3.935559934796E0,-6.435235245763E0,
-2.095619343854E0));
#123=LINE('',#122,#121);
#124=DIRECTION('',(-6.721697361402E-8,2.510219003796E-6,-9.999999999968E-1));
#125=VECTOR('',#124,2.001932242899E-2);
#126=CARTESIAN_POINT('',(-4.049999998654E0,1.199999497471E-1,2.210019322429E0));
#127=LINE('',#126,#125);
#128=DIRECTION('',(1.658504935335E-7,-1.657847136039E-7,1.E0));
#129=VECTOR('',#128,1.999348740153E-2);
#130=CARTESIAN_POINT('',(-3.537867965476E0,1.332132034161E0,2.190003302625E0));
#131=LINE('',#130,#129);
#132=DIRECTION('',(-2.626329124982E-9,1.332520287598E-7,-1.E0));
#133=VECTOR('',#132,2.000552105065E-2);
#134=CARTESIAN_POINT('',(-4.049999999947E0,1.119999999645E0,2.210005521051E0));
#135=LINE('',#134,#133);
#136=CARTESIAN_POINT('',(-3.742928932188E0,1.127071067812E0,2.19E0));
#137=DIRECTION('',(7.071067811877E-1,-7.071067811854E-1,-4.011856937526E-13));
#138=DIRECTION('',(-3.813041836302E-13,1.868237365577E-13,-1.E0));
#139=AXIS2_PLACEMENT_3D('',#136,#137,#138);
#141=CARTESIAN_POINT('',(-3.75E0,1.12E0,2.19E0));
#142=DIRECTION('',(-3.368952626449E-14,-6.010517754005E-13,1.E0));
#143=DIRECTION('',(7.071067823935E-1,7.071067799796E-1,4.485301019483E-13));
#144=AXIS2_PLACEMENT_3D('',#141,#142,#143);
#146=CARTESIAN_POINT('',(-3.76E0,1.120000000542E0,2.19E0));
#147=DIRECTION('',(-5.420781704427E-8,-1.E0,-6.010517772268E-13));
#148=DIRECTION('',(-1.E0,5.420781677944E-8,7.350442094075E-13));
#149=AXIS2_PLACEMENT_3D('',#146,#147,#148);
#151=CARTESIAN_POINT('',(-3.75E0,1.12E0,1.9E0));
#152=DIRECTION('',(-3.368952626449E-14,-6.010517754005E-13,1.E0));
#153=DIRECTION('',(7.071067812354E-1,7.071067811377E-1,4.440892098412E-13));
#154=AXIS2_PLACEMENT_3D('',#151,#152,#153);
#156=CARTESIAN_POINT('',(-3.75E0,1.2E-1,1.9E0));
#157=DIRECTION('',(0.E0,0.E0,-1.E0));
#158=DIRECTION('',(-3.333333333333E-2,9.994442900377E-1,0.E0));
#159=AXIS2_PLACEMENT_3D('',#156,#157,#158);
#161=DIRECTION('',(-7.071067811865E-1,7.071067811865E-1,0.E0));
#162=VECTOR('',#161,9.999494936610E-1);
#163=CARTESIAN_POINT('',(-3.035857864376E0,4.2E-1,1.9E0));
#164=LINE('',#163,#162);
#165=DIRECTION('',(0.E0,1.E0,0.E0));
#166=VECTOR('',#165,7.001667165430E-1);
#167=CARTESIAN_POINT('',(-3.76E0,4.198332870113E-1,1.9E0));
#168=LINE('',#167,#166);
#169=DIRECTION('',(0.E0,-1.E0,5.506706189415E-14));
#170=VECTOR('',#169,1.000000002311E0);
#171=CARTESIAN_POINT('',(-4.05E0,1.120000002311E0,2.19E0));
#172=LINE('',#171,#170);
#173=CARTESIAN_POINT('',(-3.035857864376E0,4.2E-1,1.9E0));
#174=CARTESIAN_POINT('',(-2.992706146344E0,4.2E-1,1.9E0));
#175=CARTESIAN_POINT('',(-2.912369787338E0,4.2E-1,1.909327285713E0));
#176=CARTESIAN_POINT('',(-2.805757806330E0,4.2E-1,1.945034014472E0));
#177=CARTESIAN_POINT('',(-2.713595245479E0,4.2E-1,2.003326989211E0));
#178=CARTESIAN_POINT('',(-2.664074073453E0,4.2E-1,2.060822255746E0));
#179=CARTESIAN_POINT('',(-2.645986090584E0,4.2E-1,2.1E0));
#181=DIRECTION('',(-7.071068010714E-1,7.071067612890E-1,-4.221874605642E-6));
#182=VECTOR('',#181,1.309495415944E0);
#183=CARTESIAN_POINT('',(-2.611914850890E0,4.061789716707E-1,2.190008831151E0));
#184=LINE('',#183,#182);
#185=CARTESIAN_POINT('',(-2.604844591184E0,3.991088320422E-1,2.209991467423E0));
#186=CARTESIAN_POINT('',(-2.605710241638E0,3.999744824970E-1,2.207794736817E0));
#187=CARTESIAN_POINT('',(-2.607387630750E0,4.016516260697E-1,2.203389006330E0));
#188=CARTESIAN_POINT('',(-2.609742947510E0,4.040070148758E-1,2.196727647955E0));
#189=CARTESIAN_POINT('',(-2.611208167278E0,4.054722880582E-1,2.192255577424E0));
#190=CARTESIAN_POINT('',(-2.611914850890E0,4.061789716707E-1,2.190008831151E0));
#192=CARTESIAN_POINT('',(-2.611914850890E0,4.061789716707E-1,2.190008831151E0));
#193=CARTESIAN_POINT('',(-2.615013482782E0,4.092779209207E-1,2.180156398527E0));
#194=CARTESIAN_POINT('',(-2.621585338773E0,4.144269809373E-1,2.160222766452E0));
#195=CARTESIAN_POINT('',(-2.632813639436E0,4.190058968449E-1,2.130039369607E0));
#196=CARTESIAN_POINT('',(-2.641389080359E0,4.200000000001E-1,2.109956914057E0));
#197=CARTESIAN_POINT('',(-2.645986090584E0,4.200000000001E-1,2.1E0));
#199=DIRECTION('',(1.E0,0.E0,0.E0));
#200=VECTOR('',#199,5.291972181168E0);
#201=CARTESIAN_POINT('',(-2.645986090584E0,4.200000000001E-1,2.1E0));
#202=LINE('',#201,#200);
#203=CARTESIAN_POINT('',(2.645986090584E0,4.2E-1,2.1E0));
#204=CARTESIAN_POINT('',(2.641389105303E0,4.2E-1,2.109956860032E0));
#205=CARTESIAN_POINT('',(2.632813691548E0,4.190059078155E-1,2.130039240941E0));
#206=CARTESIAN_POINT('',(2.621585382704E0,4.144270090129E-1,2.160222637523E0));
#207=CARTESIAN_POINT('',(2.615013500245E0,4.092779383857E-1,2.180156344162E0));
#208=CARTESIAN_POINT('',(2.611914851256E0,4.061789720360E-1,2.190008831150E0));
#210=CARTESIAN_POINT('',(2.604843668327E0,3.991078654033E-1,2.209993779924E0));
#211=CARTESIAN_POINT('',(2.598089951466E0,3.923546850288E-1,2.227129838681E0));
#212=CARTESIAN_POINT('',(2.585697972485E0,3.756230629350E-1,2.260211798413E0));
#213=CARTESIAN_POINT('',(2.568654862444E0,3.424624666579E-1,2.303715841181E0));
#214=CARTESIAN_POINT('',(2.550525417177E0,3.022744975297E-1,2.340279422914E0));
#215=CARTESIAN_POINT('',(2.529114649679E0,2.578024099311E-1,2.368096522902E0));
#216=CARTESIAN_POINT('',(2.502790238240E0,2.125546690078E-1,2.386603034079E0));
#217=CARTESIAN_POINT('',(2.471303329575E0,1.687308247835E-1,2.397223594925E0));
#218=CARTESIAN_POINT('',(2.442302136509E0,1.362829398290E-1,2.4E0));
#219=CARTESIAN_POINT('',(2.426019196680E0,1.200000000001E-1,2.4E0));
#221=DIRECTION('',(-1.E0,-1.392058095688E-14,-1.702389518293E-14));
#222=VECTOR('',#221,4.852038393360E0);
#223=CARTESIAN_POINT('',(2.426019196680E0,1.200000000001E-1,2.4E0));
#224=LINE('',#223,#222);
#225=CARTESIAN_POINT('',(-2.426019196680E0,1.2E-1,2.4E0));
#226=CARTESIAN_POINT('',(-2.434533707501E0,1.285145108210E-1,2.4E0));
#227=CARTESIAN_POINT('',(-2.450413618098E0,1.452948459279E-1,2.399269076263E0));
#228=CARTESIAN_POINT('',(-2.470678174352E0,1.692006534252E-1,2.396255094727E0));
#229=CARTESIAN_POINT('',(-2.488195899327E0,1.922891502280E-1,2.391474190120E0));
#230=CARTESIAN_POINT('',(-2.503475238014E0,2.147833567269E-1,2.384956959678E0));
#231=CARTESIAN_POINT('',(-2.517041741689E0,2.370213286368E-1,2.376583074444E0));
#232=CARTESIAN_POINT('',(-2.529190172118E0,2.590437350468E-1,2.366214580808E0));
#233=CARTESIAN_POINT('',(-2.540200588081E0,2.808198737300E-1,2.353681504787E0));
#234=CARTESIAN_POINT('',(-2.550300769117E0,3.021347905253E-1,2.338868837674E0));
#235=CARTESIAN_POINT('',(-2.559721087317E0,3.226533338341E-1,2.321755086076E0));
#236=CARTESIAN_POINT('',(-2.568691919775E0,3.419414301631E-1,2.302466674892E0));
#237=CARTESIAN_POINT('',(-2.577433811514E0,3.595319490741E-1,2.281321052302E0));
#238=CARTESIAN_POINT('',(-2.586210887178E0,3.751340491568E-1,2.258615333002E0));
#239=CARTESIAN_POINT('',(-2.595255424983E0,3.885133784703E-1,2.234711447315E0));
#240=CARTESIAN_POINT('',(-2.601575309189E0,3.958398097647E-1,2.218287149877E0));
#241=CARTESIAN_POINT('',(-2.604844591184E0,3.991088320422E-1,2.209991467423E0));
#243=DIRECTION('',(7.071068464224E-1,-7.071067159392E-1,-4.033821353147E-6));
#244=VECTOR('',#243,1.319494183513E0);
#245=CARTESIAN_POINT('',(-3.537867962160E0,1.332132030847E0,2.209996790027E0));
#246=LINE('',#245,#244);
#247=CARTESIAN_POINT('',(-2.426019196680E0,1.2E-1,2.4E0));
#248=CARTESIAN_POINT('',(-2.470640008657E0,1.2E-1,2.436382244564E0));
#249=CARTESIAN_POINT('',(-2.569062422464E0,1.2E-1,2.483358807345E0));
#250=CARTESIAN_POINT('',(-2.678284566911E0,1.2E-1,2.5E0));
#251=CARTESIAN_POINT('',(-2.735857864376E0,1.2E-1,2.5E0));
#253=DIRECTION('',(7.071067811865E-1,-7.071067811866E-1,0.E0));
#254=VECTOR('',#253,1.424213556121E0);
#255=CARTESIAN_POINT('',(-3.742928927767E0,1.127071063391E0,2.5E0));
#256=LINE('',#255,#254);
#257=CARTESIAN_POINT('',(-3.760007361401E0,1.119981612024E0,2.499999999930E0));
#258=CARTESIAN_POINT('',(-3.760007361401E0,1.121394547395E0,2.499999999930E0));
#259=CARTESIAN_POINT('',(-3.759465096060E0,1.123920525394E0,2.500000000033E0));
#260=CARTESIAN_POINT('',(-3.757238768383E0,1.127278608525E0,2.499999999991E0));
#261=CARTESIAN_POINT('',(-3.753923916648E0,1.129471867127E0,2.500000000002E0));
#262=CARTESIAN_POINT('',(-3.750029153859E0,1.130263986887E0,2.499999999999E0));
#263=CARTESIAN_POINT('',(-3.746080622529E0,1.129470827330E0,2.5E0));
#264=CARTESIAN_POINT('',(-3.743908642718E0,1.128050778342E0,2.5E0));
#265=CARTESIAN_POINT('',(-3.742928927767E0,1.127071063391E0,2.5E0));
#267=DIRECTION('',(1.E0,1.622710147894E-14,0.E0));
#268=VECTOR('',#267,5.471715728752E0);
#269=CARTESIAN_POINT('',(-2.735857864376E0,1.199999999999E-1,2.5E0));
#270=LINE('',#269,#268);
#271=DIRECTION('',(1.E0,-4.906582982868E-8,-1.313775628651E-9));
#272=VECTOR('',#271,1.024161458053E0);
#273=CARTESIAN_POINT('',(2.735857864376E0,1.2E-1,2.5E0));
#274=LINE('',#273,#272);
#275=DIRECTION('',(-1.744638227124E-2,-9.996955138819E-1,-1.745002206525E-2));
#276=VECTOR('',#275,6.557232131446E0);
#277=CARTESIAN_POINT('',(3.760019322429E0,1.199999497487E-1,2.499999998654E0));
#278=LINE('',#277,#276);
#279=DIRECTION('',(-1.744638246359E-2,9.996954706989E-1,1.745249561158E-2));
#280=VECTOR('',#279,6.557232110648E0);
#281=CARTESIAN_POINT('',(-3.645619343854E0,-6.435235245763E0,2.385559934819E0));
#282=LINE('',#281,#280);
#283=DIRECTION('',(1.E0,4.323034773862E-9,5.328828776895E-10));
#284=VECTOR('',#283,1.024161458783E0);
#285=CARTESIAN_POINT('',(-3.760019323159E0,1.199999955724E-1,2.499999999454E0));
#286=LINE('',#285,#284);
#287=CARTESIAN_POINT('',(2.735857864376E0,1.2E-1,2.5E0));
#288=CARTESIAN_POINT('',(2.678284566911E0,1.2E-1,2.5E0));
#289=CARTESIAN_POINT('',(2.569062422464E0,1.2E-1,2.483358807345E0));
#290=CARTESIAN_POINT('',(2.470640008656E0,1.2E-1,2.436382244564E0));
#291=CARTESIAN_POINT('',(2.426019196680E0,1.2E-1,2.4E0));
#293=DIRECTION('',(7.071068298355E-1,7.071067325339E-1,2.281252729559E-6));
#294=VECTOR('',#293,1.319495524170E0);
#295=CARTESIAN_POINT('',(2.604843668327E0,3.991078654033E-1,2.209993779924E0));
#296=LINE('',#295,#294);
#297=DIRECTION('',(7.071067811866E-1,7.071067811865E-1,0.E0));
#298=VECTOR('',#297,1.424213562373E0);
#299=CARTESIAN_POINT('',(2.735857864376E0,1.2E-1,2.5E0));
#300=LINE('',#299,#298);
#301=CARTESIAN_POINT('',(3.742928932188E0,1.127071067812E0,2.5E0));
#302=CARTESIAN_POINT('',(3.743908456046E0,1.128050591670E0,2.5E0));
#303=CARTESIAN_POINT('',(3.746080011E0,1.129470504854E0,2.5E0));
#304=CARTESIAN_POINT('',(3.750028067578E0,1.130263954658E0,2.499999999999E0));
#305=CARTESIAN_POINT('',(3.753922793517E0,1.129472332389E0,2.500000000002E0));
#306=CARTESIAN_POINT('',(3.757238023047E0,1.127279399251E0,2.499999999991E0));
#307=CARTESIAN_POINT('',(3.759464891671E0,1.123921186478E0,2.500000000033E0));
#308=CARTESIAN_POINT('',(3.760007361401E0,1.121394810012E0,2.499999999930E0));
#309=CARTESIAN_POINT('',(3.760007361401E0,1.119981608797E0,2.499999999930E0));
#311=CARTESIAN_POINT('',(3.742928932188E0,1.127071067812E0,2.21E0));
#312=DIRECTION('',(-7.071067811850E-1,-7.071067811881E-1,1.557640001252E-12));
#313=DIRECTION('',(6.952293147309E-13,1.506840629284E-12,1.E0));
#314=AXIS2_PLACEMENT_3D('',#311,#312,#313);
#316=CARTESIAN_POINT('',(3.75E0,1.12E0,2.21E0));
#317=DIRECTION('',(-1.451712313579E-12,-7.511233014878E-13,-1.E0));
#318=DIRECTION('',(-7.071067828607E-1,7.071067795124E-1,4.958996176659E-13));
#319=AXIS2_PLACEMENT_3D('',#316,#317,#318);
#321=CARTESIAN_POINT('',(3.76E0,1.119999999047E0,2.21E0));
#322=DIRECTION('',(-9.533914507864E-8,-1.E0,7.511234398928E-13));
#323=DIRECTION('',(9.999999992751E-1,-9.533914500783E-8,3.807620968866E-5));
#324=AXIS2_PLACEMENT_3D('',#321,#322,#323);
#326=DIRECTION('',(-2.627661024995E-9,-2.343687190500E-7,1.E0));
#327=VECTOR('',#326,2.000552105022E-2);
#328=CARTESIAN_POINT('',(4.05E0,1.119999999872E0,2.19E0));
#329=LINE('',#328,#327);
#330=DIRECTION('',(9.431371499436E-8,9.424050525330E-8,-1.E0));
#331=VECTOR('',#330,1.999348740153E-2);
#332=CARTESIAN_POINT('',(3.537867965405E0,1.332132034092E0,2.209996790027E0));
#333=LINE('',#332,#331);
#334=CARTESIAN_POINT('',(3.76E0,1.12E0,2.19E0));
#335=DIRECTION('',(-2.141731236801E-12,-1.E0,-1.636239036986E-12));
#336=DIRECTION('',(-4.884981308353E-13,1.636239036983E-12,-1.E0));
#337=AXIS2_PLACEMENT_3D('',#334,#335,#336);
#339=CARTESIAN_POINT('',(3.75E0,1.12E0,2.19E0));
#340=DIRECTION('',(-1.823828444591E-12,-1.636239036982E-12,1.E0));
#341=DIRECTION('',(1.E0,-3.552713678800E-14,1.823726355117E-12));
#342=AXIS2_PLACEMENT_3D('',#339,#340,#341);
#344=CARTESIAN_POINT('',(3.742928932571E0,1.127071068195E0,2.19E0));
#345=DIRECTION('',(-7.071068195121E-1,-7.071067428610E-1,-2.446637186773E-12));
#346=DIRECTION('',(-7.071067426776E-1,7.071068193287E-1,2.277672042697E-5));
#347=AXIS2_PLACEMENT_3D('',#344,#345,#346);
#349=DIRECTION('',(-7.071067811867E-1,-7.071067811864E-1,0.E0));
#350=VECTOR('',#349,9.999494972153E-1);
#351=CARTESIAN_POINT('',(3.742928934701E0,1.127071070325E0,1.9E0));
#352=LINE('',#351,#350);
#353=CARTESIAN_POINT('',(3.75E0,1.2E-1,1.9E0));
#354=DIRECTION('',(0.E0,0.E0,-1.E0));
#355=DIRECTION('',(0.E0,1.E0,0.E0));
#356=AXIS2_PLACEMENT_3D('',#353,#354,#355);
#358=CARTESIAN_POINT('',(3.750000000001E0,1.12E0,1.9E0));
#359=DIRECTION('',(-1.823828444591E-12,-1.636239036982E-12,1.E0));
#360=DIRECTION('',(1.E0,-4.853895063912E-11,1.820765760479E-12));
#361=AXIS2_PLACEMENT_3D('',#358,#359,#360);
#363=DIRECTION('',(-7.071068010714E-1,-7.071067612890E-1,4.221874599371E-6));
#364=VECTOR('',#363,1.309495417994E0);
#365=CARTESIAN_POINT('',(3.537867967291E0,1.332132035976E0,2.190003302625E0));
#366=LINE('',#365,#364);
#367=CARTESIAN_POINT('',(2.604843668327E0,3.991078654033E-1,2.209993779924E0));
#368=CARTESIAN_POINT('',(2.605699729620E0,3.999639266963E-1,2.207821541689E0));
#369=CARTESIAN_POINT('',(2.607366951672E0,4.016309674228E-1,2.203446060150E0));
#370=CARTESIAN_POINT('',(2.609722244954E0,4.039863064830E-1,2.196786469819E0));
#371=CARTESIAN_POINT('',(2.611200124638E0,4.054642454182E-1,2.192281148403E0));
#372=CARTESIAN_POINT('',(2.611914851256E0,4.061789720360E-1,2.190008831150E0));
#374=CARTESIAN_POINT('',(3.76E0,4.198332870113E-1,-1.9E0));
#375=CARTESIAN_POINT('',(3.767189111714E0,4.195935167114E-1,-1.9E0));
#376=CARTESIAN_POINT('',(3.781621364215E0,4.185928392626E-1,-1.900536307283E0));
#377=CARTESIAN_POINT('',(3.803240308572E0,4.155108722449E-1,-1.902963498401E0));
#378=CARTESIAN_POINT('',(3.824936572792E0,4.107776547599E-1,-1.907072050665E0));
#379=CARTESIAN_POINT('',(3.846629212770E0,4.043201661271E-1,-1.912930054361E0));
#380=CARTESIAN_POINT('',(3.868362319378E0,3.959996914463E-1,-1.920668183109E0));
#381=CARTESIAN_POINT('',(3.889990185673E0,3.857072091834E-1,-1.930392654183E0));
#382=CARTESIAN_POINT('',(3.911453941623E0,3.732690140800E-1,-1.942271623044E0));
#383=CARTESIAN_POINT('',(3.932560443128E0,3.585388902926E-1,-1.956448587239E0));
#384=CARTESIAN_POINT('',(3.953082275782E0,3.413725246892E-1,-1.973065016409E0));
#385=CARTESIAN_POINT('',(3.972732879554E0,3.216390041409E-1,-1.992249269565E0));
#386=CARTESIAN_POINT('',(3.991114094343E0,2.993135727308E-1,-2.014025379685E0));
#387=CARTESIAN_POINT('',(4.007838917869E0,2.743697547275E-1,-2.038417539637E0));
#388=CARTESIAN_POINT('',(4.022415393743E0,2.469659502758E-1,-2.065267492887E0));
#389=CARTESIAN_POINT('',(4.034374152250E0,2.173618250846E-1,-2.094315396808E0));
#390=CARTESIAN_POINT('',(4.043279634202E0,1.859425236635E-1,-2.125176201864E0));
#391=CARTESIAN_POINT('',(4.048760479284E0,1.532978061787E-1,-2.157261871351E0));
#392=CARTESIAN_POINT('',(4.05E0,1.311573970898E-1,-2.179030135545E0));
#393=CARTESIAN_POINT('',(4.05E0,1.2E-1,-2.19E0));
#395=DIRECTION('',(0.E0,0.E0,1.E0));
#396=VECTOR('',#395,4.38E0);
#397=CARTESIAN_POINT('',(4.05E0,1.2E-1,-2.19E0));
#398=LINE('',#397,#396);
#399=DIRECTION('',(0.E0,0.E0,-1.E0));
#400=VECTOR('',#399,3.8E0);
#401=CARTESIAN_POINT('',(3.75E0,4.2E-1,1.9E0));
#402=LINE('',#401,#400);
#403=DIRECTION('',(7.071067811867E-1,7.071067811864E-1,0.E0));
#404=VECTOR('',#403,9.999494936610E-1);
#405=CARTESIAN_POINT('',(3.035857864376E0,4.199999999998E-1,-1.9E0));
#406=LINE('',#405,#404);
#407=CARTESIAN_POINT('',(3.75E0,1.12E0,-1.9E0));
#408=DIRECTION('',(-1.477745129329E-12,-8.169710119138E-13,-1.E0));
#409=DIRECTION('',(-7.071067812819E-1,7.071067810912E-1,4.662936703543E-13));
#410=AXIS2_PLACEMENT_3D('',#407,#408,#409);
#412=CARTESIAN_POINT('',(3.75E0,1.2E-1,-1.9E0));
#413=DIRECTION('',(0.E0,0.E0,1.E0));
#414=DIRECTION('',(3.333333333333E-2,9.994442900377E-1,0.E0));
#415=AXIS2_PLACEMENT_3D('',#412,#413,#414);
#417=DIRECTION('',(-1.E0,-2.332714407048E-13,0.E0));
#418=VECTOR('',#417,7.141421356238E-1);
#419=CARTESIAN_POINT('',(3.75E0,4.2E-1,-1.9E0));
#420=LINE('',#419,#418);
#421=CARTESIAN_POINT('',(3.035857864376E0,4.2E-1,-1.9E0));
#422=CARTESIAN_POINT('',(2.992706146344E0,4.2E-1,-1.9E0));
#423=CARTESIAN_POINT('',(2.912369787339E0,4.2E-1,-1.909327285713E0));
#424=CARTESIAN_POINT('',(2.805757806330E0,4.2E-1,-1.945034014472E0));
#425=CARTESIAN_POINT('',(2.713595245480E0,4.2E-1,-2.003326989211E0));
#426=CARTESIAN_POINT('',(2.664074073454E0,4.2E-1,-2.060822255747E0));
#427=CARTESIAN_POINT('',(2.645986090585E0,4.2E-1,-2.1E0));
#429=DIRECTION('',(7.071068032415E-1,7.071067591177E-1,4.432813044972E-6));
#430=VECTOR('',#429,1.309495626795E0);
#431=CARTESIAN_POINT('',(2.611914698886E0,4.061788253489E-1,-2.190009272865E0));
#432=LINE('',#431,#430);
#433=CARTESIAN_POINT('',(-2.604843648349E0,3.991078440959E-1,
-2.209993841868E0));
#434=CARTESIAN_POINT('',(-2.598089943428E0,3.923546710626E-1,
-2.227129868355E0));
#435=CARTESIAN_POINT('',(-2.58569797E0,3.756230588568E-1,-2.260211799458E0));
#436=CARTESIAN_POINT('',(-2.568654872044E0,3.424624852826E-1,
-2.303715819527E0));
#437=CARTESIAN_POINT('',(-2.550525428760E0,3.022745241508E-1,
-2.340279402472E0));
#438=CARTESIAN_POINT('',(-2.529114666477E0,2.578024416310E-1,
-2.368096507113E0));
#439=CARTESIAN_POINT('',(-2.502790250416E0,2.125546869495E-1,
-2.386603029169E0));
#440=CARTESIAN_POINT('',(-2.471303336880E0,1.687308332438E-1,
-2.397223593952E0));
#441=CARTESIAN_POINT('',(-2.442302139065E0,1.362829423845E-1,-2.4E0));
#442=CARTESIAN_POINT('',(-2.426019196680E0,1.2E-1,-2.4E0));
#444=DIRECTION('',(1.E0,1.666923069995E-14,-2.041036895588E-14));
#445=VECTOR('',#444,4.852038393360E0);
#446=CARTESIAN_POINT('',(-2.426019196680E0,1.2E-1,-2.4E0));
#447=LINE('',#446,#445);
#448=CARTESIAN_POINT('',(2.426019196680E0,1.2E-1,-2.4E0));
#449=CARTESIAN_POINT('',(2.434533704903E0,1.285145082227E-1,-2.4E0));
#450=CARTESIAN_POINT('',(2.450413610947E0,1.452948382211E-1,-2.399269076712E0));
#451=CARTESIAN_POINT('',(2.470678162397E0,1.692006387792E-1,-2.396255096972E0));
#452=CARTESIAN_POINT('',(2.488195883892E0,1.922891289623E-1,-2.391474195205E0));
#453=CARTESIAN_POINT('',(2.503475220072E0,2.147833290657E-1,-2.384956968668E0));
#454=CARTESIAN_POINT('',(2.517041721713E0,2.370212943555E-1,-2.376583088713E0));
#455=CARTESIAN_POINT('',(2.529190150697E0,2.590436945527E-1,-2.366214601674E0));
#456=CARTESIAN_POINT('',(2.540200565213E0,2.808198269321E-1,-2.353681534136E0));
#457=CARTESIAN_POINT('',(2.550300745131E0,3.021347388133E-1,-2.338868876714E0));
#458=CARTESIAN_POINT('',(2.559721061710E0,3.226532779853E-1,-2.321755136762E0));
#459=CARTESIAN_POINT('',(2.568691892757E0,3.419413731733E-1,-2.302466736791E0));
#460=CARTESIAN_POINT('',(2.577433781307E0,3.595318916717E-1,-2.281321128149E0));
#461=CARTESIAN_POINT('',(2.586210856402E0,3.751339973330E-1,-2.258615414809E0));
#462=CARTESIAN_POINT('',(2.595255380441E0,3.885133214082E-1,-2.234711561695E0));
#463=CARTESIAN_POINT('',(2.601575284544E0,3.958397813534E-1,-2.218287219115E0));
#464=CARTESIAN_POINT('',(2.604844566531E0,3.991088058489E-1,-2.209991540564E0));
#466=CARTESIAN_POINT('',(2.604844566531E0,3.991088058489E-1,-2.209991540564E0));
#467=CARTESIAN_POINT('',(2.605710183130E0,3.999744224486E-1,-2.207794898394E0));
#468=CARTESIAN_POINT('',(2.607387521913E0,4.016515187083E-1,-2.203389295535E0));
#469=CARTESIAN_POINT('',(2.609742777091E0,4.040068416005E-1,-2.196728150367E0));
#470=CARTESIAN_POINT('',(2.611207976891E0,4.054721033530E-1,-2.192256122978E0));
#471=CARTESIAN_POINT('',(2.611914698886E0,4.061788253489E-1,-2.190009272865E0));
#473=CARTESIAN_POINT('',(2.611914698886E0,4.061788253489E-1,-2.190009272865E0));
#474=CARTESIAN_POINT('',(2.615013451464E0,4.092779111988E-1,-2.180156485724E0));
#475=CARTESIAN_POINT('',(2.621585386830E0,4.144270048748E-1,-2.160222642949E0));
#476=CARTESIAN_POINT('',(2.632813658165E0,4.190058999652E-1,-2.130039317860E0));
#477=CARTESIAN_POINT('',(2.641389093177E0,4.199999999999E-1,-2.109956886297E0));
#478=CARTESIAN_POINT('',(2.645986090584E0,4.199999999999E-1,-2.1E0));
#480=DIRECTION('',(-1.E0,1.704574734383E-14,0.E0));
#481=VECTOR('',#480,5.291972181168E0);
#482=CARTESIAN_POINT('',(2.645986090584E0,4.199999999999E-1,-2.1E0));
#483=LINE('',#482,#481);
#484=CARTESIAN_POINT('',(-2.645986090584E0,4.2E-1,-2.1E0));
#485=CARTESIAN_POINT('',(-2.641389118466E0,4.2E-1,-2.109956831520E0));
#486=CARTESIAN_POINT('',(-2.632813711003E0,4.190059110897E-1,
-2.130039187407E0));
#487=CARTESIAN_POINT('',(-2.621585431366E0,4.144270333344E-1,
-2.160222512228E0));
#488=CARTESIAN_POINT('',(-2.615013469182E0,4.092779289194E-1,
-2.180156430604E0));
#489=CARTESIAN_POINT('',(-2.611914699269E0,4.061788257320E-1,
-2.190009272865E0));
#491=CARTESIAN_POINT('',(-2.604843648349E0,3.991078440959E-1,
-2.209993841868E0));
#492=CARTESIAN_POINT('',(-2.605699676092E0,3.999638718382E-1,
-2.207821690497E0));
#493=CARTESIAN_POINT('',(-2.607366842414E0,4.016308595433E-1,
-2.203446351725E0));
#494=CARTESIAN_POINT('',(-2.609722074944E0,4.039861336438E-1,
-2.196786966511E0));
#495=CARTESIAN_POINT('',(-2.611199934668E0,4.054640611305E-1,
-2.192281692480E0));
#496=CARTESIAN_POINT('',(-2.611914699269E0,4.061788257320E-1,
-2.190009272865E0));
#498=DIRECTION('',(7.071068032416E-1,-7.071067591176E-1,-4.432813067090E-6));
#499=VECTOR('',#498,1.309495621663E0);
#500=CARTESIAN_POINT('',(-3.537867962163E0,1.332132030845E0,-2.190003468116E0));
#501=LINE('',#500,#499);
#502=DIRECTION('',(2.627083868306E-9,1.332514738023E-7,-1.E0));
#503=VECTOR('',#502,2.000552105053E-2);
#504=CARTESIAN_POINT('',(-4.05E0,1.119999999645E0,-2.19E0));
#505=LINE('',#504,#503);
#506=DIRECTION('',(1.657073943989E-7,-1.659314897190E-7,1.E0));
#507=VECTOR('',#506,1.999334941986E-2);
#508=CARTESIAN_POINT('',(-3.537867965476E0,1.332132034163E0,-2.209996817536E0));
#509=LINE('',#508,#507);
#510=DIRECTION('',(2.726449444988E-8,-2.211868395362E-7,-1.E0));
#511=VECTOR('',#510,2.001932315869E-2);
#512=CARTESIAN_POINT('',(-4.05E0,1.2E-1,-2.19E0));
#513=LINE('',#512,#511);
#514=DIRECTION('',(1.196124760550E-5,9.999999999285E-1,-1.275550621610E-9));
#515=VECTOR('',#514,9.999816689177E-1);
#516=CARTESIAN_POINT('',(-3.760019322429E0,1.199999497568E-1,
-2.499999998654E0));
#517=LINE('',#516,#515);
#518=DIRECTION('',(4.932543229015E-10,-9.999999999048E-1,-1.380210808248E-5));
#519=VECTOR('',#518,1.000000006834E0);
#520=CARTESIAN_POINT('',(-4.049999999947E0,1.120000002311E0,-2.210005521050E0));
#521=LINE('',#520,#519);
#522=CARTESIAN_POINT('',(-4.049999999454E0,1.199999955720E-1,
-2.210019323159E0));
#523=CARTESIAN_POINT('',(-4.049999356521E0,1.198660778023E-1,
-2.226904748582E0));
#524=CARTESIAN_POINT('',(-4.047033218225E0,1.196195919012E-1,
-2.260652534355E0));
#525=CARTESIAN_POINT('',(-4.033936943203E0,1.192426046608E-1,
-2.309581962204E0));
#526=CARTESIAN_POINT('',(-4.012419003515E0,1.190707023895E-1,
-2.355764081136E0));
#527=CARTESIAN_POINT('',(-3.983271742366E0,1.189434021492E-1,
-2.397360852344E0));
#528=CARTESIAN_POINT('',(-3.947448890381E0,1.189433163803E-1,
-2.433198219524E0));
#529=CARTESIAN_POINT('',(-3.905854605223E0,1.190702758505E-1,
-2.462367849612E0));
#530=CARTESIAN_POINT('',(-3.859658532737E0,1.192423170159E-1,
-2.483910866077E0));
#531=CARTESIAN_POINT('',(-3.810699274093E0,1.196190682159E-1,
-2.497027288816E0));
#532=CARTESIAN_POINT('',(-3.776921582471E0,1.198658101010E-1,
-2.499999355080E0));
#533=CARTESIAN_POINT('',(-3.760019322429E0,1.199999497568E-1,
-2.499999998654E0));
#535=DIRECTION('',(-7.071067811866E-1,7.071067811865E-1,0.E0));
#536=VECTOR('',#535,1.424213562373E0);
#537=CARTESIAN_POINT('',(-2.735857864376E0,1.199999999999E-1,-2.5E0));
#538=LINE('',#537,#536);
#539=CARTESIAN_POINT('',(-3.742928932188E0,1.127071067812E0,-2.5E0));
#540=CARTESIAN_POINT('',(-3.743908456046E0,1.128050591670E0,-2.5E0));
#541=CARTESIAN_POINT('',(-3.746080010999E0,1.129470504828E0,-2.5E0));
#542=CARTESIAN_POINT('',(-3.750028067578E0,1.130263954746E0,-2.499999999999E0));
#543=CARTESIAN_POINT('',(-3.753922793517E0,1.129472332062E0,-2.500000000002E0));
#544=CARTESIAN_POINT('',(-3.757238023047E0,1.127279400471E0,-2.499999999991E0));
#545=CARTESIAN_POINT('',(-3.759464891671E0,1.123921181927E0,-2.500000000033E0));
#546=CARTESIAN_POINT('',(-3.760007361401E0,1.121394819818E0,-2.499999999930E0));
#547=CARTESIAN_POINT('',(-3.760007361401E0,1.119981618603E0,-2.499999999930E0));
#549=DIRECTION('',(1.E0,4.905781395961E-8,-1.313855413351E-9));
#550=VECTOR('',#549,1.024161458053E0);
#551=CARTESIAN_POINT('',(-3.760019322429E0,1.199999497568E-1,
-2.499999998654E0));
#552=LINE('',#551,#550);
#553=CARTESIAN_POINT('',(-2.735857864376E0,1.2E-1,-2.5E0));
#554=CARTESIAN_POINT('',(-2.678284566911E0,1.2E-1,-2.5E0));
#555=CARTESIAN_POINT('',(-2.569062422464E0,1.2E-1,-2.483358807345E0));
#556=CARTESIAN_POINT('',(-2.470640008657E0,1.2E-1,-2.436382244564E0));
#557=CARTESIAN_POINT('',(-2.426019196680E0,1.2E-1,-2.4E0));
#559=DIRECTION('',(-7.071068293318E-1,7.071067330377E-1,-2.255155537609E-6));
#560=VECTOR('',#559,1.319495553463E0);
#561=CARTESIAN_POINT('',(-2.604843648349E0,3.991078440959E-1,
-2.209993841868E0));
#562=LINE('',#561,#560);
#563=DIRECTION('',(-1.E0,-1.941773818737E-14,0.E0));
#564=VECTOR('',#563,5.471715728752E0);
#565=CARTESIAN_POINT('',(2.735857864376E0,1.2E-1,-2.5E0));
#566=LINE('',#565,#564);
#567=DIRECTION('',(1.744638227123E-2,-9.996955138819E-1,1.745002206574E-2));
#568=VECTOR('',#567,6.557232131455E0);
#569=CARTESIAN_POINT('',(-3.760019322429E0,1.199999497568E-1,
-2.499999998654E0));
#570=LINE('',#569,#568);
#571=DIRECTION('',(1.744638246359E-2,9.996954706988E-1,-1.745249561371E-2));
#572=VECTOR('',#571,6.557232110648E0);
#573=CARTESIAN_POINT('',(3.645619343854E0,-6.435235245763E0,-2.385559934805E0));
#574=LINE('',#573,#572);
#575=CARTESIAN_POINT('',(-3.645622104296E0,-6.430174464643E0,
-2.095622104296E0));
#576=DIRECTION('',(1.744974916068E-2,-9.996954598819E-1,1.744974916068E-2));
#577=DIRECTION('',(-9.998477060261E-1,-1.745174218801E-2,3.806568495968E-5));
#578=AXIS2_PLACEMENT_3D('',#575,#576,#577);
#580=CARTESIAN_POINT('',(-3.935559934796E0,-6.435235245763E0,
-2.095619343854E0));
#581=CARTESIAN_POINT('',(-3.935396335923E0,-6.444607879478E0,
-2.095518997737E0));
#582=CARTESIAN_POINT('',(-3.934033101253E0,-6.466120119908E0,
-2.095309849552E0));
#583=CARTESIAN_POINT('',(-3.927832012632E0,-6.503320913082E0,
-2.095589956849E0));
#584=CARTESIAN_POINT('',(-3.910638924429E0,-6.552852739132E0,
-2.094556615286E0));
#585=CARTESIAN_POINT('',(-3.892296760131E0,-6.587063066948E0,
-2.094262286506E0));
#586=CARTESIAN_POINT('',(-3.864442278452E0,-6.626253783074E0,
-2.093181800172E0));
#587=CARTESIAN_POINT('',(-3.827717827080E0,-6.662395971290E0,
-2.091978738477E0));
#588=CARTESIAN_POINT('',(-3.784475951721E0,-6.692173313159E0,
-2.090731137329E0));
#589=CARTESIAN_POINT('',(-3.738078603250E0,-6.713511014154E0,
-2.088859113621E0));
#590=CARTESIAN_POINT('',(-3.687797119856E0,-6.726965283732E0,
-2.087661036846E0));
#591=CARTESIAN_POINT('',(-3.653067412121E0,-6.73E0,-2.086336253840E0));
#592=CARTESIAN_POINT('',(-3.635623626307E0,-6.73E0,-2.085623626307E0));
#594=DIRECTION('',(1.E0,5.377044330946E-14,0.E0));
#595=VECTOR('',#594,1.767422491962E0);
#596=CARTESIAN_POINT('',(-3.635623626307E0,-6.73E0,-2.085623626307E0));
#597=LINE('',#596,#595);
#598=CARTESIAN_POINT('',(-1.868201134345E0,-6.73E0,-2.085623626307E0));
#599=CARTESIAN_POINT('',(-1.827166605021E0,-6.729999661177E0,
-2.104006381450E0));
#600=CARTESIAN_POINT('',(-1.740788315586E0,-6.726616835711E0,
-2.140492012382E0));
#601=CARTESIAN_POINT('',(-1.599297670774E0,-6.711864654903E0,
-2.193146697609E0));
#602=CARTESIAN_POINT('',(-1.495962791146E0,-6.695455499774E0,
-2.226664822075E0));
#603=CARTESIAN_POINT('',(-1.442219809180E0,-6.685522706632E0,
-2.242811877762E0));
#605=DIRECTION('',(1.E0,0.E0,0.E0));
#606=VECTOR('',#605,2.884441307460E0);
#607=CARTESIAN_POINT('',(-1.442219809180E0,-6.685522706632E0,
-2.242811877762E0));
#608=LINE('',#607,#606);
#609=CARTESIAN_POINT('',(1.442221498279E0,-6.685522706632E0,-2.242811877762E0));
#610=CARTESIAN_POINT('',(1.496103566263E0,-6.695481561617E0,-2.226623383366E0));
#611=CARTESIAN_POINT('',(1.599621887310E0,-6.711911364398E0,-2.193035372085E0));
#612=CARTESIAN_POINT('',(1.741132032472E0,-6.726640014739E0,-2.140352971271E0));
#613=CARTESIAN_POINT('',(1.827309831525E0,-6.730000097121E0,-2.103941040596E0));
#614=CARTESIAN_POINT('',(1.868198136741E0,-6.73E0,-2.085623626307E0));
#616=DIRECTION('',(1.E0,-5.377035211326E-14,0.E0));
#617=VECTOR('',#616,1.767425489566E0);
#618=CARTESIAN_POINT('',(1.868198136741E0,-6.73E0,-2.085623626307E0));
#619=LINE('',#618,#617);
#620=DIRECTION('',(-9.999999999975E-1,-4.797226088817E-8,-2.224377248121E-6));
#621=VECTOR('',#620,7.291238687894E0);
#622=CARTESIAN_POINT('',(3.645619343854E0,-6.435235245763E0,-2.385559934805E0));
#623=LINE('',#622,#621);
#624=CARTESIAN_POINT('',(-3.645619344022E0,-6.435235595541E0,
-2.385576153270E0));
#625=CARTESIAN_POINT('',(-3.645605827639E0,-6.452481866888E0,
-2.385275120429E0));
#626=CARTESIAN_POINT('',(-3.645488062247E0,-6.486968657160E0,
-2.381693740728E0));
#627=CARTESIAN_POINT('',(-3.645003714974E0,-6.537157326061E0,
-2.367446185452E0));
#628=CARTESIAN_POINT('',(-3.644268503924E0,-6.584214018176E0,
-2.344714056393E0));
#629=CARTESIAN_POINT('',(-3.643250727578E0,-6.626686232093E0,
-2.314149465015E0));
#630=CARTESIAN_POINT('',(-3.641999020296E0,-6.663160698520E0,
-2.276776959633E0));
#631=CARTESIAN_POINT('',(-3.640579704363E0,-6.692552577466E0,
-2.233828224352E0));
#632=CARTESIAN_POINT('',(-3.638852973352E0,-6.714058672380E0,
-2.186617547513E0));
#633=CARTESIAN_POINT('',(-3.637633758283E0,-6.727094073063E0,
-2.136756264302E0));
#634=CARTESIAN_POINT('',(-3.636329480895E0,-6.73E0,-2.102642105444E0));
#635=CARTESIAN_POINT('',(-3.635623626307E0,-6.73E0,-2.085623626307E0));
#637=DIRECTION('',(-1.E0,0.E0,0.E0));
#638=VECTOR('',#637,6.5E0);
#639=CARTESIAN_POINT('',(3.25E0,-6.73E0,-2.55E0));
#640=LINE('',#639,#638);
#641=DIRECTION('',(-1.E0,0.E0,0.E0));
#642=VECTOR('',#641,7.E-1);
#643=CARTESIAN_POINT('',(2.89E0,-3.83E0,-2.55E0));
#644=LINE('',#643,#642);
#645=DIRECTION('',(1.E0,0.E0,0.E0));
#646=VECTOR('',#645,7.E-1);
#647=CARTESIAN_POINT('',(2.19E0,-3.43E0,-2.95E0));
#648=LINE('',#647,#646);
#649=CARTESIAN_POINT('',(2.89E0,-3.83E0,-2.95E0));
#650=DIRECTION('',(-1.E0,0.E0,0.E0));
#651=DIRECTION('',(0.E0,0.E0,1.E0));
#652=AXIS2_PLACEMENT_3D('',#649,#650,#651);
#654=DIRECTION('',(0.E0,0.E0,-1.E0));
#655=VECTOR('',#654,3.05E0);
#656=CARTESIAN_POINT('',(2.89E0,-3.43E0,-2.95E0));
#657=LINE('',#656,#655);
#658=DIRECTION('',(0.E0,0.E0,1.E0));
#659=VECTOR('',#658,4.E-1);
#660=CARTESIAN_POINT('',(2.89E0,-3.83E0,-2.95E0));
#661=LINE('',#660,#659);
#662=CARTESIAN_POINT('',(2.54E0,-3.43E0,-6.E0));
#663=DIRECTION('',(0.E0,-1.E0,0.E0));
#664=DIRECTION('',(-1.E0,0.E0,0.E0));
#665=AXIS2_PLACEMENT_3D('',#662,#663,#664);
#667=CARTESIAN_POINT('',(2.54E0,-3.43E0,-6.E0));
#668=DIRECTION('',(0.E0,-1.E0,0.E0));
#669=DIRECTION('',(0.E0,0.E0,-1.E0));
#670=AXIS2_PLACEMENT_3D('',#667,#668,#669);
#672=CARTESIAN_POINT('',(2.19E0,-3.83E0,-2.95E0));
#673=DIRECTION('',(1.E0,0.E0,0.E0));
#674=DIRECTION('',(0.E0,1.E0,0.E0));
#675=AXIS2_PLACEMENT_3D('',#672,#673,#674);
#677=DIRECTION('',(0.E0,0.E0,1.E0));
#678=VECTOR('',#677,3.05E0);
#679=CARTESIAN_POINT('',(2.19E0,-3.43E0,-6.E0));
#680=LINE('',#679,#678);
#681=DIRECTION('',(0.E0,0.E0,1.E0));
#682=VECTOR('',#681,4.E-1);
#683=CARTESIAN_POINT('',(2.19E0,-3.83E0,-2.95E0));
#684=LINE('',#683,#682);
#685=DIRECTION('',(-1.E0,0.E0,0.E0));
#686=VECTOR('',#685,6.9E-1);
#687=CARTESIAN_POINT('',(2.19E0,-3.83E0,-2.55E0));
#688=LINE('',#687,#686);
#689=DIRECTION('',(0.E0,1.E0,0.E0));
#690=VECTOR('',#689,1.6E0);
#691=CARTESIAN_POINT('',(1.5E0,-3.83E0,-2.55E0));
#692=LINE('',#691,#690);
#693=DIRECTION('',(0.E0,0.E0,1.E0));
#694=VECTOR('',#693,4.E-1);
#695=CARTESIAN_POINT('',(1.5E0,-3.83E0,-2.95E0));
#696=LINE('',#695,#694);
#697=DIRECTION('',(-1.E0,0.E0,0.E0));
#698=VECTOR('',#697,3.E0);
#699=CARTESIAN_POINT('',(1.5E0,-2.23E0,-2.55E0));
#700=LINE('',#699,#698);
#701=DIRECTION('',(0.E0,0.E0,1.E0));
#702=VECTOR('',#701,4.E-1);
#703=CARTESIAN_POINT('',(1.5E0,-2.23E0,-2.95E0));
#704=LINE('',#703,#702);
#705=DIRECTION('',(0.E0,-1.E0,0.E0));
#706=VECTOR('',#705,1.6E0);
#707=CARTESIAN_POINT('',(-1.5E0,-2.23E0,-2.55E0));
#708=LINE('',#707,#706);
#709=DIRECTION('',(0.E0,0.E0,1.E0));
#710=VECTOR('',#709,4.E-1);
#711=CARTESIAN_POINT('',(-1.5E0,-2.23E0,-2.95E0));
#712=LINE('',#711,#710);
#713=DIRECTION('',(0.E0,0.E0,1.E0));
#714=VECTOR('',#713,4.E-1);
#715=CARTESIAN_POINT('',(-1.5E0,-3.83E0,-2.95E0));
#716=LINE('',#715,#714);
#717=DIRECTION('',(-1.E0,0.E0,0.E0));
#718=VECTOR('',#717,6.9E-1);
#719=CARTESIAN_POINT('',(-1.5E0,-3.83E0,-2.55E0));
#720=LINE('',#719,#718);
#721=CARTESIAN_POINT('',(-2.19E0,-3.83E0,-2.95E0));
#722=DIRECTION('',(-1.E0,0.E0,0.E0));
#723=DIRECTION('',(0.E0,0.E0,1.E0));
#724=AXIS2_PLACEMENT_3D('',#721,#722,#723);
#726=DIRECTION('',(0.E0,0.E0,1.E0));
#727=VECTOR('',#726,3.05E0);
#728=CARTESIAN_POINT('',(-2.19E0,-3.83E0,-6.E0));
#729=LINE('',#728,#727);
#730=DIRECTION('',(0.E0,0.E0,1.E0));
#731=VECTOR('',#730,4.E-1);
#732=CARTESIAN_POINT('',(-2.19E0,-3.83E0,-2.95E0));
#733=LINE('',#732,#731);
#734=DIRECTION('',(-1.E0,0.E0,0.E0));
#735=VECTOR('',#734,7.E-1);
#736=CARTESIAN_POINT('',(-2.19E0,-3.83E0,-2.55E0));
#737=LINE('',#736,#735);
#738=DIRECTION('',(1.E0,0.E0,0.E0));
#739=VECTOR('',#738,7.E-1);
#740=CARTESIAN_POINT('',(-2.89E0,-3.43E0,-2.95E0));
#741=LINE('',#740,#739);
#742=CARTESIAN_POINT('',(-2.89E0,-3.83E0,-2.95E0));
#743=DIRECTION('',(1.E0,0.E0,0.E0));
#744=DIRECTION('',(0.E0,1.E0,0.E0));
#745=AXIS2_PLACEMENT_3D('',#742,#743,#744);
#747=DIRECTION('',(0.E0,0.E0,-1.E0));
#748=VECTOR('',#747,3.05E0);
#749=CARTESIAN_POINT('',(-2.89E0,-3.83E0,-2.95E0));
#750=LINE('',#749,#748);
#751=DIRECTION('',(0.E0,0.E0,1.E0));
#752=VECTOR('',#751,4.E-1);
#753=CARTESIAN_POINT('',(-2.89E0,-3.83E0,-2.95E0));
#754=LINE('',#753,#752);
#755=DIRECTION('',(-1.E0,0.E0,0.E0));
#756=VECTOR('',#755,3.6E-1);
#757=CARTESIAN_POINT('',(-2.89E0,-3.83E0,-2.55E0));
#758=LINE('',#757,#756);
#759=CARTESIAN_POINT('',(-3.25E0,-6.73E0,-2.55E0));
#760=DIRECTION('',(1.E0,0.E0,0.E0));
#761=DIRECTION('',(0.E0,-1.E0,0.E0));
#762=AXIS2_PLACEMENT_3D('',#759,#760,#761);
#764=DIRECTION('',(0.E0,0.E0,1.E0));
#765=VECTOR('',#764,4.E-1);
#766=CARTESIAN_POINT('',(-3.25E0,-3.83E0,-2.95E0));
#767=LINE('',#766,#765);
#768=DIRECTION('',(0.E0,-1.E0,0.E0));
#769=VECTOR('',#768,2.9E0);
#770=CARTESIAN_POINT('',(-3.25E0,-3.83E0,-2.55E0));
#771=LINE('',#770,#769);
#772=DIRECTION('',(1.E0,0.E0,0.E0));
#773=VECTOR('',#772,6.5E0);
#774=CARTESIAN_POINT('',(-3.25E0,-7.13E0,-2.55E0));
#775=LINE('',#774,#773);
#776=DIRECTION('',(-1.E0,0.E0,0.E0));
#777=VECTOR('',#776,6.5E0);
#778=CARTESIAN_POINT('',(3.25E0,-6.73E0,-2.95E0));
#779=LINE('',#778,#777);
#780=DIRECTION('',(0.E0,0.E0,-1.E0));
#781=VECTOR('',#780,5.1E0);
#782=CARTESIAN_POINT('',(3.75E0,-7.13E0,2.55E0));
#783=LINE('',#782,#781);
#784=DIRECTION('',(-1.E0,0.E0,0.E0));
#785=VECTOR('',#784,5.E-1);
#786=CARTESIAN_POINT('',(3.75E0,-7.13E0,-2.55E0));
#787=LINE('',#786,#785);
#788=DIRECTION('',(-1.E0,0.E0,0.E0));
#789=VECTOR('',#788,5.E-1);
#790=CARTESIAN_POINT('',(-3.25E0,-7.13E0,-2.55E0));
#791=LINE('',#790,#789);
#792=DIRECTION('',(0.E0,0.E0,1.E0));
#793=VECTOR('',#792,5.1E0);
#794=CARTESIAN_POINT('',(-3.75E0,-7.13E0,-2.55E0));
#795=LINE('',#794,#793);
#796=DIRECTION('',(-1.E0,0.E0,0.E0));
#797=VECTOR('',#796,7.5E0);
#798=CARTESIAN_POINT('',(3.75E0,-7.13E0,2.55E0));
#799=LINE('',#798,#797);
#800=DIRECTION('',(0.E0,1.E0,0.E0));
#801=VECTOR('',#800,4.E-1);
#802=CARTESIAN_POINT('',(-3.75E0,-7.13E0,2.55E0));
#803=LINE('',#802,#801);
#804=DIRECTION('',(1.E0,0.E0,0.E0));
#805=VECTOR('',#804,7.5E0);
#806=CARTESIAN_POINT('',(-3.75E0,-6.73E0,2.55E0));
#807=LINE('',#806,#805);
#808=DIRECTION('',(0.E0,0.E0,1.E0));
#809=VECTOR('',#808,5.1E0);
#810=CARTESIAN_POINT('',(-3.75E0,-6.73E0,-2.55E0));
#811=LINE('',#810,#809);
#812=DIRECTION('',(0.E0,1.E0,0.E0));
#813=VECTOR('',#812,4.E-1);
#814=CARTESIAN_POINT('',(-3.75E0,-7.13E0,-2.55E0));
#815=LINE('',#814,#813);
#816=DIRECTION('',(0.E0,1.E0,0.E0));
#817=VECTOR('',#816,4.E-1);
#818=CARTESIAN_POINT('',(-3.25E0,-7.13E0,-2.55E0));
#819=LINE('',#818,#817);
#820=DIRECTION('',(-1.E0,0.E0,0.E0));
#821=VECTOR('',#820,5.E-1);
#822=CARTESIAN_POINT('',(-3.25E0,-6.73E0,-2.55E0));
#823=LINE('',#822,#821);
#824=DIRECTION('',(0.E0,0.E0,-1.E0));
#825=VECTOR('',#824,5.1E0);
#826=CARTESIAN_POINT('',(3.75E0,-6.73E0,2.55E0));
#827=LINE('',#826,#825);
#828=DIRECTION('',(0.E0,1.E0,0.E0));
#829=VECTOR('',#828,4.E-1);
#830=CARTESIAN_POINT('',(3.75E0,-7.13E0,2.55E0));
#831=LINE('',#830,#829);
#832=DIRECTION('',(0.E0,1.E0,0.E0));
#833=VECTOR('',#832,4.E-1);
#834=CARTESIAN_POINT('',(3.75E0,-7.13E0,-2.55E0));
#835=LINE('',#834,#833);
#836=DIRECTION('',(-1.E0,0.E0,0.E0));
#837=VECTOR('',#836,5.E-1);
#838=CARTESIAN_POINT('',(3.75E0,-6.73E0,-2.55E0));
#839=LINE('',#838,#837);
#840=CARTESIAN_POINT('',(3.25E0,-6.73E0,-2.55E0));
#841=DIRECTION('',(-1.E0,0.E0,0.E0));
#842=DIRECTION('',(0.E0,1.332267629550E-14,-1.E0));
#843=AXIS2_PLACEMENT_3D('',#840,#841,#842);
#845=DIRECTION('',(0.E0,1.E0,0.E0));
#846=VECTOR('',#845,4.E-1);
#847=CARTESIAN_POINT('',(3.25E0,-7.13E0,-2.55E0));
#848=LINE('',#847,#846);
#849=DIRECTION('',(0.E0,1.E0,0.E0));
#850=VECTOR('',#849,2.9E0);
#851=CARTESIAN_POINT('',(3.25E0,-6.73E0,-2.55E0));
#852=LINE('',#851,#850);
#853=DIRECTION('',(0.E0,0.E0,1.E0));
#854=VECTOR('',#853,4.E-1);
#855=CARTESIAN_POINT('',(3.25E0,-3.83E0,-2.95E0));
#856=LINE('',#855,#854);
#857=DIRECTION('',(-1.E0,0.E0,0.E0));
#858=VECTOR('',#857,3.6E-1);
#859=CARTESIAN_POINT('',(3.25E0,-3.83E0,-2.55E0));
#860=LINE('',#859,#858);
#861=DIRECTION('',(-1.E0,0.E0,0.E0));
#862=VECTOR('',#861,7.E-1);
#863=CARTESIAN_POINT('',(2.89E0,-3.83E0,-2.95E0));
#864=LINE('',#863,#862);
#865=DIRECTION('',(-1.E0,0.E0,0.E0));
#866=VECTOR('',#865,6.9E-1);
#867=CARTESIAN_POINT('',(2.19E0,-3.83E0,-2.95E0));
#868=LINE('',#867,#866);
#869=DIRECTION('',(0.E0,1.E0,0.E0));
#870=VECTOR('',#869,1.6E0);
#871=CARTESIAN_POINT('',(1.5E0,-3.83E0,-2.95E0));
#872=LINE('',#871,#870);
#873=DIRECTION('',(-1.E0,0.E0,0.E0));
#874=VECTOR('',#873,3.E0);
#875=CARTESIAN_POINT('',(1.5E0,-2.23E0,-2.95E0));
#876=LINE('',#875,#874);
#877=DIRECTION('',(0.E0,-1.E0,0.E0));
#878=VECTOR('',#877,1.6E0);
#879=CARTESIAN_POINT('',(-1.5E0,-2.23E0,-2.95E0));
#880=LINE('',#879,#878);
#881=DIRECTION('',(-1.E0,0.E0,0.E0));
#882=VECTOR('',#881,6.9E-1);
#883=CARTESIAN_POINT('',(-1.5E0,-3.83E0,-2.95E0));
#884=LINE('',#883,#882);
#885=DIRECTION('',(-1.E0,0.E0,0.E0));
#886=VECTOR('',#885,3.6E-1);
#887=CARTESIAN_POINT('',(-2.89E0,-3.83E0,-2.95E0));
#888=LINE('',#887,#886);
#889=DIRECTION('',(0.E0,-1.E0,0.E0));
#890=VECTOR('',#889,2.9E0);
#891=CARTESIAN_POINT('',(-3.25E0,-3.83E0,-2.95E0));
#892=LINE('',#891,#890);
#893=DIRECTION('',(0.E0,1.E0,0.E0));
#894=VECTOR('',#893,2.9E0);
#895=CARTESIAN_POINT('',(3.25E0,-6.73E0,-2.95E0));
#896=LINE('',#895,#894);
#897=DIRECTION('',(-1.E0,0.E0,0.E0));
#898=VECTOR('',#897,3.6E-1);
#899=CARTESIAN_POINT('',(3.25E0,-3.83E0,-2.95E0));
#900=LINE('',#899,#898);
#901=DIRECTION('',(0.E0,0.E0,1.E0));
#902=VECTOR('',#901,3.05E0);
#903=CARTESIAN_POINT('',(2.19E0,-3.83E0,-6.E0));
#904=LINE('',#903,#902);
#905=DIRECTION('',(0.E0,0.E0,-1.E0));
#906=VECTOR('',#905,3.05E0);
#907=CARTESIAN_POINT('',(2.89E0,-3.83E0,-2.95E0));
#908=LINE('',#907,#906);
#909=CARTESIAN_POINT('',(2.54E0,-3.83E0,-6.E0));
#910=DIRECTION('',(0.E0,1.E0,0.E0));
#911=DIRECTION('',(1.E0,0.E0,0.E0));
#912=AXIS2_PLACEMENT_3D('',#909,#910,#911);
#914=CARTESIAN_POINT('',(2.54E0,-3.83E0,-6.E0));
#915=DIRECTION('',(0.E0,1.E0,0.E0));
#916=DIRECTION('',(0.E0,0.E0,-1.E0));
#917=AXIS2_PLACEMENT_3D('',#914,#915,#916);
#919=DIRECTION('',(0.E0,1.E0,0.E0));
#920=VECTOR('',#919,4.E-1);
#921=CARTESIAN_POINT('',(2.89E0,-3.83E0,-6.E0));
#922=LINE('',#921,#920);
#923=DIRECTION('',(0.E0,-1.E0,0.E0));
#924=VECTOR('',#923,4.E-1);
#925=CARTESIAN_POINT('',(2.19E0,-3.43E0,-6.E0));
#926=LINE('',#925,#924);
#927=DIRECTION('',(1.E0,0.E0,0.E0));
#928=VECTOR('',#927,7.E-1);
#929=CARTESIAN_POINT('',(-2.89E0,-3.83E0,-2.95E0));
#930=LINE('',#929,#928);
#931=CARTESIAN_POINT('',(-2.54E0,-3.83E0,-6.E0));
#932=DIRECTION('',(0.E0,1.E0,0.E0));
#933=DIRECTION('',(1.E0,0.E0,0.E0));
#934=AXIS2_PLACEMENT_3D('',#931,#932,#933);
#936=CARTESIAN_POINT('',(-2.54E0,-3.83E0,-6.E0));
#937=DIRECTION('',(0.E0,1.E0,0.E0));
#938=DIRECTION('',(0.E0,0.E0,-1.E0));
#939=AXIS2_PLACEMENT_3D('',#936,#937,#938);
#941=DIRECTION('',(0.E0,1.E0,0.E0));
#942=VECTOR('',#941,4.E-1);
#943=CARTESIAN_POINT('',(-2.19E0,-3.83E0,-6.E0));
#944=LINE('',#943,#942);
#945=DIRECTION('',(0.E0,-1.E0,0.E0));
#946=VECTOR('',#945,4.E-1);
#947=CARTESIAN_POINT('',(-2.89E0,-3.43E0,-6.E0));
#948=LINE('',#947,#946);
#949=DIRECTION('',(0.E0,0.E0,-1.E0));
#950=VECTOR('',#949,3.05E0);
#951=CARTESIAN_POINT('',(-2.89E0,-3.43E0,-2.95E0));
#952=LINE('',#951,#950);
#953=CARTESIAN_POINT('',(-2.54E0,-3.43E0,-6.E0));
#954=DIRECTION('',(0.E0,-1.E0,0.E0));
#955=DIRECTION('',(-1.E0,0.E0,0.E0));
#956=AXIS2_PLACEMENT_3D('',#953,#954,#955);
#958=CARTESIAN_POINT('',(-2.54E0,-3.43E0,-6.E0));
#959=DIRECTION('',(0.E0,-1.E0,0.E0));
#960=DIRECTION('',(0.E0,0.E0,-1.E0));
#961=AXIS2_PLACEMENT_3D('',#958,#959,#960);
#963=DIRECTION('',(0.E0,0.E0,1.E0));
#964=VECTOR('',#963,3.05E0);
#965=CARTESIAN_POINT('',(-2.19E0,-3.43E0,-6.E0));
#966=LINE('',#965,#964);
#967=CARTESIAN_POINT('',(0.E0,-2.73E0,-2.95E0));
#968=DIRECTION('',(0.E0,0.E0,1.E0));
#969=DIRECTION('',(1.E0,0.E0,0.E0));
#970=AXIS2_PLACEMENT_3D('',#967,#968,#969);
#972=CARTESIAN_POINT('',(0.E0,-2.73E0,-2.55E0));
#973=DIRECTION('',(0.E0,-1.E0,0.E0));
#974=DIRECTION('',(-6.E-1,0.E0,-8.E-1));
#975=AXIS2_PLACEMENT_3D('',#972,#973,#974);
#977=CARTESIAN_POINT('',(0.E0,-2.73E0,-2.95E0));
#978=DIRECTION('',(0.E0,0.E0,1.E0));
#979=DIRECTION('',(-1.E0,0.E0,0.E0));
#980=AXIS2_PLACEMENT_3D('',#977,#978,#979);
#982=CARTESIAN_POINT('',(0.E0,-2.73E0,-2.55E0));
#983=DIRECTION('',(0.E0,1.E0,0.E0));
#984=DIRECTION('',(6.E-1,0.E0,-8.E-1));
#985=AXIS2_PLACEMENT_3D('',#982,#983,#984);
#987=CARTESIAN_POINT('',(2.75E0,-6.23E0,-2.95E0));
#988=DIRECTION('',(0.E0,0.E0,1.E0));
#989=DIRECTION('',(0.E0,1.E0,0.E0));
#990=AXIS2_PLACEMENT_3D('',#987,#988,#989);
#992=CARTESIAN_POINT('',(2.75E0,-6.23E0,-2.55E0));
#993=DIRECTION('',(1.E0,0.E0,0.E0));
#994=DIRECTION('',(0.E0,-6.E-1,-8.E-1));
#995=AXIS2_PLACEMENT_3D('',#992,#993,#994);
#997=CARTESIAN_POINT('',(2.75E0,-6.23E0,-2.95E0));
#998=DIRECTION('',(0.E0,0.E0,1.E0));
#999=DIRECTION('',(0.E0,-1.E0,0.E0));
#1000=AXIS2_PLACEMENT_3D('',#997,#998,#999);
#1002=CARTESIAN_POINT('',(2.75E0,-6.23E0,-2.55E0));
#1003=DIRECTION('',(-1.E0,0.E0,0.E0));
#1004=DIRECTION('',(0.E0,6.E-1,-8.E-1));
#1005=AXIS2_PLACEMENT_3D('',#1002,#1003,#1004);
#1007=CARTESIAN_POINT('',(-2.75E0,-6.23E0,-2.95E0));
#1008=DIRECTION('',(0.E0,0.E0,1.E0));
#1009=DIRECTION('',(0.E0,-1.E0,0.E0));
#1010=AXIS2_PLACEMENT_3D('',#1007,#1008,#1009);
#1012=CARTESIAN_POINT('',(-2.75E0,-6.23E0,-2.55E0));
#1013=DIRECTION('',(-1.E0,0.E0,0.E0));
#1014=DIRECTION('',(0.E0,6.E-1,-8.E-1));
#1015=AXIS2_PLACEMENT_3D('',#1012,#1013,#1014);
#1017=CARTESIAN_POINT('',(-2.75E0,-6.23E0,-2.55E0));
#1018=DIRECTION('',(1.E0,0.E0,0.E0));
#1019=DIRECTION('',(0.E0,-6.E-1,-8.E-1));
#1020=AXIS2_PLACEMENT_3D('',#1017,#1018,#1019);
#1022=CARTESIAN_POINT('',(-2.75E0,-6.23E0,-2.95E0));
#1023=DIRECTION('',(0.E0,0.E0,1.E0));
#1024=DIRECTION('',(0.E0,1.E0,0.E0));
#1025=AXIS2_PLACEMENT_3D('',#1022,#1023,#1024);
#1027=CARTESIAN_POINT('',(1.456021977856E0,-7.83E0,2.45E0));
#1028=CARTESIAN_POINT('',(1.459025530616E0,-7.752206972094E0,2.460933097076E0));
#1029=CARTESIAN_POINT('',(1.464959540692E0,-7.596629026897E0,2.482798151356E0));
#1030=CARTESIAN_POINT('',(1.473886093053E0,-7.363295683664E0,2.515591014177E0));
#1031=CARTESIAN_POINT('',(1.479854220514E0,-7.207762497488E0,2.537449777986E0));
#1032=CARTESIAN_POINT('',(1.482802369648E0,-7.13E0,2.548378584292E0));
#1034=CARTESIAN_POINT('',(0.E0,-7.13E0,0.E0));
#1035=DIRECTION('',(0.E0,1.E0,0.E0));
#1036=DIRECTION('',(5.029212929262E-1,0.E0,8.643322122433E-1));
#1037=AXIS2_PLACEMENT_3D('',#1034,#1035,#1036);
#1039=CARTESIAN_POINT('',(1.482802369648E0,-7.13E0,-2.548378584292E0));
#1040=CARTESIAN_POINT('',(1.479854220514E0,-7.207762497487E0,
-2.537449777986E0));
#1041=CARTESIAN_POINT('',(1.473886093053E0,-7.363295683663E0,
-2.515591014177E0));
#1042=CARTESIAN_POINT('',(1.464959540692E0,-7.596629026896E0,
-2.482798151355E0));
#1043=CARTESIAN_POINT('',(1.459025530616E0,-7.752206972093E0,
-2.460933097076E0));
#1044=CARTESIAN_POINT('',(1.456021977856E0,-7.83E0,-2.45E0));
#1046=DIRECTION('',(-1.E0,0.E0,0.E0));
#1047=VECTOR('',#1046,2.912043955712E0);
#1048=CARTESIAN_POINT('',(1.456021977856E0,-7.83E0,2.45E0));
#1049=LINE('',#1048,#1047);
#1050=DIRECTION('',(1.E0,0.E0,0.E0));
#1051=VECTOR('',#1050,2.965604739296E0);
#1052=CARTESIAN_POINT('',(-1.482802369648E0,-7.13E0,2.548378584292E0));
#1053=LINE('',#1052,#1051);
#1054=CARTESIAN_POINT('',(0.E0,-7.83E0,0.E0));
#1055=DIRECTION('',(0.E0,1.E0,0.E0));
#1056=DIRECTION('',(5.108849045109E-1,0.E0,8.596491228070E-1));
#1057=AXIS2_PLACEMENT_3D('',#1054,#1055,#1056);
#1059=DIRECTION('',(-1.E0,0.E0,0.E0));
#1060=VECTOR('',#1059,2.912043955712E0);
#1061=CARTESIAN_POINT('',(1.456021977856E0,-7.83E0,-2.45E0));
#1062=LINE('',#1061,#1060);
#1063=CARTESIAN_POINT('',(0.E0,-7.83E0,0.E0));
#1064=DIRECTION('',(0.E0,1.E0,0.E0));
#1065=DIRECTION('',(-5.108849045109E-1,0.E0,-8.596491228070E-1));
#1066=AXIS2_PLACEMENT_3D('',#1063,#1064,#1065);
#1068=DIRECTION('',(-1.E0,0.E0,0.E0));
#1069=VECTOR('',#1068,2.965604739296E0);
#1070=CARTESIAN_POINT('',(1.482802369648E0,-7.13E0,-2.548378584292E0));
#1071=LINE('',#1070,#1069);
#1072=CARTESIAN_POINT('',(-1.482802369648E0,-7.13E0,2.548378584292E0));
#1073=CARTESIAN_POINT('',(-1.479854220514E0,-7.207762497487E0,
2.537449777987E0));
#1074=CARTESIAN_POINT('',(-1.473886093053E0,-7.363295683662E0,
2.515591014178E0));
#1075=CARTESIAN_POINT('',(-1.464959540692E0,-7.596629026896E0,
2.482798151356E0));
#1076=CARTESIAN_POINT('',(-1.459025530616E0,-7.752206972093E0,
2.460933097076E0));
#1077=CARTESIAN_POINT('',(-1.456021977856E0,-7.83E0,2.45E0));
#1079=CARTESIAN_POINT('',(-1.456021977856E0,-7.83E0,-2.45E0));
#1080=CARTESIAN_POINT('',(-1.459025530616E0,-7.752206972093E0,
-2.460933097076E0));
#1081=CARTESIAN_POINT('',(-1.464959540692E0,-7.596629026895E0,
-2.482798151355E0));
#1082=CARTESIAN_POINT('',(-1.473886093053E0,-7.363295683662E0,
-2.515591014177E0));
#1083=CARTESIAN_POINT('',(-1.479854220514E0,-7.207762497487E0,
-2.537449777986E0));
#1084=CARTESIAN_POINT('',(-1.482802369648E0,-7.13E0,-2.548378584292E0));
#1086=CARTESIAN_POINT('',(0.E0,-7.13E0,0.E0));
#1087=DIRECTION('',(0.E0,1.E0,0.E0));
#1088=DIRECTION('',(-5.029212929262E-1,0.E0,-8.643322122433E-1));
#1089=AXIS2_PLACEMENT_3D('',#1086,#1087,#1088);
#1091=CARTESIAN_POINT('',(0.E0,-7.83E0,0.E0));
#1092=DIRECTION('',(0.E0,1.E0,0.E0));
#1093=DIRECTION('',(-5.425863986500E-1,0.E0,-8.4E-1));
#1094=AXIS2_PLACEMENT_3D('',#1091,#1092,#1093);
#1096=CARTESIAN_POINT('',(0.E0,-7.83E0,0.E0));
#1097=DIRECTION('',(0.E0,1.E0,0.E0));
#1098=DIRECTION('',(-1.E0,0.E0,0.E0));
#1099=AXIS2_PLACEMENT_3D('',#1096,#1097,#1098);
#1101=DIRECTION('',(8.738905384513E-7,-9.999999999996E-1,2.461494627878E-7));
#1102=VECTOR('',#1101,9.000000000004E-1);
#1103=CARTESIAN_POINT('',(-1.356465996625E0,-7.83E0,2.1E0));
#1104=LINE('',#1103,#1102);
#1105=DIRECTION('',(-8.738993854485E-7,9.999999999996E-1,2.461531472479E-7));
#1106=VECTOR('',#1105,9.000000000004E-1);
#1107=CARTESIAN_POINT('',(-1.356465210116E0,-8.73E0,-2.100000221538E0));
#1108=LINE('',#1107,#1106);
#1109=DIRECTION('',(1.E0,0.E0,0.E0));
#1110=VECTOR('',#1109,2.712931993250E0);
#1111=CARTESIAN_POINT('',(-1.356465996625E0,-7.83E0,2.1E0));
#1112=LINE('',#1111,#1110);
#1113=CARTESIAN_POINT('',(0.E0,-7.83E0,0.E0));
#1114=DIRECTION('',(0.E0,1.E0,0.E0));
#1115=DIRECTION('',(5.425863986500E-1,0.E0,8.4E-1));
#1116=AXIS2_PLACEMENT_3D('',#1113,#1114,#1115);
#1118=CARTESIAN_POINT('',(0.E0,-7.83E0,0.E0));
#1119=DIRECTION('',(0.E0,1.E0,0.E0));
#1120=DIRECTION('',(1.E0,0.E0,0.E0));
#1121=AXIS2_PLACEMENT_3D('',#1118,#1119,#1120);
#1123=DIRECTION('',(-8.738845156147E-7,-9.999999999996E-1,-2.461477668604E-7));
#1124=VECTOR('',#1123,9.000000000004E-1);
#1125=CARTESIAN_POINT('',(1.356465996625E0,-7.83E0,-2.1E0));
#1126=LINE('',#1125,#1124);
#1127=DIRECTION('',(8.738933638455E-7,9.999999999996E-1,-2.461514508271E-7));
#1128=VECTOR('',#1127,9.000000000004E-1);
#1129=CARTESIAN_POINT('',(1.356465210121E0,-8.73E0,2.100000221536E0));
#1130=LINE('',#1129,#1128);
#1131=DIRECTION('',(-1.E0,0.E0,0.E0));
#1132=VECTOR('',#1131,2.712931993250E0);
#1133=CARTESIAN_POINT('',(1.356465996625E0,-7.83E0,-2.1E0));
#1134=LINE('',#1133,#1132);
#1135=DIRECTION('',(-1.E0,0.E0,-1.785078156549E-12));
#1136=VECTOR('',#1135,2.712930420245E0);
#1137=CARTESIAN_POINT('',(1.356465210129E0,-8.73E0,-2.100000221533E0));
#1138=LINE('',#1137,#1136);
#1139=CARTESIAN_POINT('',(1.296147936942E0,-8.93E0,-1.900000059247E0));
#1140=CARTESIAN_POINT('',(1.302998907353E0,-8.907800311412E0,
-1.922199747835E0));
#1141=CARTESIAN_POINT('',(1.316594190131E0,-8.863384830988E0,
-1.966615170901E0));
#1142=CARTESIAN_POINT('',(1.336703394667E0,-8.796718231091E0,
-2.033281673426E0));
#1143=CARTESIAN_POINT('',(1.349905957840E0,-8.752243533512E0,
-2.077756688021E0));
#1144=CARTESIAN_POINT('',(1.356465210129E0,-8.73E0,-2.100000221533E0));
#1146=CARTESIAN_POINT('',(0.E0,-8.73E0,0.E0));
#1147=DIRECTION('',(0.E0,1.E0,0.E0));
#1148=DIRECTION('',(-5.425863986500E-1,0.E0,-8.4E-1));
#1149=AXIS2_PLACEMENT_3D('',#1146,#1147,#1148);
#1151=CARTESIAN_POINT('',(0.E0,-8.73E0,0.E0));
#1152=DIRECTION('',(0.E0,1.E0,0.E0));
#1153=DIRECTION('',(-1.E0,0.E0,0.E0));
#1154=AXIS2_PLACEMENT_3D('',#1151,#1152,#1153);
#1156=CARTESIAN_POINT('',(0.E0,-8.93E0,0.E0));
#1157=DIRECTION('',(0.E0,-1.E0,0.E0));
#1158=DIRECTION('',(-5.635426694269E-1,0.E0,8.260869565216E-1));
#1159=AXIS2_PLACEMENT_3D('',#1156,#1157,#1158);
#1161=CARTESIAN_POINT('',(0.E0,-8.93E0,0.E0));
#1162=DIRECTION('',(0.E0,-1.E0,0.E0));
#1163=DIRECTION('',(-1.E0,0.E0,0.E0));
#1164=AXIS2_PLACEMENT_3D('',#1161,#1162,#1163);
#1166=CARTESIAN_POINT('',(-1.296147911188E0,-8.93E0,-1.900000066580E0));
#1167=CARTESIAN_POINT('',(-1.302826468996E0,-8.908358992284E0,
-1.921641074297E0));
#1168=CARTESIAN_POINT('',(-1.316197262151E0,-8.864689244240E0,
-1.965310754228E0));
#1169=CARTESIAN_POINT('',(-1.336312691809E0,-8.798023612165E0,
-2.031976293328E0));
#1170=CARTESIAN_POINT('',(-1.349740882354E0,-8.752803332352E0,
-2.077196889186E0));
#1171=CARTESIAN_POINT('',(-1.356465210116E0,-8.73E0,-2.100000221538E0));
#1173=DIRECTION('',(1.E0,0.E0,6.595213106588E-13));
#1174=VECTOR('',#1173,2.712930420245E0);
#1175=CARTESIAN_POINT('',(-1.356465210124E0,-8.73E0,2.100000221535E0));
#1176=LINE('',#1175,#1174);
#1177=CARTESIAN_POINT('',(-1.296147936936E0,-8.93E0,1.900000059249E0));
#1178=CARTESIAN_POINT('',(-1.302998907348E0,-8.907800311410E0,
1.922199747838E0));
#1179=CARTESIAN_POINT('',(-1.316594190117E0,-8.863384830985E0,
1.966615170903E0));
#1180=CARTESIAN_POINT('',(-1.336703394654E0,-8.796718231089E0,
2.033281673428E0));
#1181=CARTESIAN_POINT('',(-1.349905957835E0,-8.752243533511E0,
2.077756688023E0));
#1182=CARTESIAN_POINT('',(-1.356465210124E0,-8.73E0,2.100000221535E0));
#1184=CARTESIAN_POINT('',(0.E0,-8.73E0,0.E0));
#1185=DIRECTION('',(0.E0,1.E0,0.E0));
#1186=DIRECTION('',(5.425863986500E-1,0.E0,8.4E-1));
#1187=AXIS2_PLACEMENT_3D('',#1184,#1185,#1186);
#1189=CARTESIAN_POINT('',(0.E0,-8.73E0,0.E0));
#1190=DIRECTION('',(0.E0,1.E0,0.E0));
#1191=DIRECTION('',(1.E0,0.E0,0.E0));
#1192=AXIS2_PLACEMENT_3D('',#1189,#1190,#1191);
#1194=CARTESIAN_POINT('',(0.E0,-8.93E0,0.E0));
#1195=DIRECTION('',(0.E0,-1.E0,0.E0));
#1196=DIRECTION('',(5.635426694269E-1,0.E0,-8.260869565216E-1));
#1197=AXIS2_PLACEMENT_3D('',#1194,#1195,#1196);
#1199=CARTESIAN_POINT('',(0.E0,-8.93E0,0.E0));
#1200=DIRECTION('',(0.E0,-1.E0,0.E0));
#1201=DIRECTION('',(1.E0,0.E0,0.E0));
#1202=AXIS2_PLACEMENT_3D('',#1199,#1200,#1201);
#1204=CARTESIAN_POINT('',(1.296147911194E0,-8.93E0,1.900000066579E0));
#1205=CARTESIAN_POINT('',(1.302826469001E0,-8.908358992284E0,1.921641074294E0));
#1206=CARTESIAN_POINT('',(1.316197262162E0,-8.864689244242E0,1.965310754226E0));
#1207=CARTESIAN_POINT('',(1.336312691820E0,-8.798023612167E0,2.031976293327E0));
#1208=CARTESIAN_POINT('',(1.349740882359E0,-8.752803332353E0,2.077196889184E0));
#1209=CARTESIAN_POINT('',(1.356465210121E0,-8.73E0,2.100000221536E0));
#1211=DIRECTION('',(2.182909980910E-7,1.E0,-8.681328275971E-8));
#1212=VECTOR('',#1211,3.650000090060E0);
#1213=CARTESIAN_POINT('',(1.296147114432E0,-1.258000009006E1,1.900000383447E0));
#1214=LINE('',#1213,#1212);
#1215=DIRECTION('',(-2.203284388200E-7,-1.E0,-4.722003377948E-8));
#1216=VECTOR('',#1215,3.650000090059E0);
#1217=CARTESIAN_POINT('',(1.296147936942E0,-8.93E0,-1.900000059247E0));
#1218=LINE('',#1217,#1216);
#1219=CARTESIAN_POINT('',(1.232882680704E0,-1.278000002043E1,1.700000249076E0));
#1220=CARTESIAN_POINT('',(1.239883673492E0,-1.275842150905E1,1.721578760457E0));
#1221=CARTESIAN_POINT('',(1.253903004187E0,-1.271483526920E1,1.765164668161E0));
#1222=CARTESIAN_POINT('',(1.275003497963E0,-1.264816989140E1,1.831829923565E0));
#1223=CARTESIAN_POINT('',(1.289090581451E0,-1.260286589801E1,1.877134575499E0));
#1224=CARTESIAN_POINT('',(1.296147114432E0,-1.258000009006E1,1.900000383447E0));
#1226=CARTESIAN_POINT('',(-2.735360007389E-7,-1.258000011276E1,
3.292069613474E-7));
#1227=DIRECTION('',(0.E0,1.E0,0.E0));
#1228=DIRECTION('',(5.635427985315E-1,0.E0,8.260868684486E-1));
#1229=AXIS2_PLACEMENT_3D('',#1226,#1227,#1228);
#1231=CARTESIAN_POINT('',(-2.735360007389E-7,-1.258000011276E1,
3.292069613474E-7));
#1232=DIRECTION('',(0.E0,1.E0,0.E0));
#1233=DIRECTION('',(1.E0,0.E0,-1.431334444327E-7));
#1234=AXIS2_PLACEMENT_3D('',#1231,#1232,#1233);
#1236=CARTESIAN_POINT('',(-2.735360007389E-7,-1.278E1,3.292069613474E-7));
#1237=DIRECTION('',(0.E0,1.E0,0.E0));
#1238=DIRECTION('',(5.870874296749E-1,0.E0,8.095235326522E-1));
#1239=AXIS2_PLACEMENT_3D('',#1236,#1237,#1238);
#1241=DIRECTION('',(-1.E0,0.E0,-7.679643309626E-8));
#1242=VECTOR('',#1241,2.465765065564E0);
#1243=CARTESIAN_POINT('',(1.232882384860E0,-1.278000002043E1,
-1.700000059714E0));
#1244=LINE('',#1243,#1242);
#1245=CARTESIAN_POINT('',(2.735360008499E-7,-1.278E1,-3.292069736469E-7));
#1246=DIRECTION('',(0.E0,1.E0,0.E0));
#1247=DIRECTION('',(-5.870874296749E-1,0.E0,-8.095235326522E-1));
#1248=AXIS2_PLACEMENT_3D('',#1245,#1246,#1247);
#1250=DIRECTION('',(1.E0,0.E0,7.679644102075E-8));
#1251=VECTOR('',#1250,2.465765065564E0);
#1252=CARTESIAN_POINT('',(-1.232882384860E0,-1.278000002043E1,
1.700000059714E0));
#1253=LINE('',#1252,#1251);
#1254=DIRECTION('',(-1.E0,0.E0,-5.857629807827E-8));
#1255=VECTOR('',#1254,2.592294247174E0);
#1256=CARTESIAN_POINT('',(1.296147132743E0,-1.258000009006E1,
-1.900000231600E0));
#1257=LINE('',#1256,#1255);
#1258=CARTESIAN_POINT('',(1.232882384860E0,-1.278000002043E1,
-1.700000059714E0));
#1259=CARTESIAN_POINT('',(1.240083403210E0,-1.275780498603E1,
-1.722195094121E0));
#1260=CARTESIAN_POINT('',(1.254361850785E0,-1.271339540112E1,
-1.766604604365E0));
#1261=CARTESIAN_POINT('',(1.275454340266E0,-1.264672877633E1,
-1.833271084252E0));
#1262=CARTESIAN_POINT('',(1.289281320088E0,-1.260224789522E1,
-1.877752426440E0));
#1263=CARTESIAN_POINT('',(1.296147132743E0,-1.258000009006E1,
-1.900000231600E0));
#1265=DIRECTION('',(-1.E0,0.E0,-2.828835238088E-9));
#1266=VECTOR('',#1265,2.592295848130E0);
#1267=CARTESIAN_POINT('',(1.296147936942E0,-8.93E0,-1.900000059247E0));
#1268=LINE('',#1267,#1266);
#1269=DIRECTION('',(-2.182895569303E-7,1.E0,8.681286093581E-8));
#1270=VECTOR('',#1269,3.650000090060E0);
#1271=CARTESIAN_POINT('',(-1.296147114431E0,-1.258000009006E1,
-1.900000383447E0));
#1272=LINE('',#1271,#1270);
#1273=DIRECTION('',(2.203269565354E-7,-1.E0,4.721959832873E-8));
#1274=VECTOR('',#1273,3.650000090059E0);
#1275=CARTESIAN_POINT('',(-1.296147936936E0,-8.93E0,1.900000059249E0));
#1276=LINE('',#1275,#1274);
#1277=CARTESIAN_POINT('',(-1.232882680704E0,-1.278000002043E1,
-1.700000249076E0));
#1278=CARTESIAN_POINT('',(-1.239883673492E0,-1.275842150905E1,
-1.721578760456E0));
#1279=CARTESIAN_POINT('',(-1.253903004187E0,-1.271483526920E1,
-1.765164668161E0));
#1280=CARTESIAN_POINT('',(-1.275003497963E0,-1.264816989140E1,
-1.831829923565E0));
#1281=CARTESIAN_POINT('',(-1.289090581451E0,-1.260286589801E1,
-1.877134575499E0));
#1282=CARTESIAN_POINT('',(-1.296147114431E0,-1.258000009006E1,
-1.900000383447E0));
#1284=CARTESIAN_POINT('',(2.735360008499E-7,-1.258000011276E1,
-3.292069736469E-7));
#1285=DIRECTION('',(0.E0,1.E0,0.E0));
#1286=DIRECTION('',(-5.635427985315E-1,0.E0,-8.260868684486E-1));
#1287=AXIS2_PLACEMENT_3D('',#1284,#1285,#1286);
#1289=CARTESIAN_POINT('',(2.735360008499E-7,-1.258000011276E1,
-3.292069736469E-7));
#1290=DIRECTION('',(0.E0,1.E0,0.E0));
#1291=DIRECTION('',(-1.E0,0.E0,1.431334481264E-7));
#1292=AXIS2_PLACEMENT_3D('',#1289,#1290,#1291);
#1294=CARTESIAN_POINT('',(-1.232882384860E0,-1.278000002043E1,
1.700000059714E0));
#1295=CARTESIAN_POINT('',(-1.240083403210E0,-1.275780498603E1,
1.722195094121E0));
#1296=CARTESIAN_POINT('',(-1.254361850785E0,-1.271339540112E1,
1.766604604367E0));
#1297=CARTESIAN_POINT('',(-1.275454340267E0,-1.264672877632E1,
1.833271084254E0));
#1298=CARTESIAN_POINT('',(-1.289281320088E0,-1.260224789522E1,
1.877752426441E0));
#1299=CARTESIAN_POINT('',(-1.296147132743E0,-1.258000009006E1,
1.900000231600E0));
#1301=DIRECTION('',(1.E0,0.E0,5.857629216803E-8));
#1302=VECTOR('',#1301,2.592294247174E0);
#1303=CARTESIAN_POINT('',(-1.296147132743E0,-1.258000009006E1,
1.900000231600E0));
#1304=LINE('',#1303,#1302);
#1305=DIRECTION('',(1.E0,0.E0,2.827622269417E-9));
#1306=VECTOR('',#1305,2.592295848130E0);
#1307=CARTESIAN_POINT('',(-1.296147936936E0,-8.93E0,1.900000059249E0));
#1308=LINE('',#1307,#1306);
#1309=DIRECTION('',(-2.616864640912E-1,9.651529384048E-1,0.E0));
#1310=VECTOR('',#1309,6.328952819156E0);
#1311=CARTESIAN_POINT('',(2.718913900303E0,-1.659980298675E1,0.E0));
#1312=LINE('',#1311,#1310);
#1313=CARTESIAN_POINT('',(2.312871550338E-1,-1.066812051351E1,0.E0));
#1314=DIRECTION('',(-2.079116908178E-1,9.781476007338E-1,0.E0));
#1315=DIRECTION('',(9.781476007338E-1,2.079116908178E-1,0.E0));
#1316=AXIS2_PLACEMENT_3D('',#1313,#1314,#1315);
#1318=DIRECTION('',(-1.535005856247E-1,9.881485567529E-1,0.E0));
#1319=VECTOR('',#1318,6.328952819156E0);
#1320=CARTESIAN_POINT('',(3.713596585416E-1,-1.709879104471E1,0.E0));
#1321=LINE('',#1320,#1319);
#1322=CARTESIAN_POINT('',(2.312871550338E-1,-1.066812051351E1,0.E0));
#1323=DIRECTION('',(-2.079116908178E-1,9.781476007338E-1,0.E0));
#1324=DIRECTION('',(-9.781476007338E-1,-2.079116908178E-1,0.E0));
#1325=AXIS2_PLACEMENT_3D('',#1322,#1323,#1324);
#1327=CARTESIAN_POINT('',(1.558955296821E0,-1.691430802875E1,0.E0));
#1328=DIRECTION('',(0.E0,0.E0,-1.E0));
#1329=DIRECTION('',(2.079116908178E-1,-9.781476007338E-1,0.E0));
#1330=AXIS2_PLACEMENT_3D('',#1327,#1328,#1329);
#1332=CARTESIAN_POINT('',(1.545136779423E0,-1.684929701573E1,0.E0));
#1333=DIRECTION('',(-2.079116908178E-1,9.781476007338E-1,0.E0));
#1334=DIRECTION('',(-9.781476007338E-1,-2.079116908178E-1,0.E0));
#1335=AXIS2_PLACEMENT_3D('',#1332,#1333,#1334);
#1337=CARTESIAN_POINT('',(1.558955296821E0,-1.691430802875E1,0.E0));
#1338=DIRECTION('',(0.E0,0.E0,1.E0));
#1339=DIRECTION('',(2.079116908178E-1,-9.781476007338E-1,0.E0));
#1340=AXIS2_PLACEMENT_3D('',#1337,#1338,#1339);
#1342=CARTESIAN_POINT('',(1.545136779423E0,-1.684929701573E1,0.E0));
#1343=DIRECTION('',(-2.079116908178E-1,9.781476007338E-1,0.E0));
#1344=DIRECTION('',(9.781476007338E-1,2.079116908178E-1,0.E0));
#1345=AXIS2_PLACEMENT_3D('',#1342,#1343,#1344);
#1347=DIRECTION('',(0.E0,0.E0,-1.E0));
#1348=VECTOR('',#1347,4.171247252614E0);
#1349=CARTESIAN_POINT('',(-3.635623626307E0,-6.73E0,2.085623626307E0));
#1350=LINE('',#1349,#1348);
#1351=DIRECTION('',(-3.869614014830E-6,-8.345442422267E-8,9.999999999925E-1));
#1352=VECTOR('',#1351,4.191238687908E0);
#1353=CARTESIAN_POINT('',(-3.935559934796E0,-6.435235245763E0,
-2.095619343854E0));
#1354=LINE('',#1353,#1352);
#1355=CARTESIAN_POINT('',(-3.935576153272E0,-6.435235595541E0,
2.095619344022E0));
#1356=CARTESIAN_POINT('',(-3.935275120431E0,-6.452481866881E0,
2.095605827628E0));
#1357=CARTESIAN_POINT('',(-3.931693740730E0,-6.486968657135E0,
2.095488062226E0));
#1358=CARTESIAN_POINT('',(-3.917446185477E0,-6.537157325986E0,
2.095003714960E0));
#1359=CARTESIAN_POINT('',(-3.894714056458E0,-6.584214018065E0,
2.094268503963E0));
#1360=CARTESIAN_POINT('',(-3.864149465092E0,-6.626686232004E0,
2.093250727596E0));
#1361=CARTESIAN_POINT('',(-3.826776959748E0,-6.663160698423E0,
2.091999020255E0));
#1362=CARTESIAN_POINT('',(-3.783828224518E0,-6.692552577369E0,
2.090579704366E0));
#1363=CARTESIAN_POINT('',(-3.736617547728E0,-6.714058672304E0,
2.088852973413E0));
#1364=CARTESIAN_POINT('',(-3.686756264448E0,-6.727094073045E0,
2.087633758223E0));
#1365=CARTESIAN_POINT('',(-3.652642105502E0,-6.73E0,2.086329480868E0));
#1366=CARTESIAN_POINT('',(-3.635623626307E0,-6.73E0,2.085623626307E0));
#1368=CARTESIAN_POINT('',(-3.645619343854E0,-6.435235245763E0,
2.385559934819E0));
#1369=CARTESIAN_POINT('',(-3.645518997859E0,-6.444607879513E0,
2.385396335945E0));
#1370=CARTESIAN_POINT('',(-3.645309849867E0,-6.466120120113E0,
2.384033101220E0));
#1371=CARTESIAN_POINT('',(-3.645589956427E0,-6.503320913667E0,
2.377832012544E0));
#1372=CARTESIAN_POINT('',(-3.644556615714E0,-6.552852740664E0,
2.360638923754E0));
#1373=CARTESIAN_POINT('',(-3.644262286365E0,-6.587063067752E0,
2.342296759627E0));
#1374=CARTESIAN_POINT('',(-3.643181800066E0,-6.626253784379E0,
2.314442277396E0));
#1375=CARTESIAN_POINT('',(-3.641978738526E0,-6.662395972645E0,
2.277717825453E0));
#1376=CARTESIAN_POINT('',(-3.640731137194E0,-6.692173314192E0,
2.234475949885E0));
#1377=CARTESIAN_POINT('',(-3.638859113629E0,-6.713511014753E0,
2.188078601516E0));
#1378=CARTESIAN_POINT('',(-3.637661036755E0,-6.726965283885E0,
2.137797118690E0));
#1379=CARTESIAN_POINT('',(-3.636336253805E0,-6.73E0,2.103067411685E0));
#1380=CARTESIAN_POINT('',(-3.635623626307E0,-6.73E0,2.085623626307E0));
#1382=CARTESIAN_POINT('',(-4.049999998654E0,1.199999497471E-1,
2.210019322429E0));
#1383=CARTESIAN_POINT('',(-4.049998350352E0,1.198687144974E-1,
2.226891447737E0));
#1384=CARTESIAN_POINT('',(-4.047035158005E0,1.196183013710E-1,
2.260655175964E0));
#1385=CARTESIAN_POINT('',(-4.033934846195E0,1.192429896316E-1,
2.309588054008E0));
#1386=CARTESIAN_POINT('',(-4.012402292547E0,1.190702271578E-1,
2.355796490582E0));
#1387=CARTESIAN_POINT('',(-3.983241575607E0,1.189434392121E-1,
2.397397923024E0));
#1388=CARTESIAN_POINT('',(-3.947397361514E0,1.189434356362E-1,
2.433242407180E0));
#1389=CARTESIAN_POINT('',(-3.905791766344E0,1.190702482326E-1,
2.462404953015E0));
#1390=CARTESIAN_POINT('',(-3.859588321449E0,1.192429845404E-1,
2.483934455576E0));
#1391=CARTESIAN_POINT('',(-3.810656118864E0,1.196183135186E-1,
2.497035046307E0));
#1392=CARTESIAN_POINT('',(-3.776892027829E0,1.198686614145E-1,
2.499998349464E0));
#1393=CARTESIAN_POINT('',(-3.760019323159E0,1.199999955724E-1,
2.499999999454E0));
#1395=CARTESIAN_POINT('',(-3.645622104296E0,-6.430174464643E0,
2.095622104296E0));
#1396=DIRECTION('',(1.744974916068E-2,-9.996954598819E-1,-1.744974916068E-2));
#1397=DIRECTION('',(3.806568619241E-5,-1.745174218799E-2,9.998477060261E-1));
#1398=AXIS2_PLACEMENT_3D('',#1395,#1396,#1397);
#1400=DIRECTION('',(-1.196197793483E-5,-9.999999999285E-1,-4.756953461545E-10));
#1401=VECTOR('',#1400,9.999816165231E-1);
#1402=CARTESIAN_POINT('',(-3.760007361401E0,1.119981612024E0,2.499999999930E0));
#1403=LINE('',#1402,#1401);
#1404=DIRECTION('',(-1.293089126633E-9,9.999999999048E-1,-1.380137764309E-5));
#1405=VECTOR('',#1404,1.000000049993E0);
#1406=CARTESIAN_POINT('',(-4.049999998654E0,1.199999497471E-1,
2.210019322429E0));
#1407=LINE('',#1406,#1405);
#1408=CARTESIAN_POINT('',(-3.76E0,1.12E0,2.21E0));
#1409=DIRECTION('',(-5.653937775242E-14,-1.E0,1.675288260607E-12));
#1410=DIRECTION('',(-3.807621010980E-5,1.675288260608E-12,9.999999992751E-1));
#1411=AXIS2_PLACEMENT_3D('',#1408,#1409,#1410);
#1413=CARTESIAN_POINT('',(-3.75E0,1.12E0,2.21E0));
#1414=DIRECTION('',(4.165250519973E-13,-1.675288260607E-12,-1.E0));
#1415=DIRECTION('',(-1.E0,-2.363849856596E-9,-4.159635598926E-13));
#1416=AXIS2_PLACEMENT_3D('',#1413,#1414,#1415);
#1418=CARTESIAN_POINT('',(-3.742928931513E0,1.127071067138E0,2.21E0));
#1419=DIRECTION('',(7.071067137715E-1,-7.071068486016E-1,1.479135463178E-12));
#1420=DIRECTION('',(7.071068484283E-1,7.071067135983E-1,-2.213774183893E-5));
#1421=AXIS2_PLACEMENT_3D('',#1418,#1419,#1420);
#1423=DIRECTION('',(-1.E0,5.176033327920E-14,0.E0));
#1424=VECTOR('',#1423,1.767422491962E0);
#1425=CARTESIAN_POINT('',(3.635623626307E0,-6.73E0,2.085623626307E0));
#1426=LINE('',#1425,#1424);
#1427=CARTESIAN_POINT('',(1.868201134345E0,-6.73E0,2.085623626307E0));
#1428=CARTESIAN_POINT('',(1.827166605024E0,-6.729999661177E0,2.104006381448E0));
#1429=CARTESIAN_POINT('',(1.740788315593E0,-6.726616835712E0,2.140492012380E0));
#1430=CARTESIAN_POINT('',(1.599297670781E0,-6.711864654904E0,2.193146697607E0));
#1431=CARTESIAN_POINT('',(1.495962791150E0,-6.695455499775E0,2.226664822074E0));
#1432=CARTESIAN_POINT('',(1.442219809181E0,-6.685522706632E0,2.242811877762E0));
#1434=DIRECTION('',(-1.E0,0.E0,0.E0));
#1435=VECTOR('',#1434,2.884441307461E0);
#1436=CARTESIAN_POINT('',(1.442219809181E0,-6.685522706632E0,2.242811877762E0));
#1437=LINE('',#1436,#1435);
#1438=CARTESIAN_POINT('',(-1.442221498279E0,-6.685522706632E0,
2.242811877762E0));
#1439=CARTESIAN_POINT('',(-1.496103566262E0,-6.695481561617E0,
2.226623383366E0));
#1440=CARTESIAN_POINT('',(-1.599621887310E0,-6.711911364398E0,
2.193035372086E0));
#1441=CARTESIAN_POINT('',(-1.741132032472E0,-6.726640014739E0,
2.140352971271E0));
#1442=CARTESIAN_POINT('',(-1.827309831525E0,-6.730000097121E0,
2.103941040596E0));
#1443=CARTESIAN_POINT('',(-1.868198136741E0,-6.73E0,2.085623626307E0));
#1445=DIRECTION('',(-1.E0,-5.276529880273E-14,0.E0));
#1446=VECTOR('',#1445,1.767425489566E0);
#1447=CARTESIAN_POINT('',(-1.868198136741E0,-6.73E0,2.085623626307E0));
#1448=LINE('',#1447,#1446);
#1449=DIRECTION('',(9.999999999975E-1,-4.797223019092E-8,2.224375783424E-6));
#1450=VECTOR('',#1449,7.291238687894E0);
#1451=CARTESIAN_POINT('',(-3.645619343854E0,-6.435235245763E0,
2.385559934819E0));
#1452=LINE('',#1451,#1450);
#1453=CARTESIAN_POINT('',(3.645619344022E0,-6.435235595540E0,2.385576153274E0));
#1454=CARTESIAN_POINT('',(3.645605827617E0,-6.452481866875E0,2.385275120433E0));
#1455=CARTESIAN_POINT('',(3.645488062203E0,-6.486968657110E0,2.381693740732E0));
#1456=CARTESIAN_POINT('',(3.645003714945E0,-6.537157325915E0,2.367446185501E0));
#1457=CARTESIAN_POINT('',(3.644268504001E0,-6.584214017959E0,2.344714056521E0));
#1458=CARTESIAN_POINT('',(3.643250727615E0,-6.626686231920E0,2.314149465164E0));
#1459=CARTESIAN_POINT('',(3.641999020215E0,-6.663160698331E0,2.276776959856E0));
#1460=CARTESIAN_POINT('',(3.640579704369E0,-6.692552577275E0,2.233828224679E0));
#1461=CARTESIAN_POINT('',(3.638852973474E0,-6.714058672230E0,2.186617547938E0));
#1462=CARTESIAN_POINT('',(3.637633758163E0,-6.727094073027E0,2.136756264591E0));
#1463=CARTESIAN_POINT('',(3.636329480842E0,-6.73E0,2.102642105557E0));
#1464=CARTESIAN_POINT('',(3.635623626307E0,-6.73E0,2.085623626307E0));
#1466=CARTESIAN_POINT('',(3.935559934842E0,-6.435235245764E0,2.095619343854E0));
#1467=CARTESIAN_POINT('',(3.935396335967E0,-6.444607879553E0,2.095518997981E0));
#1468=CARTESIAN_POINT('',(3.934033101187E0,-6.466120120332E0,2.095309850183E0));
#1469=CARTESIAN_POINT('',(3.927832012452E0,-6.503320914274E0,2.095589956004E0));
#1470=CARTESIAN_POINT('',(3.910638923068E0,-6.552852742221E0,2.094556616140E0));
#1471=CARTESIAN_POINT('',(3.892296759116E0,-6.587063068567E0,2.094262286223E0));
#1472=CARTESIAN_POINT('',(3.864442276334E0,-6.626253785692E0,2.093181799959E0));
#1473=CARTESIAN_POINT('',(3.827717823825E0,-6.662395974001E0,2.091978738573E0));
#1474=CARTESIAN_POINT('',(3.784475948055E0,-6.692173315222E0,2.090731137058E0));
#1475=CARTESIAN_POINT('',(3.738078599792E0,-6.713511015349E0,2.088859113637E0));
#1476=CARTESIAN_POINT('',(3.687797117532E0,-6.726965284037E0,2.087661036664E0));
#1477=CARTESIAN_POINT('',(3.653067411252E0,-6.73E0,2.086336253770E0));
#1478=CARTESIAN_POINT('',(3.635623626307E0,-6.73E0,2.085623626307E0));
#1480=CARTESIAN_POINT('',(3.645622104296E0,-6.430174464643E0,2.095622104296E0));
#1481=DIRECTION('',(-1.744974916068E-2,-9.996954598819E-1,-1.744974916068E-2));
#1482=DIRECTION('',(9.998477060261E-1,-1.745174218797E-2,-3.806568728578E-5));
#1483=AXIS2_PLACEMENT_3D('',#1480,#1481,#1482);
#1485=DIRECTION('',(-1.196124758147E-5,9.999999999285E-1,1.275464923318E-9));
#1486=VECTOR('',#1485,9.999816591200E-1);
#1487=CARTESIAN_POINT('',(3.760019322429E0,1.199999497487E-1,2.499999998654E0));
#1488=LINE('',#1487,#1486);
#1489=DIRECTION('',(-4.929940901412E-10,-9.999999999048E-1,1.380210842513E-5));
#1490=VECTOR('',#1489,9.999999997047E-1);
#1491=CARTESIAN_POINT('',(4.049999999947E0,1.119999995183E0,2.210005521050E0));
#1492=LINE('',#1491,#1490);
#1493=CARTESIAN_POINT('',(4.049999999454E0,1.199999955739E-1,2.210019323159E0));
#1494=CARTESIAN_POINT('',(4.049999356883E0,1.198662005015E-1,2.226895239968E0));
#1495=CARTESIAN_POINT('',(4.047036463263E0,1.196198812876E-1,2.260629142096E0));
#1496=CARTESIAN_POINT('',(4.033947579867E0,1.192426884097E-1,2.309553364506E0));
#1497=CARTESIAN_POINT('',(4.012429370799E0,1.190707837192E-1,2.355747437078E0));
#1498=CARTESIAN_POINT('',(3.983278158033E0,1.189433950471E-1,2.397354656115E0));
#1499=CARTESIAN_POINT('',(3.947441147472E0,1.189433106809E-1,2.433205934151E0));
#1500=CARTESIAN_POINT('',(3.905836351317E0,1.190703647771E-1,2.462379133728E0));
#1501=CARTESIAN_POINT('',(3.859628610604E0,1.192424054498E-1,2.483921962587E0));
#1502=CARTESIAN_POINT('',(3.810675031541E0,1.196193673055E-1,2.497030648256E0));
#1503=CARTESIAN_POINT('',(3.776911765919E0,1.198659367399E-1,2.499999355454E0));
#1504=CARTESIAN_POINT('',(3.760019322429E0,1.199999497487E-1,2.499999998654E0));
#1506=DIRECTION('',(-2.725176139158E-8,-2.210900244816E-7,1.E0));
#1507=VECTOR('',#1506,2.001932315878E-2);
#1508=CARTESIAN_POINT('',(4.05E0,1.2E-1,2.19E0));
#1509=LINE('',#1508,#1507);
#1510=DIRECTION('',(3.991315143995E-9,-1.E0,0.E0));
#1511=VECTOR('',#1510,7.001667969818E-1);
#1512=CARTESIAN_POINT('',(3.76E0,1.12E0,1.9E0));
#1513=LINE('',#1512,#1511);
#1514=CARTESIAN_POINT('',(3.760000002795E0,4.198332030182E-1,1.9E0));
#1515=CARTESIAN_POINT('',(3.767188347899E0,4.195934580850E-1,1.9E0));
#1516=CARTESIAN_POINT('',(3.781621631415E0,4.185928707313E-1,1.900536305867E0));
#1517=CARTESIAN_POINT('',(3.803239965772E0,4.155109086841E-1,1.902963461998E0));
#1518=CARTESIAN_POINT('',(3.824936366389E0,4.107777138978E-1,1.907072000035E0));
#1519=CARTESIAN_POINT('',(3.846628824425E0,4.043202947223E-1,1.912929935617E0));
#1520=CARTESIAN_POINT('',(3.868362055377E0,3.959998065297E-1,1.920668075190E0));
#1521=CARTESIAN_POINT('',(3.889989821167E0,3.857073967892E-1,1.930392476053E0));
#1522=CARTESIAN_POINT('',(3.911453559721E0,3.732692583214E-1,1.942271388771E0));
#1523=CARTESIAN_POINT('',(3.932560081635E0,3.585391639881E-1,1.956448323081E0));
#1524=CARTESIAN_POINT('',(3.953081852592E0,3.413729104812E-1,1.973064642150E0));
#1525=CARTESIAN_POINT('',(3.972732501326E0,3.216394214993E-1,1.992248863095E0));
#1526=CARTESIAN_POINT('',(3.991113695658E0,2.993140996145E-1,2.014024865160E0));
#1527=CARTESIAN_POINT('',(4.007838499362E0,2.743704496784E-1,2.038416859363E0));
#1528=CARTESIAN_POINT('',(4.022415054858E0,2.469666767087E-1,2.065266780565E0));
#1529=CARTESIAN_POINT('',(4.034373860977E0,2.173626614109E-1,2.094314575761E0));
#1530=CARTESIAN_POINT('',(4.043279413511E0,1.859434959755E-1,2.125175246467E0));
#1531=CARTESIAN_POINT('',(4.048760400468E0,1.532986590680E-1,2.157261032834E0));
#1532=CARTESIAN_POINT('',(4.05E0,1.311577313439E-1,2.179029806909E0));
#1533=CARTESIAN_POINT('',(4.05E0,1.2E-1,2.19E0));
#1535=DIRECTION('',(0.E0,1.E0,1.389999227009E-13));
#1536=VECTOR('',#1535,9.999999998720E-1);
#1537=CARTESIAN_POINT('',(4.05E0,1.2E-1,2.19E0));
#1538=LINE('',#1537,#1536);
#1539=DIRECTION('',(-1.745002206563E-2,-9.996955138819E-1,1.744638227127E-2));
#1540=VECTOR('',#1539,6.557232131445E0);
#1541=CARTESIAN_POINT('',(4.049999998654E0,1.199999497471E-1,
-2.210019322429E0));
#1542=LINE('',#1541,#1540);
#1543=DIRECTION('',(1.745249560814E-2,9.996954706989E-1,1.744638246358E-2));
#1544=VECTOR('',#1543,6.557232110650E0);
#1545=CARTESIAN_POINT('',(3.935559934842E0,-6.435235245764E0,2.095619343854E0));
#1546=LINE('',#1545,#1544);
#1547=DIRECTION('',(6.722380598695E-8,2.510218772954E-6,9.999999999968E-1));
#1548=VECTOR('',#1547,2.001932242899E-2);
#1549=CARTESIAN_POINT('',(4.049999998654E0,1.199999497471E-1,
-2.210019322429E0));
#1550=LINE('',#1549,#1548);
#1551=DIRECTION('',(9.415504031287E-8,9.439901523565E-8,-1.E0));
#1552=VECTOR('',#1551,1.999334942E-2);
#1553=CARTESIAN_POINT('',(3.537867965408E0,1.332132034090E0,-2.190003468116E0));
#1554=LINE('',#1553,#1552);
#1555=DIRECTION('',(2.625973951694E-9,-2.343747569943E-7,1.E0));
#1556=VECTOR('',#1555,2.000552105040E-2);
#1557=CARTESIAN_POINT('',(4.049999999947E0,1.119999999872E0,-2.210005521050E0));
#1558=LINE('',#1557,#1556);
#1559=CARTESIAN_POINT('',(3.742928932188E0,1.127071067812E0,-2.19E0));
#1560=DIRECTION('',(-7.071067811850E-1,-7.071067811881E-1,1.622609344370E-12));
#1561=DIRECTION('',(2.646159153866E-12,-3.514430126228E-13,1.E0));
#1562=AXIS2_PLACEMENT_3D('',#1559,#1560,#1561);
#1564=CARTESIAN_POINT('',(3.75E0,1.12E0,-2.19E0));
#1565=DIRECTION('',(-1.477745129329E-12,-8.169710119138E-13,-1.E0));
#1566=DIRECTION('',(-7.071067828588E-1,7.071067795143E-1,4.677739677087E-13));
#1567=AXIS2_PLACEMENT_3D('',#1564,#1565,#1566);
#1569=CARTESIAN_POINT('',(3.76E0,1.119999999047E0,-2.19E0));
#1570=DIRECTION('',(-9.533971534470E-8,-1.E0,8.169711528016E-13));
#1571=DIRECTION('',(1.E0,-9.533971543279E-8,-3.154564732039E-13));
#1572=AXIS2_PLACEMENT_3D('',#1569,#1570,#1571);
#1574=DIRECTION('',(1.243449793569E-14,-1.E0,8.482103948990E-14));
#1575=VECTOR('',#1574,9.999999951835E-1);
#1576=CARTESIAN_POINT('',(4.05E0,1.119999995184E0,-2.19E0));
#1577=LINE('',#1576,#1575);
#1578=DIRECTION('',(7.294014217092E-14,1.E0,0.E0));
#1579=VECTOR('',#1578,7.001667067373E-1);
#1580=CARTESIAN_POINT('',(3.76E0,4.198332870113E-1,-1.9E0));
#1581=LINE('',#1580,#1579);
#1582=DIRECTION('',(-7.071068458387E-1,-7.071067165231E-1,3.999238577509E-6));
#1583=VECTOR('',#1582,1.319494226722E0);
#1584=CARTESIAN_POINT('',(3.537867967290E0,1.332132035978E0,-2.209996817536E0));
#1585=LINE('',#1584,#1583);
#1586=CARTESIAN_POINT('',(2.426019196680E0,1.2E-1,-2.4E0));
#1587=CARTESIAN_POINT('',(2.470640008656E0,1.2E-1,-2.436382244564E0));
#1588=CARTESIAN_POINT('',(2.569062422464E0,1.2E-1,-2.483358807345E0));
#1589=CARTESIAN_POINT('',(2.678284566911E0,1.2E-1,-2.5E0));
#1590=CARTESIAN_POINT('',(2.735857864376E0,1.2E-1,-2.5E0));
#1592=DIRECTION('',(-7.071067811866E-1,-7.071067811865E-1,0.E0));
#1593=VECTOR('',#1592,1.424213565927E0);
#1594=CARTESIAN_POINT('',(3.742928934701E0,1.127071070325E0,-2.5E0));
#1595=LINE('',#1594,#1593);
#1596=DIRECTION('',(1.E0,-4.323100764264E-9,5.330168639517E-10));
#1597=VECTOR('',#1596,1.024161458783E0);
#1598=CARTESIAN_POINT('',(2.735857864376E0,1.2E-1,-2.5E0));
#1599=LINE('',#1598,#1597);
#1600=CARTESIAN_POINT('',(3.760007361401E0,1.119981612024E0,-2.499999999930E0));
#1601=CARTESIAN_POINT('',(3.760007361401E0,1.121394547395E0,-2.499999999930E0));
#1602=CARTESIAN_POINT('',(3.759465096042E0,1.123920525377E0,-2.500000000033E0));
#1603=CARTESIAN_POINT('',(3.757238768445E0,1.127278608587E0,-2.499999999991E0));
#1604=CARTESIAN_POINT('',(3.753923916417E0,1.129471866896E0,-2.500000000002E0));
#1605=CARTESIAN_POINT('',(3.750029154721E0,1.130263987749E0,-2.499999999999E0));
#1606=CARTESIAN_POINT('',(3.746080619312E0,1.129470824112E0,-2.5E0));
#1607=CARTESIAN_POINT('',(3.743908649652E0,1.128050785276E0,-2.5E0));
#1608=CARTESIAN_POINT('',(3.742928934701E0,1.127071070325E0,-2.5E0));
#1610=DIRECTION('',(1.196197790641E-5,-9.999999999285E-1,4.758272430745E-10));
#1611=VECTOR('',#1610,9.999816165231E-1);
#1612=CARTESIAN_POINT('',(3.760007361401E0,1.119981612024E0,-2.499999999930E0));
#1613=LINE('',#1612,#1611);
#1614=DIRECTION('',(1.293228570344E-9,9.999999999048E-1,1.380137775009E-5));
#1615=VECTOR('',#1614,1.000000050220E0);
#1616=CARTESIAN_POINT('',(4.049999998654E0,1.199999497471E-1,
-2.210019322429E0));
#1617=LINE('',#1616,#1615);
#1618=CARTESIAN_POINT('',(4.049999998654E0,1.199999497471E-1,
-2.210019322429E0));
#1619=CARTESIAN_POINT('',(4.049998350352E0,1.198687144974E-1,
-2.226891447737E0));
#1620=CARTESIAN_POINT('',(4.047035158004E0,1.196183013711E-1,
-2.260655175963E0));
#1621=CARTESIAN_POINT('',(4.033934846195E0,1.192429896317E-1,
-2.309588054007E0));
#1622=CARTESIAN_POINT('',(4.012402292547E0,1.190702271578E-1,
-2.355796490580E0));
#1623=CARTESIAN_POINT('',(3.983241575607E0,1.189434392121E-1,
-2.397397923022E0));
#1624=CARTESIAN_POINT('',(3.947397361515E0,1.189434356362E-1,
-2.433242407178E0));
#1625=CARTESIAN_POINT('',(3.905791766345E0,1.190702482326E-1,
-2.462404953014E0));
#1626=CARTESIAN_POINT('',(3.859588321449E0,1.192429845405E-1,
-2.483934455576E0));
#1627=CARTESIAN_POINT('',(3.810656118864E0,1.196183135186E-1,
-2.497035046307E0));
#1628=CARTESIAN_POINT('',(3.776892027829E0,1.198686614145E-1,
-2.499998349464E0));
#1629=CARTESIAN_POINT('',(3.760019323159E0,1.199999955724E-1,
-2.499999999454E0));
#1631=CARTESIAN_POINT('',(3.645622104295E0,-6.430174464643E0,
-2.095622104295E0));
#1632=DIRECTION('',(-1.744974916068E-2,-9.996954598819E-1,1.744974916068E-2));
#1633=DIRECTION('',(-3.806568427363E-5,-1.745174218802E-2,-9.998477060261E-1));
#1634=AXIS2_PLACEMENT_3D('',#1631,#1632,#1633);
#1636=CARTESIAN_POINT('',(3.645619343854E0,-6.435235245763E0,
-2.385559934805E0));
#1637=CARTESIAN_POINT('',(3.645518997783E0,-6.444607879487E0,
-2.385396335932E0));
#1638=CARTESIAN_POINT('',(3.645309849673E0,-6.466120119974E0,
-2.384033101242E0));
#1639=CARTESIAN_POINT('',(3.645589956688E0,-6.503320913286E0,
-2.377832012603E0));
#1640=CARTESIAN_POINT('',(3.644556615450E0,-6.552852739689E0,
-2.360638924184E0));
#1641=CARTESIAN_POINT('',(3.644262286452E0,-6.587063067240E0,
-2.342296759948E0));
#1642=CARTESIAN_POINT('',(3.643181800131E0,-6.626253783558E0,
-2.314442278061E0));
#1643=CARTESIAN_POINT('',(3.641978738496E0,-6.662395971800E0,
-2.277717826469E0));
#1644=CARTESIAN_POINT('',(3.640731137278E0,-6.692173313550E0,
-2.234475951026E0));
#1645=CARTESIAN_POINT('',(3.638859113624E0,-6.713511014382E0,
-2.188078602589E0));
#1646=CARTESIAN_POINT('',(3.637661036811E0,-6.726965283790E0,
-2.137797119409E0));
#1647=CARTESIAN_POINT('',(3.636336253826E0,-6.73E0,-2.103067411954E0));
#1648=CARTESIAN_POINT('',(3.635623626307E0,-6.73E0,-2.085623626307E0));
#1650=DIRECTION('',(0.E0,0.E0,1.E0));
#1651=VECTOR('',#1650,4.171247252614E0);
#1652=CARTESIAN_POINT('',(3.635623626307E0,-6.73E0,-2.085623626307E0));
#1653=LINE('',#1652,#1651);
#1654=DIRECTION('',(3.869602873498E-6,-8.345420150200E-8,-9.999999999925E-1));
#1655=VECTOR('',#1654,4.191238687908E0);
#1656=CARTESIAN_POINT('',(3.935559934842E0,-6.435235245764E0,2.095619343854E0));
#1657=LINE('',#1656,#1655);
#1658=CARTESIAN_POINT('',(3.935576153271E0,-6.435235595541E0,
-2.095619344022E0));
#1659=CARTESIAN_POINT('',(3.935275120430E0,-6.452481866886E0,
-2.095605827635E0));
#1660=CARTESIAN_POINT('',(3.931693740729E0,-6.486968657151E0,
-2.095488062240E0));
#1661=CARTESIAN_POINT('',(3.917446185461E0,-6.537157326034E0,
-2.095003714969E0));
#1662=CARTESIAN_POINT('',(3.894714056418E0,-6.584214018135E0,
-2.094268503939E0));
#1663=CARTESIAN_POINT('',(3.864149465043E0,-6.626686232060E0,
-2.093250727584E0));
#1664=CARTESIAN_POINT('',(3.826776959675E0,-6.663160698484E0,
-2.091999020281E0));
#1665=CARTESIAN_POINT('',(3.783828224414E0,-6.692552577430E0,
-2.090579704364E0));
#1666=CARTESIAN_POINT('',(3.736617547593E0,-6.714058672351E0,
-2.088852973375E0));
#1667=CARTESIAN_POINT('',(3.686756264357E0,-6.727094073056E0,
-2.087633758260E0));
#1668=CARTESIAN_POINT('',(3.652642105466E0,-6.73E0,-2.086329480885E0));
#1669=CARTESIAN_POINT('',(3.635623626307E0,-6.73E0,-2.085623626307E0));
#1671=CARTESIAN_POINT('',(3.76E0,1.12E0,-2.21E0));
#1672=DIRECTION('',(-2.480293748163E-12,-1.E0,-7.733277619839E-13));
#1673=DIRECTION('',(3.807621048037E-5,7.733277619805E-13,-9.999999992751E-1));
#1674=AXIS2_PLACEMENT_3D('',#1671,#1672,#1673);
#1676=CARTESIAN_POINT('',(3.75E0,1.12E0,-2.21E0));
#1677=DIRECTION('',(-1.467025734608E-12,-7.733277619803E-13,1.E0));
#1678=DIRECTION('',(1.E0,-8.689345539401E-13,1.466974689872E-12));
#1679=AXIS2_PLACEMENT_3D('',#1676,#1677,#1678);
#1681=CARTESIAN_POINT('',(3.742928932571E0,1.127071068195E0,-2.21E0));
#1682=DIRECTION('',(-7.071068195116E-1,-7.071067428615E-1,-1.584169176279E-12));
#1683=DIRECTION('',(-7.071067426912E-1,7.071068193413E-1,2.194802330531E-5));
#1684=AXIS2_PLACEMENT_3D('',#1681,#1682,#1683);
#1686=CARTESIAN_POINT('',(-3.742928932188E0,1.127071067812E0,-2.21E0));
#1687=DIRECTION('',(7.071067811877E-1,-7.071067811854E-1,-4.011856937526E-13));
#1688=DIRECTION('',(-2.102532707326E-12,-1.535170458190E-12,-1.E0));
#1689=AXIS2_PLACEMENT_3D('',#1686,#1687,#1688);
#1691=CARTESIAN_POINT('',(-3.75E0,1.12E0,-2.21E0));
#1692=DIRECTION('',(-3.368952626449E-14,-6.010517754005E-13,1.E0));
#1693=DIRECTION('',(7.071067823912E-1,7.071067799819E-1,4.485301019483E-13));
#1694=AXIS2_PLACEMENT_3D('',#1691,#1692,#1693);
#1696=CARTESIAN_POINT('',(-3.76E0,1.120000000542E0,-2.21E0));
#1697=DIRECTION('',(-5.420759307998E-8,-1.E0,-6.010517772267E-13));
#1698=DIRECTION('',(-9.999999992751E-1,5.420759320349E-8,-3.807620902102E-5));
#1699=AXIS2_PLACEMENT_3D('',#1696,#1697,#1698);
#1701=DIRECTION('',(0.E0,0.E0,-1.E0));
#1702=VECTOR('',#1701,2.065358983849E0);
#1703=CARTESIAN_POINT('',(-2.5E-1,0.E0,1.032679491924E0));
#1704=LINE('',#1703,#1702);
#1705=DIRECTION('',(0.E0,8.660254037844E-1,5.E-1));
#1706=VECTOR('',#1705,3.464101615138E-1);
#1707=CARTESIAN_POINT('',(-2.5E-1,0.E0,-1.032679491924E0));
#1708=LINE('',#1707,#1706);
#1709=DIRECTION('',(0.E0,0.E0,1.E0));
#1710=VECTOR('',#1709,5.094744111674E-1);
#1711=CARTESIAN_POINT('',(-2.5E-1,3.E-1,-8.594744111674E-1));
#1712=LINE('',#1711,#1710);
#1713=DIRECTION('',(0.E0,1.E0,0.E0));
#1714=VECTOR('',#1713,3.E-1);
#1715=CARTESIAN_POINT('',(-2.5E-1,3.E-1,-3.5E-1));
#1716=LINE('',#1715,#1714);
#1717=CARTESIAN_POINT('',(-2.5E-1,6.E-1,-8.5E-1));
#1718=DIRECTION('',(-1.E0,0.E0,0.E0));
#1719=DIRECTION('',(0.E0,0.E0,1.E0));
#1720=AXIS2_PLACEMENT_3D('',#1717,#1718,#1719);
#1722=CARTESIAN_POINT('',(-2.5E-1,1.45E0,-6.E0));
#1723=DIRECTION('',(1.E0,0.E0,0.E0));
#1724=DIRECTION('',(0.E0,-1.E0,0.E0));
#1725=AXIS2_PLACEMENT_3D('',#1722,#1723,#1724);
#1727=CARTESIAN_POINT('',(-2.5E-1,1.45E0,-6.E0));
#1728=DIRECTION('',(1.E0,0.E0,0.E0));
#1729=DIRECTION('',(0.E0,0.E0,-1.E0));
#1730=AXIS2_PLACEMENT_3D('',#1727,#1728,#1729);
#1732=CARTESIAN_POINT('',(-2.5E-1,6.E-1,-8.5E-1));
#1733=DIRECTION('',(1.E0,0.E0,0.E0));
#1734=DIRECTION('',(0.E0,1.E0,0.E0));
#1735=AXIS2_PLACEMENT_3D('',#1732,#1733,#1734);
#1737=DIRECTION('',(0.E0,0.E0,1.E0));
#1738=VECTOR('',#1737,5.094744111674E-1);
#1739=CARTESIAN_POINT('',(-2.5E-1,3.E-1,3.5E-1));
#1740=LINE('',#1739,#1738);
#1741=DIRECTION('',(0.E0,-8.660254037844E-1,5.E-1));
#1742=VECTOR('',#1741,3.464101615138E-1);
#1743=CARTESIAN_POINT('',(-2.5E-1,3.E-1,8.594744111674E-1));
#1744=LINE('',#1743,#1742);
#1745=DIRECTION('',(0.E0,0.E0,1.E0));
#1746=VECTOR('',#1745,2.065358983849E0);
#1747=CARTESIAN_POINT('',(2.5E-1,0.E0,-1.032679491924E0));
#1748=LINE('',#1747,#1746);
#1749=DIRECTION('',(0.E0,8.660254037844E-1,-5.E-1));
#1750=VECTOR('',#1749,3.464101615138E-1);
#1751=CARTESIAN_POINT('',(2.5E-1,0.E0,1.032679491924E0));
#1752=LINE('',#1751,#1750);
#1753=DIRECTION('',(0.E0,0.E0,-1.E0));
#1754=VECTOR('',#1753,5.094744111674E-1);
#1755=CARTESIAN_POINT('',(2.5E-1,3.E-1,8.594744111674E-1));
#1756=LINE('',#1755,#1754);
#1757=DIRECTION('',(0.E0,1.E0,0.E0));
#1758=VECTOR('',#1757,3.E-1);
#1759=CARTESIAN_POINT('',(2.5E-1,3.E-1,3.5E-1));
#1760=LINE('',#1759,#1758);
#1761=CARTESIAN_POINT('',(2.5E-1,6.E-1,-8.5E-1));
#1762=DIRECTION('',(-1.E0,0.E0,0.E0));
#1763=DIRECTION('',(0.E0,0.E0,1.E0));
#1764=AXIS2_PLACEMENT_3D('',#1761,#1762,#1763);
#1766=DIRECTION('',(0.E0,0.E0,-1.E0));
#1767=VECTOR('',#1766,5.15E0);
#1768=CARTESIAN_POINT('',(2.5E-1,1.8E0,-8.5E-1));
#1769=LINE('',#1768,#1767);
#1770=CARTESIAN_POINT('',(2.5E-1,1.45E0,-6.E0));
#1771=DIRECTION('',(-1.E0,0.E0,0.E0));
#1772=DIRECTION('',(0.E0,1.E0,0.E0));
#1773=AXIS2_PLACEMENT_3D('',#1770,#1771,#1772);
#1775=CARTESIAN_POINT('',(2.5E-1,1.45E0,-6.E0));
#1776=DIRECTION('',(-1.E0,0.E0,0.E0));
#1777=DIRECTION('',(0.E0,0.E0,-1.E0));
#1778=AXIS2_PLACEMENT_3D('',#1775,#1776,#1777);
#1780=DIRECTION('',(0.E0,0.E0,1.E0));
#1781=VECTOR('',#1780,5.15E0);
#1782=CARTESIAN_POINT('',(2.5E-1,1.1E0,-6.E0));
#1783=LINE('',#1782,#1781);
#1784=CARTESIAN_POINT('',(2.5E-1,6.E-1,-8.5E-1));
#1785=DIRECTION('',(1.E0,0.E0,0.E0));
#1786=DIRECTION('',(0.E0,1.E0,0.E0));
#1787=AXIS2_PLACEMENT_3D('',#1784,#1785,#1786);
#1789=DIRECTION('',(0.E0,0.E0,-1.E0));
#1790=VECTOR('',#1789,5.094744111674E-1);
#1791=CARTESIAN_POINT('',(2.5E-1,3.E-1,-3.5E-1));
#1792=LINE('',#1791,#1790);
#1793=DIRECTION('',(0.E0,-8.660254037844E-1,-5.E-1));
#1794=VECTOR('',#1793,3.464101615138E-1);
#1795=CARTESIAN_POINT('',(2.5E-1,3.E-1,-8.594744111674E-1));
#1796=LINE('',#1795,#1794);
#1797=DIRECTION('',(-1.E0,0.E0,0.E0));
#1798=VECTOR('',#1797,5.E-1);
#1799=CARTESIAN_POINT('',(2.5E-1,3.E-1,3.5E-1));
#1800=LINE('',#1799,#1798);
#1801=DIRECTION('',(0.E0,1.E0,0.E0));
#1802=VECTOR('',#1801,3.E-1);
#1803=CARTESIAN_POINT('',(-2.5E-1,3.E-1,3.5E-1));
#1804=LINE('',#1803,#1802);
#1805=DIRECTION('',(1.E0,0.E0,0.E0));
#1806=VECTOR('',#1805,5.E-1);
#1807=CARTESIAN_POINT('',(-2.5E-1,1.8E0,-8.5E-1));
#1808=LINE('',#1807,#1806);
#1809=DIRECTION('',(-1.E0,0.E0,0.E0));
#1810=VECTOR('',#1809,5.E-1);
#1811=CARTESIAN_POINT('',(2.5E-1,6.E-1,3.5E-1));
#1812=LINE('',#1811,#1810);
#1813=DIRECTION('',(0.E0,0.E0,-1.E0));
#1814=VECTOR('',#1813,5.15E0);
#1815=CARTESIAN_POINT('',(-2.5E-1,1.8E0,-8.5E-1));
#1816=LINE('',#1815,#1814);
#1817=DIRECTION('',(-1.E0,0.E0,0.E0));
#1818=VECTOR('',#1817,5.E-1);
#1819=CARTESIAN_POINT('',(2.5E-1,1.8E0,-6.E0));
#1820=LINE('',#1819,#1818);
#1821=DIRECTION('',(1.E0,0.E0,0.E0));
#1822=VECTOR('',#1821,5.E-1);
#1823=CARTESIAN_POINT('',(-2.5E-1,1.1E0,-6.E0));
#1824=LINE('',#1823,#1822);
#1825=DIRECTION('',(0.E0,0.E0,1.E0));
#1826=VECTOR('',#1825,5.15E0);
#1827=CARTESIAN_POINT('',(-2.5E-1,1.1E0,-6.E0));
#1828=LINE('',#1827,#1826);
#1829=DIRECTION('',(1.E0,0.E0,0.E0));
#1830=VECTOR('',#1829,5.E-1);
#1831=CARTESIAN_POINT('',(-2.5E-1,6.E-1,-3.5E-1));
#1832=LINE('',#1831,#1830);
#1833=DIRECTION('',(-1.E0,0.E0,0.E0));
#1834=VECTOR('',#1833,5.E-1);
#1835=CARTESIAN_POINT('',(2.5E-1,1.1E0,-8.5E-1));
#1836=LINE('',#1835,#1834);
#1837=DIRECTION('',(1.E0,0.E0,0.E0));
#1838=VECTOR('',#1837,5.E-1);
#1839=CARTESIAN_POINT('',(-2.5E-1,3.E-1,-3.5E-1));
#1840=LINE('',#1839,#1838);
#1841=DIRECTION('',(0.E0,1.E0,0.E0));
#1842=VECTOR('',#1841,3.E-1);
#1843=CARTESIAN_POINT('',(2.5E-1,3.E-1,-3.5E-1));
#1844=LINE('',#1843,#1842);
#1845=DIRECTION('',(0.E0,0.E0,-1.E0));
#1846=VECTOR('',#1845,2.065358983849E0);
#1847=CARTESIAN_POINT('',(-2.79E0,0.E0,1.032679491924E0));
#1848=LINE('',#1847,#1846);
#1849=DIRECTION('',(0.E0,8.660254037844E-1,5.E-1));
#1850=VECTOR('',#1849,3.464101615138E-1);
#1851=CARTESIAN_POINT('',(-2.79E0,0.E0,-1.032679491924E0));
#1852=LINE('',#1851,#1850);
#1853=DIRECTION('',(0.E0,0.E0,1.E0));
#1854=VECTOR('',#1853,5.094744111674E-1);
#1855=CARTESIAN_POINT('',(-2.79E0,3.E-1,-8.594744111674E-1));
#1856=LINE('',#1855,#1854);
#1857=DIRECTION('',(0.E0,1.E0,0.E0));
#1858=VECTOR('',#1857,3.E-1);
#1859=CARTESIAN_POINT('',(-2.79E0,3.E-1,-3.5E-1));
#1860=LINE('',#1859,#1858);
#1861=CARTESIAN_POINT('',(-2.79E0,6.E-1,-8.5E-1));
#1862=DIRECTION('',(-1.E0,0.E0,0.E0));
#1863=DIRECTION('',(0.E0,0.E0,1.E0));
#1864=AXIS2_PLACEMENT_3D('',#1861,#1862,#1863);
#1866=CARTESIAN_POINT('',(-2.79E0,1.45E0,-6.E0));
#1867=DIRECTION('',(1.E0,0.E0,0.E0));
#1868=DIRECTION('',(0.E0,-1.E0,0.E0));
#1869=AXIS2_PLACEMENT_3D('',#1866,#1867,#1868);
#1871=CARTESIAN_POINT('',(-2.79E0,1.45E0,-6.E0));
#1872=DIRECTION('',(1.E0,0.E0,0.E0));
#1873=DIRECTION('',(0.E0,0.E0,-1.E0));
#1874=AXIS2_PLACEMENT_3D('',#1871,#1872,#1873);
#1876=CARTESIAN_POINT('',(-2.79E0,6.E-1,-8.5E-1));
#1877=DIRECTION('',(1.E0,0.E0,0.E0));
#1878=DIRECTION('',(0.E0,1.E0,0.E0));
#1879=AXIS2_PLACEMENT_3D('',#1876,#1877,#1878);
#1881=DIRECTION('',(0.E0,0.E0,1.E0));
#1882=VECTOR('',#1881,5.094744111674E-1);
#1883=CARTESIAN_POINT('',(-2.79E0,3.E-1,3.5E-1));
#1884=LINE('',#1883,#1882);
#1885=DIRECTION('',(0.E0,-8.660254037844E-1,5.E-1));
#1886=VECTOR('',#1885,3.464101615138E-1);
#1887=CARTESIAN_POINT('',(-2.79E0,3.E-1,8.594744111674E-1));
#1888=LINE('',#1887,#1886);
#1889=DIRECTION('',(0.E0,0.E0,1.E0));
#1890=VECTOR('',#1889,2.065358983849E0);
#1891=CARTESIAN_POINT('',(-2.29E0,0.E0,-1.032679491924E0));
#1892=LINE('',#1891,#1890);
#1893=DIRECTION('',(0.E0,8.660254037844E-1,-5.E-1));
#1894=VECTOR('',#1893,3.464101615138E-1);
#1895=CARTESIAN_POINT('',(-2.29E0,0.E0,1.032679491924E0));
#1896=LINE('',#1895,#1894);
#1897=DIRECTION('',(0.E0,0.E0,-1.E0));
#1898=VECTOR('',#1897,5.094744111674E-1);
#1899=CARTESIAN_POINT('',(-2.29E0,3.E-1,8.594744111674E-1));
#1900=LINE('',#1899,#1898);
#1901=DIRECTION('',(0.E0,1.E0,0.E0));
#1902=VECTOR('',#1901,3.E-1);
#1903=CARTESIAN_POINT('',(-2.29E0,3.E-1,3.5E-1));
#1904=LINE('',#1903,#1902);
#1905=CARTESIAN_POINT('',(-2.29E0,6.E-1,-8.5E-1));
#1906=DIRECTION('',(-1.E0,0.E0,0.E0));
#1907=DIRECTION('',(0.E0,0.E0,1.E0));
#1908=AXIS2_PLACEMENT_3D('',#1905,#1906,#1907);
#1910=DIRECTION('',(0.E0,0.E0,-1.E0));
#1911=VECTOR('',#1910,5.15E0);
#1912=CARTESIAN_POINT('',(-2.29E0,1.8E0,-8.5E-1));
#1913=LINE('',#1912,#1911);
#1914=CARTESIAN_POINT('',(-2.29E0,1.45E0,-6.E0));
#1915=DIRECTION('',(-1.E0,0.E0,0.E0));
#1916=DIRECTION('',(0.E0,1.E0,0.E0));
#1917=AXIS2_PLACEMENT_3D('',#1914,#1915,#1916);
#1919=CARTESIAN_POINT('',(-2.29E0,1.45E0,-6.E0));
#1920=DIRECTION('',(-1.E0,0.E0,0.E0));
#1921=DIRECTION('',(0.E0,0.E0,-1.E0));
#1922=AXIS2_PLACEMENT_3D('',#1919,#1920,#1921);
#1924=DIRECTION('',(0.E0,0.E0,1.E0));
#1925=VECTOR('',#1924,5.15E0);
#1926=CARTESIAN_POINT('',(-2.29E0,1.1E0,-6.E0));
#1927=LINE('',#1926,#1925);
#1928=CARTESIAN_POINT('',(-2.29E0,6.E-1,-8.5E-1));
#1929=DIRECTION('',(1.E0,0.E0,0.E0));
#1930=DIRECTION('',(0.E0,1.E0,0.E0));
#1931=AXIS2_PLACEMENT_3D('',#1928,#1929,#1930);
#1933=DIRECTION('',(0.E0,0.E0,-1.E0));
#1934=VECTOR('',#1933,5.094744111674E-1);
#1935=CARTESIAN_POINT('',(-2.29E0,3.E-1,-3.5E-1));
#1936=LINE('',#1935,#1934);
#1937=DIRECTION('',(0.E0,-8.660254037844E-1,-5.E-1));
#1938=VECTOR('',#1937,3.464101615138E-1);
#1939=CARTESIAN_POINT('',(-2.29E0,3.E-1,-8.594744111674E-1));
#1940=LINE('',#1939,#1938);
#1941=DIRECTION('',(-1.E0,0.E0,0.E0));
#1942=VECTOR('',#1941,5.E-1);
#1943=CARTESIAN_POINT('',(-2.29E0,3.E-1,3.5E-1));
#1944=LINE('',#1943,#1942);
#1945=DIRECTION('',(0.E0,1.E0,0.E0));
#1946=VECTOR('',#1945,3.E-1);
#1947=CARTESIAN_POINT('',(-2.79E0,3.E-1,3.5E-1));
#1948=LINE('',#1947,#1946);
#1949=DIRECTION('',(1.E0,0.E0,0.E0));
#1950=VECTOR('',#1949,5.E-1);
#1951=CARTESIAN_POINT('',(-2.79E0,1.8E0,-8.5E-1));
#1952=LINE('',#1951,#1950);
#1953=DIRECTION('',(-1.E0,0.E0,0.E0));
#1954=VECTOR('',#1953,5.E-1);
#1955=CARTESIAN_POINT('',(-2.29E0,6.E-1,3.5E-1));
#1956=LINE('',#1955,#1954);
#1957=DIRECTION('',(0.E0,0.E0,-1.E0));
#1958=VECTOR('',#1957,5.15E0);
#1959=CARTESIAN_POINT('',(-2.79E0,1.8E0,-8.5E-1));
#1960=LINE('',#1959,#1958);
#1961=DIRECTION('',(-1.E0,0.E0,0.E0));
#1962=VECTOR('',#1961,5.E-1);
#1963=CARTESIAN_POINT('',(-2.29E0,1.8E0,-6.E0));
#1964=LINE('',#1963,#1962);
#1965=DIRECTION('',(1.E0,0.E0,0.E0));
#1966=VECTOR('',#1965,5.E-1);
#1967=CARTESIAN_POINT('',(-2.79E0,1.1E0,-6.E0));
#1968=LINE('',#1967,#1966);
#1969=DIRECTION('',(0.E0,0.E0,1.E0));
#1970=VECTOR('',#1969,5.15E0);
#1971=CARTESIAN_POINT('',(-2.79E0,1.1E0,-6.E0));
#1972=LINE('',#1971,#1970);
#1973=DIRECTION('',(1.E0,0.E0,0.E0));
#1974=VECTOR('',#1973,5.E-1);
#1975=CARTESIAN_POINT('',(-2.79E0,6.E-1,-3.5E-1));
#1976=LINE('',#1975,#1974);
#1977=DIRECTION('',(-1.E0,0.E0,0.E0));
#1978=VECTOR('',#1977,5.E-1);
#1979=CARTESIAN_POINT('',(-2.29E0,1.1E0,-8.5E-1));
#1980=LINE('',#1979,#1978);
#1981=DIRECTION('',(1.E0,0.E0,0.E0));
#1982=VECTOR('',#1981,5.E-1);
#1983=CARTESIAN_POINT('',(-2.79E0,3.E-1,-3.5E-1));
#1984=LINE('',#1983,#1982);
#1985=DIRECTION('',(0.E0,1.E0,0.E0));
#1986=VECTOR('',#1985,3.E-1);
#1987=CARTESIAN_POINT('',(-2.29E0,3.E-1,-3.5E-1));
#1988=LINE('',#1987,#1986);
#1989=DIRECTION('',(0.E0,0.E0,-1.E0));
#1990=VECTOR('',#1989,2.065358983849E0);
#1991=CARTESIAN_POINT('',(2.29E0,0.E0,1.032679491924E0));
#1992=LINE('',#1991,#1990);
#1993=DIRECTION('',(0.E0,8.660254037844E-1,5.E-1));
#1994=VECTOR('',#1993,3.464101615138E-1);
#1995=CARTESIAN_POINT('',(2.29E0,0.E0,-1.032679491924E0));
#1996=LINE('',#1995,#1994);
#1997=DIRECTION('',(0.E0,0.E0,1.E0));
#1998=VECTOR('',#1997,5.094744111674E-1);
#1999=CARTESIAN_POINT('',(2.29E0,3.E-1,-8.594744111674E-1));
#2000=LINE('',#1999,#1998);
#2001=DIRECTION('',(0.E0,1.E0,0.E0));
#2002=VECTOR('',#2001,3.E-1);
#2003=CARTESIAN_POINT('',(2.29E0,3.E-1,-3.5E-1));
#2004=LINE('',#2003,#2002);
#2005=CARTESIAN_POINT('',(2.29E0,6.E-1,-8.5E-1));
#2006=DIRECTION('',(-1.E0,0.E0,0.E0));
#2007=DIRECTION('',(0.E0,0.E0,1.E0));
#2008=AXIS2_PLACEMENT_3D('',#2005,#2006,#2007);
#2010=CARTESIAN_POINT('',(2.29E0,1.45E0,-6.E0));
#2011=DIRECTION('',(1.E0,0.E0,0.E0));
#2012=DIRECTION('',(0.E0,-1.E0,0.E0));
#2013=AXIS2_PLACEMENT_3D('',#2010,#2011,#2012);
#2015=CARTESIAN_POINT('',(2.29E0,1.45E0,-6.E0));
#2016=DIRECTION('',(1.E0,0.E0,0.E0));
#2017=DIRECTION('',(0.E0,0.E0,-1.E0));
#2018=AXIS2_PLACEMENT_3D('',#2015,#2016,#2017);
#2020=CARTESIAN_POINT('',(2.29E0,6.E-1,-8.5E-1));
#2021=DIRECTION('',(1.E0,0.E0,0.E0));
#2022=DIRECTION('',(0.E0,1.E0,0.E0));
#2023=AXIS2_PLACEMENT_3D('',#2020,#2021,#2022);
#2025=DIRECTION('',(0.E0,0.E0,1.E0));
#2026=VECTOR('',#2025,5.094744111674E-1);
#2027=CARTESIAN_POINT('',(2.29E0,3.E-1,3.5E-1));
#2028=LINE('',#2027,#2026);
#2029=DIRECTION('',(0.E0,-8.660254037844E-1,5.E-1));
#2030=VECTOR('',#2029,3.464101615138E-1);
#2031=CARTESIAN_POINT('',(2.29E0,3.E-1,8.594744111674E-1));
#2032=LINE('',#2031,#2030);
#2033=DIRECTION('',(0.E0,0.E0,1.E0));
#2034=VECTOR('',#2033,2.065358983849E0);
#2035=CARTESIAN_POINT('',(2.79E0,0.E0,-1.032679491924E0));
#2036=LINE('',#2035,#2034);
#2037=DIRECTION('',(0.E0,8.660254037844E-1,-5.E-1));
#2038=VECTOR('',#2037,3.464101615138E-1);
#2039=CARTESIAN_POINT('',(2.79E0,0.E0,1.032679491924E0));
#2040=LINE('',#2039,#2038);
#2041=DIRECTION('',(0.E0,0.E0,-1.E0));
#2042=VECTOR('',#2041,5.094744111674E-1);
#2043=CARTESIAN_POINT('',(2.79E0,3.E-1,8.594744111674E-1));
#2044=LINE('',#2043,#2042);
#2045=DIRECTION('',(0.E0,1.E0,0.E0));
#2046=VECTOR('',#2045,3.E-1);
#2047=CARTESIAN_POINT('',(2.79E0,3.E-1,3.5E-1));
#2048=LINE('',#2047,#2046);
#2049=CARTESIAN_POINT('',(2.79E0,6.E-1,-8.5E-1));
#2050=DIRECTION('',(-1.E0,0.E0,0.E0));
#2051=DIRECTION('',(0.E0,0.E0,1.E0));
#2052=AXIS2_PLACEMENT_3D('',#2049,#2050,#2051);
#2054=DIRECTION('',(0.E0,0.E0,-1.E0));
#2055=VECTOR('',#2054,5.15E0);
#2056=CARTESIAN_POINT('',(2.79E0,1.8E0,-8.5E-1));
#2057=LINE('',#2056,#2055);
#2058=CARTESIAN_POINT('',(2.79E0,1.45E0,-6.E0));
#2059=DIRECTION('',(-1.E0,0.E0,0.E0));
#2060=DIRECTION('',(0.E0,1.E0,0.E0));
#2061=AXIS2_PLACEMENT_3D('',#2058,#2059,#2060);
#2063=CARTESIAN_POINT('',(2.79E0,1.45E0,-6.E0));
#2064=DIRECTION('',(-1.E0,0.E0,0.E0));
#2065=DIRECTION('',(0.E0,0.E0,-1.E0));
#2066=AXIS2_PLACEMENT_3D('',#2063,#2064,#2065);
#2068=DIRECTION('',(0.E0,0.E0,1.E0));
#2069=VECTOR('',#2068,5.15E0);
#2070=CARTESIAN_POINT('',(2.79E0,1.1E0,-6.E0));
#2071=LINE('',#2070,#2069);
#2072=CARTESIAN_POINT('',(2.79E0,6.E-1,-8.5E-1));
#2073=DIRECTION('',(1.E0,0.E0,0.E0));
#2074=DIRECTION('',(0.E0,1.E0,0.E0));
#2075=AXIS2_PLACEMENT_3D('',#2072,#2073,#2074);
#2077=DIRECTION('',(0.E0,0.E0,-1.E0));
#2078=VECTOR('',#2077,5.094744111674E-1);
#2079=CARTESIAN_POINT('',(2.79E0,3.E-1,-3.5E-1));
#2080=LINE('',#2079,#2078);
#2081=DIRECTION('',(0.E0,-8.660254037844E-1,-5.E-1));
#2082=VECTOR('',#2081,3.464101615138E-1);
#2083=CARTESIAN_POINT('',(2.79E0,3.E-1,-8.594744111674E-1));
#2084=LINE('',#2083,#2082);
#2085=DIRECTION('',(-1.E0,0.E0,0.E0));
#2086=VECTOR('',#2085,5.E-1);
#2087=CARTESIAN_POINT('',(2.79E0,3.E-1,3.5E-1));
#2088=LINE('',#2087,#2086);
#2089=DIRECTION('',(0.E0,1.E0,0.E0));
#2090=VECTOR('',#2089,3.E-1);
#2091=CARTESIAN_POINT('',(2.29E0,3.E-1,3.5E-1));
#2092=LINE('',#2091,#2090);
#2093=DIRECTION('',(1.E0,0.E0,0.E0));
#2094=VECTOR('',#2093,5.E-1);
#2095=CARTESIAN_POINT('',(2.29E0,1.8E0,-8.5E-1));
#2096=LINE('',#2095,#2094);
#2097=DIRECTION('',(-1.E0,0.E0,0.E0));
#2098=VECTOR('',#2097,5.E-1);
#2099=CARTESIAN_POINT('',(2.79E0,6.E-1,3.5E-1));
#2100=LINE('',#2099,#2098);
#2101=DIRECTION('',(0.E0,0.E0,-1.E0));
#2102=VECTOR('',#2101,5.15E0);
#2103=CARTESIAN_POINT('',(2.29E0,1.8E0,-8.5E-1));
#2104=LINE('',#2103,#2102);
#2105=DIRECTION('',(-1.E0,0.E0,0.E0));
#2106=VECTOR('',#2105,5.E-1);
#2107=CARTESIAN_POINT('',(2.79E0,1.8E0,-6.E0));
#2108=LINE('',#2107,#2106);
#2109=DIRECTION('',(1.E0,0.E0,0.E0));
#2110=VECTOR('',#2109,5.E-1);
#2111=CARTESIAN_POINT('',(2.29E0,1.1E0,-6.E0));
#2112=LINE('',#2111,#2110);
#2113=DIRECTION('',(0.E0,0.E0,1.E0));
#2114=VECTOR('',#2113,5.15E0);
#2115=CARTESIAN_POINT('',(2.29E0,1.1E0,-6.E0));
#2116=LINE('',#2115,#2114);
#2117=DIRECTION('',(1.E0,0.E0,0.E0));
#2118=VECTOR('',#2117,5.E-1);
#2119=CARTESIAN_POINT('',(2.29E0,6.E-1,-3.5E-1));
#2120=LINE('',#2119,#2118);
#2121=DIRECTION('',(-1.E0,0.E0,0.E0));
#2122=VECTOR('',#2121,5.E-1);
#2123=CARTESIAN_POINT('',(2.79E0,1.1E0,-8.5E-1));
#2124=LINE('',#2123,#2122);
#2125=DIRECTION('',(1.E0,0.E0,0.E0));
#2126=VECTOR('',#2125,5.E-1);
#2127=CARTESIAN_POINT('',(2.29E0,3.E-1,-3.5E-1));
#2128=LINE('',#2127,#2126);
#2129=DIRECTION('',(0.E0,1.E0,0.E0));
#2130=VECTOR('',#2129,3.E-1);
#2131=CARTESIAN_POINT('',(2.79E0,3.E-1,-3.5E-1));
#2132=LINE('',#2131,#2130);
#2133=CARTESIAN_POINT('',(-2.5E-1,0.E0,1.032679491924E0));
#2134=CARTESIAN_POINT('',(-2.5E-1,0.E0,-1.032679491924E0));
#2135=VERTEX_POINT('',#2133);
#2136=VERTEX_POINT('',#2134);
#2137=CARTESIAN_POINT('',(2.5E-1,0.E0,1.032679491924E0));
#2138=CARTESIAN_POINT('',(2.5E-1,0.E0,-1.032679491924E0));
#2139=VERTEX_POINT('',#2137);
#2140=VERTEX_POINT('',#2138);
#2141=CARTESIAN_POINT('',(-2.79E0,0.E0,1.032679491924E0));
#2142=CARTESIAN_POINT('',(-2.79E0,0.E0,-1.032679491924E0));
#2143=VERTEX_POINT('',#2141);
#2144=VERTEX_POINT('',#2142);
#2145=CARTESIAN_POINT('',(-2.29E0,0.E0,1.032679491924E0));
#2146=CARTESIAN_POINT('',(-2.29E0,0.E0,-1.032679491924E0));
#2147=VERTEX_POINT('',#2145);
#2148=VERTEX_POINT('',#2146);
#2149=CARTESIAN_POINT('',(2.29E0,0.E0,1.032679491924E0));
#2150=CARTESIAN_POINT('',(2.29E0,0.E0,-1.032679491924E0));
#2151=VERTEX_POINT('',#2149);
#2152=VERTEX_POINT('',#2150);
#2153=CARTESIAN_POINT('',(2.79E0,0.E0,1.032679491924E0));
#2154=CARTESIAN_POINT('',(2.79E0,0.E0,-1.032679491924E0));
#2155=VERTEX_POINT('',#2153);
#2156=VERTEX_POINT('',#2154);
#2157=CARTESIAN_POINT('',(-3.035857864376E0,4.199999999999E-1,-1.9E0));
#2158=CARTESIAN_POINT('',(-3.75E0,4.2E-1,-1.9E0));
#2159=VERTEX_POINT('',#2157);
#2160=VERTEX_POINT('',#2158);
#2161=VERTEX_POINT('',#7);
#2162=CARTESIAN_POINT('',(2.645986090584E0,4.199999999999E-1,-2.1E0));
#2163=VERTEX_POINT('',#2162);
#2164=VERTEX_POINT('',#421);
#2165=CARTESIAN_POINT('',(3.75E0,4.2E-1,-1.9E0));
#2166=VERTEX_POINT('',#2165);
#2167=CARTESIAN_POINT('',(3.75E0,4.2E-1,1.9E0));
#2168=VERTEX_POINT('',#2167);
#2169=CARTESIAN_POINT('',(3.035857864376E0,4.2E-1,1.9E0));
#2170=VERTEX_POINT('',#2169);
#2171=VERTEX_POINT('',#19);
#2172=CARTESIAN_POINT('',(-2.645986090584E0,4.200000000001E-1,2.1E0));
#2173=VERTEX_POINT('',#2172);
#2174=VERTEX_POINT('',#173);
#2175=CARTESIAN_POINT('',(-3.75E0,4.2E-1,1.9E0));
#2176=VERTEX_POINT('',#2175);
#2177=CARTESIAN_POINT('',(-3.76E0,1.12E0,-1.9E0));
#2178=CARTESIAN_POINT('',(-3.742928932187E0,1.127071067811E0,-1.9E0));
#2179=VERTEX_POINT('',#2177);
#2180=VERTEX_POINT('',#2178);
#2181=CARTESIAN_POINT('',(-3.760000000002E0,4.198332870112E-1,-1.9E0));
#2182=VERTEX_POINT('',#2181);
#2183=CARTESIAN_POINT('',(-4.05E0,1.12E0,-2.19E0));
#2184=VERTEX_POINT('',#2183);
#2185=CARTESIAN_POINT('',(-3.537867965282E0,1.332132033994E0,-2.19E0));
#2186=VERTEX_POINT('',#2185);
#2187=VERTEX_POINT('',#81);
#2188=CARTESIAN_POINT('',(-4.05E0,1.2E-1,2.19E0));
#2189=VERTEX_POINT('',#2188);
#2190=CARTESIAN_POINT('',(-3.76E0,4.198332870113E-1,1.9E0));
#2191=VERTEX_POINT('',#2190);
#2192=CARTESIAN_POINT('',(-4.049999998654E0,1.199999497471E-1,
2.210019322429E0));
#2193=VERTEX_POINT('',#2192);
#2194=CARTESIAN_POINT('',(-3.935576153272E0,-6.435235595541E0,
2.095619344022E0));
#2195=VERTEX_POINT('',#2194);
#2196=CARTESIAN_POINT('',(-3.935559934796E0,-6.435235245763E0,
-2.095619343854E0));
#2197=VERTEX_POINT('',#2196);
#2198=CARTESIAN_POINT('',(-4.049999999454E0,1.199999955720E-1,
-2.210019323159E0));
#2199=VERTEX_POINT('',#2198);
#2200=CARTESIAN_POINT('',(-4.049999999947E0,1.119999999645E0,2.210005521051E0));
#2201=CARTESIAN_POINT('',(-4.05E0,1.120000002311E0,2.19E0));
#2202=VERTEX_POINT('',#2200);
#2203=VERTEX_POINT('',#2201);
#2204=CARTESIAN_POINT('',(-3.537867965282E0,1.332132033994E0,2.19E0));
#2205=VERTEX_POINT('',#2204);
#2206=CARTESIAN_POINT('',(-3.537867962160E0,1.332132030847E0,2.209996790027E0));
#2207=VERTEX_POINT('',#2206);
#2208=CARTESIAN_POINT('',(-3.742928932187E0,1.127071067811E0,1.9E0));
#2209=CARTESIAN_POINT('',(-3.76E0,1.12E0,1.9E0));
#2210=VERTEX_POINT('',#2208);
#2211=VERTEX_POINT('',#2209);
#2212=VERTEX_POINT('',#192);
#2213=VERTEX_POINT('',#185);
#2214=VERTEX_POINT('',#208);
#2215=VERTEX_POINT('',#367);
#2216=VERTEX_POINT('',#219);
#2217=CARTESIAN_POINT('',(-2.426019196680E0,1.2E-1,2.4E0));
#2218=VERTEX_POINT('',#2217);
#2219=CARTESIAN_POINT('',(-3.742928927767E0,1.127071063391E0,2.5E0));
#2220=CARTESIAN_POINT('',(-2.735857864376E0,1.199999999999E-1,2.5E0));
#2221=VERTEX_POINT('',#2219);
#2222=VERTEX_POINT('',#2220);
#2223=CARTESIAN_POINT('',(-3.760019323159E0,1.199999955724E-1,
2.499999999454E0));
#2224=VERTEX_POINT('',#2223);
#2225=CARTESIAN_POINT('',(-3.760007361401E0,1.119981612024E0,2.499999999930E0));
#2226=VERTEX_POINT('',#2225);
#2227=CARTESIAN_POINT('',(2.735857864376E0,1.2E-1,2.5E0));
#2228=VERTEX_POINT('',#2227);
#2229=CARTESIAN_POINT('',(3.760019322429E0,1.199999497487E-1,2.499999998654E0));
#2230=VERTEX_POINT('',#2229);
#2231=CARTESIAN_POINT('',(3.645619344022E0,-6.435235595540E0,2.385576153274E0));
#2232=VERTEX_POINT('',#2231);
#2233=CARTESIAN_POINT('',(-3.645619343854E0,-6.435235245763E0,
2.385559934819E0));
#2234=VERTEX_POINT('',#2233);
#2235=CARTESIAN_POINT('',(3.742928932188E0,1.127071067812E0,2.5E0));
#2236=VERTEX_POINT('',#2235);
#2237=CARTESIAN_POINT('',(3.537867965405E0,1.332132034092E0,2.209996790027E0));
#2238=VERTEX_POINT('',#2237);
#2239=VERTEX_POINT('',#309);
#2240=CARTESIAN_POINT('',(4.05E0,1.12E0,2.21E0));
#2241=VERTEX_POINT('',#2240);
#2242=CARTESIAN_POINT('',(4.05E0,1.12E0,2.19E0));
#2243=CARTESIAN_POINT('',(3.537867965142E0,1.332132033854E0,2.19E0));
#2244=VERTEX_POINT('',#2242);
#2245=VERTEX_POINT('',#2243);
#2246=CARTESIAN_POINT('',(3.76E0,1.12E0,1.9E0));
#2247=CARTESIAN_POINT('',(3.742928932188E0,1.127071067811E0,1.9E0));
#2248=VERTEX_POINT('',#2246);
#2249=VERTEX_POINT('',#2247);
#2250=CARTESIAN_POINT('',(3.760000000002E0,4.198332870112E-1,1.9E0));
#2251=VERTEX_POINT('',#2250);
#2252=CARTESIAN_POINT('',(3.76E0,4.198332870113E-1,-1.9E0));
#2253=VERTEX_POINT('',#2252);
#2254=VERTEX_POINT('',#393);
#2255=CARTESIAN_POINT('',(4.05E0,1.2E-1,2.19E0));
#2256=VERTEX_POINT('',#2255);
#2257=CARTESIAN_POINT('',(3.742928932188E0,1.127071067811E0,-1.9E0));
#2258=VERTEX_POINT('',#2257);
#2259=CARTESIAN_POINT('',(3.76E0,1.12E0,-1.9E0));
#2260=VERTEX_POINT('',#2259);
#2261=VERTEX_POINT('',#473);
#2262=CARTESIAN_POINT('',(3.537867965408E0,1.332132034090E0,-2.190003468116E0));
#2263=VERTEX_POINT('',#2262);
#2264=VERTEX_POINT('',#491);
#2265=VERTEX_POINT('',#496);
#2266=VERTEX_POINT('',#442);
#2267=CARTESIAN_POINT('',(2.426019196680E0,1.2E-1,-2.4E0));
#2268=VERTEX_POINT('',#2267);
#2269=VERTEX_POINT('',#464);
#2270=CARTESIAN_POINT('',(-3.537867965476E0,1.332132034163E0,
-2.209996817536E0));
#2271=VERTEX_POINT('',#2270);
#2272=CARTESIAN_POINT('',(-4.049999999947E0,1.120000002311E0,
-2.210005521050E0));
#2273=VERTEX_POINT('',#2272);
#2274=CARTESIAN_POINT('',(-3.760019322429E0,1.199999497568E-1,
-2.499999998654E0));
#2275=CARTESIAN_POINT('',(-3.760007361401E0,1.119981618603E0,
-2.499999999930E0));
#2276=VERTEX_POINT('',#2274);
#2277=VERTEX_POINT('',#2275);
#2278=CARTESIAN_POINT('',(-2.735857864376E0,1.199999999999E-1,-2.5E0));
#2279=CARTESIAN_POINT('',(-3.742928932188E0,1.127071067812E0,-2.5E0));
#2280=VERTEX_POINT('',#2278);
#2281=VERTEX_POINT('',#2279);
#2282=CARTESIAN_POINT('',(2.735857864376E0,1.2E-1,-2.5E0));
#2283=VERTEX_POINT('',#2282);
#2284=CARTESIAN_POINT('',(-3.645619344022E0,-6.435235595541E0,
-2.385576153270E0));
#2285=VERTEX_POINT('',#2284);
#2286=CARTESIAN_POINT('',(3.645619343854E0,-6.435235245763E0,
-2.385559934805E0));
#2287=VERTEX_POINT('',#2286);
#2288=CARTESIAN_POINT('',(3.760019323159E0,1.199999955724E-1,
-2.499999999454E0));
#2289=VERTEX_POINT('',#2288);
#2290=VERTEX_POINT('',#635);
#2291=CARTESIAN_POINT('',(-1.868201134345E0,-6.73E0,-2.085623626307E0));
#2292=VERTEX_POINT('',#2291);
#2293=VERTEX_POINT('',#603);
#2294=CARTESIAN_POINT('',(1.442221498279E0,-6.685522706632E0,
-2.242811877762E0));
#2295=VERTEX_POINT('',#2294);
#2296=VERTEX_POINT('',#614);
#2297=CARTESIAN_POINT('',(3.635623626307E0,-6.73E0,-2.085623626307E0));
#2298=VERTEX_POINT('',#2297);
#2299=CARTESIAN_POINT('',(3.25E0,-6.73E0,-2.55E0));
#2300=CARTESIAN_POINT('',(-3.25E0,-6.73E0,-2.55E0));
#2301=VERTEX_POINT('',#2299);
#2302=VERTEX_POINT('',#2300);
#2303=CARTESIAN_POINT('',(3.75E0,-6.73E0,-2.55E0));
#2304=VERTEX_POINT('',#2303);
#2305=CARTESIAN_POINT('',(3.75E0,-6.73E0,2.55E0));
#2306=VERTEX_POINT('',#2305);
#2307=CARTESIAN_POINT('',(-3.75E0,-6.73E0,2.55E0));
#2308=VERTEX_POINT('',#2307);
#2309=CARTESIAN_POINT('',(-3.75E0,-6.73E0,-2.55E0));
#2310=VERTEX_POINT('',#2309);
#2311=CARTESIAN_POINT('',(-3.635623626307E0,-6.73E0,2.085623626307E0));
#2312=VERTEX_POINT('',#2311);
#2313=CARTESIAN_POINT('',(-1.868198136741E0,-6.73E0,2.085623626307E0));
#2314=VERTEX_POINT('',#2313);
#2315=CARTESIAN_POINT('',(3.635623626307E0,-6.73E0,2.085623626307E0));
#2316=CARTESIAN_POINT('',(1.868201134345E0,-6.73E0,2.085623626307E0));
#2317=VERTEX_POINT('',#2315);
#2318=VERTEX_POINT('',#2316);
#2319=CARTESIAN_POINT('',(2.89E0,-3.83E0,-2.55E0));
#2320=CARTESIAN_POINT('',(2.19E0,-3.83E0,-2.55E0));
#2321=VERTEX_POINT('',#2319);
#2322=VERTEX_POINT('',#2320);
#2323=CARTESIAN_POINT('',(3.25E0,-3.83E0,-2.55E0));
#2324=VERTEX_POINT('',#2323);
#2325=CARTESIAN_POINT('',(-3.25E0,-3.83E0,-2.55E0));
#2326=VERTEX_POINT('',#2325);
#2327=CARTESIAN_POINT('',(-2.89E0,-3.83E0,-2.55E0));
#2328=VERTEX_POINT('',#2327);
#2329=CARTESIAN_POINT('',(-2.19E0,-3.83E0,-2.55E0));
#2330=VERTEX_POINT('',#2329);
#2331=CARTESIAN_POINT('',(-1.5E0,-3.83E0,-2.55E0));
#2332=VERTEX_POINT('',#2331);
#2333=CARTESIAN_POINT('',(-1.5E0,-2.23E0,-2.55E0));
#2334=VERTEX_POINT('',#2333);
#2335=CARTESIAN_POINT('',(1.5E0,-2.23E0,-2.55E0));
#2336=VERTEX_POINT('',#2335);
#2337=CARTESIAN_POINT('',(1.5E0,-3.83E0,-2.55E0));
#2338=VERTEX_POINT('',#2337);
#2339=CARTESIAN_POINT('',(2.89E0,-3.43E0,-2.95E0));
#2340=VERTEX_POINT('',#2339);
#2341=CARTESIAN_POINT('',(2.19E0,-3.43E0,-2.95E0));
#2342=VERTEX_POINT('',#2341);
#2343=CARTESIAN_POINT('',(2.89E0,-3.43E0,-6.E0));
#2344=VERTEX_POINT('',#2343);
#2345=CARTESIAN_POINT('',(2.89E0,-3.83E0,-6.E0));
#2346=VERTEX_POINT('',#2345);
#2347=CARTESIAN_POINT('',(2.89E0,-3.83E0,-2.95E0));
#2348=VERTEX_POINT('',#2347);
#2349=CARTESIAN_POINT('',(2.19E0,-3.43E0,-6.E0));
#2350=VERTEX_POINT('',#2349);
#2351=CARTESIAN_POINT('',(2.54E0,-3.43E0,-6.35E0));
#2352=VERTEX_POINT('',#2351);
#2353=CARTESIAN_POINT('',(2.19E0,-3.83E0,-2.95E0));
#2354=VERTEX_POINT('',#2353);
#2355=CARTESIAN_POINT('',(2.19E0,-3.83E0,-6.E0));
#2356=VERTEX_POINT('',#2355);
#2357=CARTESIAN_POINT('',(1.5E0,-3.83E0,-2.95E0));
#2358=VERTEX_POINT('',#2357);
#2359=CARTESIAN_POINT('',(1.5E0,-2.23E0,-2.95E0));
#2360=VERTEX_POINT('',#2359);
#2361=CARTESIAN_POINT('',(-1.5E0,-2.23E0,-2.95E0));
#2362=VERTEX_POINT('',#2361);
#2363=CARTESIAN_POINT('',(-1.5E0,-3.83E0,-2.95E0));
#2364=VERTEX_POINT('',#2363);
#2365=CARTESIAN_POINT('',(-2.19E0,-3.83E0,-2.95E0));
#2366=VERTEX_POINT('',#2365);
#2367=CARTESIAN_POINT('',(-2.19E0,-3.43E0,-2.95E0));
#2368=VERTEX_POINT('',#2367);
#2369=CARTESIAN_POINT('',(-2.19E0,-3.43E0,-6.E0));
#2370=VERTEX_POINT('',#2369);
#2371=CARTESIAN_POINT('',(-2.19E0,-3.83E0,-6.E0));
#2372=VERTEX_POINT('',#2371);
#2373=CARTESIAN_POINT('',(-2.89E0,-3.43E0,-2.95E0));
#2374=VERTEX_POINT('',#2373);
#2375=CARTESIAN_POINT('',(-2.89E0,-3.83E0,-2.95E0));
#2376=VERTEX_POINT('',#2375);
#2377=CARTESIAN_POINT('',(-2.89E0,-3.83E0,-6.E0));
#2378=VERTEX_POINT('',#2377);
#2379=CARTESIAN_POINT('',(-2.89E0,-3.43E0,-6.E0));
#2380=VERTEX_POINT('',#2379);
#2381=CARTESIAN_POINT('',(-3.25E0,-3.83E0,-2.95E0));
#2382=VERTEX_POINT('',#2381);
#2383=CARTESIAN_POINT('',(-3.25E0,-7.13E0,-2.55E0));
#2384=CARTESIAN_POINT('',(-3.25E0,-6.73E0,-2.95E0));
#2385=VERTEX_POINT('',#2383);
#2386=VERTEX_POINT('',#2384);
#2387=CARTESIAN_POINT('',(3.25E0,-7.13E0,-2.55E0));
#2388=VERTEX_POINT('',#2387);
#2389=CARTESIAN_POINT('',(3.25E0,-6.73E0,-2.95E0));
#2390=VERTEX_POINT('',#2389);
#2391=CARTESIAN_POINT('',(3.75E0,-7.13E0,2.55E0));
#2392=CARTESIAN_POINT('',(-3.75E0,-7.13E0,2.55E0));
#2393=VERTEX_POINT('',#2391);
#2394=VERTEX_POINT('',#2392);
#2395=CARTESIAN_POINT('',(3.75E0,-7.13E0,-2.55E0));
#2396=VERTEX_POINT('',#2395);
#2397=CARTESIAN_POINT('',(-3.75E0,-7.13E0,-2.55E0));
#2398=VERTEX_POINT('',#2397);
#2399=CARTESIAN_POINT('',(1.482802369648E0,-7.13E0,-2.548378584292E0));
#2400=CARTESIAN_POINT('',(1.482802369648E0,-7.13E0,2.548378584292E0));
#2401=VERTEX_POINT('',#2399);
#2402=VERTEX_POINT('',#2400);
#2403=CARTESIAN_POINT('',(-1.482802369648E0,-7.13E0,2.548378584292E0));
#2404=VERTEX_POINT('',#2403);
#2405=CARTESIAN_POINT('',(-1.482802369648E0,-7.13E0,-2.548378584292E0));
#2406=VERTEX_POINT('',#2405);
#2407=CARTESIAN_POINT('',(3.25E0,-3.83E0,-2.95E0));
#2408=VERTEX_POINT('',#2407);
#2409=CARTESIAN_POINT('',(-3.E-1,-2.73E0,-2.95E0));
#2410=CARTESIAN_POINT('',(3.E-1,-2.73E0,-2.95E0));
#2411=VERTEX_POINT('',#2409);
#2412=VERTEX_POINT('',#2410);
#2413=CARTESIAN_POINT('',(2.75E0,-6.53E0,-2.95E0));
#2414=CARTESIAN_POINT('',(2.75E0,-5.93E0,-2.95E0));
#2415=VERTEX_POINT('',#2413);
#2416=VERTEX_POINT('',#2414);
#2417=CARTESIAN_POINT('',(-2.75E0,-5.93E0,-2.95E0));
#2418=CARTESIAN_POINT('',(-2.75E0,-6.53E0,-2.95E0));
#2419=VERTEX_POINT('',#2417);
#2420=VERTEX_POINT('',#2418);
#2421=CARTESIAN_POINT('',(2.54E0,-3.83E0,-6.35E0));
#2422=VERTEX_POINT('',#2421);
#2423=CARTESIAN_POINT('',(-2.54E0,-3.83E0,-6.35E0));
#2424=VERTEX_POINT('',#2423);
#2425=CARTESIAN_POINT('',(-2.54E0,-3.43E0,-6.35E0));
#2426=VERTEX_POINT('',#2425);
#2427=CARTESIAN_POINT('',(0.E0,-2.73E0,-3.05E0));
#2428=VERTEX_POINT('',#2427);
#2429=CARTESIAN_POINT('',(2.75E0,-6.23E0,-3.05E0));
#2430=VERTEX_POINT('',#2429);
#2431=CARTESIAN_POINT('',(-2.75E0,-6.23E0,-3.05E0));
#2432=VERTEX_POINT('',#2431);
#2433=VERTEX_POINT('',#1027);
#2434=VERTEX_POINT('',#1044);
#2435=CARTESIAN_POINT('',(-1.456021977856E0,-7.83E0,2.45E0));
#2436=VERTEX_POINT('',#2435);
#2437=CARTESIAN_POINT('',(-1.456021977856E0,-7.83E0,-2.45E0));
#2438=VERTEX_POINT('',#2437);
#2439=CARTESIAN_POINT('',(-1.356465996625E0,-7.83E0,2.1E0));
#2440=CARTESIAN_POINT('',(-2.5E0,-7.83E0,0.E0));
#2441=VERTEX_POINT('',#2439);
#2442=VERTEX_POINT('',#2440);
#2443=CARTESIAN_POINT('',(-1.356465996625E0,-7.83E0,-2.1E0));
#2444=VERTEX_POINT('',#2443);
#2445=CARTESIAN_POINT('',(1.356465996625E0,-7.83E0,-2.1E0));
#2446=VERTEX_POINT('',#2445);
#2447=CARTESIAN_POINT('',(2.5E0,-7.83E0,0.E0));
#2448=VERTEX_POINT('',#2447);
#2449=CARTESIAN_POINT('',(1.356465996625E0,-7.83E0,2.1E0));
#2450=VERTEX_POINT('',#2449);
#2451=CARTESIAN_POINT('',(-1.356465210124E0,-8.73E0,2.100000221535E0));
#2452=VERTEX_POINT('',#2451);
#2453=CARTESIAN_POINT('',(-2.5E0,-8.73E0,0.E0));
#2454=VERTEX_POINT('',#2453);
#2455=CARTESIAN_POINT('',(-1.356465996625E0,-8.73E0,-2.1E0));
#2456=VERTEX_POINT('',#2455);
#2457=CARTESIAN_POINT('',(1.356465210121E0,-8.73E0,2.100000221536E0));
#2458=VERTEX_POINT('',#2457);
#2459=CARTESIAN_POINT('',(1.356465210129E0,-8.73E0,-2.100000221533E0));
#2460=VERTEX_POINT('',#2459);
#2461=CARTESIAN_POINT('',(2.5E0,-8.73E0,0.E0));
#2462=VERTEX_POINT('',#2461);
#2463=VERTEX_POINT('',#1166);
#2464=CARTESIAN_POINT('',(1.296147936942E0,-8.93E0,-1.900000059247E0));
#2465=VERTEX_POINT('',#2464);
#2466=VERTEX_POINT('',#1177);
#2467=CARTESIAN_POINT('',(-2.3E0,-8.93E0,0.E0));
#2468=VERTEX_POINT('',#2467);
#2469=VERTEX_POINT('',#1204);
#2470=CARTESIAN_POINT('',(2.3E0,-8.93E0,0.E0));
#2471=VERTEX_POINT('',#2470);
#2472=CARTESIAN_POINT('',(1.296148296683E0,-1.258000011276E1,1.900000322476E0));
#2473=CARTESIAN_POINT('',(2.299999963530E0,-1.258000011276E1,0.E0));
#2474=VERTEX_POINT('',#2472);
#2475=VERTEX_POINT('',#2473);
#2476=CARTESIAN_POINT('',(1.296148033152E0,-1.258000011276E1,
-1.899999843839E0));
#2477=VERTEX_POINT('',#2476);
#2478=CARTESIAN_POINT('',(1.232883530238E0,-1.278E1,1.700000025562E0));
#2479=CARTESIAN_POINT('',(1.232882668515E0,-1.278E1,-1.699999992092E0));
#2480=VERTEX_POINT('',#2478);
#2481=VERTEX_POINT('',#2479);
#2482=CARTESIAN_POINT('',(-1.232882680704E0,-1.278000002043E1,
-1.700000249076E0));
#2483=VERTEX_POINT('',#2482);
#2484=CARTESIAN_POINT('',(-1.232882668515E0,-1.278E1,1.699999992092E0));
#2485=VERTEX_POINT('',#2484);
#2486=CARTESIAN_POINT('',(-1.296147114431E0,-1.258000009006E1,
-1.900000383447E0));
#2487=VERTEX_POINT('',#2486);
#2488=CARTESIAN_POINT('',(-2.299999963530E0,-1.258000011276E1,0.E0));
#2489=VERTEX_POINT('',#2488);
#2490=CARTESIAN_POINT('',(-1.296148033152E0,-1.258000011276E1,
1.899999843839E0));
#2491=VERTEX_POINT('',#2490);
#2492=CARTESIAN_POINT('',(1.062712615658E0,-1.049139557631E1,0.E0));
#2493=CARTESIAN_POINT('',(-6.001383055900E-1,-1.084484545071E1,0.E0));
#2494=VERTEX_POINT('',#2492);
#2495=VERTEX_POINT('',#2493);
#2496=CARTESIAN_POINT('',(2.718913900303E0,-1.659980298675E1,0.E0));
#2497=VERTEX_POINT('',#2496);
#2498=CARTESIAN_POINT('',(3.713596585416E-1,-1.709879104471E1,0.E0));
#2499=VERTEX_POINT('',#2498);
#2500=CARTESIAN_POINT('',(1.808831710115E0,-1.808988412638E1,0.E0));
#2501=VERTEX_POINT('',#2500);
#2502=VERTEX_POINT('',#1432);
#2503=CARTESIAN_POINT('',(-1.442221498279E0,-6.685522706632E0,
2.242811877762E0));
#2504=VERTEX_POINT('',#2503);
#2505=CARTESIAN_POINT('',(3.935577939044E0,-6.435235469878E0,2.095611065247E0));
#2506=VERTEX_POINT('',#2505);
#2507=VERTEX_POINT('',#1493);
#2508=CARTESIAN_POINT('',(4.049999998654E0,1.199999497471E-1,
-2.210019322429E0));
#2509=VERTEX_POINT('',#2508);
#2510=CARTESIAN_POINT('',(3.935576153271E0,-6.435235595541E0,
-2.095619344022E0));
#2511=VERTEX_POINT('',#2510);
#2512=CARTESIAN_POINT('',(4.049999999947E0,1.119999999872E0,-2.210005521050E0));
#2513=CARTESIAN_POINT('',(4.05E0,1.119999995184E0,-2.19E0));
#2514=VERTEX_POINT('',#2512);
#2515=VERTEX_POINT('',#2513);
#2516=CARTESIAN_POINT('',(3.537867967290E0,1.332132035978E0,-2.209996817536E0));
#2517=VERTEX_POINT('',#2516);
#2518=CARTESIAN_POINT('',(3.742928934701E0,1.127071070325E0,-2.5E0));
#2519=VERTEX_POINT('',#2518);
#2520=CARTESIAN_POINT('',(3.760007361401E0,1.119981612024E0,-2.499999999930E0));
#2521=VERTEX_POINT('',#2520);
#2522=CARTESIAN_POINT('',(-2.5E-1,3.E-1,-8.594744111674E-1));
#2523=VERTEX_POINT('',#2522);
#2524=CARTESIAN_POINT('',(-2.5E-1,3.E-1,-3.5E-1));
#2525=VERTEX_POINT('',#2524);
#2526=CARTESIAN_POINT('',(-2.5E-1,6.E-1,-3.5E-1));
#2527=VERTEX_POINT('',#2526);
#2528=CARTESIAN_POINT('',(-2.5E-1,1.1E0,-8.5E-1));
#2529=VERTEX_POINT('',#2528);
#2530=CARTESIAN_POINT('',(-2.5E-1,1.1E0,-6.E0));
#2531=VERTEX_POINT('',#2530);
#2532=CARTESIAN_POINT('',(-2.5E-1,1.45E0,-6.35E0));
#2533=VERTEX_POINT('',#2532);
#2534=CARTESIAN_POINT('',(-2.5E-1,1.8E0,-6.E0));
#2535=VERTEX_POINT('',#2534);
#2536=CARTESIAN_POINT('',(-2.5E-1,1.8E0,-8.5E-1));
#2537=VERTEX_POINT('',#2536);
#2538=CARTESIAN_POINT('',(-2.5E-1,6.E-1,3.5E-1));
#2539=VERTEX_POINT('',#2538);
#2540=CARTESIAN_POINT('',(-2.5E-1,3.E-1,3.5E-1));
#2541=VERTEX_POINT('',#2540);
#2542=CARTESIAN_POINT('',(-2.5E-1,3.E-1,8.594744111674E-1));
#2543=VERTEX_POINT('',#2542);
#2544=CARTESIAN_POINT('',(2.5E-1,3.E-1,-8.594744111674E-1));
#2545=VERTEX_POINT('',#2544);
#2546=CARTESIAN_POINT('',(2.5E-1,3.E-1,8.594744111674E-1));
#2547=VERTEX_POINT('',#2546);
#2548=CARTESIAN_POINT('',(2.5E-1,3.E-1,3.5E-1));
#2549=VERTEX_POINT('',#2548);
#2550=CARTESIAN_POINT('',(2.5E-1,6.E-1,3.5E-1));
#2551=VERTEX_POINT('',#2550);
#2552=CARTESIAN_POINT('',(2.5E-1,1.8E0,-8.5E-1));
#2553=VERTEX_POINT('',#2552);
#2554=CARTESIAN_POINT('',(2.5E-1,1.8E0,-6.E0));
#2555=VERTEX_POINT('',#2554);
#2556=CARTESIAN_POINT('',(2.5E-1,1.45E0,-6.35E0));
#2557=CARTESIAN_POINT('',(2.5E-1,1.1E0,-6.E0));
#2558=VERTEX_POINT('',#2556);
#2559=VERTEX_POINT('',#2557);
#2560=CARTESIAN_POINT('',(2.5E-1,1.1E0,-8.5E-1));
#2561=VERTEX_POINT('',#2560);
#2562=CARTESIAN_POINT('',(2.5E-1,6.E-1,-3.5E-1));
#2563=VERTEX_POINT('',#2562);
#2564=CARTESIAN_POINT('',(2.5E-1,3.E-1,-3.5E-1));
#2565=VERTEX_POINT('',#2564);
#2566=CARTESIAN_POINT('',(-2.79E0,3.E-1,-8.594744111674E-1));
#2567=VERTEX_POINT('',#2566);
#2568=CARTESIAN_POINT('',(-2.79E0,3.E-1,-3.5E-1));
#2569=VERTEX_POINT('',#2568);
#2570=CARTESIAN_POINT('',(-2.79E0,6.E-1,-3.5E-1));
#2571=VERTEX_POINT('',#2570);
#2572=CARTESIAN_POINT('',(-2.79E0,1.1E0,-8.5E-1));
#2573=VERTEX_POINT('',#2572);
#2574=CARTESIAN_POINT('',(-2.79E0,1.1E0,-6.E0));
#2575=VERTEX_POINT('',#2574);
#2576=CARTESIAN_POINT('',(-2.79E0,1.45E0,-6.35E0));
#2577=VERTEX_POINT('',#2576);
#2578=CARTESIAN_POINT('',(-2.79E0,1.8E0,-6.E0));
#2579=VERTEX_POINT('',#2578);
#2580=CARTESIAN_POINT('',(-2.79E0,1.8E0,-8.5E-1));
#2581=VERTEX_POINT('',#2580);
#2582=CARTESIAN_POINT('',(-2.79E0,6.E-1,3.5E-1));
#2583=VERTEX_POINT('',#2582);
#2584=CARTESIAN_POINT('',(-2.79E0,3.E-1,3.5E-1));
#2585=VERTEX_POINT('',#2584);
#2586=CARTESIAN_POINT('',(-2.79E0,3.E-1,8.594744111674E-1));
#2587=VERTEX_POINT('',#2586);
#2588=CARTESIAN_POINT('',(-2.29E0,3.E-1,-8.594744111674E-1));
#2589=VERTEX_POINT('',#2588);
#2590=CARTESIAN_POINT('',(-2.29E0,3.E-1,8.594744111674E-1));
#2591=VERTEX_POINT('',#2590);
#2592=CARTESIAN_POINT('',(-2.29E0,3.E-1,3.5E-1));
#2593=VERTEX_POINT('',#2592);
#2594=CARTESIAN_POINT('',(-2.29E0,6.E-1,3.5E-1));
#2595=VERTEX_POINT('',#2594);
#2596=CARTESIAN_POINT('',(-2.29E0,1.8E0,-8.5E-1));
#2597=VERTEX_POINT('',#2596);
#2598=CARTESIAN_POINT('',(-2.29E0,1.8E0,-6.E0));
#2599=VERTEX_POINT('',#2598);
#2600=CARTESIAN_POINT('',(-2.29E0,1.45E0,-6.35E0));
#2601=CARTESIAN_POINT('',(-2.29E0,1.1E0,-6.E0));
#2602=VERTEX_POINT('',#2600);
#2603=VERTEX_POINT('',#2601);
#2604=CARTESIAN_POINT('',(-2.29E0,1.1E0,-8.5E-1));
#2605=VERTEX_POINT('',#2604);
#2606=CARTESIAN_POINT('',(-2.29E0,6.E-1,-3.5E-1));
#2607=VERTEX_POINT('',#2606);
#2608=CARTESIAN_POINT('',(-2.29E0,3.E-1,-3.5E-1));
#2609=VERTEX_POINT('',#2608);
#2610=CARTESIAN_POINT('',(2.29E0,3.E-1,-8.594744111674E-1));
#2611=VERTEX_POINT('',#2610);
#2612=CARTESIAN_POINT('',(2.29E0,3.E-1,-3.5E-1));
#2613=VERTEX_POINT('',#2612);
#2614=CARTESIAN_POINT('',(2.29E0,6.E-1,-3.5E-1));
#2615=VERTEX_POINT('',#2614);
#2616=CARTESIAN_POINT('',(2.29E0,1.1E0,-8.5E-1));
#2617=VERTEX_POINT('',#2616);
#2618=CARTESIAN_POINT('',(2.29E0,1.1E0,-6.E0));
#2619=VERTEX_POINT('',#2618);
#2620=CARTESIAN_POINT('',(2.29E0,1.45E0,-6.35E0));
#2621=VERTEX_POINT('',#2620);
#2622=CARTESIAN_POINT('',(2.29E0,1.8E0,-6.E0));
#2623=VERTEX_POINT('',#2622);
#2624=CARTESIAN_POINT('',(2.29E0,1.8E0,-8.5E-1));
#2625=VERTEX_POINT('',#2624);
#2626=CARTESIAN_POINT('',(2.29E0,6.E-1,3.5E-1));
#2627=VERTEX_POINT('',#2626);
#2628=CARTESIAN_POINT('',(2.29E0,3.E-1,3.5E-1));
#2629=VERTEX_POINT('',#2628);
#2630=CARTESIAN_POINT('',(2.29E0,3.E-1,8.594744111674E-1));
#2631=VERTEX_POINT('',#2630);
#2632=CARTESIAN_POINT('',(2.79E0,3.E-1,-8.594744111674E-1));
#2633=VERTEX_POINT('',#2632);
#2634=CARTESIAN_POINT('',(2.79E0,3.E-1,8.594744111674E-1));
#2635=VERTEX_POINT('',#2634);
#2636=CARTESIAN_POINT('',(2.79E0,3.E-1,3.5E-1));
#2637=VERTEX_POINT('',#2636);
#2638=CARTESIAN_POINT('',(2.79E0,6.E-1,3.5E-1));
#2639=VERTEX_POINT('',#2638);
#2640=CARTESIAN_POINT('',(2.79E0,1.8E0,-8.5E-1));
#2641=VERTEX_POINT('',#2640);
#2642=CARTESIAN_POINT('',(2.79E0,1.8E0,-6.E0));
#2643=VERTEX_POINT('',#2642);
#2644=CARTESIAN_POINT('',(2.79E0,1.45E0,-6.35E0));
#2645=CARTESIAN_POINT('',(2.79E0,1.1E0,-6.E0));
#2646=VERTEX_POINT('',#2644);
#2647=VERTEX_POINT('',#2645);
#2648=CARTESIAN_POINT('',(2.79E0,1.1E0,-8.5E-1));
#2649=VERTEX_POINT('',#2648);
#2650=CARTESIAN_POINT('',(2.79E0,6.E-1,-3.5E-1));
#2651=VERTEX_POINT('',#2650);
#2652=CARTESIAN_POINT('',(2.79E0,3.E-1,-3.5E-1));
#2653=VERTEX_POINT('',#2652);
#2654=CARTESIAN_POINT('',(0.E0,4.2E-1,0.E0));
#2655=DIRECTION('',(0.E0,-1.E0,0.E0));
#2656=DIRECTION('',(1.E0,0.E0,0.E0));
#2657=AXIS2_PLACEMENT_3D('',#2654,#2655,#2656);
#2658=PLANE('',#2657);
#2660=ORIENTED_EDGE('',*,*,#2659,.F.);
#2662=ORIENTED_EDGE('',*,*,#2661,.T.);
#2664=ORIENTED_EDGE('',*,*,#2663,.F.);
#2666=ORIENTED_EDGE('',*,*,#2665,.F.);
#2668=ORIENTED_EDGE('',*,*,#2667,.F.);
#2670=ORIENTED_EDGE('',*,*,#2669,.F.);
#2672=ORIENTED_EDGE('',*,*,#2671,.T.);
#2674=ORIENTED_EDGE('',*,*,#2673,.T.);
#2676=ORIENTED_EDGE('',*,*,#2675,.F.);
#2678=ORIENTED_EDGE('',*,*,#2677,.F.);
#2680=ORIENTED_EDGE('',*,*,#2679,.T.);
#2682=ORIENTED_EDGE('',*,*,#2681,.F.);
#2683=EDGE_LOOP('',(#2660,#2662,#2664,#2666,#2668,#2670,#2672,#2674,#2676,#2678,
#2680,#2682));
#2684=FACE_OUTER_BOUND('',#2683,.F.);
#2685=ADVANCED_FACE('',(#2684),#2658,.F.);
#2686=CARTESIAN_POINT('',(0.E0,4.2E-1,-1.9E0));
#2687=DIRECTION('',(0.E0,0.E0,-1.E0));
#2688=DIRECTION('',(1.E0,0.E0,0.E0));
#2689=AXIS2_PLACEMENT_3D('',#2686,#2687,#2688);
#2690=PLANE('',#2689);
#2692=ORIENTED_EDGE('',*,*,#2691,.T.);
#2694=ORIENTED_EDGE('',*,*,#2693,.T.);
#2695=ORIENTED_EDGE('',*,*,#2659,.T.);
#2697=ORIENTED_EDGE('',*,*,#2696,.T.);
#2699=ORIENTED_EDGE('',*,*,#2698,.F.);
#2700=EDGE_LOOP('',(#2692,#2694,#2695,#2697,#2699));
#2701=FACE_OUTER_BOUND('',#2700,.F.);
#2702=ADVANCED_FACE('',(#2701),#2690,.F.);
#2703=CARTESIAN_POINT('',(-3.76E0,1.12E0,-1.9E0));
#2704=CARTESIAN_POINT('',(-3.929878066912E0,1.119999999999E0,-1.9E0));
#2705=CARTESIAN_POINT('',(-4.05E0,1.119999999998E0,-2.020121933088E0));
#2706=CARTESIAN_POINT('',(-4.05E0,1.119999999998E0,-2.19E0));
#2707=CARTESIAN_POINT('',(-3.76E0,1.130466715123E0,-1.9E0));
#2708=CARTESIAN_POINT('',(-3.929878066913E0,1.308273248326E0,-1.9E0));
#2709=CARTESIAN_POINT('',(-4.050000000003E0,1.434001453694E0,
-2.020121933088E0));
#2710=CARTESIAN_POINT('',(-4.050000000003E0,1.434001453694E0,-2.19E0));
#2711=CARTESIAN_POINT('',(-3.750330015916E0,1.134472153087E0,-1.9E0));
#2712=CARTESIAN_POINT('',(-3.755936262499E0,1.380322292129E0,-1.9E0));
#2713=CARTESIAN_POINT('',(-3.759900477474E0,1.554164592602E0,
-2.020121933088E0));
#2714=CARTESIAN_POINT('',(-3.759900477474E0,1.554164592602E0,-2.19E0));
#2715=CARTESIAN_POINT('',(-3.742928931449E0,1.127071067073E0,-1.9E0));
#2716=CARTESIAN_POINT('',(-3.622806985805E0,1.247192987605E0,-1.9E0));
#2717=CARTESIAN_POINT('',(-3.537867943471E0,1.332132012183E0,
-2.020121933088E0));
#2718=CARTESIAN_POINT('',(-3.537867943471E0,1.332132012183E0,-2.19E0));
#2719=(BOUNDED_SURFACE()B_SPLINE_SURFACE(3,3,((#2703,#2704,#2705,#2706),(#2707,
#2708,#2709,#2710),(#2711,#2712,#2713,#2714),(#2715,#2716,#2717,#2718)),
.UNSPECIFIED.,.F.,.F.,.F.)B_SPLINE_SURFACE_WITH_KNOTS((4,4),(4,4),(0.E0,1.E0),(
0.E0,1.E0),.UNSPECIFIED.)GEOMETRIC_REPRESENTATION_ITEM()RATIONAL_B_SPLINE_SURFACE(((1.694636514397E0,1.363738152117E0,1.363738152117E0,1.694636514397E0),(
9.972183288730E-1,8.024993380705E-1,8.024993380705E-1,9.972183288730E-1),(
9.972183288730E-1,8.024993380705E-1,8.024993380705E-1,9.972183288730E-1),(
1.694636514397E0,1.363738152117E0,1.363738152117E0,1.694636514397E0)))REPRESENTATION_ITEM('')SURFACE());
#2720=ORIENTED_EDGE('',*,*,#2691,.F.);
#2722=ORIENTED_EDGE('',*,*,#2721,.T.);
#2724=ORIENTED_EDGE('',*,*,#2723,.T.);
#2726=ORIENTED_EDGE('',*,*,#2725,.T.);
#2727=EDGE_LOOP('',(#2720,#2722,#2724,#2726));
#2728=FACE_OUTER_BOUND('',#2727,.F.);
#2729=ADVANCED_FACE('',(#2728),#2719,.T.);
#2730=CARTESIAN_POINT('',(-3.76E0,1.157341592459E0,-2.19E0));
#2731=DIRECTION('',(0.E0,-1.E0,0.E0));
#2732=DIRECTION('',(0.E0,0.E0,1.E0));
#2733=AXIS2_PLACEMENT_3D('',#2730,#2731,#2732);
#2734=CYLINDRICAL_SURFACE('',#2733,2.9E-1);
#2735=ORIENTED_EDGE('',*,*,#2698,.T.);
#2737=ORIENTED_EDGE('',*,*,#2736,.T.);
#2739=ORIENTED_EDGE('',*,*,#2738,.T.);
#2740=ORIENTED_EDGE('',*,*,#2721,.F.);
#2741=EDGE_LOOP('',(#2735,#2737,#2739,#2740));
#2742=FACE_OUTER_BOUND('',#2741,.F.);
#2743=ADVANCED_FACE('',(#2742),#2734,.T.);
#2744=CARTESIAN_POINT('',(-3.75E0,1.2E-1,-2.424541182080E0));
#2745=DIRECTION('',(0.E0,0.E0,1.E0));
#2746=DIRECTION('',(0.E0,1.E0,0.E0));
#2747=AXIS2_PLACEMENT_3D('',#2744,#2745,#2746);
#2748=CYLINDRICAL_SURFACE('',#2747,3.E-1);
#2750=ORIENTED_EDGE('',*,*,#2749,.T.);
#2751=ORIENTED_EDGE('',*,*,#2736,.F.);
#2752=ORIENTED_EDGE('',*,*,#2696,.F.);
#2753=ORIENTED_EDGE('',*,*,#2681,.T.);
#2755=ORIENTED_EDGE('',*,*,#2754,.F.);
#2757=ORIENTED_EDGE('',*,*,#2756,.T.);
#2758=EDGE_LOOP('',(#2750,#2751,#2752,#2753,#2755,#2757));
#2759=FACE_OUTER_BOUND('',#2758,.F.);
#2760=ADVANCED_FACE('',(#2759),#2748,.T.);
#2761=CARTESIAN_POINT('',(-4.05E0,1.2E-1,2.695290552767E0));
#2762=DIRECTION('',(-9.998476951564E-1,-1.745240643728E-2,0.E0));
#2763=DIRECTION('',(0.E0,0.E0,1.E0));
#2764=AXIS2_PLACEMENT_3D('',#2761,#2762,#2763);
#2765=PLANE('',#2764);
#2766=ORIENTED_EDGE('',*,*,#2749,.F.);
#2768=ORIENTED_EDGE('',*,*,#2767,.F.);
#2770=ORIENTED_EDGE('',*,*,#2769,.T.);
#2772=ORIENTED_EDGE('',*,*,#2771,.F.);
#2774=ORIENTED_EDGE('',*,*,#2773,.T.);
#2776=ORIENTED_EDGE('',*,*,#2775,.F.);
#2777=EDGE_LOOP('',(#2766,#2768,#2770,#2772,#2774,#2776));
#2778=FACE_OUTER_BOUND('',#2777,.F.);
#2779=ADVANCED_FACE('',(#2778),#2765,.T.);
#2780=CARTESIAN_POINT('',(-4.05E0,1.2E-1,2.5E0));
#2781=DIRECTION('',(-1.E0,0.E0,0.E0));
#2782=DIRECTION('',(0.E0,1.E0,0.E0));
#2783=AXIS2_PLACEMENT_3D('',#2780,#2781,#2782);
#2784=PLANE('',#2783);
#2786=ORIENTED_EDGE('',*,*,#2785,.F.);
#2788=ORIENTED_EDGE('',*,*,#2787,.F.);
#2789=ORIENTED_EDGE('',*,*,#2767,.T.);
#2791=ORIENTED_EDGE('',*,*,#2790,.F.);
#2792=EDGE_LOOP('',(#2786,#2788,#2789,#2791));
#2793=FACE_OUTER_BOUND('',#2792,.F.);
#2794=ADVANCED_FACE('',(#2793),#2784,.T.);
#2795=CARTESIAN_POINT('',(-3.75E0,1.12E0,2.5E0));
#2796=DIRECTION('',(0.E0,0.E0,-1.E0));
#2797=DIRECTION('',(1.E0,0.E0,0.E0));
#2798=AXIS2_PLACEMENT_3D('',#2795,#2796,#2797);
#2799=CYLINDRICAL_SURFACE('',#2798,3.E-1);
#2801=ORIENTED_EDGE('',*,*,#2800,.F.);
#2803=ORIENTED_EDGE('',*,*,#2802,.T.);
#2805=ORIENTED_EDGE('',*,*,#2804,.F.);
#2806=ORIENTED_EDGE('',*,*,#2785,.T.);
#2807=EDGE_LOOP('',(#2801,#2803,#2805,#2806));
#2808=FACE_OUTER_BOUND('',#2807,.F.);
#2809=ADVANCED_FACE('',(#2808),#2799,.T.);
#2810=CARTESIAN_POINT('',(-4.05E0,1.12E0,2.19E0));
#2811=CARTESIAN_POINT('',(-4.05E0,1.12E0,2.020121933088E0));
#2812=CARTESIAN_POINT('',(-3.929878066912E0,1.12E0,1.9E0));
#2813=CARTESIAN_POINT('',(-3.76E0,1.12E0,1.9E0));
#2814=CARTESIAN_POINT('',(-4.05E0,1.434001429721E0,2.19E0));
#2815=CARTESIAN_POINT('',(-4.05E0,1.434001429721E0,2.020121933088E0));
#2816=CARTESIAN_POINT('',(-3.929878066912E0,1.308273233952E0,1.9E0));
#2817=CARTESIAN_POINT('',(-3.76E0,1.130466714324E0,1.9E0));
#2818=CARTESIAN_POINT('',(-3.759900505901E0,1.554164574613E0,2.19E0));
#2819=CARTESIAN_POINT('',(-3.759900505901E0,1.554164574614E0,2.020121933088E0));
#2820=CARTESIAN_POINT('',(-3.755936279543E0,1.380322281344E0,1.9E0));
#2821=CARTESIAN_POINT('',(-3.750330016863E0,1.134472152487E0,1.9E0));
#2822=CARTESIAN_POINT('',(-3.537867965644E0,1.332132034356E0,2.19E0));
#2823=CARTESIAN_POINT('',(-3.537867965644E0,1.332132034356E0,2.020121933088E0));
#2824=CARTESIAN_POINT('',(-3.622806999100E0,1.247193000900E0,1.9E0));
#2825=CARTESIAN_POINT('',(-3.742928932188E0,1.127071067812E0,1.9E0));
#2826=(BOUNDED_SURFACE()B_SPLINE_SURFACE(3,3,((#2810,#2811,#2812,#2813),(#2814,
#2815,#2816,#2817),(#2818,#2819,#2820,#2821),(#2822,#2823,#2824,#2825)),
.UNSPECIFIED.,.F.,.F.,.F.)B_SPLINE_SURFACE_WITH_KNOTS((4,4),(4,4),(0.E0,1.E0),(
0.E0,1.E0),.UNSPECIFIED.)GEOMETRIC_REPRESENTATION_ITEM()RATIONAL_B_SPLINE_SURFACE(((1.694636455215E0,1.363738104490E0,1.363738104490E0,1.694636455215E0),(
9.972183486004E-1,8.024993539460E-1,8.024993539460E-1,9.972183486004E-1),(
9.972183486004E-1,8.024993539460E-1,8.024993539460E-1,9.972183486004E-1),(
1.694636455215E0,1.363738104490E0,1.363738104490E0,1.694636455215E0)))REPRESENTATION_ITEM('')SURFACE());
#2828=ORIENTED_EDGE('',*,*,#2827,.F.);
#2830=ORIENTED_EDGE('',*,*,#2829,.T.);
#2831=ORIENTED_EDGE('',*,*,#2800,.T.);
#2833=ORIENTED_EDGE('',*,*,#2832,.T.);
#2834=EDGE_LOOP('',(#2828,#2830,#2831,#2833));
#2835=FACE_OUTER_BOUND('',#2834,.F.);
#2836=ADVANCED_FACE('',(#2835),#2826,.T.);
#2837=CARTESIAN_POINT('',(0.E0,4.2E-1,1.9E0));
#2838=DIRECTION('',(0.E0,0.E0,-1.E0));
#2839=DIRECTION('',(1.E0,0.E0,0.E0));
#2840=AXIS2_PLACEMENT_3D('',#2837,#2838,#2839);
#2841=PLANE('',#2840);
#2842=ORIENTED_EDGE('',*,*,#2827,.T.);
#2844=ORIENTED_EDGE('',*,*,#2843,.F.);
#2845=ORIENTED_EDGE('',*,*,#2754,.T.);
#2846=ORIENTED_EDGE('',*,*,#2679,.F.);
#2848=ORIENTED_EDGE('',*,*,#2847,.T.);
#2849=EDGE_LOOP('',(#2842,#2844,#2845,#2846,#2848));
#2850=FACE_OUTER_BOUND('',#2849,.F.);
#2851=ADVANCED_FACE('',(#2850),#2841,.T.);
#2852=CARTESIAN_POINT('',(-3.76E0,9.371341157276E-2,2.19E0));
#2853=DIRECTION('',(0.E0,1.E0,0.E0));
#2854=DIRECTION('',(0.E0,0.E0,-1.E0));
#2855=AXIS2_PLACEMENT_3D('',#2852,#2853,#2854);
#2856=CYLINDRICAL_SURFACE('',#2855,2.9E-1);
#2857=ORIENTED_EDGE('',*,*,#2843,.T.);
#2858=ORIENTED_EDGE('',*,*,#2832,.F.);
#2859=ORIENTED_EDGE('',*,*,#2790,.T.);
#2860=ORIENTED_EDGE('',*,*,#2756,.F.);
#2861=EDGE_LOOP('',(#2857,#2858,#2859,#2860));
#2862=FACE_OUTER_BOUND('',#2861,.F.);
#2863=ADVANCED_FACE('',(#2862),#2856,.T.);
#2864=CARTESIAN_POINT('',(-3.761516357119E0,1.145658492743E0,2.19E0));
#2865=DIRECTION('',(7.071067811865E-1,-7.071067811865E-1,0.E0));
#2866=DIRECTION('',(0.E0,0.E0,-1.E0));
#2867=AXIS2_PLACEMENT_3D('',#2864,#2865,#2866);
#2868=CYLINDRICAL_SURFACE('',#2867,2.9E-1);
#2869=ORIENTED_EDGE('',*,*,#2847,.F.);
#2870=ORIENTED_EDGE('',*,*,#2677,.T.);
#2872=ORIENTED_EDGE('',*,*,#2871,.F.);
#2874=ORIENTED_EDGE('',*,*,#2873,.T.);
#2875=ORIENTED_EDGE('',*,*,#2829,.F.);
#2876=EDGE_LOOP('',(#2869,#2870,#2872,#2874,#2875));
#2877=FACE_OUTER_BOUND('',#2876,.F.);
#2878=ADVANCED_FACE('',(#2877),#2868,.T.);
#2879=CARTESIAN_POINT('',(-4.076230377791E0,1.2E-1,2.1E0));
#2880=DIRECTION('',(1.E0,0.E0,0.E0));
#2881=DIRECTION('',(0.E0,1.E0,0.E0));
#2882=AXIS2_PLACEMENT_3D('',#2879,#2880,#2881);
#2883=CYLINDRICAL_SURFACE('',#2882,3.E-1);
#2885=ORIENTED_EDGE('',*,*,#2884,.T.);
#2886=ORIENTED_EDGE('',*,*,#2871,.T.);
#2887=ORIENTED_EDGE('',*,*,#2675,.T.);
#2889=ORIENTED_EDGE('',*,*,#2888,.T.);
#2891=ORIENTED_EDGE('',*,*,#2890,.F.);
#2893=ORIENTED_EDGE('',*,*,#2892,.T.);
#2895=ORIENTED_EDGE('',*,*,#2894,.T.);
#2897=ORIENTED_EDGE('',*,*,#2896,.T.);
#2898=EDGE_LOOP('',(#2885,#2886,#2887,#2889,#2891,#2893,#2895,#2897));
#2899=FACE_OUTER_BOUND('',#2898,.F.);
#2900=ADVANCED_FACE('',(#2899),#2883,.T.);
#2901=CARTESIAN_POINT('',(-3.537867965644E0,1.332132034356E0,2.5E0));
#2902=DIRECTION('',(7.071067811865E-1,7.071067811865E-1,0.E0));
#2903=DIRECTION('',(7.071067811865E-1,-7.071067811865E-1,0.E0));
#2904=AXIS2_PLACEMENT_3D('',#2901,#2902,#2903);
#2905=PLANE('',#2904);
#2906=ORIENTED_EDGE('',*,*,#2873,.F.);
#2907=ORIENTED_EDGE('',*,*,#2884,.F.);
#2909=ORIENTED_EDGE('',*,*,#2908,.F.);
#2910=ORIENTED_EDGE('',*,*,#2802,.F.);
#2911=EDGE_LOOP('',(#2906,#2907,#2909,#2910));
#2912=FACE_OUTER_BOUND('',#2911,.F.);
#2913=ADVANCED_FACE('',(#2912),#2905,.T.);
#2914=CARTESIAN_POINT('',(-2.709107660452E0,9.324979607529E-2,2.21E0));
#2915=DIRECTION('',(-7.071067811865E-1,7.071067811865E-1,0.E0));
#2916=DIRECTION('',(0.E0,0.E0,1.E0));
#2917=AXIS2_PLACEMENT_3D('',#2914,#2915,#2916);
#2918=CYLINDRICAL_SURFACE('',#2917,2.9E-1);
#2920=ORIENTED_EDGE('',*,*,#2919,.F.);
#2922=ORIENTED_EDGE('',*,*,#2921,.F.);
#2923=ORIENTED_EDGE('',*,*,#2908,.T.);
#2924=ORIENTED_EDGE('',*,*,#2896,.F.);
#2926=ORIENTED_EDGE('',*,*,#2925,.T.);
#2927=EDGE_LOOP('',(#2920,#2922,#2923,#2924,#2926));
#2928=FACE_OUTER_BOUND('',#2927,.F.);
#2929=ADVANCED_FACE('',(#2928),#2918,.T.);
#2930=CARTESIAN_POINT('',(0.E0,4.2E-1,2.5E0));
#2931=DIRECTION('',(0.E0,0.E0,-1.E0));
#2932=DIRECTION('',(1.E0,0.E0,0.E0));
#2933=AXIS2_PLACEMENT_3D('',#2930,#2931,#2932);
#2934=PLANE('',#2933);
#2935=ORIENTED_EDGE('',*,*,#2919,.T.);
#2937=ORIENTED_EDGE('',*,*,#2936,.F.);
#2939=ORIENTED_EDGE('',*,*,#2938,.F.);
#2941=ORIENTED_EDGE('',*,*,#2940,.T.);
#2942=EDGE_LOOP('',(#2935,#2937,#2939,#2941));
#2943=FACE_OUTER_BOUND('',#2942,.F.);
#2944=ADVANCED_FACE('',(#2943),#2934,.F.);
#2945=CARTESIAN_POINT('',(4.245290552767E0,1.2E-1,2.5E0));
#2946=DIRECTION('',(0.E0,-1.745240643728E-2,9.998476951564E-1));
#2947=DIRECTION('',(1.E0,0.E0,0.E0));
#2948=AXIS2_PLACEMENT_3D('',#2945,#2946,#2947);
#2949=PLANE('',#2948);
#2951=ORIENTED_EDGE('',*,*,#2950,.T.);
#2953=ORIENTED_EDGE('',*,*,#2952,.T.);
#2955=ORIENTED_EDGE('',*,*,#2954,.T.);
#2957=ORIENTED_EDGE('',*,*,#2956,.F.);
#2959=ORIENTED_EDGE('',*,*,#2958,.T.);
#2960=ORIENTED_EDGE('',*,*,#2936,.T.);
#2961=EDGE_LOOP('',(#2951,#2953,#2955,#2957,#2959,#2960));
#2962=FACE_OUTER_BOUND('',#2961,.F.);
#2963=ADVANCED_FACE('',(#2962),#2949,.T.);
#2964=CARTESIAN_POINT('',(0.E0,1.2E-1,0.E0));
#2965=DIRECTION('',(0.E0,1.E0,0.E0));
#2966=DIRECTION('',(0.E0,0.E0,-1.E0));
#2967=AXIS2_PLACEMENT_3D('',#2964,#2965,#2966);
#2968=PLANE('',#2967);
#2969=ORIENTED_EDGE('',*,*,#2950,.F.);
#2970=ORIENTED_EDGE('',*,*,#2925,.F.);
#2971=ORIENTED_EDGE('',*,*,#2894,.F.);
#2973=ORIENTED_EDGE('',*,*,#2972,.F.);
#2974=EDGE_LOOP('',(#2969,#2970,#2971,#2973));
#2975=FACE_OUTER_BOUND('',#2974,.F.);
#2976=ADVANCED_FACE('',(#2975),#2968,.T.);
#2977=CARTESIAN_POINT('',(3.769333381662E0,1.153475517286E0,2.21E0));
#2978=DIRECTION('',(-7.071067811865E-1,-7.071067811865E-1,0.E0));
#2979=DIRECTION('',(0.E0,0.E0,1.E0));
#2980=AXIS2_PLACEMENT_3D('',#2977,#2978,#2979);
#2981=CYLINDRICAL_SURFACE('',#2980,2.9E-1);
#2983=ORIENTED_EDGE('',*,*,#2982,.F.);
#2984=ORIENTED_EDGE('',*,*,#2972,.T.);
#2985=ORIENTED_EDGE('',*,*,#2892,.F.);
#2987=ORIENTED_EDGE('',*,*,#2986,.T.);
#2989=ORIENTED_EDGE('',*,*,#2988,.F.);
#2990=EDGE_LOOP('',(#2983,#2984,#2985,#2987,#2989));
#2991=FACE_OUTER_BOUND('',#2990,.F.);
#2992=ADVANCED_FACE('',(#2991),#2981,.T.);
#2993=CARTESIAN_POINT('',(0.E0,4.2E-1,2.5E0));
#2994=DIRECTION('',(0.E0,0.E0,-1.E0));
#2995=DIRECTION('',(1.E0,0.E0,0.E0));
#2996=AXIS2_PLACEMENT_3D('',#2993,#2994,#2995);
#2997=PLANE('',#2996);
#2998=ORIENTED_EDGE('',*,*,#2982,.T.);
#3000=ORIENTED_EDGE('',*,*,#2999,.T.);
#3002=ORIENTED_EDGE('',*,*,#3001,.F.);
#3003=ORIENTED_EDGE('',*,*,#2952,.F.);
#3004=EDGE_LOOP('',(#2998,#3000,#3002,#3003));
#3005=FACE_OUTER_BOUND('',#3004,.F.);
#3006=ADVANCED_FACE('',(#3005),#2997,.F.);
#3007=CARTESIAN_POINT('',(3.742928932188E0,1.127071067812E0,2.5E0));
#3008=CARTESIAN_POINT('',(3.622806999095E0,1.247193000895E0,2.5E0));
#3009=CARTESIAN_POINT('',(3.537867965636E0,1.332132034348E0,2.379878066912E0));
#3010=CARTESIAN_POINT('',(3.537867965636E0,1.332132034347E0,2.21E0));
#3011=CARTESIAN_POINT('',(3.750330017428E0,1.134472153052E0,2.5E0));
#3012=CARTESIAN_POINT('',(3.755936289702E0,1.380322291512E0,2.5E0));
#3013=CARTESIAN_POINT('',(3.759900522843E0,1.554164591572E0,2.379878066912E0));
#3014=CARTESIAN_POINT('',(3.759900522843E0,1.554164591572E0,2.21E0));
#3015=CARTESIAN_POINT('',(3.760000001094E0,1.130466714078E0,2.5E0));
#3016=CARTESIAN_POINT('',(3.929878086591E0,1.308273229531E0,2.5E0));
#3017=CARTESIAN_POINT('',(4.050000032820E0,1.434001422346E0,2.379878066911E0));
#3018=CARTESIAN_POINT('',(4.050000032820E0,1.434001422346E0,2.209999999999E0));
#3019=CARTESIAN_POINT('',(3.76E0,1.119999998955E0,2.5E0));
#3020=CARTESIAN_POINT('',(3.929878066912E0,1.119999981199E0,2.5E0));
#3021=CARTESIAN_POINT('',(4.05E0,1.119999968643E0,2.379878066912E0));
#3022=CARTESIAN_POINT('',(4.05E0,1.119999968643E0,2.21E0));
#3023=(BOUNDED_SURFACE()B_SPLINE_SURFACE(3,3,((#3007,#3008,#3009,#3010),(#3011,
#3012,#3013,#3014),(#3015,#3016,#3017,#3018),(#3019,#3020,#3021,#3022)),
.UNSPECIFIED.,.F.,.F.,.F.)B_SPLINE_SURFACE_WITH_KNOTS((4,4),(4,4),(0.E0,1.E0),(
0.E0,1.E0),.UNSPECIFIED.)GEOMETRIC_REPRESENTATION_ITEM()RATIONAL_B_SPLINE_SURFACE(((1.694636514414E0,1.363738152130E0,1.363738152130E0,1.694636514414E0),(
9.972183288674E-1,8.024993380659E-1,8.024993380659E-1,9.972183288674E-1),(
9.972183288674E-1,8.024993380659E-1,8.024993380659E-1,9.972183288674E-1),(
1.694636514414E0,1.363738152130E0,1.363738152130E0,1.694636514414E0)))REPRESENTATION_ITEM('')SURFACE());
#3024=ORIENTED_EDGE('',*,*,#2999,.F.);
#3025=ORIENTED_EDGE('',*,*,#2988,.T.);
#3027=ORIENTED_EDGE('',*,*,#3026,.T.);
#3029=ORIENTED_EDGE('',*,*,#3028,.T.);
#3030=EDGE_LOOP('',(#3024,#3025,#3027,#3029));
#3031=FACE_OUTER_BOUND('',#3030,.F.);
#3032=ADVANCED_FACE('',(#3031),#3023,.T.);
#3033=CARTESIAN_POINT('',(3.75E0,1.12E0,2.5E0));
#3034=DIRECTION('',(0.E0,0.E0,-1.E0));
#3035=DIRECTION('',(1.E0,0.E0,0.E0));
#3036=AXIS2_PLACEMENT_3D('',#3033,#3034,#3035);
#3037=CYLINDRICAL_SURFACE('',#3036,3.E-1);
#3039=ORIENTED_EDGE('',*,*,#3038,.F.);
#3041=ORIENTED_EDGE('',*,*,#3040,.T.);
#3042=ORIENTED_EDGE('',*,*,#3026,.F.);
#3044=ORIENTED_EDGE('',*,*,#3043,.T.);
#3045=EDGE_LOOP('',(#3039,#3041,#3042,#3044));
#3046=FACE_OUTER_BOUND('',#3045,.F.);
#3047=ADVANCED_FACE('',(#3046),#3037,.T.);
#3048=CARTESIAN_POINT('',(3.537867965629E0,1.332132034341E0,2.19E0));
#3049=CARTESIAN_POINT('',(3.537867965629E0,1.332132034341E0,2.020121933088E0));
#3050=CARTESIAN_POINT('',(3.622806999092E0,1.247193000891E0,1.9E0));
#3051=CARTESIAN_POINT('',(3.742928932189E0,1.127071067811E0,1.9E0));
#3052=CARTESIAN_POINT('',(3.759900505891E0,1.554164574634E0,2.190000000001E0));
#3053=CARTESIAN_POINT('',(3.759900505891E0,1.554164574634E0,2.020121933089E0));
#3054=CARTESIAN_POINT('',(3.755936279537E0,1.380322281356E0,1.9E0));
#3055=CARTESIAN_POINT('',(3.750330016864E0,1.134472152487E0,1.9E0));
#3056=CARTESIAN_POINT('',(4.050000000015E0,1.434001429733E0,2.190000000001E0));
#3057=CARTESIAN_POINT('',(4.050000000016E0,1.434001429734E0,2.020121933089E0));
#3058=CARTESIAN_POINT('',(3.929878066921E0,1.308273233960E0,1.9E0));
#3059=CARTESIAN_POINT('',(3.76E0,1.130466714324E0,1.9E0));
#3060=CARTESIAN_POINT('',(4.05E0,1.119999999985E0,2.19E0));
#3061=CARTESIAN_POINT('',(4.05E0,1.119999999986E0,2.020121933088E0));
#3062=CARTESIAN_POINT('',(3.929878066912E0,1.119999999992E0,1.9E0));
#3063=CARTESIAN_POINT('',(3.76E0,1.12E0,1.9E0));
#3064=(BOUNDED_SURFACE()B_SPLINE_SURFACE(3,3,((#3048,#3049,#3050,#3051),(#3052,
#3053,#3054,#3055),(#3056,#3057,#3058,#3059),(#3060,#3061,#3062,#3063)),
.UNSPECIFIED.,.F.,.F.,.F.)B_SPLINE_SURFACE_WITH_KNOTS((4,4),(4,4),(0.E0,1.E0),(
0.E0,1.E0),.UNSPECIFIED.)GEOMETRIC_REPRESENTATION_ITEM()RATIONAL_B_SPLINE_SURFACE(((1.694636455283E0,1.363738104544E0,1.363738104544E0,1.694636455283E0),(
9.972183485783E-1,8.024993539277E-1,8.024993539277E-1,9.972183485783E-1),(
9.972183485783E-1,8.024993539277E-1,8.024993539277E-1,9.972183485783E-1),(
1.694636455283E0,1.363738104544E0,1.363738104544E0,1.694636455283E0)))REPRESENTATION_ITEM('')SURFACE());
#3066=ORIENTED_EDGE('',*,*,#3065,.F.);
#3068=ORIENTED_EDGE('',*,*,#3067,.T.);
#3069=ORIENTED_EDGE('',*,*,#3038,.T.);
#3071=ORIENTED_EDGE('',*,*,#3070,.T.);
#3072=EDGE_LOOP('',(#3066,#3068,#3069,#3071));
#3073=FACE_OUTER_BOUND('',#3072,.F.);
#3074=ADVANCED_FACE('',(#3073),#3064,.T.);
#3075=CARTESIAN_POINT('',(0.E0,4.2E-1,1.9E0));
#3076=DIRECTION('',(0.E0,0.E0,-1.E0));
#3077=DIRECTION('',(1.E0,0.E0,0.E0));
#3078=AXIS2_PLACEMENT_3D('',#3075,#3076,#3077);
#3079=PLANE('',#3078);
#3081=ORIENTED_EDGE('',*,*,#3080,.T.);
#3082=ORIENTED_EDGE('',*,*,#2671,.F.);
#3084=ORIENTED_EDGE('',*,*,#3083,.T.);
#3086=ORIENTED_EDGE('',*,*,#3085,.F.);
#3087=ORIENTED_EDGE('',*,*,#3065,.T.);
#3088=EDGE_LOOP('',(#3081,#3082,#3084,#3086,#3087));
#3089=FACE_OUTER_BOUND('',#3088,.F.);
#3090=ADVANCED_FACE('',(#3089),#3079,.T.);
#3091=CARTESIAN_POINT('',(2.709107682625E0,9.324981824895E-2,2.19E0));
#3092=DIRECTION('',(7.071067811865E-1,7.071067811865E-1,0.E0));
#3093=DIRECTION('',(0.E0,0.E0,-1.E0));
#3094=AXIS2_PLACEMENT_3D('',#3091,#3092,#3093);
#3095=CYLINDRICAL_SURFACE('',#3094,2.9E-1);
#3096=ORIENTED_EDGE('',*,*,#3080,.F.);
#3097=ORIENTED_EDGE('',*,*,#3070,.F.);
#3099=ORIENTED_EDGE('',*,*,#3098,.T.);
#3100=ORIENTED_EDGE('',*,*,#2888,.F.);
#3101=ORIENTED_EDGE('',*,*,#2673,.F.);
#3102=EDGE_LOOP('',(#3096,#3097,#3099,#3100,#3101));
#3103=FACE_OUTER_BOUND('',#3102,.F.);
#3104=ADVANCED_FACE('',(#3103),#3095,.T.);
#3105=CARTESIAN_POINT('',(2.325735931288E0,1.2E-1,2.5E0));
#3106=DIRECTION('',(-7.071067811865E-1,7.071067811865E-1,0.E0));
#3107=DIRECTION('',(7.071067811865E-1,7.071067811865E-1,0.E0));
#3108=AXIS2_PLACEMENT_3D('',#3105,#3106,#3107);
#3109=PLANE('',#3108);
#3110=ORIENTED_EDGE('',*,*,#3098,.F.);
#3111=ORIENTED_EDGE('',*,*,#3043,.F.);
#3112=ORIENTED_EDGE('',*,*,#2986,.F.);
#3113=ORIENTED_EDGE('',*,*,#2890,.T.);
#3114=EDGE_LOOP('',(#3110,#3111,#3112,#3113));
#3115=FACE_OUTER_BOUND('',#3114,.F.);
#3116=ADVANCED_FACE('',(#3115),#3109,.T.);
#3117=CARTESIAN_POINT('',(3.75E0,1.2E-1,2.425464869445E0));
#3118=DIRECTION('',(0.E0,0.E0,-1.E0));
#3119=DIRECTION('',(0.E0,1.E0,0.E0));
#3120=AXIS2_PLACEMENT_3D('',#3117,#3118,#3119);
#3121=CYLINDRICAL_SURFACE('',#3120,3.E-1);
#3123=ORIENTED_EDGE('',*,*,#3122,.F.);
#3125=ORIENTED_EDGE('',*,*,#3124,.T.);
#3127=ORIENTED_EDGE('',*,*,#3126,.T.);
#3129=ORIENTED_EDGE('',*,*,#3128,.F.);
#3130=ORIENTED_EDGE('',*,*,#3083,.F.);
#3131=ORIENTED_EDGE('',*,*,#2669,.T.);
#3132=EDGE_LOOP('',(#3123,#3125,#3127,#3129,#3130,#3131));
#3133=FACE_OUTER_BOUND('',#3132,.F.);
#3134=ADVANCED_FACE('',(#3133),#3121,.T.);
#3135=CARTESIAN_POINT('',(0.E0,4.2E-1,-1.9E0));
#3136=DIRECTION('',(0.E0,0.E0,-1.E0));
#3137=DIRECTION('',(1.E0,0.E0,0.E0));
#3138=AXIS2_PLACEMENT_3D('',#3135,#3136,#3137);
#3139=PLANE('',#3138);
#3141=ORIENTED_EDGE('',*,*,#3140,.T.);
#3143=ORIENTED_EDGE('',*,*,#3142,.T.);
#3145=ORIENTED_EDGE('',*,*,#3144,.F.);
#3146=ORIENTED_EDGE('',*,*,#3122,.T.);
#3147=ORIENTED_EDGE('',*,*,#2667,.T.);
#3148=EDGE_LOOP('',(#3141,#3143,#3145,#3146,#3147));
#3149=FACE_OUTER_BOUND('',#3148,.F.);
#3150=ADVANCED_FACE('',(#3149),#3139,.F.);
#3151=CARTESIAN_POINT('',(3.769333417083E0,1.153475552706E0,-2.19E0));
#3152=DIRECTION('',(-7.071067811865E-1,-7.071067811865E-1,0.E0));
#3153=DIRECTION('',(0.E0,0.E0,1.E0));
#3154=AXIS2_PLACEMENT_3D('',#3151,#3152,#3153);
#3155=CYLINDRICAL_SURFACE('',#3154,2.9E-1);
#3156=ORIENTED_EDGE('',*,*,#3140,.F.);
#3157=ORIENTED_EDGE('',*,*,#2665,.T.);
#3159=ORIENTED_EDGE('',*,*,#3158,.F.);
#3161=ORIENTED_EDGE('',*,*,#3160,.T.);
#3163=ORIENTED_EDGE('',*,*,#3162,.F.);
#3164=EDGE_LOOP('',(#3156,#3157,#3159,#3161,#3163));
#3165=FACE_OUTER_BOUND('',#3164,.F.);
#3166=ADVANCED_FACE('',(#3165),#3155,.T.);
#3167=CARTESIAN_POINT('',(4.074060786536E0,1.2E-1,-2.1E0));
#3168=DIRECTION('',(-1.E0,0.E0,0.E0));
#3169=DIRECTION('',(0.E0,1.E0,0.E0));
#3170=AXIS2_PLACEMENT_3D('',#3167,#3168,#3169);
#3171=CYLINDRICAL_SURFACE('',#3170,3.E-1);
#3173=ORIENTED_EDGE('',*,*,#3172,.F.);
#3175=ORIENTED_EDGE('',*,*,#3174,.T.);
#3177=ORIENTED_EDGE('',*,*,#3176,.T.);
#3179=ORIENTED_EDGE('',*,*,#3178,.T.);
#3181=ORIENTED_EDGE('',*,*,#3180,.T.);
#3182=ORIENTED_EDGE('',*,*,#3158,.T.);
#3183=ORIENTED_EDGE('',*,*,#2663,.T.);
#3185=ORIENTED_EDGE('',*,*,#3184,.T.);
#3186=EDGE_LOOP('',(#3173,#3175,#3177,#3179,#3181,#3182,#3183,#3185));
#3187=FACE_OUTER_BOUND('',#3186,.F.);
#3188=ADVANCED_FACE('',(#3187),#3171,.T.);
#3189=CARTESIAN_POINT('',(-3.537867965644E0,1.332132034356E0,-2.5E0));
#3190=DIRECTION('',(-7.071067811865E-1,-7.071067811865E-1,0.E0));
#3191=DIRECTION('',(7.071067811865E-1,-7.071067811865E-1,0.E0));
#3192=AXIS2_PLACEMENT_3D('',#3189,#3190,#3191);
#3193=PLANE('',#3192);
#3195=ORIENTED_EDGE('',*,*,#3194,.F.);
#3197=ORIENTED_EDGE('',*,*,#3196,.F.);
#3199=ORIENTED_EDGE('',*,*,#3198,.F.);
#3200=ORIENTED_EDGE('',*,*,#3172,.T.);
#3201=EDGE_LOOP('',(#3195,#3197,#3199,#3200));
#3202=FACE_OUTER_BOUND('',#3201,.F.);
#3203=ADVANCED_FACE('',(#3202),#3193,.F.);
#3204=CARTESIAN_POINT('',(-2.709107638278E0,9.324977390160E-2,-2.19E0));
#3205=DIRECTION('',(-7.071067811865E-1,7.071067811865E-1,0.E0));
#3206=DIRECTION('',(0.E0,0.E0,1.E0));
#3207=AXIS2_PLACEMENT_3D('',#3204,#3205,#3206);
#3208=CYLINDRICAL_SURFACE('',#3207,2.9E-1);
#3209=ORIENTED_EDGE('',*,*,#2693,.F.);
#3210=ORIENTED_EDGE('',*,*,#2725,.F.);
#3211=ORIENTED_EDGE('',*,*,#3194,.T.);
#3212=ORIENTED_EDGE('',*,*,#3184,.F.);
#3213=ORIENTED_EDGE('',*,*,#2661,.F.);
#3214=EDGE_LOOP('',(#3209,#3210,#3211,#3212,#3213));
#3215=FACE_OUTER_BOUND('',#3214,.F.);
#3216=ADVANCED_FACE('',(#3215),#3208,.T.);
#3217=CARTESIAN_POINT('',(-3.75E0,1.12E0,-2.5E0));
#3218=DIRECTION('',(0.E0,0.E0,-1.E0));
#3219=DIRECTION('',(1.E0,0.E0,0.E0));
#3220=AXIS2_PLACEMENT_3D('',#3217,#3218,#3219);
#3221=CYLINDRICAL_SURFACE('',#3220,3.E-1);
#3222=ORIENTED_EDGE('',*,*,#2723,.F.);
#3224=ORIENTED_EDGE('',*,*,#3223,.T.);
#3226=ORIENTED_EDGE('',*,*,#3225,.F.);
#3227=ORIENTED_EDGE('',*,*,#3196,.T.);
#3228=EDGE_LOOP('',(#3222,#3224,#3226,#3227));
#3229=FACE_OUTER_BOUND('',#3228,.F.);
#3230=ADVANCED_FACE('',(#3229),#3221,.T.);
#3231=CARTESIAN_POINT('',(-4.05E0,1.2E-1,-2.5E0));
#3232=DIRECTION('',(1.E0,0.E0,0.E0));
#3233=DIRECTION('',(0.E0,1.E0,0.E0));
#3234=AXIS2_PLACEMENT_3D('',#3231,#3232,#3233);
#3235=PLANE('',#3234);
#3236=ORIENTED_EDGE('',*,*,#3223,.F.);
#3237=ORIENTED_EDGE('',*,*,#2738,.F.);
#3238=ORIENTED_EDGE('',*,*,#2775,.T.);
#3240=ORIENTED_EDGE('',*,*,#3239,.F.);
#3241=EDGE_LOOP('',(#3236,#3237,#3238,#3240));
#3242=FACE_OUTER_BOUND('',#3241,.F.);
#3243=ADVANCED_FACE('',(#3242),#3235,.F.);
#3244=CARTESIAN_POINT('',(-3.76E0,9.371338978337E-2,-2.21E0));
#3245=DIRECTION('',(0.E0,1.E0,0.E0));
#3246=DIRECTION('',(0.E0,0.E0,-1.E0));
#3247=AXIS2_PLACEMENT_3D('',#3244,#3245,#3246);
#3248=CYLINDRICAL_SURFACE('',#3247,2.9E-1);
#3250=ORIENTED_EDGE('',*,*,#3249,.T.);
#3252=ORIENTED_EDGE('',*,*,#3251,.F.);
#3253=ORIENTED_EDGE('',*,*,#3239,.T.);
#3255=ORIENTED_EDGE('',*,*,#3254,.T.);
#3256=EDGE_LOOP('',(#3250,#3252,#3253,#3255));
#3257=FACE_OUTER_BOUND('',#3256,.F.);
#3258=ADVANCED_FACE('',(#3257),#3248,.T.);
#3259=CARTESIAN_POINT('',(0.E0,4.2E-1,-2.5E0));
#3260=DIRECTION('',(0.E0,0.E0,-1.E0));
#3261=DIRECTION('',(1.E0,0.E0,0.E0));
#3262=AXIS2_PLACEMENT_3D('',#3259,#3260,#3261);
#3263=PLANE('',#3262);
#3265=ORIENTED_EDGE('',*,*,#3264,.T.);
#3267=ORIENTED_EDGE('',*,*,#3266,.T.);
#3268=ORIENTED_EDGE('',*,*,#3249,.F.);
#3270=ORIENTED_EDGE('',*,*,#3269,.T.);
#3271=EDGE_LOOP('',(#3265,#3267,#3268,#3270));
#3272=FACE_OUTER_BOUND('',#3271,.F.);
#3273=ADVANCED_FACE('',(#3272),#3263,.T.);
#3274=CARTESIAN_POINT('',(-3.761516372527E0,1.145658508150E0,-2.21E0));
#3275=DIRECTION('',(7.071067811865E-1,-7.071067811865E-1,0.E0));
#3276=DIRECTION('',(0.E0,0.E0,-1.E0));
#3277=AXIS2_PLACEMENT_3D('',#3274,#3275,#3276);
#3278=CYLINDRICAL_SURFACE('',#3277,2.9E-1);
#3279=ORIENTED_EDGE('',*,*,#3264,.F.);
#3281=ORIENTED_EDGE('',*,*,#3280,.T.);
#3282=ORIENTED_EDGE('',*,*,#3174,.F.);
#3283=ORIENTED_EDGE('',*,*,#3198,.T.);
#3285=ORIENTED_EDGE('',*,*,#3284,.F.);
#3286=EDGE_LOOP('',(#3279,#3281,#3282,#3283,#3285));
#3287=FACE_OUTER_BOUND('',#3286,.F.);
#3288=ADVANCED_FACE('',(#3287),#3278,.T.);
#3289=CARTESIAN_POINT('',(0.E0,1.2E-1,0.E0));
#3290=DIRECTION('',(0.E0,1.E0,0.E0));
#3291=DIRECTION('',(0.E0,0.E0,-1.E0));
#3292=AXIS2_PLACEMENT_3D('',#3289,#3290,#3291);
#3293=PLANE('',#3292);
#3294=ORIENTED_EDGE('',*,*,#3176,.F.);
#3295=ORIENTED_EDGE('',*,*,#3280,.F.);
#3297=ORIENTED_EDGE('',*,*,#3296,.F.);
#3299=ORIENTED_EDGE('',*,*,#3298,.F.);
#3300=EDGE_LOOP('',(#3294,#3295,#3297,#3299));
#3301=FACE_OUTER_BOUND('',#3300,.F.);
#3302=ADVANCED_FACE('',(#3301),#3293,.T.);
#3303=CARTESIAN_POINT('',(-4.245290552767E0,1.2E-1,-2.5E0));
#3304=DIRECTION('',(0.E0,-1.745240643728E-2,-9.998476951564E-1));
#3305=DIRECTION('',(-1.E0,0.E0,0.E0));
#3306=AXIS2_PLACEMENT_3D('',#3303,#3304,#3305);
#3307=PLANE('',#3306);
#3308=ORIENTED_EDGE('',*,*,#3296,.T.);
#3309=ORIENTED_EDGE('',*,*,#3269,.F.);
#3311=ORIENTED_EDGE('',*,*,#3310,.T.);
#3313=ORIENTED_EDGE('',*,*,#3312,.F.);
#3315=ORIENTED_EDGE('',*,*,#3314,.T.);
#3317=ORIENTED_EDGE('',*,*,#3316,.F.);
#3318=EDGE_LOOP('',(#3308,#3309,#3311,#3313,#3315,#3317));
#3319=FACE_OUTER_BOUND('',#3318,.F.);
#3320=ADVANCED_FACE('',(#3319),#3307,.T.);
#3321=CARTESIAN_POINT('',(-3.645223199307E0,-6.453027716133E0,
-2.095223199307E0));
#3322=DIRECTION('',(-1.744974916068E-2,9.996954598819E-1,-1.744974916068E-2));
#3323=DIRECTION('',(0.E0,-1.745240643728E-2,-9.998476951564E-1));
#3324=AXIS2_PLACEMENT_3D('',#3321,#3322,#3323);
#3325=CYLINDRICAL_SURFACE('',#3324,2.9E-1);
#3326=ORIENTED_EDGE('',*,*,#3310,.F.);
#3327=ORIENTED_EDGE('',*,*,#3254,.F.);
#3328=ORIENTED_EDGE('',*,*,#2773,.F.);
#3330=ORIENTED_EDGE('',*,*,#3329,.T.);
#3331=EDGE_LOOP('',(#3326,#3327,#3328,#3330));
#3332=FACE_OUTER_BOUND('',#3331,.F.);
#3333=ADVANCED_FACE('',(#3332),#3325,.T.);
#3334=CARTESIAN_POINT('',(-3.635574130365E0,-6.729999991553E0,
-2.085673122249E0));
#3335=CARTESIAN_POINT('',(-3.636482103021E0,-6.729946171997E0,
-2.112912157426E0));
#3336=CARTESIAN_POINT('',(-3.638285759685E0,-6.722609601816E0,
-2.167038375635E0));
#3337=CARTESIAN_POINT('',(-3.640818988369E0,-6.689795497540E0,
-2.243110464556E0));
#3338=CARTESIAN_POINT('',(-3.642966843271E0,-6.637340046172E0,
-2.307674621060E0));
#3339=CARTESIAN_POINT('',(-3.644556408189E0,-6.569395258279E0,
-2.355531001001E0));
#3340=CARTESIAN_POINT('',(-3.645373876912E0,-6.499596478414E0,
-2.380195286305E0));
#3341=CARTESIAN_POINT('',(-3.645541029572E0,-6.453773813204E0,
-2.385242227041E0));
#3342=CARTESIAN_POINT('',(-3.645551895584E0,-6.435234313E0,-2.385570816049E0));
#3343=CARTESIAN_POINT('',(-3.755689294920E0,-6.730040993091E0,
-1.965557957694E0));
#3344=CARTESIAN_POINT('',(-3.756586654154E0,-6.740893242754E0,
-1.992831078231E0));
#3345=CARTESIAN_POINT('',(-3.759873693835E0,-6.755231675984E0,
-2.051376467142E0));
#3346=CARTESIAN_POINT('',(-3.769143093099E0,-6.749203244843E0,
-2.146977015605E0));
#3347=CARTESIAN_POINT('',(-3.782686298365E0,-6.710723643895E0,
-2.241543483010E0));
#3348=CARTESIAN_POINT('',(-3.799138972149E0,-6.636572926426E0,
-2.324123214715E0));
#3349=CARTESIAN_POINT('',(-3.812138475466E0,-6.538739461332E0,
-2.373960170439E0));
#3350=CARTESIAN_POINT('',(-3.815118650665E0,-6.467222205427E0,
-2.384865585180E0));
#3351=CARTESIAN_POINT('',(-3.815352736393E0,-6.438192666482E0,
-2.385560185253E0));
#3352=CARTESIAN_POINT('',(-3.840647680916E0,-6.609958813360E0,
-1.880599571698E0));
#3353=CARTESIAN_POINT('',(-3.841537533195E0,-6.628544758704E0,
-1.896991086859E0));
#3354=CARTESIAN_POINT('',(-3.845873781168E0,-6.661147860658E0,
-1.936990914421E0));
#3355=CARTESIAN_POINT('',(-3.859907726045E0,-6.687198526706E0,
-2.015943844574E0));
#3356=CARTESIAN_POINT('',(-3.881510950865E0,-6.679603467255E0,
-2.105876639546E0));
#3357=CARTESIAN_POINT('',(-3.908476416642E0,-6.628267366431E0,
-2.193850451058E0));
#3358=CARTESIAN_POINT('',(-3.930092367358E0,-6.538554755266E0,
-2.251613224018E0));
#3359=CARTESIAN_POINT('',(-3.935062215182E0,-6.467213803030E0,
-2.264640769608E0));
#3360=CARTESIAN_POINT('',(-3.935454185943E0,-6.438188979751E0,
-2.265462634382E0));
#3361=CARTESIAN_POINT('',(-3.840684415157E0,-6.440088688516E0,
-1.880562837457E0));
#3362=CARTESIAN_POINT('',(-3.841574264190E0,-6.458705898964E0,
-1.881530693365E0));
#3363=CARTESIAN_POINT('',(-3.845910965819E0,-6.495464786119E0,
-1.890882748422E0));
#3364=CARTESIAN_POINT('',(-3.859946970786E0,-6.540097848192E0,
-1.926762508219E0));
#3365=CARTESIAN_POINT('',(-3.881553680590E0,-6.562205850209E0,
-1.980139072173E0));
#3366=CARTESIAN_POINT('',(-3.908523691880E0,-6.549341933239E0,
-2.041017502330E0));
#3367=CARTESIAN_POINT('',(-3.930143368169E0,-6.499149716285E0,
-2.084816348845E0));
#3368=CARTESIAN_POINT('',(-3.935114076287E0,-6.453753241991E0,
-2.094986570849E0));
#3369=CARTESIAN_POINT('',(-3.935506115314E0,-6.435225349411E0,
-2.095622403962E0));
#3370=(BOUNDED_SURFACE()B_SPLINE_SURFACE(3,3,((#3334,#3335,#3336,#3337,#3338,
#3339,#3340,#3341,#3342),(#3343,#3344,#3345,#3346,#3347,#3348,#3349,#3350,
#3351),(#3352,#3353,#3354,#3355,#3356,#3357,#3358,#3359,#3360),(#3361,#3362,
#3363,#3364,#3365,#3366,#3367,#3368,#3369)),.UNSPECIFIED.,.F.,.F.,.F.)B_SPLINE_SURFACE_WITH_KNOTS((4,4),(4,1,1,1,1,1,4),(-3.626657556979E-5,1.000000019030E0),(
0.E0,1.650985072852E-1,3.326707058986E-1,5.005270485487E-1,6.685850496957E-1,
8.352571577177E-1,9.485087769351E-1),.UNSPECIFIED.)GEOMETRIC_REPRESENTATION_ITEM()RATIONAL_B_SPLINE_SURFACE(((1.171569674314E0,1.171569674314E0,1.171569674314E0,
1.171569674314E0,1.171569674314E0,1.171569674314E0,1.171569674314E0,
1.171569674314E0,1.171569674314E0),(9.428183999335E-1,9.428183999335E-1,
9.428183999335E-1,9.428183999335E-1,9.428183999335E-1,9.428183999335E-1,
9.428183999335E-1,9.428183999335E-1,9.428183999335E-1),(9.428101088627E-1,
9.428101088627E-1,9.428101088627E-1,9.428101088627E-1,9.428101088627E-1,
9.428101088627E-1,9.428101088627E-1,9.428101088627E-1,9.428101088627E-1),(
1.171544801101E0,1.171544801101E0,1.171544801101E0,1.171544801101E0,
1.171544801101E0,1.171544801101E0,1.171544801101E0,1.171544801101E0,
1.171544801101E0)))REPRESENTATION_ITEM('')SURFACE());
#3372=ORIENTED_EDGE('',*,*,#3371,.F.);
#3373=ORIENTED_EDGE('',*,*,#3329,.F.);
#3375=ORIENTED_EDGE('',*,*,#3374,.T.);
#3376=EDGE_LOOP('',(#3372,#3373,#3375));
#3377=FACE_OUTER_BOUND('',#3376,.F.);
#3378=ADVANCED_FACE('',(#3377),#3370,.T.);
#3379=CARTESIAN_POINT('',(-3.956663183032E0,-6.43E0,-2.085623626307E0));
#3380=DIRECTION('',(1.E0,0.E0,0.E0));
#3381=DIRECTION('',(0.E0,-1.E0,0.E0));
#3382=AXIS2_PLACEMENT_3D('',#3379,#3380,#3381);
#3383=CYLINDRICAL_SURFACE('',#3382,3.E-1);
#3385=ORIENTED_EDGE('',*,*,#3384,.T.);
#3387=ORIENTED_EDGE('',*,*,#3386,.T.);
#3389=ORIENTED_EDGE('',*,*,#3388,.T.);
#3391=ORIENTED_EDGE('',*,*,#3390,.T.);
#3393=ORIENTED_EDGE('',*,*,#3392,.T.);
#3395=ORIENTED_EDGE('',*,*,#3394,.F.);
#3396=ORIENTED_EDGE('',*,*,#3312,.T.);
#3397=ORIENTED_EDGE('',*,*,#3371,.T.);
#3398=EDGE_LOOP('',(#3385,#3387,#3389,#3391,#3393,#3395,#3396,#3397));
#3399=FACE_OUTER_BOUND('',#3398,.F.);
#3400=ADVANCED_FACE('',(#3399),#3383,.T.);
#3401=CARTESIAN_POINT('',(0.E0,-6.73E0,0.E0));
#3402=DIRECTION('',(0.E0,-1.E0,0.E0));
#3403=DIRECTION('',(0.E0,0.E0,-1.E0));
#3404=AXIS2_PLACEMENT_3D('',#3401,#3402,#3403);
#3405=PLANE('',#3404);
#3407=ORIENTED_EDGE('',*,*,#3406,.F.);
#3409=ORIENTED_EDGE('',*,*,#3408,.F.);
#3411=ORIENTED_EDGE('',*,*,#3410,.F.);
#3413=ORIENTED_EDGE('',*,*,#3412,.F.);
#3415=ORIENTED_EDGE('',*,*,#3414,.F.);
#3417=ORIENTED_EDGE('',*,*,#3416,.F.);
#3418=EDGE_LOOP('',(#3407,#3409,#3411,#3413,#3415,#3417));
#3419=FACE_OUTER_BOUND('',#3418,.F.);
#3420=ADVANCED_FACE('',(#3419),#3405,.F.);
#3421=CARTESIAN_POINT('',(0.E0,-6.73E0,-2.55E0));
#3422=DIRECTION('',(0.E0,0.E0,-1.E0));
#3423=DIRECTION('',(1.E0,0.E0,0.E0));
#3424=AXIS2_PLACEMENT_3D('',#3421,#3422,#3423);
#3425=PLANE('',#3424);
#3427=ORIENTED_EDGE('',*,*,#3426,.F.);
#3429=ORIENTED_EDGE('',*,*,#3428,.F.);
#3431=ORIENTED_EDGE('',*,*,#3430,.F.);
#3432=ORIENTED_EDGE('',*,*,#3406,.T.);
#3434=ORIENTED_EDGE('',*,*,#3433,.F.);
#3436=ORIENTED_EDGE('',*,*,#3435,.F.);
#3438=ORIENTED_EDGE('',*,*,#3437,.F.);
#3440=ORIENTED_EDGE('',*,*,#3439,.F.);
#3442=ORIENTED_EDGE('',*,*,#3441,.F.);
#3444=ORIENTED_EDGE('',*,*,#3443,.F.);
#3446=ORIENTED_EDGE('',*,*,#3445,.F.);
#3448=ORIENTED_EDGE('',*,*,#3447,.F.);
#3449=EDGE_LOOP('',(#3427,#3429,#3431,#3432,#3434,#3436,#3438,#3440,#3442,#3444,
#3446,#3448));
#3450=FACE_OUTER_BOUND('',#3449,.F.);
#3451=ADVANCED_FACE('',(#3450),#3425,.F.);
#3452=CARTESIAN_POINT('',(2.170957016719E0,-3.83E0,-2.95E0));
#3453=DIRECTION('',(1.E0,0.E0,0.E0));
#3454=DIRECTION('',(0.E0,1.E0,0.E0));
#3455=AXIS2_PLACEMENT_3D('',#3452,#3453,#3454);
#3456=CYLINDRICAL_SURFACE('',#3455,4.E-1);
#3458=ORIENTED_EDGE('',*,*,#3457,.F.);
#3459=ORIENTED_EDGE('',*,*,#3426,.T.);
#3461=ORIENTED_EDGE('',*,*,#3460,.F.);
#3463=ORIENTED_EDGE('',*,*,#3462,.T.);
#3464=EDGE_LOOP('',(#3458,#3459,#3461,#3463));
#3465=FACE_OUTER_BOUND('',#3464,.F.);
#3466=ADVANCED_FACE('',(#3465),#3456,.T.);
#3467=CARTESIAN_POINT('',(2.89E0,-3.83E0,-6.E0));
#3468=DIRECTION('',(-1.E0,0.E0,0.E0));
#3469=DIRECTION('',(0.E0,0.E0,1.E0));
#3470=AXIS2_PLACEMENT_3D('',#3467,#3468,#3469);
#3471=PLANE('',#3470);
#3472=ORIENTED_EDGE('',*,*,#3457,.T.);
#3474=ORIENTED_EDGE('',*,*,#3473,.T.);
#3476=ORIENTED_EDGE('',*,*,#3475,.F.);
#3478=ORIENTED_EDGE('',*,*,#3477,.F.);
#3480=ORIENTED_EDGE('',*,*,#3479,.T.);
#3481=EDGE_LOOP('',(#3472,#3474,#3476,#3478,#3480));
#3482=FACE_OUTER_BOUND('',#3481,.F.);
#3483=ADVANCED_FACE('',(#3482),#3471,.F.);
#3484=CARTESIAN_POINT('',(0.E0,-3.43E0,-2.55E0));
#3485=DIRECTION('',(0.E0,-1.E0,0.E0));
#3486=DIRECTION('',(0.E0,0.E0,-1.E0));
#3487=AXIS2_PLACEMENT_3D('',#3484,#3485,#3486);
#3488=PLANE('',#3487);
#3489=ORIENTED_EDGE('',*,*,#3462,.F.);
#3491=ORIENTED_EDGE('',*,*,#3490,.F.);
#3493=ORIENTED_EDGE('',*,*,#3492,.T.);
#3495=ORIENTED_EDGE('',*,*,#3494,.T.);
#3496=ORIENTED_EDGE('',*,*,#3473,.F.);
#3497=EDGE_LOOP('',(#3489,#3491,#3493,#3495,#3496));
#3498=FACE_OUTER_BOUND('',#3497,.F.);
#3499=ADVANCED_FACE('',(#3498),#3488,.F.);
#3500=CARTESIAN_POINT('',(2.19E0,-3.83E0,-2.55E0));
#3501=DIRECTION('',(1.E0,0.E0,0.E0));
#3502=DIRECTION('',(0.E0,0.E0,-1.E0));
#3503=AXIS2_PLACEMENT_3D('',#3500,#3501,#3502);
#3504=PLANE('',#3503);
#3505=ORIENTED_EDGE('',*,*,#3460,.T.);
#3507=ORIENTED_EDGE('',*,*,#3506,.F.);
#3509=ORIENTED_EDGE('',*,*,#3508,.F.);
#3511=ORIENTED_EDGE('',*,*,#3510,.F.);
#3512=ORIENTED_EDGE('',*,*,#3490,.T.);
#3513=EDGE_LOOP('',(#3505,#3507,#3509,#3511,#3512));
#3514=FACE_OUTER_BOUND('',#3513,.F.);
#3515=ADVANCED_FACE('',(#3514),#3504,.F.);
#3516=CARTESIAN_POINT('',(1.5E0,-3.83E0,-2.55E0));
#3517=DIRECTION('',(0.E0,1.E0,0.E0));
#3518=DIRECTION('',(1.E0,0.E0,0.E0));
#3519=AXIS2_PLACEMENT_3D('',#3516,#3517,#3518);
#3520=PLANE('',#3519);
#3521=ORIENTED_EDGE('',*,*,#3506,.T.);
#3522=ORIENTED_EDGE('',*,*,#3447,.T.);
#3524=ORIENTED_EDGE('',*,*,#3523,.F.);
#3526=ORIENTED_EDGE('',*,*,#3525,.F.);
#3527=EDGE_LOOP('',(#3521,#3522,#3524,#3526));
#3528=FACE_OUTER_BOUND('',#3527,.F.);
#3529=ADVANCED_FACE('',(#3528),#3520,.T.);
#3530=CARTESIAN_POINT('',(1.5E0,-2.23E0,-2.55E0));
#3531=DIRECTION('',(1.E0,0.E0,0.E0));
#3532=DIRECTION('',(0.E0,-1.E0,0.E0));
#3533=AXIS2_PLACEMENT_3D('',#3530,#3531,#3532);
#3534=PLANE('',#3533);
#3535=ORIENTED_EDGE('',*,*,#3445,.T.);
#3537=ORIENTED_EDGE('',*,*,#3536,.F.);
#3539=ORIENTED_EDGE('',*,*,#3538,.F.);
#3540=ORIENTED_EDGE('',*,*,#3523,.T.);
#3541=EDGE_LOOP('',(#3535,#3537,#3539,#3540));
#3542=FACE_OUTER_BOUND('',#3541,.F.);
#3543=ADVANCED_FACE('',(#3542),#3534,.T.);
#3544=CARTESIAN_POINT('',(-1.5E0,-2.23E0,-2.55E0));
#3545=DIRECTION('',(0.E0,1.E0,0.E0));
#3546=DIRECTION('',(1.E0,0.E0,0.E0));
#3547=AXIS2_PLACEMENT_3D('',#3544,#3545,#3546);
#3548=PLANE('',#3547);
#3549=ORIENTED_EDGE('',*,*,#3443,.T.);
#3551=ORIENTED_EDGE('',*,*,#3550,.F.);
#3553=ORIENTED_EDGE('',*,*,#3552,.F.);
#3554=ORIENTED_EDGE('',*,*,#3536,.T.);
#3555=EDGE_LOOP('',(#3549,#3551,#3553,#3554));
#3556=FACE_OUTER_BOUND('',#3555,.F.);
#3557=ADVANCED_FACE('',(#3556),#3548,.T.);
#3558=CARTESIAN_POINT('',(-1.5E0,-3.83E0,-2.55E0));
#3559=DIRECTION('',(-1.E0,0.E0,0.E0));
#3560=DIRECTION('',(0.E0,1.E0,0.E0));
#3561=AXIS2_PLACEMENT_3D('',#3558,#3559,#3560);
#3562=PLANE('',#3561);
#3563=ORIENTED_EDGE('',*,*,#3441,.T.);
#3565=ORIENTED_EDGE('',*,*,#3564,.F.);
#3567=ORIENTED_EDGE('',*,*,#3566,.F.);
#3568=ORIENTED_EDGE('',*,*,#3550,.T.);
#3569=EDGE_LOOP('',(#3563,#3565,#3567,#3568));
#3570=FACE_OUTER_BOUND('',#3569,.F.);
#3571=ADVANCED_FACE('',(#3570),#3562,.T.);
#3572=CARTESIAN_POINT('',(-3.25E0,-3.83E0,-2.55E0));
#3573=DIRECTION('',(0.E0,1.E0,0.E0));
#3574=DIRECTION('',(1.E0,0.E0,0.E0));
#3575=AXIS2_PLACEMENT_3D('',#3572,#3573,#3574);
#3576=PLANE('',#3575);
#3578=ORIENTED_EDGE('',*,*,#3577,.F.);
#3580=ORIENTED_EDGE('',*,*,#3579,.F.);
#3581=ORIENTED_EDGE('',*,*,#3564,.T.);
#3582=ORIENTED_EDGE('',*,*,#3439,.T.);
#3583=EDGE_LOOP('',(#3578,#3580,#3581,#3582));
#3584=FACE_OUTER_BOUND('',#3583,.F.);
#3585=ADVANCED_FACE('',(#3584),#3576,.T.);
#3586=CARTESIAN_POINT('',(-2.19E0,-3.83E0,-2.55E0));
#3587=DIRECTION('',(1.E0,0.E0,0.E0));
#3588=DIRECTION('',(0.E0,0.E0,-1.E0));
#3589=AXIS2_PLACEMENT_3D('',#3586,#3587,#3588);
#3590=PLANE('',#3589);
#3592=ORIENTED_EDGE('',*,*,#3591,.T.);
#3594=ORIENTED_EDGE('',*,*,#3593,.F.);
#3596=ORIENTED_EDGE('',*,*,#3595,.F.);
#3598=ORIENTED_EDGE('',*,*,#3597,.T.);
#3599=ORIENTED_EDGE('',*,*,#3577,.T.);
#3600=EDGE_LOOP('',(#3592,#3594,#3596,#3598,#3599));
#3601=FACE_OUTER_BOUND('',#3600,.F.);
#3602=ADVANCED_FACE('',(#3601),#3590,.T.);
#3603=CARTESIAN_POINT('',(-2.909759728017E0,-3.83E0,-2.95E0));
#3604=DIRECTION('',(1.E0,0.E0,0.E0));
#3605=DIRECTION('',(0.E0,1.E0,0.E0));
#3606=AXIS2_PLACEMENT_3D('',#3603,#3604,#3605);
#3607=CYLINDRICAL_SURFACE('',#3606,4.E-1);
#3608=ORIENTED_EDGE('',*,*,#3591,.F.);
#3609=ORIENTED_EDGE('',*,*,#3437,.T.);
#3611=ORIENTED_EDGE('',*,*,#3610,.F.);
#3613=ORIENTED_EDGE('',*,*,#3612,.T.);
#3614=EDGE_LOOP('',(#3608,#3609,#3611,#3613));
#3615=FACE_OUTER_BOUND('',#3614,.F.);
#3616=ADVANCED_FACE('',(#3615),#3607,.T.);
#3617=CARTESIAN_POINT('',(-2.89E0,-3.83E0,-6.E0));
#3618=DIRECTION('',(-1.E0,0.E0,0.E0));
#3619=DIRECTION('',(0.E0,0.E0,1.E0));
#3620=AXIS2_PLACEMENT_3D('',#3617,#3618,#3619);
#3621=PLANE('',#3620);
#3622=ORIENTED_EDGE('',*,*,#3610,.T.);
#3624=ORIENTED_EDGE('',*,*,#3623,.F.);
#3626=ORIENTED_EDGE('',*,*,#3625,.T.);
#3628=ORIENTED_EDGE('',*,*,#3627,.F.);
#3630=ORIENTED_EDGE('',*,*,#3629,.F.);
#3631=EDGE_LOOP('',(#3622,#3624,#3626,#3628,#3630));
#3632=FACE_OUTER_BOUND('',#3631,.F.);
#3633=ADVANCED_FACE('',(#3632),#3621,.T.);
#3634=CARTESIAN_POINT('',(-3.25E0,-3.83E0,-2.55E0));
#3635=DIRECTION('',(0.E0,1.E0,0.E0));
#3636=DIRECTION('',(1.E0,0.E0,0.E0));
#3637=AXIS2_PLACEMENT_3D('',#3634,#3635,#3636);
#3638=PLANE('',#3637);
#3639=ORIENTED_EDGE('',*,*,#3623,.T.);
#3640=ORIENTED_EDGE('',*,*,#3435,.T.);
#3642=ORIENTED_EDGE('',*,*,#3641,.F.);
#3644=ORIENTED_EDGE('',*,*,#3643,.F.);
#3645=EDGE_LOOP('',(#3639,#3640,#3642,#3644));
#3646=FACE_OUTER_BOUND('',#3645,.F.);
#3647=ADVANCED_FACE('',(#3646),#3638,.T.);
#3648=CARTESIAN_POINT('',(-3.25E0,-7.13E0,-2.55E0));
#3649=DIRECTION('',(-1.E0,0.E0,0.E0));
#3650=DIRECTION('',(0.E0,1.E0,0.E0));
#3651=AXIS2_PLACEMENT_3D('',#3648,#3649,#3650);
#3652=PLANE('',#3651);
#3654=ORIENTED_EDGE('',*,*,#3653,.T.);
#3656=ORIENTED_EDGE('',*,*,#3655,.F.);
#3657=ORIENTED_EDGE('',*,*,#3641,.T.);
#3658=ORIENTED_EDGE('',*,*,#3433,.T.);
#3660=ORIENTED_EDGE('',*,*,#3659,.F.);
#3661=EDGE_LOOP('',(#3654,#3656,#3657,#3658,#3660));
#3662=FACE_OUTER_BOUND('',#3661,.F.);
#3663=ADVANCED_FACE('',(#3662),#3652,.T.);
#3664=CARTESIAN_POINT('',(3.265542132996E0,-6.73E0,-2.55E0));
#3665=DIRECTION('',(-1.E0,0.E0,0.E0));
#3666=DIRECTION('',(0.E0,0.E0,-1.E0));
#3667=AXIS2_PLACEMENT_3D('',#3664,#3665,#3666);
#3668=CYLINDRICAL_SURFACE('',#3667,4.E-1);
#3670=ORIENTED_EDGE('',*,*,#3669,.T.);
#3672=ORIENTED_EDGE('',*,*,#3671,.F.);
#3674=ORIENTED_EDGE('',*,*,#3673,.T.);
#3675=ORIENTED_EDGE('',*,*,#3653,.F.);
#3676=EDGE_LOOP('',(#3670,#3672,#3674,#3675));
#3677=FACE_OUTER_BOUND('',#3676,.F.);
#3678=ADVANCED_FACE('',(#3677),#3668,.T.);
#3679=CARTESIAN_POINT('',(0.E0,-7.13E0,0.E0));
#3680=DIRECTION('',(0.E0,-1.E0,0.E0));
#3681=DIRECTION('',(0.E0,0.E0,-1.E0));
#3682=AXIS2_PLACEMENT_3D('',#3679,#3680,#3681);
#3683=PLANE('',#3682);
#3685=ORIENTED_EDGE('',*,*,#3684,.F.);
#3687=ORIENTED_EDGE('',*,*,#3686,.T.);
#3689=ORIENTED_EDGE('',*,*,#3688,.T.);
#3690=ORIENTED_EDGE('',*,*,#3669,.F.);
#3692=ORIENTED_EDGE('',*,*,#3691,.T.);
#3694=ORIENTED_EDGE('',*,*,#3693,.T.);
#3695=EDGE_LOOP('',(#3685,#3687,#3689,#3690,#3692,#3694));
#3696=FACE_OUTER_BOUND('',#3695,.F.);
#3697=ADVANCED_FACE('',(#3696),#3683,.T.);
#3698=CARTESIAN_POINT('',(3.75E0,-6.73E0,2.55E0));
#3699=DIRECTION('',(0.E0,0.E0,1.E0));
#3700=DIRECTION('',(-1.E0,0.E0,0.E0));
#3701=AXIS2_PLACEMENT_3D('',#3698,#3699,#3700);
#3702=PLANE('',#3701);
#3703=ORIENTED_EDGE('',*,*,#3684,.T.);
#3705=ORIENTED_EDGE('',*,*,#3704,.T.);
#3706=ORIENTED_EDGE('',*,*,#3412,.T.);
#3708=ORIENTED_EDGE('',*,*,#3707,.F.);
#3709=EDGE_LOOP('',(#3703,#3705,#3706,#3708));
#3710=FACE_OUTER_BOUND('',#3709,.F.);
#3711=ADVANCED_FACE('',(#3710),#3702,.T.);
#3712=CARTESIAN_POINT('',(-3.75E0,-6.73E0,2.55E0));
#3713=DIRECTION('',(-1.E0,0.E0,0.E0));
#3714=DIRECTION('',(0.E0,0.E0,-1.E0));
#3715=AXIS2_PLACEMENT_3D('',#3712,#3713,#3714);
#3716=PLANE('',#3715);
#3717=ORIENTED_EDGE('',*,*,#3414,.T.);
#3718=ORIENTED_EDGE('',*,*,#3704,.F.);
#3719=ORIENTED_EDGE('',*,*,#3693,.F.);
#3721=ORIENTED_EDGE('',*,*,#3720,.T.);
#3722=EDGE_LOOP('',(#3717,#3718,#3719,#3721));
#3723=FACE_OUTER_BOUND('',#3722,.F.);
#3724=ADVANCED_FACE('',(#3723),#3716,.T.);
#3725=CARTESIAN_POINT('',(-3.75E0,-6.73E0,-2.55E0));
#3726=DIRECTION('',(0.E0,0.E0,-1.E0));
#3727=DIRECTION('',(1.E0,0.E0,0.E0));
#3728=AXIS2_PLACEMENT_3D('',#3725,#3726,#3727);
#3729=PLANE('',#3728);
#3730=ORIENTED_EDGE('',*,*,#3659,.T.);
#3731=ORIENTED_EDGE('',*,*,#3416,.T.);
#3732=ORIENTED_EDGE('',*,*,#3720,.F.);
#3733=ORIENTED_EDGE('',*,*,#3691,.F.);
#3734=EDGE_LOOP('',(#3730,#3731,#3732,#3733));
#3735=FACE_OUTER_BOUND('',#3734,.F.);
#3736=ADVANCED_FACE('',(#3735),#3729,.T.);
#3737=CARTESIAN_POINT('',(3.75E0,-6.73E0,-2.55E0));
#3738=DIRECTION('',(1.E0,0.E0,0.E0));
#3739=DIRECTION('',(0.E0,0.E0,1.E0));
#3740=AXIS2_PLACEMENT_3D('',#3737,#3738,#3739);
#3741=PLANE('',#3740);
#3742=ORIENTED_EDGE('',*,*,#3410,.T.);
#3744=ORIENTED_EDGE('',*,*,#3743,.F.);
#3745=ORIENTED_EDGE('',*,*,#3686,.F.);
#3746=ORIENTED_EDGE('',*,*,#3707,.T.);
#3747=EDGE_LOOP('',(#3742,#3744,#3745,#3746));
#3748=FACE_OUTER_BOUND('',#3747,.F.);
#3749=ADVANCED_FACE('',(#3748),#3741,.T.);
#3750=CARTESIAN_POINT('',(-3.75E0,-6.73E0,-2.55E0));
#3751=DIRECTION('',(0.E0,0.E0,-1.E0));
#3752=DIRECTION('',(1.E0,0.E0,0.E0));
#3753=AXIS2_PLACEMENT_3D('',#3750,#3751,#3752);
#3754=PLANE('',#3753);
#3756=ORIENTED_EDGE('',*,*,#3755,.F.);
#3757=ORIENTED_EDGE('',*,*,#3688,.F.);
#3758=ORIENTED_EDGE('',*,*,#3743,.T.);
#3759=ORIENTED_EDGE('',*,*,#3408,.T.);
#3760=EDGE_LOOP('',(#3756,#3757,#3758,#3759));
#3761=FACE_OUTER_BOUND('',#3760,.F.);
#3762=ADVANCED_FACE('',(#3761),#3754,.T.);
#3763=CARTESIAN_POINT('',(3.25E0,-3.83E0,-2.55E0));
#3764=DIRECTION('',(1.E0,0.E0,0.E0));
#3765=DIRECTION('',(0.E0,-1.E0,0.E0));
#3766=AXIS2_PLACEMENT_3D('',#3763,#3764,#3765);
#3767=PLANE('',#3766);
#3768=ORIENTED_EDGE('',*,*,#3671,.T.);
#3769=ORIENTED_EDGE('',*,*,#3755,.T.);
#3770=ORIENTED_EDGE('',*,*,#3430,.T.);
#3772=ORIENTED_EDGE('',*,*,#3771,.F.);
#3774=ORIENTED_EDGE('',*,*,#3773,.F.);
#3775=EDGE_LOOP('',(#3768,#3769,#3770,#3772,#3774));
#3776=FACE_OUTER_BOUND('',#3775,.F.);
#3777=ADVANCED_FACE('',(#3776),#3767,.T.);
#3778=CARTESIAN_POINT('',(1.5E0,-3.83E0,-2.55E0));
#3779=DIRECTION('',(0.E0,1.E0,0.E0));
#3780=DIRECTION('',(1.E0,0.E0,0.E0));
#3781=AXIS2_PLACEMENT_3D('',#3778,#3779,#3780);
#3782=PLANE('',#3781);
#3783=ORIENTED_EDGE('',*,*,#3479,.F.);
#3785=ORIENTED_EDGE('',*,*,#3784,.F.);
#3786=ORIENTED_EDGE('',*,*,#3771,.T.);
#3787=ORIENTED_EDGE('',*,*,#3428,.T.);
#3788=EDGE_LOOP('',(#3783,#3785,#3786,#3787));
#3789=FACE_OUTER_BOUND('',#3788,.F.);
#3790=ADVANCED_FACE('',(#3789),#3782,.T.);
#3791=CARTESIAN_POINT('',(0.E0,-6.73E0,-2.95E0));
#3792=DIRECTION('',(0.E0,0.E0,-1.E0));
#3793=DIRECTION('',(1.E0,0.E0,0.E0));
#3794=AXIS2_PLACEMENT_3D('',#3791,#3792,#3793);
#3795=PLANE('',#3794);
#3797=ORIENTED_EDGE('',*,*,#3796,.T.);
#3798=ORIENTED_EDGE('',*,*,#3525,.T.);
#3799=ORIENTED_EDGE('',*,*,#3538,.T.);
#3800=ORIENTED_EDGE('',*,*,#3552,.T.);
#3801=ORIENTED_EDGE('',*,*,#3566,.T.);
#3802=ORIENTED_EDGE('',*,*,#3579,.T.);
#3804=ORIENTED_EDGE('',*,*,#3803,.F.);
#3805=ORIENTED_EDGE('',*,*,#3643,.T.);
#3806=ORIENTED_EDGE('',*,*,#3655,.T.);
#3807=ORIENTED_EDGE('',*,*,#3673,.F.);
#3808=ORIENTED_EDGE('',*,*,#3773,.T.);
#3809=ORIENTED_EDGE('',*,*,#3784,.T.);
#3810=EDGE_LOOP('',(#3797,#3798,#3799,#3800,#3801,#3802,#3804,#3805,#3806,#3807,
#3808,#3809));
#3811=FACE_OUTER_BOUND('',#3810,.F.);
#3812=ADVANCED_FACE('',(#3811),#3795,.T.);
#3813=CARTESIAN_POINT('',(0.E0,-3.83E0,-2.55E0));
#3814=DIRECTION('',(0.E0,-1.E0,0.E0));
#3815=DIRECTION('',(0.E0,0.E0,-1.E0));
#3816=AXIS2_PLACEMENT_3D('',#3813,#3814,#3815);
#3817=PLANE('',#3816);
#3818=ORIENTED_EDGE('',*,*,#3508,.T.);
#3819=ORIENTED_EDGE('',*,*,#3796,.F.);
#3820=ORIENTED_EDGE('',*,*,#3477,.T.);
#3822=ORIENTED_EDGE('',*,*,#3821,.T.);
#3824=ORIENTED_EDGE('',*,*,#3823,.T.);
#3825=EDGE_LOOP('',(#3818,#3819,#3820,#3822,#3824));
#3826=FACE_OUTER_BOUND('',#3825,.F.);
#3827=ADVANCED_FACE('',(#3826),#3817,.T.);
#3828=CARTESIAN_POINT('',(2.54E0,-3.83E0,-6.E0));
#3829=DIRECTION('',(0.E0,-1.E0,0.E0));
#3830=DIRECTION('',(0.E0,0.E0,-1.E0));
#3831=AXIS2_PLACEMENT_3D('',#3828,#3829,#3830);
#3832=CYLINDRICAL_SURFACE('',#3831,3.5E-1);
#3833=ORIENTED_EDGE('',*,*,#3823,.F.);
#3834=ORIENTED_EDGE('',*,*,#3821,.F.);
#3835=ORIENTED_EDGE('',*,*,#3475,.T.);
#3836=ORIENTED_EDGE('',*,*,#3494,.F.);
#3837=ORIENTED_EDGE('',*,*,#3492,.F.);
#3838=ORIENTED_EDGE('',*,*,#3510,.T.);
#3839=EDGE_LOOP('',(#3833,#3834,#3835,#3836,#3837,#3838));
#3840=FACE_OUTER_BOUND('',#3839,.F.);
#3841=ADVANCED_FACE('',(#3840),#3832,.T.);
#3842=CARTESIAN_POINT('',(0.E0,-3.83E0,-2.55E0));
#3843=DIRECTION('',(0.E0,1.E0,0.E0));
#3844=DIRECTION('',(0.E0,0.E0,-1.E0));
#3845=AXIS2_PLACEMENT_3D('',#3842,#3843,#3844);
#3846=PLANE('',#3845);
#3847=ORIENTED_EDGE('',*,*,#3803,.T.);
#3848=ORIENTED_EDGE('',*,*,#3597,.F.);
#3850=ORIENTED_EDGE('',*,*,#3849,.T.);
#3852=ORIENTED_EDGE('',*,*,#3851,.T.);
#3853=ORIENTED_EDGE('',*,*,#3625,.F.);
#3854=EDGE_LOOP('',(#3847,#3848,#3850,#3852,#3853));
#3855=FACE_OUTER_BOUND('',#3854,.F.);
#3856=ADVANCED_FACE('',(#3855),#3846,.F.);
#3857=CARTESIAN_POINT('',(-2.54E0,-3.83E0,-6.E0));
#3858=DIRECTION('',(0.E0,1.E0,0.E0));
#3859=DIRECTION('',(0.E0,0.E0,-1.E0));
#3860=AXIS2_PLACEMENT_3D('',#3857,#3858,#3859);
#3861=CYLINDRICAL_SURFACE('',#3860,3.5E-1);
#3862=ORIENTED_EDGE('',*,*,#3851,.F.);
#3863=ORIENTED_EDGE('',*,*,#3849,.F.);
#3864=ORIENTED_EDGE('',*,*,#3595,.T.);
#3866=ORIENTED_EDGE('',*,*,#3865,.F.);
#3868=ORIENTED_EDGE('',*,*,#3867,.F.);
#3869=ORIENTED_EDGE('',*,*,#3627,.T.);
#3870=EDGE_LOOP('',(#3862,#3863,#3864,#3866,#3868,#3869));
#3871=FACE_OUTER_BOUND('',#3870,.F.);
#3872=ADVANCED_FACE('',(#3871),#3861,.T.);
#3873=CARTESIAN_POINT('',(0.E0,-3.43E0,-2.55E0));
#3874=DIRECTION('',(0.E0,1.E0,0.E0));
#3875=DIRECTION('',(0.E0,0.E0,-1.E0));
#3876=AXIS2_PLACEMENT_3D('',#3873,#3874,#3875);
#3877=PLANE('',#3876);
#3878=ORIENTED_EDGE('',*,*,#3612,.F.);
#3879=ORIENTED_EDGE('',*,*,#3629,.T.);
#3880=ORIENTED_EDGE('',*,*,#3867,.T.);
#3881=ORIENTED_EDGE('',*,*,#3865,.T.);
#3882=ORIENTED_EDGE('',*,*,#3593,.T.);
#3883=EDGE_LOOP('',(#3878,#3879,#3880,#3881,#3882));
#3884=FACE_OUTER_BOUND('',#3883,.F.);
#3885=ADVANCED_FACE('',(#3884),#3877,.T.);
#3886=CARTESIAN_POINT('',(0.E0,-2.73E0,-2.55E0));
#3887=DIRECTION('',(0.E0,0.E0,1.E0));
#3888=DIRECTION('',(1.E0,0.E0,0.E0));
#3889=AXIS2_PLACEMENT_3D('',#3886,#3887,#3888);
#3890=SPHERICAL_SURFACE('',#3889,5.E-1);
#3892=ORIENTED_EDGE('',*,*,#3891,.T.);
#3894=ORIENTED_EDGE('',*,*,#3893,.T.);
#3896=ORIENTED_EDGE('',*,*,#3895,.F.);
#3897=EDGE_LOOP('',(#3892,#3894,#3896));
#3898=FACE_OUTER_BOUND('',#3897,.F.);
#3899=ADVANCED_FACE('',(#3898),#3890,.T.);
#3900=CARTESIAN_POINT('',(0.E0,-2.73E0,-2.55E0));
#3901=DIRECTION('',(0.E0,0.E0,1.E0));
#3902=DIRECTION('',(1.E0,0.E0,0.E0));
#3903=AXIS2_PLACEMENT_3D('',#3900,#3901,#3902);
#3904=SPHERICAL_SURFACE('',#3903,5.E-1);
#3906=ORIENTED_EDGE('',*,*,#3905,.T.);
#3907=ORIENTED_EDGE('',*,*,#3895,.T.);
#3908=ORIENTED_EDGE('',*,*,#3893,.F.);
#3909=EDGE_LOOP('',(#3906,#3907,#3908));
#3910=FACE_OUTER_BOUND('',#3909,.F.);
#3911=ADVANCED_FACE('',(#3910),#3904,.T.);
#3912=CARTESIAN_POINT('',(2.75E0,-6.23E0,-2.55E0));
#3913=DIRECTION('',(0.E0,0.E0,-1.E0));
#3914=DIRECTION('',(0.E0,1.E0,0.E0));
#3915=AXIS2_PLACEMENT_3D('',#3912,#3913,#3914);
#3916=SPHERICAL_SURFACE('',#3915,5.E-1);
#3918=ORIENTED_EDGE('',*,*,#3917,.T.);
#3920=ORIENTED_EDGE('',*,*,#3919,.T.);
#3922=ORIENTED_EDGE('',*,*,#3921,.F.);
#3923=EDGE_LOOP('',(#3918,#3920,#3922));
#3924=FACE_OUTER_BOUND('',#3923,.F.);
#3925=ADVANCED_FACE('',(#3924),#3916,.T.);
#3926=CARTESIAN_POINT('',(2.75E0,-6.23E0,-2.55E0));
#3927=DIRECTION('',(0.E0,0.E0,-1.E0));
#3928=DIRECTION('',(0.E0,1.E0,0.E0));
#3929=AXIS2_PLACEMENT_3D('',#3926,#3927,#3928);
#3930=SPHERICAL_SURFACE('',#3929,5.E-1);
#3932=ORIENTED_EDGE('',*,*,#3931,.T.);
#3933=ORIENTED_EDGE('',*,*,#3921,.T.);
#3934=ORIENTED_EDGE('',*,*,#3919,.F.);
#3935=EDGE_LOOP('',(#3932,#3933,#3934));
#3936=FACE_OUTER_BOUND('',#3935,.F.);
#3937=ADVANCED_FACE('',(#3936),#3930,.T.);
#3938=CARTESIAN_POINT('',(-2.75E0,-6.23E0,-2.55E0));
#3939=DIRECTION('',(0.E0,0.E0,1.E0));
#3940=DIRECTION('',(0.E0,1.E0,0.E0));
#3941=AXIS2_PLACEMENT_3D('',#3938,#3939,#3940);
#3942=SPHERICAL_SURFACE('',#3941,5.E-1);
#3944=ORIENTED_EDGE('',*,*,#3943,.F.);
#3946=ORIENTED_EDGE('',*,*,#3945,.T.);
#3948=ORIENTED_EDGE('',*,*,#3947,.T.);
#3949=EDGE_LOOP('',(#3944,#3946,#3948));
#3950=FACE_OUTER_BOUND('',#3949,.F.);
#3951=ADVANCED_FACE('',(#3950),#3942,.T.);
#3952=CARTESIAN_POINT('',(-2.75E0,-6.23E0,-2.55E0));
#3953=DIRECTION('',(0.E0,0.E0,1.E0));
#3954=DIRECTION('',(0.E0,1.E0,0.E0));
#3955=AXIS2_PLACEMENT_3D('',#3952,#3953,#3954);
#3956=SPHERICAL_SURFACE('',#3955,5.E-1);
#3957=ORIENTED_EDGE('',*,*,#3943,.T.);
#3958=ORIENTED_EDGE('',*,*,#3947,.F.);
#3960=ORIENTED_EDGE('',*,*,#3959,.T.);
#3961=EDGE_LOOP('',(#3957,#3958,#3960));
#3962=FACE_OUTER_BOUND('',#3961,.F.);
#3963=ADVANCED_FACE('',(#3962),#3956,.T.);
#3964=CARTESIAN_POINT('',(0.E0,-7.48E0,0.E0));
#3965=DIRECTION('',(0.E0,1.E0,0.E0));
#3966=DIRECTION('',(0.E0,0.E0,1.E0));
#3967=AXIS2_PLACEMENT_3D('',#3964,#3965,#3966);
#3968=CONICAL_SURFACE('',#3967,2.899189292146E0,8.E0);
#3970=ORIENTED_EDGE('',*,*,#3969,.T.);
#3972=ORIENTED_EDGE('',*,*,#3971,.T.);
#3974=ORIENTED_EDGE('',*,*,#3973,.T.);
#3976=ORIENTED_EDGE('',*,*,#3975,.F.);
#3977=EDGE_LOOP('',(#3970,#3972,#3974,#3976));
#3978=FACE_OUTER_BOUND('',#3977,.F.);
#3979=ADVANCED_FACE('',(#3978),#3968,.T.);
#3980=CARTESIAN_POINT('',(4.5E0,-7.13E0,2.548378584292E0));
#3981=DIRECTION('',(0.E0,1.391731009601E-1,-9.902680687416E-1));
#3982=DIRECTION('',(0.E0,-9.902680687416E-1,-1.391731009601E-1));
#3983=AXIS2_PLACEMENT_3D('',#3980,#3981,#3982);
#3984=PLANE('',#3983);
#3985=ORIENTED_EDGE('',*,*,#3969,.F.);
#3987=ORIENTED_EDGE('',*,*,#3986,.T.);
#3989=ORIENTED_EDGE('',*,*,#3988,.F.);
#3991=ORIENTED_EDGE('',*,*,#3990,.T.);
#3992=EDGE_LOOP('',(#3985,#3987,#3989,#3991));
#3993=FACE_OUTER_BOUND('',#3992,.F.);
#3994=ADVANCED_FACE('',(#3993),#3984,.F.);
#3995=CARTESIAN_POINT('',(0.E0,-7.83E0,0.E0));
#3996=DIRECTION('',(0.E0,-1.E0,0.E0));
#3997=DIRECTION('',(0.E0,0.E0,-1.E0));
#3998=AXIS2_PLACEMENT_3D('',#3995,#3996,#3997);
#3999=PLANE('',#3998);
#4000=ORIENTED_EDGE('',*,*,#3986,.F.);
#4001=ORIENTED_EDGE('',*,*,#3975,.T.);
#4003=ORIENTED_EDGE('',*,*,#4002,.T.);
#4005=ORIENTED_EDGE('',*,*,#4004,.T.);
#4006=EDGE_LOOP('',(#4000,#4001,#4003,#4005));
#4007=FACE_OUTER_BOUND('',#4006,.F.);
#4008=ADVANCED_FACE('',(#4007),#3999,.T.);
#4009=CARTESIAN_POINT('',(4.5E0,-7.83E0,-2.45E0));
#4010=DIRECTION('',(0.E0,1.391731009601E-1,9.902680687416E-1));
#4011=DIRECTION('',(0.E0,9.902680687416E-1,-1.391731009601E-1));
#4012=AXIS2_PLACEMENT_3D('',#4009,#4010,#4011);
#4013=PLANE('',#4012);
#4014=ORIENTED_EDGE('',*,*,#3973,.F.);
#4016=ORIENTED_EDGE('',*,*,#4015,.T.);
#4018=ORIENTED_EDGE('',*,*,#4017,.F.);
#4019=ORIENTED_EDGE('',*,*,#4002,.F.);
#4020=EDGE_LOOP('',(#4014,#4016,#4018,#4019));
#4021=FACE_OUTER_BOUND('',#4020,.F.);
#4022=ADVANCED_FACE('',(#4021),#4013,.F.);
#4023=CARTESIAN_POINT('',(0.E0,-7.48E0,0.E0));
#4024=DIRECTION('',(0.E0,1.E0,0.E0));
#4025=DIRECTION('',(0.E0,0.E0,1.E0));
#4026=AXIS2_PLACEMENT_3D('',#4023,#4024,#4025);
#4027=CONICAL_SURFACE('',#4026,2.899189292146E0,8.E0);
#4028=ORIENTED_EDGE('',*,*,#3988,.T.);
#4029=ORIENTED_EDGE('',*,*,#4004,.F.);
#4030=ORIENTED_EDGE('',*,*,#4017,.T.);
#4032=ORIENTED_EDGE('',*,*,#4031,.T.);
#4033=EDGE_LOOP('',(#4028,#4029,#4030,#4032));
#4034=FACE_OUTER_BOUND('',#4033,.F.);
#4035=ADVANCED_FACE('',(#4034),#4027,.T.);
#4036=CARTESIAN_POINT('',(0.E0,-6.73E0,0.E0));
#4037=DIRECTION('',(0.E0,-1.E0,0.E0));
#4038=DIRECTION('',(1.E0,0.E0,0.E0));
#4039=AXIS2_PLACEMENT_3D('',#4036,#4037,#4038);
#4040=CYLINDRICAL_SURFACE('',#4039,2.5E0);
#4042=ORIENTED_EDGE('',*,*,#4041,.T.);
#4044=ORIENTED_EDGE('',*,*,#4043,.T.);
#4046=ORIENTED_EDGE('',*,*,#4045,.T.);
#4048=ORIENTED_EDGE('',*,*,#4047,.F.);
#4050=ORIENTED_EDGE('',*,*,#4049,.F.);
#4052=ORIENTED_EDGE('',*,*,#4051,.T.);
#4053=EDGE_LOOP('',(#4042,#4044,#4046,#4048,#4050,#4052));
#4054=FACE_OUTER_BOUND('',#4053,.F.);
#4055=ADVANCED_FACE('',(#4054),#4040,.T.);
#4056=CARTESIAN_POINT('',(1.356465996625E0,-6.73E0,2.1E0));
#4057=DIRECTION('',(0.E0,0.E0,1.E0));
#4058=DIRECTION('',(-1.E0,0.E0,0.E0));
#4059=AXIS2_PLACEMENT_3D('',#4056,#4057,#4058);
#4060=PLANE('',#4059);
#4062=ORIENTED_EDGE('',*,*,#4061,.T.);
#4064=ORIENTED_EDGE('',*,*,#4063,.F.);
#4066=ORIENTED_EDGE('',*,*,#4065,.F.);
#4067=ORIENTED_EDGE('',*,*,#4045,.F.);
#4068=EDGE_LOOP('',(#4062,#4064,#4066,#4067));
#4069=FACE_OUTER_BOUND('',#4068,.F.);
#4070=ADVANCED_FACE('',(#4069),#4060,.T.);
#4071=CARTESIAN_POINT('',(0.E0,-6.73E0,0.E0));
#4072=DIRECTION('',(0.E0,-1.E0,0.E0));
#4073=DIRECTION('',(1.E0,0.E0,0.E0));
#4074=AXIS2_PLACEMENT_3D('',#4071,#4072,#4073);
#4075=CYLINDRICAL_SURFACE('',#4074,2.5E0);
#4077=ORIENTED_EDGE('',*,*,#4076,.T.);
#4079=ORIENTED_EDGE('',*,*,#4078,.T.);
#4081=ORIENTED_EDGE('',*,*,#4080,.T.);
#4083=ORIENTED_EDGE('',*,*,#4082,.F.);
#4085=ORIENTED_EDGE('',*,*,#4084,.F.);
#4086=ORIENTED_EDGE('',*,*,#4063,.T.);
#4087=EDGE_LOOP('',(#4077,#4079,#4081,#4083,#4085,#4086));
#4088=FACE_OUTER_BOUND('',#4087,.F.);
#4089=ADVANCED_FACE('',(#4088),#4075,.T.);
#4090=CARTESIAN_POINT('',(-1.356465996625E0,-6.73E0,-2.1E0));
#4091=DIRECTION('',(0.E0,0.E0,-1.E0));
#4092=DIRECTION('',(1.E0,0.E0,0.E0));
#4093=AXIS2_PLACEMENT_3D('',#4090,#4091,#4092);
#4094=PLANE('',#4093);
#4096=ORIENTED_EDGE('',*,*,#4095,.T.);
#4097=ORIENTED_EDGE('',*,*,#4051,.F.);
#4099=ORIENTED_EDGE('',*,*,#4098,.F.);
#4100=ORIENTED_EDGE('',*,*,#4080,.F.);
#4101=EDGE_LOOP('',(#4096,#4097,#4099,#4100));
#4102=FACE_OUTER_BOUND('',#4101,.F.);
#4103=ADVANCED_FACE('',(#4102),#4094,.T.);
#4104=CARTESIAN_POINT('',(-1.296148139682E0,-8.73E0,-2.1E0));
#4105=DIRECTION('',(0.E0,-7.071067811865E-1,-7.071067811865E-1));
#4106=DIRECTION('',(1.E0,0.E0,0.E0));
#4107=AXIS2_PLACEMENT_3D('',#4104,#4105,#4106);
#4108=PLANE('',#4107);
#4109=ORIENTED_EDGE('',*,*,#4098,.T.);
#4111=ORIENTED_EDGE('',*,*,#4110,.F.);
#4113=ORIENTED_EDGE('',*,*,#4112,.F.);
#4115=ORIENTED_EDGE('',*,*,#4114,.T.);
#4116=EDGE_LOOP('',(#4109,#4111,#4113,#4115));
#4117=FACE_OUTER_BOUND('',#4116,.F.);
#4118=ADVANCED_FACE('',(#4117),#4108,.T.);
#4119=CARTESIAN_POINT('',(0.E0,-8.83E0,0.E0));
#4120=DIRECTION('',(0.E0,1.E0,0.E0));
#4121=DIRECTION('',(-1.E0,0.E0,0.E0));
#4122=AXIS2_PLACEMENT_3D('',#4119,#4120,#4121);
#4123=CONICAL_SURFACE('',#4122,2.4E0,4.5E1);
#4124=ORIENTED_EDGE('',*,*,#4049,.T.);
#4125=ORIENTED_EDGE('',*,*,#4047,.T.);
#4127=ORIENTED_EDGE('',*,*,#4126,.F.);
#4129=ORIENTED_EDGE('',*,*,#4128,.T.);
#4131=ORIENTED_EDGE('',*,*,#4130,.T.);
#4132=ORIENTED_EDGE('',*,*,#4110,.T.);
#4133=EDGE_LOOP('',(#4124,#4125,#4127,#4129,#4131,#4132));
#4134=FACE_OUTER_BOUND('',#4133,.F.);
#4135=ADVANCED_FACE('',(#4134),#4123,.T.);
#4136=CARTESIAN_POINT('',(1.296148139682E0,-8.73E0,2.1E0));
#4137=DIRECTION('',(0.E0,-7.071067811865E-1,7.071067811865E-1));
#4138=DIRECTION('',(-1.E0,0.E0,0.E0));
#4139=AXIS2_PLACEMENT_3D('',#4136,#4137,#4138);
#4140=PLANE('',#4139);
#4141=ORIENTED_EDGE('',*,*,#4065,.T.);
#4143=ORIENTED_EDGE('',*,*,#4142,.F.);
#4145=ORIENTED_EDGE('',*,*,#4144,.F.);
#4146=ORIENTED_EDGE('',*,*,#4126,.T.);
#4147=EDGE_LOOP('',(#4141,#4143,#4145,#4146));
#4148=FACE_OUTER_BOUND('',#4147,.F.);
#4149=ADVANCED_FACE('',(#4148),#4140,.T.);
#4150=CARTESIAN_POINT('',(0.E0,-8.83E0,0.E0));
#4151=DIRECTION('',(0.E0,1.E0,0.E0));
#4152=DIRECTION('',(-1.E0,0.E0,0.E0));
#4153=AXIS2_PLACEMENT_3D('',#4150,#4151,#4152);
#4154=CONICAL_SURFACE('',#4153,2.4E0,4.5E1);
#4155=ORIENTED_EDGE('',*,*,#4084,.T.);
#4156=ORIENTED_EDGE('',*,*,#4082,.T.);
#4157=ORIENTED_EDGE('',*,*,#4114,.F.);
#4159=ORIENTED_EDGE('',*,*,#4158,.T.);
#4161=ORIENTED_EDGE('',*,*,#4160,.T.);
#4162=ORIENTED_EDGE('',*,*,#4142,.T.);
#4163=EDGE_LOOP('',(#4155,#4156,#4157,#4159,#4161,#4162));
#4164=FACE_OUTER_BOUND('',#4163,.F.);
#4165=ADVANCED_FACE('',(#4164),#4154,.T.);
#4166=CARTESIAN_POINT('',(0.E0,-8.73E0,0.E0));
#4167=DIRECTION('',(0.E0,-1.E0,0.E0));
#4168=DIRECTION('',(1.E0,0.E0,0.E0));
#4169=AXIS2_PLACEMENT_3D('',#4166,#4167,#4168);
#4170=CYLINDRICAL_SURFACE('',#4169,2.3E0);
#4172=ORIENTED_EDGE('',*,*,#4171,.F.);
#4174=ORIENTED_EDGE('',*,*,#4173,.F.);
#4176=ORIENTED_EDGE('',*,*,#4175,.T.);
#4177=ORIENTED_EDGE('',*,*,#4160,.F.);
#4178=ORIENTED_EDGE('',*,*,#4158,.F.);
#4180=ORIENTED_EDGE('',*,*,#4179,.T.);
#4181=EDGE_LOOP('',(#4172,#4174,#4176,#4177,#4178,#4180));
#4182=FACE_OUTER_BOUND('',#4181,.F.);
#4183=ADVANCED_FACE('',(#4182),#4170,.T.);
#4184=CARTESIAN_POINT('',(-2.735360007389E-7,-1.268000005638E1,
3.292069613474E-7));
#4185=DIRECTION('',(0.E0,1.E0,0.E0));
#4186=DIRECTION('',(0.E0,0.E0,1.E0));
#4187=AXIS2_PLACEMENT_3D('',#4184,#4185,#4186);
#4188=CONICAL_SURFACE('',#4187,2.200000290107E0,4.500000095695E1);
#4190=ORIENTED_EDGE('',*,*,#4189,.F.);
#4192=ORIENTED_EDGE('',*,*,#4191,.T.);
#4193=ORIENTED_EDGE('',*,*,#4173,.T.);
#4194=ORIENTED_EDGE('',*,*,#4171,.T.);
#4196=ORIENTED_EDGE('',*,*,#4195,.F.);
#4197=EDGE_LOOP('',(#4190,#4192,#4193,#4194,#4196));
#4198=FACE_OUTER_BOUND('',#4197,.F.);
#4199=ADVANCED_FACE('',(#4198),#4188,.T.);
#4200=CARTESIAN_POINT('',(0.E0,-1.278E1,0.E0));
#4201=DIRECTION('',(0.E0,-1.E0,0.E0));
#4202=DIRECTION('',(1.E0,0.E0,0.E0));
#4203=AXIS2_PLACEMENT_3D('',#4200,#4201,#4202);
#4204=PLANE('',#4203);
#4205=ORIENTED_EDGE('',*,*,#4189,.T.);
#4207=ORIENTED_EDGE('',*,*,#4206,.T.);
#4209=ORIENTED_EDGE('',*,*,#4208,.T.);
#4211=ORIENTED_EDGE('',*,*,#4210,.T.);
#4212=EDGE_LOOP('',(#4205,#4207,#4209,#4211));
#4213=FACE_OUTER_BOUND('',#4212,.F.);
#4214=ADVANCED_FACE('',(#4213),#4204,.T.);
#4215=CARTESIAN_POINT('',(0.E0,-1.268E1,-1.8E0));
#4216=DIRECTION('',(0.E0,-7.071067811865E-1,-7.071067811865E-1));
#4217=DIRECTION('',(0.E0,7.071067811865E-1,-7.071067811865E-1));
#4218=AXIS2_PLACEMENT_3D('',#4215,#4216,#4217);
#4219=PLANE('',#4218);
#4221=ORIENTED_EDGE('',*,*,#4220,.T.);
#4223=ORIENTED_EDGE('',*,*,#4222,.F.);
#4224=ORIENTED_EDGE('',*,*,#4206,.F.);
#4225=ORIENTED_EDGE('',*,*,#4195,.T.);
#4226=EDGE_LOOP('',(#4221,#4223,#4224,#4225));
#4227=FACE_OUTER_BOUND('',#4226,.F.);
#4228=ADVANCED_FACE('',(#4227),#4219,.T.);
#4229=CARTESIAN_POINT('',(-1.296148139682E0,-8.73E0,-1.9E0));
#4230=DIRECTION('',(0.E0,0.E0,-1.E0));
#4231=DIRECTION('',(1.E0,0.E0,0.E0));
#4232=AXIS2_PLACEMENT_3D('',#4229,#4230,#4231);
#4233=PLANE('',#4232);
#4234=ORIENTED_EDGE('',*,*,#4220,.F.);
#4235=ORIENTED_EDGE('',*,*,#4179,.F.);
#4236=ORIENTED_EDGE('',*,*,#4112,.T.);
#4238=ORIENTED_EDGE('',*,*,#4237,.F.);
#4239=EDGE_LOOP('',(#4234,#4235,#4236,#4238));
#4240=FACE_OUTER_BOUND('',#4239,.F.);
#4241=ADVANCED_FACE('',(#4240),#4233,.T.);
#4242=CARTESIAN_POINT('',(0.E0,-8.73E0,0.E0));
#4243=DIRECTION('',(0.E0,-1.E0,0.E0));
#4244=DIRECTION('',(1.E0,0.E0,0.E0));
#4245=AXIS2_PLACEMENT_3D('',#4242,#4243,#4244);
#4246=CYLINDRICAL_SURFACE('',#4245,2.3E0);
#4248=ORIENTED_EDGE('',*,*,#4247,.F.);
#4250=ORIENTED_EDGE('',*,*,#4249,.F.);
#4251=ORIENTED_EDGE('',*,*,#4237,.T.);
#4252=ORIENTED_EDGE('',*,*,#4130,.F.);
#4253=ORIENTED_EDGE('',*,*,#4128,.F.);
#4255=ORIENTED_EDGE('',*,*,#4254,.T.);
#4256=EDGE_LOOP('',(#4248,#4250,#4251,#4252,#4253,#4255));
#4257=FACE_OUTER_BOUND('',#4256,.F.);
#4258=ADVANCED_FACE('',(#4257),#4246,.T.);
#4259=CARTESIAN_POINT('',(2.735360008499E-7,-1.268000005638E1,
-3.292069736469E-7));
#4260=DIRECTION('',(0.E0,1.E0,0.E0));
#4261=DIRECTION('',(0.E0,0.E0,1.E0));
#4262=AXIS2_PLACEMENT_3D('',#4259,#4260,#4261);
#4263=CONICAL_SURFACE('',#4262,2.200000290107E0,4.500000095695E1);
#4264=ORIENTED_EDGE('',*,*,#4208,.F.);
#4265=ORIENTED_EDGE('',*,*,#4222,.T.);
#4266=ORIENTED_EDGE('',*,*,#4249,.T.);
#4267=ORIENTED_EDGE('',*,*,#4247,.T.);
#4269=ORIENTED_EDGE('',*,*,#4268,.F.);
#4270=EDGE_LOOP('',(#4264,#4265,#4266,#4267,#4269));
#4271=FACE_OUTER_BOUND('',#4270,.F.);
#4272=ADVANCED_FACE('',(#4271),#4263,.T.);
#4273=CARTESIAN_POINT('',(0.E0,-1.268E1,1.8E0));
#4274=DIRECTION('',(0.E0,-7.071067811865E-1,7.071067811865E-1));
#4275=DIRECTION('',(0.E0,7.071067811865E-1,7.071067811865E-1));
#4276=AXIS2_PLACEMENT_3D('',#4273,#4274,#4275);
#4277=PLANE('',#4276);
#4278=ORIENTED_EDGE('',*,*,#4210,.F.);
#4279=ORIENTED_EDGE('',*,*,#4268,.T.);
#4281=ORIENTED_EDGE('',*,*,#4280,.T.);
#4282=ORIENTED_EDGE('',*,*,#4191,.F.);
#4283=EDGE_LOOP('',(#4278,#4279,#4281,#4282));
#4284=FACE_OUTER_BOUND('',#4283,.F.);
#4285=ADVANCED_FACE('',(#4284),#4277,.T.);
#4286=CARTESIAN_POINT('',(1.296148139682E0,-8.73E0,1.9E0));
#4287=DIRECTION('',(0.E0,0.E0,1.E0));
#4288=DIRECTION('',(-1.E0,0.E0,0.E0));
#4289=AXIS2_PLACEMENT_3D('',#4286,#4287,#4288);
#4290=PLANE('',#4289);
#4291=ORIENTED_EDGE('',*,*,#4280,.F.);
#4292=ORIENTED_EDGE('',*,*,#4254,.F.);
#4293=ORIENTED_EDGE('',*,*,#4144,.T.);
#4294=ORIENTED_EDGE('',*,*,#4175,.F.);
#4295=EDGE_LOOP('',(#4291,#4292,#4293,#4294));
#4296=FACE_OUTER_BOUND('',#4295,.F.);
#4297=ADVANCED_FACE('',(#4296),#4290,.T.);
#4298=CARTESIAN_POINT('',(8.882119672276E-1,-1.375870876462E1,0.E0));
#4299=DIRECTION('',(2.079116908178E-1,-9.781476007338E-1,0.E0));
#4300=DIRECTION('',(9.781476007338E-1,2.079116908178E-1,0.E0));
#4301=AXIS2_PLACEMENT_3D('',#4298,#4299,#4300);
#4302=CONICAL_SURFACE('',#4301,1.025E0,3.170154515080E0);
#4304=ORIENTED_EDGE('',*,*,#4303,.T.);
#4306=ORIENTED_EDGE('',*,*,#4305,.T.);
#4308=ORIENTED_EDGE('',*,*,#4307,.F.);
#4310=ORIENTED_EDGE('',*,*,#4309,.F.);
#4311=EDGE_LOOP('',(#4304,#4306,#4308,#4310));
#4312=FACE_OUTER_BOUND('',#4311,.F.);
#4313=ADVANCED_FACE('',(#4312),#4302,.T.);
#4314=CARTESIAN_POINT('',(8.882119672276E-1,-1.375870876462E1,0.E0));
#4315=DIRECTION('',(2.079116908178E-1,-9.781476007338E-1,0.E0));
#4316=DIRECTION('',(9.781476007338E-1,2.079116908178E-1,0.E0));
#4317=AXIS2_PLACEMENT_3D('',#4314,#4315,#4316);
#4318=CONICAL_SURFACE('',#4317,1.025E0,3.170154515080E0);
#4319=ORIENTED_EDGE('',*,*,#4303,.F.);
#4321=ORIENTED_EDGE('',*,*,#4320,.F.);
#4322=ORIENTED_EDGE('',*,*,#4307,.T.);
#4324=ORIENTED_EDGE('',*,*,#4323,.T.);
#4325=EDGE_LOOP('',(#4319,#4321,#4322,#4324));
#4326=FACE_OUTER_BOUND('',#4325,.F.);
#4327=ADVANCED_FACE('',(#4326),#4318,.T.);
#4328=CARTESIAN_POINT('',(1.558955296821E0,-1.691430802875E1,0.E0));
#4329=DIRECTION('',(2.079116908178E-1,-9.781476007338E-1,0.E0));
#4330=DIRECTION('',(9.781476007338E-1,2.079116908178E-1,0.E0));
#4331=AXIS2_PLACEMENT_3D('',#4328,#4329,#4330);
#4332=SPHERICAL_SURFACE('',#4331,1.201839166959E0);
#4334=ORIENTED_EDGE('',*,*,#4333,.F.);
#4336=ORIENTED_EDGE('',*,*,#4335,.T.);
#4337=ORIENTED_EDGE('',*,*,#4320,.T.);
#4338=EDGE_LOOP('',(#4334,#4336,#4337));
#4339=FACE_OUTER_BOUND('',#4338,.F.);
#4340=ADVANCED_FACE('',(#4339),#4332,.T.);
#4341=CARTESIAN_POINT('',(1.558955296821E0,-1.691430802875E1,0.E0));
#4342=DIRECTION('',(2.079116908178E-1,-9.781476007338E-1,0.E0));
#4343=DIRECTION('',(9.781476007338E-1,2.079116908178E-1,0.E0));
#4344=AXIS2_PLACEMENT_3D('',#4341,#4342,#4343);
#4345=SPHERICAL_SURFACE('',#4344,1.201839166959E0);
#4346=ORIENTED_EDGE('',*,*,#4333,.T.);
#4347=ORIENTED_EDGE('',*,*,#4309,.T.);
#4348=ORIENTED_EDGE('',*,*,#4335,.F.);
#4349=EDGE_LOOP('',(#4346,#4347,#4348));
#4350=FACE_OUTER_BOUND('',#4349,.F.);
#4351=ADVANCED_FACE('',(#4350),#4345,.T.);
#4352=CARTESIAN_POINT('',(-3.635623626307E0,-6.43E0,2.405897674687E0));
#4353=DIRECTION('',(0.E0,0.E0,-1.E0));
#4354=DIRECTION('',(0.E0,-1.E0,0.E0));
#4355=AXIS2_PLACEMENT_3D('',#4352,#4353,#4354);
#4356=CYLINDRICAL_SURFACE('',#4355,3.E-1);
#4358=ORIENTED_EDGE('',*,*,#4357,.T.);
#4359=ORIENTED_EDGE('',*,*,#3374,.F.);
#4360=ORIENTED_EDGE('',*,*,#2771,.T.);
#4362=ORIENTED_EDGE('',*,*,#4361,.T.);
#4363=EDGE_LOOP('',(#4358,#4359,#4360,#4362));
#4364=FACE_OUTER_BOUND('',#4363,.F.);
#4365=ADVANCED_FACE('',(#4364),#4356,.T.);
#4366=CARTESIAN_POINT('',(-3.635673122225E0,-6.729999991553E0,
2.085574130389E0));
#4367=CARTESIAN_POINT('',(-3.662912156161E0,-6.729946172009E0,
2.086482103003E0));
#4368=CARTESIAN_POINT('',(-3.717038371985E0,-6.722609602485E0,
2.088285759588E0));
#4369=CARTESIAN_POINT('',(-3.793110458145E0,-6.689795501047E0,
2.090818988182E0));
#4370=CARTESIAN_POINT('',(-3.857674613457E0,-6.637340053855E0,
2.092966843046E0));
#4371=CARTESIAN_POINT('',(-3.905530994196E0,-6.569395270772E0,
2.094556407993E0));
#4372=CARTESIAN_POINT('',(-3.930195284337E0,-6.499596488877E0,
2.095373876880E0));
#4373=CARTESIAN_POINT('',(-3.935242226942E0,-6.453773818994E0,
2.095541029602E0));
#4374=CARTESIAN_POINT('',(-3.935570816056E0,-6.435234313E0,2.095551895618E0));
#4375=CARTESIAN_POINT('',(-3.515557957680E0,-6.730040993071E0,
2.205689294933E0));
#4376=CARTESIAN_POINT('',(-3.542831076968E0,-6.740893242247E0,
2.206586654128E0));
#4377=CARTESIAN_POINT('',(-3.601376463098E0,-6.755231675178E0,
2.209873693595E0));
#4378=CARTESIAN_POINT('',(-3.696977007122E0,-6.749203246259E0,
2.219143092170E0));
#4379=CARTESIAN_POINT('',(-3.791543471123E0,-6.710723650621E0,
2.232686296433E0));
#4380=CARTESIAN_POINT('',(-3.874123202011E0,-6.636572941698E0,
2.249138969289E0));
#4381=CARTESIAN_POINT('',(-3.923960166089E0,-6.538739477506E0,
2.262138474177E0));
#4382=CARTESIAN_POINT('',(-3.934865584947E0,-6.467222214470E0,
2.265118650649E0));
#4383=CARTESIAN_POINT('',(-3.935560185240E0,-6.438192666477E0,
2.265352736465E0));
#4384=CARTESIAN_POINT('',(-3.430599571697E0,-6.609958813344E0,
2.290647680916E0));
#4385=CARTESIAN_POINT('',(-3.446991086103E0,-6.628544757845E0,
2.291537533157E0));
#4386=CARTESIAN_POINT('',(-3.486990911559E0,-6.661147858559E0,
2.295873780824E0));
#4387=CARTESIAN_POINT('',(-3.565943837199E0,-6.687198525258E0,
2.309907724588E0));
#4388=CARTESIAN_POINT('',(-3.655876627684E0,-6.679603470244E0,
2.331510947719E0));
#4389=CARTESIAN_POINT('',(-3.743850436922E0,-6.628267378676E0,
2.358476411889E0));
#4390=CARTESIAN_POINT('',(-3.801613218789E0,-6.538554771296E0,
2.380092365174E0));
#4391=CARTESIAN_POINT('',(-3.814640769339E0,-6.467213812058E0,
2.385062215126E0));
#4392=CARTESIAN_POINT('',(-3.815462634370E0,-6.438188979743E0,
2.385454186035E0));
#4393=CARTESIAN_POINT('',(-3.430562837457E0,-6.440088688515E0,
2.290684415156E0));
#4394=CARTESIAN_POINT('',(-3.431530693314E0,-6.458705898115E0,
2.291574264152E0));
#4395=CARTESIAN_POINT('',(-3.440882747618E0,-6.495464783659E0,
2.295910965474E0));
#4396=CARTESIAN_POINT('',(-3.476762504471E0,-6.540097844777E0,
2.309946969329E0));
#4397=CARTESIAN_POINT('',(-3.530139064620E0,-6.562205848866E0,
2.331553677444E0));
#4398=CARTESIAN_POINT('',(-3.591017492057E0,-6.549341938425E0,
2.358523687126E0));
#4399=CARTESIAN_POINT('',(-3.634816344744E0,-6.499149726400E0,
2.380143365984E0));
#4400=CARTESIAN_POINT('',(-3.644986570651E0,-6.453753247743E0,
2.385114076230E0));
#4401=CARTESIAN_POINT('',(-3.645622403962E0,-6.435225349403E0,
2.385506115405E0));
#4402=(BOUNDED_SURFACE()B_SPLINE_SURFACE(3,3,((#4366,#4367,#4368,#4369,#4370,
#4371,#4372,#4373,#4374),(#4375,#4376,#4377,#4378,#4379,#4380,#4381,#4382,
#4383),(#4384,#4385,#4386,#4387,#4388,#4389,#4390,#4391,#4392),(#4393,#4394,
#4395,#4396,#4397,#4398,#4399,#4400,#4401)),.UNSPECIFIED.,.F.,.F.,.F.)B_SPLINE_SURFACE_WITH_KNOTS((4,4),(4,1,1,1,1,1,4),(-3.626658064568E-5,1.000000019032E0),(
0.E0,1.650985069168E-1,3.326707052423E-1,5.005270482750E-1,6.685850495993E-1,
8.352571578674E-1,9.485088173914E-1),.UNSPECIFIED.)GEOMETRIC_REPRESENTATION_ITEM()RATIONAL_B_SPLINE_SURFACE(((1.171569674287E0,1.171569674287E0,1.171569674287E0,
1.171569674287E0,1.171569674287E0,1.171569674287E0,1.171569674287E0,
1.171569674287E0,1.171569674287E0),(9.428183999431E-1,9.428183999431E-1,
9.428183999431E-1,9.428183999431E-1,9.428183999431E-1,9.428183999431E-1,
9.428183999431E-1,9.428183999431E-1,9.428183999431E-1),(9.428101088715E-1,
9.428101088715E-1,9.428101088715E-1,9.428101088715E-1,9.428101088715E-1,
9.428101088715E-1,9.428101088715E-1,9.428101088715E-1,9.428101088715E-1),(
1.171544801072E0,1.171544801072E0,1.171544801072E0,1.171544801072E0,
1.171544801072E0,1.171544801072E0,1.171544801072E0,1.171544801072E0,
1.171544801072E0)))REPRESENTATION_ITEM('')SURFACE());
#4403=ORIENTED_EDGE('',*,*,#4361,.F.);
#4405=ORIENTED_EDGE('',*,*,#4404,.F.);
#4407=ORIENTED_EDGE('',*,*,#4406,.T.);
#4408=EDGE_LOOP('',(#4403,#4405,#4407));
#4409=FACE_OUTER_BOUND('',#4408,.F.);
#4410=ADVANCED_FACE('',(#4409),#4402,.T.);
#4411=CARTESIAN_POINT('',(-3.645223199638E0,-6.453027697190E0,
2.095223199638E0));
#4412=DIRECTION('',(-1.744974916068E-2,9.996954598819E-1,1.744974916068E-2));
#4413=DIRECTION('',(-9.998476951564E-1,-1.745240643728E-2,0.E0));
#4414=AXIS2_PLACEMENT_3D('',#4411,#4412,#4413);
#4415=CYLINDRICAL_SURFACE('',#4414,2.9E-1);
#4416=ORIENTED_EDGE('',*,*,#2769,.F.);
#4418=ORIENTED_EDGE('',*,*,#4417,.T.);
#4419=ORIENTED_EDGE('',*,*,#2958,.F.);
#4420=ORIENTED_EDGE('',*,*,#4404,.T.);
#4421=EDGE_LOOP('',(#4416,#4418,#4419,#4420));
#4422=FACE_OUTER_BOUND('',#4421,.F.);
#4423=ADVANCED_FACE('',(#4422),#4415,.T.);
#4424=CARTESIAN_POINT('',(-3.76E0,1.157341561506E0,2.21E0));
#4425=DIRECTION('',(0.E0,-1.E0,0.E0));
#4426=DIRECTION('',(0.E0,0.E0,1.E0));
#4427=AXIS2_PLACEMENT_3D('',#4424,#4425,#4426);
#4428=CYLINDRICAL_SURFACE('',#4427,2.9E-1);
#4429=ORIENTED_EDGE('',*,*,#2938,.T.);
#4430=ORIENTED_EDGE('',*,*,#4417,.F.);
#4431=ORIENTED_EDGE('',*,*,#2787,.T.);
#4433=ORIENTED_EDGE('',*,*,#4432,.F.);
#4434=EDGE_LOOP('',(#4429,#4430,#4431,#4433));
#4435=FACE_OUTER_BOUND('',#4434,.F.);
#4436=ADVANCED_FACE('',(#4435),#4428,.T.);
#4437=CARTESIAN_POINT('',(-3.76E0,1.12E0,2.5E0));
#4438=CARTESIAN_POINT('',(-3.929878066912E0,1.119999999999E0,2.5E0));
#4439=CARTESIAN_POINT('',(-4.05E0,1.119999999997E0,2.379878066912E0));
#4440=CARTESIAN_POINT('',(-4.05E0,1.119999999997E0,2.21E0));
#4441=CARTESIAN_POINT('',(-3.76E0,1.130466715123E0,2.5E0));
#4442=CARTESIAN_POINT('',(-3.929878066913E0,1.308273248326E0,2.5E0));
#4443=CARTESIAN_POINT('',(-4.050000000003E0,1.434001453694E0,2.379878066912E0));
#4444=CARTESIAN_POINT('',(-4.050000000003E0,1.434001453693E0,2.21E0));
#4445=CARTESIAN_POINT('',(-3.750330015916E0,1.134472153087E0,2.5E0));
#4446=CARTESIAN_POINT('',(-3.755936262499E0,1.380322292129E0,2.5E0));
#4447=CARTESIAN_POINT('',(-3.759900477474E0,1.554164592602E0,2.379878066911E0));
#4448=CARTESIAN_POINT('',(-3.759900477474E0,1.554164592602E0,2.209999999999E0));
#4449=CARTESIAN_POINT('',(-3.742928931449E0,1.127071067073E0,2.5E0));
#4450=CARTESIAN_POINT('',(-3.622806985805E0,1.247192987605E0,2.5E0));
#4451=CARTESIAN_POINT('',(-3.537867943471E0,1.332132012183E0,2.379878066912E0));
#4452=CARTESIAN_POINT('',(-3.537867943471E0,1.332132012183E0,2.21E0));
#4453=(BOUNDED_SURFACE()B_SPLINE_SURFACE(3,3,((#4437,#4438,#4439,#4440),(#4441,
#4442,#4443,#4444),(#4445,#4446,#4447,#4448),(#4449,#4450,#4451,#4452)),
.UNSPECIFIED.,.F.,.F.,.F.)B_SPLINE_SURFACE_WITH_KNOTS((4,4),(4,4),(0.E0,1.E0),(
0.E0,1.E0),.UNSPECIFIED.)GEOMETRIC_REPRESENTATION_ITEM()RATIONAL_B_SPLINE_SURFACE(((1.694636514397E0,1.363738152116E0,1.363738152116E0,1.694636514397E0),(
9.972183288733E-1,8.024993380705E-1,8.024993380705E-1,9.972183288733E-1),(
9.972183288733E-1,8.024993380705E-1,8.024993380705E-1,9.972183288733E-1),(
1.694636514397E0,1.363738152116E0,1.363738152116E0,1.694636514397E0)))REPRESENTATION_ITEM('')SURFACE());
#4454=ORIENTED_EDGE('',*,*,#2940,.F.);
#4455=ORIENTED_EDGE('',*,*,#4432,.T.);
#4456=ORIENTED_EDGE('',*,*,#2804,.T.);
#4457=ORIENTED_EDGE('',*,*,#2921,.T.);
#4458=EDGE_LOOP('',(#4454,#4455,#4456,#4457));
#4459=FACE_OUTER_BOUND('',#4458,.F.);
#4460=ADVANCED_FACE('',(#4459),#4453,.T.);
#4461=CARTESIAN_POINT('',(3.954493591778E0,-6.43E0,2.085623626307E0));
#4462=DIRECTION('',(-1.E0,0.E0,0.E0));
#4463=DIRECTION('',(0.E0,-1.E0,0.E0));
#4464=AXIS2_PLACEMENT_3D('',#4461,#4462,#4463);
#4465=CYLINDRICAL_SURFACE('',#4464,3.E-1);
#4467=ORIENTED_EDGE('',*,*,#4466,.T.);
#4469=ORIENTED_EDGE('',*,*,#4468,.T.);
#4471=ORIENTED_EDGE('',*,*,#4470,.T.);
#4473=ORIENTED_EDGE('',*,*,#4472,.T.);
#4475=ORIENTED_EDGE('',*,*,#4474,.T.);
#4476=ORIENTED_EDGE('',*,*,#4406,.F.);
#4477=ORIENTED_EDGE('',*,*,#2956,.T.);
#4479=ORIENTED_EDGE('',*,*,#4478,.T.);
#4480=EDGE_LOOP('',(#4467,#4469,#4471,#4473,#4475,#4476,#4477,#4479));
#4481=FACE_OUTER_BOUND('',#4480,.F.);
#4482=ADVANCED_FACE('',(#4481),#4465,.T.);
#4483=CARTESIAN_POINT('',(3.635574130412E0,-6.729999991553E0,2.085673122202E0));
#4484=CARTESIAN_POINT('',(3.636482102985E0,-6.729946172021E0,2.112912154897E0));
#4485=CARTESIAN_POINT('',(3.638285759491E0,-6.722609603153E0,2.167038368336E0));
#4486=CARTESIAN_POINT('',(3.640818987994E0,-6.689795504553E0,2.243110451735E0));
#4487=CARTESIAN_POINT('',(3.642966842821E0,-6.637340061538E0,2.307674605855E0));
#4488=CARTESIAN_POINT('',(3.644556407797E0,-6.569395283265E0,2.355530987390E0));
#4489=CARTESIAN_POINT('',(3.645373876848E0,-6.499596499339E0,2.380195282370E0));
#4490=CARTESIAN_POINT('',(3.645541029631E0,-6.453773824784E0,2.385242226842E0));
#4491=CARTESIAN_POINT('',(3.645551895651E0,-6.435234313001E0,2.385570816062E0));
#4492=CARTESIAN_POINT('',(3.755689294945E0,-6.730040993052E0,1.965557957669E0));
#4493=CARTESIAN_POINT('',(3.756586654100E0,-6.740893241741E0,1.992831075708E0));
#4494=CARTESIAN_POINT('',(3.759873693355E0,-6.755231674372E0,2.051376459055E0));
#4495=CARTESIAN_POINT('',(3.769143091242E0,-6.749203247676E0,2.146976998641E0));
#4496=CARTESIAN_POINT('',(3.782686294501E0,-6.710723657348E0,2.241543459238E0));
#4497=CARTESIAN_POINT('',(3.799138966426E0,-6.636572956969E0,2.324123189308E0));
#4498=CARTESIAN_POINT('',(3.812138472888E0,-6.538739493681E0,2.373960161740E0));
#4499=CARTESIAN_POINT('',(3.815118650632E0,-6.467222223513E0,2.384865584714E0));
#4500=CARTESIAN_POINT('',(3.815352736535E0,-6.438192666473E0,2.385560185227E0));
#4501=CARTESIAN_POINT('',(3.840647680916E0,-6.609958813330E0,1.880599571697E0));
#4502=CARTESIAN_POINT('',(3.841537533119E0,-6.628544756987E0,1.896991085348E0));
#4503=CARTESIAN_POINT('',(3.845873780478E0,-6.661147856460E0,1.936990908699E0));
#4504=CARTESIAN_POINT('',(3.859907723131E0,-6.687198523811E0,2.015943829826E0));
#4505=CARTESIAN_POINT('',(3.881510944574E0,-6.679603473233E0,2.105876615823E0));
#4506=CARTESIAN_POINT('',(3.908476407135E0,-6.628267390921E0,2.193850422787E0));
#4507=CARTESIAN_POINT('',(3.930092362988E0,-6.538554787328E0,2.251613213560E0));
#4508=CARTESIAN_POINT('',(3.935062215070E0,-6.467213821086E0,2.264640769070E0));
#4509=CARTESIAN_POINT('',(3.935454186126E0,-6.438188979735E0,2.265462634359E0));
#4510=CARTESIAN_POINT('',(3.840684415156E0,-6.440088688515E0,1.880562837457E0));
#4511=CARTESIAN_POINT('',(3.841574264114E0,-6.458705897268E0,1.881530693263E0));
#4512=CARTESIAN_POINT('',(3.845910965128E0,-6.495464781202E0,1.890882746815E0));
#4513=CARTESIAN_POINT('',(3.859946967872E0,-6.540097841364E0,1.926762500725E0));
#4514=CARTESIAN_POINT('',(3.881553674298E0,-6.562205847524E0,1.980139057068E0));
#4515=CARTESIAN_POINT('',(3.908523682372E0,-6.549341943611E0,2.041017481785E0));
#4516=CARTESIAN_POINT('',(3.930143363798E0,-6.499149736516E0,2.084816340645E0));
#4517=CARTESIAN_POINT('',(3.935114076174E0,-6.453753253496E0,2.094986570454E0));
#4518=CARTESIAN_POINT('',(3.935506115496E0,-6.435225349395E0,2.095622403963E0));
#4519=(BOUNDED_SURFACE()B_SPLINE_SURFACE(3,3,((#4483,#4484,#4485,#4486,#4487,
#4488,#4489,#4490,#4491),(#4492,#4493,#4494,#4495,#4496,#4497,#4498,#4499,
#4500),(#4501,#4502,#4503,#4504,#4505,#4506,#4507,#4508,#4509),(#4510,#4511,
#4512,#4513,#4514,#4515,#4516,#4517,#4518)),.UNSPECIFIED.,.F.,.F.,.F.)B_SPLINE_SURFACE_WITH_KNOTS((4,4),(4,1,1,1,1,1,4),(-3.626658804468E-5,1.000000019031E0),(
0.E0,1.650985065494E-1,3.326707045867E-1,5.005270480021E-1,6.685850495036E-1,
8.352571580173E-1,9.485088578477E-1),.UNSPECIFIED.)GEOMETRIC_REPRESENTATION_ITEM()RATIONAL_B_SPLINE_SURFACE(((1.171569674262E0,1.171569674262E0,1.171569674262E0,
1.171569674262E0,1.171569674262E0,1.171569674262E0,1.171569674262E0,
1.171569674262E0,1.171569674262E0),(9.428183999533E-1,9.428183999533E-1,
9.428183999533E-1,9.428183999533E-1,9.428183999533E-1,9.428183999533E-1,
9.428183999533E-1,9.428183999533E-1,9.428183999533E-1),(9.428101088798E-1,
9.428101088798E-1,9.428101088798E-1,9.428101088798E-1,9.428101088798E-1,
9.428101088798E-1,9.428101088798E-1,9.428101088798E-1,9.428101088798E-1),(
1.171544801042E0,1.171544801042E0,1.171544801042E0,1.171544801042E0,
1.171544801042E0,1.171544801042E0,1.171544801042E0,1.171544801042E0,
1.171544801042E0)))REPRESENTATION_ITEM('')SURFACE());
#4520=ORIENTED_EDGE('',*,*,#4478,.F.);
#4522=ORIENTED_EDGE('',*,*,#4521,.F.);
#4524=ORIENTED_EDGE('',*,*,#4523,.T.);
#4525=EDGE_LOOP('',(#4520,#4522,#4524));
#4526=FACE_OUTER_BOUND('',#4525,.F.);
#4527=ADVANCED_FACE('',(#4526),#4519,.T.);
#4528=CARTESIAN_POINT('',(3.645223199969E0,-6.453027678246E0,2.095223199969E0));
#4529=DIRECTION('',(1.744974916068E-2,9.996954598819E-1,1.744974916068E-2));
#4530=DIRECTION('',(0.E0,-1.745240643728E-2,9.998476951564E-1));
#4531=AXIS2_PLACEMENT_3D('',#4528,#4529,#4530);
#4532=CYLINDRICAL_SURFACE('',#4531,2.9E-1);
#4533=ORIENTED_EDGE('',*,*,#2954,.F.);
#4535=ORIENTED_EDGE('',*,*,#4534,.F.);
#4537=ORIENTED_EDGE('',*,*,#4536,.F.);
#4538=ORIENTED_EDGE('',*,*,#4521,.T.);
#4539=EDGE_LOOP('',(#4533,#4535,#4537,#4538));
#4540=FACE_OUTER_BOUND('',#4539,.F.);
#4541=ADVANCED_FACE('',(#4540),#4532,.T.);
#4542=CARTESIAN_POINT('',(3.76E0,9.324981824895E-2,2.21E0));
#4543=DIRECTION('',(0.E0,1.E0,0.E0));
#4544=DIRECTION('',(0.E0,0.E0,1.E0));
#4545=AXIS2_PLACEMENT_3D('',#4542,#4543,#4544);
#4546=CYLINDRICAL_SURFACE('',#4545,2.9E-1);
#4547=ORIENTED_EDGE('',*,*,#3001,.T.);
#4548=ORIENTED_EDGE('',*,*,#3028,.F.);
#4550=ORIENTED_EDGE('',*,*,#4549,.T.);
#4551=ORIENTED_EDGE('',*,*,#4534,.T.);
#4552=EDGE_LOOP('',(#4547,#4548,#4550,#4551));
#4553=FACE_OUTER_BOUND('',#4552,.F.);
#4554=ADVANCED_FACE('',(#4553),#4546,.T.);
#4555=CARTESIAN_POINT('',(4.05E0,1.12E0,2.5E0));
#4556=DIRECTION('',(1.E0,0.E0,0.E0));
#4557=DIRECTION('',(0.E0,-1.E0,0.E0));
#4558=AXIS2_PLACEMENT_3D('',#4555,#4556,#4557);
#4559=PLANE('',#4558);
#4560=ORIENTED_EDGE('',*,*,#3040,.F.);
#4562=ORIENTED_EDGE('',*,*,#4561,.F.);
#4564=ORIENTED_EDGE('',*,*,#4563,.T.);
#4565=ORIENTED_EDGE('',*,*,#4549,.F.);
#4566=EDGE_LOOP('',(#4560,#4562,#4564,#4565));
#4567=FACE_OUTER_BOUND('',#4566,.F.);
#4568=ADVANCED_FACE('',(#4567),#4559,.T.);
#4569=CARTESIAN_POINT('',(3.76E0,1.146286566638E0,2.19E0));
#4570=DIRECTION('',(0.E0,-1.E0,0.E0));
#4571=DIRECTION('',(0.E0,0.E0,-1.E0));
#4572=AXIS2_PLACEMENT_3D('',#4569,#4570,#4571);
#4573=CYLINDRICAL_SURFACE('',#4572,2.9E-1);
#4574=ORIENTED_EDGE('',*,*,#3067,.F.);
#4575=ORIENTED_EDGE('',*,*,#3085,.T.);
#4576=ORIENTED_EDGE('',*,*,#3128,.T.);
#4577=ORIENTED_EDGE('',*,*,#4561,.T.);
#4578=EDGE_LOOP('',(#4574,#4575,#4576,#4577));
#4579=FACE_OUTER_BOUND('',#4578,.F.);
#4580=ADVANCED_FACE('',(#4579),#4573,.T.);
#4581=CARTESIAN_POINT('',(4.05E0,1.2E-1,-2.695290552767E0));
#4582=DIRECTION('',(9.998476951564E-1,-1.745240643728E-2,0.E0));
#4583=DIRECTION('',(0.E0,0.E0,-1.E0));
#4584=AXIS2_PLACEMENT_3D('',#4581,#4582,#4583);
#4585=PLANE('',#4584);
#4586=ORIENTED_EDGE('',*,*,#3126,.F.);
#4588=ORIENTED_EDGE('',*,*,#4587,.F.);
#4590=ORIENTED_EDGE('',*,*,#4589,.T.);
#4592=ORIENTED_EDGE('',*,*,#4591,.F.);
#4593=ORIENTED_EDGE('',*,*,#4536,.T.);
#4594=ORIENTED_EDGE('',*,*,#4563,.F.);
#4595=EDGE_LOOP('',(#4586,#4588,#4590,#4592,#4593,#4594));
#4596=FACE_OUTER_BOUND('',#4595,.F.);
#4597=ADVANCED_FACE('',(#4596),#4585,.T.);
#4598=CARTESIAN_POINT('',(4.05E0,1.12E0,-2.5E0));
#4599=DIRECTION('',(-1.E0,0.E0,0.E0));
#4600=DIRECTION('',(0.E0,-1.E0,0.E0));
#4601=AXIS2_PLACEMENT_3D('',#4598,#4599,#4600);
#4602=PLANE('',#4601);
#4604=ORIENTED_EDGE('',*,*,#4603,.F.);
#4606=ORIENTED_EDGE('',*,*,#4605,.F.);
#4607=ORIENTED_EDGE('',*,*,#4587,.T.);
#4609=ORIENTED_EDGE('',*,*,#4608,.F.);
#4610=EDGE_LOOP('',(#4604,#4606,#4607,#4609));
#4611=FACE_OUTER_BOUND('',#4610,.F.);
#4612=ADVANCED_FACE('',(#4611),#4602,.F.);
#4613=CARTESIAN_POINT('',(3.75E0,1.12E0,-2.5E0));
#4614=DIRECTION('',(0.E0,0.E0,-1.E0));
#4615=DIRECTION('',(1.E0,0.E0,0.E0));
#4616=AXIS2_PLACEMENT_3D('',#4613,#4614,#4615);
#4617=CYLINDRICAL_SURFACE('',#4616,3.E-1);
#4619=ORIENTED_EDGE('',*,*,#4618,.F.);
#4621=ORIENTED_EDGE('',*,*,#4620,.T.);
#4623=ORIENTED_EDGE('',*,*,#4622,.F.);
#4624=ORIENTED_EDGE('',*,*,#4603,.T.);
#4625=EDGE_LOOP('',(#4619,#4621,#4623,#4624));
#4626=FACE_OUTER_BOUND('',#4625,.F.);
#4627=ADVANCED_FACE('',(#4626),#4617,.T.);
#4628=CARTESIAN_POINT('',(3.742928932188E0,1.127071067812E0,-1.9E0));
#4629=CARTESIAN_POINT('',(3.622806999095E0,1.247193000895E0,-1.9E0));
#4630=CARTESIAN_POINT('',(3.537867965636E0,1.332132034348E0,-2.020121933088E0));
#4631=CARTESIAN_POINT('',(3.537867965636E0,1.332132034347E0,-2.19E0));
#4632=CARTESIAN_POINT('',(3.750330017428E0,1.134472153052E0,-1.9E0));
#4633=CARTESIAN_POINT('',(3.755936289702E0,1.380322291512E0,-1.9E0));
#4634=CARTESIAN_POINT('',(3.759900522843E0,1.554164591572E0,-2.020121933088E0));
#4635=CARTESIAN_POINT('',(3.759900522843E0,1.554164591572E0,-2.19E0));
#4636=CARTESIAN_POINT('',(3.760000001094E0,1.130466714078E0,-1.9E0));
#4637=CARTESIAN_POINT('',(3.929878086591E0,1.308273229531E0,-1.9E0));
#4638=CARTESIAN_POINT('',(4.050000032821E0,1.434001422346E0,-2.020121933089E0));
#4639=CARTESIAN_POINT('',(4.050000032820E0,1.434001422346E0,-2.190000000001E0));
#4640=CARTESIAN_POINT('',(3.76E0,1.119999998955E0,-1.9E0));
#4641=CARTESIAN_POINT('',(3.929878066912E0,1.119999981199E0,-1.9E0));
#4642=CARTESIAN_POINT('',(4.05E0,1.119999968643E0,-2.020121933088E0));
#4643=CARTESIAN_POINT('',(4.05E0,1.119999968643E0,-2.19E0));
#4644=(BOUNDED_SURFACE()B_SPLINE_SURFACE(3,3,((#4628,#4629,#4630,#4631),(#4632,
#4633,#4634,#4635),(#4636,#4637,#4638,#4639),(#4640,#4641,#4642,#4643)),
.UNSPECIFIED.,.F.,.F.,.F.)B_SPLINE_SURFACE_WITH_KNOTS((4,4),(4,4),(0.E0,1.E0),(
0.E0,1.E0),.UNSPECIFIED.)GEOMETRIC_REPRESENTATION_ITEM()RATIONAL_B_SPLINE_SURFACE(((1.694636514415E0,1.363738152130E0,1.363738152130E0,1.694636514415E0),(
9.972183288674E-1,8.024993380658E-1,8.024993380658E-1,9.972183288674E-1),(
9.972183288674E-1,8.024993380658E-1,8.024993380658E-1,9.972183288674E-1),(
1.694636514415E0,1.363738152130E0,1.363738152130E0,1.694636514415E0)))REPRESENTATION_ITEM('')SURFACE());
#4645=ORIENTED_EDGE('',*,*,#3142,.F.);
#4646=ORIENTED_EDGE('',*,*,#3162,.T.);
#4647=ORIENTED_EDGE('',*,*,#4618,.T.);
#4649=ORIENTED_EDGE('',*,*,#4648,.T.);
#4650=EDGE_LOOP('',(#4645,#4646,#4647,#4649));
#4651=FACE_OUTER_BOUND('',#4650,.F.);
#4652=ADVANCED_FACE('',(#4651),#4644,.T.);
#4653=CARTESIAN_POINT('',(3.76E0,9.324978236485E-2,-2.19E0));
#4654=DIRECTION('',(0.E0,1.E0,0.E0));
#4655=DIRECTION('',(0.E0,0.E0,1.E0));
#4656=AXIS2_PLACEMENT_3D('',#4653,#4654,#4655);
#4657=CYLINDRICAL_SURFACE('',#4656,2.9E-1);
#4658=ORIENTED_EDGE('',*,*,#4648,.F.);
#4659=ORIENTED_EDGE('',*,*,#4608,.T.);
#4660=ORIENTED_EDGE('',*,*,#3124,.F.);
#4661=ORIENTED_EDGE('',*,*,#3144,.T.);
#4662=EDGE_LOOP('',(#4658,#4659,#4660,#4661));
#4663=FACE_OUTER_BOUND('',#4662,.F.);
#4664=ADVANCED_FACE('',(#4663),#4657,.T.);
#4665=CARTESIAN_POINT('',(2.325735931288E0,1.2E-1,-2.5E0));
#4666=DIRECTION('',(7.071067811865E-1,-7.071067811865E-1,0.E0));
#4667=DIRECTION('',(7.071067811865E-1,7.071067811865E-1,0.E0));
#4668=AXIS2_PLACEMENT_3D('',#4665,#4666,#4667);
#4669=PLANE('',#4668);
#4670=ORIENTED_EDGE('',*,*,#3160,.F.);
#4671=ORIENTED_EDGE('',*,*,#3180,.F.);
#4673=ORIENTED_EDGE('',*,*,#4672,.F.);
#4674=ORIENTED_EDGE('',*,*,#4620,.F.);
#4675=EDGE_LOOP('',(#4670,#4671,#4673,#4674));
#4676=FACE_OUTER_BOUND('',#4675,.F.);
#4677=ADVANCED_FACE('',(#4676),#4669,.F.);
#4678=CARTESIAN_POINT('',(2.709107646741E0,9.324978236485E-2,-2.21E0));
#4679=DIRECTION('',(7.071067811865E-1,7.071067811865E-1,0.E0));
#4680=DIRECTION('',(0.E0,0.E0,-1.E0));
#4681=AXIS2_PLACEMENT_3D('',#4678,#4679,#4680);
#4682=CYLINDRICAL_SURFACE('',#4681,2.9E-1);
#4684=ORIENTED_EDGE('',*,*,#4683,.F.);
#4686=ORIENTED_EDGE('',*,*,#4685,.F.);
#4687=ORIENTED_EDGE('',*,*,#4672,.T.);
#4688=ORIENTED_EDGE('',*,*,#3178,.F.);
#4689=ORIENTED_EDGE('',*,*,#3298,.T.);
#4690=EDGE_LOOP('',(#4684,#4686,#4687,#4688,#4689));
#4691=FACE_OUTER_BOUND('',#4690,.F.);
#4692=ADVANCED_FACE('',(#4691),#4682,.T.);
#4693=CARTESIAN_POINT('',(0.E0,4.2E-1,-2.5E0));
#4694=DIRECTION('',(0.E0,0.E0,-1.E0));
#4695=DIRECTION('',(1.E0,0.E0,0.E0));
#4696=AXIS2_PLACEMENT_3D('',#4693,#4694,#4695);
#4697=PLANE('',#4696);
#4698=ORIENTED_EDGE('',*,*,#4683,.T.);
#4699=ORIENTED_EDGE('',*,*,#3316,.T.);
#4701=ORIENTED_EDGE('',*,*,#4700,.F.);
#4703=ORIENTED_EDGE('',*,*,#4702,.T.);
#4704=EDGE_LOOP('',(#4698,#4699,#4701,#4703));
#4705=FACE_OUTER_BOUND('',#4704,.F.);
#4706=ADVANCED_FACE('',(#4705),#4697,.T.);
#4707=CARTESIAN_POINT('',(3.76E0,1.146286601900E0,-2.21E0));
#4708=DIRECTION('',(0.E0,-1.E0,0.E0));
#4709=DIRECTION('',(0.E0,0.E0,-1.E0));
#4710=AXIS2_PLACEMENT_3D('',#4707,#4708,#4709);
#4711=CYLINDRICAL_SURFACE('',#4710,2.9E-1);
#4712=ORIENTED_EDGE('',*,*,#4700,.T.);
#4714=ORIENTED_EDGE('',*,*,#4713,.F.);
#4715=ORIENTED_EDGE('',*,*,#4605,.T.);
#4717=ORIENTED_EDGE('',*,*,#4716,.F.);
#4718=EDGE_LOOP('',(#4712,#4714,#4715,#4717));
#4719=FACE_OUTER_BOUND('',#4718,.F.);
#4720=ADVANCED_FACE('',(#4719),#4711,.T.);
#4721=CARTESIAN_POINT('',(3.645223199433E0,-6.453027708903E0,
-2.095223199433E0));
#4722=DIRECTION('',(1.744974916068E-2,9.996954598819E-1,-1.744974916068E-2));
#4723=DIRECTION('',(9.998476951564E-1,-1.745240643728E-2,0.E0));
#4724=AXIS2_PLACEMENT_3D('',#4721,#4722,#4723);
#4725=CYLINDRICAL_SURFACE('',#4724,2.9E-1);
#4726=ORIENTED_EDGE('',*,*,#4589,.F.);
#4727=ORIENTED_EDGE('',*,*,#4713,.T.);
#4728=ORIENTED_EDGE('',*,*,#3314,.F.);
#4730=ORIENTED_EDGE('',*,*,#4729,.T.);
#4731=EDGE_LOOP('',(#4726,#4727,#4728,#4730));
#4732=FACE_OUTER_BOUND('',#4731,.F.);
#4733=ADVANCED_FACE('',(#4732),#4725,.T.);
#4734=CARTESIAN_POINT('',(3.635673122240E0,-6.729999991553E0,
-2.085574130374E0));
#4735=CARTESIAN_POINT('',(3.662912156943E0,-6.729946172002E0,
-2.086482103014E0));
#4736=CARTESIAN_POINT('',(3.717038374242E0,-6.722609602071E0,
-2.088285759648E0));
#4737=CARTESIAN_POINT('',(3.793110462109E0,-6.689795498878E0,
-2.090818988298E0));
#4738=CARTESIAN_POINT('',(3.857674618158E0,-6.637340049104E0,
-2.092966843186E0));
#4739=CARTESIAN_POINT('',(3.905530998403E0,-6.569395263046E0,
-2.094556408114E0));
#4740=CARTESIAN_POINT('',(3.930195285553E0,-6.499596482407E0,
-2.095373876901E0));
#4741=CARTESIAN_POINT('',(3.935242227003E0,-6.453773815413E0,
-2.095541029584E0));
#4742=CARTESIAN_POINT('',(3.935570816052E0,-6.435234313E0,-2.095551895597E0));
#4743=CARTESIAN_POINT('',(3.515557957689E0,-6.730040993083E0,
-2.205689294925E0));
#4744=CARTESIAN_POINT('',(3.542831077749E0,-6.740893242560E0,
-2.206586654144E0));
#4745=CARTESIAN_POINT('',(3.601376465598E0,-6.755231675676E0,
-2.209873693743E0));
#4746=CARTESIAN_POINT('',(3.696977012369E0,-6.749203245383E0,
-2.219143092744E0));
#4747=CARTESIAN_POINT('',(3.791543478474E0,-6.710723646462E0,
-2.232686297628E0));
#4748=CARTESIAN_POINT('',(3.874123209867E0,-6.636572932254E0,
-2.249138971057E0));
#4749=CARTESIAN_POINT('',(3.923960168779E0,-6.538739467505E0,
-2.262138474975E0));
#4750=CARTESIAN_POINT('',(3.934865585090E0,-6.467222208877E0,
-2.265118650659E0));
#4751=CARTESIAN_POINT('',(3.935560185247E0,-6.438192666479E0,
-2.265352736421E0));
#4752=CARTESIAN_POINT('',(3.430599571698E0,-6.609958813355E0,
-2.290647680916E0));
#4753=CARTESIAN_POINT('',(3.446991086571E0,-6.628544758376E0,
-2.291537533181E0));
#4754=CARTESIAN_POINT('',(3.486990913329E0,-6.661147859857E0,
-2.295873781037E0));
#4755=CARTESIAN_POINT('',(3.565943841760E0,-6.687198526154E0,
-2.309907725489E0));
#4756=CARTESIAN_POINT('',(3.655876635019E0,-6.679603468395E0,
-2.331510949664E0));
#4757=CARTESIAN_POINT('',(3.743850445663E0,-6.628267371104E0,
-2.358476414828E0));
#4758=CARTESIAN_POINT('',(3.801613222023E0,-6.538554761384E0,
-2.380092366524E0));
#4759=CARTESIAN_POINT('',(3.814640769505E0,-6.467213806474E0,
-2.385062215160E0));
#4760=CARTESIAN_POINT('',(3.815462634377E0,-6.438188979747E0,
-2.385454185978E0));
#4761=CARTESIAN_POINT('',(3.430562837457E0,-6.440088688516E0,
-2.290684415157E0));
#4762=CARTESIAN_POINT('',(3.431530693346E0,-6.458705898640E0,
-2.291574264175E0));
#4763=CARTESIAN_POINT('',(3.440882748115E0,-6.495464785181E0,
-2.295910965688E0));
#4764=CARTESIAN_POINT('',(3.476762506789E0,-6.540097846889E0,
-2.309946970230E0));
#4765=CARTESIAN_POINT('',(3.530139069291E0,-6.562205849698E0,
-2.331553679390E0));
#4766=CARTESIAN_POINT('',(3.591017498410E0,-6.549341935218E0,
-2.358523690066E0));
#4767=CARTESIAN_POINT('',(3.634816347280E0,-6.499149720145E0,
-2.380143367335E0));
#4768=CARTESIAN_POINT('',(3.644986570774E0,-6.453753244185E0,
-2.385114076265E0));
#4769=CARTESIAN_POINT('',(3.645622403962E0,-6.435225349407E0,
-2.385506115349E0));
#4770=(BOUNDED_SURFACE()B_SPLINE_SURFACE(3,3,((#4734,#4735,#4736,#4737,#4738,
#4739,#4740,#4741,#4742),(#4743,#4744,#4745,#4746,#4747,#4748,#4749,#4750,
#4751),(#4752,#4753,#4754,#4755,#4756,#4757,#4758,#4759,#4760),(#4761,#4762,
#4763,#4764,#4765,#4766,#4767,#4768,#4769)),.UNSPECIFIED.,.F.,.F.,.F.)B_SPLINE_SURFACE_WITH_KNOTS((4,4),(4,1,1,1,1,1,4),(-3.626657670188E-5,1.000000019030E0),(
0.E0,1.650985071461E-1,3.326707056499E-1,5.005270484457E-1,6.685850496599E-1,
8.352571577753E-1,9.485087923777E-1),.UNSPECIFIED.)GEOMETRIC_REPRESENTATION_ITEM()RATIONAL_B_SPLINE_SURFACE(((1.171569674302E0,1.171569674302E0,1.171569674302E0,
1.171569674302E0,1.171569674302E0,1.171569674302E0,1.171569674302E0,
1.171569674302E0,1.171569674302E0),(9.428183999374E-1,9.428183999374E-1,
9.428183999374E-1,9.428183999374E-1,9.428183999374E-1,9.428183999374E-1,
9.428183999374E-1,9.428183999374E-1,9.428183999374E-1),(9.428101088662E-1,
9.428101088662E-1,9.428101088662E-1,9.428101088662E-1,9.428101088662E-1,
9.428101088662E-1,9.428101088662E-1,9.428101088662E-1,9.428101088662E-1),(
1.171544801089E0,1.171544801089E0,1.171544801089E0,1.171544801089E0,
1.171544801089E0,1.171544801089E0,1.171544801089E0,1.171544801089E0,
1.171544801089E0)))REPRESENTATION_ITEM('')SURFACE());
#4772=ORIENTED_EDGE('',*,*,#4771,.F.);
#4773=ORIENTED_EDGE('',*,*,#4729,.F.);
#4774=ORIENTED_EDGE('',*,*,#3394,.T.);
#4775=EDGE_LOOP('',(#4772,#4773,#4774));
#4776=FACE_OUTER_BOUND('',#4775,.F.);
#4777=ADVANCED_FACE('',(#4776),#4770,.T.);
#4778=CARTESIAN_POINT('',(3.635623626307E0,-6.43E0,-2.404973987321E0));
#4779=DIRECTION('',(0.E0,0.E0,1.E0));
#4780=DIRECTION('',(0.E0,-1.E0,0.E0));
#4781=AXIS2_PLACEMENT_3D('',#4778,#4779,#4780);
#4782=CYLINDRICAL_SURFACE('',#4781,3.E-1);
#4784=ORIENTED_EDGE('',*,*,#4783,.T.);
#4785=ORIENTED_EDGE('',*,*,#4523,.F.);
#4786=ORIENTED_EDGE('',*,*,#4591,.T.);
#4787=ORIENTED_EDGE('',*,*,#4771,.T.);
#4788=EDGE_LOOP('',(#4784,#4785,#4786,#4787));
#4789=FACE_OUTER_BOUND('',#4788,.F.);
#4790=ADVANCED_FACE('',(#4789),#4782,.T.);
#4791=CARTESIAN_POINT('',(3.537867965629E0,1.332132034341E0,-2.21E0));
#4792=CARTESIAN_POINT('',(3.537867965630E0,1.332132034341E0,-2.379878066912E0));
#4793=CARTESIAN_POINT('',(3.622806999092E0,1.247193000891E0,-2.5E0));
#4794=CARTESIAN_POINT('',(3.742928932189E0,1.127071067811E0,-2.5E0));
#4795=CARTESIAN_POINT('',(3.759900505891E0,1.554164574634E0,-2.21E0));
#4796=CARTESIAN_POINT('',(3.759900505891E0,1.554164574634E0,-2.379878066912E0));
#4797=CARTESIAN_POINT('',(3.755936279537E0,1.380322281356E0,-2.5E0));
#4798=CARTESIAN_POINT('',(3.750330016864E0,1.134472152487E0,-2.5E0));
#4799=CARTESIAN_POINT('',(4.050000000015E0,1.434001429734E0,-2.209999999999E0));
#4800=CARTESIAN_POINT('',(4.050000000015E0,1.434001429734E0,-2.379878066911E0));
#4801=CARTESIAN_POINT('',(3.929878066921E0,1.308273233960E0,-2.5E0));
#4802=CARTESIAN_POINT('',(3.76E0,1.130466714324E0,-2.5E0));
#4803=CARTESIAN_POINT('',(4.05E0,1.119999999986E0,-2.21E0));
#4804=CARTESIAN_POINT('',(4.05E0,1.119999999986E0,-2.379878066912E0));
#4805=CARTESIAN_POINT('',(3.929878066912E0,1.119999999992E0,-2.5E0));
#4806=CARTESIAN_POINT('',(3.76E0,1.12E0,-2.5E0));
#4807=(BOUNDED_SURFACE()B_SPLINE_SURFACE(3,3,((#4791,#4792,#4793,#4794),(#4795,
#4796,#4797,#4798),(#4799,#4800,#4801,#4802),(#4803,#4804,#4805,#4806)),
.UNSPECIFIED.,.F.,.F.,.F.)B_SPLINE_SURFACE_WITH_KNOTS((4,4),(4,4),(0.E0,1.E0),(
0.E0,1.E0),.UNSPECIFIED.)GEOMETRIC_REPRESENTATION_ITEM()RATIONAL_B_SPLINE_SURFACE(((1.694636455283E0,1.363738104544E0,1.363738104544E0,1.694636455283E0),(
9.972183485782E-1,8.024993539277E-1,8.024993539277E-1,9.972183485782E-1),(
9.972183485782E-1,8.024993539277E-1,8.024993539277E-1,9.972183485782E-1),(
1.694636455283E0,1.363738104544E0,1.363738104544E0,1.694636455283E0)))REPRESENTATION_ITEM('')SURFACE());
#4808=ORIENTED_EDGE('',*,*,#4702,.F.);
#4809=ORIENTED_EDGE('',*,*,#4716,.T.);
#4810=ORIENTED_EDGE('',*,*,#4622,.T.);
#4811=ORIENTED_EDGE('',*,*,#4685,.T.);
#4812=EDGE_LOOP('',(#4808,#4809,#4810,#4811));
#4813=FACE_OUTER_BOUND('',#4812,.F.);
#4814=ADVANCED_FACE('',(#4813),#4807,.T.);
#4815=CARTESIAN_POINT('',(-4.05E0,1.12E0,-2.21E0));
#4816=CARTESIAN_POINT('',(-4.05E0,1.12E0,-2.379878066912E0));
#4817=CARTESIAN_POINT('',(-3.929878066912E0,1.12E0,-2.5E0));
#4818=CARTESIAN_POINT('',(-3.76E0,1.12E0,-2.5E0));
#4819=CARTESIAN_POINT('',(-4.05E0,1.434001429721E0,-2.21E0));
#4820=CARTESIAN_POINT('',(-4.05E0,1.434001429721E0,-2.379878066912E0));
#4821=CARTESIAN_POINT('',(-3.929878066912E0,1.308273233952E0,-2.5E0));
#4822=CARTESIAN_POINT('',(-3.76E0,1.130466714324E0,-2.5E0));
#4823=CARTESIAN_POINT('',(-3.759900505901E0,1.554164574613E0,-2.21E0));
#4824=CARTESIAN_POINT('',(-3.759900505901E0,1.554164574614E0,
-2.379878066912E0));
#4825=CARTESIAN_POINT('',(-3.755936279543E0,1.380322281344E0,-2.5E0));
#4826=CARTESIAN_POINT('',(-3.750330016863E0,1.134472152487E0,-2.5E0));
#4827=CARTESIAN_POINT('',(-3.537867965644E0,1.332132034356E0,-2.21E0));
#4828=CARTESIAN_POINT('',(-3.537867965644E0,1.332132034356E0,
-2.379878066912E0));
#4829=CARTESIAN_POINT('',(-3.622806999100E0,1.247193000900E0,-2.5E0));
#4830=CARTESIAN_POINT('',(-3.742928932188E0,1.127071067812E0,-2.5E0));
#4831=(BOUNDED_SURFACE()B_SPLINE_SURFACE(3,3,((#4815,#4816,#4817,#4818),(#4819,
#4820,#4821,#4822),(#4823,#4824,#4825,#4826),(#4827,#4828,#4829,#4830)),
.UNSPECIFIED.,.F.,.F.,.F.)B_SPLINE_SURFACE_WITH_KNOTS((4,4),(4,4),(0.E0,1.E0),(
0.E0,1.E0),.UNSPECIFIED.)GEOMETRIC_REPRESENTATION_ITEM()RATIONAL_B_SPLINE_SURFACE(((1.694636455215E0,1.363738104490E0,1.363738104490E0,1.694636455215E0),(
9.972183486004E-1,8.024993539460E-1,8.024993539460E-1,9.972183486004E-1),(
9.972183486004E-1,8.024993539460E-1,8.024993539460E-1,9.972183486004E-1),(
1.694636455215E0,1.363738104490E0,1.363738104490E0,1.694636455215E0)))REPRESENTATION_ITEM('')SURFACE());
#4832=ORIENTED_EDGE('',*,*,#3266,.F.);
#4833=ORIENTED_EDGE('',*,*,#3284,.T.);
#4834=ORIENTED_EDGE('',*,*,#3225,.T.);
#4835=ORIENTED_EDGE('',*,*,#3251,.T.);
#4836=EDGE_LOOP('',(#4832,#4833,#4834,#4835));
#4837=FACE_OUTER_BOUND('',#4836,.F.);
#4838=ADVANCED_FACE('',(#4837),#4831,.T.);
#4839=CARTESIAN_POINT('',(-2.5E-1,-1.2E0,0.E0));
#4840=DIRECTION('',(1.E0,0.E0,0.E0));
#4841=DIRECTION('',(0.E0,0.E0,1.E0));
#4842=AXIS2_PLACEMENT_3D('',#4839,#4840,#4841);
#4843=PLANE('',#4842);
#4845=ORIENTED_EDGE('',*,*,#4844,.T.);
#4847=ORIENTED_EDGE('',*,*,#4846,.T.);
#4849=ORIENTED_EDGE('',*,*,#4848,.T.);
#4851=ORIENTED_EDGE('',*,*,#4850,.T.);
#4853=ORIENTED_EDGE('',*,*,#4852,.T.);
#4855=ORIENTED_EDGE('',*,*,#4854,.F.);
#4857=ORIENTED_EDGE('',*,*,#4856,.T.);
#4859=ORIENTED_EDGE('',*,*,#4858,.T.);
#4861=ORIENTED_EDGE('',*,*,#4860,.F.);
#4863=ORIENTED_EDGE('',*,*,#4862,.T.);
#4865=ORIENTED_EDGE('',*,*,#4864,.F.);
#4867=ORIENTED_EDGE('',*,*,#4866,.T.);
#4869=ORIENTED_EDGE('',*,*,#4868,.T.);
#4870=EDGE_LOOP('',(#4845,#4847,#4849,#4851,#4853,#4855,#4857,#4859,#4861,#4863,
#4865,#4867,#4869));
#4871=FACE_OUTER_BOUND('',#4870,.F.);
#4872=ADVANCED_FACE('',(#4871),#4843,.F.);
#4873=CARTESIAN_POINT('',(2.5E-1,-1.2E0,0.E0));
#4874=DIRECTION('',(1.E0,0.E0,0.E0));
#4875=DIRECTION('',(0.E0,0.E0,1.E0));
#4876=AXIS2_PLACEMENT_3D('',#4873,#4874,#4875);
#4877=PLANE('',#4876);
#4879=ORIENTED_EDGE('',*,*,#4878,.T.);
#4881=ORIENTED_EDGE('',*,*,#4880,.T.);
#4883=ORIENTED_EDGE('',*,*,#4882,.T.);
#4885=ORIENTED_EDGE('',*,*,#4884,.T.);
#4887=ORIENTED_EDGE('',*,*,#4886,.T.);
#4889=ORIENTED_EDGE('',*,*,#4888,.T.);
#4891=ORIENTED_EDGE('',*,*,#4890,.T.);
#4893=ORIENTED_EDGE('',*,*,#4892,.T.);
#4895=ORIENTED_EDGE('',*,*,#4894,.T.);
#4897=ORIENTED_EDGE('',*,*,#4896,.T.);
#4899=ORIENTED_EDGE('',*,*,#4898,.F.);
#4901=ORIENTED_EDGE('',*,*,#4900,.T.);
#4903=ORIENTED_EDGE('',*,*,#4902,.T.);
#4904=EDGE_LOOP('',(#4879,#4881,#4883,#4885,#4887,#4889,#4891,#4893,#4895,#4897,
#4899,#4901,#4903));
#4905=FACE_OUTER_BOUND('',#4904,.F.);
#4906=ADVANCED_FACE('',(#4905),#4877,.T.);
#4907=CARTESIAN_POINT('',(-2.5E-1,1.8E0,3.5E-1));
#4908=DIRECTION('',(0.E0,0.E0,1.E0));
#4909=DIRECTION('',(0.E0,-1.E0,0.E0));
#4910=AXIS2_PLACEMENT_3D('',#4907,#4908,#4909);
#4911=PLANE('',#4910);
#4913=ORIENTED_EDGE('',*,*,#4912,.F.);
#4914=ORIENTED_EDGE('',*,*,#4884,.F.);
#4916=ORIENTED_EDGE('',*,*,#4915,.T.);
#4917=ORIENTED_EDGE('',*,*,#4864,.T.);
#4918=EDGE_LOOP('',(#4913,#4914,#4916,#4917));
#4919=FACE_OUTER_BOUND('',#4918,.F.);
#4920=ADVANCED_FACE('',(#4919),#4911,.T.);
#4921=CARTESIAN_POINT('',(2.632586492772E-1,6.E-1,-8.5E-1));
#4922=DIRECTION('',(-1.E0,0.E0,0.E0));
#4923=DIRECTION('',(0.E0,0.E0,1.E0));
#4924=AXIS2_PLACEMENT_3D('',#4921,#4922,#4923);
#4925=CYLINDRICAL_SURFACE('',#4924,1.2E0);
#4926=ORIENTED_EDGE('',*,*,#4862,.F.);
#4928=ORIENTED_EDGE('',*,*,#4927,.T.);
#4929=ORIENTED_EDGE('',*,*,#4886,.F.);
#4930=ORIENTED_EDGE('',*,*,#4912,.T.);
#4931=EDGE_LOOP('',(#4926,#4928,#4929,#4930));
#4932=FACE_OUTER_BOUND('',#4931,.F.);
#4933=ADVANCED_FACE('',(#4932),#4925,.T.);
#4934=CARTESIAN_POINT('',(-2.5E-1,1.8E0,0.E0));
#4935=DIRECTION('',(0.E0,1.E0,0.E0));
#4936=DIRECTION('',(0.E0,0.E0,1.E0));
#4937=AXIS2_PLACEMENT_3D('',#4934,#4935,#4936);
#4938=PLANE('',#4937);
#4939=ORIENTED_EDGE('',*,*,#4927,.F.);
#4940=ORIENTED_EDGE('',*,*,#4860,.T.);
#4942=ORIENTED_EDGE('',*,*,#4941,.F.);
#4943=ORIENTED_EDGE('',*,*,#4888,.F.);
#4944=EDGE_LOOP('',(#4939,#4940,#4942,#4943));
#4945=FACE_OUTER_BOUND('',#4944,.F.);
#4946=ADVANCED_FACE('',(#4945),#4938,.T.);
#4947=CARTESIAN_POINT('',(2.5E-1,1.45E0,-6.E0));
#4948=DIRECTION('',(1.E0,0.E0,0.E0));
#4949=DIRECTION('',(0.E0,0.E0,1.E0));
#4950=AXIS2_PLACEMENT_3D('',#4947,#4948,#4949);
#4951=CYLINDRICAL_SURFACE('',#4950,3.5E-1);
#4952=ORIENTED_EDGE('',*,*,#4892,.F.);
#4953=ORIENTED_EDGE('',*,*,#4890,.F.);
#4954=ORIENTED_EDGE('',*,*,#4941,.T.);
#4955=ORIENTED_EDGE('',*,*,#4858,.F.);
#4956=ORIENTED_EDGE('',*,*,#4856,.F.);
#4958=ORIENTED_EDGE('',*,*,#4957,.T.);
#4959=EDGE_LOOP('',(#4952,#4953,#4954,#4955,#4956,#4958));
#4960=FACE_OUTER_BOUND('',#4959,.F.);
#4961=ADVANCED_FACE('',(#4960),#4951,.T.);
#4962=CARTESIAN_POINT('',(2.5E-1,1.1E0,-3.5E-1));
#4963=DIRECTION('',(0.E0,-1.E0,0.E0));
#4964=DIRECTION('',(0.E0,0.E0,-1.E0));
#4965=AXIS2_PLACEMENT_3D('',#4962,#4963,#4964);
#4966=PLANE('',#4965);
#4968=ORIENTED_EDGE('',*,*,#4967,.F.);
#4969=ORIENTED_EDGE('',*,*,#4894,.F.);
#4970=ORIENTED_EDGE('',*,*,#4957,.F.);
#4971=ORIENTED_EDGE('',*,*,#4854,.T.);
#4972=EDGE_LOOP('',(#4968,#4969,#4970,#4971));
#4973=FACE_OUTER_BOUND('',#4972,.F.);
#4974=ADVANCED_FACE('',(#4973),#4966,.T.);
#4975=CARTESIAN_POINT('',(2.632586492772E-1,6.E-1,-8.5E-1));
#4976=DIRECTION('',(-1.E0,0.E0,0.E0));
#4977=DIRECTION('',(0.E0,0.E0,1.E0));
#4978=AXIS2_PLACEMENT_3D('',#4975,#4976,#4977);
#4979=CYLINDRICAL_SURFACE('',#4978,5.E-1);
#4981=ORIENTED_EDGE('',*,*,#4980,.T.);
#4982=ORIENTED_EDGE('',*,*,#4896,.F.);
#4983=ORIENTED_EDGE('',*,*,#4967,.T.);
#4984=ORIENTED_EDGE('',*,*,#4852,.F.);
#4985=EDGE_LOOP('',(#4981,#4982,#4983,#4984));
#4986=FACE_OUTER_BOUND('',#4985,.F.);
#4987=ADVANCED_FACE('',(#4986),#4979,.F.);
#4988=CARTESIAN_POINT('',(-2.5E-1,1.8E0,-3.5E-1));
#4989=DIRECTION('',(0.E0,0.E0,1.E0));
#4990=DIRECTION('',(0.E0,-1.E0,0.E0));
#4991=AXIS2_PLACEMENT_3D('',#4988,#4989,#4990);
#4992=PLANE('',#4991);
#4993=ORIENTED_EDGE('',*,*,#4980,.F.);
#4994=ORIENTED_EDGE('',*,*,#4850,.F.);
#4996=ORIENTED_EDGE('',*,*,#4995,.T.);
#4997=ORIENTED_EDGE('',*,*,#4898,.T.);
#4998=EDGE_LOOP('',(#4993,#4994,#4996,#4997));
#4999=FACE_OUTER_BOUND('',#4998,.F.);
#5000=ADVANCED_FACE('',(#4999),#4992,.F.);
#5001=CARTESIAN_POINT('',(-2.79E0,-1.2E0,0.E0));
#5002=DIRECTION('',(1.E0,0.E0,0.E0));
#5003=DIRECTION('',(0.E0,0.E0,1.E0));
#5004=AXIS2_PLACEMENT_3D('',#5001,#5002,#5003);
#5005=PLANE('',#5004);
#5007=ORIENTED_EDGE('',*,*,#5006,.T.);
#5009=ORIENTED_EDGE('',*,*,#5008,.T.);
#5011=ORIENTED_EDGE('',*,*,#5010,.T.);
#5013=ORIENTED_EDGE('',*,*,#5012,.T.);
#5015=ORIENTED_EDGE('',*,*,#5014,.T.);
#5017=ORIENTED_EDGE('',*,*,#5016,.F.);
#5019=ORIENTED_EDGE('',*,*,#5018,.T.);
#5021=ORIENTED_EDGE('',*,*,#5020,.T.);
#5023=ORIENTED_EDGE('',*,*,#5022,.F.);
#5025=ORIENTED_EDGE('',*,*,#5024,.T.);
#5027=ORIENTED_EDGE('',*,*,#5026,.F.);
#5029=ORIENTED_EDGE('',*,*,#5028,.T.);
#5031=ORIENTED_EDGE('',*,*,#5030,.T.);
#5032=EDGE_LOOP('',(#5007,#5009,#5011,#5013,#5015,#5017,#5019,#5021,#5023,#5025,
#5027,#5029,#5031));
#5033=FACE_OUTER_BOUND('',#5032,.F.);
#5034=ADVANCED_FACE('',(#5033),#5005,.F.);
#5035=CARTESIAN_POINT('',(-2.29E0,-1.2E0,0.E0));
#5036=DIRECTION('',(1.E0,0.E0,0.E0));
#5037=DIRECTION('',(0.E0,0.E0,1.E0));
#5038=AXIS2_PLACEMENT_3D('',#5035,#5036,#5037);
#5039=PLANE('',#5038);
#5041=ORIENTED_EDGE('',*,*,#5040,.T.);
#5043=ORIENTED_EDGE('',*,*,#5042,.T.);
#5045=ORIENTED_EDGE('',*,*,#5044,.T.);
#5047=ORIENTED_EDGE('',*,*,#5046,.T.);
#5049=ORIENTED_EDGE('',*,*,#5048,.T.);
#5051=ORIENTED_EDGE('',*,*,#5050,.T.);
#5053=ORIENTED_EDGE('',*,*,#5052,.T.);
#5055=ORIENTED_EDGE('',*,*,#5054,.T.);
#5057=ORIENTED_EDGE('',*,*,#5056,.T.);
#5059=ORIENTED_EDGE('',*,*,#5058,.T.);
#5061=ORIENTED_EDGE('',*,*,#5060,.F.);
#5063=ORIENTED_EDGE('',*,*,#5062,.T.);
#5065=ORIENTED_EDGE('',*,*,#5064,.T.);
#5066=EDGE_LOOP('',(#5041,#5043,#5045,#5047,#5049,#5051,#5053,#5055,#5057,#5059,
#5061,#5063,#5065));
#5067=FACE_OUTER_BOUND('',#5066,.F.);
#5068=ADVANCED_FACE('',(#5067),#5039,.T.);
#5069=CARTESIAN_POINT('',(-2.79E0,1.8E0,3.5E-1));
#5070=DIRECTION('',(0.E0,0.E0,1.E0));
#5071=DIRECTION('',(0.E0,-1.E0,0.E0));
#5072=AXIS2_PLACEMENT_3D('',#5069,#5070,#5071);
#5073=PLANE('',#5072);
#5075=ORIENTED_EDGE('',*,*,#5074,.F.);
#5076=ORIENTED_EDGE('',*,*,#5046,.F.);
#5078=ORIENTED_EDGE('',*,*,#5077,.T.);
#5079=ORIENTED_EDGE('',*,*,#5026,.T.);
#5080=EDGE_LOOP('',(#5075,#5076,#5078,#5079));
#5081=FACE_OUTER_BOUND('',#5080,.F.);
#5082=ADVANCED_FACE('',(#5081),#5073,.T.);
#5083=CARTESIAN_POINT('',(-2.276741350723E0,6.E-1,-8.5E-1));
#5084=DIRECTION('',(-1.E0,0.E0,0.E0));
#5085=DIRECTION('',(0.E0,0.E0,1.E0));
#5086=AXIS2_PLACEMENT_3D('',#5083,#5084,#5085);
#5087=CYLINDRICAL_SURFACE('',#5086,1.2E0);
#5088=ORIENTED_EDGE('',*,*,#5024,.F.);
#5090=ORIENTED_EDGE('',*,*,#5089,.T.);
#5091=ORIENTED_EDGE('',*,*,#5048,.F.);
#5092=ORIENTED_EDGE('',*,*,#5074,.T.);
#5093=EDGE_LOOP('',(#5088,#5090,#5091,#5092));
#5094=FACE_OUTER_BOUND('',#5093,.F.);
#5095=ADVANCED_FACE('',(#5094),#5087,.T.);
#5096=CARTESIAN_POINT('',(-2.79E0,1.8E0,0.E0));
#5097=DIRECTION('',(0.E0,1.E0,0.E0));
#5098=DIRECTION('',(0.E0,0.E0,1.E0));
#5099=AXIS2_PLACEMENT_3D('',#5096,#5097,#5098);
#5100=PLANE('',#5099);
#5101=ORIENTED_EDGE('',*,*,#5089,.F.);
#5102=ORIENTED_EDGE('',*,*,#5022,.T.);
#5104=ORIENTED_EDGE('',*,*,#5103,.F.);
#5105=ORIENTED_EDGE('',*,*,#5050,.F.);
#5106=EDGE_LOOP('',(#5101,#5102,#5104,#5105));
#5107=FACE_OUTER_BOUND('',#5106,.F.);
#5108=ADVANCED_FACE('',(#5107),#5100,.T.);
#5109=CARTESIAN_POINT('',(-2.29E0,1.45E0,-6.E0));
#5110=DIRECTION('',(1.E0,0.E0,0.E0));
#5111=DIRECTION('',(0.E0,0.E0,1.E0));
#5112=AXIS2_PLACEMENT_3D('',#5109,#5110,#5111);
#5113=CYLINDRICAL_SURFACE('',#5112,3.5E-1);
#5114=ORIENTED_EDGE('',*,*,#5054,.F.);
#5115=ORIENTED_EDGE('',*,*,#5052,.F.);
#5116=ORIENTED_EDGE('',*,*,#5103,.T.);
#5117=ORIENTED_EDGE('',*,*,#5020,.F.);
#5118=ORIENTED_EDGE('',*,*,#5018,.F.);
#5120=ORIENTED_EDGE('',*,*,#5119,.T.);
#5121=EDGE_LOOP('',(#5114,#5115,#5116,#5117,#5118,#5120));
#5122=FACE_OUTER_BOUND('',#5121,.F.);
#5123=ADVANCED_FACE('',(#5122),#5113,.T.);
#5124=CARTESIAN_POINT('',(-2.29E0,1.1E0,-3.5E-1));
#5125=DIRECTION('',(0.E0,-1.E0,0.E0));
#5126=DIRECTION('',(0.E0,0.E0,-1.E0));
#5127=AXIS2_PLACEMENT_3D('',#5124,#5125,#5126);
#5128=PLANE('',#5127);
#5130=ORIENTED_EDGE('',*,*,#5129,.F.);
#5131=ORIENTED_EDGE('',*,*,#5056,.F.);
#5132=ORIENTED_EDGE('',*,*,#5119,.F.);
#5133=ORIENTED_EDGE('',*,*,#5016,.T.);
#5134=EDGE_LOOP('',(#5130,#5131,#5132,#5133));
#5135=FACE_OUTER_BOUND('',#5134,.F.);
#5136=ADVANCED_FACE('',(#5135),#5128,.T.);
#5137=CARTESIAN_POINT('',(-2.276741350723E0,6.E-1,-8.5E-1));
#5138=DIRECTION('',(-1.E0,0.E0,0.E0));
#5139=DIRECTION('',(0.E0,0.E0,1.E0));
#5140=AXIS2_PLACEMENT_3D('',#5137,#5138,#5139);
#5141=CYLINDRICAL_SURFACE('',#5140,5.E-1);
#5143=ORIENTED_EDGE('',*,*,#5142,.T.);
#5144=ORIENTED_EDGE('',*,*,#5058,.F.);
#5145=ORIENTED_EDGE('',*,*,#5129,.T.);
#5146=ORIENTED_EDGE('',*,*,#5014,.F.);
#5147=EDGE_LOOP('',(#5143,#5144,#5145,#5146));
#5148=FACE_OUTER_BOUND('',#5147,.F.);
#5149=ADVANCED_FACE('',(#5148),#5141,.F.);
#5150=CARTESIAN_POINT('',(-2.79E0,1.8E0,-3.5E-1));
#5151=DIRECTION('',(0.E0,0.E0,1.E0));
#5152=DIRECTION('',(0.E0,-1.E0,0.E0));
#5153=AXIS2_PLACEMENT_3D('',#5150,#5151,#5152);
#5154=PLANE('',#5153);
#5155=ORIENTED_EDGE('',*,*,#5142,.F.);
#5156=ORIENTED_EDGE('',*,*,#5012,.F.);
#5158=ORIENTED_EDGE('',*,*,#5157,.T.);
#5159=ORIENTED_EDGE('',*,*,#5060,.T.);
#5160=EDGE_LOOP('',(#5155,#5156,#5158,#5159));
#5161=FACE_OUTER_BOUND('',#5160,.F.);
#5162=ADVANCED_FACE('',(#5161),#5154,.F.);
#5163=CARTESIAN_POINT('',(2.29E0,-1.2E0,0.E0));
#5164=DIRECTION('',(1.E0,0.E0,0.E0));
#5165=DIRECTION('',(0.E0,0.E0,1.E0));
#5166=AXIS2_PLACEMENT_3D('',#5163,#5164,#5165);
#5167=PLANE('',#5166);
#5169=ORIENTED_EDGE('',*,*,#5168,.T.);
#5171=ORIENTED_EDGE('',*,*,#5170,.T.);
#5173=ORIENTED_EDGE('',*,*,#5172,.T.);
#5175=ORIENTED_EDGE('',*,*,#5174,.T.);
#5177=ORIENTED_EDGE('',*,*,#5176,.T.);
#5179=ORIENTED_EDGE('',*,*,#5178,.F.);
#5181=ORIENTED_EDGE('',*,*,#5180,.T.);
#5183=ORIENTED_EDGE('',*,*,#5182,.T.);
#5185=ORIENTED_EDGE('',*,*,#5184,.F.);
#5187=ORIENTED_EDGE('',*,*,#5186,.T.);
#5189=ORIENTED_EDGE('',*,*,#5188,.F.);
#5191=ORIENTED_EDGE('',*,*,#5190,.T.);
#5193=ORIENTED_EDGE('',*,*,#5192,.T.);
#5194=EDGE_LOOP('',(#5169,#5171,#5173,#5175,#5177,#5179,#5181,#5183,#5185,#5187,
#5189,#5191,#5193));
#5195=FACE_OUTER_BOUND('',#5194,.F.);
#5196=ADVANCED_FACE('',(#5195),#5167,.F.);
#5197=CARTESIAN_POINT('',(2.79E0,-1.2E0,0.E0));
#5198=DIRECTION('',(1.E0,0.E0,0.E0));
#5199=DIRECTION('',(0.E0,0.E0,1.E0));
#5200=AXIS2_PLACEMENT_3D('',#5197,#5198,#5199);
#5201=PLANE('',#5200);
#5203=ORIENTED_EDGE('',*,*,#5202,.T.);
#5205=ORIENTED_EDGE('',*,*,#5204,.T.);
#5207=ORIENTED_EDGE('',*,*,#5206,.T.);
#5209=ORIENTED_EDGE('',*,*,#5208,.T.);
#5211=ORIENTED_EDGE('',*,*,#5210,.T.);
#5213=ORIENTED_EDGE('',*,*,#5212,.T.);
#5215=ORIENTED_EDGE('',*,*,#5214,.T.);
#5217=ORIENTED_EDGE('',*,*,#5216,.T.);
#5219=ORIENTED_EDGE('',*,*,#5218,.T.);
#5221=ORIENTED_EDGE('',*,*,#5220,.T.);
#5223=ORIENTED_EDGE('',*,*,#5222,.F.);
#5225=ORIENTED_EDGE('',*,*,#5224,.T.);
#5227=ORIENTED_EDGE('',*,*,#5226,.T.);
#5228=EDGE_LOOP('',(#5203,#5205,#5207,#5209,#5211,#5213,#5215,#5217,#5219,#5221,
#5223,#5225,#5227));
#5229=FACE_OUTER_BOUND('',#5228,.F.);
#5230=ADVANCED_FACE('',(#5229),#5201,.T.);
#5231=CARTESIAN_POINT('',(2.29E0,1.8E0,3.5E-1));
#5232=DIRECTION('',(0.E0,0.E0,1.E0));
#5233=DIRECTION('',(0.E0,-1.E0,0.E0));
#5234=AXIS2_PLACEMENT_3D('',#5231,#5232,#5233);
#5235=PLANE('',#5234);
#5237=ORIENTED_EDGE('',*,*,#5236,.F.);
#5238=ORIENTED_EDGE('',*,*,#5208,.F.);
#5240=ORIENTED_EDGE('',*,*,#5239,.T.);
#5241=ORIENTED_EDGE('',*,*,#5188,.T.);
#5242=EDGE_LOOP('',(#5237,#5238,#5240,#5241));
#5243=FACE_OUTER_BOUND('',#5242,.F.);
#5244=ADVANCED_FACE('',(#5243),#5235,.T.);
#5245=CARTESIAN_POINT('',(2.803258649277E0,6.E-1,-8.5E-1));
#5246=DIRECTION('',(-1.E0,0.E0,0.E0));
#5247=DIRECTION('',(0.E0,0.E0,1.E0));
#5248=AXIS2_PLACEMENT_3D('',#5245,#5246,#5247);
#5249=CYLINDRICAL_SURFACE('',#5248,1.2E0);
#5250=ORIENTED_EDGE('',*,*,#5186,.F.);
#5252=ORIENTED_EDGE('',*,*,#5251,.T.);
#5253=ORIENTED_EDGE('',*,*,#5210,.F.);
#5254=ORIENTED_EDGE('',*,*,#5236,.T.);
#5255=EDGE_LOOP('',(#5250,#5252,#5253,#5254));
#5256=FACE_OUTER_BOUND('',#5255,.F.);
#5257=ADVANCED_FACE('',(#5256),#5249,.T.);
#5258=CARTESIAN_POINT('',(2.29E0,1.8E0,0.E0));
#5259=DIRECTION('',(0.E0,1.E0,0.E0));
#5260=DIRECTION('',(0.E0,0.E0,1.E0));
#5261=AXIS2_PLACEMENT_3D('',#5258,#5259,#5260);
#5262=PLANE('',#5261);
#5263=ORIENTED_EDGE('',*,*,#5251,.F.);
#5264=ORIENTED_EDGE('',*,*,#5184,.T.);
#5266=ORIENTED_EDGE('',*,*,#5265,.F.);
#5267=ORIENTED_EDGE('',*,*,#5212,.F.);
#5268=EDGE_LOOP('',(#5263,#5264,#5266,#5267));
#5269=FACE_OUTER_BOUND('',#5268,.F.);
#5270=ADVANCED_FACE('',(#5269),#5262,.T.);
#5271=CARTESIAN_POINT('',(2.79E0,1.45E0,-6.E0));
#5272=DIRECTION('',(1.E0,0.E0,0.E0));
#5273=DIRECTION('',(0.E0,0.E0,1.E0));
#5274=AXIS2_PLACEMENT_3D('',#5271,#5272,#5273);
#5275=CYLINDRICAL_SURFACE('',#5274,3.5E-1);
#5276=ORIENTED_EDGE('',*,*,#5216,.F.);
#5277=ORIENTED_EDGE('',*,*,#5214,.F.);
#5278=ORIENTED_EDGE('',*,*,#5265,.T.);
#5279=ORIENTED_EDGE('',*,*,#5182,.F.);
#5280=ORIENTED_EDGE('',*,*,#5180,.F.);
#5282=ORIENTED_EDGE('',*,*,#5281,.T.);
#5283=EDGE_LOOP('',(#5276,#5277,#5278,#5279,#5280,#5282));
#5284=FACE_OUTER_BOUND('',#5283,.F.);
#5285=ADVANCED_FACE('',(#5284),#5275,.T.);
#5286=CARTESIAN_POINT('',(2.79E0,1.1E0,-3.5E-1));
#5287=DIRECTION('',(0.E0,-1.E0,0.E0));
#5288=DIRECTION('',(0.E0,0.E0,-1.E0));
#5289=AXIS2_PLACEMENT_3D('',#5286,#5287,#5288);
#5290=PLANE('',#5289);
#5292=ORIENTED_EDGE('',*,*,#5291,.F.);
#5293=ORIENTED_EDGE('',*,*,#5218,.F.);
#5294=ORIENTED_EDGE('',*,*,#5281,.F.);
#5295=ORIENTED_EDGE('',*,*,#5178,.T.);
#5296=EDGE_LOOP('',(#5292,#5293,#5294,#5295));
#5297=FACE_OUTER_BOUND('',#5296,.F.);
#5298=ADVANCED_FACE('',(#5297),#5290,.T.);
#5299=CARTESIAN_POINT('',(2.803258649277E0,6.E-1,-8.5E-1));
#5300=DIRECTION('',(-1.E0,0.E0,0.E0));
#5301=DIRECTION('',(0.E0,0.E0,1.E0));
#5302=AXIS2_PLACEMENT_3D('',#5299,#5300,#5301);
#5303=CYLINDRICAL_SURFACE('',#5302,5.E-1);
#5305=ORIENTED_EDGE('',*,*,#5304,.T.);
#5306=ORIENTED_EDGE('',*,*,#5220,.F.);
#5307=ORIENTED_EDGE('',*,*,#5291,.T.);
#5308=ORIENTED_EDGE('',*,*,#5176,.F.);
#5309=EDGE_LOOP('',(#5305,#5306,#5307,#5308));
#5310=FACE_OUTER_BOUND('',#5309,.F.);
#5311=ADVANCED_FACE('',(#5310),#5303,.F.);
#5312=CARTESIAN_POINT('',(2.29E0,1.8E0,-3.5E-1));
#5313=DIRECTION('',(0.E0,0.E0,1.E0));
#5314=DIRECTION('',(0.E0,-1.E0,0.E0));
#5315=AXIS2_PLACEMENT_3D('',#5312,#5313,#5314);
#5316=PLANE('',#5315);
#5317=ORIENTED_EDGE('',*,*,#5304,.F.);
#5318=ORIENTED_EDGE('',*,*,#5174,.F.);
#5320=ORIENTED_EDGE('',*,*,#5319,.T.);
#5321=ORIENTED_EDGE('',*,*,#5222,.T.);
#5322=EDGE_LOOP('',(#5317,#5318,#5320,#5321));
#5323=FACE_OUTER_BOUND('',#5322,.F.);
#5324=ADVANCED_FACE('',(#5323),#5316,.F.);
#5325=OPEN_SHELL('',(#2685,#2702,#2729,#2743,#2760,#2779,#2794,#2809,#2836,
#2851,#2863,#2878,#2900,#2913,#2929,#2944,#2963,#2976,#2992,#3006,#3032,#3047,
#3074,#3090,#3104,#3116,#3134,#3150,#3166,#3188,#3203,#3216,#3230,#3243,#3258,
#3273,#3288,#3302,#3320,#3333,#3378,#3400,#3420,#3451,#3466,#3483,#3499,#3515,
#3529,#3543,#3557,#3571,#3585,#3602,#3616,#3633,#3647,#3663,#3678,#3697,#3711,
#3724,#3736,#3749,#3762,#3777,#3790,#3812,#3827,#3841,#3856,#3872,#3885,#3899,
#3911,#3925,#3937,#3951,#3963,#3979,#3994,#4008,#4022,#4035,#4055,#4070,#4089,
#4103,#4118,#4135,#4149,#4165,#4183,#4199,#4214,#4228,#4241,#4258,#4272,#4285,
#4297,#4313,#4327,#4340,#4351,#4365,#4410,#4423,#4436,#4460,#4482,#4527,#4541,
#4554,#4568,#4580,#4597,#4612,#4627,#4652,#4664,#4677,#4692,#4706,#4720,#4733,
#4777,#4790,#4814,#4838,#4872,#4906,#4920,#4933,#4946,#4961,#4974,#4987,#5000,
#5034,#5068,#5082,#5095,#5108,#5123,#5136,#5149,#5162,#5196,#5230,#5244,#5257,
#5270,#5285,#5298,#5311,#5324));
#5326=SHELL_BASED_SURFACE_MODEL('',(#5325));
#5328=DIMENSIONAL_EXPONENTS(0.E0,0.E0,0.E0,0.E0,0.E0,0.E0,0.E0);
#5330=PLANE_ANGLE_MEASURE_WITH_UNIT(PLANE_ANGLE_MEASURE(1.745329251994E-2),
#5329);
#5331=(CONVERSION_BASED_UNIT('DEGREE',#5330)NAMED_UNIT(*)PLANE_ANGLE_UNIT());
#5333=UNCERTAINTY_MEASURE_WITH_UNIT(LENGTH_MEASURE(8.473063188368E-4),#5327,
'closure',
'Maximum model space distance between geometric entities at asserted connectivities');
#5334=(GEOMETRIC_REPRESENTATION_CONTEXT(3)GLOBAL_UNCERTAINTY_ASSIGNED_CONTEXT((
#5333))GLOBAL_UNIT_ASSIGNED_CONTEXT((#5327,#5331,#5332))REPRESENTATION_CONTEXT(
'ID1','3'));
#5336=APPLICATION_CONTEXT(
'CONFIGURATION CONTROLLED 3D DESIGNS OF MECHANICAL PARTS AND ASSEMBLIES');
#5337=APPLICATION_PROTOCOL_DEFINITION('international standard',
'config_control_design',1994,#5336);
#5338=DESIGN_CONTEXT('',#5336,'design');
#5339=MECHANICAL_CONTEXT('',#5336,'mechanical');
#5340=PRODUCT('TL3_W0_SW001','TL3_W0_SW001','NOT SPECIFIED',(#5339));
#5341=PRODUCT_DEFINITION_FORMATION_WITH_SPECIFIED_SOURCE('1','LAST_VERSION',
#5340,.MADE.);
#5345=PRODUCT_CATEGORY('part','');
#5346=PRODUCT_RELATED_PRODUCT_CATEGORY('detail','',(#5340));
#5347=PRODUCT_CATEGORY_RELATIONSHIP('','',#5345,#5346);
#5348=SECURITY_CLASSIFICATION_LEVEL('unclassified');
#5349=SECURITY_CLASSIFICATION('','',#5348);
#5350=CC_DESIGN_SECURITY_CLASSIFICATION(#5349,(#5341));
#5351=APPROVAL_STATUS('approved');
#5352=APPROVAL(#5351,'');
#5353=CC_DESIGN_APPROVAL(#5352,(#5349,#5341,#5342));
#5354=CALENDAR_DATE(115,7,9);
#5355=COORDINATED_UNIVERSAL_TIME_OFFSET(2,0,.AHEAD.);
#5356=LOCAL_TIME(11,46,1.7E1,#5355);
#5357=DATE_AND_TIME(#5354,#5356);
#5358=APPROVAL_DATE_TIME(#5357,#5352);
#5359=DATE_TIME_ROLE('creation_date');
#5360=CC_DESIGN_DATE_AND_TIME_ASSIGNMENT(#5357,#5359,(#5342));
#5361=DATE_TIME_ROLE('classification_date');
#5362=CC_DESIGN_DATE_AND_TIME_ASSIGNMENT(#5357,#5361,(#5349));
#5363=PERSON('UNSPECIFIED','UNSPECIFIED',$,$,$,$);
#5364=ORGANIZATION('UNSPECIFIED','UNSPECIFIED','UNSPECIFIED');
#5365=PERSON_AND_ORGANIZATION(#5363,#5364);
#5366=APPROVAL_ROLE('approver');
#5367=APPROVAL_PERSON_ORGANIZATION(#5365,#5352,#5366);
#5368=PERSON_AND_ORGANIZATION_ROLE('creator');
#5369=CC_DESIGN_PERSON_AND_ORGANIZATION_ASSIGNMENT(#5365,#5368,(#5341,#5342));
#5370=PERSON_AND_ORGANIZATION_ROLE('design_supplier');
#5371=CC_DESIGN_PERSON_AND_ORGANIZATION_ASSIGNMENT(#5365,#5370,(#5341));
#5372=PERSON_AND_ORGANIZATION_ROLE('classification_officer');
#5373=CC_DESIGN_PERSON_AND_ORGANIZATION_ASSIGNMENT(#5365,#5372,(#5349));
#5374=PERSON_AND_ORGANIZATION_ROLE('design_owner');
#5375=CC_DESIGN_PERSON_AND_ORGANIZATION_ASSIGNMENT(#5365,#5374,(#5340));
#8=B_SPLINE_CURVE_WITH_KNOTS('',3,(#1,#2,#3,#4,#5,#6,#7),.UNSPECIFIED.,.F.,.F.,(
4,1,1,1,4),(0.E0,2.5E-1,5.E-1,7.5E-1,1.E0),.UNSPECIFIED.);
#20=B_SPLINE_CURVE_WITH_KNOTS('',3,(#13,#14,#15,#16,#17,#18,#19),.UNSPECIFIED.,
.F.,.F.,(4,1,1,1,4),(0.E0,2.5E-1,5.E-1,7.5E-1,1.E0),.UNSPECIFIED.);
#29=CIRCLE('',#28,9.999999999967E-3);
#42=CIRCLE('',#41,3.E-1);
#47=CIRCLE('',#46,2.899999999998E-1);
#52=CIRCLE('',#51,3.E-1);
#57=CIRCLE('',#56,2.899999999998E-1);
#82=B_SPLINE_CURVE_WITH_KNOTS('',3,(#62,#63,#64,#65,#66,#67,#68,#69,#70,#71,#72,
#73,#74,#75,#76,#77,#78,#79,#80,#81),.UNSPECIFIED.,.F.,.F.,(4,1,1,1,1,1,1,1,1,1,
1,1,1,1,1,1,1,4),(0.E0,5.882352941176E-2,1.176470588235E-1,1.764705882353E-1,
2.352941176471E-1,2.941176470588E-1,3.529411764706E-1,4.117647058824E-1,
4.705882352941E-1,5.294117647059E-1,5.882352941176E-1,6.470588235294E-1,
7.058823529412E-1,7.647058823529E-1,8.235294117647E-1,8.823529411765E-1,
9.411764705882E-1,1.E0),.UNSPECIFIED.);
#115=B_SPLINE_CURVE_WITH_KNOTS('',3,(#95,#96,#97,#98,#99,#100,#101,#102,#103,
#104,#105,#106,#107,#108,#109,#110,#111,#112,#113,#114),.UNSPECIFIED.,.F.,.F.,
(4,1,1,1,1,1,1,1,1,1,1,1,1,1,1,1,1,4),(0.E0,5.882352941176E-2,1.176470588235E-1,
1.764705882353E-1,2.352941176471E-1,2.941176470588E-1,3.529411764706E-1,
4.117647058824E-1,4.705882352941E-1,5.294117647059E-1,5.882352941176E-1,
6.470588235294E-1,7.058823529412E-1,7.647058823529E-1,8.235294117647E-1,
8.823529411765E-1,9.411764705882E-1,1.E0),.UNSPECIFIED.);
#140=CIRCLE('',#139,2.899999999998E-1);
#145=CIRCLE('',#144,3.000000000001E-1);
#150=CIRCLE('',#149,2.899999999998E-1);
#155=CIRCLE('',#154,1.000000000020E-2);
#160=CIRCLE('',#159,3.E-1);
#180=B_SPLINE_CURVE_WITH_KNOTS('',3,(#173,#174,#175,#176,#177,#178,#179),
.UNSPECIFIED.,.F.,.F.,(4,1,1,1,4),(0.E0,2.5E-1,5.E-1,7.5E-1,1.E0),
.UNSPECIFIED.);
#191=B_SPLINE_CURVE_WITH_KNOTS('',3,(#185,#186,#187,#188,#189,#190),
.UNSPECIFIED.,.F.,.F.,(4,1,1,4),(0.E0,3.333333333333E-1,6.666666666667E-1,1.E0),
.UNSPECIFIED.);
#198=B_SPLINE_CURVE_WITH_KNOTS('',3,(#192,#193,#194,#195,#196,#197),
.UNSPECIFIED.,.F.,.F.,(4,1,1,4),(0.E0,3.333333333333E-1,6.666666666667E-1,1.E0),
.UNSPECIFIED.);
#209=B_SPLINE_CURVE_WITH_KNOTS('',3,(#203,#204,#205,#206,#207,#208),
.UNSPECIFIED.,.F.,.F.,(4,1,1,4),(0.E0,3.333333333333E-1,6.666666666667E-1,1.E0),
.UNSPECIFIED.);
#220=B_SPLINE_CURVE_WITH_KNOTS('',3,(#210,#211,#212,#213,#214,#215,#216,#217,
#218,#219),.UNSPECIFIED.,.F.,.F.,(4,1,1,1,1,1,1,4),(0.E0,1.428571428571E-1,
2.857142857143E-1,4.285714285714E-1,5.714285714286E-1,7.142857142857E-1,
8.571428571429E-1,1.E0),.UNSPECIFIED.);
#242=B_SPLINE_CURVE_WITH_KNOTS('',3,(#225,#226,#227,#228,#229,#230,#231,#232,
#233,#234,#235,#236,#237,#238,#239,#240,#241),.UNSPECIFIED.,.F.,.F.,(4,1,1,1,1,
1,1,1,1,1,1,1,1,1,4),(0.E0,7.142857142857E-2,1.428571428571E-1,
2.142857142857E-1,2.857142857143E-1,3.571428571429E-1,4.285714285714E-1,5.E-1,
5.714285714286E-1,6.428571428571E-1,7.142857142857E-1,7.857142857143E-1,
8.571428571429E-1,9.285714285714E-1,1.E0),.UNSPECIFIED.);
#252=B_SPLINE_CURVE_WITH_KNOTS('',3,(#247,#248,#249,#250,#251),.UNSPECIFIED.,
.F.,.F.,(4,1,4),(0.E0,5.E-1,1.E0),.UNSPECIFIED.);
#266=B_SPLINE_CURVE_WITH_KNOTS('',3,(#257,#258,#259,#260,#261,#262,#263,#264,
#265),.UNSPECIFIED.,.F.,.F.,(4,1,1,1,1,1,4),(0.E0,1.666666666667E-1,
3.333333333333E-1,5.E-1,6.666666666667E-1,8.333333333333E-1,1.E0),
.UNSPECIFIED.);
#292=B_SPLINE_CURVE_WITH_KNOTS('',3,(#287,#288,#289,#290,#291),.UNSPECIFIED.,
.F.,.F.,(4,1,4),(0.E0,5.E-1,1.E0),.UNSPECIFIED.);
#310=B_SPLINE_CURVE_WITH_KNOTS('',3,(#301,#302,#303,#304,#305,#306,#307,#308,
#309),.UNSPECIFIED.,.F.,.F.,(4,1,1,1,1,1,4),(0.E0,1.666666666667E-1,
3.333333333333E-1,5.E-1,6.666666666667E-1,8.333333333333E-1,1.E0),
.UNSPECIFIED.);
#315=CIRCLE('',#314,2.9E-1);
#320=CIRCLE('',#319,3.E-1);
#325=CIRCLE('',#324,2.9E-1);
#338=CIRCLE('',#337,2.899999999999E-1);
#343=CIRCLE('',#342,3.E-1);
#348=CIRCLE('',#347,2.899999999999E-1);
#357=CIRCLE('',#356,3.E-1);
#362=CIRCLE('',#361,9.999999999484E-3);
#373=B_SPLINE_CURVE_WITH_KNOTS('',3,(#367,#368,#369,#370,#371,#372),
.UNSPECIFIED.,.F.,.F.,(4,1,1,4),(0.E0,3.333333333333E-1,6.666666666667E-1,1.E0),
.UNSPECIFIED.);
#394=B_SPLINE_CURVE_WITH_KNOTS('',3,(#374,#375,#376,#377,#378,#379,#380,#381,
#382,#383,#384,#385,#386,#387,#388,#389,#390,#391,#392,#393),.UNSPECIFIED.,.F.,
.F.,(4,1,1,1,1,1,1,1,1,1,1,1,1,1,1,1,1,4),(0.E0,5.882352941176E-2,
1.176470588235E-1,1.764705882353E-1,2.352941176471E-1,2.941176470588E-1,
3.529411764706E-1,4.117647058824E-1,4.705882352941E-1,5.294117647059E-1,
5.882352941176E-1,6.470588235294E-1,7.058823529412E-1,7.647058823529E-1,
8.235294117647E-1,8.823529411765E-1,9.411764705882E-1,1.E0),.UNSPECIFIED.);
#411=CIRCLE('',#410,9.999999999748E-3);
#416=CIRCLE('',#415,3.E-1);
#428=B_SPLINE_CURVE_WITH_KNOTS('',3,(#421,#422,#423,#424,#425,#426,#427),
.UNSPECIFIED.,.F.,.F.,(4,1,1,1,4),(0.E0,2.5E-1,5.E-1,7.5E-1,1.E0),
.UNSPECIFIED.);
#443=B_SPLINE_CURVE_WITH_KNOTS('',3,(#433,#434,#435,#436,#437,#438,#439,#440,
#441,#442),.UNSPECIFIED.,.F.,.F.,(4,1,1,1,1,1,1,4),(0.E0,1.428571428571E-1,
2.857142857143E-1,4.285714285714E-1,5.714285714286E-1,7.142857142857E-1,
8.571428571429E-1,1.E0),.UNSPECIFIED.);
#465=B_SPLINE_CURVE_WITH_KNOTS('',3,(#448,#449,#450,#451,#452,#453,#454,#455,
#456,#457,#458,#459,#460,#461,#462,#463,#464),.UNSPECIFIED.,.F.,.F.,(4,1,1,1,1,
1,1,1,1,1,1,1,1,1,4),(0.E0,7.142857142857E-2,1.428571428571E-1,
2.142857142857E-1,2.857142857143E-1,3.571428571429E-1,4.285714285714E-1,5.E-1,
5.714285714286E-1,6.428571428571E-1,7.142857142857E-1,7.857142857143E-1,
8.571428571429E-1,9.285714285714E-1,1.E0),.UNSPECIFIED.);
#472=B_SPLINE_CURVE_WITH_KNOTS('',3,(#466,#467,#468,#469,#470,#471),
.UNSPECIFIED.,.F.,.F.,(4,1,1,4),(0.E0,3.333333333333E-1,6.666666666667E-1,1.E0),
.UNSPECIFIED.);
#479=B_SPLINE_CURVE_WITH_KNOTS('',3,(#473,#474,#475,#476,#477,#478),
.UNSPECIFIED.,.F.,.F.,(4,1,1,4),(0.E0,3.333333333333E-1,6.666666666667E-1,1.E0),
.UNSPECIFIED.);
#490=B_SPLINE_CURVE_WITH_KNOTS('',3,(#484,#485,#486,#487,#488,#489),
.UNSPECIFIED.,.F.,.F.,(4,1,1,4),(0.E0,3.333333333333E-1,6.666666666667E-1,1.E0),
.UNSPECIFIED.);
#497=B_SPLINE_CURVE_WITH_KNOTS('',3,(#491,#492,#493,#494,#495,#496),
.UNSPECIFIED.,.F.,.F.,(4,1,1,4),(0.E0,3.333333333333E-1,6.666666666667E-1,1.E0),
.UNSPECIFIED.);
#534=B_SPLINE_CURVE_WITH_KNOTS('',3,(#522,#523,#524,#525,#526,#527,#528,#529,
#530,#531,#532,#533),.UNSPECIFIED.,.F.,.F.,(4,1,1,1,1,1,1,1,1,4),(0.E0,
1.111111111111E-1,2.222222222222E-1,3.333333333333E-1,4.444444444444E-1,
5.555555555556E-1,6.666666666667E-1,7.777777777778E-1,8.888888888889E-1,1.E0),
.UNSPECIFIED.);
#548=B_SPLINE_CURVE_WITH_KNOTS('',3,(#539,#540,#541,#542,#543,#544,#545,#546,
#547),.UNSPECIFIED.,.F.,.F.,(4,1,1,1,1,1,4),(0.E0,1.666666666667E-1,
3.333333333333E-1,5.E-1,6.666666666667E-1,8.333333333333E-1,1.E0),
.UNSPECIFIED.);
#558=B_SPLINE_CURVE_WITH_KNOTS('',3,(#553,#554,#555,#556,#557),.UNSPECIFIED.,
.F.,.F.,(4,1,4),(0.E0,5.E-1,1.E0),.UNSPECIFIED.);
#579=CIRCLE('',#578,2.9E-1);
#593=B_SPLINE_CURVE_WITH_KNOTS('',3,(#580,#581,#582,#583,#584,#585,#586,#587,
#588,#589,#590,#591,#592),.UNSPECIFIED.,.F.,.F.,(4,1,1,1,1,1,1,1,1,1,4),(0.E0,
1.E-1,2.E-1,3.E-1,4.E-1,5.E-1,6.E-1,7.E-1,8.E-1,9.E-1,1.E0),.UNSPECIFIED.);
#604=B_SPLINE_CURVE_WITH_KNOTS('',3,(#598,#599,#600,#601,#602,#603),
.UNSPECIFIED.,.F.,.F.,(4,1,1,4),(0.E0,3.333333333333E-1,6.666666666667E-1,1.E0),
.UNSPECIFIED.);
#615=B_SPLINE_CURVE_WITH_KNOTS('',3,(#609,#610,#611,#612,#613,#614),
.UNSPECIFIED.,.F.,.F.,(4,1,1,4),(0.E0,3.333333333333E-1,6.666666666667E-1,1.E0),
.UNSPECIFIED.);
#636=B_SPLINE_CURVE_WITH_KNOTS('',3,(#624,#625,#626,#627,#628,#629,#630,#631,
#632,#633,#634,#635),.UNSPECIFIED.,.F.,.F.,(4,1,1,1,1,1,1,1,1,4),(0.E0,
1.111111111111E-1,2.222222222222E-1,3.333333333333E-1,4.444444444444E-1,
5.555555555556E-1,6.666666666667E-1,7.777777777778E-1,8.888888888889E-1,1.E0),
.UNSPECIFIED.);
#653=CIRCLE('',#652,4.E-1);
#666=CIRCLE('',#665,3.5E-1);
#671=CIRCLE('',#670,3.5E-1);
#676=CIRCLE('',#675,4.E-1);
#725=CIRCLE('',#724,4.E-1);
#746=CIRCLE('',#745,4.E-1);
#763=CIRCLE('',#762,4.E-1);
#844=CIRCLE('',#843,4.E-1);
#913=CIRCLE('',#912,3.5E-1);
#918=CIRCLE('',#917,3.5E-1);
#935=CIRCLE('',#934,3.5E-1);
#940=CIRCLE('',#939,3.5E-1);
#957=CIRCLE('',#956,3.5E-1);
#962=CIRCLE('',#961,3.5E-1);
#971=CIRCLE('',#970,3.E-1);
#976=CIRCLE('',#975,5.E-1);
#981=CIRCLE('',#980,3.E-1);
#986=CIRCLE('',#985,5.E-1);
#991=CIRCLE('',#990,3.E-1);
#996=CIRCLE('',#995,5.E-1);
#1001=CIRCLE('',#1000,3.E-1);
#1006=CIRCLE('',#1005,5.E-1);
#1011=CIRCLE('',#1010,3.E-1);
#1016=CIRCLE('',#1015,5.E-1);
#1021=CIRCLE('',#1020,5.E-1);
#1026=CIRCLE('',#1025,3.E-1);
#1033=B_SPLINE_CURVE_WITH_KNOTS('',3,(#1027,#1028,#1029,#1030,#1031,#1032),
.UNSPECIFIED.,.F.,.F.,(4,1,1,4),(0.E0,3.333333333333E-1,6.666666666667E-1,1.E0),
.UNSPECIFIED.);
#1038=CIRCLE('',#1037,2.948378584292E0);
#1045=B_SPLINE_CURVE_WITH_KNOTS('',3,(#1039,#1040,#1041,#1042,#1043,#1044),
.UNSPECIFIED.,.F.,.F.,(4,1,1,4),(0.E0,3.333333333333E-1,6.666666666667E-1,1.E0),
.UNSPECIFIED.);
#1058=CIRCLE('',#1057,2.85E0);
#1067=CIRCLE('',#1066,2.85E0);
#1078=B_SPLINE_CURVE_WITH_KNOTS('',3,(#1072,#1073,#1074,#1075,#1076,#1077),
.UNSPECIFIED.,.F.,.F.,(4,1,1,4),(0.E0,3.333333333333E-1,6.666666666667E-1,1.E0),
.UNSPECIFIED.);
#1085=B_SPLINE_CURVE_WITH_KNOTS('',3,(#1079,#1080,#1081,#1082,#1083,#1084),
.UNSPECIFIED.,.F.,.F.,(4,1,1,4),(0.E0,3.333333333333E-1,6.666666666667E-1,1.E0),
.UNSPECIFIED.);
#1090=CIRCLE('',#1089,2.948378584292E0);
#1095=CIRCLE('',#1094,2.5E0);
#1100=CIRCLE('',#1099,2.5E0);
#1117=CIRCLE('',#1116,2.5E0);
#1122=CIRCLE('',#1121,2.5E0);
#1145=B_SPLINE_CURVE_WITH_KNOTS('',3,(#1139,#1140,#1141,#1142,#1143,#1144),
.UNSPECIFIED.,.F.,.F.,(4,1,1,4),(0.E0,3.333333333333E-1,6.666666666667E-1,1.E0),
.UNSPECIFIED.);
#1150=CIRCLE('',#1149,2.5E0);
#1155=CIRCLE('',#1154,2.5E0);
#1160=CIRCLE('',#1159,2.3E0);
#1165=CIRCLE('',#1164,2.3E0);
#1172=B_SPLINE_CURVE_WITH_KNOTS('',3,(#1166,#1167,#1168,#1169,#1170,#1171),
.UNSPECIFIED.,.F.,.F.,(4,1,1,4),(0.E0,3.333333333333E-1,6.666666666667E-1,1.E0),
.UNSPECIFIED.);
#1183=B_SPLINE_CURVE_WITH_KNOTS('',3,(#1177,#1178,#1179,#1180,#1181,#1182),
.UNSPECIFIED.,.F.,.F.,(4,1,1,4),(0.E0,3.333333333333E-1,6.666666666667E-1,1.E0),
.UNSPECIFIED.);
#1188=CIRCLE('',#1187,2.5E0);
#1193=CIRCLE('',#1192,2.5E0);
#1198=CIRCLE('',#1197,2.3E0);
#1203=CIRCLE('',#1202,2.3E0);
#1210=B_SPLINE_CURVE_WITH_KNOTS('',3,(#1204,#1205,#1206,#1207,#1208,#1209),
.UNSPECIFIED.,.F.,.F.,(4,1,1,4),(0.E0,3.333333333333E-1,6.666666666667E-1,1.E0),
.UNSPECIFIED.);
#1225=B_SPLINE_CURVE_WITH_KNOTS('',3,(#1219,#1220,#1221,#1222,#1223,#1224),
.UNSPECIFIED.,.F.,.F.,(4,1,1,4),(0.E0,3.333333333333E-1,6.666666666667E-1,1.E0),
.UNSPECIFIED.);
#1230=CIRCLE('',#1229,2.300000237066E0);
#1235=CIRCLE('',#1234,2.300000237066E0);
#1240=CIRCLE('',#1239,2.100000343147E0);
#1249=CIRCLE('',#1248,2.100000343147E0);
#1264=B_SPLINE_CURVE_WITH_KNOTS('',3,(#1258,#1259,#1260,#1261,#1262,#1263),
.UNSPECIFIED.,.F.,.F.,(4,1,1,4),(0.E0,3.333333333333E-1,6.666666666667E-1,1.E0),
.UNSPECIFIED.);
#1283=B_SPLINE_CURVE_WITH_KNOTS('',3,(#1277,#1278,#1279,#1280,#1281,#1282),
.UNSPECIFIED.,.F.,.F.,(4,1,1,4),(0.E0,3.333333333333E-1,6.666666666667E-1,1.E0),
.UNSPECIFIED.);
#1288=CIRCLE('',#1287,2.300000237066E0);
#1293=CIRCLE('',#1292,2.300000237066E0);
#1300=B_SPLINE_CURVE_WITH_KNOTS('',3,(#1294,#1295,#1296,#1297,#1298,#1299),
.UNSPECIFIED.,.F.,.F.,(4,1,1,4),(0.E0,3.333333333333E-1,6.666666666667E-1,1.E0),
.UNSPECIFIED.);
#1317=CIRCLE('',#1316,8.5E-1);
#1326=CIRCLE('',#1325,8.5E-1);
#1331=CIRCLE('',#1330,1.201839166959E0);
#1336=CIRCLE('',#1335,1.2E0);
#1341=CIRCLE('',#1340,1.201839166959E0);
#1346=CIRCLE('',#1345,1.2E0);
#1367=B_SPLINE_CURVE_WITH_KNOTS('',3,(#1355,#1356,#1357,#1358,#1359,#1360,#1361,
#1362,#1363,#1364,#1365,#1366),.UNSPECIFIED.,.F.,.F.,(4,1,1,1,1,1,1,1,1,4),
(0.E0,1.111111111111E-1,2.222222222222E-1,3.333333333333E-1,4.444444444444E-1,
5.555555555556E-1,6.666666666667E-1,7.777777777778E-1,8.888888888889E-1,1.E0),
.UNSPECIFIED.);
#1381=B_SPLINE_CURVE_WITH_KNOTS('',3,(#1368,#1369,#1370,#1371,#1372,#1373,#1374,
#1375,#1376,#1377,#1378,#1379,#1380),.UNSPECIFIED.,.F.,.F.,(4,1,1,1,1,1,1,1,1,1,
4),(0.E0,1.E-1,2.E-1,3.E-1,4.E-1,5.E-1,6.E-1,7.E-1,8.E-1,9.E-1,1.E0),
.UNSPECIFIED.);
#1394=B_SPLINE_CURVE_WITH_KNOTS('',3,(#1382,#1383,#1384,#1385,#1386,#1387,#1388,
#1389,#1390,#1391,#1392,#1393),.UNSPECIFIED.,.F.,.F.,(4,1,1,1,1,1,1,1,1,4),
(0.E0,1.111111111111E-1,2.222222222222E-1,3.333333333333E-1,4.444444444444E-1,
5.555555555556E-1,6.666666666667E-1,7.777777777778E-1,8.888888888889E-1,1.E0),
.UNSPECIFIED.);
#1399=CIRCLE('',#1398,2.9E-1);
#1412=CIRCLE('',#1411,2.899999999998E-1);
#1417=CIRCLE('',#1416,3.000000000002E-1);
#1422=CIRCLE('',#1421,2.899999999998E-1);
#1433=B_SPLINE_CURVE_WITH_KNOTS('',3,(#1427,#1428,#1429,#1430,#1431,#1432),
.UNSPECIFIED.,.F.,.F.,(4,1,1,4),(0.E0,3.333333333333E-1,6.666666666667E-1,1.E0),
.UNSPECIFIED.);
#1444=B_SPLINE_CURVE_WITH_KNOTS('',3,(#1438,#1439,#1440,#1441,#1442,#1443),
.UNSPECIFIED.,.F.,.F.,(4,1,1,4),(0.E0,3.333333333333E-1,6.666666666667E-1,1.E0),
.UNSPECIFIED.);
#1465=B_SPLINE_CURVE_WITH_KNOTS('',3,(#1453,#1454,#1455,#1456,#1457,#1458,#1459,
#1460,#1461,#1462,#1463,#1464),.UNSPECIFIED.,.F.,.F.,(4,1,1,1,1,1,1,1,1,4),
(0.E0,1.111111111111E-1,2.222222222222E-1,3.333333333333E-1,4.444444444444E-1,
5.555555555556E-1,6.666666666667E-1,7.777777777778E-1,8.888888888889E-1,1.E0),
.UNSPECIFIED.);
#1479=B_SPLINE_CURVE_WITH_KNOTS('',3,(#1466,#1467,#1468,#1469,#1470,#1471,#1472,
#1473,#1474,#1475,#1476,#1477,#1478),.UNSPECIFIED.,.F.,.F.,(4,1,1,1,1,1,1,1,1,1,
4),(0.E0,1.E-1,2.E-1,3.E-1,4.E-1,5.E-1,6.E-1,7.E-1,8.E-1,9.E-1,1.E0),
.UNSPECIFIED.);
#1484=CIRCLE('',#1483,2.9E-1);
#1505=B_SPLINE_CURVE_WITH_KNOTS('',3,(#1493,#1494,#1495,#1496,#1497,#1498,#1499,
#1500,#1501,#1502,#1503,#1504),.UNSPECIFIED.,.F.,.F.,(4,1,1,1,1,1,1,1,1,4),
(0.E0,1.111111111111E-1,2.222222222222E-1,3.333333333333E-1,4.444444444444E-1,
5.555555555556E-1,6.666666666667E-1,7.777777777778E-1,8.888888888889E-1,1.E0),
.UNSPECIFIED.);
#1534=B_SPLINE_CURVE_WITH_KNOTS('',3,(#1514,#1515,#1516,#1517,#1518,#1519,#1520,
#1521,#1522,#1523,#1524,#1525,#1526,#1527,#1528,#1529,#1530,#1531,#1532,#1533),
.UNSPECIFIED.,.F.,.F.,(4,1,1,1,1,1,1,1,1,1,1,1,1,1,1,1,1,4),(0.E0,
5.882352941176E-2,1.176470588235E-1,1.764705882353E-1,2.352941176471E-1,
2.941176470588E-1,3.529411764706E-1,4.117647058824E-1,4.705882352941E-1,
5.294117647059E-1,5.882352941176E-1,6.470588235294E-1,7.058823529412E-1,
7.647058823529E-1,8.235294117647E-1,8.823529411765E-1,9.411764705882E-1,1.E0),
.UNSPECIFIED.);
#1563=CIRCLE('',#1562,2.899999999999E-1);
#1568=CIRCLE('',#1567,3.E-1);
#1573=CIRCLE('',#1572,2.899999999999E-1);
#1591=B_SPLINE_CURVE_WITH_KNOTS('',3,(#1586,#1587,#1588,#1589,#1590),
.UNSPECIFIED.,.F.,.F.,(4,1,4),(0.E0,5.E-1,1.E0),.UNSPECIFIED.);
#1609=B_SPLINE_CURVE_WITH_KNOTS('',3,(#1600,#1601,#1602,#1603,#1604,#1605,#1606,
#1607,#1608),.UNSPECIFIED.,.F.,.F.,(4,1,1,1,1,1,4),(0.E0,1.666666666667E-1,
3.333333333333E-1,5.E-1,6.666666666667E-1,8.333333333333E-1,1.E0),
.UNSPECIFIED.);
#1630=B_SPLINE_CURVE_WITH_KNOTS('',3,(#1618,#1619,#1620,#1621,#1622,#1623,#1624,
#1625,#1626,#1627,#1628,#1629),.UNSPECIFIED.,.F.,.F.,(4,1,1,1,1,1,1,1,1,4),
(0.E0,1.111111111111E-1,2.222222222222E-1,3.333333333333E-1,4.444444444444E-1,
5.555555555556E-1,6.666666666667E-1,7.777777777778E-1,8.888888888889E-1,1.E0),
.UNSPECIFIED.);
#1635=CIRCLE('',#1634,2.9E-1);
#1649=B_SPLINE_CURVE_WITH_KNOTS('',3,(#1636,#1637,#1638,#1639,#1640,#1641,#1642,
#1643,#1644,#1645,#1646,#1647,#1648),.UNSPECIFIED.,.F.,.F.,(4,1,1,1,1,1,1,1,1,1,
4),(0.E0,1.E-1,2.E-1,3.E-1,4.E-1,5.E-1,6.E-1,7.E-1,8.E-1,9.E-1,1.E0),
.UNSPECIFIED.);
#1670=B_SPLINE_CURVE_WITH_KNOTS('',3,(#1658,#1659,#1660,#1661,#1662,#1663,#1664,
#1665,#1666,#1667,#1668,#1669),.UNSPECIFIED.,.F.,.F.,(4,1,1,1,1,1,1,1,1,4),
(0.E0,1.111111111111E-1,2.222222222222E-1,3.333333333333E-1,4.444444444444E-1,
5.555555555556E-1,6.666666666667E-1,7.777777777778E-1,8.888888888889E-1,1.E0),
.UNSPECIFIED.);
#1675=CIRCLE('',#1674,2.899999999999E-1);
#1680=CIRCLE('',#1679,3.E-1);
#1685=CIRCLE('',#1684,2.899999999999E-1);
#1690=CIRCLE('',#1689,2.899999999998E-1);
#1695=CIRCLE('',#1694,3.000000000001E-1);
#1700=CIRCLE('',#1699,2.899999999998E-1);
#1721=CIRCLE('',#1720,5.E-1);
#1726=CIRCLE('',#1725,3.5E-1);
#1731=CIRCLE('',#1730,3.5E-1);
#1736=CIRCLE('',#1735,1.2E0);
#1765=CIRCLE('',#1764,1.2E0);
#1774=CIRCLE('',#1773,3.5E-1);
#1779=CIRCLE('',#1778,3.5E-1);
#1788=CIRCLE('',#1787,5.E-1);
#1865=CIRCLE('',#1864,5.E-1);
#1870=CIRCLE('',#1869,3.5E-1);
#1875=CIRCLE('',#1874,3.5E-1);
#1880=CIRCLE('',#1879,1.2E0);
#1909=CIRCLE('',#1908,1.2E0);
#1918=CIRCLE('',#1917,3.5E-1);
#1923=CIRCLE('',#1922,3.5E-1);
#1932=CIRCLE('',#1931,5.E-1);
#2009=CIRCLE('',#2008,5.E-1);
#2014=CIRCLE('',#2013,3.5E-1);
#2019=CIRCLE('',#2018,3.5E-1);
#2024=CIRCLE('',#2023,1.2E0);
#2053=CIRCLE('',#2052,1.2E0);
#2062=CIRCLE('',#2061,3.5E-1);
#2067=CIRCLE('',#2066,3.5E-1);
#2076=CIRCLE('',#2075,5.E-1);
#2659=EDGE_CURVE('',#2159,#2160,#37,.T.);
#2661=EDGE_CURVE('',#2159,#2161,#8,.T.);
#2663=EDGE_CURVE('',#2163,#2161,#483,.T.);
#2665=EDGE_CURVE('',#2164,#2163,#428,.T.);
#2667=EDGE_CURVE('',#2166,#2164,#420,.T.);
#2669=EDGE_CURVE('',#2168,#2166,#402,.T.);
#2671=EDGE_CURVE('',#2168,#2170,#12,.T.);
#2673=EDGE_CURVE('',#2170,#2171,#20,.T.);
#2675=EDGE_CURVE('',#2173,#2171,#202,.T.);
#2677=EDGE_CURVE('',#2174,#2173,#180,.T.);
#2679=EDGE_CURVE('',#2174,#2176,#24,.T.);
#2681=EDGE_CURVE('',#2160,#2176,#94,.T.);
#2691=EDGE_CURVE('',#2179,#2180,#29,.T.);
#2693=EDGE_CURVE('',#2180,#2159,#33,.T.);
#2696=EDGE_CURVE('',#2160,#2182,#42,.T.);
#2698=EDGE_CURVE('',#2179,#2182,#61,.T.);
#2721=EDGE_CURVE('',#2179,#2184,#47,.T.);
#2723=EDGE_CURVE('',#2184,#2186,#52,.T.);
#2725=EDGE_CURVE('',#2186,#2180,#57,.T.);
#2736=EDGE_CURVE('',#2182,#2187,#82,.T.);
#2738=EDGE_CURVE('',#2187,#2184,#86,.T.);
#2749=EDGE_CURVE('',#2189,#2187,#90,.T.);
#2754=EDGE_CURVE('',#2191,#2176,#160,.T.);
#2756=EDGE_CURVE('',#2191,#2189,#115,.T.);
#2767=EDGE_CURVE('',#2193,#2189,#127,.T.);
#2769=EDGE_CURVE('',#2193,#2195,#119,.T.);
#2771=EDGE_CURVE('',#2197,#2195,#1354,.T.);
#2773=EDGE_CURVE('',#2197,#2199,#123,.T.);
#2775=EDGE_CURVE('',#2187,#2199,#513,.T.);
#2785=EDGE_CURVE('',#2202,#2203,#135,.T.);
#2787=EDGE_CURVE('',#2193,#2202,#1407,.T.);
#2790=EDGE_CURVE('',#2203,#2189,#172,.T.);
#2800=EDGE_CURVE('',#2205,#2203,#145,.T.);
#2802=EDGE_CURVE('',#2205,#2207,#131,.T.);
#2804=EDGE_CURVE('',#2202,#2207,#1417,.T.);
#2827=EDGE_CURVE('',#2210,#2211,#155,.T.);
#2829=EDGE_CURVE('',#2210,#2205,#140,.T.);
#2832=EDGE_CURVE('',#2203,#2211,#150,.T.);
#2843=EDGE_CURVE('',#2191,#2211,#168,.T.);
#2847=EDGE_CURVE('',#2174,#2210,#164,.T.);
#2871=EDGE_CURVE('',#2212,#2173,#198,.T.);
#2873=EDGE_CURVE('',#2212,#2205,#184,.T.);
#2884=EDGE_CURVE('',#2213,#2212,#191,.T.);
#2888=EDGE_CURVE('',#2171,#2214,#209,.T.);
#2890=EDGE_CURVE('',#2215,#2214,#373,.T.);
#2892=EDGE_CURVE('',#2215,#2216,#220,.T.);
#2894=EDGE_CURVE('',#2216,#2218,#224,.T.);
#2896=EDGE_CURVE('',#2218,#2213,#242,.T.);
#2908=EDGE_CURVE('',#2207,#2213,#246,.T.);
#2919=EDGE_CURVE('',#2221,#2222,#256,.T.);
#2921=EDGE_CURVE('',#2207,#2221,#1422,.T.);
#2925=EDGE_CURVE('',#2218,#2222,#252,.T.);
#2936=EDGE_CURVE('',#2224,#2222,#286,.T.);
#2938=EDGE_CURVE('',#2226,#2224,#1403,.T.);
#2940=EDGE_CURVE('',#2226,#2221,#266,.T.);
#2950=EDGE_CURVE('',#2222,#2228,#270,.T.);
#2952=EDGE_CURVE('',#2228,#2230,#274,.T.);
#2954=EDGE_CURVE('',#2230,#2232,#278,.T.);
#2956=EDGE_CURVE('',#2234,#2232,#1452,.T.);
#2958=EDGE_CURVE('',#2234,#2224,#282,.T.);
#2972=EDGE_CURVE('',#2228,#2216,#292,.T.);
#2982=EDGE_CURVE('',#2228,#2236,#300,.T.);
#2986=EDGE_CURVE('',#2215,#2238,#296,.T.);
#2988=EDGE_CURVE('',#2236,#2238,#315,.T.);
#2999=EDGE_CURVE('',#2236,#2239,#310,.T.);
#3001=EDGE_CURVE('',#2230,#2239,#1488,.T.);
#3026=EDGE_CURVE('',#2238,#2241,#320,.T.);
#3028=EDGE_CURVE('',#2241,#2239,#325,.T.);
#3038=EDGE_CURVE('',#2244,#2245,#343,.T.);
#3040=EDGE_CURVE('',#2244,#2241,#329,.T.);
#3043=EDGE_CURVE('',#2238,#2245,#333,.T.);
#3065=EDGE_CURVE('',#2248,#2249,#362,.T.);
#3067=EDGE_CURVE('',#2248,#2244,#338,.T.);
#3070=EDGE_CURVE('',#2245,#2249,#348,.T.);
#3080=EDGE_CURVE('',#2249,#2170,#352,.T.);
#3083=EDGE_CURVE('',#2168,#2251,#357,.T.);
#3085=EDGE_CURVE('',#2248,#2251,#1513,.T.);
#3098=EDGE_CURVE('',#2245,#2214,#366,.T.);
#3122=EDGE_CURVE('',#2253,#2166,#416,.T.);
#3124=EDGE_CURVE('',#2253,#2254,#394,.T.);
#3126=EDGE_CURVE('',#2254,#2256,#398,.T.);
#3128=EDGE_CURVE('',#2251,#2256,#1534,.T.);
#3140=EDGE_CURVE('',#2164,#2258,#406,.T.);
#3142=EDGE_CURVE('',#2258,#2260,#411,.T.);
#3144=EDGE_CURVE('',#2253,#2260,#1581,.T.);
#3158=EDGE_CURVE('',#2261,#2163,#479,.T.);
#3160=EDGE_CURVE('',#2261,#2263,#432,.T.);
#3162=EDGE_CURVE('',#2258,#2263,#1563,.T.);
#3172=EDGE_CURVE('',#2264,#2265,#497,.T.);
#3174=EDGE_CURVE('',#2264,#2266,#443,.T.);
#3176=EDGE_CURVE('',#2266,#2268,#447,.T.);
#3178=EDGE_CURVE('',#2268,#2269,#465,.T.);
#3180=EDGE_CURVE('',#2269,#2261,#472,.T.);
#3184=EDGE_CURVE('',#2161,#2265,#490,.T.);
#3194=EDGE_CURVE('',#2186,#2265,#501,.T.);
#3196=EDGE_CURVE('',#2271,#2186,#509,.T.);
#3198=EDGE_CURVE('',#2264,#2271,#562,.T.);
#3223=EDGE_CURVE('',#2184,#2273,#505,.T.);
#3225=EDGE_CURVE('',#2271,#2273,#1695,.T.);
#3239=EDGE_CURVE('',#2273,#2199,#521,.T.);
#3249=EDGE_CURVE('',#2276,#2277,#517,.T.);
#3251=EDGE_CURVE('',#2273,#2277,#1700,.T.);
#3254=EDGE_CURVE('',#2199,#2276,#534,.T.);
#3264=EDGE_CURVE('',#2280,#2281,#538,.T.);
#3266=EDGE_CURVE('',#2281,#2277,#548,.T.);
#3269=EDGE_CURVE('',#2276,#2280,#552,.T.);
#3280=EDGE_CURVE('',#2280,#2266,#558,.T.);
#3284=EDGE_CURVE('',#2281,#2271,#1690,.T.);
#3296=EDGE_CURVE('',#2283,#2280,#566,.T.);
#3298=EDGE_CURVE('',#2268,#2283,#1591,.T.);
#3310=EDGE_CURVE('',#2276,#2285,#570,.T.);
#3312=EDGE_CURVE('',#2287,#2285,#623,.T.);
#3314=EDGE_CURVE('',#2287,#2289,#574,.T.);
#3316=EDGE_CURVE('',#2283,#2289,#1599,.T.);
#3329=EDGE_CURVE('',#2197,#2285,#579,.T.);
#3371=EDGE_CURVE('',#2285,#2290,#636,.T.);
#3374=EDGE_CURVE('',#2197,#2290,#593,.T.);
#3384=EDGE_CURVE('',#2290,#2292,#597,.T.);
#3386=EDGE_CURVE('',#2292,#2293,#604,.T.);
#3388=EDGE_CURVE('',#2293,#2295,#608,.T.);
#3390=EDGE_CURVE('',#2295,#2296,#615,.T.);
#3392=EDGE_CURVE('',#2296,#2298,#619,.T.);
#3394=EDGE_CURVE('',#2287,#2298,#1649,.T.);
#3406=EDGE_CURVE('',#2301,#2302,#640,.T.);
#3408=EDGE_CURVE('',#2304,#2301,#839,.T.);
#3410=EDGE_CURVE('',#2306,#2304,#827,.T.);
#3412=EDGE_CURVE('',#2308,#2306,#807,.T.);
#3414=EDGE_CURVE('',#2310,#2308,#811,.T.);
#3416=EDGE_CURVE('',#2302,#2310,#823,.T.);
#3426=EDGE_CURVE('',#2321,#2322,#644,.T.);
#3428=EDGE_CURVE('',#2324,#2321,#860,.T.);
#3430=EDGE_CURVE('',#2301,#2324,#852,.T.);
#3433=EDGE_CURVE('',#2326,#2302,#771,.T.);
#3435=EDGE_CURVE('',#2328,#2326,#758,.T.);
#3437=EDGE_CURVE('',#2330,#2328,#737,.T.);
#3439=EDGE_CURVE('',#2332,#2330,#720,.T.);
#3441=EDGE_CURVE('',#2334,#2332,#708,.T.);
#3443=EDGE_CURVE('',#2336,#2334,#700,.T.);
#3445=EDGE_CURVE('',#2338,#2336,#692,.T.);
#3447=EDGE_CURVE('',#2322,#2338,#688,.T.);
#3457=EDGE_CURVE('',#2321,#2340,#653,.T.);
#3460=EDGE_CURVE('',#2342,#2322,#676,.T.);
#3462=EDGE_CURVE('',#2342,#2340,#648,.T.);
#3473=EDGE_CURVE('',#2340,#2344,#657,.T.);
#3475=EDGE_CURVE('',#2346,#2344,#922,.T.);
#3477=EDGE_CURVE('',#2348,#2346,#908,.T.);
#3479=EDGE_CURVE('',#2348,#2321,#661,.T.);
#3490=EDGE_CURVE('',#2350,#2342,#680,.T.);
#3492=EDGE_CURVE('',#2350,#2352,#666,.T.);
#3494=EDGE_CURVE('',#2352,#2344,#671,.T.);
#3506=EDGE_CURVE('',#2354,#2322,#684,.T.);
#3508=EDGE_CURVE('',#2356,#2354,#904,.T.);
#3510=EDGE_CURVE('',#2350,#2356,#926,.T.);
#3523=EDGE_CURVE('',#2358,#2338,#696,.T.);
#3525=EDGE_CURVE('',#2354,#2358,#868,.T.);
#3536=EDGE_CURVE('',#2360,#2336,#704,.T.);
#3538=EDGE_CURVE('',#2358,#2360,#872,.T.);
#3550=EDGE_CURVE('',#2362,#2334,#712,.T.);
#3552=EDGE_CURVE('',#2360,#2362,#876,.T.);
#3564=EDGE_CURVE('',#2364,#2332,#716,.T.);
#3566=EDGE_CURVE('',#2362,#2364,#880,.T.);
#3577=EDGE_CURVE('',#2366,#2330,#733,.T.);
#3579=EDGE_CURVE('',#2364,#2366,#884,.T.);
#3591=EDGE_CURVE('',#2330,#2368,#725,.T.);
#3593=EDGE_CURVE('',#2370,#2368,#966,.T.);
#3595=EDGE_CURVE('',#2372,#2370,#944,.T.);
#3597=EDGE_CURVE('',#2372,#2366,#729,.T.);
#3610=EDGE_CURVE('',#2374,#2328,#746,.T.);
#3612=EDGE_CURVE('',#2374,#2368,#741,.T.);
#3623=EDGE_CURVE('',#2376,#2328,#754,.T.);
#3625=EDGE_CURVE('',#2376,#2378,#750,.T.);
#3627=EDGE_CURVE('',#2380,#2378,#948,.T.);
#3629=EDGE_CURVE('',#2374,#2380,#952,.T.);
#3641=EDGE_CURVE('',#2382,#2326,#767,.T.);
#3643=EDGE_CURVE('',#2376,#2382,#888,.T.);
#3653=EDGE_CURVE('',#2385,#2386,#763,.T.);
#3655=EDGE_CURVE('',#2382,#2386,#892,.T.);
#3659=EDGE_CURVE('',#2385,#2302,#819,.T.);
#3669=EDGE_CURVE('',#2385,#2388,#775,.T.);
#3671=EDGE_CURVE('',#2390,#2388,#844,.T.);
#3673=EDGE_CURVE('',#2390,#2386,#779,.T.);
#3684=EDGE_CURVE('',#2393,#2394,#799,.T.);
#3686=EDGE_CURVE('',#2393,#2396,#783,.T.);
#3688=EDGE_CURVE('',#2396,#2388,#787,.T.);
#3691=EDGE_CURVE('',#2385,#2398,#791,.T.);
#3693=EDGE_CURVE('',#2398,#2394,#795,.T.);
#3704=EDGE_CURVE('',#2394,#2308,#803,.T.);
#3707=EDGE_CURVE('',#2393,#2306,#831,.T.);
#3720=EDGE_CURVE('',#2398,#2310,#815,.T.);
#3743=EDGE_CURVE('',#2396,#2304,#835,.T.);
#3755=EDGE_CURVE('',#2388,#2301,#848,.T.);
#3771=EDGE_CURVE('',#2408,#2324,#856,.T.);
#3773=EDGE_CURVE('',#2390,#2408,#896,.T.);
#3784=EDGE_CURVE('',#2408,#2348,#900,.T.);
#3796=EDGE_CURVE('',#2348,#2354,#864,.T.);
#3803=EDGE_CURVE('',#2376,#2366,#930,.T.);
#3821=EDGE_CURVE('',#2346,#2422,#913,.T.);
#3823=EDGE_CURVE('',#2422,#2356,#918,.T.);
#3849=EDGE_CURVE('',#2372,#2424,#935,.T.);
#3851=EDGE_CURVE('',#2424,#2378,#940,.T.);
#3865=EDGE_CURVE('',#2426,#2370,#962,.T.);
#3867=EDGE_CURVE('',#2380,#2426,#957,.T.);
#3891=EDGE_CURVE('',#2412,#2411,#971,.T.);
#3893=EDGE_CURVE('',#2411,#2428,#976,.T.);
#3895=EDGE_CURVE('',#2412,#2428,#986,.T.);
#3905=EDGE_CURVE('',#2411,#2412,#981,.T.);
#3917=EDGE_CURVE('',#2416,#2415,#991,.T.);
#3919=EDGE_CURVE('',#2415,#2430,#996,.T.);
#3921=EDGE_CURVE('',#2416,#2430,#1006,.T.);
#3931=EDGE_CURVE('',#2415,#2416,#1001,.T.);
#3943=EDGE_CURVE('',#2420,#2432,#1021,.T.);
#3945=EDGE_CURVE('',#2420,#2419,#1011,.T.);
#3947=EDGE_CURVE('',#2419,#2432,#1016,.T.);
#3959=EDGE_CURVE('',#2419,#2420,#1026,.T.);
#3969=EDGE_CURVE('',#2433,#2402,#1033,.T.);
#3971=EDGE_CURVE('',#2402,#2401,#1038,.T.);
#3973=EDGE_CURVE('',#2401,#2434,#1045,.T.);
#3975=EDGE_CURVE('',#2433,#2434,#1058,.T.);
#3986=EDGE_CURVE('',#2433,#2436,#1049,.T.);
#3988=EDGE_CURVE('',#2404,#2436,#1078,.T.);
#3990=EDGE_CURVE('',#2404,#2402,#1053,.T.);
#4002=EDGE_CURVE('',#2434,#2438,#1062,.T.);
#4004=EDGE_CURVE('',#2438,#2436,#1067,.T.);
#4015=EDGE_CURVE('',#2401,#2406,#1071,.T.);
#4017=EDGE_CURVE('',#2438,#2406,#1085,.T.);
#4031=EDGE_CURVE('',#2406,#2404,#1090,.T.);
#4041=EDGE_CURVE('',#2444,#2442,#1095,.T.);
#4043=EDGE_CURVE('',#2442,#2441,#1100,.T.);
#4045=EDGE_CURVE('',#2441,#2452,#1104,.T.);
#4047=EDGE_CURVE('',#2454,#2452,#1155,.T.);
#4049=EDGE_CURVE('',#2456,#2454,#1150,.T.);
#4051=EDGE_CURVE('',#2456,#2444,#1108,.T.);
#4061=EDGE_CURVE('',#2441,#2450,#1112,.T.);
#4063=EDGE_CURVE('',#2458,#2450,#1130,.T.);
#4065=EDGE_CURVE('',#2452,#2458,#1176,.T.);
#4076=EDGE_CURVE('',#2450,#2448,#1117,.T.);
#4078=EDGE_CURVE('',#2448,#2446,#1122,.T.);
#4080=EDGE_CURVE('',#2446,#2460,#1126,.T.);
#4082=EDGE_CURVE('',#2462,#2460,#1193,.T.);
#4084=EDGE_CURVE('',#2458,#2462,#1188,.T.);
#4095=EDGE_CURVE('',#2446,#2444,#1134,.T.);
#4098=EDGE_CURVE('',#2460,#2456,#1138,.T.);
#4110=EDGE_CURVE('',#2463,#2456,#1172,.T.);
#4112=EDGE_CURVE('',#2465,#2463,#1268,.T.);
#4114=EDGE_CURVE('',#2465,#2460,#1145,.T.);
#4126=EDGE_CURVE('',#2466,#2452,#1183,.T.);
#4128=EDGE_CURVE('',#2466,#2468,#1160,.T.);
#4130=EDGE_CURVE('',#2468,#2463,#1165,.T.);
#4142=EDGE_CURVE('',#2469,#2458,#1210,.T.);
#4144=EDGE_CURVE('',#2466,#2469,#1308,.T.);
#4158=EDGE_CURVE('',#2465,#2471,#1198,.T.);
#4160=EDGE_CURVE('',#2471,#2469,#1203,.T.);
#4171=EDGE_CURVE('',#2475,#2477,#1235,.T.);
#4173=EDGE_CURVE('',#2474,#2475,#1230,.T.);
#4175=EDGE_CURVE('',#2474,#2469,#1214,.T.);
#4179=EDGE_CURVE('',#2465,#2477,#1218,.T.);
#4189=EDGE_CURVE('',#2480,#2481,#1240,.T.);
#4191=EDGE_CURVE('',#2480,#2474,#1225,.T.);
#4195=EDGE_CURVE('',#2481,#2477,#1264,.T.);
#4206=EDGE_CURVE('',#2481,#2483,#1244,.T.);
#4208=EDGE_CURVE('',#2483,#2485,#1249,.T.);
#4210=EDGE_CURVE('',#2485,#2480,#1253,.T.);
#4220=EDGE_CURVE('',#2477,#2487,#1257,.T.);
#4222=EDGE_CURVE('',#2483,#2487,#1283,.T.);
#4237=EDGE_CURVE('',#2487,#2463,#1272,.T.);
#4247=EDGE_CURVE('',#2489,#2491,#1293,.T.);
#4249=EDGE_CURVE('',#2487,#2489,#1288,.T.);
#4254=EDGE_CURVE('',#2466,#2491,#1276,.T.);
#4268=EDGE_CURVE('',#2485,#2491,#1300,.T.);
#4280=EDGE_CURVE('',#2491,#2474,#1304,.T.);
#4303=EDGE_CURVE('',#2497,#2494,#1312,.T.);
#4305=EDGE_CURVE('',#2494,#2495,#1317,.T.);
#4307=EDGE_CURVE('',#2499,#2495,#1321,.T.);
#4309=EDGE_CURVE('',#2497,#2499,#1346,.T.);
#4320=EDGE_CURVE('',#2499,#2497,#1336,.T.);
#4323=EDGE_CURVE('',#2495,#2494,#1326,.T.);
#4333=EDGE_CURVE('',#2501,#2497,#1341,.T.);
#4335=EDGE_CURVE('',#2501,#2499,#1331,.T.);
#4357=EDGE_CURVE('',#2312,#2290,#1350,.T.);
#4361=EDGE_CURVE('',#2195,#2312,#1367,.T.);
#4404=EDGE_CURVE('',#2234,#2195,#1399,.T.);
#4406=EDGE_CURVE('',#2234,#2312,#1381,.T.);
#4417=EDGE_CURVE('',#2193,#2224,#1394,.T.);
#4432=EDGE_CURVE('',#2226,#2202,#1412,.T.);
#4466=EDGE_CURVE('',#2317,#2318,#1426,.T.);
#4468=EDGE_CURVE('',#2318,#2502,#1433,.T.);
#4470=EDGE_CURVE('',#2502,#2504,#1437,.T.);
#4472=EDGE_CURVE('',#2504,#2314,#1444,.T.);
#4474=EDGE_CURVE('',#2314,#2312,#1448,.T.);
#4478=EDGE_CURVE('',#2232,#2317,#1465,.T.);
#4521=EDGE_CURVE('',#2506,#2232,#1484,.T.);
#4523=EDGE_CURVE('',#2506,#2317,#1479,.T.);
#4534=EDGE_CURVE('',#2507,#2230,#1505,.T.);
#4536=EDGE_CURVE('',#2506,#2507,#1546,.T.);
#4549=EDGE_CURVE('',#2241,#2507,#1492,.T.);
#4561=EDGE_CURVE('',#2256,#2244,#1538,.T.);
#4563=EDGE_CURVE('',#2256,#2507,#1509,.T.);
#4587=EDGE_CURVE('',#2509,#2254,#1550,.T.);
#4589=EDGE_CURVE('',#2509,#2511,#1542,.T.);
#4591=EDGE_CURVE('',#2506,#2511,#1657,.T.);
#4603=EDGE_CURVE('',#2514,#2515,#1558,.T.);
#4605=EDGE_CURVE('',#2509,#2514,#1617,.T.);
#4608=EDGE_CURVE('',#2515,#2254,#1577,.T.);
#4618=EDGE_CURVE('',#2263,#2515,#1568,.T.);
#4620=EDGE_CURVE('',#2263,#2517,#1554,.T.);
#4622=EDGE_CURVE('',#2514,#2517,#1680,.T.);
#4648=EDGE_CURVE('',#2515,#2260,#1573,.T.);
#4672=EDGE_CURVE('',#2517,#2269,#1585,.T.);
#4683=EDGE_CURVE('',#2519,#2283,#1595,.T.);
#4685=EDGE_CURVE('',#2517,#2519,#1685,.T.);
#4700=EDGE_CURVE('',#2521,#2289,#1613,.T.);
#4702=EDGE_CURVE('',#2521,#2519,#1609,.T.);
#4713=EDGE_CURVE('',#2509,#2289,#1630,.T.);
#4716=EDGE_CURVE('',#2521,#2514,#1675,.T.);
#4729=EDGE_CURVE('',#2287,#2511,#1635,.T.);
#4771=EDGE_CURVE('',#2511,#2298,#1670,.T.);
#4783=EDGE_CURVE('',#2298,#2317,#1653,.T.);
#4844=EDGE_CURVE('',#2135,#2136,#1704,.T.);
#4846=EDGE_CURVE('',#2136,#2523,#1708,.T.);
#4848=EDGE_CURVE('',#2523,#2525,#1712,.T.);
#4850=EDGE_CURVE('',#2525,#2527,#1716,.T.);
#4852=EDGE_CURVE('',#2527,#2529,#1721,.T.);
#4854=EDGE_CURVE('',#2531,#2529,#1828,.T.);
#4856=EDGE_CURVE('',#2531,#2533,#1726,.T.);
#4858=EDGE_CURVE('',#2533,#2535,#1731,.T.);
#4860=EDGE_CURVE('',#2537,#2535,#1816,.T.);
#4862=EDGE_CURVE('',#2537,#2539,#1736,.T.);
#4864=EDGE_CURVE('',#2541,#2539,#1804,.T.);
#4866=EDGE_CURVE('',#2541,#2543,#1740,.T.);
#4868=EDGE_CURVE('',#2543,#2135,#1744,.T.);
#4878=EDGE_CURVE('',#2140,#2139,#1748,.T.);
#4880=EDGE_CURVE('',#2139,#2547,#1752,.T.);
#4882=EDGE_CURVE('',#2547,#2549,#1756,.T.);
#4884=EDGE_CURVE('',#2549,#2551,#1760,.T.);
#4886=EDGE_CURVE('',#2551,#2553,#1765,.T.);
#4888=EDGE_CURVE('',#2553,#2555,#1769,.T.);
#4890=EDGE_CURVE('',#2555,#2558,#1774,.T.);
#4892=EDGE_CURVE('',#2558,#2559,#1779,.T.);
#4894=EDGE_CURVE('',#2559,#2561,#1783,.T.);
#4896=EDGE_CURVE('',#2561,#2563,#1788,.T.);
#4898=EDGE_CURVE('',#2565,#2563,#1844,.T.);
#4900=EDGE_CURVE('',#2565,#2545,#1792,.T.);
#4902=EDGE_CURVE('',#2545,#2140,#1796,.T.);
#4912=EDGE_CURVE('',#2551,#2539,#1812,.T.);
#4915=EDGE_CURVE('',#2549,#2541,#1800,.T.);
#4927=EDGE_CURVE('',#2537,#2553,#1808,.T.);
#4941=EDGE_CURVE('',#2555,#2535,#1820,.T.);
#4957=EDGE_CURVE('',#2531,#2559,#1824,.T.);
#4967=EDGE_CURVE('',#2561,#2529,#1836,.T.);
#4980=EDGE_CURVE('',#2527,#2563,#1832,.T.);
#4995=EDGE_CURVE('',#2525,#2565,#1840,.T.);
#5006=EDGE_CURVE('',#2143,#2144,#1848,.T.);
#5008=EDGE_CURVE('',#2144,#2567,#1852,.T.);
#5010=EDGE_CURVE('',#2567,#2569,#1856,.T.);
#5012=EDGE_CURVE('',#2569,#2571,#1860,.T.);
#5014=EDGE_CURVE('',#2571,#2573,#1865,.T.);
#5016=EDGE_CURVE('',#2575,#2573,#1972,.T.);
#5018=EDGE_CURVE('',#2575,#2577,#1870,.T.);
#5020=EDGE_CURVE('',#2577,#2579,#1875,.T.);
#5022=EDGE_CURVE('',#2581,#2579,#1960,.T.);
#5024=EDGE_CURVE('',#2581,#2583,#1880,.T.);
#5026=EDGE_CURVE('',#2585,#2583,#1948,.T.);
#5028=EDGE_CURVE('',#2585,#2587,#1884,.T.);
#5030=EDGE_CURVE('',#2587,#2143,#1888,.T.);
#5040=EDGE_CURVE('',#2148,#2147,#1892,.T.);
#5042=EDGE_CURVE('',#2147,#2591,#1896,.T.);
#5044=EDGE_CURVE('',#2591,#2593,#1900,.T.);
#5046=EDGE_CURVE('',#2593,#2595,#1904,.T.);
#5048=EDGE_CURVE('',#2595,#2597,#1909,.T.);
#5050=EDGE_CURVE('',#2597,#2599,#1913,.T.);
#5052=EDGE_CURVE('',#2599,#2602,#1918,.T.);
#5054=EDGE_CURVE('',#2602,#2603,#1923,.T.);
#5056=EDGE_CURVE('',#2603,#2605,#1927,.T.);
#5058=EDGE_CURVE('',#2605,#2607,#1932,.T.);
#5060=EDGE_CURVE('',#2609,#2607,#1988,.T.);
#5062=EDGE_CURVE('',#2609,#2589,#1936,.T.);
#5064=EDGE_CURVE('',#2589,#2148,#1940,.T.);
#5074=EDGE_CURVE('',#2595,#2583,#1956,.T.);
#5077=EDGE_CURVE('',#2593,#2585,#1944,.T.);
#5089=EDGE_CURVE('',#2581,#2597,#1952,.T.);
#5103=EDGE_CURVE('',#2599,#2579,#1964,.T.);
#5119=EDGE_CURVE('',#2575,#2603,#1968,.T.);
#5129=EDGE_CURVE('',#2605,#2573,#1980,.T.);
#5142=EDGE_CURVE('',#2571,#2607,#1976,.T.);
#5157=EDGE_CURVE('',#2569,#2609,#1984,.T.);
#5168=EDGE_CURVE('',#2151,#2152,#1992,.T.);
#5170=EDGE_CURVE('',#2152,#2611,#1996,.T.);
#5172=EDGE_CURVE('',#2611,#2613,#2000,.T.);
#5174=EDGE_CURVE('',#2613,#2615,#2004,.T.);
#5176=EDGE_CURVE('',#2615,#2617,#2009,.T.);
#5178=EDGE_CURVE('',#2619,#2617,#2116,.T.);
#5180=EDGE_CURVE('',#2619,#2621,#2014,.T.);
#5182=EDGE_CURVE('',#2621,#2623,#2019,.T.);
#5184=EDGE_CURVE('',#2625,#2623,#2104,.T.);
#5186=EDGE_CURVE('',#2625,#2627,#2024,.T.);
#5188=EDGE_CURVE('',#2629,#2627,#2092,.T.);
#5190=EDGE_CURVE('',#2629,#2631,#2028,.T.);
#5192=EDGE_CURVE('',#2631,#2151,#2032,.T.);
#5202=EDGE_CURVE('',#2156,#2155,#2036,.T.);
#5204=EDGE_CURVE('',#2155,#2635,#2040,.T.);
#5206=EDGE_CURVE('',#2635,#2637,#2044,.T.);
#5208=EDGE_CURVE('',#2637,#2639,#2048,.T.);
#5210=EDGE_CURVE('',#2639,#2641,#2053,.T.);
#5212=EDGE_CURVE('',#2641,#2643,#2057,.T.);
#5214=EDGE_CURVE('',#2643,#2646,#2062,.T.);
#5216=EDGE_CURVE('',#2646,#2647,#2067,.T.);
#5218=EDGE_CURVE('',#2647,#2649,#2071,.T.);
#5220=EDGE_CURVE('',#2649,#2651,#2076,.T.);
#5222=EDGE_CURVE('',#2653,#2651,#2132,.T.);
#5224=EDGE_CURVE('',#2653,#2633,#2080,.T.);
#5226=EDGE_CURVE('',#2633,#2156,#2084,.T.);
#5236=EDGE_CURVE('',#2639,#2627,#2100,.T.);
#5239=EDGE_CURVE('',#2637,#2629,#2088,.T.);
#5251=EDGE_CURVE('',#2625,#2641,#2096,.T.);
#5265=EDGE_CURVE('',#2643,#2623,#2108,.T.);
#5281=EDGE_CURVE('',#2619,#2647,#2112,.T.);
#5291=EDGE_CURVE('',#2649,#2617,#2124,.T.);
#5304=EDGE_CURVE('',#2615,#2651,#2120,.T.);
#5319=EDGE_CURVE('',#2613,#2653,#2128,.T.);
#5327=(LENGTH_UNIT()NAMED_UNIT(*)SI_UNIT(.MILLI.,.METRE.));
#5329=(NAMED_UNIT(*)PLANE_ANGLE_UNIT()SI_UNIT($,.RADIAN.));
#5332=(NAMED_UNIT(*)SI_UNIT($,.STERADIAN.)SOLID_ANGLE_UNIT());
#5335=MANIFOLD_SURFACE_SHAPE_REPRESENTATION('',(#5326),#5334);
#5342=PRODUCT_DEFINITION('design','',#5341,#5338);
#5343=PRODUCT_DEFINITION_SHAPE('','SHAPE FOR TL3_W0_SW001.',#5342);
#5344=SHAPE_DEFINITION_REPRESENTATION(#5343,#5335);
ENDSEC;
END-ISO-10303-21;
