ISO-10303-21;
HEADER;
FILE_DESCRIPTION((''),'2;1');
FILE_NAME('TL3_W0___50_SW0001','2015-09-07T',('brevel'),(''),
'CREO PARAMETRIC BY PTC INC, 2014440','CREO PARAMETRIC BY PTC INC, 2014440','');
FILE_SCHEMA(('CONFIG_CONTROL_DESIGN'));
ENDSEC;
DATA;
#1=CARTESIAN_POINT('',(-3.035857864376E0,4.2E-1,-1.9E0));
#2=CARTESIAN_POINT('',(-2.992706146344E0,4.2E-1,-1.9E0));
#3=CARTESIAN_POINT('',(-2.912369787338E0,4.2E-1,-1.909327285713E0));
#4=CARTESIAN_POINT('',(-2.805757806330E0,4.2E-1,-1.945034014472E0));
#5=CARTESIAN_POINT('',(-2.713595245479E0,4.2E-1,-2.003326989211E0));
#6=CARTESIAN_POINT('',(-2.664074073453E0,4.2E-1,-2.060822255746E0));
#7=CARTESIAN_POINT('',(-2.645986090584E0,4.2E-1,-2.1E0));
#9=DIRECTION('',(-1.E0,-1.173741670990E-14,0.E0));
#10=VECTOR('',#9,7.141421356240E-1);
#11=CARTESIAN_POINT('',(3.75E0,4.2E-1,1.9E0));
#12=LINE('',#11,#10);
#13=CARTESIAN_POINT('',(3.035857864376E0,4.2E-1,1.9E0));
#14=CARTESIAN_POINT('',(2.992706146344E0,4.2E-1,1.9E0));
#15=CARTESIAN_POINT('',(2.912369787338E0,4.2E-1,1.909327285713E0));
#16=CARTESIAN_POINT('',(2.805757806330E0,4.2E-1,1.945034014472E0));
#17=CARTESIAN_POINT('',(2.713595245479E0,4.2E-1,2.003326989211E0));
#18=CARTESIAN_POINT('',(2.664074073453E0,4.2E-1,2.060822255746E0));
#19=CARTESIAN_POINT('',(2.645986090584E0,4.2E-1,2.1E0));
#21=DIRECTION('',(-1.E0,0.E0,0.E0));
#22=VECTOR('',#21,7.141421356240E-1);
#23=CARTESIAN_POINT('',(-3.035857864376E0,4.2E-1,1.9E0));
#24=LINE('',#23,#22);
#25=CARTESIAN_POINT('',(-3.75E0,1.12E0,-1.9E0));
#26=DIRECTION('',(-1.960117891752E-13,-1.921834339179E-13,-1.E0));
#27=DIRECTION('',(-1.E0,-8.371081605701E-12,1.998401444332E-13));
#28=AXIS2_PLACEMENT_3D('',#25,#26,#27);
#30=DIRECTION('',(7.071067811866E-1,-7.071067811865E-1,0.E0));
#31=VECTOR('',#30,9.999494874095E-1);
#32=CARTESIAN_POINT('',(-3.742928927767E0,1.127071063391E0,-1.9E0));
#33=LINE('',#32,#31);
#34=DIRECTION('',(-1.E0,9.351067749680E-14,0.E0));
#35=VECTOR('',#34,7.141421356239E-1);
#36=CARTESIAN_POINT('',(-3.035857864376E0,4.199999999999E-1,-1.9E0));
#37=LINE('',#36,#35);
#38=CARTESIAN_POINT('',(-3.75E0,1.2E-1,-1.9E0));
#39=DIRECTION('',(0.E0,0.E0,1.E0));
#40=DIRECTION('',(0.E0,1.E0,0.E0));
#41=AXIS2_PLACEMENT_3D('',#38,#39,#40);
#43=CARTESIAN_POINT('',(-3.76E0,1.12E0,-2.19E0));
#44=DIRECTION('',(5.540410188522E-13,-1.E0,1.921834339178E-13));
#45=DIRECTION('',(4.992175255559E-13,1.921834339180E-13,1.E0));
#46=AXIS2_PLACEMENT_3D('',#43,#44,#45);
#48=CARTESIAN_POINT('',(-3.75E0,1.12E0,-2.19E0));
#49=DIRECTION('',(-1.960117891752E-13,-1.921834339179E-13,-1.E0));
#50=DIRECTION('',(-1.E0,-2.364900867728E-9,1.953992523340E-13));
#51=AXIS2_PLACEMENT_3D('',#48,#49,#50);
#53=CARTESIAN_POINT('',(-3.742928931514E0,1.127071067138E0,-2.19E0));
#54=DIRECTION('',(7.071067137708E-1,-7.071068486023E-1,0.E0));
#55=DIRECTION('',(7.071068484E-1,7.071067135686E-1,-2.391803771899E-5));
#56=AXIS2_PLACEMENT_3D('',#53,#54,#55);
#58=DIRECTION('',(-3.991362713646E-9,-1.E0,0.E0));
#59=VECTOR('',#58,7.001667969818E-1);
#60=CARTESIAN_POINT('',(-3.76E0,1.12E0,-1.9E0));
#61=LINE('',#60,#59);
#62=CARTESIAN_POINT('',(-3.760000002795E0,4.198332030182E-1,-1.9E0));
#63=CARTESIAN_POINT('',(-3.767188347899E0,4.195934580850E-1,-1.9E0));
#64=CARTESIAN_POINT('',(-3.781621631415E0,4.185928707313E-1,-1.900536305867E0));
#65=CARTESIAN_POINT('',(-3.803239965772E0,4.155109086841E-1,-1.902963461998E0));
#66=CARTESIAN_POINT('',(-3.824936366389E0,4.107777138978E-1,-1.907072000035E0));
#67=CARTESIAN_POINT('',(-3.846628824425E0,4.043202947223E-1,-1.912929935617E0));
#68=CARTESIAN_POINT('',(-3.868362055377E0,3.959998065297E-1,-1.920668075190E0));
#69=CARTESIAN_POINT('',(-3.889989821167E0,3.857073967892E-1,-1.930392476053E0));
#70=CARTESIAN_POINT('',(-3.911453559721E0,3.732692583214E-1,-1.942271388771E0));
#71=CARTESIAN_POINT('',(-3.932560081635E0,3.585391639881E-1,-1.956448323081E0));
#72=CARTESIAN_POINT('',(-3.953081852592E0,3.413729104812E-1,-1.973064642150E0));
#73=CARTESIAN_POINT('',(-3.972732501326E0,3.216394214993E-1,-1.992248863095E0));
#74=CARTESIAN_POINT('',(-3.991113695658E0,2.993140996145E-1,-2.014024865160E0));
#75=CARTESIAN_POINT('',(-4.007838499362E0,2.743704496784E-1,-2.038416859363E0));
#76=CARTESIAN_POINT('',(-4.022415054858E0,2.469666767087E-1,-2.065266780565E0));
#77=CARTESIAN_POINT('',(-4.034373860977E0,2.173626614109E-1,-2.094314575761E0));
#78=CARTESIAN_POINT('',(-4.043279413511E0,1.859434959755E-1,-2.125175246467E0));
#79=CARTESIAN_POINT('',(-4.048760400468E0,1.532986590680E-1,-2.157261032834E0));
#80=CARTESIAN_POINT('',(-4.05E0,1.311577313438E-1,-2.179029806909E0));
#81=CARTESIAN_POINT('',(-4.05E0,1.2E-1,-2.19E0));
#83=DIRECTION('',(0.E0,1.E0,1.820765761031E-14));
#84=VECTOR('',#83,9.999999996452E-1);
#85=CARTESIAN_POINT('',(-4.05E0,1.2E-1,-2.19E0));
#86=LINE('',#85,#84);
#87=DIRECTION('',(0.E0,0.E0,-1.E0));
#88=VECTOR('',#87,4.38E0);
#89=CARTESIAN_POINT('',(-4.05E0,1.2E-1,2.19E0));
#90=LINE('',#89,#88);
#91=DIRECTION('',(0.E0,0.E0,1.E0));
#92=VECTOR('',#91,3.8E0);
#93=CARTESIAN_POINT('',(-3.75E0,4.2E-1,-1.9E0));
#94=LINE('',#93,#92);
#95=CARTESIAN_POINT('',(-3.76E0,4.198332870113E-1,1.9E0));
#96=CARTESIAN_POINT('',(-3.767189111714E0,4.195935167114E-1,1.9E0));
#97=CARTESIAN_POINT('',(-3.781621364215E0,4.185928392626E-1,1.900536307283E0));
#98=CARTESIAN_POINT('',(-3.803240308572E0,4.155108722449E-1,1.902963498401E0));
#99=CARTESIAN_POINT('',(-3.824936572792E0,4.107776547599E-1,1.907072050665E0));
#100=CARTESIAN_POINT('',(-3.846629212770E0,4.043201661271E-1,1.912930054361E0));
#101=CARTESIAN_POINT('',(-3.868362319378E0,3.959996914463E-1,1.920668183109E0));
#102=CARTESIAN_POINT('',(-3.889990185673E0,3.857072091834E-1,1.930392654183E0));
#103=CARTESIAN_POINT('',(-3.911453941623E0,3.732690140800E-1,1.942271623044E0));
#104=CARTESIAN_POINT('',(-3.932560443128E0,3.585388902926E-1,1.956448587239E0));
#105=CARTESIAN_POINT('',(-3.953082275782E0,3.413725246892E-1,1.973065016409E0));
#106=CARTESIAN_POINT('',(-3.972732879554E0,3.216390041409E-1,1.992249269565E0));
#107=CARTESIAN_POINT('',(-3.991114094343E0,2.993135727308E-1,2.014025379685E0));
#108=CARTESIAN_POINT('',(-4.007838917869E0,2.743697547275E-1,2.038417539637E0));
#109=CARTESIAN_POINT('',(-4.022415393743E0,2.469659502759E-1,2.065267492887E0));
#110=CARTESIAN_POINT('',(-4.034374152250E0,2.173618250846E-1,2.094315396808E0));
#111=CARTESIAN_POINT('',(-4.043279634202E0,1.859425236635E-1,2.125176201864E0));
#112=CARTESIAN_POINT('',(-4.048760479284E0,1.532978061787E-1,2.157261871351E0));
#113=CARTESIAN_POINT('',(-4.05E0,1.311573970898E-1,2.179030135545E0));
#114=CARTESIAN_POINT('',(-4.05E0,1.2E-1,2.19E0));
#116=DIRECTION('',(1.745002206548E-2,-9.996955138819E-1,-1.744638227127E-2));
#117=VECTOR('',#116,6.557232131445E0);
#118=CARTESIAN_POINT('',(-4.049999998654E0,1.199999497471E-1,2.210019322429E0));
#119=LINE('',#118,#117);
#120=DIRECTION('',(-1.745249561505E-2,9.996954706988E-1,-1.744638246357E-2));
#121=VECTOR('',#120,6.557232110648E0);
#122=CARTESIAN_POINT('',(-3.935559934796E0,-6.435235245763E0,
-2.095619343854E0));
#123=LINE('',#122,#121);
#124=DIRECTION('',(-6.721697361402E-8,2.510219003796E-6,-9.999999999968E-1));
#125=VECTOR('',#124,2.001932242899E-2);
#126=CARTESIAN_POINT('',(-4.049999998654E0,1.199999497471E-1,2.210019322429E0));
#127=LINE('',#126,#125);
#128=DIRECTION('',(1.658504935335E-7,-1.657847136039E-7,1.E0));
#129=VECTOR('',#128,1.999348740153E-2);
#130=CARTESIAN_POINT('',(-3.537867965476E0,1.332132034161E0,2.190003302625E0));
#131=LINE('',#130,#129);
#132=DIRECTION('',(-2.626329124982E-9,1.332520287598E-7,-1.E0));
#133=VECTOR('',#132,2.000552105065E-2);
#134=CARTESIAN_POINT('',(-4.049999999947E0,1.119999999645E0,2.210005521051E0));
#135=LINE('',#134,#133);
#136=CARTESIAN_POINT('',(-3.742928932188E0,1.127071067812E0,2.19E0));
#137=DIRECTION('',(7.071067811877E-1,-7.071067811854E-1,-4.011856937526E-13));
#138=DIRECTION('',(-3.813041836302E-13,1.868237365577E-13,-1.E0));
#139=AXIS2_PLACEMENT_3D('',#136,#137,#138);
#141=CARTESIAN_POINT('',(-3.75E0,1.12E0,2.19E0));
#142=DIRECTION('',(-3.368952626449E-14,-6.010517754005E-13,1.E0));
#143=DIRECTION('',(7.071067823935E-1,7.071067799796E-1,4.485301019483E-13));
#144=AXIS2_PLACEMENT_3D('',#141,#142,#143);
#146=CARTESIAN_POINT('',(-3.76E0,1.120000000542E0,2.19E0));
#147=DIRECTION('',(-5.420781704427E-8,-1.E0,-6.010517772268E-13));
#148=DIRECTION('',(-1.E0,5.420781677944E-8,7.350442094075E-13));
#149=AXIS2_PLACEMENT_3D('',#146,#147,#148);
#151=CARTESIAN_POINT('',(-3.75E0,1.12E0,1.9E0));
#152=DIRECTION('',(-3.368952626449E-14,-6.010517754005E-13,1.E0));
#153=DIRECTION('',(7.071067812354E-1,7.071067811377E-1,4.440892098412E-13));
#154=AXIS2_PLACEMENT_3D('',#151,#152,#153);
#156=CARTESIAN_POINT('',(-3.75E0,1.2E-1,1.9E0));
#157=DIRECTION('',(0.E0,0.E0,-1.E0));
#158=DIRECTION('',(-3.333333333333E-2,9.994442900377E-1,0.E0));
#159=AXIS2_PLACEMENT_3D('',#156,#157,#158);
#161=DIRECTION('',(-7.071067811865E-1,7.071067811865E-1,0.E0));
#162=VECTOR('',#161,9.999494936610E-1);
#163=CARTESIAN_POINT('',(-3.035857864376E0,4.2E-1,1.9E0));
#164=LINE('',#163,#162);
#165=DIRECTION('',(0.E0,1.E0,0.E0));
#166=VECTOR('',#165,7.001667165430E-1);
#167=CARTESIAN_POINT('',(-3.76E0,4.198332870113E-1,1.9E0));
#168=LINE('',#167,#166);
#169=DIRECTION('',(0.E0,-1.E0,5.506706189415E-14));
#170=VECTOR('',#169,1.000000002311E0);
#171=CARTESIAN_POINT('',(-4.05E0,1.120000002311E0,2.19E0));
#172=LINE('',#171,#170);
#173=CARTESIAN_POINT('',(-3.035857864376E0,4.2E-1,1.9E0));
#174=CARTESIAN_POINT('',(-2.992706146344E0,4.2E-1,1.9E0));
#175=CARTESIAN_POINT('',(-2.912369787338E0,4.2E-1,1.909327285713E0));
#176=CARTESIAN_POINT('',(-2.805757806330E0,4.2E-1,1.945034014472E0));
#177=CARTESIAN_POINT('',(-2.713595245479E0,4.2E-1,2.003326989211E0));
#178=CARTESIAN_POINT('',(-2.664074073453E0,4.2E-1,2.060822255746E0));
#179=CARTESIAN_POINT('',(-2.645986090584E0,4.2E-1,2.1E0));
#181=DIRECTION('',(-7.071068010714E-1,7.071067612890E-1,-4.221874605642E-6));
#182=VECTOR('',#181,1.309495415944E0);
#183=CARTESIAN_POINT('',(-2.611914850890E0,4.061789716707E-1,2.190008831151E0));
#184=LINE('',#183,#182);
#185=CARTESIAN_POINT('',(-2.604844591184E0,3.991088320422E-1,2.209991467423E0));
#186=CARTESIAN_POINT('',(-2.605710241638E0,3.999744824970E-1,2.207794736817E0));
#187=CARTESIAN_POINT('',(-2.607387630750E0,4.016516260697E-1,2.203389006330E0));
#188=CARTESIAN_POINT('',(-2.609742947510E0,4.040070148758E-1,2.196727647955E0));
#189=CARTESIAN_POINT('',(-2.611208167278E0,4.054722880582E-1,2.192255577424E0));
#190=CARTESIAN_POINT('',(-2.611914850890E0,4.061789716707E-1,2.190008831151E0));
#192=CARTESIAN_POINT('',(-2.611914850890E0,4.061789716707E-1,2.190008831151E0));
#193=CARTESIAN_POINT('',(-2.615013482782E0,4.092779209207E-1,2.180156398527E0));
#194=CARTESIAN_POINT('',(-2.621585338773E0,4.144269809373E-1,2.160222766452E0));
#195=CARTESIAN_POINT('',(-2.632813639436E0,4.190058968449E-1,2.130039369607E0));
#196=CARTESIAN_POINT('',(-2.641389080359E0,4.200000000001E-1,2.109956914057E0));
#197=CARTESIAN_POINT('',(-2.645986090584E0,4.200000000001E-1,2.1E0));
#199=DIRECTION('',(1.E0,0.E0,0.E0));
#200=VECTOR('',#199,5.291972181168E0);
#201=CARTESIAN_POINT('',(-2.645986090584E0,4.200000000001E-1,2.1E0));
#202=LINE('',#201,#200);
#203=CARTESIAN_POINT('',(2.645986090584E0,4.2E-1,2.1E0));
#204=CARTESIAN_POINT('',(2.641389105303E0,4.2E-1,2.109956860032E0));
#205=CARTESIAN_POINT('',(2.632813691548E0,4.190059078155E-1,2.130039240941E0));
#206=CARTESIAN_POINT('',(2.621585382704E0,4.144270090129E-1,2.160222637523E0));
#207=CARTESIAN_POINT('',(2.615013500245E0,4.092779383857E-1,2.180156344162E0));
#208=CARTESIAN_POINT('',(2.611914851256E0,4.061789720360E-1,2.190008831150E0));
#210=CARTESIAN_POINT('',(2.604843668327E0,3.991078654033E-1,2.209993779924E0));
#211=CARTESIAN_POINT('',(2.598089951466E0,3.923546850288E-1,2.227129838681E0));
#212=CARTESIAN_POINT('',(2.585697972485E0,3.756230629350E-1,2.260211798413E0));
#213=CARTESIAN_POINT('',(2.568654862444E0,3.424624666579E-1,2.303715841181E0));
#214=CARTESIAN_POINT('',(2.550525417177E0,3.022744975297E-1,2.340279422914E0));
#215=CARTESIAN_POINT('',(2.529114649679E0,2.578024099311E-1,2.368096522902E0));
#216=CARTESIAN_POINT('',(2.502790238240E0,2.125546690078E-1,2.386603034079E0));
#217=CARTESIAN_POINT('',(2.471303329575E0,1.687308247835E-1,2.397223594925E0));
#218=CARTESIAN_POINT('',(2.442302136509E0,1.362829398290E-1,2.4E0));
#219=CARTESIAN_POINT('',(2.426019196680E0,1.200000000001E-1,2.4E0));
#221=DIRECTION('',(-1.E0,-1.392058095688E-14,-1.702389518293E-14));
#222=VECTOR('',#221,4.852038393360E0);
#223=CARTESIAN_POINT('',(2.426019196680E0,1.200000000001E-1,2.4E0));
#224=LINE('',#223,#222);
#225=CARTESIAN_POINT('',(-2.426019196680E0,1.2E-1,2.4E0));
#226=CARTESIAN_POINT('',(-2.434533707501E0,1.285145108210E-1,2.4E0));
#227=CARTESIAN_POINT('',(-2.450413618098E0,1.452948459279E-1,2.399269076263E0));
#228=CARTESIAN_POINT('',(-2.470678174352E0,1.692006534252E-1,2.396255094727E0));
#229=CARTESIAN_POINT('',(-2.488195899327E0,1.922891502280E-1,2.391474190120E0));
#230=CARTESIAN_POINT('',(-2.503475238014E0,2.147833567269E-1,2.384956959678E0));
#231=CARTESIAN_POINT('',(-2.517041741689E0,2.370213286368E-1,2.376583074444E0));
#232=CARTESIAN_POINT('',(-2.529190172118E0,2.590437350468E-1,2.366214580808E0));
#233=CARTESIAN_POINT('',(-2.540200588081E0,2.808198737300E-1,2.353681504787E0));
#234=CARTESIAN_POINT('',(-2.550300769117E0,3.021347905253E-1,2.338868837674E0));
#235=CARTESIAN_POINT('',(-2.559721087317E0,3.226533338341E-1,2.321755086076E0));
#236=CARTESIAN_POINT('',(-2.568691919775E0,3.419414301631E-1,2.302466674892E0));
#237=CARTESIAN_POINT('',(-2.577433811514E0,3.595319490741E-1,2.281321052302E0));
#238=CARTESIAN_POINT('',(-2.586210887178E0,3.751340491568E-1,2.258615333002E0));
#239=CARTESIAN_POINT('',(-2.595255424983E0,3.885133784703E-1,2.234711447315E0));
#240=CARTESIAN_POINT('',(-2.601575309189E0,3.958398097647E-1,2.218287149877E0));
#241=CARTESIAN_POINT('',(-2.604844591184E0,3.991088320422E-1,2.209991467423E0));
#243=DIRECTION('',(7.071068464224E-1,-7.071067159392E-1,-4.033821353147E-6));
#244=VECTOR('',#243,1.319494183513E0);
#245=CARTESIAN_POINT('',(-3.537867962160E0,1.332132030847E0,2.209996790027E0));
#246=LINE('',#245,#244);
#247=CARTESIAN_POINT('',(-2.426019196680E0,1.2E-1,2.4E0));
#248=CARTESIAN_POINT('',(-2.470640008657E0,1.2E-1,2.436382244564E0));
#249=CARTESIAN_POINT('',(-2.569062422464E0,1.2E-1,2.483358807345E0));
#250=CARTESIAN_POINT('',(-2.678284566911E0,1.2E-1,2.5E0));
#251=CARTESIAN_POINT('',(-2.735857864376E0,1.2E-1,2.5E0));
#253=DIRECTION('',(7.071067811865E-1,-7.071067811866E-1,0.E0));
#254=VECTOR('',#253,1.424213556121E0);
#255=CARTESIAN_POINT('',(-3.742928927767E0,1.127071063391E0,2.5E0));
#256=LINE('',#255,#254);
#257=CARTESIAN_POINT('',(-3.760007361401E0,1.119981612024E0,2.499999999930E0));
#258=CARTESIAN_POINT('',(-3.760007361401E0,1.121394547395E0,2.499999999930E0));
#259=CARTESIAN_POINT('',(-3.759465096060E0,1.123920525394E0,2.500000000033E0));
#260=CARTESIAN_POINT('',(-3.757238768383E0,1.127278608525E0,2.499999999991E0));
#261=CARTESIAN_POINT('',(-3.753923916648E0,1.129471867127E0,2.500000000002E0));
#262=CARTESIAN_POINT('',(-3.750029153859E0,1.130263986887E0,2.499999999999E0));
#263=CARTESIAN_POINT('',(-3.746080622529E0,1.129470827330E0,2.5E0));
#264=CARTESIAN_POINT('',(-3.743908642718E0,1.128050778342E0,2.5E0));
#265=CARTESIAN_POINT('',(-3.742928927767E0,1.127071063391E0,2.5E0));
#267=DIRECTION('',(1.E0,1.622710147894E-14,0.E0));
#268=VECTOR('',#267,5.471715728752E0);
#269=CARTESIAN_POINT('',(-2.735857864376E0,1.199999999999E-1,2.5E0));
#270=LINE('',#269,#268);
#271=DIRECTION('',(1.E0,-4.906582982868E-8,-1.313775628651E-9));
#272=VECTOR('',#271,1.024161458053E0);
#273=CARTESIAN_POINT('',(2.735857864376E0,1.2E-1,2.5E0));
#274=LINE('',#273,#272);
#275=DIRECTION('',(-1.744638227124E-2,-9.996955138819E-1,-1.745002206525E-2));
#276=VECTOR('',#275,6.557232131446E0);
#277=CARTESIAN_POINT('',(3.760019322429E0,1.199999497487E-1,2.499999998654E0));
#278=LINE('',#277,#276);
#279=DIRECTION('',(-1.744638246359E-2,9.996954706989E-1,1.745249561158E-2));
#280=VECTOR('',#279,6.557232110648E0);
#281=CARTESIAN_POINT('',(-3.645619343854E0,-6.435235245763E0,2.385559934819E0));
#282=LINE('',#281,#280);
#283=DIRECTION('',(1.E0,4.323034773862E-9,5.328828776895E-10));
#284=VECTOR('',#283,1.024161458783E0);
#285=CARTESIAN_POINT('',(-3.760019323159E0,1.199999955724E-1,2.499999999454E0));
#286=LINE('',#285,#284);
#287=CARTESIAN_POINT('',(2.735857864376E0,1.2E-1,2.5E0));
#288=CARTESIAN_POINT('',(2.678284566911E0,1.2E-1,2.5E0));
#289=CARTESIAN_POINT('',(2.569062422464E0,1.2E-1,2.483358807345E0));
#290=CARTESIAN_POINT('',(2.470640008656E0,1.2E-1,2.436382244564E0));
#291=CARTESIAN_POINT('',(2.426019196680E0,1.2E-1,2.4E0));
#293=DIRECTION('',(7.071068298355E-1,7.071067325339E-1,2.281252729559E-6));
#294=VECTOR('',#293,1.319495524170E0);
#295=CARTESIAN_POINT('',(2.604843668327E0,3.991078654033E-1,2.209993779924E0));
#296=LINE('',#295,#294);
#297=DIRECTION('',(7.071067811866E-1,7.071067811865E-1,0.E0));
#298=VECTOR('',#297,1.424213562373E0);
#299=CARTESIAN_POINT('',(2.735857864376E0,1.2E-1,2.5E0));
#300=LINE('',#299,#298);
#301=CARTESIAN_POINT('',(3.742928932188E0,1.127071067812E0,2.5E0));
#302=CARTESIAN_POINT('',(3.743908456046E0,1.128050591670E0,2.5E0));
#303=CARTESIAN_POINT('',(3.746080011E0,1.129470504854E0,2.5E0));
#304=CARTESIAN_POINT('',(3.750028067578E0,1.130263954658E0,2.499999999999E0));
#305=CARTESIAN_POINT('',(3.753922793517E0,1.129472332389E0,2.500000000002E0));
#306=CARTESIAN_POINT('',(3.757238023047E0,1.127279399251E0,2.499999999991E0));
#307=CARTESIAN_POINT('',(3.759464891671E0,1.123921186478E0,2.500000000033E0));
#308=CARTESIAN_POINT('',(3.760007361401E0,1.121394810012E0,2.499999999930E0));
#309=CARTESIAN_POINT('',(3.760007361401E0,1.119981608797E0,2.499999999930E0));
#311=CARTESIAN_POINT('',(3.742928932188E0,1.127071067812E0,2.21E0));
#312=DIRECTION('',(-7.071067811850E-1,-7.071067811881E-1,1.557640001252E-12));
#313=DIRECTION('',(6.952293147309E-13,1.506840629284E-12,1.E0));
#314=AXIS2_PLACEMENT_3D('',#311,#312,#313);
#316=CARTESIAN_POINT('',(3.75E0,1.12E0,2.21E0));
#317=DIRECTION('',(-1.451712313579E-12,-7.511233014878E-13,-1.E0));
#318=DIRECTION('',(-7.071067828607E-1,7.071067795124E-1,4.958996176659E-13));
#319=AXIS2_PLACEMENT_3D('',#316,#317,#318);
#321=CARTESIAN_POINT('',(3.76E0,1.119999999047E0,2.21E0));
#322=DIRECTION('',(-9.533914507864E-8,-1.E0,7.511234398928E-13));
#323=DIRECTION('',(9.999999992751E-1,-9.533914500783E-8,3.807620968866E-5));
#324=AXIS2_PLACEMENT_3D('',#321,#322,#323);
#326=DIRECTION('',(-2.627661024995E-9,-2.343687190500E-7,1.E0));
#327=VECTOR('',#326,2.000552105022E-2);
#328=CARTESIAN_POINT('',(4.05E0,1.119999999872E0,2.19E0));
#329=LINE('',#328,#327);
#330=DIRECTION('',(9.431371499436E-8,9.424050525330E-8,-1.E0));
#331=VECTOR('',#330,1.999348740153E-2);
#332=CARTESIAN_POINT('',(3.537867965405E0,1.332132034092E0,2.209996790027E0));
#333=LINE('',#332,#331);
#334=CARTESIAN_POINT('',(3.76E0,1.12E0,2.19E0));
#335=DIRECTION('',(-2.141731236801E-12,-1.E0,-1.636239036986E-12));
#336=DIRECTION('',(-4.884981308353E-13,1.636239036983E-12,-1.E0));
#337=AXIS2_PLACEMENT_3D('',#334,#335,#336);
#339=CARTESIAN_POINT('',(3.75E0,1.12E0,2.19E0));
#340=DIRECTION('',(-1.823828444591E-12,-1.636239036982E-12,1.E0));
#341=DIRECTION('',(1.E0,-3.552713678800E-14,1.823726355117E-12));
#342=AXIS2_PLACEMENT_3D('',#339,#340,#341);
#344=CARTESIAN_POINT('',(3.742928932571E0,1.127071068195E0,2.19E0));
#345=DIRECTION('',(-7.071068195121E-1,-7.071067428610E-1,-2.446637186773E-12));
#346=DIRECTION('',(-7.071067426776E-1,7.071068193287E-1,2.277672042697E-5));
#347=AXIS2_PLACEMENT_3D('',#344,#345,#346);
#349=DIRECTION('',(-7.071067811867E-1,-7.071067811864E-1,0.E0));
#350=VECTOR('',#349,9.999494972153E-1);
#351=CARTESIAN_POINT('',(3.742928934701E0,1.127071070325E0,1.9E0));
#352=LINE('',#351,#350);
#353=CARTESIAN_POINT('',(3.75E0,1.2E-1,1.9E0));
#354=DIRECTION('',(0.E0,0.E0,-1.E0));
#355=DIRECTION('',(0.E0,1.E0,0.E0));
#356=AXIS2_PLACEMENT_3D('',#353,#354,#355);
#358=CARTESIAN_POINT('',(3.750000000001E0,1.12E0,1.9E0));
#359=DIRECTION('',(-1.823828444591E-12,-1.636239036982E-12,1.E0));
#360=DIRECTION('',(1.E0,-4.853895063912E-11,1.820765760479E-12));
#361=AXIS2_PLACEMENT_3D('',#358,#359,#360);
#363=DIRECTION('',(-7.071068010714E-1,-7.071067612890E-1,4.221874599371E-6));
#364=VECTOR('',#363,1.309495417994E0);
#365=CARTESIAN_POINT('',(3.537867967291E0,1.332132035976E0,2.190003302625E0));
#366=LINE('',#365,#364);
#367=CARTESIAN_POINT('',(2.604843668327E0,3.991078654033E-1,2.209993779924E0));
#368=CARTESIAN_POINT('',(2.605699729620E0,3.999639266963E-1,2.207821541689E0));
#369=CARTESIAN_POINT('',(2.607366951672E0,4.016309674228E-1,2.203446060150E0));
#370=CARTESIAN_POINT('',(2.609722244954E0,4.039863064830E-1,2.196786469819E0));
#371=CARTESIAN_POINT('',(2.611200124638E0,4.054642454182E-1,2.192281148403E0));
#372=CARTESIAN_POINT('',(2.611914851256E0,4.061789720360E-1,2.190008831150E0));
#374=CARTESIAN_POINT('',(3.76E0,4.198332870113E-1,-1.9E0));
#375=CARTESIAN_POINT('',(3.767189111714E0,4.195935167114E-1,-1.9E0));
#376=CARTESIAN_POINT('',(3.781621364215E0,4.185928392626E-1,-1.900536307283E0));
#377=CARTESIAN_POINT('',(3.803240308572E0,4.155108722449E-1,-1.902963498401E0));
#378=CARTESIAN_POINT('',(3.824936572792E0,4.107776547599E-1,-1.907072050665E0));
#379=CARTESIAN_POINT('',(3.846629212770E0,4.043201661271E-1,-1.912930054361E0));
#380=CARTESIAN_POINT('',(3.868362319378E0,3.959996914463E-1,-1.920668183109E0));
#381=CARTESIAN_POINT('',(3.889990185673E0,3.857072091834E-1,-1.930392654183E0));
#382=CARTESIAN_POINT('',(3.911453941623E0,3.732690140800E-1,-1.942271623044E0));
#383=CARTESIAN_POINT('',(3.932560443128E0,3.585388902926E-1,-1.956448587239E0));
#384=CARTESIAN_POINT('',(3.953082275782E0,3.413725246892E-1,-1.973065016409E0));
#385=CARTESIAN_POINT('',(3.972732879554E0,3.216390041409E-1,-1.992249269565E0));
#386=CARTESIAN_POINT('',(3.991114094343E0,2.993135727308E-1,-2.014025379685E0));
#387=CARTESIAN_POINT('',(4.007838917869E0,2.743697547275E-1,-2.038417539637E0));
#388=CARTESIAN_POINT('',(4.022415393743E0,2.469659502758E-1,-2.065267492887E0));
#389=CARTESIAN_POINT('',(4.034374152250E0,2.173618250846E-1,-2.094315396808E0));
#390=CARTESIAN_POINT('',(4.043279634202E0,1.859425236635E-1,-2.125176201864E0));
#391=CARTESIAN_POINT('',(4.048760479284E0,1.532978061787E-1,-2.157261871351E0));
#392=CARTESIAN_POINT('',(4.05E0,1.311573970898E-1,-2.179030135545E0));
#393=CARTESIAN_POINT('',(4.05E0,1.2E-1,-2.19E0));
#395=DIRECTION('',(0.E0,0.E0,1.E0));
#396=VECTOR('',#395,4.38E0);
#397=CARTESIAN_POINT('',(4.05E0,1.2E-1,-2.19E0));
#398=LINE('',#397,#396);
#399=DIRECTION('',(0.E0,0.E0,-1.E0));
#400=VECTOR('',#399,3.8E0);
#401=CARTESIAN_POINT('',(3.75E0,4.2E-1,1.9E0));
#402=LINE('',#401,#400);
#403=DIRECTION('',(7.071067811867E-1,7.071067811864E-1,0.E0));
#404=VECTOR('',#403,9.999494936610E-1);
#405=CARTESIAN_POINT('',(3.035857864376E0,4.199999999998E-1,-1.9E0));
#406=LINE('',#405,#404);
#407=CARTESIAN_POINT('',(3.75E0,1.12E0,-1.9E0));
#408=DIRECTION('',(-1.477745129329E-12,-8.169710119138E-13,-1.E0));
#409=DIRECTION('',(-7.071067812819E-1,7.071067810912E-1,4.662936703543E-13));
#410=AXIS2_PLACEMENT_3D('',#407,#408,#409);
#412=CARTESIAN_POINT('',(3.75E0,1.2E-1,-1.9E0));
#413=DIRECTION('',(0.E0,0.E0,1.E0));
#414=DIRECTION('',(3.333333333333E-2,9.994442900377E-1,0.E0));
#415=AXIS2_PLACEMENT_3D('',#412,#413,#414);
#417=DIRECTION('',(-1.E0,-2.332714407048E-13,0.E0));
#418=VECTOR('',#417,7.141421356238E-1);
#419=CARTESIAN_POINT('',(3.75E0,4.2E-1,-1.9E0));
#420=LINE('',#419,#418);
#421=CARTESIAN_POINT('',(3.035857864376E0,4.2E-1,-1.9E0));
#422=CARTESIAN_POINT('',(2.992706146344E0,4.2E-1,-1.9E0));
#423=CARTESIAN_POINT('',(2.912369787339E0,4.2E-1,-1.909327285713E0));
#424=CARTESIAN_POINT('',(2.805757806330E0,4.2E-1,-1.945034014472E0));
#425=CARTESIAN_POINT('',(2.713595245480E0,4.2E-1,-2.003326989211E0));
#426=CARTESIAN_POINT('',(2.664074073454E0,4.2E-1,-2.060822255747E0));
#427=CARTESIAN_POINT('',(2.645986090585E0,4.2E-1,-2.1E0));
#429=DIRECTION('',(7.071068032415E-1,7.071067591177E-1,4.432813044972E-6));
#430=VECTOR('',#429,1.309495626795E0);
#431=CARTESIAN_POINT('',(2.611914698886E0,4.061788253489E-1,-2.190009272865E0));
#432=LINE('',#431,#430);
#433=CARTESIAN_POINT('',(-2.604843648349E0,3.991078440959E-1,
-2.209993841868E0));
#434=CARTESIAN_POINT('',(-2.598089943428E0,3.923546710626E-1,
-2.227129868355E0));
#435=CARTESIAN_POINT('',(-2.58569797E0,3.756230588568E-1,-2.260211799458E0));
#436=CARTESIAN_POINT('',(-2.568654872044E0,3.424624852826E-1,
-2.303715819527E0));
#437=CARTESIAN_POINT('',(-2.550525428760E0,3.022745241508E-1,
-2.340279402472E0));
#438=CARTESIAN_POINT('',(-2.529114666477E0,2.578024416310E-1,
-2.368096507113E0));
#439=CARTESIAN_POINT('',(-2.502790250416E0,2.125546869495E-1,
-2.386603029169E0));
#440=CARTESIAN_POINT('',(-2.471303336880E0,1.687308332438E-1,
-2.397223593952E0));
#441=CARTESIAN_POINT('',(-2.442302139065E0,1.362829423845E-1,-2.4E0));
#442=CARTESIAN_POINT('',(-2.426019196680E0,1.2E-1,-2.4E0));
#444=DIRECTION('',(1.E0,1.666923069995E-14,-2.041036895588E-14));
#445=VECTOR('',#444,4.852038393360E0);
#446=CARTESIAN_POINT('',(-2.426019196680E0,1.2E-1,-2.4E0));
#447=LINE('',#446,#445);
#448=CARTESIAN_POINT('',(2.426019196680E0,1.2E-1,-2.4E0));
#449=CARTESIAN_POINT('',(2.434533704903E0,1.285145082227E-1,-2.4E0));
#450=CARTESIAN_POINT('',(2.450413610947E0,1.452948382211E-1,-2.399269076712E0));
#451=CARTESIAN_POINT('',(2.470678162397E0,1.692006387792E-1,-2.396255096972E0));
#452=CARTESIAN_POINT('',(2.488195883892E0,1.922891289623E-1,-2.391474195205E0));
#453=CARTESIAN_POINT('',(2.503475220072E0,2.147833290657E-1,-2.384956968668E0));
#454=CARTESIAN_POINT('',(2.517041721713E0,2.370212943555E-1,-2.376583088713E0));
#455=CARTESIAN_POINT('',(2.529190150697E0,2.590436945527E-1,-2.366214601674E0));
#456=CARTESIAN_POINT('',(2.540200565213E0,2.808198269321E-1,-2.353681534136E0));
#457=CARTESIAN_POINT('',(2.550300745131E0,3.021347388133E-1,-2.338868876714E0));
#458=CARTESIAN_POINT('',(2.559721061710E0,3.226532779853E-1,-2.321755136762E0));
#459=CARTESIAN_POINT('',(2.568691892757E0,3.419413731733E-1,-2.302466736791E0));
#460=CARTESIAN_POINT('',(2.577433781307E0,3.595318916717E-1,-2.281321128149E0));
#461=CARTESIAN_POINT('',(2.586210856402E0,3.751339973330E-1,-2.258615414809E0));
#462=CARTESIAN_POINT('',(2.595255380441E0,3.885133214082E-1,-2.234711561695E0));
#463=CARTESIAN_POINT('',(2.601575284544E0,3.958397813534E-1,-2.218287219115E0));
#464=CARTESIAN_POINT('',(2.604844566531E0,3.991088058489E-1,-2.209991540564E0));
#466=CARTESIAN_POINT('',(2.604844566531E0,3.991088058489E-1,-2.209991540564E0));
#467=CARTESIAN_POINT('',(2.605710183130E0,3.999744224486E-1,-2.207794898394E0));
#468=CARTESIAN_POINT('',(2.607387521913E0,4.016515187083E-1,-2.203389295535E0));
#469=CARTESIAN_POINT('',(2.609742777091E0,4.040068416005E-1,-2.196728150367E0));
#470=CARTESIAN_POINT('',(2.611207976891E0,4.054721033530E-1,-2.192256122978E0));
#471=CARTESIAN_POINT('',(2.611914698886E0,4.061788253489E-1,-2.190009272865E0));
#473=CARTESIAN_POINT('',(2.611914698886E0,4.061788253489E-1,-2.190009272865E0));
#474=CARTESIAN_POINT('',(2.615013451464E0,4.092779111988E-1,-2.180156485724E0));
#475=CARTESIAN_POINT('',(2.621585386830E0,4.144270048748E-1,-2.160222642949E0));
#476=CARTESIAN_POINT('',(2.632813658165E0,4.190058999652E-1,-2.130039317860E0));
#477=CARTESIAN_POINT('',(2.641389093177E0,4.199999999999E-1,-2.109956886297E0));
#478=CARTESIAN_POINT('',(2.645986090584E0,4.199999999999E-1,-2.1E0));
#480=DIRECTION('',(-1.E0,1.704574734383E-14,0.E0));
#481=VECTOR('',#480,5.291972181168E0);
#482=CARTESIAN_POINT('',(2.645986090584E0,4.199999999999E-1,-2.1E0));
#483=LINE('',#482,#481);
#484=CARTESIAN_POINT('',(-2.645986090584E0,4.2E-1,-2.1E0));
#485=CARTESIAN_POINT('',(-2.641389118466E0,4.2E-1,-2.109956831520E0));
#486=CARTESIAN_POINT('',(-2.632813711003E0,4.190059110897E-1,
-2.130039187407E0));
#487=CARTESIAN_POINT('',(-2.621585431366E0,4.144270333344E-1,
-2.160222512228E0));
#488=CARTESIAN_POINT('',(-2.615013469182E0,4.092779289194E-1,
-2.180156430604E0));
#489=CARTESIAN_POINT('',(-2.611914699269E0,4.061788257320E-1,
-2.190009272865E0));
#491=CARTESIAN_POINT('',(-2.604843648349E0,3.991078440959E-1,
-2.209993841868E0));
#492=CARTESIAN_POINT('',(-2.605699676092E0,3.999638718382E-1,
-2.207821690497E0));
#493=CARTESIAN_POINT('',(-2.607366842414E0,4.016308595433E-1,
-2.203446351725E0));
#494=CARTESIAN_POINT('',(-2.609722074944E0,4.039861336438E-1,
-2.196786966511E0));
#495=CARTESIAN_POINT('',(-2.611199934668E0,4.054640611305E-1,
-2.192281692480E0));
#496=CARTESIAN_POINT('',(-2.611914699269E0,4.061788257320E-1,
-2.190009272865E0));
#498=DIRECTION('',(7.071068032416E-1,-7.071067591176E-1,-4.432813067090E-6));
#499=VECTOR('',#498,1.309495621663E0);
#500=CARTESIAN_POINT('',(-3.537867962163E0,1.332132030845E0,-2.190003468116E0));
#501=LINE('',#500,#499);
#502=DIRECTION('',(2.627083868306E-9,1.332514738023E-7,-1.E0));
#503=VECTOR('',#502,2.000552105053E-2);
#504=CARTESIAN_POINT('',(-4.05E0,1.119999999645E0,-2.19E0));
#505=LINE('',#504,#503);
#506=DIRECTION('',(1.657073943989E-7,-1.659314897190E-7,1.E0));
#507=VECTOR('',#506,1.999334941986E-2);
#508=CARTESIAN_POINT('',(-3.537867965476E0,1.332132034163E0,-2.209996817536E0));
#509=LINE('',#508,#507);
#510=DIRECTION('',(2.726449444988E-8,-2.211868395362E-7,-1.E0));
#511=VECTOR('',#510,2.001932315869E-2);
#512=CARTESIAN_POINT('',(-4.05E0,1.2E-1,-2.19E0));
#513=LINE('',#512,#511);
#514=DIRECTION('',(1.196124760550E-5,9.999999999285E-1,-1.275550621610E-9));
#515=VECTOR('',#514,9.999816689177E-1);
#516=CARTESIAN_POINT('',(-3.760019322429E0,1.199999497568E-1,
-2.499999998654E0));
#517=LINE('',#516,#515);
#518=DIRECTION('',(4.932543229015E-10,-9.999999999048E-1,-1.380210808248E-5));
#519=VECTOR('',#518,1.000000006834E0);
#520=CARTESIAN_POINT('',(-4.049999999947E0,1.120000002311E0,-2.210005521050E0));
#521=LINE('',#520,#519);
#522=CARTESIAN_POINT('',(-4.049999999454E0,1.199999955720E-1,
-2.210019323159E0));
#523=CARTESIAN_POINT('',(-4.049999356521E0,1.198660778023E-1,
-2.226904748582E0));
#524=CARTESIAN_POINT('',(-4.047033218225E0,1.196195919012E-1,
-2.260652534355E0));
#525=CARTESIAN_POINT('',(-4.033936943203E0,1.192426046608E-1,
-2.309581962204E0));
#526=CARTESIAN_POINT('',(-4.012419003515E0,1.190707023895E-1,
-2.355764081136E0));
#527=CARTESIAN_POINT('',(-3.983271742366E0,1.189434021492E-1,
-2.397360852344E0));
#528=CARTESIAN_POINT('',(-3.947448890381E0,1.189433163803E-1,
-2.433198219524E0));
#529=CARTESIAN_POINT('',(-3.905854605223E0,1.190702758505E-1,
-2.462367849612E0));
#530=CARTESIAN_POINT('',(-3.859658532737E0,1.192423170159E-1,
-2.483910866077E0));
#531=CARTESIAN_POINT('',(-3.810699274093E0,1.196190682159E-1,
-2.497027288816E0));
#532=CARTESIAN_POINT('',(-3.776921582471E0,1.198658101010E-1,
-2.499999355080E0));
#533=CARTESIAN_POINT('',(-3.760019322429E0,1.199999497568E-1,
-2.499999998654E0));
#535=DIRECTION('',(-7.071067811866E-1,7.071067811865E-1,0.E0));
#536=VECTOR('',#535,1.424213562373E0);
#537=CARTESIAN_POINT('',(-2.735857864376E0,1.199999999999E-1,-2.5E0));
#538=LINE('',#537,#536);
#539=CARTESIAN_POINT('',(-3.742928932188E0,1.127071067812E0,-2.5E0));
#540=CARTESIAN_POINT('',(-3.743908456046E0,1.128050591670E0,-2.5E0));
#541=CARTESIAN_POINT('',(-3.746080010999E0,1.129470504828E0,-2.5E0));
#542=CARTESIAN_POINT('',(-3.750028067578E0,1.130263954746E0,-2.499999999999E0));
#543=CARTESIAN_POINT('',(-3.753922793517E0,1.129472332062E0,-2.500000000002E0));
#544=CARTESIAN_POINT('',(-3.757238023047E0,1.127279400471E0,-2.499999999991E0));
#545=CARTESIAN_POINT('',(-3.759464891671E0,1.123921181927E0,-2.500000000033E0));
#546=CARTESIAN_POINT('',(-3.760007361401E0,1.121394819818E0,-2.499999999930E0));
#547=CARTESIAN_POINT('',(-3.760007361401E0,1.119981618603E0,-2.499999999930E0));
#549=DIRECTION('',(1.E0,4.905781395961E-8,-1.313855413351E-9));
#550=VECTOR('',#549,1.024161458053E0);
#551=CARTESIAN_POINT('',(-3.760019322429E0,1.199999497568E-1,
-2.499999998654E0));
#552=LINE('',#551,#550);
#553=CARTESIAN_POINT('',(-2.735857864376E0,1.2E-1,-2.5E0));
#554=CARTESIAN_POINT('',(-2.678284566911E0,1.2E-1,-2.5E0));
#555=CARTESIAN_POINT('',(-2.569062422464E0,1.2E-1,-2.483358807345E0));
#556=CARTESIAN_POINT('',(-2.470640008657E0,1.2E-1,-2.436382244564E0));
#557=CARTESIAN_POINT('',(-2.426019196680E0,1.2E-1,-2.4E0));
#559=DIRECTION('',(-7.071068293318E-1,7.071067330377E-1,-2.255155537609E-6));
#560=VECTOR('',#559,1.319495553463E0);
#561=CARTESIAN_POINT('',(-2.604843648349E0,3.991078440959E-1,
-2.209993841868E0));
#562=LINE('',#561,#560);
#563=DIRECTION('',(-1.E0,-1.941773818737E-14,0.E0));
#564=VECTOR('',#563,5.471715728752E0);
#565=CARTESIAN_POINT('',(2.735857864376E0,1.2E-1,-2.5E0));
#566=LINE('',#565,#564);
#567=DIRECTION('',(1.744638227123E-2,-9.996955138819E-1,1.745002206574E-2));
#568=VECTOR('',#567,6.557232131455E0);
#569=CARTESIAN_POINT('',(-3.760019322429E0,1.199999497568E-1,
-2.499999998654E0));
#570=LINE('',#569,#568);
#571=DIRECTION('',(1.744638246359E-2,9.996954706988E-1,-1.745249561371E-2));
#572=VECTOR('',#571,6.557232110648E0);
#573=CARTESIAN_POINT('',(3.645619343854E0,-6.435235245763E0,-2.385559934805E0));
#574=LINE('',#573,#572);
#575=CARTESIAN_POINT('',(-3.645622104296E0,-6.430174464643E0,
-2.095622104296E0));
#576=DIRECTION('',(1.744974916068E-2,-9.996954598819E-1,1.744974916068E-2));
#577=DIRECTION('',(-9.998477060261E-1,-1.745174218801E-2,3.806568495968E-5));
#578=AXIS2_PLACEMENT_3D('',#575,#576,#577);
#580=CARTESIAN_POINT('',(-3.935559934796E0,-6.435235245763E0,
-2.095619343854E0));
#581=CARTESIAN_POINT('',(-3.935396335923E0,-6.444607879478E0,
-2.095518997737E0));
#582=CARTESIAN_POINT('',(-3.934033101253E0,-6.466120119908E0,
-2.095309849552E0));
#583=CARTESIAN_POINT('',(-3.927832012632E0,-6.503320913082E0,
-2.095589956849E0));
#584=CARTESIAN_POINT('',(-3.910638924429E0,-6.552852739132E0,
-2.094556615286E0));
#585=CARTESIAN_POINT('',(-3.892296760131E0,-6.587063066948E0,
-2.094262286506E0));
#586=CARTESIAN_POINT('',(-3.864442278452E0,-6.626253783074E0,
-2.093181800172E0));
#587=CARTESIAN_POINT('',(-3.827717827080E0,-6.662395971290E0,
-2.091978738477E0));
#588=CARTESIAN_POINT('',(-3.784475951721E0,-6.692173313159E0,
-2.090731137329E0));
#589=CARTESIAN_POINT('',(-3.738078603250E0,-6.713511014154E0,
-2.088859113621E0));
#590=CARTESIAN_POINT('',(-3.687797119856E0,-6.726965283732E0,
-2.087661036846E0));
#591=CARTESIAN_POINT('',(-3.653067412121E0,-6.73E0,-2.086336253840E0));
#592=CARTESIAN_POINT('',(-3.635623626307E0,-6.73E0,-2.085623626307E0));
#594=DIRECTION('',(1.E0,5.377044330946E-14,0.E0));
#595=VECTOR('',#594,1.767422491962E0);
#596=CARTESIAN_POINT('',(-3.635623626307E0,-6.73E0,-2.085623626307E0));
#597=LINE('',#596,#595);
#598=CARTESIAN_POINT('',(-1.868201134345E0,-6.73E0,-2.085623626307E0));
#599=CARTESIAN_POINT('',(-1.827166605021E0,-6.729999661177E0,
-2.104006381450E0));
#600=CARTESIAN_POINT('',(-1.740788315586E0,-6.726616835711E0,
-2.140492012382E0));
#601=CARTESIAN_POINT('',(-1.599297670774E0,-6.711864654903E0,
-2.193146697609E0));
#602=CARTESIAN_POINT('',(-1.495962791146E0,-6.695455499774E0,
-2.226664822075E0));
#603=CARTESIAN_POINT('',(-1.442219809180E0,-6.685522706632E0,
-2.242811877762E0));
#605=DIRECTION('',(1.E0,0.E0,0.E0));
#606=VECTOR('',#605,2.884441307460E0);
#607=CARTESIAN_POINT('',(-1.442219809180E0,-6.685522706632E0,
-2.242811877762E0));
#608=LINE('',#607,#606);
#609=CARTESIAN_POINT('',(1.442221498279E0,-6.685522706632E0,-2.242811877762E0));
#610=CARTESIAN_POINT('',(1.496103566263E0,-6.695481561617E0,-2.226623383366E0));
#611=CARTESIAN_POINT('',(1.599621887310E0,-6.711911364398E0,-2.193035372085E0));
#612=CARTESIAN_POINT('',(1.741132032472E0,-6.726640014739E0,-2.140352971271E0));
#613=CARTESIAN_POINT('',(1.827309831525E0,-6.730000097121E0,-2.103941040596E0));
#614=CARTESIAN_POINT('',(1.868198136741E0,-6.73E0,-2.085623626307E0));
#616=DIRECTION('',(1.E0,-5.377035211326E-14,0.E0));
#617=VECTOR('',#616,1.767425489566E0);
#618=CARTESIAN_POINT('',(1.868198136741E0,-6.73E0,-2.085623626307E0));
#619=LINE('',#618,#617);
#620=DIRECTION('',(-9.999999999975E-1,-4.797226088817E-8,-2.224377248121E-6));
#621=VECTOR('',#620,7.291238687894E0);
#622=CARTESIAN_POINT('',(3.645619343854E0,-6.435235245763E0,-2.385559934805E0));
#623=LINE('',#622,#621);
#624=CARTESIAN_POINT('',(-3.645619344022E0,-6.435235595541E0,
-2.385576153270E0));
#625=CARTESIAN_POINT('',(-3.645605827639E0,-6.452481866888E0,
-2.385275120429E0));
#626=CARTESIAN_POINT('',(-3.645488062247E0,-6.486968657160E0,
-2.381693740728E0));
#627=CARTESIAN_POINT('',(-3.645003714974E0,-6.537157326061E0,
-2.367446185452E0));
#628=CARTESIAN_POINT('',(-3.644268503924E0,-6.584214018176E0,
-2.344714056393E0));
#629=CARTESIAN_POINT('',(-3.643250727578E0,-6.626686232093E0,
-2.314149465015E0));
#630=CARTESIAN_POINT('',(-3.641999020296E0,-6.663160698520E0,
-2.276776959633E0));
#631=CARTESIAN_POINT('',(-3.640579704363E0,-6.692552577466E0,
-2.233828224352E0));
#632=CARTESIAN_POINT('',(-3.638852973352E0,-6.714058672380E0,
-2.186617547513E0));
#633=CARTESIAN_POINT('',(-3.637633758283E0,-6.727094073063E0,
-2.136756264302E0));
#634=CARTESIAN_POINT('',(-3.636329480895E0,-6.73E0,-2.102642105444E0));
#635=CARTESIAN_POINT('',(-3.635623626307E0,-6.73E0,-2.085623626307E0));
#637=DIRECTION('',(-1.E0,0.E0,0.E0));
#638=VECTOR('',#637,6.5E0);
#639=CARTESIAN_POINT('',(3.25E0,-6.73E0,-2.55E0));
#640=LINE('',#639,#638);
#641=DIRECTION('',(-1.E0,0.E0,0.E0));
#642=VECTOR('',#641,7.E-1);
#643=CARTESIAN_POINT('',(-2.19E0,-3.83E0,-2.55E0));
#644=LINE('',#643,#642);
#645=DIRECTION('',(1.E0,0.E0,0.E0));
#646=VECTOR('',#645,7.E-1);
#647=CARTESIAN_POINT('',(-2.89E0,-3.43E0,-2.95E0));
#648=LINE('',#647,#646);
#649=CARTESIAN_POINT('',(-2.19E0,-3.83E0,-2.95E0));
#650=DIRECTION('',(-1.E0,0.E0,0.E0));
#651=DIRECTION('',(0.E0,0.E0,1.E0));
#652=AXIS2_PLACEMENT_3D('',#649,#650,#651);
#654=CARTESIAN_POINT('',(-2.19E0,-4.23E0,-3.670204102887E0));
#655=DIRECTION('',(-1.E0,0.E0,0.E0));
#656=DIRECTION('',(0.E0,1.E0,0.E0));
#657=AXIS2_PLACEMENT_3D('',#654,#655,#656);
#659=DIRECTION('',(0.E0,-8.786684495788E-1,-4.774324619407E-1));
#660=VECTOR('',#659,4.138493464955E-2);
#661=CARTESIAN_POINT('',(-2.19E0,-3.829999999998E0,-4.363024425913E0));
#662=LINE('',#661,#660);
#663=CARTESIAN_POINT('',(-2.19E0,-3.73E0,-4.65E0));
#664=DIRECTION('',(1.E0,0.E0,0.E0));
#665=DIRECTION('',(0.E0,-4.545454545344E-1,8.907235428359E-1));
#666=AXIS2_PLACEMENT_3D('',#663,#664,#665);
#668=DIRECTION('',(0.E0,8.786684495788E-1,-4.774324619407E-1));
#669=VECTOR('',#668,4.138493464986E-2);
#670=CARTESIAN_POINT('',(-2.19E0,-3.866363636364E0,-4.917217062849E0));
#671=LINE('',#670,#669);
#672=CARTESIAN_POINT('',(-2.19E0,-4.23E0,-5.629795897113E0));
#673=DIRECTION('',(-1.E0,0.E0,0.E0));
#674=DIRECTION('',(0.E0,5.000000000041E-1,8.660254037821E-1));
#675=AXIS2_PLACEMENT_3D('',#672,#673,#674);
#677=CARTESIAN_POINT('',(-2.19E0,-4.23E0,-5.629795897113E0));
#678=DIRECTION('',(1.E0,0.E0,0.E0));
#679=DIRECTION('',(0.E0,1.E0,-1.332267629550E-14));
#680=AXIS2_PLACEMENT_3D('',#677,#678,#679);
#682=CARTESIAN_POINT('',(-2.19E0,-3.73E0,-4.65E0));
#683=DIRECTION('',(-1.E0,0.E0,0.E0));
#684=DIRECTION('',(0.E0,-4.545454544923E-1,-8.907235428574E-1));
#685=AXIS2_PLACEMENT_3D('',#682,#683,#684);
#687=CARTESIAN_POINT('',(-2.19E0,-4.23E0,-3.670204102887E0));
#688=DIRECTION('',(1.E0,0.E0,0.E0));
#689=DIRECTION('',(0.E0,4.545454546510E-1,-8.907235427764E-1));
#690=AXIS2_PLACEMENT_3D('',#687,#688,#689);
#692=DIRECTION('',(0.E0,0.E0,1.E0));
#693=VECTOR('',#692,4.E-1);
#694=CARTESIAN_POINT('',(-2.19E0,-3.83E0,-2.95E0));
#695=LINE('',#694,#693);
#696=DIRECTION('',(0.E0,0.E0,1.E0));
#697=VECTOR('',#696,7.202041028870E-1);
#698=CARTESIAN_POINT('',(-2.19E0,-3.43E0,-3.670204102887E0));
#699=LINE('',#698,#697);
#700=CARTESIAN_POINT('',(-2.89E0,-3.83E0,-2.95E0));
#701=DIRECTION('',(1.E0,0.E0,0.E0));
#702=DIRECTION('',(0.E0,1.E0,0.E0));
#703=AXIS2_PLACEMENT_3D('',#700,#701,#702);
#705=DIRECTION('',(0.E0,0.E0,-1.E0));
#706=VECTOR('',#705,7.202041028870E-1);
#707=CARTESIAN_POINT('',(-2.89E0,-3.83E0,-2.95E0));
#708=LINE('',#707,#706);
#709=CARTESIAN_POINT('',(-2.89E0,-4.23E0,-3.670204102887E0));
#710=DIRECTION('',(-1.E0,0.E0,0.E0));
#711=DIRECTION('',(0.E0,1.E0,1.443289932013E-14));
#712=AXIS2_PLACEMENT_3D('',#709,#710,#711);
#714=CARTESIAN_POINT('',(-2.89E0,-3.73E0,-4.65E0));
#715=DIRECTION('',(1.E0,0.E0,0.E0));
#716=DIRECTION('',(0.E0,-4.545454544861E-1,8.907235428605E-1));
#717=AXIS2_PLACEMENT_3D('',#714,#715,#716);
#719=CARTESIAN_POINT('',(-2.89E0,-4.23E0,-5.629795897113E0));
#720=DIRECTION('',(-1.E0,0.E0,0.E0));
#721=DIRECTION('',(0.E0,4.545454546399E-1,8.907235427820E-1));
#722=AXIS2_PLACEMENT_3D('',#719,#720,#721);
#724=DIRECTION('',(0.E0,-1.897706223374E-14,-1.E0));
#725=VECTOR('',#724,7.020410288700E-2);
#726=CARTESIAN_POINT('',(-2.89E0,-3.83E0,-5.629795897113E0));
#727=LINE('',#726,#725);
#728=DIRECTION('',(0.E0,-2.530274964498E-14,1.E0));
#729=VECTOR('',#728,7.020410288700E-2);
#730=CARTESIAN_POINT('',(-2.89E0,-3.43E0,-5.7E0));
#731=LINE('',#730,#729);
#732=CARTESIAN_POINT('',(-2.89E0,-4.23E0,-5.629795897113E0));
#733=DIRECTION('',(1.E0,0.E0,0.E0));
#734=DIRECTION('',(0.E0,1.E0,0.E0));
#735=AXIS2_PLACEMENT_3D('',#732,#733,#734);
#737=DIRECTION('',(0.E0,-8.786684495788E-1,4.774324619408E-1));
#738=VECTOR('',#737,4.138493464986E-2);
#739=CARTESIAN_POINT('',(-2.89E0,-3.829999999999E0,-4.936975574086E0));
#740=LINE('',#739,#738);
#741=CARTESIAN_POINT('',(-2.89E0,-3.73E0,-4.65E0));
#742=DIRECTION('',(-1.E0,0.E0,0.E0));
#743=DIRECTION('',(0.E0,-4.545454545421E-1,-8.907235428320E-1));
#744=AXIS2_PLACEMENT_3D('',#741,#742,#743);
#746=DIRECTION('',(0.E0,8.786684495788E-1,4.774324619407E-1));
#747=VECTOR('',#746,4.138493464955E-2);
#748=CARTESIAN_POINT('',(-2.89E0,-3.866363636363E0,-4.382782937150E0));
#749=LINE('',#748,#747);
#750=CARTESIAN_POINT('',(-2.89E0,-4.23E0,-3.670204102887E0));
#751=DIRECTION('',(1.E0,0.E0,0.E0));
#752=DIRECTION('',(0.E0,5.000000000059E-1,-8.660254037810E-1));
#753=AXIS2_PLACEMENT_3D('',#750,#751,#752);
#755=DIRECTION('',(0.E0,0.E0,1.E0));
#756=VECTOR('',#755,7.202041028870E-1);
#757=CARTESIAN_POINT('',(-2.89E0,-3.43E0,-3.670204102887E0));
#758=LINE('',#757,#756);
#759=DIRECTION('',(0.E0,0.E0,1.E0));
#760=VECTOR('',#759,4.E-1);
#761=CARTESIAN_POINT('',(-2.89E0,-3.83E0,-2.95E0));
#762=LINE('',#761,#760);
#763=DIRECTION('',(-1.E0,0.E0,0.E0));
#764=VECTOR('',#763,3.6E-1);
#765=CARTESIAN_POINT('',(-2.89E0,-3.83E0,-2.55E0));
#766=LINE('',#765,#764);
#767=CARTESIAN_POINT('',(-3.25E0,-6.73E0,-2.55E0));
#768=DIRECTION('',(1.E0,0.E0,0.E0));
#769=DIRECTION('',(0.E0,-1.E0,0.E0));
#770=AXIS2_PLACEMENT_3D('',#767,#768,#769);
#772=DIRECTION('',(0.E0,0.E0,1.E0));
#773=VECTOR('',#772,4.E-1);
#774=CARTESIAN_POINT('',(-3.25E0,-3.83E0,-2.95E0));
#775=LINE('',#774,#773);
#776=DIRECTION('',(0.E0,-1.E0,0.E0));
#777=VECTOR('',#776,2.9E0);
#778=CARTESIAN_POINT('',(-3.25E0,-3.83E0,-2.55E0));
#779=LINE('',#778,#777);
#780=DIRECTION('',(1.E0,0.E0,0.E0));
#781=VECTOR('',#780,6.5E0);
#782=CARTESIAN_POINT('',(-3.25E0,-7.13E0,-2.55E0));
#783=LINE('',#782,#781);
#784=DIRECTION('',(-1.E0,0.E0,0.E0));
#785=VECTOR('',#784,6.5E0);
#786=CARTESIAN_POINT('',(3.25E0,-6.73E0,-2.95E0));
#787=LINE('',#786,#785);
#788=DIRECTION('',(0.E0,0.E0,-1.E0));
#789=VECTOR('',#788,5.1E0);
#790=CARTESIAN_POINT('',(3.75E0,-7.13E0,2.55E0));
#791=LINE('',#790,#789);
#792=DIRECTION('',(-1.E0,0.E0,0.E0));
#793=VECTOR('',#792,5.E-1);
#794=CARTESIAN_POINT('',(3.75E0,-7.13E0,-2.55E0));
#795=LINE('',#794,#793);
#796=DIRECTION('',(-1.E0,0.E0,0.E0));
#797=VECTOR('',#796,5.E-1);
#798=CARTESIAN_POINT('',(-3.25E0,-7.13E0,-2.55E0));
#799=LINE('',#798,#797);
#800=DIRECTION('',(0.E0,0.E0,1.E0));
#801=VECTOR('',#800,5.1E0);
#802=CARTESIAN_POINT('',(-3.75E0,-7.13E0,-2.55E0));
#803=LINE('',#802,#801);
#804=DIRECTION('',(-1.E0,0.E0,0.E0));
#805=VECTOR('',#804,7.5E0);
#806=CARTESIAN_POINT('',(3.75E0,-7.13E0,2.55E0));
#807=LINE('',#806,#805);
#808=DIRECTION('',(0.E0,1.E0,0.E0));
#809=VECTOR('',#808,4.E-1);
#810=CARTESIAN_POINT('',(-3.75E0,-7.13E0,2.55E0));
#811=LINE('',#810,#809);
#812=DIRECTION('',(1.E0,0.E0,0.E0));
#813=VECTOR('',#812,7.5E0);
#814=CARTESIAN_POINT('',(-3.75E0,-6.73E0,2.55E0));
#815=LINE('',#814,#813);
#816=DIRECTION('',(0.E0,0.E0,1.E0));
#817=VECTOR('',#816,5.1E0);
#818=CARTESIAN_POINT('',(-3.75E0,-6.73E0,-2.55E0));
#819=LINE('',#818,#817);
#820=DIRECTION('',(0.E0,1.E0,0.E0));
#821=VECTOR('',#820,4.E-1);
#822=CARTESIAN_POINT('',(-3.75E0,-7.13E0,-2.55E0));
#823=LINE('',#822,#821);
#824=DIRECTION('',(0.E0,1.E0,0.E0));
#825=VECTOR('',#824,4.E-1);
#826=CARTESIAN_POINT('',(-3.25E0,-7.13E0,-2.55E0));
#827=LINE('',#826,#825);
#828=DIRECTION('',(-1.E0,0.E0,0.E0));
#829=VECTOR('',#828,5.E-1);
#830=CARTESIAN_POINT('',(-3.25E0,-6.73E0,-2.55E0));
#831=LINE('',#830,#829);
#832=DIRECTION('',(0.E0,0.E0,-1.E0));
#833=VECTOR('',#832,5.1E0);
#834=CARTESIAN_POINT('',(3.75E0,-6.73E0,2.55E0));
#835=LINE('',#834,#833);
#836=DIRECTION('',(0.E0,1.E0,0.E0));
#837=VECTOR('',#836,4.E-1);
#838=CARTESIAN_POINT('',(3.75E0,-7.13E0,2.55E0));
#839=LINE('',#838,#837);
#840=DIRECTION('',(0.E0,1.E0,0.E0));
#841=VECTOR('',#840,4.E-1);
#842=CARTESIAN_POINT('',(3.75E0,-7.13E0,-2.55E0));
#843=LINE('',#842,#841);
#844=DIRECTION('',(-1.E0,0.E0,0.E0));
#845=VECTOR('',#844,5.E-1);
#846=CARTESIAN_POINT('',(3.75E0,-6.73E0,-2.55E0));
#847=LINE('',#846,#845);
#848=CARTESIAN_POINT('',(3.25E0,-6.73E0,-2.55E0));
#849=DIRECTION('',(-1.E0,0.E0,0.E0));
#850=DIRECTION('',(0.E0,1.332267629550E-14,-1.E0));
#851=AXIS2_PLACEMENT_3D('',#848,#849,#850);
#853=DIRECTION('',(0.E0,1.E0,0.E0));
#854=VECTOR('',#853,4.E-1);
#855=CARTESIAN_POINT('',(3.25E0,-7.13E0,-2.55E0));
#856=LINE('',#855,#854);
#857=DIRECTION('',(0.E0,1.E0,0.E0));
#858=VECTOR('',#857,2.9E0);
#859=CARTESIAN_POINT('',(3.25E0,-6.73E0,-2.55E0));
#860=LINE('',#859,#858);
#861=DIRECTION('',(0.E0,0.E0,1.E0));
#862=VECTOR('',#861,4.E-1);
#863=CARTESIAN_POINT('',(3.25E0,-3.83E0,-2.95E0));
#864=LINE('',#863,#862);
#865=DIRECTION('',(-1.E0,0.E0,0.E0));
#866=VECTOR('',#865,3.6E-1);
#867=CARTESIAN_POINT('',(3.25E0,-3.83E0,-2.55E0));
#868=LINE('',#867,#866);
#869=CARTESIAN_POINT('',(2.89E0,-3.83E0,-2.95E0));
#870=DIRECTION('',(-1.E0,0.E0,0.E0));
#871=DIRECTION('',(0.E0,0.E0,1.E0));
#872=AXIS2_PLACEMENT_3D('',#869,#870,#871);
#874=CARTESIAN_POINT('',(2.89E0,-4.23E0,-3.670204102887E0));
#875=DIRECTION('',(-1.E0,0.E0,0.E0));
#876=DIRECTION('',(0.E0,1.E0,0.E0));
#877=AXIS2_PLACEMENT_3D('',#874,#875,#876);
#879=DIRECTION('',(0.E0,-8.786684495788E-1,-4.774324619407E-1));
#880=VECTOR('',#879,4.138493464955E-2);
#881=CARTESIAN_POINT('',(2.89E0,-3.829999999998E0,-4.363024425913E0));
#882=LINE('',#881,#880);
#883=CARTESIAN_POINT('',(2.89E0,-3.73E0,-4.65E0));
#884=DIRECTION('',(1.E0,0.E0,0.E0));
#885=DIRECTION('',(0.E0,-4.545454545344E-1,8.907235428359E-1));
#886=AXIS2_PLACEMENT_3D('',#883,#884,#885);
#888=DIRECTION('',(0.E0,8.786684495788E-1,-4.774324619407E-1));
#889=VECTOR('',#888,4.138493464986E-2);
#890=CARTESIAN_POINT('',(2.89E0,-3.866363636364E0,-4.917217062849E0));
#891=LINE('',#890,#889);
#892=CARTESIAN_POINT('',(2.89E0,-4.23E0,-5.629795897113E0));
#893=DIRECTION('',(-1.E0,0.E0,0.E0));
#894=DIRECTION('',(0.E0,5.000000000041E-1,8.660254037821E-1));
#895=AXIS2_PLACEMENT_3D('',#892,#893,#894);
#897=CARTESIAN_POINT('',(2.89E0,-4.23E0,-5.629795897113E0));
#898=DIRECTION('',(1.E0,0.E0,0.E0));
#899=DIRECTION('',(0.E0,1.E0,-1.332267629550E-14));
#900=AXIS2_PLACEMENT_3D('',#897,#898,#899);
#902=CARTESIAN_POINT('',(2.89E0,-3.73E0,-4.65E0));
#903=DIRECTION('',(-1.E0,0.E0,0.E0));
#904=DIRECTION('',(0.E0,-4.545454544923E-1,-8.907235428574E-1));
#905=AXIS2_PLACEMENT_3D('',#902,#903,#904);
#907=CARTESIAN_POINT('',(2.89E0,-4.23E0,-3.670204102887E0));
#908=DIRECTION('',(1.E0,0.E0,0.E0));
#909=DIRECTION('',(0.E0,4.545454546520E-1,-8.907235427759E-1));
#910=AXIS2_PLACEMENT_3D('',#907,#908,#909);
#912=DIRECTION('',(0.E0,0.E0,1.E0));
#913=VECTOR('',#912,4.E-1);
#914=CARTESIAN_POINT('',(2.89E0,-3.83E0,-2.95E0));
#915=LINE('',#914,#913);
#916=DIRECTION('',(-1.E0,0.E0,0.E0));
#917=VECTOR('',#916,7.E-1);
#918=CARTESIAN_POINT('',(2.89E0,-3.83E0,-2.55E0));
#919=LINE('',#918,#917);
#920=DIRECTION('',(1.E0,0.E0,0.E0));
#921=VECTOR('',#920,7.E-1);
#922=CARTESIAN_POINT('',(2.19E0,-3.43E0,-2.95E0));
#923=LINE('',#922,#921);
#924=CARTESIAN_POINT('',(2.19E0,-3.83E0,-2.95E0));
#925=DIRECTION('',(1.E0,0.E0,0.E0));
#926=DIRECTION('',(0.E0,1.E0,0.E0));
#927=AXIS2_PLACEMENT_3D('',#924,#925,#926);
#929=DIRECTION('',(0.E0,0.E0,-1.E0));
#930=VECTOR('',#929,7.202041028870E-1);
#931=CARTESIAN_POINT('',(2.19E0,-3.83E0,-2.95E0));
#932=LINE('',#931,#930);
#933=CARTESIAN_POINT('',(2.19E0,-4.23E0,-3.670204102887E0));
#934=DIRECTION('',(-1.E0,0.E0,0.E0));
#935=DIRECTION('',(0.E0,1.E0,1.332267629550E-14));
#936=AXIS2_PLACEMENT_3D('',#933,#934,#935);
#938=CARTESIAN_POINT('',(2.19E0,-3.73E0,-4.65E0));
#939=DIRECTION('',(1.E0,0.E0,0.E0));
#940=DIRECTION('',(0.E0,-4.545454544856E-1,8.907235428608E-1));
#941=AXIS2_PLACEMENT_3D('',#938,#939,#940);
#943=CARTESIAN_POINT('',(2.19E0,-4.23E0,-5.629795897113E0));
#944=DIRECTION('',(-1.E0,0.E0,0.E0));
#945=DIRECTION('',(0.E0,4.545454546399E-1,8.907235427820E-1));
#946=AXIS2_PLACEMENT_3D('',#943,#944,#945);
#948=DIRECTION('',(0.E0,-1.897706223374E-14,-1.E0));
#949=VECTOR('',#948,7.020410288700E-2);
#950=CARTESIAN_POINT('',(2.19E0,-3.83E0,-5.629795897113E0));
#951=LINE('',#950,#949);
#952=DIRECTION('',(0.E0,-2.530274964498E-14,1.E0));
#953=VECTOR('',#952,7.020410288700E-2);
#954=CARTESIAN_POINT('',(2.19E0,-3.43E0,-5.7E0));
#955=LINE('',#954,#953);
#956=CARTESIAN_POINT('',(2.19E0,-4.23E0,-5.629795897113E0));
#957=DIRECTION('',(1.E0,0.E0,0.E0));
#958=DIRECTION('',(0.E0,1.E0,0.E0));
#959=AXIS2_PLACEMENT_3D('',#956,#957,#958);
#961=DIRECTION('',(0.E0,-8.786684495788E-1,4.774324619408E-1));
#962=VECTOR('',#961,4.138493464986E-2);
#963=CARTESIAN_POINT('',(2.19E0,-3.829999999999E0,-4.936975574086E0));
#964=LINE('',#963,#962);
#965=CARTESIAN_POINT('',(2.19E0,-3.73E0,-4.65E0));
#966=DIRECTION('',(-1.E0,0.E0,0.E0));
#967=DIRECTION('',(0.E0,-4.545454545421E-1,-8.907235428320E-1));
#968=AXIS2_PLACEMENT_3D('',#965,#966,#967);
#970=DIRECTION('',(0.E0,8.786684495788E-1,4.774324619407E-1));
#971=VECTOR('',#970,4.138493464955E-2);
#972=CARTESIAN_POINT('',(2.19E0,-3.866363636363E0,-4.382782937150E0));
#973=LINE('',#972,#971);
#974=CARTESIAN_POINT('',(2.19E0,-4.23E0,-3.670204102887E0));
#975=DIRECTION('',(1.E0,0.E0,0.E0));
#976=DIRECTION('',(0.E0,5.000000000059E-1,-8.660254037810E-1));
#977=AXIS2_PLACEMENT_3D('',#974,#975,#976);
#979=DIRECTION('',(0.E0,0.E0,1.E0));
#980=VECTOR('',#979,7.202041028870E-1);
#981=CARTESIAN_POINT('',(2.19E0,-3.43E0,-3.670204102887E0));
#982=LINE('',#981,#980);
#983=DIRECTION('',(0.E0,0.E0,1.E0));
#984=VECTOR('',#983,4.E-1);
#985=CARTESIAN_POINT('',(2.19E0,-3.83E0,-2.95E0));
#986=LINE('',#985,#984);
#987=DIRECTION('',(-1.E0,0.E0,0.E0));
#988=VECTOR('',#987,6.9E-1);
#989=CARTESIAN_POINT('',(2.19E0,-3.83E0,-2.55E0));
#990=LINE('',#989,#988);
#991=DIRECTION('',(0.E0,1.E0,0.E0));
#992=VECTOR('',#991,1.6E0);
#993=CARTESIAN_POINT('',(1.5E0,-3.83E0,-2.55E0));
#994=LINE('',#993,#992);
#995=DIRECTION('',(0.E0,0.E0,1.E0));
#996=VECTOR('',#995,4.E-1);
#997=CARTESIAN_POINT('',(1.5E0,-3.83E0,-2.95E0));
#998=LINE('',#997,#996);
#999=DIRECTION('',(-1.E0,0.E0,0.E0));
#1000=VECTOR('',#999,3.E0);
#1001=CARTESIAN_POINT('',(1.5E0,-2.23E0,-2.55E0));
#1002=LINE('',#1001,#1000);
#1003=DIRECTION('',(0.E0,0.E0,1.E0));
#1004=VECTOR('',#1003,4.E-1);
#1005=CARTESIAN_POINT('',(1.5E0,-2.23E0,-2.95E0));
#1006=LINE('',#1005,#1004);
#1007=DIRECTION('',(0.E0,-1.E0,0.E0));
#1008=VECTOR('',#1007,1.6E0);
#1009=CARTESIAN_POINT('',(-1.5E0,-2.23E0,-2.55E0));
#1010=LINE('',#1009,#1008);
#1011=DIRECTION('',(0.E0,0.E0,1.E0));
#1012=VECTOR('',#1011,4.E-1);
#1013=CARTESIAN_POINT('',(-1.5E0,-2.23E0,-2.95E0));
#1014=LINE('',#1013,#1012);
#1015=DIRECTION('',(0.E0,0.E0,1.E0));
#1016=VECTOR('',#1015,4.E-1);
#1017=CARTESIAN_POINT('',(-1.5E0,-3.83E0,-2.95E0));
#1018=LINE('',#1017,#1016);
#1019=DIRECTION('',(-1.E0,0.E0,0.E0));
#1020=VECTOR('',#1019,6.9E-1);
#1021=CARTESIAN_POINT('',(-1.5E0,-3.83E0,-2.55E0));
#1022=LINE('',#1021,#1020);
#1023=DIRECTION('',(-1.E0,0.E0,5.470664179312E-14));
#1024=VECTOR('',#1023,6.9E-1);
#1025=CARTESIAN_POINT('',(2.19E0,-3.83E0,-2.95E0));
#1026=LINE('',#1025,#1024);
#1027=DIRECTION('',(0.E0,1.E0,0.E0));
#1028=VECTOR('',#1027,1.6E0);
#1029=CARTESIAN_POINT('',(1.5E0,-3.83E0,-2.95E0));
#1030=LINE('',#1029,#1028);
#1031=DIRECTION('',(-1.E0,0.E0,0.E0));
#1032=VECTOR('',#1031,3.E0);
#1033=CARTESIAN_POINT('',(1.5E0,-2.23E0,-2.95E0));
#1034=LINE('',#1033,#1032);
#1035=DIRECTION('',(0.E0,-1.E0,0.E0));
#1036=VECTOR('',#1035,1.6E0);
#1037=CARTESIAN_POINT('',(-1.5E0,-2.23E0,-2.95E0));
#1038=LINE('',#1037,#1036);
#1039=DIRECTION('',(-1.E0,0.E0,-5.406303424262E-14));
#1040=VECTOR('',#1039,6.9E-1);
#1041=CARTESIAN_POINT('',(-1.5E0,-3.83E0,-2.95E0));
#1042=LINE('',#1041,#1040);
#1043=DIRECTION('',(-1.E0,0.E0,1.048543967702E-13));
#1044=VECTOR('',#1043,3.6E-1);
#1045=CARTESIAN_POINT('',(-2.89E0,-3.83E0,-2.95E0));
#1046=LINE('',#1045,#1044);
#1047=DIRECTION('',(0.E0,-1.E0,0.E0));
#1048=VECTOR('',#1047,2.9E0);
#1049=CARTESIAN_POINT('',(-3.25E0,-3.83E0,-2.95E0));
#1050=LINE('',#1049,#1048);
#1051=DIRECTION('',(0.E0,1.E0,0.E0));
#1052=VECTOR('',#1051,2.9E0);
#1053=CARTESIAN_POINT('',(3.25E0,-6.73E0,-2.95E0));
#1054=LINE('',#1053,#1052);
#1055=DIRECTION('',(-1.E0,0.E0,-1.036208156317E-13));
#1056=VECTOR('',#1055,3.6E-1);
#1057=CARTESIAN_POINT('',(3.25E0,-3.83E0,-2.95E0));
#1058=LINE('',#1057,#1056);
#1059=DIRECTION('',(-1.E0,0.E0,0.E0));
#1060=VECTOR('',#1059,7.E-1);
#1061=CARTESIAN_POINT('',(2.89E0,-3.83E0,-2.95E0));
#1062=LINE('',#1061,#1060);
#1063=DIRECTION('',(1.E0,0.E0,0.E0));
#1064=VECTOR('',#1063,7.E-1);
#1065=CARTESIAN_POINT('',(-2.89E0,-3.83E0,-2.95E0));
#1066=LINE('',#1065,#1064);
#1067=DIRECTION('',(0.E0,0.E0,-1.E0));
#1068=VECTOR('',#1067,7.202041028870E-1);
#1069=CARTESIAN_POINT('',(-2.19E0,-3.83E0,-2.95E0));
#1070=LINE('',#1069,#1068);
#1071=DIRECTION('',(1.E0,0.E0,0.E0));
#1072=VECTOR('',#1071,7.E-1);
#1073=CARTESIAN_POINT('',(-2.89E0,-3.83E0,-3.670204102887E0));
#1074=LINE('',#1073,#1072);
#1075=DIRECTION('',(1.E0,2.563029153992E-13,1.573344629183E-13));
#1076=VECTOR('',#1075,7.E-1);
#1077=CARTESIAN_POINT('',(-2.89E0,-4.048181818169E0,-4.026493520011E0));
#1078=LINE('',#1077,#1076);
#1079=DIRECTION('',(-1.E0,0.E0,0.E0));
#1080=VECTOR('',#1079,7.E-1);
#1081=CARTESIAN_POINT('',(-2.19E0,-3.83E0,-5.629795897113E0));
#1082=LINE('',#1081,#1080);
#1083=DIRECTION('',(1.E0,-2.283887364943E-13,1.408397208382E-13));
#1084=VECTOR('',#1083,7.E-1);
#1085=CARTESIAN_POINT('',(-2.89E0,-4.048181818170E0,-5.273506479988E0));
#1086=LINE('',#1085,#1084);
#1087=CARTESIAN_POINT('',(-2.54E0,-3.83E0,-5.7E0));
#1088=DIRECTION('',(0.E0,1.E0,0.E0));
#1089=DIRECTION('',(1.E0,0.E0,0.E0));
#1090=AXIS2_PLACEMENT_3D('',#1087,#1088,#1089);
#1092=DIRECTION('',(0.E0,-2.530274964498E-14,-1.E0));
#1093=VECTOR('',#1092,7.020410288700E-2);
#1094=CARTESIAN_POINT('',(-2.19E0,-3.83E0,-5.629795897113E0));
#1095=LINE('',#1094,#1093);
#1096=DIRECTION('',(0.E0,1.E0,0.E0));
#1097=VECTOR('',#1096,4.E-1);
#1098=CARTESIAN_POINT('',(-2.19E0,-3.83E0,-5.7E0));
#1099=LINE('',#1098,#1097);
#1100=DIRECTION('',(0.E0,-1.E0,0.E0));
#1101=VECTOR('',#1100,4.E-1);
#1102=CARTESIAN_POINT('',(-2.89E0,-3.43E0,-5.7E0));
#1103=LINE('',#1102,#1101);
#1104=CARTESIAN_POINT('',(-2.54E0,-3.43E0,-5.7E0));
#1105=DIRECTION('',(0.E0,-1.E0,0.E0));
#1106=DIRECTION('',(-1.E0,0.E0,0.E0));
#1107=AXIS2_PLACEMENT_3D('',#1104,#1105,#1106);
#1109=DIRECTION('',(0.E0,-1.897706223374E-14,1.E0));
#1110=VECTOR('',#1109,7.020410288700E-2);
#1111=CARTESIAN_POINT('',(-2.19E0,-3.43E0,-5.7E0));
#1112=LINE('',#1111,#1110);
#1113=DIRECTION('',(-1.E0,0.E0,0.E0));
#1114=VECTOR('',#1113,7.E-1);
#1115=CARTESIAN_POINT('',(-2.19E0,-3.829999999999E0,-4.936975574086E0));
#1116=LINE('',#1115,#1114);
#1117=DIRECTION('',(1.E0,0.E0,0.E0));
#1118=VECTOR('',#1117,7.E-1);
#1119=CARTESIAN_POINT('',(-2.89E0,-3.43E0,-5.629795897113E0));
#1120=LINE('',#1119,#1118);
#1121=DIRECTION('',(-1.E0,0.E0,0.E0));
#1122=VECTOR('',#1121,7.E-1);
#1123=CARTESIAN_POINT('',(-2.19E0,-3.866363636363E0,-4.382782937150E0));
#1124=LINE('',#1123,#1122);
#1125=DIRECTION('',(1.E0,0.E0,0.E0));
#1126=VECTOR('',#1125,7.E-1);
#1127=CARTESIAN_POINT('',(-2.89E0,-3.866363636364E0,-4.917217062849E0));
#1128=LINE('',#1127,#1126);
#1129=DIRECTION('',(-1.E0,0.E0,0.E0));
#1130=VECTOR('',#1129,7.E-1);
#1131=CARTESIAN_POINT('',(-2.19E0,-3.43E0,-3.670204102887E0));
#1132=LINE('',#1131,#1130);
#1133=DIRECTION('',(1.E0,0.E0,0.E0));
#1134=VECTOR('',#1133,7.E-1);
#1135=CARTESIAN_POINT('',(-2.89E0,-3.829999999998E0,-4.363024425913E0));
#1136=LINE('',#1135,#1134);
#1137=DIRECTION('',(0.E0,0.E0,-1.E0));
#1138=VECTOR('',#1137,7.202041028870E-1);
#1139=CARTESIAN_POINT('',(2.89E0,-3.83E0,-2.95E0));
#1140=LINE('',#1139,#1138);
#1141=DIRECTION('',(1.E0,0.E0,0.E0));
#1142=VECTOR('',#1141,7.E-1);
#1143=CARTESIAN_POINT('',(2.19E0,-3.83E0,-3.670204102887E0));
#1144=LINE('',#1143,#1142);
#1145=DIRECTION('',(-1.E0,-2.588405680269E-13,-1.586032892322E-13));
#1146=VECTOR('',#1145,7.E-1);
#1147=CARTESIAN_POINT('',(2.89E0,-4.048181818168E0,-4.026493520011E0));
#1148=LINE('',#1147,#1146);
#1149=DIRECTION('',(-1.E0,2.283887364943E-13,-1.408397208382E-13));
#1150=VECTOR('',#1149,7.E-1);
#1151=CARTESIAN_POINT('',(2.89E0,-4.048181818170E0,-5.273506479988E0));
#1152=LINE('',#1151,#1150);
#1153=DIRECTION('',(-1.E0,0.E0,0.E0));
#1154=VECTOR('',#1153,7.E-1);
#1155=CARTESIAN_POINT('',(2.89E0,-3.83E0,-5.629795897113E0));
#1156=LINE('',#1155,#1154);
#1157=CARTESIAN_POINT('',(2.54E0,-3.83E0,-5.7E0));
#1158=DIRECTION('',(0.E0,1.E0,0.E0));
#1159=DIRECTION('',(1.E0,0.E0,0.E0));
#1160=AXIS2_PLACEMENT_3D('',#1157,#1158,#1159);
#1162=DIRECTION('',(0.E0,-2.530274964498E-14,-1.E0));
#1163=VECTOR('',#1162,7.020410288700E-2);
#1164=CARTESIAN_POINT('',(2.89E0,-3.83E0,-5.629795897113E0));
#1165=LINE('',#1164,#1163);
#1166=DIRECTION('',(0.E0,1.E0,0.E0));
#1167=VECTOR('',#1166,4.E-1);
#1168=CARTESIAN_POINT('',(2.89E0,-3.83E0,-5.7E0));
#1169=LINE('',#1168,#1167);
#1170=DIRECTION('',(0.E0,-1.E0,0.E0));
#1171=VECTOR('',#1170,4.E-1);
#1172=CARTESIAN_POINT('',(2.19E0,-3.43E0,-5.7E0));
#1173=LINE('',#1172,#1171);
#1174=CARTESIAN_POINT('',(2.54E0,-3.43E0,-5.7E0));
#1175=DIRECTION('',(0.E0,-1.E0,0.E0));
#1176=DIRECTION('',(-1.E0,0.E0,0.E0));
#1177=AXIS2_PLACEMENT_3D('',#1174,#1175,#1176);
#1179=DIRECTION('',(0.E0,-1.897706223374E-14,1.E0));
#1180=VECTOR('',#1179,7.020410288700E-2);
#1181=CARTESIAN_POINT('',(2.89E0,-3.43E0,-5.7E0));
#1182=LINE('',#1181,#1180);
#1183=DIRECTION('',(1.E0,0.E0,0.E0));
#1184=VECTOR('',#1183,7.E-1);
#1185=CARTESIAN_POINT('',(2.19E0,-3.43E0,-5.629795897113E0));
#1186=LINE('',#1185,#1184);
#1187=DIRECTION('',(-1.E0,0.E0,0.E0));
#1188=VECTOR('',#1187,7.E-1);
#1189=CARTESIAN_POINT('',(2.89E0,-3.829999999999E0,-4.936975574086E0));
#1190=LINE('',#1189,#1188);
#1191=DIRECTION('',(1.E0,0.E0,0.E0));
#1192=VECTOR('',#1191,7.E-1);
#1193=CARTESIAN_POINT('',(2.19E0,-3.866363636364E0,-4.917217062849E0));
#1194=LINE('',#1193,#1192);
#1195=DIRECTION('',(-1.E0,0.E0,0.E0));
#1196=VECTOR('',#1195,7.E-1);
#1197=CARTESIAN_POINT('',(2.89E0,-3.866363636363E0,-4.382782937150E0));
#1198=LINE('',#1197,#1196);
#1199=DIRECTION('',(1.E0,0.E0,0.E0));
#1200=VECTOR('',#1199,7.E-1);
#1201=CARTESIAN_POINT('',(2.19E0,-3.829999999998E0,-4.363024425913E0));
#1202=LINE('',#1201,#1200);
#1203=DIRECTION('',(-1.E0,0.E0,0.E0));
#1204=VECTOR('',#1203,7.E-1);
#1205=CARTESIAN_POINT('',(2.89E0,-3.43E0,-3.670204102887E0));
#1206=LINE('',#1205,#1204);
#1207=DIRECTION('',(0.E0,0.E0,1.E0));
#1208=VECTOR('',#1207,7.202041028870E-1);
#1209=CARTESIAN_POINT('',(2.89E0,-3.43E0,-3.670204102887E0));
#1210=LINE('',#1209,#1208);
#1211=CARTESIAN_POINT('',(0.E0,-2.73E0,-2.95E0));
#1212=DIRECTION('',(0.E0,0.E0,1.E0));
#1213=DIRECTION('',(1.E0,0.E0,0.E0));
#1214=AXIS2_PLACEMENT_3D('',#1211,#1212,#1213);
#1216=CARTESIAN_POINT('',(0.E0,-2.73E0,-2.55E0));
#1217=DIRECTION('',(0.E0,-1.E0,0.E0));
#1218=DIRECTION('',(-6.E-1,0.E0,-8.E-1));
#1219=AXIS2_PLACEMENT_3D('',#1216,#1217,#1218);
#1221=CARTESIAN_POINT('',(0.E0,-2.73E0,-2.95E0));
#1222=DIRECTION('',(0.E0,0.E0,1.E0));
#1223=DIRECTION('',(-1.E0,0.E0,0.E0));
#1224=AXIS2_PLACEMENT_3D('',#1221,#1222,#1223);
#1226=CARTESIAN_POINT('',(0.E0,-2.73E0,-2.55E0));
#1227=DIRECTION('',(0.E0,1.E0,0.E0));
#1228=DIRECTION('',(6.E-1,0.E0,-8.E-1));
#1229=AXIS2_PLACEMENT_3D('',#1226,#1227,#1228);
#1231=CARTESIAN_POINT('',(2.75E0,-6.23E0,-2.95E0));
#1232=DIRECTION('',(0.E0,0.E0,1.E0));
#1233=DIRECTION('',(0.E0,1.E0,0.E0));
#1234=AXIS2_PLACEMENT_3D('',#1231,#1232,#1233);
#1236=CARTESIAN_POINT('',(2.75E0,-6.23E0,-2.55E0));
#1237=DIRECTION('',(1.E0,0.E0,0.E0));
#1238=DIRECTION('',(0.E0,-6.E-1,-8.E-1));
#1239=AXIS2_PLACEMENT_3D('',#1236,#1237,#1238);
#1241=CARTESIAN_POINT('',(2.75E0,-6.23E0,-2.95E0));
#1242=DIRECTION('',(0.E0,0.E0,1.E0));
#1243=DIRECTION('',(0.E0,-1.E0,0.E0));
#1244=AXIS2_PLACEMENT_3D('',#1241,#1242,#1243);
#1246=CARTESIAN_POINT('',(2.75E0,-6.23E0,-2.55E0));
#1247=DIRECTION('',(-1.E0,0.E0,0.E0));
#1248=DIRECTION('',(0.E0,6.E-1,-8.E-1));
#1249=AXIS2_PLACEMENT_3D('',#1246,#1247,#1248);
#1251=CARTESIAN_POINT('',(-2.75E0,-6.23E0,-2.95E0));
#1252=DIRECTION('',(0.E0,0.E0,1.E0));
#1253=DIRECTION('',(0.E0,-1.E0,0.E0));
#1254=AXIS2_PLACEMENT_3D('',#1251,#1252,#1253);
#1256=CARTESIAN_POINT('',(-2.75E0,-6.23E0,-2.55E0));
#1257=DIRECTION('',(-1.E0,0.E0,0.E0));
#1258=DIRECTION('',(0.E0,6.E-1,-8.E-1));
#1259=AXIS2_PLACEMENT_3D('',#1256,#1257,#1258);
#1261=CARTESIAN_POINT('',(-2.75E0,-6.23E0,-2.55E0));
#1262=DIRECTION('',(1.E0,0.E0,0.E0));
#1263=DIRECTION('',(0.E0,-6.E-1,-8.E-1));
#1264=AXIS2_PLACEMENT_3D('',#1261,#1262,#1263);
#1266=CARTESIAN_POINT('',(-2.75E0,-6.23E0,-2.95E0));
#1267=DIRECTION('',(0.E0,0.E0,1.E0));
#1268=DIRECTION('',(0.E0,1.E0,0.E0));
#1269=AXIS2_PLACEMENT_3D('',#1266,#1267,#1268);
#1271=CARTESIAN_POINT('',(1.456021977856E0,-7.83E0,2.45E0));
#1272=CARTESIAN_POINT('',(1.459025530616E0,-7.752206972094E0,2.460933097076E0));
#1273=CARTESIAN_POINT('',(1.464959540692E0,-7.596629026897E0,2.482798151356E0));
#1274=CARTESIAN_POINT('',(1.473886093053E0,-7.363295683664E0,2.515591014177E0));
#1275=CARTESIAN_POINT('',(1.479854220514E0,-7.207762497488E0,2.537449777986E0));
#1276=CARTESIAN_POINT('',(1.482802369648E0,-7.13E0,2.548378584292E0));
#1278=CARTESIAN_POINT('',(0.E0,-7.13E0,0.E0));
#1279=DIRECTION('',(0.E0,1.E0,0.E0));
#1280=DIRECTION('',(5.029212929262E-1,0.E0,8.643322122433E-1));
#1281=AXIS2_PLACEMENT_3D('',#1278,#1279,#1280);
#1283=CARTESIAN_POINT('',(1.482802369648E0,-7.13E0,-2.548378584292E0));
#1284=CARTESIAN_POINT('',(1.479854220514E0,-7.207762497487E0,
-2.537449777986E0));
#1285=CARTESIAN_POINT('',(1.473886093053E0,-7.363295683663E0,
-2.515591014177E0));
#1286=CARTESIAN_POINT('',(1.464959540692E0,-7.596629026896E0,
-2.482798151355E0));
#1287=CARTESIAN_POINT('',(1.459025530616E0,-7.752206972093E0,
-2.460933097076E0));
#1288=CARTESIAN_POINT('',(1.456021977856E0,-7.83E0,-2.45E0));
#1290=DIRECTION('',(-1.E0,0.E0,0.E0));
#1291=VECTOR('',#1290,2.912043955712E0);
#1292=CARTESIAN_POINT('',(1.456021977856E0,-7.83E0,2.45E0));
#1293=LINE('',#1292,#1291);
#1294=DIRECTION('',(1.E0,0.E0,0.E0));
#1295=VECTOR('',#1294,2.965604739296E0);
#1296=CARTESIAN_POINT('',(-1.482802369648E0,-7.13E0,2.548378584292E0));
#1297=LINE('',#1296,#1295);
#1298=CARTESIAN_POINT('',(0.E0,-7.83E0,0.E0));
#1299=DIRECTION('',(0.E0,1.E0,0.E0));
#1300=DIRECTION('',(5.108849045109E-1,0.E0,8.596491228070E-1));
#1301=AXIS2_PLACEMENT_3D('',#1298,#1299,#1300);
#1303=DIRECTION('',(-1.E0,0.E0,0.E0));
#1304=VECTOR('',#1303,2.912043955712E0);
#1305=CARTESIAN_POINT('',(1.456021977856E0,-7.83E0,-2.45E0));
#1306=LINE('',#1305,#1304);
#1307=CARTESIAN_POINT('',(0.E0,-7.83E0,0.E0));
#1308=DIRECTION('',(0.E0,1.E0,0.E0));
#1309=DIRECTION('',(-5.108849045109E-1,0.E0,-8.596491228070E-1));
#1310=AXIS2_PLACEMENT_3D('',#1307,#1308,#1309);
#1312=DIRECTION('',(-1.E0,0.E0,0.E0));
#1313=VECTOR('',#1312,2.965604739296E0);
#1314=CARTESIAN_POINT('',(1.482802369648E0,-7.13E0,-2.548378584292E0));
#1315=LINE('',#1314,#1313);
#1316=CARTESIAN_POINT('',(-1.482802369648E0,-7.13E0,2.548378584292E0));
#1317=CARTESIAN_POINT('',(-1.479854220514E0,-7.207762497487E0,
2.537449777987E0));
#1318=CARTESIAN_POINT('',(-1.473886093053E0,-7.363295683662E0,
2.515591014178E0));
#1319=CARTESIAN_POINT('',(-1.464959540692E0,-7.596629026896E0,
2.482798151356E0));
#1320=CARTESIAN_POINT('',(-1.459025530616E0,-7.752206972093E0,
2.460933097076E0));
#1321=CARTESIAN_POINT('',(-1.456021977856E0,-7.83E0,2.45E0));
#1323=CARTESIAN_POINT('',(-1.456021977856E0,-7.83E0,-2.45E0));
#1324=CARTESIAN_POINT('',(-1.459025530616E0,-7.752206972093E0,
-2.460933097076E0));
#1325=CARTESIAN_POINT('',(-1.464959540692E0,-7.596629026895E0,
-2.482798151355E0));
#1326=CARTESIAN_POINT('',(-1.473886093053E0,-7.363295683662E0,
-2.515591014177E0));
#1327=CARTESIAN_POINT('',(-1.479854220514E0,-7.207762497487E0,
-2.537449777986E0));
#1328=CARTESIAN_POINT('',(-1.482802369648E0,-7.13E0,-2.548378584292E0));
#1330=CARTESIAN_POINT('',(0.E0,-7.13E0,0.E0));
#1331=DIRECTION('',(0.E0,1.E0,0.E0));
#1332=DIRECTION('',(-5.029212929262E-1,0.E0,-8.643322122433E-1));
#1333=AXIS2_PLACEMENT_3D('',#1330,#1331,#1332);
#1335=CARTESIAN_POINT('',(0.E0,-7.83E0,0.E0));
#1336=DIRECTION('',(0.E0,1.E0,0.E0));
#1337=DIRECTION('',(-5.425863986500E-1,0.E0,-8.4E-1));
#1338=AXIS2_PLACEMENT_3D('',#1335,#1336,#1337);
#1340=CARTESIAN_POINT('',(0.E0,-7.83E0,0.E0));
#1341=DIRECTION('',(0.E0,1.E0,0.E0));
#1342=DIRECTION('',(-1.E0,0.E0,0.E0));
#1343=AXIS2_PLACEMENT_3D('',#1340,#1341,#1342);
#1345=DIRECTION('',(8.738905384513E-7,-9.999999999996E-1,2.461494627878E-7));
#1346=VECTOR('',#1345,9.000000000004E-1);
#1347=CARTESIAN_POINT('',(-1.356465996625E0,-7.83E0,2.1E0));
#1348=LINE('',#1347,#1346);
#1349=DIRECTION('',(-8.738993854485E-7,9.999999999996E-1,2.461531472479E-7));
#1350=VECTOR('',#1349,9.000000000004E-1);
#1351=CARTESIAN_POINT('',(-1.356465210116E0,-8.73E0,-2.100000221538E0));
#1352=LINE('',#1351,#1350);
#1353=DIRECTION('',(1.E0,0.E0,0.E0));
#1354=VECTOR('',#1353,2.712931993250E0);
#1355=CARTESIAN_POINT('',(-1.356465996625E0,-7.83E0,2.1E0));
#1356=LINE('',#1355,#1354);
#1357=CARTESIAN_POINT('',(0.E0,-7.83E0,0.E0));
#1358=DIRECTION('',(0.E0,1.E0,0.E0));
#1359=DIRECTION('',(5.425863986500E-1,0.E0,8.4E-1));
#1360=AXIS2_PLACEMENT_3D('',#1357,#1358,#1359);
#1362=CARTESIAN_POINT('',(0.E0,-7.83E0,0.E0));
#1363=DIRECTION('',(0.E0,1.E0,0.E0));
#1364=DIRECTION('',(1.E0,0.E0,0.E0));
#1365=AXIS2_PLACEMENT_3D('',#1362,#1363,#1364);
#1367=DIRECTION('',(-8.738845156147E-7,-9.999999999996E-1,-2.461477668604E-7));
#1368=VECTOR('',#1367,9.000000000004E-1);
#1369=CARTESIAN_POINT('',(1.356465996625E0,-7.83E0,-2.1E0));
#1370=LINE('',#1369,#1368);
#1371=DIRECTION('',(8.738933638455E-7,9.999999999996E-1,-2.461514508271E-7));
#1372=VECTOR('',#1371,9.000000000004E-1);
#1373=CARTESIAN_POINT('',(1.356465210121E0,-8.73E0,2.100000221536E0));
#1374=LINE('',#1373,#1372);
#1375=DIRECTION('',(-1.E0,0.E0,0.E0));
#1376=VECTOR('',#1375,2.712931993250E0);
#1377=CARTESIAN_POINT('',(1.356465996625E0,-7.83E0,-2.1E0));
#1378=LINE('',#1377,#1376);
#1379=DIRECTION('',(-1.E0,0.E0,0.E0));
#1380=VECTOR('',#1379,5.782732917920E-1);
#1381=CARTESIAN_POINT('',(2.891366458960E-1,-8.75E0,-2.08E0));
#1382=LINE('',#1381,#1380);
#1383=CARTESIAN_POINT('',(-2.891366458960E-1,-8.75E0,-2.08E0));
#1384=CARTESIAN_POINT('',(-1.936671204520E-1,-8.736728971936E0,
-2.093271028064E0));
#1385=CARTESIAN_POINT('',(-9.729681731812E-2,-8.73E0,-2.1E0));
#1386=CARTESIAN_POINT('',(0.E0,-8.73E0,-2.1E0));
#1388=DIRECTION('',(-1.E0,0.E0,-1.633199608111E-7));
#1389=VECTOR('',#1388,1.356465210116E0);
#1390=CARTESIAN_POINT('',(0.E0,-8.73E0,-2.1E0));
#1391=LINE('',#1390,#1389);
#1392=CARTESIAN_POINT('',(1.296147936942E0,-8.93E0,-1.900000059247E0));
#1393=CARTESIAN_POINT('',(1.302998907353E0,-8.907800311412E0,
-1.922199747835E0));
#1394=CARTESIAN_POINT('',(1.316594190131E0,-8.863384830988E0,
-1.966615170901E0));
#1395=CARTESIAN_POINT('',(1.336703394667E0,-8.796718231091E0,
-2.033281673426E0));
#1396=CARTESIAN_POINT('',(1.349905957840E0,-8.752243533512E0,
-2.077756688021E0));
#1397=CARTESIAN_POINT('',(1.356465210129E0,-8.73E0,-2.100000221533E0));
#1399=DIRECTION('',(-1.E0,0.E0,1.633163906532E-7));
#1400=VECTOR('',#1399,1.356465210129E0);
#1401=CARTESIAN_POINT('',(1.356465210129E0,-8.73E0,-2.100000221533E0));
#1402=LINE('',#1401,#1400);
#1403=CARTESIAN_POINT('',(0.E0,-8.73E0,-2.1E0));
#1404=CARTESIAN_POINT('',(9.729681731812E-2,-8.73E0,-2.1E0));
#1405=CARTESIAN_POINT('',(1.936671204520E-1,-8.736728971936E0,
-2.093271028064E0));
#1406=CARTESIAN_POINT('',(2.891366458960E-1,-8.75E0,-2.08E0));
#1408=CARTESIAN_POINT('',(0.E0,-8.75E0,0.E0));
#1409=DIRECTION('',(0.E0,-1.E0,0.E0));
#1410=DIRECTION('',(-1.376841170933E-1,0.E0,-9.904761904762E-1));
#1411=AXIS2_PLACEMENT_3D('',#1408,#1409,#1410);
#1413=CARTESIAN_POINT('',(0.E0,-8.73E0,0.E0));
#1414=DIRECTION('',(0.E0,1.E0,0.E0));
#1415=DIRECTION('',(-5.425863986500E-1,0.E0,-8.4E-1));
#1416=AXIS2_PLACEMENT_3D('',#1413,#1414,#1415);
#1418=CARTESIAN_POINT('',(0.E0,-8.73E0,0.E0));
#1419=DIRECTION('',(0.E0,1.E0,0.E0));
#1420=DIRECTION('',(-1.E0,0.E0,0.E0));
#1421=AXIS2_PLACEMENT_3D('',#1418,#1419,#1420);
#1423=CARTESIAN_POINT('',(0.E0,-8.93E0,0.E0));
#1424=DIRECTION('',(0.E0,-1.E0,0.E0));
#1425=DIRECTION('',(-5.635426694269E-1,0.E0,8.260869565216E-1));
#1426=AXIS2_PLACEMENT_3D('',#1423,#1424,#1425);
#1428=CARTESIAN_POINT('',(0.E0,-8.93E0,0.E0));
#1429=DIRECTION('',(0.E0,-1.E0,0.E0));
#1430=DIRECTION('',(-1.E0,0.E0,0.E0));
#1431=AXIS2_PLACEMENT_3D('',#1428,#1429,#1430);
#1433=CARTESIAN_POINT('',(-1.296147911188E0,-8.93E0,-1.900000066580E0));
#1434=CARTESIAN_POINT('',(-1.302826468996E0,-8.908358992284E0,
-1.921641074297E0));
#1435=CARTESIAN_POINT('',(-1.316197262151E0,-8.864689244240E0,
-1.965310754228E0));
#1436=CARTESIAN_POINT('',(-1.336312691809E0,-8.798023612165E0,
-2.031976293328E0));
#1437=CARTESIAN_POINT('',(-1.349740882354E0,-8.752803332352E0,
-2.077196889186E0));
#1438=CARTESIAN_POINT('',(-1.356465210116E0,-8.73E0,-2.100000221538E0));
#1440=DIRECTION('',(1.E0,0.E0,0.E0));
#1441=VECTOR('',#1440,5.782732917920E-1);
#1442=CARTESIAN_POINT('',(-2.891366458960E-1,-8.75E0,2.08E0));
#1443=LINE('',#1442,#1441);
#1444=CARTESIAN_POINT('',(2.891366458960E-1,-8.75E0,2.08E0));
#1445=CARTESIAN_POINT('',(1.936671204520E-1,-8.736728971936E0,
2.093271028064E0));
#1446=CARTESIAN_POINT('',(9.729681731812E-2,-8.73E0,2.1E0));
#1447=CARTESIAN_POINT('',(0.E0,-8.73E0,2.1E0));
#1449=DIRECTION('',(1.E0,0.E0,1.633188352536E-7));
#1450=VECTOR('',#1449,1.356465210121E0);
#1451=CARTESIAN_POINT('',(0.E0,-8.73E0,2.1E0));
#1452=LINE('',#1451,#1450);
#1453=CARTESIAN_POINT('',(-1.296147936936E0,-8.93E0,1.900000059249E0));
#1454=CARTESIAN_POINT('',(-1.302998907348E0,-8.907800311410E0,
1.922199747838E0));
#1455=CARTESIAN_POINT('',(-1.316594190117E0,-8.863384830985E0,
1.966615170903E0));
#1456=CARTESIAN_POINT('',(-1.336703394654E0,-8.796718231089E0,
2.033281673428E0));
#1457=CARTESIAN_POINT('',(-1.349905957835E0,-8.752243533511E0,
2.077756688023E0));
#1458=CARTESIAN_POINT('',(-1.356465210124E0,-8.73E0,2.100000221535E0));
#1460=DIRECTION('',(1.E0,0.E0,-1.633175162107E-7));
#1461=VECTOR('',#1460,1.356465210124E0);
#1462=CARTESIAN_POINT('',(-1.356465210124E0,-8.73E0,2.100000221535E0));
#1463=LINE('',#1462,#1461);
#1464=CARTESIAN_POINT('',(0.E0,-8.73E0,2.1E0));
#1465=CARTESIAN_POINT('',(-9.729681731812E-2,-8.73E0,2.1E0));
#1466=CARTESIAN_POINT('',(-1.936671204520E-1,-8.736728971936E0,
2.093271028064E0));
#1467=CARTESIAN_POINT('',(-2.891366458960E-1,-8.75E0,2.08E0));
#1469=CARTESIAN_POINT('',(0.E0,-8.75E0,0.E0));
#1470=DIRECTION('',(0.E0,-1.E0,0.E0));
#1471=DIRECTION('',(1.376841170933E-1,0.E0,9.904761904762E-1));
#1472=AXIS2_PLACEMENT_3D('',#1469,#1470,#1471);
#1474=CARTESIAN_POINT('',(0.E0,-8.73E0,0.E0));
#1475=DIRECTION('',(0.E0,1.E0,0.E0));
#1476=DIRECTION('',(5.425863986500E-1,0.E0,8.4E-1));
#1477=AXIS2_PLACEMENT_3D('',#1474,#1475,#1476);
#1479=CARTESIAN_POINT('',(0.E0,-8.73E0,0.E0));
#1480=DIRECTION('',(0.E0,1.E0,0.E0));
#1481=DIRECTION('',(1.E0,0.E0,0.E0));
#1482=AXIS2_PLACEMENT_3D('',#1479,#1480,#1481);
#1484=CARTESIAN_POINT('',(0.E0,-8.93E0,0.E0));
#1485=DIRECTION('',(0.E0,-1.E0,0.E0));
#1486=DIRECTION('',(5.635426694269E-1,0.E0,-8.260869565216E-1));
#1487=AXIS2_PLACEMENT_3D('',#1484,#1485,#1486);
#1489=CARTESIAN_POINT('',(0.E0,-8.93E0,0.E0));
#1490=DIRECTION('',(0.E0,-1.E0,0.E0));
#1491=DIRECTION('',(1.E0,0.E0,0.E0));
#1492=AXIS2_PLACEMENT_3D('',#1489,#1490,#1491);
#1494=CARTESIAN_POINT('',(1.296147911194E0,-8.93E0,1.900000066579E0));
#1495=CARTESIAN_POINT('',(1.302826469001E0,-8.908358992284E0,1.921641074294E0));
#1496=CARTESIAN_POINT('',(1.316197262162E0,-8.864689244242E0,1.965310754226E0));
#1497=CARTESIAN_POINT('',(1.336312691820E0,-8.798023612167E0,2.031976293327E0));
#1498=CARTESIAN_POINT('',(1.349740882359E0,-8.752803332353E0,2.077196889184E0));
#1499=CARTESIAN_POINT('',(1.356465210121E0,-8.73E0,2.100000221536E0));
#1501=DIRECTION('',(2.182909980910E-7,1.E0,-8.681328275971E-8));
#1502=VECTOR('',#1501,3.650000090060E0);
#1503=CARTESIAN_POINT('',(1.296147114432E0,-1.258000009006E1,1.900000383447E0));
#1504=LINE('',#1503,#1502);
#1505=DIRECTION('',(-2.203284388200E-7,-1.E0,-4.722003377948E-8));
#1506=VECTOR('',#1505,3.650000090059E0);
#1507=CARTESIAN_POINT('',(1.296147936942E0,-8.93E0,-1.900000059247E0));
#1508=LINE('',#1507,#1506);
#1509=CARTESIAN_POINT('',(1.232882680704E0,-1.278000002043E1,1.700000249076E0));
#1510=CARTESIAN_POINT('',(1.239883673492E0,-1.275842150905E1,1.721578760457E0));
#1511=CARTESIAN_POINT('',(1.253903004187E0,-1.271483526920E1,1.765164668161E0));
#1512=CARTESIAN_POINT('',(1.275003497963E0,-1.264816989140E1,1.831829923565E0));
#1513=CARTESIAN_POINT('',(1.289090581451E0,-1.260286589801E1,1.877134575499E0));
#1514=CARTESIAN_POINT('',(1.296147114432E0,-1.258000009006E1,1.900000383447E0));
#1516=CARTESIAN_POINT('',(-2.735360007389E-7,-1.258000011276E1,
3.292069613474E-7));
#1517=DIRECTION('',(0.E0,1.E0,0.E0));
#1518=DIRECTION('',(5.635427985315E-1,0.E0,8.260868684486E-1));
#1519=AXIS2_PLACEMENT_3D('',#1516,#1517,#1518);
#1521=CARTESIAN_POINT('',(-2.735360007389E-7,-1.258000011276E1,
3.292069613474E-7));
#1522=DIRECTION('',(0.E0,1.E0,0.E0));
#1523=DIRECTION('',(1.E0,0.E0,-1.431334444327E-7));
#1524=AXIS2_PLACEMENT_3D('',#1521,#1522,#1523);
#1526=CARTESIAN_POINT('',(-2.735360007389E-7,-1.278E1,3.292069613474E-7));
#1527=DIRECTION('',(0.E0,1.E0,0.E0));
#1528=DIRECTION('',(5.870874296749E-1,0.E0,8.095235326522E-1));
#1529=AXIS2_PLACEMENT_3D('',#1526,#1527,#1528);
#1531=DIRECTION('',(-1.E0,0.E0,-7.679643309626E-8));
#1532=VECTOR('',#1531,2.465765065564E0);
#1533=CARTESIAN_POINT('',(1.232882384860E0,-1.278000002043E1,
-1.700000059714E0));
#1534=LINE('',#1533,#1532);
#1535=CARTESIAN_POINT('',(2.735360008499E-7,-1.278E1,-3.292069736469E-7));
#1536=DIRECTION('',(0.E0,1.E0,0.E0));
#1537=DIRECTION('',(-5.870874296749E-1,0.E0,-8.095235326522E-1));
#1538=AXIS2_PLACEMENT_3D('',#1535,#1536,#1537);
#1540=DIRECTION('',(1.E0,0.E0,7.679644102075E-8));
#1541=VECTOR('',#1540,2.465765065564E0);
#1542=CARTESIAN_POINT('',(-1.232882384860E0,-1.278000002043E1,
1.700000059714E0));
#1543=LINE('',#1542,#1541);
#1544=DIRECTION('',(-1.E0,0.E0,-5.857629807827E-8));
#1545=VECTOR('',#1544,2.592294247174E0);
#1546=CARTESIAN_POINT('',(1.296147132743E0,-1.258000009006E1,
-1.900000231600E0));
#1547=LINE('',#1546,#1545);
#1548=CARTESIAN_POINT('',(1.232882384860E0,-1.278000002043E1,
-1.700000059714E0));
#1549=CARTESIAN_POINT('',(1.240083403210E0,-1.275780498603E1,
-1.722195094121E0));
#1550=CARTESIAN_POINT('',(1.254361850785E0,-1.271339540112E1,
-1.766604604365E0));
#1551=CARTESIAN_POINT('',(1.275454340266E0,-1.264672877633E1,
-1.833271084252E0));
#1552=CARTESIAN_POINT('',(1.289281320088E0,-1.260224789522E1,
-1.877752426440E0));
#1553=CARTESIAN_POINT('',(1.296147132743E0,-1.258000009006E1,
-1.900000231600E0));
#1555=DIRECTION('',(-1.E0,0.E0,-2.828835238088E-9));
#1556=VECTOR('',#1555,2.592295848130E0);
#1557=CARTESIAN_POINT('',(1.296147936942E0,-8.93E0,-1.900000059247E0));
#1558=LINE('',#1557,#1556);
#1559=DIRECTION('',(-2.182895569303E-7,1.E0,8.681286093581E-8));
#1560=VECTOR('',#1559,3.650000090060E0);
#1561=CARTESIAN_POINT('',(-1.296147114431E0,-1.258000009006E1,
-1.900000383447E0));
#1562=LINE('',#1561,#1560);
#1563=DIRECTION('',(2.203269565354E-7,-1.E0,4.721959832873E-8));
#1564=VECTOR('',#1563,3.650000090059E0);
#1565=CARTESIAN_POINT('',(-1.296147936936E0,-8.93E0,1.900000059249E0));
#1566=LINE('',#1565,#1564);
#1567=CARTESIAN_POINT('',(-1.232882680704E0,-1.278000002043E1,
-1.700000249076E0));
#1568=CARTESIAN_POINT('',(-1.239883673492E0,-1.275842150905E1,
-1.721578760456E0));
#1569=CARTESIAN_POINT('',(-1.253903004187E0,-1.271483526920E1,
-1.765164668161E0));
#1570=CARTESIAN_POINT('',(-1.275003497963E0,-1.264816989140E1,
-1.831829923565E0));
#1571=CARTESIAN_POINT('',(-1.289090581451E0,-1.260286589801E1,
-1.877134575499E0));
#1572=CARTESIAN_POINT('',(-1.296147114431E0,-1.258000009006E1,
-1.900000383447E0));
#1574=CARTESIAN_POINT('',(2.735360008499E-7,-1.258000011276E1,
-3.292069736469E-7));
#1575=DIRECTION('',(0.E0,1.E0,0.E0));
#1576=DIRECTION('',(-5.635427985315E-1,0.E0,-8.260868684486E-1));
#1577=AXIS2_PLACEMENT_3D('',#1574,#1575,#1576);
#1579=CARTESIAN_POINT('',(2.735360008499E-7,-1.258000011276E1,
-3.292069736469E-7));
#1580=DIRECTION('',(0.E0,1.E0,0.E0));
#1581=DIRECTION('',(-1.E0,0.E0,1.431334481264E-7));
#1582=AXIS2_PLACEMENT_3D('',#1579,#1580,#1581);
#1584=CARTESIAN_POINT('',(-1.232882384860E0,-1.278000002043E1,
1.700000059714E0));
#1585=CARTESIAN_POINT('',(-1.240083403210E0,-1.275780498603E1,
1.722195094121E0));
#1586=CARTESIAN_POINT('',(-1.254361850785E0,-1.271339540112E1,
1.766604604367E0));
#1587=CARTESIAN_POINT('',(-1.275454340267E0,-1.264672877632E1,
1.833271084254E0));
#1588=CARTESIAN_POINT('',(-1.289281320088E0,-1.260224789522E1,
1.877752426441E0));
#1589=CARTESIAN_POINT('',(-1.296147132743E0,-1.258000009006E1,
1.900000231600E0));
#1591=DIRECTION('',(1.E0,0.E0,5.857629216803E-8));
#1592=VECTOR('',#1591,2.592294247174E0);
#1593=CARTESIAN_POINT('',(-1.296147132743E0,-1.258000009006E1,
1.900000231600E0));
#1594=LINE('',#1593,#1592);
#1595=DIRECTION('',(1.E0,0.E0,2.827622269417E-9));
#1596=VECTOR('',#1595,2.592295848130E0);
#1597=CARTESIAN_POINT('',(-1.296147936936E0,-8.93E0,1.900000059249E0));
#1598=LINE('',#1597,#1596);
#1599=DIRECTION('',(-2.616864640912E-1,9.651529384048E-1,0.E0));
#1600=VECTOR('',#1599,6.328952819156E0);
#1601=CARTESIAN_POINT('',(2.718913900303E0,-1.659980298675E1,0.E0));
#1602=LINE('',#1601,#1600);
#1603=CARTESIAN_POINT('',(2.312871550338E-1,-1.066812051351E1,0.E0));
#1604=DIRECTION('',(-2.079116908178E-1,9.781476007338E-1,0.E0));
#1605=DIRECTION('',(9.781476007338E-1,2.079116908178E-1,0.E0));
#1606=AXIS2_PLACEMENT_3D('',#1603,#1604,#1605);
#1608=DIRECTION('',(-1.535005856247E-1,9.881485567529E-1,0.E0));
#1609=VECTOR('',#1608,6.328952819156E0);
#1610=CARTESIAN_POINT('',(3.713596585416E-1,-1.709879104471E1,0.E0));
#1611=LINE('',#1610,#1609);
#1612=CARTESIAN_POINT('',(2.312871550338E-1,-1.066812051351E1,0.E0));
#1613=DIRECTION('',(-2.079116908178E-1,9.781476007338E-1,0.E0));
#1614=DIRECTION('',(-9.781476007338E-1,-2.079116908178E-1,0.E0));
#1615=AXIS2_PLACEMENT_3D('',#1612,#1613,#1614);
#1617=CARTESIAN_POINT('',(1.558955296821E0,-1.691430802875E1,0.E0));
#1618=DIRECTION('',(0.E0,0.E0,-1.E0));
#1619=DIRECTION('',(2.079116908178E-1,-9.781476007338E-1,0.E0));
#1620=AXIS2_PLACEMENT_3D('',#1617,#1618,#1619);
#1622=CARTESIAN_POINT('',(1.545136779423E0,-1.684929701573E1,0.E0));
#1623=DIRECTION('',(-2.079116908178E-1,9.781476007338E-1,0.E0));
#1624=DIRECTION('',(-9.781476007338E-1,-2.079116908178E-1,0.E0));
#1625=AXIS2_PLACEMENT_3D('',#1622,#1623,#1624);
#1627=CARTESIAN_POINT('',(1.558955296821E0,-1.691430802875E1,0.E0));
#1628=DIRECTION('',(0.E0,0.E0,1.E0));
#1629=DIRECTION('',(2.079116908178E-1,-9.781476007338E-1,0.E0));
#1630=AXIS2_PLACEMENT_3D('',#1627,#1628,#1629);
#1632=CARTESIAN_POINT('',(1.545136779423E0,-1.684929701573E1,0.E0));
#1633=DIRECTION('',(-2.079116908178E-1,9.781476007338E-1,0.E0));
#1634=DIRECTION('',(9.781476007338E-1,2.079116908178E-1,0.E0));
#1635=AXIS2_PLACEMENT_3D('',#1632,#1633,#1634);
#1637=DIRECTION('',(0.E0,0.E0,-1.E0));
#1638=VECTOR('',#1637,4.171247252614E0);
#1639=CARTESIAN_POINT('',(-3.635623626307E0,-6.73E0,2.085623626307E0));
#1640=LINE('',#1639,#1638);
#1641=DIRECTION('',(-3.869614014830E-6,-8.345442422267E-8,9.999999999925E-1));
#1642=VECTOR('',#1641,4.191238687908E0);
#1643=CARTESIAN_POINT('',(-3.935559934796E0,-6.435235245763E0,
-2.095619343854E0));
#1644=LINE('',#1643,#1642);
#1645=CARTESIAN_POINT('',(-3.935576153272E0,-6.435235595541E0,
2.095619344022E0));
#1646=CARTESIAN_POINT('',(-3.935275120431E0,-6.452481866881E0,
2.095605827628E0));
#1647=CARTESIAN_POINT('',(-3.931693740730E0,-6.486968657135E0,
2.095488062226E0));
#1648=CARTESIAN_POINT('',(-3.917446185477E0,-6.537157325986E0,
2.095003714960E0));
#1649=CARTESIAN_POINT('',(-3.894714056458E0,-6.584214018065E0,
2.094268503963E0));
#1650=CARTESIAN_POINT('',(-3.864149465092E0,-6.626686232004E0,
2.093250727596E0));
#1651=CARTESIAN_POINT('',(-3.826776959748E0,-6.663160698423E0,
2.091999020255E0));
#1652=CARTESIAN_POINT('',(-3.783828224518E0,-6.692552577369E0,
2.090579704366E0));
#1653=CARTESIAN_POINT('',(-3.736617547728E0,-6.714058672304E0,
2.088852973413E0));
#1654=CARTESIAN_POINT('',(-3.686756264448E0,-6.727094073045E0,
2.087633758223E0));
#1655=CARTESIAN_POINT('',(-3.652642105502E0,-6.73E0,2.086329480868E0));
#1656=CARTESIAN_POINT('',(-3.635623626307E0,-6.73E0,2.085623626307E0));
#1658=CARTESIAN_POINT('',(-3.645619343854E0,-6.435235245763E0,
2.385559934819E0));
#1659=CARTESIAN_POINT('',(-3.645518997859E0,-6.444607879513E0,
2.385396335945E0));
#1660=CARTESIAN_POINT('',(-3.645309849867E0,-6.466120120113E0,
2.384033101220E0));
#1661=CARTESIAN_POINT('',(-3.645589956427E0,-6.503320913667E0,
2.377832012544E0));
#1662=CARTESIAN_POINT('',(-3.644556615714E0,-6.552852740664E0,
2.360638923754E0));
#1663=CARTESIAN_POINT('',(-3.644262286365E0,-6.587063067752E0,
2.342296759627E0));
#1664=CARTESIAN_POINT('',(-3.643181800066E0,-6.626253784379E0,
2.314442277396E0));
#1665=CARTESIAN_POINT('',(-3.641978738526E0,-6.662395972645E0,
2.277717825453E0));
#1666=CARTESIAN_POINT('',(-3.640731137194E0,-6.692173314192E0,
2.234475949885E0));
#1667=CARTESIAN_POINT('',(-3.638859113629E0,-6.713511014753E0,
2.188078601516E0));
#1668=CARTESIAN_POINT('',(-3.637661036755E0,-6.726965283885E0,
2.137797118690E0));
#1669=CARTESIAN_POINT('',(-3.636336253805E0,-6.73E0,2.103067411685E0));
#1670=CARTESIAN_POINT('',(-3.635623626307E0,-6.73E0,2.085623626307E0));
#1672=CARTESIAN_POINT('',(-4.049999998654E0,1.199999497471E-1,
2.210019322429E0));
#1673=CARTESIAN_POINT('',(-4.049998350352E0,1.198687144974E-1,
2.226891447737E0));
#1674=CARTESIAN_POINT('',(-4.047035158005E0,1.196183013710E-1,
2.260655175964E0));
#1675=CARTESIAN_POINT('',(-4.033934846195E0,1.192429896316E-1,
2.309588054008E0));
#1676=CARTESIAN_POINT('',(-4.012402292547E0,1.190702271578E-1,
2.355796490582E0));
#1677=CARTESIAN_POINT('',(-3.983241575607E0,1.189434392121E-1,
2.397397923024E0));
#1678=CARTESIAN_POINT('',(-3.947397361514E0,1.189434356362E-1,
2.433242407180E0));
#1679=CARTESIAN_POINT('',(-3.905791766344E0,1.190702482326E-1,
2.462404953015E0));
#1680=CARTESIAN_POINT('',(-3.859588321449E0,1.192429845404E-1,
2.483934455576E0));
#1681=CARTESIAN_POINT('',(-3.810656118864E0,1.196183135186E-1,
2.497035046307E0));
#1682=CARTESIAN_POINT('',(-3.776892027829E0,1.198686614145E-1,
2.499998349464E0));
#1683=CARTESIAN_POINT('',(-3.760019323159E0,1.199999955724E-1,
2.499999999454E0));
#1685=CARTESIAN_POINT('',(-3.645622104296E0,-6.430174464643E0,
2.095622104296E0));
#1686=DIRECTION('',(1.744974916068E-2,-9.996954598819E-1,-1.744974916068E-2));
#1687=DIRECTION('',(3.806568619241E-5,-1.745174218799E-2,9.998477060261E-1));
#1688=AXIS2_PLACEMENT_3D('',#1685,#1686,#1687);
#1690=DIRECTION('',(-1.196197793483E-5,-9.999999999285E-1,-4.756953461545E-10));
#1691=VECTOR('',#1690,9.999816165231E-1);
#1692=CARTESIAN_POINT('',(-3.760007361401E0,1.119981612024E0,2.499999999930E0));
#1693=LINE('',#1692,#1691);
#1694=DIRECTION('',(-1.293089126633E-9,9.999999999048E-1,-1.380137764309E-5));
#1695=VECTOR('',#1694,1.000000049993E0);
#1696=CARTESIAN_POINT('',(-4.049999998654E0,1.199999497471E-1,
2.210019322429E0));
#1697=LINE('',#1696,#1695);
#1698=CARTESIAN_POINT('',(-3.76E0,1.12E0,2.21E0));
#1699=DIRECTION('',(-5.653937775242E-14,-1.E0,1.675288260607E-12));
#1700=DIRECTION('',(-3.807621010980E-5,1.675288260608E-12,9.999999992751E-1));
#1701=AXIS2_PLACEMENT_3D('',#1698,#1699,#1700);
#1703=CARTESIAN_POINT('',(-3.75E0,1.12E0,2.21E0));
#1704=DIRECTION('',(4.165250519973E-13,-1.675288260607E-12,-1.E0));
#1705=DIRECTION('',(-1.E0,-2.363849856596E-9,-4.159635598926E-13));
#1706=AXIS2_PLACEMENT_3D('',#1703,#1704,#1705);
#1708=CARTESIAN_POINT('',(-3.742928931513E0,1.127071067138E0,2.21E0));
#1709=DIRECTION('',(7.071067137715E-1,-7.071068486016E-1,1.479135463178E-12));
#1710=DIRECTION('',(7.071068484283E-1,7.071067135983E-1,-2.213774183893E-5));
#1711=AXIS2_PLACEMENT_3D('',#1708,#1709,#1710);
#1713=DIRECTION('',(-1.E0,5.176033327920E-14,0.E0));
#1714=VECTOR('',#1713,1.767422491962E0);
#1715=CARTESIAN_POINT('',(3.635623626307E0,-6.73E0,2.085623626307E0));
#1716=LINE('',#1715,#1714);
#1717=CARTESIAN_POINT('',(1.868201134345E0,-6.73E0,2.085623626307E0));
#1718=CARTESIAN_POINT('',(1.827166605024E0,-6.729999661177E0,2.104006381448E0));
#1719=CARTESIAN_POINT('',(1.740788315593E0,-6.726616835712E0,2.140492012380E0));
#1720=CARTESIAN_POINT('',(1.599297670781E0,-6.711864654904E0,2.193146697607E0));
#1721=CARTESIAN_POINT('',(1.495962791150E0,-6.695455499775E0,2.226664822074E0));
#1722=CARTESIAN_POINT('',(1.442219809181E0,-6.685522706632E0,2.242811877762E0));
#1724=DIRECTION('',(-1.E0,0.E0,0.E0));
#1725=VECTOR('',#1724,2.884441307461E0);
#1726=CARTESIAN_POINT('',(1.442219809181E0,-6.685522706632E0,2.242811877762E0));
#1727=LINE('',#1726,#1725);
#1728=CARTESIAN_POINT('',(-1.442221498279E0,-6.685522706632E0,
2.242811877762E0));
#1729=CARTESIAN_POINT('',(-1.496103566262E0,-6.695481561617E0,
2.226623383366E0));
#1730=CARTESIAN_POINT('',(-1.599621887310E0,-6.711911364398E0,
2.193035372086E0));
#1731=CARTESIAN_POINT('',(-1.741132032472E0,-6.726640014739E0,
2.140352971271E0));
#1732=CARTESIAN_POINT('',(-1.827309831525E0,-6.730000097121E0,
2.103941040596E0));
#1733=CARTESIAN_POINT('',(-1.868198136741E0,-6.73E0,2.085623626307E0));
#1735=DIRECTION('',(-1.E0,-5.276529880273E-14,0.E0));
#1736=VECTOR('',#1735,1.767425489566E0);
#1737=CARTESIAN_POINT('',(-1.868198136741E0,-6.73E0,2.085623626307E0));
#1738=LINE('',#1737,#1736);
#1739=DIRECTION('',(9.999999999975E-1,-4.797223019092E-8,2.224375783424E-6));
#1740=VECTOR('',#1739,7.291238687894E0);
#1741=CARTESIAN_POINT('',(-3.645619343854E0,-6.435235245763E0,
2.385559934819E0));
#1742=LINE('',#1741,#1740);
#1743=CARTESIAN_POINT('',(3.645619344022E0,-6.435235595540E0,2.385576153274E0));
#1744=CARTESIAN_POINT('',(3.645605827617E0,-6.452481866875E0,2.385275120433E0));
#1745=CARTESIAN_POINT('',(3.645488062203E0,-6.486968657110E0,2.381693740732E0));
#1746=CARTESIAN_POINT('',(3.645003714945E0,-6.537157325915E0,2.367446185501E0));
#1747=CARTESIAN_POINT('',(3.644268504001E0,-6.584214017959E0,2.344714056521E0));
#1748=CARTESIAN_POINT('',(3.643250727615E0,-6.626686231920E0,2.314149465164E0));
#1749=CARTESIAN_POINT('',(3.641999020215E0,-6.663160698331E0,2.276776959856E0));
#1750=CARTESIAN_POINT('',(3.640579704369E0,-6.692552577275E0,2.233828224679E0));
#1751=CARTESIAN_POINT('',(3.638852973474E0,-6.714058672230E0,2.186617547938E0));
#1752=CARTESIAN_POINT('',(3.637633758163E0,-6.727094073027E0,2.136756264591E0));
#1753=CARTESIAN_POINT('',(3.636329480842E0,-6.73E0,2.102642105557E0));
#1754=CARTESIAN_POINT('',(3.635623626307E0,-6.73E0,2.085623626307E0));
#1756=CARTESIAN_POINT('',(3.935559934842E0,-6.435235245764E0,2.095619343854E0));
#1757=CARTESIAN_POINT('',(3.935396335967E0,-6.444607879553E0,2.095518997981E0));
#1758=CARTESIAN_POINT('',(3.934033101187E0,-6.466120120332E0,2.095309850183E0));
#1759=CARTESIAN_POINT('',(3.927832012452E0,-6.503320914274E0,2.095589956004E0));
#1760=CARTESIAN_POINT('',(3.910638923068E0,-6.552852742221E0,2.094556616140E0));
#1761=CARTESIAN_POINT('',(3.892296759116E0,-6.587063068567E0,2.094262286223E0));
#1762=CARTESIAN_POINT('',(3.864442276334E0,-6.626253785692E0,2.093181799959E0));
#1763=CARTESIAN_POINT('',(3.827717823825E0,-6.662395974001E0,2.091978738573E0));
#1764=CARTESIAN_POINT('',(3.784475948055E0,-6.692173315222E0,2.090731137058E0));
#1765=CARTESIAN_POINT('',(3.738078599792E0,-6.713511015349E0,2.088859113637E0));
#1766=CARTESIAN_POINT('',(3.687797117532E0,-6.726965284037E0,2.087661036664E0));
#1767=CARTESIAN_POINT('',(3.653067411252E0,-6.73E0,2.086336253770E0));
#1768=CARTESIAN_POINT('',(3.635623626307E0,-6.73E0,2.085623626307E0));
#1770=CARTESIAN_POINT('',(3.645622104296E0,-6.430174464643E0,2.095622104296E0));
#1771=DIRECTION('',(-1.744974916068E-2,-9.996954598819E-1,-1.744974916068E-2));
#1772=DIRECTION('',(9.998477060261E-1,-1.745174218797E-2,-3.806568728578E-5));
#1773=AXIS2_PLACEMENT_3D('',#1770,#1771,#1772);
#1775=DIRECTION('',(-1.196124758147E-5,9.999999999285E-1,1.275464923318E-9));
#1776=VECTOR('',#1775,9.999816591200E-1);
#1777=CARTESIAN_POINT('',(3.760019322429E0,1.199999497487E-1,2.499999998654E0));
#1778=LINE('',#1777,#1776);
#1779=DIRECTION('',(-4.929940901412E-10,-9.999999999048E-1,1.380210842513E-5));
#1780=VECTOR('',#1779,9.999999997047E-1);
#1781=CARTESIAN_POINT('',(4.049999999947E0,1.119999995183E0,2.210005521050E0));
#1782=LINE('',#1781,#1780);
#1783=CARTESIAN_POINT('',(4.049999999454E0,1.199999955739E-1,2.210019323159E0));
#1784=CARTESIAN_POINT('',(4.049999356883E0,1.198662005015E-1,2.226895239968E0));
#1785=CARTESIAN_POINT('',(4.047036463263E0,1.196198812876E-1,2.260629142096E0));
#1786=CARTESIAN_POINT('',(4.033947579867E0,1.192426884097E-1,2.309553364506E0));
#1787=CARTESIAN_POINT('',(4.012429370799E0,1.190707837192E-1,2.355747437078E0));
#1788=CARTESIAN_POINT('',(3.983278158033E0,1.189433950471E-1,2.397354656115E0));
#1789=CARTESIAN_POINT('',(3.947441147472E0,1.189433106809E-1,2.433205934151E0));
#1790=CARTESIAN_POINT('',(3.905836351317E0,1.190703647771E-1,2.462379133728E0));
#1791=CARTESIAN_POINT('',(3.859628610604E0,1.192424054498E-1,2.483921962587E0));
#1792=CARTESIAN_POINT('',(3.810675031541E0,1.196193673055E-1,2.497030648256E0));
#1793=CARTESIAN_POINT('',(3.776911765919E0,1.198659367399E-1,2.499999355454E0));
#1794=CARTESIAN_POINT('',(3.760019322429E0,1.199999497487E-1,2.499999998654E0));
#1796=DIRECTION('',(-2.725176139158E-8,-2.210900244816E-7,1.E0));
#1797=VECTOR('',#1796,2.001932315878E-2);
#1798=CARTESIAN_POINT('',(4.05E0,1.2E-1,2.19E0));
#1799=LINE('',#1798,#1797);
#1800=DIRECTION('',(3.991315143995E-9,-1.E0,0.E0));
#1801=VECTOR('',#1800,7.001667969818E-1);
#1802=CARTESIAN_POINT('',(3.76E0,1.12E0,1.9E0));
#1803=LINE('',#1802,#1801);
#1804=CARTESIAN_POINT('',(3.760000002795E0,4.198332030182E-1,1.9E0));
#1805=CARTESIAN_POINT('',(3.767188347899E0,4.195934580850E-1,1.9E0));
#1806=CARTESIAN_POINT('',(3.781621631415E0,4.185928707313E-1,1.900536305867E0));
#1807=CARTESIAN_POINT('',(3.803239965772E0,4.155109086841E-1,1.902963461998E0));
#1808=CARTESIAN_POINT('',(3.824936366389E0,4.107777138978E-1,1.907072000035E0));
#1809=CARTESIAN_POINT('',(3.846628824425E0,4.043202947223E-1,1.912929935617E0));
#1810=CARTESIAN_POINT('',(3.868362055377E0,3.959998065297E-1,1.920668075190E0));
#1811=CARTESIAN_POINT('',(3.889989821167E0,3.857073967892E-1,1.930392476053E0));
#1812=CARTESIAN_POINT('',(3.911453559721E0,3.732692583214E-1,1.942271388771E0));
#1813=CARTESIAN_POINT('',(3.932560081635E0,3.585391639881E-1,1.956448323081E0));
#1814=CARTESIAN_POINT('',(3.953081852592E0,3.413729104812E-1,1.973064642150E0));
#1815=CARTESIAN_POINT('',(3.972732501326E0,3.216394214993E-1,1.992248863095E0));
#1816=CARTESIAN_POINT('',(3.991113695658E0,2.993140996145E-1,2.014024865160E0));
#1817=CARTESIAN_POINT('',(4.007838499362E0,2.743704496784E-1,2.038416859363E0));
#1818=CARTESIAN_POINT('',(4.022415054858E0,2.469666767087E-1,2.065266780565E0));
#1819=CARTESIAN_POINT('',(4.034373860977E0,2.173626614109E-1,2.094314575761E0));
#1820=CARTESIAN_POINT('',(4.043279413511E0,1.859434959755E-1,2.125175246467E0));
#1821=CARTESIAN_POINT('',(4.048760400468E0,1.532986590680E-1,2.157261032834E0));
#1822=CARTESIAN_POINT('',(4.05E0,1.311577313439E-1,2.179029806909E0));
#1823=CARTESIAN_POINT('',(4.05E0,1.2E-1,2.19E0));
#1825=DIRECTION('',(0.E0,1.E0,1.389999227009E-13));
#1826=VECTOR('',#1825,9.999999998720E-1);
#1827=CARTESIAN_POINT('',(4.05E0,1.2E-1,2.19E0));
#1828=LINE('',#1827,#1826);
#1829=DIRECTION('',(-1.745002206563E-2,-9.996955138819E-1,1.744638227127E-2));
#1830=VECTOR('',#1829,6.557232131445E0);
#1831=CARTESIAN_POINT('',(4.049999998654E0,1.199999497471E-1,
-2.210019322429E0));
#1832=LINE('',#1831,#1830);
#1833=DIRECTION('',(1.745249560814E-2,9.996954706989E-1,1.744638246358E-2));
#1834=VECTOR('',#1833,6.557232110650E0);
#1835=CARTESIAN_POINT('',(3.935559934842E0,-6.435235245764E0,2.095619343854E0));
#1836=LINE('',#1835,#1834);
#1837=DIRECTION('',(6.722380598695E-8,2.510218772954E-6,9.999999999968E-1));
#1838=VECTOR('',#1837,2.001932242899E-2);
#1839=CARTESIAN_POINT('',(4.049999998654E0,1.199999497471E-1,
-2.210019322429E0));
#1840=LINE('',#1839,#1838);
#1841=DIRECTION('',(9.415504031287E-8,9.439901523565E-8,-1.E0));
#1842=VECTOR('',#1841,1.999334942E-2);
#1843=CARTESIAN_POINT('',(3.537867965408E0,1.332132034090E0,-2.190003468116E0));
#1844=LINE('',#1843,#1842);
#1845=DIRECTION('',(2.625973951694E-9,-2.343747569943E-7,1.E0));
#1846=VECTOR('',#1845,2.000552105040E-2);
#1847=CARTESIAN_POINT('',(4.049999999947E0,1.119999999872E0,-2.210005521050E0));
#1848=LINE('',#1847,#1846);
#1849=CARTESIAN_POINT('',(3.742928932188E0,1.127071067812E0,-2.19E0));
#1850=DIRECTION('',(-7.071067811850E-1,-7.071067811881E-1,1.622609344370E-12));
#1851=DIRECTION('',(2.646159153866E-12,-3.514430126228E-13,1.E0));
#1852=AXIS2_PLACEMENT_3D('',#1849,#1850,#1851);
#1854=CARTESIAN_POINT('',(3.75E0,1.12E0,-2.19E0));
#1855=DIRECTION('',(-1.477745129329E-12,-8.169710119138E-13,-1.E0));
#1856=DIRECTION('',(-7.071067828588E-1,7.071067795143E-1,4.677739677087E-13));
#1857=AXIS2_PLACEMENT_3D('',#1854,#1855,#1856);
#1859=CARTESIAN_POINT('',(3.76E0,1.119999999047E0,-2.19E0));
#1860=DIRECTION('',(-9.533971534470E-8,-1.E0,8.169711528016E-13));
#1861=DIRECTION('',(1.E0,-9.533971543279E-8,-3.154564732039E-13));
#1862=AXIS2_PLACEMENT_3D('',#1859,#1860,#1861);
#1864=DIRECTION('',(1.243449793569E-14,-1.E0,8.482103948990E-14));
#1865=VECTOR('',#1864,9.999999951835E-1);
#1866=CARTESIAN_POINT('',(4.05E0,1.119999995184E0,-2.19E0));
#1867=LINE('',#1866,#1865);
#1868=DIRECTION('',(7.294014217092E-14,1.E0,0.E0));
#1869=VECTOR('',#1868,7.001667067373E-1);
#1870=CARTESIAN_POINT('',(3.76E0,4.198332870113E-1,-1.9E0));
#1871=LINE('',#1870,#1869);
#1872=DIRECTION('',(-7.071068458387E-1,-7.071067165231E-1,3.999238577509E-6));
#1873=VECTOR('',#1872,1.319494226722E0);
#1874=CARTESIAN_POINT('',(3.537867967290E0,1.332132035978E0,-2.209996817536E0));
#1875=LINE('',#1874,#1873);
#1876=CARTESIAN_POINT('',(2.426019196680E0,1.2E-1,-2.4E0));
#1877=CARTESIAN_POINT('',(2.470640008656E0,1.2E-1,-2.436382244564E0));
#1878=CARTESIAN_POINT('',(2.569062422464E0,1.2E-1,-2.483358807345E0));
#1879=CARTESIAN_POINT('',(2.678284566911E0,1.2E-1,-2.5E0));
#1880=CARTESIAN_POINT('',(2.735857864376E0,1.2E-1,-2.5E0));
#1882=DIRECTION('',(-7.071067811866E-1,-7.071067811865E-1,0.E0));
#1883=VECTOR('',#1882,1.424213565927E0);
#1884=CARTESIAN_POINT('',(3.742928934701E0,1.127071070325E0,-2.5E0));
#1885=LINE('',#1884,#1883);
#1886=DIRECTION('',(1.E0,-4.323100764264E-9,5.330168639517E-10));
#1887=VECTOR('',#1886,1.024161458783E0);
#1888=CARTESIAN_POINT('',(2.735857864376E0,1.2E-1,-2.5E0));
#1889=LINE('',#1888,#1887);
#1890=CARTESIAN_POINT('',(3.760007361401E0,1.119981612024E0,-2.499999999930E0));
#1891=CARTESIAN_POINT('',(3.760007361401E0,1.121394547395E0,-2.499999999930E0));
#1892=CARTESIAN_POINT('',(3.759465096042E0,1.123920525377E0,-2.500000000033E0));
#1893=CARTESIAN_POINT('',(3.757238768445E0,1.127278608587E0,-2.499999999991E0));
#1894=CARTESIAN_POINT('',(3.753923916417E0,1.129471866896E0,-2.500000000002E0));
#1895=CARTESIAN_POINT('',(3.750029154721E0,1.130263987749E0,-2.499999999999E0));
#1896=CARTESIAN_POINT('',(3.746080619312E0,1.129470824112E0,-2.5E0));
#1897=CARTESIAN_POINT('',(3.743908649652E0,1.128050785276E0,-2.5E0));
#1898=CARTESIAN_POINT('',(3.742928934701E0,1.127071070325E0,-2.5E0));
#1900=DIRECTION('',(1.196197790641E-5,-9.999999999285E-1,4.758272430745E-10));
#1901=VECTOR('',#1900,9.999816165231E-1);
#1902=CARTESIAN_POINT('',(3.760007361401E0,1.119981612024E0,-2.499999999930E0));
#1903=LINE('',#1902,#1901);
#1904=DIRECTION('',(1.293228570344E-9,9.999999999048E-1,1.380137775009E-5));
#1905=VECTOR('',#1904,1.000000050220E0);
#1906=CARTESIAN_POINT('',(4.049999998654E0,1.199999497471E-1,
-2.210019322429E0));
#1907=LINE('',#1906,#1905);
#1908=CARTESIAN_POINT('',(4.049999998654E0,1.199999497471E-1,
-2.210019322429E0));
#1909=CARTESIAN_POINT('',(4.049998350352E0,1.198687144974E-1,
-2.226891447737E0));
#1910=CARTESIAN_POINT('',(4.047035158004E0,1.196183013711E-1,
-2.260655175963E0));
#1911=CARTESIAN_POINT('',(4.033934846195E0,1.192429896317E-1,
-2.309588054007E0));
#1912=CARTESIAN_POINT('',(4.012402292547E0,1.190702271578E-1,
-2.355796490580E0));
#1913=CARTESIAN_POINT('',(3.983241575607E0,1.189434392121E-1,
-2.397397923022E0));
#1914=CARTESIAN_POINT('',(3.947397361515E0,1.189434356362E-1,
-2.433242407178E0));
#1915=CARTESIAN_POINT('',(3.905791766345E0,1.190702482326E-1,
-2.462404953014E0));
#1916=CARTESIAN_POINT('',(3.859588321449E0,1.192429845405E-1,
-2.483934455576E0));
#1917=CARTESIAN_POINT('',(3.810656118864E0,1.196183135186E-1,
-2.497035046307E0));
#1918=CARTESIAN_POINT('',(3.776892027829E0,1.198686614145E-1,
-2.499998349464E0));
#1919=CARTESIAN_POINT('',(3.760019323159E0,1.199999955724E-1,
-2.499999999454E0));
#1921=CARTESIAN_POINT('',(3.645622104295E0,-6.430174464643E0,
-2.095622104295E0));
#1922=DIRECTION('',(-1.744974916068E-2,-9.996954598819E-1,1.744974916068E-2));
#1923=DIRECTION('',(-3.806568427363E-5,-1.745174218802E-2,-9.998477060261E-1));
#1924=AXIS2_PLACEMENT_3D('',#1921,#1922,#1923);
#1926=CARTESIAN_POINT('',(3.645619343854E0,-6.435235245763E0,
-2.385559934805E0));
#1927=CARTESIAN_POINT('',(3.645518997783E0,-6.444607879487E0,
-2.385396335932E0));
#1928=CARTESIAN_POINT('',(3.645309849673E0,-6.466120119974E0,
-2.384033101242E0));
#1929=CARTESIAN_POINT('',(3.645589956688E0,-6.503320913286E0,
-2.377832012603E0));
#1930=CARTESIAN_POINT('',(3.644556615450E0,-6.552852739689E0,
-2.360638924184E0));
#1931=CARTESIAN_POINT('',(3.644262286452E0,-6.587063067240E0,
-2.342296759948E0));
#1932=CARTESIAN_POINT('',(3.643181800131E0,-6.626253783558E0,
-2.314442278061E0));
#1933=CARTESIAN_POINT('',(3.641978738496E0,-6.662395971800E0,
-2.277717826469E0));
#1934=CARTESIAN_POINT('',(3.640731137278E0,-6.692173313550E0,
-2.234475951026E0));
#1935=CARTESIAN_POINT('',(3.638859113624E0,-6.713511014382E0,
-2.188078602589E0));
#1936=CARTESIAN_POINT('',(3.637661036811E0,-6.726965283790E0,
-2.137797119409E0));
#1937=CARTESIAN_POINT('',(3.636336253826E0,-6.73E0,-2.103067411954E0));
#1938=CARTESIAN_POINT('',(3.635623626307E0,-6.73E0,-2.085623626307E0));
#1940=DIRECTION('',(0.E0,0.E0,1.E0));
#1941=VECTOR('',#1940,4.171247252614E0);
#1942=CARTESIAN_POINT('',(3.635623626307E0,-6.73E0,-2.085623626307E0));
#1943=LINE('',#1942,#1941);
#1944=DIRECTION('',(3.869602873498E-6,-8.345420150200E-8,-9.999999999925E-1));
#1945=VECTOR('',#1944,4.191238687908E0);
#1946=CARTESIAN_POINT('',(3.935559934842E0,-6.435235245764E0,2.095619343854E0));
#1947=LINE('',#1946,#1945);
#1948=CARTESIAN_POINT('',(3.935576153271E0,-6.435235595541E0,
-2.095619344022E0));
#1949=CARTESIAN_POINT('',(3.935275120430E0,-6.452481866886E0,
-2.095605827635E0));
#1950=CARTESIAN_POINT('',(3.931693740729E0,-6.486968657151E0,
-2.095488062240E0));
#1951=CARTESIAN_POINT('',(3.917446185461E0,-6.537157326034E0,
-2.095003714969E0));
#1952=CARTESIAN_POINT('',(3.894714056418E0,-6.584214018135E0,
-2.094268503939E0));
#1953=CARTESIAN_POINT('',(3.864149465043E0,-6.626686232060E0,
-2.093250727584E0));
#1954=CARTESIAN_POINT('',(3.826776959675E0,-6.663160698484E0,
-2.091999020281E0));
#1955=CARTESIAN_POINT('',(3.783828224414E0,-6.692552577430E0,
-2.090579704364E0));
#1956=CARTESIAN_POINT('',(3.736617547593E0,-6.714058672351E0,
-2.088852973375E0));
#1957=CARTESIAN_POINT('',(3.686756264357E0,-6.727094073056E0,
-2.087633758260E0));
#1958=CARTESIAN_POINT('',(3.652642105466E0,-6.73E0,-2.086329480885E0));
#1959=CARTESIAN_POINT('',(3.635623626307E0,-6.73E0,-2.085623626307E0));
#1961=CARTESIAN_POINT('',(3.76E0,1.12E0,-2.21E0));
#1962=DIRECTION('',(-2.480293748163E-12,-1.E0,-7.733277619839E-13));
#1963=DIRECTION('',(3.807621048037E-5,7.733277619805E-13,-9.999999992751E-1));
#1964=AXIS2_PLACEMENT_3D('',#1961,#1962,#1963);
#1966=CARTESIAN_POINT('',(3.75E0,1.12E0,-2.21E0));
#1967=DIRECTION('',(-1.467025734608E-12,-7.733277619803E-13,1.E0));
#1968=DIRECTION('',(1.E0,-8.689345539401E-13,1.466974689872E-12));
#1969=AXIS2_PLACEMENT_3D('',#1966,#1967,#1968);
#1971=CARTESIAN_POINT('',(3.742928932571E0,1.127071068195E0,-2.21E0));
#1972=DIRECTION('',(-7.071068195116E-1,-7.071067428615E-1,-1.584169176279E-12));
#1973=DIRECTION('',(-7.071067426912E-1,7.071068193413E-1,2.194802330531E-5));
#1974=AXIS2_PLACEMENT_3D('',#1971,#1972,#1973);
#1976=CARTESIAN_POINT('',(-3.742928932188E0,1.127071067812E0,-2.21E0));
#1977=DIRECTION('',(7.071067811877E-1,-7.071067811854E-1,-4.011856937526E-13));
#1978=DIRECTION('',(-2.102532707326E-12,-1.535170458190E-12,-1.E0));
#1979=AXIS2_PLACEMENT_3D('',#1976,#1977,#1978);
#1981=CARTESIAN_POINT('',(-3.75E0,1.12E0,-2.21E0));
#1982=DIRECTION('',(-3.368952626449E-14,-6.010517754005E-13,1.E0));
#1983=DIRECTION('',(7.071067823912E-1,7.071067799819E-1,4.485301019483E-13));
#1984=AXIS2_PLACEMENT_3D('',#1981,#1982,#1983);
#1986=CARTESIAN_POINT('',(-3.76E0,1.120000000542E0,-2.21E0));
#1987=DIRECTION('',(-5.420759307998E-8,-1.E0,-6.010517772267E-13));
#1988=DIRECTION('',(-9.999999992751E-1,5.420759320349E-8,-3.807620902102E-5));
#1989=AXIS2_PLACEMENT_3D('',#1986,#1987,#1988);
#1991=DIRECTION('',(0.E0,0.E0,-1.E0));
#1992=VECTOR('',#1991,2.065358983849E0);
#1993=CARTESIAN_POINT('',(-2.5E-1,0.E0,1.032679491924E0));
#1994=LINE('',#1993,#1992);
#1995=DIRECTION('',(0.E0,8.660254037844E-1,5.E-1));
#1996=VECTOR('',#1995,3.464101615138E-1);
#1997=CARTESIAN_POINT('',(-2.5E-1,0.E0,-1.032679491924E0));
#1998=LINE('',#1997,#1996);
#1999=DIRECTION('',(0.E0,0.E0,1.E0));
#2000=VECTOR('',#1999,5.094744111674E-1);
#2001=CARTESIAN_POINT('',(-2.5E-1,3.E-1,-8.594744111674E-1));
#2002=LINE('',#2001,#2000);
#2003=DIRECTION('',(0.E0,1.E0,0.E0));
#2004=VECTOR('',#2003,3.E-1);
#2005=CARTESIAN_POINT('',(-2.5E-1,3.E-1,-3.5E-1));
#2006=LINE('',#2005,#2004);
#2007=CARTESIAN_POINT('',(-2.5E-1,6.E-1,-8.5E-1));
#2008=DIRECTION('',(-1.E0,0.E0,0.E0));
#2009=DIRECTION('',(0.E0,0.E0,1.E0));
#2010=AXIS2_PLACEMENT_3D('',#2007,#2008,#2009);
#2012=CARTESIAN_POINT('',(-2.5E-1,1.45E0,-6.E0));
#2013=DIRECTION('',(1.E0,0.E0,0.E0));
#2014=DIRECTION('',(0.E0,-1.E0,0.E0));
#2015=AXIS2_PLACEMENT_3D('',#2012,#2013,#2014);
#2017=CARTESIAN_POINT('',(-2.5E-1,1.45E0,-6.E0));
#2018=DIRECTION('',(1.E0,0.E0,0.E0));
#2019=DIRECTION('',(0.E0,0.E0,-1.E0));
#2020=AXIS2_PLACEMENT_3D('',#2017,#2018,#2019);
#2022=CARTESIAN_POINT('',(-2.5E-1,6.E-1,-8.5E-1));
#2023=DIRECTION('',(1.E0,0.E0,0.E0));
#2024=DIRECTION('',(0.E0,1.E0,0.E0));
#2025=AXIS2_PLACEMENT_3D('',#2022,#2023,#2024);
#2027=DIRECTION('',(0.E0,0.E0,1.E0));
#2028=VECTOR('',#2027,5.094744111674E-1);
#2029=CARTESIAN_POINT('',(-2.5E-1,3.E-1,3.5E-1));
#2030=LINE('',#2029,#2028);
#2031=DIRECTION('',(0.E0,-8.660254037844E-1,5.E-1));
#2032=VECTOR('',#2031,3.464101615138E-1);
#2033=CARTESIAN_POINT('',(-2.5E-1,3.E-1,8.594744111674E-1));
#2034=LINE('',#2033,#2032);
#2035=DIRECTION('',(0.E0,0.E0,1.E0));
#2036=VECTOR('',#2035,2.065358983849E0);
#2037=CARTESIAN_POINT('',(2.5E-1,0.E0,-1.032679491924E0));
#2038=LINE('',#2037,#2036);
#2039=DIRECTION('',(0.E0,8.660254037844E-1,-5.E-1));
#2040=VECTOR('',#2039,3.464101615138E-1);
#2041=CARTESIAN_POINT('',(2.5E-1,0.E0,1.032679491924E0));
#2042=LINE('',#2041,#2040);
#2043=DIRECTION('',(0.E0,0.E0,-1.E0));
#2044=VECTOR('',#2043,5.094744111674E-1);
#2045=CARTESIAN_POINT('',(2.5E-1,3.E-1,8.594744111674E-1));
#2046=LINE('',#2045,#2044);
#2047=DIRECTION('',(0.E0,1.E0,0.E0));
#2048=VECTOR('',#2047,3.E-1);
#2049=CARTESIAN_POINT('',(2.5E-1,3.E-1,3.5E-1));
#2050=LINE('',#2049,#2048);
#2051=CARTESIAN_POINT('',(2.5E-1,6.E-1,-8.5E-1));
#2052=DIRECTION('',(-1.E0,0.E0,0.E0));
#2053=DIRECTION('',(0.E0,0.E0,1.E0));
#2054=AXIS2_PLACEMENT_3D('',#2051,#2052,#2053);
#2056=DIRECTION('',(0.E0,0.E0,-1.E0));
#2057=VECTOR('',#2056,5.15E0);
#2058=CARTESIAN_POINT('',(2.5E-1,1.8E0,-8.5E-1));
#2059=LINE('',#2058,#2057);
#2060=CARTESIAN_POINT('',(2.5E-1,1.45E0,-6.E0));
#2061=DIRECTION('',(-1.E0,0.E0,0.E0));
#2062=DIRECTION('',(0.E0,1.E0,0.E0));
#2063=AXIS2_PLACEMENT_3D('',#2060,#2061,#2062);
#2065=CARTESIAN_POINT('',(2.5E-1,1.45E0,-6.E0));
#2066=DIRECTION('',(-1.E0,0.E0,0.E0));
#2067=DIRECTION('',(0.E0,0.E0,-1.E0));
#2068=AXIS2_PLACEMENT_3D('',#2065,#2066,#2067);
#2070=DIRECTION('',(0.E0,0.E0,1.E0));
#2071=VECTOR('',#2070,5.15E0);
#2072=CARTESIAN_POINT('',(2.5E-1,1.1E0,-6.E0));
#2073=LINE('',#2072,#2071);
#2074=CARTESIAN_POINT('',(2.5E-1,6.E-1,-8.5E-1));
#2075=DIRECTION('',(1.E0,0.E0,0.E0));
#2076=DIRECTION('',(0.E0,1.E0,0.E0));
#2077=AXIS2_PLACEMENT_3D('',#2074,#2075,#2076);
#2079=DIRECTION('',(0.E0,0.E0,-1.E0));
#2080=VECTOR('',#2079,5.094744111674E-1);
#2081=CARTESIAN_POINT('',(2.5E-1,3.E-1,-3.5E-1));
#2082=LINE('',#2081,#2080);
#2083=DIRECTION('',(0.E0,-8.660254037844E-1,-5.E-1));
#2084=VECTOR('',#2083,3.464101615138E-1);
#2085=CARTESIAN_POINT('',(2.5E-1,3.E-1,-8.594744111674E-1));
#2086=LINE('',#2085,#2084);
#2087=DIRECTION('',(-1.E0,0.E0,0.E0));
#2088=VECTOR('',#2087,5.E-1);
#2089=CARTESIAN_POINT('',(2.5E-1,3.E-1,3.5E-1));
#2090=LINE('',#2089,#2088);
#2091=DIRECTION('',(0.E0,1.E0,0.E0));
#2092=VECTOR('',#2091,3.E-1);
#2093=CARTESIAN_POINT('',(-2.5E-1,3.E-1,3.5E-1));
#2094=LINE('',#2093,#2092);
#2095=DIRECTION('',(1.E0,0.E0,0.E0));
#2096=VECTOR('',#2095,5.E-1);
#2097=CARTESIAN_POINT('',(-2.5E-1,1.8E0,-8.5E-1));
#2098=LINE('',#2097,#2096);
#2099=DIRECTION('',(-1.E0,0.E0,0.E0));
#2100=VECTOR('',#2099,5.E-1);
#2101=CARTESIAN_POINT('',(2.5E-1,6.E-1,3.5E-1));
#2102=LINE('',#2101,#2100);
#2103=DIRECTION('',(0.E0,0.E0,-1.E0));
#2104=VECTOR('',#2103,5.15E0);
#2105=CARTESIAN_POINT('',(-2.5E-1,1.8E0,-8.5E-1));
#2106=LINE('',#2105,#2104);
#2107=DIRECTION('',(-1.E0,0.E0,0.E0));
#2108=VECTOR('',#2107,5.E-1);
#2109=CARTESIAN_POINT('',(2.5E-1,1.8E0,-6.E0));
#2110=LINE('',#2109,#2108);
#2111=DIRECTION('',(1.E0,0.E0,0.E0));
#2112=VECTOR('',#2111,5.E-1);
#2113=CARTESIAN_POINT('',(-2.5E-1,1.1E0,-6.E0));
#2114=LINE('',#2113,#2112);
#2115=DIRECTION('',(0.E0,0.E0,1.E0));
#2116=VECTOR('',#2115,5.15E0);
#2117=CARTESIAN_POINT('',(-2.5E-1,1.1E0,-6.E0));
#2118=LINE('',#2117,#2116);
#2119=DIRECTION('',(1.E0,0.E0,0.E0));
#2120=VECTOR('',#2119,5.E-1);
#2121=CARTESIAN_POINT('',(-2.5E-1,6.E-1,-3.5E-1));
#2122=LINE('',#2121,#2120);
#2123=DIRECTION('',(-1.E0,0.E0,0.E0));
#2124=VECTOR('',#2123,5.E-1);
#2125=CARTESIAN_POINT('',(2.5E-1,1.1E0,-8.5E-1));
#2126=LINE('',#2125,#2124);
#2127=DIRECTION('',(1.E0,0.E0,0.E0));
#2128=VECTOR('',#2127,5.E-1);
#2129=CARTESIAN_POINT('',(-2.5E-1,3.E-1,-3.5E-1));
#2130=LINE('',#2129,#2128);
#2131=DIRECTION('',(0.E0,1.E0,0.E0));
#2132=VECTOR('',#2131,3.E-1);
#2133=CARTESIAN_POINT('',(2.5E-1,3.E-1,-3.5E-1));
#2134=LINE('',#2133,#2132);
#2135=DIRECTION('',(0.E0,0.E0,-1.E0));
#2136=VECTOR('',#2135,2.065358983849E0);
#2137=CARTESIAN_POINT('',(-2.79E0,0.E0,1.032679491924E0));
#2138=LINE('',#2137,#2136);
#2139=DIRECTION('',(0.E0,8.660254037844E-1,5.E-1));
#2140=VECTOR('',#2139,3.464101615138E-1);
#2141=CARTESIAN_POINT('',(-2.79E0,0.E0,-1.032679491924E0));
#2142=LINE('',#2141,#2140);
#2143=DIRECTION('',(0.E0,0.E0,1.E0));
#2144=VECTOR('',#2143,5.094744111674E-1);
#2145=CARTESIAN_POINT('',(-2.79E0,3.E-1,-8.594744111674E-1));
#2146=LINE('',#2145,#2144);
#2147=DIRECTION('',(0.E0,1.E0,0.E0));
#2148=VECTOR('',#2147,3.E-1);
#2149=CARTESIAN_POINT('',(-2.79E0,3.E-1,-3.5E-1));
#2150=LINE('',#2149,#2148);
#2151=CARTESIAN_POINT('',(-2.79E0,6.E-1,-8.5E-1));
#2152=DIRECTION('',(-1.E0,0.E0,0.E0));
#2153=DIRECTION('',(0.E0,0.E0,1.E0));
#2154=AXIS2_PLACEMENT_3D('',#2151,#2152,#2153);
#2156=CARTESIAN_POINT('',(-2.79E0,1.45E0,-6.E0));
#2157=DIRECTION('',(1.E0,0.E0,0.E0));
#2158=DIRECTION('',(0.E0,-1.E0,0.E0));
#2159=AXIS2_PLACEMENT_3D('',#2156,#2157,#2158);
#2161=CARTESIAN_POINT('',(-2.79E0,1.45E0,-6.E0));
#2162=DIRECTION('',(1.E0,0.E0,0.E0));
#2163=DIRECTION('',(0.E0,0.E0,-1.E0));
#2164=AXIS2_PLACEMENT_3D('',#2161,#2162,#2163);
#2166=CARTESIAN_POINT('',(-2.79E0,6.E-1,-8.5E-1));
#2167=DIRECTION('',(1.E0,0.E0,0.E0));
#2168=DIRECTION('',(0.E0,1.E0,0.E0));
#2169=AXIS2_PLACEMENT_3D('',#2166,#2167,#2168);
#2171=DIRECTION('',(0.E0,0.E0,1.E0));
#2172=VECTOR('',#2171,5.094744111674E-1);
#2173=CARTESIAN_POINT('',(-2.79E0,3.E-1,3.5E-1));
#2174=LINE('',#2173,#2172);
#2175=DIRECTION('',(0.E0,-8.660254037844E-1,5.E-1));
#2176=VECTOR('',#2175,3.464101615138E-1);
#2177=CARTESIAN_POINT('',(-2.79E0,3.E-1,8.594744111674E-1));
#2178=LINE('',#2177,#2176);
#2179=DIRECTION('',(0.E0,0.E0,1.E0));
#2180=VECTOR('',#2179,2.065358983849E0);
#2181=CARTESIAN_POINT('',(-2.29E0,0.E0,-1.032679491924E0));
#2182=LINE('',#2181,#2180);
#2183=DIRECTION('',(0.E0,8.660254037844E-1,-5.E-1));
#2184=VECTOR('',#2183,3.464101615138E-1);
#2185=CARTESIAN_POINT('',(-2.29E0,0.E0,1.032679491924E0));
#2186=LINE('',#2185,#2184);
#2187=DIRECTION('',(0.E0,0.E0,-1.E0));
#2188=VECTOR('',#2187,5.094744111674E-1);
#2189=CARTESIAN_POINT('',(-2.29E0,3.E-1,8.594744111674E-1));
#2190=LINE('',#2189,#2188);
#2191=DIRECTION('',(0.E0,1.E0,0.E0));
#2192=VECTOR('',#2191,3.E-1);
#2193=CARTESIAN_POINT('',(-2.29E0,3.E-1,3.5E-1));
#2194=LINE('',#2193,#2192);
#2195=CARTESIAN_POINT('',(-2.29E0,6.E-1,-8.5E-1));
#2196=DIRECTION('',(-1.E0,0.E0,0.E0));
#2197=DIRECTION('',(0.E0,0.E0,1.E0));
#2198=AXIS2_PLACEMENT_3D('',#2195,#2196,#2197);
#2200=DIRECTION('',(0.E0,0.E0,-1.E0));
#2201=VECTOR('',#2200,5.15E0);
#2202=CARTESIAN_POINT('',(-2.29E0,1.8E0,-8.5E-1));
#2203=LINE('',#2202,#2201);
#2204=CARTESIAN_POINT('',(-2.29E0,1.45E0,-6.E0));
#2205=DIRECTION('',(-1.E0,0.E0,0.E0));
#2206=DIRECTION('',(0.E0,1.E0,0.E0));
#2207=AXIS2_PLACEMENT_3D('',#2204,#2205,#2206);
#2209=CARTESIAN_POINT('',(-2.29E0,1.45E0,-6.E0));
#2210=DIRECTION('',(-1.E0,0.E0,0.E0));
#2211=DIRECTION('',(0.E0,0.E0,-1.E0));
#2212=AXIS2_PLACEMENT_3D('',#2209,#2210,#2211);
#2214=DIRECTION('',(0.E0,0.E0,1.E0));
#2215=VECTOR('',#2214,5.15E0);
#2216=CARTESIAN_POINT('',(-2.29E0,1.1E0,-6.E0));
#2217=LINE('',#2216,#2215);
#2218=CARTESIAN_POINT('',(-2.29E0,6.E-1,-8.5E-1));
#2219=DIRECTION('',(1.E0,0.E0,0.E0));
#2220=DIRECTION('',(0.E0,1.E0,0.E0));
#2221=AXIS2_PLACEMENT_3D('',#2218,#2219,#2220);
#2223=DIRECTION('',(0.E0,0.E0,-1.E0));
#2224=VECTOR('',#2223,5.094744111674E-1);
#2225=CARTESIAN_POINT('',(-2.29E0,3.E-1,-3.5E-1));
#2226=LINE('',#2225,#2224);
#2227=DIRECTION('',(0.E0,-8.660254037844E-1,-5.E-1));
#2228=VECTOR('',#2227,3.464101615138E-1);
#2229=CARTESIAN_POINT('',(-2.29E0,3.E-1,-8.594744111674E-1));
#2230=LINE('',#2229,#2228);
#2231=DIRECTION('',(-1.E0,0.E0,0.E0));
#2232=VECTOR('',#2231,5.E-1);
#2233=CARTESIAN_POINT('',(-2.29E0,3.E-1,3.5E-1));
#2234=LINE('',#2233,#2232);
#2235=DIRECTION('',(0.E0,1.E0,0.E0));
#2236=VECTOR('',#2235,3.E-1);
#2237=CARTESIAN_POINT('',(-2.79E0,3.E-1,3.5E-1));
#2238=LINE('',#2237,#2236);
#2239=DIRECTION('',(1.E0,0.E0,0.E0));
#2240=VECTOR('',#2239,5.E-1);
#2241=CARTESIAN_POINT('',(-2.79E0,1.8E0,-8.5E-1));
#2242=LINE('',#2241,#2240);
#2243=DIRECTION('',(-1.E0,0.E0,0.E0));
#2244=VECTOR('',#2243,5.E-1);
#2245=CARTESIAN_POINT('',(-2.29E0,6.E-1,3.5E-1));
#2246=LINE('',#2245,#2244);
#2247=DIRECTION('',(0.E0,0.E0,-1.E0));
#2248=VECTOR('',#2247,5.15E0);
#2249=CARTESIAN_POINT('',(-2.79E0,1.8E0,-8.5E-1));
#2250=LINE('',#2249,#2248);
#2251=DIRECTION('',(-1.E0,0.E0,0.E0));
#2252=VECTOR('',#2251,5.E-1);
#2253=CARTESIAN_POINT('',(-2.29E0,1.8E0,-6.E0));
#2254=LINE('',#2253,#2252);
#2255=DIRECTION('',(1.E0,0.E0,0.E0));
#2256=VECTOR('',#2255,5.E-1);
#2257=CARTESIAN_POINT('',(-2.79E0,1.1E0,-6.E0));
#2258=LINE('',#2257,#2256);
#2259=DIRECTION('',(0.E0,0.E0,1.E0));
#2260=VECTOR('',#2259,5.15E0);
#2261=CARTESIAN_POINT('',(-2.79E0,1.1E0,-6.E0));
#2262=LINE('',#2261,#2260);
#2263=DIRECTION('',(1.E0,0.E0,0.E0));
#2264=VECTOR('',#2263,5.E-1);
#2265=CARTESIAN_POINT('',(-2.79E0,6.E-1,-3.5E-1));
#2266=LINE('',#2265,#2264);
#2267=DIRECTION('',(-1.E0,0.E0,0.E0));
#2268=VECTOR('',#2267,5.E-1);
#2269=CARTESIAN_POINT('',(-2.29E0,1.1E0,-8.5E-1));
#2270=LINE('',#2269,#2268);
#2271=DIRECTION('',(1.E0,0.E0,0.E0));
#2272=VECTOR('',#2271,5.E-1);
#2273=CARTESIAN_POINT('',(-2.79E0,3.E-1,-3.5E-1));
#2274=LINE('',#2273,#2272);
#2275=DIRECTION('',(0.E0,1.E0,0.E0));
#2276=VECTOR('',#2275,3.E-1);
#2277=CARTESIAN_POINT('',(-2.29E0,3.E-1,-3.5E-1));
#2278=LINE('',#2277,#2276);
#2279=DIRECTION('',(0.E0,0.E0,-1.E0));
#2280=VECTOR('',#2279,2.065358983849E0);
#2281=CARTESIAN_POINT('',(2.29E0,0.E0,1.032679491924E0));
#2282=LINE('',#2281,#2280);
#2283=DIRECTION('',(0.E0,8.660254037844E-1,5.E-1));
#2284=VECTOR('',#2283,3.464101615138E-1);
#2285=CARTESIAN_POINT('',(2.29E0,0.E0,-1.032679491924E0));
#2286=LINE('',#2285,#2284);
#2287=DIRECTION('',(0.E0,0.E0,1.E0));
#2288=VECTOR('',#2287,5.094744111674E-1);
#2289=CARTESIAN_POINT('',(2.29E0,3.E-1,-8.594744111674E-1));
#2290=LINE('',#2289,#2288);
#2291=DIRECTION('',(0.E0,1.E0,0.E0));
#2292=VECTOR('',#2291,3.E-1);
#2293=CARTESIAN_POINT('',(2.29E0,3.E-1,-3.5E-1));
#2294=LINE('',#2293,#2292);
#2295=CARTESIAN_POINT('',(2.29E0,6.E-1,-8.5E-1));
#2296=DIRECTION('',(-1.E0,0.E0,0.E0));
#2297=DIRECTION('',(0.E0,0.E0,1.E0));
#2298=AXIS2_PLACEMENT_3D('',#2295,#2296,#2297);
#2300=CARTESIAN_POINT('',(2.29E0,1.45E0,-6.E0));
#2301=DIRECTION('',(1.E0,0.E0,0.E0));
#2302=DIRECTION('',(0.E0,-1.E0,0.E0));
#2303=AXIS2_PLACEMENT_3D('',#2300,#2301,#2302);
#2305=CARTESIAN_POINT('',(2.29E0,1.45E0,-6.E0));
#2306=DIRECTION('',(1.E0,0.E0,0.E0));
#2307=DIRECTION('',(0.E0,0.E0,-1.E0));
#2308=AXIS2_PLACEMENT_3D('',#2305,#2306,#2307);
#2310=CARTESIAN_POINT('',(2.29E0,6.E-1,-8.5E-1));
#2311=DIRECTION('',(1.E0,0.E0,0.E0));
#2312=DIRECTION('',(0.E0,1.E0,0.E0));
#2313=AXIS2_PLACEMENT_3D('',#2310,#2311,#2312);
#2315=DIRECTION('',(0.E0,0.E0,1.E0));
#2316=VECTOR('',#2315,5.094744111674E-1);
#2317=CARTESIAN_POINT('',(2.29E0,3.E-1,3.5E-1));
#2318=LINE('',#2317,#2316);
#2319=DIRECTION('',(0.E0,-8.660254037844E-1,5.E-1));
#2320=VECTOR('',#2319,3.464101615138E-1);
#2321=CARTESIAN_POINT('',(2.29E0,3.E-1,8.594744111674E-1));
#2322=LINE('',#2321,#2320);
#2323=DIRECTION('',(0.E0,0.E0,1.E0));
#2324=VECTOR('',#2323,2.065358983849E0);
#2325=CARTESIAN_POINT('',(2.79E0,0.E0,-1.032679491924E0));
#2326=LINE('',#2325,#2324);
#2327=DIRECTION('',(0.E0,8.660254037844E-1,-5.E-1));
#2328=VECTOR('',#2327,3.464101615138E-1);
#2329=CARTESIAN_POINT('',(2.79E0,0.E0,1.032679491924E0));
#2330=LINE('',#2329,#2328);
#2331=DIRECTION('',(0.E0,0.E0,-1.E0));
#2332=VECTOR('',#2331,5.094744111674E-1);
#2333=CARTESIAN_POINT('',(2.79E0,3.E-1,8.594744111674E-1));
#2334=LINE('',#2333,#2332);
#2335=DIRECTION('',(0.E0,1.E0,0.E0));
#2336=VECTOR('',#2335,3.E-1);
#2337=CARTESIAN_POINT('',(2.79E0,3.E-1,3.5E-1));
#2338=LINE('',#2337,#2336);
#2339=CARTESIAN_POINT('',(2.79E0,6.E-1,-8.5E-1));
#2340=DIRECTION('',(-1.E0,0.E0,0.E0));
#2341=DIRECTION('',(0.E0,0.E0,1.E0));
#2342=AXIS2_PLACEMENT_3D('',#2339,#2340,#2341);
#2344=DIRECTION('',(0.E0,0.E0,-1.E0));
#2345=VECTOR('',#2344,5.15E0);
#2346=CARTESIAN_POINT('',(2.79E0,1.8E0,-8.5E-1));
#2347=LINE('',#2346,#2345);
#2348=CARTESIAN_POINT('',(2.79E0,1.45E0,-6.E0));
#2349=DIRECTION('',(-1.E0,0.E0,0.E0));
#2350=DIRECTION('',(0.E0,1.E0,0.E0));
#2351=AXIS2_PLACEMENT_3D('',#2348,#2349,#2350);
#2353=CARTESIAN_POINT('',(2.79E0,1.45E0,-6.E0));
#2354=DIRECTION('',(-1.E0,0.E0,0.E0));
#2355=DIRECTION('',(0.E0,0.E0,-1.E0));
#2356=AXIS2_PLACEMENT_3D('',#2353,#2354,#2355);
#2358=DIRECTION('',(0.E0,0.E0,1.E0));
#2359=VECTOR('',#2358,5.15E0);
#2360=CARTESIAN_POINT('',(2.79E0,1.1E0,-6.E0));
#2361=LINE('',#2360,#2359);
#2362=CARTESIAN_POINT('',(2.79E0,6.E-1,-8.5E-1));
#2363=DIRECTION('',(1.E0,0.E0,0.E0));
#2364=DIRECTION('',(0.E0,1.E0,0.E0));
#2365=AXIS2_PLACEMENT_3D('',#2362,#2363,#2364);
#2367=DIRECTION('',(0.E0,0.E0,-1.E0));
#2368=VECTOR('',#2367,5.094744111674E-1);
#2369=CARTESIAN_POINT('',(2.79E0,3.E-1,-3.5E-1));
#2370=LINE('',#2369,#2368);
#2371=DIRECTION('',(0.E0,-8.660254037844E-1,-5.E-1));
#2372=VECTOR('',#2371,3.464101615138E-1);
#2373=CARTESIAN_POINT('',(2.79E0,3.E-1,-8.594744111674E-1));
#2374=LINE('',#2373,#2372);
#2375=DIRECTION('',(-1.E0,0.E0,0.E0));
#2376=VECTOR('',#2375,5.E-1);
#2377=CARTESIAN_POINT('',(2.79E0,3.E-1,3.5E-1));
#2378=LINE('',#2377,#2376);
#2379=DIRECTION('',(0.E0,1.E0,0.E0));
#2380=VECTOR('',#2379,3.E-1);
#2381=CARTESIAN_POINT('',(2.29E0,3.E-1,3.5E-1));
#2382=LINE('',#2381,#2380);
#2383=DIRECTION('',(1.E0,0.E0,0.E0));
#2384=VECTOR('',#2383,5.E-1);
#2385=CARTESIAN_POINT('',(2.29E0,1.8E0,-8.5E-1));
#2386=LINE('',#2385,#2384);
#2387=DIRECTION('',(-1.E0,0.E0,0.E0));
#2388=VECTOR('',#2387,5.E-1);
#2389=CARTESIAN_POINT('',(2.79E0,6.E-1,3.5E-1));
#2390=LINE('',#2389,#2388);
#2391=DIRECTION('',(0.E0,0.E0,-1.E0));
#2392=VECTOR('',#2391,5.15E0);
#2393=CARTESIAN_POINT('',(2.29E0,1.8E0,-8.5E-1));
#2394=LINE('',#2393,#2392);
#2395=DIRECTION('',(-1.E0,0.E0,0.E0));
#2396=VECTOR('',#2395,5.E-1);
#2397=CARTESIAN_POINT('',(2.79E0,1.8E0,-6.E0));
#2398=LINE('',#2397,#2396);
#2399=DIRECTION('',(1.E0,0.E0,0.E0));
#2400=VECTOR('',#2399,5.E-1);
#2401=CARTESIAN_POINT('',(2.29E0,1.1E0,-6.E0));
#2402=LINE('',#2401,#2400);
#2403=DIRECTION('',(0.E0,0.E0,1.E0));
#2404=VECTOR('',#2403,5.15E0);
#2405=CARTESIAN_POINT('',(2.29E0,1.1E0,-6.E0));
#2406=LINE('',#2405,#2404);
#2407=DIRECTION('',(1.E0,0.E0,0.E0));
#2408=VECTOR('',#2407,5.E-1);
#2409=CARTESIAN_POINT('',(2.29E0,6.E-1,-3.5E-1));
#2410=LINE('',#2409,#2408);
#2411=DIRECTION('',(-1.E0,0.E0,0.E0));
#2412=VECTOR('',#2411,5.E-1);
#2413=CARTESIAN_POINT('',(2.79E0,1.1E0,-8.5E-1));
#2414=LINE('',#2413,#2412);
#2415=DIRECTION('',(1.E0,0.E0,0.E0));
#2416=VECTOR('',#2415,5.E-1);
#2417=CARTESIAN_POINT('',(2.29E0,3.E-1,-3.5E-1));
#2418=LINE('',#2417,#2416);
#2419=DIRECTION('',(0.E0,1.E0,0.E0));
#2420=VECTOR('',#2419,3.E-1);
#2421=CARTESIAN_POINT('',(2.79E0,3.E-1,-3.5E-1));
#2422=LINE('',#2421,#2420);
#2423=CARTESIAN_POINT('',(-2.5E-1,0.E0,1.032679491924E0));
#2424=CARTESIAN_POINT('',(-2.5E-1,0.E0,-1.032679491924E0));
#2425=VERTEX_POINT('',#2423);
#2426=VERTEX_POINT('',#2424);
#2427=CARTESIAN_POINT('',(2.5E-1,0.E0,1.032679491924E0));
#2428=CARTESIAN_POINT('',(2.5E-1,0.E0,-1.032679491924E0));
#2429=VERTEX_POINT('',#2427);
#2430=VERTEX_POINT('',#2428);
#2431=CARTESIAN_POINT('',(-2.79E0,0.E0,1.032679491924E0));
#2432=CARTESIAN_POINT('',(-2.79E0,0.E0,-1.032679491924E0));
#2433=VERTEX_POINT('',#2431);
#2434=VERTEX_POINT('',#2432);
#2435=CARTESIAN_POINT('',(-2.29E0,0.E0,1.032679491924E0));
#2436=CARTESIAN_POINT('',(-2.29E0,0.E0,-1.032679491924E0));
#2437=VERTEX_POINT('',#2435);
#2438=VERTEX_POINT('',#2436);
#2439=CARTESIAN_POINT('',(2.29E0,0.E0,1.032679491924E0));
#2440=CARTESIAN_POINT('',(2.29E0,0.E0,-1.032679491924E0));
#2441=VERTEX_POINT('',#2439);
#2442=VERTEX_POINT('',#2440);
#2443=CARTESIAN_POINT('',(2.79E0,0.E0,1.032679491924E0));
#2444=CARTESIAN_POINT('',(2.79E0,0.E0,-1.032679491924E0));
#2445=VERTEX_POINT('',#2443);
#2446=VERTEX_POINT('',#2444);
#2447=CARTESIAN_POINT('',(-3.035857864376E0,4.199999999999E-1,-1.9E0));
#2448=CARTESIAN_POINT('',(-3.75E0,4.2E-1,-1.9E0));
#2449=VERTEX_POINT('',#2447);
#2450=VERTEX_POINT('',#2448);
#2451=VERTEX_POINT('',#7);
#2452=CARTESIAN_POINT('',(2.645986090584E0,4.199999999999E-1,-2.1E0));
#2453=VERTEX_POINT('',#2452);
#2454=VERTEX_POINT('',#421);
#2455=CARTESIAN_POINT('',(3.75E0,4.2E-1,-1.9E0));
#2456=VERTEX_POINT('',#2455);
#2457=CARTESIAN_POINT('',(3.75E0,4.2E-1,1.9E0));
#2458=VERTEX_POINT('',#2457);
#2459=CARTESIAN_POINT('',(3.035857864376E0,4.2E-1,1.9E0));
#2460=VERTEX_POINT('',#2459);
#2461=VERTEX_POINT('',#19);
#2462=CARTESIAN_POINT('',(-2.645986090584E0,4.200000000001E-1,2.1E0));
#2463=VERTEX_POINT('',#2462);
#2464=VERTEX_POINT('',#173);
#2465=CARTESIAN_POINT('',(-3.75E0,4.2E-1,1.9E0));
#2466=VERTEX_POINT('',#2465);
#2467=CARTESIAN_POINT('',(-3.76E0,1.12E0,-1.9E0));
#2468=CARTESIAN_POINT('',(-3.742928932187E0,1.127071067811E0,-1.9E0));
#2469=VERTEX_POINT('',#2467);
#2470=VERTEX_POINT('',#2468);
#2471=CARTESIAN_POINT('',(-3.760000000002E0,4.198332870112E-1,-1.9E0));
#2472=VERTEX_POINT('',#2471);
#2473=CARTESIAN_POINT('',(-4.05E0,1.12E0,-2.19E0));
#2474=VERTEX_POINT('',#2473);
#2475=CARTESIAN_POINT('',(-3.537867965282E0,1.332132033994E0,-2.19E0));
#2476=VERTEX_POINT('',#2475);
#2477=VERTEX_POINT('',#81);
#2478=CARTESIAN_POINT('',(-4.05E0,1.2E-1,2.19E0));
#2479=VERTEX_POINT('',#2478);
#2480=CARTESIAN_POINT('',(-3.76E0,4.198332870113E-1,1.9E0));
#2481=VERTEX_POINT('',#2480);
#2482=CARTESIAN_POINT('',(-4.049999998654E0,1.199999497471E-1,
2.210019322429E0));
#2483=VERTEX_POINT('',#2482);
#2484=CARTESIAN_POINT('',(-3.935576153272E0,-6.435235595541E0,
2.095619344022E0));
#2485=VERTEX_POINT('',#2484);
#2486=CARTESIAN_POINT('',(-3.935559934796E0,-6.435235245763E0,
-2.095619343854E0));
#2487=VERTEX_POINT('',#2486);
#2488=CARTESIAN_POINT('',(-4.049999999454E0,1.199999955720E-1,
-2.210019323159E0));
#2489=VERTEX_POINT('',#2488);
#2490=CARTESIAN_POINT('',(-4.049999999947E0,1.119999999645E0,2.210005521051E0));
#2491=CARTESIAN_POINT('',(-4.05E0,1.120000002311E0,2.19E0));
#2492=VERTEX_POINT('',#2490);
#2493=VERTEX_POINT('',#2491);
#2494=CARTESIAN_POINT('',(-3.537867965282E0,1.332132033994E0,2.19E0));
#2495=VERTEX_POINT('',#2494);
#2496=CARTESIAN_POINT('',(-3.537867962160E0,1.332132030847E0,2.209996790027E0));
#2497=VERTEX_POINT('',#2496);
#2498=CARTESIAN_POINT('',(-3.742928932187E0,1.127071067811E0,1.9E0));
#2499=CARTESIAN_POINT('',(-3.76E0,1.12E0,1.9E0));
#2500=VERTEX_POINT('',#2498);
#2501=VERTEX_POINT('',#2499);
#2502=VERTEX_POINT('',#192);
#2503=VERTEX_POINT('',#185);
#2504=VERTEX_POINT('',#208);
#2505=VERTEX_POINT('',#367);
#2506=VERTEX_POINT('',#219);
#2507=CARTESIAN_POINT('',(-2.426019196680E0,1.2E-1,2.4E0));
#2508=VERTEX_POINT('',#2507);
#2509=CARTESIAN_POINT('',(-3.742928927767E0,1.127071063391E0,2.5E0));
#2510=CARTESIAN_POINT('',(-2.735857864376E0,1.199999999999E-1,2.5E0));
#2511=VERTEX_POINT('',#2509);
#2512=VERTEX_POINT('',#2510);
#2513=CARTESIAN_POINT('',(-3.760019323159E0,1.199999955724E-1,
2.499999999454E0));
#2514=VERTEX_POINT('',#2513);
#2515=CARTESIAN_POINT('',(-3.760007361401E0,1.119981612024E0,2.499999999930E0));
#2516=VERTEX_POINT('',#2515);
#2517=CARTESIAN_POINT('',(2.735857864376E0,1.2E-1,2.5E0));
#2518=VERTEX_POINT('',#2517);
#2519=CARTESIAN_POINT('',(3.760019322429E0,1.199999497487E-1,2.499999998654E0));
#2520=VERTEX_POINT('',#2519);
#2521=CARTESIAN_POINT('',(3.645619344022E0,-6.435235595540E0,2.385576153274E0));
#2522=VERTEX_POINT('',#2521);
#2523=CARTESIAN_POINT('',(-3.645619343854E0,-6.435235245763E0,
2.385559934819E0));
#2524=VERTEX_POINT('',#2523);
#2525=CARTESIAN_POINT('',(3.742928932188E0,1.127071067812E0,2.5E0));
#2526=VERTEX_POINT('',#2525);
#2527=CARTESIAN_POINT('',(3.537867965405E0,1.332132034092E0,2.209996790027E0));
#2528=VERTEX_POINT('',#2527);
#2529=VERTEX_POINT('',#309);
#2530=CARTESIAN_POINT('',(4.05E0,1.12E0,2.21E0));
#2531=VERTEX_POINT('',#2530);
#2532=CARTESIAN_POINT('',(4.05E0,1.12E0,2.19E0));
#2533=CARTESIAN_POINT('',(3.537867965142E0,1.332132033854E0,2.19E0));
#2534=VERTEX_POINT('',#2532);
#2535=VERTEX_POINT('',#2533);
#2536=CARTESIAN_POINT('',(3.76E0,1.12E0,1.9E0));
#2537=CARTESIAN_POINT('',(3.742928932188E0,1.127071067811E0,1.9E0));
#2538=VERTEX_POINT('',#2536);
#2539=VERTEX_POINT('',#2537);
#2540=CARTESIAN_POINT('',(3.760000000002E0,4.198332870112E-1,1.9E0));
#2541=VERTEX_POINT('',#2540);
#2542=CARTESIAN_POINT('',(3.76E0,4.198332870113E-1,-1.9E0));
#2543=VERTEX_POINT('',#2542);
#2544=VERTEX_POINT('',#393);
#2545=CARTESIAN_POINT('',(4.05E0,1.2E-1,2.19E0));
#2546=VERTEX_POINT('',#2545);
#2547=CARTESIAN_POINT('',(3.742928932188E0,1.127071067811E0,-1.9E0));
#2548=VERTEX_POINT('',#2547);
#2549=CARTESIAN_POINT('',(3.76E0,1.12E0,-1.9E0));
#2550=VERTEX_POINT('',#2549);
#2551=VERTEX_POINT('',#473);
#2552=CARTESIAN_POINT('',(3.537867965408E0,1.332132034090E0,-2.190003468116E0));
#2553=VERTEX_POINT('',#2552);
#2554=VERTEX_POINT('',#491);
#2555=VERTEX_POINT('',#496);
#2556=VERTEX_POINT('',#442);
#2557=CARTESIAN_POINT('',(2.426019196680E0,1.2E-1,-2.4E0));
#2558=VERTEX_POINT('',#2557);
#2559=VERTEX_POINT('',#464);
#2560=CARTESIAN_POINT('',(-3.537867965476E0,1.332132034163E0,
-2.209996817536E0));
#2561=VERTEX_POINT('',#2560);
#2562=CARTESIAN_POINT('',(-4.049999999947E0,1.120000002311E0,
-2.210005521050E0));
#2563=VERTEX_POINT('',#2562);
#2564=CARTESIAN_POINT('',(-3.760019322429E0,1.199999497568E-1,
-2.499999998654E0));
#2565=CARTESIAN_POINT('',(-3.760007361401E0,1.119981618603E0,
-2.499999999930E0));
#2566=VERTEX_POINT('',#2564);
#2567=VERTEX_POINT('',#2565);
#2568=CARTESIAN_POINT('',(-2.735857864376E0,1.199999999999E-1,-2.5E0));
#2569=CARTESIAN_POINT('',(-3.742928932188E0,1.127071067812E0,-2.5E0));
#2570=VERTEX_POINT('',#2568);
#2571=VERTEX_POINT('',#2569);
#2572=CARTESIAN_POINT('',(2.735857864376E0,1.2E-1,-2.5E0));
#2573=VERTEX_POINT('',#2572);
#2574=CARTESIAN_POINT('',(-3.645619344022E0,-6.435235595541E0,
-2.385576153270E0));
#2575=VERTEX_POINT('',#2574);
#2576=CARTESIAN_POINT('',(3.645619343854E0,-6.435235245763E0,
-2.385559934805E0));
#2577=VERTEX_POINT('',#2576);
#2578=CARTESIAN_POINT('',(3.760019323159E0,1.199999955724E-1,
-2.499999999454E0));
#2579=VERTEX_POINT('',#2578);
#2580=VERTEX_POINT('',#635);
#2581=CARTESIAN_POINT('',(-1.868201134345E0,-6.73E0,-2.085623626307E0));
#2582=VERTEX_POINT('',#2581);
#2583=VERTEX_POINT('',#603);
#2584=CARTESIAN_POINT('',(1.442221498279E0,-6.685522706632E0,
-2.242811877762E0));
#2585=VERTEX_POINT('',#2584);
#2586=VERTEX_POINT('',#614);
#2587=CARTESIAN_POINT('',(3.635623626307E0,-6.73E0,-2.085623626307E0));
#2588=VERTEX_POINT('',#2587);
#2589=CARTESIAN_POINT('',(3.25E0,-6.73E0,-2.55E0));
#2590=CARTESIAN_POINT('',(-3.25E0,-6.73E0,-2.55E0));
#2591=VERTEX_POINT('',#2589);
#2592=VERTEX_POINT('',#2590);
#2593=CARTESIAN_POINT('',(3.75E0,-6.73E0,-2.55E0));
#2594=VERTEX_POINT('',#2593);
#2595=CARTESIAN_POINT('',(3.75E0,-6.73E0,2.55E0));
#2596=VERTEX_POINT('',#2595);
#2597=CARTESIAN_POINT('',(-3.75E0,-6.73E0,2.55E0));
#2598=VERTEX_POINT('',#2597);
#2599=CARTESIAN_POINT('',(-3.75E0,-6.73E0,-2.55E0));
#2600=VERTEX_POINT('',#2599);
#2601=CARTESIAN_POINT('',(-3.635623626307E0,-6.73E0,2.085623626307E0));
#2602=VERTEX_POINT('',#2601);
#2603=CARTESIAN_POINT('',(-1.868198136741E0,-6.73E0,2.085623626307E0));
#2604=VERTEX_POINT('',#2603);
#2605=CARTESIAN_POINT('',(3.635623626307E0,-6.73E0,2.085623626307E0));
#2606=CARTESIAN_POINT('',(1.868201134345E0,-6.73E0,2.085623626307E0));
#2607=VERTEX_POINT('',#2605);
#2608=VERTEX_POINT('',#2606);
#2609=CARTESIAN_POINT('',(-2.19E0,-3.83E0,-2.55E0));
#2610=CARTESIAN_POINT('',(-2.89E0,-3.83E0,-2.55E0));
#2611=VERTEX_POINT('',#2609);
#2612=VERTEX_POINT('',#2610);
#2613=CARTESIAN_POINT('',(-1.5E0,-3.83E0,-2.55E0));
#2614=VERTEX_POINT('',#2613);
#2615=CARTESIAN_POINT('',(-1.5E0,-2.23E0,-2.55E0));
#2616=VERTEX_POINT('',#2615);
#2617=CARTESIAN_POINT('',(1.5E0,-2.23E0,-2.55E0));
#2618=VERTEX_POINT('',#2617);
#2619=CARTESIAN_POINT('',(1.5E0,-3.83E0,-2.55E0));
#2620=VERTEX_POINT('',#2619);
#2621=CARTESIAN_POINT('',(2.19E0,-3.83E0,-2.55E0));
#2622=VERTEX_POINT('',#2621);
#2623=CARTESIAN_POINT('',(2.89E0,-3.83E0,-2.55E0));
#2624=VERTEX_POINT('',#2623);
#2625=CARTESIAN_POINT('',(3.25E0,-3.83E0,-2.55E0));
#2626=VERTEX_POINT('',#2625);
#2627=CARTESIAN_POINT('',(-3.25E0,-3.83E0,-2.55E0));
#2628=VERTEX_POINT('',#2627);
#2629=CARTESIAN_POINT('',(-2.19E0,-3.43E0,-2.95E0));
#2630=VERTEX_POINT('',#2629);
#2631=CARTESIAN_POINT('',(-2.89E0,-3.43E0,-2.95E0));
#2632=VERTEX_POINT('',#2631);
#2633=CARTESIAN_POINT('',(-2.19E0,-3.43E0,-3.670204102887E0));
#2634=VERTEX_POINT('',#2633);
#2635=CARTESIAN_POINT('',(-2.19E0,-3.829999999995E0,-4.363024425912E0));
#2636=VERTEX_POINT('',#2635);
#2637=CARTESIAN_POINT('',(-2.19E0,-3.866363636363E0,-4.382782937150E0));
#2638=VERTEX_POINT('',#2637);
#2639=CARTESIAN_POINT('',(-2.19E0,-3.866363636363E0,-4.917217062850E0));
#2640=VERTEX_POINT('',#2639);
#2641=CARTESIAN_POINT('',(-2.19E0,-3.829999999999E0,-4.936975574086E0));
#2642=VERTEX_POINT('',#2641);
#2643=CARTESIAN_POINT('',(-2.19E0,-3.43E0,-5.629795897113E0));
#2644=VERTEX_POINT('',#2643);
#2645=CARTESIAN_POINT('',(-2.19E0,-3.43E0,-5.7E0));
#2646=VERTEX_POINT('',#2645);
#2647=CARTESIAN_POINT('',(-2.19E0,-3.83E0,-5.7E0));
#2648=VERTEX_POINT('',#2647);
#2649=CARTESIAN_POINT('',(-2.19E0,-3.83E0,-5.629795897113E0));
#2650=VERTEX_POINT('',#2649);
#2651=CARTESIAN_POINT('',(-2.19E0,-4.048181818145E0,-5.27350648E0));
#2652=VERTEX_POINT('',#2651);
#2653=CARTESIAN_POINT('',(-2.19E0,-4.048181818140E0,-4.026493519997E0));
#2654=VERTEX_POINT('',#2653);
#2655=CARTESIAN_POINT('',(-2.19E0,-3.83E0,-3.670204102887E0));
#2656=VERTEX_POINT('',#2655);
#2657=CARTESIAN_POINT('',(-2.19E0,-3.83E0,-2.95E0));
#2658=VERTEX_POINT('',#2657);
#2659=CARTESIAN_POINT('',(-2.89E0,-3.43E0,-3.670204102887E0));
#2660=VERTEX_POINT('',#2659);
#2661=CARTESIAN_POINT('',(-2.89E0,-3.83E0,-2.95E0));
#2662=VERTEX_POINT('',#2661);
#2663=CARTESIAN_POINT('',(-2.89E0,-3.83E0,-3.670204102887E0));
#2664=VERTEX_POINT('',#2663);
#2665=CARTESIAN_POINT('',(-2.89E0,-4.048181818140E0,-4.026493519998E0));
#2666=VERTEX_POINT('',#2665);
#2667=CARTESIAN_POINT('',(-2.89E0,-4.048181818144E0,-5.27350648E0));
#2668=VERTEX_POINT('',#2667);
#2669=CARTESIAN_POINT('',(-2.89E0,-3.83E0,-5.629795897113E0));
#2670=VERTEX_POINT('',#2669);
#2671=CARTESIAN_POINT('',(-2.89E0,-3.83E0,-5.7E0));
#2672=VERTEX_POINT('',#2671);
#2673=CARTESIAN_POINT('',(-2.89E0,-3.43E0,-5.7E0));
#2674=VERTEX_POINT('',#2673);
#2675=CARTESIAN_POINT('',(-2.89E0,-3.43E0,-5.629795897113E0));
#2676=VERTEX_POINT('',#2675);
#2677=CARTESIAN_POINT('',(-2.89E0,-3.829999999997E0,-4.936975574087E0));
#2678=VERTEX_POINT('',#2677);
#2679=CARTESIAN_POINT('',(-2.89E0,-3.866363636364E0,-4.917217062849E0));
#2680=VERTEX_POINT('',#2679);
#2681=CARTESIAN_POINT('',(-2.89E0,-3.866363636360E0,-4.382782937149E0));
#2682=VERTEX_POINT('',#2681);
#2683=CARTESIAN_POINT('',(-2.89E0,-3.829999999998E0,-4.363024425913E0));
#2684=VERTEX_POINT('',#2683);
#2685=CARTESIAN_POINT('',(-3.25E0,-3.83E0,-2.95E0));
#2686=VERTEX_POINT('',#2685);
#2687=CARTESIAN_POINT('',(-3.25E0,-7.13E0,-2.55E0));
#2688=CARTESIAN_POINT('',(-3.25E0,-6.73E0,-2.95E0));
#2689=VERTEX_POINT('',#2687);
#2690=VERTEX_POINT('',#2688);
#2691=CARTESIAN_POINT('',(3.25E0,-7.13E0,-2.55E0));
#2692=VERTEX_POINT('',#2691);
#2693=CARTESIAN_POINT('',(3.25E0,-6.73E0,-2.95E0));
#2694=VERTEX_POINT('',#2693);
#2695=CARTESIAN_POINT('',(3.75E0,-7.13E0,2.55E0));
#2696=CARTESIAN_POINT('',(-3.75E0,-7.13E0,2.55E0));
#2697=VERTEX_POINT('',#2695);
#2698=VERTEX_POINT('',#2696);
#2699=CARTESIAN_POINT('',(3.75E0,-7.13E0,-2.55E0));
#2700=VERTEX_POINT('',#2699);
#2701=CARTESIAN_POINT('',(-3.75E0,-7.13E0,-2.55E0));
#2702=VERTEX_POINT('',#2701);
#2703=CARTESIAN_POINT('',(1.482802369648E0,-7.13E0,-2.548378584292E0));
#2704=CARTESIAN_POINT('',(1.482802369648E0,-7.13E0,2.548378584292E0));
#2705=VERTEX_POINT('',#2703);
#2706=VERTEX_POINT('',#2704);
#2707=CARTESIAN_POINT('',(-1.482802369648E0,-7.13E0,2.548378584292E0));
#2708=VERTEX_POINT('',#2707);
#2709=CARTESIAN_POINT('',(-1.482802369648E0,-7.13E0,-2.548378584292E0));
#2710=VERTEX_POINT('',#2709);
#2711=CARTESIAN_POINT('',(3.25E0,-3.83E0,-2.95E0));
#2712=VERTEX_POINT('',#2711);
#2713=CARTESIAN_POINT('',(2.89E0,-3.83E0,-2.95E0));
#2714=VERTEX_POINT('',#2713);
#2715=CARTESIAN_POINT('',(2.89E0,-3.43E0,-2.95E0));
#2716=VERTEX_POINT('',#2715);
#2717=CARTESIAN_POINT('',(2.89E0,-3.43E0,-3.670204102887E0));
#2718=VERTEX_POINT('',#2717);
#2719=CARTESIAN_POINT('',(2.89E0,-3.829999999995E0,-4.363024425912E0));
#2720=VERTEX_POINT('',#2719);
#2721=CARTESIAN_POINT('',(2.89E0,-3.866363636363E0,-4.382782937150E0));
#2722=VERTEX_POINT('',#2721);
#2723=CARTESIAN_POINT('',(2.89E0,-3.866363636363E0,-4.917217062850E0));
#2724=VERTEX_POINT('',#2723);
#2725=CARTESIAN_POINT('',(2.89E0,-3.829999999999E0,-4.936975574086E0));
#2726=VERTEX_POINT('',#2725);
#2727=CARTESIAN_POINT('',(2.89E0,-3.43E0,-5.629795897113E0));
#2728=VERTEX_POINT('',#2727);
#2729=CARTESIAN_POINT('',(2.89E0,-3.43E0,-5.7E0));
#2730=VERTEX_POINT('',#2729);
#2731=CARTESIAN_POINT('',(2.89E0,-3.83E0,-5.7E0));
#2732=VERTEX_POINT('',#2731);
#2733=CARTESIAN_POINT('',(2.89E0,-3.83E0,-5.629795897113E0));
#2734=VERTEX_POINT('',#2733);
#2735=CARTESIAN_POINT('',(2.89E0,-4.048181818145E0,-5.27350648E0));
#2736=VERTEX_POINT('',#2735);
#2737=CARTESIAN_POINT('',(2.89E0,-4.048181818139E0,-4.026493519997E0));
#2738=VERTEX_POINT('',#2737);
#2739=CARTESIAN_POINT('',(2.89E0,-3.83E0,-3.670204102887E0));
#2740=VERTEX_POINT('',#2739);
#2741=CARTESIAN_POINT('',(2.19E0,-3.43E0,-2.95E0));
#2742=VERTEX_POINT('',#2741);
#2743=CARTESIAN_POINT('',(2.19E0,-3.83E0,-2.95E0));
#2744=VERTEX_POINT('',#2743);
#2745=CARTESIAN_POINT('',(2.19E0,-3.83E0,-3.670204102887E0));
#2746=VERTEX_POINT('',#2745);
#2747=CARTESIAN_POINT('',(2.19E0,-4.048181818140E0,-4.026493519998E0));
#2748=VERTEX_POINT('',#2747);
#2749=CARTESIAN_POINT('',(2.19E0,-4.048181818144E0,-5.27350648E0));
#2750=VERTEX_POINT('',#2749);
#2751=CARTESIAN_POINT('',(2.19E0,-3.83E0,-5.629795897113E0));
#2752=VERTEX_POINT('',#2751);
#2753=CARTESIAN_POINT('',(2.19E0,-3.83E0,-5.7E0));
#2754=VERTEX_POINT('',#2753);
#2755=CARTESIAN_POINT('',(2.19E0,-3.43E0,-5.7E0));
#2756=VERTEX_POINT('',#2755);
#2757=CARTESIAN_POINT('',(2.19E0,-3.43E0,-5.629795897113E0));
#2758=VERTEX_POINT('',#2757);
#2759=CARTESIAN_POINT('',(2.19E0,-3.829999999997E0,-4.936975574087E0));
#2760=VERTEX_POINT('',#2759);
#2761=CARTESIAN_POINT('',(2.19E0,-3.866363636364E0,-4.917217062849E0));
#2762=VERTEX_POINT('',#2761);
#2763=CARTESIAN_POINT('',(2.19E0,-3.866363636360E0,-4.382782937149E0));
#2764=VERTEX_POINT('',#2763);
#2765=CARTESIAN_POINT('',(2.19E0,-3.829999999998E0,-4.363024425913E0));
#2766=VERTEX_POINT('',#2765);
#2767=CARTESIAN_POINT('',(2.19E0,-3.43E0,-3.670204102887E0));
#2768=VERTEX_POINT('',#2767);
#2769=CARTESIAN_POINT('',(1.5E0,-3.83E0,-2.95E0));
#2770=VERTEX_POINT('',#2769);
#2771=CARTESIAN_POINT('',(1.5E0,-2.23E0,-2.95E0));
#2772=VERTEX_POINT('',#2771);
#2773=CARTESIAN_POINT('',(-1.5E0,-2.23E0,-2.95E0));
#2774=VERTEX_POINT('',#2773);
#2775=CARTESIAN_POINT('',(-1.5E0,-3.83E0,-2.95E0));
#2776=VERTEX_POINT('',#2775);
#2777=CARTESIAN_POINT('',(-3.E-1,-2.73E0,-2.95E0));
#2778=CARTESIAN_POINT('',(3.E-1,-2.73E0,-2.95E0));
#2779=VERTEX_POINT('',#2777);
#2780=VERTEX_POINT('',#2778);
#2781=CARTESIAN_POINT('',(2.75E0,-6.53E0,-2.95E0));
#2782=CARTESIAN_POINT('',(2.75E0,-5.93E0,-2.95E0));
#2783=VERTEX_POINT('',#2781);
#2784=VERTEX_POINT('',#2782);
#2785=CARTESIAN_POINT('',(-2.75E0,-5.93E0,-2.95E0));
#2786=CARTESIAN_POINT('',(-2.75E0,-6.53E0,-2.95E0));
#2787=VERTEX_POINT('',#2785);
#2788=VERTEX_POINT('',#2786);
#2789=CARTESIAN_POINT('',(0.E0,-2.73E0,-3.05E0));
#2790=VERTEX_POINT('',#2789);
#2791=CARTESIAN_POINT('',(2.75E0,-6.23E0,-3.05E0));
#2792=VERTEX_POINT('',#2791);
#2793=CARTESIAN_POINT('',(-2.75E0,-6.23E0,-3.05E0));
#2794=VERTEX_POINT('',#2793);
#2795=VERTEX_POINT('',#1271);
#2796=VERTEX_POINT('',#1288);
#2797=CARTESIAN_POINT('',(-1.456021977856E0,-7.83E0,2.45E0));
#2798=VERTEX_POINT('',#2797);
#2799=CARTESIAN_POINT('',(-1.456021977856E0,-7.83E0,-2.45E0));
#2800=VERTEX_POINT('',#2799);
#2801=CARTESIAN_POINT('',(-1.356465996625E0,-7.83E0,2.1E0));
#2802=CARTESIAN_POINT('',(-2.5E0,-7.83E0,0.E0));
#2803=VERTEX_POINT('',#2801);
#2804=VERTEX_POINT('',#2802);
#2805=CARTESIAN_POINT('',(-1.356465996625E0,-7.83E0,-2.1E0));
#2806=VERTEX_POINT('',#2805);
#2807=CARTESIAN_POINT('',(1.356465996625E0,-7.83E0,-2.1E0));
#2808=VERTEX_POINT('',#2807);
#2809=CARTESIAN_POINT('',(2.5E0,-7.83E0,0.E0));
#2810=VERTEX_POINT('',#2809);
#2811=CARTESIAN_POINT('',(1.356465996625E0,-7.83E0,2.1E0));
#2812=VERTEX_POINT('',#2811);
#2813=CARTESIAN_POINT('',(-1.356465210124E0,-8.73E0,2.100000221535E0));
#2814=VERTEX_POINT('',#2813);
#2815=CARTESIAN_POINT('',(-2.5E0,-8.73E0,0.E0));
#2816=VERTEX_POINT('',#2815);
#2817=CARTESIAN_POINT('',(-1.356465996625E0,-8.73E0,-2.1E0));
#2818=VERTEX_POINT('',#2817);
#2819=CARTESIAN_POINT('',(1.356465210121E0,-8.73E0,2.100000221536E0));
#2820=VERTEX_POINT('',#2819);
#2821=CARTESIAN_POINT('',(0.E0,-8.73E0,2.1E0));
#2822=VERTEX_POINT('',#2821);
#2823=CARTESIAN_POINT('',(1.356465210129E0,-8.73E0,-2.100000221533E0));
#2824=VERTEX_POINT('',#2823);
#2825=CARTESIAN_POINT('',(2.5E0,-8.73E0,0.E0));
#2826=VERTEX_POINT('',#2825);
#2827=CARTESIAN_POINT('',(0.E0,-8.73E0,-2.1E0));
#2828=VERTEX_POINT('',#2827);
#2829=CARTESIAN_POINT('',(2.891366458960E-1,-8.75E0,-2.08E0));
#2830=CARTESIAN_POINT('',(-2.891366458960E-1,-8.75E0,-2.08E0));
#2831=VERTEX_POINT('',#2829);
#2832=VERTEX_POINT('',#2830);
#2833=VERTEX_POINT('',#1433);
#2834=CARTESIAN_POINT('',(1.296147936942E0,-8.93E0,-1.900000059247E0));
#2835=VERTEX_POINT('',#2834);
#2836=VERTEX_POINT('',#1453);
#2837=CARTESIAN_POINT('',(-2.3E0,-8.93E0,0.E0));
#2838=VERTEX_POINT('',#2837);
#2839=CARTESIAN_POINT('',(-2.891366458960E-1,-8.75E0,2.08E0));
#2840=CARTESIAN_POINT('',(2.891366458960E-1,-8.75E0,2.08E0));
#2841=VERTEX_POINT('',#2839);
#2842=VERTEX_POINT('',#2840);
#2843=VERTEX_POINT('',#1494);
#2844=CARTESIAN_POINT('',(2.3E0,-8.93E0,0.E0));
#2845=VERTEX_POINT('',#2844);
#2846=CARTESIAN_POINT('',(1.296148296683E0,-1.258000011276E1,1.900000322476E0));
#2847=CARTESIAN_POINT('',(2.299999963530E0,-1.258000011276E1,0.E0));
#2848=VERTEX_POINT('',#2846);
#2849=VERTEX_POINT('',#2847);
#2850=CARTESIAN_POINT('',(1.296148033152E0,-1.258000011276E1,
-1.899999843839E0));
#2851=VERTEX_POINT('',#2850);
#2852=CARTESIAN_POINT('',(1.232883530238E0,-1.278E1,1.700000025562E0));
#2853=CARTESIAN_POINT('',(1.232882668515E0,-1.278E1,-1.699999992092E0));
#2854=VERTEX_POINT('',#2852);
#2855=VERTEX_POINT('',#2853);
#2856=CARTESIAN_POINT('',(-1.232882680704E0,-1.278000002043E1,
-1.700000249076E0));
#2857=VERTEX_POINT('',#2856);
#2858=CARTESIAN_POINT('',(-1.232882668515E0,-1.278E1,1.699999992092E0));
#2859=VERTEX_POINT('',#2858);
#2860=CARTESIAN_POINT('',(-1.296147114431E0,-1.258000009006E1,
-1.900000383447E0));
#2861=VERTEX_POINT('',#2860);
#2862=CARTESIAN_POINT('',(-2.299999963530E0,-1.258000011276E1,0.E0));
#2863=VERTEX_POINT('',#2862);
#2864=CARTESIAN_POINT('',(-1.296148033152E0,-1.258000011276E1,
1.899999843839E0));
#2865=VERTEX_POINT('',#2864);
#2866=CARTESIAN_POINT('',(1.062712615658E0,-1.049139557631E1,0.E0));
#2867=CARTESIAN_POINT('',(-6.001383055900E-1,-1.084484545071E1,0.E0));
#2868=VERTEX_POINT('',#2866);
#2869=VERTEX_POINT('',#2867);
#2870=CARTESIAN_POINT('',(2.718913900303E0,-1.659980298675E1,0.E0));
#2871=VERTEX_POINT('',#2870);
#2872=CARTESIAN_POINT('',(3.713596585416E-1,-1.709879104471E1,0.E0));
#2873=VERTEX_POINT('',#2872);
#2874=CARTESIAN_POINT('',(1.808831710115E0,-1.808988412638E1,0.E0));
#2875=VERTEX_POINT('',#2874);
#2876=VERTEX_POINT('',#1722);
#2877=CARTESIAN_POINT('',(-1.442221498279E0,-6.685522706632E0,
2.242811877762E0));
#2878=VERTEX_POINT('',#2877);
#2879=CARTESIAN_POINT('',(3.935577939044E0,-6.435235469878E0,2.095611065247E0));
#2880=VERTEX_POINT('',#2879);
#2881=VERTEX_POINT('',#1783);
#2882=CARTESIAN_POINT('',(4.049999998654E0,1.199999497471E-1,
-2.210019322429E0));
#2883=VERTEX_POINT('',#2882);
#2884=CARTESIAN_POINT('',(3.935576153271E0,-6.435235595541E0,
-2.095619344022E0));
#2885=VERTEX_POINT('',#2884);
#2886=CARTESIAN_POINT('',(4.049999999947E0,1.119999999872E0,-2.210005521050E0));
#2887=CARTESIAN_POINT('',(4.05E0,1.119999995184E0,-2.19E0));
#2888=VERTEX_POINT('',#2886);
#2889=VERTEX_POINT('',#2887);
#2890=CARTESIAN_POINT('',(3.537867967290E0,1.332132035978E0,-2.209996817536E0));
#2891=VERTEX_POINT('',#2890);
#2892=CARTESIAN_POINT('',(3.742928934701E0,1.127071070325E0,-2.5E0));
#2893=VERTEX_POINT('',#2892);
#2894=CARTESIAN_POINT('',(3.760007361401E0,1.119981612024E0,-2.499999999930E0));
#2895=VERTEX_POINT('',#2894);
#2896=CARTESIAN_POINT('',(-2.5E-1,3.E-1,-8.594744111674E-1));
#2897=VERTEX_POINT('',#2896);
#2898=CARTESIAN_POINT('',(-2.5E-1,3.E-1,-3.5E-1));
#2899=VERTEX_POINT('',#2898);
#2900=CARTESIAN_POINT('',(-2.5E-1,6.E-1,-3.5E-1));
#2901=VERTEX_POINT('',#2900);
#2902=CARTESIAN_POINT('',(-2.5E-1,1.1E0,-8.5E-1));
#2903=VERTEX_POINT('',#2902);
#2904=CARTESIAN_POINT('',(-2.5E-1,1.1E0,-6.E0));
#2905=VERTEX_POINT('',#2904);
#2906=CARTESIAN_POINT('',(-2.5E-1,1.45E0,-6.35E0));
#2907=VERTEX_POINT('',#2906);
#2908=CARTESIAN_POINT('',(-2.5E-1,1.8E0,-6.E0));
#2909=VERTEX_POINT('',#2908);
#2910=CARTESIAN_POINT('',(-2.5E-1,1.8E0,-8.5E-1));
#2911=VERTEX_POINT('',#2910);
#2912=CARTESIAN_POINT('',(-2.5E-1,6.E-1,3.5E-1));
#2913=VERTEX_POINT('',#2912);
#2914=CARTESIAN_POINT('',(-2.5E-1,3.E-1,3.5E-1));
#2915=VERTEX_POINT('',#2914);
#2916=CARTESIAN_POINT('',(-2.5E-1,3.E-1,8.594744111674E-1));
#2917=VERTEX_POINT('',#2916);
#2918=CARTESIAN_POINT('',(2.5E-1,3.E-1,-8.594744111674E-1));
#2919=VERTEX_POINT('',#2918);
#2920=CARTESIAN_POINT('',(2.5E-1,3.E-1,8.594744111674E-1));
#2921=VERTEX_POINT('',#2920);
#2922=CARTESIAN_POINT('',(2.5E-1,3.E-1,3.5E-1));
#2923=VERTEX_POINT('',#2922);
#2924=CARTESIAN_POINT('',(2.5E-1,6.E-1,3.5E-1));
#2925=VERTEX_POINT('',#2924);
#2926=CARTESIAN_POINT('',(2.5E-1,1.8E0,-8.5E-1));
#2927=VERTEX_POINT('',#2926);
#2928=CARTESIAN_POINT('',(2.5E-1,1.8E0,-6.E0));
#2929=VERTEX_POINT('',#2928);
#2930=CARTESIAN_POINT('',(2.5E-1,1.45E0,-6.35E0));
#2931=CARTESIAN_POINT('',(2.5E-1,1.1E0,-6.E0));
#2932=VERTEX_POINT('',#2930);
#2933=VERTEX_POINT('',#2931);
#2934=CARTESIAN_POINT('',(2.5E-1,1.1E0,-8.5E-1));
#2935=VERTEX_POINT('',#2934);
#2936=CARTESIAN_POINT('',(2.5E-1,6.E-1,-3.5E-1));
#2937=VERTEX_POINT('',#2936);
#2938=CARTESIAN_POINT('',(2.5E-1,3.E-1,-3.5E-1));
#2939=VERTEX_POINT('',#2938);
#2940=CARTESIAN_POINT('',(-2.79E0,3.E-1,-8.594744111674E-1));
#2941=VERTEX_POINT('',#2940);
#2942=CARTESIAN_POINT('',(-2.79E0,3.E-1,-3.5E-1));
#2943=VERTEX_POINT('',#2942);
#2944=CARTESIAN_POINT('',(-2.79E0,6.E-1,-3.5E-1));
#2945=VERTEX_POINT('',#2944);
#2946=CARTESIAN_POINT('',(-2.79E0,1.1E0,-8.5E-1));
#2947=VERTEX_POINT('',#2946);
#2948=CARTESIAN_POINT('',(-2.79E0,1.1E0,-6.E0));
#2949=VERTEX_POINT('',#2948);
#2950=CARTESIAN_POINT('',(-2.79E0,1.45E0,-6.35E0));
#2951=VERTEX_POINT('',#2950);
#2952=CARTESIAN_POINT('',(-2.79E0,1.8E0,-6.E0));
#2953=VERTEX_POINT('',#2952);
#2954=CARTESIAN_POINT('',(-2.79E0,1.8E0,-8.5E-1));
#2955=VERTEX_POINT('',#2954);
#2956=CARTESIAN_POINT('',(-2.79E0,6.E-1,3.5E-1));
#2957=VERTEX_POINT('',#2956);
#2958=CARTESIAN_POINT('',(-2.79E0,3.E-1,3.5E-1));
#2959=VERTEX_POINT('',#2958);
#2960=CARTESIAN_POINT('',(-2.79E0,3.E-1,8.594744111674E-1));
#2961=VERTEX_POINT('',#2960);
#2962=CARTESIAN_POINT('',(-2.29E0,3.E-1,-8.594744111674E-1));
#2963=VERTEX_POINT('',#2962);
#2964=CARTESIAN_POINT('',(-2.29E0,3.E-1,8.594744111674E-1));
#2965=VERTEX_POINT('',#2964);
#2966=CARTESIAN_POINT('',(-2.29E0,3.E-1,3.5E-1));
#2967=VERTEX_POINT('',#2966);
#2968=CARTESIAN_POINT('',(-2.29E0,6.E-1,3.5E-1));
#2969=VERTEX_POINT('',#2968);
#2970=CARTESIAN_POINT('',(-2.29E0,1.8E0,-8.5E-1));
#2971=VERTEX_POINT('',#2970);
#2972=CARTESIAN_POINT('',(-2.29E0,1.8E0,-6.E0));
#2973=VERTEX_POINT('',#2972);
#2974=CARTESIAN_POINT('',(-2.29E0,1.45E0,-6.35E0));
#2975=CARTESIAN_POINT('',(-2.29E0,1.1E0,-6.E0));
#2976=VERTEX_POINT('',#2974);
#2977=VERTEX_POINT('',#2975);
#2978=CARTESIAN_POINT('',(-2.29E0,1.1E0,-8.5E-1));
#2979=VERTEX_POINT('',#2978);
#2980=CARTESIAN_POINT('',(-2.29E0,6.E-1,-3.5E-1));
#2981=VERTEX_POINT('',#2980);
#2982=CARTESIAN_POINT('',(-2.29E0,3.E-1,-3.5E-1));
#2983=VERTEX_POINT('',#2982);
#2984=CARTESIAN_POINT('',(2.29E0,3.E-1,-8.594744111674E-1));
#2985=VERTEX_POINT('',#2984);
#2986=CARTESIAN_POINT('',(2.29E0,3.E-1,-3.5E-1));
#2987=VERTEX_POINT('',#2986);
#2988=CARTESIAN_POINT('',(2.29E0,6.E-1,-3.5E-1));
#2989=VERTEX_POINT('',#2988);
#2990=CARTESIAN_POINT('',(2.29E0,1.1E0,-8.5E-1));
#2991=VERTEX_POINT('',#2990);
#2992=CARTESIAN_POINT('',(2.29E0,1.1E0,-6.E0));
#2993=VERTEX_POINT('',#2992);
#2994=CARTESIAN_POINT('',(2.29E0,1.45E0,-6.35E0));
#2995=VERTEX_POINT('',#2994);
#2996=CARTESIAN_POINT('',(2.29E0,1.8E0,-6.E0));
#2997=VERTEX_POINT('',#2996);
#2998=CARTESIAN_POINT('',(2.29E0,1.8E0,-8.5E-1));
#2999=VERTEX_POINT('',#2998);
#3000=CARTESIAN_POINT('',(2.29E0,6.E-1,3.5E-1));
#3001=VERTEX_POINT('',#3000);
#3002=CARTESIAN_POINT('',(2.29E0,3.E-1,3.5E-1));
#3003=VERTEX_POINT('',#3002);
#3004=CARTESIAN_POINT('',(2.29E0,3.E-1,8.594744111674E-1));
#3005=VERTEX_POINT('',#3004);
#3006=CARTESIAN_POINT('',(2.79E0,3.E-1,-8.594744111674E-1));
#3007=VERTEX_POINT('',#3006);
#3008=CARTESIAN_POINT('',(2.79E0,3.E-1,8.594744111674E-1));
#3009=VERTEX_POINT('',#3008);
#3010=CARTESIAN_POINT('',(2.79E0,3.E-1,3.5E-1));
#3011=VERTEX_POINT('',#3010);
#3012=CARTESIAN_POINT('',(2.79E0,6.E-1,3.5E-1));
#3013=VERTEX_POINT('',#3012);
#3014=CARTESIAN_POINT('',(2.79E0,1.8E0,-8.5E-1));
#3015=VERTEX_POINT('',#3014);
#3016=CARTESIAN_POINT('',(2.79E0,1.8E0,-6.E0));
#3017=VERTEX_POINT('',#3016);
#3018=CARTESIAN_POINT('',(2.79E0,1.45E0,-6.35E0));
#3019=CARTESIAN_POINT('',(2.79E0,1.1E0,-6.E0));
#3020=VERTEX_POINT('',#3018);
#3021=VERTEX_POINT('',#3019);
#3022=CARTESIAN_POINT('',(2.79E0,1.1E0,-8.5E-1));
#3023=VERTEX_POINT('',#3022);
#3024=CARTESIAN_POINT('',(2.79E0,6.E-1,-3.5E-1));
#3025=VERTEX_POINT('',#3024);
#3026=CARTESIAN_POINT('',(2.79E0,3.E-1,-3.5E-1));
#3027=VERTEX_POINT('',#3026);
#3028=CARTESIAN_POINT('',(0.E0,4.2E-1,0.E0));
#3029=DIRECTION('',(0.E0,-1.E0,0.E0));
#3030=DIRECTION('',(1.E0,0.E0,0.E0));
#3031=AXIS2_PLACEMENT_3D('',#3028,#3029,#3030);
#3032=PLANE('',#3031);
#3034=ORIENTED_EDGE('',*,*,#3033,.F.);
#3036=ORIENTED_EDGE('',*,*,#3035,.T.);
#3038=ORIENTED_EDGE('',*,*,#3037,.F.);
#3040=ORIENTED_EDGE('',*,*,#3039,.F.);
#3042=ORIENTED_EDGE('',*,*,#3041,.F.);
#3044=ORIENTED_EDGE('',*,*,#3043,.F.);
#3046=ORIENTED_EDGE('',*,*,#3045,.T.);
#3048=ORIENTED_EDGE('',*,*,#3047,.T.);
#3050=ORIENTED_EDGE('',*,*,#3049,.F.);
#3052=ORIENTED_EDGE('',*,*,#3051,.F.);
#3054=ORIENTED_EDGE('',*,*,#3053,.T.);
#3056=ORIENTED_EDGE('',*,*,#3055,.F.);
#3057=EDGE_LOOP('',(#3034,#3036,#3038,#3040,#3042,#3044,#3046,#3048,#3050,#3052,
#3054,#3056));
#3058=FACE_OUTER_BOUND('',#3057,.F.);
#3059=ADVANCED_FACE('',(#3058),#3032,.F.);
#3060=CARTESIAN_POINT('',(0.E0,4.2E-1,-1.9E0));
#3061=DIRECTION('',(0.E0,0.E0,-1.E0));
#3062=DIRECTION('',(1.E0,0.E0,0.E0));
#3063=AXIS2_PLACEMENT_3D('',#3060,#3061,#3062);
#3064=PLANE('',#3063);
#3066=ORIENTED_EDGE('',*,*,#3065,.T.);
#3068=ORIENTED_EDGE('',*,*,#3067,.T.);
#3069=ORIENTED_EDGE('',*,*,#3033,.T.);
#3071=ORIENTED_EDGE('',*,*,#3070,.T.);
#3073=ORIENTED_EDGE('',*,*,#3072,.F.);
#3074=EDGE_LOOP('',(#3066,#3068,#3069,#3071,#3073));
#3075=FACE_OUTER_BOUND('',#3074,.F.);
#3076=ADVANCED_FACE('',(#3075),#3064,.F.);
#3077=CARTESIAN_POINT('',(-3.76E0,1.12E0,-1.9E0));
#3078=CARTESIAN_POINT('',(-3.929878066912E0,1.119999999999E0,-1.9E0));
#3079=CARTESIAN_POINT('',(-4.05E0,1.119999999998E0,-2.020121933088E0));
#3080=CARTESIAN_POINT('',(-4.05E0,1.119999999998E0,-2.19E0));
#3081=CARTESIAN_POINT('',(-3.76E0,1.130466715123E0,-1.9E0));
#3082=CARTESIAN_POINT('',(-3.929878066913E0,1.308273248326E0,-1.9E0));
#3083=CARTESIAN_POINT('',(-4.050000000003E0,1.434001453694E0,
-2.020121933088E0));
#3084=CARTESIAN_POINT('',(-4.050000000003E0,1.434001453694E0,-2.19E0));
#3085=CARTESIAN_POINT('',(-3.750330015916E0,1.134472153087E0,-1.9E0));
#3086=CARTESIAN_POINT('',(-3.755936262499E0,1.380322292129E0,-1.9E0));
#3087=CARTESIAN_POINT('',(-3.759900477474E0,1.554164592602E0,
-2.020121933088E0));
#3088=CARTESIAN_POINT('',(-3.759900477474E0,1.554164592602E0,-2.19E0));
#3089=CARTESIAN_POINT('',(-3.742928931449E0,1.127071067073E0,-1.9E0));
#3090=CARTESIAN_POINT('',(-3.622806985805E0,1.247192987605E0,-1.9E0));
#3091=CARTESIAN_POINT('',(-3.537867943471E0,1.332132012183E0,
-2.020121933088E0));
#3092=CARTESIAN_POINT('',(-3.537867943471E0,1.332132012183E0,-2.19E0));
#3093=(BOUNDED_SURFACE()B_SPLINE_SURFACE(3,3,((#3077,#3078,#3079,#3080),(#3081,
#3082,#3083,#3084),(#3085,#3086,#3087,#3088),(#3089,#3090,#3091,#3092)),
.UNSPECIFIED.,.F.,.F.,.F.)B_SPLINE_SURFACE_WITH_KNOTS((4,4),(4,4),(0.E0,1.E0),(
0.E0,1.E0),.UNSPECIFIED.)GEOMETRIC_REPRESENTATION_ITEM()RATIONAL_B_SPLINE_SURFACE(((1.694636514397E0,1.363738152117E0,1.363738152117E0,1.694636514397E0),(
9.972183288730E-1,8.024993380705E-1,8.024993380705E-1,9.972183288730E-1),(
9.972183288730E-1,8.024993380705E-1,8.024993380705E-1,9.972183288730E-1),(
1.694636514397E0,1.363738152117E0,1.363738152117E0,1.694636514397E0)))REPRESENTATION_ITEM('')SURFACE());
#3094=ORIENTED_EDGE('',*,*,#3065,.F.);
#3096=ORIENTED_EDGE('',*,*,#3095,.T.);
#3098=ORIENTED_EDGE('',*,*,#3097,.T.);
#3100=ORIENTED_EDGE('',*,*,#3099,.T.);
#3101=EDGE_LOOP('',(#3094,#3096,#3098,#3100));
#3102=FACE_OUTER_BOUND('',#3101,.F.);
#3103=ADVANCED_FACE('',(#3102),#3093,.T.);
#3104=CARTESIAN_POINT('',(-3.76E0,1.157341592459E0,-2.19E0));
#3105=DIRECTION('',(0.E0,-1.E0,0.E0));
#3106=DIRECTION('',(0.E0,0.E0,1.E0));
#3107=AXIS2_PLACEMENT_3D('',#3104,#3105,#3106);
#3108=CYLINDRICAL_SURFACE('',#3107,2.9E-1);
#3109=ORIENTED_EDGE('',*,*,#3072,.T.);
#3111=ORIENTED_EDGE('',*,*,#3110,.T.);
#3113=ORIENTED_EDGE('',*,*,#3112,.T.);
#3114=ORIENTED_EDGE('',*,*,#3095,.F.);
#3115=EDGE_LOOP('',(#3109,#3111,#3113,#3114));
#3116=FACE_OUTER_BOUND('',#3115,.F.);
#3117=ADVANCED_FACE('',(#3116),#3108,.T.);
#3118=CARTESIAN_POINT('',(-3.75E0,1.2E-1,-2.424541182080E0));
#3119=DIRECTION('',(0.E0,0.E0,1.E0));
#3120=DIRECTION('',(0.E0,1.E0,0.E0));
#3121=AXIS2_PLACEMENT_3D('',#3118,#3119,#3120);
#3122=CYLINDRICAL_SURFACE('',#3121,3.E-1);
#3124=ORIENTED_EDGE('',*,*,#3123,.T.);
#3125=ORIENTED_EDGE('',*,*,#3110,.F.);
#3126=ORIENTED_EDGE('',*,*,#3070,.F.);
#3127=ORIENTED_EDGE('',*,*,#3055,.T.);
#3129=ORIENTED_EDGE('',*,*,#3128,.F.);
#3131=ORIENTED_EDGE('',*,*,#3130,.T.);
#3132=EDGE_LOOP('',(#3124,#3125,#3126,#3127,#3129,#3131));
#3133=FACE_OUTER_BOUND('',#3132,.F.);
#3134=ADVANCED_FACE('',(#3133),#3122,.T.);
#3135=CARTESIAN_POINT('',(-4.05E0,1.2E-1,2.695290552767E0));
#3136=DIRECTION('',(-9.998476951564E-1,-1.745240643728E-2,0.E0));
#3137=DIRECTION('',(0.E0,0.E0,1.E0));
#3138=AXIS2_PLACEMENT_3D('',#3135,#3136,#3137);
#3139=PLANE('',#3138);
#3140=ORIENTED_EDGE('',*,*,#3123,.F.);
#3142=ORIENTED_EDGE('',*,*,#3141,.F.);
#3144=ORIENTED_EDGE('',*,*,#3143,.T.);
#3146=ORIENTED_EDGE('',*,*,#3145,.F.);
#3148=ORIENTED_EDGE('',*,*,#3147,.T.);
#3150=ORIENTED_EDGE('',*,*,#3149,.F.);
#3151=EDGE_LOOP('',(#3140,#3142,#3144,#3146,#3148,#3150));
#3152=FACE_OUTER_BOUND('',#3151,.F.);
#3153=ADVANCED_FACE('',(#3152),#3139,.T.);
#3154=CARTESIAN_POINT('',(-4.05E0,1.2E-1,2.5E0));
#3155=DIRECTION('',(-1.E0,0.E0,0.E0));
#3156=DIRECTION('',(0.E0,1.E0,0.E0));
#3157=AXIS2_PLACEMENT_3D('',#3154,#3155,#3156);
#3158=PLANE('',#3157);
#3160=ORIENTED_EDGE('',*,*,#3159,.F.);
#3162=ORIENTED_EDGE('',*,*,#3161,.F.);
#3163=ORIENTED_EDGE('',*,*,#3141,.T.);
#3165=ORIENTED_EDGE('',*,*,#3164,.F.);
#3166=EDGE_LOOP('',(#3160,#3162,#3163,#3165));
#3167=FACE_OUTER_BOUND('',#3166,.F.);
#3168=ADVANCED_FACE('',(#3167),#3158,.T.);
#3169=CARTESIAN_POINT('',(-3.75E0,1.12E0,2.5E0));
#3170=DIRECTION('',(0.E0,0.E0,-1.E0));
#3171=DIRECTION('',(1.E0,0.E0,0.E0));
#3172=AXIS2_PLACEMENT_3D('',#3169,#3170,#3171);
#3173=CYLINDRICAL_SURFACE('',#3172,3.E-1);
#3175=ORIENTED_EDGE('',*,*,#3174,.F.);
#3177=ORIENTED_EDGE('',*,*,#3176,.T.);
#3179=ORIENTED_EDGE('',*,*,#3178,.F.);
#3180=ORIENTED_EDGE('',*,*,#3159,.T.);
#3181=EDGE_LOOP('',(#3175,#3177,#3179,#3180));
#3182=FACE_OUTER_BOUND('',#3181,.F.);
#3183=ADVANCED_FACE('',(#3182),#3173,.T.);
#3184=CARTESIAN_POINT('',(-4.05E0,1.12E0,2.19E0));
#3185=CARTESIAN_POINT('',(-4.05E0,1.12E0,2.020121933088E0));
#3186=CARTESIAN_POINT('',(-3.929878066912E0,1.12E0,1.9E0));
#3187=CARTESIAN_POINT('',(-3.76E0,1.12E0,1.9E0));
#3188=CARTESIAN_POINT('',(-4.05E0,1.434001429721E0,2.19E0));
#3189=CARTESIAN_POINT('',(-4.05E0,1.434001429721E0,2.020121933088E0));
#3190=CARTESIAN_POINT('',(-3.929878066912E0,1.308273233952E0,1.9E0));
#3191=CARTESIAN_POINT('',(-3.76E0,1.130466714324E0,1.9E0));
#3192=CARTESIAN_POINT('',(-3.759900505901E0,1.554164574613E0,2.19E0));
#3193=CARTESIAN_POINT('',(-3.759900505901E0,1.554164574614E0,2.020121933088E0));
#3194=CARTESIAN_POINT('',(-3.755936279543E0,1.380322281344E0,1.9E0));
#3195=CARTESIAN_POINT('',(-3.750330016863E0,1.134472152487E0,1.9E0));
#3196=CARTESIAN_POINT('',(-3.537867965644E0,1.332132034356E0,2.19E0));
#3197=CARTESIAN_POINT('',(-3.537867965644E0,1.332132034356E0,2.020121933088E0));
#3198=CARTESIAN_POINT('',(-3.622806999100E0,1.247193000900E0,1.9E0));
#3199=CARTESIAN_POINT('',(-3.742928932188E0,1.127071067812E0,1.9E0));
#3200=(BOUNDED_SURFACE()B_SPLINE_SURFACE(3,3,((#3184,#3185,#3186,#3187),(#3188,
#3189,#3190,#3191),(#3192,#3193,#3194,#3195),(#3196,#3197,#3198,#3199)),
.UNSPECIFIED.,.F.,.F.,.F.)B_SPLINE_SURFACE_WITH_KNOTS((4,4),(4,4),(0.E0,1.E0),(
0.E0,1.E0),.UNSPECIFIED.)GEOMETRIC_REPRESENTATION_ITEM()RATIONAL_B_SPLINE_SURFACE(((1.694636455215E0,1.363738104490E0,1.363738104490E0,1.694636455215E0),(
9.972183486004E-1,8.024993539460E-1,8.024993539460E-1,9.972183486004E-1),(
9.972183486004E-1,8.024993539460E-1,8.024993539460E-1,9.972183486004E-1),(
1.694636455215E0,1.363738104490E0,1.363738104490E0,1.694636455215E0)))REPRESENTATION_ITEM('')SURFACE());
#3202=ORIENTED_EDGE('',*,*,#3201,.F.);
#3204=ORIENTED_EDGE('',*,*,#3203,.T.);
#3205=ORIENTED_EDGE('',*,*,#3174,.T.);
#3207=ORIENTED_EDGE('',*,*,#3206,.T.);
#3208=EDGE_LOOP('',(#3202,#3204,#3205,#3207));
#3209=FACE_OUTER_BOUND('',#3208,.F.);
#3210=ADVANCED_FACE('',(#3209),#3200,.T.);
#3211=CARTESIAN_POINT('',(0.E0,4.2E-1,1.9E0));
#3212=DIRECTION('',(0.E0,0.E0,-1.E0));
#3213=DIRECTION('',(1.E0,0.E0,0.E0));
#3214=AXIS2_PLACEMENT_3D('',#3211,#3212,#3213);
#3215=PLANE('',#3214);
#3216=ORIENTED_EDGE('',*,*,#3201,.T.);
#3218=ORIENTED_EDGE('',*,*,#3217,.F.);
#3219=ORIENTED_EDGE('',*,*,#3128,.T.);
#3220=ORIENTED_EDGE('',*,*,#3053,.F.);
#3222=ORIENTED_EDGE('',*,*,#3221,.T.);
#3223=EDGE_LOOP('',(#3216,#3218,#3219,#3220,#3222));
#3224=FACE_OUTER_BOUND('',#3223,.F.);
#3225=ADVANCED_FACE('',(#3224),#3215,.T.);
#3226=CARTESIAN_POINT('',(-3.76E0,9.371341157276E-2,2.19E0));
#3227=DIRECTION('',(0.E0,1.E0,0.E0));
#3228=DIRECTION('',(0.E0,0.E0,-1.E0));
#3229=AXIS2_PLACEMENT_3D('',#3226,#3227,#3228);
#3230=CYLINDRICAL_SURFACE('',#3229,2.9E-1);
#3231=ORIENTED_EDGE('',*,*,#3217,.T.);
#3232=ORIENTED_EDGE('',*,*,#3206,.F.);
#3233=ORIENTED_EDGE('',*,*,#3164,.T.);
#3234=ORIENTED_EDGE('',*,*,#3130,.F.);
#3235=EDGE_LOOP('',(#3231,#3232,#3233,#3234));
#3236=FACE_OUTER_BOUND('',#3235,.F.);
#3237=ADVANCED_FACE('',(#3236),#3230,.T.);
#3238=CARTESIAN_POINT('',(-3.761516357119E0,1.145658492743E0,2.19E0));
#3239=DIRECTION('',(7.071067811865E-1,-7.071067811865E-1,0.E0));
#3240=DIRECTION('',(0.E0,0.E0,-1.E0));
#3241=AXIS2_PLACEMENT_3D('',#3238,#3239,#3240);
#3242=CYLINDRICAL_SURFACE('',#3241,2.9E-1);
#3243=ORIENTED_EDGE('',*,*,#3221,.F.);
#3244=ORIENTED_EDGE('',*,*,#3051,.T.);
#3246=ORIENTED_EDGE('',*,*,#3245,.F.);
#3248=ORIENTED_EDGE('',*,*,#3247,.T.);
#3249=ORIENTED_EDGE('',*,*,#3203,.F.);
#3250=EDGE_LOOP('',(#3243,#3244,#3246,#3248,#3249));
#3251=FACE_OUTER_BOUND('',#3250,.F.);
#3252=ADVANCED_FACE('',(#3251),#3242,.T.);
#3253=CARTESIAN_POINT('',(-4.076230377791E0,1.2E-1,2.1E0));
#3254=DIRECTION('',(1.E0,0.E0,0.E0));
#3255=DIRECTION('',(0.E0,1.E0,0.E0));
#3256=AXIS2_PLACEMENT_3D('',#3253,#3254,#3255);
#3257=CYLINDRICAL_SURFACE('',#3256,3.E-1);
#3259=ORIENTED_EDGE('',*,*,#3258,.T.);
#3260=ORIENTED_EDGE('',*,*,#3245,.T.);
#3261=ORIENTED_EDGE('',*,*,#3049,.T.);
#3263=ORIENTED_EDGE('',*,*,#3262,.T.);
#3265=ORIENTED_EDGE('',*,*,#3264,.F.);
#3267=ORIENTED_EDGE('',*,*,#3266,.T.);
#3269=ORIENTED_EDGE('',*,*,#3268,.T.);
#3271=ORIENTED_EDGE('',*,*,#3270,.T.);
#3272=EDGE_LOOP('',(#3259,#3260,#3261,#3263,#3265,#3267,#3269,#3271));
#3273=FACE_OUTER_BOUND('',#3272,.F.);
#3274=ADVANCED_FACE('',(#3273),#3257,.T.);
#3275=CARTESIAN_POINT('',(-3.537867965644E0,1.332132034356E0,2.5E0));
#3276=DIRECTION('',(7.071067811865E-1,7.071067811865E-1,0.E0));
#3277=DIRECTION('',(7.071067811865E-1,-7.071067811865E-1,0.E0));
#3278=AXIS2_PLACEMENT_3D('',#3275,#3276,#3277);
#3279=PLANE('',#3278);
#3280=ORIENTED_EDGE('',*,*,#3247,.F.);
#3281=ORIENTED_EDGE('',*,*,#3258,.F.);
#3283=ORIENTED_EDGE('',*,*,#3282,.F.);
#3284=ORIENTED_EDGE('',*,*,#3176,.F.);
#3285=EDGE_LOOP('',(#3280,#3281,#3283,#3284));
#3286=FACE_OUTER_BOUND('',#3285,.F.);
#3287=ADVANCED_FACE('',(#3286),#3279,.T.);
#3288=CARTESIAN_POINT('',(-2.709107660452E0,9.324979607529E-2,2.21E0));
#3289=DIRECTION('',(-7.071067811865E-1,7.071067811865E-1,0.E0));
#3290=DIRECTION('',(0.E0,0.E0,1.E0));
#3291=AXIS2_PLACEMENT_3D('',#3288,#3289,#3290);
#3292=CYLINDRICAL_SURFACE('',#3291,2.9E-1);
#3294=ORIENTED_EDGE('',*,*,#3293,.F.);
#3296=ORIENTED_EDGE('',*,*,#3295,.F.);
#3297=ORIENTED_EDGE('',*,*,#3282,.T.);
#3298=ORIENTED_EDGE('',*,*,#3270,.F.);
#3300=ORIENTED_EDGE('',*,*,#3299,.T.);
#3301=EDGE_LOOP('',(#3294,#3296,#3297,#3298,#3300));
#3302=FACE_OUTER_BOUND('',#3301,.F.);
#3303=ADVANCED_FACE('',(#3302),#3292,.T.);
#3304=CARTESIAN_POINT('',(0.E0,4.2E-1,2.5E0));
#3305=DIRECTION('',(0.E0,0.E0,-1.E0));
#3306=DIRECTION('',(1.E0,0.E0,0.E0));
#3307=AXIS2_PLACEMENT_3D('',#3304,#3305,#3306);
#3308=PLANE('',#3307);
#3309=ORIENTED_EDGE('',*,*,#3293,.T.);
#3311=ORIENTED_EDGE('',*,*,#3310,.F.);
#3313=ORIENTED_EDGE('',*,*,#3312,.F.);
#3315=ORIENTED_EDGE('',*,*,#3314,.T.);
#3316=EDGE_LOOP('',(#3309,#3311,#3313,#3315));
#3317=FACE_OUTER_BOUND('',#3316,.F.);
#3318=ADVANCED_FACE('',(#3317),#3308,.F.);
#3319=CARTESIAN_POINT('',(4.245290552767E0,1.2E-1,2.5E0));
#3320=DIRECTION('',(0.E0,-1.745240643728E-2,9.998476951564E-1));
#3321=DIRECTION('',(1.E0,0.E0,0.E0));
#3322=AXIS2_PLACEMENT_3D('',#3319,#3320,#3321);
#3323=PLANE('',#3322);
#3325=ORIENTED_EDGE('',*,*,#3324,.T.);
#3327=ORIENTED_EDGE('',*,*,#3326,.T.);
#3329=ORIENTED_EDGE('',*,*,#3328,.T.);
#3331=ORIENTED_EDGE('',*,*,#3330,.F.);
#3333=ORIENTED_EDGE('',*,*,#3332,.T.);
#3334=ORIENTED_EDGE('',*,*,#3310,.T.);
#3335=EDGE_LOOP('',(#3325,#3327,#3329,#3331,#3333,#3334));
#3336=FACE_OUTER_BOUND('',#3335,.F.);
#3337=ADVANCED_FACE('',(#3336),#3323,.T.);
#3338=CARTESIAN_POINT('',(0.E0,1.2E-1,0.E0));
#3339=DIRECTION('',(0.E0,1.E0,0.E0));
#3340=DIRECTION('',(0.E0,0.E0,-1.E0));
#3341=AXIS2_PLACEMENT_3D('',#3338,#3339,#3340);
#3342=PLANE('',#3341);
#3343=ORIENTED_EDGE('',*,*,#3324,.F.);
#3344=ORIENTED_EDGE('',*,*,#3299,.F.);
#3345=ORIENTED_EDGE('',*,*,#3268,.F.);
#3347=ORIENTED_EDGE('',*,*,#3346,.F.);
#3348=EDGE_LOOP('',(#3343,#3344,#3345,#3347));
#3349=FACE_OUTER_BOUND('',#3348,.F.);
#3350=ADVANCED_FACE('',(#3349),#3342,.T.);
#3351=CARTESIAN_POINT('',(3.769333381662E0,1.153475517286E0,2.21E0));
#3352=DIRECTION('',(-7.071067811865E-1,-7.071067811865E-1,0.E0));
#3353=DIRECTION('',(0.E0,0.E0,1.E0));
#3354=AXIS2_PLACEMENT_3D('',#3351,#3352,#3353);
#3355=CYLINDRICAL_SURFACE('',#3354,2.9E-1);
#3357=ORIENTED_EDGE('',*,*,#3356,.F.);
#3358=ORIENTED_EDGE('',*,*,#3346,.T.);
#3359=ORIENTED_EDGE('',*,*,#3266,.F.);
#3361=ORIENTED_EDGE('',*,*,#3360,.T.);
#3363=ORIENTED_EDGE('',*,*,#3362,.F.);
#3364=EDGE_LOOP('',(#3357,#3358,#3359,#3361,#3363));
#3365=FACE_OUTER_BOUND('',#3364,.F.);
#3366=ADVANCED_FACE('',(#3365),#3355,.T.);
#3367=CARTESIAN_POINT('',(0.E0,4.2E-1,2.5E0));
#3368=DIRECTION('',(0.E0,0.E0,-1.E0));
#3369=DIRECTION('',(1.E0,0.E0,0.E0));
#3370=AXIS2_PLACEMENT_3D('',#3367,#3368,#3369);
#3371=PLANE('',#3370);
#3372=ORIENTED_EDGE('',*,*,#3356,.T.);
#3374=ORIENTED_EDGE('',*,*,#3373,.T.);
#3376=ORIENTED_EDGE('',*,*,#3375,.F.);
#3377=ORIENTED_EDGE('',*,*,#3326,.F.);
#3378=EDGE_LOOP('',(#3372,#3374,#3376,#3377));
#3379=FACE_OUTER_BOUND('',#3378,.F.);
#3380=ADVANCED_FACE('',(#3379),#3371,.F.);
#3381=CARTESIAN_POINT('',(3.742928932188E0,1.127071067812E0,2.5E0));
#3382=CARTESIAN_POINT('',(3.622806999095E0,1.247193000895E0,2.5E0));
#3383=CARTESIAN_POINT('',(3.537867965636E0,1.332132034348E0,2.379878066912E0));
#3384=CARTESIAN_POINT('',(3.537867965636E0,1.332132034347E0,2.21E0));
#3385=CARTESIAN_POINT('',(3.750330017428E0,1.134472153052E0,2.5E0));
#3386=CARTESIAN_POINT('',(3.755936289702E0,1.380322291512E0,2.5E0));
#3387=CARTESIAN_POINT('',(3.759900522843E0,1.554164591572E0,2.379878066912E0));
#3388=CARTESIAN_POINT('',(3.759900522843E0,1.554164591572E0,2.21E0));
#3389=CARTESIAN_POINT('',(3.760000001094E0,1.130466714078E0,2.5E0));
#3390=CARTESIAN_POINT('',(3.929878086591E0,1.308273229531E0,2.5E0));
#3391=CARTESIAN_POINT('',(4.050000032820E0,1.434001422346E0,2.379878066911E0));
#3392=CARTESIAN_POINT('',(4.050000032820E0,1.434001422346E0,2.209999999999E0));
#3393=CARTESIAN_POINT('',(3.76E0,1.119999998955E0,2.5E0));
#3394=CARTESIAN_POINT('',(3.929878066912E0,1.119999981199E0,2.5E0));
#3395=CARTESIAN_POINT('',(4.05E0,1.119999968643E0,2.379878066912E0));
#3396=CARTESIAN_POINT('',(4.05E0,1.119999968643E0,2.21E0));
#3397=(BOUNDED_SURFACE()B_SPLINE_SURFACE(3,3,((#3381,#3382,#3383,#3384),(#3385,
#3386,#3387,#3388),(#3389,#3390,#3391,#3392),(#3393,#3394,#3395,#3396)),
.UNSPECIFIED.,.F.,.F.,.F.)B_SPLINE_SURFACE_WITH_KNOTS((4,4),(4,4),(0.E0,1.E0),(
0.E0,1.E0),.UNSPECIFIED.)GEOMETRIC_REPRESENTATION_ITEM()RATIONAL_B_SPLINE_SURFACE(((1.694636514414E0,1.363738152130E0,1.363738152130E0,1.694636514414E0),(
9.972183288674E-1,8.024993380659E-1,8.024993380659E-1,9.972183288674E-1),(
9.972183288674E-1,8.024993380659E-1,8.024993380659E-1,9.972183288674E-1),(
1.694636514414E0,1.363738152130E0,1.363738152130E0,1.694636514414E0)))REPRESENTATION_ITEM('')SURFACE());
#3398=ORIENTED_EDGE('',*,*,#3373,.F.);
#3399=ORIENTED_EDGE('',*,*,#3362,.T.);
#3401=ORIENTED_EDGE('',*,*,#3400,.T.);
#3403=ORIENTED_EDGE('',*,*,#3402,.T.);
#3404=EDGE_LOOP('',(#3398,#3399,#3401,#3403));
#3405=FACE_OUTER_BOUND('',#3404,.F.);
#3406=ADVANCED_FACE('',(#3405),#3397,.T.);
#3407=CARTESIAN_POINT('',(3.75E0,1.12E0,2.5E0));
#3408=DIRECTION('',(0.E0,0.E0,-1.E0));
#3409=DIRECTION('',(1.E0,0.E0,0.E0));
#3410=AXIS2_PLACEMENT_3D('',#3407,#3408,#3409);
#3411=CYLINDRICAL_SURFACE('',#3410,3.E-1);
#3413=ORIENTED_EDGE('',*,*,#3412,.F.);
#3415=ORIENTED_EDGE('',*,*,#3414,.T.);
#3416=ORIENTED_EDGE('',*,*,#3400,.F.);
#3418=ORIENTED_EDGE('',*,*,#3417,.T.);
#3419=EDGE_LOOP('',(#3413,#3415,#3416,#3418));
#3420=FACE_OUTER_BOUND('',#3419,.F.);
#3421=ADVANCED_FACE('',(#3420),#3411,.T.);
#3422=CARTESIAN_POINT('',(3.537867965629E0,1.332132034341E0,2.19E0));
#3423=CARTESIAN_POINT('',(3.537867965629E0,1.332132034341E0,2.020121933088E0));
#3424=CARTESIAN_POINT('',(3.622806999092E0,1.247193000891E0,1.9E0));
#3425=CARTESIAN_POINT('',(3.742928932189E0,1.127071067811E0,1.9E0));
#3426=CARTESIAN_POINT('',(3.759900505891E0,1.554164574634E0,2.190000000001E0));
#3427=CARTESIAN_POINT('',(3.759900505891E0,1.554164574634E0,2.020121933089E0));
#3428=CARTESIAN_POINT('',(3.755936279537E0,1.380322281356E0,1.9E0));
#3429=CARTESIAN_POINT('',(3.750330016864E0,1.134472152487E0,1.9E0));
#3430=CARTESIAN_POINT('',(4.050000000015E0,1.434001429733E0,2.190000000001E0));
#3431=CARTESIAN_POINT('',(4.050000000016E0,1.434001429734E0,2.020121933089E0));
#3432=CARTESIAN_POINT('',(3.929878066921E0,1.308273233960E0,1.9E0));
#3433=CARTESIAN_POINT('',(3.76E0,1.130466714324E0,1.9E0));
#3434=CARTESIAN_POINT('',(4.05E0,1.119999999985E0,2.19E0));
#3435=CARTESIAN_POINT('',(4.05E0,1.119999999986E0,2.020121933088E0));
#3436=CARTESIAN_POINT('',(3.929878066912E0,1.119999999992E0,1.9E0));
#3437=CARTESIAN_POINT('',(3.76E0,1.12E0,1.9E0));
#3438=(BOUNDED_SURFACE()B_SPLINE_SURFACE(3,3,((#3422,#3423,#3424,#3425),(#3426,
#3427,#3428,#3429),(#3430,#3431,#3432,#3433),(#3434,#3435,#3436,#3437)),
.UNSPECIFIED.,.F.,.F.,.F.)B_SPLINE_SURFACE_WITH_KNOTS((4,4),(4,4),(0.E0,1.E0),(
0.E0,1.E0),.UNSPECIFIED.)GEOMETRIC_REPRESENTATION_ITEM()RATIONAL_B_SPLINE_SURFACE(((1.694636455283E0,1.363738104544E0,1.363738104544E0,1.694636455283E0),(
9.972183485783E-1,8.024993539277E-1,8.024993539277E-1,9.972183485783E-1),(
9.972183485783E-1,8.024993539277E-1,8.024993539277E-1,9.972183485783E-1),(
1.694636455283E0,1.363738104544E0,1.363738104544E0,1.694636455283E0)))REPRESENTATION_ITEM('')SURFACE());
#3440=ORIENTED_EDGE('',*,*,#3439,.F.);
#3442=ORIENTED_EDGE('',*,*,#3441,.T.);
#3443=ORIENTED_EDGE('',*,*,#3412,.T.);
#3445=ORIENTED_EDGE('',*,*,#3444,.T.);
#3446=EDGE_LOOP('',(#3440,#3442,#3443,#3445));
#3447=FACE_OUTER_BOUND('',#3446,.F.);
#3448=ADVANCED_FACE('',(#3447),#3438,.T.);
#3449=CARTESIAN_POINT('',(0.E0,4.2E-1,1.9E0));
#3450=DIRECTION('',(0.E0,0.E0,-1.E0));
#3451=DIRECTION('',(1.E0,0.E0,0.E0));
#3452=AXIS2_PLACEMENT_3D('',#3449,#3450,#3451);
#3453=PLANE('',#3452);
#3455=ORIENTED_EDGE('',*,*,#3454,.T.);
#3456=ORIENTED_EDGE('',*,*,#3045,.F.);
#3458=ORIENTED_EDGE('',*,*,#3457,.T.);
#3460=ORIENTED_EDGE('',*,*,#3459,.F.);
#3461=ORIENTED_EDGE('',*,*,#3439,.T.);
#3462=EDGE_LOOP('',(#3455,#3456,#3458,#3460,#3461));
#3463=FACE_OUTER_BOUND('',#3462,.F.);
#3464=ADVANCED_FACE('',(#3463),#3453,.T.);
#3465=CARTESIAN_POINT('',(2.709107682625E0,9.324981824895E-2,2.19E0));
#3466=DIRECTION('',(7.071067811865E-1,7.071067811865E-1,0.E0));
#3467=DIRECTION('',(0.E0,0.E0,-1.E0));
#3468=AXIS2_PLACEMENT_3D('',#3465,#3466,#3467);
#3469=CYLINDRICAL_SURFACE('',#3468,2.9E-1);
#3470=ORIENTED_EDGE('',*,*,#3454,.F.);
#3471=ORIENTED_EDGE('',*,*,#3444,.F.);
#3473=ORIENTED_EDGE('',*,*,#3472,.T.);
#3474=ORIENTED_EDGE('',*,*,#3262,.F.);
#3475=ORIENTED_EDGE('',*,*,#3047,.F.);
#3476=EDGE_LOOP('',(#3470,#3471,#3473,#3474,#3475));
#3477=FACE_OUTER_BOUND('',#3476,.F.);
#3478=ADVANCED_FACE('',(#3477),#3469,.T.);
#3479=CARTESIAN_POINT('',(2.325735931288E0,1.2E-1,2.5E0));
#3480=DIRECTION('',(-7.071067811865E-1,7.071067811865E-1,0.E0));
#3481=DIRECTION('',(7.071067811865E-1,7.071067811865E-1,0.E0));
#3482=AXIS2_PLACEMENT_3D('',#3479,#3480,#3481);
#3483=PLANE('',#3482);
#3484=ORIENTED_EDGE('',*,*,#3472,.F.);
#3485=ORIENTED_EDGE('',*,*,#3417,.F.);
#3486=ORIENTED_EDGE('',*,*,#3360,.F.);
#3487=ORIENTED_EDGE('',*,*,#3264,.T.);
#3488=EDGE_LOOP('',(#3484,#3485,#3486,#3487));
#3489=FACE_OUTER_BOUND('',#3488,.F.);
#3490=ADVANCED_FACE('',(#3489),#3483,.T.);
#3491=CARTESIAN_POINT('',(3.75E0,1.2E-1,2.425464869445E0));
#3492=DIRECTION('',(0.E0,0.E0,-1.E0));
#3493=DIRECTION('',(0.E0,1.E0,0.E0));
#3494=AXIS2_PLACEMENT_3D('',#3491,#3492,#3493);
#3495=CYLINDRICAL_SURFACE('',#3494,3.E-1);
#3497=ORIENTED_EDGE('',*,*,#3496,.F.);
#3499=ORIENTED_EDGE('',*,*,#3498,.T.);
#3501=ORIENTED_EDGE('',*,*,#3500,.T.);
#3503=ORIENTED_EDGE('',*,*,#3502,.F.);
#3504=ORIENTED_EDGE('',*,*,#3457,.F.);
#3505=ORIENTED_EDGE('',*,*,#3043,.T.);
#3506=EDGE_LOOP('',(#3497,#3499,#3501,#3503,#3504,#3505));
#3507=FACE_OUTER_BOUND('',#3506,.F.);
#3508=ADVANCED_FACE('',(#3507),#3495,.T.);
#3509=CARTESIAN_POINT('',(0.E0,4.2E-1,-1.9E0));
#3510=DIRECTION('',(0.E0,0.E0,-1.E0));
#3511=DIRECTION('',(1.E0,0.E0,0.E0));
#3512=AXIS2_PLACEMENT_3D('',#3509,#3510,#3511);
#3513=PLANE('',#3512);
#3515=ORIENTED_EDGE('',*,*,#3514,.T.);
#3517=ORIENTED_EDGE('',*,*,#3516,.T.);
#3519=ORIENTED_EDGE('',*,*,#3518,.F.);
#3520=ORIENTED_EDGE('',*,*,#3496,.T.);
#3521=ORIENTED_EDGE('',*,*,#3041,.T.);
#3522=EDGE_LOOP('',(#3515,#3517,#3519,#3520,#3521));
#3523=FACE_OUTER_BOUND('',#3522,.F.);
#3524=ADVANCED_FACE('',(#3523),#3513,.F.);
#3525=CARTESIAN_POINT('',(3.769333417083E0,1.153475552706E0,-2.19E0));
#3526=DIRECTION('',(-7.071067811865E-1,-7.071067811865E-1,0.E0));
#3527=DIRECTION('',(0.E0,0.E0,1.E0));
#3528=AXIS2_PLACEMENT_3D('',#3525,#3526,#3527);
#3529=CYLINDRICAL_SURFACE('',#3528,2.9E-1);
#3530=ORIENTED_EDGE('',*,*,#3514,.F.);
#3531=ORIENTED_EDGE('',*,*,#3039,.T.);
#3533=ORIENTED_EDGE('',*,*,#3532,.F.);
#3535=ORIENTED_EDGE('',*,*,#3534,.T.);
#3537=ORIENTED_EDGE('',*,*,#3536,.F.);
#3538=EDGE_LOOP('',(#3530,#3531,#3533,#3535,#3537));
#3539=FACE_OUTER_BOUND('',#3538,.F.);
#3540=ADVANCED_FACE('',(#3539),#3529,.T.);
#3541=CARTESIAN_POINT('',(4.074060786536E0,1.2E-1,-2.1E0));
#3542=DIRECTION('',(-1.E0,0.E0,0.E0));
#3543=DIRECTION('',(0.E0,1.E0,0.E0));
#3544=AXIS2_PLACEMENT_3D('',#3541,#3542,#3543);
#3545=CYLINDRICAL_SURFACE('',#3544,3.E-1);
#3547=ORIENTED_EDGE('',*,*,#3546,.F.);
#3549=ORIENTED_EDGE('',*,*,#3548,.T.);
#3551=ORIENTED_EDGE('',*,*,#3550,.T.);
#3553=ORIENTED_EDGE('',*,*,#3552,.T.);
#3555=ORIENTED_EDGE('',*,*,#3554,.T.);
#3556=ORIENTED_EDGE('',*,*,#3532,.T.);
#3557=ORIENTED_EDGE('',*,*,#3037,.T.);
#3559=ORIENTED_EDGE('',*,*,#3558,.T.);
#3560=EDGE_LOOP('',(#3547,#3549,#3551,#3553,#3555,#3556,#3557,#3559));
#3561=FACE_OUTER_BOUND('',#3560,.F.);
#3562=ADVANCED_FACE('',(#3561),#3545,.T.);
#3563=CARTESIAN_POINT('',(-3.537867965644E0,1.332132034356E0,-2.5E0));
#3564=DIRECTION('',(-7.071067811865E-1,-7.071067811865E-1,0.E0));
#3565=DIRECTION('',(7.071067811865E-1,-7.071067811865E-1,0.E0));
#3566=AXIS2_PLACEMENT_3D('',#3563,#3564,#3565);
#3567=PLANE('',#3566);
#3569=ORIENTED_EDGE('',*,*,#3568,.F.);
#3571=ORIENTED_EDGE('',*,*,#3570,.F.);
#3573=ORIENTED_EDGE('',*,*,#3572,.F.);
#3574=ORIENTED_EDGE('',*,*,#3546,.T.);
#3575=EDGE_LOOP('',(#3569,#3571,#3573,#3574));
#3576=FACE_OUTER_BOUND('',#3575,.F.);
#3577=ADVANCED_FACE('',(#3576),#3567,.F.);
#3578=CARTESIAN_POINT('',(-2.709107638278E0,9.324977390160E-2,-2.19E0));
#3579=DIRECTION('',(-7.071067811865E-1,7.071067811865E-1,0.E0));
#3580=DIRECTION('',(0.E0,0.E0,1.E0));
#3581=AXIS2_PLACEMENT_3D('',#3578,#3579,#3580);
#3582=CYLINDRICAL_SURFACE('',#3581,2.9E-1);
#3583=ORIENTED_EDGE('',*,*,#3067,.F.);
#3584=ORIENTED_EDGE('',*,*,#3099,.F.);
#3585=ORIENTED_EDGE('',*,*,#3568,.T.);
#3586=ORIENTED_EDGE('',*,*,#3558,.F.);
#3587=ORIENTED_EDGE('',*,*,#3035,.F.);
#3588=EDGE_LOOP('',(#3583,#3584,#3585,#3586,#3587));
#3589=FACE_OUTER_BOUND('',#3588,.F.);
#3590=ADVANCED_FACE('',(#3589),#3582,.T.);
#3591=CARTESIAN_POINT('',(-3.75E0,1.12E0,-2.5E0));
#3592=DIRECTION('',(0.E0,0.E0,-1.E0));
#3593=DIRECTION('',(1.E0,0.E0,0.E0));
#3594=AXIS2_PLACEMENT_3D('',#3591,#3592,#3593);
#3595=CYLINDRICAL_SURFACE('',#3594,3.E-1);
#3596=ORIENTED_EDGE('',*,*,#3097,.F.);
#3598=ORIENTED_EDGE('',*,*,#3597,.T.);
#3600=ORIENTED_EDGE('',*,*,#3599,.F.);
#3601=ORIENTED_EDGE('',*,*,#3570,.T.);
#3602=EDGE_LOOP('',(#3596,#3598,#3600,#3601));
#3603=FACE_OUTER_BOUND('',#3602,.F.);
#3604=ADVANCED_FACE('',(#3603),#3595,.T.);
#3605=CARTESIAN_POINT('',(-4.05E0,1.2E-1,-2.5E0));
#3606=DIRECTION('',(1.E0,0.E0,0.E0));
#3607=DIRECTION('',(0.E0,1.E0,0.E0));
#3608=AXIS2_PLACEMENT_3D('',#3605,#3606,#3607);
#3609=PLANE('',#3608);
#3610=ORIENTED_EDGE('',*,*,#3597,.F.);
#3611=ORIENTED_EDGE('',*,*,#3112,.F.);
#3612=ORIENTED_EDGE('',*,*,#3149,.T.);
#3614=ORIENTED_EDGE('',*,*,#3613,.F.);
#3615=EDGE_LOOP('',(#3610,#3611,#3612,#3614));
#3616=FACE_OUTER_BOUND('',#3615,.F.);
#3617=ADVANCED_FACE('',(#3616),#3609,.F.);
#3618=CARTESIAN_POINT('',(-3.76E0,9.371338978337E-2,-2.21E0));
#3619=DIRECTION('',(0.E0,1.E0,0.E0));
#3620=DIRECTION('',(0.E0,0.E0,-1.E0));
#3621=AXIS2_PLACEMENT_3D('',#3618,#3619,#3620);
#3622=CYLINDRICAL_SURFACE('',#3621,2.9E-1);
#3624=ORIENTED_EDGE('',*,*,#3623,.T.);
#3626=ORIENTED_EDGE('',*,*,#3625,.F.);
#3627=ORIENTED_EDGE('',*,*,#3613,.T.);
#3629=ORIENTED_EDGE('',*,*,#3628,.T.);
#3630=EDGE_LOOP('',(#3624,#3626,#3627,#3629));
#3631=FACE_OUTER_BOUND('',#3630,.F.);
#3632=ADVANCED_FACE('',(#3631),#3622,.T.);
#3633=CARTESIAN_POINT('',(0.E0,4.2E-1,-2.5E0));
#3634=DIRECTION('',(0.E0,0.E0,-1.E0));
#3635=DIRECTION('',(1.E0,0.E0,0.E0));
#3636=AXIS2_PLACEMENT_3D('',#3633,#3634,#3635);
#3637=PLANE('',#3636);
#3639=ORIENTED_EDGE('',*,*,#3638,.T.);
#3641=ORIENTED_EDGE('',*,*,#3640,.T.);
#3642=ORIENTED_EDGE('',*,*,#3623,.F.);
#3644=ORIENTED_EDGE('',*,*,#3643,.T.);
#3645=EDGE_LOOP('',(#3639,#3641,#3642,#3644));
#3646=FACE_OUTER_BOUND('',#3645,.F.);
#3647=ADVANCED_FACE('',(#3646),#3637,.T.);
#3648=CARTESIAN_POINT('',(-3.761516372527E0,1.145658508150E0,-2.21E0));
#3649=DIRECTION('',(7.071067811865E-1,-7.071067811865E-1,0.E0));
#3650=DIRECTION('',(0.E0,0.E0,-1.E0));
#3651=AXIS2_PLACEMENT_3D('',#3648,#3649,#3650);
#3652=CYLINDRICAL_SURFACE('',#3651,2.9E-1);
#3653=ORIENTED_EDGE('',*,*,#3638,.F.);
#3655=ORIENTED_EDGE('',*,*,#3654,.T.);
#3656=ORIENTED_EDGE('',*,*,#3548,.F.);
#3657=ORIENTED_EDGE('',*,*,#3572,.T.);
#3659=ORIENTED_EDGE('',*,*,#3658,.F.);
#3660=EDGE_LOOP('',(#3653,#3655,#3656,#3657,#3659));
#3661=FACE_OUTER_BOUND('',#3660,.F.);
#3662=ADVANCED_FACE('',(#3661),#3652,.T.);
#3663=CARTESIAN_POINT('',(0.E0,1.2E-1,0.E0));
#3664=DIRECTION('',(0.E0,1.E0,0.E0));
#3665=DIRECTION('',(0.E0,0.E0,-1.E0));
#3666=AXIS2_PLACEMENT_3D('',#3663,#3664,#3665);
#3667=PLANE('',#3666);
#3668=ORIENTED_EDGE('',*,*,#3550,.F.);
#3669=ORIENTED_EDGE('',*,*,#3654,.F.);
#3671=ORIENTED_EDGE('',*,*,#3670,.F.);
#3673=ORIENTED_EDGE('',*,*,#3672,.F.);
#3674=EDGE_LOOP('',(#3668,#3669,#3671,#3673));
#3675=FACE_OUTER_BOUND('',#3674,.F.);
#3676=ADVANCED_FACE('',(#3675),#3667,.T.);
#3677=CARTESIAN_POINT('',(-4.245290552767E0,1.2E-1,-2.5E0));
#3678=DIRECTION('',(0.E0,-1.745240643728E-2,-9.998476951564E-1));
#3679=DIRECTION('',(-1.E0,0.E0,0.E0));
#3680=AXIS2_PLACEMENT_3D('',#3677,#3678,#3679);
#3681=PLANE('',#3680);
#3682=ORIENTED_EDGE('',*,*,#3670,.T.);
#3683=ORIENTED_EDGE('',*,*,#3643,.F.);
#3685=ORIENTED_EDGE('',*,*,#3684,.T.);
#3687=ORIENTED_EDGE('',*,*,#3686,.F.);
#3689=ORIENTED_EDGE('',*,*,#3688,.T.);
#3691=ORIENTED_EDGE('',*,*,#3690,.F.);
#3692=EDGE_LOOP('',(#3682,#3683,#3685,#3687,#3689,#3691));
#3693=FACE_OUTER_BOUND('',#3692,.F.);
#3694=ADVANCED_FACE('',(#3693),#3681,.T.);
#3695=CARTESIAN_POINT('',(-3.645223199307E0,-6.453027716133E0,
-2.095223199307E0));
#3696=DIRECTION('',(-1.744974916068E-2,9.996954598819E-1,-1.744974916068E-2));
#3697=DIRECTION('',(0.E0,-1.745240643728E-2,-9.998476951564E-1));
#3698=AXIS2_PLACEMENT_3D('',#3695,#3696,#3697);
#3699=CYLINDRICAL_SURFACE('',#3698,2.9E-1);
#3700=ORIENTED_EDGE('',*,*,#3684,.F.);
#3701=ORIENTED_EDGE('',*,*,#3628,.F.);
#3702=ORIENTED_EDGE('',*,*,#3147,.F.);
#3704=ORIENTED_EDGE('',*,*,#3703,.T.);
#3705=EDGE_LOOP('',(#3700,#3701,#3702,#3704));
#3706=FACE_OUTER_BOUND('',#3705,.F.);
#3707=ADVANCED_FACE('',(#3706),#3699,.T.);
#3708=CARTESIAN_POINT('',(-3.635574130365E0,-6.729999991553E0,
-2.085673122249E0));
#3709=CARTESIAN_POINT('',(-3.636482103021E0,-6.729946171997E0,
-2.112912157426E0));
#3710=CARTESIAN_POINT('',(-3.638285759685E0,-6.722609601816E0,
-2.167038375635E0));
#3711=CARTESIAN_POINT('',(-3.640818988369E0,-6.689795497540E0,
-2.243110464556E0));
#3712=CARTESIAN_POINT('',(-3.642966843271E0,-6.637340046172E0,
-2.307674621060E0));
#3713=CARTESIAN_POINT('',(-3.644556408189E0,-6.569395258279E0,
-2.355531001001E0));
#3714=CARTESIAN_POINT('',(-3.645373876912E0,-6.499596478414E0,
-2.380195286305E0));
#3715=CARTESIAN_POINT('',(-3.645541029572E0,-6.453773813204E0,
-2.385242227041E0));
#3716=CARTESIAN_POINT('',(-3.645551895584E0,-6.435234313E0,-2.385570816049E0));
#3717=CARTESIAN_POINT('',(-3.755689294920E0,-6.730040993091E0,
-1.965557957694E0));
#3718=CARTESIAN_POINT('',(-3.756586654154E0,-6.740893242754E0,
-1.992831078231E0));
#3719=CARTESIAN_POINT('',(-3.759873693835E0,-6.755231675984E0,
-2.051376467142E0));
#3720=CARTESIAN_POINT('',(-3.769143093099E0,-6.749203244843E0,
-2.146977015605E0));
#3721=CARTESIAN_POINT('',(-3.782686298365E0,-6.710723643895E0,
-2.241543483010E0));
#3722=CARTESIAN_POINT('',(-3.799138972149E0,-6.636572926426E0,
-2.324123214715E0));
#3723=CARTESIAN_POINT('',(-3.812138475466E0,-6.538739461332E0,
-2.373960170439E0));
#3724=CARTESIAN_POINT('',(-3.815118650665E0,-6.467222205427E0,
-2.384865585180E0));
#3725=CARTESIAN_POINT('',(-3.815352736393E0,-6.438192666482E0,
-2.385560185253E0));
#3726=CARTESIAN_POINT('',(-3.840647680916E0,-6.609958813360E0,
-1.880599571698E0));
#3727=CARTESIAN_POINT('',(-3.841537533195E0,-6.628544758704E0,
-1.896991086859E0));
#3728=CARTESIAN_POINT('',(-3.845873781168E0,-6.661147860658E0,
-1.936990914421E0));
#3729=CARTESIAN_POINT('',(-3.859907726045E0,-6.687198526706E0,
-2.015943844574E0));
#3730=CARTESIAN_POINT('',(-3.881510950865E0,-6.679603467255E0,
-2.105876639546E0));
#3731=CARTESIAN_POINT('',(-3.908476416642E0,-6.628267366431E0,
-2.193850451058E0));
#3732=CARTESIAN_POINT('',(-3.930092367358E0,-6.538554755266E0,
-2.251613224018E0));
#3733=CARTESIAN_POINT('',(-3.935062215182E0,-6.467213803030E0,
-2.264640769608E0));
#3734=CARTESIAN_POINT('',(-3.935454185943E0,-6.438188979751E0,
-2.265462634382E0));
#3735=CARTESIAN_POINT('',(-3.840684415157E0,-6.440088688516E0,
-1.880562837457E0));
#3736=CARTESIAN_POINT('',(-3.841574264190E0,-6.458705898964E0,
-1.881530693365E0));
#3737=CARTESIAN_POINT('',(-3.845910965819E0,-6.495464786119E0,
-1.890882748422E0));
#3738=CARTESIAN_POINT('',(-3.859946970786E0,-6.540097848192E0,
-1.926762508219E0));
#3739=CARTESIAN_POINT('',(-3.881553680590E0,-6.562205850209E0,
-1.980139072173E0));
#3740=CARTESIAN_POINT('',(-3.908523691880E0,-6.549341933239E0,
-2.041017502330E0));
#3741=CARTESIAN_POINT('',(-3.930143368169E0,-6.499149716285E0,
-2.084816348845E0));
#3742=CARTESIAN_POINT('',(-3.935114076287E0,-6.453753241991E0,
-2.094986570849E0));
#3743=CARTESIAN_POINT('',(-3.935506115314E0,-6.435225349411E0,
-2.095622403962E0));
#3744=(BOUNDED_SURFACE()B_SPLINE_SURFACE(3,3,((#3708,#3709,#3710,#3711,#3712,
#3713,#3714,#3715,#3716),(#3717,#3718,#3719,#3720,#3721,#3722,#3723,#3724,
#3725),(#3726,#3727,#3728,#3729,#3730,#3731,#3732,#3733,#3734),(#3735,#3736,
#3737,#3738,#3739,#3740,#3741,#3742,#3743)),.UNSPECIFIED.,.F.,.F.,.F.)B_SPLINE_SURFACE_WITH_KNOTS((4,4),(4,1,1,1,1,1,4),(-3.626657556979E-5,1.000000019030E0),(
0.E0,1.650985072852E-1,3.326707058986E-1,5.005270485487E-1,6.685850496957E-1,
8.352571577177E-1,9.485087769351E-1),.UNSPECIFIED.)GEOMETRIC_REPRESENTATION_ITEM()RATIONAL_B_SPLINE_SURFACE(((1.171569674314E0,1.171569674314E0,1.171569674314E0,
1.171569674314E0,1.171569674314E0,1.171569674314E0,1.171569674314E0,
1.171569674314E0,1.171569674314E0),(9.428183999335E-1,9.428183999335E-1,
9.428183999335E-1,9.428183999335E-1,9.428183999335E-1,9.428183999335E-1,
9.428183999335E-1,9.428183999335E-1,9.428183999335E-1),(9.428101088627E-1,
9.428101088627E-1,9.428101088627E-1,9.428101088627E-1,9.428101088627E-1,
9.428101088627E-1,9.428101088627E-1,9.428101088627E-1,9.428101088627E-1),(
1.171544801101E0,1.171544801101E0,1.171544801101E0,1.171544801101E0,
1.171544801101E0,1.171544801101E0,1.171544801101E0,1.171544801101E0,
1.171544801101E0)))REPRESENTATION_ITEM('')SURFACE());
#3746=ORIENTED_EDGE('',*,*,#3745,.F.);
#3747=ORIENTED_EDGE('',*,*,#3703,.F.);
#3749=ORIENTED_EDGE('',*,*,#3748,.T.);
#3750=EDGE_LOOP('',(#3746,#3747,#3749));
#3751=FACE_OUTER_BOUND('',#3750,.F.);
#3752=ADVANCED_FACE('',(#3751),#3744,.T.);
#3753=CARTESIAN_POINT('',(-3.956663183032E0,-6.43E0,-2.085623626307E0));
#3754=DIRECTION('',(1.E0,0.E0,0.E0));
#3755=DIRECTION('',(0.E0,-1.E0,0.E0));
#3756=AXIS2_PLACEMENT_3D('',#3753,#3754,#3755);
#3757=CYLINDRICAL_SURFACE('',#3756,3.E-1);
#3759=ORIENTED_EDGE('',*,*,#3758,.T.);
#3761=ORIENTED_EDGE('',*,*,#3760,.T.);
#3763=ORIENTED_EDGE('',*,*,#3762,.T.);
#3765=ORIENTED_EDGE('',*,*,#3764,.T.);
#3767=ORIENTED_EDGE('',*,*,#3766,.T.);
#3769=ORIENTED_EDGE('',*,*,#3768,.F.);
#3770=ORIENTED_EDGE('',*,*,#3686,.T.);
#3771=ORIENTED_EDGE('',*,*,#3745,.T.);
#3772=EDGE_LOOP('',(#3759,#3761,#3763,#3765,#3767,#3769,#3770,#3771));
#3773=FACE_OUTER_BOUND('',#3772,.F.);
#3774=ADVANCED_FACE('',(#3773),#3757,.T.);
#3775=CARTESIAN_POINT('',(0.E0,-6.73E0,0.E0));
#3776=DIRECTION('',(0.E0,-1.E0,0.E0));
#3777=DIRECTION('',(0.E0,0.E0,-1.E0));
#3778=AXIS2_PLACEMENT_3D('',#3775,#3776,#3777);
#3779=PLANE('',#3778);
#3781=ORIENTED_EDGE('',*,*,#3780,.F.);
#3783=ORIENTED_EDGE('',*,*,#3782,.F.);
#3785=ORIENTED_EDGE('',*,*,#3784,.F.);
#3787=ORIENTED_EDGE('',*,*,#3786,.F.);
#3789=ORIENTED_EDGE('',*,*,#3788,.F.);
#3791=ORIENTED_EDGE('',*,*,#3790,.F.);
#3792=EDGE_LOOP('',(#3781,#3783,#3785,#3787,#3789,#3791));
#3793=FACE_OUTER_BOUND('',#3792,.F.);
#3794=ADVANCED_FACE('',(#3793),#3779,.F.);
#3795=CARTESIAN_POINT('',(0.E0,-6.73E0,-2.55E0));
#3796=DIRECTION('',(0.E0,0.E0,-1.E0));
#3797=DIRECTION('',(1.E0,0.E0,0.E0));
#3798=AXIS2_PLACEMENT_3D('',#3795,#3796,#3797);
#3799=PLANE('',#3798);
#3801=ORIENTED_EDGE('',*,*,#3800,.F.);
#3803=ORIENTED_EDGE('',*,*,#3802,.F.);
#3805=ORIENTED_EDGE('',*,*,#3804,.F.);
#3807=ORIENTED_EDGE('',*,*,#3806,.F.);
#3809=ORIENTED_EDGE('',*,*,#3808,.F.);
#3811=ORIENTED_EDGE('',*,*,#3810,.F.);
#3813=ORIENTED_EDGE('',*,*,#3812,.F.);
#3815=ORIENTED_EDGE('',*,*,#3814,.F.);
#3817=ORIENTED_EDGE('',*,*,#3816,.F.);
#3818=ORIENTED_EDGE('',*,*,#3780,.T.);
#3820=ORIENTED_EDGE('',*,*,#3819,.F.);
#3822=ORIENTED_EDGE('',*,*,#3821,.F.);
#3823=EDGE_LOOP('',(#3801,#3803,#3805,#3807,#3809,#3811,#3813,#3815,#3817,#3818,
#3820,#3822));
#3824=FACE_OUTER_BOUND('',#3823,.F.);
#3825=ADVANCED_FACE('',(#3824),#3799,.F.);
#3826=CARTESIAN_POINT('',(-1.3527E1,-3.83E0,-2.95E0));
#3827=DIRECTION('',(1.E0,0.E0,0.E0));
#3828=DIRECTION('',(0.E0,1.E0,0.E0));
#3829=AXIS2_PLACEMENT_3D('',#3826,#3827,#3828);
#3830=CYLINDRICAL_SURFACE('',#3829,4.E-1);
#3832=ORIENTED_EDGE('',*,*,#3831,.F.);
#3833=ORIENTED_EDGE('',*,*,#3800,.T.);
#3835=ORIENTED_EDGE('',*,*,#3834,.F.);
#3837=ORIENTED_EDGE('',*,*,#3836,.T.);
#3838=EDGE_LOOP('',(#3832,#3833,#3835,#3837));
#3839=FACE_OUTER_BOUND('',#3838,.F.);
#3840=ADVANCED_FACE('',(#3839),#3830,.T.);
#3841=CARTESIAN_POINT('',(-2.19E0,-6.73E0,0.E0));
#3842=DIRECTION('',(-1.E0,0.E0,0.E0));
#3843=DIRECTION('',(0.E0,0.E0,-1.E0));
#3844=AXIS2_PLACEMENT_3D('',#3841,#3842,#3843);
#3845=PLANE('',#3844);
#3846=ORIENTED_EDGE('',*,*,#3831,.T.);
#3848=ORIENTED_EDGE('',*,*,#3847,.F.);
#3850=ORIENTED_EDGE('',*,*,#3849,.T.);
#3852=ORIENTED_EDGE('',*,*,#3851,.T.);
#3854=ORIENTED_EDGE('',*,*,#3853,.T.);
#3856=ORIENTED_EDGE('',*,*,#3855,.T.);
#3858=ORIENTED_EDGE('',*,*,#3857,.T.);
#3860=ORIENTED_EDGE('',*,*,#3859,.F.);
#3862=ORIENTED_EDGE('',*,*,#3861,.F.);
#3864=ORIENTED_EDGE('',*,*,#3863,.F.);
#3866=ORIENTED_EDGE('',*,*,#3865,.T.);
#3868=ORIENTED_EDGE('',*,*,#3867,.T.);
#3870=ORIENTED_EDGE('',*,*,#3869,.T.);
#3872=ORIENTED_EDGE('',*,*,#3871,.F.);
#3874=ORIENTED_EDGE('',*,*,#3873,.T.);
#3875=EDGE_LOOP('',(#3846,#3848,#3850,#3852,#3854,#3856,#3858,#3860,#3862,#3864,
#3866,#3868,#3870,#3872,#3874));
#3876=FACE_OUTER_BOUND('',#3875,.F.);
#3877=ADVANCED_FACE('',(#3876),#3845,.F.);
#3878=CARTESIAN_POINT('',(-2.19E0,-3.43E0,-2.55E0));
#3879=DIRECTION('',(0.E0,1.E0,0.E0));
#3880=DIRECTION('',(0.E0,0.E0,-1.E0));
#3881=AXIS2_PLACEMENT_3D('',#3878,#3879,#3880);
#3882=PLANE('',#3881);
#3883=ORIENTED_EDGE('',*,*,#3836,.F.);
#3885=ORIENTED_EDGE('',*,*,#3884,.F.);
#3887=ORIENTED_EDGE('',*,*,#3886,.F.);
#3888=ORIENTED_EDGE('',*,*,#3847,.T.);
#3889=EDGE_LOOP('',(#3883,#3885,#3887,#3888));
#3890=FACE_OUTER_BOUND('',#3889,.F.);
#3891=ADVANCED_FACE('',(#3890),#3882,.T.);
#3892=CARTESIAN_POINT('',(-2.89E0,-6.73E0,0.E0));
#3893=DIRECTION('',(-1.E0,0.E0,0.E0));
#3894=DIRECTION('',(0.E0,0.E0,-1.E0));
#3895=AXIS2_PLACEMENT_3D('',#3892,#3893,#3894);
#3896=PLANE('',#3895);
#3897=ORIENTED_EDGE('',*,*,#3834,.T.);
#3899=ORIENTED_EDGE('',*,*,#3898,.F.);
#3901=ORIENTED_EDGE('',*,*,#3900,.T.);
#3903=ORIENTED_EDGE('',*,*,#3902,.T.);
#3905=ORIENTED_EDGE('',*,*,#3904,.T.);
#3907=ORIENTED_EDGE('',*,*,#3906,.T.);
#3909=ORIENTED_EDGE('',*,*,#3908,.T.);
#3911=ORIENTED_EDGE('',*,*,#3910,.F.);
#3913=ORIENTED_EDGE('',*,*,#3912,.T.);
#3915=ORIENTED_EDGE('',*,*,#3914,.T.);
#3917=ORIENTED_EDGE('',*,*,#3916,.T.);
#3919=ORIENTED_EDGE('',*,*,#3918,.T.);
#3921=ORIENTED_EDGE('',*,*,#3920,.T.);
#3923=ORIENTED_EDGE('',*,*,#3922,.T.);
#3924=ORIENTED_EDGE('',*,*,#3884,.T.);
#3925=EDGE_LOOP('',(#3897,#3899,#3901,#3903,#3905,#3907,#3909,#3911,#3913,#3915,
#3917,#3919,#3921,#3923,#3924));
#3926=FACE_OUTER_BOUND('',#3925,.F.);
#3927=ADVANCED_FACE('',(#3926),#3896,.T.);
#3928=CARTESIAN_POINT('',(-3.25E0,-3.83E0,-2.55E0));
#3929=DIRECTION('',(0.E0,1.E0,0.E0));
#3930=DIRECTION('',(1.E0,0.E0,0.E0));
#3931=AXIS2_PLACEMENT_3D('',#3928,#3929,#3930);
#3932=PLANE('',#3931);
#3933=ORIENTED_EDGE('',*,*,#3898,.T.);
#3934=ORIENTED_EDGE('',*,*,#3821,.T.);
#3936=ORIENTED_EDGE('',*,*,#3935,.F.);
#3938=ORIENTED_EDGE('',*,*,#3937,.F.);
#3939=EDGE_LOOP('',(#3933,#3934,#3936,#3938));
#3940=FACE_OUTER_BOUND('',#3939,.F.);
#3941=ADVANCED_FACE('',(#3940),#3932,.T.);
#3942=CARTESIAN_POINT('',(-3.25E0,-7.13E0,-2.55E0));
#3943=DIRECTION('',(-1.E0,0.E0,0.E0));
#3944=DIRECTION('',(0.E0,1.E0,0.E0));
#3945=AXIS2_PLACEMENT_3D('',#3942,#3943,#3944);
#3946=PLANE('',#3945);
#3948=ORIENTED_EDGE('',*,*,#3947,.T.);
#3950=ORIENTED_EDGE('',*,*,#3949,.F.);
#3951=ORIENTED_EDGE('',*,*,#3935,.T.);
#3952=ORIENTED_EDGE('',*,*,#3819,.T.);
#3954=ORIENTED_EDGE('',*,*,#3953,.F.);
#3955=EDGE_LOOP('',(#3948,#3950,#3951,#3952,#3954));
#3956=FACE_OUTER_BOUND('',#3955,.F.);
#3957=ADVANCED_FACE('',(#3956),#3946,.T.);
#3958=CARTESIAN_POINT('',(3.265542132996E0,-6.73E0,-2.55E0));
#3959=DIRECTION('',(-1.E0,0.E0,0.E0));
#3960=DIRECTION('',(0.E0,0.E0,-1.E0));
#3961=AXIS2_PLACEMENT_3D('',#3958,#3959,#3960);
#3962=CYLINDRICAL_SURFACE('',#3961,4.E-1);
#3964=ORIENTED_EDGE('',*,*,#3963,.T.);
#3966=ORIENTED_EDGE('',*,*,#3965,.F.);
#3968=ORIENTED_EDGE('',*,*,#3967,.T.);
#3969=ORIENTED_EDGE('',*,*,#3947,.F.);
#3970=EDGE_LOOP('',(#3964,#3966,#3968,#3969));
#3971=FACE_OUTER_BOUND('',#3970,.F.);
#3972=ADVANCED_FACE('',(#3971),#3962,.T.);
#3973=CARTESIAN_POINT('',(0.E0,-7.13E0,0.E0));
#3974=DIRECTION('',(0.E0,-1.E0,0.E0));
#3975=DIRECTION('',(0.E0,0.E0,-1.E0));
#3976=AXIS2_PLACEMENT_3D('',#3973,#3974,#3975);
#3977=PLANE('',#3976);
#3979=ORIENTED_EDGE('',*,*,#3978,.F.);
#3981=ORIENTED_EDGE('',*,*,#3980,.T.);
#3983=ORIENTED_EDGE('',*,*,#3982,.T.);
#3984=ORIENTED_EDGE('',*,*,#3963,.F.);
#3986=ORIENTED_EDGE('',*,*,#3985,.T.);
#3988=ORIENTED_EDGE('',*,*,#3987,.T.);
#3989=EDGE_LOOP('',(#3979,#3981,#3983,#3984,#3986,#3988));
#3990=FACE_OUTER_BOUND('',#3989,.F.);
#3991=ADVANCED_FACE('',(#3990),#3977,.T.);
#3992=CARTESIAN_POINT('',(3.75E0,-6.73E0,2.55E0));
#3993=DIRECTION('',(0.E0,0.E0,1.E0));
#3994=DIRECTION('',(-1.E0,0.E0,0.E0));
#3995=AXIS2_PLACEMENT_3D('',#3992,#3993,#3994);
#3996=PLANE('',#3995);
#3997=ORIENTED_EDGE('',*,*,#3978,.T.);
#3999=ORIENTED_EDGE('',*,*,#3998,.T.);
#4000=ORIENTED_EDGE('',*,*,#3786,.T.);
#4002=ORIENTED_EDGE('',*,*,#4001,.F.);
#4003=EDGE_LOOP('',(#3997,#3999,#4000,#4002));
#4004=FACE_OUTER_BOUND('',#4003,.F.);
#4005=ADVANCED_FACE('',(#4004),#3996,.T.);
#4006=CARTESIAN_POINT('',(-3.75E0,-6.73E0,2.55E0));
#4007=DIRECTION('',(-1.E0,0.E0,0.E0));
#4008=DIRECTION('',(0.E0,0.E0,-1.E0));
#4009=AXIS2_PLACEMENT_3D('',#4006,#4007,#4008);
#4010=PLANE('',#4009);
#4011=ORIENTED_EDGE('',*,*,#3788,.T.);
#4012=ORIENTED_EDGE('',*,*,#3998,.F.);
#4013=ORIENTED_EDGE('',*,*,#3987,.F.);
#4015=ORIENTED_EDGE('',*,*,#4014,.T.);
#4016=EDGE_LOOP('',(#4011,#4012,#4013,#4015));
#4017=FACE_OUTER_BOUND('',#4016,.F.);
#4018=ADVANCED_FACE('',(#4017),#4010,.T.);
#4019=CARTESIAN_POINT('',(-3.75E0,-6.73E0,-2.55E0));
#4020=DIRECTION('',(0.E0,0.E0,-1.E0));
#4021=DIRECTION('',(1.E0,0.E0,0.E0));
#4022=AXIS2_PLACEMENT_3D('',#4019,#4020,#4021);
#4023=PLANE('',#4022);
#4024=ORIENTED_EDGE('',*,*,#3953,.T.);
#4025=ORIENTED_EDGE('',*,*,#3790,.T.);
#4026=ORIENTED_EDGE('',*,*,#4014,.F.);
#4027=ORIENTED_EDGE('',*,*,#3985,.F.);
#4028=EDGE_LOOP('',(#4024,#4025,#4026,#4027));
#4029=FACE_OUTER_BOUND('',#4028,.F.);
#4030=ADVANCED_FACE('',(#4029),#4023,.T.);
#4031=CARTESIAN_POINT('',(3.75E0,-6.73E0,-2.55E0));
#4032=DIRECTION('',(1.E0,0.E0,0.E0));
#4033=DIRECTION('',(0.E0,0.E0,1.E0));
#4034=AXIS2_PLACEMENT_3D('',#4031,#4032,#4033);
#4035=PLANE('',#4034);
#4036=ORIENTED_EDGE('',*,*,#3784,.T.);
#4038=ORIENTED_EDGE('',*,*,#4037,.F.);
#4039=ORIENTED_EDGE('',*,*,#3980,.F.);
#4040=ORIENTED_EDGE('',*,*,#4001,.T.);
#4041=EDGE_LOOP('',(#4036,#4038,#4039,#4040));
#4042=FACE_OUTER_BOUND('',#4041,.F.);
#4043=ADVANCED_FACE('',(#4042),#4035,.T.);
#4044=CARTESIAN_POINT('',(-3.75E0,-6.73E0,-2.55E0));
#4045=DIRECTION('',(0.E0,0.E0,-1.E0));
#4046=DIRECTION('',(1.E0,0.E0,0.E0));
#4047=AXIS2_PLACEMENT_3D('',#4044,#4045,#4046);
#4048=PLANE('',#4047);
#4050=ORIENTED_EDGE('',*,*,#4049,.F.);
#4051=ORIENTED_EDGE('',*,*,#3982,.F.);
#4052=ORIENTED_EDGE('',*,*,#4037,.T.);
#4053=ORIENTED_EDGE('',*,*,#3782,.T.);
#4054=EDGE_LOOP('',(#4050,#4051,#4052,#4053));
#4055=FACE_OUTER_BOUND('',#4054,.F.);
#4056=ADVANCED_FACE('',(#4055),#4048,.T.);
#4057=CARTESIAN_POINT('',(3.25E0,-3.83E0,-2.55E0));
#4058=DIRECTION('',(1.E0,0.E0,0.E0));
#4059=DIRECTION('',(0.E0,-1.E0,0.E0));
#4060=AXIS2_PLACEMENT_3D('',#4057,#4058,#4059);
#4061=PLANE('',#4060);
#4062=ORIENTED_EDGE('',*,*,#3965,.T.);
#4063=ORIENTED_EDGE('',*,*,#4049,.T.);
#4064=ORIENTED_EDGE('',*,*,#3816,.T.);
#4066=ORIENTED_EDGE('',*,*,#4065,.F.);
#4068=ORIENTED_EDGE('',*,*,#4067,.F.);
#4069=EDGE_LOOP('',(#4062,#4063,#4064,#4066,#4068));
#4070=FACE_OUTER_BOUND('',#4069,.F.);
#4071=ADVANCED_FACE('',(#4070),#4061,.T.);
#4072=CARTESIAN_POINT('',(1.5E0,-3.83E0,-2.55E0));
#4073=DIRECTION('',(0.E0,1.E0,0.E0));
#4074=DIRECTION('',(1.E0,0.E0,0.E0));
#4075=AXIS2_PLACEMENT_3D('',#4072,#4073,#4074);
#4076=PLANE('',#4075);
#4078=ORIENTED_EDGE('',*,*,#4077,.F.);
#4080=ORIENTED_EDGE('',*,*,#4079,.F.);
#4081=ORIENTED_EDGE('',*,*,#4065,.T.);
#4082=ORIENTED_EDGE('',*,*,#3814,.T.);
#4083=EDGE_LOOP('',(#4078,#4080,#4081,#4082));
#4084=FACE_OUTER_BOUND('',#4083,.F.);
#4085=ADVANCED_FACE('',(#4084),#4076,.T.);
#4086=CARTESIAN_POINT('',(2.89E0,-6.73E0,0.E0));
#4087=DIRECTION('',(-1.E0,0.E0,0.E0));
#4088=DIRECTION('',(0.E0,0.E0,-1.E0));
#4089=AXIS2_PLACEMENT_3D('',#4086,#4087,#4088);
#4090=PLANE('',#4089);
#4092=ORIENTED_EDGE('',*,*,#4091,.T.);
#4094=ORIENTED_EDGE('',*,*,#4093,.F.);
#4096=ORIENTED_EDGE('',*,*,#4095,.T.);
#4098=ORIENTED_EDGE('',*,*,#4097,.T.);
#4100=ORIENTED_EDGE('',*,*,#4099,.T.);
#4102=ORIENTED_EDGE('',*,*,#4101,.T.);
#4104=ORIENTED_EDGE('',*,*,#4103,.T.);
#4106=ORIENTED_EDGE('',*,*,#4105,.F.);
#4108=ORIENTED_EDGE('',*,*,#4107,.F.);
#4110=ORIENTED_EDGE('',*,*,#4109,.F.);
#4112=ORIENTED_EDGE('',*,*,#4111,.T.);
#4114=ORIENTED_EDGE('',*,*,#4113,.T.);
#4116=ORIENTED_EDGE('',*,*,#4115,.T.);
#4118=ORIENTED_EDGE('',*,*,#4117,.F.);
#4119=ORIENTED_EDGE('',*,*,#4077,.T.);
#4120=EDGE_LOOP('',(#4092,#4094,#4096,#4098,#4100,#4102,#4104,#4106,#4108,#4110,
#4112,#4114,#4116,#4118,#4119));
#4121=FACE_OUTER_BOUND('',#4120,.F.);
#4122=ADVANCED_FACE('',(#4121),#4090,.F.);
#4123=CARTESIAN_POINT('',(-1.3527E1,-3.83E0,-2.95E0));
#4124=DIRECTION('',(1.E0,0.E0,0.E0));
#4125=DIRECTION('',(0.E0,1.E0,0.E0));
#4126=AXIS2_PLACEMENT_3D('',#4123,#4124,#4125);
#4127=CYLINDRICAL_SURFACE('',#4126,4.E-1);
#4128=ORIENTED_EDGE('',*,*,#4091,.F.);
#4129=ORIENTED_EDGE('',*,*,#3812,.T.);
#4131=ORIENTED_EDGE('',*,*,#4130,.F.);
#4133=ORIENTED_EDGE('',*,*,#4132,.T.);
#4134=EDGE_LOOP('',(#4128,#4129,#4131,#4133));
#4135=FACE_OUTER_BOUND('',#4134,.F.);
#4136=ADVANCED_FACE('',(#4135),#4127,.T.);
#4137=CARTESIAN_POINT('',(2.19E0,-6.73E0,0.E0));
#4138=DIRECTION('',(-1.E0,0.E0,0.E0));
#4139=DIRECTION('',(0.E0,0.E0,-1.E0));
#4140=AXIS2_PLACEMENT_3D('',#4137,#4138,#4139);
#4141=PLANE('',#4140);
#4142=ORIENTED_EDGE('',*,*,#4130,.T.);
#4144=ORIENTED_EDGE('',*,*,#4143,.F.);
#4146=ORIENTED_EDGE('',*,*,#4145,.T.);
#4148=ORIENTED_EDGE('',*,*,#4147,.T.);
#4150=ORIENTED_EDGE('',*,*,#4149,.T.);
#4152=ORIENTED_EDGE('',*,*,#4151,.T.);
#4154=ORIENTED_EDGE('',*,*,#4153,.T.);
#4156=ORIENTED_EDGE('',*,*,#4155,.F.);
#4158=ORIENTED_EDGE('',*,*,#4157,.T.);
#4160=ORIENTED_EDGE('',*,*,#4159,.T.);
#4162=ORIENTED_EDGE('',*,*,#4161,.T.);
#4164=ORIENTED_EDGE('',*,*,#4163,.T.);
#4166=ORIENTED_EDGE('',*,*,#4165,.T.);
#4168=ORIENTED_EDGE('',*,*,#4167,.T.);
#4170=ORIENTED_EDGE('',*,*,#4169,.T.);
#4171=EDGE_LOOP('',(#4142,#4144,#4146,#4148,#4150,#4152,#4154,#4156,#4158,#4160,
#4162,#4164,#4166,#4168,#4170));
#4172=FACE_OUTER_BOUND('',#4171,.F.);
#4173=ADVANCED_FACE('',(#4172),#4141,.T.);
#4174=CARTESIAN_POINT('',(1.5E0,-3.83E0,-2.55E0));
#4175=DIRECTION('',(0.E0,1.E0,0.E0));
#4176=DIRECTION('',(1.E0,0.E0,0.E0));
#4177=AXIS2_PLACEMENT_3D('',#4174,#4175,#4176);
#4178=PLANE('',#4177);
#4179=ORIENTED_EDGE('',*,*,#4143,.T.);
#4180=ORIENTED_EDGE('',*,*,#3810,.T.);
#4182=ORIENTED_EDGE('',*,*,#4181,.F.);
#4184=ORIENTED_EDGE('',*,*,#4183,.F.);
#4185=EDGE_LOOP('',(#4179,#4180,#4182,#4184));
#4186=FACE_OUTER_BOUND('',#4185,.F.);
#4187=ADVANCED_FACE('',(#4186),#4178,.T.);
#4188=CARTESIAN_POINT('',(1.5E0,-2.23E0,-2.55E0));
#4189=DIRECTION('',(1.E0,0.E0,0.E0));
#4190=DIRECTION('',(0.E0,-1.E0,0.E0));
#4191=AXIS2_PLACEMENT_3D('',#4188,#4189,#4190);
#4192=PLANE('',#4191);
#4193=ORIENTED_EDGE('',*,*,#3808,.T.);
#4195=ORIENTED_EDGE('',*,*,#4194,.F.);
#4197=ORIENTED_EDGE('',*,*,#4196,.F.);
#4198=ORIENTED_EDGE('',*,*,#4181,.T.);
#4199=EDGE_LOOP('',(#4193,#4195,#4197,#4198));
#4200=FACE_OUTER_BOUND('',#4199,.F.);
#4201=ADVANCED_FACE('',(#4200),#4192,.T.);
#4202=CARTESIAN_POINT('',(-1.5E0,-2.23E0,-2.55E0));
#4203=DIRECTION('',(0.E0,1.E0,0.E0));
#4204=DIRECTION('',(1.E0,0.E0,0.E0));
#4205=AXIS2_PLACEMENT_3D('',#4202,#4203,#4204);
#4206=PLANE('',#4205);
#4207=ORIENTED_EDGE('',*,*,#3806,.T.);
#4209=ORIENTED_EDGE('',*,*,#4208,.F.);
#4211=ORIENTED_EDGE('',*,*,#4210,.F.);
#4212=ORIENTED_EDGE('',*,*,#4194,.T.);
#4213=EDGE_LOOP('',(#4207,#4209,#4211,#4212));
#4214=FACE_OUTER_BOUND('',#4213,.F.);
#4215=ADVANCED_FACE('',(#4214),#4206,.T.);
#4216=CARTESIAN_POINT('',(-1.5E0,-3.83E0,-2.55E0));
#4217=DIRECTION('',(-1.E0,0.E0,0.E0));
#4218=DIRECTION('',(0.E0,1.E0,0.E0));
#4219=AXIS2_PLACEMENT_3D('',#4216,#4217,#4218);
#4220=PLANE('',#4219);
#4221=ORIENTED_EDGE('',*,*,#3804,.T.);
#4223=ORIENTED_EDGE('',*,*,#4222,.F.);
#4225=ORIENTED_EDGE('',*,*,#4224,.F.);
#4226=ORIENTED_EDGE('',*,*,#4208,.T.);
#4227=EDGE_LOOP('',(#4221,#4223,#4225,#4226));
#4228=FACE_OUTER_BOUND('',#4227,.F.);
#4229=ADVANCED_FACE('',(#4228),#4220,.T.);
#4230=CARTESIAN_POINT('',(-3.25E0,-3.83E0,-2.55E0));
#4231=DIRECTION('',(0.E0,1.E0,0.E0));
#4232=DIRECTION('',(1.E0,0.E0,0.E0));
#4233=AXIS2_PLACEMENT_3D('',#4230,#4231,#4232);
#4234=PLANE('',#4233);
#4235=ORIENTED_EDGE('',*,*,#3873,.F.);
#4237=ORIENTED_EDGE('',*,*,#4236,.F.);
#4238=ORIENTED_EDGE('',*,*,#4222,.T.);
#4239=ORIENTED_EDGE('',*,*,#3802,.T.);
#4240=EDGE_LOOP('',(#4235,#4237,#4238,#4239));
#4241=FACE_OUTER_BOUND('',#4240,.F.);
#4242=ADVANCED_FACE('',(#4241),#4234,.T.);
#4243=CARTESIAN_POINT('',(0.E0,-6.73E0,-2.95E0));
#4244=DIRECTION('',(0.E0,0.E0,-1.E0));
#4245=DIRECTION('',(1.E0,0.E0,0.E0));
#4246=AXIS2_PLACEMENT_3D('',#4243,#4244,#4245);
#4247=PLANE('',#4246);
#4248=ORIENTED_EDGE('',*,*,#4183,.T.);
#4249=ORIENTED_EDGE('',*,*,#4196,.T.);
#4250=ORIENTED_EDGE('',*,*,#4210,.T.);
#4251=ORIENTED_EDGE('',*,*,#4224,.T.);
#4252=ORIENTED_EDGE('',*,*,#4236,.T.);
#4254=ORIENTED_EDGE('',*,*,#4253,.F.);
#4255=ORIENTED_EDGE('',*,*,#3937,.T.);
#4256=ORIENTED_EDGE('',*,*,#3949,.T.);
#4257=ORIENTED_EDGE('',*,*,#3967,.F.);
#4258=ORIENTED_EDGE('',*,*,#4067,.T.);
#4259=ORIENTED_EDGE('',*,*,#4079,.T.);
#4261=ORIENTED_EDGE('',*,*,#4260,.T.);
#4262=EDGE_LOOP('',(#4248,#4249,#4250,#4251,#4252,#4254,#4255,#4256,#4257,#4258,
#4259,#4261));
#4263=FACE_OUTER_BOUND('',#4262,.F.);
#4264=ADVANCED_FACE('',(#4263),#4247,.T.);
#4265=CARTESIAN_POINT('',(-2.19E0,-3.83E0,-3.670204102887E0));
#4266=DIRECTION('',(0.E0,-1.E0,0.E0));
#4267=DIRECTION('',(0.E0,0.E0,1.E0));
#4268=AXIS2_PLACEMENT_3D('',#4265,#4266,#4267);
#4269=PLANE('',#4268);
#4270=ORIENTED_EDGE('',*,*,#4253,.T.);
#4271=ORIENTED_EDGE('',*,*,#3871,.T.);
#4273=ORIENTED_EDGE('',*,*,#4272,.F.);
#4274=ORIENTED_EDGE('',*,*,#3900,.F.);
#4275=EDGE_LOOP('',(#4270,#4271,#4273,#4274));
#4276=FACE_OUTER_BOUND('',#4275,.F.);
#4277=ADVANCED_FACE('',(#4276),#4269,.T.);
#4278=CARTESIAN_POINT('',(-2.19E0,-4.23E0,-3.670204102887E0));
#4279=DIRECTION('',(-1.E0,0.E0,0.E0));
#4280=DIRECTION('',(0.E0,0.E0,-1.E0));
#4281=AXIS2_PLACEMENT_3D('',#4278,#4279,#4280);
#4282=CYLINDRICAL_SURFACE('',#4281,4.E-1);
#4283=ORIENTED_EDGE('',*,*,#3869,.F.);
#4285=ORIENTED_EDGE('',*,*,#4284,.F.);
#4286=ORIENTED_EDGE('',*,*,#3902,.F.);
#4287=ORIENTED_EDGE('',*,*,#4272,.T.);
#4288=EDGE_LOOP('',(#4283,#4285,#4286,#4287));
#4289=FACE_OUTER_BOUND('',#4288,.F.);
#4290=ADVANCED_FACE('',(#4289),#4282,.F.);
#4291=CARTESIAN_POINT('',(-2.19E0,-3.73E0,-4.65E0));
#4292=DIRECTION('',(-1.E0,0.E0,0.E0));
#4293=DIRECTION('',(0.E0,0.E0,-1.E0));
#4294=AXIS2_PLACEMENT_3D('',#4291,#4292,#4293);
#4295=CYLINDRICAL_SURFACE('',#4294,7.E-1);
#4296=ORIENTED_EDGE('',*,*,#3867,.F.);
#4298=ORIENTED_EDGE('',*,*,#4297,.F.);
#4299=ORIENTED_EDGE('',*,*,#3904,.F.);
#4300=ORIENTED_EDGE('',*,*,#4284,.T.);
#4301=EDGE_LOOP('',(#4296,#4298,#4299,#4300));
#4302=FACE_OUTER_BOUND('',#4301,.F.);
#4303=ADVANCED_FACE('',(#4302),#4295,.T.);
#4304=CARTESIAN_POINT('',(-2.19E0,-4.23E0,-5.629795897113E0));
#4305=DIRECTION('',(-1.E0,0.E0,0.E0));
#4306=DIRECTION('',(0.E0,0.E0,-1.E0));
#4307=AXIS2_PLACEMENT_3D('',#4304,#4305,#4306);
#4308=CYLINDRICAL_SURFACE('',#4307,4.E-1);
#4309=ORIENTED_EDGE('',*,*,#3865,.F.);
#4311=ORIENTED_EDGE('',*,*,#4310,.T.);
#4312=ORIENTED_EDGE('',*,*,#3906,.F.);
#4313=ORIENTED_EDGE('',*,*,#4297,.T.);
#4314=EDGE_LOOP('',(#4309,#4311,#4312,#4313));
#4315=FACE_OUTER_BOUND('',#4314,.F.);
#4316=ADVANCED_FACE('',(#4315),#4308,.F.);
#4317=CARTESIAN_POINT('',(-2.19E0,-3.83E0,-6.05E0));
#4318=DIRECTION('',(0.E0,-1.E0,0.E0));
#4319=DIRECTION('',(0.E0,0.E0,1.E0));
#4320=AXIS2_PLACEMENT_3D('',#4317,#4318,#4319);
#4321=PLANE('',#4320);
#4323=ORIENTED_EDGE('',*,*,#4322,.T.);
#4324=ORIENTED_EDGE('',*,*,#3908,.F.);
#4325=ORIENTED_EDGE('',*,*,#4310,.F.);
#4326=ORIENTED_EDGE('',*,*,#3863,.T.);
#4327=EDGE_LOOP('',(#4323,#4324,#4325,#4326));
#4328=FACE_OUTER_BOUND('',#4327,.F.);
#4329=ADVANCED_FACE('',(#4328),#4321,.T.);
#4330=CARTESIAN_POINT('',(-2.54E0,5.07016E0,-5.7E0));
#4331=DIRECTION('',(0.E0,-1.E0,0.E0));
#4332=DIRECTION('',(-1.E0,0.E0,0.E0));
#4333=AXIS2_PLACEMENT_3D('',#4330,#4331,#4332);
#4334=CYLINDRICAL_SURFACE('',#4333,3.5E-1);
#4335=ORIENTED_EDGE('',*,*,#4322,.F.);
#4336=ORIENTED_EDGE('',*,*,#3861,.T.);
#4338=ORIENTED_EDGE('',*,*,#4337,.F.);
#4339=ORIENTED_EDGE('',*,*,#3910,.T.);
#4340=EDGE_LOOP('',(#4335,#4336,#4338,#4339));
#4341=FACE_OUTER_BOUND('',#4340,.F.);
#4342=ADVANCED_FACE('',(#4341),#4334,.T.);
#4343=CARTESIAN_POINT('',(-2.19E0,-3.43E0,-5.629795897113E0));
#4344=DIRECTION('',(0.E0,1.E0,0.E0));
#4345=DIRECTION('',(0.E0,0.E0,-1.E0));
#4346=AXIS2_PLACEMENT_3D('',#4343,#4344,#4345);
#4347=PLANE('',#4346);
#4348=ORIENTED_EDGE('',*,*,#4337,.T.);
#4349=ORIENTED_EDGE('',*,*,#3859,.T.);
#4351=ORIENTED_EDGE('',*,*,#4350,.F.);
#4352=ORIENTED_EDGE('',*,*,#3912,.F.);
#4353=EDGE_LOOP('',(#4348,#4349,#4351,#4352));
#4354=FACE_OUTER_BOUND('',#4353,.F.);
#4355=ADVANCED_FACE('',(#4354),#4347,.T.);
#4356=CARTESIAN_POINT('',(-2.19E0,-4.23E0,-5.629795897113E0));
#4357=DIRECTION('',(-1.E0,0.E0,0.E0));
#4358=DIRECTION('',(0.E0,0.E0,-1.E0));
#4359=AXIS2_PLACEMENT_3D('',#4356,#4357,#4358);
#4360=CYLINDRICAL_SURFACE('',#4359,8.E-1);
#4361=ORIENTED_EDGE('',*,*,#3857,.F.);
#4363=ORIENTED_EDGE('',*,*,#4362,.T.);
#4364=ORIENTED_EDGE('',*,*,#3914,.F.);
#4365=ORIENTED_EDGE('',*,*,#4350,.T.);
#4366=EDGE_LOOP('',(#4361,#4363,#4364,#4365));
#4367=FACE_OUTER_BOUND('',#4366,.F.);
#4368=ADVANCED_FACE('',(#4367),#4360,.T.);
#4369=CARTESIAN_POINT('',(-2.19E0,-3.866363636364E0,-4.917217062849E0));
#4370=DIRECTION('',(0.E0,4.774324619425E-1,8.786684495779E-1));
#4371=DIRECTION('',(0.E0,8.786684495779E-1,-4.774324619425E-1));
#4372=AXIS2_PLACEMENT_3D('',#4369,#4370,#4371);
#4373=PLANE('',#4372);
#4374=ORIENTED_EDGE('',*,*,#3855,.F.);
#4376=ORIENTED_EDGE('',*,*,#4375,.F.);
#4377=ORIENTED_EDGE('',*,*,#3916,.F.);
#4378=ORIENTED_EDGE('',*,*,#4362,.F.);
#4379=EDGE_LOOP('',(#4374,#4376,#4377,#4378));
#4380=FACE_OUTER_BOUND('',#4379,.F.);
#4381=ADVANCED_FACE('',(#4380),#4373,.T.);
#4382=CARTESIAN_POINT('',(-2.19E0,-3.73E0,-4.65E0));
#4383=DIRECTION('',(-1.E0,0.E0,0.E0));
#4384=DIRECTION('',(0.E0,0.E0,-1.E0));
#4385=AXIS2_PLACEMENT_3D('',#4382,#4383,#4384);
#4386=CYLINDRICAL_SURFACE('',#4385,3.E-1);
#4387=ORIENTED_EDGE('',*,*,#3853,.F.);
#4389=ORIENTED_EDGE('',*,*,#4388,.T.);
#4390=ORIENTED_EDGE('',*,*,#3918,.F.);
#4391=ORIENTED_EDGE('',*,*,#4375,.T.);
#4392=EDGE_LOOP('',(#4387,#4389,#4390,#4391));
#4393=FACE_OUTER_BOUND('',#4392,.F.);
#4394=ADVANCED_FACE('',(#4393),#4386,.F.);
#4395=CARTESIAN_POINT('',(-2.19E0,-3.83E0,-4.363024425914E0));
#4396=DIRECTION('',(0.E0,4.774324619425E-1,-8.786684495779E-1));
#4397=DIRECTION('',(0.E0,-8.786684495779E-1,-4.774324619425E-1));
#4398=AXIS2_PLACEMENT_3D('',#4395,#4396,#4397);
#4399=PLANE('',#4398);
#4400=ORIENTED_EDGE('',*,*,#3851,.F.);
#4402=ORIENTED_EDGE('',*,*,#4401,.F.);
#4403=ORIENTED_EDGE('',*,*,#3920,.F.);
#4404=ORIENTED_EDGE('',*,*,#4388,.F.);
#4405=EDGE_LOOP('',(#4400,#4402,#4403,#4404));
#4406=FACE_OUTER_BOUND('',#4405,.F.);
#4407=ADVANCED_FACE('',(#4406),#4399,.T.);
#4408=CARTESIAN_POINT('',(-2.19E0,-4.23E0,-3.670204102887E0));
#4409=DIRECTION('',(-1.E0,0.E0,0.E0));
#4410=DIRECTION('',(0.E0,0.E0,-1.E0));
#4411=AXIS2_PLACEMENT_3D('',#4408,#4409,#4410);
#4412=CYLINDRICAL_SURFACE('',#4411,8.E-1);
#4413=ORIENTED_EDGE('',*,*,#3849,.F.);
#4414=ORIENTED_EDGE('',*,*,#3886,.T.);
#4415=ORIENTED_EDGE('',*,*,#3922,.F.);
#4416=ORIENTED_EDGE('',*,*,#4401,.T.);
#4417=EDGE_LOOP('',(#4413,#4414,#4415,#4416));
#4418=FACE_OUTER_BOUND('',#4417,.F.);
#4419=ADVANCED_FACE('',(#4418),#4412,.T.);
#4420=CARTESIAN_POINT('',(2.19E0,-3.83E0,-3.670204102887E0));
#4421=DIRECTION('',(0.E0,1.E0,0.E0));
#4422=DIRECTION('',(0.E0,0.E0,1.E0));
#4423=AXIS2_PLACEMENT_3D('',#4420,#4421,#4422);
#4424=PLANE('',#4423);
#4425=ORIENTED_EDGE('',*,*,#4145,.F.);
#4426=ORIENTED_EDGE('',*,*,#4260,.F.);
#4427=ORIENTED_EDGE('',*,*,#4117,.T.);
#4429=ORIENTED_EDGE('',*,*,#4428,.F.);
#4430=EDGE_LOOP('',(#4425,#4426,#4427,#4429));
#4431=FACE_OUTER_BOUND('',#4430,.F.);
#4432=ADVANCED_FACE('',(#4431),#4424,.F.);
#4433=CARTESIAN_POINT('',(2.19E0,-4.23E0,-3.670204102887E0));
#4434=DIRECTION('',(-1.E0,0.E0,0.E0));
#4435=DIRECTION('',(0.E0,0.E0,-1.E0));
#4436=AXIS2_PLACEMENT_3D('',#4433,#4434,#4435);
#4437=CYLINDRICAL_SURFACE('',#4436,4.E-1);
#4438=ORIENTED_EDGE('',*,*,#4147,.F.);
#4439=ORIENTED_EDGE('',*,*,#4428,.T.);
#4440=ORIENTED_EDGE('',*,*,#4115,.F.);
#4442=ORIENTED_EDGE('',*,*,#4441,.T.);
#4443=EDGE_LOOP('',(#4438,#4439,#4440,#4442));
#4444=FACE_OUTER_BOUND('',#4443,.F.);
#4445=ADVANCED_FACE('',(#4444),#4437,.F.);
#4446=CARTESIAN_POINT('',(2.19E0,-3.73E0,-4.65E0));
#4447=DIRECTION('',(-1.E0,0.E0,0.E0));
#4448=DIRECTION('',(0.E0,0.E0,-1.E0));
#4449=AXIS2_PLACEMENT_3D('',#4446,#4447,#4448);
#4450=CYLINDRICAL_SURFACE('',#4449,7.E-1);
#4451=ORIENTED_EDGE('',*,*,#4149,.F.);
#4452=ORIENTED_EDGE('',*,*,#4441,.F.);
#4453=ORIENTED_EDGE('',*,*,#4113,.F.);
#4455=ORIENTED_EDGE('',*,*,#4454,.T.);
#4456=EDGE_LOOP('',(#4451,#4452,#4453,#4455));
#4457=FACE_OUTER_BOUND('',#4456,.F.);
#4458=ADVANCED_FACE('',(#4457),#4450,.T.);
#4459=CARTESIAN_POINT('',(2.19E0,-4.23E0,-5.629795897113E0));
#4460=DIRECTION('',(-1.E0,0.E0,0.E0));
#4461=DIRECTION('',(0.E0,0.E0,-1.E0));
#4462=AXIS2_PLACEMENT_3D('',#4459,#4460,#4461);
#4463=CYLINDRICAL_SURFACE('',#4462,4.E-1);
#4464=ORIENTED_EDGE('',*,*,#4151,.F.);
#4465=ORIENTED_EDGE('',*,*,#4454,.F.);
#4466=ORIENTED_EDGE('',*,*,#4111,.F.);
#4468=ORIENTED_EDGE('',*,*,#4467,.T.);
#4469=EDGE_LOOP('',(#4464,#4465,#4466,#4468));
#4470=FACE_OUTER_BOUND('',#4469,.F.);
#4471=ADVANCED_FACE('',(#4470),#4463,.F.);
#4472=CARTESIAN_POINT('',(2.19E0,-3.83E0,-6.05E0));
#4473=DIRECTION('',(0.E0,1.E0,0.E0));
#4474=DIRECTION('',(0.E0,0.E0,1.E0));
#4475=AXIS2_PLACEMENT_3D('',#4472,#4473,#4474);
#4476=PLANE('',#4475);
#4478=ORIENTED_EDGE('',*,*,#4477,.T.);
#4479=ORIENTED_EDGE('',*,*,#4153,.F.);
#4480=ORIENTED_EDGE('',*,*,#4467,.F.);
#4481=ORIENTED_EDGE('',*,*,#4109,.T.);
#4482=EDGE_LOOP('',(#4478,#4479,#4480,#4481));
#4483=FACE_OUTER_BOUND('',#4482,.F.);
#4484=ADVANCED_FACE('',(#4483),#4476,.F.);
#4485=CARTESIAN_POINT('',(2.54E0,5.07016E0,-5.7E0));
#4486=DIRECTION('',(0.E0,-1.E0,0.E0));
#4487=DIRECTION('',(-1.E0,0.E0,0.E0));
#4488=AXIS2_PLACEMENT_3D('',#4485,#4486,#4487);
#4489=CYLINDRICAL_SURFACE('',#4488,3.5E-1);
#4490=ORIENTED_EDGE('',*,*,#4477,.F.);
#4491=ORIENTED_EDGE('',*,*,#4107,.T.);
#4493=ORIENTED_EDGE('',*,*,#4492,.F.);
#4494=ORIENTED_EDGE('',*,*,#4155,.T.);
#4495=EDGE_LOOP('',(#4490,#4491,#4493,#4494));
#4496=FACE_OUTER_BOUND('',#4495,.F.);
#4497=ADVANCED_FACE('',(#4496),#4489,.T.);
#4498=CARTESIAN_POINT('',(2.19E0,-3.43E0,-5.629795897113E0));
#4499=DIRECTION('',(0.E0,-1.E0,0.E0));
#4500=DIRECTION('',(0.E0,0.E0,-1.E0));
#4501=AXIS2_PLACEMENT_3D('',#4498,#4499,#4500);
#4502=PLANE('',#4501);
#4503=ORIENTED_EDGE('',*,*,#4492,.T.);
#4504=ORIENTED_EDGE('',*,*,#4105,.T.);
#4506=ORIENTED_EDGE('',*,*,#4505,.F.);
#4507=ORIENTED_EDGE('',*,*,#4157,.F.);
#4508=EDGE_LOOP('',(#4503,#4504,#4506,#4507));
#4509=FACE_OUTER_BOUND('',#4508,.F.);
#4510=ADVANCED_FACE('',(#4509),#4502,.F.);
#4511=CARTESIAN_POINT('',(2.19E0,-4.23E0,-5.629795897113E0));
#4512=DIRECTION('',(-1.E0,0.E0,0.E0));
#4513=DIRECTION('',(0.E0,0.E0,-1.E0));
#4514=AXIS2_PLACEMENT_3D('',#4511,#4512,#4513);
#4515=CYLINDRICAL_SURFACE('',#4514,8.E-1);
#4516=ORIENTED_EDGE('',*,*,#4159,.F.);
#4517=ORIENTED_EDGE('',*,*,#4505,.T.);
#4518=ORIENTED_EDGE('',*,*,#4103,.F.);
#4520=ORIENTED_EDGE('',*,*,#4519,.T.);
#4521=EDGE_LOOP('',(#4516,#4517,#4518,#4520));
#4522=FACE_OUTER_BOUND('',#4521,.F.);
#4523=ADVANCED_FACE('',(#4522),#4515,.T.);
#4524=CARTESIAN_POINT('',(2.19E0,-3.866363636364E0,-4.917217062849E0));
#4525=DIRECTION('',(0.E0,-4.774324619425E-1,-8.786684495779E-1));
#4526=DIRECTION('',(0.E0,8.786684495779E-1,-4.774324619425E-1));
#4527=AXIS2_PLACEMENT_3D('',#4524,#4525,#4526);
#4528=PLANE('',#4527);
#4529=ORIENTED_EDGE('',*,*,#4161,.F.);
#4530=ORIENTED_EDGE('',*,*,#4519,.F.);
#4531=ORIENTED_EDGE('',*,*,#4101,.F.);
#4533=ORIENTED_EDGE('',*,*,#4532,.F.);
#4534=EDGE_LOOP('',(#4529,#4530,#4531,#4533));
#4535=FACE_OUTER_BOUND('',#4534,.F.);
#4536=ADVANCED_FACE('',(#4535),#4528,.F.);
#4537=CARTESIAN_POINT('',(2.19E0,-3.73E0,-4.65E0));
#4538=DIRECTION('',(-1.E0,0.E0,0.E0));
#4539=DIRECTION('',(0.E0,0.E0,-1.E0));
#4540=AXIS2_PLACEMENT_3D('',#4537,#4538,#4539);
#4541=CYLINDRICAL_SURFACE('',#4540,3.E-1);
#4542=ORIENTED_EDGE('',*,*,#4163,.F.);
#4543=ORIENTED_EDGE('',*,*,#4532,.T.);
#4544=ORIENTED_EDGE('',*,*,#4099,.F.);
#4546=ORIENTED_EDGE('',*,*,#4545,.T.);
#4547=EDGE_LOOP('',(#4542,#4543,#4544,#4546));
#4548=FACE_OUTER_BOUND('',#4547,.F.);
#4549=ADVANCED_FACE('',(#4548),#4541,.F.);
#4550=CARTESIAN_POINT('',(2.19E0,-3.83E0,-4.363024425914E0));
#4551=DIRECTION('',(0.E0,-4.774324619425E-1,8.786684495779E-1));
#4552=DIRECTION('',(0.E0,-8.786684495779E-1,-4.774324619425E-1));
#4553=AXIS2_PLACEMENT_3D('',#4550,#4551,#4552);
#4554=PLANE('',#4553);
#4555=ORIENTED_EDGE('',*,*,#4165,.F.);
#4556=ORIENTED_EDGE('',*,*,#4545,.F.);
#4557=ORIENTED_EDGE('',*,*,#4097,.F.);
#4559=ORIENTED_EDGE('',*,*,#4558,.F.);
#4560=EDGE_LOOP('',(#4555,#4556,#4557,#4559));
#4561=FACE_OUTER_BOUND('',#4560,.F.);
#4562=ADVANCED_FACE('',(#4561),#4554,.F.);
#4563=CARTESIAN_POINT('',(2.19E0,-4.23E0,-3.670204102887E0));
#4564=DIRECTION('',(-1.E0,0.E0,0.E0));
#4565=DIRECTION('',(0.E0,0.E0,-1.E0));
#4566=AXIS2_PLACEMENT_3D('',#4563,#4564,#4565);
#4567=CYLINDRICAL_SURFACE('',#4566,8.E-1);
#4568=ORIENTED_EDGE('',*,*,#4167,.F.);
#4569=ORIENTED_EDGE('',*,*,#4558,.T.);
#4570=ORIENTED_EDGE('',*,*,#4095,.F.);
#4572=ORIENTED_EDGE('',*,*,#4571,.T.);
#4573=EDGE_LOOP('',(#4568,#4569,#4570,#4572));
#4574=FACE_OUTER_BOUND('',#4573,.F.);
#4575=ADVANCED_FACE('',(#4574),#4567,.T.);
#4576=CARTESIAN_POINT('',(2.19E0,-3.43E0,-2.55E0));
#4577=DIRECTION('',(0.E0,-1.E0,0.E0));
#4578=DIRECTION('',(0.E0,0.E0,-1.E0));
#4579=AXIS2_PLACEMENT_3D('',#4576,#4577,#4578);
#4580=PLANE('',#4579);
#4581=ORIENTED_EDGE('',*,*,#4132,.F.);
#4582=ORIENTED_EDGE('',*,*,#4169,.F.);
#4583=ORIENTED_EDGE('',*,*,#4571,.F.);
#4584=ORIENTED_EDGE('',*,*,#4093,.T.);
#4585=EDGE_LOOP('',(#4581,#4582,#4583,#4584));
#4586=FACE_OUTER_BOUND('',#4585,.F.);
#4587=ADVANCED_FACE('',(#4586),#4580,.F.);
#4588=CARTESIAN_POINT('',(0.E0,-2.73E0,-2.55E0));
#4589=DIRECTION('',(0.E0,0.E0,1.E0));
#4590=DIRECTION('',(1.E0,0.E0,0.E0));
#4591=AXIS2_PLACEMENT_3D('',#4588,#4589,#4590);
#4592=SPHERICAL_SURFACE('',#4591,5.E-1);
#4594=ORIENTED_EDGE('',*,*,#4593,.T.);
#4596=ORIENTED_EDGE('',*,*,#4595,.T.);
#4598=ORIENTED_EDGE('',*,*,#4597,.F.);
#4599=EDGE_LOOP('',(#4594,#4596,#4598));
#4600=FACE_OUTER_BOUND('',#4599,.F.);
#4601=ADVANCED_FACE('',(#4600),#4592,.T.);
#4602=CARTESIAN_POINT('',(0.E0,-2.73E0,-2.55E0));
#4603=DIRECTION('',(0.E0,0.E0,1.E0));
#4604=DIRECTION('',(1.E0,0.E0,0.E0));
#4605=AXIS2_PLACEMENT_3D('',#4602,#4603,#4604);
#4606=SPHERICAL_SURFACE('',#4605,5.E-1);
#4608=ORIENTED_EDGE('',*,*,#4607,.T.);
#4609=ORIENTED_EDGE('',*,*,#4597,.T.);
#4610=ORIENTED_EDGE('',*,*,#4595,.F.);
#4611=EDGE_LOOP('',(#4608,#4609,#4610));
#4612=FACE_OUTER_BOUND('',#4611,.F.);
#4613=ADVANCED_FACE('',(#4612),#4606,.T.);
#4614=CARTESIAN_POINT('',(2.75E0,-6.23E0,-2.55E0));
#4615=DIRECTION('',(0.E0,0.E0,-1.E0));
#4616=DIRECTION('',(0.E0,1.E0,0.E0));
#4617=AXIS2_PLACEMENT_3D('',#4614,#4615,#4616);
#4618=SPHERICAL_SURFACE('',#4617,5.E-1);
#4620=ORIENTED_EDGE('',*,*,#4619,.T.);
#4622=ORIENTED_EDGE('',*,*,#4621,.T.);
#4624=ORIENTED_EDGE('',*,*,#4623,.F.);
#4625=EDGE_LOOP('',(#4620,#4622,#4624));
#4626=FACE_OUTER_BOUND('',#4625,.F.);
#4627=ADVANCED_FACE('',(#4626),#4618,.T.);
#4628=CARTESIAN_POINT('',(2.75E0,-6.23E0,-2.55E0));
#4629=DIRECTION('',(0.E0,0.E0,-1.E0));
#4630=DIRECTION('',(0.E0,1.E0,0.E0));
#4631=AXIS2_PLACEMENT_3D('',#4628,#4629,#4630);
#4632=SPHERICAL_SURFACE('',#4631,5.E-1);
#4634=ORIENTED_EDGE('',*,*,#4633,.T.);
#4635=ORIENTED_EDGE('',*,*,#4623,.T.);
#4636=ORIENTED_EDGE('',*,*,#4621,.F.);
#4637=EDGE_LOOP('',(#4634,#4635,#4636));
#4638=FACE_OUTER_BOUND('',#4637,.F.);
#4639=ADVANCED_FACE('',(#4638),#4632,.T.);
#4640=CARTESIAN_POINT('',(-2.75E0,-6.23E0,-2.55E0));
#4641=DIRECTION('',(0.E0,0.E0,1.E0));
#4642=DIRECTION('',(0.E0,1.E0,0.E0));
#4643=AXIS2_PLACEMENT_3D('',#4640,#4641,#4642);
#4644=SPHERICAL_SURFACE('',#4643,5.E-1);
#4646=ORIENTED_EDGE('',*,*,#4645,.F.);
#4648=ORIENTED_EDGE('',*,*,#4647,.T.);
#4650=ORIENTED_EDGE('',*,*,#4649,.T.);
#4651=EDGE_LOOP('',(#4646,#4648,#4650));
#4652=FACE_OUTER_BOUND('',#4651,.F.);
#4653=ADVANCED_FACE('',(#4652),#4644,.T.);
#4654=CARTESIAN_POINT('',(-2.75E0,-6.23E0,-2.55E0));
#4655=DIRECTION('',(0.E0,0.E0,1.E0));
#4656=DIRECTION('',(0.E0,1.E0,0.E0));
#4657=AXIS2_PLACEMENT_3D('',#4654,#4655,#4656);
#4658=SPHERICAL_SURFACE('',#4657,5.E-1);
#4659=ORIENTED_EDGE('',*,*,#4645,.T.);
#4660=ORIENTED_EDGE('',*,*,#4649,.F.);
#4662=ORIENTED_EDGE('',*,*,#4661,.T.);
#4663=EDGE_LOOP('',(#4659,#4660,#4662));
#4664=FACE_OUTER_BOUND('',#4663,.F.);
#4665=ADVANCED_FACE('',(#4664),#4658,.T.);
#4666=CARTESIAN_POINT('',(0.E0,-7.48E0,0.E0));
#4667=DIRECTION('',(0.E0,1.E0,0.E0));
#4668=DIRECTION('',(0.E0,0.E0,1.E0));
#4669=AXIS2_PLACEMENT_3D('',#4666,#4667,#4668);
#4670=CONICAL_SURFACE('',#4669,2.899189292146E0,8.E0);
#4672=ORIENTED_EDGE('',*,*,#4671,.T.);
#4674=ORIENTED_EDGE('',*,*,#4673,.T.);
#4676=ORIENTED_EDGE('',*,*,#4675,.T.);
#4678=ORIENTED_EDGE('',*,*,#4677,.F.);
#4679=EDGE_LOOP('',(#4672,#4674,#4676,#4678));
#4680=FACE_OUTER_BOUND('',#4679,.F.);
#4681=ADVANCED_FACE('',(#4680),#4670,.T.);
#4682=CARTESIAN_POINT('',(4.5E0,-7.13E0,2.548378584292E0));
#4683=DIRECTION('',(0.E0,1.391731009601E-1,-9.902680687416E-1));
#4684=DIRECTION('',(0.E0,-9.902680687416E-1,-1.391731009601E-1));
#4685=AXIS2_PLACEMENT_3D('',#4682,#4683,#4684);
#4686=PLANE('',#4685);
#4687=ORIENTED_EDGE('',*,*,#4671,.F.);
#4689=ORIENTED_EDGE('',*,*,#4688,.T.);
#4691=ORIENTED_EDGE('',*,*,#4690,.F.);
#4693=ORIENTED_EDGE('',*,*,#4692,.T.);
#4694=EDGE_LOOP('',(#4687,#4689,#4691,#4693));
#4695=FACE_OUTER_BOUND('',#4694,.F.);
#4696=ADVANCED_FACE('',(#4695),#4686,.F.);
#4697=CARTESIAN_POINT('',(0.E0,-7.83E0,0.E0));
#4698=DIRECTION('',(0.E0,-1.E0,0.E0));
#4699=DIRECTION('',(0.E0,0.E0,-1.E0));
#4700=AXIS2_PLACEMENT_3D('',#4697,#4698,#4699);
#4701=PLANE('',#4700);
#4702=ORIENTED_EDGE('',*,*,#4688,.F.);
#4703=ORIENTED_EDGE('',*,*,#4677,.T.);
#4705=ORIENTED_EDGE('',*,*,#4704,.T.);
#4707=ORIENTED_EDGE('',*,*,#4706,.T.);
#4708=EDGE_LOOP('',(#4702,#4703,#4705,#4707));
#4709=FACE_OUTER_BOUND('',#4708,.F.);
#4710=ADVANCED_FACE('',(#4709),#4701,.T.);
#4711=CARTESIAN_POINT('',(4.5E0,-7.83E0,-2.45E0));
#4712=DIRECTION('',(0.E0,1.391731009601E-1,9.902680687416E-1));
#4713=DIRECTION('',(0.E0,9.902680687416E-1,-1.391731009601E-1));
#4714=AXIS2_PLACEMENT_3D('',#4711,#4712,#4713);
#4715=PLANE('',#4714);
#4716=ORIENTED_EDGE('',*,*,#4675,.F.);
#4718=ORIENTED_EDGE('',*,*,#4717,.T.);
#4720=ORIENTED_EDGE('',*,*,#4719,.F.);
#4721=ORIENTED_EDGE('',*,*,#4704,.F.);
#4722=EDGE_LOOP('',(#4716,#4718,#4720,#4721));
#4723=FACE_OUTER_BOUND('',#4722,.F.);
#4724=ADVANCED_FACE('',(#4723),#4715,.F.);
#4725=CARTESIAN_POINT('',(0.E0,-7.48E0,0.E0));
#4726=DIRECTION('',(0.E0,1.E0,0.E0));
#4727=DIRECTION('',(0.E0,0.E0,1.E0));
#4728=AXIS2_PLACEMENT_3D('',#4725,#4726,#4727);
#4729=CONICAL_SURFACE('',#4728,2.899189292146E0,8.E0);
#4730=ORIENTED_EDGE('',*,*,#4690,.T.);
#4731=ORIENTED_EDGE('',*,*,#4706,.F.);
#4732=ORIENTED_EDGE('',*,*,#4719,.T.);
#4734=ORIENTED_EDGE('',*,*,#4733,.T.);
#4735=EDGE_LOOP('',(#4730,#4731,#4732,#4734));
#4736=FACE_OUTER_BOUND('',#4735,.F.);
#4737=ADVANCED_FACE('',(#4736),#4729,.T.);
#4738=CARTESIAN_POINT('',(0.E0,-6.73E0,0.E0));
#4739=DIRECTION('',(0.E0,-1.E0,0.E0));
#4740=DIRECTION('',(1.E0,0.E0,0.E0));
#4741=AXIS2_PLACEMENT_3D('',#4738,#4739,#4740);
#4742=CYLINDRICAL_SURFACE('',#4741,2.5E0);
#4744=ORIENTED_EDGE('',*,*,#4743,.T.);
#4746=ORIENTED_EDGE('',*,*,#4745,.T.);
#4748=ORIENTED_EDGE('',*,*,#4747,.T.);
#4750=ORIENTED_EDGE('',*,*,#4749,.F.);
#4752=ORIENTED_EDGE('',*,*,#4751,.F.);
#4754=ORIENTED_EDGE('',*,*,#4753,.T.);
#4755=EDGE_LOOP('',(#4744,#4746,#4748,#4750,#4752,#4754));
#4756=FACE_OUTER_BOUND('',#4755,.F.);
#4757=ADVANCED_FACE('',(#4756),#4742,.T.);
#4758=CARTESIAN_POINT('',(1.356465996625E0,-6.73E0,2.1E0));
#4759=DIRECTION('',(0.E0,0.E0,1.E0));
#4760=DIRECTION('',(-1.E0,0.E0,0.E0));
#4761=AXIS2_PLACEMENT_3D('',#4758,#4759,#4760);
#4762=PLANE('',#4761);
#4764=ORIENTED_EDGE('',*,*,#4763,.T.);
#4766=ORIENTED_EDGE('',*,*,#4765,.F.);
#4768=ORIENTED_EDGE('',*,*,#4767,.F.);
#4770=ORIENTED_EDGE('',*,*,#4769,.F.);
#4771=ORIENTED_EDGE('',*,*,#4747,.F.);
#4772=EDGE_LOOP('',(#4764,#4766,#4768,#4770,#4771));
#4773=FACE_OUTER_BOUND('',#4772,.F.);
#4774=ADVANCED_FACE('',(#4773),#4762,.T.);
#4775=CARTESIAN_POINT('',(0.E0,-6.73E0,0.E0));
#4776=DIRECTION('',(0.E0,-1.E0,0.E0));
#4777=DIRECTION('',(1.E0,0.E0,0.E0));
#4778=AXIS2_PLACEMENT_3D('',#4775,#4776,#4777);
#4779=CYLINDRICAL_SURFACE('',#4778,2.5E0);
#4781=ORIENTED_EDGE('',*,*,#4780,.T.);
#4783=ORIENTED_EDGE('',*,*,#4782,.T.);
#4785=ORIENTED_EDGE('',*,*,#4784,.T.);
#4787=ORIENTED_EDGE('',*,*,#4786,.F.);
#4789=ORIENTED_EDGE('',*,*,#4788,.F.);
#4790=ORIENTED_EDGE('',*,*,#4765,.T.);
#4791=EDGE_LOOP('',(#4781,#4783,#4785,#4787,#4789,#4790));
#4792=FACE_OUTER_BOUND('',#4791,.F.);
#4793=ADVANCED_FACE('',(#4792),#4779,.T.);
#4794=CARTESIAN_POINT('',(-1.356465996625E0,-6.73E0,-2.1E0));
#4795=DIRECTION('',(0.E0,0.E0,-1.E0));
#4796=DIRECTION('',(1.E0,0.E0,0.E0));
#4797=AXIS2_PLACEMENT_3D('',#4794,#4795,#4796);
#4798=PLANE('',#4797);
#4800=ORIENTED_EDGE('',*,*,#4799,.T.);
#4801=ORIENTED_EDGE('',*,*,#4753,.F.);
#4803=ORIENTED_EDGE('',*,*,#4802,.F.);
#4805=ORIENTED_EDGE('',*,*,#4804,.F.);
#4806=ORIENTED_EDGE('',*,*,#4784,.F.);
#4807=EDGE_LOOP('',(#4800,#4801,#4803,#4805,#4806));
#4808=FACE_OUTER_BOUND('',#4807,.F.);
#4809=ADVANCED_FACE('',(#4808),#4798,.T.);
#4810=CARTESIAN_POINT('',(-1.296148139682E0,-8.73E0,-2.1E0));
#4811=DIRECTION('',(0.E0,-7.071067811865E-1,-7.071067811865E-1));
#4812=DIRECTION('',(1.E0,0.E0,0.E0));
#4813=AXIS2_PLACEMENT_3D('',#4810,#4811,#4812);
#4814=PLANE('',#4813);
#4816=ORIENTED_EDGE('',*,*,#4815,.T.);
#4818=ORIENTED_EDGE('',*,*,#4817,.T.);
#4819=ORIENTED_EDGE('',*,*,#4802,.T.);
#4821=ORIENTED_EDGE('',*,*,#4820,.F.);
#4823=ORIENTED_EDGE('',*,*,#4822,.F.);
#4825=ORIENTED_EDGE('',*,*,#4824,.T.);
#4826=ORIENTED_EDGE('',*,*,#4804,.T.);
#4828=ORIENTED_EDGE('',*,*,#4827,.T.);
#4829=EDGE_LOOP('',(#4816,#4818,#4819,#4821,#4823,#4825,#4826,#4828));
#4830=FACE_OUTER_BOUND('',#4829,.F.);
#4831=ADVANCED_FACE('',(#4830),#4814,.T.);
#4832=CARTESIAN_POINT('',(0.E0,-5.93E0,0.E0));
#4833=DIRECTION('',(0.E0,1.E0,0.E0));
#4834=DIRECTION('',(1.E0,0.E0,0.E0));
#4835=AXIS2_PLACEMENT_3D('',#4832,#4833,#4834);
#4836=CYLINDRICAL_SURFACE('',#4835,2.1E0);
#4837=ORIENTED_EDGE('',*,*,#4827,.F.);
#4838=ORIENTED_EDGE('',*,*,#4817,.F.);
#4840=ORIENTED_EDGE('',*,*,#4839,.T.);
#4841=EDGE_LOOP('',(#4837,#4838,#4840));
#4842=FACE_OUTER_BOUND('',#4841,.F.);
#4843=ADVANCED_FACE('',(#4842),#4836,.T.);
#4844=CARTESIAN_POINT('',(0.E0,-8.83E0,0.E0));
#4845=DIRECTION('',(0.E0,1.E0,0.E0));
#4846=DIRECTION('',(-1.E0,0.E0,0.E0));
#4847=AXIS2_PLACEMENT_3D('',#4844,#4845,#4846);
#4848=CONICAL_SURFACE('',#4847,2.4E0,4.5E1);
#4849=ORIENTED_EDGE('',*,*,#4751,.T.);
#4850=ORIENTED_EDGE('',*,*,#4749,.T.);
#4852=ORIENTED_EDGE('',*,*,#4851,.F.);
#4854=ORIENTED_EDGE('',*,*,#4853,.T.);
#4856=ORIENTED_EDGE('',*,*,#4855,.T.);
#4857=ORIENTED_EDGE('',*,*,#4820,.T.);
#4858=EDGE_LOOP('',(#4849,#4850,#4852,#4854,#4856,#4857));
#4859=FACE_OUTER_BOUND('',#4858,.F.);
#4860=ADVANCED_FACE('',(#4859),#4848,.T.);
#4861=CARTESIAN_POINT('',(1.296148139682E0,-8.73E0,2.1E0));
#4862=DIRECTION('',(0.E0,-7.071067811865E-1,7.071067811865E-1));
#4863=DIRECTION('',(-1.E0,0.E0,0.E0));
#4864=AXIS2_PLACEMENT_3D('',#4861,#4862,#4863);
#4865=PLANE('',#4864);
#4867=ORIENTED_EDGE('',*,*,#4866,.T.);
#4869=ORIENTED_EDGE('',*,*,#4868,.T.);
#4870=ORIENTED_EDGE('',*,*,#4767,.T.);
#4872=ORIENTED_EDGE('',*,*,#4871,.F.);
#4874=ORIENTED_EDGE('',*,*,#4873,.F.);
#4875=ORIENTED_EDGE('',*,*,#4851,.T.);
#4876=ORIENTED_EDGE('',*,*,#4769,.T.);
#4878=ORIENTED_EDGE('',*,*,#4877,.T.);
#4879=EDGE_LOOP('',(#4867,#4869,#4870,#4872,#4874,#4875,#4876,#4878));
#4880=FACE_OUTER_BOUND('',#4879,.F.);
#4881=ADVANCED_FACE('',(#4880),#4865,.T.);
#4882=CARTESIAN_POINT('',(0.E0,-5.93E0,0.E0));
#4883=DIRECTION('',(0.E0,1.E0,0.E0));
#4884=DIRECTION('',(1.E0,0.E0,0.E0));
#4885=AXIS2_PLACEMENT_3D('',#4882,#4883,#4884);
#4886=CYLINDRICAL_SURFACE('',#4885,2.1E0);
#4887=ORIENTED_EDGE('',*,*,#4877,.F.);
#4888=ORIENTED_EDGE('',*,*,#4868,.F.);
#4890=ORIENTED_EDGE('',*,*,#4889,.T.);
#4891=EDGE_LOOP('',(#4887,#4888,#4890));
#4892=FACE_OUTER_BOUND('',#4891,.F.);
#4893=ADVANCED_FACE('',(#4892),#4886,.T.);
#4894=CARTESIAN_POINT('',(0.E0,-8.83E0,0.E0));
#4895=DIRECTION('',(0.E0,1.E0,0.E0));
#4896=DIRECTION('',(-1.E0,0.E0,0.E0));
#4897=AXIS2_PLACEMENT_3D('',#4894,#4895,#4896);
#4898=CONICAL_SURFACE('',#4897,2.4E0,4.5E1);
#4899=ORIENTED_EDGE('',*,*,#4788,.T.);
#4900=ORIENTED_EDGE('',*,*,#4786,.T.);
#4901=ORIENTED_EDGE('',*,*,#4824,.F.);
#4903=ORIENTED_EDGE('',*,*,#4902,.T.);
#4905=ORIENTED_EDGE('',*,*,#4904,.T.);
#4906=ORIENTED_EDGE('',*,*,#4871,.T.);
#4907=EDGE_LOOP('',(#4899,#4900,#4901,#4903,#4905,#4906));
#4908=FACE_OUTER_BOUND('',#4907,.F.);
#4909=ADVANCED_FACE('',(#4908),#4898,.T.);
#4910=CARTESIAN_POINT('',(0.E0,-8.73E0,0.E0));
#4911=DIRECTION('',(0.E0,-1.E0,0.E0));
#4912=DIRECTION('',(1.E0,0.E0,0.E0));
#4913=AXIS2_PLACEMENT_3D('',#4910,#4911,#4912);
#4914=CYLINDRICAL_SURFACE('',#4913,2.3E0);
#4916=ORIENTED_EDGE('',*,*,#4915,.F.);
#4918=ORIENTED_EDGE('',*,*,#4917,.F.);
#4920=ORIENTED_EDGE('',*,*,#4919,.T.);
#4921=ORIENTED_EDGE('',*,*,#4904,.F.);
#4922=ORIENTED_EDGE('',*,*,#4902,.F.);
#4924=ORIENTED_EDGE('',*,*,#4923,.T.);
#4925=EDGE_LOOP('',(#4916,#4918,#4920,#4921,#4922,#4924));
#4926=FACE_OUTER_BOUND('',#4925,.F.);
#4927=ADVANCED_FACE('',(#4926),#4914,.T.);
#4928=CARTESIAN_POINT('',(-2.735360007389E-7,-1.268000005638E1,
3.292069613474E-7));
#4929=DIRECTION('',(0.E0,1.E0,0.E0));
#4930=DIRECTION('',(0.E0,0.E0,1.E0));
#4931=AXIS2_PLACEMENT_3D('',#4928,#4929,#4930);
#4932=CONICAL_SURFACE('',#4931,2.200000290107E0,4.500000095695E1);
#4934=ORIENTED_EDGE('',*,*,#4933,.F.);
#4936=ORIENTED_EDGE('',*,*,#4935,.T.);
#4937=ORIENTED_EDGE('',*,*,#4917,.T.);
#4938=ORIENTED_EDGE('',*,*,#4915,.T.);
#4940=ORIENTED_EDGE('',*,*,#4939,.F.);
#4941=EDGE_LOOP('',(#4934,#4936,#4937,#4938,#4940));
#4942=FACE_OUTER_BOUND('',#4941,.F.);
#4943=ADVANCED_FACE('',(#4942),#4932,.T.);
#4944=CARTESIAN_POINT('',(0.E0,-1.278E1,0.E0));
#4945=DIRECTION('',(0.E0,-1.E0,0.E0));
#4946=DIRECTION('',(1.E0,0.E0,0.E0));
#4947=AXIS2_PLACEMENT_3D('',#4944,#4945,#4946);
#4948=PLANE('',#4947);
#4949=ORIENTED_EDGE('',*,*,#4933,.T.);
#4951=ORIENTED_EDGE('',*,*,#4950,.T.);
#4953=ORIENTED_EDGE('',*,*,#4952,.T.);
#4955=ORIENTED_EDGE('',*,*,#4954,.T.);
#4956=EDGE_LOOP('',(#4949,#4951,#4953,#4955));
#4957=FACE_OUTER_BOUND('',#4956,.F.);
#4958=ADVANCED_FACE('',(#4957),#4948,.T.);
#4959=CARTESIAN_POINT('',(0.E0,-1.268E1,-1.8E0));
#4960=DIRECTION('',(0.E0,-7.071067811865E-1,-7.071067811865E-1));
#4961=DIRECTION('',(0.E0,7.071067811865E-1,-7.071067811865E-1));
#4962=AXIS2_PLACEMENT_3D('',#4959,#4960,#4961);
#4963=PLANE('',#4962);
#4965=ORIENTED_EDGE('',*,*,#4964,.T.);
#4967=ORIENTED_EDGE('',*,*,#4966,.F.);
#4968=ORIENTED_EDGE('',*,*,#4950,.F.);
#4969=ORIENTED_EDGE('',*,*,#4939,.T.);
#4970=EDGE_LOOP('',(#4965,#4967,#4968,#4969));
#4971=FACE_OUTER_BOUND('',#4970,.F.);
#4972=ADVANCED_FACE('',(#4971),#4963,.T.);
#4973=CARTESIAN_POINT('',(-1.296148139682E0,-8.73E0,-1.9E0));
#4974=DIRECTION('',(0.E0,0.E0,-1.E0));
#4975=DIRECTION('',(1.E0,0.E0,0.E0));
#4976=AXIS2_PLACEMENT_3D('',#4973,#4974,#4975);
#4977=PLANE('',#4976);
#4978=ORIENTED_EDGE('',*,*,#4964,.F.);
#4979=ORIENTED_EDGE('',*,*,#4923,.F.);
#4980=ORIENTED_EDGE('',*,*,#4822,.T.);
#4982=ORIENTED_EDGE('',*,*,#4981,.F.);
#4983=EDGE_LOOP('',(#4978,#4979,#4980,#4982));
#4984=FACE_OUTER_BOUND('',#4983,.F.);
#4985=ADVANCED_FACE('',(#4984),#4977,.T.);
#4986=CARTESIAN_POINT('',(0.E0,-8.73E0,0.E0));
#4987=DIRECTION('',(0.E0,-1.E0,0.E0));
#4988=DIRECTION('',(1.E0,0.E0,0.E0));
#4989=AXIS2_PLACEMENT_3D('',#4986,#4987,#4988);
#4990=CYLINDRICAL_SURFACE('',#4989,2.3E0);
#4992=ORIENTED_EDGE('',*,*,#4991,.F.);
#4994=ORIENTED_EDGE('',*,*,#4993,.F.);
#4995=ORIENTED_EDGE('',*,*,#4981,.T.);
#4996=ORIENTED_EDGE('',*,*,#4855,.F.);
#4997=ORIENTED_EDGE('',*,*,#4853,.F.);
#4999=ORIENTED_EDGE('',*,*,#4998,.T.);
#5000=EDGE_LOOP('',(#4992,#4994,#4995,#4996,#4997,#4999));
#5001=FACE_OUTER_BOUND('',#5000,.F.);
#5002=ADVANCED_FACE('',(#5001),#4990,.T.);
#5003=CARTESIAN_POINT('',(2.735360008499E-7,-1.268000005638E1,
-3.292069736469E-7));
#5004=DIRECTION('',(0.E0,1.E0,0.E0));
#5005=DIRECTION('',(0.E0,0.E0,1.E0));
#5006=AXIS2_PLACEMENT_3D('',#5003,#5004,#5005);
#5007=CONICAL_SURFACE('',#5006,2.200000290107E0,4.500000095695E1);
#5008=ORIENTED_EDGE('',*,*,#4952,.F.);
#5009=ORIENTED_EDGE('',*,*,#4966,.T.);
#5010=ORIENTED_EDGE('',*,*,#4993,.T.);
#5011=ORIENTED_EDGE('',*,*,#4991,.T.);
#5013=ORIENTED_EDGE('',*,*,#5012,.F.);
#5014=EDGE_LOOP('',(#5008,#5009,#5010,#5011,#5013));
#5015=FACE_OUTER_BOUND('',#5014,.F.);
#5016=ADVANCED_FACE('',(#5015),#5007,.T.);
#5017=CARTESIAN_POINT('',(0.E0,-1.268E1,1.8E0));
#5018=DIRECTION('',(0.E0,-7.071067811865E-1,7.071067811865E-1));
#5019=DIRECTION('',(0.E0,7.071067811865E-1,7.071067811865E-1));
#5020=AXIS2_PLACEMENT_3D('',#5017,#5018,#5019);
#5021=PLANE('',#5020);
#5022=ORIENTED_EDGE('',*,*,#4954,.F.);
#5023=ORIENTED_EDGE('',*,*,#5012,.T.);
#5025=ORIENTED_EDGE('',*,*,#5024,.T.);
#5026=ORIENTED_EDGE('',*,*,#4935,.F.);
#5027=EDGE_LOOP('',(#5022,#5023,#5025,#5026));
#5028=FACE_OUTER_BOUND('',#5027,.F.);
#5029=ADVANCED_FACE('',(#5028),#5021,.T.);
#5030=CARTESIAN_POINT('',(1.296148139682E0,-8.73E0,1.9E0));
#5031=DIRECTION('',(0.E0,0.E0,1.E0));
#5032=DIRECTION('',(-1.E0,0.E0,0.E0));
#5033=AXIS2_PLACEMENT_3D('',#5030,#5031,#5032);
#5034=PLANE('',#5033);
#5035=ORIENTED_EDGE('',*,*,#5024,.F.);
#5036=ORIENTED_EDGE('',*,*,#4998,.F.);
#5037=ORIENTED_EDGE('',*,*,#4873,.T.);
#5038=ORIENTED_EDGE('',*,*,#4919,.F.);
#5039=EDGE_LOOP('',(#5035,#5036,#5037,#5038));
#5040=FACE_OUTER_BOUND('',#5039,.F.);
#5041=ADVANCED_FACE('',(#5040),#5034,.T.);
#5042=CARTESIAN_POINT('',(8.882119672276E-1,-1.375870876462E1,0.E0));
#5043=DIRECTION('',(2.079116908178E-1,-9.781476007338E-1,0.E0));
#5044=DIRECTION('',(9.781476007338E-1,2.079116908178E-1,0.E0));
#5045=AXIS2_PLACEMENT_3D('',#5042,#5043,#5044);
#5046=CONICAL_SURFACE('',#5045,1.025E0,3.170154515080E0);
#5048=ORIENTED_EDGE('',*,*,#5047,.T.);
#5050=ORIENTED_EDGE('',*,*,#5049,.T.);
#5052=ORIENTED_EDGE('',*,*,#5051,.F.);
#5054=ORIENTED_EDGE('',*,*,#5053,.F.);
#5055=EDGE_LOOP('',(#5048,#5050,#5052,#5054));
#5056=FACE_OUTER_BOUND('',#5055,.F.);
#5057=ADVANCED_FACE('',(#5056),#5046,.T.);
#5058=CARTESIAN_POINT('',(8.882119672276E-1,-1.375870876462E1,0.E0));
#5059=DIRECTION('',(2.079116908178E-1,-9.781476007338E-1,0.E0));
#5060=DIRECTION('',(9.781476007338E-1,2.079116908178E-1,0.E0));
#5061=AXIS2_PLACEMENT_3D('',#5058,#5059,#5060);
#5062=CONICAL_SURFACE('',#5061,1.025E0,3.170154515080E0);
#5063=ORIENTED_EDGE('',*,*,#5047,.F.);
#5065=ORIENTED_EDGE('',*,*,#5064,.F.);
#5066=ORIENTED_EDGE('',*,*,#5051,.T.);
#5068=ORIENTED_EDGE('',*,*,#5067,.T.);
#5069=EDGE_LOOP('',(#5063,#5065,#5066,#5068));
#5070=FACE_OUTER_BOUND('',#5069,.F.);
#5071=ADVANCED_FACE('',(#5070),#5062,.T.);
#5072=CARTESIAN_POINT('',(1.558955296821E0,-1.691430802875E1,0.E0));
#5073=DIRECTION('',(2.079116908178E-1,-9.781476007338E-1,0.E0));
#5074=DIRECTION('',(9.781476007338E-1,2.079116908178E-1,0.E0));
#5075=AXIS2_PLACEMENT_3D('',#5072,#5073,#5074);
#5076=SPHERICAL_SURFACE('',#5075,1.201839166959E0);
#5078=ORIENTED_EDGE('',*,*,#5077,.F.);
#5080=ORIENTED_EDGE('',*,*,#5079,.T.);
#5081=ORIENTED_EDGE('',*,*,#5064,.T.);
#5082=EDGE_LOOP('',(#5078,#5080,#5081));
#5083=FACE_OUTER_BOUND('',#5082,.F.);
#5084=ADVANCED_FACE('',(#5083),#5076,.T.);
#5085=CARTESIAN_POINT('',(1.558955296821E0,-1.691430802875E1,0.E0));
#5086=DIRECTION('',(2.079116908178E-1,-9.781476007338E-1,0.E0));
#5087=DIRECTION('',(9.781476007338E-1,2.079116908178E-1,0.E0));
#5088=AXIS2_PLACEMENT_3D('',#5085,#5086,#5087);
#5089=SPHERICAL_SURFACE('',#5088,1.201839166959E0);
#5090=ORIENTED_EDGE('',*,*,#5077,.T.);
#5091=ORIENTED_EDGE('',*,*,#5053,.T.);
#5092=ORIENTED_EDGE('',*,*,#5079,.F.);
#5093=EDGE_LOOP('',(#5090,#5091,#5092));
#5094=FACE_OUTER_BOUND('',#5093,.F.);
#5095=ADVANCED_FACE('',(#5094),#5089,.T.);
#5096=CARTESIAN_POINT('',(-3.635623626307E0,-6.43E0,2.405897674687E0));
#5097=DIRECTION('',(0.E0,0.E0,-1.E0));
#5098=DIRECTION('',(0.E0,-1.E0,0.E0));
#5099=AXIS2_PLACEMENT_3D('',#5096,#5097,#5098);
#5100=CYLINDRICAL_SURFACE('',#5099,3.E-1);
#5102=ORIENTED_EDGE('',*,*,#5101,.T.);
#5103=ORIENTED_EDGE('',*,*,#3748,.F.);
#5104=ORIENTED_EDGE('',*,*,#3145,.T.);
#5106=ORIENTED_EDGE('',*,*,#5105,.T.);
#5107=EDGE_LOOP('',(#5102,#5103,#5104,#5106));
#5108=FACE_OUTER_BOUND('',#5107,.F.);
#5109=ADVANCED_FACE('',(#5108),#5100,.T.);
#5110=CARTESIAN_POINT('',(-3.635673122225E0,-6.729999991553E0,
2.085574130389E0));
#5111=CARTESIAN_POINT('',(-3.662912156161E0,-6.729946172009E0,
2.086482103003E0));
#5112=CARTESIAN_POINT('',(-3.717038371985E0,-6.722609602485E0,
2.088285759588E0));
#5113=CARTESIAN_POINT('',(-3.793110458145E0,-6.689795501047E0,
2.090818988182E0));
#5114=CARTESIAN_POINT('',(-3.857674613457E0,-6.637340053855E0,
2.092966843046E0));
#5115=CARTESIAN_POINT('',(-3.905530994196E0,-6.569395270772E0,
2.094556407993E0));
#5116=CARTESIAN_POINT('',(-3.930195284337E0,-6.499596488877E0,
2.095373876880E0));
#5117=CARTESIAN_POINT('',(-3.935242226942E0,-6.453773818994E0,
2.095541029602E0));
#5118=CARTESIAN_POINT('',(-3.935570816056E0,-6.435234313E0,2.095551895618E0));
#5119=CARTESIAN_POINT('',(-3.515557957680E0,-6.730040993071E0,
2.205689294933E0));
#5120=CARTESIAN_POINT('',(-3.542831076968E0,-6.740893242247E0,
2.206586654128E0));
#5121=CARTESIAN_POINT('',(-3.601376463098E0,-6.755231675178E0,
2.209873693595E0));
#5122=CARTESIAN_POINT('',(-3.696977007122E0,-6.749203246259E0,
2.219143092170E0));
#5123=CARTESIAN_POINT('',(-3.791543471123E0,-6.710723650621E0,
2.232686296433E0));
#5124=CARTESIAN_POINT('',(-3.874123202011E0,-6.636572941698E0,
2.249138969289E0));
#5125=CARTESIAN_POINT('',(-3.923960166089E0,-6.538739477506E0,
2.262138474177E0));
#5126=CARTESIAN_POINT('',(-3.934865584947E0,-6.467222214470E0,
2.265118650649E0));
#5127=CARTESIAN_POINT('',(-3.935560185240E0,-6.438192666477E0,
2.265352736465E0));
#5128=CARTESIAN_POINT('',(-3.430599571697E0,-6.609958813344E0,
2.290647680916E0));
#5129=CARTESIAN_POINT('',(-3.446991086103E0,-6.628544757845E0,
2.291537533157E0));
#5130=CARTESIAN_POINT('',(-3.486990911559E0,-6.661147858559E0,
2.295873780824E0));
#5131=CARTESIAN_POINT('',(-3.565943837199E0,-6.687198525258E0,
2.309907724588E0));
#5132=CARTESIAN_POINT('',(-3.655876627684E0,-6.679603470244E0,
2.331510947719E0));
#5133=CARTESIAN_POINT('',(-3.743850436922E0,-6.628267378676E0,
2.358476411889E0));
#5134=CARTESIAN_POINT('',(-3.801613218789E0,-6.538554771296E0,
2.380092365174E0));
#5135=CARTESIAN_POINT('',(-3.814640769339E0,-6.467213812058E0,
2.385062215126E0));
#5136=CARTESIAN_POINT('',(-3.815462634370E0,-6.438188979743E0,
2.385454186035E0));
#5137=CARTESIAN_POINT('',(-3.430562837457E0,-6.440088688515E0,
2.290684415156E0));
#5138=CARTESIAN_POINT('',(-3.431530693314E0,-6.458705898115E0,
2.291574264152E0));
#5139=CARTESIAN_POINT('',(-3.440882747618E0,-6.495464783659E0,
2.295910965474E0));
#5140=CARTESIAN_POINT('',(-3.476762504471E0,-6.540097844777E0,
2.309946969329E0));
#5141=CARTESIAN_POINT('',(-3.530139064620E0,-6.562205848866E0,
2.331553677444E0));
#5142=CARTESIAN_POINT('',(-3.591017492057E0,-6.549341938425E0,
2.358523687126E0));
#5143=CARTESIAN_POINT('',(-3.634816344744E0,-6.499149726400E0,
2.380143365984E0));
#5144=CARTESIAN_POINT('',(-3.644986570651E0,-6.453753247743E0,
2.385114076230E0));
#5145=CARTESIAN_POINT('',(-3.645622403962E0,-6.435225349403E0,
2.385506115405E0));
#5146=(BOUNDED_SURFACE()B_SPLINE_SURFACE(3,3,((#5110,#5111,#5112,#5113,#5114,
#5115,#5116,#5117,#5118),(#5119,#5120,#5121,#5122,#5123,#5124,#5125,#5126,
#5127),(#5128,#5129,#5130,#5131,#5132,#5133,#5134,#5135,#5136),(#5137,#5138,
#5139,#5140,#5141,#5142,#5143,#5144,#5145)),.UNSPECIFIED.,.F.,.F.,.F.)B_SPLINE_SURFACE_WITH_KNOTS((4,4),(4,1,1,1,1,1,4),(-3.626658064568E-5,1.000000019032E0),(
0.E0,1.650985069168E-1,3.326707052423E-1,5.005270482750E-1,6.685850495993E-1,
8.352571578674E-1,9.485088173914E-1),.UNSPECIFIED.)GEOMETRIC_REPRESENTATION_ITEM()RATIONAL_B_SPLINE_SURFACE(((1.171569674287E0,1.171569674287E0,1.171569674287E0,
1.171569674287E0,1.171569674287E0,1.171569674287E0,1.171569674287E0,
1.171569674287E0,1.171569674287E0),(9.428183999431E-1,9.428183999431E-1,
9.428183999431E-1,9.428183999431E-1,9.428183999431E-1,9.428183999431E-1,
9.428183999431E-1,9.428183999431E-1,9.428183999431E-1),(9.428101088715E-1,
9.428101088715E-1,9.428101088715E-1,9.428101088715E-1,9.428101088715E-1,
9.428101088715E-1,9.428101088715E-1,9.428101088715E-1,9.428101088715E-1),(
1.171544801072E0,1.171544801072E0,1.171544801072E0,1.171544801072E0,
1.171544801072E0,1.171544801072E0,1.171544801072E0,1.171544801072E0,
1.171544801072E0)))REPRESENTATION_ITEM('')SURFACE());
#5147=ORIENTED_EDGE('',*,*,#5105,.F.);
#5149=ORIENTED_EDGE('',*,*,#5148,.F.);
#5151=ORIENTED_EDGE('',*,*,#5150,.T.);
#5152=EDGE_LOOP('',(#5147,#5149,#5151));
#5153=FACE_OUTER_BOUND('',#5152,.F.);
#5154=ADVANCED_FACE('',(#5153),#5146,.T.);
#5155=CARTESIAN_POINT('',(-3.645223199638E0,-6.453027697190E0,
2.095223199638E0));
#5156=DIRECTION('',(-1.744974916068E-2,9.996954598819E-1,1.744974916068E-2));
#5157=DIRECTION('',(-9.998476951564E-1,-1.745240643728E-2,0.E0));
#5158=AXIS2_PLACEMENT_3D('',#5155,#5156,#5157);
#5159=CYLINDRICAL_SURFACE('',#5158,2.9E-1);
#5160=ORIENTED_EDGE('',*,*,#3143,.F.);
#5162=ORIENTED_EDGE('',*,*,#5161,.T.);
#5163=ORIENTED_EDGE('',*,*,#3332,.F.);
#5164=ORIENTED_EDGE('',*,*,#5148,.T.);
#5165=EDGE_LOOP('',(#5160,#5162,#5163,#5164));
#5166=FACE_OUTER_BOUND('',#5165,.F.);
#5167=ADVANCED_FACE('',(#5166),#5159,.T.);
#5168=CARTESIAN_POINT('',(-3.76E0,1.157341561506E0,2.21E0));
#5169=DIRECTION('',(0.E0,-1.E0,0.E0));
#5170=DIRECTION('',(0.E0,0.E0,1.E0));
#5171=AXIS2_PLACEMENT_3D('',#5168,#5169,#5170);
#5172=CYLINDRICAL_SURFACE('',#5171,2.9E-1);
#5173=ORIENTED_EDGE('',*,*,#3312,.T.);
#5174=ORIENTED_EDGE('',*,*,#5161,.F.);
#5175=ORIENTED_EDGE('',*,*,#3161,.T.);
#5177=ORIENTED_EDGE('',*,*,#5176,.F.);
#5178=EDGE_LOOP('',(#5173,#5174,#5175,#5177));
#5179=FACE_OUTER_BOUND('',#5178,.F.);
#5180=ADVANCED_FACE('',(#5179),#5172,.T.);
#5181=CARTESIAN_POINT('',(-3.76E0,1.12E0,2.5E0));
#5182=CARTESIAN_POINT('',(-3.929878066912E0,1.119999999999E0,2.5E0));
#5183=CARTESIAN_POINT('',(-4.05E0,1.119999999997E0,2.379878066912E0));
#5184=CARTESIAN_POINT('',(-4.05E0,1.119999999997E0,2.21E0));
#5185=CARTESIAN_POINT('',(-3.76E0,1.130466715123E0,2.5E0));
#5186=CARTESIAN_POINT('',(-3.929878066913E0,1.308273248326E0,2.5E0));
#5187=CARTESIAN_POINT('',(-4.050000000003E0,1.434001453694E0,2.379878066912E0));
#5188=CARTESIAN_POINT('',(-4.050000000003E0,1.434001453693E0,2.21E0));
#5189=CARTESIAN_POINT('',(-3.750330015916E0,1.134472153087E0,2.5E0));
#5190=CARTESIAN_POINT('',(-3.755936262499E0,1.380322292129E0,2.5E0));
#5191=CARTESIAN_POINT('',(-3.759900477474E0,1.554164592602E0,2.379878066911E0));
#5192=CARTESIAN_POINT('',(-3.759900477474E0,1.554164592602E0,2.209999999999E0));
#5193=CARTESIAN_POINT('',(-3.742928931449E0,1.127071067073E0,2.5E0));
#5194=CARTESIAN_POINT('',(-3.622806985805E0,1.247192987605E0,2.5E0));
#5195=CARTESIAN_POINT('',(-3.537867943471E0,1.332132012183E0,2.379878066912E0));
#5196=CARTESIAN_POINT('',(-3.537867943471E0,1.332132012183E0,2.21E0));
#5197=(BOUNDED_SURFACE()B_SPLINE_SURFACE(3,3,((#5181,#5182,#5183,#5184),(#5185,
#5186,#5187,#5188),(#5189,#5190,#5191,#5192),(#5193,#5194,#5195,#5196)),
.UNSPECIFIED.,.F.,.F.,.F.)B_SPLINE_SURFACE_WITH_KNOTS((4,4),(4,4),(0.E0,1.E0),(
0.E0,1.E0),.UNSPECIFIED.)GEOMETRIC_REPRESENTATION_ITEM()RATIONAL_B_SPLINE_SURFACE(((1.694636514397E0,1.363738152116E0,1.363738152116E0,1.694636514397E0),(
9.972183288733E-1,8.024993380705E-1,8.024993380705E-1,9.972183288733E-1),(
9.972183288733E-1,8.024993380705E-1,8.024993380705E-1,9.972183288733E-1),(
1.694636514397E0,1.363738152116E0,1.363738152116E0,1.694636514397E0)))REPRESENTATION_ITEM('')SURFACE());
#5198=ORIENTED_EDGE('',*,*,#3314,.F.);
#5199=ORIENTED_EDGE('',*,*,#5176,.T.);
#5200=ORIENTED_EDGE('',*,*,#3178,.T.);
#5201=ORIENTED_EDGE('',*,*,#3295,.T.);
#5202=EDGE_LOOP('',(#5198,#5199,#5200,#5201));
#5203=FACE_OUTER_BOUND('',#5202,.F.);
#5204=ADVANCED_FACE('',(#5203),#5197,.T.);
#5205=CARTESIAN_POINT('',(3.954493591778E0,-6.43E0,2.085623626307E0));
#5206=DIRECTION('',(-1.E0,0.E0,0.E0));
#5207=DIRECTION('',(0.E0,-1.E0,0.E0));
#5208=AXIS2_PLACEMENT_3D('',#5205,#5206,#5207);
#5209=CYLINDRICAL_SURFACE('',#5208,3.E-1);
#5211=ORIENTED_EDGE('',*,*,#5210,.T.);
#5213=ORIENTED_EDGE('',*,*,#5212,.T.);
#5215=ORIENTED_EDGE('',*,*,#5214,.T.);
#5217=ORIENTED_EDGE('',*,*,#5216,.T.);
#5219=ORIENTED_EDGE('',*,*,#5218,.T.);
#5220=ORIENTED_EDGE('',*,*,#5150,.F.);
#5221=ORIENTED_EDGE('',*,*,#3330,.T.);
#5223=ORIENTED_EDGE('',*,*,#5222,.T.);
#5224=EDGE_LOOP('',(#5211,#5213,#5215,#5217,#5219,#5220,#5221,#5223));
#5225=FACE_OUTER_BOUND('',#5224,.F.);
#5226=ADVANCED_FACE('',(#5225),#5209,.T.);
#5227=CARTESIAN_POINT('',(3.635574130412E0,-6.729999991553E0,2.085673122202E0));
#5228=CARTESIAN_POINT('',(3.636482102985E0,-6.729946172021E0,2.112912154897E0));
#5229=CARTESIAN_POINT('',(3.638285759491E0,-6.722609603153E0,2.167038368336E0));
#5230=CARTESIAN_POINT('',(3.640818987994E0,-6.689795504553E0,2.243110451735E0));
#5231=CARTESIAN_POINT('',(3.642966842821E0,-6.637340061538E0,2.307674605855E0));
#5232=CARTESIAN_POINT('',(3.644556407797E0,-6.569395283265E0,2.355530987390E0));
#5233=CARTESIAN_POINT('',(3.645373876848E0,-6.499596499339E0,2.380195282370E0));
#5234=CARTESIAN_POINT('',(3.645541029631E0,-6.453773824784E0,2.385242226842E0));
#5235=CARTESIAN_POINT('',(3.645551895651E0,-6.435234313001E0,2.385570816062E0));
#5236=CARTESIAN_POINT('',(3.755689294945E0,-6.730040993052E0,1.965557957669E0));
#5237=CARTESIAN_POINT('',(3.756586654100E0,-6.740893241741E0,1.992831075708E0));
#5238=CARTESIAN_POINT('',(3.759873693355E0,-6.755231674372E0,2.051376459055E0));
#5239=CARTESIAN_POINT('',(3.769143091242E0,-6.749203247676E0,2.146976998641E0));
#5240=CARTESIAN_POINT('',(3.782686294501E0,-6.710723657348E0,2.241543459238E0));
#5241=CARTESIAN_POINT('',(3.799138966426E0,-6.636572956969E0,2.324123189308E0));
#5242=CARTESIAN_POINT('',(3.812138472888E0,-6.538739493681E0,2.373960161740E0));
#5243=CARTESIAN_POINT('',(3.815118650632E0,-6.467222223513E0,2.384865584714E0));
#5244=CARTESIAN_POINT('',(3.815352736535E0,-6.438192666473E0,2.385560185227E0));
#5245=CARTESIAN_POINT('',(3.840647680916E0,-6.609958813330E0,1.880599571697E0));
#5246=CARTESIAN_POINT('',(3.841537533119E0,-6.628544756987E0,1.896991085348E0));
#5247=CARTESIAN_POINT('',(3.845873780478E0,-6.661147856460E0,1.936990908699E0));
#5248=CARTESIAN_POINT('',(3.859907723131E0,-6.687198523811E0,2.015943829826E0));
#5249=CARTESIAN_POINT('',(3.881510944574E0,-6.679603473233E0,2.105876615823E0));
#5250=CARTESIAN_POINT('',(3.908476407135E0,-6.628267390921E0,2.193850422787E0));
#5251=CARTESIAN_POINT('',(3.930092362988E0,-6.538554787328E0,2.251613213560E0));
#5252=CARTESIAN_POINT('',(3.935062215070E0,-6.467213821086E0,2.264640769070E0));
#5253=CARTESIAN_POINT('',(3.935454186126E0,-6.438188979735E0,2.265462634359E0));
#5254=CARTESIAN_POINT('',(3.840684415156E0,-6.440088688515E0,1.880562837457E0));
#5255=CARTESIAN_POINT('',(3.841574264114E0,-6.458705897268E0,1.881530693263E0));
#5256=CARTESIAN_POINT('',(3.845910965128E0,-6.495464781202E0,1.890882746815E0));
#5257=CARTESIAN_POINT('',(3.859946967872E0,-6.540097841364E0,1.926762500725E0));
#5258=CARTESIAN_POINT('',(3.881553674298E0,-6.562205847524E0,1.980139057068E0));
#5259=CARTESIAN_POINT('',(3.908523682372E0,-6.549341943611E0,2.041017481785E0));
#5260=CARTESIAN_POINT('',(3.930143363798E0,-6.499149736516E0,2.084816340645E0));
#5261=CARTESIAN_POINT('',(3.935114076174E0,-6.453753253496E0,2.094986570454E0));
#5262=CARTESIAN_POINT('',(3.935506115496E0,-6.435225349395E0,2.095622403963E0));
#5263=(BOUNDED_SURFACE()B_SPLINE_SURFACE(3,3,((#5227,#5228,#5229,#5230,#5231,
#5232,#5233,#5234,#5235),(#5236,#5237,#5238,#5239,#5240,#5241,#5242,#5243,
#5244),(#5245,#5246,#5247,#5248,#5249,#5250,#5251,#5252,#5253),(#5254,#5255,
#5256,#5257,#5258,#5259,#5260,#5261,#5262)),.UNSPECIFIED.,.F.,.F.,.F.)B_SPLINE_SURFACE_WITH_KNOTS((4,4),(4,1,1,1,1,1,4),(-3.626658804468E-5,1.000000019031E0),(
0.E0,1.650985065494E-1,3.326707045867E-1,5.005270480021E-1,6.685850495036E-1,
8.352571580173E-1,9.485088578477E-1),.UNSPECIFIED.)GEOMETRIC_REPRESENTATION_ITEM()RATIONAL_B_SPLINE_SURFACE(((1.171569674262E0,1.171569674262E0,1.171569674262E0,
1.171569674262E0,1.171569674262E0,1.171569674262E0,1.171569674262E0,
1.171569674262E0,1.171569674262E0),(9.428183999533E-1,9.428183999533E-1,
9.428183999533E-1,9.428183999533E-1,9.428183999533E-1,9.428183999533E-1,
9.428183999533E-1,9.428183999533E-1,9.428183999533E-1),(9.428101088798E-1,
9.428101088798E-1,9.428101088798E-1,9.428101088798E-1,9.428101088798E-1,
9.428101088798E-1,9.428101088798E-1,9.428101088798E-1,9.428101088798E-1),(
1.171544801042E0,1.171544801042E0,1.171544801042E0,1.171544801042E0,
1.171544801042E0,1.171544801042E0,1.171544801042E0,1.171544801042E0,
1.171544801042E0)))REPRESENTATION_ITEM('')SURFACE());
#5264=ORIENTED_EDGE('',*,*,#5222,.F.);
#5266=ORIENTED_EDGE('',*,*,#5265,.F.);
#5268=ORIENTED_EDGE('',*,*,#5267,.T.);
#5269=EDGE_LOOP('',(#5264,#5266,#5268));
#5270=FACE_OUTER_BOUND('',#5269,.F.);
#5271=ADVANCED_FACE('',(#5270),#5263,.T.);
#5272=CARTESIAN_POINT('',(3.645223199969E0,-6.453027678246E0,2.095223199969E0));
#5273=DIRECTION('',(1.744974916068E-2,9.996954598819E-1,1.744974916068E-2));
#5274=DIRECTION('',(0.E0,-1.745240643728E-2,9.998476951564E-1));
#5275=AXIS2_PLACEMENT_3D('',#5272,#5273,#5274);
#5276=CYLINDRICAL_SURFACE('',#5275,2.9E-1);
#5277=ORIENTED_EDGE('',*,*,#3328,.F.);
#5279=ORIENTED_EDGE('',*,*,#5278,.F.);
#5281=ORIENTED_EDGE('',*,*,#5280,.F.);
#5282=ORIENTED_EDGE('',*,*,#5265,.T.);
#5283=EDGE_LOOP('',(#5277,#5279,#5281,#5282));
#5284=FACE_OUTER_BOUND('',#5283,.F.);
#5285=ADVANCED_FACE('',(#5284),#5276,.T.);
#5286=CARTESIAN_POINT('',(3.76E0,9.324981824895E-2,2.21E0));
#5287=DIRECTION('',(0.E0,1.E0,0.E0));
#5288=DIRECTION('',(0.E0,0.E0,1.E0));
#5289=AXIS2_PLACEMENT_3D('',#5286,#5287,#5288);
#5290=CYLINDRICAL_SURFACE('',#5289,2.9E-1);
#5291=ORIENTED_EDGE('',*,*,#3375,.T.);
#5292=ORIENTED_EDGE('',*,*,#3402,.F.);
#5294=ORIENTED_EDGE('',*,*,#5293,.T.);
#5295=ORIENTED_EDGE('',*,*,#5278,.T.);
#5296=EDGE_LOOP('',(#5291,#5292,#5294,#5295));
#5297=FACE_OUTER_BOUND('',#5296,.F.);
#5298=ADVANCED_FACE('',(#5297),#5290,.T.);
#5299=CARTESIAN_POINT('',(4.05E0,1.12E0,2.5E0));
#5300=DIRECTION('',(1.E0,0.E0,0.E0));
#5301=DIRECTION('',(0.E0,-1.E0,0.E0));
#5302=AXIS2_PLACEMENT_3D('',#5299,#5300,#5301);
#5303=PLANE('',#5302);
#5304=ORIENTED_EDGE('',*,*,#3414,.F.);
#5306=ORIENTED_EDGE('',*,*,#5305,.F.);
#5308=ORIENTED_EDGE('',*,*,#5307,.T.);
#5309=ORIENTED_EDGE('',*,*,#5293,.F.);
#5310=EDGE_LOOP('',(#5304,#5306,#5308,#5309));
#5311=FACE_OUTER_BOUND('',#5310,.F.);
#5312=ADVANCED_FACE('',(#5311),#5303,.T.);
#5313=CARTESIAN_POINT('',(3.76E0,1.146286566638E0,2.19E0));
#5314=DIRECTION('',(0.E0,-1.E0,0.E0));
#5315=DIRECTION('',(0.E0,0.E0,-1.E0));
#5316=AXIS2_PLACEMENT_3D('',#5313,#5314,#5315);
#5317=CYLINDRICAL_SURFACE('',#5316,2.9E-1);
#5318=ORIENTED_EDGE('',*,*,#3441,.F.);
#5319=ORIENTED_EDGE('',*,*,#3459,.T.);
#5320=ORIENTED_EDGE('',*,*,#3502,.T.);
#5321=ORIENTED_EDGE('',*,*,#5305,.T.);
#5322=EDGE_LOOP('',(#5318,#5319,#5320,#5321));
#5323=FACE_OUTER_BOUND('',#5322,.F.);
#5324=ADVANCED_FACE('',(#5323),#5317,.T.);
#5325=CARTESIAN_POINT('',(4.05E0,1.2E-1,-2.695290552767E0));
#5326=DIRECTION('',(9.998476951564E-1,-1.745240643728E-2,0.E0));
#5327=DIRECTION('',(0.E0,0.E0,-1.E0));
#5328=AXIS2_PLACEMENT_3D('',#5325,#5326,#5327);
#5329=PLANE('',#5328);
#5330=ORIENTED_EDGE('',*,*,#3500,.F.);
#5332=ORIENTED_EDGE('',*,*,#5331,.F.);
#5334=ORIENTED_EDGE('',*,*,#5333,.T.);
#5336=ORIENTED_EDGE('',*,*,#5335,.F.);
#5337=ORIENTED_EDGE('',*,*,#5280,.T.);
#5338=ORIENTED_EDGE('',*,*,#5307,.F.);
#5339=EDGE_LOOP('',(#5330,#5332,#5334,#5336,#5337,#5338));
#5340=FACE_OUTER_BOUND('',#5339,.F.);
#5341=ADVANCED_FACE('',(#5340),#5329,.T.);
#5342=CARTESIAN_POINT('',(4.05E0,1.12E0,-2.5E0));
#5343=DIRECTION('',(-1.E0,0.E0,0.E0));
#5344=DIRECTION('',(0.E0,-1.E0,0.E0));
#5345=AXIS2_PLACEMENT_3D('',#5342,#5343,#5344);
#5346=PLANE('',#5345);
#5348=ORIENTED_EDGE('',*,*,#5347,.F.);
#5350=ORIENTED_EDGE('',*,*,#5349,.F.);
#5351=ORIENTED_EDGE('',*,*,#5331,.T.);
#5353=ORIENTED_EDGE('',*,*,#5352,.F.);
#5354=EDGE_LOOP('',(#5348,#5350,#5351,#5353));
#5355=FACE_OUTER_BOUND('',#5354,.F.);
#5356=ADVANCED_FACE('',(#5355),#5346,.F.);
#5357=CARTESIAN_POINT('',(3.75E0,1.12E0,-2.5E0));
#5358=DIRECTION('',(0.E0,0.E0,-1.E0));
#5359=DIRECTION('',(1.E0,0.E0,0.E0));
#5360=AXIS2_PLACEMENT_3D('',#5357,#5358,#5359);
#5361=CYLINDRICAL_SURFACE('',#5360,3.E-1);
#5363=ORIENTED_EDGE('',*,*,#5362,.F.);
#5365=ORIENTED_EDGE('',*,*,#5364,.T.);
#5367=ORIENTED_EDGE('',*,*,#5366,.F.);
#5368=ORIENTED_EDGE('',*,*,#5347,.T.);
#5369=EDGE_LOOP('',(#5363,#5365,#5367,#5368));
#5370=FACE_OUTER_BOUND('',#5369,.F.);
#5371=ADVANCED_FACE('',(#5370),#5361,.T.);
#5372=CARTESIAN_POINT('',(3.742928932188E0,1.127071067812E0,-1.9E0));
#5373=CARTESIAN_POINT('',(3.622806999095E0,1.247193000895E0,-1.9E0));
#5374=CARTESIAN_POINT('',(3.537867965636E0,1.332132034348E0,-2.020121933088E0));
#5375=CARTESIAN_POINT('',(3.537867965636E0,1.332132034347E0,-2.19E0));
#5376=CARTESIAN_POINT('',(3.750330017428E0,1.134472153052E0,-1.9E0));
#5377=CARTESIAN_POINT('',(3.755936289702E0,1.380322291512E0,-1.9E0));
#5378=CARTESIAN_POINT('',(3.759900522843E0,1.554164591572E0,-2.020121933088E0));
#5379=CARTESIAN_POINT('',(3.759900522843E0,1.554164591572E0,-2.19E0));
#5380=CARTESIAN_POINT('',(3.760000001094E0,1.130466714078E0,-1.9E0));
#5381=CARTESIAN_POINT('',(3.929878086591E0,1.308273229531E0,-1.9E0));
#5382=CARTESIAN_POINT('',(4.050000032821E0,1.434001422346E0,-2.020121933089E0));
#5383=CARTESIAN_POINT('',(4.050000032820E0,1.434001422346E0,-2.190000000001E0));
#5384=CARTESIAN_POINT('',(3.76E0,1.119999998955E0,-1.9E0));
#5385=CARTESIAN_POINT('',(3.929878066912E0,1.119999981199E0,-1.9E0));
#5386=CARTESIAN_POINT('',(4.05E0,1.119999968643E0,-2.020121933088E0));
#5387=CARTESIAN_POINT('',(4.05E0,1.119999968643E0,-2.19E0));
#5388=(BOUNDED_SURFACE()B_SPLINE_SURFACE(3,3,((#5372,#5373,#5374,#5375),(#5376,
#5377,#5378,#5379),(#5380,#5381,#5382,#5383),(#5384,#5385,#5386,#5387)),
.UNSPECIFIED.,.F.,.F.,.F.)B_SPLINE_SURFACE_WITH_KNOTS((4,4),(4,4),(0.E0,1.E0),(
0.E0,1.E0),.UNSPECIFIED.)GEOMETRIC_REPRESENTATION_ITEM()RATIONAL_B_SPLINE_SURFACE(((1.694636514415E0,1.363738152130E0,1.363738152130E0,1.694636514415E0),(
9.972183288674E-1,8.024993380658E-1,8.024993380658E-1,9.972183288674E-1),(
9.972183288674E-1,8.024993380658E-1,8.024993380658E-1,9.972183288674E-1),(
1.694636514415E0,1.363738152130E0,1.363738152130E0,1.694636514415E0)))REPRESENTATION_ITEM('')SURFACE());
#5389=ORIENTED_EDGE('',*,*,#3516,.F.);
#5390=ORIENTED_EDGE('',*,*,#3536,.T.);
#5391=ORIENTED_EDGE('',*,*,#5362,.T.);
#5393=ORIENTED_EDGE('',*,*,#5392,.T.);
#5394=EDGE_LOOP('',(#5389,#5390,#5391,#5393));
#5395=FACE_OUTER_BOUND('',#5394,.F.);
#5396=ADVANCED_FACE('',(#5395),#5388,.T.);
#5397=CARTESIAN_POINT('',(3.76E0,9.324978236485E-2,-2.19E0));
#5398=DIRECTION('',(0.E0,1.E0,0.E0));
#5399=DIRECTION('',(0.E0,0.E0,1.E0));
#5400=AXIS2_PLACEMENT_3D('',#5397,#5398,#5399);
#5401=CYLINDRICAL_SURFACE('',#5400,2.9E-1);
#5402=ORIENTED_EDGE('',*,*,#5392,.F.);
#5403=ORIENTED_EDGE('',*,*,#5352,.T.);
#5404=ORIENTED_EDGE('',*,*,#3498,.F.);
#5405=ORIENTED_EDGE('',*,*,#3518,.T.);
#5406=EDGE_LOOP('',(#5402,#5403,#5404,#5405));
#5407=FACE_OUTER_BOUND('',#5406,.F.);
#5408=ADVANCED_FACE('',(#5407),#5401,.T.);
#5409=CARTESIAN_POINT('',(2.325735931288E0,1.2E-1,-2.5E0));
#5410=DIRECTION('',(7.071067811865E-1,-7.071067811865E-1,0.E0));
#5411=DIRECTION('',(7.071067811865E-1,7.071067811865E-1,0.E0));
#5412=AXIS2_PLACEMENT_3D('',#5409,#5410,#5411);
#5413=PLANE('',#5412);
#5414=ORIENTED_EDGE('',*,*,#3534,.F.);
#5415=ORIENTED_EDGE('',*,*,#3554,.F.);
#5417=ORIENTED_EDGE('',*,*,#5416,.F.);
#5418=ORIENTED_EDGE('',*,*,#5364,.F.);
#5419=EDGE_LOOP('',(#5414,#5415,#5417,#5418));
#5420=FACE_OUTER_BOUND('',#5419,.F.);
#5421=ADVANCED_FACE('',(#5420),#5413,.F.);
#5422=CARTESIAN_POINT('',(2.709107646741E0,9.324978236485E-2,-2.21E0));
#5423=DIRECTION('',(7.071067811865E-1,7.071067811865E-1,0.E0));
#5424=DIRECTION('',(0.E0,0.E0,-1.E0));
#5425=AXIS2_PLACEMENT_3D('',#5422,#5423,#5424);
#5426=CYLINDRICAL_SURFACE('',#5425,2.9E-1);
#5428=ORIENTED_EDGE('',*,*,#5427,.F.);
#5430=ORIENTED_EDGE('',*,*,#5429,.F.);
#5431=ORIENTED_EDGE('',*,*,#5416,.T.);
#5432=ORIENTED_EDGE('',*,*,#3552,.F.);
#5433=ORIENTED_EDGE('',*,*,#3672,.T.);
#5434=EDGE_LOOP('',(#5428,#5430,#5431,#5432,#5433));
#5435=FACE_OUTER_BOUND('',#5434,.F.);
#5436=ADVANCED_FACE('',(#5435),#5426,.T.);
#5437=CARTESIAN_POINT('',(0.E0,4.2E-1,-2.5E0));
#5438=DIRECTION('',(0.E0,0.E0,-1.E0));
#5439=DIRECTION('',(1.E0,0.E0,0.E0));
#5440=AXIS2_PLACEMENT_3D('',#5437,#5438,#5439);
#5441=PLANE('',#5440);
#5442=ORIENTED_EDGE('',*,*,#5427,.T.);
#5443=ORIENTED_EDGE('',*,*,#3690,.T.);
#5445=ORIENTED_EDGE('',*,*,#5444,.F.);
#5447=ORIENTED_EDGE('',*,*,#5446,.T.);
#5448=EDGE_LOOP('',(#5442,#5443,#5445,#5447));
#5449=FACE_OUTER_BOUND('',#5448,.F.);
#5450=ADVANCED_FACE('',(#5449),#5441,.T.);
#5451=CARTESIAN_POINT('',(3.76E0,1.146286601900E0,-2.21E0));
#5452=DIRECTION('',(0.E0,-1.E0,0.E0));
#5453=DIRECTION('',(0.E0,0.E0,-1.E0));
#5454=AXIS2_PLACEMENT_3D('',#5451,#5452,#5453);
#5455=CYLINDRICAL_SURFACE('',#5454,2.9E-1);
#5456=ORIENTED_EDGE('',*,*,#5444,.T.);
#5458=ORIENTED_EDGE('',*,*,#5457,.F.);
#5459=ORIENTED_EDGE('',*,*,#5349,.T.);
#5461=ORIENTED_EDGE('',*,*,#5460,.F.);
#5462=EDGE_LOOP('',(#5456,#5458,#5459,#5461));
#5463=FACE_OUTER_BOUND('',#5462,.F.);
#5464=ADVANCED_FACE('',(#5463),#5455,.T.);
#5465=CARTESIAN_POINT('',(3.645223199433E0,-6.453027708903E0,
-2.095223199433E0));
#5466=DIRECTION('',(1.744974916068E-2,9.996954598819E-1,-1.744974916068E-2));
#5467=DIRECTION('',(9.998476951564E-1,-1.745240643728E-2,0.E0));
#5468=AXIS2_PLACEMENT_3D('',#5465,#5466,#5467);
#5469=CYLINDRICAL_SURFACE('',#5468,2.9E-1);
#5470=ORIENTED_EDGE('',*,*,#5333,.F.);
#5471=ORIENTED_EDGE('',*,*,#5457,.T.);
#5472=ORIENTED_EDGE('',*,*,#3688,.F.);
#5474=ORIENTED_EDGE('',*,*,#5473,.T.);
#5475=EDGE_LOOP('',(#5470,#5471,#5472,#5474));
#5476=FACE_OUTER_BOUND('',#5475,.F.);
#5477=ADVANCED_FACE('',(#5476),#5469,.T.);
#5478=CARTESIAN_POINT('',(3.635673122240E0,-6.729999991553E0,
-2.085574130374E0));
#5479=CARTESIAN_POINT('',(3.662912156943E0,-6.729946172002E0,
-2.086482103014E0));
#5480=CARTESIAN_POINT('',(3.717038374242E0,-6.722609602071E0,
-2.088285759648E0));
#5481=CARTESIAN_POINT('',(3.793110462109E0,-6.689795498878E0,
-2.090818988298E0));
#5482=CARTESIAN_POINT('',(3.857674618158E0,-6.637340049104E0,
-2.092966843186E0));
#5483=CARTESIAN_POINT('',(3.905530998403E0,-6.569395263046E0,
-2.094556408114E0));
#5484=CARTESIAN_POINT('',(3.930195285553E0,-6.499596482407E0,
-2.095373876901E0));
#5485=CARTESIAN_POINT('',(3.935242227003E0,-6.453773815413E0,
-2.095541029584E0));
#5486=CARTESIAN_POINT('',(3.935570816052E0,-6.435234313E0,-2.095551895597E0));
#5487=CARTESIAN_POINT('',(3.515557957689E0,-6.730040993083E0,
-2.205689294925E0));
#5488=CARTESIAN_POINT('',(3.542831077749E0,-6.740893242560E0,
-2.206586654144E0));
#5489=CARTESIAN_POINT('',(3.601376465598E0,-6.755231675676E0,
-2.209873693743E0));
#5490=CARTESIAN_POINT('',(3.696977012369E0,-6.749203245383E0,
-2.219143092744E0));
#5491=CARTESIAN_POINT('',(3.791543478474E0,-6.710723646462E0,
-2.232686297628E0));
#5492=CARTESIAN_POINT('',(3.874123209867E0,-6.636572932254E0,
-2.249138971057E0));
#5493=CARTESIAN_POINT('',(3.923960168779E0,-6.538739467505E0,
-2.262138474975E0));
#5494=CARTESIAN_POINT('',(3.934865585090E0,-6.467222208877E0,
-2.265118650659E0));
#5495=CARTESIAN_POINT('',(3.935560185247E0,-6.438192666479E0,
-2.265352736421E0));
#5496=CARTESIAN_POINT('',(3.430599571698E0,-6.609958813355E0,
-2.290647680916E0));
#5497=CARTESIAN_POINT('',(3.446991086571E0,-6.628544758376E0,
-2.291537533181E0));
#5498=CARTESIAN_POINT('',(3.486990913329E0,-6.661147859857E0,
-2.295873781037E0));
#5499=CARTESIAN_POINT('',(3.565943841760E0,-6.687198526154E0,
-2.309907725489E0));
#5500=CARTESIAN_POINT('',(3.655876635019E0,-6.679603468395E0,
-2.331510949664E0));
#5501=CARTESIAN_POINT('',(3.743850445663E0,-6.628267371104E0,
-2.358476414828E0));
#5502=CARTESIAN_POINT('',(3.801613222023E0,-6.538554761384E0,
-2.380092366524E0));
#5503=CARTESIAN_POINT('',(3.814640769505E0,-6.467213806474E0,
-2.385062215160E0));
#5504=CARTESIAN_POINT('',(3.815462634377E0,-6.438188979747E0,
-2.385454185978E0));
#5505=CARTESIAN_POINT('',(3.430562837457E0,-6.440088688516E0,
-2.290684415157E0));
#5506=CARTESIAN_POINT('',(3.431530693346E0,-6.458705898640E0,
-2.291574264175E0));
#5507=CARTESIAN_POINT('',(3.440882748115E0,-6.495464785181E0,
-2.295910965688E0));
#5508=CARTESIAN_POINT('',(3.476762506789E0,-6.540097846889E0,
-2.309946970230E0));
#5509=CARTESIAN_POINT('',(3.530139069291E0,-6.562205849698E0,
-2.331553679390E0));
#5510=CARTESIAN_POINT('',(3.591017498410E0,-6.549341935218E0,
-2.358523690066E0));
#5511=CARTESIAN_POINT('',(3.634816347280E0,-6.499149720145E0,
-2.380143367335E0));
#5512=CARTESIAN_POINT('',(3.644986570774E0,-6.453753244185E0,
-2.385114076265E0));
#5513=CARTESIAN_POINT('',(3.645622403962E0,-6.435225349407E0,
-2.385506115349E0));
#5514=(BOUNDED_SURFACE()B_SPLINE_SURFACE(3,3,((#5478,#5479,#5480,#5481,#5482,
#5483,#5484,#5485,#5486),(#5487,#5488,#5489,#5490,#5491,#5492,#5493,#5494,
#5495),(#5496,#5497,#5498,#5499,#5500,#5501,#5502,#5503,#5504),(#5505,#5506,
#5507,#5508,#5509,#5510,#5511,#5512,#5513)),.UNSPECIFIED.,.F.,.F.,.F.)B_SPLINE_SURFACE_WITH_KNOTS((4,4),(4,1,1,1,1,1,4),(-3.626657670188E-5,1.000000019030E0),(
0.E0,1.650985071461E-1,3.326707056499E-1,5.005270484457E-1,6.685850496599E-1,
8.352571577753E-1,9.485087923777E-1),.UNSPECIFIED.)GEOMETRIC_REPRESENTATION_ITEM()RATIONAL_B_SPLINE_SURFACE(((1.171569674302E0,1.171569674302E0,1.171569674302E0,
1.171569674302E0,1.171569674302E0,1.171569674302E0,1.171569674302E0,
1.171569674302E0,1.171569674302E0),(9.428183999374E-1,9.428183999374E-1,
9.428183999374E-1,9.428183999374E-1,9.428183999374E-1,9.428183999374E-1,
9.428183999374E-1,9.428183999374E-1,9.428183999374E-1),(9.428101088662E-1,
9.428101088662E-1,9.428101088662E-1,9.428101088662E-1,9.428101088662E-1,
9.428101088662E-1,9.428101088662E-1,9.428101088662E-1,9.428101088662E-1),(
1.171544801089E0,1.171544801089E0,1.171544801089E0,1.171544801089E0,
1.171544801089E0,1.171544801089E0,1.171544801089E0,1.171544801089E0,
1.171544801089E0)))REPRESENTATION_ITEM('')SURFACE());
#5516=ORIENTED_EDGE('',*,*,#5515,.F.);
#5517=ORIENTED_EDGE('',*,*,#5473,.F.);
#5518=ORIENTED_EDGE('',*,*,#3768,.T.);
#5519=EDGE_LOOP('',(#5516,#5517,#5518));
#5520=FACE_OUTER_BOUND('',#5519,.F.);
#5521=ADVANCED_FACE('',(#5520),#5514,.T.);
#5522=CARTESIAN_POINT('',(3.635623626307E0,-6.43E0,-2.404973987321E0));
#5523=DIRECTION('',(0.E0,0.E0,1.E0));
#5524=DIRECTION('',(0.E0,-1.E0,0.E0));
#5525=AXIS2_PLACEMENT_3D('',#5522,#5523,#5524);
#5526=CYLINDRICAL_SURFACE('',#5525,3.E-1);
#5528=ORIENTED_EDGE('',*,*,#5527,.T.);
#5529=ORIENTED_EDGE('',*,*,#5267,.F.);
#5530=ORIENTED_EDGE('',*,*,#5335,.T.);
#5531=ORIENTED_EDGE('',*,*,#5515,.T.);
#5532=EDGE_LOOP('',(#5528,#5529,#5530,#5531));
#5533=FACE_OUTER_BOUND('',#5532,.F.);
#5534=ADVANCED_FACE('',(#5533),#5526,.T.);
#5535=CARTESIAN_POINT('',(3.537867965629E0,1.332132034341E0,-2.21E0));
#5536=CARTESIAN_POINT('',(3.537867965630E0,1.332132034341E0,-2.379878066912E0));
#5537=CARTESIAN_POINT('',(3.622806999092E0,1.247193000891E0,-2.5E0));
#5538=CARTESIAN_POINT('',(3.742928932189E0,1.127071067811E0,-2.5E0));
#5539=CARTESIAN_POINT('',(3.759900505891E0,1.554164574634E0,-2.21E0));
#5540=CARTESIAN_POINT('',(3.759900505891E0,1.554164574634E0,-2.379878066912E0));
#5541=CARTESIAN_POINT('',(3.755936279537E0,1.380322281356E0,-2.5E0));
#5542=CARTESIAN_POINT('',(3.750330016864E0,1.134472152487E0,-2.5E0));
#5543=CARTESIAN_POINT('',(4.050000000015E0,1.434001429734E0,-2.209999999999E0));
#5544=CARTESIAN_POINT('',(4.050000000015E0,1.434001429734E0,-2.379878066911E0));
#5545=CARTESIAN_POINT('',(3.929878066921E0,1.308273233960E0,-2.5E0));
#5546=CARTESIAN_POINT('',(3.76E0,1.130466714324E0,-2.5E0));
#5547=CARTESIAN_POINT('',(4.05E0,1.119999999986E0,-2.21E0));
#5548=CARTESIAN_POINT('',(4.05E0,1.119999999986E0,-2.379878066912E0));
#5549=CARTESIAN_POINT('',(3.929878066912E0,1.119999999992E0,-2.5E0));
#5550=CARTESIAN_POINT('',(3.76E0,1.12E0,-2.5E0));
#5551=(BOUNDED_SURFACE()B_SPLINE_SURFACE(3,3,((#5535,#5536,#5537,#5538),(#5539,
#5540,#5541,#5542),(#5543,#5544,#5545,#5546),(#5547,#5548,#5549,#5550)),
.UNSPECIFIED.,.F.,.F.,.F.)B_SPLINE_SURFACE_WITH_KNOTS((4,4),(4,4),(0.E0,1.E0),(
0.E0,1.E0),.UNSPECIFIED.)GEOMETRIC_REPRESENTATION_ITEM()RATIONAL_B_SPLINE_SURFACE(((1.694636455283E0,1.363738104544E0,1.363738104544E0,1.694636455283E0),(
9.972183485782E-1,8.024993539277E-1,8.024993539277E-1,9.972183485782E-1),(
9.972183485782E-1,8.024993539277E-1,8.024993539277E-1,9.972183485782E-1),(
1.694636455283E0,1.363738104544E0,1.363738104544E0,1.694636455283E0)))REPRESENTATION_ITEM('')SURFACE());
#5552=ORIENTED_EDGE('',*,*,#5446,.F.);
#5553=ORIENTED_EDGE('',*,*,#5460,.T.);
#5554=ORIENTED_EDGE('',*,*,#5366,.T.);
#5555=ORIENTED_EDGE('',*,*,#5429,.T.);
#5556=EDGE_LOOP('',(#5552,#5553,#5554,#5555));
#5557=FACE_OUTER_BOUND('',#5556,.F.);
#5558=ADVANCED_FACE('',(#5557),#5551,.T.);
#5559=CARTESIAN_POINT('',(-4.05E0,1.12E0,-2.21E0));
#5560=CARTESIAN_POINT('',(-4.05E0,1.12E0,-2.379878066912E0));
#5561=CARTESIAN_POINT('',(-3.929878066912E0,1.12E0,-2.5E0));
#5562=CARTESIAN_POINT('',(-3.76E0,1.12E0,-2.5E0));
#5563=CARTESIAN_POINT('',(-4.05E0,1.434001429721E0,-2.21E0));
#5564=CARTESIAN_POINT('',(-4.05E0,1.434001429721E0,-2.379878066912E0));
#5565=CARTESIAN_POINT('',(-3.929878066912E0,1.308273233952E0,-2.5E0));
#5566=CARTESIAN_POINT('',(-3.76E0,1.130466714324E0,-2.5E0));
#5567=CARTESIAN_POINT('',(-3.759900505901E0,1.554164574613E0,-2.21E0));
#5568=CARTESIAN_POINT('',(-3.759900505901E0,1.554164574614E0,
-2.379878066912E0));
#5569=CARTESIAN_POINT('',(-3.755936279543E0,1.380322281344E0,-2.5E0));
#5570=CARTESIAN_POINT('',(-3.750330016863E0,1.134472152487E0,-2.5E0));
#5571=CARTESIAN_POINT('',(-3.537867965644E0,1.332132034356E0,-2.21E0));
#5572=CARTESIAN_POINT('',(-3.537867965644E0,1.332132034356E0,
-2.379878066912E0));
#5573=CARTESIAN_POINT('',(-3.622806999100E0,1.247193000900E0,-2.5E0));
#5574=CARTESIAN_POINT('',(-3.742928932188E0,1.127071067812E0,-2.5E0));
#5575=(BOUNDED_SURFACE()B_SPLINE_SURFACE(3,3,((#5559,#5560,#5561,#5562),(#5563,
#5564,#5565,#5566),(#5567,#5568,#5569,#5570),(#5571,#5572,#5573,#5574)),
.UNSPECIFIED.,.F.,.F.,.F.)B_SPLINE_SURFACE_WITH_KNOTS((4,4),(4,4),(0.E0,1.E0),(
0.E0,1.E0),.UNSPECIFIED.)GEOMETRIC_REPRESENTATION_ITEM()RATIONAL_B_SPLINE_SURFACE(((1.694636455215E0,1.363738104490E0,1.363738104490E0,1.694636455215E0),(
9.972183486004E-1,8.024993539460E-1,8.024993539460E-1,9.972183486004E-1),(
9.972183486004E-1,8.024993539460E-1,8.024993539460E-1,9.972183486004E-1),(
1.694636455215E0,1.363738104490E0,1.363738104490E0,1.694636455215E0)))REPRESENTATION_ITEM('')SURFACE());
#5576=ORIENTED_EDGE('',*,*,#3640,.F.);
#5577=ORIENTED_EDGE('',*,*,#3658,.T.);
#5578=ORIENTED_EDGE('',*,*,#3599,.T.);
#5579=ORIENTED_EDGE('',*,*,#3625,.T.);
#5580=EDGE_LOOP('',(#5576,#5577,#5578,#5579));
#5581=FACE_OUTER_BOUND('',#5580,.F.);
#5582=ADVANCED_FACE('',(#5581),#5575,.T.);
#5583=CARTESIAN_POINT('',(-2.5E-1,-1.2E0,0.E0));
#5584=DIRECTION('',(1.E0,0.E0,0.E0));
#5585=DIRECTION('',(0.E0,0.E0,1.E0));
#5586=AXIS2_PLACEMENT_3D('',#5583,#5584,#5585);
#5587=PLANE('',#5586);
#5589=ORIENTED_EDGE('',*,*,#5588,.T.);
#5591=ORIENTED_EDGE('',*,*,#5590,.T.);
#5593=ORIENTED_EDGE('',*,*,#5592,.T.);
#5595=ORIENTED_EDGE('',*,*,#5594,.T.);
#5597=ORIENTED_EDGE('',*,*,#5596,.T.);
#5599=ORIENTED_EDGE('',*,*,#5598,.F.);
#5601=ORIENTED_EDGE('',*,*,#5600,.T.);
#5603=ORIENTED_EDGE('',*,*,#5602,.T.);
#5605=ORIENTED_EDGE('',*,*,#5604,.F.);
#5607=ORIENTED_EDGE('',*,*,#5606,.T.);
#5609=ORIENTED_EDGE('',*,*,#5608,.F.);
#5611=ORIENTED_EDGE('',*,*,#5610,.T.);
#5613=ORIENTED_EDGE('',*,*,#5612,.T.);
#5614=EDGE_LOOP('',(#5589,#5591,#5593,#5595,#5597,#5599,#5601,#5603,#5605,#5607,
#5609,#5611,#5613));
#5615=FACE_OUTER_BOUND('',#5614,.F.);
#5616=ADVANCED_FACE('',(#5615),#5587,.F.);
#5617=CARTESIAN_POINT('',(2.5E-1,-1.2E0,0.E0));
#5618=DIRECTION('',(1.E0,0.E0,0.E0));
#5619=DIRECTION('',(0.E0,0.E0,1.E0));
#5620=AXIS2_PLACEMENT_3D('',#5617,#5618,#5619);
#5621=PLANE('',#5620);
#5623=ORIENTED_EDGE('',*,*,#5622,.T.);
#5625=ORIENTED_EDGE('',*,*,#5624,.T.);
#5627=ORIENTED_EDGE('',*,*,#5626,.T.);
#5629=ORIENTED_EDGE('',*,*,#5628,.T.);
#5631=ORIENTED_EDGE('',*,*,#5630,.T.);
#5633=ORIENTED_EDGE('',*,*,#5632,.T.);
#5635=ORIENTED_EDGE('',*,*,#5634,.T.);
#5637=ORIENTED_EDGE('',*,*,#5636,.T.);
#5639=ORIENTED_EDGE('',*,*,#5638,.T.);
#5641=ORIENTED_EDGE('',*,*,#5640,.T.);
#5643=ORIENTED_EDGE('',*,*,#5642,.F.);
#5645=ORIENTED_EDGE('',*,*,#5644,.T.);
#5647=ORIENTED_EDGE('',*,*,#5646,.T.);
#5648=EDGE_LOOP('',(#5623,#5625,#5627,#5629,#5631,#5633,#5635,#5637,#5639,#5641,
#5643,#5645,#5647));
#5649=FACE_OUTER_BOUND('',#5648,.F.);
#5650=ADVANCED_FACE('',(#5649),#5621,.T.);
#5651=CARTESIAN_POINT('',(-2.5E-1,1.8E0,3.5E-1));
#5652=DIRECTION('',(0.E0,0.E0,1.E0));
#5653=DIRECTION('',(0.E0,-1.E0,0.E0));
#5654=AXIS2_PLACEMENT_3D('',#5651,#5652,#5653);
#5655=PLANE('',#5654);
#5657=ORIENTED_EDGE('',*,*,#5656,.F.);
#5658=ORIENTED_EDGE('',*,*,#5628,.F.);
#5660=ORIENTED_EDGE('',*,*,#5659,.T.);
#5661=ORIENTED_EDGE('',*,*,#5608,.T.);
#5662=EDGE_LOOP('',(#5657,#5658,#5660,#5661));
#5663=FACE_OUTER_BOUND('',#5662,.F.);
#5664=ADVANCED_FACE('',(#5663),#5655,.T.);
#5665=CARTESIAN_POINT('',(2.632586492772E-1,6.E-1,-8.5E-1));
#5666=DIRECTION('',(-1.E0,0.E0,0.E0));
#5667=DIRECTION('',(0.E0,0.E0,1.E0));
#5668=AXIS2_PLACEMENT_3D('',#5665,#5666,#5667);
#5669=CYLINDRICAL_SURFACE('',#5668,1.2E0);
#5670=ORIENTED_EDGE('',*,*,#5606,.F.);
#5672=ORIENTED_EDGE('',*,*,#5671,.T.);
#5673=ORIENTED_EDGE('',*,*,#5630,.F.);
#5674=ORIENTED_EDGE('',*,*,#5656,.T.);
#5675=EDGE_LOOP('',(#5670,#5672,#5673,#5674));
#5676=FACE_OUTER_BOUND('',#5675,.F.);
#5677=ADVANCED_FACE('',(#5676),#5669,.T.);
#5678=CARTESIAN_POINT('',(-2.5E-1,1.8E0,0.E0));
#5679=DIRECTION('',(0.E0,1.E0,0.E0));
#5680=DIRECTION('',(0.E0,0.E0,1.E0));
#5681=AXIS2_PLACEMENT_3D('',#5678,#5679,#5680);
#5682=PLANE('',#5681);
#5683=ORIENTED_EDGE('',*,*,#5671,.F.);
#5684=ORIENTED_EDGE('',*,*,#5604,.T.);
#5686=ORIENTED_EDGE('',*,*,#5685,.F.);
#5687=ORIENTED_EDGE('',*,*,#5632,.F.);
#5688=EDGE_LOOP('',(#5683,#5684,#5686,#5687));
#5689=FACE_OUTER_BOUND('',#5688,.F.);
#5690=ADVANCED_FACE('',(#5689),#5682,.T.);
#5691=CARTESIAN_POINT('',(2.5E-1,1.45E0,-6.E0));
#5692=DIRECTION('',(1.E0,0.E0,0.E0));
#5693=DIRECTION('',(0.E0,0.E0,1.E0));
#5694=AXIS2_PLACEMENT_3D('',#5691,#5692,#5693);
#5695=CYLINDRICAL_SURFACE('',#5694,3.5E-1);
#5696=ORIENTED_EDGE('',*,*,#5636,.F.);
#5697=ORIENTED_EDGE('',*,*,#5634,.F.);
#5698=ORIENTED_EDGE('',*,*,#5685,.T.);
#5699=ORIENTED_EDGE('',*,*,#5602,.F.);
#5700=ORIENTED_EDGE('',*,*,#5600,.F.);
#5702=ORIENTED_EDGE('',*,*,#5701,.T.);
#5703=EDGE_LOOP('',(#5696,#5697,#5698,#5699,#5700,#5702));
#5704=FACE_OUTER_BOUND('',#5703,.F.);
#5705=ADVANCED_FACE('',(#5704),#5695,.T.);
#5706=CARTESIAN_POINT('',(2.5E-1,1.1E0,-3.5E-1));
#5707=DIRECTION('',(0.E0,-1.E0,0.E0));
#5708=DIRECTION('',(0.E0,0.E0,-1.E0));
#5709=AXIS2_PLACEMENT_3D('',#5706,#5707,#5708);
#5710=PLANE('',#5709);
#5712=ORIENTED_EDGE('',*,*,#5711,.F.);
#5713=ORIENTED_EDGE('',*,*,#5638,.F.);
#5714=ORIENTED_EDGE('',*,*,#5701,.F.);
#5715=ORIENTED_EDGE('',*,*,#5598,.T.);
#5716=EDGE_LOOP('',(#5712,#5713,#5714,#5715));
#5717=FACE_OUTER_BOUND('',#5716,.F.);
#5718=ADVANCED_FACE('',(#5717),#5710,.T.);
#5719=CARTESIAN_POINT('',(2.632586492772E-1,6.E-1,-8.5E-1));
#5720=DIRECTION('',(-1.E0,0.E0,0.E0));
#5721=DIRECTION('',(0.E0,0.E0,1.E0));
#5722=AXIS2_PLACEMENT_3D('',#5719,#5720,#5721);
#5723=CYLINDRICAL_SURFACE('',#5722,5.E-1);
#5725=ORIENTED_EDGE('',*,*,#5724,.T.);
#5726=ORIENTED_EDGE('',*,*,#5640,.F.);
#5727=ORIENTED_EDGE('',*,*,#5711,.T.);
#5728=ORIENTED_EDGE('',*,*,#5596,.F.);
#5729=EDGE_LOOP('',(#5725,#5726,#5727,#5728));
#5730=FACE_OUTER_BOUND('',#5729,.F.);
#5731=ADVANCED_FACE('',(#5730),#5723,.F.);
#5732=CARTESIAN_POINT('',(-2.5E-1,1.8E0,-3.5E-1));
#5733=DIRECTION('',(0.E0,0.E0,1.E0));
#5734=DIRECTION('',(0.E0,-1.E0,0.E0));
#5735=AXIS2_PLACEMENT_3D('',#5732,#5733,#5734);
#5736=PLANE('',#5735);
#5737=ORIENTED_EDGE('',*,*,#5724,.F.);
#5738=ORIENTED_EDGE('',*,*,#5594,.F.);
#5740=ORIENTED_EDGE('',*,*,#5739,.T.);
#5741=ORIENTED_EDGE('',*,*,#5642,.T.);
#5742=EDGE_LOOP('',(#5737,#5738,#5740,#5741));
#5743=FACE_OUTER_BOUND('',#5742,.F.);
#5744=ADVANCED_FACE('',(#5743),#5736,.F.);
#5745=CARTESIAN_POINT('',(-2.79E0,-1.2E0,0.E0));
#5746=DIRECTION('',(1.E0,0.E0,0.E0));
#5747=DIRECTION('',(0.E0,0.E0,1.E0));
#5748=AXIS2_PLACEMENT_3D('',#5745,#5746,#5747);
#5749=PLANE('',#5748);
#5751=ORIENTED_EDGE('',*,*,#5750,.T.);
#5753=ORIENTED_EDGE('',*,*,#5752,.T.);
#5755=ORIENTED_EDGE('',*,*,#5754,.T.);
#5757=ORIENTED_EDGE('',*,*,#5756,.T.);
#5759=ORIENTED_EDGE('',*,*,#5758,.T.);
#5761=ORIENTED_EDGE('',*,*,#5760,.F.);
#5763=ORIENTED_EDGE('',*,*,#5762,.T.);
#5765=ORIENTED_EDGE('',*,*,#5764,.T.);
#5767=ORIENTED_EDGE('',*,*,#5766,.F.);
#5769=ORIENTED_EDGE('',*,*,#5768,.T.);
#5771=ORIENTED_EDGE('',*,*,#5770,.F.);
#5773=ORIENTED_EDGE('',*,*,#5772,.T.);
#5775=ORIENTED_EDGE('',*,*,#5774,.T.);
#5776=EDGE_LOOP('',(#5751,#5753,#5755,#5757,#5759,#5761,#5763,#5765,#5767,#5769,
#5771,#5773,#5775));
#5777=FACE_OUTER_BOUND('',#5776,.F.);
#5778=ADVANCED_FACE('',(#5777),#5749,.F.);
#5779=CARTESIAN_POINT('',(-2.29E0,-1.2E0,0.E0));
#5780=DIRECTION('',(1.E0,0.E0,0.E0));
#5781=DIRECTION('',(0.E0,0.E0,1.E0));
#5782=AXIS2_PLACEMENT_3D('',#5779,#5780,#5781);
#5783=PLANE('',#5782);
#5785=ORIENTED_EDGE('',*,*,#5784,.T.);
#5787=ORIENTED_EDGE('',*,*,#5786,.T.);
#5789=ORIENTED_EDGE('',*,*,#5788,.T.);
#5791=ORIENTED_EDGE('',*,*,#5790,.T.);
#5793=ORIENTED_EDGE('',*,*,#5792,.T.);
#5795=ORIENTED_EDGE('',*,*,#5794,.T.);
#5797=ORIENTED_EDGE('',*,*,#5796,.T.);
#5799=ORIENTED_EDGE('',*,*,#5798,.T.);
#5801=ORIENTED_EDGE('',*,*,#5800,.T.);
#5803=ORIENTED_EDGE('',*,*,#5802,.T.);
#5805=ORIENTED_EDGE('',*,*,#5804,.F.);
#5807=ORIENTED_EDGE('',*,*,#5806,.T.);
#5809=ORIENTED_EDGE('',*,*,#5808,.T.);
#5810=EDGE_LOOP('',(#5785,#5787,#5789,#5791,#5793,#5795,#5797,#5799,#5801,#5803,
#5805,#5807,#5809));
#5811=FACE_OUTER_BOUND('',#5810,.F.);
#5812=ADVANCED_FACE('',(#5811),#5783,.T.);
#5813=CARTESIAN_POINT('',(-2.79E0,1.8E0,3.5E-1));
#5814=DIRECTION('',(0.E0,0.E0,1.E0));
#5815=DIRECTION('',(0.E0,-1.E0,0.E0));
#5816=AXIS2_PLACEMENT_3D('',#5813,#5814,#5815);
#5817=PLANE('',#5816);
#5819=ORIENTED_EDGE('',*,*,#5818,.F.);
#5820=ORIENTED_EDGE('',*,*,#5790,.F.);
#5822=ORIENTED_EDGE('',*,*,#5821,.T.);
#5823=ORIENTED_EDGE('',*,*,#5770,.T.);
#5824=EDGE_LOOP('',(#5819,#5820,#5822,#5823));
#5825=FACE_OUTER_BOUND('',#5824,.F.);
#5826=ADVANCED_FACE('',(#5825),#5817,.T.);
#5827=CARTESIAN_POINT('',(-2.276741350723E0,6.E-1,-8.5E-1));
#5828=DIRECTION('',(-1.E0,0.E0,0.E0));
#5829=DIRECTION('',(0.E0,0.E0,1.E0));
#5830=AXIS2_PLACEMENT_3D('',#5827,#5828,#5829);
#5831=CYLINDRICAL_SURFACE('',#5830,1.2E0);
#5832=ORIENTED_EDGE('',*,*,#5768,.F.);
#5834=ORIENTED_EDGE('',*,*,#5833,.T.);
#5835=ORIENTED_EDGE('',*,*,#5792,.F.);
#5836=ORIENTED_EDGE('',*,*,#5818,.T.);
#5837=EDGE_LOOP('',(#5832,#5834,#5835,#5836));
#5838=FACE_OUTER_BOUND('',#5837,.F.);
#5839=ADVANCED_FACE('',(#5838),#5831,.T.);
#5840=CARTESIAN_POINT('',(-2.79E0,1.8E0,0.E0));
#5841=DIRECTION('',(0.E0,1.E0,0.E0));
#5842=DIRECTION('',(0.E0,0.E0,1.E0));
#5843=AXIS2_PLACEMENT_3D('',#5840,#5841,#5842);
#5844=PLANE('',#5843);
#5845=ORIENTED_EDGE('',*,*,#5833,.F.);
#5846=ORIENTED_EDGE('',*,*,#5766,.T.);
#5848=ORIENTED_EDGE('',*,*,#5847,.F.);
#5849=ORIENTED_EDGE('',*,*,#5794,.F.);
#5850=EDGE_LOOP('',(#5845,#5846,#5848,#5849));
#5851=FACE_OUTER_BOUND('',#5850,.F.);
#5852=ADVANCED_FACE('',(#5851),#5844,.T.);
#5853=CARTESIAN_POINT('',(-2.29E0,1.45E0,-6.E0));
#5854=DIRECTION('',(1.E0,0.E0,0.E0));
#5855=DIRECTION('',(0.E0,0.E0,1.E0));
#5856=AXIS2_PLACEMENT_3D('',#5853,#5854,#5855);
#5857=CYLINDRICAL_SURFACE('',#5856,3.5E-1);
#5858=ORIENTED_EDGE('',*,*,#5798,.F.);
#5859=ORIENTED_EDGE('',*,*,#5796,.F.);
#5860=ORIENTED_EDGE('',*,*,#5847,.T.);
#5861=ORIENTED_EDGE('',*,*,#5764,.F.);
#5862=ORIENTED_EDGE('',*,*,#5762,.F.);
#5864=ORIENTED_EDGE('',*,*,#5863,.T.);
#5865=EDGE_LOOP('',(#5858,#5859,#5860,#5861,#5862,#5864));
#5866=FACE_OUTER_BOUND('',#5865,.F.);
#5867=ADVANCED_FACE('',(#5866),#5857,.T.);
#5868=CARTESIAN_POINT('',(-2.29E0,1.1E0,-3.5E-1));
#5869=DIRECTION('',(0.E0,-1.E0,0.E0));
#5870=DIRECTION('',(0.E0,0.E0,-1.E0));
#5871=AXIS2_PLACEMENT_3D('',#5868,#5869,#5870);
#5872=PLANE('',#5871);
#5874=ORIENTED_EDGE('',*,*,#5873,.F.);
#5875=ORIENTED_EDGE('',*,*,#5800,.F.);
#5876=ORIENTED_EDGE('',*,*,#5863,.F.);
#5877=ORIENTED_EDGE('',*,*,#5760,.T.);
#5878=EDGE_LOOP('',(#5874,#5875,#5876,#5877));
#5879=FACE_OUTER_BOUND('',#5878,.F.);
#5880=ADVANCED_FACE('',(#5879),#5872,.T.);
#5881=CARTESIAN_POINT('',(-2.276741350723E0,6.E-1,-8.5E-1));
#5882=DIRECTION('',(-1.E0,0.E0,0.E0));
#5883=DIRECTION('',(0.E0,0.E0,1.E0));
#5884=AXIS2_PLACEMENT_3D('',#5881,#5882,#5883);
#5885=CYLINDRICAL_SURFACE('',#5884,5.E-1);
#5887=ORIENTED_EDGE('',*,*,#5886,.T.);
#5888=ORIENTED_EDGE('',*,*,#5802,.F.);
#5889=ORIENTED_EDGE('',*,*,#5873,.T.);
#5890=ORIENTED_EDGE('',*,*,#5758,.F.);
#5891=EDGE_LOOP('',(#5887,#5888,#5889,#5890));
#5892=FACE_OUTER_BOUND('',#5891,.F.);
#5893=ADVANCED_FACE('',(#5892),#5885,.F.);
#5894=CARTESIAN_POINT('',(-2.79E0,1.8E0,-3.5E-1));
#5895=DIRECTION('',(0.E0,0.E0,1.E0));
#5896=DIRECTION('',(0.E0,-1.E0,0.E0));
#5897=AXIS2_PLACEMENT_3D('',#5894,#5895,#5896);
#5898=PLANE('',#5897);
#5899=ORIENTED_EDGE('',*,*,#5886,.F.);
#5900=ORIENTED_EDGE('',*,*,#5756,.F.);
#5902=ORIENTED_EDGE('',*,*,#5901,.T.);
#5903=ORIENTED_EDGE('',*,*,#5804,.T.);
#5904=EDGE_LOOP('',(#5899,#5900,#5902,#5903));
#5905=FACE_OUTER_BOUND('',#5904,.F.);
#5906=ADVANCED_FACE('',(#5905),#5898,.F.);
#5907=CARTESIAN_POINT('',(2.29E0,-1.2E0,0.E0));
#5908=DIRECTION('',(1.E0,0.E0,0.E0));
#5909=DIRECTION('',(0.E0,0.E0,1.E0));
#5910=AXIS2_PLACEMENT_3D('',#5907,#5908,#5909);
#5911=PLANE('',#5910);
#5913=ORIENTED_EDGE('',*,*,#5912,.T.);
#5915=ORIENTED_EDGE('',*,*,#5914,.T.);
#5917=ORIENTED_EDGE('',*,*,#5916,.T.);
#5919=ORIENTED_EDGE('',*,*,#5918,.T.);
#5921=ORIENTED_EDGE('',*,*,#5920,.T.);
#5923=ORIENTED_EDGE('',*,*,#5922,.F.);
#5925=ORIENTED_EDGE('',*,*,#5924,.T.);
#5927=ORIENTED_EDGE('',*,*,#5926,.T.);
#5929=ORIENTED_EDGE('',*,*,#5928,.F.);
#5931=ORIENTED_EDGE('',*,*,#5930,.T.);
#5933=ORIENTED_EDGE('',*,*,#5932,.F.);
#5935=ORIENTED_EDGE('',*,*,#5934,.T.);
#5937=ORIENTED_EDGE('',*,*,#5936,.T.);
#5938=EDGE_LOOP('',(#5913,#5915,#5917,#5919,#5921,#5923,#5925,#5927,#5929,#5931,
#5933,#5935,#5937));
#5939=FACE_OUTER_BOUND('',#5938,.F.);
#5940=ADVANCED_FACE('',(#5939),#5911,.F.);
#5941=CARTESIAN_POINT('',(2.79E0,-1.2E0,0.E0));
#5942=DIRECTION('',(1.E0,0.E0,0.E0));
#5943=DIRECTION('',(0.E0,0.E0,1.E0));
#5944=AXIS2_PLACEMENT_3D('',#5941,#5942,#5943);
#5945=PLANE('',#5944);
#5947=ORIENTED_EDGE('',*,*,#5946,.T.);
#5949=ORIENTED_EDGE('',*,*,#5948,.T.);
#5951=ORIENTED_EDGE('',*,*,#5950,.T.);
#5953=ORIENTED_EDGE('',*,*,#5952,.T.);
#5955=ORIENTED_EDGE('',*,*,#5954,.T.);
#5957=ORIENTED_EDGE('',*,*,#5956,.T.);
#5959=ORIENTED_EDGE('',*,*,#5958,.T.);
#5961=ORIENTED_EDGE('',*,*,#5960,.T.);
#5963=ORIENTED_EDGE('',*,*,#5962,.T.);
#5965=ORIENTED_EDGE('',*,*,#5964,.T.);
#5967=ORIENTED_EDGE('',*,*,#5966,.F.);
#5969=ORIENTED_EDGE('',*,*,#5968,.T.);
#5971=ORIENTED_EDGE('',*,*,#5970,.T.);
#5972=EDGE_LOOP('',(#5947,#5949,#5951,#5953,#5955,#5957,#5959,#5961,#5963,#5965,
#5967,#5969,#5971));
#5973=FACE_OUTER_BOUND('',#5972,.F.);
#5974=ADVANCED_FACE('',(#5973),#5945,.T.);
#5975=CARTESIAN_POINT('',(2.29E0,1.8E0,3.5E-1));
#5976=DIRECTION('',(0.E0,0.E0,1.E0));
#5977=DIRECTION('',(0.E0,-1.E0,0.E0));
#5978=AXIS2_PLACEMENT_3D('',#5975,#5976,#5977);
#5979=PLANE('',#5978);
#5981=ORIENTED_EDGE('',*,*,#5980,.F.);
#5982=ORIENTED_EDGE('',*,*,#5952,.F.);
#5984=ORIENTED_EDGE('',*,*,#5983,.T.);
#5985=ORIENTED_EDGE('',*,*,#5932,.T.);
#5986=EDGE_LOOP('',(#5981,#5982,#5984,#5985));
#5987=FACE_OUTER_BOUND('',#5986,.F.);
#5988=ADVANCED_FACE('',(#5987),#5979,.T.);
#5989=CARTESIAN_POINT('',(2.803258649277E0,6.E-1,-8.5E-1));
#5990=DIRECTION('',(-1.E0,0.E0,0.E0));
#5991=DIRECTION('',(0.E0,0.E0,1.E0));
#5992=AXIS2_PLACEMENT_3D('',#5989,#5990,#5991);
#5993=CYLINDRICAL_SURFACE('',#5992,1.2E0);
#5994=ORIENTED_EDGE('',*,*,#5930,.F.);
#5996=ORIENTED_EDGE('',*,*,#5995,.T.);
#5997=ORIENTED_EDGE('',*,*,#5954,.F.);
#5998=ORIENTED_EDGE('',*,*,#5980,.T.);
#5999=EDGE_LOOP('',(#5994,#5996,#5997,#5998));
#6000=FACE_OUTER_BOUND('',#5999,.F.);
#6001=ADVANCED_FACE('',(#6000),#5993,.T.);
#6002=CARTESIAN_POINT('',(2.29E0,1.8E0,0.E0));
#6003=DIRECTION('',(0.E0,1.E0,0.E0));
#6004=DIRECTION('',(0.E0,0.E0,1.E0));
#6005=AXIS2_PLACEMENT_3D('',#6002,#6003,#6004);
#6006=PLANE('',#6005);
#6007=ORIENTED_EDGE('',*,*,#5995,.F.);
#6008=ORIENTED_EDGE('',*,*,#5928,.T.);
#6010=ORIENTED_EDGE('',*,*,#6009,.F.);
#6011=ORIENTED_EDGE('',*,*,#5956,.F.);
#6012=EDGE_LOOP('',(#6007,#6008,#6010,#6011));
#6013=FACE_OUTER_BOUND('',#6012,.F.);
#6014=ADVANCED_FACE('',(#6013),#6006,.T.);
#6015=CARTESIAN_POINT('',(2.79E0,1.45E0,-6.E0));
#6016=DIRECTION('',(1.E0,0.E0,0.E0));
#6017=DIRECTION('',(0.E0,0.E0,1.E0));
#6018=AXIS2_PLACEMENT_3D('',#6015,#6016,#6017);
#6019=CYLINDRICAL_SURFACE('',#6018,3.5E-1);
#6020=ORIENTED_EDGE('',*,*,#5960,.F.);
#6021=ORIENTED_EDGE('',*,*,#5958,.F.);
#6022=ORIENTED_EDGE('',*,*,#6009,.T.);
#6023=ORIENTED_EDGE('',*,*,#5926,.F.);
#6024=ORIENTED_EDGE('',*,*,#5924,.F.);
#6026=ORIENTED_EDGE('',*,*,#6025,.T.);
#6027=EDGE_LOOP('',(#6020,#6021,#6022,#6023,#6024,#6026));
#6028=FACE_OUTER_BOUND('',#6027,.F.);
#6029=ADVANCED_FACE('',(#6028),#6019,.T.);
#6030=CARTESIAN_POINT('',(2.79E0,1.1E0,-3.5E-1));
#6031=DIRECTION('',(0.E0,-1.E0,0.E0));
#6032=DIRECTION('',(0.E0,0.E0,-1.E0));
#6033=AXIS2_PLACEMENT_3D('',#6030,#6031,#6032);
#6034=PLANE('',#6033);
#6036=ORIENTED_EDGE('',*,*,#6035,.F.);
#6037=ORIENTED_EDGE('',*,*,#5962,.F.);
#6038=ORIENTED_EDGE('',*,*,#6025,.F.);
#6039=ORIENTED_EDGE('',*,*,#5922,.T.);
#6040=EDGE_LOOP('',(#6036,#6037,#6038,#6039));
#6041=FACE_OUTER_BOUND('',#6040,.F.);
#6042=ADVANCED_FACE('',(#6041),#6034,.T.);
#6043=CARTESIAN_POINT('',(2.803258649277E0,6.E-1,-8.5E-1));
#6044=DIRECTION('',(-1.E0,0.E0,0.E0));
#6045=DIRECTION('',(0.E0,0.E0,1.E0));
#6046=AXIS2_PLACEMENT_3D('',#6043,#6044,#6045);
#6047=CYLINDRICAL_SURFACE('',#6046,5.E-1);
#6049=ORIENTED_EDGE('',*,*,#6048,.T.);
#6050=ORIENTED_EDGE('',*,*,#5964,.F.);
#6051=ORIENTED_EDGE('',*,*,#6035,.T.);
#6052=ORIENTED_EDGE('',*,*,#5920,.F.);
#6053=EDGE_LOOP('',(#6049,#6050,#6051,#6052));
#6054=FACE_OUTER_BOUND('',#6053,.F.);
#6055=ADVANCED_FACE('',(#6054),#6047,.F.);
#6056=CARTESIAN_POINT('',(2.29E0,1.8E0,-3.5E-1));
#6057=DIRECTION('',(0.E0,0.E0,1.E0));
#6058=DIRECTION('',(0.E0,-1.E0,0.E0));
#6059=AXIS2_PLACEMENT_3D('',#6056,#6057,#6058);
#6060=PLANE('',#6059);
#6061=ORIENTED_EDGE('',*,*,#6048,.F.);
#6062=ORIENTED_EDGE('',*,*,#5918,.F.);
#6064=ORIENTED_EDGE('',*,*,#6063,.T.);
#6065=ORIENTED_EDGE('',*,*,#5966,.T.);
#6066=EDGE_LOOP('',(#6061,#6062,#6064,#6065));
#6067=FACE_OUTER_BOUND('',#6066,.F.);
#6068=ADVANCED_FACE('',(#6067),#6060,.F.);
#6069=OPEN_SHELL('',(#3059,#3076,#3103,#3117,#3134,#3153,#3168,#3183,#3210,
#3225,#3237,#3252,#3274,#3287,#3303,#3318,#3337,#3350,#3366,#3380,#3406,#3421,
#3448,#3464,#3478,#3490,#3508,#3524,#3540,#3562,#3577,#3590,#3604,#3617,#3632,
#3647,#3662,#3676,#3694,#3707,#3752,#3774,#3794,#3825,#3840,#3877,#3891,#3927,
#3941,#3957,#3972,#3991,#4005,#4018,#4030,#4043,#4056,#4071,#4085,#4122,#4136,
#4173,#4187,#4201,#4215,#4229,#4242,#4264,#4277,#4290,#4303,#4316,#4329,#4342,
#4355,#4368,#4381,#4394,#4407,#4419,#4432,#4445,#4458,#4471,#4484,#4497,#4510,
#4523,#4536,#4549,#4562,#4575,#4587,#4601,#4613,#4627,#4639,#4653,#4665,#4681,
#4696,#4710,#4724,#4737,#4757,#4774,#4793,#4809,#4831,#4843,#4860,#4881,#4893,
#4909,#4927,#4943,#4958,#4972,#4985,#5002,#5016,#5029,#5041,#5057,#5071,#5084,
#5095,#5109,#5154,#5167,#5180,#5204,#5226,#5271,#5285,#5298,#5312,#5324,#5341,
#5356,#5371,#5396,#5408,#5421,#5436,#5450,#5464,#5477,#5521,#5534,#5558,#5582,
#5616,#5650,#5664,#5677,#5690,#5705,#5718,#5731,#5744,#5778,#5812,#5826,#5839,
#5852,#5867,#5880,#5893,#5906,#5940,#5974,#5988,#6001,#6014,#6029,#6042,#6055,
#6068));
#6070=SHELL_BASED_SURFACE_MODEL('',(#6069));
#6072=DIMENSIONAL_EXPONENTS(0.E0,0.E0,0.E0,0.E0,0.E0,0.E0,0.E0);
#6074=PLANE_ANGLE_MEASURE_WITH_UNIT(PLANE_ANGLE_MEASURE(1.745329251994E-2),
#6073);
#6075=(CONVERSION_BASED_UNIT('DEGREE',#6074)NAMED_UNIT(*)PLANE_ANGLE_UNIT());
#6077=UNCERTAINTY_MEASURE_WITH_UNIT(LENGTH_MEASURE(8.473063188368E-4),#6071,
'closure',
'Maximum model space distance between geometric entities at asserted connectivities');
#6078=(GEOMETRIC_REPRESENTATION_CONTEXT(3)GLOBAL_UNCERTAINTY_ASSIGNED_CONTEXT((
#6077))GLOBAL_UNIT_ASSIGNED_CONTEXT((#6071,#6075,#6076))REPRESENTATION_CONTEXT(
'ID1','3'));
#6080=APPLICATION_CONTEXT(
'CONFIGURATION CONTROLLED 3D DESIGNS OF MECHANICAL PARTS AND ASSEMBLIES');
#6081=APPLICATION_PROTOCOL_DEFINITION('international standard',
'config_control_design',1994,#6080);
#6082=DESIGN_CONTEXT('',#6080,'design');
#6083=MECHANICAL_CONTEXT('',#6080,'mechanical');
#6084=PRODUCT('TL3_W0___50_SW0001','TL3_W0___50_SW0001','NOT SPECIFIED',
(#6083));
#6085=PRODUCT_DEFINITION_FORMATION_WITH_SPECIFIED_SOURCE('1','LAST_VERSION',
#6084,.MADE.);
#6089=PRODUCT_CATEGORY('part','');
#6090=PRODUCT_RELATED_PRODUCT_CATEGORY('detail','',(#6084));
#6091=PRODUCT_CATEGORY_RELATIONSHIP('','',#6089,#6090);
#6092=SECURITY_CLASSIFICATION_LEVEL('unclassified');
#6093=SECURITY_CLASSIFICATION('','',#6092);
#6094=CC_DESIGN_SECURITY_CLASSIFICATION(#6093,(#6085));
#6095=APPROVAL_STATUS('approved');
#6096=APPROVAL(#6095,'');
#6097=CC_DESIGN_APPROVAL(#6096,(#6093,#6085,#6086));
#6098=CALENDAR_DATE(115,7,9);
#6099=COORDINATED_UNIVERSAL_TIME_OFFSET(2,0,.AHEAD.);
#6100=LOCAL_TIME(11,32,3.6E1,#6099);
#6101=DATE_AND_TIME(#6098,#6100);
#6102=APPROVAL_DATE_TIME(#6101,#6096);
#6103=DATE_TIME_ROLE('creation_date');
#6104=CC_DESIGN_DATE_AND_TIME_ASSIGNMENT(#6101,#6103,(#6086));
#6105=DATE_TIME_ROLE('classification_date');
#6106=CC_DESIGN_DATE_AND_TIME_ASSIGNMENT(#6101,#6105,(#6093));
#6107=PERSON('UNSPECIFIED','UNSPECIFIED',$,$,$,$);
#6108=ORGANIZATION('UNSPECIFIED','UNSPECIFIED','UNSPECIFIED');
#6109=PERSON_AND_ORGANIZATION(#6107,#6108);
#6110=APPROVAL_ROLE('approver');
#6111=APPROVAL_PERSON_ORGANIZATION(#6109,#6096,#6110);
#6112=PERSON_AND_ORGANIZATION_ROLE('creator');
#6113=CC_DESIGN_PERSON_AND_ORGANIZATION_ASSIGNMENT(#6109,#6112,(#6085,#6086));
#6114=PERSON_AND_ORGANIZATION_ROLE('design_supplier');
#6115=CC_DESIGN_PERSON_AND_ORGANIZATION_ASSIGNMENT(#6109,#6114,(#6085));
#6116=PERSON_AND_ORGANIZATION_ROLE('classification_officer');
#6117=CC_DESIGN_PERSON_AND_ORGANIZATION_ASSIGNMENT(#6109,#6116,(#6093));
#6118=PERSON_AND_ORGANIZATION_ROLE('design_owner');
#6119=CC_DESIGN_PERSON_AND_ORGANIZATION_ASSIGNMENT(#6109,#6118,(#6084));
#8=B_SPLINE_CURVE_WITH_KNOTS('',3,(#1,#2,#3,#4,#5,#6,#7),.UNSPECIFIED.,.F.,.F.,(
4,1,1,1,4),(0.E0,2.5E-1,5.E-1,7.5E-1,1.E0),.UNSPECIFIED.);
#20=B_SPLINE_CURVE_WITH_KNOTS('',3,(#13,#14,#15,#16,#17,#18,#19),.UNSPECIFIED.,
.F.,.F.,(4,1,1,1,4),(0.E0,2.5E-1,5.E-1,7.5E-1,1.E0),.UNSPECIFIED.);
#29=CIRCLE('',#28,9.999999999967E-3);
#42=CIRCLE('',#41,3.E-1);
#47=CIRCLE('',#46,2.899999999998E-1);
#52=CIRCLE('',#51,3.E-1);
#57=CIRCLE('',#56,2.899999999998E-1);
#82=B_SPLINE_CURVE_WITH_KNOTS('',3,(#62,#63,#64,#65,#66,#67,#68,#69,#70,#71,#72,
#73,#74,#75,#76,#77,#78,#79,#80,#81),.UNSPECIFIED.,.F.,.F.,(4,1,1,1,1,1,1,1,1,1,
1,1,1,1,1,1,1,4),(0.E0,5.882352941176E-2,1.176470588235E-1,1.764705882353E-1,
2.352941176471E-1,2.941176470588E-1,3.529411764706E-1,4.117647058824E-1,
4.705882352941E-1,5.294117647059E-1,5.882352941176E-1,6.470588235294E-1,
7.058823529412E-1,7.647058823529E-1,8.235294117647E-1,8.823529411765E-1,
9.411764705882E-1,1.E0),.UNSPECIFIED.);
#115=B_SPLINE_CURVE_WITH_KNOTS('',3,(#95,#96,#97,#98,#99,#100,#101,#102,#103,
#104,#105,#106,#107,#108,#109,#110,#111,#112,#113,#114),.UNSPECIFIED.,.F.,.F.,
(4,1,1,1,1,1,1,1,1,1,1,1,1,1,1,1,1,4),(0.E0,5.882352941176E-2,1.176470588235E-1,
1.764705882353E-1,2.352941176471E-1,2.941176470588E-1,3.529411764706E-1,
4.117647058824E-1,4.705882352941E-1,5.294117647059E-1,5.882352941176E-1,
6.470588235294E-1,7.058823529412E-1,7.647058823529E-1,8.235294117647E-1,
8.823529411765E-1,9.411764705882E-1,1.E0),.UNSPECIFIED.);
#140=CIRCLE('',#139,2.899999999998E-1);
#145=CIRCLE('',#144,3.000000000001E-1);
#150=CIRCLE('',#149,2.899999999998E-1);
#155=CIRCLE('',#154,1.000000000020E-2);
#160=CIRCLE('',#159,3.E-1);
#180=B_SPLINE_CURVE_WITH_KNOTS('',3,(#173,#174,#175,#176,#177,#178,#179),
.UNSPECIFIED.,.F.,.F.,(4,1,1,1,4),(0.E0,2.5E-1,5.E-1,7.5E-1,1.E0),
.UNSPECIFIED.);
#191=B_SPLINE_CURVE_WITH_KNOTS('',3,(#185,#186,#187,#188,#189,#190),
.UNSPECIFIED.,.F.,.F.,(4,1,1,4),(0.E0,3.333333333333E-1,6.666666666667E-1,1.E0),
.UNSPECIFIED.);
#198=B_SPLINE_CURVE_WITH_KNOTS('',3,(#192,#193,#194,#195,#196,#197),
.UNSPECIFIED.,.F.,.F.,(4,1,1,4),(0.E0,3.333333333333E-1,6.666666666667E-1,1.E0),
.UNSPECIFIED.);
#209=B_SPLINE_CURVE_WITH_KNOTS('',3,(#203,#204,#205,#206,#207,#208),
.UNSPECIFIED.,.F.,.F.,(4,1,1,4),(0.E0,3.333333333333E-1,6.666666666667E-1,1.E0),
.UNSPECIFIED.);
#220=B_SPLINE_CURVE_WITH_KNOTS('',3,(#210,#211,#212,#213,#214,#215,#216,#217,
#218,#219),.UNSPECIFIED.,.F.,.F.,(4,1,1,1,1,1,1,4),(0.E0,1.428571428571E-1,
2.857142857143E-1,4.285714285714E-1,5.714285714286E-1,7.142857142857E-1,
8.571428571429E-1,1.E0),.UNSPECIFIED.);
#242=B_SPLINE_CURVE_WITH_KNOTS('',3,(#225,#226,#227,#228,#229,#230,#231,#232,
#233,#234,#235,#236,#237,#238,#239,#240,#241),.UNSPECIFIED.,.F.,.F.,(4,1,1,1,1,
1,1,1,1,1,1,1,1,1,4),(0.E0,7.142857142857E-2,1.428571428571E-1,
2.142857142857E-1,2.857142857143E-1,3.571428571429E-1,4.285714285714E-1,5.E-1,
5.714285714286E-1,6.428571428571E-1,7.142857142857E-1,7.857142857143E-1,
8.571428571429E-1,9.285714285714E-1,1.E0),.UNSPECIFIED.);
#252=B_SPLINE_CURVE_WITH_KNOTS('',3,(#247,#248,#249,#250,#251),.UNSPECIFIED.,
.F.,.F.,(4,1,4),(0.E0,5.E-1,1.E0),.UNSPECIFIED.);
#266=B_SPLINE_CURVE_WITH_KNOTS('',3,(#257,#258,#259,#260,#261,#262,#263,#264,
#265),.UNSPECIFIED.,.F.,.F.,(4,1,1,1,1,1,4),(0.E0,1.666666666667E-1,
3.333333333333E-1,5.E-1,6.666666666667E-1,8.333333333333E-1,1.E0),
.UNSPECIFIED.);
#292=B_SPLINE_CURVE_WITH_KNOTS('',3,(#287,#288,#289,#290,#291),.UNSPECIFIED.,
.F.,.F.,(4,1,4),(0.E0,5.E-1,1.E0),.UNSPECIFIED.);
#310=B_SPLINE_CURVE_WITH_KNOTS('',3,(#301,#302,#303,#304,#305,#306,#307,#308,
#309),.UNSPECIFIED.,.F.,.F.,(4,1,1,1,1,1,4),(0.E0,1.666666666667E-1,
3.333333333333E-1,5.E-1,6.666666666667E-1,8.333333333333E-1,1.E0),
.UNSPECIFIED.);
#315=CIRCLE('',#314,2.9E-1);
#320=CIRCLE('',#319,3.E-1);
#325=CIRCLE('',#324,2.9E-1);
#338=CIRCLE('',#337,2.899999999999E-1);
#343=CIRCLE('',#342,3.E-1);
#348=CIRCLE('',#347,2.899999999999E-1);
#357=CIRCLE('',#356,3.E-1);
#362=CIRCLE('',#361,9.999999999484E-3);
#373=B_SPLINE_CURVE_WITH_KNOTS('',3,(#367,#368,#369,#370,#371,#372),
.UNSPECIFIED.,.F.,.F.,(4,1,1,4),(0.E0,3.333333333333E-1,6.666666666667E-1,1.E0),
.UNSPECIFIED.);
#394=B_SPLINE_CURVE_WITH_KNOTS('',3,(#374,#375,#376,#377,#378,#379,#380,#381,
#382,#383,#384,#385,#386,#387,#388,#389,#390,#391,#392,#393),.UNSPECIFIED.,.F.,
.F.,(4,1,1,1,1,1,1,1,1,1,1,1,1,1,1,1,1,4),(0.E0,5.882352941176E-2,
1.176470588235E-1,1.764705882353E-1,2.352941176471E-1,2.941176470588E-1,
3.529411764706E-1,4.117647058824E-1,4.705882352941E-1,5.294117647059E-1,
5.882352941176E-1,6.470588235294E-1,7.058823529412E-1,7.647058823529E-1,
8.235294117647E-1,8.823529411765E-1,9.411764705882E-1,1.E0),.UNSPECIFIED.);
#411=CIRCLE('',#410,9.999999999748E-3);
#416=CIRCLE('',#415,3.E-1);
#428=B_SPLINE_CURVE_WITH_KNOTS('',3,(#421,#422,#423,#424,#425,#426,#427),
.UNSPECIFIED.,.F.,.F.,(4,1,1,1,4),(0.E0,2.5E-1,5.E-1,7.5E-1,1.E0),
.UNSPECIFIED.);
#443=B_SPLINE_CURVE_WITH_KNOTS('',3,(#433,#434,#435,#436,#437,#438,#439,#440,
#441,#442),.UNSPECIFIED.,.F.,.F.,(4,1,1,1,1,1,1,4),(0.E0,1.428571428571E-1,
2.857142857143E-1,4.285714285714E-1,5.714285714286E-1,7.142857142857E-1,
8.571428571429E-1,1.E0),.UNSPECIFIED.);
#465=B_SPLINE_CURVE_WITH_KNOTS('',3,(#448,#449,#450,#451,#452,#453,#454,#455,
#456,#457,#458,#459,#460,#461,#462,#463,#464),.UNSPECIFIED.,.F.,.F.,(4,1,1,1,1,
1,1,1,1,1,1,1,1,1,4),(0.E0,7.142857142857E-2,1.428571428571E-1,
2.142857142857E-1,2.857142857143E-1,3.571428571429E-1,4.285714285714E-1,5.E-1,
5.714285714286E-1,6.428571428571E-1,7.142857142857E-1,7.857142857143E-1,
8.571428571429E-1,9.285714285714E-1,1.E0),.UNSPECIFIED.);
#472=B_SPLINE_CURVE_WITH_KNOTS('',3,(#466,#467,#468,#469,#470,#471),
.UNSPECIFIED.,.F.,.F.,(4,1,1,4),(0.E0,3.333333333333E-1,6.666666666667E-1,1.E0),
.UNSPECIFIED.);
#479=B_SPLINE_CURVE_WITH_KNOTS('',3,(#473,#474,#475,#476,#477,#478),
.UNSPECIFIED.,.F.,.F.,(4,1,1,4),(0.E0,3.333333333333E-1,6.666666666667E-1,1.E0),
.UNSPECIFIED.);
#490=B_SPLINE_CURVE_WITH_KNOTS('',3,(#484,#485,#486,#487,#488,#489),
.UNSPECIFIED.,.F.,.F.,(4,1,1,4),(0.E0,3.333333333333E-1,6.666666666667E-1,1.E0),
.UNSPECIFIED.);
#497=B_SPLINE_CURVE_WITH_KNOTS('',3,(#491,#492,#493,#494,#495,#496),
.UNSPECIFIED.,.F.,.F.,(4,1,1,4),(0.E0,3.333333333333E-1,6.666666666667E-1,1.E0),
.UNSPECIFIED.);
#534=B_SPLINE_CURVE_WITH_KNOTS('',3,(#522,#523,#524,#525,#526,#527,#528,#529,
#530,#531,#532,#533),.UNSPECIFIED.,.F.,.F.,(4,1,1,1,1,1,1,1,1,4),(0.E0,
1.111111111111E-1,2.222222222222E-1,3.333333333333E-1,4.444444444444E-1,
5.555555555556E-1,6.666666666667E-1,7.777777777778E-1,8.888888888889E-1,1.E0),
.UNSPECIFIED.);
#548=B_SPLINE_CURVE_WITH_KNOTS('',3,(#539,#540,#541,#542,#543,#544,#545,#546,
#547),.UNSPECIFIED.,.F.,.F.,(4,1,1,1,1,1,4),(0.E0,1.666666666667E-1,
3.333333333333E-1,5.E-1,6.666666666667E-1,8.333333333333E-1,1.E0),
.UNSPECIFIED.);
#558=B_SPLINE_CURVE_WITH_KNOTS('',3,(#553,#554,#555,#556,#557),.UNSPECIFIED.,
.F.,.F.,(4,1,4),(0.E0,5.E-1,1.E0),.UNSPECIFIED.);
#579=CIRCLE('',#578,2.9E-1);
#593=B_SPLINE_CURVE_WITH_KNOTS('',3,(#580,#581,#582,#583,#584,#585,#586,#587,
#588,#589,#590,#591,#592),.UNSPECIFIED.,.F.,.F.,(4,1,1,1,1,1,1,1,1,1,4),(0.E0,
1.E-1,2.E-1,3.E-1,4.E-1,5.E-1,6.E-1,7.E-1,8.E-1,9.E-1,1.E0),.UNSPECIFIED.);
#604=B_SPLINE_CURVE_WITH_KNOTS('',3,(#598,#599,#600,#601,#602,#603),
.UNSPECIFIED.,.F.,.F.,(4,1,1,4),(0.E0,3.333333333333E-1,6.666666666667E-1,1.E0),
.UNSPECIFIED.);
#615=B_SPLINE_CURVE_WITH_KNOTS('',3,(#609,#610,#611,#612,#613,#614),
.UNSPECIFIED.,.F.,.F.,(4,1,1,4),(0.E0,3.333333333333E-1,6.666666666667E-1,1.E0),
.UNSPECIFIED.);
#636=B_SPLINE_CURVE_WITH_KNOTS('',3,(#624,#625,#626,#627,#628,#629,#630,#631,
#632,#633,#634,#635),.UNSPECIFIED.,.F.,.F.,(4,1,1,1,1,1,1,1,1,4),(0.E0,
1.111111111111E-1,2.222222222222E-1,3.333333333333E-1,4.444444444444E-1,
5.555555555556E-1,6.666666666667E-1,7.777777777778E-1,8.888888888889E-1,1.E0),
.UNSPECIFIED.);
#653=CIRCLE('',#652,4.E-1);
#658=CIRCLE('',#657,8.E-1);
#667=CIRCLE('',#666,3.E-1);
#676=CIRCLE('',#675,8.E-1);
#681=CIRCLE('',#680,4.E-1);
#686=CIRCLE('',#685,7.E-1);
#691=CIRCLE('',#690,4.E-1);
#704=CIRCLE('',#703,4.E-1);
#713=CIRCLE('',#712,4.E-1);
#718=CIRCLE('',#717,7.E-1);
#723=CIRCLE('',#722,4.E-1);
#736=CIRCLE('',#735,8.E-1);
#745=CIRCLE('',#744,3.E-1);
#754=CIRCLE('',#753,8.E-1);
#771=CIRCLE('',#770,4.E-1);
#852=CIRCLE('',#851,4.E-1);
#873=CIRCLE('',#872,4.E-1);
#878=CIRCLE('',#877,8.E-1);
#887=CIRCLE('',#886,3.E-1);
#896=CIRCLE('',#895,8.E-1);
#901=CIRCLE('',#900,4.E-1);
#906=CIRCLE('',#905,7.E-1);
#911=CIRCLE('',#910,4.E-1);
#928=CIRCLE('',#927,4.E-1);
#937=CIRCLE('',#936,4.E-1);
#942=CIRCLE('',#941,7.E-1);
#947=CIRCLE('',#946,4.E-1);
#960=CIRCLE('',#959,8.E-1);
#969=CIRCLE('',#968,3.E-1);
#978=CIRCLE('',#977,8.E-1);
#1091=CIRCLE('',#1090,3.5E-1);
#1108=CIRCLE('',#1107,3.5E-1);
#1161=CIRCLE('',#1160,3.5E-1);
#1178=CIRCLE('',#1177,3.5E-1);
#1215=CIRCLE('',#1214,3.E-1);
#1220=CIRCLE('',#1219,5.E-1);
#1225=CIRCLE('',#1224,3.E-1);
#1230=CIRCLE('',#1229,5.E-1);
#1235=CIRCLE('',#1234,3.E-1);
#1240=CIRCLE('',#1239,5.E-1);
#1245=CIRCLE('',#1244,3.E-1);
#1250=CIRCLE('',#1249,5.E-1);
#1255=CIRCLE('',#1254,3.E-1);
#1260=CIRCLE('',#1259,5.E-1);
#1265=CIRCLE('',#1264,5.E-1);
#1270=CIRCLE('',#1269,3.E-1);
#1277=B_SPLINE_CURVE_WITH_KNOTS('',3,(#1271,#1272,#1273,#1274,#1275,#1276),
.UNSPECIFIED.,.F.,.F.,(4,1,1,4),(0.E0,3.333333333333E-1,6.666666666667E-1,1.E0),
.UNSPECIFIED.);
#1282=CIRCLE('',#1281,2.948378584292E0);
#1289=B_SPLINE_CURVE_WITH_KNOTS('',3,(#1283,#1284,#1285,#1286,#1287,#1288),
.UNSPECIFIED.,.F.,.F.,(4,1,1,4),(0.E0,3.333333333333E-1,6.666666666667E-1,1.E0),
.UNSPECIFIED.);
#1302=CIRCLE('',#1301,2.85E0);
#1311=CIRCLE('',#1310,2.85E0);
#1322=B_SPLINE_CURVE_WITH_KNOTS('',3,(#1316,#1317,#1318,#1319,#1320,#1321),
.UNSPECIFIED.,.F.,.F.,(4,1,1,4),(0.E0,3.333333333333E-1,6.666666666667E-1,1.E0),
.UNSPECIFIED.);
#1329=B_SPLINE_CURVE_WITH_KNOTS('',3,(#1323,#1324,#1325,#1326,#1327,#1328),
.UNSPECIFIED.,.F.,.F.,(4,1,1,4),(0.E0,3.333333333333E-1,6.666666666667E-1,1.E0),
.UNSPECIFIED.);
#1334=CIRCLE('',#1333,2.948378584292E0);
#1339=CIRCLE('',#1338,2.5E0);
#1344=CIRCLE('',#1343,2.5E0);
#1361=CIRCLE('',#1360,2.5E0);
#1366=CIRCLE('',#1365,2.5E0);
#1387=B_SPLINE_CURVE_WITH_KNOTS('',3,(#1383,#1384,#1385,#1386),.UNSPECIFIED.,
.F.,.F.,(4,4),(0.E0,1.E0),.UNSPECIFIED.);
#1398=B_SPLINE_CURVE_WITH_KNOTS('',3,(#1392,#1393,#1394,#1395,#1396,#1397),
.UNSPECIFIED.,.F.,.F.,(4,1,1,4),(0.E0,3.333333333333E-1,6.666666666667E-1,1.E0),
.UNSPECIFIED.);
#1407=B_SPLINE_CURVE_WITH_KNOTS('',3,(#1403,#1404,#1405,#1406),.UNSPECIFIED.,
.F.,.F.,(4,4),(0.E0,1.E0),.UNSPECIFIED.);
#1412=CIRCLE('',#1411,2.1E0);
#1417=CIRCLE('',#1416,2.5E0);
#1422=CIRCLE('',#1421,2.5E0);
#1427=CIRCLE('',#1426,2.3E0);
#1432=CIRCLE('',#1431,2.3E0);
#1439=B_SPLINE_CURVE_WITH_KNOTS('',3,(#1433,#1434,#1435,#1436,#1437,#1438),
.UNSPECIFIED.,.F.,.F.,(4,1,1,4),(0.E0,3.333333333333E-1,6.666666666667E-1,1.E0),
.UNSPECIFIED.);
#1448=B_SPLINE_CURVE_WITH_KNOTS('',3,(#1444,#1445,#1446,#1447),.UNSPECIFIED.,
.F.,.F.,(4,4),(0.E0,1.E0),.UNSPECIFIED.);
#1459=B_SPLINE_CURVE_WITH_KNOTS('',3,(#1453,#1454,#1455,#1456,#1457,#1458),
.UNSPECIFIED.,.F.,.F.,(4,1,1,4),(0.E0,3.333333333333E-1,6.666666666667E-1,1.E0),
.UNSPECIFIED.);
#1468=B_SPLINE_CURVE_WITH_KNOTS('',3,(#1464,#1465,#1466,#1467),.UNSPECIFIED.,
.F.,.F.,(4,4),(0.E0,1.E0),.UNSPECIFIED.);
#1473=CIRCLE('',#1472,2.1E0);
#1478=CIRCLE('',#1477,2.5E0);
#1483=CIRCLE('',#1482,2.5E0);
#1488=CIRCLE('',#1487,2.3E0);
#1493=CIRCLE('',#1492,2.3E0);
#1500=B_SPLINE_CURVE_WITH_KNOTS('',3,(#1494,#1495,#1496,#1497,#1498,#1499),
.UNSPECIFIED.,.F.,.F.,(4,1,1,4),(0.E0,3.333333333333E-1,6.666666666667E-1,1.E0),
.UNSPECIFIED.);
#1515=B_SPLINE_CURVE_WITH_KNOTS('',3,(#1509,#1510,#1511,#1512,#1513,#1514),
.UNSPECIFIED.,.F.,.F.,(4,1,1,4),(0.E0,3.333333333333E-1,6.666666666667E-1,1.E0),
.UNSPECIFIED.);
#1520=CIRCLE('',#1519,2.300000237066E0);
#1525=CIRCLE('',#1524,2.300000237066E0);
#1530=CIRCLE('',#1529,2.100000343147E0);
#1539=CIRCLE('',#1538,2.100000343147E0);
#1554=B_SPLINE_CURVE_WITH_KNOTS('',3,(#1548,#1549,#1550,#1551,#1552,#1553),
.UNSPECIFIED.,.F.,.F.,(4,1,1,4),(0.E0,3.333333333333E-1,6.666666666667E-1,1.E0),
.UNSPECIFIED.);
#1573=B_SPLINE_CURVE_WITH_KNOTS('',3,(#1567,#1568,#1569,#1570,#1571,#1572),
.UNSPECIFIED.,.F.,.F.,(4,1,1,4),(0.E0,3.333333333333E-1,6.666666666667E-1,1.E0),
.UNSPECIFIED.);
#1578=CIRCLE('',#1577,2.300000237066E0);
#1583=CIRCLE('',#1582,2.300000237066E0);
#1590=B_SPLINE_CURVE_WITH_KNOTS('',3,(#1584,#1585,#1586,#1587,#1588,#1589),
.UNSPECIFIED.,.F.,.F.,(4,1,1,4),(0.E0,3.333333333333E-1,6.666666666667E-1,1.E0),
.UNSPECIFIED.);
#1607=CIRCLE('',#1606,8.5E-1);
#1616=CIRCLE('',#1615,8.5E-1);
#1621=CIRCLE('',#1620,1.201839166959E0);
#1626=CIRCLE('',#1625,1.2E0);
#1631=CIRCLE('',#1630,1.201839166959E0);
#1636=CIRCLE('',#1635,1.2E0);
#1657=B_SPLINE_CURVE_WITH_KNOTS('',3,(#1645,#1646,#1647,#1648,#1649,#1650,#1651,
#1652,#1653,#1654,#1655,#1656),.UNSPECIFIED.,.F.,.F.,(4,1,1,1,1,1,1,1,1,4),
(0.E0,1.111111111111E-1,2.222222222222E-1,3.333333333333E-1,4.444444444444E-1,
5.555555555556E-1,6.666666666667E-1,7.777777777778E-1,8.888888888889E-1,1.E0),
.UNSPECIFIED.);
#1671=B_SPLINE_CURVE_WITH_KNOTS('',3,(#1658,#1659,#1660,#1661,#1662,#1663,#1664,
#1665,#1666,#1667,#1668,#1669,#1670),.UNSPECIFIED.,.F.,.F.,(4,1,1,1,1,1,1,1,1,1,
4),(0.E0,1.E-1,2.E-1,3.E-1,4.E-1,5.E-1,6.E-1,7.E-1,8.E-1,9.E-1,1.E0),
.UNSPECIFIED.);
#1684=B_SPLINE_CURVE_WITH_KNOTS('',3,(#1672,#1673,#1674,#1675,#1676,#1677,#1678,
#1679,#1680,#1681,#1682,#1683),.UNSPECIFIED.,.F.,.F.,(4,1,1,1,1,1,1,1,1,4),
(0.E0,1.111111111111E-1,2.222222222222E-1,3.333333333333E-1,4.444444444444E-1,
5.555555555556E-1,6.666666666667E-1,7.777777777778E-1,8.888888888889E-1,1.E0),
.UNSPECIFIED.);
#1689=CIRCLE('',#1688,2.9E-1);
#1702=CIRCLE('',#1701,2.899999999998E-1);
#1707=CIRCLE('',#1706,3.000000000002E-1);
#1712=CIRCLE('',#1711,2.899999999998E-1);
#1723=B_SPLINE_CURVE_WITH_KNOTS('',3,(#1717,#1718,#1719,#1720,#1721,#1722),
.UNSPECIFIED.,.F.,.F.,(4,1,1,4),(0.E0,3.333333333333E-1,6.666666666667E-1,1.E0),
.UNSPECIFIED.);
#1734=B_SPLINE_CURVE_WITH_KNOTS('',3,(#1728,#1729,#1730,#1731,#1732,#1733),
.UNSPECIFIED.,.F.,.F.,(4,1,1,4),(0.E0,3.333333333333E-1,6.666666666667E-1,1.E0),
.UNSPECIFIED.);
#1755=B_SPLINE_CURVE_WITH_KNOTS('',3,(#1743,#1744,#1745,#1746,#1747,#1748,#1749,
#1750,#1751,#1752,#1753,#1754),.UNSPECIFIED.,.F.,.F.,(4,1,1,1,1,1,1,1,1,4),
(0.E0,1.111111111111E-1,2.222222222222E-1,3.333333333333E-1,4.444444444444E-1,
5.555555555556E-1,6.666666666667E-1,7.777777777778E-1,8.888888888889E-1,1.E0),
.UNSPECIFIED.);
#1769=B_SPLINE_CURVE_WITH_KNOTS('',3,(#1756,#1757,#1758,#1759,#1760,#1761,#1762,
#1763,#1764,#1765,#1766,#1767,#1768),.UNSPECIFIED.,.F.,.F.,(4,1,1,1,1,1,1,1,1,1,
4),(0.E0,1.E-1,2.E-1,3.E-1,4.E-1,5.E-1,6.E-1,7.E-1,8.E-1,9.E-1,1.E0),
.UNSPECIFIED.);
#1774=CIRCLE('',#1773,2.9E-1);
#1795=B_SPLINE_CURVE_WITH_KNOTS('',3,(#1783,#1784,#1785,#1786,#1787,#1788,#1789,
#1790,#1791,#1792,#1793,#1794),.UNSPECIFIED.,.F.,.F.,(4,1,1,1,1,1,1,1,1,4),
(0.E0,1.111111111111E-1,2.222222222222E-1,3.333333333333E-1,4.444444444444E-1,
5.555555555556E-1,6.666666666667E-1,7.777777777778E-1,8.888888888889E-1,1.E0),
.UNSPECIFIED.);
#1824=B_SPLINE_CURVE_WITH_KNOTS('',3,(#1804,#1805,#1806,#1807,#1808,#1809,#1810,
#1811,#1812,#1813,#1814,#1815,#1816,#1817,#1818,#1819,#1820,#1821,#1822,#1823),
.UNSPECIFIED.,.F.,.F.,(4,1,1,1,1,1,1,1,1,1,1,1,1,1,1,1,1,4),(0.E0,
5.882352941176E-2,1.176470588235E-1,1.764705882353E-1,2.352941176471E-1,
2.941176470588E-1,3.529411764706E-1,4.117647058824E-1,4.705882352941E-1,
5.294117647059E-1,5.882352941176E-1,6.470588235294E-1,7.058823529412E-1,
7.647058823529E-1,8.235294117647E-1,8.823529411765E-1,9.411764705882E-1,1.E0),
.UNSPECIFIED.);
#1853=CIRCLE('',#1852,2.899999999999E-1);
#1858=CIRCLE('',#1857,3.E-1);
#1863=CIRCLE('',#1862,2.899999999999E-1);
#1881=B_SPLINE_CURVE_WITH_KNOTS('',3,(#1876,#1877,#1878,#1879,#1880),
.UNSPECIFIED.,.F.,.F.,(4,1,4),(0.E0,5.E-1,1.E0),.UNSPECIFIED.);
#1899=B_SPLINE_CURVE_WITH_KNOTS('',3,(#1890,#1891,#1892,#1893,#1894,#1895,#1896,
#1897,#1898),.UNSPECIFIED.,.F.,.F.,(4,1,1,1,1,1,4),(0.E0,1.666666666667E-1,
3.333333333333E-1,5.E-1,6.666666666667E-1,8.333333333333E-1,1.E0),
.UNSPECIFIED.);
#1920=B_SPLINE_CURVE_WITH_KNOTS('',3,(#1908,#1909,#1910,#1911,#1912,#1913,#1914,
#1915,#1916,#1917,#1918,#1919),.UNSPECIFIED.,.F.,.F.,(4,1,1,1,1,1,1,1,1,4),
(0.E0,1.111111111111E-1,2.222222222222E-1,3.333333333333E-1,4.444444444444E-1,
5.555555555556E-1,6.666666666667E-1,7.777777777778E-1,8.888888888889E-1,1.E0),
.UNSPECIFIED.);
#1925=CIRCLE('',#1924,2.9E-1);
#1939=B_SPLINE_CURVE_WITH_KNOTS('',3,(#1926,#1927,#1928,#1929,#1930,#1931,#1932,
#1933,#1934,#1935,#1936,#1937,#1938),.UNSPECIFIED.,.F.,.F.,(4,1,1,1,1,1,1,1,1,1,
4),(0.E0,1.E-1,2.E-1,3.E-1,4.E-1,5.E-1,6.E-1,7.E-1,8.E-1,9.E-1,1.E0),
.UNSPECIFIED.);
#1960=B_SPLINE_CURVE_WITH_KNOTS('',3,(#1948,#1949,#1950,#1951,#1952,#1953,#1954,
#1955,#1956,#1957,#1958,#1959),.UNSPECIFIED.,.F.,.F.,(4,1,1,1,1,1,1,1,1,4),
(0.E0,1.111111111111E-1,2.222222222222E-1,3.333333333333E-1,4.444444444444E-1,
5.555555555556E-1,6.666666666667E-1,7.777777777778E-1,8.888888888889E-1,1.E0),
.UNSPECIFIED.);
#1965=CIRCLE('',#1964,2.899999999999E-1);
#1970=CIRCLE('',#1969,3.E-1);
#1975=CIRCLE('',#1974,2.899999999999E-1);
#1980=CIRCLE('',#1979,2.899999999998E-1);
#1985=CIRCLE('',#1984,3.000000000001E-1);
#1990=CIRCLE('',#1989,2.899999999998E-1);
#2011=CIRCLE('',#2010,5.E-1);
#2016=CIRCLE('',#2015,3.5E-1);
#2021=CIRCLE('',#2020,3.5E-1);
#2026=CIRCLE('',#2025,1.2E0);
#2055=CIRCLE('',#2054,1.2E0);
#2064=CIRCLE('',#2063,3.5E-1);
#2069=CIRCLE('',#2068,3.5E-1);
#2078=CIRCLE('',#2077,5.E-1);
#2155=CIRCLE('',#2154,5.E-1);
#2160=CIRCLE('',#2159,3.5E-1);
#2165=CIRCLE('',#2164,3.5E-1);
#2170=CIRCLE('',#2169,1.2E0);
#2199=CIRCLE('',#2198,1.2E0);
#2208=CIRCLE('',#2207,3.5E-1);
#2213=CIRCLE('',#2212,3.5E-1);
#2222=CIRCLE('',#2221,5.E-1);
#2299=CIRCLE('',#2298,5.E-1);
#2304=CIRCLE('',#2303,3.5E-1);
#2309=CIRCLE('',#2308,3.5E-1);
#2314=CIRCLE('',#2313,1.2E0);
#2343=CIRCLE('',#2342,1.2E0);
#2352=CIRCLE('',#2351,3.5E-1);
#2357=CIRCLE('',#2356,3.5E-1);
#2366=CIRCLE('',#2365,5.E-1);
#3033=EDGE_CURVE('',#2449,#2450,#37,.T.);
#3035=EDGE_CURVE('',#2449,#2451,#8,.T.);
#3037=EDGE_CURVE('',#2453,#2451,#483,.T.);
#3039=EDGE_CURVE('',#2454,#2453,#428,.T.);
#3041=EDGE_CURVE('',#2456,#2454,#420,.T.);
#3043=EDGE_CURVE('',#2458,#2456,#402,.T.);
#3045=EDGE_CURVE('',#2458,#2460,#12,.T.);
#3047=EDGE_CURVE('',#2460,#2461,#20,.T.);
#3049=EDGE_CURVE('',#2463,#2461,#202,.T.);
#3051=EDGE_CURVE('',#2464,#2463,#180,.T.);
#3053=EDGE_CURVE('',#2464,#2466,#24,.T.);
#3055=EDGE_CURVE('',#2450,#2466,#94,.T.);
#3065=EDGE_CURVE('',#2469,#2470,#29,.T.);
#3067=EDGE_CURVE('',#2470,#2449,#33,.T.);
#3070=EDGE_CURVE('',#2450,#2472,#42,.T.);
#3072=EDGE_CURVE('',#2469,#2472,#61,.T.);
#3095=EDGE_CURVE('',#2469,#2474,#47,.T.);
#3097=EDGE_CURVE('',#2474,#2476,#52,.T.);
#3099=EDGE_CURVE('',#2476,#2470,#57,.T.);
#3110=EDGE_CURVE('',#2472,#2477,#82,.T.);
#3112=EDGE_CURVE('',#2477,#2474,#86,.T.);
#3123=EDGE_CURVE('',#2479,#2477,#90,.T.);
#3128=EDGE_CURVE('',#2481,#2466,#160,.T.);
#3130=EDGE_CURVE('',#2481,#2479,#115,.T.);
#3141=EDGE_CURVE('',#2483,#2479,#127,.T.);
#3143=EDGE_CURVE('',#2483,#2485,#119,.T.);
#3145=EDGE_CURVE('',#2487,#2485,#1644,.T.);
#3147=EDGE_CURVE('',#2487,#2489,#123,.T.);
#3149=EDGE_CURVE('',#2477,#2489,#513,.T.);
#3159=EDGE_CURVE('',#2492,#2493,#135,.T.);
#3161=EDGE_CURVE('',#2483,#2492,#1697,.T.);
#3164=EDGE_CURVE('',#2493,#2479,#172,.T.);
#3174=EDGE_CURVE('',#2495,#2493,#145,.T.);
#3176=EDGE_CURVE('',#2495,#2497,#131,.T.);
#3178=EDGE_CURVE('',#2492,#2497,#1707,.T.);
#3201=EDGE_CURVE('',#2500,#2501,#155,.T.);
#3203=EDGE_CURVE('',#2500,#2495,#140,.T.);
#3206=EDGE_CURVE('',#2493,#2501,#150,.T.);
#3217=EDGE_CURVE('',#2481,#2501,#168,.T.);
#3221=EDGE_CURVE('',#2464,#2500,#164,.T.);
#3245=EDGE_CURVE('',#2502,#2463,#198,.T.);
#3247=EDGE_CURVE('',#2502,#2495,#184,.T.);
#3258=EDGE_CURVE('',#2503,#2502,#191,.T.);
#3262=EDGE_CURVE('',#2461,#2504,#209,.T.);
#3264=EDGE_CURVE('',#2505,#2504,#373,.T.);
#3266=EDGE_CURVE('',#2505,#2506,#220,.T.);
#3268=EDGE_CURVE('',#2506,#2508,#224,.T.);
#3270=EDGE_CURVE('',#2508,#2503,#242,.T.);
#3282=EDGE_CURVE('',#2497,#2503,#246,.T.);
#3293=EDGE_CURVE('',#2511,#2512,#256,.T.);
#3295=EDGE_CURVE('',#2497,#2511,#1712,.T.);
#3299=EDGE_CURVE('',#2508,#2512,#252,.T.);
#3310=EDGE_CURVE('',#2514,#2512,#286,.T.);
#3312=EDGE_CURVE('',#2516,#2514,#1693,.T.);
#3314=EDGE_CURVE('',#2516,#2511,#266,.T.);
#3324=EDGE_CURVE('',#2512,#2518,#270,.T.);
#3326=EDGE_CURVE('',#2518,#2520,#274,.T.);
#3328=EDGE_CURVE('',#2520,#2522,#278,.T.);
#3330=EDGE_CURVE('',#2524,#2522,#1742,.T.);
#3332=EDGE_CURVE('',#2524,#2514,#282,.T.);
#3346=EDGE_CURVE('',#2518,#2506,#292,.T.);
#3356=EDGE_CURVE('',#2518,#2526,#300,.T.);
#3360=EDGE_CURVE('',#2505,#2528,#296,.T.);
#3362=EDGE_CURVE('',#2526,#2528,#315,.T.);
#3373=EDGE_CURVE('',#2526,#2529,#310,.T.);
#3375=EDGE_CURVE('',#2520,#2529,#1778,.T.);
#3400=EDGE_CURVE('',#2528,#2531,#320,.T.);
#3402=EDGE_CURVE('',#2531,#2529,#325,.T.);
#3412=EDGE_CURVE('',#2534,#2535,#343,.T.);
#3414=EDGE_CURVE('',#2534,#2531,#329,.T.);
#3417=EDGE_CURVE('',#2528,#2535,#333,.T.);
#3439=EDGE_CURVE('',#2538,#2539,#362,.T.);
#3441=EDGE_CURVE('',#2538,#2534,#338,.T.);
#3444=EDGE_CURVE('',#2535,#2539,#348,.T.);
#3454=EDGE_CURVE('',#2539,#2460,#352,.T.);
#3457=EDGE_CURVE('',#2458,#2541,#357,.T.);
#3459=EDGE_CURVE('',#2538,#2541,#1803,.T.);
#3472=EDGE_CURVE('',#2535,#2504,#366,.T.);
#3496=EDGE_CURVE('',#2543,#2456,#416,.T.);
#3498=EDGE_CURVE('',#2543,#2544,#394,.T.);
#3500=EDGE_CURVE('',#2544,#2546,#398,.T.);
#3502=EDGE_CURVE('',#2541,#2546,#1824,.T.);
#3514=EDGE_CURVE('',#2454,#2548,#406,.T.);
#3516=EDGE_CURVE('',#2548,#2550,#411,.T.);
#3518=EDGE_CURVE('',#2543,#2550,#1871,.T.);
#3532=EDGE_CURVE('',#2551,#2453,#479,.T.);
#3534=EDGE_CURVE('',#2551,#2553,#432,.T.);
#3536=EDGE_CURVE('',#2548,#2553,#1853,.T.);
#3546=EDGE_CURVE('',#2554,#2555,#497,.T.);
#3548=EDGE_CURVE('',#2554,#2556,#443,.T.);
#3550=EDGE_CURVE('',#2556,#2558,#447,.T.);
#3552=EDGE_CURVE('',#2558,#2559,#465,.T.);
#3554=EDGE_CURVE('',#2559,#2551,#472,.T.);
#3558=EDGE_CURVE('',#2451,#2555,#490,.T.);
#3568=EDGE_CURVE('',#2476,#2555,#501,.T.);
#3570=EDGE_CURVE('',#2561,#2476,#509,.T.);
#3572=EDGE_CURVE('',#2554,#2561,#562,.T.);
#3597=EDGE_CURVE('',#2474,#2563,#505,.T.);
#3599=EDGE_CURVE('',#2561,#2563,#1985,.T.);
#3613=EDGE_CURVE('',#2563,#2489,#521,.T.);
#3623=EDGE_CURVE('',#2566,#2567,#517,.T.);
#3625=EDGE_CURVE('',#2563,#2567,#1990,.T.);
#3628=EDGE_CURVE('',#2489,#2566,#534,.T.);
#3638=EDGE_CURVE('',#2570,#2571,#538,.T.);
#3640=EDGE_CURVE('',#2571,#2567,#548,.T.);
#3643=EDGE_CURVE('',#2566,#2570,#552,.T.);
#3654=EDGE_CURVE('',#2570,#2556,#558,.T.);
#3658=EDGE_CURVE('',#2571,#2561,#1980,.T.);
#3670=EDGE_CURVE('',#2573,#2570,#566,.T.);
#3672=EDGE_CURVE('',#2558,#2573,#1881,.T.);
#3684=EDGE_CURVE('',#2566,#2575,#570,.T.);
#3686=EDGE_CURVE('',#2577,#2575,#623,.T.);
#3688=EDGE_CURVE('',#2577,#2579,#574,.T.);
#3690=EDGE_CURVE('',#2573,#2579,#1889,.T.);
#3703=EDGE_CURVE('',#2487,#2575,#579,.T.);
#3745=EDGE_CURVE('',#2575,#2580,#636,.T.);
#3748=EDGE_CURVE('',#2487,#2580,#593,.T.);
#3758=EDGE_CURVE('',#2580,#2582,#597,.T.);
#3760=EDGE_CURVE('',#2582,#2583,#604,.T.);
#3762=EDGE_CURVE('',#2583,#2585,#608,.T.);
#3764=EDGE_CURVE('',#2585,#2586,#615,.T.);
#3766=EDGE_CURVE('',#2586,#2588,#619,.T.);
#3768=EDGE_CURVE('',#2577,#2588,#1939,.T.);
#3780=EDGE_CURVE('',#2591,#2592,#640,.T.);
#3782=EDGE_CURVE('',#2594,#2591,#847,.T.);
#3784=EDGE_CURVE('',#2596,#2594,#835,.T.);
#3786=EDGE_CURVE('',#2598,#2596,#815,.T.);
#3788=EDGE_CURVE('',#2600,#2598,#819,.T.);
#3790=EDGE_CURVE('',#2592,#2600,#831,.T.);
#3800=EDGE_CURVE('',#2611,#2612,#644,.T.);
#3802=EDGE_CURVE('',#2614,#2611,#1022,.T.);
#3804=EDGE_CURVE('',#2616,#2614,#1010,.T.);
#3806=EDGE_CURVE('',#2618,#2616,#1002,.T.);
#3808=EDGE_CURVE('',#2620,#2618,#994,.T.);
#3810=EDGE_CURVE('',#2622,#2620,#990,.T.);
#3812=EDGE_CURVE('',#2624,#2622,#919,.T.);
#3814=EDGE_CURVE('',#2626,#2624,#868,.T.);
#3816=EDGE_CURVE('',#2591,#2626,#860,.T.);
#3819=EDGE_CURVE('',#2628,#2592,#779,.T.);
#3821=EDGE_CURVE('',#2612,#2628,#766,.T.);
#3831=EDGE_CURVE('',#2611,#2630,#653,.T.);
#3834=EDGE_CURVE('',#2632,#2612,#704,.T.);
#3836=EDGE_CURVE('',#2632,#2630,#648,.T.);
#3847=EDGE_CURVE('',#2634,#2630,#699,.T.);
#3849=EDGE_CURVE('',#2634,#2636,#658,.T.);
#3851=EDGE_CURVE('',#2636,#2638,#662,.T.);
#3853=EDGE_CURVE('',#2638,#2640,#667,.T.);
#3855=EDGE_CURVE('',#2640,#2642,#671,.T.);
#3857=EDGE_CURVE('',#2642,#2644,#676,.T.);
#3859=EDGE_CURVE('',#2646,#2644,#1112,.T.);
#3861=EDGE_CURVE('',#2648,#2646,#1099,.T.);
#3863=EDGE_CURVE('',#2650,#2648,#1095,.T.);
#3865=EDGE_CURVE('',#2650,#2652,#681,.T.);
#3867=EDGE_CURVE('',#2652,#2654,#686,.T.);
#3869=EDGE_CURVE('',#2654,#2656,#691,.T.);
#3871=EDGE_CURVE('',#2658,#2656,#1070,.T.);
#3873=EDGE_CURVE('',#2658,#2611,#695,.T.);
#3884=EDGE_CURVE('',#2660,#2632,#758,.T.);
#3886=EDGE_CURVE('',#2634,#2660,#1132,.T.);
#3898=EDGE_CURVE('',#2662,#2612,#762,.T.);
#3900=EDGE_CURVE('',#2662,#2664,#708,.T.);
#3902=EDGE_CURVE('',#2664,#2666,#713,.T.);
#3904=EDGE_CURVE('',#2666,#2668,#718,.T.);
#3906=EDGE_CURVE('',#2668,#2670,#723,.T.);
#3908=EDGE_CURVE('',#2670,#2672,#727,.T.);
#3910=EDGE_CURVE('',#2674,#2672,#1103,.T.);
#3912=EDGE_CURVE('',#2674,#2676,#731,.T.);
#3914=EDGE_CURVE('',#2676,#2678,#736,.T.);
#3916=EDGE_CURVE('',#2678,#2680,#740,.T.);
#3918=EDGE_CURVE('',#2680,#2682,#745,.T.);
#3920=EDGE_CURVE('',#2682,#2684,#749,.T.);
#3922=EDGE_CURVE('',#2684,#2660,#754,.T.);
#3935=EDGE_CURVE('',#2686,#2628,#775,.T.);
#3937=EDGE_CURVE('',#2662,#2686,#1046,.T.);
#3947=EDGE_CURVE('',#2689,#2690,#771,.T.);
#3949=EDGE_CURVE('',#2686,#2690,#1050,.T.);
#3953=EDGE_CURVE('',#2689,#2592,#827,.T.);
#3963=EDGE_CURVE('',#2689,#2692,#783,.T.);
#3965=EDGE_CURVE('',#2694,#2692,#852,.T.);
#3967=EDGE_CURVE('',#2694,#2690,#787,.T.);
#3978=EDGE_CURVE('',#2697,#2698,#807,.T.);
#3980=EDGE_CURVE('',#2697,#2700,#791,.T.);
#3982=EDGE_CURVE('',#2700,#2692,#795,.T.);
#3985=EDGE_CURVE('',#2689,#2702,#799,.T.);
#3987=EDGE_CURVE('',#2702,#2698,#803,.T.);
#3998=EDGE_CURVE('',#2698,#2598,#811,.T.);
#4001=EDGE_CURVE('',#2697,#2596,#839,.T.);
#4014=EDGE_CURVE('',#2702,#2600,#823,.T.);
#4037=EDGE_CURVE('',#2700,#2594,#843,.T.);
#4049=EDGE_CURVE('',#2692,#2591,#856,.T.);
#4065=EDGE_CURVE('',#2712,#2626,#864,.T.);
#4067=EDGE_CURVE('',#2694,#2712,#1054,.T.);
#4077=EDGE_CURVE('',#2714,#2624,#915,.T.);
#4079=EDGE_CURVE('',#2712,#2714,#1058,.T.);
#4091=EDGE_CURVE('',#2624,#2716,#873,.T.);
#4093=EDGE_CURVE('',#2718,#2716,#1210,.T.);
#4095=EDGE_CURVE('',#2718,#2720,#878,.T.);
#4097=EDGE_CURVE('',#2720,#2722,#882,.T.);
#4099=EDGE_CURVE('',#2722,#2724,#887,.T.);
#4101=EDGE_CURVE('',#2724,#2726,#891,.T.);
#4103=EDGE_CURVE('',#2726,#2728,#896,.T.);
#4105=EDGE_CURVE('',#2730,#2728,#1182,.T.);
#4107=EDGE_CURVE('',#2732,#2730,#1169,.T.);
#4109=EDGE_CURVE('',#2734,#2732,#1165,.T.);
#4111=EDGE_CURVE('',#2734,#2736,#901,.T.);
#4113=EDGE_CURVE('',#2736,#2738,#906,.T.);
#4115=EDGE_CURVE('',#2738,#2740,#911,.T.);
#4117=EDGE_CURVE('',#2714,#2740,#1140,.T.);
#4130=EDGE_CURVE('',#2742,#2622,#928,.T.);
#4132=EDGE_CURVE('',#2742,#2716,#923,.T.);
#4143=EDGE_CURVE('',#2744,#2622,#986,.T.);
#4145=EDGE_CURVE('',#2744,#2746,#932,.T.);
#4147=EDGE_CURVE('',#2746,#2748,#937,.T.);
#4149=EDGE_CURVE('',#2748,#2750,#942,.T.);
#4151=EDGE_CURVE('',#2750,#2752,#947,.T.);
#4153=EDGE_CURVE('',#2752,#2754,#951,.T.);
#4155=EDGE_CURVE('',#2756,#2754,#1173,.T.);
#4157=EDGE_CURVE('',#2756,#2758,#955,.T.);
#4159=EDGE_CURVE('',#2758,#2760,#960,.T.);
#4161=EDGE_CURVE('',#2760,#2762,#964,.T.);
#4163=EDGE_CURVE('',#2762,#2764,#969,.T.);
#4165=EDGE_CURVE('',#2764,#2766,#973,.T.);
#4167=EDGE_CURVE('',#2766,#2768,#978,.T.);
#4169=EDGE_CURVE('',#2768,#2742,#982,.T.);
#4181=EDGE_CURVE('',#2770,#2620,#998,.T.);
#4183=EDGE_CURVE('',#2744,#2770,#1026,.T.);
#4194=EDGE_CURVE('',#2772,#2618,#1006,.T.);
#4196=EDGE_CURVE('',#2770,#2772,#1030,.T.);
#4208=EDGE_CURVE('',#2774,#2616,#1014,.T.);
#4210=EDGE_CURVE('',#2772,#2774,#1034,.T.);
#4222=EDGE_CURVE('',#2776,#2614,#1018,.T.);
#4224=EDGE_CURVE('',#2774,#2776,#1038,.T.);
#4236=EDGE_CURVE('',#2776,#2658,#1042,.T.);
#4253=EDGE_CURVE('',#2662,#2658,#1066,.T.);
#4260=EDGE_CURVE('',#2714,#2744,#1062,.T.);
#4272=EDGE_CURVE('',#2664,#2656,#1074,.T.);
#4284=EDGE_CURVE('',#2666,#2654,#1078,.T.);
#4297=EDGE_CURVE('',#2668,#2652,#1086,.T.);
#4310=EDGE_CURVE('',#2650,#2670,#1082,.T.);
#4322=EDGE_CURVE('',#2648,#2672,#1091,.T.);
#4337=EDGE_CURVE('',#2674,#2646,#1108,.T.);
#4350=EDGE_CURVE('',#2676,#2644,#1120,.T.);
#4362=EDGE_CURVE('',#2642,#2678,#1116,.T.);
#4375=EDGE_CURVE('',#2680,#2640,#1128,.T.);
#4388=EDGE_CURVE('',#2638,#2682,#1124,.T.);
#4401=EDGE_CURVE('',#2684,#2636,#1136,.T.);
#4428=EDGE_CURVE('',#2746,#2740,#1144,.T.);
#4441=EDGE_CURVE('',#2738,#2748,#1148,.T.);
#4454=EDGE_CURVE('',#2736,#2750,#1152,.T.);
#4467=EDGE_CURVE('',#2734,#2752,#1156,.T.);
#4477=EDGE_CURVE('',#2732,#2754,#1161,.T.);
#4492=EDGE_CURVE('',#2756,#2730,#1178,.T.);
#4505=EDGE_CURVE('',#2758,#2728,#1186,.T.);
#4519=EDGE_CURVE('',#2726,#2760,#1190,.T.);
#4532=EDGE_CURVE('',#2762,#2724,#1194,.T.);
#4545=EDGE_CURVE('',#2722,#2764,#1198,.T.);
#4558=EDGE_CURVE('',#2766,#2720,#1202,.T.);
#4571=EDGE_CURVE('',#2718,#2768,#1206,.T.);
#4593=EDGE_CURVE('',#2780,#2779,#1215,.T.);
#4595=EDGE_CURVE('',#2779,#2790,#1220,.T.);
#4597=EDGE_CURVE('',#2780,#2790,#1230,.T.);
#4607=EDGE_CURVE('',#2779,#2780,#1225,.T.);
#4619=EDGE_CURVE('',#2784,#2783,#1235,.T.);
#4621=EDGE_CURVE('',#2783,#2792,#1240,.T.);
#4623=EDGE_CURVE('',#2784,#2792,#1250,.T.);
#4633=EDGE_CURVE('',#2783,#2784,#1245,.T.);
#4645=EDGE_CURVE('',#2788,#2794,#1265,.T.);
#4647=EDGE_CURVE('',#2788,#2787,#1255,.T.);
#4649=EDGE_CURVE('',#2787,#2794,#1260,.T.);
#4661=EDGE_CURVE('',#2787,#2788,#1270,.T.);
#4671=EDGE_CURVE('',#2795,#2706,#1277,.T.);
#4673=EDGE_CURVE('',#2706,#2705,#1282,.T.);
#4675=EDGE_CURVE('',#2705,#2796,#1289,.T.);
#4677=EDGE_CURVE('',#2795,#2796,#1302,.T.);
#4688=EDGE_CURVE('',#2795,#2798,#1293,.T.);
#4690=EDGE_CURVE('',#2708,#2798,#1322,.T.);
#4692=EDGE_CURVE('',#2708,#2706,#1297,.T.);
#4704=EDGE_CURVE('',#2796,#2800,#1306,.T.);
#4706=EDGE_CURVE('',#2800,#2798,#1311,.T.);
#4717=EDGE_CURVE('',#2705,#2710,#1315,.T.);
#4719=EDGE_CURVE('',#2800,#2710,#1329,.T.);
#4733=EDGE_CURVE('',#2710,#2708,#1334,.T.);
#4743=EDGE_CURVE('',#2806,#2804,#1339,.T.);
#4745=EDGE_CURVE('',#2804,#2803,#1344,.T.);
#4747=EDGE_CURVE('',#2803,#2814,#1348,.T.);
#4749=EDGE_CURVE('',#2816,#2814,#1422,.T.);
#4751=EDGE_CURVE('',#2818,#2816,#1417,.T.);
#4753=EDGE_CURVE('',#2818,#2806,#1352,.T.);
#4763=EDGE_CURVE('',#2803,#2812,#1356,.T.);
#4765=EDGE_CURVE('',#2820,#2812,#1374,.T.);
#4767=EDGE_CURVE('',#2822,#2820,#1452,.T.);
#4769=EDGE_CURVE('',#2814,#2822,#1463,.T.);
#4780=EDGE_CURVE('',#2812,#2810,#1361,.T.);
#4782=EDGE_CURVE('',#2810,#2808,#1366,.T.);
#4784=EDGE_CURVE('',#2808,#2824,#1370,.T.);
#4786=EDGE_CURVE('',#2826,#2824,#1483,.T.);
#4788=EDGE_CURVE('',#2820,#2826,#1478,.T.);
#4799=EDGE_CURVE('',#2808,#2806,#1378,.T.);
#4802=EDGE_CURVE('',#2828,#2818,#1391,.T.);
#4804=EDGE_CURVE('',#2824,#2828,#1402,.T.);
#4815=EDGE_CURVE('',#2831,#2832,#1382,.T.);
#4817=EDGE_CURVE('',#2832,#2828,#1387,.T.);
#4820=EDGE_CURVE('',#2833,#2818,#1439,.T.);
#4822=EDGE_CURVE('',#2835,#2833,#1558,.T.);
#4824=EDGE_CURVE('',#2835,#2824,#1398,.T.);
#4827=EDGE_CURVE('',#2828,#2831,#1407,.T.);
#4839=EDGE_CURVE('',#2832,#2831,#1412,.T.);
#4851=EDGE_CURVE('',#2836,#2814,#1459,.T.);
#4853=EDGE_CURVE('',#2836,#2838,#1427,.T.);
#4855=EDGE_CURVE('',#2838,#2833,#1432,.T.);
#4866=EDGE_CURVE('',#2841,#2842,#1443,.T.);
#4868=EDGE_CURVE('',#2842,#2822,#1448,.T.);
#4871=EDGE_CURVE('',#2843,#2820,#1500,.T.);
#4873=EDGE_CURVE('',#2836,#2843,#1598,.T.);
#4877=EDGE_CURVE('',#2822,#2841,#1468,.T.);
#4889=EDGE_CURVE('',#2842,#2841,#1473,.T.);
#4902=EDGE_CURVE('',#2835,#2845,#1488,.T.);
#4904=EDGE_CURVE('',#2845,#2843,#1493,.T.);
#4915=EDGE_CURVE('',#2849,#2851,#1525,.T.);
#4917=EDGE_CURVE('',#2848,#2849,#1520,.T.);
#4919=EDGE_CURVE('',#2848,#2843,#1504,.T.);
#4923=EDGE_CURVE('',#2835,#2851,#1508,.T.);
#4933=EDGE_CURVE('',#2854,#2855,#1530,.T.);
#4935=EDGE_CURVE('',#2854,#2848,#1515,.T.);
#4939=EDGE_CURVE('',#2855,#2851,#1554,.T.);
#4950=EDGE_CURVE('',#2855,#2857,#1534,.T.);
#4952=EDGE_CURVE('',#2857,#2859,#1539,.T.);
#4954=EDGE_CURVE('',#2859,#2854,#1543,.T.);
#4964=EDGE_CURVE('',#2851,#2861,#1547,.T.);
#4966=EDGE_CURVE('',#2857,#2861,#1573,.T.);
#4981=EDGE_CURVE('',#2861,#2833,#1562,.T.);
#4991=EDGE_CURVE('',#2863,#2865,#1583,.T.);
#4993=EDGE_CURVE('',#2861,#2863,#1578,.T.);
#4998=EDGE_CURVE('',#2836,#2865,#1566,.T.);
#5012=EDGE_CURVE('',#2859,#2865,#1590,.T.);
#5024=EDGE_CURVE('',#2865,#2848,#1594,.T.);
#5047=EDGE_CURVE('',#2871,#2868,#1602,.T.);
#5049=EDGE_CURVE('',#2868,#2869,#1607,.T.);
#5051=EDGE_CURVE('',#2873,#2869,#1611,.T.);
#5053=EDGE_CURVE('',#2871,#2873,#1636,.T.);
#5064=EDGE_CURVE('',#2873,#2871,#1626,.T.);
#5067=EDGE_CURVE('',#2869,#2868,#1616,.T.);
#5077=EDGE_CURVE('',#2875,#2871,#1631,.T.);
#5079=EDGE_CURVE('',#2875,#2873,#1621,.T.);
#5101=EDGE_CURVE('',#2602,#2580,#1640,.T.);
#5105=EDGE_CURVE('',#2485,#2602,#1657,.T.);
#5148=EDGE_CURVE('',#2524,#2485,#1689,.T.);
#5150=EDGE_CURVE('',#2524,#2602,#1671,.T.);
#5161=EDGE_CURVE('',#2483,#2514,#1684,.T.);
#5176=EDGE_CURVE('',#2516,#2492,#1702,.T.);
#5210=EDGE_CURVE('',#2607,#2608,#1716,.T.);
#5212=EDGE_CURVE('',#2608,#2876,#1723,.T.);
#5214=EDGE_CURVE('',#2876,#2878,#1727,.T.);
#5216=EDGE_CURVE('',#2878,#2604,#1734,.T.);
#5218=EDGE_CURVE('',#2604,#2602,#1738,.T.);
#5222=EDGE_CURVE('',#2522,#2607,#1755,.T.);
#5265=EDGE_CURVE('',#2880,#2522,#1774,.T.);
#5267=EDGE_CURVE('',#2880,#2607,#1769,.T.);
#5278=EDGE_CURVE('',#2881,#2520,#1795,.T.);
#5280=EDGE_CURVE('',#2880,#2881,#1836,.T.);
#5293=EDGE_CURVE('',#2531,#2881,#1782,.T.);
#5305=EDGE_CURVE('',#2546,#2534,#1828,.T.);
#5307=EDGE_CURVE('',#2546,#2881,#1799,.T.);
#5331=EDGE_CURVE('',#2883,#2544,#1840,.T.);
#5333=EDGE_CURVE('',#2883,#2885,#1832,.T.);
#5335=EDGE_CURVE('',#2880,#2885,#1947,.T.);
#5347=EDGE_CURVE('',#2888,#2889,#1848,.T.);
#5349=EDGE_CURVE('',#2883,#2888,#1907,.T.);
#5352=EDGE_CURVE('',#2889,#2544,#1867,.T.);
#5362=EDGE_CURVE('',#2553,#2889,#1858,.T.);
#5364=EDGE_CURVE('',#2553,#2891,#1844,.T.);
#5366=EDGE_CURVE('',#2888,#2891,#1970,.T.);
#5392=EDGE_CURVE('',#2889,#2550,#1863,.T.);
#5416=EDGE_CURVE('',#2891,#2559,#1875,.T.);
#5427=EDGE_CURVE('',#2893,#2573,#1885,.T.);
#5429=EDGE_CURVE('',#2891,#2893,#1975,.T.);
#5444=EDGE_CURVE('',#2895,#2579,#1903,.T.);
#5446=EDGE_CURVE('',#2895,#2893,#1899,.T.);
#5457=EDGE_CURVE('',#2883,#2579,#1920,.T.);
#5460=EDGE_CURVE('',#2895,#2888,#1965,.T.);
#5473=EDGE_CURVE('',#2577,#2885,#1925,.T.);
#5515=EDGE_CURVE('',#2885,#2588,#1960,.T.);
#5527=EDGE_CURVE('',#2588,#2607,#1943,.T.);
#5588=EDGE_CURVE('',#2425,#2426,#1994,.T.);
#5590=EDGE_CURVE('',#2426,#2897,#1998,.T.);
#5592=EDGE_CURVE('',#2897,#2899,#2002,.T.);
#5594=EDGE_CURVE('',#2899,#2901,#2006,.T.);
#5596=EDGE_CURVE('',#2901,#2903,#2011,.T.);
#5598=EDGE_CURVE('',#2905,#2903,#2118,.T.);
#5600=EDGE_CURVE('',#2905,#2907,#2016,.T.);
#5602=EDGE_CURVE('',#2907,#2909,#2021,.T.);
#5604=EDGE_CURVE('',#2911,#2909,#2106,.T.);
#5606=EDGE_CURVE('',#2911,#2913,#2026,.T.);
#5608=EDGE_CURVE('',#2915,#2913,#2094,.T.);
#5610=EDGE_CURVE('',#2915,#2917,#2030,.T.);
#5612=EDGE_CURVE('',#2917,#2425,#2034,.T.);
#5622=EDGE_CURVE('',#2430,#2429,#2038,.T.);
#5624=EDGE_CURVE('',#2429,#2921,#2042,.T.);
#5626=EDGE_CURVE('',#2921,#2923,#2046,.T.);
#5628=EDGE_CURVE('',#2923,#2925,#2050,.T.);
#5630=EDGE_CURVE('',#2925,#2927,#2055,.T.);
#5632=EDGE_CURVE('',#2927,#2929,#2059,.T.);
#5634=EDGE_CURVE('',#2929,#2932,#2064,.T.);
#5636=EDGE_CURVE('',#2932,#2933,#2069,.T.);
#5638=EDGE_CURVE('',#2933,#2935,#2073,.T.);
#5640=EDGE_CURVE('',#2935,#2937,#2078,.T.);
#5642=EDGE_CURVE('',#2939,#2937,#2134,.T.);
#5644=EDGE_CURVE('',#2939,#2919,#2082,.T.);
#5646=EDGE_CURVE('',#2919,#2430,#2086,.T.);
#5656=EDGE_CURVE('',#2925,#2913,#2102,.T.);
#5659=EDGE_CURVE('',#2923,#2915,#2090,.T.);
#5671=EDGE_CURVE('',#2911,#2927,#2098,.T.);
#5685=EDGE_CURVE('',#2929,#2909,#2110,.T.);
#5701=EDGE_CURVE('',#2905,#2933,#2114,.T.);
#5711=EDGE_CURVE('',#2935,#2903,#2126,.T.);
#5724=EDGE_CURVE('',#2901,#2937,#2122,.T.);
#5739=EDGE_CURVE('',#2899,#2939,#2130,.T.);
#5750=EDGE_CURVE('',#2433,#2434,#2138,.T.);
#5752=EDGE_CURVE('',#2434,#2941,#2142,.T.);
#5754=EDGE_CURVE('',#2941,#2943,#2146,.T.);
#5756=EDGE_CURVE('',#2943,#2945,#2150,.T.);
#5758=EDGE_CURVE('',#2945,#2947,#2155,.T.);
#5760=EDGE_CURVE('',#2949,#2947,#2262,.T.);
#5762=EDGE_CURVE('',#2949,#2951,#2160,.T.);
#5764=EDGE_CURVE('',#2951,#2953,#2165,.T.);
#5766=EDGE_CURVE('',#2955,#2953,#2250,.T.);
#5768=EDGE_CURVE('',#2955,#2957,#2170,.T.);
#5770=EDGE_CURVE('',#2959,#2957,#2238,.T.);
#5772=EDGE_CURVE('',#2959,#2961,#2174,.T.);
#5774=EDGE_CURVE('',#2961,#2433,#2178,.T.);
#5784=EDGE_CURVE('',#2438,#2437,#2182,.T.);
#5786=EDGE_CURVE('',#2437,#2965,#2186,.T.);
#5788=EDGE_CURVE('',#2965,#2967,#2190,.T.);
#5790=EDGE_CURVE('',#2967,#2969,#2194,.T.);
#5792=EDGE_CURVE('',#2969,#2971,#2199,.T.);
#5794=EDGE_CURVE('',#2971,#2973,#2203,.T.);
#5796=EDGE_CURVE('',#2973,#2976,#2208,.T.);
#5798=EDGE_CURVE('',#2976,#2977,#2213,.T.);
#5800=EDGE_CURVE('',#2977,#2979,#2217,.T.);
#5802=EDGE_CURVE('',#2979,#2981,#2222,.T.);
#5804=EDGE_CURVE('',#2983,#2981,#2278,.T.);
#5806=EDGE_CURVE('',#2983,#2963,#2226,.T.);
#5808=EDGE_CURVE('',#2963,#2438,#2230,.T.);
#5818=EDGE_CURVE('',#2969,#2957,#2246,.T.);
#5821=EDGE_CURVE('',#2967,#2959,#2234,.T.);
#5833=EDGE_CURVE('',#2955,#2971,#2242,.T.);
#5847=EDGE_CURVE('',#2973,#2953,#2254,.T.);
#5863=EDGE_CURVE('',#2949,#2977,#2258,.T.);
#5873=EDGE_CURVE('',#2979,#2947,#2270,.T.);
#5886=EDGE_CURVE('',#2945,#2981,#2266,.T.);
#5901=EDGE_CURVE('',#2943,#2983,#2274,.T.);
#5912=EDGE_CURVE('',#2441,#2442,#2282,.T.);
#5914=EDGE_CURVE('',#2442,#2985,#2286,.T.);
#5916=EDGE_CURVE('',#2985,#2987,#2290,.T.);
#5918=EDGE_CURVE('',#2987,#2989,#2294,.T.);
#5920=EDGE_CURVE('',#2989,#2991,#2299,.T.);
#5922=EDGE_CURVE('',#2993,#2991,#2406,.T.);
#5924=EDGE_CURVE('',#2993,#2995,#2304,.T.);
#5926=EDGE_CURVE('',#2995,#2997,#2309,.T.);
#5928=EDGE_CURVE('',#2999,#2997,#2394,.T.);
#5930=EDGE_CURVE('',#2999,#3001,#2314,.T.);
#5932=EDGE_CURVE('',#3003,#3001,#2382,.T.);
#5934=EDGE_CURVE('',#3003,#3005,#2318,.T.);
#5936=EDGE_CURVE('',#3005,#2441,#2322,.T.);
#5946=EDGE_CURVE('',#2446,#2445,#2326,.T.);
#5948=EDGE_CURVE('',#2445,#3009,#2330,.T.);
#5950=EDGE_CURVE('',#3009,#3011,#2334,.T.);
#5952=EDGE_CURVE('',#3011,#3013,#2338,.T.);
#5954=EDGE_CURVE('',#3013,#3015,#2343,.T.);
#5956=EDGE_CURVE('',#3015,#3017,#2347,.T.);
#5958=EDGE_CURVE('',#3017,#3020,#2352,.T.);
#5960=EDGE_CURVE('',#3020,#3021,#2357,.T.);
#5962=EDGE_CURVE('',#3021,#3023,#2361,.T.);
#5964=EDGE_CURVE('',#3023,#3025,#2366,.T.);
#5966=EDGE_CURVE('',#3027,#3025,#2422,.T.);
#5968=EDGE_CURVE('',#3027,#3007,#2370,.T.);
#5970=EDGE_CURVE('',#3007,#2446,#2374,.T.);
#5980=EDGE_CURVE('',#3013,#3001,#2390,.T.);
#5983=EDGE_CURVE('',#3011,#3003,#2378,.T.);
#5995=EDGE_CURVE('',#2999,#3015,#2386,.T.);
#6009=EDGE_CURVE('',#3017,#2997,#2398,.T.);
#6025=EDGE_CURVE('',#2993,#3021,#2402,.T.);
#6035=EDGE_CURVE('',#3023,#2991,#2414,.T.);
#6048=EDGE_CURVE('',#2989,#3025,#2410,.T.);
#6063=EDGE_CURVE('',#2987,#3027,#2418,.T.);
#6071=(LENGTH_UNIT()NAMED_UNIT(*)SI_UNIT(.MILLI.,.METRE.));
#6073=(NAMED_UNIT(*)PLANE_ANGLE_UNIT()SI_UNIT($,.RADIAN.));
#6076=(NAMED_UNIT(*)SI_UNIT($,.STERADIAN.)SOLID_ANGLE_UNIT());
#6079=MANIFOLD_SURFACE_SHAPE_REPRESENTATION('',(#6070),#6078);
#6086=PRODUCT_DEFINITION('design','',#6085,#6082);
#6087=PRODUCT_DEFINITION_SHAPE('','SHAPE FOR TL3_W0___50_SW0001.',#6086);
#6088=SHAPE_DEFINITION_REPRESENTATION(#6087,#6079);
ENDSEC;
END-ISO-10303-21;
