ISO-10303-21;
HEADER;
FILE_DESCRIPTION((''),'2;1');
FILE_NAME('TL3_WW_5407_SW0001','2015-09-07T',('brevel'),(''),
'CREO PARAMETRIC BY PTC INC, 2014440','CREO PARAMETRIC BY PTC INC, 2014440','');
FILE_SCHEMA(('CONFIG_CONTROL_DESIGN'));
ENDSEC;
DATA;
#1=CARTESIAN_POINT('',(-3.035857864376E0,4.2E-1,-1.9E0));
#2=CARTESIAN_POINT('',(-2.949554428313E0,4.2E-1,-1.9E0));
#3=CARTESIAN_POINT('',(-2.836651596929E0,4.2E-1,-1.925873344966E0));
#4=CARTESIAN_POINT('',(-2.713560658083E0,4.2E-1,-2.003272924796E0));
#5=CARTESIAN_POINT('',(-2.664074073453E0,4.2E-1,-2.060822255746E0));
#6=CARTESIAN_POINT('',(-2.645986090584E0,4.2E-1,-2.1E0));
#8=CARTESIAN_POINT('',(2.645986090585E0,4.2E-1,-2.1E0));
#9=CARTESIAN_POINT('',(2.664074073454E0,4.2E-1,-2.060822255747E0));
#10=CARTESIAN_POINT('',(2.713560658083E0,4.2E-1,-2.003272924796E0));
#11=CARTESIAN_POINT('',(2.836651596930E0,4.2E-1,-1.925873344966E0));
#12=CARTESIAN_POINT('',(2.949554428313E0,4.2E-1,-1.9E0));
#13=CARTESIAN_POINT('',(3.035857864376E0,4.2E-1,-1.9E0));
#15=DIRECTION('',(-1.E0,-1.173741670990E-14,0.E0));
#16=VECTOR('',#15,7.141421356240E-1);
#17=CARTESIAN_POINT('',(3.75E0,4.2E-1,1.9E0));
#18=LINE('',#17,#16);
#19=CARTESIAN_POINT('',(3.035857864376E0,4.2E-1,1.9E0));
#20=CARTESIAN_POINT('',(2.949554428313E0,4.2E-1,1.9E0));
#21=CARTESIAN_POINT('',(2.836651596929E0,4.2E-1,1.925873344966E0));
#22=CARTESIAN_POINT('',(2.713560658083E0,4.2E-1,2.003272924796E0));
#23=CARTESIAN_POINT('',(2.664074073453E0,4.2E-1,2.060822255746E0));
#24=CARTESIAN_POINT('',(2.645986090584E0,4.2E-1,2.1E0));
#26=CARTESIAN_POINT('',(-2.645986090584E0,4.2E-1,2.1E0));
#27=CARTESIAN_POINT('',(-2.664074073453E0,4.2E-1,2.060822255746E0));
#28=CARTESIAN_POINT('',(-2.713560658083E0,4.2E-1,2.003272924796E0));
#29=CARTESIAN_POINT('',(-2.836651596929E0,4.2E-1,1.925873344966E0));
#30=CARTESIAN_POINT('',(-2.949554428313E0,4.2E-1,1.9E0));
#31=CARTESIAN_POINT('',(-3.035857864376E0,4.2E-1,1.9E0));
#33=DIRECTION('',(-1.E0,0.E0,0.E0));
#34=VECTOR('',#33,7.141421356240E-1);
#35=CARTESIAN_POINT('',(-3.035857864376E0,4.2E-1,1.9E0));
#36=LINE('',#35,#34);
#37=CARTESIAN_POINT('',(-3.75E0,1.12E0,-1.9E0));
#38=DIRECTION('',(-1.960117891752E-13,-1.921834339179E-13,-1.E0));
#39=DIRECTION('',(-1.E0,-8.371081605701E-12,1.998401444332E-13));
#40=AXIS2_PLACEMENT_3D('',#37,#38,#39);
#42=DIRECTION('',(7.071067811866E-1,-7.071067811865E-1,0.E0));
#43=VECTOR('',#42,9.999494874095E-1);
#44=CARTESIAN_POINT('',(-3.742928927767E0,1.127071063391E0,-1.9E0));
#45=LINE('',#44,#43);
#46=DIRECTION('',(-1.E0,9.351067749680E-14,0.E0));
#47=VECTOR('',#46,7.141421356239E-1);
#48=CARTESIAN_POINT('',(-3.035857864376E0,4.199999999999E-1,-1.9E0));
#49=LINE('',#48,#47);
#50=CARTESIAN_POINT('',(-3.75E0,1.2E-1,-1.9E0));
#51=DIRECTION('',(0.E0,0.E0,1.E0));
#52=DIRECTION('',(0.E0,1.E0,0.E0));
#53=AXIS2_PLACEMENT_3D('',#50,#51,#52);
#55=CARTESIAN_POINT('',(-3.76E0,1.12E0,-2.19E0));
#56=DIRECTION('',(5.541261860497E-13,-1.E0,1.921834339178E-13));
#57=DIRECTION('',(4.992175255559E-13,1.921834339180E-13,1.E0));
#58=AXIS2_PLACEMENT_3D('',#55,#56,#57);
#60=CARTESIAN_POINT('',(-3.75E0,1.12E0,-2.19E0));
#61=DIRECTION('',(-1.960117891752E-13,-1.921834339179E-13,-1.E0));
#62=DIRECTION('',(-1.E0,-2.364900867728E-9,1.953992523340E-13));
#63=AXIS2_PLACEMENT_3D('',#60,#61,#62);
#65=CARTESIAN_POINT('',(-3.742928931514E0,1.127071067138E0,-2.19E0));
#66=DIRECTION('',(7.071067137708E-1,-7.071068486023E-1,0.E0));
#67=DIRECTION('',(7.071068484E-1,7.071067135686E-1,-2.391803771899E-5));
#68=AXIS2_PLACEMENT_3D('',#65,#66,#67);
#70=DIRECTION('',(-3.991362713646E-9,-1.E0,0.E0));
#71=VECTOR('',#70,7.001667969818E-1);
#72=CARTESIAN_POINT('',(-3.76E0,1.12E0,-1.9E0));
#73=LINE('',#72,#71);
#74=CARTESIAN_POINT('',(-3.760000002795E0,4.198332030182E-1,-1.9E0));
#75=CARTESIAN_POINT('',(-3.773463842917E0,4.193841584322E-1,-1.9E0));
#76=CARTESIAN_POINT('',(-3.801094489158E0,4.164757916190E-1,-1.902047860265E0));
#77=CARTESIAN_POINT('',(-3.840717804969E0,4.072710072535E-1,-1.910131053326E0));
#78=CARTESIAN_POINT('',(-3.886771055041E0,3.881166398234E-1,-1.928063547877E0));
#79=CARTESIAN_POINT('',(-3.914738079651E0,3.714480662595E-1,-1.944009279582E0));
#80=CARTESIAN_POINT('',(-3.948459215842E0,3.466290863440E-1,-1.967940584547E0));
#81=CARTESIAN_POINT('',(-3.982834262206E0,3.113134768962E-1,-2.002292978996E0));
#82=CARTESIAN_POINT('',(-4.009648308407E0,2.724260577154E-1,-2.040311387518E0));
#83=CARTESIAN_POINT('',(-4.029425120796E0,2.326861214030E-1,-2.079266689689E0));
#84=CARTESIAN_POINT('',(-4.045547539777E0,1.812203459985E-1,-2.129808385530E0));
#85=CARTESIAN_POINT('',(-4.05E0,1.413425749501E-1,-2.169016149337E0));
#86=CARTESIAN_POINT('',(-4.05E0,1.2E-1,-2.19E0));
#88=DIRECTION('',(0.E0,1.E0,1.820765761031E-14));
#89=VECTOR('',#88,9.999999996452E-1);
#90=CARTESIAN_POINT('',(-4.05E0,1.2E-1,-2.19E0));
#91=LINE('',#90,#89);
#92=DIRECTION('',(0.E0,0.E0,-1.E0));
#93=VECTOR('',#92,4.38E0);
#94=CARTESIAN_POINT('',(-4.05E0,1.2E-1,2.19E0));
#95=LINE('',#94,#93);
#96=DIRECTION('',(0.E0,0.E0,1.E0));
#97=VECTOR('',#96,3.8E0);
#98=CARTESIAN_POINT('',(-3.75E0,4.2E-1,-1.9E0));
#99=LINE('',#98,#97);
#100=CARTESIAN_POINT('',(-3.76E0,4.198332870113E-1,1.9E0));
#101=CARTESIAN_POINT('',(-3.773476385195E0,4.193838244006E-1,1.9E0));
#102=CARTESIAN_POINT('',(-3.801113181759E0,4.164743358073E-1,1.902050578674E0));
#103=CARTESIAN_POINT('',(-3.840757947013E0,4.072581972979E-1,1.910141949019E0));
#104=CARTESIAN_POINT('',(-3.886799006786E0,3.881033134186E-1,1.928078592452E0));
#105=CARTESIAN_POINT('',(-3.914772176530E0,3.714246749640E-1,1.944029122576E0));
#106=CARTESIAN_POINT('',(-3.948488756464E0,3.466030777483E-1,1.967965243352E0));
#107=CARTESIAN_POINT('',(-3.982860171141E0,3.112810708691E-1,2.002324777086E0));
#108=CARTESIAN_POINT('',(-4.009657594762E0,2.724089374598E-1,2.040328659310E0));
#109=CARTESIAN_POINT('',(-4.029431754880E0,2.326695209350E-1,2.079283227196E0));
#110=CARTESIAN_POINT('',(-4.045548593631E0,1.812129726767E-1,2.129817764554E0));
#111=CARTESIAN_POINT('',(-4.05E0,1.413396384339E-1,2.169019036496E0));
#112=CARTESIAN_POINT('',(-4.05E0,1.2E-1,2.19E0));
#114=DIRECTION('',(1.745002206548E-2,-9.996955138819E-1,-1.744638227127E-2));
#115=VECTOR('',#114,6.557232131445E0);
#116=CARTESIAN_POINT('',(-4.049999998654E0,1.199999497471E-1,2.210019322429E0));
#117=LINE('',#116,#115);
#118=DIRECTION('',(-1.745249561505E-2,9.996954706988E-1,-1.744638246556E-2));
#119=VECTOR('',#118,6.557232110648E0);
#120=CARTESIAN_POINT('',(-3.935559934796E0,-6.435235245763E0,
-2.095619343841E0));
#121=LINE('',#120,#119);
#122=DIRECTION('',(-6.721697361402E-8,2.510219003796E-6,-9.999999999968E-1));
#123=VECTOR('',#122,2.001932242899E-2);
#124=CARTESIAN_POINT('',(-4.049999998654E0,1.199999497471E-1,2.210019322429E0));
#125=LINE('',#124,#123);
#126=DIRECTION('',(1.658505379569E-7,-1.657846580746E-7,1.E0));
#127=VECTOR('',#126,1.999348740153E-2);
#128=CARTESIAN_POINT('',(-3.537867965476E0,1.332132034161E0,2.190003302625E0));
#129=LINE('',#128,#127);
#130=DIRECTION('',(-2.626329124982E-9,1.332520287598E-7,-1.E0));
#131=VECTOR('',#130,2.000552105065E-2);
#132=CARTESIAN_POINT('',(-4.049999999947E0,1.119999999645E0,2.210005521051E0));
#133=LINE('',#132,#131);
#134=CARTESIAN_POINT('',(-3.742928932188E0,1.127071067812E0,2.19E0));
#135=DIRECTION('',(7.071067811877E-1,-7.071067811854E-1,-4.011856937526E-13));
#136=DIRECTION('',(-3.813041836302E-13,1.868237365577E-13,-1.E0));
#137=AXIS2_PLACEMENT_3D('',#134,#135,#136);
#139=CARTESIAN_POINT('',(-3.75E0,1.12E0,2.19E0));
#140=DIRECTION('',(-3.368952626449E-14,-6.010517754005E-13,1.E0));
#141=DIRECTION('',(7.071067823935E-1,7.071067799796E-1,4.485301019483E-13));
#142=AXIS2_PLACEMENT_3D('',#139,#140,#141);
#144=CARTESIAN_POINT('',(-3.76E0,1.120000000542E0,2.19E0));
#145=DIRECTION('',(-5.420781670207E-8,-1.E0,-6.010517772268E-13));
#146=DIRECTION('',(-1.E0,5.420781677944E-8,7.350442094075E-13));
#147=AXIS2_PLACEMENT_3D('',#144,#145,#146);
#149=CARTESIAN_POINT('',(-3.75E0,1.12E0,1.9E0));
#150=DIRECTION('',(-3.368952626449E-14,-6.010517754005E-13,1.E0));
#151=DIRECTION('',(7.071067812354E-1,7.071067811377E-1,4.440892098412E-13));
#152=AXIS2_PLACEMENT_3D('',#149,#150,#151);
#154=CARTESIAN_POINT('',(-3.75E0,1.2E-1,1.9E0));
#155=DIRECTION('',(0.E0,0.E0,-1.E0));
#156=DIRECTION('',(-3.333333333333E-2,9.994442900377E-1,0.E0));
#157=AXIS2_PLACEMENT_3D('',#154,#155,#156);
#159=DIRECTION('',(-7.071067811865E-1,7.071067811865E-1,0.E0));
#160=VECTOR('',#159,9.999494936610E-1);
#161=CARTESIAN_POINT('',(-3.035857864376E0,4.2E-1,1.9E0));
#162=LINE('',#161,#160);
#163=DIRECTION('',(0.E0,1.E0,0.E0));
#164=VECTOR('',#163,7.001667165430E-1);
#165=CARTESIAN_POINT('',(-3.76E0,4.198332870113E-1,1.9E0));
#166=LINE('',#165,#164);
#167=DIRECTION('',(0.E0,-1.E0,5.506706189415E-14));
#168=VECTOR('',#167,1.000000002311E0);
#169=CARTESIAN_POINT('',(-4.05E0,1.120000002311E0,2.19E0));
#170=LINE('',#169,#168);
#171=DIRECTION('',(-7.071068010714E-1,7.071067612890E-1,-4.221874605642E-6));
#172=VECTOR('',#171,1.309495415944E0);
#173=CARTESIAN_POINT('',(-2.611914850890E0,4.061789716707E-1,2.190008831151E0));
#174=LINE('',#173,#172);
#175=CARTESIAN_POINT('',(-2.604844591184E0,3.991088320421E-1,2.209991467423E0));
#176=CARTESIAN_POINT('',(-2.605710241638E0,3.999744824969E-1,2.207794736817E0));
#177=CARTESIAN_POINT('',(-2.607387630750E0,4.016516260697E-1,2.203389006330E0));
#178=CARTESIAN_POINT('',(-2.609742947510E0,4.040070148758E-1,2.196727647955E0));
#179=CARTESIAN_POINT('',(-2.611208167278E0,4.054722880582E-1,2.192255577424E0));
#180=CARTESIAN_POINT('',(-2.611914850890E0,4.061789716707E-1,2.190008831151E0));
#182=CARTESIAN_POINT('',(-2.611914850890E0,4.061789716707E-1,2.190008831151E0));
#183=CARTESIAN_POINT('',(-2.615013482782E0,4.092779209207E-1,2.180156398527E0));
#184=CARTESIAN_POINT('',(-2.621585338773E0,4.144269809373E-1,2.160222766452E0));
#185=CARTESIAN_POINT('',(-2.632813639436E0,4.190058968449E-1,2.130039369607E0));
#186=CARTESIAN_POINT('',(-2.641389080359E0,4.200000000001E-1,2.109956914057E0));
#187=CARTESIAN_POINT('',(-2.645986090584E0,4.200000000001E-1,2.1E0));
#189=DIRECTION('',(1.E0,0.E0,0.E0));
#190=VECTOR('',#189,5.291972181168E0);
#191=CARTESIAN_POINT('',(-2.645986090584E0,4.200000000001E-1,2.1E0));
#192=LINE('',#191,#190);
#193=CARTESIAN_POINT('',(2.645986090584E0,4.2E-1,2.1E0));
#194=CARTESIAN_POINT('',(2.641389105303E0,4.2E-1,2.109956860032E0));
#195=CARTESIAN_POINT('',(2.632813691548E0,4.190059078155E-1,2.130039240941E0));
#196=CARTESIAN_POINT('',(2.621585382704E0,4.144270090129E-1,2.160222637523E0));
#197=CARTESIAN_POINT('',(2.615013500245E0,4.092779383857E-1,2.180156344162E0));
#198=CARTESIAN_POINT('',(2.611914851256E0,4.061789720360E-1,2.190008831150E0));
#200=CARTESIAN_POINT('',(2.604843668182E0,3.991078652532E-1,2.209993780344E0));
#201=CARTESIAN_POINT('',(2.598091495757E0,3.923562291920E-1,2.227125920211E0));
#202=CARTESIAN_POINT('',(2.585700949569E0,3.756279243433E-1,2.260203744412E0));
#203=CARTESIAN_POINT('',(2.568657011217E0,3.424674739293E-1,2.303711030707E0));
#204=CARTESIAN_POINT('',(2.550523565747E0,3.022697303340E-1,2.340284734197E0));
#205=CARTESIAN_POINT('',(2.529102838515E0,2.577796174758E-1,2.368108105153E0));
#206=CARTESIAN_POINT('',(2.502789044716E0,2.125553967730E-1,2.386600566771E0));
#207=CARTESIAN_POINT('',(2.471327353055E0,1.687610920426E-1,2.397218503802E0));
#208=CARTESIAN_POINT('',(2.442314583970E0,1.362953872905E-1,2.4E0));
#209=CARTESIAN_POINT('',(2.426019196680E0,1.200000000001E-1,2.4E0));
#211=DIRECTION('',(-1.E0,-1.371464674095E-14,-1.684084254655E-14));
#212=VECTOR('',#211,4.852038393360E0);
#213=CARTESIAN_POINT('',(2.426019196680E0,1.200000000001E-1,2.4E0));
#214=LINE('',#213,#212);
#215=CARTESIAN_POINT('',(-2.426019196680E0,1.2E-1,2.4E0));
#216=CARTESIAN_POINT('',(-2.434533742170E0,1.285145454902E-1,2.4E0));
#217=CARTESIAN_POINT('',(-2.450413700822E0,1.452949323127E-1,2.399269073517E0));
#218=CARTESIAN_POINT('',(-2.470678364613E0,1.692008912237E-1,2.396255054651E0));
#219=CARTESIAN_POINT('',(-2.488195943785E0,1.922892173043E-1,2.391474170041E0));
#220=CARTESIAN_POINT('',(-2.503475253235E0,2.147833834095E-1,2.384956947981E0));
#221=CARTESIAN_POINT('',(-2.517041661473E0,2.370211937858E-1,2.376583128343E0));
#222=CARTESIAN_POINT('',(-2.529190106539E0,2.590436088116E-1,2.366214647490E0));
#223=CARTESIAN_POINT('',(-2.540200549140E0,2.808197921020E-1,2.353681561354E0));
#224=CARTESIAN_POINT('',(-2.550300782883E0,3.021348195620E-1,2.338868813605E0));
#225=CARTESIAN_POINT('',(-2.559721050384E0,3.226532547187E-1,2.321755159819E0));
#226=CARTESIAN_POINT('',(-2.568691944997E0,3.419414822103E-1,2.302466619229E0));
#227=CARTESIAN_POINT('',(-2.577433791824E0,3.595319121631E-1,2.281321100162E0));
#228=CARTESIAN_POINT('',(-2.586210910636E0,3.751340877604E-1,2.258615272521E0));
#229=CARTESIAN_POINT('',(-2.595255403962E0,3.885133473604E-1,2.234711502442E0));
#230=CARTESIAN_POINT('',(-2.601575299970E0,3.958398005465E-1,2.218287173270E0));
#231=CARTESIAN_POINT('',(-2.604844591184E0,3.991088320421E-1,2.209991467423E0));
#233=DIRECTION('',(7.071068464224E-1,-7.071067159392E-1,-4.033821353147E-6));
#234=VECTOR('',#233,1.319494183513E0);
#235=CARTESIAN_POINT('',(-3.537867962160E0,1.332132030847E0,2.209996790027E0));
#236=LINE('',#235,#234);
#237=DIRECTION('',(7.071067811865E-1,-7.071067811866E-1,0.E0));
#238=VECTOR('',#237,1.424213556121E0);
#239=CARTESIAN_POINT('',(-3.742928927767E0,1.127071063391E0,2.5E0));
#240=LINE('',#239,#238);
#241=CARTESIAN_POINT('',(-3.760007361401E0,1.119981612024E0,2.499999999930E0));
#242=CARTESIAN_POINT('',(-3.760007361401E0,1.121394547395E0,2.499999999930E0));
#243=CARTESIAN_POINT('',(-3.759465096060E0,1.123920525394E0,2.500000000033E0));
#244=CARTESIAN_POINT('',(-3.757238768383E0,1.127278608525E0,2.499999999991E0));
#245=CARTESIAN_POINT('',(-3.753923916648E0,1.129471867127E0,2.500000000002E0));
#246=CARTESIAN_POINT('',(-3.750029153859E0,1.130263986887E0,2.499999999999E0));
#247=CARTESIAN_POINT('',(-3.746080622529E0,1.129470827330E0,2.5E0));
#248=CARTESIAN_POINT('',(-3.743908642718E0,1.128050778342E0,2.5E0));
#249=CARTESIAN_POINT('',(-3.742928927767E0,1.127071063391E0,2.5E0));
#251=DIRECTION('',(1.E0,1.599376397722E-14,0.E0));
#252=VECTOR('',#251,5.471715728752E0);
#253=CARTESIAN_POINT('',(-2.735857864376E0,1.199999999999E-1,2.5E0));
#254=LINE('',#253,#252);
#255=DIRECTION('',(1.E0,-4.906582982868E-8,-1.313775628651E-9));
#256=VECTOR('',#255,1.024161458053E0);
#257=CARTESIAN_POINT('',(2.735857864376E0,1.2E-1,2.5E0));
#258=LINE('',#257,#256);
#259=DIRECTION('',(-1.744638227124E-2,-9.996955138819E-1,-1.745002206525E-2));
#260=VECTOR('',#259,6.557232131446E0);
#261=CARTESIAN_POINT('',(3.760019322429E0,1.199999497487E-1,2.499999998654E0));
#262=LINE('',#261,#260);
#263=DIRECTION('',(-1.744638246557E-2,9.996954706988E-1,1.745249561158E-2));
#264=VECTOR('',#263,6.557232110648E0);
#265=CARTESIAN_POINT('',(-3.645619343841E0,-6.435235245763E0,2.385559934819E0));
#266=LINE('',#265,#264);
#267=DIRECTION('',(1.E0,4.323036020498E-9,5.328828776895E-10));
#268=VECTOR('',#267,1.024161458783E0);
#269=CARTESIAN_POINT('',(-3.760019323159E0,1.199999955724E-1,2.499999999454E0));
#270=LINE('',#269,#268);
#271=CARTESIAN_POINT('',(-2.735857864376E0,1.2E-1,2.5E0));
#272=CARTESIAN_POINT('',(-2.678284566911E0,1.2E-1,2.5E0));
#273=CARTESIAN_POINT('',(-2.569062422464E0,1.2E-1,2.483358807345E0));
#274=CARTESIAN_POINT('',(-2.470640008657E0,1.2E-1,2.436382244564E0));
#275=CARTESIAN_POINT('',(-2.426019196680E0,1.2E-1,2.4E0));
#277=CARTESIAN_POINT('',(2.426019196680E0,1.2E-1,2.4E0));
#278=CARTESIAN_POINT('',(2.470640008656E0,1.2E-1,2.436382244564E0));
#279=CARTESIAN_POINT('',(2.569062422464E0,1.2E-1,2.483358807345E0));
#280=CARTESIAN_POINT('',(2.678284566911E0,1.2E-1,2.5E0));
#281=CARTESIAN_POINT('',(2.735857864376E0,1.2E-1,2.5E0));
#283=DIRECTION('',(7.071068298336E-1,7.071067325358E-1,2.280933990870E-6));
#284=VECTOR('',#283,1.319495524379E0);
#285=CARTESIAN_POINT('',(2.604843668182E0,3.991078652532E-1,2.209993780344E0));
#286=LINE('',#285,#284);
#287=DIRECTION('',(7.071067811866E-1,7.071067811865E-1,0.E0));
#288=VECTOR('',#287,1.424213562373E0);
#289=CARTESIAN_POINT('',(2.735857864376E0,1.2E-1,2.5E0));
#290=LINE('',#289,#288);
#291=CARTESIAN_POINT('',(3.742928932188E0,1.127071067812E0,2.5E0));
#292=CARTESIAN_POINT('',(3.743908456046E0,1.128050591670E0,2.5E0));
#293=CARTESIAN_POINT('',(3.746080011E0,1.129470504854E0,2.5E0));
#294=CARTESIAN_POINT('',(3.750028067578E0,1.130263954658E0,2.499999999999E0));
#295=CARTESIAN_POINT('',(3.753922793517E0,1.129472332389E0,2.500000000002E0));
#296=CARTESIAN_POINT('',(3.757238023047E0,1.127279399251E0,2.499999999991E0));
#297=CARTESIAN_POINT('',(3.759464891671E0,1.123921186478E0,2.500000000033E0));
#298=CARTESIAN_POINT('',(3.760007361401E0,1.121394810012E0,2.499999999930E0));
#299=CARTESIAN_POINT('',(3.760007361401E0,1.119981608797E0,2.499999999930E0));
#301=CARTESIAN_POINT('',(3.742928932188E0,1.127071067812E0,2.21E0));
#302=DIRECTION('',(-7.071067811850E-1,-7.071067811881E-1,1.557640001252E-12));
#303=DIRECTION('',(6.952293147309E-13,1.506840629284E-12,1.E0));
#304=AXIS2_PLACEMENT_3D('',#301,#302,#303);
#306=CARTESIAN_POINT('',(3.75E0,1.12E0,2.21E0));
#307=DIRECTION('',(-1.451712313579E-12,-7.511233014878E-13,-1.E0));
#308=DIRECTION('',(-7.071067828607E-1,7.071067795124E-1,4.958996176659E-13));
#309=AXIS2_PLACEMENT_3D('',#306,#307,#308);
#311=CARTESIAN_POINT('',(3.76E0,1.119999999047E0,2.21E0));
#312=DIRECTION('',(-9.533914507864E-8,-1.E0,7.511234398928E-13));
#313=DIRECTION('',(9.999999992751E-1,-9.533914500783E-8,3.807620968866E-5));
#314=AXIS2_PLACEMENT_3D('',#311,#312,#313);
#316=DIRECTION('',(-2.627661024995E-9,-2.343687190500E-7,1.E0));
#317=VECTOR('',#316,2.000552105022E-2);
#318=CARTESIAN_POINT('',(4.05E0,1.119999999872E0,2.19E0));
#319=LINE('',#318,#317);
#320=DIRECTION('',(9.431371499436E-8,9.424050525330E-8,-1.E0));
#321=VECTOR('',#320,1.999348740153E-2);
#322=CARTESIAN_POINT('',(3.537867965405E0,1.332132034092E0,2.209996790027E0));
#323=LINE('',#322,#321);
#324=CARTESIAN_POINT('',(3.76E0,1.12E0,2.19E0));
#325=DIRECTION('',(-2.139510790752E-12,-1.E0,-1.636239036986E-12));
#326=DIRECTION('',(-4.884981308353E-13,1.636239036983E-12,-1.E0));
#327=AXIS2_PLACEMENT_3D('',#324,#325,#326);
#329=CARTESIAN_POINT('',(3.75E0,1.12E0,2.19E0));
#330=DIRECTION('',(-1.823828444591E-12,-1.636239036982E-12,1.E0));
#331=DIRECTION('',(1.E0,-3.552713678800E-14,1.823726355117E-12));
#332=AXIS2_PLACEMENT_3D('',#329,#330,#331);
#334=CARTESIAN_POINT('',(3.742928932571E0,1.127071068195E0,2.19E0));
#335=DIRECTION('',(-7.071068195121E-1,-7.071067428610E-1,-2.446637186773E-12));
#336=DIRECTION('',(-7.071067426776E-1,7.071068193287E-1,2.277672042697E-5));
#337=AXIS2_PLACEMENT_3D('',#334,#335,#336);
#339=DIRECTION('',(-7.071067811867E-1,-7.071067811864E-1,0.E0));
#340=VECTOR('',#339,9.999494972153E-1);
#341=CARTESIAN_POINT('',(3.742928934701E0,1.127071070325E0,1.9E0));
#342=LINE('',#341,#340);
#343=CARTESIAN_POINT('',(3.75E0,1.2E-1,1.9E0));
#344=DIRECTION('',(0.E0,0.E0,-1.E0));
#345=DIRECTION('',(0.E0,1.E0,0.E0));
#346=AXIS2_PLACEMENT_3D('',#343,#344,#345);
#348=CARTESIAN_POINT('',(3.750000000001E0,1.12E0,1.9E0));
#349=DIRECTION('',(-1.823828444591E-12,-1.636239036982E-12,1.E0));
#350=DIRECTION('',(1.E0,-4.853895063912E-11,1.820765760479E-12));
#351=AXIS2_PLACEMENT_3D('',#348,#349,#350);
#353=DIRECTION('',(-7.071068010714E-1,-7.071067612890E-1,4.221874599371E-6));
#354=VECTOR('',#353,1.309495417994E0);
#355=CARTESIAN_POINT('',(3.537867967291E0,1.332132035976E0,2.190003302625E0));
#356=LINE('',#355,#354);
#357=CARTESIAN_POINT('',(2.604843668182E0,3.991078652532E-1,2.209993780344E0));
#358=CARTESIAN_POINT('',(2.605699729484E0,3.999639265548E-1,2.207821542116E0));
#359=CARTESIAN_POINT('',(2.607366951735E0,4.016309674888E-1,2.203446059950E0));
#360=CARTESIAN_POINT('',(2.609722244936E0,4.039863064642E-1,2.196786469876E0));
#361=CARTESIAN_POINT('',(2.611200124638E0,4.054642454182E-1,2.192281148403E0));
#362=CARTESIAN_POINT('',(2.611914851256E0,4.061789720360E-1,2.190008831150E0));
#364=CARTESIAN_POINT('',(3.76E0,4.198332870113E-1,-1.9E0));
#365=CARTESIAN_POINT('',(3.773476385194E0,4.193838244006E-1,-1.9E0));
#366=CARTESIAN_POINT('',(3.801113181759E0,4.164743358073E-1,-1.902050578674E0));
#367=CARTESIAN_POINT('',(3.840757947013E0,4.072581972979E-1,-1.910141949019E0));
#368=CARTESIAN_POINT('',(3.886799006785E0,3.881033134187E-1,-1.928078592452E0));
#369=CARTESIAN_POINT('',(3.914772176530E0,3.714246749641E-1,-1.944029122575E0));
#370=CARTESIAN_POINT('',(3.948488756464E0,3.466030777483E-1,-1.967965243352E0));
#371=CARTESIAN_POINT('',(3.982860171141E0,3.112810708692E-1,-2.002324777086E0));
#372=CARTESIAN_POINT('',(4.009657594762E0,2.724089374599E-1,-2.040328659310E0));
#373=CARTESIAN_POINT('',(4.029431754880E0,2.326695209351E-1,-2.079283227196E0));
#374=CARTESIAN_POINT('',(4.045548593631E0,1.812129726768E-1,-2.129817764554E0));
#375=CARTESIAN_POINT('',(4.05E0,1.413396384340E-1,-2.169019036496E0));
#376=CARTESIAN_POINT('',(4.05E0,1.2E-1,-2.19E0));
#378=DIRECTION('',(0.E0,0.E0,1.E0));
#379=VECTOR('',#378,4.38E0);
#380=CARTESIAN_POINT('',(4.05E0,1.2E-1,-2.19E0));
#381=LINE('',#380,#379);
#382=DIRECTION('',(0.E0,0.E0,-1.E0));
#383=VECTOR('',#382,3.8E0);
#384=CARTESIAN_POINT('',(3.75E0,4.2E-1,1.9E0));
#385=LINE('',#384,#383);
#386=DIRECTION('',(7.071067811867E-1,7.071067811864E-1,0.E0));
#387=VECTOR('',#386,9.999494936610E-1);
#388=CARTESIAN_POINT('',(3.035857864376E0,4.199999999998E-1,-1.9E0));
#389=LINE('',#388,#387);
#390=CARTESIAN_POINT('',(3.75E0,1.12E0,-1.9E0));
#391=DIRECTION('',(-1.477745129329E-12,-8.169710119138E-13,-1.E0));
#392=DIRECTION('',(-7.071067812819E-1,7.071067810912E-1,4.662936703543E-13));
#393=AXIS2_PLACEMENT_3D('',#390,#391,#392);
#395=CARTESIAN_POINT('',(3.75E0,1.2E-1,-1.9E0));
#396=DIRECTION('',(0.E0,0.E0,1.E0));
#397=DIRECTION('',(3.333333333333E-2,9.994442900377E-1,0.E0));
#398=AXIS2_PLACEMENT_3D('',#395,#396,#397);
#400=DIRECTION('',(-1.E0,-2.332714407048E-13,0.E0));
#401=VECTOR('',#400,7.141421356238E-1);
#402=CARTESIAN_POINT('',(3.75E0,4.2E-1,-1.9E0));
#403=LINE('',#402,#401);
#404=DIRECTION('',(7.071068032415E-1,7.071067591177E-1,4.432813044972E-6));
#405=VECTOR('',#404,1.309495626795E0);
#406=CARTESIAN_POINT('',(2.611914698886E0,4.061788253489E-1,-2.190009272865E0));
#407=LINE('',#406,#405);
#408=CARTESIAN_POINT('',(-2.604843648205E0,3.991078439464E-1,
-2.209993842287E0));
#409=CARTESIAN_POINT('',(-2.598091487722E0,3.923562152309E-1,
-2.227125949876E0));
#410=CARTESIAN_POINT('',(-2.585700947098E0,3.756279202811E-1,
-2.260203745427E0));
#411=CARTESIAN_POINT('',(-2.568657020832E0,3.424674925967E-1,
-2.303711009001E0));
#412=CARTESIAN_POINT('',(-2.550523577368E0,3.022697570329E-1,
-2.340284713697E0));
#413=CARTESIAN_POINT('',(-2.529102855341E0,2.577796492241E-1,
-2.368108089346E0));
#414=CARTESIAN_POINT('',(-2.502789056888E0,2.125554147063E-1,
-2.386600561864E0));
#415=CARTESIAN_POINT('',(-2.471327360365E0,1.687611005106E-1,
-2.397218502827E0));
#416=CARTESIAN_POINT('',(-2.442314586528E0,1.362953898476E-1,-2.4E0));
#417=CARTESIAN_POINT('',(-2.426019196680E0,1.2E-1,-2.4E0));
#419=DIRECTION('',(1.E0,1.667209089740E-14,-2.041036895588E-14));
#420=VECTOR('',#419,4.852038393360E0);
#421=CARTESIAN_POINT('',(-2.426019196680E0,1.2E-1,-2.4E0));
#422=LINE('',#421,#420);
#423=CARTESIAN_POINT('',(2.426019196680E0,1.2E-1,-2.4E0));
#424=CARTESIAN_POINT('',(2.434533739572E0,1.285145428918E-1,-2.4E0));
#425=CARTESIAN_POINT('',(2.450413693671E0,1.452949246056E-1,-2.399269073967E0));
#426=CARTESIAN_POINT('',(2.470678352658E0,1.692008765772E-1,-2.396255056896E0));
#427=CARTESIAN_POINT('',(2.488195928350E0,1.922891960385E-1,-2.391474175127E0));
#428=CARTESIAN_POINT('',(2.503475235292E0,2.147833557483E-1,-2.384956956971E0));
#429=CARTESIAN_POINT('',(2.517041641497E0,2.370211595047E-1,-2.376583142612E0));
#430=CARTESIAN_POINT('',(2.529190085119E0,2.590435683176E-1,-2.366214668356E0));
#431=CARTESIAN_POINT('',(2.540200526271E0,2.808197453040E-1,-2.353681590704E0));
#432=CARTESIAN_POINT('',(2.550300758897E0,3.021347678501E-1,-2.338868852645E0));
#433=CARTESIAN_POINT('',(2.559721024778E0,3.226531988699E-1,-2.321755210504E0));
#434=CARTESIAN_POINT('',(2.568691917979E0,3.419414252200E-1,-2.302466681128E0));
#435=CARTESIAN_POINT('',(2.577433761617E0,3.595318547608E-1,-2.281321176008E0));
#436=CARTESIAN_POINT('',(2.586210879860E0,3.751340359361E-1,-2.258615354329E0));
#437=CARTESIAN_POINT('',(2.595255359420E0,3.885132902984E-1,-2.234711616822E0));
#438=CARTESIAN_POINT('',(2.601575275325E0,3.958397721353E-1,-2.218287242508E0));
#439=CARTESIAN_POINT('',(2.604844566530E0,3.991088058489E-1,-2.209991540564E0));
#441=CARTESIAN_POINT('',(2.604844566530E0,3.991088058489E-1,-2.209991540564E0));
#442=CARTESIAN_POINT('',(2.605710183130E0,3.999744224485E-1,-2.207794898394E0));
#443=CARTESIAN_POINT('',(2.607387521913E0,4.016515187083E-1,-2.203389295535E0));
#444=CARTESIAN_POINT('',(2.609742777091E0,4.040068416005E-1,-2.196728150367E0));
#445=CARTESIAN_POINT('',(2.611207976891E0,4.054721033530E-1,-2.192256122978E0));
#446=CARTESIAN_POINT('',(2.611914698886E0,4.061788253489E-1,-2.190009272865E0));
#448=CARTESIAN_POINT('',(2.611914698886E0,4.061788253489E-1,-2.190009272865E0));
#449=CARTESIAN_POINT('',(2.615013451464E0,4.092779111988E-1,-2.180156485724E0));
#450=CARTESIAN_POINT('',(2.621585386830E0,4.144270048748E-1,-2.160222642949E0));
#451=CARTESIAN_POINT('',(2.632813658165E0,4.190058999652E-1,-2.130039317860E0));
#452=CARTESIAN_POINT('',(2.641389093177E0,4.199999999999E-1,-2.109956886297E0));
#453=CARTESIAN_POINT('',(2.645986090584E0,4.199999999999E-1,-2.1E0));
#455=DIRECTION('',(-1.E0,1.704574734383E-14,0.E0));
#456=VECTOR('',#455,5.291972181168E0);
#457=CARTESIAN_POINT('',(2.645986090584E0,4.199999999999E-1,-2.1E0));
#458=LINE('',#457,#456);
#459=CARTESIAN_POINT('',(-2.645986090584E0,4.2E-1,-2.1E0));
#460=CARTESIAN_POINT('',(-2.641389118466E0,4.2E-1,-2.109956831520E0));
#461=CARTESIAN_POINT('',(-2.632813711003E0,4.190059110897E-1,
-2.130039187407E0));
#462=CARTESIAN_POINT('',(-2.621585431366E0,4.144270333344E-1,
-2.160222512228E0));
#463=CARTESIAN_POINT('',(-2.615013469182E0,4.092779289194E-1,
-2.180156430604E0));
#464=CARTESIAN_POINT('',(-2.611914699269E0,4.061788257320E-1,
-2.190009272865E0));
#466=CARTESIAN_POINT('',(-2.604843648205E0,3.991078439464E-1,
-2.209993842287E0));
#467=CARTESIAN_POINT('',(-2.605699675956E0,3.999638716974E-1,
-2.207821690922E0));
#468=CARTESIAN_POINT('',(-2.607366842477E0,4.016308596090E-1,
-2.203446351527E0));
#469=CARTESIAN_POINT('',(-2.609722074926E0,4.039861336251E-1,
-2.196786966568E0));
#470=CARTESIAN_POINT('',(-2.611199934668E0,4.054640611305E-1,
-2.192281692480E0));
#471=CARTESIAN_POINT('',(-2.611914699269E0,4.061788257320E-1,
-2.190009272865E0));
#473=DIRECTION('',(7.071068032416E-1,-7.071067591176E-1,-4.432813067090E-6));
#474=VECTOR('',#473,1.309495621663E0);
#475=CARTESIAN_POINT('',(-3.537867962163E0,1.332132030845E0,-2.190003468116E0));
#476=LINE('',#475,#474);
#477=DIRECTION('',(2.627083868306E-9,1.332514738023E-7,-1.E0));
#478=VECTOR('',#477,2.000552105053E-2);
#479=CARTESIAN_POINT('',(-4.05E0,1.119999999645E0,-2.19E0));
#480=LINE('',#479,#478);
#481=DIRECTION('',(1.657073943989E-7,-1.659314897190E-7,1.E0));
#482=VECTOR('',#481,1.999334941986E-2);
#483=CARTESIAN_POINT('',(-3.537867965476E0,1.332132034163E0,-2.209996817536E0));
#484=LINE('',#483,#482);
#485=DIRECTION('',(2.726449444988E-8,-2.211868388430E-7,-1.E0));
#486=VECTOR('',#485,2.001932315869E-2);
#487=CARTESIAN_POINT('',(-4.05E0,1.2E-1,-2.19E0));
#488=LINE('',#487,#486);
#489=DIRECTION('',(1.196124760550E-5,9.999999999285E-1,-1.275550621610E-9));
#490=VECTOR('',#489,9.999816689177E-1);
#491=CARTESIAN_POINT('',(-3.760019322429E0,1.199999497568E-1,
-2.499999998654E0));
#492=LINE('',#491,#490);
#493=DIRECTION('',(4.932543229015E-10,-9.999999999048E-1,-1.380210808248E-5));
#494=VECTOR('',#493,1.000000006834E0);
#495=CARTESIAN_POINT('',(-4.049999999947E0,1.120000002311E0,-2.210005521050E0));
#496=LINE('',#495,#494);
#497=CARTESIAN_POINT('',(-4.049999999454E0,1.199999955720E-1,
-2.210019323159E0));
#498=CARTESIAN_POINT('',(-4.049999356521E0,1.198660778023E-1,
-2.226904748582E0));
#499=CARTESIAN_POINT('',(-4.047033218225E0,1.196195919012E-1,
-2.260652534355E0));
#500=CARTESIAN_POINT('',(-4.033936943203E0,1.192426046608E-1,
-2.309581962204E0));
#501=CARTESIAN_POINT('',(-4.012419003515E0,1.190707023895E-1,
-2.355764081136E0));
#502=CARTESIAN_POINT('',(-3.983271742366E0,1.189434021492E-1,
-2.397360852344E0));
#503=CARTESIAN_POINT('',(-3.947448890381E0,1.189433163803E-1,
-2.433198219524E0));
#504=CARTESIAN_POINT('',(-3.905854605223E0,1.190702758505E-1,
-2.462367849612E0));
#505=CARTESIAN_POINT('',(-3.859658532737E0,1.192423170159E-1,
-2.483910866077E0));
#506=CARTESIAN_POINT('',(-3.810699274093E0,1.196190682159E-1,
-2.497027288816E0));
#507=CARTESIAN_POINT('',(-3.776921582471E0,1.198658101010E-1,
-2.499999355080E0));
#508=CARTESIAN_POINT('',(-3.760019322429E0,1.199999497568E-1,
-2.499999998654E0));
#510=DIRECTION('',(-7.071067811866E-1,7.071067811865E-1,0.E0));
#511=VECTOR('',#510,1.424213562373E0);
#512=CARTESIAN_POINT('',(-2.735857864376E0,1.199999999999E-1,-2.5E0));
#513=LINE('',#512,#511);
#514=CARTESIAN_POINT('',(-3.742928932188E0,1.127071067812E0,-2.5E0));
#515=CARTESIAN_POINT('',(-3.743908456046E0,1.128050591670E0,-2.5E0));
#516=CARTESIAN_POINT('',(-3.746080010999E0,1.129470504828E0,-2.5E0));
#517=CARTESIAN_POINT('',(-3.750028067578E0,1.130263954746E0,-2.499999999999E0));
#518=CARTESIAN_POINT('',(-3.753922793517E0,1.129472332062E0,-2.500000000002E0));
#519=CARTESIAN_POINT('',(-3.757238023047E0,1.127279400471E0,-2.499999999991E0));
#520=CARTESIAN_POINT('',(-3.759464891671E0,1.123921181927E0,-2.500000000033E0));
#521=CARTESIAN_POINT('',(-3.760007361401E0,1.121394819818E0,-2.499999999930E0));
#522=CARTESIAN_POINT('',(-3.760007361401E0,1.119981618603E0,-2.499999999930E0));
#524=DIRECTION('',(1.E0,4.905781395961E-8,-1.313855413351E-9));
#525=VECTOR('',#524,1.024161458053E0);
#526=CARTESIAN_POINT('',(-3.760019322429E0,1.199999497568E-1,
-2.499999998654E0));
#527=LINE('',#526,#525);
#528=DIRECTION('',(-7.071068293299E-1,7.071067330396E-1,-2.254838345761E-6));
#529=VECTOR('',#528,1.319495553670E0);
#530=CARTESIAN_POINT('',(-2.604843648205E0,3.991078439464E-1,
-2.209993842287E0));
#531=LINE('',#530,#529);
#532=CARTESIAN_POINT('',(-2.426019196680E0,1.2E-1,-2.4E0));
#533=CARTESIAN_POINT('',(-2.470640008657E0,1.2E-1,-2.436382244564E0));
#534=CARTESIAN_POINT('',(-2.569062422464E0,1.2E-1,-2.483358807345E0));
#535=CARTESIAN_POINT('',(-2.678284566911E0,1.2E-1,-2.5E0));
#536=CARTESIAN_POINT('',(-2.735857864376E0,1.2E-1,-2.5E0));
#538=CARTESIAN_POINT('',(2.735857864376E0,1.2E-1,-2.5E0));
#539=CARTESIAN_POINT('',(2.678284566911E0,1.2E-1,-2.5E0));
#540=CARTESIAN_POINT('',(2.569062422464E0,1.2E-1,-2.483358807345E0));
#541=CARTESIAN_POINT('',(2.470640008656E0,1.2E-1,-2.436382244564E0));
#542=CARTESIAN_POINT('',(2.426019196680E0,1.2E-1,-2.4E0));
#544=DIRECTION('',(-1.E0,-1.941773818737E-14,0.E0));
#545=VECTOR('',#544,5.471715728752E0);
#546=CARTESIAN_POINT('',(2.735857864376E0,1.2E-1,-2.5E0));
#547=LINE('',#546,#545);
#548=DIRECTION('',(1.744638227123E-2,-9.996955138819E-1,1.745002206574E-2));
#549=VECTOR('',#548,6.557232131455E0);
#550=CARTESIAN_POINT('',(-3.760019322429E0,1.199999497568E-1,
-2.499999998654E0));
#551=LINE('',#550,#549);
#552=DIRECTION('',(1.744638246557E-2,9.996954706988E-1,-1.745249561371E-2));
#553=VECTOR('',#552,6.557232110648E0);
#554=CARTESIAN_POINT('',(3.645619343841E0,-6.435235245763E0,-2.385559934805E0));
#555=LINE('',#554,#553);
#556=CARTESIAN_POINT('',(-3.645622104296E0,-6.430174464643E0,
-2.095622104296E0));
#557=DIRECTION('',(1.744974916068E-2,-9.996954598819E-1,1.744974916068E-2));
#558=DIRECTION('',(-9.998477060261E-1,-1.745174218801E-2,3.806568495968E-5));
#559=AXIS2_PLACEMENT_3D('',#556,#557,#558);
#561=CARTESIAN_POINT('',(-3.935559934796E0,-6.435235245763E0,
-2.095619343841E0));
#562=CARTESIAN_POINT('',(-3.935395103410E0,-6.444678490544E0,
-2.095519767245E0));
#563=CARTESIAN_POINT('',(-3.934010482975E0,-6.466371338021E0,
-2.095310210271E0));
#564=CARTESIAN_POINT('',(-3.927718337247E0,-6.503899123763E0,
-2.095596486439E0));
#565=CARTESIAN_POINT('',(-3.910167862020E0,-6.553926569496E0,
-2.094538218860E0));
#566=CARTESIAN_POINT('',(-3.891787707932E0,-6.587889869122E0,
-2.094251022580E0));
#567=CARTESIAN_POINT('',(-3.863645606022E0,-6.627189820943E0,
-2.093151281677E0));
#568=CARTESIAN_POINT('',(-3.826916638394E0,-6.663027649794E0,
-2.091949148693E0));
#569=CARTESIAN_POINT('',(-3.783877672335E0,-6.692495647615E0,
-2.090716528528E0));
#570=CARTESIAN_POINT('',(-3.737604906355E0,-6.713670707390E0,
-2.088839920648E0));
#571=CARTESIAN_POINT('',(-3.687531996111E0,-6.726996705187E0,
-2.087662373181E0));
#572=CARTESIAN_POINT('',(-3.652975115143E0,-6.73E0,-2.086337319879E0));
#573=CARTESIAN_POINT('',(-3.635623626307E0,-6.73E0,-2.085623626307E0));
#575=DIRECTION('',(1.E0,5.377044432033E-14,0.E0));
#576=VECTOR('',#575,1.767422458735E0);
#577=CARTESIAN_POINT('',(-3.635623626307E0,-6.73E0,-2.085623626307E0));
#578=LINE('',#577,#576);
#579=CARTESIAN_POINT('',(-1.868201167572E0,-6.73E0,-2.085623626307E0));
#580=CARTESIAN_POINT('',(-1.828504505444E0,-6.729999673530E0,
-2.103407041636E0));
#581=CARTESIAN_POINT('',(-1.743957914346E0,-6.726828213845E0,
-2.139215079779E0));
#582=CARTESIAN_POINT('',(-1.602327767405E0,-6.712295276315E0,
-2.192117346348E0));
#583=CARTESIAN_POINT('',(-1.497265801115E0,-6.695696322282E0,
-2.226273333226E0));
#584=CARTESIAN_POINT('',(-1.442219809076E0,-6.685522706632E0,
-2.242811877762E0));
#586=DIRECTION('',(1.E0,0.E0,0.E0));
#587=VECTOR('',#586,2.884441307456E0);
#588=CARTESIAN_POINT('',(-1.442219809076E0,-6.685522706632E0,
-2.242811877762E0));
#589=LINE('',#588,#587);
#590=CARTESIAN_POINT('',(1.442221498380E0,-6.685522706632E0,-2.242811877762E0));
#591=CARTESIAN_POINT('',(1.497361994160E0,-6.695714152795E0,-2.226245297362E0));
#592=CARTESIAN_POINT('',(1.602548240306E0,-6.712326977217E0,-2.192040958096E0));
#593=CARTESIAN_POINT('',(1.744191701784E0,-6.726843584356E0,-2.139120014239E0));
#594=CARTESIAN_POINT('',(1.828601335408E0,-6.730000093879E0,-2.103362463801E0));
#595=CARTESIAN_POINT('',(1.868198136741E0,-6.73E0,-2.085623626307E0));
#597=DIRECTION('',(1.E0,-5.377035211326E-14,0.E0));
#598=VECTOR('',#597,1.767425489566E0);
#599=CARTESIAN_POINT('',(1.868198136741E0,-6.73E0,-2.085623626307E0));
#600=LINE('',#599,#598);
#601=DIRECTION('',(-9.999999999975E-1,-4.797229402179E-8,-2.224377247577E-6));
#602=VECTOR('',#601,7.291238687881E0);
#603=CARTESIAN_POINT('',(3.645619343841E0,-6.435235245763E0,-2.385559934805E0));
#604=LINE('',#603,#602);
#605=CARTESIAN_POINT('',(-3.645619344022E0,-6.435235595541E0,
-2.385576153270E0));
#606=CARTESIAN_POINT('',(-3.645605827639E0,-6.452481866888E0,
-2.385275120429E0));
#607=CARTESIAN_POINT('',(-3.645488062247E0,-6.486968657160E0,
-2.381693740728E0));
#608=CARTESIAN_POINT('',(-3.645003714974E0,-6.537157326061E0,
-2.367446185452E0));
#609=CARTESIAN_POINT('',(-3.644268503924E0,-6.584214018176E0,
-2.344714056393E0));
#610=CARTESIAN_POINT('',(-3.643250727578E0,-6.626686232093E0,
-2.314149465015E0));
#611=CARTESIAN_POINT('',(-3.641999020296E0,-6.663160698520E0,
-2.276776959633E0));
#612=CARTESIAN_POINT('',(-3.640579704363E0,-6.692552577466E0,
-2.233828224352E0));
#613=CARTESIAN_POINT('',(-3.638852973352E0,-6.714058672380E0,
-2.186617547513E0));
#614=CARTESIAN_POINT('',(-3.637633758283E0,-6.727094073063E0,
-2.136756264302E0));
#615=CARTESIAN_POINT('',(-3.636329480895E0,-6.73E0,-2.102642105444E0));
#616=CARTESIAN_POINT('',(-3.635623626307E0,-6.73E0,-2.085623626307E0));
#618=DIRECTION('',(1.E0,0.E0,0.E0));
#619=VECTOR('',#618,7.5E0);
#620=CARTESIAN_POINT('',(-3.75E0,-6.73E0,-2.475E0));
#621=LINE('',#620,#619);
#622=DIRECTION('',(-1.E0,0.E0,0.E0));
#623=VECTOR('',#622,7.5E0);
#624=CARTESIAN_POINT('',(3.75E0,-7.113218516866E0,2.475E0));
#625=LINE('',#624,#623);
#626=DIRECTION('',(0.E0,1.E0,0.E0));
#627=VECTOR('',#626,3.832185168665E-1);
#628=CARTESIAN_POINT('',(-3.75E0,-7.113218516866E0,2.475E0));
#629=LINE('',#628,#627);
#630=DIRECTION('',(1.E0,0.E0,0.E0));
#631=VECTOR('',#630,7.5E0);
#632=CARTESIAN_POINT('',(-3.75E0,-6.73E0,2.475E0));
#633=LINE('',#632,#631);
#634=DIRECTION('',(0.E0,1.E0,0.E0));
#635=VECTOR('',#634,3.832185168665E-1);
#636=CARTESIAN_POINT('',(3.75E0,-7.113218516866E0,2.475E0));
#637=LINE('',#636,#635);
#638=DIRECTION('',(0.E0,1.184237892934E-14,-1.E0));
#639=VECTOR('',#638,2.25E-1);
#640=CARTESIAN_POINT('',(3.75E0,-6.73E0,2.475E0));
#641=LINE('',#640,#639);
#642=DIRECTION('',(0.E0,9.902680687421E-1,1.391731009563E-1));
#643=VECTOR('',#642,1.694640437598E-2);
#644=CARTESIAN_POINT('',(3.75E0,-7.13E0,2.472641516353E0));
#645=LINE('',#644,#643);
#646=CARTESIAN_POINT('',(4.1E0,-6.73E0,2.25E0));
#647=DIRECTION('',(0.E0,0.E0,-1.E0));
#648=DIRECTION('',(1.E0,0.E0,0.E0));
#649=AXIS2_PLACEMENT_3D('',#646,#647,#648);
#651=DIRECTION('',(0.E0,1.E0,0.E0));
#652=VECTOR('',#651,4.E-1);
#653=CARTESIAN_POINT('',(3.75E0,-7.13E0,2.25E0));
#654=LINE('',#653,#652);
#655=DIRECTION('',(1.E0,0.E0,0.E0));
#656=VECTOR('',#655,3.5E-1);
#657=CARTESIAN_POINT('',(3.75E0,-6.73E0,2.25E0));
#658=LINE('',#657,#656);
#659=DIRECTION('',(0.E0,-1.E0,0.E0));
#660=VECTOR('',#659,6.5E0);
#661=CARTESIAN_POINT('',(4.5E0,-2.3E-1,2.25E0));
#662=LINE('',#661,#660);
#663=DIRECTION('',(0.E0,0.E0,-1.E0));
#664=VECTOR('',#663,4.5E0);
#665=CARTESIAN_POINT('',(4.5E0,-6.73E0,2.25E0));
#666=LINE('',#665,#664);
#667=DIRECTION('',(0.E0,0.E0,1.E0));
#668=VECTOR('',#667,4.5E0);
#669=CARTESIAN_POINT('',(4.1E0,-7.13E0,-2.25E0));
#670=LINE('',#669,#668);
#671=DIRECTION('',(0.E0,1.E0,0.E0));
#672=VECTOR('',#671,3.6E0);
#673=CARTESIAN_POINT('',(4.5E0,-3.83E0,-9.5E-1));
#674=LINE('',#673,#672);
#675=DIRECTION('',(0.E0,0.E0,1.E0));
#676=VECTOR('',#675,1.3E0);
#677=CARTESIAN_POINT('',(4.5E0,-2.3E-1,9.5E-1));
#678=LINE('',#677,#676);
#679=DIRECTION('',(-1.E0,0.E0,0.E0));
#680=VECTOR('',#679,4.E-1);
#681=CARTESIAN_POINT('',(4.5E0,-2.3E-1,2.25E0));
#682=LINE('',#681,#680);
#683=DIRECTION('',(0.E0,0.E0,-1.E0));
#684=VECTOR('',#683,1.3E0);
#685=CARTESIAN_POINT('',(4.1E0,-2.3E-1,2.25E0));
#686=LINE('',#685,#684);
#687=DIRECTION('',(0.E0,1.E0,0.E0));
#688=VECTOR('',#687,3.6E0);
#689=CARTESIAN_POINT('',(4.5E0,-3.83E0,9.5E-1));
#690=LINE('',#689,#688);
#691=DIRECTION('',(-1.E0,0.E0,0.E0));
#692=VECTOR('',#691,4.E-1);
#693=CARTESIAN_POINT('',(4.5E0,-2.3E-1,9.5E-1));
#694=LINE('',#693,#692);
#695=DIRECTION('',(1.E0,0.E0,0.E0));
#696=VECTOR('',#695,4.E-1);
#697=CARTESIAN_POINT('',(4.1E0,-3.83E0,9.5E-1));
#698=LINE('',#697,#696);
#699=DIRECTION('',(0.E0,0.E0,1.E0));
#700=VECTOR('',#699,6.E-1);
#701=CARTESIAN_POINT('',(4.1E0,-3.83E0,3.5E-1));
#702=LINE('',#701,#700);
#703=DIRECTION('',(0.E0,1.E0,0.E0));
#704=VECTOR('',#703,3.6E0);
#705=CARTESIAN_POINT('',(4.1E0,-3.83E0,9.5E-1));
#706=LINE('',#705,#704);
#707=DIRECTION('',(0.E0,-1.E0,0.E0));
#708=VECTOR('',#707,6.5E0);
#709=CARTESIAN_POINT('',(4.1E0,-2.3E-1,2.25E0));
#710=LINE('',#709,#708);
#711=DIRECTION('',(0.E0,0.E0,-1.E0));
#712=VECTOR('',#711,4.5E0);
#713=CARTESIAN_POINT('',(4.1E0,-6.73E0,2.25E0));
#714=LINE('',#713,#712);
#715=DIRECTION('',(0.E0,0.E0,1.E0));
#716=VECTOR('',#715,6.E-1);
#717=CARTESIAN_POINT('',(4.1E0,-3.83E0,-9.5E-1));
#718=LINE('',#717,#716);
#719=DIRECTION('',(0.E0,0.E0,1.E0));
#720=VECTOR('',#719,7.E-1);
#721=CARTESIAN_POINT('',(4.5E0,-3.43E0,-3.5E-1));
#722=LINE('',#721,#720);
#723=DIRECTION('',(0.E0,0.E0,-1.E0));
#724=VECTOR('',#723,7.E-1);
#725=CARTESIAN_POINT('',(4.1E0,-3.83E0,3.5E-1));
#726=LINE('',#725,#724);
#727=CARTESIAN_POINT('',(4.5E0,-3.83E0,-3.5E-1));
#728=DIRECTION('',(0.E0,0.E0,1.E0));
#729=DIRECTION('',(0.E0,1.E0,0.E0));
#730=AXIS2_PLACEMENT_3D('',#727,#728,#729);
#732=DIRECTION('',(1.E0,0.E0,0.E0));
#733=VECTOR('',#732,4.E-1);
#734=CARTESIAN_POINT('',(4.1E0,-3.83E0,-3.5E-1));
#735=LINE('',#734,#733);
#736=DIRECTION('',(1.E0,0.E0,0.E0));
#737=VECTOR('',#736,3.05E0);
#738=CARTESIAN_POINT('',(4.5E0,-3.83E0,-3.5E-1));
#739=LINE('',#738,#737);
#740=DIRECTION('',(1.E0,0.E0,0.E0));
#741=VECTOR('',#740,4.E-1);
#742=CARTESIAN_POINT('',(4.1E0,-3.83E0,-9.5E-1));
#743=LINE('',#742,#741);
#744=DIRECTION('',(0.E0,0.E0,1.E0));
#745=VECTOR('',#744,6.E-1);
#746=CARTESIAN_POINT('',(4.5E0,-3.83E0,-9.5E-1));
#747=LINE('',#746,#745);
#748=DIRECTION('',(0.E0,1.E0,0.E0));
#749=VECTOR('',#748,3.6E0);
#750=CARTESIAN_POINT('',(4.1E0,-3.83E0,-9.5E-1));
#751=LINE('',#750,#749);
#752=DIRECTION('',(-1.E0,0.E0,0.E0));
#753=VECTOR('',#752,4.E-1);
#754=CARTESIAN_POINT('',(4.5E0,-2.3E-1,-9.5E-1));
#755=LINE('',#754,#753);
#756=DIRECTION('',(0.E0,0.E0,-1.E0));
#757=VECTOR('',#756,1.3E0);
#758=CARTESIAN_POINT('',(4.1E0,-2.3E-1,-9.5E-1));
#759=LINE('',#758,#757);
#760=DIRECTION('',(1.E0,0.E0,0.E0));
#761=VECTOR('',#760,4.E-1);
#762=CARTESIAN_POINT('',(4.1E0,-2.3E-1,-2.25E0));
#763=LINE('',#762,#761);
#764=DIRECTION('',(0.E0,0.E0,1.E0));
#765=VECTOR('',#764,1.3E0);
#766=CARTESIAN_POINT('',(4.5E0,-2.3E-1,-2.25E0));
#767=LINE('',#766,#765);
#768=CARTESIAN_POINT('',(4.1E0,-6.73E0,-2.25E0));
#769=DIRECTION('',(0.E0,0.E0,1.E0));
#770=DIRECTION('',(3.108624468950E-14,-1.E0,0.E0));
#771=AXIS2_PLACEMENT_3D('',#768,#769,#770);
#773=DIRECTION('',(0.E0,1.E0,0.E0));
#774=VECTOR('',#773,6.5E0);
#775=CARTESIAN_POINT('',(4.5E0,-6.73E0,-2.25E0));
#776=LINE('',#775,#774);
#777=DIRECTION('',(0.E0,-1.E0,0.E0));
#778=VECTOR('',#777,6.5E0);
#779=CARTESIAN_POINT('',(4.1E0,-2.3E-1,-2.25E0));
#780=LINE('',#779,#778);
#781=DIRECTION('',(-1.E0,0.E0,0.E0));
#782=VECTOR('',#781,3.5E-1);
#783=CARTESIAN_POINT('',(4.1E0,-6.73E0,-2.25E0));
#784=LINE('',#783,#782);
#785=DIRECTION('',(5.241102478110E-14,-9.902680687421E-1,1.391731009563E-1));
#786=VECTOR('',#785,1.694640437598E-2);
#787=CARTESIAN_POINT('',(3.75E0,-7.113218516866E0,-2.475E0));
#788=LINE('',#787,#786);
#789=DIRECTION('',(0.E0,1.E0,0.E0));
#790=VECTOR('',#789,4.E-1);
#791=CARTESIAN_POINT('',(3.75E0,-7.13E0,-2.25E0));
#792=LINE('',#791,#790);
#793=DIRECTION('',(0.E0,0.E0,-1.E0));
#794=VECTOR('',#793,2.25E-1);
#795=CARTESIAN_POINT('',(3.75E0,-6.73E0,-2.25E0));
#796=LINE('',#795,#794);
#797=DIRECTION('',(0.E0,1.E0,0.E0));
#798=VECTOR('',#797,3.832185168665E-1);
#799=CARTESIAN_POINT('',(3.75E0,-7.113218516866E0,-2.475E0));
#800=LINE('',#799,#798);
#801=DIRECTION('',(0.E0,-9.902680687421E-1,-1.391731009563E-1));
#802=VECTOR('',#801,1.694640437598E-2);
#803=CARTESIAN_POINT('',(-3.75E0,-7.113218516866E0,2.475E0));
#804=LINE('',#803,#802);
#805=DIRECTION('',(0.E0,9.902680687421E-1,-1.391731009563E-1));
#806=VECTOR('',#805,1.694640437598E-2);
#807=CARTESIAN_POINT('',(-3.75E0,-7.13E0,-2.472641516353E0));
#808=LINE('',#807,#806);
#809=DIRECTION('',(0.E0,1.E0,0.E0));
#810=VECTOR('',#809,3.832185168665E-1);
#811=CARTESIAN_POINT('',(-3.75E0,-7.113218516866E0,-2.475E0));
#812=LINE('',#811,#810);
#813=DIRECTION('',(0.E0,0.E0,1.E0));
#814=VECTOR('',#813,4.95E0);
#815=CARTESIAN_POINT('',(-3.75E0,-6.73E0,-2.475E0));
#816=LINE('',#815,#814);
#817=DIRECTION('',(1.E0,0.E0,2.630468040543E-14));
#818=VECTOR('',#817,2.144079638364E0);
#819=CARTESIAN_POINT('',(-3.75E0,-7.13E0,2.472641516353E0));
#820=LINE('',#819,#818);
#821=CARTESIAN_POINT('',(0.E0,-7.13E0,0.E0));
#822=DIRECTION('',(0.E0,-1.E0,0.E0));
#823=DIRECTION('',(-5.446791569415E-1,0.E0,8.386445110972E-1));
#824=AXIS2_PLACEMENT_3D('',#821,#822,#823);
#826=DIRECTION('',(0.E0,0.E0,1.E0));
#827=VECTOR('',#826,4.945283032706E0);
#828=CARTESIAN_POINT('',(-3.75E0,-7.13E0,-2.472641516353E0));
#829=LINE('',#828,#827);
#830=CARTESIAN_POINT('',(-1.605920361636E0,-7.13E0,2.472641516353E0));
#831=CARTESIAN_POINT('',(-1.602682947786E0,-7.207759364897E0,2.461713150304E0));
#832=CARTESIAN_POINT('',(-1.596131519098E0,-7.363288072030E0,2.439855015984E0));
#833=CARTESIAN_POINT('',(-1.586327562557E0,-7.596621422909E0,2.407062152087E0));
#834=CARTESIAN_POINT('',(-1.579806757892E0,-7.752203847127E0,2.385196468322E0));
#835=CARTESIAN_POINT('',(-1.576507383250E0,-7.83E0,2.374262932061E0));
#837=CARTESIAN_POINT('',(-1.576507383250E0,-7.83E0,-2.374262932061E0));
#838=CARTESIAN_POINT('',(-1.579806757892E0,-7.752203847127E0,
-2.385196468323E0));
#839=CARTESIAN_POINT('',(-1.586326444939E0,-7.596621422908E0,
-2.407062152087E0));
#840=CARTESIAN_POINT('',(-1.596135430762E0,-7.363288072029E0,
-2.439855015984E0));
#841=CARTESIAN_POINT('',(-1.602674565649E0,-7.207759364897E0,
-2.461713150304E0));
#842=CARTESIAN_POINT('',(-1.605911979499E0,-7.13E0,-2.472641516353E0));
#844=DIRECTION('',(1.E0,0.E0,0.E0));
#845=VECTOR('',#844,3.153014766500E0);
#846=CARTESIAN_POINT('',(-1.576507383250E0,-7.83E0,2.374262932061E0));
#847=LINE('',#846,#845);
#848=CARTESIAN_POINT('',(0.E0,-7.83E0,0.E0));
#849=DIRECTION('',(0.E0,1.E0,0.E0));
#850=DIRECTION('',(5.531604853508E-1,0.E0,8.330747130039E-1));
#851=AXIS2_PLACEMENT_3D('',#848,#849,#850);
#853=CARTESIAN_POINT('',(0.E0,-7.83E0,0.E0));
#854=DIRECTION('',(0.E0,1.E0,0.E0));
#855=DIRECTION('',(-5.531604853508E-1,0.E0,-8.330747130039E-1));
#856=AXIS2_PLACEMENT_3D('',#853,#854,#855);
#858=CARTESIAN_POINT('',(1.576507383250E0,-7.83E0,2.374262932061E0));
#859=CARTESIAN_POINT('',(1.579806757892E0,-7.752203847127E0,2.385196468322E0));
#860=CARTESIAN_POINT('',(1.586326444939E0,-7.596621422909E0,2.407062152087E0));
#861=CARTESIAN_POINT('',(1.596135430762E0,-7.363288072030E0,2.439855015984E0));
#862=CARTESIAN_POINT('',(1.602674565649E0,-7.207759364897E0,2.461713150304E0));
#863=CARTESIAN_POINT('',(1.605911979499E0,-7.13E0,2.472641516353E0));
#865=CARTESIAN_POINT('',(1.605920361636E0,-7.13E0,-2.472641516353E0));
#866=CARTESIAN_POINT('',(1.602682947786E0,-7.207759364896E0,-2.461713150305E0));
#867=CARTESIAN_POINT('',(1.596131519098E0,-7.363288072027E0,-2.439855015984E0));
#868=CARTESIAN_POINT('',(1.586327562557E0,-7.596621422906E0,-2.407062152088E0));
#869=CARTESIAN_POINT('',(1.579806757892E0,-7.752203847126E0,-2.385196468323E0));
#870=CARTESIAN_POINT('',(1.576507383250E0,-7.83E0,-2.374262932061E0));
#872=DIRECTION('',(1.E0,0.E0,-2.651170022746E-14));
#873=VECTOR('',#872,2.144088020501E0);
#874=CARTESIAN_POINT('',(1.605911979499E0,-7.13E0,2.472641516353E0));
#875=LINE('',#874,#873);
#876=DIRECTION('',(0.E0,-3.590348246025E-14,-1.E0));
#877=VECTOR('',#876,2.226415163529E-1);
#878=CARTESIAN_POINT('',(3.75E0,-7.13E0,2.472641516353E0));
#879=LINE('',#878,#877);
#880=DIRECTION('',(1.E0,0.E0,0.E0));
#881=VECTOR('',#880,3.5E-1);
#882=CARTESIAN_POINT('',(3.75E0,-7.13E0,2.25E0));
#883=LINE('',#882,#881);
#884=DIRECTION('',(-1.E0,0.E0,0.E0));
#885=VECTOR('',#884,3.5E-1);
#886=CARTESIAN_POINT('',(4.1E0,-7.13E0,-2.25E0));
#887=LINE('',#886,#885);
#888=DIRECTION('',(0.E0,4.388203411808E-14,-1.E0));
#889=VECTOR('',#888,2.226415163529E-1);
#890=CARTESIAN_POINT('',(3.75E0,-7.13E0,-2.25E0));
#891=LINE('',#890,#889);
#892=CARTESIAN_POINT('',(0.E0,-7.13E0,0.E0));
#893=DIRECTION('',(0.E0,-1.E0,0.E0));
#894=DIRECTION('',(5.446791569415E-1,0.E0,-8.386445110972E-1));
#895=AXIS2_PLACEMENT_3D('',#892,#893,#894);
#897=DIRECTION('',(1.E0,0.E0,2.609755693768E-14));
#898=VECTOR('',#897,2.144079638364E0);
#899=CARTESIAN_POINT('',(1.605920361636E0,-7.13E0,-2.472641516353E0));
#900=LINE('',#899,#898);
#901=DIRECTION('',(-1.E0,0.E0,0.E0));
#902=VECTOR('',#901,7.5E0);
#903=CARTESIAN_POINT('',(3.75E0,-7.113218516866E0,-2.475E0));
#904=LINE('',#903,#902);
#905=DIRECTION('',(1.E0,0.E0,-2.651170022746E-14));
#906=VECTOR('',#905,2.144088020501E0);
#907=CARTESIAN_POINT('',(-3.75E0,-7.13E0,-2.472641516353E0));
#908=LINE('',#907,#906);
#909=DIRECTION('',(1.E0,0.E0,0.E0));
#910=VECTOR('',#909,3.153014766500E0);
#911=CARTESIAN_POINT('',(-1.576507383250E0,-7.83E0,-2.374262932061E0));
#912=LINE('',#911,#910);
#913=CARTESIAN_POINT('',(0.E0,-7.83E0,0.E0));
#914=DIRECTION('',(0.E0,1.E0,0.E0));
#915=DIRECTION('',(-5.425863986500E-1,0.E0,-8.4E-1));
#916=AXIS2_PLACEMENT_3D('',#913,#914,#915);
#918=CARTESIAN_POINT('',(0.E0,-7.83E0,0.E0));
#919=DIRECTION('',(0.E0,1.E0,0.E0));
#920=DIRECTION('',(-1.E0,0.E0,0.E0));
#921=AXIS2_PLACEMENT_3D('',#918,#919,#920);
#923=DIRECTION('',(8.737025261295E-7,-9.999999999996E-1,2.460965046561E-7));
#924=VECTOR('',#923,9.000000000004E-1);
#925=CARTESIAN_POINT('',(-1.356465996625E0,-7.83E0,2.1E0));
#926=LINE('',#925,#924);
#927=DIRECTION('',(-8.737115956647E-7,9.999999999996E-1,2.461002868158E-7));
#928=VECTOR('',#927,9.000000000004E-1);
#929=CARTESIAN_POINT('',(-1.356465210285E0,-8.73E0,-2.100000221490E0));
#930=LINE('',#929,#928);
#931=DIRECTION('',(1.E0,0.E0,0.E0));
#932=VECTOR('',#931,2.712931993250E0);
#933=CARTESIAN_POINT('',(-1.356465996625E0,-7.83E0,2.1E0));
#934=LINE('',#933,#932);
#935=CARTESIAN_POINT('',(0.E0,-7.83E0,0.E0));
#936=DIRECTION('',(0.E0,1.E0,0.E0));
#937=DIRECTION('',(5.425863986500E-1,0.E0,8.4E-1));
#938=AXIS2_PLACEMENT_3D('',#935,#936,#937);
#940=CARTESIAN_POINT('',(0.E0,-7.83E0,0.E0));
#941=DIRECTION('',(0.E0,1.E0,0.E0));
#942=DIRECTION('',(1.E0,0.E0,0.E0));
#943=AXIS2_PLACEMENT_3D('',#940,#941,#942);
#945=DIRECTION('',(-8.737025197149E-7,-9.999999999996E-1,-2.460965031758E-7));
#946=VECTOR('',#945,9.000000000004E-1);
#947=CARTESIAN_POINT('',(1.356465996625E0,-7.83E0,-2.1E0));
#948=LINE('',#947,#946);
#949=DIRECTION('',(8.737115904837E-7,9.999999999996E-1,-2.461002848421E-7));
#950=VECTOR('',#949,9.000000000004E-1);
#951=CARTESIAN_POINT('',(1.356465210285E0,-8.73E0,2.100000221490E0));
#952=LINE('',#951,#950);
#953=DIRECTION('',(-1.E0,0.E0,0.E0));
#954=VECTOR('',#953,2.712931993250E0);
#955=CARTESIAN_POINT('',(1.356465996625E0,-7.83E0,-2.1E0));
#956=LINE('',#955,#954);
#957=DIRECTION('',(-1.E0,0.E0,-1.255202136885E-12));
#958=VECTOR('',#957,2.712930420577E0);
#959=CARTESIAN_POINT('',(1.356465210293E0,-8.73E0,-2.100000221487E0));
#960=LINE('',#959,#958);
#961=CARTESIAN_POINT('',(1.296147936898E0,-8.93E0,-1.900000059260E0));
#962=CARTESIAN_POINT('',(1.302998907311E0,-8.907800311404E0,-1.922199747855E0));
#963=CARTESIAN_POINT('',(1.316594189131E0,-8.863384830834E0,-1.966615171043E0));
#964=CARTESIAN_POINT('',(1.336703393908E0,-8.796718230975E0,-2.033281673566E0));
#965=CARTESIAN_POINT('',(1.349905957995E0,-8.752243533537E0,-2.077756687950E0));
#966=CARTESIAN_POINT('',(1.356465210293E0,-8.73E0,-2.100000221487E0));
#968=CARTESIAN_POINT('',(0.E0,-8.73E0,0.E0));
#969=DIRECTION('',(0.E0,1.E0,0.E0));
#970=DIRECTION('',(-5.425863986500E-1,0.E0,-8.4E-1));
#971=AXIS2_PLACEMENT_3D('',#968,#969,#970);
#973=CARTESIAN_POINT('',(0.E0,-8.73E0,0.E0));
#974=DIRECTION('',(0.E0,1.E0,0.E0));
#975=DIRECTION('',(-1.E0,0.E0,0.E0));
#976=AXIS2_PLACEMENT_3D('',#973,#974,#975);
#978=CARTESIAN_POINT('',(0.E0,-8.93E0,0.E0));
#979=DIRECTION('',(0.E0,-1.E0,0.E0));
#980=DIRECTION('',(-5.635426694269E-1,0.E0,8.260869565216E-1));
#981=AXIS2_PLACEMENT_3D('',#978,#979,#980);
#983=CARTESIAN_POINT('',(0.E0,-8.93E0,0.E0));
#984=DIRECTION('',(0.E0,-1.E0,0.E0));
#985=DIRECTION('',(-1.E0,0.E0,0.E0));
#986=AXIS2_PLACEMENT_3D('',#983,#984,#985);
#988=CARTESIAN_POINT('',(-1.296147911150E0,-8.93E0,-1.900000066591E0));
#989=CARTESIAN_POINT('',(-1.302821830848E0,-8.908374021479E0,
-1.921626045113E0));
#990=CARTESIAN_POINT('',(-1.316186572735E0,-8.864724332824E0,
-1.965275665632E0));
#991=CARTESIAN_POINT('',(-1.336302201482E0,-8.798058730747E0,
-2.031941174770E0));
#992=CARTESIAN_POINT('',(-1.349736441868E0,-8.752818391359E0,
-2.077181830132E0));
#993=CARTESIAN_POINT('',(-1.356465210285E0,-8.73E0,-2.100000221490E0));
#995=DIRECTION('',(1.E0,0.E0,1.254056282040E-12));
#996=VECTOR('',#995,2.712930420577E0);
#997=CARTESIAN_POINT('',(-1.356465210293E0,-8.73E0,2.100000221487E0));
#998=LINE('',#997,#996);
#999=CARTESIAN_POINT('',(-1.296147936898E0,-8.93E0,1.900000059260E0));
#1000=CARTESIAN_POINT('',(-1.302998907311E0,-8.907800311405E0,
1.922199747855E0));
#1001=CARTESIAN_POINT('',(-1.316594189130E0,-8.863384830836E0,
1.966615171041E0));
#1002=CARTESIAN_POINT('',(-1.336703393908E0,-8.796718230976E0,
2.033281673564E0));
#1003=CARTESIAN_POINT('',(-1.349905957995E0,-8.752243533538E0,
2.077756687949E0));
#1004=CARTESIAN_POINT('',(-1.356465210293E0,-8.73E0,2.100000221487E0));
#1006=CARTESIAN_POINT('',(0.E0,-8.73E0,0.E0));
#1007=DIRECTION('',(0.E0,1.E0,0.E0));
#1008=DIRECTION('',(5.425863986500E-1,0.E0,8.4E-1));
#1009=AXIS2_PLACEMENT_3D('',#1006,#1007,#1008);
#1011=CARTESIAN_POINT('',(0.E0,-8.73E0,0.E0));
#1012=DIRECTION('',(0.E0,1.E0,0.E0));
#1013=DIRECTION('',(1.E0,0.E0,0.E0));
#1014=AXIS2_PLACEMENT_3D('',#1011,#1012,#1013);
#1016=CARTESIAN_POINT('',(0.E0,-8.93E0,0.E0));
#1017=DIRECTION('',(0.E0,-1.E0,0.E0));
#1018=DIRECTION('',(5.635426694269E-1,0.E0,-8.260869565216E-1));
#1019=AXIS2_PLACEMENT_3D('',#1016,#1017,#1018);
#1021=CARTESIAN_POINT('',(0.E0,-8.93E0,0.E0));
#1022=DIRECTION('',(0.E0,-1.E0,0.E0));
#1023=DIRECTION('',(1.E0,0.E0,0.E0));
#1024=AXIS2_PLACEMENT_3D('',#1021,#1022,#1023);
#1026=CARTESIAN_POINT('',(1.296147911150E0,-8.93E0,1.900000066591E0));
#1027=CARTESIAN_POINT('',(1.302821830848E0,-8.908374021479E0,1.921626045113E0));
#1028=CARTESIAN_POINT('',(1.316186572735E0,-8.864724332824E0,1.965275665632E0));
#1029=CARTESIAN_POINT('',(1.336302201482E0,-8.798058730747E0,2.031941174770E0));
#1030=CARTESIAN_POINT('',(1.349736441868E0,-8.752818391359E0,2.077181830132E0));
#1031=CARTESIAN_POINT('',(1.356465210285E0,-8.73E0,2.100000221490E0));
#1033=DIRECTION('',(2.183127319989E-7,1.E0,-8.681969741527E-8));
#1034=VECTOR('',#1033,3.650000090060E0);
#1035=CARTESIAN_POINT('',(1.296147114308E0,-1.258000009006E1,1.900000383483E0));
#1036=LINE('',#1035,#1034);
#1037=DIRECTION('',(-2.203416794307E-7,-1.E0,-4.722392168916E-8));
#1038=VECTOR('',#1037,3.650000090059E0);
#1039=CARTESIAN_POINT('',(1.296147936898E0,-8.93E0,-1.900000059260E0));
#1040=LINE('',#1039,#1038);
#1041=CARTESIAN_POINT('',(1.232882680571E0,-1.278000002043E1,1.700000249120E0));
#1042=CARTESIAN_POINT('',(1.239878303466E0,-1.275843806017E1,1.721562209382E0));
#1043=CARTESIAN_POINT('',(1.253890644407E0,-1.271487391603E1,1.765126021322E0));
#1044=CARTESIAN_POINT('',(1.274991390973E0,-1.264820857816E1,1.831791236789E0));
#1045=CARTESIAN_POINT('',(1.289085461349E0,-1.260288248866E1,1.877117984883E0));
#1046=CARTESIAN_POINT('',(1.296147114308E0,-1.258000009006E1,1.900000383483E0));
#1048=CARTESIAN_POINT('',(-2.735360007389E-7,-1.258000011276E1,
3.292069613474E-7));
#1049=DIRECTION('',(0.E0,1.E0,0.E0));
#1050=DIRECTION('',(5.635427985315E-1,0.E0,8.260868684486E-1));
#1051=AXIS2_PLACEMENT_3D('',#1048,#1049,#1050);
#1053=CARTESIAN_POINT('',(-2.735360007389E-7,-1.258000011276E1,
3.292069613474E-7));
#1054=DIRECTION('',(0.E0,1.E0,0.E0));
#1055=DIRECTION('',(1.E0,0.E0,-1.431334444327E-7));
#1056=AXIS2_PLACEMENT_3D('',#1053,#1054,#1055);
#1058=CARTESIAN_POINT('',(-2.735360007389E-7,-1.278E1,3.292069613474E-7));
#1059=DIRECTION('',(0.E0,1.E0,0.E0));
#1060=DIRECTION('',(5.870874296853E-1,0.E0,8.095235326447E-1));
#1061=AXIS2_PLACEMENT_3D('',#1058,#1059,#1060);
#1063=DIRECTION('',(-1.E0,0.E0,-7.679752731429E-8));
#1064=VECTOR('',#1063,2.465765065296E0);
#1065=CARTESIAN_POINT('',(1.232882384725E0,-1.278000002043E1,
-1.700000059755E0));
#1066=LINE('',#1065,#1064);
#1067=CARTESIAN_POINT('',(2.735360008499E-7,-1.278E1,-3.292069736469E-7));
#1068=DIRECTION('',(0.E0,1.E0,0.E0));
#1069=DIRECTION('',(-5.870874296853E-1,0.E0,-8.095235326447E-1));
#1070=AXIS2_PLACEMENT_3D('',#1067,#1068,#1069);
#1072=DIRECTION('',(1.E0,0.E0,7.679751803903E-8));
#1073=VECTOR('',#1072,2.465765065296E0);
#1074=CARTESIAN_POINT('',(-1.232882384725E0,-1.278000002043E1,
1.700000059755E0));
#1075=LINE('',#1074,#1073);
#1076=DIRECTION('',(-1.E0,0.E0,-5.857984679601E-8));
#1077=VECTOR('',#1076,2.592294246959E0);
#1078=CARTESIAN_POINT('',(1.296147132651E0,-1.258000009006E1,
-1.900000231627E0));
#1079=LINE('',#1078,#1077);
#1080=CARTESIAN_POINT('',(1.232882384725E0,-1.278000002043E1,
-1.700000059755E0));
#1081=CARTESIAN_POINT('',(1.240083403080E0,-1.275780498601E1,
-1.722195094181E0));
#1082=CARTESIAN_POINT('',(1.254361851942E0,-1.271339540130E1,
-1.766604604166E0));
#1083=CARTESIAN_POINT('',(1.275454341416E0,-1.264672877651E1,
-1.833271084064E0));
#1084=CARTESIAN_POINT('',(1.289281320001E0,-1.260224789521E1,
-1.877752426481E0));
#1085=CARTESIAN_POINT('',(1.296147132651E0,-1.258000009006E1,
-1.900000231627E0));
#1087=DIRECTION('',(-1.E0,0.E0,-2.828238818373E-9));
#1088=VECTOR('',#1087,2.592295848048E0);
#1089=CARTESIAN_POINT('',(1.296147936898E0,-8.93E0,-1.900000059260E0));
#1090=LINE('',#1089,#1088);
#1091=DIRECTION('',(-2.183127133228E-7,1.E0,8.681969267021E-8));
#1092=VECTOR('',#1091,3.650000090060E0);
#1093=CARTESIAN_POINT('',(-1.296147114309E0,-1.258000009006E1,
-1.900000383483E0));
#1094=LINE('',#1093,#1092);
#1095=DIRECTION('',(2.203416854533E-7,-1.E0,4.722392248001E-8));
#1096=VECTOR('',#1095,3.650000090059E0);
#1097=CARTESIAN_POINT('',(-1.296147936898E0,-8.93E0,1.900000059260E0));
#1098=LINE('',#1097,#1096);
#1099=CARTESIAN_POINT('',(-1.232882680571E0,-1.278000002043E1,
-1.700000249120E0));
#1100=CARTESIAN_POINT('',(-1.239878303466E0,-1.275843806017E1,
-1.721562209382E0));
#1101=CARTESIAN_POINT('',(-1.253890644407E0,-1.271487391603E1,
-1.765126021322E0));
#1102=CARTESIAN_POINT('',(-1.274991390973E0,-1.264820857816E1,
-1.831791236789E0));
#1103=CARTESIAN_POINT('',(-1.289085461350E0,-1.260288248866E1,
-1.877117984883E0));
#1104=CARTESIAN_POINT('',(-1.296147114309E0,-1.258000009006E1,
-1.900000383483E0));
#1106=CARTESIAN_POINT('',(2.735360008499E-7,-1.258000011276E1,
-3.292069736469E-7));
#1107=DIRECTION('',(0.E0,1.E0,0.E0));
#1108=DIRECTION('',(-5.635427985315E-1,0.E0,-8.260868684486E-1));
#1109=AXIS2_PLACEMENT_3D('',#1106,#1107,#1108);
#1111=CARTESIAN_POINT('',(2.735360008499E-7,-1.258000011276E1,
-3.292069736469E-7));
#1112=DIRECTION('',(0.E0,1.E0,0.E0));
#1113=DIRECTION('',(-1.E0,0.E0,1.431334481264E-7));
#1114=AXIS2_PLACEMENT_3D('',#1111,#1112,#1113);
#1116=CARTESIAN_POINT('',(-1.232882384725E0,-1.278000002043E1,
1.700000059755E0));
#1117=CARTESIAN_POINT('',(-1.240083403080E0,-1.275780498601E1,
1.722195094182E0));
#1118=CARTESIAN_POINT('',(-1.254361851943E0,-1.271339540130E1,
1.766604604167E0));
#1119=CARTESIAN_POINT('',(-1.275454341416E0,-1.264672877651E1,
1.833271084066E0));
#1120=CARTESIAN_POINT('',(-1.289281320001E0,-1.260224789520E1,
1.877752426482E0));
#1121=CARTESIAN_POINT('',(-1.296147132651E0,-1.258000009006E1,
1.900000231627E0));
#1123=DIRECTION('',(1.E0,0.E0,5.857985227797E-8));
#1124=VECTOR('',#1123,2.592294246959E0);
#1125=CARTESIAN_POINT('',(-1.296147132651E0,-1.258000009006E1,
1.900000231627E0));
#1126=LINE('',#1125,#1124);
#1127=DIRECTION('',(1.E0,0.E0,2.828238989684E-9));
#1128=VECTOR('',#1127,2.592295848048E0);
#1129=CARTESIAN_POINT('',(-1.296147936898E0,-8.93E0,1.900000059260E0));
#1130=LINE('',#1129,#1128);
#1131=DIRECTION('',(-2.482767286759E-1,9.686891482813E-1,0.E0));
#1132=VECTOR('',#1131,8.444012671233E0);
#1133=CARTESIAN_POINT('',(3.159164458569E0,-1.872101901889E1,0.E0));
#1134=LINE('',#1133,#1132);
#1135=CARTESIAN_POINT('',(2.312871550334E-1,-1.071812051351E1,0.E0));
#1136=DIRECTION('',(-2.079116908178E-1,9.781476007338E-1,0.E0));
#1137=DIRECTION('',(9.781476007338E-1,2.079116908178E-1,0.E0));
#1138=AXIS2_PLACEMENT_3D('',#1135,#1136,#1137);
#1140=DIRECTION('',(-1.671892946358E-1,9.859248144555E-1,0.E0));
#1141=VECTOR('',#1140,8.444012671233E0);
#1142=CARTESIAN_POINT('',(8.116102168085E-1,-1.922000707685E1,0.E0));
#1143=LINE('',#1142,#1141);
#1144=CARTESIAN_POINT('',(2.312871550334E-1,-1.071812051351E1,0.E0));
#1145=DIRECTION('',(-2.079116908178E-1,9.781476007338E-1,0.E0));
#1146=DIRECTION('',(-9.781476007338E-1,-2.079116908178E-1,0.E0));
#1147=AXIS2_PLACEMENT_3D('',#1144,#1145,#1146);
#1149=CARTESIAN_POINT('',(1.995737632430E0,-1.901920735615E1,0.E0));
#1150=DIRECTION('',(0.E0,0.E0,-1.E0));
#1151=DIRECTION('',(2.079116908178E-1,-9.781476007338E-1,0.E0));
#1152=AXIS2_PLACEMENT_3D('',#1149,#1150,#1151);
#1154=CARTESIAN_POINT('',(1.985387337689E0,-1.897051304787E1,0.E0));
#1155=DIRECTION('',(-2.079116908178E-1,9.781476007338E-1,0.E0));
#1156=DIRECTION('',(-9.781476007338E-1,-2.079116908178E-1,0.E0));
#1157=AXIS2_PLACEMENT_3D('',#1154,#1155,#1156);
#1159=CARTESIAN_POINT('',(1.995737632430E0,-1.901920735615E1,0.E0));
#1160=DIRECTION('',(0.E0,0.E0,1.E0));
#1161=DIRECTION('',(2.079116908178E-1,-9.781476007338E-1,0.E0));
#1162=AXIS2_PLACEMENT_3D('',#1159,#1160,#1161);
#1164=CARTESIAN_POINT('',(1.985387337689E0,-1.897051304787E1,0.E0));
#1165=DIRECTION('',(-2.079116908178E-1,9.781476007338E-1,0.E0));
#1166=DIRECTION('',(9.781476007338E-1,2.079116908178E-1,0.E0));
#1167=AXIS2_PLACEMENT_3D('',#1164,#1165,#1166);
#1169=DIRECTION('',(0.E0,0.E0,1.E0));
#1170=VECTOR('',#1169,7.E-1);
#1171=CARTESIAN_POINT('',(4.5E0,-3.83E0,-3.5E-1));
#1172=LINE('',#1171,#1170);
#1173=CARTESIAN_POINT('',(7.55E0,-3.83E0,0.E0));
#1174=DIRECTION('',(0.E0,1.E0,0.E0));
#1175=DIRECTION('',(0.E0,0.E0,1.E0));
#1176=AXIS2_PLACEMENT_3D('',#1173,#1174,#1175);
#1178=CARTESIAN_POINT('',(7.55E0,-3.83E0,0.E0));
#1179=DIRECTION('',(0.E0,1.E0,0.E0));
#1180=DIRECTION('',(1.E0,0.E0,0.E0));
#1181=AXIS2_PLACEMENT_3D('',#1178,#1179,#1180);
#1183=CARTESIAN_POINT('',(4.5E0,-3.83E0,3.5E-1));
#1184=DIRECTION('',(0.E0,0.E0,-1.E0));
#1185=DIRECTION('',(-1.E0,0.E0,0.E0));
#1186=AXIS2_PLACEMENT_3D('',#1183,#1184,#1185);
#1188=DIRECTION('',(-1.E0,0.E0,0.E0));
#1189=VECTOR('',#1188,3.05E0);
#1190=CARTESIAN_POINT('',(7.55E0,-3.83E0,3.5E-1));
#1191=LINE('',#1190,#1189);
#1192=DIRECTION('',(1.E0,0.E0,0.E0));
#1193=VECTOR('',#1192,3.05E0);
#1194=CARTESIAN_POINT('',(4.5E0,-3.43E0,-3.5E-1));
#1195=LINE('',#1194,#1193);
#1196=CARTESIAN_POINT('',(7.55E0,-3.43E0,0.E0));
#1197=DIRECTION('',(0.E0,-1.E0,0.E0));
#1198=DIRECTION('',(0.E0,0.E0,-1.E0));
#1199=AXIS2_PLACEMENT_3D('',#1196,#1197,#1198);
#1201=CARTESIAN_POINT('',(7.55E0,-3.43E0,0.E0));
#1202=DIRECTION('',(0.E0,-1.E0,0.E0));
#1203=DIRECTION('',(1.E0,0.E0,0.E0));
#1204=AXIS2_PLACEMENT_3D('',#1201,#1202,#1203);
#1206=DIRECTION('',(-1.E0,0.E0,0.E0));
#1207=VECTOR('',#1206,3.05E0);
#1208=CARTESIAN_POINT('',(7.55E0,-3.43E0,3.5E-1));
#1209=LINE('',#1208,#1207);
#1210=DIRECTION('',(0.E0,-1.E0,0.E0));
#1211=VECTOR('',#1210,4.E-1);
#1212=CARTESIAN_POINT('',(7.55E0,-3.43E0,-3.5E-1));
#1213=LINE('',#1212,#1211);
#1214=DIRECTION('',(0.E0,1.E0,0.E0));
#1215=VECTOR('',#1214,4.E-1);
#1216=CARTESIAN_POINT('',(7.55E0,-3.83E0,3.5E-1));
#1217=LINE('',#1216,#1215);
#1218=DIRECTION('',(1.E0,0.E0,0.E0));
#1219=VECTOR('',#1218,4.E-1);
#1220=CARTESIAN_POINT('',(4.1E0,-3.83E0,3.5E-1));
#1221=LINE('',#1220,#1219);
#1222=DIRECTION('',(0.E0,0.E0,1.E0));
#1223=VECTOR('',#1222,6.E-1);
#1224=CARTESIAN_POINT('',(4.5E0,-3.83E0,3.5E-1));
#1225=LINE('',#1224,#1223);
#1226=CARTESIAN_POINT('',(4.5E0,-5.73E0,0.E0));
#1227=DIRECTION('',(-1.E0,0.E0,0.E0));
#1228=DIRECTION('',(0.E0,0.E0,-1.E0));
#1229=AXIS2_PLACEMENT_3D('',#1226,#1227,#1228);
#1231=CARTESIAN_POINT('',(4.1E0,-5.73E0,0.E0));
#1232=DIRECTION('',(0.E0,1.E0,0.E0));
#1233=DIRECTION('',(1.E0,0.E0,0.E0));
#1234=AXIS2_PLACEMENT_3D('',#1231,#1232,#1233);
#1236=CARTESIAN_POINT('',(4.5E0,-5.73E0,0.E0));
#1237=DIRECTION('',(-1.E0,0.E0,0.E0));
#1238=DIRECTION('',(0.E0,0.E0,1.E0));
#1239=AXIS2_PLACEMENT_3D('',#1236,#1237,#1238);
#1241=CARTESIAN_POINT('',(4.1E0,-5.73E0,0.E0));
#1242=DIRECTION('',(0.E0,-1.E0,0.E0));
#1243=DIRECTION('',(1.E0,0.E0,0.E0));
#1244=AXIS2_PLACEMENT_3D('',#1241,#1242,#1243);
#1246=CARTESIAN_POINT('',(4.5E0,-1.23E0,-1.6E0));
#1247=DIRECTION('',(-1.E0,0.E0,0.E0));
#1248=DIRECTION('',(0.E0,0.E0,1.E0));
#1249=AXIS2_PLACEMENT_3D('',#1246,#1247,#1248);
#1251=CARTESIAN_POINT('',(3.920768987597E0,-1.23E0,-1.6E0));
#1252=DIRECTION('',(0.E0,-1.E0,0.E0));
#1253=DIRECTION('',(8.527746846449E-1,0.E0,-5.222789840964E-1));
#1254=AXIS2_PLACEMENT_3D('',#1251,#1252,#1253);
#1256=CARTESIAN_POINT('',(4.5E0,-1.23E0,-1.6E0));
#1257=DIRECTION('',(-1.E0,0.E0,0.E0));
#1258=DIRECTION('',(0.E0,0.E0,-1.E0));
#1259=AXIS2_PLACEMENT_3D('',#1256,#1257,#1258);
#1261=CARTESIAN_POINT('',(3.920768987597E0,-1.23E0,-1.6E0));
#1262=DIRECTION('',(0.E0,1.E0,0.E0));
#1263=DIRECTION('',(8.527746846449E-1,0.E0,5.222789840964E-1));
#1264=AXIS2_PLACEMENT_3D('',#1261,#1262,#1263);
#1266=CARTESIAN_POINT('',(3.920768987597E0,-1.23E0,1.6E0));
#1267=DIRECTION('',(0.E0,-1.E0,0.E0));
#1268=DIRECTION('',(8.527746846449E-1,0.E0,-5.222789840964E-1));
#1269=AXIS2_PLACEMENT_3D('',#1266,#1267,#1268);
#1271=CARTESIAN_POINT('',(4.5E0,-1.23E0,1.6E0));
#1272=DIRECTION('',(-1.E0,0.E0,0.E0));
#1273=DIRECTION('',(0.E0,0.E0,1.E0));
#1274=AXIS2_PLACEMENT_3D('',#1271,#1272,#1273);
#1276=CARTESIAN_POINT('',(4.5E0,-1.23E0,1.6E0));
#1277=DIRECTION('',(-1.E0,0.E0,0.E0));
#1278=DIRECTION('',(0.E0,0.E0,-1.E0));
#1279=AXIS2_PLACEMENT_3D('',#1276,#1277,#1278);
#1281=CARTESIAN_POINT('',(3.920768987597E0,-1.23E0,1.6E0));
#1282=DIRECTION('',(0.E0,1.E0,0.E0));
#1283=DIRECTION('',(8.527746846449E-1,0.E0,5.222789840964E-1));
#1284=AXIS2_PLACEMENT_3D('',#1281,#1282,#1283);
#1286=DIRECTION('',(0.E0,0.E0,-1.E0));
#1287=VECTOR('',#1286,4.171247252614E0);
#1288=CARTESIAN_POINT('',(-3.635623626307E0,-6.73E0,2.085623626307E0));
#1289=LINE('',#1288,#1287);
#1290=DIRECTION('',(-3.869614013782E-6,-8.345448143947E-8,9.999999999925E-1));
#1291=VECTOR('',#1290,4.191238687895E0);
#1292=CARTESIAN_POINT('',(-3.935559934796E0,-6.435235245763E0,
-2.095619343841E0));
#1293=LINE('',#1292,#1291);
#1294=CARTESIAN_POINT('',(-3.935576153272E0,-6.435235595541E0,
2.095619344022E0));
#1295=CARTESIAN_POINT('',(-3.935275120431E0,-6.452481866881E0,
2.095605827628E0));
#1296=CARTESIAN_POINT('',(-3.931693740730E0,-6.486968657135E0,
2.095488062226E0));
#1297=CARTESIAN_POINT('',(-3.917446185477E0,-6.537157325986E0,
2.095003714960E0));
#1298=CARTESIAN_POINT('',(-3.894714056458E0,-6.584214018065E0,
2.094268503963E0));
#1299=CARTESIAN_POINT('',(-3.864149465092E0,-6.626686232004E0,
2.093250727596E0));
#1300=CARTESIAN_POINT('',(-3.826776959748E0,-6.663160698423E0,
2.091999020255E0));
#1301=CARTESIAN_POINT('',(-3.783828224518E0,-6.692552577369E0,
2.090579704366E0));
#1302=CARTESIAN_POINT('',(-3.736617547728E0,-6.714058672304E0,
2.088852973413E0));
#1303=CARTESIAN_POINT('',(-3.686756264448E0,-6.727094073045E0,
2.087633758223E0));
#1304=CARTESIAN_POINT('',(-3.652642105502E0,-6.73E0,2.086329480868E0));
#1305=CARTESIAN_POINT('',(-3.635623626307E0,-6.73E0,2.085623626307E0));
#1307=CARTESIAN_POINT('',(-3.645619343841E0,-6.435235245763E0,
2.385559934819E0));
#1308=CARTESIAN_POINT('',(-3.645519767367E0,-6.444678490550E0,
2.385395103433E0));
#1309=CARTESIAN_POINT('',(-3.645310210587E0,-6.466371338091E0,
2.384010482956E0));
#1310=CARTESIAN_POINT('',(-3.645596485995E0,-6.503899123987E0,
2.377718337223E0));
#1311=CARTESIAN_POINT('',(-3.644538219307E0,-6.553926570200E0,
2.360167861699E0));
#1312=CARTESIAN_POINT('',(-3.644251022440E0,-6.587889869219E0,
2.341787707855E0));
#1313=CARTESIAN_POINT('',(-3.643151281610E0,-6.627189821297E0,
2.313645605748E0));
#1314=CARTESIAN_POINT('',(-3.641949148764E0,-6.663027650249E0,
2.276916637854E0));
#1315=CARTESIAN_POINT('',(-3.640716528434E0,-6.692495648017E0,
2.233877671625E0));
#1316=CARTESIAN_POINT('',(-3.638839920692E0,-6.713670707618E0,
2.187604905689E0));
#1317=CARTESIAN_POINT('',(-3.637662373106E0,-6.726996705246E0,
2.137531995662E0));
#1318=CARTESIAN_POINT('',(-3.636337319849E0,-6.73E0,2.102975114975E0));
#1319=CARTESIAN_POINT('',(-3.635623626307E0,-6.73E0,2.085623626307E0));
#1321=CARTESIAN_POINT('',(-4.049999998654E0,1.199999497471E-1,
2.210019322429E0));
#1322=CARTESIAN_POINT('',(-4.049998350352E0,1.198687144974E-1,
2.226891447737E0));
#1323=CARTESIAN_POINT('',(-4.047035158005E0,1.196183013710E-1,
2.260655175964E0));
#1324=CARTESIAN_POINT('',(-4.033934846195E0,1.192429896316E-1,
2.309588054008E0));
#1325=CARTESIAN_POINT('',(-4.012402292547E0,1.190702271578E-1,
2.355796490582E0));
#1326=CARTESIAN_POINT('',(-3.983241575607E0,1.189434392121E-1,
2.397397923024E0));
#1327=CARTESIAN_POINT('',(-3.947397361514E0,1.189434356362E-1,
2.433242407180E0));
#1328=CARTESIAN_POINT('',(-3.905791766344E0,1.190702482326E-1,
2.462404953015E0));
#1329=CARTESIAN_POINT('',(-3.859588321449E0,1.192429845404E-1,
2.483934455576E0));
#1330=CARTESIAN_POINT('',(-3.810656118864E0,1.196183135186E-1,
2.497035046307E0));
#1331=CARTESIAN_POINT('',(-3.776892027829E0,1.198686614145E-1,
2.499998349464E0));
#1332=CARTESIAN_POINT('',(-3.760019323159E0,1.199999955724E-1,
2.499999999454E0));
#1334=CARTESIAN_POINT('',(-3.645622104296E0,-6.430174464643E0,
2.095622104296E0));
#1335=DIRECTION('',(1.744974916068E-2,-9.996954598819E-1,-1.744974916068E-2));
#1336=DIRECTION('',(3.806568619241E-5,-1.745174218799E-2,9.998477060261E-1));
#1337=AXIS2_PLACEMENT_3D('',#1334,#1335,#1336);
#1339=DIRECTION('',(-1.196197793483E-5,-9.999999999285E-1,-4.756953461545E-10));
#1340=VECTOR('',#1339,9.999816165231E-1);
#1341=CARTESIAN_POINT('',(-3.760007361401E0,1.119981612024E0,2.499999999930E0));
#1342=LINE('',#1341,#1340);
#1343=DIRECTION('',(-1.293089126633E-9,9.999999999048E-1,-1.380137764309E-5));
#1344=VECTOR('',#1343,1.000000049993E0);
#1345=CARTESIAN_POINT('',(-4.049999998654E0,1.199999497471E-1,
2.210019322429E0));
#1346=LINE('',#1345,#1344);
#1347=CARTESIAN_POINT('',(-3.76E0,1.12E0,2.21E0));
#1348=DIRECTION('',(-5.583478631167E-14,-1.E0,1.675288260607E-12));
#1349=DIRECTION('',(-3.807621010980E-5,1.675288260608E-12,9.999999992751E-1));
#1350=AXIS2_PLACEMENT_3D('',#1347,#1348,#1349);
#1352=CARTESIAN_POINT('',(-3.75E0,1.12E0,2.21E0));
#1353=DIRECTION('',(4.165250519973E-13,-1.675288260607E-12,-1.E0));
#1354=DIRECTION('',(-1.E0,-2.363849856596E-9,-4.159635598926E-13));
#1355=AXIS2_PLACEMENT_3D('',#1352,#1353,#1354);
#1357=CARTESIAN_POINT('',(-3.742928931513E0,1.127071067138E0,2.21E0));
#1358=DIRECTION('',(7.071067137715E-1,-7.071068486016E-1,1.479135463178E-12));
#1359=DIRECTION('',(7.071068484283E-1,7.071067135983E-1,-2.213774183893E-5));
#1360=AXIS2_PLACEMENT_3D('',#1357,#1358,#1359);
#1362=DIRECTION('',(-1.E0,5.176033425228E-14,0.E0));
#1363=VECTOR('',#1362,1.767422458735E0);
#1364=CARTESIAN_POINT('',(3.635623626307E0,-6.73E0,2.085623626307E0));
#1365=LINE('',#1364,#1363);
#1366=CARTESIAN_POINT('',(1.868201167572E0,-6.73E0,2.085623626307E0));
#1367=CARTESIAN_POINT('',(1.828504505442E0,-6.729999673530E0,2.103407041637E0));
#1368=CARTESIAN_POINT('',(1.743957914341E0,-6.726828213845E0,2.139215079781E0));
#1369=CARTESIAN_POINT('',(1.602327767400E0,-6.712295276314E0,2.192117346350E0));
#1370=CARTESIAN_POINT('',(1.497265801113E0,-6.695696322281E0,2.226273333227E0));
#1371=CARTESIAN_POINT('',(1.442219809077E0,-6.685522706632E0,2.242811877762E0));
#1373=DIRECTION('',(-1.E0,0.E0,0.E0));
#1374=VECTOR('',#1373,2.884441307457E0);
#1375=CARTESIAN_POINT('',(1.442219809077E0,-6.685522706632E0,2.242811877762E0));
#1376=LINE('',#1375,#1374);
#1377=CARTESIAN_POINT('',(-1.442221498380E0,-6.685522706632E0,
2.242811877762E0));
#1378=CARTESIAN_POINT('',(-1.497361994164E0,-6.695714152796E0,
2.226245297361E0));
#1379=CARTESIAN_POINT('',(-1.602548240313E0,-6.712326977218E0,
2.192040958093E0));
#1380=CARTESIAN_POINT('',(-1.744191701792E0,-6.726843584356E0,
2.139120014236E0));
#1381=CARTESIAN_POINT('',(-1.828601335412E0,-6.730000093879E0,
2.103362463800E0));
#1382=CARTESIAN_POINT('',(-1.868198136741E0,-6.73E0,2.085623626307E0));
#1384=DIRECTION('',(-1.E0,-5.276529880273E-14,0.E0));
#1385=VECTOR('',#1384,1.767425489566E0);
#1386=CARTESIAN_POINT('',(-1.868198136741E0,-6.73E0,2.085623626307E0));
#1387=LINE('',#1386,#1385);
#1388=DIRECTION('',(9.999999999975E-1,-4.797226332454E-8,2.224375782879E-6));
#1389=VECTOR('',#1388,7.291238687881E0);
#1390=CARTESIAN_POINT('',(-3.645619343841E0,-6.435235245763E0,
2.385559934819E0));
#1391=LINE('',#1390,#1389);
#1392=CARTESIAN_POINT('',(3.645619344022E0,-6.435235595540E0,2.385576153274E0));
#1393=CARTESIAN_POINT('',(3.645605827617E0,-6.452481866875E0,2.385275120433E0));
#1394=CARTESIAN_POINT('',(3.645488062203E0,-6.486968657110E0,2.381693740732E0));
#1395=CARTESIAN_POINT('',(3.645003714945E0,-6.537157325915E0,2.367446185501E0));
#1396=CARTESIAN_POINT('',(3.644268504001E0,-6.584214017959E0,2.344714056521E0));
#1397=CARTESIAN_POINT('',(3.643250727615E0,-6.626686231920E0,2.314149465164E0));
#1398=CARTESIAN_POINT('',(3.641999020215E0,-6.663160698331E0,2.276776959856E0));
#1399=CARTESIAN_POINT('',(3.640579704369E0,-6.692552577275E0,2.233828224679E0));
#1400=CARTESIAN_POINT('',(3.638852973474E0,-6.714058672230E0,2.186617547938E0));
#1401=CARTESIAN_POINT('',(3.637633758163E0,-6.727094073027E0,2.136756264591E0));
#1402=CARTESIAN_POINT('',(3.636329480842E0,-6.73E0,2.102642105557E0));
#1403=CARTESIAN_POINT('',(3.635623626307E0,-6.73E0,2.085623626307E0));
#1405=CARTESIAN_POINT('',(3.935559934842E0,-6.435235245764E0,2.095619343841E0));
#1406=CARTESIAN_POINT('',(3.935395103456E0,-6.444678490553E0,2.095519767489E0));
#1407=CARTESIAN_POINT('',(3.934010482937E0,-6.466371338149E0,2.095310210903E0));
#1408=CARTESIAN_POINT('',(3.927718337203E0,-6.503899124191E0,2.095596485552E0));
#1409=CARTESIAN_POINT('',(3.910167861392E0,-6.553926570871E0,2.094538219755E0));
#1410=CARTESIAN_POINT('',(3.891787707792E0,-6.587889869294E0,2.094251022301E0));
#1411=CARTESIAN_POINT('',(3.863645605495E0,-6.627189821628E0,2.093151281545E0));
#1412=CARTESIAN_POINT('',(3.826916637337E0,-6.663027650686E0,2.091949148834E0));
#1413=CARTESIAN_POINT('',(3.783877670937E0,-6.692495648406E0,2.090716528339E0));
#1414=CARTESIAN_POINT('',(3.737604905039E0,-6.713670707841E0,2.088839920736E0));
#1415=CARTESIAN_POINT('',(3.687531995223E0,-6.726996705303E0,2.087662373032E0));
#1416=CARTESIAN_POINT('',(3.652975114811E0,-6.73E0,2.086337319820E0));
#1417=CARTESIAN_POINT('',(3.635623626307E0,-6.73E0,2.085623626307E0));
#1419=CARTESIAN_POINT('',(3.645622104296E0,-6.430174464643E0,2.095622104296E0));
#1420=DIRECTION('',(-1.744974916068E-2,-9.996954598819E-1,-1.744974916068E-2));
#1421=DIRECTION('',(9.998477060261E-1,-1.745174218797E-2,-3.806568728578E-5));
#1422=AXIS2_PLACEMENT_3D('',#1419,#1420,#1421);
#1424=DIRECTION('',(-1.196124758147E-5,9.999999999285E-1,1.275464923318E-9));
#1425=VECTOR('',#1424,9.999816591200E-1);
#1426=CARTESIAN_POINT('',(3.760019322429E0,1.199999497487E-1,2.499999998654E0));
#1427=LINE('',#1426,#1425);
#1428=DIRECTION('',(-4.929940901412E-10,-9.999999999048E-1,1.380210842513E-5));
#1429=VECTOR('',#1428,9.999999997047E-1);
#1430=CARTESIAN_POINT('',(4.049999999947E0,1.119999995183E0,2.210005521050E0));
#1431=LINE('',#1430,#1429);
#1432=CARTESIAN_POINT('',(4.049999999454E0,1.199999955739E-1,2.210019323159E0));
#1433=CARTESIAN_POINT('',(4.049999356883E0,1.198662005015E-1,2.226895239968E0));
#1434=CARTESIAN_POINT('',(4.047036463263E0,1.196198812876E-1,2.260629142096E0));
#1435=CARTESIAN_POINT('',(4.033947579867E0,1.192426884097E-1,2.309553364506E0));
#1436=CARTESIAN_POINT('',(4.012429370799E0,1.190707837192E-1,2.355747437078E0));
#1437=CARTESIAN_POINT('',(3.983278158033E0,1.189433950471E-1,2.397354656115E0));
#1438=CARTESIAN_POINT('',(3.947441147472E0,1.189433106809E-1,2.433205934151E0));
#1439=CARTESIAN_POINT('',(3.905836351317E0,1.190703647771E-1,2.462379133728E0));
#1440=CARTESIAN_POINT('',(3.859628610604E0,1.192424054498E-1,2.483921962587E0));
#1441=CARTESIAN_POINT('',(3.810675031541E0,1.196193673055E-1,2.497030648256E0));
#1442=CARTESIAN_POINT('',(3.776911765919E0,1.198659367399E-1,2.499999355454E0));
#1443=CARTESIAN_POINT('',(3.760019322429E0,1.199999497487E-1,2.499999998654E0));
#1445=DIRECTION('',(-2.725176139158E-8,-2.210900258680E-7,1.E0));
#1446=VECTOR('',#1445,2.001932315878E-2);
#1447=CARTESIAN_POINT('',(4.05E0,1.2E-1,2.19E0));
#1448=LINE('',#1447,#1446);
#1449=DIRECTION('',(3.991315143995E-9,-1.E0,0.E0));
#1450=VECTOR('',#1449,7.001667969818E-1);
#1451=CARTESIAN_POINT('',(3.76E0,1.12E0,1.9E0));
#1452=LINE('',#1451,#1450);
#1453=CARTESIAN_POINT('',(3.760000002795E0,4.198332030182E-1,1.9E0));
#1454=CARTESIAN_POINT('',(3.773463842917E0,4.193841584322E-1,1.9E0));
#1455=CARTESIAN_POINT('',(3.801094489158E0,4.164757916190E-1,1.902047860265E0));
#1456=CARTESIAN_POINT('',(3.840717804969E0,4.072710072535E-1,1.910131053326E0));
#1457=CARTESIAN_POINT('',(3.886771055041E0,3.881166398234E-1,1.928063547877E0));
#1458=CARTESIAN_POINT('',(3.914738079651E0,3.714480662595E-1,1.944009279582E0));
#1459=CARTESIAN_POINT('',(3.948459215842E0,3.466290863439E-1,1.967940584547E0));
#1460=CARTESIAN_POINT('',(3.982834262206E0,3.113134768962E-1,2.002292978996E0));
#1461=CARTESIAN_POINT('',(4.009648308407E0,2.724260577154E-1,2.040311387518E0));
#1462=CARTESIAN_POINT('',(4.029425120796E0,2.326861214030E-1,2.079266689689E0));
#1463=CARTESIAN_POINT('',(4.045547539777E0,1.812203459985E-1,2.129808385530E0));
#1464=CARTESIAN_POINT('',(4.05E0,1.413425749501E-1,2.169016149337E0));
#1465=CARTESIAN_POINT('',(4.05E0,1.2E-1,2.19E0));
#1467=DIRECTION('',(0.E0,1.E0,1.389999227009E-13));
#1468=VECTOR('',#1467,9.999999998720E-1);
#1469=CARTESIAN_POINT('',(4.05E0,1.2E-1,2.19E0));
#1470=LINE('',#1469,#1468);
#1471=DIRECTION('',(-1.745002206563E-2,-9.996955138819E-1,1.744638227127E-2));
#1472=VECTOR('',#1471,6.557232131445E0);
#1473=CARTESIAN_POINT('',(4.049999998654E0,1.199999497471E-1,
-2.210019322429E0));
#1474=LINE('',#1473,#1472);
#1475=DIRECTION('',(1.745249560814E-2,9.996954706989E-1,1.744638246556E-2));
#1476=VECTOR('',#1475,6.557232110650E0);
#1477=CARTESIAN_POINT('',(3.935559934842E0,-6.435235245764E0,2.095619343841E0));
#1478=LINE('',#1477,#1476);
#1479=DIRECTION('',(6.722380598695E-8,2.510218772954E-6,9.999999999968E-1));
#1480=VECTOR('',#1479,2.001932242899E-2);
#1481=CARTESIAN_POINT('',(4.049999998654E0,1.199999497471E-1,
-2.210019322429E0));
#1482=LINE('',#1481,#1480);
#1483=DIRECTION('',(9.415504031287E-8,9.439898191788E-8,-1.E0));
#1484=VECTOR('',#1483,1.999334942E-2);
#1485=CARTESIAN_POINT('',(3.537867965408E0,1.332132034090E0,-2.190003468116E0));
#1486=LINE('',#1485,#1484);
#1487=DIRECTION('',(2.625973951694E-9,-2.343747680934E-7,1.E0));
#1488=VECTOR('',#1487,2.000552105040E-2);
#1489=CARTESIAN_POINT('',(4.049999999947E0,1.119999999872E0,-2.210005521050E0));
#1490=LINE('',#1489,#1488);
#1491=CARTESIAN_POINT('',(3.742928932188E0,1.127071067812E0,-2.19E0));
#1492=DIRECTION('',(-7.071067811850E-1,-7.071067811881E-1,1.622609344370E-12));
#1493=DIRECTION('',(2.646159153866E-12,-3.514430126228E-13,1.E0));
#1494=AXIS2_PLACEMENT_3D('',#1491,#1492,#1493);
#1496=CARTESIAN_POINT('',(3.75E0,1.12E0,-2.19E0));
#1497=DIRECTION('',(-1.477745129329E-12,-8.169710119138E-13,-1.E0));
#1498=DIRECTION('',(-7.071067828588E-1,7.071067795143E-1,4.677739677087E-13));
#1499=AXIS2_PLACEMENT_3D('',#1496,#1497,#1498);
#1501=CARTESIAN_POINT('',(3.76E0,1.119999999047E0,-2.19E0));
#1502=DIRECTION('',(-9.533971584430E-8,-1.E0,8.169711528016E-13));
#1503=DIRECTION('',(1.E0,-9.533971619846E-8,-3.154564732039E-13));
#1504=AXIS2_PLACEMENT_3D('',#1501,#1502,#1503);
#1506=DIRECTION('',(1.243449793569E-14,-1.E0,8.482103948990E-14));
#1507=VECTOR('',#1506,9.999999951835E-1);
#1508=CARTESIAN_POINT('',(4.05E0,1.119999995184E0,-2.19E0));
#1509=LINE('',#1508,#1507);
#1510=DIRECTION('',(7.230588006508E-14,1.E0,0.E0));
#1511=VECTOR('',#1510,7.001667067373E-1);
#1512=CARTESIAN_POINT('',(3.76E0,4.198332870113E-1,-1.9E0));
#1513=LINE('',#1512,#1511);
#1514=DIRECTION('',(-7.071068458387E-1,-7.071067165231E-1,3.999238577509E-6));
#1515=VECTOR('',#1514,1.319494226722E0);
#1516=CARTESIAN_POINT('',(3.537867967290E0,1.332132035978E0,-2.209996817536E0));
#1517=LINE('',#1516,#1515);
#1518=DIRECTION('',(-7.071067811866E-1,-7.071067811865E-1,0.E0));
#1519=VECTOR('',#1518,1.424213565927E0);
#1520=CARTESIAN_POINT('',(3.742928934701E0,1.127071070325E0,-2.5E0));
#1521=LINE('',#1520,#1519);
#1522=DIRECTION('',(1.E0,-4.323100764264E-9,5.330168639517E-10));
#1523=VECTOR('',#1522,1.024161458783E0);
#1524=CARTESIAN_POINT('',(2.735857864376E0,1.2E-1,-2.5E0));
#1525=LINE('',#1524,#1523);
#1526=CARTESIAN_POINT('',(3.760007361401E0,1.119981612024E0,-2.499999999930E0));
#1527=CARTESIAN_POINT('',(3.760007361401E0,1.121394547395E0,-2.499999999930E0));
#1528=CARTESIAN_POINT('',(3.759465096042E0,1.123920525377E0,-2.500000000033E0));
#1529=CARTESIAN_POINT('',(3.757238768445E0,1.127278608587E0,-2.499999999991E0));
#1530=CARTESIAN_POINT('',(3.753923916417E0,1.129471866896E0,-2.500000000002E0));
#1531=CARTESIAN_POINT('',(3.750029154721E0,1.130263987749E0,-2.499999999999E0));
#1532=CARTESIAN_POINT('',(3.746080619312E0,1.129470824112E0,-2.5E0));
#1533=CARTESIAN_POINT('',(3.743908649652E0,1.128050785276E0,-2.5E0));
#1534=CARTESIAN_POINT('',(3.742928934701E0,1.127071070325E0,-2.5E0));
#1536=DIRECTION('',(1.196197790641E-5,-9.999999999285E-1,4.758272430745E-10));
#1537=VECTOR('',#1536,9.999816165231E-1);
#1538=CARTESIAN_POINT('',(3.760007361401E0,1.119981612024E0,-2.499999999930E0));
#1539=LINE('',#1538,#1537);
#1540=DIRECTION('',(1.293228570344E-9,9.999999999048E-1,1.380137775009E-5));
#1541=VECTOR('',#1540,1.000000050220E0);
#1542=CARTESIAN_POINT('',(4.049999998654E0,1.199999497471E-1,
-2.210019322429E0));
#1543=LINE('',#1542,#1541);
#1544=CARTESIAN_POINT('',(4.049999998654E0,1.199999497471E-1,
-2.210019322429E0));
#1545=CARTESIAN_POINT('',(4.049998350352E0,1.198687144974E-1,
-2.226891447737E0));
#1546=CARTESIAN_POINT('',(4.047035158004E0,1.196183013711E-1,
-2.260655175963E0));
#1547=CARTESIAN_POINT('',(4.033934846195E0,1.192429896317E-1,
-2.309588054007E0));
#1548=CARTESIAN_POINT('',(4.012402292547E0,1.190702271578E-1,
-2.355796490580E0));
#1549=CARTESIAN_POINT('',(3.983241575607E0,1.189434392121E-1,
-2.397397923022E0));
#1550=CARTESIAN_POINT('',(3.947397361515E0,1.189434356362E-1,
-2.433242407178E0));
#1551=CARTESIAN_POINT('',(3.905791766345E0,1.190702482326E-1,
-2.462404953014E0));
#1552=CARTESIAN_POINT('',(3.859588321449E0,1.192429845405E-1,
-2.483934455576E0));
#1553=CARTESIAN_POINT('',(3.810656118864E0,1.196183135186E-1,
-2.497035046307E0));
#1554=CARTESIAN_POINT('',(3.776892027829E0,1.198686614145E-1,
-2.499998349464E0));
#1555=CARTESIAN_POINT('',(3.760019323159E0,1.199999955724E-1,
-2.499999999454E0));
#1557=CARTESIAN_POINT('',(3.645622104295E0,-6.430174464643E0,
-2.095622104295E0));
#1558=DIRECTION('',(-1.744974916068E-2,-9.996954598819E-1,1.744974916068E-2));
#1559=DIRECTION('',(-3.806568427363E-5,-1.745174218802E-2,-9.998477060261E-1));
#1560=AXIS2_PLACEMENT_3D('',#1557,#1558,#1559);
#1562=CARTESIAN_POINT('',(3.645619343841E0,-6.435235245763E0,
-2.385559934805E0));
#1563=CARTESIAN_POINT('',(3.645519767291E0,-6.444678490546E0,
-2.385395103419E0));
#1564=CARTESIAN_POINT('',(3.645310210391E0,-6.466371338045E0,
-2.384010482968E0));
#1565=CARTESIAN_POINT('',(3.645596486270E0,-6.503899123845E0,
-2.377718337239E0));
#1566=CARTESIAN_POINT('',(3.644538219030E0,-6.553926569762E0,
-2.360167861899E0));
#1567=CARTESIAN_POINT('',(3.644251022526E0,-6.587889869160E0,
-2.341787707902E0));
#1568=CARTESIAN_POINT('',(3.643151281652E0,-6.627189821080E0,
-2.313645605915E0));
#1569=CARTESIAN_POINT('',(3.641949148720E0,-6.663027649972E0,
-2.276916638183E0));
#1570=CARTESIAN_POINT('',(3.640716528491E0,-6.692495647772E0,
-2.233877672058E0));
#1571=CARTESIAN_POINT('',(3.638839920664E0,-6.713670707479E0,
-2.187604906094E0));
#1572=CARTESIAN_POINT('',(3.637662373152E0,-6.726996705210E0,
-2.137531995935E0));
#1573=CARTESIAN_POINT('',(3.636337319867E0,-6.73E0,-2.102975115077E0));
#1574=CARTESIAN_POINT('',(3.635623626307E0,-6.73E0,-2.085623626307E0));
#1576=DIRECTION('',(0.E0,0.E0,1.E0));
#1577=VECTOR('',#1576,4.171247252614E0);
#1578=CARTESIAN_POINT('',(3.635623626307E0,-6.73E0,-2.085623626307E0));
#1579=LINE('',#1578,#1577);
#1580=DIRECTION('',(3.869602872662E-6,-8.345425893071E-8,-9.999999999925E-1));
#1581=VECTOR('',#1580,4.191238687895E0);
#1582=CARTESIAN_POINT('',(3.935559934842E0,-6.435235245764E0,2.095619343841E0));
#1583=LINE('',#1582,#1581);
#1584=CARTESIAN_POINT('',(3.935576153271E0,-6.435235595541E0,
-2.095619344022E0));
#1585=CARTESIAN_POINT('',(3.935275120430E0,-6.452481866886E0,
-2.095605827635E0));
#1586=CARTESIAN_POINT('',(3.931693740729E0,-6.486968657151E0,
-2.095488062240E0));
#1587=CARTESIAN_POINT('',(3.917446185461E0,-6.537157326034E0,
-2.095003714969E0));
#1588=CARTESIAN_POINT('',(3.894714056418E0,-6.584214018135E0,
-2.094268503939E0));
#1589=CARTESIAN_POINT('',(3.864149465043E0,-6.626686232060E0,
-2.093250727584E0));
#1590=CARTESIAN_POINT('',(3.826776959675E0,-6.663160698484E0,
-2.091999020281E0));
#1591=CARTESIAN_POINT('',(3.783828224414E0,-6.692552577430E0,
-2.090579704364E0));
#1592=CARTESIAN_POINT('',(3.736617547593E0,-6.714058672351E0,
-2.088852973375E0));
#1593=CARTESIAN_POINT('',(3.686756264357E0,-6.727094073056E0,
-2.087633758260E0));
#1594=CARTESIAN_POINT('',(3.652642105466E0,-6.73E0,-2.086329480885E0));
#1595=CARTESIAN_POINT('',(3.635623626307E0,-6.73E0,-2.085623626307E0));
#1597=CARTESIAN_POINT('',(3.76E0,1.12E0,-2.21E0));
#1598=DIRECTION('',(-2.479849658953E-12,-1.E0,-7.733277619839E-13));
#1599=DIRECTION('',(3.807621048037E-5,7.733277619805E-13,-9.999999992751E-1));
#1600=AXIS2_PLACEMENT_3D('',#1597,#1598,#1599);
#1602=CARTESIAN_POINT('',(3.75E0,1.12E0,-2.21E0));
#1603=DIRECTION('',(-1.467025734608E-12,-7.733277619803E-13,1.E0));
#1604=DIRECTION('',(1.E0,-8.689345539401E-13,1.466974689872E-12));
#1605=AXIS2_PLACEMENT_3D('',#1602,#1603,#1604);
#1607=CARTESIAN_POINT('',(3.742928932571E0,1.127071068195E0,-2.21E0));
#1608=DIRECTION('',(-7.071068195116E-1,-7.071067428615E-1,-1.584169176279E-12));
#1609=DIRECTION('',(-7.071067426912E-1,7.071068193413E-1,2.194802330531E-5));
#1610=AXIS2_PLACEMENT_3D('',#1607,#1608,#1609);
#1612=CARTESIAN_POINT('',(-3.742928932188E0,1.127071067812E0,-2.21E0));
#1613=DIRECTION('',(7.071067811877E-1,-7.071067811854E-1,-4.011856937526E-13));
#1614=DIRECTION('',(-2.102532707326E-12,-1.535170458190E-12,-1.E0));
#1615=AXIS2_PLACEMENT_3D('',#1612,#1613,#1614);
#1617=CARTESIAN_POINT('',(-3.75E0,1.12E0,-2.21E0));
#1618=DIRECTION('',(-3.368952626449E-14,-6.010517754005E-13,1.E0));
#1619=DIRECTION('',(7.071067823912E-1,7.071067799819E-1,4.485301019483E-13));
#1620=AXIS2_PLACEMENT_3D('',#1617,#1618,#1619);
#1622=CARTESIAN_POINT('',(-3.76E0,1.120000000542E0,-2.21E0));
#1623=DIRECTION('',(-5.420759325509E-8,-1.E0,-6.010517772267E-13));
#1624=DIRECTION('',(-9.999999992751E-1,5.420759320349E-8,-3.807620902102E-5));
#1625=AXIS2_PLACEMENT_3D('',#1622,#1623,#1624);
#1627=DIRECTION('',(0.E0,0.E0,-1.E0));
#1628=VECTOR('',#1627,2.065358983849E0);
#1629=CARTESIAN_POINT('',(2.29E0,0.E0,1.032679491924E0));
#1630=LINE('',#1629,#1628);
#1631=DIRECTION('',(0.E0,8.660254037844E-1,5.E-1));
#1632=VECTOR('',#1631,3.464101615138E-1);
#1633=CARTESIAN_POINT('',(2.29E0,0.E0,-1.032679491924E0));
#1634=LINE('',#1633,#1632);
#1635=DIRECTION('',(0.E0,0.E0,1.E0));
#1636=VECTOR('',#1635,5.094744111674E-1);
#1637=CARTESIAN_POINT('',(2.29E0,3.E-1,-8.594744111674E-1));
#1638=LINE('',#1637,#1636);
#1639=DIRECTION('',(0.E0,1.E0,0.E0));
#1640=VECTOR('',#1639,4.5E-1);
#1641=CARTESIAN_POINT('',(2.29E0,3.E-1,-3.5E-1));
#1642=LINE('',#1641,#1640);
#1643=DIRECTION('',(0.E0,0.E0,1.E0));
#1644=VECTOR('',#1643,5.094744111674E-1);
#1645=CARTESIAN_POINT('',(2.29E0,3.E-1,3.5E-1));
#1646=LINE('',#1645,#1644);
#1647=DIRECTION('',(0.E0,-8.660254037844E-1,5.E-1));
#1648=VECTOR('',#1647,3.464101615138E-1);
#1649=CARTESIAN_POINT('',(2.29E0,3.E-1,8.594744111674E-1));
#1650=LINE('',#1649,#1648);
#1651=DIRECTION('',(0.E0,0.E0,1.E0));
#1652=VECTOR('',#1651,2.065358983849E0);
#1653=CARTESIAN_POINT('',(2.79E0,0.E0,-1.032679491924E0));
#1654=LINE('',#1653,#1652);
#1655=DIRECTION('',(0.E0,8.660254037844E-1,-5.E-1));
#1656=VECTOR('',#1655,3.464101615138E-1);
#1657=CARTESIAN_POINT('',(2.79E0,0.E0,1.032679491924E0));
#1658=LINE('',#1657,#1656);
#1659=DIRECTION('',(0.E0,0.E0,-1.E0));
#1660=VECTOR('',#1659,5.094744111674E-1);
#1661=CARTESIAN_POINT('',(2.79E0,3.E-1,8.594744111674E-1));
#1662=LINE('',#1661,#1660);
#1663=DIRECTION('',(0.E0,1.E0,0.E0));
#1664=VECTOR('',#1663,4.5E-1);
#1665=CARTESIAN_POINT('',(2.79E0,3.E-1,3.5E-1));
#1666=LINE('',#1665,#1664);
#1667=DIRECTION('',(0.E0,0.E0,-1.E0));
#1668=VECTOR('',#1667,5.094744111674E-1);
#1669=CARTESIAN_POINT('',(2.79E0,3.E-1,-3.5E-1));
#1670=LINE('',#1669,#1668);
#1671=DIRECTION('',(0.E0,-8.660254037844E-1,-5.E-1));
#1672=VECTOR('',#1671,3.464101615138E-1);
#1673=CARTESIAN_POINT('',(2.79E0,3.E-1,-8.594744111674E-1));
#1674=LINE('',#1673,#1672);
#1675=DIRECTION('',(-1.E0,0.E0,0.E0));
#1676=VECTOR('',#1675,4.56E0);
#1677=CARTESIAN_POINT('',(7.85E0,1.25E0,3.5E-1));
#1678=LINE('',#1677,#1676);
#1679=CARTESIAN_POINT('',(3.29E0,7.5E-1,3.5E-1));
#1680=DIRECTION('',(0.E0,0.E0,1.E0));
#1681=DIRECTION('',(0.E0,1.E0,0.E0));
#1682=AXIS2_PLACEMENT_3D('',#1679,#1680,#1681);
#1684=DIRECTION('',(-1.E0,0.E0,0.E0));
#1685=VECTOR('',#1684,5.E-1);
#1686=CARTESIAN_POINT('',(2.79E0,3.E-1,3.5E-1));
#1687=LINE('',#1686,#1685);
#1688=DIRECTION('',(0.E0,1.E0,0.E0));
#1689=VECTOR('',#1688,4.5E-1);
#1690=CARTESIAN_POINT('',(2.29E0,3.E-1,3.5E-1));
#1691=LINE('',#1690,#1689);
#1692=CARTESIAN_POINT('',(3.29E0,7.5E-1,3.5E-1));
#1693=DIRECTION('',(0.E0,0.E0,-1.E0));
#1694=DIRECTION('',(-1.E0,0.E0,0.E0));
#1695=AXIS2_PLACEMENT_3D('',#1692,#1693,#1694);
#1697=DIRECTION('',(0.E0,1.E0,0.E0));
#1698=VECTOR('',#1697,5.E-1);
#1699=CARTESIAN_POINT('',(7.85E0,1.25E0,3.5E-1));
#1700=LINE('',#1699,#1698);
#1701=DIRECTION('',(0.E0,0.E0,-1.E0));
#1702=VECTOR('',#1701,7.E-1);
#1703=CARTESIAN_POINT('',(7.85E0,1.75E0,3.5E-1));
#1704=LINE('',#1703,#1702);
#1705=DIRECTION('',(0.E0,0.E0,1.E0));
#1706=VECTOR('',#1705,7.E-1);
#1707=CARTESIAN_POINT('',(7.85E0,1.25E0,-3.5E-1));
#1708=LINE('',#1707,#1706);
#1709=DIRECTION('',(-1.E0,0.E0,0.E0));
#1710=VECTOR('',#1709,4.56E0);
#1711=CARTESIAN_POINT('',(7.85E0,1.75E0,3.5E-1));
#1712=LINE('',#1711,#1710);
#1713=DIRECTION('',(1.E0,0.E0,0.E0));
#1714=VECTOR('',#1713,4.56E0);
#1715=CARTESIAN_POINT('',(3.29E0,1.75E0,-3.5E-1));
#1716=LINE('',#1715,#1714);
#1717=DIRECTION('',(0.E0,0.E0,-1.E0));
#1718=VECTOR('',#1717,7.E-1);
#1719=CARTESIAN_POINT('',(2.29E0,7.5E-1,3.5E-1));
#1720=LINE('',#1719,#1718);
#1721=DIRECTION('',(0.E0,0.E0,1.E0));
#1722=VECTOR('',#1721,7.E-1);
#1723=CARTESIAN_POINT('',(3.29E0,1.75E0,-3.5E-1));
#1724=LINE('',#1723,#1722);
#1725=DIRECTION('',(0.E0,1.E0,0.E0));
#1726=VECTOR('',#1725,5.E-1);
#1727=CARTESIAN_POINT('',(7.85E0,1.25E0,-3.5E-1));
#1728=LINE('',#1727,#1726);
#1729=CARTESIAN_POINT('',(3.29E0,7.5E-1,-3.5E-1));
#1730=DIRECTION('',(0.E0,0.E0,1.E0));
#1731=DIRECTION('',(0.E0,1.E0,0.E0));
#1732=AXIS2_PLACEMENT_3D('',#1729,#1730,#1731);
#1734=DIRECTION('',(1.E0,0.E0,0.E0));
#1735=VECTOR('',#1734,5.E-1);
#1736=CARTESIAN_POINT('',(2.29E0,3.E-1,-3.5E-1));
#1737=LINE('',#1736,#1735);
#1738=DIRECTION('',(0.E0,1.E0,0.E0));
#1739=VECTOR('',#1738,4.5E-1);
#1740=CARTESIAN_POINT('',(2.79E0,3.E-1,-3.5E-1));
#1741=LINE('',#1740,#1739);
#1742=CARTESIAN_POINT('',(3.29E0,7.5E-1,-3.5E-1));
#1743=DIRECTION('',(0.E0,0.E0,-1.E0));
#1744=DIRECTION('',(-1.E0,0.E0,0.E0));
#1745=AXIS2_PLACEMENT_3D('',#1742,#1743,#1744);
#1747=DIRECTION('',(0.E0,0.E0,1.E0));
#1748=VECTOR('',#1747,7.E-1);
#1749=CARTESIAN_POINT('',(2.79E0,7.5E-1,-3.5E-1));
#1750=LINE('',#1749,#1748);
#1751=DIRECTION('',(0.E0,0.E0,-1.E0));
#1752=VECTOR('',#1751,7.E-1);
#1753=CARTESIAN_POINT('',(3.29E0,1.25E0,3.5E-1));
#1754=LINE('',#1753,#1752);
#1755=DIRECTION('',(-1.E0,0.E0,0.E0));
#1756=VECTOR('',#1755,4.56E0);
#1757=CARTESIAN_POINT('',(7.85E0,1.25E0,-3.5E-1));
#1758=LINE('',#1757,#1756);
#1759=DIRECTION('',(0.E0,0.E0,-1.E0));
#1760=VECTOR('',#1759,2.065358983849E0);
#1761=CARTESIAN_POINT('',(-2.5E-1,0.E0,1.032679491924E0));
#1762=LINE('',#1761,#1760);
#1763=DIRECTION('',(0.E0,8.660254037844E-1,5.E-1));
#1764=VECTOR('',#1763,3.464101615138E-1);
#1765=CARTESIAN_POINT('',(-2.5E-1,0.E0,-1.032679491924E0));
#1766=LINE('',#1765,#1764);
#1767=DIRECTION('',(0.E0,0.E0,1.E0));
#1768=VECTOR('',#1767,5.094744111674E-1);
#1769=CARTESIAN_POINT('',(-2.5E-1,3.E-1,-8.594744111674E-1));
#1770=LINE('',#1769,#1768);
#1771=DIRECTION('',(0.E0,1.E0,0.E0));
#1772=VECTOR('',#1771,2.49E0);
#1773=CARTESIAN_POINT('',(-2.5E-1,3.E-1,-3.5E-1));
#1774=LINE('',#1773,#1772);
#1775=DIRECTION('',(0.E0,0.E0,1.E0));
#1776=VECTOR('',#1775,5.094744111674E-1);
#1777=CARTESIAN_POINT('',(-2.5E-1,3.E-1,3.5E-1));
#1778=LINE('',#1777,#1776);
#1779=DIRECTION('',(0.E0,-8.660254037844E-1,5.E-1));
#1780=VECTOR('',#1779,3.464101615138E-1);
#1781=CARTESIAN_POINT('',(-2.5E-1,3.E-1,8.594744111674E-1));
#1782=LINE('',#1781,#1780);
#1783=DIRECTION('',(0.E0,0.E0,1.E0));
#1784=VECTOR('',#1783,2.065358983849E0);
#1785=CARTESIAN_POINT('',(2.5E-1,0.E0,-1.032679491924E0));
#1786=LINE('',#1785,#1784);
#1787=DIRECTION('',(0.E0,8.660254037844E-1,-5.E-1));
#1788=VECTOR('',#1787,3.464101615138E-1);
#1789=CARTESIAN_POINT('',(2.5E-1,0.E0,1.032679491924E0));
#1790=LINE('',#1789,#1788);
#1791=DIRECTION('',(0.E0,0.E0,-1.E0));
#1792=VECTOR('',#1791,5.094744111674E-1);
#1793=CARTESIAN_POINT('',(2.5E-1,3.E-1,8.594744111674E-1));
#1794=LINE('',#1793,#1792);
#1795=DIRECTION('',(0.E0,1.E0,0.E0));
#1796=VECTOR('',#1795,2.49E0);
#1797=CARTESIAN_POINT('',(2.5E-1,3.E-1,3.5E-1));
#1798=LINE('',#1797,#1796);
#1799=DIRECTION('',(0.E0,0.E0,-1.E0));
#1800=VECTOR('',#1799,5.094744111674E-1);
#1801=CARTESIAN_POINT('',(2.5E-1,3.E-1,-3.5E-1));
#1802=LINE('',#1801,#1800);
#1803=DIRECTION('',(0.E0,-8.660254037844E-1,-5.E-1));
#1804=VECTOR('',#1803,3.464101615138E-1);
#1805=CARTESIAN_POINT('',(2.5E-1,3.E-1,-8.594744111674E-1));
#1806=LINE('',#1805,#1804);
#1807=DIRECTION('',(-1.E0,0.E0,0.E0));
#1808=VECTOR('',#1807,6.6E0);
#1809=CARTESIAN_POINT('',(7.85E0,3.79E0,3.5E-1));
#1810=LINE('',#1809,#1808);
#1811=CARTESIAN_POINT('',(1.25E0,2.79E0,3.5E-1));
#1812=DIRECTION('',(0.E0,0.E0,1.E0));
#1813=DIRECTION('',(0.E0,1.E0,0.E0));
#1814=AXIS2_PLACEMENT_3D('',#1811,#1812,#1813);
#1816=DIRECTION('',(-1.E0,0.E0,0.E0));
#1817=VECTOR('',#1816,5.E-1);
#1818=CARTESIAN_POINT('',(2.5E-1,3.E-1,3.5E-1));
#1819=LINE('',#1818,#1817);
#1820=DIRECTION('',(0.E0,1.E0,0.E0));
#1821=VECTOR('',#1820,2.49E0);
#1822=CARTESIAN_POINT('',(-2.5E-1,3.E-1,3.5E-1));
#1823=LINE('',#1822,#1821);
#1824=CARTESIAN_POINT('',(1.25E0,2.79E0,3.5E-1));
#1825=DIRECTION('',(0.E0,0.E0,-1.E0));
#1826=DIRECTION('',(-1.E0,0.E0,0.E0));
#1827=AXIS2_PLACEMENT_3D('',#1824,#1825,#1826);
#1829=DIRECTION('',(0.E0,1.E0,0.E0));
#1830=VECTOR('',#1829,5.E-1);
#1831=CARTESIAN_POINT('',(7.85E0,3.79E0,3.5E-1));
#1832=LINE('',#1831,#1830);
#1833=DIRECTION('',(0.E0,0.E0,-1.E0));
#1834=VECTOR('',#1833,7.E-1);
#1835=CARTESIAN_POINT('',(7.85E0,4.29E0,3.5E-1));
#1836=LINE('',#1835,#1834);
#1837=DIRECTION('',(0.E0,0.E0,1.E0));
#1838=VECTOR('',#1837,7.E-1);
#1839=CARTESIAN_POINT('',(7.85E0,3.79E0,-3.5E-1));
#1840=LINE('',#1839,#1838);
#1841=DIRECTION('',(-1.E0,0.E0,0.E0));
#1842=VECTOR('',#1841,6.6E0);
#1843=CARTESIAN_POINT('',(7.85E0,4.29E0,3.5E-1));
#1844=LINE('',#1843,#1842);
#1845=DIRECTION('',(1.E0,0.E0,0.E0));
#1846=VECTOR('',#1845,6.6E0);
#1847=CARTESIAN_POINT('',(1.25E0,4.29E0,-3.5E-1));
#1848=LINE('',#1847,#1846);
#1849=DIRECTION('',(0.E0,0.E0,-1.E0));
#1850=VECTOR('',#1849,7.E-1);
#1851=CARTESIAN_POINT('',(-2.5E-1,2.79E0,3.5E-1));
#1852=LINE('',#1851,#1850);
#1853=DIRECTION('',(0.E0,0.E0,1.E0));
#1854=VECTOR('',#1853,7.E-1);
#1855=CARTESIAN_POINT('',(1.25E0,4.29E0,-3.5E-1));
#1856=LINE('',#1855,#1854);
#1857=DIRECTION('',(0.E0,1.E0,0.E0));
#1858=VECTOR('',#1857,5.E-1);
#1859=CARTESIAN_POINT('',(7.85E0,3.79E0,-3.5E-1));
#1860=LINE('',#1859,#1858);
#1861=CARTESIAN_POINT('',(1.25E0,2.79E0,-3.5E-1));
#1862=DIRECTION('',(0.E0,0.E0,1.E0));
#1863=DIRECTION('',(0.E0,1.E0,0.E0));
#1864=AXIS2_PLACEMENT_3D('',#1861,#1862,#1863);
#1866=DIRECTION('',(1.E0,0.E0,0.E0));
#1867=VECTOR('',#1866,5.E-1);
#1868=CARTESIAN_POINT('',(-2.5E-1,3.E-1,-3.5E-1));
#1869=LINE('',#1868,#1867);
#1870=DIRECTION('',(0.E0,1.E0,0.E0));
#1871=VECTOR('',#1870,2.49E0);
#1872=CARTESIAN_POINT('',(2.5E-1,3.E-1,-3.5E-1));
#1873=LINE('',#1872,#1871);
#1874=CARTESIAN_POINT('',(1.25E0,2.79E0,-3.5E-1));
#1875=DIRECTION('',(0.E0,0.E0,-1.E0));
#1876=DIRECTION('',(-1.E0,0.E0,0.E0));
#1877=AXIS2_PLACEMENT_3D('',#1874,#1875,#1876);
#1879=DIRECTION('',(0.E0,0.E0,1.E0));
#1880=VECTOR('',#1879,7.E-1);
#1881=CARTESIAN_POINT('',(2.5E-1,2.79E0,-3.5E-1));
#1882=LINE('',#1881,#1880);
#1883=DIRECTION('',(0.E0,0.E0,-1.E0));
#1884=VECTOR('',#1883,7.E-1);
#1885=CARTESIAN_POINT('',(1.25E0,3.79E0,3.5E-1));
#1886=LINE('',#1885,#1884);
#1887=DIRECTION('',(-1.E0,0.E0,0.E0));
#1888=VECTOR('',#1887,6.6E0);
#1889=CARTESIAN_POINT('',(7.85E0,3.79E0,-3.5E-1));
#1890=LINE('',#1889,#1888);
#1891=DIRECTION('',(0.E0,0.E0,-1.E0));
#1892=VECTOR('',#1891,2.065358983849E0);
#1893=CARTESIAN_POINT('',(-2.79E0,0.E0,1.032679491924E0));
#1894=LINE('',#1893,#1892);
#1895=DIRECTION('',(0.E0,8.660254037844E-1,5.E-1));
#1896=VECTOR('',#1895,3.464101615138E-1);
#1897=CARTESIAN_POINT('',(-2.79E0,0.E0,-1.032679491924E0));
#1898=LINE('',#1897,#1896);
#1899=DIRECTION('',(0.E0,0.E0,1.E0));
#1900=VECTOR('',#1899,5.094744111674E-1);
#1901=CARTESIAN_POINT('',(-2.79E0,3.E-1,-8.594744111674E-1));
#1902=LINE('',#1901,#1900);
#1903=DIRECTION('',(0.E0,1.E0,0.E0));
#1904=VECTOR('',#1903,4.53E0);
#1905=CARTESIAN_POINT('',(-2.79E0,3.E-1,-3.5E-1));
#1906=LINE('',#1905,#1904);
#1907=DIRECTION('',(0.E0,0.E0,1.E0));
#1908=VECTOR('',#1907,5.094744111674E-1);
#1909=CARTESIAN_POINT('',(-2.79E0,3.E-1,3.5E-1));
#1910=LINE('',#1909,#1908);
#1911=DIRECTION('',(0.E0,-8.660254037844E-1,5.E-1));
#1912=VECTOR('',#1911,3.464101615138E-1);
#1913=CARTESIAN_POINT('',(-2.79E0,3.E-1,8.594744111674E-1));
#1914=LINE('',#1913,#1912);
#1915=DIRECTION('',(0.E0,0.E0,1.E0));
#1916=VECTOR('',#1915,2.065358983849E0);
#1917=CARTESIAN_POINT('',(-2.29E0,0.E0,-1.032679491924E0));
#1918=LINE('',#1917,#1916);
#1919=DIRECTION('',(0.E0,8.660254037844E-1,-5.E-1));
#1920=VECTOR('',#1919,3.464101615138E-1);
#1921=CARTESIAN_POINT('',(-2.29E0,0.E0,1.032679491924E0));
#1922=LINE('',#1921,#1920);
#1923=DIRECTION('',(0.E0,0.E0,-1.E0));
#1924=VECTOR('',#1923,5.094744111674E-1);
#1925=CARTESIAN_POINT('',(-2.29E0,3.E-1,8.594744111674E-1));
#1926=LINE('',#1925,#1924);
#1927=DIRECTION('',(0.E0,1.E0,0.E0));
#1928=VECTOR('',#1927,4.53E0);
#1929=CARTESIAN_POINT('',(-2.29E0,3.E-1,3.5E-1));
#1930=LINE('',#1929,#1928);
#1931=DIRECTION('',(0.E0,0.E0,-1.E0));
#1932=VECTOR('',#1931,5.094744111674E-1);
#1933=CARTESIAN_POINT('',(-2.29E0,3.E-1,-3.5E-1));
#1934=LINE('',#1933,#1932);
#1935=DIRECTION('',(0.E0,-8.660254037844E-1,-5.E-1));
#1936=VECTOR('',#1935,3.464101615138E-1);
#1937=CARTESIAN_POINT('',(-2.29E0,3.E-1,-8.594744111674E-1));
#1938=LINE('',#1937,#1936);
#1939=CARTESIAN_POINT('',(-7.9E-1,4.83E0,3.5E-1));
#1940=DIRECTION('',(0.E0,0.E0,-1.E0));
#1941=DIRECTION('',(-1.E0,0.E0,0.E0));
#1942=AXIS2_PLACEMENT_3D('',#1939,#1940,#1941);
#1944=CARTESIAN_POINT('',(-7.9E-1,4.83E0,3.5E-1));
#1945=DIRECTION('',(0.E0,0.E0,1.E0));
#1946=DIRECTION('',(0.E0,1.E0,0.E0));
#1947=AXIS2_PLACEMENT_3D('',#1944,#1945,#1946);
#1949=DIRECTION('',(-1.E0,0.E0,0.E0));
#1950=VECTOR('',#1949,5.E-1);
#1951=CARTESIAN_POINT('',(-2.29E0,3.E-1,3.5E-1));
#1952=LINE('',#1951,#1950);
#1953=DIRECTION('',(0.E0,1.E0,0.E0));
#1954=VECTOR('',#1953,4.53E0);
#1955=CARTESIAN_POINT('',(-2.79E0,3.E-1,3.5E-1));
#1956=LINE('',#1955,#1954);
#1957=DIRECTION('',(0.E0,0.E0,-1.E0));
#1958=VECTOR('',#1957,7.E-1);
#1959=CARTESIAN_POINT('',(-2.79E0,4.83E0,3.5E-1));
#1960=LINE('',#1959,#1958);
#1961=DIRECTION('',(0.E0,0.E0,1.E0));
#1962=VECTOR('',#1961,7.E-1);
#1963=CARTESIAN_POINT('',(-7.9E-1,6.83E0,-3.5E-1));
#1964=LINE('',#1963,#1962);
#1965=CARTESIAN_POINT('',(-7.9E-1,4.83E0,-3.5E-1));
#1966=DIRECTION('',(0.E0,0.E0,1.E0));
#1967=DIRECTION('',(0.E0,1.E0,0.E0));
#1968=AXIS2_PLACEMENT_3D('',#1965,#1966,#1967);
#1970=DIRECTION('',(1.E0,0.E0,0.E0));
#1971=VECTOR('',#1970,5.E-1);
#1972=CARTESIAN_POINT('',(-2.79E0,3.E-1,-3.5E-1));
#1973=LINE('',#1972,#1971);
#1974=DIRECTION('',(0.E0,1.E0,0.E0));
#1975=VECTOR('',#1974,4.53E0);
#1976=CARTESIAN_POINT('',(-2.29E0,3.E-1,-3.5E-1));
#1977=LINE('',#1976,#1975);
#1978=CARTESIAN_POINT('',(-7.9E-1,4.83E0,-3.5E-1));
#1979=DIRECTION('',(0.E0,0.E0,-1.E0));
#1980=DIRECTION('',(-1.E0,0.E0,0.E0));
#1981=AXIS2_PLACEMENT_3D('',#1978,#1979,#1980);
#1983=DIRECTION('',(1.E0,0.E0,0.E0));
#1984=VECTOR('',#1983,8.64E0);
#1985=CARTESIAN_POINT('',(-7.9E-1,6.33E0,-3.5E-1));
#1986=LINE('',#1985,#1984);
#1987=DIRECTION('',(0.E0,0.E0,1.E0));
#1988=VECTOR('',#1987,7.E-1);
#1989=CARTESIAN_POINT('',(-2.29E0,4.83E0,-3.5E-1));
#1990=LINE('',#1989,#1988);
#1991=DIRECTION('',(0.E0,0.E0,-1.E0));
#1992=VECTOR('',#1991,7.E-1);
#1993=CARTESIAN_POINT('',(-7.9E-1,6.33E0,3.5E-1));
#1994=LINE('',#1993,#1992);
#1995=DIRECTION('',(1.E0,0.E0,0.E0));
#1996=VECTOR('',#1995,8.64E0);
#1997=CARTESIAN_POINT('',(-7.9E-1,6.33E0,3.5E-1));
#1998=LINE('',#1997,#1996);
#1999=DIRECTION('',(0.E0,0.E0,-1.E0));
#2000=VECTOR('',#1999,7.E-1);
#2001=CARTESIAN_POINT('',(7.85E0,6.83E0,3.5E-1));
#2002=LINE('',#2001,#2000);
#2003=DIRECTION('',(0.E0,-1.E0,0.E0));
#2004=VECTOR('',#2003,5.E-1);
#2005=CARTESIAN_POINT('',(7.85E0,6.83E0,-3.5E-1));
#2006=LINE('',#2005,#2004);
#2007=DIRECTION('',(0.E0,0.E0,1.E0));
#2008=VECTOR('',#2007,7.E-1);
#2009=CARTESIAN_POINT('',(7.85E0,6.33E0,-3.5E-1));
#2010=LINE('',#2009,#2008);
#2011=DIRECTION('',(0.E0,1.E0,0.E0));
#2012=VECTOR('',#2011,5.E-1);
#2013=CARTESIAN_POINT('',(7.85E0,6.33E0,3.5E-1));
#2014=LINE('',#2013,#2012);
#2015=DIRECTION('',(1.E0,0.E0,0.E0));
#2016=VECTOR('',#2015,8.64E0);
#2017=CARTESIAN_POINT('',(-7.9E-1,6.83E0,-3.5E-1));
#2018=LINE('',#2017,#2016);
#2019=DIRECTION('',(-1.E0,0.E0,0.E0));
#2020=VECTOR('',#2019,8.64E0);
#2021=CARTESIAN_POINT('',(7.85E0,6.83E0,3.5E-1));
#2022=LINE('',#2021,#2020);
#2023=CARTESIAN_POINT('',(2.29E0,0.E0,1.032679491924E0));
#2024=CARTESIAN_POINT('',(2.29E0,0.E0,-1.032679491924E0));
#2025=VERTEX_POINT('',#2023);
#2026=VERTEX_POINT('',#2024);
#2027=CARTESIAN_POINT('',(2.79E0,0.E0,1.032679491924E0));
#2028=CARTESIAN_POINT('',(2.79E0,0.E0,-1.032679491924E0));
#2029=VERTEX_POINT('',#2027);
#2030=VERTEX_POINT('',#2028);
#2031=CARTESIAN_POINT('',(-2.5E-1,0.E0,1.032679491924E0));
#2032=CARTESIAN_POINT('',(-2.5E-1,0.E0,-1.032679491924E0));
#2033=VERTEX_POINT('',#2031);
#2034=VERTEX_POINT('',#2032);
#2035=CARTESIAN_POINT('',(2.5E-1,0.E0,1.032679491924E0));
#2036=CARTESIAN_POINT('',(2.5E-1,0.E0,-1.032679491924E0));
#2037=VERTEX_POINT('',#2035);
#2038=VERTEX_POINT('',#2036);
#2039=CARTESIAN_POINT('',(-2.79E0,0.E0,1.032679491924E0));
#2040=CARTESIAN_POINT('',(-2.79E0,0.E0,-1.032679491924E0));
#2041=VERTEX_POINT('',#2039);
#2042=VERTEX_POINT('',#2040);
#2043=CARTESIAN_POINT('',(-2.29E0,0.E0,1.032679491924E0));
#2044=CARTESIAN_POINT('',(-2.29E0,0.E0,-1.032679491924E0));
#2045=VERTEX_POINT('',#2043);
#2046=VERTEX_POINT('',#2044);
#2047=CARTESIAN_POINT('',(-3.035857864376E0,4.199999999999E-1,-1.9E0));
#2048=CARTESIAN_POINT('',(-3.75E0,4.2E-1,-1.9E0));
#2049=VERTEX_POINT('',#2047);
#2050=VERTEX_POINT('',#2048);
#2051=VERTEX_POINT('',#6);
#2052=CARTESIAN_POINT('',(2.645986090584E0,4.199999999999E-1,-2.1E0));
#2053=VERTEX_POINT('',#2052);
#2054=VERTEX_POINT('',#13);
#2055=CARTESIAN_POINT('',(3.75E0,4.2E-1,-1.9E0));
#2056=VERTEX_POINT('',#2055);
#2057=CARTESIAN_POINT('',(3.75E0,4.2E-1,1.9E0));
#2058=VERTEX_POINT('',#2057);
#2059=CARTESIAN_POINT('',(3.035857864376E0,4.2E-1,1.9E0));
#2060=VERTEX_POINT('',#2059);
#2061=VERTEX_POINT('',#24);
#2062=CARTESIAN_POINT('',(-2.645986090584E0,4.200000000001E-1,2.1E0));
#2063=VERTEX_POINT('',#2062);
#2064=VERTEX_POINT('',#31);
#2065=CARTESIAN_POINT('',(-3.75E0,4.2E-1,1.9E0));
#2066=VERTEX_POINT('',#2065);
#2067=CARTESIAN_POINT('',(-3.76E0,1.12E0,-1.9E0));
#2068=CARTESIAN_POINT('',(-3.742928932187E0,1.127071067811E0,-1.9E0));
#2069=VERTEX_POINT('',#2067);
#2070=VERTEX_POINT('',#2068);
#2071=CARTESIAN_POINT('',(-3.760000000002E0,4.198332870112E-1,-1.9E0));
#2072=VERTEX_POINT('',#2071);
#2073=CARTESIAN_POINT('',(-4.05E0,1.12E0,-2.19E0));
#2074=VERTEX_POINT('',#2073);
#2075=CARTESIAN_POINT('',(-3.537867965282E0,1.332132033994E0,-2.19E0));
#2076=VERTEX_POINT('',#2075);
#2077=VERTEX_POINT('',#86);
#2078=CARTESIAN_POINT('',(-4.05E0,1.2E-1,2.19E0));
#2079=VERTEX_POINT('',#2078);
#2080=CARTESIAN_POINT('',(-3.76E0,4.198332870113E-1,1.9E0));
#2081=VERTEX_POINT('',#2080);
#2082=CARTESIAN_POINT('',(-4.049999998654E0,1.199999497471E-1,
2.210019322429E0));
#2083=VERTEX_POINT('',#2082);
#2084=CARTESIAN_POINT('',(-3.935576153272E0,-6.435235595541E0,
2.095619344022E0));
#2085=VERTEX_POINT('',#2084);
#2086=CARTESIAN_POINT('',(-3.935559934796E0,-6.435235245763E0,
-2.095619343841E0));
#2087=VERTEX_POINT('',#2086);
#2088=CARTESIAN_POINT('',(-4.049999999454E0,1.199999955720E-1,
-2.210019323159E0));
#2089=VERTEX_POINT('',#2088);
#2090=CARTESIAN_POINT('',(-4.049999999947E0,1.119999999645E0,2.210005521051E0));
#2091=CARTESIAN_POINT('',(-4.05E0,1.120000002311E0,2.19E0));
#2092=VERTEX_POINT('',#2090);
#2093=VERTEX_POINT('',#2091);
#2094=CARTESIAN_POINT('',(-3.537867965282E0,1.332132033994E0,2.19E0));
#2095=VERTEX_POINT('',#2094);
#2096=CARTESIAN_POINT('',(-3.537867962160E0,1.332132030847E0,2.209996790027E0));
#2097=VERTEX_POINT('',#2096);
#2098=CARTESIAN_POINT('',(-3.742928932187E0,1.127071067811E0,1.9E0));
#2099=CARTESIAN_POINT('',(-3.76E0,1.12E0,1.9E0));
#2100=VERTEX_POINT('',#2098);
#2101=VERTEX_POINT('',#2099);
#2102=VERTEX_POINT('',#182);
#2103=VERTEX_POINT('',#175);
#2104=VERTEX_POINT('',#198);
#2105=VERTEX_POINT('',#357);
#2106=VERTEX_POINT('',#209);
#2107=CARTESIAN_POINT('',(-2.426019196680E0,1.2E-1,2.4E0));
#2108=VERTEX_POINT('',#2107);
#2109=CARTESIAN_POINT('',(-3.742928927767E0,1.127071063391E0,2.5E0));
#2110=CARTESIAN_POINT('',(-2.735857864376E0,1.199999999999E-1,2.5E0));
#2111=VERTEX_POINT('',#2109);
#2112=VERTEX_POINT('',#2110);
#2113=CARTESIAN_POINT('',(-3.760019323159E0,1.199999955724E-1,
2.499999999454E0));
#2114=VERTEX_POINT('',#2113);
#2115=CARTESIAN_POINT('',(-3.760007361401E0,1.119981612024E0,2.499999999930E0));
#2116=VERTEX_POINT('',#2115);
#2117=CARTESIAN_POINT('',(2.735857864376E0,1.2E-1,2.5E0));
#2118=VERTEX_POINT('',#2117);
#2119=CARTESIAN_POINT('',(3.760019322429E0,1.199999497487E-1,2.499999998654E0));
#2120=VERTEX_POINT('',#2119);
#2121=CARTESIAN_POINT('',(3.645619344022E0,-6.435235595540E0,2.385576153274E0));
#2122=VERTEX_POINT('',#2121);
#2123=CARTESIAN_POINT('',(-3.645619343841E0,-6.435235245763E0,
2.385559934819E0));
#2124=VERTEX_POINT('',#2123);
#2125=CARTESIAN_POINT('',(3.742928932188E0,1.127071067812E0,2.5E0));
#2126=VERTEX_POINT('',#2125);
#2127=CARTESIAN_POINT('',(3.537867965405E0,1.332132034092E0,2.209996790027E0));
#2128=VERTEX_POINT('',#2127);
#2129=VERTEX_POINT('',#299);
#2130=CARTESIAN_POINT('',(4.05E0,1.12E0,2.21E0));
#2131=VERTEX_POINT('',#2130);
#2132=CARTESIAN_POINT('',(4.05E0,1.12E0,2.19E0));
#2133=CARTESIAN_POINT('',(3.537867965142E0,1.332132033854E0,2.19E0));
#2134=VERTEX_POINT('',#2132);
#2135=VERTEX_POINT('',#2133);
#2136=CARTESIAN_POINT('',(3.76E0,1.12E0,1.9E0));
#2137=CARTESIAN_POINT('',(3.742928932188E0,1.127071067811E0,1.9E0));
#2138=VERTEX_POINT('',#2136);
#2139=VERTEX_POINT('',#2137);
#2140=CARTESIAN_POINT('',(3.760000000002E0,4.198332870112E-1,1.9E0));
#2141=VERTEX_POINT('',#2140);
#2142=CARTESIAN_POINT('',(3.76E0,4.198332870113E-1,-1.9E0));
#2143=VERTEX_POINT('',#2142);
#2144=VERTEX_POINT('',#376);
#2145=CARTESIAN_POINT('',(4.05E0,1.2E-1,2.19E0));
#2146=VERTEX_POINT('',#2145);
#2147=CARTESIAN_POINT('',(3.742928932188E0,1.127071067811E0,-1.9E0));
#2148=VERTEX_POINT('',#2147);
#2149=CARTESIAN_POINT('',(3.76E0,1.12E0,-1.9E0));
#2150=VERTEX_POINT('',#2149);
#2151=VERTEX_POINT('',#448);
#2152=CARTESIAN_POINT('',(3.537867965408E0,1.332132034090E0,-2.190003468116E0));
#2153=VERTEX_POINT('',#2152);
#2154=VERTEX_POINT('',#466);
#2155=VERTEX_POINT('',#471);
#2156=VERTEX_POINT('',#417);
#2157=CARTESIAN_POINT('',(2.426019196680E0,1.2E-1,-2.4E0));
#2158=VERTEX_POINT('',#2157);
#2159=VERTEX_POINT('',#439);
#2160=CARTESIAN_POINT('',(-3.537867965476E0,1.332132034163E0,
-2.209996817536E0));
#2161=VERTEX_POINT('',#2160);
#2162=CARTESIAN_POINT('',(-4.049999999947E0,1.120000002311E0,
-2.210005521050E0));
#2163=VERTEX_POINT('',#2162);
#2164=CARTESIAN_POINT('',(-3.760019322429E0,1.199999497568E-1,
-2.499999998654E0));
#2165=CARTESIAN_POINT('',(-3.760007361401E0,1.119981618603E0,
-2.499999999930E0));
#2166=VERTEX_POINT('',#2164);
#2167=VERTEX_POINT('',#2165);
#2168=CARTESIAN_POINT('',(-2.735857864376E0,1.199999999999E-1,-2.5E0));
#2169=CARTESIAN_POINT('',(-3.742928932188E0,1.127071067812E0,-2.5E0));
#2170=VERTEX_POINT('',#2168);
#2171=VERTEX_POINT('',#2169);
#2172=CARTESIAN_POINT('',(2.735857864376E0,1.2E-1,-2.5E0));
#2173=VERTEX_POINT('',#2172);
#2174=CARTESIAN_POINT('',(-3.645619344022E0,-6.435235595541E0,
-2.385576153270E0));
#2175=VERTEX_POINT('',#2174);
#2176=CARTESIAN_POINT('',(3.645619343841E0,-6.435235245763E0,
-2.385559934805E0));
#2177=VERTEX_POINT('',#2176);
#2178=CARTESIAN_POINT('',(3.760019323159E0,1.199999955724E-1,
-2.499999999454E0));
#2179=VERTEX_POINT('',#2178);
#2180=VERTEX_POINT('',#616);
#2181=CARTESIAN_POINT('',(-1.868201167572E0,-6.73E0,-2.085623626307E0));
#2182=VERTEX_POINT('',#2181);
#2183=VERTEX_POINT('',#584);
#2184=CARTESIAN_POINT('',(1.442221498380E0,-6.685522706632E0,
-2.242811877762E0));
#2185=VERTEX_POINT('',#2184);
#2186=VERTEX_POINT('',#595);
#2187=CARTESIAN_POINT('',(3.635623626307E0,-6.73E0,-2.085623626307E0));
#2188=VERTEX_POINT('',#2187);
#2189=CARTESIAN_POINT('',(-3.75E0,-6.73E0,2.475E0));
#2190=CARTESIAN_POINT('',(3.75E0,-6.73E0,2.475E0));
#2191=VERTEX_POINT('',#2189);
#2192=VERTEX_POINT('',#2190);
#2193=CARTESIAN_POINT('',(-3.75E0,-6.73E0,-2.475E0));
#2194=VERTEX_POINT('',#2193);
#2195=CARTESIAN_POINT('',(3.75E0,-6.73E0,-2.475E0));
#2196=VERTEX_POINT('',#2195);
#2197=CARTESIAN_POINT('',(3.75E0,-6.73E0,-2.25E0));
#2198=VERTEX_POINT('',#2197);
#2199=CARTESIAN_POINT('',(4.1E0,-6.73E0,-2.25E0));
#2200=VERTEX_POINT('',#2199);
#2201=CARTESIAN_POINT('',(4.1E0,-6.73E0,2.25E0));
#2202=VERTEX_POINT('',#2201);
#2203=CARTESIAN_POINT('',(3.75E0,-6.73E0,2.25E0));
#2204=VERTEX_POINT('',#2203);
#2205=CARTESIAN_POINT('',(-3.635623626307E0,-6.73E0,2.085623626307E0));
#2206=VERTEX_POINT('',#2205);
#2207=CARTESIAN_POINT('',(-1.868198136741E0,-6.73E0,2.085623626307E0));
#2208=VERTEX_POINT('',#2207);
#2209=CARTESIAN_POINT('',(3.635623626307E0,-6.73E0,2.085623626307E0));
#2210=CARTESIAN_POINT('',(1.868201167572E0,-6.73E0,2.085623626307E0));
#2211=VERTEX_POINT('',#2209);
#2212=VERTEX_POINT('',#2210);
#2213=CARTESIAN_POINT('',(3.75E0,-7.113218516866E0,2.475E0));
#2214=CARTESIAN_POINT('',(-3.75E0,-7.113218516866E0,2.475E0));
#2215=VERTEX_POINT('',#2213);
#2216=VERTEX_POINT('',#2214);
#2217=CARTESIAN_POINT('',(3.75E0,-7.13E0,2.472641516353E0));
#2218=VERTEX_POINT('',#2217);
#2219=CARTESIAN_POINT('',(1.605911979499E0,-7.13E0,2.472641516353E0));
#2220=VERTEX_POINT('',#2219);
#2221=VERTEX_POINT('',#858);
#2222=CARTESIAN_POINT('',(-1.576507383250E0,-7.83E0,2.374262932061E0));
#2223=VERTEX_POINT('',#2222);
#2224=VERTEX_POINT('',#830);
#2225=CARTESIAN_POINT('',(-3.75E0,-7.13E0,2.472641516353E0));
#2226=VERTEX_POINT('',#2225);
#2227=CARTESIAN_POINT('',(3.75E0,-7.13E0,2.25E0));
#2228=VERTEX_POINT('',#2227);
#2229=CARTESIAN_POINT('',(4.5E0,-6.73E0,2.25E0));
#2230=CARTESIAN_POINT('',(4.1E0,-7.13E0,2.25E0));
#2231=VERTEX_POINT('',#2229);
#2232=VERTEX_POINT('',#2230);
#2233=CARTESIAN_POINT('',(4.1E0,-2.3E-1,2.25E0));
#2234=VERTEX_POINT('',#2233);
#2235=CARTESIAN_POINT('',(4.5E0,-2.3E-1,2.25E0));
#2236=VERTEX_POINT('',#2235);
#2237=CARTESIAN_POINT('',(4.5E0,-6.73E0,-2.25E0));
#2238=VERTEX_POINT('',#2237);
#2239=CARTESIAN_POINT('',(4.1E0,-7.13E0,-2.25E0));
#2240=VERTEX_POINT('',#2239);
#2241=CARTESIAN_POINT('',(4.5E0,-2.3E-1,9.5E-1));
#2242=VERTEX_POINT('',#2241);
#2243=CARTESIAN_POINT('',(4.5E0,-3.83E0,9.5E-1));
#2244=VERTEX_POINT('',#2243);
#2245=CARTESIAN_POINT('',(4.5E0,-3.83E0,3.5E-1));
#2246=VERTEX_POINT('',#2245);
#2247=CARTESIAN_POINT('',(4.5E0,-3.83E0,-3.5E-1));
#2248=VERTEX_POINT('',#2247);
#2249=CARTESIAN_POINT('',(4.5E0,-3.83E0,-9.5E-1));
#2250=VERTEX_POINT('',#2249);
#2251=CARTESIAN_POINT('',(4.5E0,-2.3E-1,-9.5E-1));
#2252=VERTEX_POINT('',#2251);
#2253=CARTESIAN_POINT('',(4.5E0,-2.3E-1,-2.25E0));
#2254=VERTEX_POINT('',#2253);
#2255=CARTESIAN_POINT('',(4.5E0,-5.73E0,3.E-1));
#2256=CARTESIAN_POINT('',(4.5E0,-5.73E0,-3.E-1));
#2257=VERTEX_POINT('',#2255);
#2258=VERTEX_POINT('',#2256);
#2259=CARTESIAN_POINT('',(4.5E0,-1.23E0,-1.954748083124E0));
#2260=CARTESIAN_POINT('',(4.5E0,-1.23E0,-1.245251916876E0));
#2261=VERTEX_POINT('',#2259);
#2262=VERTEX_POINT('',#2260);
#2263=CARTESIAN_POINT('',(4.5E0,-1.23E0,1.245251916876E0));
#2264=CARTESIAN_POINT('',(4.5E0,-1.23E0,1.954748083124E0));
#2265=VERTEX_POINT('',#2263);
#2266=VERTEX_POINT('',#2264);
#2267=CARTESIAN_POINT('',(4.1E0,-2.3E-1,9.5E-1));
#2268=VERTEX_POINT('',#2267);
#2269=CARTESIAN_POINT('',(4.1E0,-3.83E0,9.5E-1));
#2270=VERTEX_POINT('',#2269);
#2271=CARTESIAN_POINT('',(4.1E0,-3.83E0,3.5E-1));
#2272=CARTESIAN_POINT('',(4.1E0,-3.83E0,-3.5E-1));
#2273=VERTEX_POINT('',#2271);
#2274=VERTEX_POINT('',#2272);
#2275=CARTESIAN_POINT('',(4.1E0,-2.3E-1,-2.25E0));
#2276=VERTEX_POINT('',#2275);
#2277=CARTESIAN_POINT('',(4.1E0,-2.3E-1,-9.5E-1));
#2278=VERTEX_POINT('',#2277);
#2279=CARTESIAN_POINT('',(4.1E0,-3.83E0,-9.5E-1));
#2280=VERTEX_POINT('',#2279);
#2281=CARTESIAN_POINT('',(4.5E0,-3.43E0,-3.5E-1));
#2282=VERTEX_POINT('',#2281);
#2283=CARTESIAN_POINT('',(4.5E0,-3.43E0,3.5E-1));
#2284=VERTEX_POINT('',#2283);
#2285=CARTESIAN_POINT('',(7.55E0,-3.83E0,-3.5E-1));
#2286=VERTEX_POINT('',#2285);
#2287=CARTESIAN_POINT('',(7.55E0,-3.43E0,-3.5E-1));
#2288=VERTEX_POINT('',#2287);
#2289=CARTESIAN_POINT('',(3.75E0,-7.13E0,-2.25E0));
#2290=VERTEX_POINT('',#2289);
#2291=CARTESIAN_POINT('',(3.75E0,-7.113218516866E0,-2.475E0));
#2292=VERTEX_POINT('',#2291);
#2293=CARTESIAN_POINT('',(3.75E0,-7.13E0,-2.472641516353E0));
#2294=VERTEX_POINT('',#2293);
#2295=CARTESIAN_POINT('',(-3.75E0,-7.113218516866E0,-2.475E0));
#2296=VERTEX_POINT('',#2295);
#2297=CARTESIAN_POINT('',(-3.75E0,-7.13E0,-2.472641516353E0));
#2298=VERTEX_POINT('',#2297);
#2299=CARTESIAN_POINT('',(-1.605902675424E0,-7.13E0,-2.472653003027E0));
#2300=VERTEX_POINT('',#2299);
#2301=CARTESIAN_POINT('',(-1.576507383250E0,-7.83E0,-2.374262932061E0));
#2302=VERTEX_POINT('',#2301);
#2303=CARTESIAN_POINT('',(1.576507383250E0,-7.83E0,-2.374262932061E0));
#2304=VERTEX_POINT('',#2303);
#2305=CARTESIAN_POINT('',(-1.356465996625E0,-7.83E0,2.1E0));
#2306=CARTESIAN_POINT('',(-2.5E0,-7.83E0,0.E0));
#2307=VERTEX_POINT('',#2305);
#2308=VERTEX_POINT('',#2306);
#2309=CARTESIAN_POINT('',(-1.356465996625E0,-7.83E0,-2.1E0));
#2310=VERTEX_POINT('',#2309);
#2311=CARTESIAN_POINT('',(1.356465996625E0,-7.83E0,-2.1E0));
#2312=VERTEX_POINT('',#2311);
#2313=CARTESIAN_POINT('',(2.5E0,-7.83E0,0.E0));
#2314=VERTEX_POINT('',#2313);
#2315=CARTESIAN_POINT('',(1.356465996625E0,-7.83E0,2.1E0));
#2316=VERTEX_POINT('',#2315);
#2317=CARTESIAN_POINT('',(1.605920361637E0,-7.13E0,-2.472641516353E0));
#2318=VERTEX_POINT('',#2317);
#2319=CARTESIAN_POINT('',(-1.356465210293E0,-8.73E0,2.100000221487E0));
#2320=VERTEX_POINT('',#2319);
#2321=CARTESIAN_POINT('',(-2.5E0,-8.73E0,0.E0));
#2322=VERTEX_POINT('',#2321);
#2323=CARTESIAN_POINT('',(-1.356465996625E0,-8.73E0,-2.1E0));
#2324=VERTEX_POINT('',#2323);
#2325=CARTESIAN_POINT('',(1.356465210285E0,-8.73E0,2.100000221490E0));
#2326=VERTEX_POINT('',#2325);
#2327=CARTESIAN_POINT('',(1.356465210293E0,-8.73E0,-2.100000221487E0));
#2328=VERTEX_POINT('',#2327);
#2329=CARTESIAN_POINT('',(2.5E0,-8.73E0,0.E0));
#2330=VERTEX_POINT('',#2329);
#2331=VERTEX_POINT('',#988);
#2332=CARTESIAN_POINT('',(1.296147936898E0,-8.93E0,-1.900000059260E0));
#2333=VERTEX_POINT('',#2332);
#2334=VERTEX_POINT('',#999);
#2335=CARTESIAN_POINT('',(-2.3E0,-8.93E0,0.E0));
#2336=VERTEX_POINT('',#2335);
#2337=VERTEX_POINT('',#1026);
#2338=CARTESIAN_POINT('',(2.3E0,-8.93E0,0.E0));
#2339=VERTEX_POINT('',#2338);
#2340=CARTESIAN_POINT('',(1.296148296683E0,-1.258000011276E1,1.900000322476E0));
#2341=CARTESIAN_POINT('',(2.299999963530E0,-1.258000011276E1,0.E0));
#2342=VERTEX_POINT('',#2340);
#2343=VERTEX_POINT('',#2341);
#2344=CARTESIAN_POINT('',(1.296148033152E0,-1.258000011276E1,
-1.899999843839E0));
#2345=VERTEX_POINT('',#2344);
#2346=CARTESIAN_POINT('',(1.232883530260E0,-1.278E1,1.700000025546E0));
#2347=CARTESIAN_POINT('',(1.232882668514E0,-1.278E1,-1.699999992093E0));
#2348=VERTEX_POINT('',#2346);
#2349=VERTEX_POINT('',#2347);
#2350=CARTESIAN_POINT('',(-1.232882680571E0,-1.278000002043E1,
-1.700000249120E0));
#2351=VERTEX_POINT('',#2350);
#2352=CARTESIAN_POINT('',(-1.232882668514E0,-1.278E1,1.699999992093E0));
#2353=VERTEX_POINT('',#2352);
#2354=CARTESIAN_POINT('',(-1.296147114309E0,-1.258000009006E1,
-1.900000383483E0));
#2355=VERTEX_POINT('',#2354);
#2356=CARTESIAN_POINT('',(-2.299999963530E0,-1.258000011276E1,0.E0));
#2357=VERTEX_POINT('',#2356);
#2358=CARTESIAN_POINT('',(-1.296148033152E0,-1.258000011276E1,
1.899999843839E0));
#2359=VERTEX_POINT('',#2358);
#2360=CARTESIAN_POINT('',(1.062712615657E0,-1.054139557631E1,0.E0));
#2361=CARTESIAN_POINT('',(-6.001383055904E-1,-1.089484545071E1,0.E0));
#2362=VERTEX_POINT('',#2360);
#2363=VERTEX_POINT('',#2361);
#2364=CARTESIAN_POINT('',(3.159164458569E0,-1.872101901889E1,0.E0));
#2365=VERTEX_POINT('',#2364);
#2366=CARTESIAN_POINT('',(8.116102168085E-1,-1.922000707685E1,0.E0));
#2367=VERTEX_POINT('',#2366);
#2368=CARTESIAN_POINT('',(2.245446260832E0,-2.019399408793E1,0.E0));
#2369=VERTEX_POINT('',#2368);
#2370=CARTESIAN_POINT('',(7.55E0,-3.83E0,3.5E-1));
#2371=VERTEX_POINT('',#2370);
#2372=CARTESIAN_POINT('',(7.9E0,-3.83E0,0.E0));
#2373=VERTEX_POINT('',#2372);
#2374=CARTESIAN_POINT('',(7.55E0,-3.43E0,3.5E-1));
#2375=VERTEX_POINT('',#2374);
#2376=CARTESIAN_POINT('',(7.9E0,-3.43E0,0.E0));
#2377=VERTEX_POINT('',#2376);
#2378=CARTESIAN_POINT('',(4.6E0,-5.73E0,0.E0));
#2379=VERTEX_POINT('',#2378);
#2380=CARTESIAN_POINT('',(4.6E0,-1.23E0,-1.6E0));
#2381=VERTEX_POINT('',#2380);
#2382=CARTESIAN_POINT('',(4.6E0,-1.23E0,1.6E0));
#2383=VERTEX_POINT('',#2382);
#2384=VERTEX_POINT('',#1371);
#2385=CARTESIAN_POINT('',(-1.442221498380E0,-6.685522706632E0,
2.242811877762E0));
#2386=VERTEX_POINT('',#2385);
#2387=CARTESIAN_POINT('',(3.935577939044E0,-6.435235469878E0,2.095611065247E0));
#2388=VERTEX_POINT('',#2387);
#2389=VERTEX_POINT('',#1432);
#2390=CARTESIAN_POINT('',(4.049999998654E0,1.199999497471E-1,
-2.210019322429E0));
#2391=VERTEX_POINT('',#2390);
#2392=CARTESIAN_POINT('',(3.935576153271E0,-6.435235595541E0,
-2.095619344022E0));
#2393=VERTEX_POINT('',#2392);
#2394=CARTESIAN_POINT('',(4.049999999947E0,1.119999999872E0,-2.210005521050E0));
#2395=CARTESIAN_POINT('',(4.05E0,1.119999995184E0,-2.19E0));
#2396=VERTEX_POINT('',#2394);
#2397=VERTEX_POINT('',#2395);
#2398=CARTESIAN_POINT('',(3.537867967290E0,1.332132035978E0,-2.209996817536E0));
#2399=VERTEX_POINT('',#2398);
#2400=CARTESIAN_POINT('',(3.742928934701E0,1.127071070325E0,-2.5E0));
#2401=VERTEX_POINT('',#2400);
#2402=CARTESIAN_POINT('',(3.760007361401E0,1.119981612024E0,-2.499999999930E0));
#2403=VERTEX_POINT('',#2402);
#2404=CARTESIAN_POINT('',(2.29E0,3.E-1,-8.594744111674E-1));
#2405=VERTEX_POINT('',#2404);
#2406=CARTESIAN_POINT('',(2.29E0,3.E-1,-3.5E-1));
#2407=VERTEX_POINT('',#2406);
#2408=CARTESIAN_POINT('',(2.29E0,7.5E-1,-3.5E-1));
#2409=VERTEX_POINT('',#2408);
#2410=CARTESIAN_POINT('',(2.29E0,7.5E-1,3.5E-1));
#2411=VERTEX_POINT('',#2410);
#2412=CARTESIAN_POINT('',(2.29E0,3.E-1,3.5E-1));
#2413=VERTEX_POINT('',#2412);
#2414=CARTESIAN_POINT('',(2.29E0,3.E-1,8.594744111674E-1));
#2415=VERTEX_POINT('',#2414);
#2416=CARTESIAN_POINT('',(2.79E0,3.E-1,-8.594744111674E-1));
#2417=VERTEX_POINT('',#2416);
#2418=CARTESIAN_POINT('',(2.79E0,3.E-1,8.594744111674E-1));
#2419=VERTEX_POINT('',#2418);
#2420=CARTESIAN_POINT('',(2.79E0,3.E-1,3.5E-1));
#2421=VERTEX_POINT('',#2420);
#2422=CARTESIAN_POINT('',(2.79E0,7.5E-1,3.5E-1));
#2423=VERTEX_POINT('',#2422);
#2424=CARTESIAN_POINT('',(2.79E0,7.5E-1,-3.5E-1));
#2425=VERTEX_POINT('',#2424);
#2426=CARTESIAN_POINT('',(2.79E0,3.E-1,-3.5E-1));
#2427=VERTEX_POINT('',#2426);
#2428=CARTESIAN_POINT('',(7.85E0,1.25E0,3.5E-1));
#2429=CARTESIAN_POINT('',(7.85E0,1.75E0,3.5E-1));
#2430=VERTEX_POINT('',#2428);
#2431=VERTEX_POINT('',#2429);
#2432=CARTESIAN_POINT('',(3.29E0,1.25E0,3.5E-1));
#2433=VERTEX_POINT('',#2432);
#2434=CARTESIAN_POINT('',(3.29E0,1.75E0,3.5E-1));
#2435=VERTEX_POINT('',#2434);
#2436=CARTESIAN_POINT('',(7.85E0,1.75E0,-3.5E-1));
#2437=VERTEX_POINT('',#2436);
#2438=CARTESIAN_POINT('',(7.85E0,1.25E0,-3.5E-1));
#2439=VERTEX_POINT('',#2438);
#2440=CARTESIAN_POINT('',(3.29E0,1.75E0,-3.5E-1));
#2441=VERTEX_POINT('',#2440);
#2442=CARTESIAN_POINT('',(3.29E0,1.25E0,-3.5E-1));
#2443=VERTEX_POINT('',#2442);
#2444=CARTESIAN_POINT('',(-2.5E-1,3.E-1,-8.594744111674E-1));
#2445=VERTEX_POINT('',#2444);
#2446=CARTESIAN_POINT('',(-2.5E-1,3.E-1,-3.5E-1));
#2447=VERTEX_POINT('',#2446);
#2448=CARTESIAN_POINT('',(-2.5E-1,2.79E0,-3.5E-1));
#2449=VERTEX_POINT('',#2448);
#2450=CARTESIAN_POINT('',(-2.5E-1,2.79E0,3.5E-1));
#2451=VERTEX_POINT('',#2450);
#2452=CARTESIAN_POINT('',(-2.5E-1,3.E-1,3.5E-1));
#2453=VERTEX_POINT('',#2452);
#2454=CARTESIAN_POINT('',(-2.5E-1,3.E-1,8.594744111674E-1));
#2455=VERTEX_POINT('',#2454);
#2456=CARTESIAN_POINT('',(2.5E-1,3.E-1,-8.594744111674E-1));
#2457=VERTEX_POINT('',#2456);
#2458=CARTESIAN_POINT('',(2.5E-1,3.E-1,8.594744111674E-1));
#2459=VERTEX_POINT('',#2458);
#2460=CARTESIAN_POINT('',(2.5E-1,3.E-1,3.5E-1));
#2461=VERTEX_POINT('',#2460);
#2462=CARTESIAN_POINT('',(2.5E-1,2.79E0,3.5E-1));
#2463=VERTEX_POINT('',#2462);
#2464=CARTESIAN_POINT('',(2.5E-1,2.79E0,-3.5E-1));
#2465=VERTEX_POINT('',#2464);
#2466=CARTESIAN_POINT('',(2.5E-1,3.E-1,-3.5E-1));
#2467=VERTEX_POINT('',#2466);
#2468=CARTESIAN_POINT('',(7.85E0,3.79E0,3.5E-1));
#2469=CARTESIAN_POINT('',(7.85E0,4.29E0,3.5E-1));
#2470=VERTEX_POINT('',#2468);
#2471=VERTEX_POINT('',#2469);
#2472=CARTESIAN_POINT('',(1.25E0,3.79E0,3.5E-1));
#2473=VERTEX_POINT('',#2472);
#2474=CARTESIAN_POINT('',(1.25E0,4.29E0,3.5E-1));
#2475=VERTEX_POINT('',#2474);
#2476=CARTESIAN_POINT('',(7.85E0,4.29E0,-3.5E-1));
#2477=VERTEX_POINT('',#2476);
#2478=CARTESIAN_POINT('',(7.85E0,3.79E0,-3.5E-1));
#2479=VERTEX_POINT('',#2478);
#2480=CARTESIAN_POINT('',(1.25E0,4.29E0,-3.5E-1));
#2481=VERTEX_POINT('',#2480);
#2482=CARTESIAN_POINT('',(1.25E0,3.79E0,-3.5E-1));
#2483=VERTEX_POINT('',#2482);
#2484=CARTESIAN_POINT('',(-2.79E0,3.E-1,-8.594744111674E-1));
#2485=VERTEX_POINT('',#2484);
#2486=CARTESIAN_POINT('',(-2.79E0,3.E-1,-3.5E-1));
#2487=VERTEX_POINT('',#2486);
#2488=CARTESIAN_POINT('',(-2.79E0,4.83E0,-3.5E-1));
#2489=VERTEX_POINT('',#2488);
#2490=CARTESIAN_POINT('',(-2.79E0,4.83E0,3.5E-1));
#2491=VERTEX_POINT('',#2490);
#2492=CARTESIAN_POINT('',(-2.79E0,3.E-1,3.5E-1));
#2493=VERTEX_POINT('',#2492);
#2494=CARTESIAN_POINT('',(-2.79E0,3.E-1,8.594744111674E-1));
#2495=VERTEX_POINT('',#2494);
#2496=CARTESIAN_POINT('',(-2.29E0,3.E-1,-8.594744111674E-1));
#2497=VERTEX_POINT('',#2496);
#2498=CARTESIAN_POINT('',(-2.29E0,3.E-1,8.594744111674E-1));
#2499=VERTEX_POINT('',#2498);
#2500=CARTESIAN_POINT('',(-2.29E0,3.E-1,3.5E-1));
#2501=VERTEX_POINT('',#2500);
#2502=CARTESIAN_POINT('',(-2.29E0,4.83E0,3.5E-1));
#2503=VERTEX_POINT('',#2502);
#2504=CARTESIAN_POINT('',(-2.29E0,4.83E0,-3.5E-1));
#2505=VERTEX_POINT('',#2504);
#2506=CARTESIAN_POINT('',(-2.29E0,3.E-1,-3.5E-1));
#2507=VERTEX_POINT('',#2506);
#2508=CARTESIAN_POINT('',(-7.9E-1,6.83E0,3.5E-1));
#2509=VERTEX_POINT('',#2508);
#2510=CARTESIAN_POINT('',(7.85E0,6.83E0,3.5E-1));
#2511=VERTEX_POINT('',#2510);
#2512=CARTESIAN_POINT('',(7.85E0,6.33E0,3.5E-1));
#2513=VERTEX_POINT('',#2512);
#2514=CARTESIAN_POINT('',(-7.9E-1,6.33E0,3.5E-1));
#2515=VERTEX_POINT('',#2514);
#2516=CARTESIAN_POINT('',(-7.9E-1,6.83E0,-3.5E-1));
#2517=VERTEX_POINT('',#2516);
#2518=CARTESIAN_POINT('',(-7.9E-1,6.33E0,-3.5E-1));
#2519=VERTEX_POINT('',#2518);
#2520=CARTESIAN_POINT('',(7.85E0,6.33E0,-3.5E-1));
#2521=VERTEX_POINT('',#2520);
#2522=CARTESIAN_POINT('',(7.85E0,6.83E0,-3.5E-1));
#2523=VERTEX_POINT('',#2522);
#2524=CARTESIAN_POINT('',(0.E0,4.2E-1,0.E0));
#2525=DIRECTION('',(0.E0,-1.E0,0.E0));
#2526=DIRECTION('',(1.E0,0.E0,0.E0));
#2527=AXIS2_PLACEMENT_3D('',#2524,#2525,#2526);
#2528=PLANE('',#2527);
#2530=ORIENTED_EDGE('',*,*,#2529,.F.);
#2532=ORIENTED_EDGE('',*,*,#2531,.T.);
#2534=ORIENTED_EDGE('',*,*,#2533,.F.);
#2536=ORIENTED_EDGE('',*,*,#2535,.T.);
#2538=ORIENTED_EDGE('',*,*,#2537,.F.);
#2540=ORIENTED_EDGE('',*,*,#2539,.F.);
#2542=ORIENTED_EDGE('',*,*,#2541,.T.);
#2544=ORIENTED_EDGE('',*,*,#2543,.T.);
#2546=ORIENTED_EDGE('',*,*,#2545,.F.);
#2548=ORIENTED_EDGE('',*,*,#2547,.T.);
#2550=ORIENTED_EDGE('',*,*,#2549,.T.);
#2552=ORIENTED_EDGE('',*,*,#2551,.F.);
#2553=EDGE_LOOP('',(#2530,#2532,#2534,#2536,#2538,#2540,#2542,#2544,#2546,#2548,
#2550,#2552));
#2554=FACE_OUTER_BOUND('',#2553,.F.);
#2555=ADVANCED_FACE('',(#2554),#2528,.F.);
#2556=CARTESIAN_POINT('',(0.E0,4.2E-1,-1.9E0));
#2557=DIRECTION('',(0.E0,0.E0,-1.E0));
#2558=DIRECTION('',(1.E0,0.E0,0.E0));
#2559=AXIS2_PLACEMENT_3D('',#2556,#2557,#2558);
#2560=PLANE('',#2559);
#2562=ORIENTED_EDGE('',*,*,#2561,.T.);
#2564=ORIENTED_EDGE('',*,*,#2563,.T.);
#2565=ORIENTED_EDGE('',*,*,#2529,.T.);
#2567=ORIENTED_EDGE('',*,*,#2566,.T.);
#2569=ORIENTED_EDGE('',*,*,#2568,.F.);
#2570=EDGE_LOOP('',(#2562,#2564,#2565,#2567,#2569));
#2571=FACE_OUTER_BOUND('',#2570,.F.);
#2572=ADVANCED_FACE('',(#2571),#2560,.F.);
#2573=CARTESIAN_POINT('',(-3.76E0,1.12E0,-1.9E0));
#2574=CARTESIAN_POINT('',(-3.929878066912E0,1.119999999999E0,-1.9E0));
#2575=CARTESIAN_POINT('',(-4.05E0,1.119999999998E0,-2.020121933088E0));
#2576=CARTESIAN_POINT('',(-4.05E0,1.119999999998E0,-2.19E0));
#2577=CARTESIAN_POINT('',(-3.76E0,1.130466715123E0,-1.9E0));
#2578=CARTESIAN_POINT('',(-3.929878066913E0,1.308273248326E0,-1.9E0));
#2579=CARTESIAN_POINT('',(-4.050000000003E0,1.434001453694E0,
-2.020121933088E0));
#2580=CARTESIAN_POINT('',(-4.050000000003E0,1.434001453694E0,-2.19E0));
#2581=CARTESIAN_POINT('',(-3.750330015916E0,1.134472153087E0,-1.9E0));
#2582=CARTESIAN_POINT('',(-3.755936262499E0,1.380322292129E0,-1.9E0));
#2583=CARTESIAN_POINT('',(-3.759900477474E0,1.554164592602E0,
-2.020121933088E0));
#2584=CARTESIAN_POINT('',(-3.759900477474E0,1.554164592602E0,-2.19E0));
#2585=CARTESIAN_POINT('',(-3.742928931449E0,1.127071067073E0,-1.9E0));
#2586=CARTESIAN_POINT('',(-3.622806985805E0,1.247192987605E0,-1.9E0));
#2587=CARTESIAN_POINT('',(-3.537867943471E0,1.332132012183E0,
-2.020121933088E0));
#2588=CARTESIAN_POINT('',(-3.537867943471E0,1.332132012183E0,-2.19E0));
#2589=(BOUNDED_SURFACE()B_SPLINE_SURFACE(3,3,((#2573,#2574,#2575,#2576),(#2577,
#2578,#2579,#2580),(#2581,#2582,#2583,#2584),(#2585,#2586,#2587,#2588)),
.UNSPECIFIED.,.F.,.F.,.F.)B_SPLINE_SURFACE_WITH_KNOTS((4,4),(4,4),(0.E0,1.E0),(
0.E0,1.E0),.UNSPECIFIED.)GEOMETRIC_REPRESENTATION_ITEM()RATIONAL_B_SPLINE_SURFACE(((1.694636514397E0,1.363738152117E0,1.363738152117E0,1.694636514397E0),(
9.972183288730E-1,8.024993380705E-1,8.024993380705E-1,9.972183288730E-1),(
9.972183288730E-1,8.024993380705E-1,8.024993380705E-1,9.972183288730E-1),(
1.694636514397E0,1.363738152117E0,1.363738152117E0,1.694636514397E0)))REPRESENTATION_ITEM('')SURFACE());
#2590=ORIENTED_EDGE('',*,*,#2561,.F.);
#2592=ORIENTED_EDGE('',*,*,#2591,.T.);
#2594=ORIENTED_EDGE('',*,*,#2593,.T.);
#2596=ORIENTED_EDGE('',*,*,#2595,.T.);
#2597=EDGE_LOOP('',(#2590,#2592,#2594,#2596));
#2598=FACE_OUTER_BOUND('',#2597,.F.);
#2599=ADVANCED_FACE('',(#2598),#2589,.T.);
#2600=CARTESIAN_POINT('',(-3.76E0,1.157341592459E0,-2.19E0));
#2601=DIRECTION('',(0.E0,-1.E0,0.E0));
#2602=DIRECTION('',(0.E0,0.E0,1.E0));
#2603=AXIS2_PLACEMENT_3D('',#2600,#2601,#2602);
#2604=CYLINDRICAL_SURFACE('',#2603,2.9E-1);
#2605=ORIENTED_EDGE('',*,*,#2568,.T.);
#2607=ORIENTED_EDGE('',*,*,#2606,.T.);
#2609=ORIENTED_EDGE('',*,*,#2608,.T.);
#2610=ORIENTED_EDGE('',*,*,#2591,.F.);
#2611=EDGE_LOOP('',(#2605,#2607,#2609,#2610));
#2612=FACE_OUTER_BOUND('',#2611,.F.);
#2613=ADVANCED_FACE('',(#2612),#2604,.T.);
#2614=CARTESIAN_POINT('',(-3.75E0,1.2E-1,-2.424541182080E0));
#2615=DIRECTION('',(0.E0,0.E0,1.E0));
#2616=DIRECTION('',(0.E0,1.E0,0.E0));
#2617=AXIS2_PLACEMENT_3D('',#2614,#2615,#2616);
#2618=CYLINDRICAL_SURFACE('',#2617,3.E-1);
#2620=ORIENTED_EDGE('',*,*,#2619,.T.);
#2621=ORIENTED_EDGE('',*,*,#2606,.F.);
#2622=ORIENTED_EDGE('',*,*,#2566,.F.);
#2623=ORIENTED_EDGE('',*,*,#2551,.T.);
#2625=ORIENTED_EDGE('',*,*,#2624,.F.);
#2627=ORIENTED_EDGE('',*,*,#2626,.T.);
#2628=EDGE_LOOP('',(#2620,#2621,#2622,#2623,#2625,#2627));
#2629=FACE_OUTER_BOUND('',#2628,.F.);
#2630=ADVANCED_FACE('',(#2629),#2618,.T.);
#2631=CARTESIAN_POINT('',(-4.05E0,1.2E-1,2.695290552767E0));
#2632=DIRECTION('',(-9.998476951564E-1,-1.745240643728E-2,0.E0));
#2633=DIRECTION('',(0.E0,0.E0,1.E0));
#2634=AXIS2_PLACEMENT_3D('',#2631,#2632,#2633);
#2635=PLANE('',#2634);
#2636=ORIENTED_EDGE('',*,*,#2619,.F.);
#2638=ORIENTED_EDGE('',*,*,#2637,.F.);
#2640=ORIENTED_EDGE('',*,*,#2639,.T.);
#2642=ORIENTED_EDGE('',*,*,#2641,.F.);
#2644=ORIENTED_EDGE('',*,*,#2643,.T.);
#2646=ORIENTED_EDGE('',*,*,#2645,.F.);
#2647=EDGE_LOOP('',(#2636,#2638,#2640,#2642,#2644,#2646));
#2648=FACE_OUTER_BOUND('',#2647,.F.);
#2649=ADVANCED_FACE('',(#2648),#2635,.T.);
#2650=CARTESIAN_POINT('',(-4.05E0,1.2E-1,2.5E0));
#2651=DIRECTION('',(-1.E0,0.E0,0.E0));
#2652=DIRECTION('',(0.E0,1.E0,0.E0));
#2653=AXIS2_PLACEMENT_3D('',#2650,#2651,#2652);
#2654=PLANE('',#2653);
#2656=ORIENTED_EDGE('',*,*,#2655,.F.);
#2658=ORIENTED_EDGE('',*,*,#2657,.F.);
#2659=ORIENTED_EDGE('',*,*,#2637,.T.);
#2661=ORIENTED_EDGE('',*,*,#2660,.F.);
#2662=EDGE_LOOP('',(#2656,#2658,#2659,#2661));
#2663=FACE_OUTER_BOUND('',#2662,.F.);
#2664=ADVANCED_FACE('',(#2663),#2654,.T.);
#2665=CARTESIAN_POINT('',(-3.75E0,1.12E0,2.5E0));
#2666=DIRECTION('',(0.E0,0.E0,-1.E0));
#2667=DIRECTION('',(1.E0,0.E0,0.E0));
#2668=AXIS2_PLACEMENT_3D('',#2665,#2666,#2667);
#2669=CYLINDRICAL_SURFACE('',#2668,3.E-1);
#2671=ORIENTED_EDGE('',*,*,#2670,.F.);
#2673=ORIENTED_EDGE('',*,*,#2672,.T.);
#2675=ORIENTED_EDGE('',*,*,#2674,.F.);
#2676=ORIENTED_EDGE('',*,*,#2655,.T.);
#2677=EDGE_LOOP('',(#2671,#2673,#2675,#2676));
#2678=FACE_OUTER_BOUND('',#2677,.F.);
#2679=ADVANCED_FACE('',(#2678),#2669,.T.);
#2680=CARTESIAN_POINT('',(-4.05E0,1.12E0,2.19E0));
#2681=CARTESIAN_POINT('',(-4.05E0,1.12E0,2.020121933088E0));
#2682=CARTESIAN_POINT('',(-3.929878066912E0,1.12E0,1.9E0));
#2683=CARTESIAN_POINT('',(-3.76E0,1.12E0,1.9E0));
#2684=CARTESIAN_POINT('',(-4.05E0,1.434001429721E0,2.19E0));
#2685=CARTESIAN_POINT('',(-4.05E0,1.434001429721E0,2.020121933088E0));
#2686=CARTESIAN_POINT('',(-3.929878066912E0,1.308273233952E0,1.9E0));
#2687=CARTESIAN_POINT('',(-3.76E0,1.130466714324E0,1.9E0));
#2688=CARTESIAN_POINT('',(-3.759900505901E0,1.554164574613E0,2.19E0));
#2689=CARTESIAN_POINT('',(-3.759900505901E0,1.554164574614E0,2.020121933088E0));
#2690=CARTESIAN_POINT('',(-3.755936279543E0,1.380322281344E0,1.9E0));
#2691=CARTESIAN_POINT('',(-3.750330016863E0,1.134472152487E0,1.9E0));
#2692=CARTESIAN_POINT('',(-3.537867965644E0,1.332132034356E0,2.19E0));
#2693=CARTESIAN_POINT('',(-3.537867965644E0,1.332132034356E0,2.020121933088E0));
#2694=CARTESIAN_POINT('',(-3.622806999100E0,1.247193000900E0,1.9E0));
#2695=CARTESIAN_POINT('',(-3.742928932188E0,1.127071067812E0,1.9E0));
#2696=(BOUNDED_SURFACE()B_SPLINE_SURFACE(3,3,((#2680,#2681,#2682,#2683),(#2684,
#2685,#2686,#2687),(#2688,#2689,#2690,#2691),(#2692,#2693,#2694,#2695)),
.UNSPECIFIED.,.F.,.F.,.F.)B_SPLINE_SURFACE_WITH_KNOTS((4,4),(4,4),(0.E0,1.E0),(
0.E0,1.E0),.UNSPECIFIED.)GEOMETRIC_REPRESENTATION_ITEM()RATIONAL_B_SPLINE_SURFACE(((1.694636455215E0,1.363738104490E0,1.363738104490E0,1.694636455215E0),(
9.972183486004E-1,8.024993539460E-1,8.024993539460E-1,9.972183486004E-1),(
9.972183486004E-1,8.024993539460E-1,8.024993539460E-1,9.972183486004E-1),(
1.694636455215E0,1.363738104490E0,1.363738104490E0,1.694636455215E0)))REPRESENTATION_ITEM('')SURFACE());
#2698=ORIENTED_EDGE('',*,*,#2697,.F.);
#2700=ORIENTED_EDGE('',*,*,#2699,.T.);
#2701=ORIENTED_EDGE('',*,*,#2670,.T.);
#2703=ORIENTED_EDGE('',*,*,#2702,.T.);
#2704=EDGE_LOOP('',(#2698,#2700,#2701,#2703));
#2705=FACE_OUTER_BOUND('',#2704,.F.);
#2706=ADVANCED_FACE('',(#2705),#2696,.T.);
#2707=CARTESIAN_POINT('',(0.E0,4.2E-1,1.9E0));
#2708=DIRECTION('',(0.E0,0.E0,-1.E0));
#2709=DIRECTION('',(1.E0,0.E0,0.E0));
#2710=AXIS2_PLACEMENT_3D('',#2707,#2708,#2709);
#2711=PLANE('',#2710);
#2712=ORIENTED_EDGE('',*,*,#2697,.T.);
#2714=ORIENTED_EDGE('',*,*,#2713,.F.);
#2715=ORIENTED_EDGE('',*,*,#2624,.T.);
#2716=ORIENTED_EDGE('',*,*,#2549,.F.);
#2718=ORIENTED_EDGE('',*,*,#2717,.T.);
#2719=EDGE_LOOP('',(#2712,#2714,#2715,#2716,#2718));
#2720=FACE_OUTER_BOUND('',#2719,.F.);
#2721=ADVANCED_FACE('',(#2720),#2711,.T.);
#2722=CARTESIAN_POINT('',(-3.76E0,9.371341157276E-2,2.19E0));
#2723=DIRECTION('',(0.E0,1.E0,0.E0));
#2724=DIRECTION('',(0.E0,0.E0,-1.E0));
#2725=AXIS2_PLACEMENT_3D('',#2722,#2723,#2724);
#2726=CYLINDRICAL_SURFACE('',#2725,2.9E-1);
#2727=ORIENTED_EDGE('',*,*,#2713,.T.);
#2728=ORIENTED_EDGE('',*,*,#2702,.F.);
#2729=ORIENTED_EDGE('',*,*,#2660,.T.);
#2730=ORIENTED_EDGE('',*,*,#2626,.F.);
#2731=EDGE_LOOP('',(#2727,#2728,#2729,#2730));
#2732=FACE_OUTER_BOUND('',#2731,.F.);
#2733=ADVANCED_FACE('',(#2732),#2726,.T.);
#2734=CARTESIAN_POINT('',(-3.761516357119E0,1.145658492743E0,2.19E0));
#2735=DIRECTION('',(7.071067811865E-1,-7.071067811865E-1,0.E0));
#2736=DIRECTION('',(0.E0,0.E0,-1.E0));
#2737=AXIS2_PLACEMENT_3D('',#2734,#2735,#2736);
#2738=CYLINDRICAL_SURFACE('',#2737,2.9E-1);
#2739=ORIENTED_EDGE('',*,*,#2717,.F.);
#2740=ORIENTED_EDGE('',*,*,#2547,.F.);
#2742=ORIENTED_EDGE('',*,*,#2741,.F.);
#2744=ORIENTED_EDGE('',*,*,#2743,.T.);
#2745=ORIENTED_EDGE('',*,*,#2699,.F.);
#2746=EDGE_LOOP('',(#2739,#2740,#2742,#2744,#2745));
#2747=FACE_OUTER_BOUND('',#2746,.F.);
#2748=ADVANCED_FACE('',(#2747),#2738,.T.);
#2749=CARTESIAN_POINT('',(-4.076230377791E0,1.2E-1,2.1E0));
#2750=DIRECTION('',(1.E0,0.E0,0.E0));
#2751=DIRECTION('',(0.E0,1.E0,0.E0));
#2752=AXIS2_PLACEMENT_3D('',#2749,#2750,#2751);
#2753=CYLINDRICAL_SURFACE('',#2752,3.E-1);
#2755=ORIENTED_EDGE('',*,*,#2754,.T.);
#2756=ORIENTED_EDGE('',*,*,#2741,.T.);
#2757=ORIENTED_EDGE('',*,*,#2545,.T.);
#2759=ORIENTED_EDGE('',*,*,#2758,.T.);
#2761=ORIENTED_EDGE('',*,*,#2760,.F.);
#2763=ORIENTED_EDGE('',*,*,#2762,.T.);
#2765=ORIENTED_EDGE('',*,*,#2764,.T.);
#2767=ORIENTED_EDGE('',*,*,#2766,.T.);
#2768=EDGE_LOOP('',(#2755,#2756,#2757,#2759,#2761,#2763,#2765,#2767));
#2769=FACE_OUTER_BOUND('',#2768,.F.);
#2770=ADVANCED_FACE('',(#2769),#2753,.T.);
#2771=CARTESIAN_POINT('',(-3.537867965644E0,1.332132034356E0,2.5E0));
#2772=DIRECTION('',(7.071067811865E-1,7.071067811865E-1,0.E0));
#2773=DIRECTION('',(7.071067811865E-1,-7.071067811865E-1,0.E0));
#2774=AXIS2_PLACEMENT_3D('',#2771,#2772,#2773);
#2775=PLANE('',#2774);
#2776=ORIENTED_EDGE('',*,*,#2743,.F.);
#2777=ORIENTED_EDGE('',*,*,#2754,.F.);
#2779=ORIENTED_EDGE('',*,*,#2778,.F.);
#2780=ORIENTED_EDGE('',*,*,#2672,.F.);
#2781=EDGE_LOOP('',(#2776,#2777,#2779,#2780));
#2782=FACE_OUTER_BOUND('',#2781,.F.);
#2783=ADVANCED_FACE('',(#2782),#2775,.T.);
#2784=CARTESIAN_POINT('',(-2.709107660452E0,9.324979607530E-2,2.21E0));
#2785=DIRECTION('',(-7.071067811865E-1,7.071067811865E-1,0.E0));
#2786=DIRECTION('',(0.E0,0.E0,1.E0));
#2787=AXIS2_PLACEMENT_3D('',#2784,#2785,#2786);
#2788=CYLINDRICAL_SURFACE('',#2787,2.9E-1);
#2790=ORIENTED_EDGE('',*,*,#2789,.F.);
#2792=ORIENTED_EDGE('',*,*,#2791,.F.);
#2793=ORIENTED_EDGE('',*,*,#2778,.T.);
#2794=ORIENTED_EDGE('',*,*,#2766,.F.);
#2796=ORIENTED_EDGE('',*,*,#2795,.F.);
#2797=EDGE_LOOP('',(#2790,#2792,#2793,#2794,#2796));
#2798=FACE_OUTER_BOUND('',#2797,.F.);
#2799=ADVANCED_FACE('',(#2798),#2788,.T.);
#2800=CARTESIAN_POINT('',(0.E0,4.2E-1,2.5E0));
#2801=DIRECTION('',(0.E0,0.E0,-1.E0));
#2802=DIRECTION('',(1.E0,0.E0,0.E0));
#2803=AXIS2_PLACEMENT_3D('',#2800,#2801,#2802);
#2804=PLANE('',#2803);
#2805=ORIENTED_EDGE('',*,*,#2789,.T.);
#2807=ORIENTED_EDGE('',*,*,#2806,.F.);
#2809=ORIENTED_EDGE('',*,*,#2808,.F.);
#2811=ORIENTED_EDGE('',*,*,#2810,.T.);
#2812=EDGE_LOOP('',(#2805,#2807,#2809,#2811));
#2813=FACE_OUTER_BOUND('',#2812,.F.);
#2814=ADVANCED_FACE('',(#2813),#2804,.F.);
#2815=CARTESIAN_POINT('',(4.245290552767E0,1.2E-1,2.5E0));
#2816=DIRECTION('',(0.E0,-1.745240643728E-2,9.998476951564E-1));
#2817=DIRECTION('',(1.E0,0.E0,0.E0));
#2818=AXIS2_PLACEMENT_3D('',#2815,#2816,#2817);
#2819=PLANE('',#2818);
#2821=ORIENTED_EDGE('',*,*,#2820,.T.);
#2823=ORIENTED_EDGE('',*,*,#2822,.T.);
#2825=ORIENTED_EDGE('',*,*,#2824,.T.);
#2827=ORIENTED_EDGE('',*,*,#2826,.F.);
#2829=ORIENTED_EDGE('',*,*,#2828,.T.);
#2830=ORIENTED_EDGE('',*,*,#2806,.T.);
#2831=EDGE_LOOP('',(#2821,#2823,#2825,#2827,#2829,#2830));
#2832=FACE_OUTER_BOUND('',#2831,.F.);
#2833=ADVANCED_FACE('',(#2832),#2819,.T.);
#2834=CARTESIAN_POINT('',(0.E0,1.2E-1,0.E0));
#2835=DIRECTION('',(0.E0,1.E0,0.E0));
#2836=DIRECTION('',(0.E0,0.E0,-1.E0));
#2837=AXIS2_PLACEMENT_3D('',#2834,#2835,#2836);
#2838=PLANE('',#2837);
#2839=ORIENTED_EDGE('',*,*,#2820,.F.);
#2840=ORIENTED_EDGE('',*,*,#2795,.T.);
#2841=ORIENTED_EDGE('',*,*,#2764,.F.);
#2843=ORIENTED_EDGE('',*,*,#2842,.T.);
#2844=EDGE_LOOP('',(#2839,#2840,#2841,#2843));
#2845=FACE_OUTER_BOUND('',#2844,.F.);
#2846=ADVANCED_FACE('',(#2845),#2838,.T.);
#2847=CARTESIAN_POINT('',(3.769333381662E0,1.153475517286E0,2.21E0));
#2848=DIRECTION('',(-7.071067811865E-1,-7.071067811865E-1,0.E0));
#2849=DIRECTION('',(0.E0,0.E0,1.E0));
#2850=AXIS2_PLACEMENT_3D('',#2847,#2848,#2849);
#2851=CYLINDRICAL_SURFACE('',#2850,2.9E-1);
#2853=ORIENTED_EDGE('',*,*,#2852,.F.);
#2854=ORIENTED_EDGE('',*,*,#2842,.F.);
#2855=ORIENTED_EDGE('',*,*,#2762,.F.);
#2857=ORIENTED_EDGE('',*,*,#2856,.T.);
#2859=ORIENTED_EDGE('',*,*,#2858,.F.);
#2860=EDGE_LOOP('',(#2853,#2854,#2855,#2857,#2859));
#2861=FACE_OUTER_BOUND('',#2860,.F.);
#2862=ADVANCED_FACE('',(#2861),#2851,.T.);
#2863=CARTESIAN_POINT('',(0.E0,4.2E-1,2.5E0));
#2864=DIRECTION('',(0.E0,0.E0,-1.E0));
#2865=DIRECTION('',(1.E0,0.E0,0.E0));
#2866=AXIS2_PLACEMENT_3D('',#2863,#2864,#2865);
#2867=PLANE('',#2866);
#2868=ORIENTED_EDGE('',*,*,#2852,.T.);
#2870=ORIENTED_EDGE('',*,*,#2869,.T.);
#2872=ORIENTED_EDGE('',*,*,#2871,.F.);
#2873=ORIENTED_EDGE('',*,*,#2822,.F.);
#2874=EDGE_LOOP('',(#2868,#2870,#2872,#2873));
#2875=FACE_OUTER_BOUND('',#2874,.F.);
#2876=ADVANCED_FACE('',(#2875),#2867,.F.);
#2877=CARTESIAN_POINT('',(3.742928932188E0,1.127071067812E0,2.5E0));
#2878=CARTESIAN_POINT('',(3.622806999095E0,1.247193000895E0,2.5E0));
#2879=CARTESIAN_POINT('',(3.537867965636E0,1.332132034348E0,2.379878066912E0));
#2880=CARTESIAN_POINT('',(3.537867965636E0,1.332132034347E0,2.21E0));
#2881=CARTESIAN_POINT('',(3.750330017428E0,1.134472153052E0,2.5E0));
#2882=CARTESIAN_POINT('',(3.755936289702E0,1.380322291512E0,2.5E0));
#2883=CARTESIAN_POINT('',(3.759900522843E0,1.554164591572E0,2.379878066912E0));
#2884=CARTESIAN_POINT('',(3.759900522843E0,1.554164591572E0,2.21E0));
#2885=CARTESIAN_POINT('',(3.760000001094E0,1.130466714078E0,2.5E0));
#2886=CARTESIAN_POINT('',(3.929878086591E0,1.308273229531E0,2.5E0));
#2887=CARTESIAN_POINT('',(4.050000032820E0,1.434001422346E0,2.379878066911E0));
#2888=CARTESIAN_POINT('',(4.050000032820E0,1.434001422346E0,2.209999999999E0));
#2889=CARTESIAN_POINT('',(3.76E0,1.119999998955E0,2.5E0));
#2890=CARTESIAN_POINT('',(3.929878066912E0,1.119999981199E0,2.5E0));
#2891=CARTESIAN_POINT('',(4.05E0,1.119999968643E0,2.379878066912E0));
#2892=CARTESIAN_POINT('',(4.05E0,1.119999968643E0,2.21E0));
#2893=(BOUNDED_SURFACE()B_SPLINE_SURFACE(3,3,((#2877,#2878,#2879,#2880),(#2881,
#2882,#2883,#2884),(#2885,#2886,#2887,#2888),(#2889,#2890,#2891,#2892)),
.UNSPECIFIED.,.F.,.F.,.F.)B_SPLINE_SURFACE_WITH_KNOTS((4,4),(4,4),(0.E0,1.E0),(
0.E0,1.E0),.UNSPECIFIED.)GEOMETRIC_REPRESENTATION_ITEM()RATIONAL_B_SPLINE_SURFACE(((1.694636514414E0,1.363738152130E0,1.363738152130E0,1.694636514414E0),(
9.972183288674E-1,8.024993380659E-1,8.024993380659E-1,9.972183288674E-1),(
9.972183288674E-1,8.024993380659E-1,8.024993380659E-1,9.972183288674E-1),(
1.694636514414E0,1.363738152130E0,1.363738152130E0,1.694636514414E0)))REPRESENTATION_ITEM('')SURFACE());
#2894=ORIENTED_EDGE('',*,*,#2869,.F.);
#2895=ORIENTED_EDGE('',*,*,#2858,.T.);
#2897=ORIENTED_EDGE('',*,*,#2896,.T.);
#2899=ORIENTED_EDGE('',*,*,#2898,.T.);
#2900=EDGE_LOOP('',(#2894,#2895,#2897,#2899));
#2901=FACE_OUTER_BOUND('',#2900,.F.);
#2902=ADVANCED_FACE('',(#2901),#2893,.T.);
#2903=CARTESIAN_POINT('',(3.75E0,1.12E0,2.5E0));
#2904=DIRECTION('',(0.E0,0.E0,-1.E0));
#2905=DIRECTION('',(1.E0,0.E0,0.E0));
#2906=AXIS2_PLACEMENT_3D('',#2903,#2904,#2905);
#2907=CYLINDRICAL_SURFACE('',#2906,3.E-1);
#2909=ORIENTED_EDGE('',*,*,#2908,.F.);
#2911=ORIENTED_EDGE('',*,*,#2910,.T.);
#2912=ORIENTED_EDGE('',*,*,#2896,.F.);
#2914=ORIENTED_EDGE('',*,*,#2913,.T.);
#2915=EDGE_LOOP('',(#2909,#2911,#2912,#2914));
#2916=FACE_OUTER_BOUND('',#2915,.F.);
#2917=ADVANCED_FACE('',(#2916),#2907,.T.);
#2918=CARTESIAN_POINT('',(3.537867965629E0,1.332132034341E0,2.19E0));
#2919=CARTESIAN_POINT('',(3.537867965629E0,1.332132034341E0,2.020121933088E0));
#2920=CARTESIAN_POINT('',(3.622806999092E0,1.247193000891E0,1.9E0));
#2921=CARTESIAN_POINT('',(3.742928932189E0,1.127071067811E0,1.9E0));
#2922=CARTESIAN_POINT('',(3.759900505891E0,1.554164574634E0,2.190000000001E0));
#2923=CARTESIAN_POINT('',(3.759900505891E0,1.554164574634E0,2.020121933089E0));
#2924=CARTESIAN_POINT('',(3.755936279537E0,1.380322281356E0,1.9E0));
#2925=CARTESIAN_POINT('',(3.750330016864E0,1.134472152487E0,1.9E0));
#2926=CARTESIAN_POINT('',(4.050000000015E0,1.434001429733E0,2.190000000001E0));
#2927=CARTESIAN_POINT('',(4.050000000016E0,1.434001429734E0,2.020121933089E0));
#2928=CARTESIAN_POINT('',(3.929878066921E0,1.308273233960E0,1.9E0));
#2929=CARTESIAN_POINT('',(3.76E0,1.130466714324E0,1.9E0));
#2930=CARTESIAN_POINT('',(4.05E0,1.119999999985E0,2.19E0));
#2931=CARTESIAN_POINT('',(4.05E0,1.119999999986E0,2.020121933088E0));
#2932=CARTESIAN_POINT('',(3.929878066912E0,1.119999999992E0,1.9E0));
#2933=CARTESIAN_POINT('',(3.76E0,1.12E0,1.9E0));
#2934=(BOUNDED_SURFACE()B_SPLINE_SURFACE(3,3,((#2918,#2919,#2920,#2921),(#2922,
#2923,#2924,#2925),(#2926,#2927,#2928,#2929),(#2930,#2931,#2932,#2933)),
.UNSPECIFIED.,.F.,.F.,.F.)B_SPLINE_SURFACE_WITH_KNOTS((4,4),(4,4),(0.E0,1.E0),(
0.E0,1.E0),.UNSPECIFIED.)GEOMETRIC_REPRESENTATION_ITEM()RATIONAL_B_SPLINE_SURFACE(((1.694636455283E0,1.363738104544E0,1.363738104544E0,1.694636455283E0),(
9.972183485783E-1,8.024993539277E-1,8.024993539277E-1,9.972183485783E-1),(
9.972183485783E-1,8.024993539277E-1,8.024993539277E-1,9.972183485783E-1),(
1.694636455283E0,1.363738104544E0,1.363738104544E0,1.694636455283E0)))REPRESENTATION_ITEM('')SURFACE());
#2936=ORIENTED_EDGE('',*,*,#2935,.F.);
#2938=ORIENTED_EDGE('',*,*,#2937,.T.);
#2939=ORIENTED_EDGE('',*,*,#2908,.T.);
#2941=ORIENTED_EDGE('',*,*,#2940,.T.);
#2942=EDGE_LOOP('',(#2936,#2938,#2939,#2941));
#2943=FACE_OUTER_BOUND('',#2942,.F.);
#2944=ADVANCED_FACE('',(#2943),#2934,.T.);
#2945=CARTESIAN_POINT('',(0.E0,4.2E-1,1.9E0));
#2946=DIRECTION('',(0.E0,0.E0,-1.E0));
#2947=DIRECTION('',(1.E0,0.E0,0.E0));
#2948=AXIS2_PLACEMENT_3D('',#2945,#2946,#2947);
#2949=PLANE('',#2948);
#2951=ORIENTED_EDGE('',*,*,#2950,.T.);
#2952=ORIENTED_EDGE('',*,*,#2541,.F.);
#2954=ORIENTED_EDGE('',*,*,#2953,.T.);
#2956=ORIENTED_EDGE('',*,*,#2955,.F.);
#2957=ORIENTED_EDGE('',*,*,#2935,.T.);
#2958=EDGE_LOOP('',(#2951,#2952,#2954,#2956,#2957));
#2959=FACE_OUTER_BOUND('',#2958,.F.);
#2960=ADVANCED_FACE('',(#2959),#2949,.T.);
#2961=CARTESIAN_POINT('',(2.709107682625E0,9.324981824895E-2,2.19E0));
#2962=DIRECTION('',(7.071067811865E-1,7.071067811865E-1,0.E0));
#2963=DIRECTION('',(0.E0,0.E0,-1.E0));
#2964=AXIS2_PLACEMENT_3D('',#2961,#2962,#2963);
#2965=CYLINDRICAL_SURFACE('',#2964,2.9E-1);
#2966=ORIENTED_EDGE('',*,*,#2950,.F.);
#2967=ORIENTED_EDGE('',*,*,#2940,.F.);
#2969=ORIENTED_EDGE('',*,*,#2968,.T.);
#2970=ORIENTED_EDGE('',*,*,#2758,.F.);
#2971=ORIENTED_EDGE('',*,*,#2543,.F.);
#2972=EDGE_LOOP('',(#2966,#2967,#2969,#2970,#2971));
#2973=FACE_OUTER_BOUND('',#2972,.F.);
#2974=ADVANCED_FACE('',(#2973),#2965,.T.);
#2975=CARTESIAN_POINT('',(2.325735931288E0,1.2E-1,2.5E0));
#2976=DIRECTION('',(-7.071067811865E-1,7.071067811865E-1,0.E0));
#2977=DIRECTION('',(7.071067811865E-1,7.071067811865E-1,0.E0));
#2978=AXIS2_PLACEMENT_3D('',#2975,#2976,#2977);
#2979=PLANE('',#2978);
#2980=ORIENTED_EDGE('',*,*,#2968,.F.);
#2981=ORIENTED_EDGE('',*,*,#2913,.F.);
#2982=ORIENTED_EDGE('',*,*,#2856,.F.);
#2983=ORIENTED_EDGE('',*,*,#2760,.T.);
#2984=EDGE_LOOP('',(#2980,#2981,#2982,#2983));
#2985=FACE_OUTER_BOUND('',#2984,.F.);
#2986=ADVANCED_FACE('',(#2985),#2979,.T.);
#2987=CARTESIAN_POINT('',(3.75E0,1.2E-1,2.425464869445E0));
#2988=DIRECTION('',(0.E0,0.E0,-1.E0));
#2989=DIRECTION('',(0.E0,1.E0,0.E0));
#2990=AXIS2_PLACEMENT_3D('',#2987,#2988,#2989);
#2991=CYLINDRICAL_SURFACE('',#2990,3.E-1);
#2993=ORIENTED_EDGE('',*,*,#2992,.F.);
#2995=ORIENTED_EDGE('',*,*,#2994,.T.);
#2997=ORIENTED_EDGE('',*,*,#2996,.T.);
#2999=ORIENTED_EDGE('',*,*,#2998,.F.);
#3000=ORIENTED_EDGE('',*,*,#2953,.F.);
#3001=ORIENTED_EDGE('',*,*,#2539,.T.);
#3002=EDGE_LOOP('',(#2993,#2995,#2997,#2999,#3000,#3001));
#3003=FACE_OUTER_BOUND('',#3002,.F.);
#3004=ADVANCED_FACE('',(#3003),#2991,.T.);
#3005=CARTESIAN_POINT('',(0.E0,4.2E-1,-1.9E0));
#3006=DIRECTION('',(0.E0,0.E0,-1.E0));
#3007=DIRECTION('',(1.E0,0.E0,0.E0));
#3008=AXIS2_PLACEMENT_3D('',#3005,#3006,#3007);
#3009=PLANE('',#3008);
#3011=ORIENTED_EDGE('',*,*,#3010,.T.);
#3013=ORIENTED_EDGE('',*,*,#3012,.T.);
#3015=ORIENTED_EDGE('',*,*,#3014,.F.);
#3016=ORIENTED_EDGE('',*,*,#2992,.T.);
#3017=ORIENTED_EDGE('',*,*,#2537,.T.);
#3018=EDGE_LOOP('',(#3011,#3013,#3015,#3016,#3017));
#3019=FACE_OUTER_BOUND('',#3018,.F.);
#3020=ADVANCED_FACE('',(#3019),#3009,.F.);
#3021=CARTESIAN_POINT('',(3.769333417083E0,1.153475552706E0,-2.19E0));
#3022=DIRECTION('',(-7.071067811865E-1,-7.071067811865E-1,0.E0));
#3023=DIRECTION('',(0.E0,0.E0,1.E0));
#3024=AXIS2_PLACEMENT_3D('',#3021,#3022,#3023);
#3025=CYLINDRICAL_SURFACE('',#3024,2.9E-1);
#3026=ORIENTED_EDGE('',*,*,#3010,.F.);
#3027=ORIENTED_EDGE('',*,*,#2535,.F.);
#3029=ORIENTED_EDGE('',*,*,#3028,.F.);
#3031=ORIENTED_EDGE('',*,*,#3030,.T.);
#3033=ORIENTED_EDGE('',*,*,#3032,.F.);
#3034=EDGE_LOOP('',(#3026,#3027,#3029,#3031,#3033));
#3035=FACE_OUTER_BOUND('',#3034,.F.);
#3036=ADVANCED_FACE('',(#3035),#3025,.T.);
#3037=CARTESIAN_POINT('',(4.074060786536E0,1.2E-1,-2.1E0));
#3038=DIRECTION('',(-1.E0,0.E0,0.E0));
#3039=DIRECTION('',(0.E0,1.E0,0.E0));
#3040=AXIS2_PLACEMENT_3D('',#3037,#3038,#3039);
#3041=CYLINDRICAL_SURFACE('',#3040,3.E-1);
#3043=ORIENTED_EDGE('',*,*,#3042,.F.);
#3045=ORIENTED_EDGE('',*,*,#3044,.T.);
#3047=ORIENTED_EDGE('',*,*,#3046,.T.);
#3049=ORIENTED_EDGE('',*,*,#3048,.T.);
#3051=ORIENTED_EDGE('',*,*,#3050,.T.);
#3052=ORIENTED_EDGE('',*,*,#3028,.T.);
#3053=ORIENTED_EDGE('',*,*,#2533,.T.);
#3055=ORIENTED_EDGE('',*,*,#3054,.T.);
#3056=EDGE_LOOP('',(#3043,#3045,#3047,#3049,#3051,#3052,#3053,#3055));
#3057=FACE_OUTER_BOUND('',#3056,.F.);
#3058=ADVANCED_FACE('',(#3057),#3041,.T.);
#3059=CARTESIAN_POINT('',(-3.537867965644E0,1.332132034356E0,-2.5E0));
#3060=DIRECTION('',(-7.071067811865E-1,-7.071067811865E-1,0.E0));
#3061=DIRECTION('',(7.071067811865E-1,-7.071067811865E-1,0.E0));
#3062=AXIS2_PLACEMENT_3D('',#3059,#3060,#3061);
#3063=PLANE('',#3062);
#3065=ORIENTED_EDGE('',*,*,#3064,.F.);
#3067=ORIENTED_EDGE('',*,*,#3066,.F.);
#3069=ORIENTED_EDGE('',*,*,#3068,.F.);
#3070=ORIENTED_EDGE('',*,*,#3042,.T.);
#3071=EDGE_LOOP('',(#3065,#3067,#3069,#3070));
#3072=FACE_OUTER_BOUND('',#3071,.F.);
#3073=ADVANCED_FACE('',(#3072),#3063,.F.);
#3074=CARTESIAN_POINT('',(-2.709107638278E0,9.324977390160E-2,-2.19E0));
#3075=DIRECTION('',(-7.071067811865E-1,7.071067811865E-1,0.E0));
#3076=DIRECTION('',(0.E0,0.E0,1.E0));
#3077=AXIS2_PLACEMENT_3D('',#3074,#3075,#3076);
#3078=CYLINDRICAL_SURFACE('',#3077,2.9E-1);
#3079=ORIENTED_EDGE('',*,*,#2563,.F.);
#3080=ORIENTED_EDGE('',*,*,#2595,.F.);
#3081=ORIENTED_EDGE('',*,*,#3064,.T.);
#3082=ORIENTED_EDGE('',*,*,#3054,.F.);
#3083=ORIENTED_EDGE('',*,*,#2531,.F.);
#3084=EDGE_LOOP('',(#3079,#3080,#3081,#3082,#3083));
#3085=FACE_OUTER_BOUND('',#3084,.F.);
#3086=ADVANCED_FACE('',(#3085),#3078,.T.);
#3087=CARTESIAN_POINT('',(-3.75E0,1.12E0,-2.5E0));
#3088=DIRECTION('',(0.E0,0.E0,-1.E0));
#3089=DIRECTION('',(1.E0,0.E0,0.E0));
#3090=AXIS2_PLACEMENT_3D('',#3087,#3088,#3089);
#3091=CYLINDRICAL_SURFACE('',#3090,3.E-1);
#3092=ORIENTED_EDGE('',*,*,#2593,.F.);
#3094=ORIENTED_EDGE('',*,*,#3093,.T.);
#3096=ORIENTED_EDGE('',*,*,#3095,.F.);
#3097=ORIENTED_EDGE('',*,*,#3066,.T.);
#3098=EDGE_LOOP('',(#3092,#3094,#3096,#3097));
#3099=FACE_OUTER_BOUND('',#3098,.F.);
#3100=ADVANCED_FACE('',(#3099),#3091,.T.);
#3101=CARTESIAN_POINT('',(-4.05E0,1.2E-1,-2.5E0));
#3102=DIRECTION('',(1.E0,0.E0,0.E0));
#3103=DIRECTION('',(0.E0,1.E0,0.E0));
#3104=AXIS2_PLACEMENT_3D('',#3101,#3102,#3103);
#3105=PLANE('',#3104);
#3106=ORIENTED_EDGE('',*,*,#3093,.F.);
#3107=ORIENTED_EDGE('',*,*,#2608,.F.);
#3108=ORIENTED_EDGE('',*,*,#2645,.T.);
#3110=ORIENTED_EDGE('',*,*,#3109,.F.);
#3111=EDGE_LOOP('',(#3106,#3107,#3108,#3110));
#3112=FACE_OUTER_BOUND('',#3111,.F.);
#3113=ADVANCED_FACE('',(#3112),#3105,.F.);
#3114=CARTESIAN_POINT('',(-3.76E0,9.371338978337E-2,-2.21E0));
#3115=DIRECTION('',(0.E0,1.E0,0.E0));
#3116=DIRECTION('',(0.E0,0.E0,-1.E0));
#3117=AXIS2_PLACEMENT_3D('',#3114,#3115,#3116);
#3118=CYLINDRICAL_SURFACE('',#3117,2.9E-1);
#3120=ORIENTED_EDGE('',*,*,#3119,.T.);
#3122=ORIENTED_EDGE('',*,*,#3121,.F.);
#3123=ORIENTED_EDGE('',*,*,#3109,.T.);
#3125=ORIENTED_EDGE('',*,*,#3124,.T.);
#3126=EDGE_LOOP('',(#3120,#3122,#3123,#3125));
#3127=FACE_OUTER_BOUND('',#3126,.F.);
#3128=ADVANCED_FACE('',(#3127),#3118,.T.);
#3129=CARTESIAN_POINT('',(0.E0,4.2E-1,-2.5E0));
#3130=DIRECTION('',(0.E0,0.E0,-1.E0));
#3131=DIRECTION('',(1.E0,0.E0,0.E0));
#3132=AXIS2_PLACEMENT_3D('',#3129,#3130,#3131);
#3133=PLANE('',#3132);
#3135=ORIENTED_EDGE('',*,*,#3134,.T.);
#3137=ORIENTED_EDGE('',*,*,#3136,.T.);
#3138=ORIENTED_EDGE('',*,*,#3119,.F.);
#3140=ORIENTED_EDGE('',*,*,#3139,.T.);
#3141=EDGE_LOOP('',(#3135,#3137,#3138,#3140));
#3142=FACE_OUTER_BOUND('',#3141,.F.);
#3143=ADVANCED_FACE('',(#3142),#3133,.T.);
#3144=CARTESIAN_POINT('',(-3.761516372527E0,1.145658508150E0,-2.21E0));
#3145=DIRECTION('',(7.071067811865E-1,-7.071067811865E-1,0.E0));
#3146=DIRECTION('',(0.E0,0.E0,-1.E0));
#3147=AXIS2_PLACEMENT_3D('',#3144,#3145,#3146);
#3148=CYLINDRICAL_SURFACE('',#3147,2.9E-1);
#3149=ORIENTED_EDGE('',*,*,#3134,.F.);
#3151=ORIENTED_EDGE('',*,*,#3150,.F.);
#3152=ORIENTED_EDGE('',*,*,#3044,.F.);
#3153=ORIENTED_EDGE('',*,*,#3068,.T.);
#3155=ORIENTED_EDGE('',*,*,#3154,.F.);
#3156=EDGE_LOOP('',(#3149,#3151,#3152,#3153,#3155));
#3157=FACE_OUTER_BOUND('',#3156,.F.);
#3158=ADVANCED_FACE('',(#3157),#3148,.T.);
#3159=CARTESIAN_POINT('',(0.E0,1.2E-1,0.E0));
#3160=DIRECTION('',(0.E0,1.E0,0.E0));
#3161=DIRECTION('',(0.E0,0.E0,-1.E0));
#3162=AXIS2_PLACEMENT_3D('',#3159,#3160,#3161);
#3163=PLANE('',#3162);
#3164=ORIENTED_EDGE('',*,*,#3046,.F.);
#3165=ORIENTED_EDGE('',*,*,#3150,.T.);
#3167=ORIENTED_EDGE('',*,*,#3166,.F.);
#3169=ORIENTED_EDGE('',*,*,#3168,.T.);
#3170=EDGE_LOOP('',(#3164,#3165,#3167,#3169));
#3171=FACE_OUTER_BOUND('',#3170,.F.);
#3172=ADVANCED_FACE('',(#3171),#3163,.T.);
#3173=CARTESIAN_POINT('',(-4.245290552767E0,1.2E-1,-2.5E0));
#3174=DIRECTION('',(0.E0,-1.745240643728E-2,-9.998476951564E-1));
#3175=DIRECTION('',(-1.E0,0.E0,0.E0));
#3176=AXIS2_PLACEMENT_3D('',#3173,#3174,#3175);
#3177=PLANE('',#3176);
#3178=ORIENTED_EDGE('',*,*,#3166,.T.);
#3179=ORIENTED_EDGE('',*,*,#3139,.F.);
#3181=ORIENTED_EDGE('',*,*,#3180,.T.);
#3183=ORIENTED_EDGE('',*,*,#3182,.F.);
#3185=ORIENTED_EDGE('',*,*,#3184,.T.);
#3187=ORIENTED_EDGE('',*,*,#3186,.F.);
#3188=EDGE_LOOP('',(#3178,#3179,#3181,#3183,#3185,#3187));
#3189=FACE_OUTER_BOUND('',#3188,.F.);
#3190=ADVANCED_FACE('',(#3189),#3177,.T.);
#3191=CARTESIAN_POINT('',(-3.645223199307E0,-6.453027716133E0,
-2.095223199307E0));
#3192=DIRECTION('',(-1.744974916068E-2,9.996954598819E-1,-1.744974916068E-2));
#3193=DIRECTION('',(0.E0,-1.745240643728E-2,-9.998476951564E-1));
#3194=AXIS2_PLACEMENT_3D('',#3191,#3192,#3193);
#3195=CYLINDRICAL_SURFACE('',#3194,2.9E-1);
#3196=ORIENTED_EDGE('',*,*,#3180,.F.);
#3197=ORIENTED_EDGE('',*,*,#3124,.F.);
#3198=ORIENTED_EDGE('',*,*,#2643,.F.);
#3200=ORIENTED_EDGE('',*,*,#3199,.T.);
#3201=EDGE_LOOP('',(#3196,#3197,#3198,#3200));
#3202=FACE_OUTER_BOUND('',#3201,.F.);
#3203=ADVANCED_FACE('',(#3202),#3195,.T.);
#3204=CARTESIAN_POINT('',(-3.635574130365E0,-6.729999991553E0,
-2.085673122249E0));
#3205=CARTESIAN_POINT('',(-3.636482103021E0,-6.729946171997E0,
-2.112912157426E0));
#3206=CARTESIAN_POINT('',(-3.638285759685E0,-6.722609601816E0,
-2.167038375635E0));
#3207=CARTESIAN_POINT('',(-3.640818988369E0,-6.689795497540E0,
-2.243110464556E0));
#3208=CARTESIAN_POINT('',(-3.642966843271E0,-6.637340046172E0,
-2.307674621060E0));
#3209=CARTESIAN_POINT('',(-3.644556408189E0,-6.569395258279E0,
-2.355531001001E0));
#3210=CARTESIAN_POINT('',(-3.645373876912E0,-6.499596478414E0,
-2.380195286305E0));
#3211=CARTESIAN_POINT('',(-3.645541029572E0,-6.453773813204E0,
-2.385242227041E0));
#3212=CARTESIAN_POINT('',(-3.645551895584E0,-6.435234313E0,-2.385570816049E0));
#3213=CARTESIAN_POINT('',(-3.755689294940E0,-6.730040993091E0,
-1.965557957674E0));
#3214=CARTESIAN_POINT('',(-3.756586654175E0,-6.740893242755E0,
-1.992831078210E0));
#3215=CARTESIAN_POINT('',(-3.759873693855E0,-6.755231675990E0,
-2.051376467123E0));
#3216=CARTESIAN_POINT('',(-3.769143093120E0,-6.749203244853E0,
-2.146977015589E0));
#3217=CARTESIAN_POINT('',(-3.782686298388E0,-6.710723643907E0,
-2.241543482998E0));
#3218=CARTESIAN_POINT('',(-3.799138972175E0,-6.636572926438E0,
-2.324123214710E0));
#3219=CARTESIAN_POINT('',(-3.812138475494E0,-6.538739461339E0,
-2.373960170438E0));
#3220=CARTESIAN_POINT('',(-3.815118650694E0,-6.467222205429E0,
-2.384865585180E0));
#3221=CARTESIAN_POINT('',(-3.815352736422E0,-6.438192666483E0,
-2.385560185253E0));
#3222=CARTESIAN_POINT('',(-3.840647680939E0,-6.609958813328E0,
-1.880599571675E0));
#3223=CARTESIAN_POINT('',(-3.841537533218E0,-6.628544758673E0,
-1.896991086833E0));
#3224=CARTESIAN_POINT('',(-3.845873781192E0,-6.661147860633E0,
-1.936990914390E0));
#3225=CARTESIAN_POINT('',(-3.859907726069E0,-6.687198526690E0,
-2.015943844538E0));
#3226=CARTESIAN_POINT('',(-3.881510950891E0,-6.679603467247E0,
-2.105876639509E0));
#3227=CARTESIAN_POINT('',(-3.908476416671E0,-6.628267366429E0,
-2.193850451023E0));
#3228=CARTESIAN_POINT('',(-3.930092367390E0,-6.538554755266E0,
-2.251613223985E0));
#3229=CARTESIAN_POINT('',(-3.935062215215E0,-6.467213803030E0,
-2.264640769575E0));
#3230=CARTESIAN_POINT('',(-3.935454185976E0,-6.438188979751E0,
-2.265462634349E0));
#3231=CARTESIAN_POINT('',(-3.840684415157E0,-6.440088688460E0,
-1.880562837457E0));
#3232=CARTESIAN_POINT('',(-3.841574264190E0,-6.458705898909E0,
-1.881530693360E0));
#3233=CARTESIAN_POINT('',(-3.845910965819E0,-6.495464786065E0,
-1.890882748407E0));
#3234=CARTESIAN_POINT('',(-3.859946970786E0,-6.540097848144E0,
-1.926762508190E0));
#3235=CARTESIAN_POINT('',(-3.881553680590E0,-6.562205850171E0,
-1.980139072132E0));
#3236=CARTESIAN_POINT('',(-3.908523691880E0,-6.549341933213E0,
-2.041017502281E0));
#3237=CARTESIAN_POINT('',(-3.930143368169E0,-6.499149716272E0,
-2.084816348790E0));
#3238=CARTESIAN_POINT('',(-3.935114076287E0,-6.453753241986E0,
-2.094986570794E0));
#3239=CARTESIAN_POINT('',(-3.935506115314E0,-6.435225349410E0,
-2.095622403907E0));
#3240=(BOUNDED_SURFACE()B_SPLINE_SURFACE(3,3,((#3204,#3205,#3206,#3207,#3208,
#3209,#3210,#3211,#3212),(#3213,#3214,#3215,#3216,#3217,#3218,#3219,#3220,
#3221),(#3222,#3223,#3224,#3225,#3226,#3227,#3228,#3229,#3230),(#3231,#3232,
#3233,#3234,#3235,#3236,#3237,#3238,#3239)),.UNSPECIFIED.,.F.,.F.,.F.)B_SPLINE_SURFACE_WITH_KNOTS((4,4),(4,1,1,1,1,1,4),(-3.626657556757E-5,1.000000019165E0),(
0.E0,1.650985072852E-1,3.326707058986E-1,5.005270485487E-1,6.685850496957E-1,
8.352571577177E-1,9.485087769351E-1),.UNSPECIFIED.)GEOMETRIC_REPRESENTATION_ITEM()RATIONAL_B_SPLINE_SURFACE(((1.171569674314E0,1.171569674314E0,1.171569674314E0,
1.171569674314E0,1.171569674314E0,1.171569674314E0,1.171569674314E0,
1.171569674314E0,1.171569674314E0),(9.428183999026E-1,9.428183999026E-1,
9.428183999026E-1,9.428183999026E-1,9.428183999026E-1,9.428183999026E-1,
9.428183999026E-1,9.428183999026E-1,9.428183999026E-1),(9.428101088627E-1,
9.428101088627E-1,9.428101088627E-1,9.428101088627E-1,9.428101088627E-1,
9.428101088627E-1,9.428101088627E-1,9.428101088627E-1,9.428101088627E-1),(
1.171544801194E0,1.171544801194E0,1.171544801194E0,1.171544801194E0,
1.171544801194E0,1.171544801194E0,1.171544801194E0,1.171544801194E0,
1.171544801194E0)))REPRESENTATION_ITEM('')SURFACE());
#3242=ORIENTED_EDGE('',*,*,#3241,.F.);
#3243=ORIENTED_EDGE('',*,*,#3199,.F.);
#3245=ORIENTED_EDGE('',*,*,#3244,.T.);
#3246=EDGE_LOOP('',(#3242,#3243,#3245));
#3247=FACE_OUTER_BOUND('',#3246,.F.);
#3248=ADVANCED_FACE('',(#3247),#3240,.T.);
#3249=CARTESIAN_POINT('',(-3.956663183032E0,-6.43E0,-2.085623626307E0));
#3250=DIRECTION('',(1.E0,0.E0,0.E0));
#3251=DIRECTION('',(0.E0,-1.E0,0.E0));
#3252=AXIS2_PLACEMENT_3D('',#3249,#3250,#3251);
#3253=CYLINDRICAL_SURFACE('',#3252,3.E-1);
#3255=ORIENTED_EDGE('',*,*,#3254,.T.);
#3257=ORIENTED_EDGE('',*,*,#3256,.T.);
#3259=ORIENTED_EDGE('',*,*,#3258,.T.);
#3261=ORIENTED_EDGE('',*,*,#3260,.T.);
#3263=ORIENTED_EDGE('',*,*,#3262,.T.);
#3265=ORIENTED_EDGE('',*,*,#3264,.F.);
#3266=ORIENTED_EDGE('',*,*,#3182,.T.);
#3267=ORIENTED_EDGE('',*,*,#3241,.T.);
#3268=EDGE_LOOP('',(#3255,#3257,#3259,#3261,#3263,#3265,#3266,#3267));
#3269=FACE_OUTER_BOUND('',#3268,.F.);
#3270=ADVANCED_FACE('',(#3269),#3253,.T.);
#3271=CARTESIAN_POINT('',(0.E0,-6.73E0,0.E0));
#3272=DIRECTION('',(0.E0,-1.E0,0.E0));
#3273=DIRECTION('',(0.E0,0.E0,1.E0));
#3274=AXIS2_PLACEMENT_3D('',#3271,#3272,#3273);
#3275=PLANE('',#3274);
#3277=ORIENTED_EDGE('',*,*,#3276,.F.);
#3279=ORIENTED_EDGE('',*,*,#3278,.F.);
#3281=ORIENTED_EDGE('',*,*,#3280,.T.);
#3283=ORIENTED_EDGE('',*,*,#3282,.F.);
#3285=ORIENTED_EDGE('',*,*,#3284,.F.);
#3287=ORIENTED_EDGE('',*,*,#3286,.F.);
#3289=ORIENTED_EDGE('',*,*,#3288,.F.);
#3291=ORIENTED_EDGE('',*,*,#3290,.F.);
#3292=EDGE_LOOP('',(#3277,#3279,#3281,#3283,#3285,#3287,#3289,#3291));
#3293=FACE_OUTER_BOUND('',#3292,.F.);
#3294=ADVANCED_FACE('',(#3293),#3275,.F.);
#3295=CARTESIAN_POINT('',(-4.915E0,-6.73E0,2.475E0));
#3296=DIRECTION('',(0.E0,0.E0,1.E0));
#3297=DIRECTION('',(0.E0,-1.E0,0.E0));
#3298=AXIS2_PLACEMENT_3D('',#3295,#3296,#3297);
#3299=PLANE('',#3298);
#3301=ORIENTED_EDGE('',*,*,#3300,.T.);
#3303=ORIENTED_EDGE('',*,*,#3302,.T.);
#3304=ORIENTED_EDGE('',*,*,#3276,.T.);
#3306=ORIENTED_EDGE('',*,*,#3305,.F.);
#3307=EDGE_LOOP('',(#3301,#3303,#3304,#3306));
#3308=FACE_OUTER_BOUND('',#3307,.F.);
#3309=ADVANCED_FACE('',(#3308),#3299,.T.);
#3310=CARTESIAN_POINT('',(-4.915E0,-7.113218516866E0,2.475E0));
#3311=DIRECTION('',(0.E0,-1.391731009601E-1,9.902680687416E-1));
#3312=DIRECTION('',(0.E0,-9.902680687416E-1,-1.391731009601E-1));
#3313=AXIS2_PLACEMENT_3D('',#3310,#3311,#3312);
#3314=PLANE('',#3313);
#3315=ORIENTED_EDGE('',*,*,#3300,.F.);
#3317=ORIENTED_EDGE('',*,*,#3316,.F.);
#3319=ORIENTED_EDGE('',*,*,#3318,.F.);
#3321=ORIENTED_EDGE('',*,*,#3320,.F.);
#3323=ORIENTED_EDGE('',*,*,#3322,.F.);
#3325=ORIENTED_EDGE('',*,*,#3324,.F.);
#3327=ORIENTED_EDGE('',*,*,#3326,.F.);
#3329=ORIENTED_EDGE('',*,*,#3328,.F.);
#3330=EDGE_LOOP('',(#3315,#3317,#3319,#3321,#3323,#3325,#3327,#3329));
#3331=FACE_OUTER_BOUND('',#3330,.F.);
#3332=ADVANCED_FACE('',(#3331),#3314,.T.);
#3333=CARTESIAN_POINT('',(3.75E0,-6.73E0,-2.55E0));
#3334=DIRECTION('',(1.E0,0.E0,0.E0));
#3335=DIRECTION('',(0.E0,0.E0,1.E0));
#3336=AXIS2_PLACEMENT_3D('',#3333,#3334,#3335);
#3337=PLANE('',#3336);
#3338=ORIENTED_EDGE('',*,*,#3305,.T.);
#3339=ORIENTED_EDGE('',*,*,#3290,.T.);
#3341=ORIENTED_EDGE('',*,*,#3340,.F.);
#3343=ORIENTED_EDGE('',*,*,#3342,.F.);
#3344=ORIENTED_EDGE('',*,*,#3316,.T.);
#3345=EDGE_LOOP('',(#3338,#3339,#3341,#3343,#3344));
#3346=FACE_OUTER_BOUND('',#3345,.F.);
#3347=ADVANCED_FACE('',(#3346),#3337,.T.);
#3348=CARTESIAN_POINT('',(4.5E0,-7.13E0,2.25E0));
#3349=DIRECTION('',(0.E0,0.E0,1.E0));
#3350=DIRECTION('',(-1.E0,0.E0,0.E0));
#3351=AXIS2_PLACEMENT_3D('',#3348,#3349,#3350);
#3352=PLANE('',#3351);
#3354=ORIENTED_EDGE('',*,*,#3353,.T.);
#3356=ORIENTED_EDGE('',*,*,#3355,.F.);
#3357=ORIENTED_EDGE('',*,*,#3340,.T.);
#3358=ORIENTED_EDGE('',*,*,#3288,.T.);
#3360=ORIENTED_EDGE('',*,*,#3359,.F.);
#3362=ORIENTED_EDGE('',*,*,#3361,.F.);
#3364=ORIENTED_EDGE('',*,*,#3363,.T.);
#3365=EDGE_LOOP('',(#3354,#3356,#3357,#3358,#3360,#3362,#3364));
#3366=FACE_OUTER_BOUND('',#3365,.F.);
#3367=ADVANCED_FACE('',(#3366),#3352,.T.);
#3368=CARTESIAN_POINT('',(4.1E0,-6.73E0,-2.272998304648E0));
#3369=DIRECTION('',(0.E0,0.E0,1.E0));
#3370=DIRECTION('',(0.E0,-1.E0,0.E0));
#3371=AXIS2_PLACEMENT_3D('',#3368,#3369,#3370);
#3372=CYLINDRICAL_SURFACE('',#3371,4.E-1);
#3373=ORIENTED_EDGE('',*,*,#3353,.F.);
#3375=ORIENTED_EDGE('',*,*,#3374,.T.);
#3377=ORIENTED_EDGE('',*,*,#3376,.F.);
#3379=ORIENTED_EDGE('',*,*,#3378,.T.);
#3380=EDGE_LOOP('',(#3373,#3375,#3377,#3379));
#3381=FACE_OUTER_BOUND('',#3380,.F.);
#3382=ADVANCED_FACE('',(#3381),#3372,.T.);
#3383=CARTESIAN_POINT('',(4.5E0,-7.13E0,-2.25E0));
#3384=DIRECTION('',(1.E0,0.E0,0.E0));
#3385=DIRECTION('',(0.E0,0.E0,1.E0));
#3386=AXIS2_PLACEMENT_3D('',#3383,#3384,#3385);
#3387=PLANE('',#3386);
#3388=ORIENTED_EDGE('',*,*,#3374,.F.);
#3389=ORIENTED_EDGE('',*,*,#3363,.F.);
#3391=ORIENTED_EDGE('',*,*,#3390,.F.);
#3393=ORIENTED_EDGE('',*,*,#3392,.F.);
#3395=ORIENTED_EDGE('',*,*,#3394,.F.);
#3397=ORIENTED_EDGE('',*,*,#3396,.F.);
#3399=ORIENTED_EDGE('',*,*,#3398,.F.);
#3401=ORIENTED_EDGE('',*,*,#3400,.T.);
#3403=ORIENTED_EDGE('',*,*,#3402,.F.);
#3405=ORIENTED_EDGE('',*,*,#3404,.F.);
#3406=EDGE_LOOP('',(#3388,#3389,#3391,#3393,#3395,#3397,#3399,#3401,#3403,
#3405));
#3407=FACE_OUTER_BOUND('',#3406,.F.);
#3408=ADVANCED_FACE('',(#3407),#3387,.T.);
#3409=CARTESIAN_POINT('',(0.E0,-2.3E-1,0.E0));
#3410=DIRECTION('',(0.E0,1.E0,0.E0));
#3411=DIRECTION('',(1.E0,0.E0,0.E0));
#3412=AXIS2_PLACEMENT_3D('',#3409,#3410,#3411);
#3413=PLANE('',#3412);
#3415=ORIENTED_EDGE('',*,*,#3414,.F.);
#3416=ORIENTED_EDGE('',*,*,#3390,.T.);
#3417=ORIENTED_EDGE('',*,*,#3361,.T.);
#3419=ORIENTED_EDGE('',*,*,#3418,.T.);
#3420=EDGE_LOOP('',(#3415,#3416,#3417,#3419));
#3421=FACE_OUTER_BOUND('',#3420,.F.);
#3422=ADVANCED_FACE('',(#3421),#3413,.T.);
#3423=CARTESIAN_POINT('',(4.5E0,-2.3E-1,9.5E-1));
#3424=DIRECTION('',(0.E0,0.E0,1.E0));
#3425=DIRECTION('',(0.E0,-1.E0,0.E0));
#3426=AXIS2_PLACEMENT_3D('',#3423,#3424,#3425);
#3427=PLANE('',#3426);
#3428=ORIENTED_EDGE('',*,*,#3392,.T.);
#3429=ORIENTED_EDGE('',*,*,#3414,.T.);
#3431=ORIENTED_EDGE('',*,*,#3430,.F.);
#3433=ORIENTED_EDGE('',*,*,#3432,.T.);
#3434=EDGE_LOOP('',(#3428,#3429,#3431,#3433));
#3435=FACE_OUTER_BOUND('',#3434,.F.);
#3436=ADVANCED_FACE('',(#3435),#3427,.F.);
#3437=CARTESIAN_POINT('',(4.1E0,-6.73E0,-2.25E0));
#3438=DIRECTION('',(-1.E0,0.E0,0.E0));
#3439=DIRECTION('',(0.E0,0.E0,1.E0));
#3440=AXIS2_PLACEMENT_3D('',#3437,#3438,#3439);
#3441=PLANE('',#3440);
#3443=ORIENTED_EDGE('',*,*,#3442,.F.);
#3445=ORIENTED_EDGE('',*,*,#3444,.T.);
#3446=ORIENTED_EDGE('',*,*,#3430,.T.);
#3447=ORIENTED_EDGE('',*,*,#3418,.F.);
#3448=ORIENTED_EDGE('',*,*,#3359,.T.);
#3449=ORIENTED_EDGE('',*,*,#3286,.T.);
#3451=ORIENTED_EDGE('',*,*,#3450,.F.);
#3453=ORIENTED_EDGE('',*,*,#3452,.F.);
#3455=ORIENTED_EDGE('',*,*,#3454,.F.);
#3457=ORIENTED_EDGE('',*,*,#3456,.T.);
#3458=EDGE_LOOP('',(#3443,#3445,#3446,#3447,#3448,#3449,#3451,#3453,#3455,
#3457));
#3459=FACE_OUTER_BOUND('',#3458,.F.);
#3460=ADVANCED_FACE('',(#3459),#3441,.T.);
#3461=CARTESIAN_POINT('',(4.5E0,-3.83E0,3.729983046481E-1));
#3462=DIRECTION('',(0.E0,0.E0,-1.E0));
#3463=DIRECTION('',(-1.E0,0.E0,0.E0));
#3464=AXIS2_PLACEMENT_3D('',#3461,#3462,#3463);
#3465=CYLINDRICAL_SURFACE('',#3464,4.E-1);
#3467=ORIENTED_EDGE('',*,*,#3466,.F.);
#3469=ORIENTED_EDGE('',*,*,#3468,.T.);
#3471=ORIENTED_EDGE('',*,*,#3470,.F.);
#3472=ORIENTED_EDGE('',*,*,#3442,.T.);
#3473=EDGE_LOOP('',(#3467,#3469,#3471,#3472));
#3474=FACE_OUTER_BOUND('',#3473,.F.);
#3475=ADVANCED_FACE('',(#3474),#3465,.T.);
#3476=CARTESIAN_POINT('',(4.5E0,-3.43E0,-3.5E-1));
#3477=DIRECTION('',(0.E0,0.E0,1.E0));
#3478=DIRECTION('',(0.E0,-1.E0,0.E0));
#3479=AXIS2_PLACEMENT_3D('',#3476,#3477,#3478);
#3480=PLANE('',#3479);
#3481=ORIENTED_EDGE('',*,*,#3466,.T.);
#3483=ORIENTED_EDGE('',*,*,#3482,.T.);
#3485=ORIENTED_EDGE('',*,*,#3484,.T.);
#3487=ORIENTED_EDGE('',*,*,#3486,.F.);
#3489=ORIENTED_EDGE('',*,*,#3488,.F.);
#3490=EDGE_LOOP('',(#3481,#3483,#3485,#3487,#3489));
#3491=FACE_OUTER_BOUND('',#3490,.F.);
#3492=ADVANCED_FACE('',(#3491),#3480,.F.);
#3493=CARTESIAN_POINT('',(4.5E0,-3.83E0,-3.5E-1));
#3494=DIRECTION('',(0.E0,-1.E0,0.E0));
#3495=DIRECTION('',(0.E0,0.E0,-1.E0));
#3496=AXIS2_PLACEMENT_3D('',#3493,#3494,#3495);
#3497=PLANE('',#3496);
#3498=ORIENTED_EDGE('',*,*,#3456,.F.);
#3500=ORIENTED_EDGE('',*,*,#3499,.T.);
#3501=ORIENTED_EDGE('',*,*,#3398,.T.);
#3502=ORIENTED_EDGE('',*,*,#3482,.F.);
#3503=EDGE_LOOP('',(#3498,#3500,#3501,#3502));
#3504=FACE_OUTER_BOUND('',#3503,.F.);
#3505=ADVANCED_FACE('',(#3504),#3497,.F.);
#3506=CARTESIAN_POINT('',(4.5E0,-3.83E0,-9.5E-1));
#3507=DIRECTION('',(0.E0,0.E0,-1.E0));
#3508=DIRECTION('',(0.E0,1.E0,0.E0));
#3509=AXIS2_PLACEMENT_3D('',#3506,#3507,#3508);
#3510=PLANE('',#3509);
#3511=ORIENTED_EDGE('',*,*,#3400,.F.);
#3512=ORIENTED_EDGE('',*,*,#3499,.F.);
#3513=ORIENTED_EDGE('',*,*,#3454,.T.);
#3515=ORIENTED_EDGE('',*,*,#3514,.F.);
#3516=EDGE_LOOP('',(#3511,#3512,#3513,#3515));
#3517=FACE_OUTER_BOUND('',#3516,.F.);
#3518=ADVANCED_FACE('',(#3517),#3510,.F.);
#3519=CARTESIAN_POINT('',(0.E0,-2.3E-1,0.E0));
#3520=DIRECTION('',(0.E0,1.E0,0.E0));
#3521=DIRECTION('',(1.E0,0.E0,0.E0));
#3522=AXIS2_PLACEMENT_3D('',#3519,#3520,#3521);
#3523=PLANE('',#3522);
#3524=ORIENTED_EDGE('',*,*,#3514,.T.);
#3525=ORIENTED_EDGE('',*,*,#3452,.T.);
#3527=ORIENTED_EDGE('',*,*,#3526,.T.);
#3528=ORIENTED_EDGE('',*,*,#3402,.T.);
#3529=EDGE_LOOP('',(#3524,#3525,#3527,#3528));
#3530=FACE_OUTER_BOUND('',#3529,.F.);
#3531=ADVANCED_FACE('',(#3530),#3523,.T.);
#3532=CARTESIAN_POINT('',(3.75E0,-7.13E0,-2.25E0));
#3533=DIRECTION('',(0.E0,0.E0,-1.E0));
#3534=DIRECTION('',(1.E0,0.E0,0.E0));
#3535=AXIS2_PLACEMENT_3D('',#3532,#3533,#3534);
#3536=PLANE('',#3535);
#3537=ORIENTED_EDGE('',*,*,#3376,.T.);
#3538=ORIENTED_EDGE('',*,*,#3404,.T.);
#3539=ORIENTED_EDGE('',*,*,#3526,.F.);
#3540=ORIENTED_EDGE('',*,*,#3450,.T.);
#3541=ORIENTED_EDGE('',*,*,#3284,.T.);
#3543=ORIENTED_EDGE('',*,*,#3542,.F.);
#3545=ORIENTED_EDGE('',*,*,#3544,.F.);
#3546=EDGE_LOOP('',(#3537,#3538,#3539,#3540,#3541,#3543,#3545));
#3547=FACE_OUTER_BOUND('',#3546,.F.);
#3548=ADVANCED_FACE('',(#3547),#3536,.T.);
#3549=CARTESIAN_POINT('',(3.75E0,-6.73E0,-2.55E0));
#3550=DIRECTION('',(1.E0,0.E0,0.E0));
#3551=DIRECTION('',(0.E0,0.E0,1.E0));
#3552=AXIS2_PLACEMENT_3D('',#3549,#3550,#3551);
#3553=PLANE('',#3552);
#3555=ORIENTED_EDGE('',*,*,#3554,.F.);
#3557=ORIENTED_EDGE('',*,*,#3556,.T.);
#3559=ORIENTED_EDGE('',*,*,#3558,.F.);
#3560=ORIENTED_EDGE('',*,*,#3542,.T.);
#3561=ORIENTED_EDGE('',*,*,#3282,.T.);
#3562=EDGE_LOOP('',(#3555,#3557,#3559,#3560,#3561));
#3563=FACE_OUTER_BOUND('',#3562,.F.);
#3564=ADVANCED_FACE('',(#3563),#3553,.T.);
#3565=CARTESIAN_POINT('',(-4.915E0,-6.73E0,-2.475E0));
#3566=DIRECTION('',(0.E0,0.E0,1.E0));
#3567=DIRECTION('',(0.E0,-1.E0,0.E0));
#3568=AXIS2_PLACEMENT_3D('',#3565,#3566,#3567);
#3569=PLANE('',#3568);
#3570=ORIENTED_EDGE('',*,*,#3280,.F.);
#3572=ORIENTED_EDGE('',*,*,#3571,.F.);
#3574=ORIENTED_EDGE('',*,*,#3573,.F.);
#3575=ORIENTED_EDGE('',*,*,#3554,.T.);
#3576=EDGE_LOOP('',(#3570,#3572,#3574,#3575));
#3577=FACE_OUTER_BOUND('',#3576,.F.);
#3578=ADVANCED_FACE('',(#3577),#3569,.F.);
#3579=CARTESIAN_POINT('',(-3.75E0,-6.73E0,2.55E0));
#3580=DIRECTION('',(-1.E0,0.E0,0.E0));
#3581=DIRECTION('',(0.E0,0.E0,-1.E0));
#3582=AXIS2_PLACEMENT_3D('',#3579,#3580,#3581);
#3583=PLANE('',#3582);
#3584=ORIENTED_EDGE('',*,*,#3302,.F.);
#3585=ORIENTED_EDGE('',*,*,#3328,.T.);
#3587=ORIENTED_EDGE('',*,*,#3586,.F.);
#3589=ORIENTED_EDGE('',*,*,#3588,.T.);
#3590=ORIENTED_EDGE('',*,*,#3571,.T.);
#3591=ORIENTED_EDGE('',*,*,#3278,.T.);
#3592=EDGE_LOOP('',(#3584,#3585,#3587,#3589,#3590,#3591));
#3593=FACE_OUTER_BOUND('',#3592,.F.);
#3594=ADVANCED_FACE('',(#3593),#3583,.T.);
#3595=CARTESIAN_POINT('',(0.E0,-7.13E0,0.E0));
#3596=DIRECTION('',(0.E0,-1.E0,0.E0));
#3597=DIRECTION('',(0.E0,0.E0,1.E0));
#3598=AXIS2_PLACEMENT_3D('',#3595,#3596,#3597);
#3599=PLANE('',#3598);
#3600=ORIENTED_EDGE('',*,*,#3326,.T.);
#3602=ORIENTED_EDGE('',*,*,#3601,.T.);
#3604=ORIENTED_EDGE('',*,*,#3603,.F.);
#3605=ORIENTED_EDGE('',*,*,#3586,.T.);
#3606=EDGE_LOOP('',(#3600,#3602,#3604,#3605));
#3607=FACE_OUTER_BOUND('',#3606,.F.);
#3608=ADVANCED_FACE('',(#3607),#3599,.T.);
#3609=CARTESIAN_POINT('',(0.E0,-7.48E0,0.E0));
#3610=DIRECTION('',(0.E0,1.E0,0.E0));
#3611=DIRECTION('',(0.E0,0.E0,-1.E0));
#3612=AXIS2_PLACEMENT_3D('',#3609,#3610,#3611);
#3613=CONICAL_SURFACE('',#3612,2.899189292146E0,8.E0);
#3614=ORIENTED_EDGE('',*,*,#3324,.T.);
#3616=ORIENTED_EDGE('',*,*,#3615,.F.);
#3618=ORIENTED_EDGE('',*,*,#3617,.T.);
#3619=ORIENTED_EDGE('',*,*,#3601,.F.);
#3620=EDGE_LOOP('',(#3614,#3616,#3618,#3619));
#3621=FACE_OUTER_BOUND('',#3620,.F.);
#3622=ADVANCED_FACE('',(#3621),#3613,.T.);
#3623=CARTESIAN_POINT('',(0.E0,-7.83E0,0.E0));
#3624=DIRECTION('',(0.E0,-1.E0,0.E0));
#3625=DIRECTION('',(0.E0,0.E0,1.E0));
#3626=AXIS2_PLACEMENT_3D('',#3623,#3624,#3625);
#3627=PLANE('',#3626);
#3628=ORIENTED_EDGE('',*,*,#3322,.T.);
#3630=ORIENTED_EDGE('',*,*,#3629,.T.);
#3632=ORIENTED_EDGE('',*,*,#3631,.F.);
#3633=ORIENTED_EDGE('',*,*,#3615,.T.);
#3634=EDGE_LOOP('',(#3628,#3630,#3632,#3633));
#3635=FACE_OUTER_BOUND('',#3634,.F.);
#3636=ADVANCED_FACE('',(#3635),#3627,.T.);
#3637=CARTESIAN_POINT('',(0.E0,-7.48E0,0.E0));
#3638=DIRECTION('',(0.E0,1.E0,0.E0));
#3639=DIRECTION('',(0.E0,0.E0,-1.E0));
#3640=AXIS2_PLACEMENT_3D('',#3637,#3638,#3639);
#3641=CONICAL_SURFACE('',#3640,2.899189292146E0,8.E0);
#3642=ORIENTED_EDGE('',*,*,#3320,.T.);
#3644=ORIENTED_EDGE('',*,*,#3643,.F.);
#3646=ORIENTED_EDGE('',*,*,#3645,.T.);
#3647=ORIENTED_EDGE('',*,*,#3629,.F.);
#3648=EDGE_LOOP('',(#3642,#3644,#3646,#3647));
#3649=FACE_OUTER_BOUND('',#3648,.F.);
#3650=ADVANCED_FACE('',(#3649),#3641,.T.);
#3651=CARTESIAN_POINT('',(0.E0,-7.13E0,0.E0));
#3652=DIRECTION('',(0.E0,-1.E0,0.E0));
#3653=DIRECTION('',(0.E0,0.E0,1.E0));
#3654=AXIS2_PLACEMENT_3D('',#3651,#3652,#3653);
#3655=PLANE('',#3654);
#3656=ORIENTED_EDGE('',*,*,#3318,.T.);
#3657=ORIENTED_EDGE('',*,*,#3342,.T.);
#3658=ORIENTED_EDGE('',*,*,#3355,.T.);
#3659=ORIENTED_EDGE('',*,*,#3378,.F.);
#3660=ORIENTED_EDGE('',*,*,#3544,.T.);
#3661=ORIENTED_EDGE('',*,*,#3558,.T.);
#3663=ORIENTED_EDGE('',*,*,#3662,.F.);
#3664=ORIENTED_EDGE('',*,*,#3643,.T.);
#3665=EDGE_LOOP('',(#3656,#3657,#3658,#3659,#3660,#3661,#3663,#3664));
#3666=FACE_OUTER_BOUND('',#3665,.F.);
#3667=ADVANCED_FACE('',(#3666),#3655,.T.);
#3668=CARTESIAN_POINT('',(-4.915E0,-7.113218516866E0,-2.475E0));
#3669=DIRECTION('',(0.E0,1.391731009601E-1,9.902680687416E-1));
#3670=DIRECTION('',(0.E0,-9.902680687416E-1,1.391731009601E-1));
#3671=AXIS2_PLACEMENT_3D('',#3668,#3669,#3670);
#3672=PLANE('',#3671);
#3673=ORIENTED_EDGE('',*,*,#3662,.T.);
#3674=ORIENTED_EDGE('',*,*,#3556,.F.);
#3675=ORIENTED_EDGE('',*,*,#3573,.T.);
#3676=ORIENTED_EDGE('',*,*,#3588,.F.);
#3677=ORIENTED_EDGE('',*,*,#3603,.T.);
#3678=ORIENTED_EDGE('',*,*,#3617,.F.);
#3679=ORIENTED_EDGE('',*,*,#3631,.T.);
#3680=ORIENTED_EDGE('',*,*,#3645,.F.);
#3681=EDGE_LOOP('',(#3673,#3674,#3675,#3676,#3677,#3678,#3679,#3680));
#3682=FACE_OUTER_BOUND('',#3681,.F.);
#3683=ADVANCED_FACE('',(#3682),#3672,.F.);
#3684=CARTESIAN_POINT('',(0.E0,-6.73E0,0.E0));
#3685=DIRECTION('',(0.E0,-1.E0,0.E0));
#3686=DIRECTION('',(1.E0,0.E0,0.E0));
#3687=AXIS2_PLACEMENT_3D('',#3684,#3685,#3686);
#3688=CYLINDRICAL_SURFACE('',#3687,2.5E0);
#3690=ORIENTED_EDGE('',*,*,#3689,.T.);
#3692=ORIENTED_EDGE('',*,*,#3691,.T.);
#3694=ORIENTED_EDGE('',*,*,#3693,.T.);
#3696=ORIENTED_EDGE('',*,*,#3695,.F.);
#3698=ORIENTED_EDGE('',*,*,#3697,.F.);
#3700=ORIENTED_EDGE('',*,*,#3699,.T.);
#3701=EDGE_LOOP('',(#3690,#3692,#3694,#3696,#3698,#3700));
#3702=FACE_OUTER_BOUND('',#3701,.F.);
#3703=ADVANCED_FACE('',(#3702),#3688,.T.);
#3704=CARTESIAN_POINT('',(1.356465996625E0,-6.73E0,2.1E0));
#3705=DIRECTION('',(0.E0,0.E0,1.E0));
#3706=DIRECTION('',(-1.E0,0.E0,0.E0));
#3707=AXIS2_PLACEMENT_3D('',#3704,#3705,#3706);
#3708=PLANE('',#3707);
#3710=ORIENTED_EDGE('',*,*,#3709,.T.);
#3712=ORIENTED_EDGE('',*,*,#3711,.F.);
#3714=ORIENTED_EDGE('',*,*,#3713,.F.);
#3715=ORIENTED_EDGE('',*,*,#3693,.F.);
#3716=EDGE_LOOP('',(#3710,#3712,#3714,#3715));
#3717=FACE_OUTER_BOUND('',#3716,.F.);
#3718=ADVANCED_FACE('',(#3717),#3708,.T.);
#3719=CARTESIAN_POINT('',(0.E0,-6.73E0,0.E0));
#3720=DIRECTION('',(0.E0,-1.E0,0.E0));
#3721=DIRECTION('',(1.E0,0.E0,0.E0));
#3722=AXIS2_PLACEMENT_3D('',#3719,#3720,#3721);
#3723=CYLINDRICAL_SURFACE('',#3722,2.5E0);
#3725=ORIENTED_EDGE('',*,*,#3724,.T.);
#3727=ORIENTED_EDGE('',*,*,#3726,.T.);
#3729=ORIENTED_EDGE('',*,*,#3728,.T.);
#3731=ORIENTED_EDGE('',*,*,#3730,.F.);
#3733=ORIENTED_EDGE('',*,*,#3732,.F.);
#3734=ORIENTED_EDGE('',*,*,#3711,.T.);
#3735=EDGE_LOOP('',(#3725,#3727,#3729,#3731,#3733,#3734));
#3736=FACE_OUTER_BOUND('',#3735,.F.);
#3737=ADVANCED_FACE('',(#3736),#3723,.T.);
#3738=CARTESIAN_POINT('',(-1.356465996625E0,-6.73E0,-2.1E0));
#3739=DIRECTION('',(0.E0,0.E0,-1.E0));
#3740=DIRECTION('',(1.E0,0.E0,0.E0));
#3741=AXIS2_PLACEMENT_3D('',#3738,#3739,#3740);
#3742=PLANE('',#3741);
#3744=ORIENTED_EDGE('',*,*,#3743,.T.);
#3745=ORIENTED_EDGE('',*,*,#3699,.F.);
#3747=ORIENTED_EDGE('',*,*,#3746,.F.);
#3748=ORIENTED_EDGE('',*,*,#3728,.F.);
#3749=EDGE_LOOP('',(#3744,#3745,#3747,#3748));
#3750=FACE_OUTER_BOUND('',#3749,.F.);
#3751=ADVANCED_FACE('',(#3750),#3742,.T.);
#3752=CARTESIAN_POINT('',(-1.296148139682E0,-8.73E0,-2.1E0));
#3753=DIRECTION('',(0.E0,-7.071067811865E-1,-7.071067811865E-1));
#3754=DIRECTION('',(1.E0,0.E0,0.E0));
#3755=AXIS2_PLACEMENT_3D('',#3752,#3753,#3754);
#3756=PLANE('',#3755);
#3757=ORIENTED_EDGE('',*,*,#3746,.T.);
#3759=ORIENTED_EDGE('',*,*,#3758,.F.);
#3761=ORIENTED_EDGE('',*,*,#3760,.F.);
#3763=ORIENTED_EDGE('',*,*,#3762,.T.);
#3764=EDGE_LOOP('',(#3757,#3759,#3761,#3763));
#3765=FACE_OUTER_BOUND('',#3764,.F.);
#3766=ADVANCED_FACE('',(#3765),#3756,.T.);
#3767=CARTESIAN_POINT('',(0.E0,-8.83E0,0.E0));
#3768=DIRECTION('',(0.E0,1.E0,0.E0));
#3769=DIRECTION('',(-1.E0,0.E0,0.E0));
#3770=AXIS2_PLACEMENT_3D('',#3767,#3768,#3769);
#3771=CONICAL_SURFACE('',#3770,2.4E0,4.5E1);
#3772=ORIENTED_EDGE('',*,*,#3697,.T.);
#3773=ORIENTED_EDGE('',*,*,#3695,.T.);
#3775=ORIENTED_EDGE('',*,*,#3774,.F.);
#3777=ORIENTED_EDGE('',*,*,#3776,.T.);
#3779=ORIENTED_EDGE('',*,*,#3778,.T.);
#3780=ORIENTED_EDGE('',*,*,#3758,.T.);
#3781=EDGE_LOOP('',(#3772,#3773,#3775,#3777,#3779,#3780));
#3782=FACE_OUTER_BOUND('',#3781,.F.);
#3783=ADVANCED_FACE('',(#3782),#3771,.T.);
#3784=CARTESIAN_POINT('',(1.296148139682E0,-8.73E0,2.1E0));
#3785=DIRECTION('',(0.E0,-7.071067811865E-1,7.071067811865E-1));
#3786=DIRECTION('',(-1.E0,0.E0,0.E0));
#3787=AXIS2_PLACEMENT_3D('',#3784,#3785,#3786);
#3788=PLANE('',#3787);
#3789=ORIENTED_EDGE('',*,*,#3713,.T.);
#3791=ORIENTED_EDGE('',*,*,#3790,.F.);
#3793=ORIENTED_EDGE('',*,*,#3792,.F.);
#3794=ORIENTED_EDGE('',*,*,#3774,.T.);
#3795=EDGE_LOOP('',(#3789,#3791,#3793,#3794));
#3796=FACE_OUTER_BOUND('',#3795,.F.);
#3797=ADVANCED_FACE('',(#3796),#3788,.T.);
#3798=CARTESIAN_POINT('',(0.E0,-8.83E0,0.E0));
#3799=DIRECTION('',(0.E0,1.E0,0.E0));
#3800=DIRECTION('',(-1.E0,0.E0,0.E0));
#3801=AXIS2_PLACEMENT_3D('',#3798,#3799,#3800);
#3802=CONICAL_SURFACE('',#3801,2.4E0,4.5E1);
#3803=ORIENTED_EDGE('',*,*,#3732,.T.);
#3804=ORIENTED_EDGE('',*,*,#3730,.T.);
#3805=ORIENTED_EDGE('',*,*,#3762,.F.);
#3807=ORIENTED_EDGE('',*,*,#3806,.T.);
#3809=ORIENTED_EDGE('',*,*,#3808,.T.);
#3810=ORIENTED_EDGE('',*,*,#3790,.T.);
#3811=EDGE_LOOP('',(#3803,#3804,#3805,#3807,#3809,#3810));
#3812=FACE_OUTER_BOUND('',#3811,.F.);
#3813=ADVANCED_FACE('',(#3812),#3802,.T.);
#3814=CARTESIAN_POINT('',(0.E0,-8.73E0,0.E0));
#3815=DIRECTION('',(0.E0,-1.E0,0.E0));
#3816=DIRECTION('',(1.E0,0.E0,0.E0));
#3817=AXIS2_PLACEMENT_3D('',#3814,#3815,#3816);
#3818=CYLINDRICAL_SURFACE('',#3817,2.3E0);
#3820=ORIENTED_EDGE('',*,*,#3819,.F.);
#3822=ORIENTED_EDGE('',*,*,#3821,.F.);
#3824=ORIENTED_EDGE('',*,*,#3823,.T.);
#3825=ORIENTED_EDGE('',*,*,#3808,.F.);
#3826=ORIENTED_EDGE('',*,*,#3806,.F.);
#3828=ORIENTED_EDGE('',*,*,#3827,.T.);
#3829=EDGE_LOOP('',(#3820,#3822,#3824,#3825,#3826,#3828));
#3830=FACE_OUTER_BOUND('',#3829,.F.);
#3831=ADVANCED_FACE('',(#3830),#3818,.T.);
#3832=CARTESIAN_POINT('',(-2.735360007389E-7,-1.268000005638E1,
3.292069613474E-7));
#3833=DIRECTION('',(0.E0,1.E0,0.E0));
#3834=DIRECTION('',(0.E0,0.E0,1.E0));
#3835=AXIS2_PLACEMENT_3D('',#3832,#3833,#3834);
#3836=CONICAL_SURFACE('',#3835,2.200000290107E0,4.500000095695E1);
#3838=ORIENTED_EDGE('',*,*,#3837,.F.);
#3840=ORIENTED_EDGE('',*,*,#3839,.T.);
#3841=ORIENTED_EDGE('',*,*,#3821,.T.);
#3842=ORIENTED_EDGE('',*,*,#3819,.T.);
#3844=ORIENTED_EDGE('',*,*,#3843,.F.);
#3845=EDGE_LOOP('',(#3838,#3840,#3841,#3842,#3844));
#3846=FACE_OUTER_BOUND('',#3845,.F.);
#3847=ADVANCED_FACE('',(#3846),#3836,.T.);
#3848=CARTESIAN_POINT('',(0.E0,-1.278E1,0.E0));
#3849=DIRECTION('',(0.E0,-1.E0,0.E0));
#3850=DIRECTION('',(1.E0,0.E0,0.E0));
#3851=AXIS2_PLACEMENT_3D('',#3848,#3849,#3850);
#3852=PLANE('',#3851);
#3853=ORIENTED_EDGE('',*,*,#3837,.T.);
#3855=ORIENTED_EDGE('',*,*,#3854,.T.);
#3857=ORIENTED_EDGE('',*,*,#3856,.T.);
#3859=ORIENTED_EDGE('',*,*,#3858,.T.);
#3860=EDGE_LOOP('',(#3853,#3855,#3857,#3859));
#3861=FACE_OUTER_BOUND('',#3860,.F.);
#3862=ADVANCED_FACE('',(#3861),#3852,.T.);
#3863=CARTESIAN_POINT('',(0.E0,-1.268E1,-1.8E0));
#3864=DIRECTION('',(0.E0,-7.071067811865E-1,-7.071067811865E-1));
#3865=DIRECTION('',(0.E0,7.071067811865E-1,-7.071067811865E-1));
#3866=AXIS2_PLACEMENT_3D('',#3863,#3864,#3865);
#3867=PLANE('',#3866);
#3869=ORIENTED_EDGE('',*,*,#3868,.T.);
#3871=ORIENTED_EDGE('',*,*,#3870,.F.);
#3872=ORIENTED_EDGE('',*,*,#3854,.F.);
#3873=ORIENTED_EDGE('',*,*,#3843,.T.);
#3874=EDGE_LOOP('',(#3869,#3871,#3872,#3873));
#3875=FACE_OUTER_BOUND('',#3874,.F.);
#3876=ADVANCED_FACE('',(#3875),#3867,.T.);
#3877=CARTESIAN_POINT('',(-1.296148139682E0,-8.73E0,-1.9E0));
#3878=DIRECTION('',(0.E0,0.E0,-1.E0));
#3879=DIRECTION('',(1.E0,0.E0,0.E0));
#3880=AXIS2_PLACEMENT_3D('',#3877,#3878,#3879);
#3881=PLANE('',#3880);
#3882=ORIENTED_EDGE('',*,*,#3868,.F.);
#3883=ORIENTED_EDGE('',*,*,#3827,.F.);
#3884=ORIENTED_EDGE('',*,*,#3760,.T.);
#3886=ORIENTED_EDGE('',*,*,#3885,.F.);
#3887=EDGE_LOOP('',(#3882,#3883,#3884,#3886));
#3888=FACE_OUTER_BOUND('',#3887,.F.);
#3889=ADVANCED_FACE('',(#3888),#3881,.T.);
#3890=CARTESIAN_POINT('',(0.E0,-8.73E0,0.E0));
#3891=DIRECTION('',(0.E0,-1.E0,0.E0));
#3892=DIRECTION('',(1.E0,0.E0,0.E0));
#3893=AXIS2_PLACEMENT_3D('',#3890,#3891,#3892);
#3894=CYLINDRICAL_SURFACE('',#3893,2.3E0);
#3896=ORIENTED_EDGE('',*,*,#3895,.F.);
#3898=ORIENTED_EDGE('',*,*,#3897,.F.);
#3899=ORIENTED_EDGE('',*,*,#3885,.T.);
#3900=ORIENTED_EDGE('',*,*,#3778,.F.);
#3901=ORIENTED_EDGE('',*,*,#3776,.F.);
#3903=ORIENTED_EDGE('',*,*,#3902,.T.);
#3904=EDGE_LOOP('',(#3896,#3898,#3899,#3900,#3901,#3903));
#3905=FACE_OUTER_BOUND('',#3904,.F.);
#3906=ADVANCED_FACE('',(#3905),#3894,.T.);
#3907=CARTESIAN_POINT('',(2.735360008499E-7,-1.268000005638E1,
-3.292069736469E-7));
#3908=DIRECTION('',(0.E0,1.E0,0.E0));
#3909=DIRECTION('',(0.E0,0.E0,1.E0));
#3910=AXIS2_PLACEMENT_3D('',#3907,#3908,#3909);
#3911=CONICAL_SURFACE('',#3910,2.200000290107E0,4.500000095695E1);
#3912=ORIENTED_EDGE('',*,*,#3856,.F.);
#3913=ORIENTED_EDGE('',*,*,#3870,.T.);
#3914=ORIENTED_EDGE('',*,*,#3897,.T.);
#3915=ORIENTED_EDGE('',*,*,#3895,.T.);
#3917=ORIENTED_EDGE('',*,*,#3916,.F.);
#3918=EDGE_LOOP('',(#3912,#3913,#3914,#3915,#3917));
#3919=FACE_OUTER_BOUND('',#3918,.F.);
#3920=ADVANCED_FACE('',(#3919),#3911,.T.);
#3921=CARTESIAN_POINT('',(0.E0,-1.268E1,1.8E0));
#3922=DIRECTION('',(0.E0,-7.071067811865E-1,7.071067811865E-1));
#3923=DIRECTION('',(0.E0,7.071067811865E-1,7.071067811865E-1));
#3924=AXIS2_PLACEMENT_3D('',#3921,#3922,#3923);
#3925=PLANE('',#3924);
#3926=ORIENTED_EDGE('',*,*,#3858,.F.);
#3927=ORIENTED_EDGE('',*,*,#3916,.T.);
#3929=ORIENTED_EDGE('',*,*,#3928,.T.);
#3930=ORIENTED_EDGE('',*,*,#3839,.F.);
#3931=EDGE_LOOP('',(#3926,#3927,#3929,#3930));
#3932=FACE_OUTER_BOUND('',#3931,.F.);
#3933=ADVANCED_FACE('',(#3932),#3925,.T.);
#3934=CARTESIAN_POINT('',(1.296148139682E0,-8.73E0,1.9E0));
#3935=DIRECTION('',(0.E0,0.E0,1.E0));
#3936=DIRECTION('',(-1.E0,0.E0,0.E0));
#3937=AXIS2_PLACEMENT_3D('',#3934,#3935,#3936);
#3938=PLANE('',#3937);
#3939=ORIENTED_EDGE('',*,*,#3928,.F.);
#3940=ORIENTED_EDGE('',*,*,#3902,.F.);
#3941=ORIENTED_EDGE('',*,*,#3792,.T.);
#3942=ORIENTED_EDGE('',*,*,#3823,.F.);
#3943=EDGE_LOOP('',(#3939,#3940,#3941,#3942));
#3944=FACE_OUTER_BOUND('',#3943,.F.);
#3945=ADVANCED_FACE('',(#3944),#3938,.T.);
#3946=CARTESIAN_POINT('',(1.108337246361E0,-1.484431678069E1,0.E0));
#3947=DIRECTION('',(2.079116908178E-1,-9.781476007338E-1,0.E0));
#3948=DIRECTION('',(9.781476007338E-1,2.079116908178E-1,0.E0));
#3949=AXIS2_PLACEMENT_3D('',#3946,#3947,#3948);
#3950=CONICAL_SURFACE('',#3949,1.025E0,2.375561270129E0);
#3952=ORIENTED_EDGE('',*,*,#3951,.T.);
#3954=ORIENTED_EDGE('',*,*,#3953,.T.);
#3956=ORIENTED_EDGE('',*,*,#3955,.F.);
#3958=ORIENTED_EDGE('',*,*,#3957,.F.);
#3959=EDGE_LOOP('',(#3952,#3954,#3956,#3958));
#3960=FACE_OUTER_BOUND('',#3959,.F.);
#3961=ADVANCED_FACE('',(#3960),#3950,.T.);
#3962=CARTESIAN_POINT('',(1.108337246361E0,-1.484431678069E1,0.E0));
#3963=DIRECTION('',(2.079116908178E-1,-9.781476007338E-1,0.E0));
#3964=DIRECTION('',(9.781476007338E-1,2.079116908178E-1,0.E0));
#3965=AXIS2_PLACEMENT_3D('',#3962,#3963,#3964);
#3966=CONICAL_SURFACE('',#3965,1.025E0,2.375561270129E0);
#3967=ORIENTED_EDGE('',*,*,#3951,.F.);
#3969=ORIENTED_EDGE('',*,*,#3968,.F.);
#3970=ORIENTED_EDGE('',*,*,#3955,.T.);
#3972=ORIENTED_EDGE('',*,*,#3971,.T.);
#3973=EDGE_LOOP('',(#3967,#3969,#3970,#3972));
#3974=FACE_OUTER_BOUND('',#3973,.F.);
#3975=ADVANCED_FACE('',(#3974),#3966,.T.);
#3976=CARTESIAN_POINT('',(1.995737632430E0,-1.901920735615E1,0.E0));
#3977=DIRECTION('',(2.079116908178E-1,-9.781476007338E-1,0.E0));
#3978=DIRECTION('',(9.781476007338E-1,2.079116908178E-1,0.E0));
#3979=AXIS2_PLACEMENT_3D('',#3976,#3977,#3978);
#3980=SPHERICAL_SURFACE('',#3979,1.201032166205E0);
#3982=ORIENTED_EDGE('',*,*,#3981,.F.);
#3984=ORIENTED_EDGE('',*,*,#3983,.T.);
#3985=ORIENTED_EDGE('',*,*,#3968,.T.);
#3986=EDGE_LOOP('',(#3982,#3984,#3985));
#3987=FACE_OUTER_BOUND('',#3986,.F.);
#3988=ADVANCED_FACE('',(#3987),#3980,.T.);
#3989=CARTESIAN_POINT('',(1.995737632430E0,-1.901920735615E1,0.E0));
#3990=DIRECTION('',(2.079116908178E-1,-9.781476007338E-1,0.E0));
#3991=DIRECTION('',(9.781476007338E-1,2.079116908178E-1,0.E0));
#3992=AXIS2_PLACEMENT_3D('',#3989,#3990,#3991);
#3993=SPHERICAL_SURFACE('',#3992,1.201032166205E0);
#3994=ORIENTED_EDGE('',*,*,#3981,.T.);
#3995=ORIENTED_EDGE('',*,*,#3957,.T.);
#3996=ORIENTED_EDGE('',*,*,#3983,.F.);
#3997=EDGE_LOOP('',(#3994,#3995,#3996));
#3998=FACE_OUTER_BOUND('',#3997,.F.);
#3999=ADVANCED_FACE('',(#3998),#3993,.T.);
#4000=CARTESIAN_POINT('',(4.5E0,-3.83E0,-3.5E-1));
#4001=DIRECTION('',(0.E0,-1.E0,0.E0));
#4002=DIRECTION('',(0.E0,0.E0,-1.E0));
#4003=AXIS2_PLACEMENT_3D('',#4000,#4001,#4002);
#4004=PLANE('',#4003);
#4005=ORIENTED_EDGE('',*,*,#3396,.T.);
#4007=ORIENTED_EDGE('',*,*,#4006,.F.);
#4009=ORIENTED_EDGE('',*,*,#4008,.T.);
#4011=ORIENTED_EDGE('',*,*,#4010,.T.);
#4012=ORIENTED_EDGE('',*,*,#3484,.F.);
#4013=EDGE_LOOP('',(#4005,#4007,#4009,#4011,#4012));
#4014=FACE_OUTER_BOUND('',#4013,.F.);
#4015=ADVANCED_FACE('',(#4014),#4004,.T.);
#4016=CARTESIAN_POINT('',(4.5E0,-3.83E0,3.5E-1));
#4017=DIRECTION('',(0.E0,0.E0,-1.E0));
#4018=DIRECTION('',(0.E0,1.E0,0.E0));
#4019=AXIS2_PLACEMENT_3D('',#4016,#4017,#4018);
#4020=PLANE('',#4019);
#4021=ORIENTED_EDGE('',*,*,#3470,.T.);
#4023=ORIENTED_EDGE('',*,*,#4022,.F.);
#4025=ORIENTED_EDGE('',*,*,#4024,.F.);
#4026=ORIENTED_EDGE('',*,*,#4006,.T.);
#4028=ORIENTED_EDGE('',*,*,#4027,.F.);
#4029=EDGE_LOOP('',(#4021,#4023,#4025,#4026,#4028));
#4030=FACE_OUTER_BOUND('',#4029,.F.);
#4031=ADVANCED_FACE('',(#4030),#4020,.F.);
#4032=CARTESIAN_POINT('',(4.5E0,-3.43E0,3.5E-1));
#4033=DIRECTION('',(0.E0,-1.E0,0.E0));
#4034=DIRECTION('',(0.E0,0.E0,-1.E0));
#4035=AXIS2_PLACEMENT_3D('',#4032,#4033,#4034);
#4036=PLANE('',#4035);
#4037=ORIENTED_EDGE('',*,*,#3468,.F.);
#4038=ORIENTED_EDGE('',*,*,#3488,.T.);
#4040=ORIENTED_EDGE('',*,*,#4039,.T.);
#4042=ORIENTED_EDGE('',*,*,#4041,.T.);
#4043=ORIENTED_EDGE('',*,*,#4022,.T.);
#4044=EDGE_LOOP('',(#4037,#4038,#4040,#4042,#4043));
#4045=FACE_OUTER_BOUND('',#4044,.F.);
#4046=ADVANCED_FACE('',(#4045),#4036,.F.);
#4047=CARTESIAN_POINT('',(7.55E0,-3.43E0,0.E0));
#4048=DIRECTION('',(0.E0,1.E0,0.E0));
#4049=DIRECTION('',(1.E0,0.E0,0.E0));
#4050=AXIS2_PLACEMENT_3D('',#4047,#4048,#4049);
#4051=CYLINDRICAL_SURFACE('',#4050,3.5E-1);
#4052=ORIENTED_EDGE('',*,*,#4041,.F.);
#4053=ORIENTED_EDGE('',*,*,#4039,.F.);
#4054=ORIENTED_EDGE('',*,*,#3486,.T.);
#4055=ORIENTED_EDGE('',*,*,#4010,.F.);
#4056=ORIENTED_EDGE('',*,*,#4008,.F.);
#4057=ORIENTED_EDGE('',*,*,#4024,.T.);
#4058=EDGE_LOOP('',(#4052,#4053,#4054,#4055,#4056,#4057));
#4059=FACE_OUTER_BOUND('',#4058,.F.);
#4060=ADVANCED_FACE('',(#4059),#4051,.T.);
#4061=CARTESIAN_POINT('',(4.5E0,-3.83E0,9.5E-1));
#4062=DIRECTION('',(0.E0,-1.E0,0.E0));
#4063=DIRECTION('',(0.E0,0.E0,-1.E0));
#4064=AXIS2_PLACEMENT_3D('',#4061,#4062,#4063);
#4065=PLANE('',#4064);
#4066=ORIENTED_EDGE('',*,*,#3444,.F.);
#4067=ORIENTED_EDGE('',*,*,#4027,.T.);
#4068=ORIENTED_EDGE('',*,*,#3394,.T.);
#4069=ORIENTED_EDGE('',*,*,#3432,.F.);
#4070=EDGE_LOOP('',(#4066,#4067,#4068,#4069));
#4071=FACE_OUTER_BOUND('',#4070,.F.);
#4072=ADVANCED_FACE('',(#4071),#4065,.F.);
#4073=CARTESIAN_POINT('',(4.1E0,-5.73E0,0.E0));
#4074=DIRECTION('',(1.E0,0.E0,0.E0));
#4075=DIRECTION('',(0.E0,0.E0,1.E0));
#4076=AXIS2_PLACEMENT_3D('',#4073,#4074,#4075);
#4077=SPHERICAL_SURFACE('',#4076,5.E-1);
#4079=ORIENTED_EDGE('',*,*,#4078,.T.);
#4081=ORIENTED_EDGE('',*,*,#4080,.F.);
#4083=ORIENTED_EDGE('',*,*,#4082,.T.);
#4084=EDGE_LOOP('',(#4079,#4081,#4083));
#4085=FACE_OUTER_BOUND('',#4084,.F.);
#4086=ADVANCED_FACE('',(#4085),#4077,.T.);
#4087=CARTESIAN_POINT('',(4.1E0,-5.73E0,0.E0));
#4088=DIRECTION('',(1.E0,0.E0,0.E0));
#4089=DIRECTION('',(0.E0,0.E0,1.E0));
#4090=AXIS2_PLACEMENT_3D('',#4087,#4088,#4089);
#4091=SPHERICAL_SURFACE('',#4090,5.E-1);
#4093=ORIENTED_EDGE('',*,*,#4092,.T.);
#4094=ORIENTED_EDGE('',*,*,#4082,.F.);
#4095=ORIENTED_EDGE('',*,*,#4080,.T.);
#4096=EDGE_LOOP('',(#4093,#4094,#4095));
#4097=FACE_OUTER_BOUND('',#4096,.F.);
#4098=ADVANCED_FACE('',(#4097),#4091,.T.);
#4099=CARTESIAN_POINT('',(3.920768987597E0,-1.23E0,-1.6E0));
#4100=DIRECTION('',(-1.E0,0.E0,0.E0));
#4101=DIRECTION('',(0.E0,0.E0,1.E0));
#4102=AXIS2_PLACEMENT_3D('',#4099,#4100,#4101);
#4103=SPHERICAL_SURFACE('',#4102,6.792310124029E-1);
#4105=ORIENTED_EDGE('',*,*,#4104,.T.);
#4107=ORIENTED_EDGE('',*,*,#4106,.T.);
#4109=ORIENTED_EDGE('',*,*,#4108,.F.);
#4110=EDGE_LOOP('',(#4105,#4107,#4109));
#4111=FACE_OUTER_BOUND('',#4110,.F.);
#4112=ADVANCED_FACE('',(#4111),#4103,.T.);
#4113=CARTESIAN_POINT('',(3.920768987597E0,-1.23E0,-1.6E0));
#4114=DIRECTION('',(-1.E0,0.E0,0.E0));
#4115=DIRECTION('',(0.E0,0.E0,1.E0));
#4116=AXIS2_PLACEMENT_3D('',#4113,#4114,#4115);
#4117=SPHERICAL_SURFACE('',#4116,6.792310124029E-1);
#4119=ORIENTED_EDGE('',*,*,#4118,.T.);
#4120=ORIENTED_EDGE('',*,*,#4108,.T.);
#4121=ORIENTED_EDGE('',*,*,#4106,.F.);
#4122=EDGE_LOOP('',(#4119,#4120,#4121));
#4123=FACE_OUTER_BOUND('',#4122,.F.);
#4124=ADVANCED_FACE('',(#4123),#4117,.T.);
#4125=CARTESIAN_POINT('',(3.920768987597E0,-1.23E0,1.6E0));
#4126=DIRECTION('',(1.E0,0.E0,0.E0));
#4127=DIRECTION('',(0.E0,0.E0,-1.E0));
#4128=AXIS2_PLACEMENT_3D('',#4125,#4126,#4127);
#4129=SPHERICAL_SURFACE('',#4128,6.792310124029E-1);
#4131=ORIENTED_EDGE('',*,*,#4130,.T.);
#4133=ORIENTED_EDGE('',*,*,#4132,.F.);
#4135=ORIENTED_EDGE('',*,*,#4134,.T.);
#4136=EDGE_LOOP('',(#4131,#4133,#4135));
#4137=FACE_OUTER_BOUND('',#4136,.F.);
#4138=ADVANCED_FACE('',(#4137),#4129,.T.);
#4139=CARTESIAN_POINT('',(3.920768987597E0,-1.23E0,1.6E0));
#4140=DIRECTION('',(1.E0,0.E0,0.E0));
#4141=DIRECTION('',(0.E0,0.E0,-1.E0));
#4142=AXIS2_PLACEMENT_3D('',#4139,#4140,#4141);
#4143=SPHERICAL_SURFACE('',#4142,6.792310124029E-1);
#4144=ORIENTED_EDGE('',*,*,#4130,.F.);
#4146=ORIENTED_EDGE('',*,*,#4145,.T.);
#4147=ORIENTED_EDGE('',*,*,#4132,.T.);
#4148=EDGE_LOOP('',(#4144,#4146,#4147));
#4149=FACE_OUTER_BOUND('',#4148,.F.);
#4150=ADVANCED_FACE('',(#4149),#4143,.T.);
#4151=CARTESIAN_POINT('',(-3.635623626307E0,-6.43E0,2.405897674687E0));
#4152=DIRECTION('',(0.E0,0.E0,-1.E0));
#4153=DIRECTION('',(0.E0,-1.E0,0.E0));
#4154=AXIS2_PLACEMENT_3D('',#4151,#4152,#4153);
#4155=CYLINDRICAL_SURFACE('',#4154,3.E-1);
#4157=ORIENTED_EDGE('',*,*,#4156,.T.);
#4158=ORIENTED_EDGE('',*,*,#3244,.F.);
#4159=ORIENTED_EDGE('',*,*,#2641,.T.);
#4161=ORIENTED_EDGE('',*,*,#4160,.T.);
#4162=EDGE_LOOP('',(#4157,#4158,#4159,#4161));
#4163=FACE_OUTER_BOUND('',#4162,.F.);
#4164=ADVANCED_FACE('',(#4163),#4155,.T.);
#4165=CARTESIAN_POINT('',(-3.635673122225E0,-6.729999991553E0,
2.085574130389E0));
#4166=CARTESIAN_POINT('',(-3.662912156161E0,-6.729946172009E0,
2.086482103003E0));
#4167=CARTESIAN_POINT('',(-3.717038371985E0,-6.722609602485E0,
2.088285759588E0));
#4168=CARTESIAN_POINT('',(-3.793110458145E0,-6.689795501047E0,
2.090818988182E0));
#4169=CARTESIAN_POINT('',(-3.857674613457E0,-6.637340053855E0,
2.092966843046E0));
#4170=CARTESIAN_POINT('',(-3.905530994196E0,-6.569395270772E0,
2.094556407993E0));
#4171=CARTESIAN_POINT('',(-3.930195284337E0,-6.499596488877E0,
2.095373876880E0));
#4172=CARTESIAN_POINT('',(-3.935242226942E0,-6.453773818994E0,
2.095541029602E0));
#4173=CARTESIAN_POINT('',(-3.935570816056E0,-6.435234313E0,2.095551895618E0));
#4174=CARTESIAN_POINT('',(-3.515557957660E0,-6.730040993071E0,
2.205689294953E0));
#4175=CARTESIAN_POINT('',(-3.542831076948E0,-6.740893242249E0,
2.206586654148E0));
#4176=CARTESIAN_POINT('',(-3.601376463078E0,-6.755231675184E0,
2.209873693615E0));
#4177=CARTESIAN_POINT('',(-3.696977007106E0,-6.749203246269E0,
2.219143092192E0));
#4178=CARTESIAN_POINT('',(-3.791543471112E0,-6.710723650634E0,
2.232686296457E0));
#4179=CARTESIAN_POINT('',(-3.874123202005E0,-6.636572941709E0,
2.249138969315E0));
#4180=CARTESIAN_POINT('',(-3.923960166088E0,-6.538739477513E0,
2.262138474205E0));
#4181=CARTESIAN_POINT('',(-3.934865584947E0,-6.467222214472E0,
2.265118650678E0));
#4182=CARTESIAN_POINT('',(-3.935560185240E0,-6.438192666478E0,
2.265352736494E0));
#4183=CARTESIAN_POINT('',(-3.430599571674E0,-6.609958813311E0,
2.290647680939E0));
#4184=CARTESIAN_POINT('',(-3.446991086078E0,-6.628544757815E0,
2.291537533180E0));
#4185=CARTESIAN_POINT('',(-3.486990911528E0,-6.661147858533E0,
2.295873780847E0));
#4186=CARTESIAN_POINT('',(-3.565943837163E0,-6.687198525241E0,
2.309907724613E0));
#4187=CARTESIAN_POINT('',(-3.655876627647E0,-6.679603470235E0,
2.331510947746E0));
#4188=CARTESIAN_POINT('',(-3.743850436887E0,-6.628267378674E0,
2.358476411919E0));
#4189=CARTESIAN_POINT('',(-3.801613218756E0,-6.538554771296E0,
2.380092365205E0));
#4190=CARTESIAN_POINT('',(-3.814640769306E0,-6.467213812058E0,
2.385062215158E0));
#4191=CARTESIAN_POINT('',(-3.815462634338E0,-6.438188979743E0,
2.385454186068E0));
#4192=CARTESIAN_POINT('',(-3.430562837457E0,-6.440088688460E0,
2.290684415156E0));
#4193=CARTESIAN_POINT('',(-3.431530693309E0,-6.458705898060E0,
2.291574264152E0));
#4194=CARTESIAN_POINT('',(-3.440882747603E0,-6.495464783605E0,
2.295910965474E0));
#4195=CARTESIAN_POINT('',(-3.476762504442E0,-6.540097844729E0,
2.309946969329E0));
#4196=CARTESIAN_POINT('',(-3.530139064579E0,-6.562205848828E0,
2.331553677444E0));
#4197=CARTESIAN_POINT('',(-3.591017492007E0,-6.549341938399E0,
2.358523687126E0));
#4198=CARTESIAN_POINT('',(-3.634816344690E0,-6.499149726387E0,
2.380143365984E0));
#4199=CARTESIAN_POINT('',(-3.644986570596E0,-6.453753247738E0,
2.385114076230E0));
#4200=CARTESIAN_POINT('',(-3.645622403907E0,-6.435225349402E0,
2.385506115405E0));
#4201=(BOUNDED_SURFACE()B_SPLINE_SURFACE(3,3,((#4165,#4166,#4167,#4168,#4169,
#4170,#4171,#4172,#4173),(#4174,#4175,#4176,#4177,#4178,#4179,#4180,#4181,
#4182),(#4183,#4184,#4185,#4186,#4187,#4188,#4189,#4190,#4191),(#4192,#4193,
#4194,#4195,#4196,#4197,#4198,#4199,#4200)),.UNSPECIFIED.,.F.,.F.,.F.)B_SPLINE_SURFACE_WITH_KNOTS((4,4),(4,1,1,1,1,1,4),(-3.626658064446E-5,1.000000019167E0),(
0.E0,1.650985069168E-1,3.326707052423E-1,5.005270482750E-1,6.685850495993E-1,
8.352571578674E-1,9.485088173914E-1),.UNSPECIFIED.)GEOMETRIC_REPRESENTATION_ITEM()RATIONAL_B_SPLINE_SURFACE(((1.171569674287E0,1.171569674287E0,1.171569674287E0,
1.171569674287E0,1.171569674287E0,1.171569674287E0,1.171569674287E0,
1.171569674287E0,1.171569674287E0),(9.428183999122E-1,9.428183999122E-1,
9.428183999122E-1,9.428183999122E-1,9.428183999122E-1,9.428183999122E-1,
9.428183999122E-1,9.428183999122E-1,9.428183999122E-1),(9.428101088715E-1,
9.428101088715E-1,9.428101088715E-1,9.428101088715E-1,9.428101088715E-1,
9.428101088715E-1,9.428101088715E-1,9.428101088715E-1,9.428101088715E-1),(
1.171544801165E0,1.171544801165E0,1.171544801165E0,1.171544801165E0,
1.171544801165E0,1.171544801165E0,1.171544801165E0,1.171544801165E0,
1.171544801165E0)))REPRESENTATION_ITEM('')SURFACE());
#4202=ORIENTED_EDGE('',*,*,#4160,.F.);
#4204=ORIENTED_EDGE('',*,*,#4203,.F.);
#4206=ORIENTED_EDGE('',*,*,#4205,.T.);
#4207=EDGE_LOOP('',(#4202,#4204,#4206));
#4208=FACE_OUTER_BOUND('',#4207,.F.);
#4209=ADVANCED_FACE('',(#4208),#4201,.T.);
#4210=CARTESIAN_POINT('',(-3.645223199638E0,-6.453027697190E0,
2.095223199638E0));
#4211=DIRECTION('',(-1.744974916068E-2,9.996954598819E-1,1.744974916068E-2));
#4212=DIRECTION('',(-9.998476951564E-1,-1.745240643728E-2,0.E0));
#4213=AXIS2_PLACEMENT_3D('',#4210,#4211,#4212);
#4214=CYLINDRICAL_SURFACE('',#4213,2.9E-1);
#4215=ORIENTED_EDGE('',*,*,#2639,.F.);
#4217=ORIENTED_EDGE('',*,*,#4216,.T.);
#4218=ORIENTED_EDGE('',*,*,#2828,.F.);
#4219=ORIENTED_EDGE('',*,*,#4203,.T.);
#4220=EDGE_LOOP('',(#4215,#4217,#4218,#4219));
#4221=FACE_OUTER_BOUND('',#4220,.F.);
#4222=ADVANCED_FACE('',(#4221),#4214,.T.);
#4223=CARTESIAN_POINT('',(-3.76E0,1.157341561506E0,2.21E0));
#4224=DIRECTION('',(0.E0,-1.E0,0.E0));
#4225=DIRECTION('',(0.E0,0.E0,1.E0));
#4226=AXIS2_PLACEMENT_3D('',#4223,#4224,#4225);
#4227=CYLINDRICAL_SURFACE('',#4226,2.9E-1);
#4228=ORIENTED_EDGE('',*,*,#2808,.T.);
#4229=ORIENTED_EDGE('',*,*,#4216,.F.);
#4230=ORIENTED_EDGE('',*,*,#2657,.T.);
#4232=ORIENTED_EDGE('',*,*,#4231,.F.);
#4233=EDGE_LOOP('',(#4228,#4229,#4230,#4232));
#4234=FACE_OUTER_BOUND('',#4233,.F.);
#4235=ADVANCED_FACE('',(#4234),#4227,.T.);
#4236=CARTESIAN_POINT('',(-3.76E0,1.12E0,2.5E0));
#4237=CARTESIAN_POINT('',(-3.929878066912E0,1.119999999999E0,2.5E0));
#4238=CARTESIAN_POINT('',(-4.05E0,1.119999999997E0,2.379878066912E0));
#4239=CARTESIAN_POINT('',(-4.05E0,1.119999999997E0,2.21E0));
#4240=CARTESIAN_POINT('',(-3.76E0,1.130466715123E0,2.5E0));
#4241=CARTESIAN_POINT('',(-3.929878066913E0,1.308273248326E0,2.5E0));
#4242=CARTESIAN_POINT('',(-4.050000000003E0,1.434001453694E0,2.379878066912E0));
#4243=CARTESIAN_POINT('',(-4.050000000003E0,1.434001453693E0,2.21E0));
#4244=CARTESIAN_POINT('',(-3.750330015916E0,1.134472153087E0,2.5E0));
#4245=CARTESIAN_POINT('',(-3.755936262499E0,1.380322292129E0,2.5E0));
#4246=CARTESIAN_POINT('',(-3.759900477474E0,1.554164592602E0,2.379878066911E0));
#4247=CARTESIAN_POINT('',(-3.759900477474E0,1.554164592602E0,2.209999999999E0));
#4248=CARTESIAN_POINT('',(-3.742928931449E0,1.127071067073E0,2.5E0));
#4249=CARTESIAN_POINT('',(-3.622806985805E0,1.247192987605E0,2.5E0));
#4250=CARTESIAN_POINT('',(-3.537867943471E0,1.332132012183E0,2.379878066912E0));
#4251=CARTESIAN_POINT('',(-3.537867943471E0,1.332132012183E0,2.21E0));
#4252=(BOUNDED_SURFACE()B_SPLINE_SURFACE(3,3,((#4236,#4237,#4238,#4239),(#4240,
#4241,#4242,#4243),(#4244,#4245,#4246,#4247),(#4248,#4249,#4250,#4251)),
.UNSPECIFIED.,.F.,.F.,.F.)B_SPLINE_SURFACE_WITH_KNOTS((4,4),(4,4),(0.E0,1.E0),(
0.E0,1.E0),.UNSPECIFIED.)GEOMETRIC_REPRESENTATION_ITEM()RATIONAL_B_SPLINE_SURFACE(((1.694636514397E0,1.363738152116E0,1.363738152116E0,1.694636514397E0),(
9.972183288733E-1,8.024993380705E-1,8.024993380705E-1,9.972183288733E-1),(
9.972183288733E-1,8.024993380705E-1,8.024993380705E-1,9.972183288733E-1),(
1.694636514397E0,1.363738152116E0,1.363738152116E0,1.694636514397E0)))REPRESENTATION_ITEM('')SURFACE());
#4253=ORIENTED_EDGE('',*,*,#2810,.F.);
#4254=ORIENTED_EDGE('',*,*,#4231,.T.);
#4255=ORIENTED_EDGE('',*,*,#2674,.T.);
#4256=ORIENTED_EDGE('',*,*,#2791,.T.);
#4257=EDGE_LOOP('',(#4253,#4254,#4255,#4256));
#4258=FACE_OUTER_BOUND('',#4257,.F.);
#4259=ADVANCED_FACE('',(#4258),#4252,.T.);
#4260=CARTESIAN_POINT('',(3.954493591778E0,-6.43E0,2.085623626307E0));
#4261=DIRECTION('',(-1.E0,0.E0,0.E0));
#4262=DIRECTION('',(0.E0,-1.E0,0.E0));
#4263=AXIS2_PLACEMENT_3D('',#4260,#4261,#4262);
#4264=CYLINDRICAL_SURFACE('',#4263,3.E-1);
#4266=ORIENTED_EDGE('',*,*,#4265,.T.);
#4268=ORIENTED_EDGE('',*,*,#4267,.T.);
#4270=ORIENTED_EDGE('',*,*,#4269,.T.);
#4272=ORIENTED_EDGE('',*,*,#4271,.T.);
#4274=ORIENTED_EDGE('',*,*,#4273,.T.);
#4275=ORIENTED_EDGE('',*,*,#4205,.F.);
#4276=ORIENTED_EDGE('',*,*,#2826,.T.);
#4278=ORIENTED_EDGE('',*,*,#4277,.T.);
#4279=EDGE_LOOP('',(#4266,#4268,#4270,#4272,#4274,#4275,#4276,#4278));
#4280=FACE_OUTER_BOUND('',#4279,.F.);
#4281=ADVANCED_FACE('',(#4280),#4264,.T.);
#4282=CARTESIAN_POINT('',(3.635574130412E0,-6.729999991553E0,2.085673122202E0));
#4283=CARTESIAN_POINT('',(3.636482102985E0,-6.729946172021E0,2.112912154897E0));
#4284=CARTESIAN_POINT('',(3.638285759491E0,-6.722609603153E0,2.167038368336E0));
#4285=CARTESIAN_POINT('',(3.640818987994E0,-6.689795504553E0,2.243110451735E0));
#4286=CARTESIAN_POINT('',(3.642966842821E0,-6.637340061538E0,2.307674605855E0));
#4287=CARTESIAN_POINT('',(3.644556407797E0,-6.569395283265E0,2.355530987390E0));
#4288=CARTESIAN_POINT('',(3.645373876848E0,-6.499596499339E0,2.380195282370E0));
#4289=CARTESIAN_POINT('',(3.645541029631E0,-6.453773824784E0,2.385242226842E0));
#4290=CARTESIAN_POINT('',(3.645551895651E0,-6.435234313001E0,2.385570816062E0));
#4291=CARTESIAN_POINT('',(3.755689294965E0,-6.730040993052E0,1.965557957649E0));
#4292=CARTESIAN_POINT('',(3.756586654121E0,-6.740893241743E0,1.992831075688E0));
#4293=CARTESIAN_POINT('',(3.759873693375E0,-6.755231674377E0,2.051376459035E0));
#4294=CARTESIAN_POINT('',(3.769143091263E0,-6.749203247686E0,2.146976998625E0));
#4295=CARTESIAN_POINT('',(3.782686294524E0,-6.710723657360E0,2.241543459227E0));
#4296=CARTESIAN_POINT('',(3.799138966452E0,-6.636572956980E0,2.324123189302E0));
#4297=CARTESIAN_POINT('',(3.812138472916E0,-6.538739493688E0,2.373960161739E0));
#4298=CARTESIAN_POINT('',(3.815118650661E0,-6.467222223515E0,2.384865584714E0));
#4299=CARTESIAN_POINT('',(3.815352736564E0,-6.438192666473E0,2.385560185227E0));
#4300=CARTESIAN_POINT('',(3.840647680939E0,-6.609958813297E0,1.880599571674E0));
#4301=CARTESIAN_POINT('',(3.841537533142E0,-6.628544756957E0,1.896991085322E0));
#4302=CARTESIAN_POINT('',(3.845873780502E0,-6.661147856435E0,1.936990908668E0));
#4303=CARTESIAN_POINT('',(3.859907723155E0,-6.687198523794E0,2.015943829790E0));
#4304=CARTESIAN_POINT('',(3.881510944600E0,-6.679603473225E0,2.105876615786E0));
#4305=CARTESIAN_POINT('',(3.908476407165E0,-6.628267390919E0,2.193850422752E0));
#4306=CARTESIAN_POINT('',(3.930092363020E0,-6.538554787328E0,2.251613213527E0));
#4307=CARTESIAN_POINT('',(3.935062215102E0,-6.467213821086E0,2.264640769038E0));
#4308=CARTESIAN_POINT('',(3.935454186159E0,-6.438188979735E0,2.265462634327E0));
#4309=CARTESIAN_POINT('',(3.840684415156E0,-6.440088688460E0,1.880562837457E0));
#4310=CARTESIAN_POINT('',(3.841574264114E0,-6.458705897212E0,1.881530693258E0));
#4311=CARTESIAN_POINT('',(3.845910965128E0,-6.495464781148E0,1.890882746800E0));
#4312=CARTESIAN_POINT('',(3.859946967872E0,-6.540097841317E0,1.926762500695E0));
#4313=CARTESIAN_POINT('',(3.881553674298E0,-6.562205847486E0,1.980139057027E0));
#4314=CARTESIAN_POINT('',(3.908523682372E0,-6.549341943585E0,2.041017481735E0));
#4315=CARTESIAN_POINT('',(3.930143363798E0,-6.499149736503E0,2.084816340590E0));
#4316=CARTESIAN_POINT('',(3.935114076174E0,-6.453753253491E0,2.094986570398E0));
#4317=CARTESIAN_POINT('',(3.935506115496E0,-6.435225349394E0,2.095622403907E0));
#4318=(BOUNDED_SURFACE()B_SPLINE_SURFACE(3,3,((#4282,#4283,#4284,#4285,#4286,
#4287,#4288,#4289,#4290),(#4291,#4292,#4293,#4294,#4295,#4296,#4297,#4298,
#4299),(#4300,#4301,#4302,#4303,#4304,#4305,#4306,#4307,#4308),(#4309,#4310,
#4311,#4312,#4313,#4314,#4315,#4316,#4317)),.UNSPECIFIED.,.F.,.F.,.F.)B_SPLINE_SURFACE_WITH_KNOTS((4,4),(4,1,1,1,1,1,4),(-3.626658804190E-5,1.000000019166E0),(
0.E0,1.650985065494E-1,3.326707045867E-1,5.005270480021E-1,6.685850495036E-1,
8.352571580173E-1,9.485088578477E-1),.UNSPECIFIED.)GEOMETRIC_REPRESENTATION_ITEM()RATIONAL_B_SPLINE_SURFACE(((1.171569674262E0,1.171569674262E0,1.171569674262E0,
1.171569674262E0,1.171569674262E0,1.171569674262E0,1.171569674262E0,
1.171569674262E0,1.171569674262E0),(9.428183999224E-1,9.428183999224E-1,
9.428183999224E-1,9.428183999224E-1,9.428183999224E-1,9.428183999224E-1,
9.428183999224E-1,9.428183999224E-1,9.428183999224E-1),(9.428101088798E-1,
9.428101088798E-1,9.428101088798E-1,9.428101088798E-1,9.428101088798E-1,
9.428101088798E-1,9.428101088798E-1,9.428101088798E-1,9.428101088798E-1),(
1.171544801134E0,1.171544801134E0,1.171544801134E0,1.171544801134E0,
1.171544801134E0,1.171544801134E0,1.171544801134E0,1.171544801134E0,
1.171544801134E0)))REPRESENTATION_ITEM('')SURFACE());
#4319=ORIENTED_EDGE('',*,*,#4277,.F.);
#4321=ORIENTED_EDGE('',*,*,#4320,.F.);
#4323=ORIENTED_EDGE('',*,*,#4322,.T.);
#4324=EDGE_LOOP('',(#4319,#4321,#4323));
#4325=FACE_OUTER_BOUND('',#4324,.F.);
#4326=ADVANCED_FACE('',(#4325),#4318,.T.);
#4327=CARTESIAN_POINT('',(3.645223199969E0,-6.453027678246E0,2.095223199969E0));
#4328=DIRECTION('',(1.744974916068E-2,9.996954598819E-1,1.744974916068E-2));
#4329=DIRECTION('',(0.E0,-1.745240643728E-2,9.998476951564E-1));
#4330=AXIS2_PLACEMENT_3D('',#4327,#4328,#4329);
#4331=CYLINDRICAL_SURFACE('',#4330,2.9E-1);
#4332=ORIENTED_EDGE('',*,*,#2824,.F.);
#4334=ORIENTED_EDGE('',*,*,#4333,.F.);
#4336=ORIENTED_EDGE('',*,*,#4335,.F.);
#4337=ORIENTED_EDGE('',*,*,#4320,.T.);
#4338=EDGE_LOOP('',(#4332,#4334,#4336,#4337));
#4339=FACE_OUTER_BOUND('',#4338,.F.);
#4340=ADVANCED_FACE('',(#4339),#4331,.T.);
#4341=CARTESIAN_POINT('',(3.76E0,9.324981824895E-2,2.21E0));
#4342=DIRECTION('',(0.E0,1.E0,0.E0));
#4343=DIRECTION('',(0.E0,0.E0,1.E0));
#4344=AXIS2_PLACEMENT_3D('',#4341,#4342,#4343);
#4345=CYLINDRICAL_SURFACE('',#4344,2.9E-1);
#4346=ORIENTED_EDGE('',*,*,#2871,.T.);
#4347=ORIENTED_EDGE('',*,*,#2898,.F.);
#4349=ORIENTED_EDGE('',*,*,#4348,.T.);
#4350=ORIENTED_EDGE('',*,*,#4333,.T.);
#4351=EDGE_LOOP('',(#4346,#4347,#4349,#4350));
#4352=FACE_OUTER_BOUND('',#4351,.F.);
#4353=ADVANCED_FACE('',(#4352),#4345,.T.);
#4354=CARTESIAN_POINT('',(4.05E0,1.12E0,2.5E0));
#4355=DIRECTION('',(1.E0,0.E0,0.E0));
#4356=DIRECTION('',(0.E0,-1.E0,0.E0));
#4357=AXIS2_PLACEMENT_3D('',#4354,#4355,#4356);
#4358=PLANE('',#4357);
#4359=ORIENTED_EDGE('',*,*,#2910,.F.);
#4361=ORIENTED_EDGE('',*,*,#4360,.F.);
#4363=ORIENTED_EDGE('',*,*,#4362,.T.);
#4364=ORIENTED_EDGE('',*,*,#4348,.F.);
#4365=EDGE_LOOP('',(#4359,#4361,#4363,#4364));
#4366=FACE_OUTER_BOUND('',#4365,.F.);
#4367=ADVANCED_FACE('',(#4366),#4358,.T.);
#4368=CARTESIAN_POINT('',(3.76E0,1.146286566638E0,2.19E0));
#4369=DIRECTION('',(0.E0,-1.E0,0.E0));
#4370=DIRECTION('',(0.E0,0.E0,-1.E0));
#4371=AXIS2_PLACEMENT_3D('',#4368,#4369,#4370);
#4372=CYLINDRICAL_SURFACE('',#4371,2.9E-1);
#4373=ORIENTED_EDGE('',*,*,#2937,.F.);
#4374=ORIENTED_EDGE('',*,*,#2955,.T.);
#4375=ORIENTED_EDGE('',*,*,#2998,.T.);
#4376=ORIENTED_EDGE('',*,*,#4360,.T.);
#4377=EDGE_LOOP('',(#4373,#4374,#4375,#4376));
#4378=FACE_OUTER_BOUND('',#4377,.F.);
#4379=ADVANCED_FACE('',(#4378),#4372,.T.);
#4380=CARTESIAN_POINT('',(4.05E0,1.2E-1,-2.695290552767E0));
#4381=DIRECTION('',(9.998476951564E-1,-1.745240643728E-2,0.E0));
#4382=DIRECTION('',(0.E0,0.E0,-1.E0));
#4383=AXIS2_PLACEMENT_3D('',#4380,#4381,#4382);
#4384=PLANE('',#4383);
#4385=ORIENTED_EDGE('',*,*,#2996,.F.);
#4387=ORIENTED_EDGE('',*,*,#4386,.F.);
#4389=ORIENTED_EDGE('',*,*,#4388,.T.);
#4391=ORIENTED_EDGE('',*,*,#4390,.F.);
#4392=ORIENTED_EDGE('',*,*,#4335,.T.);
#4393=ORIENTED_EDGE('',*,*,#4362,.F.);
#4394=EDGE_LOOP('',(#4385,#4387,#4389,#4391,#4392,#4393));
#4395=FACE_OUTER_BOUND('',#4394,.F.);
#4396=ADVANCED_FACE('',(#4395),#4384,.T.);
#4397=CARTESIAN_POINT('',(4.05E0,1.12E0,-2.5E0));
#4398=DIRECTION('',(-1.E0,0.E0,0.E0));
#4399=DIRECTION('',(0.E0,-1.E0,0.E0));
#4400=AXIS2_PLACEMENT_3D('',#4397,#4398,#4399);
#4401=PLANE('',#4400);
#4403=ORIENTED_EDGE('',*,*,#4402,.F.);
#4405=ORIENTED_EDGE('',*,*,#4404,.F.);
#4406=ORIENTED_EDGE('',*,*,#4386,.T.);
#4408=ORIENTED_EDGE('',*,*,#4407,.F.);
#4409=EDGE_LOOP('',(#4403,#4405,#4406,#4408));
#4410=FACE_OUTER_BOUND('',#4409,.F.);
#4411=ADVANCED_FACE('',(#4410),#4401,.F.);
#4412=CARTESIAN_POINT('',(3.75E0,1.12E0,-2.5E0));
#4413=DIRECTION('',(0.E0,0.E0,-1.E0));
#4414=DIRECTION('',(1.E0,0.E0,0.E0));
#4415=AXIS2_PLACEMENT_3D('',#4412,#4413,#4414);
#4416=CYLINDRICAL_SURFACE('',#4415,3.E-1);
#4418=ORIENTED_EDGE('',*,*,#4417,.F.);
#4420=ORIENTED_EDGE('',*,*,#4419,.T.);
#4422=ORIENTED_EDGE('',*,*,#4421,.F.);
#4423=ORIENTED_EDGE('',*,*,#4402,.T.);
#4424=EDGE_LOOP('',(#4418,#4420,#4422,#4423));
#4425=FACE_OUTER_BOUND('',#4424,.F.);
#4426=ADVANCED_FACE('',(#4425),#4416,.T.);
#4427=CARTESIAN_POINT('',(3.742928932188E0,1.127071067812E0,-1.9E0));
#4428=CARTESIAN_POINT('',(3.622806999095E0,1.247193000895E0,-1.9E0));
#4429=CARTESIAN_POINT('',(3.537867965636E0,1.332132034348E0,-2.020121933088E0));
#4430=CARTESIAN_POINT('',(3.537867965636E0,1.332132034347E0,-2.19E0));
#4431=CARTESIAN_POINT('',(3.750330017428E0,1.134472153052E0,-1.9E0));
#4432=CARTESIAN_POINT('',(3.755936289702E0,1.380322291512E0,-1.9E0));
#4433=CARTESIAN_POINT('',(3.759900522843E0,1.554164591572E0,-2.020121933088E0));
#4434=CARTESIAN_POINT('',(3.759900522843E0,1.554164591572E0,-2.19E0));
#4435=CARTESIAN_POINT('',(3.760000001094E0,1.130466714078E0,-1.9E0));
#4436=CARTESIAN_POINT('',(3.929878086591E0,1.308273229531E0,-1.9E0));
#4437=CARTESIAN_POINT('',(4.050000032821E0,1.434001422346E0,-2.020121933089E0));
#4438=CARTESIAN_POINT('',(4.050000032820E0,1.434001422346E0,-2.190000000001E0));
#4439=CARTESIAN_POINT('',(3.76E0,1.119999998955E0,-1.9E0));
#4440=CARTESIAN_POINT('',(3.929878066912E0,1.119999981199E0,-1.9E0));
#4441=CARTESIAN_POINT('',(4.05E0,1.119999968643E0,-2.020121933088E0));
#4442=CARTESIAN_POINT('',(4.05E0,1.119999968643E0,-2.19E0));
#4443=(BOUNDED_SURFACE()B_SPLINE_SURFACE(3,3,((#4427,#4428,#4429,#4430),(#4431,
#4432,#4433,#4434),(#4435,#4436,#4437,#4438),(#4439,#4440,#4441,#4442)),
.UNSPECIFIED.,.F.,.F.,.F.)B_SPLINE_SURFACE_WITH_KNOTS((4,4),(4,4),(0.E0,1.E0),(
0.E0,1.E0),.UNSPECIFIED.)GEOMETRIC_REPRESENTATION_ITEM()RATIONAL_B_SPLINE_SURFACE(((1.694636514415E0,1.363738152130E0,1.363738152130E0,1.694636514415E0),(
9.972183288674E-1,8.024993380658E-1,8.024993380658E-1,9.972183288674E-1),(
9.972183288674E-1,8.024993380658E-1,8.024993380658E-1,9.972183288674E-1),(
1.694636514415E0,1.363738152130E0,1.363738152130E0,1.694636514415E0)))REPRESENTATION_ITEM('')SURFACE());
#4444=ORIENTED_EDGE('',*,*,#3012,.F.);
#4445=ORIENTED_EDGE('',*,*,#3032,.T.);
#4446=ORIENTED_EDGE('',*,*,#4417,.T.);
#4448=ORIENTED_EDGE('',*,*,#4447,.T.);
#4449=EDGE_LOOP('',(#4444,#4445,#4446,#4448));
#4450=FACE_OUTER_BOUND('',#4449,.F.);
#4451=ADVANCED_FACE('',(#4450),#4443,.T.);
#4452=CARTESIAN_POINT('',(3.76E0,9.324978236485E-2,-2.19E0));
#4453=DIRECTION('',(0.E0,1.E0,0.E0));
#4454=DIRECTION('',(0.E0,0.E0,1.E0));
#4455=AXIS2_PLACEMENT_3D('',#4452,#4453,#4454);
#4456=CYLINDRICAL_SURFACE('',#4455,2.9E-1);
#4457=ORIENTED_EDGE('',*,*,#4447,.F.);
#4458=ORIENTED_EDGE('',*,*,#4407,.T.);
#4459=ORIENTED_EDGE('',*,*,#2994,.F.);
#4460=ORIENTED_EDGE('',*,*,#3014,.T.);
#4461=EDGE_LOOP('',(#4457,#4458,#4459,#4460));
#4462=FACE_OUTER_BOUND('',#4461,.F.);
#4463=ADVANCED_FACE('',(#4462),#4456,.T.);
#4464=CARTESIAN_POINT('',(2.325735931288E0,1.2E-1,-2.5E0));
#4465=DIRECTION('',(7.071067811865E-1,-7.071067811865E-1,0.E0));
#4466=DIRECTION('',(7.071067811865E-1,7.071067811865E-1,0.E0));
#4467=AXIS2_PLACEMENT_3D('',#4464,#4465,#4466);
#4468=PLANE('',#4467);
#4469=ORIENTED_EDGE('',*,*,#3030,.F.);
#4470=ORIENTED_EDGE('',*,*,#3050,.F.);
#4472=ORIENTED_EDGE('',*,*,#4471,.F.);
#4473=ORIENTED_EDGE('',*,*,#4419,.F.);
#4474=EDGE_LOOP('',(#4469,#4470,#4472,#4473));
#4475=FACE_OUTER_BOUND('',#4474,.F.);
#4476=ADVANCED_FACE('',(#4475),#4468,.F.);
#4477=CARTESIAN_POINT('',(2.709107646741E0,9.324978236485E-2,-2.21E0));
#4478=DIRECTION('',(7.071067811865E-1,7.071067811865E-1,0.E0));
#4479=DIRECTION('',(0.E0,0.E0,-1.E0));
#4480=AXIS2_PLACEMENT_3D('',#4477,#4478,#4479);
#4481=CYLINDRICAL_SURFACE('',#4480,2.9E-1);
#4483=ORIENTED_EDGE('',*,*,#4482,.F.);
#4485=ORIENTED_EDGE('',*,*,#4484,.F.);
#4486=ORIENTED_EDGE('',*,*,#4471,.T.);
#4487=ORIENTED_EDGE('',*,*,#3048,.F.);
#4488=ORIENTED_EDGE('',*,*,#3168,.F.);
#4489=EDGE_LOOP('',(#4483,#4485,#4486,#4487,#4488));
#4490=FACE_OUTER_BOUND('',#4489,.F.);
#4491=ADVANCED_FACE('',(#4490),#4481,.T.);
#4492=CARTESIAN_POINT('',(0.E0,4.2E-1,-2.5E0));
#4493=DIRECTION('',(0.E0,0.E0,-1.E0));
#4494=DIRECTION('',(1.E0,0.E0,0.E0));
#4495=AXIS2_PLACEMENT_3D('',#4492,#4493,#4494);
#4496=PLANE('',#4495);
#4497=ORIENTED_EDGE('',*,*,#4482,.T.);
#4498=ORIENTED_EDGE('',*,*,#3186,.T.);
#4500=ORIENTED_EDGE('',*,*,#4499,.F.);
#4502=ORIENTED_EDGE('',*,*,#4501,.T.);
#4503=EDGE_LOOP('',(#4497,#4498,#4500,#4502));
#4504=FACE_OUTER_BOUND('',#4503,.F.);
#4505=ADVANCED_FACE('',(#4504),#4496,.T.);
#4506=CARTESIAN_POINT('',(3.76E0,1.146286601900E0,-2.21E0));
#4507=DIRECTION('',(0.E0,-1.E0,0.E0));
#4508=DIRECTION('',(0.E0,0.E0,-1.E0));
#4509=AXIS2_PLACEMENT_3D('',#4506,#4507,#4508);
#4510=CYLINDRICAL_SURFACE('',#4509,2.9E-1);
#4511=ORIENTED_EDGE('',*,*,#4499,.T.);
#4513=ORIENTED_EDGE('',*,*,#4512,.F.);
#4514=ORIENTED_EDGE('',*,*,#4404,.T.);
#4516=ORIENTED_EDGE('',*,*,#4515,.F.);
#4517=EDGE_LOOP('',(#4511,#4513,#4514,#4516));
#4518=FACE_OUTER_BOUND('',#4517,.F.);
#4519=ADVANCED_FACE('',(#4518),#4510,.T.);
#4520=CARTESIAN_POINT('',(3.645223199433E0,-6.453027708903E0,
-2.095223199433E0));
#4521=DIRECTION('',(1.744974916068E-2,9.996954598819E-1,-1.744974916068E-2));
#4522=DIRECTION('',(9.998476951564E-1,-1.745240643728E-2,0.E0));
#4523=AXIS2_PLACEMENT_3D('',#4520,#4521,#4522);
#4524=CYLINDRICAL_SURFACE('',#4523,2.9E-1);
#4525=ORIENTED_EDGE('',*,*,#4388,.F.);
#4526=ORIENTED_EDGE('',*,*,#4512,.T.);
#4527=ORIENTED_EDGE('',*,*,#3184,.F.);
#4529=ORIENTED_EDGE('',*,*,#4528,.T.);
#4530=EDGE_LOOP('',(#4525,#4526,#4527,#4529));
#4531=FACE_OUTER_BOUND('',#4530,.F.);
#4532=ADVANCED_FACE('',(#4531),#4524,.T.);
#4533=CARTESIAN_POINT('',(3.635673122239E0,-6.729999991553E0,
-2.085574130375E0));
#4534=CARTESIAN_POINT('',(3.662912156943E0,-6.729946172002E0,
-2.086482103014E0));
#4535=CARTESIAN_POINT('',(3.717038374242E0,-6.722609602071E0,
-2.088285759648E0));
#4536=CARTESIAN_POINT('',(3.793110462109E0,-6.689795498878E0,
-2.090818988298E0));
#4537=CARTESIAN_POINT('',(3.857674618158E0,-6.637340049104E0,
-2.092966843186E0));
#4538=CARTESIAN_POINT('',(3.905530998403E0,-6.569395263046E0,
-2.094556408114E0));
#4539=CARTESIAN_POINT('',(3.930195285553E0,-6.499596482407E0,
-2.095373876901E0));
#4540=CARTESIAN_POINT('',(3.935242227003E0,-6.453773815413E0,
-2.095541029584E0));
#4541=CARTESIAN_POINT('',(3.935570816052E0,-6.435234313E0,-2.095551895597E0));
#4542=CARTESIAN_POINT('',(3.515557957668E0,-6.730040993083E0,
-2.205689294945E0));
#4543=CARTESIAN_POINT('',(3.542831077728E0,-6.740893242561E0,
-2.206586654164E0));
#4544=CARTESIAN_POINT('',(3.601376465578E0,-6.755231675682E0,
-2.209873693764E0));
#4545=CARTESIAN_POINT('',(3.696977012352E0,-6.749203245393E0,
-2.219143092766E0));
#4546=CARTESIAN_POINT('',(3.791543478463E0,-6.710723646474E0,
-2.232686297651E0));
#4547=CARTESIAN_POINT('',(3.874123209861E0,-6.636572932266E0,
-2.249138971083E0));
#4548=CARTESIAN_POINT('',(3.923960168778E0,-6.538739467511E0,
-2.262138475003E0));
#4549=CARTESIAN_POINT('',(3.934865585090E0,-6.467222208880E0,
-2.265118650687E0));
#4550=CARTESIAN_POINT('',(3.935560185247E0,-6.438192666480E0,
-2.265352736449E0));
#4551=CARTESIAN_POINT('',(3.430599571675E0,-6.609958813321E0,
-2.290647680939E0));
#4552=CARTESIAN_POINT('',(3.446991086544E0,-6.628544758345E0,
-2.291537533204E0));
#4553=CARTESIAN_POINT('',(3.486990913298E0,-6.661147859832E0,
-2.295873781060E0));
#4554=CARTESIAN_POINT('',(3.565943841725E0,-6.687198526137E0,
-2.309907725513E0));
#4555=CARTESIAN_POINT('',(3.655876634982E0,-6.679603468387E0,
-2.331510949691E0));
#4556=CARTESIAN_POINT('',(3.743850445627E0,-6.628267371102E0,
-2.358476414857E0));
#4557=CARTESIAN_POINT('',(3.801613221989E0,-6.538554761384E0,
-2.380092366556E0));
#4558=CARTESIAN_POINT('',(3.814640769473E0,-6.467213806474E0,
-2.385062215193E0));
#4559=CARTESIAN_POINT('',(3.815462634345E0,-6.438188979747E0,
-2.385454186010E0));
#4560=CARTESIAN_POINT('',(3.430562837457E0,-6.440088688460E0,
-2.290684415157E0));
#4561=CARTESIAN_POINT('',(3.431530693341E0,-6.458705898584E0,
-2.291574264175E0));
#4562=CARTESIAN_POINT('',(3.440882748100E0,-6.495464785127E0,
-2.295910965688E0));
#4563=CARTESIAN_POINT('',(3.476762506760E0,-6.540097846841E0,
-2.309946970230E0));
#4564=CARTESIAN_POINT('',(3.530139069250E0,-6.562205849659E0,
-2.331553679390E0));
#4565=CARTESIAN_POINT('',(3.591017498360E0,-6.549341935192E0,
-2.358523690066E0));
#4566=CARTESIAN_POINT('',(3.634816347226E0,-6.499149720132E0,
-2.380143367335E0));
#4567=CARTESIAN_POINT('',(3.644986570719E0,-6.453753244181E0,
-2.385114076265E0));
#4568=CARTESIAN_POINT('',(3.645622403907E0,-6.435225349406E0,
-2.385506115349E0));
#4569=(BOUNDED_SURFACE()B_SPLINE_SURFACE(3,3,((#4533,#4534,#4535,#4536,#4537,
#4538,#4539,#4540,#4541),(#4542,#4543,#4544,#4545,#4546,#4547,#4548,#4549,
#4550),(#4551,#4552,#4553,#4554,#4555,#4556,#4557,#4558,#4559),(#4560,#4561,
#4562,#4563,#4564,#4565,#4566,#4567,#4568)),.UNSPECIFIED.,.F.,.F.,.F.)B_SPLINE_SURFACE_WITH_KNOTS((4,4),(4,1,1,1,1,1,4),(-3.626657668786E-5,1.000000019165E0),(
-1.947113907546E-12,1.650985071461E-1,3.326707056499E-1,5.005270484457E-1,
6.685850496599E-1,8.352571577753E-1,9.485087923777E-1),.UNSPECIFIED.)GEOMETRIC_REPRESENTATION_ITEM()RATIONAL_B_SPLINE_SURFACE(((1.171569674302E0,
1.171569674302E0,1.171569674302E0,1.171569674302E0,1.171569674302E0,
1.171569674302E0,1.171569674302E0,1.171569674302E0,1.171569674302E0),(
9.428183999065E-1,9.428183999065E-1,9.428183999065E-1,9.428183999065E-1,
9.428183999065E-1,9.428183999065E-1,9.428183999065E-1,9.428183999065E-1,
9.428183999065E-1),(9.428101088662E-1,9.428101088662E-1,9.428101088662E-1,
9.428101088662E-1,9.428101088662E-1,9.428101088662E-1,9.428101088662E-1,
9.428101088662E-1,9.428101088662E-1),(1.171544801182E0,1.171544801182E0,
1.171544801182E0,1.171544801182E0,1.171544801182E0,1.171544801182E0,
1.171544801182E0,1.171544801182E0,1.171544801182E0)))REPRESENTATION_ITEM('')SURFACE());
#4571=ORIENTED_EDGE('',*,*,#4570,.F.);
#4572=ORIENTED_EDGE('',*,*,#4528,.F.);
#4573=ORIENTED_EDGE('',*,*,#3264,.T.);
#4574=EDGE_LOOP('',(#4571,#4572,#4573));
#4575=FACE_OUTER_BOUND('',#4574,.F.);
#4576=ADVANCED_FACE('',(#4575),#4569,.T.);
#4577=CARTESIAN_POINT('',(3.635623626307E0,-6.43E0,-2.404973987321E0));
#4578=DIRECTION('',(0.E0,0.E0,1.E0));
#4579=DIRECTION('',(0.E0,-1.E0,0.E0));
#4580=AXIS2_PLACEMENT_3D('',#4577,#4578,#4579);
#4581=CYLINDRICAL_SURFACE('',#4580,3.E-1);
#4583=ORIENTED_EDGE('',*,*,#4582,.T.);
#4584=ORIENTED_EDGE('',*,*,#4322,.F.);
#4585=ORIENTED_EDGE('',*,*,#4390,.T.);
#4586=ORIENTED_EDGE('',*,*,#4570,.T.);
#4587=EDGE_LOOP('',(#4583,#4584,#4585,#4586));
#4588=FACE_OUTER_BOUND('',#4587,.F.);
#4589=ADVANCED_FACE('',(#4588),#4581,.T.);
#4590=CARTESIAN_POINT('',(3.537867965629E0,1.332132034341E0,-2.21E0));
#4591=CARTESIAN_POINT('',(3.537867965630E0,1.332132034341E0,-2.379878066912E0));
#4592=CARTESIAN_POINT('',(3.622806999092E0,1.247193000891E0,-2.5E0));
#4593=CARTESIAN_POINT('',(3.742928932189E0,1.127071067811E0,-2.5E0));
#4594=CARTESIAN_POINT('',(3.759900505891E0,1.554164574634E0,-2.21E0));
#4595=CARTESIAN_POINT('',(3.759900505891E0,1.554164574634E0,-2.379878066912E0));
#4596=CARTESIAN_POINT('',(3.755936279537E0,1.380322281356E0,-2.5E0));
#4597=CARTESIAN_POINT('',(3.750330016864E0,1.134472152487E0,-2.5E0));
#4598=CARTESIAN_POINT('',(4.050000000015E0,1.434001429734E0,-2.209999999999E0));
#4599=CARTESIAN_POINT('',(4.050000000015E0,1.434001429734E0,-2.379878066911E0));
#4600=CARTESIAN_POINT('',(3.929878066921E0,1.308273233960E0,-2.5E0));
#4601=CARTESIAN_POINT('',(3.76E0,1.130466714324E0,-2.5E0));
#4602=CARTESIAN_POINT('',(4.05E0,1.119999999986E0,-2.21E0));
#4603=CARTESIAN_POINT('',(4.05E0,1.119999999986E0,-2.379878066912E0));
#4604=CARTESIAN_POINT('',(3.929878066912E0,1.119999999992E0,-2.5E0));
#4605=CARTESIAN_POINT('',(3.76E0,1.12E0,-2.5E0));
#4606=(BOUNDED_SURFACE()B_SPLINE_SURFACE(3,3,((#4590,#4591,#4592,#4593),(#4594,
#4595,#4596,#4597),(#4598,#4599,#4600,#4601),(#4602,#4603,#4604,#4605)),
.UNSPECIFIED.,.F.,.F.,.F.)B_SPLINE_SURFACE_WITH_KNOTS((4,4),(4,4),(0.E0,1.E0),(
0.E0,1.E0),.UNSPECIFIED.)GEOMETRIC_REPRESENTATION_ITEM()RATIONAL_B_SPLINE_SURFACE(((1.694636455283E0,1.363738104544E0,1.363738104544E0,1.694636455283E0),(
9.972183485782E-1,8.024993539277E-1,8.024993539277E-1,9.972183485782E-1),(
9.972183485782E-1,8.024993539277E-1,8.024993539277E-1,9.972183485782E-1),(
1.694636455283E0,1.363738104544E0,1.363738104544E0,1.694636455283E0)))REPRESENTATION_ITEM('')SURFACE());
#4607=ORIENTED_EDGE('',*,*,#4501,.F.);
#4608=ORIENTED_EDGE('',*,*,#4515,.T.);
#4609=ORIENTED_EDGE('',*,*,#4421,.T.);
#4610=ORIENTED_EDGE('',*,*,#4484,.T.);
#4611=EDGE_LOOP('',(#4607,#4608,#4609,#4610));
#4612=FACE_OUTER_BOUND('',#4611,.F.);
#4613=ADVANCED_FACE('',(#4612),#4606,.T.);
#4614=CARTESIAN_POINT('',(-4.05E0,1.12E0,-2.21E0));
#4615=CARTESIAN_POINT('',(-4.05E0,1.12E0,-2.379878066912E0));
#4616=CARTESIAN_POINT('',(-3.929878066912E0,1.12E0,-2.5E0));
#4617=CARTESIAN_POINT('',(-3.76E0,1.12E0,-2.5E0));
#4618=CARTESIAN_POINT('',(-4.05E0,1.434001429721E0,-2.21E0));
#4619=CARTESIAN_POINT('',(-4.05E0,1.434001429721E0,-2.379878066912E0));
#4620=CARTESIAN_POINT('',(-3.929878066912E0,1.308273233952E0,-2.5E0));
#4621=CARTESIAN_POINT('',(-3.76E0,1.130466714324E0,-2.5E0));
#4622=CARTESIAN_POINT('',(-3.759900505901E0,1.554164574613E0,-2.21E0));
#4623=CARTESIAN_POINT('',(-3.759900505901E0,1.554164574614E0,
-2.379878066912E0));
#4624=CARTESIAN_POINT('',(-3.755936279543E0,1.380322281344E0,-2.5E0));
#4625=CARTESIAN_POINT('',(-3.750330016863E0,1.134472152487E0,-2.5E0));
#4626=CARTESIAN_POINT('',(-3.537867965644E0,1.332132034356E0,-2.21E0));
#4627=CARTESIAN_POINT('',(-3.537867965644E0,1.332132034356E0,
-2.379878066912E0));
#4628=CARTESIAN_POINT('',(-3.622806999100E0,1.247193000900E0,-2.5E0));
#4629=CARTESIAN_POINT('',(-3.742928932188E0,1.127071067812E0,-2.5E0));
#4630=(BOUNDED_SURFACE()B_SPLINE_SURFACE(3,3,((#4614,#4615,#4616,#4617),(#4618,
#4619,#4620,#4621),(#4622,#4623,#4624,#4625),(#4626,#4627,#4628,#4629)),
.UNSPECIFIED.,.F.,.F.,.F.)B_SPLINE_SURFACE_WITH_KNOTS((4,4),(4,4),(0.E0,1.E0),(
0.E0,1.E0),.UNSPECIFIED.)GEOMETRIC_REPRESENTATION_ITEM()RATIONAL_B_SPLINE_SURFACE(((1.694636455215E0,1.363738104490E0,1.363738104490E0,1.694636455215E0),(
9.972183486004E-1,8.024993539460E-1,8.024993539460E-1,9.972183486004E-1),(
9.972183486004E-1,8.024993539460E-1,8.024993539460E-1,9.972183486004E-1),(
1.694636455215E0,1.363738104490E0,1.363738104490E0,1.694636455215E0)))REPRESENTATION_ITEM('')SURFACE());
#4631=ORIENTED_EDGE('',*,*,#3136,.F.);
#4632=ORIENTED_EDGE('',*,*,#3154,.T.);
#4633=ORIENTED_EDGE('',*,*,#3095,.T.);
#4634=ORIENTED_EDGE('',*,*,#3121,.T.);
#4635=EDGE_LOOP('',(#4631,#4632,#4633,#4634));
#4636=FACE_OUTER_BOUND('',#4635,.F.);
#4637=ADVANCED_FACE('',(#4636),#4630,.T.);
#4638=CARTESIAN_POINT('',(2.29E0,-1.2E0,0.E0));
#4639=DIRECTION('',(1.E0,0.E0,0.E0));
#4640=DIRECTION('',(0.E0,0.E0,1.E0));
#4641=AXIS2_PLACEMENT_3D('',#4638,#4639,#4640);
#4642=PLANE('',#4641);
#4644=ORIENTED_EDGE('',*,*,#4643,.T.);
#4646=ORIENTED_EDGE('',*,*,#4645,.T.);
#4648=ORIENTED_EDGE('',*,*,#4647,.T.);
#4650=ORIENTED_EDGE('',*,*,#4649,.T.);
#4652=ORIENTED_EDGE('',*,*,#4651,.F.);
#4654=ORIENTED_EDGE('',*,*,#4653,.F.);
#4656=ORIENTED_EDGE('',*,*,#4655,.T.);
#4658=ORIENTED_EDGE('',*,*,#4657,.T.);
#4659=EDGE_LOOP('',(#4644,#4646,#4648,#4650,#4652,#4654,#4656,#4658));
#4660=FACE_OUTER_BOUND('',#4659,.F.);
#4661=ADVANCED_FACE('',(#4660),#4642,.F.);
#4662=CARTESIAN_POINT('',(2.79E0,-1.2E0,0.E0));
#4663=DIRECTION('',(1.E0,0.E0,0.E0));
#4664=DIRECTION('',(0.E0,0.E0,1.E0));
#4665=AXIS2_PLACEMENT_3D('',#4662,#4663,#4664);
#4666=PLANE('',#4665);
#4668=ORIENTED_EDGE('',*,*,#4667,.T.);
#4670=ORIENTED_EDGE('',*,*,#4669,.T.);
#4672=ORIENTED_EDGE('',*,*,#4671,.T.);
#4674=ORIENTED_EDGE('',*,*,#4673,.T.);
#4676=ORIENTED_EDGE('',*,*,#4675,.F.);
#4678=ORIENTED_EDGE('',*,*,#4677,.F.);
#4680=ORIENTED_EDGE('',*,*,#4679,.T.);
#4682=ORIENTED_EDGE('',*,*,#4681,.T.);
#4683=EDGE_LOOP('',(#4668,#4670,#4672,#4674,#4676,#4678,#4680,#4682));
#4684=FACE_OUTER_BOUND('',#4683,.F.);
#4685=ADVANCED_FACE('',(#4684),#4666,.T.);
#4686=CARTESIAN_POINT('',(2.29E0,1.75E0,3.5E-1));
#4687=DIRECTION('',(0.E0,0.E0,1.E0));
#4688=DIRECTION('',(0.E0,-1.E0,0.E0));
#4689=AXIS2_PLACEMENT_3D('',#4686,#4687,#4688);
#4690=PLANE('',#4689);
#4692=ORIENTED_EDGE('',*,*,#4691,.F.);
#4694=ORIENTED_EDGE('',*,*,#4693,.T.);
#4696=ORIENTED_EDGE('',*,*,#4695,.T.);
#4697=ORIENTED_EDGE('',*,*,#4673,.F.);
#4699=ORIENTED_EDGE('',*,*,#4698,.T.);
#4700=ORIENTED_EDGE('',*,*,#4653,.T.);
#4702=ORIENTED_EDGE('',*,*,#4701,.T.);
#4704=ORIENTED_EDGE('',*,*,#4703,.F.);
#4705=EDGE_LOOP('',(#4692,#4694,#4696,#4697,#4699,#4700,#4702,#4704));
#4706=FACE_OUTER_BOUND('',#4705,.F.);
#4707=ADVANCED_FACE('',(#4706),#4690,.T.);
#4708=CARTESIAN_POINT('',(7.85E0,9.977121969997E0,5.E0));
#4709=DIRECTION('',(-1.E0,0.E0,0.E0));
#4710=DIRECTION('',(0.E0,-1.E0,0.E0));
#4711=AXIS2_PLACEMENT_3D('',#4708,#4709,#4710);
#4712=PLANE('',#4711);
#4713=ORIENTED_EDGE('',*,*,#4691,.T.);
#4715=ORIENTED_EDGE('',*,*,#4714,.T.);
#4717=ORIENTED_EDGE('',*,*,#4716,.F.);
#4719=ORIENTED_EDGE('',*,*,#4718,.T.);
#4720=EDGE_LOOP('',(#4713,#4715,#4717,#4719));
#4721=FACE_OUTER_BOUND('',#4720,.F.);
#4722=ADVANCED_FACE('',(#4721),#4712,.F.);
#4723=CARTESIAN_POINT('',(2.29E0,1.75E0,0.E0));
#4724=DIRECTION('',(0.E0,1.E0,0.E0));
#4725=DIRECTION('',(0.E0,0.E0,1.E0));
#4726=AXIS2_PLACEMENT_3D('',#4723,#4724,#4725);
#4727=PLANE('',#4726);
#4728=ORIENTED_EDGE('',*,*,#4714,.F.);
#4729=ORIENTED_EDGE('',*,*,#4703,.T.);
#4731=ORIENTED_EDGE('',*,*,#4730,.F.);
#4733=ORIENTED_EDGE('',*,*,#4732,.T.);
#4734=EDGE_LOOP('',(#4728,#4729,#4731,#4733));
#4735=FACE_OUTER_BOUND('',#4734,.F.);
#4736=ADVANCED_FACE('',(#4735),#4727,.T.);
#4737=CARTESIAN_POINT('',(3.29E0,7.5E-1,-3.763026210630E-1));
#4738=DIRECTION('',(0.E0,0.E0,1.E0));
#4739=DIRECTION('',(0.E0,1.E0,0.E0));
#4740=AXIS2_PLACEMENT_3D('',#4737,#4738,#4739);
#4741=CYLINDRICAL_SURFACE('',#4740,1.E0);
#4742=ORIENTED_EDGE('',*,*,#4701,.F.);
#4743=ORIENTED_EDGE('',*,*,#4651,.T.);
#4745=ORIENTED_EDGE('',*,*,#4744,.F.);
#4746=ORIENTED_EDGE('',*,*,#4730,.T.);
#4747=EDGE_LOOP('',(#4742,#4743,#4745,#4746));
#4748=FACE_OUTER_BOUND('',#4747,.F.);
#4749=ADVANCED_FACE('',(#4748),#4741,.T.);
#4750=CARTESIAN_POINT('',(2.29E0,1.75E0,-3.5E-1));
#4751=DIRECTION('',(0.E0,0.E0,1.E0));
#4752=DIRECTION('',(0.E0,-1.E0,0.E0));
#4753=AXIS2_PLACEMENT_3D('',#4750,#4751,#4752);
#4754=PLANE('',#4753);
#4755=ORIENTED_EDGE('',*,*,#4716,.T.);
#4756=ORIENTED_EDGE('',*,*,#4732,.F.);
#4757=ORIENTED_EDGE('',*,*,#4744,.T.);
#4758=ORIENTED_EDGE('',*,*,#4649,.F.);
#4760=ORIENTED_EDGE('',*,*,#4759,.T.);
#4761=ORIENTED_EDGE('',*,*,#4677,.T.);
#4763=ORIENTED_EDGE('',*,*,#4762,.T.);
#4765=ORIENTED_EDGE('',*,*,#4764,.F.);
#4766=EDGE_LOOP('',(#4755,#4756,#4757,#4758,#4760,#4761,#4763,#4765));
#4767=FACE_OUTER_BOUND('',#4766,.F.);
#4768=ADVANCED_FACE('',(#4767),#4754,.F.);
#4769=CARTESIAN_POINT('',(3.29E0,7.5E-1,3.750924498437E-1));
#4770=DIRECTION('',(0.E0,0.E0,-1.E0));
#4771=DIRECTION('',(-1.E0,0.E0,0.E0));
#4772=AXIS2_PLACEMENT_3D('',#4769,#4770,#4771);
#4773=CYLINDRICAL_SURFACE('',#4772,5.E-1);
#4774=ORIENTED_EDGE('',*,*,#4675,.T.);
#4775=ORIENTED_EDGE('',*,*,#4695,.F.);
#4777=ORIENTED_EDGE('',*,*,#4776,.T.);
#4778=ORIENTED_EDGE('',*,*,#4762,.F.);
#4779=EDGE_LOOP('',(#4774,#4775,#4777,#4778));
#4780=FACE_OUTER_BOUND('',#4779,.F.);
#4781=ADVANCED_FACE('',(#4780),#4773,.F.);
#4782=CARTESIAN_POINT('',(2.79E0,1.25E0,3.5E-1));
#4783=DIRECTION('',(0.E0,-1.E0,0.E0));
#4784=DIRECTION('',(0.E0,0.E0,-1.E0));
#4785=AXIS2_PLACEMENT_3D('',#4782,#4783,#4784);
#4786=PLANE('',#4785);
#4787=ORIENTED_EDGE('',*,*,#4718,.F.);
#4788=ORIENTED_EDGE('',*,*,#4764,.T.);
#4789=ORIENTED_EDGE('',*,*,#4776,.F.);
#4790=ORIENTED_EDGE('',*,*,#4693,.F.);
#4791=EDGE_LOOP('',(#4787,#4788,#4789,#4790));
#4792=FACE_OUTER_BOUND('',#4791,.F.);
#4793=ADVANCED_FACE('',(#4792),#4786,.T.);
#4794=CARTESIAN_POINT('',(-2.5E-1,-1.2E0,0.E0));
#4795=DIRECTION('',(1.E0,0.E0,0.E0));
#4796=DIRECTION('',(0.E0,0.E0,1.E0));
#4797=AXIS2_PLACEMENT_3D('',#4794,#4795,#4796);
#4798=PLANE('',#4797);
#4800=ORIENTED_EDGE('',*,*,#4799,.T.);
#4802=ORIENTED_EDGE('',*,*,#4801,.T.);
#4804=ORIENTED_EDGE('',*,*,#4803,.T.);
#4806=ORIENTED_EDGE('',*,*,#4805,.T.);
#4808=ORIENTED_EDGE('',*,*,#4807,.F.);
#4810=ORIENTED_EDGE('',*,*,#4809,.F.);
#4812=ORIENTED_EDGE('',*,*,#4811,.T.);
#4814=ORIENTED_EDGE('',*,*,#4813,.T.);
#4815=EDGE_LOOP('',(#4800,#4802,#4804,#4806,#4808,#4810,#4812,#4814));
#4816=FACE_OUTER_BOUND('',#4815,.F.);
#4817=ADVANCED_FACE('',(#4816),#4798,.F.);
#4818=CARTESIAN_POINT('',(2.5E-1,-1.2E0,0.E0));
#4819=DIRECTION('',(1.E0,0.E0,0.E0));
#4820=DIRECTION('',(0.E0,0.E0,1.E0));
#4821=AXIS2_PLACEMENT_3D('',#4818,#4819,#4820);
#4822=PLANE('',#4821);
#4824=ORIENTED_EDGE('',*,*,#4823,.T.);
#4826=ORIENTED_EDGE('',*,*,#4825,.T.);
#4828=ORIENTED_EDGE('',*,*,#4827,.T.);
#4830=ORIENTED_EDGE('',*,*,#4829,.T.);
#4832=ORIENTED_EDGE('',*,*,#4831,.F.);
#4834=ORIENTED_EDGE('',*,*,#4833,.F.);
#4836=ORIENTED_EDGE('',*,*,#4835,.T.);
#4838=ORIENTED_EDGE('',*,*,#4837,.T.);
#4839=EDGE_LOOP('',(#4824,#4826,#4828,#4830,#4832,#4834,#4836,#4838));
#4840=FACE_OUTER_BOUND('',#4839,.F.);
#4841=ADVANCED_FACE('',(#4840),#4822,.T.);
#4842=CARTESIAN_POINT('',(-2.5E-1,4.29E0,3.5E-1));
#4843=DIRECTION('',(0.E0,0.E0,1.E0));
#4844=DIRECTION('',(0.E0,-1.E0,0.E0));
#4845=AXIS2_PLACEMENT_3D('',#4842,#4843,#4844);
#4846=PLANE('',#4845);
#4848=ORIENTED_EDGE('',*,*,#4847,.F.);
#4850=ORIENTED_EDGE('',*,*,#4849,.T.);
#4852=ORIENTED_EDGE('',*,*,#4851,.T.);
#4853=ORIENTED_EDGE('',*,*,#4829,.F.);
#4855=ORIENTED_EDGE('',*,*,#4854,.T.);
#4856=ORIENTED_EDGE('',*,*,#4809,.T.);
#4858=ORIENTED_EDGE('',*,*,#4857,.T.);
#4860=ORIENTED_EDGE('',*,*,#4859,.F.);
#4861=EDGE_LOOP('',(#4848,#4850,#4852,#4853,#4855,#4856,#4858,#4860));
#4862=FACE_OUTER_BOUND('',#4861,.F.);
#4863=ADVANCED_FACE('',(#4862),#4846,.T.);
#4864=CARTESIAN_POINT('',(7.85E0,9.977121969997E0,5.E0));
#4865=DIRECTION('',(-1.E0,0.E0,0.E0));
#4866=DIRECTION('',(0.E0,-1.E0,0.E0));
#4867=AXIS2_PLACEMENT_3D('',#4864,#4865,#4866);
#4868=PLANE('',#4867);
#4869=ORIENTED_EDGE('',*,*,#4847,.T.);
#4871=ORIENTED_EDGE('',*,*,#4870,.T.);
#4873=ORIENTED_EDGE('',*,*,#4872,.F.);
#4875=ORIENTED_EDGE('',*,*,#4874,.T.);
#4876=EDGE_LOOP('',(#4869,#4871,#4873,#4875));
#4877=FACE_OUTER_BOUND('',#4876,.F.);
#4878=ADVANCED_FACE('',(#4877),#4868,.F.);
#4879=CARTESIAN_POINT('',(-2.5E-1,4.29E0,0.E0));
#4880=DIRECTION('',(0.E0,1.E0,0.E0));
#4881=DIRECTION('',(0.E0,0.E0,1.E0));
#4882=AXIS2_PLACEMENT_3D('',#4879,#4880,#4881);
#4883=PLANE('',#4882);
#4884=ORIENTED_EDGE('',*,*,#4870,.F.);
#4885=ORIENTED_EDGE('',*,*,#4859,.T.);
#4887=ORIENTED_EDGE('',*,*,#4886,.F.);
#4889=ORIENTED_EDGE('',*,*,#4888,.T.);
#4890=EDGE_LOOP('',(#4884,#4885,#4887,#4889));
#4891=FACE_OUTER_BOUND('',#4890,.F.);
#4892=ADVANCED_FACE('',(#4891),#4883,.T.);
#4893=CARTESIAN_POINT('',(1.25E0,2.79E0,-3.737372922960E-1));
#4894=DIRECTION('',(0.E0,0.E0,1.E0));
#4895=DIRECTION('',(0.E0,1.E0,0.E0));
#4896=AXIS2_PLACEMENT_3D('',#4893,#4894,#4895);
#4897=CYLINDRICAL_SURFACE('',#4896,1.5E0);
#4898=ORIENTED_EDGE('',*,*,#4857,.F.);
#4899=ORIENTED_EDGE('',*,*,#4807,.T.);
#4901=ORIENTED_EDGE('',*,*,#4900,.F.);
#4902=ORIENTED_EDGE('',*,*,#4886,.T.);
#4903=EDGE_LOOP('',(#4898,#4899,#4901,#4902));
#4904=FACE_OUTER_BOUND('',#4903,.F.);
#4905=ADVANCED_FACE('',(#4904),#4897,.T.);
#4906=CARTESIAN_POINT('',(-2.5E-1,4.29E0,-3.5E-1));
#4907=DIRECTION('',(0.E0,0.E0,1.E0));
#4908=DIRECTION('',(0.E0,-1.E0,0.E0));
#4909=AXIS2_PLACEMENT_3D('',#4906,#4907,#4908);
#4910=PLANE('',#4909);
#4911=ORIENTED_EDGE('',*,*,#4872,.T.);
#4912=ORIENTED_EDGE('',*,*,#4888,.F.);
#4913=ORIENTED_EDGE('',*,*,#4900,.T.);
#4914=ORIENTED_EDGE('',*,*,#4805,.F.);
#4916=ORIENTED_EDGE('',*,*,#4915,.T.);
#4917=ORIENTED_EDGE('',*,*,#4833,.T.);
#4919=ORIENTED_EDGE('',*,*,#4918,.T.);
#4921=ORIENTED_EDGE('',*,*,#4920,.F.);
#4922=EDGE_LOOP('',(#4911,#4912,#4913,#4914,#4916,#4917,#4919,#4921));
#4923=FACE_OUTER_BOUND('',#4922,.F.);
#4924=ADVANCED_FACE('',(#4923),#4910,.F.);
#4925=CARTESIAN_POINT('',(1.25E0,2.79E0,3.726451506463E-1));
#4926=DIRECTION('',(0.E0,0.E0,-1.E0));
#4927=DIRECTION('',(-1.E0,0.E0,0.E0));
#4928=AXIS2_PLACEMENT_3D('',#4925,#4926,#4927);
#4929=CYLINDRICAL_SURFACE('',#4928,1.E0);
#4930=ORIENTED_EDGE('',*,*,#4831,.T.);
#4931=ORIENTED_EDGE('',*,*,#4851,.F.);
#4933=ORIENTED_EDGE('',*,*,#4932,.T.);
#4934=ORIENTED_EDGE('',*,*,#4918,.F.);
#4935=EDGE_LOOP('',(#4930,#4931,#4933,#4934));
#4936=FACE_OUTER_BOUND('',#4935,.F.);
#4937=ADVANCED_FACE('',(#4936),#4929,.F.);
#4938=CARTESIAN_POINT('',(2.5E-1,3.79E0,3.5E-1));
#4939=DIRECTION('',(0.E0,-1.E0,0.E0));
#4940=DIRECTION('',(0.E0,0.E0,-1.E0));
#4941=AXIS2_PLACEMENT_3D('',#4938,#4939,#4940);
#4942=PLANE('',#4941);
#4943=ORIENTED_EDGE('',*,*,#4874,.F.);
#4944=ORIENTED_EDGE('',*,*,#4920,.T.);
#4945=ORIENTED_EDGE('',*,*,#4932,.F.);
#4946=ORIENTED_EDGE('',*,*,#4849,.F.);
#4947=EDGE_LOOP('',(#4943,#4944,#4945,#4946));
#4948=FACE_OUTER_BOUND('',#4947,.F.);
#4949=ADVANCED_FACE('',(#4948),#4942,.T.);
#4950=CARTESIAN_POINT('',(-2.79E0,-1.2E0,0.E0));
#4951=DIRECTION('',(1.E0,0.E0,0.E0));
#4952=DIRECTION('',(0.E0,0.E0,1.E0));
#4953=AXIS2_PLACEMENT_3D('',#4950,#4951,#4952);
#4954=PLANE('',#4953);
#4956=ORIENTED_EDGE('',*,*,#4955,.T.);
#4958=ORIENTED_EDGE('',*,*,#4957,.T.);
#4960=ORIENTED_EDGE('',*,*,#4959,.T.);
#4962=ORIENTED_EDGE('',*,*,#4961,.T.);
#4964=ORIENTED_EDGE('',*,*,#4963,.F.);
#4966=ORIENTED_EDGE('',*,*,#4965,.F.);
#4968=ORIENTED_EDGE('',*,*,#4967,.T.);
#4970=ORIENTED_EDGE('',*,*,#4969,.T.);
#4971=EDGE_LOOP('',(#4956,#4958,#4960,#4962,#4964,#4966,#4968,#4970));
#4972=FACE_OUTER_BOUND('',#4971,.F.);
#4973=ADVANCED_FACE('',(#4972),#4954,.F.);
#4974=CARTESIAN_POINT('',(-2.29E0,-1.2E0,0.E0));
#4975=DIRECTION('',(1.E0,0.E0,0.E0));
#4976=DIRECTION('',(0.E0,0.E0,1.E0));
#4977=AXIS2_PLACEMENT_3D('',#4974,#4975,#4976);
#4978=PLANE('',#4977);
#4980=ORIENTED_EDGE('',*,*,#4979,.T.);
#4982=ORIENTED_EDGE('',*,*,#4981,.T.);
#4984=ORIENTED_EDGE('',*,*,#4983,.T.);
#4986=ORIENTED_EDGE('',*,*,#4985,.T.);
#4988=ORIENTED_EDGE('',*,*,#4987,.F.);
#4990=ORIENTED_EDGE('',*,*,#4989,.F.);
#4992=ORIENTED_EDGE('',*,*,#4991,.T.);
#4994=ORIENTED_EDGE('',*,*,#4993,.T.);
#4995=EDGE_LOOP('',(#4980,#4982,#4984,#4986,#4988,#4990,#4992,#4994));
#4996=FACE_OUTER_BOUND('',#4995,.F.);
#4997=ADVANCED_FACE('',(#4996),#4978,.T.);
#4998=CARTESIAN_POINT('',(-2.79E0,6.83E0,3.5E-1));
#4999=DIRECTION('',(0.E0,0.E0,1.E0));
#5000=DIRECTION('',(0.E0,-1.E0,0.E0));
#5001=AXIS2_PLACEMENT_3D('',#4998,#4999,#5000);
#5002=PLANE('',#5001);
#5004=ORIENTED_EDGE('',*,*,#5003,.T.);
#5006=ORIENTED_EDGE('',*,*,#5005,.F.);
#5008=ORIENTED_EDGE('',*,*,#5007,.F.);
#5010=ORIENTED_EDGE('',*,*,#5009,.F.);
#5012=ORIENTED_EDGE('',*,*,#5011,.T.);
#5013=ORIENTED_EDGE('',*,*,#4985,.F.);
#5015=ORIENTED_EDGE('',*,*,#5014,.T.);
#5016=ORIENTED_EDGE('',*,*,#4965,.T.);
#5017=EDGE_LOOP('',(#5004,#5006,#5008,#5010,#5012,#5013,#5015,#5016));
#5018=FACE_OUTER_BOUND('',#5017,.F.);
#5019=ADVANCED_FACE('',(#5018),#5002,.T.);
#5020=CARTESIAN_POINT('',(-7.9E-1,4.83E0,-3.724066074913E-1));
#5021=DIRECTION('',(0.E0,0.E0,1.E0));
#5022=DIRECTION('',(0.E0,1.E0,0.E0));
#5023=AXIS2_PLACEMENT_3D('',#5020,#5021,#5022);
#5024=CYLINDRICAL_SURFACE('',#5023,2.E0);
#5025=ORIENTED_EDGE('',*,*,#5003,.F.);
#5026=ORIENTED_EDGE('',*,*,#4963,.T.);
#5028=ORIENTED_EDGE('',*,*,#5027,.F.);
#5030=ORIENTED_EDGE('',*,*,#5029,.T.);
#5031=EDGE_LOOP('',(#5025,#5026,#5028,#5030));
#5032=FACE_OUTER_BOUND('',#5031,.F.);
#5033=ADVANCED_FACE('',(#5032),#5024,.T.);
#5034=CARTESIAN_POINT('',(-2.79E0,6.83E0,-3.5E-1));
#5035=DIRECTION('',(0.E0,0.E0,1.E0));
#5036=DIRECTION('',(0.E0,-1.E0,0.E0));
#5037=AXIS2_PLACEMENT_3D('',#5034,#5035,#5036);
#5038=PLANE('',#5037);
#5039=ORIENTED_EDGE('',*,*,#5027,.T.);
#5040=ORIENTED_EDGE('',*,*,#4961,.F.);
#5042=ORIENTED_EDGE('',*,*,#5041,.T.);
#5043=ORIENTED_EDGE('',*,*,#4989,.T.);
#5045=ORIENTED_EDGE('',*,*,#5044,.T.);
#5047=ORIENTED_EDGE('',*,*,#5046,.T.);
#5049=ORIENTED_EDGE('',*,*,#5048,.F.);
#5051=ORIENTED_EDGE('',*,*,#5050,.F.);
#5052=EDGE_LOOP('',(#5039,#5040,#5042,#5043,#5045,#5047,#5049,#5051));
#5053=FACE_OUTER_BOUND('',#5052,.F.);
#5054=ADVANCED_FACE('',(#5053),#5038,.F.);
#5055=CARTESIAN_POINT('',(-7.9E-1,4.83E0,3.803653570700E-1));
#5056=DIRECTION('',(0.E0,0.E0,-1.E0));
#5057=DIRECTION('',(-1.E0,0.E0,0.E0));
#5058=AXIS2_PLACEMENT_3D('',#5055,#5056,#5057);
#5059=CYLINDRICAL_SURFACE('',#5058,1.5E0);
#5060=ORIENTED_EDGE('',*,*,#4987,.T.);
#5061=ORIENTED_EDGE('',*,*,#5011,.F.);
#5063=ORIENTED_EDGE('',*,*,#5062,.T.);
#5064=ORIENTED_EDGE('',*,*,#5044,.F.);
#5065=EDGE_LOOP('',(#5060,#5061,#5063,#5064));
#5066=FACE_OUTER_BOUND('',#5065,.F.);
#5067=ADVANCED_FACE('',(#5066),#5059,.F.);
#5068=CARTESIAN_POINT('',(-2.29E0,6.33E0,-3.5E-1));
#5069=DIRECTION('',(0.E0,-1.E0,0.E0));
#5070=DIRECTION('',(0.E0,0.E0,1.E0));
#5071=AXIS2_PLACEMENT_3D('',#5068,#5069,#5070);
#5072=PLANE('',#5071);
#5073=ORIENTED_EDGE('',*,*,#5062,.F.);
#5074=ORIENTED_EDGE('',*,*,#5009,.T.);
#5076=ORIENTED_EDGE('',*,*,#5075,.F.);
#5077=ORIENTED_EDGE('',*,*,#5046,.F.);
#5078=EDGE_LOOP('',(#5073,#5074,#5076,#5077));
#5079=FACE_OUTER_BOUND('',#5078,.F.);
#5080=ADVANCED_FACE('',(#5079),#5072,.T.);
#5081=CARTESIAN_POINT('',(7.85E0,-1.2E0,0.E0));
#5082=DIRECTION('',(-1.E0,0.E0,0.E0));
#5083=DIRECTION('',(0.E0,0.E0,1.E0));
#5084=AXIS2_PLACEMENT_3D('',#5081,#5082,#5083);
#5085=PLANE('',#5084);
#5087=ORIENTED_EDGE('',*,*,#5086,.T.);
#5088=ORIENTED_EDGE('',*,*,#5048,.T.);
#5089=ORIENTED_EDGE('',*,*,#5075,.T.);
#5090=ORIENTED_EDGE('',*,*,#5007,.T.);
#5091=EDGE_LOOP('',(#5087,#5088,#5089,#5090));
#5092=FACE_OUTER_BOUND('',#5091,.F.);
#5093=ADVANCED_FACE('',(#5092),#5085,.F.);
#5094=CARTESIAN_POINT('',(-2.79E0,6.83E0,0.E0));
#5095=DIRECTION('',(0.E0,1.E0,0.E0));
#5096=DIRECTION('',(0.E0,0.E0,1.E0));
#5097=AXIS2_PLACEMENT_3D('',#5094,#5095,#5096);
#5098=PLANE('',#5097);
#5099=ORIENTED_EDGE('',*,*,#5029,.F.);
#5100=ORIENTED_EDGE('',*,*,#5050,.T.);
#5101=ORIENTED_EDGE('',*,*,#5086,.F.);
#5102=ORIENTED_EDGE('',*,*,#5005,.T.);
#5103=EDGE_LOOP('',(#5099,#5100,#5101,#5102));
#5104=FACE_OUTER_BOUND('',#5103,.F.);
#5105=ADVANCED_FACE('',(#5104),#5098,.T.);
#5106=OPEN_SHELL('',(#2555,#2572,#2599,#2613,#2630,#2649,#2664,#2679,#2706,
#2721,#2733,#2748,#2770,#2783,#2799,#2814,#2833,#2846,#2862,#2876,#2902,#2917,
#2944,#2960,#2974,#2986,#3004,#3020,#3036,#3058,#3073,#3086,#3100,#3113,#3128,
#3143,#3158,#3172,#3190,#3203,#3248,#3270,#3294,#3309,#3332,#3347,#3367,#3382,
#3408,#3422,#3436,#3460,#3475,#3492,#3505,#3518,#3531,#3548,#3564,#3578,#3594,
#3608,#3622,#3636,#3650,#3667,#3683,#3703,#3718,#3737,#3751,#3766,#3783,#3797,
#3813,#3831,#3847,#3862,#3876,#3889,#3906,#3920,#3933,#3945,#3961,#3975,#3988,
#3999,#4015,#4031,#4046,#4060,#4072,#4086,#4098,#4112,#4124,#4138,#4150,#4164,
#4209,#4222,#4235,#4259,#4281,#4326,#4340,#4353,#4367,#4379,#4396,#4411,#4426,
#4451,#4463,#4476,#4491,#4505,#4519,#4532,#4576,#4589,#4613,#4637,#4661,#4685,
#4707,#4722,#4736,#4749,#4768,#4781,#4793,#4817,#4841,#4863,#4878,#4892,#4905,
#4924,#4937,#4949,#4973,#4997,#5019,#5033,#5054,#5067,#5080,#5093,#5105));
#5107=SHELL_BASED_SURFACE_MODEL('',(#5106));
#5109=DIMENSIONAL_EXPONENTS(0.E0,0.E0,0.E0,0.E0,0.E0,0.E0,0.E0);
#5111=PLANE_ANGLE_MEASURE_WITH_UNIT(PLANE_ANGLE_MEASURE(1.745329251994E-2),
#5110);
#5112=(CONVERSION_BASED_UNIT('DEGREE',#5111)NAMED_UNIT(*)PLANE_ANGLE_UNIT());
#5114=UNCERTAINTY_MEASURE_WITH_UNIT(LENGTH_MEASURE(9.113717946750E-4),#5108,
'closure',
'Maximum model space distance between geometric entities at asserted connectivities');
#5115=(GEOMETRIC_REPRESENTATION_CONTEXT(3)GLOBAL_UNCERTAINTY_ASSIGNED_CONTEXT((
#5114))GLOBAL_UNIT_ASSIGNED_CONTEXT((#5108,#5112,#5113))REPRESENTATION_CONTEXT(
'ID1','3'));
#5117=APPLICATION_CONTEXT(
'CONFIGURATION CONTROLLED 3D DESIGNS OF MECHANICAL PARTS AND ASSEMBLIES');
#5118=APPLICATION_PROTOCOL_DEFINITION('international standard',
'config_control_design',1994,#5117);
#5119=DESIGN_CONTEXT('',#5117,'design');
#5120=MECHANICAL_CONTEXT('',#5117,'mechanical');
#5121=PRODUCT('TL3_WW_5407_SW0001','TL3_WW_5407_SW0001','NOT SPECIFIED',
(#5120));
#5122=PRODUCT_DEFINITION_FORMATION_WITH_SPECIFIED_SOURCE('1','LAST_VERSION',
#5121,.MADE.);
#5126=PRODUCT_CATEGORY('part','');
#5127=PRODUCT_RELATED_PRODUCT_CATEGORY('detail','',(#5121));
#5128=PRODUCT_CATEGORY_RELATIONSHIP('','',#5126,#5127);
#5129=SECURITY_CLASSIFICATION_LEVEL('unclassified');
#5130=SECURITY_CLASSIFICATION('','',#5129);
#5131=CC_DESIGN_SECURITY_CLASSIFICATION(#5130,(#5122));
#5132=APPROVAL_STATUS('approved');
#5133=APPROVAL(#5132,'');
#5134=CC_DESIGN_APPROVAL(#5133,(#5130,#5122,#5123));
#5135=CALENDAR_DATE(115,7,9);
#5136=COORDINATED_UNIVERSAL_TIME_OFFSET(2,0,.AHEAD.);
#5137=LOCAL_TIME(11,34,9.E0,#5136);
#5138=DATE_AND_TIME(#5135,#5137);
#5139=APPROVAL_DATE_TIME(#5138,#5133);
#5140=DATE_TIME_ROLE('creation_date');
#5141=CC_DESIGN_DATE_AND_TIME_ASSIGNMENT(#5138,#5140,(#5123));
#5142=DATE_TIME_ROLE('classification_date');
#5143=CC_DESIGN_DATE_AND_TIME_ASSIGNMENT(#5138,#5142,(#5130));
#5144=PERSON('UNSPECIFIED','UNSPECIFIED',$,$,$,$);
#5145=ORGANIZATION('UNSPECIFIED','UNSPECIFIED','UNSPECIFIED');
#5146=PERSON_AND_ORGANIZATION(#5144,#5145);
#5147=APPROVAL_ROLE('approver');
#5148=APPROVAL_PERSON_ORGANIZATION(#5146,#5133,#5147);
#5149=PERSON_AND_ORGANIZATION_ROLE('creator');
#5150=CC_DESIGN_PERSON_AND_ORGANIZATION_ASSIGNMENT(#5146,#5149,(#5122,#5123));
#5151=PERSON_AND_ORGANIZATION_ROLE('design_supplier');
#5152=CC_DESIGN_PERSON_AND_ORGANIZATION_ASSIGNMENT(#5146,#5151,(#5122));
#5153=PERSON_AND_ORGANIZATION_ROLE('classification_officer');
#5154=CC_DESIGN_PERSON_AND_ORGANIZATION_ASSIGNMENT(#5146,#5153,(#5130));
#5155=PERSON_AND_ORGANIZATION_ROLE('design_owner');
#5156=CC_DESIGN_PERSON_AND_ORGANIZATION_ASSIGNMENT(#5146,#5155,(#5121));
#7=B_SPLINE_CURVE_WITH_KNOTS('',3,(#1,#2,#3,#4,#5,#6),.UNSPECIFIED.,.F.,.F.,(4,
1,1,4),(0.E0,5.E-1,7.5E-1,1.E0),.UNSPECIFIED.);
#14=B_SPLINE_CURVE_WITH_KNOTS('',3,(#8,#9,#10,#11,#12,#13),.UNSPECIFIED.,.F.,
.F.,(4,1,1,4),(0.E0,2.5E-1,5.E-1,1.E0),.UNSPECIFIED.);
#25=B_SPLINE_CURVE_WITH_KNOTS('',3,(#19,#20,#21,#22,#23,#24),.UNSPECIFIED.,.F.,
.F.,(4,1,1,4),(0.E0,5.E-1,7.5E-1,1.E0),.UNSPECIFIED.);
#32=B_SPLINE_CURVE_WITH_KNOTS('',3,(#26,#27,#28,#29,#30,#31),.UNSPECIFIED.,.F.,
.F.,(4,1,1,4),(0.E0,2.5E-1,5.E-1,1.E0),.UNSPECIFIED.);
#41=CIRCLE('',#40,9.999999999967E-3);
#54=CIRCLE('',#53,3.E-1);
#59=CIRCLE('',#58,2.899999999998E-1);
#64=CIRCLE('',#63,3.E-1);
#69=CIRCLE('',#68,2.899999999998E-1);
#87=B_SPLINE_CURVE_WITH_KNOTS('',3,(#74,#75,#76,#77,#78,#79,#80,#81,#82,#83,#84,
#85,#86),.UNSPECIFIED.,.F.,.F.,(4,1,1,1,1,1,1,1,1,1,4),(0.E0,1.E-1,2.E-1,3.E-1,
4.E-1,5.E-1,6.E-1,7.E-1,8.E-1,9.E-1,1.E0),.UNSPECIFIED.);
#113=B_SPLINE_CURVE_WITH_KNOTS('',3,(#100,#101,#102,#103,#104,#105,#106,#107,
#108,#109,#110,#111,#112),.UNSPECIFIED.,.F.,.F.,(4,1,1,1,1,1,1,1,1,1,4),(0.E0,
1.E-1,2.E-1,3.E-1,4.E-1,5.E-1,6.E-1,7.E-1,8.E-1,9.E-1,1.E0),.UNSPECIFIED.);
#138=CIRCLE('',#137,2.899999999998E-1);
#143=CIRCLE('',#142,3.000000000001E-1);
#148=CIRCLE('',#147,2.899999999998E-1);
#153=CIRCLE('',#152,1.000000000020E-2);
#158=CIRCLE('',#157,3.E-1);
#181=B_SPLINE_CURVE_WITH_KNOTS('',3,(#175,#176,#177,#178,#179,#180),
.UNSPECIFIED.,.F.,.F.,(4,1,1,4),(0.E0,3.333333333333E-1,6.666666666667E-1,1.E0),
.UNSPECIFIED.);
#188=B_SPLINE_CURVE_WITH_KNOTS('',3,(#182,#183,#184,#185,#186,#187),
.UNSPECIFIED.,.F.,.F.,(4,1,1,4),(0.E0,3.333333333333E-1,6.666666666667E-1,1.E0),
.UNSPECIFIED.);
#199=B_SPLINE_CURVE_WITH_KNOTS('',3,(#193,#194,#195,#196,#197,#198),
.UNSPECIFIED.,.F.,.F.,(4,1,1,4),(0.E0,3.333333333333E-1,6.666666666667E-1,1.E0),
.UNSPECIFIED.);
#210=B_SPLINE_CURVE_WITH_KNOTS('',3,(#200,#201,#202,#203,#204,#205,#206,#207,
#208,#209),.UNSPECIFIED.,.F.,.F.,(4,1,1,1,1,1,1,4),(0.E0,1.428571428571E-1,
2.857142857143E-1,4.285714285714E-1,5.714285714286E-1,7.142857142857E-1,
8.571428571429E-1,1.E0),.UNSPECIFIED.);
#232=B_SPLINE_CURVE_WITH_KNOTS('',3,(#215,#216,#217,#218,#219,#220,#221,#222,
#223,#224,#225,#226,#227,#228,#229,#230,#231),.UNSPECIFIED.,.F.,.F.,(4,1,1,1,1,
1,1,1,1,1,1,1,1,1,4),(0.E0,7.142857142857E-2,1.428571428571E-1,
2.142857142857E-1,2.857142857143E-1,3.571428571429E-1,4.285714285714E-1,5.E-1,
5.714285714286E-1,6.428571428571E-1,7.142857142857E-1,7.857142857143E-1,
8.571428571429E-1,9.285714285714E-1,1.E0),.UNSPECIFIED.);
#250=B_SPLINE_CURVE_WITH_KNOTS('',3,(#241,#242,#243,#244,#245,#246,#247,#248,
#249),.UNSPECIFIED.,.F.,.F.,(4,1,1,1,1,1,4),(0.E0,1.666666666667E-1,
3.333333333333E-1,5.E-1,6.666666666667E-1,8.333333333333E-1,1.E0),
.UNSPECIFIED.);
#276=B_SPLINE_CURVE_WITH_KNOTS('',3,(#271,#272,#273,#274,#275),.UNSPECIFIED.,
.F.,.F.,(4,1,4),(0.E0,5.E-1,1.E0),.UNSPECIFIED.);
#282=B_SPLINE_CURVE_WITH_KNOTS('',3,(#277,#278,#279,#280,#281),.UNSPECIFIED.,
.F.,.F.,(4,1,4),(0.E0,5.E-1,1.E0),.UNSPECIFIED.);
#300=B_SPLINE_CURVE_WITH_KNOTS('',3,(#291,#292,#293,#294,#295,#296,#297,#298,
#299),.UNSPECIFIED.,.F.,.F.,(4,1,1,1,1,1,4),(0.E0,1.666666666667E-1,
3.333333333333E-1,5.E-1,6.666666666667E-1,8.333333333333E-1,1.E0),
.UNSPECIFIED.);
#305=CIRCLE('',#304,2.9E-1);
#310=CIRCLE('',#309,3.E-1);
#315=CIRCLE('',#314,2.9E-1);
#328=CIRCLE('',#327,2.899999999999E-1);
#333=CIRCLE('',#332,3.E-1);
#338=CIRCLE('',#337,2.899999999999E-1);
#347=CIRCLE('',#346,3.E-1);
#352=CIRCLE('',#351,9.999999999484E-3);
#363=B_SPLINE_CURVE_WITH_KNOTS('',3,(#357,#358,#359,#360,#361,#362),
.UNSPECIFIED.,.F.,.F.,(4,1,1,4),(0.E0,3.333333333333E-1,6.666666666667E-1,1.E0),
.UNSPECIFIED.);
#377=B_SPLINE_CURVE_WITH_KNOTS('',3,(#364,#365,#366,#367,#368,#369,#370,#371,
#372,#373,#374,#375,#376),.UNSPECIFIED.,.F.,.F.,(4,1,1,1,1,1,1,1,1,1,4),(0.E0,
1.E-1,2.E-1,3.E-1,4.E-1,5.E-1,6.E-1,7.E-1,8.E-1,9.E-1,1.E0),.UNSPECIFIED.);
#394=CIRCLE('',#393,9.999999999748E-3);
#399=CIRCLE('',#398,3.E-1);
#418=B_SPLINE_CURVE_WITH_KNOTS('',3,(#408,#409,#410,#411,#412,#413,#414,#415,
#416,#417),.UNSPECIFIED.,.F.,.F.,(4,1,1,1,1,1,1,4),(0.E0,1.428571428571E-1,
2.857142857143E-1,4.285714285714E-1,5.714285714286E-1,7.142857142857E-1,
8.571428571429E-1,1.E0),.UNSPECIFIED.);
#440=B_SPLINE_CURVE_WITH_KNOTS('',3,(#423,#424,#425,#426,#427,#428,#429,#430,
#431,#432,#433,#434,#435,#436,#437,#438,#439),.UNSPECIFIED.,.F.,.F.,(4,1,1,1,1,
1,1,1,1,1,1,1,1,1,4),(0.E0,7.142857142857E-2,1.428571428571E-1,
2.142857142857E-1,2.857142857143E-1,3.571428571429E-1,4.285714285714E-1,5.E-1,
5.714285714286E-1,6.428571428571E-1,7.142857142857E-1,7.857142857143E-1,
8.571428571429E-1,9.285714285714E-1,1.E0),.UNSPECIFIED.);
#447=B_SPLINE_CURVE_WITH_KNOTS('',3,(#441,#442,#443,#444,#445,#446),
.UNSPECIFIED.,.F.,.F.,(4,1,1,4),(0.E0,3.333333333333E-1,6.666666666667E-1,1.E0),
.UNSPECIFIED.);
#454=B_SPLINE_CURVE_WITH_KNOTS('',3,(#448,#449,#450,#451,#452,#453),
.UNSPECIFIED.,.F.,.F.,(4,1,1,4),(0.E0,3.333333333333E-1,6.666666666667E-1,1.E0),
.UNSPECIFIED.);
#465=B_SPLINE_CURVE_WITH_KNOTS('',3,(#459,#460,#461,#462,#463,#464),
.UNSPECIFIED.,.F.,.F.,(4,1,1,4),(0.E0,3.333333333333E-1,6.666666666667E-1,1.E0),
.UNSPECIFIED.);
#472=B_SPLINE_CURVE_WITH_KNOTS('',3,(#466,#467,#468,#469,#470,#471),
.UNSPECIFIED.,.F.,.F.,(4,1,1,4),(0.E0,3.333333333333E-1,6.666666666667E-1,1.E0),
.UNSPECIFIED.);
#509=B_SPLINE_CURVE_WITH_KNOTS('',3,(#497,#498,#499,#500,#501,#502,#503,#504,
#505,#506,#507,#508),.UNSPECIFIED.,.F.,.F.,(4,1,1,1,1,1,1,1,1,4),(0.E0,
1.111111111111E-1,2.222222222222E-1,3.333333333333E-1,4.444444444444E-1,
5.555555555556E-1,6.666666666667E-1,7.777777777778E-1,8.888888888889E-1,1.E0),
.UNSPECIFIED.);
#523=B_SPLINE_CURVE_WITH_KNOTS('',3,(#514,#515,#516,#517,#518,#519,#520,#521,
#522),.UNSPECIFIED.,.F.,.F.,(4,1,1,1,1,1,4),(0.E0,1.666666666667E-1,
3.333333333333E-1,5.E-1,6.666666666667E-1,8.333333333333E-1,1.E0),
.UNSPECIFIED.);
#537=B_SPLINE_CURVE_WITH_KNOTS('',3,(#532,#533,#534,#535,#536),.UNSPECIFIED.,
.F.,.F.,(4,1,4),(0.E0,5.E-1,1.E0),.UNSPECIFIED.);
#543=B_SPLINE_CURVE_WITH_KNOTS('',3,(#538,#539,#540,#541,#542),.UNSPECIFIED.,
.F.,.F.,(4,1,4),(0.E0,5.E-1,1.E0),.UNSPECIFIED.);
#560=CIRCLE('',#559,2.9E-1);
#574=B_SPLINE_CURVE_WITH_KNOTS('',3,(#561,#562,#563,#564,#565,#566,#567,#568,
#569,#570,#571,#572,#573),.UNSPECIFIED.,.F.,.F.,(4,1,1,1,1,1,1,1,1,1,4),(0.E0,
1.E-1,2.E-1,3.E-1,4.E-1,5.E-1,6.E-1,7.E-1,8.E-1,9.E-1,1.E0),.UNSPECIFIED.);
#585=B_SPLINE_CURVE_WITH_KNOTS('',3,(#579,#580,#581,#582,#583,#584),
.UNSPECIFIED.,.F.,.F.,(4,1,1,4),(0.E0,3.333333333333E-1,6.666666666667E-1,1.E0),
.UNSPECIFIED.);
#596=B_SPLINE_CURVE_WITH_KNOTS('',3,(#590,#591,#592,#593,#594,#595),
.UNSPECIFIED.,.F.,.F.,(4,1,1,4),(0.E0,3.333333333333E-1,6.666666666667E-1,1.E0),
.UNSPECIFIED.);
#617=B_SPLINE_CURVE_WITH_KNOTS('',3,(#605,#606,#607,#608,#609,#610,#611,#612,
#613,#614,#615,#616),.UNSPECIFIED.,.F.,.F.,(4,1,1,1,1,1,1,1,1,4),(0.E0,
1.111111111111E-1,2.222222222222E-1,3.333333333333E-1,4.444444444444E-1,
5.555555555556E-1,6.666666666667E-1,7.777777777778E-1,8.888888888889E-1,1.E0),
.UNSPECIFIED.);
#650=CIRCLE('',#649,4.E-1);
#731=CIRCLE('',#730,4.E-1);
#772=CIRCLE('',#771,4.E-1);
#825=CIRCLE('',#824,2.948378584292E0);
#836=B_SPLINE_CURVE_WITH_KNOTS('',3,(#830,#831,#832,#833,#834,#835),
.UNSPECIFIED.,.F.,.F.,(4,1,1,4),(0.E0,3.333333333333E-1,6.666666666667E-1,1.E0),
.UNSPECIFIED.);
#843=B_SPLINE_CURVE_WITH_KNOTS('',3,(#837,#838,#839,#840,#841,#842),
.UNSPECIFIED.,.F.,.F.,(4,1,1,4),(0.E0,3.333333333333E-1,6.666666666667E-1,1.E0),
.UNSPECIFIED.);
#852=CIRCLE('',#851,2.85E0);
#857=CIRCLE('',#856,2.85E0);
#864=B_SPLINE_CURVE_WITH_KNOTS('',3,(#858,#859,#860,#861,#862,#863),
.UNSPECIFIED.,.F.,.F.,(4,1,1,4),(0.E0,3.333333333333E-1,6.666666666667E-1,1.E0),
.UNSPECIFIED.);
#871=B_SPLINE_CURVE_WITH_KNOTS('',3,(#865,#866,#867,#868,#869,#870),
.UNSPECIFIED.,.F.,.F.,(4,1,1,4),(0.E0,3.333333333333E-1,6.666666666667E-1,1.E0),
.UNSPECIFIED.);
#896=CIRCLE('',#895,2.948378584292E0);
#917=CIRCLE('',#916,2.5E0);
#922=CIRCLE('',#921,2.5E0);
#939=CIRCLE('',#938,2.5E0);
#944=CIRCLE('',#943,2.5E0);
#967=B_SPLINE_CURVE_WITH_KNOTS('',3,(#961,#962,#963,#964,#965,#966),
.UNSPECIFIED.,.F.,.F.,(4,1,1,4),(0.E0,3.333333333333E-1,6.666666666667E-1,1.E0),
.UNSPECIFIED.);
#972=CIRCLE('',#971,2.5E0);
#977=CIRCLE('',#976,2.5E0);
#982=CIRCLE('',#981,2.3E0);
#987=CIRCLE('',#986,2.3E0);
#994=B_SPLINE_CURVE_WITH_KNOTS('',3,(#988,#989,#990,#991,#992,#993),
.UNSPECIFIED.,.F.,.F.,(4,1,1,4),(0.E0,3.333333333333E-1,6.666666666667E-1,1.E0),
.UNSPECIFIED.);
#1005=B_SPLINE_CURVE_WITH_KNOTS('',3,(#999,#1000,#1001,#1002,#1003,#1004),
.UNSPECIFIED.,.F.,.F.,(4,1,1,4),(0.E0,3.333333333333E-1,6.666666666667E-1,1.E0),
.UNSPECIFIED.);
#1010=CIRCLE('',#1009,2.5E0);
#1015=CIRCLE('',#1014,2.5E0);
#1020=CIRCLE('',#1019,2.3E0);
#1025=CIRCLE('',#1024,2.3E0);
#1032=B_SPLINE_CURVE_WITH_KNOTS('',3,(#1026,#1027,#1028,#1029,#1030,#1031),
.UNSPECIFIED.,.F.,.F.,(4,1,1,4),(0.E0,3.333333333333E-1,6.666666666667E-1,1.E0),
.UNSPECIFIED.);
#1047=B_SPLINE_CURVE_WITH_KNOTS('',3,(#1041,#1042,#1043,#1044,#1045,#1046),
.UNSPECIFIED.,.F.,.F.,(4,1,1,4),(0.E0,3.333333333333E-1,6.666666666667E-1,1.E0),
.UNSPECIFIED.);
#1052=CIRCLE('',#1051,2.300000237066E0);
#1057=CIRCLE('',#1056,2.300000237066E0);
#1062=CIRCLE('',#1061,2.100000343147E0);
#1071=CIRCLE('',#1070,2.100000343147E0);
#1086=B_SPLINE_CURVE_WITH_KNOTS('',3,(#1080,#1081,#1082,#1083,#1084,#1085),
.UNSPECIFIED.,.F.,.F.,(4,1,1,4),(0.E0,3.333333333333E-1,6.666666666667E-1,1.E0),
.UNSPECIFIED.);
#1105=B_SPLINE_CURVE_WITH_KNOTS('',3,(#1099,#1100,#1101,#1102,#1103,#1104),
.UNSPECIFIED.,.F.,.F.,(4,1,1,4),(0.E0,3.333333333333E-1,6.666666666667E-1,1.E0),
.UNSPECIFIED.);
#1110=CIRCLE('',#1109,2.300000237066E0);
#1115=CIRCLE('',#1114,2.300000237066E0);
#1122=B_SPLINE_CURVE_WITH_KNOTS('',3,(#1116,#1117,#1118,#1119,#1120,#1121),
.UNSPECIFIED.,.F.,.F.,(4,1,1,4),(0.E0,3.333333333333E-1,6.666666666667E-1,1.E0),
.UNSPECIFIED.);
#1139=CIRCLE('',#1138,8.5E-1);
#1148=CIRCLE('',#1147,8.5E-1);
#1153=CIRCLE('',#1152,1.201032166205E0);
#1158=CIRCLE('',#1157,1.2E0);
#1163=CIRCLE('',#1162,1.201032166205E0);
#1168=CIRCLE('',#1167,1.2E0);
#1177=CIRCLE('',#1176,3.5E-1);
#1182=CIRCLE('',#1181,3.5E-1);
#1187=CIRCLE('',#1186,4.E-1);
#1200=CIRCLE('',#1199,3.5E-1);
#1205=CIRCLE('',#1204,3.5E-1);
#1230=CIRCLE('',#1229,3.E-1);
#1235=CIRCLE('',#1234,5.E-1);
#1240=CIRCLE('',#1239,3.E-1);
#1245=CIRCLE('',#1244,5.E-1);
#1250=CIRCLE('',#1249,3.547480831244E-1);
#1255=CIRCLE('',#1254,6.792310124029E-1);
#1260=CIRCLE('',#1259,3.547480831244E-1);
#1265=CIRCLE('',#1264,6.792310124029E-1);
#1270=CIRCLE('',#1269,6.792310124029E-1);
#1275=CIRCLE('',#1274,3.547480831244E-1);
#1280=CIRCLE('',#1279,3.547480831244E-1);
#1285=CIRCLE('',#1284,6.792310124029E-1);
#1306=B_SPLINE_CURVE_WITH_KNOTS('',3,(#1294,#1295,#1296,#1297,#1298,#1299,#1300,
#1301,#1302,#1303,#1304,#1305),.UNSPECIFIED.,.F.,.F.,(4,1,1,1,1,1,1,1,1,4),
(0.E0,1.111111111111E-1,2.222222222222E-1,3.333333333333E-1,4.444444444444E-1,
5.555555555556E-1,6.666666666667E-1,7.777777777778E-1,8.888888888889E-1,1.E0),
.UNSPECIFIED.);
#1320=B_SPLINE_CURVE_WITH_KNOTS('',3,(#1307,#1308,#1309,#1310,#1311,#1312,#1313,
#1314,#1315,#1316,#1317,#1318,#1319),.UNSPECIFIED.,.F.,.F.,(4,1,1,1,1,1,1,1,1,1,
4),(0.E0,1.E-1,2.E-1,3.E-1,4.E-1,5.E-1,6.E-1,7.E-1,8.E-1,9.E-1,1.E0),
.UNSPECIFIED.);
#1333=B_SPLINE_CURVE_WITH_KNOTS('',3,(#1321,#1322,#1323,#1324,#1325,#1326,#1327,
#1328,#1329,#1330,#1331,#1332),.UNSPECIFIED.,.F.,.F.,(4,1,1,1,1,1,1,1,1,4),
(0.E0,1.111111111111E-1,2.222222222222E-1,3.333333333333E-1,4.444444444444E-1,
5.555555555556E-1,6.666666666667E-1,7.777777777778E-1,8.888888888889E-1,1.E0),
.UNSPECIFIED.);
#1338=CIRCLE('',#1337,2.9E-1);
#1351=CIRCLE('',#1350,2.899999999998E-1);
#1356=CIRCLE('',#1355,3.000000000002E-1);
#1361=CIRCLE('',#1360,2.899999999998E-1);
#1372=B_SPLINE_CURVE_WITH_KNOTS('',3,(#1366,#1367,#1368,#1369,#1370,#1371),
.UNSPECIFIED.,.F.,.F.,(4,1,1,4),(0.E0,3.333333333333E-1,6.666666666667E-1,1.E0),
.UNSPECIFIED.);
#1383=B_SPLINE_CURVE_WITH_KNOTS('',3,(#1377,#1378,#1379,#1380,#1381,#1382),
.UNSPECIFIED.,.F.,.F.,(4,1,1,4),(0.E0,3.333333333333E-1,6.666666666667E-1,1.E0),
.UNSPECIFIED.);
#1404=B_SPLINE_CURVE_WITH_KNOTS('',3,(#1392,#1393,#1394,#1395,#1396,#1397,#1398,
#1399,#1400,#1401,#1402,#1403),.UNSPECIFIED.,.F.,.F.,(4,1,1,1,1,1,1,1,1,4),
(0.E0,1.111111111111E-1,2.222222222222E-1,3.333333333333E-1,4.444444444444E-1,
5.555555555556E-1,6.666666666667E-1,7.777777777778E-1,8.888888888889E-1,1.E0),
.UNSPECIFIED.);
#1418=B_SPLINE_CURVE_WITH_KNOTS('',3,(#1405,#1406,#1407,#1408,#1409,#1410,#1411,
#1412,#1413,#1414,#1415,#1416,#1417),.UNSPECIFIED.,.F.,.F.,(4,1,1,1,1,1,1,1,1,1,
4),(0.E0,1.E-1,2.E-1,3.E-1,4.E-1,5.E-1,6.E-1,7.E-1,8.E-1,9.E-1,1.E0),
.UNSPECIFIED.);
#1423=CIRCLE('',#1422,2.9E-1);
#1444=B_SPLINE_CURVE_WITH_KNOTS('',3,(#1432,#1433,#1434,#1435,#1436,#1437,#1438,
#1439,#1440,#1441,#1442,#1443),.UNSPECIFIED.,.F.,.F.,(4,1,1,1,1,1,1,1,1,4),
(0.E0,1.111111111111E-1,2.222222222222E-1,3.333333333333E-1,4.444444444444E-1,
5.555555555556E-1,6.666666666667E-1,7.777777777778E-1,8.888888888889E-1,1.E0),
.UNSPECIFIED.);
#1466=B_SPLINE_CURVE_WITH_KNOTS('',3,(#1453,#1454,#1455,#1456,#1457,#1458,#1459,
#1460,#1461,#1462,#1463,#1464,#1465),.UNSPECIFIED.,.F.,.F.,(4,1,1,1,1,1,1,1,1,1,
4),(0.E0,1.E-1,2.E-1,3.E-1,4.E-1,5.E-1,6.E-1,7.E-1,8.E-1,9.E-1,1.E0),
.UNSPECIFIED.);
#1495=CIRCLE('',#1494,2.899999999999E-1);
#1500=CIRCLE('',#1499,3.E-1);
#1505=CIRCLE('',#1504,2.899999999999E-1);
#1535=B_SPLINE_CURVE_WITH_KNOTS('',3,(#1526,#1527,#1528,#1529,#1530,#1531,#1532,
#1533,#1534),.UNSPECIFIED.,.F.,.F.,(4,1,1,1,1,1,4),(0.E0,1.666666666667E-1,
3.333333333333E-1,5.E-1,6.666666666667E-1,8.333333333333E-1,1.E0),
.UNSPECIFIED.);
#1556=B_SPLINE_CURVE_WITH_KNOTS('',3,(#1544,#1545,#1546,#1547,#1548,#1549,#1550,
#1551,#1552,#1553,#1554,#1555),.UNSPECIFIED.,.F.,.F.,(4,1,1,1,1,1,1,1,1,4),
(0.E0,1.111111111111E-1,2.222222222222E-1,3.333333333333E-1,4.444444444444E-1,
5.555555555556E-1,6.666666666667E-1,7.777777777778E-1,8.888888888889E-1,1.E0),
.UNSPECIFIED.);
#1561=CIRCLE('',#1560,2.9E-1);
#1575=B_SPLINE_CURVE_WITH_KNOTS('',3,(#1562,#1563,#1564,#1565,#1566,#1567,#1568,
#1569,#1570,#1571,#1572,#1573,#1574),.UNSPECIFIED.,.F.,.F.,(4,1,1,1,1,1,1,1,1,1,
4),(0.E0,1.E-1,2.E-1,3.E-1,4.E-1,5.E-1,6.E-1,7.E-1,8.E-1,9.E-1,1.E0),
.UNSPECIFIED.);
#1596=B_SPLINE_CURVE_WITH_KNOTS('',3,(#1584,#1585,#1586,#1587,#1588,#1589,#1590,
#1591,#1592,#1593,#1594,#1595),.UNSPECIFIED.,.F.,.F.,(4,1,1,1,1,1,1,1,1,4),
(0.E0,1.111111111111E-1,2.222222222222E-1,3.333333333333E-1,4.444444444444E-1,
5.555555555556E-1,6.666666666667E-1,7.777777777778E-1,8.888888888889E-1,1.E0),
.UNSPECIFIED.);
#1601=CIRCLE('',#1600,2.899999999999E-1);
#1606=CIRCLE('',#1605,3.E-1);
#1611=CIRCLE('',#1610,2.899999999999E-1);
#1616=CIRCLE('',#1615,2.899999999998E-1);
#1621=CIRCLE('',#1620,3.000000000001E-1);
#1626=CIRCLE('',#1625,2.899999999998E-1);
#1683=CIRCLE('',#1682,5.E-1);
#1696=CIRCLE('',#1695,1.E0);
#1733=CIRCLE('',#1732,1.E0);
#1746=CIRCLE('',#1745,5.E-1);
#1815=CIRCLE('',#1814,1.E0);
#1828=CIRCLE('',#1827,1.5E0);
#1865=CIRCLE('',#1864,1.5E0);
#1878=CIRCLE('',#1877,1.E0);
#1943=CIRCLE('',#1942,2.E0);
#1948=CIRCLE('',#1947,1.5E0);
#1969=CIRCLE('',#1968,2.E0);
#1982=CIRCLE('',#1981,1.5E0);
#2529=EDGE_CURVE('',#2049,#2050,#49,.T.);
#2531=EDGE_CURVE('',#2049,#2051,#7,.T.);
#2533=EDGE_CURVE('',#2053,#2051,#458,.T.);
#2535=EDGE_CURVE('',#2053,#2054,#14,.T.);
#2537=EDGE_CURVE('',#2056,#2054,#403,.T.);
#2539=EDGE_CURVE('',#2058,#2056,#385,.T.);
#2541=EDGE_CURVE('',#2058,#2060,#18,.T.);
#2543=EDGE_CURVE('',#2060,#2061,#25,.T.);
#2545=EDGE_CURVE('',#2063,#2061,#192,.T.);
#2547=EDGE_CURVE('',#2063,#2064,#32,.T.);
#2549=EDGE_CURVE('',#2064,#2066,#36,.T.);
#2551=EDGE_CURVE('',#2050,#2066,#99,.T.);
#2561=EDGE_CURVE('',#2069,#2070,#41,.T.);
#2563=EDGE_CURVE('',#2070,#2049,#45,.T.);
#2566=EDGE_CURVE('',#2050,#2072,#54,.T.);
#2568=EDGE_CURVE('',#2069,#2072,#73,.T.);
#2591=EDGE_CURVE('',#2069,#2074,#59,.T.);
#2593=EDGE_CURVE('',#2074,#2076,#64,.T.);
#2595=EDGE_CURVE('',#2076,#2070,#69,.T.);
#2606=EDGE_CURVE('',#2072,#2077,#87,.T.);
#2608=EDGE_CURVE('',#2077,#2074,#91,.T.);
#2619=EDGE_CURVE('',#2079,#2077,#95,.T.);
#2624=EDGE_CURVE('',#2081,#2066,#158,.T.);
#2626=EDGE_CURVE('',#2081,#2079,#113,.T.);
#2637=EDGE_CURVE('',#2083,#2079,#125,.T.);
#2639=EDGE_CURVE('',#2083,#2085,#117,.T.);
#2641=EDGE_CURVE('',#2087,#2085,#1293,.T.);
#2643=EDGE_CURVE('',#2087,#2089,#121,.T.);
#2645=EDGE_CURVE('',#2077,#2089,#488,.T.);
#2655=EDGE_CURVE('',#2092,#2093,#133,.T.);
#2657=EDGE_CURVE('',#2083,#2092,#1346,.T.);
#2660=EDGE_CURVE('',#2093,#2079,#170,.T.);
#2670=EDGE_CURVE('',#2095,#2093,#143,.T.);
#2672=EDGE_CURVE('',#2095,#2097,#129,.T.);
#2674=EDGE_CURVE('',#2092,#2097,#1356,.T.);
#2697=EDGE_CURVE('',#2100,#2101,#153,.T.);
#2699=EDGE_CURVE('',#2100,#2095,#138,.T.);
#2702=EDGE_CURVE('',#2093,#2101,#148,.T.);
#2713=EDGE_CURVE('',#2081,#2101,#166,.T.);
#2717=EDGE_CURVE('',#2064,#2100,#162,.T.);
#2741=EDGE_CURVE('',#2102,#2063,#188,.T.);
#2743=EDGE_CURVE('',#2102,#2095,#174,.T.);
#2754=EDGE_CURVE('',#2103,#2102,#181,.T.);
#2758=EDGE_CURVE('',#2061,#2104,#199,.T.);
#2760=EDGE_CURVE('',#2105,#2104,#363,.T.);
#2762=EDGE_CURVE('',#2105,#2106,#210,.T.);
#2764=EDGE_CURVE('',#2106,#2108,#214,.T.);
#2766=EDGE_CURVE('',#2108,#2103,#232,.T.);
#2778=EDGE_CURVE('',#2097,#2103,#236,.T.);
#2789=EDGE_CURVE('',#2111,#2112,#240,.T.);
#2791=EDGE_CURVE('',#2097,#2111,#1361,.T.);
#2795=EDGE_CURVE('',#2112,#2108,#276,.T.);
#2806=EDGE_CURVE('',#2114,#2112,#270,.T.);
#2808=EDGE_CURVE('',#2116,#2114,#1342,.T.);
#2810=EDGE_CURVE('',#2116,#2111,#250,.T.);
#2820=EDGE_CURVE('',#2112,#2118,#254,.T.);
#2822=EDGE_CURVE('',#2118,#2120,#258,.T.);
#2824=EDGE_CURVE('',#2120,#2122,#262,.T.);
#2826=EDGE_CURVE('',#2124,#2122,#1391,.T.);
#2828=EDGE_CURVE('',#2124,#2114,#266,.T.);
#2842=EDGE_CURVE('',#2106,#2118,#282,.T.);
#2852=EDGE_CURVE('',#2118,#2126,#290,.T.);
#2856=EDGE_CURVE('',#2105,#2128,#286,.T.);
#2858=EDGE_CURVE('',#2126,#2128,#305,.T.);
#2869=EDGE_CURVE('',#2126,#2129,#300,.T.);
#2871=EDGE_CURVE('',#2120,#2129,#1427,.T.);
#2896=EDGE_CURVE('',#2128,#2131,#310,.T.);
#2898=EDGE_CURVE('',#2131,#2129,#315,.T.);
#2908=EDGE_CURVE('',#2134,#2135,#333,.T.);
#2910=EDGE_CURVE('',#2134,#2131,#319,.T.);
#2913=EDGE_CURVE('',#2128,#2135,#323,.T.);
#2935=EDGE_CURVE('',#2138,#2139,#352,.T.);
#2937=EDGE_CURVE('',#2138,#2134,#328,.T.);
#2940=EDGE_CURVE('',#2135,#2139,#338,.T.);
#2950=EDGE_CURVE('',#2139,#2060,#342,.T.);
#2953=EDGE_CURVE('',#2058,#2141,#347,.T.);
#2955=EDGE_CURVE('',#2138,#2141,#1452,.T.);
#2968=EDGE_CURVE('',#2135,#2104,#356,.T.);
#2992=EDGE_CURVE('',#2143,#2056,#399,.T.);
#2994=EDGE_CURVE('',#2143,#2144,#377,.T.);
#2996=EDGE_CURVE('',#2144,#2146,#381,.T.);
#2998=EDGE_CURVE('',#2141,#2146,#1466,.T.);
#3010=EDGE_CURVE('',#2054,#2148,#389,.T.);
#3012=EDGE_CURVE('',#2148,#2150,#394,.T.);
#3014=EDGE_CURVE('',#2143,#2150,#1513,.T.);
#3028=EDGE_CURVE('',#2151,#2053,#454,.T.);
#3030=EDGE_CURVE('',#2151,#2153,#407,.T.);
#3032=EDGE_CURVE('',#2148,#2153,#1495,.T.);
#3042=EDGE_CURVE('',#2154,#2155,#472,.T.);
#3044=EDGE_CURVE('',#2154,#2156,#418,.T.);
#3046=EDGE_CURVE('',#2156,#2158,#422,.T.);
#3048=EDGE_CURVE('',#2158,#2159,#440,.T.);
#3050=EDGE_CURVE('',#2159,#2151,#447,.T.);
#3054=EDGE_CURVE('',#2051,#2155,#465,.T.);
#3064=EDGE_CURVE('',#2076,#2155,#476,.T.);
#3066=EDGE_CURVE('',#2161,#2076,#484,.T.);
#3068=EDGE_CURVE('',#2154,#2161,#531,.T.);
#3093=EDGE_CURVE('',#2074,#2163,#480,.T.);
#3095=EDGE_CURVE('',#2161,#2163,#1621,.T.);
#3109=EDGE_CURVE('',#2163,#2089,#496,.T.);
#3119=EDGE_CURVE('',#2166,#2167,#492,.T.);
#3121=EDGE_CURVE('',#2163,#2167,#1626,.T.);
#3124=EDGE_CURVE('',#2089,#2166,#509,.T.);
#3134=EDGE_CURVE('',#2170,#2171,#513,.T.);
#3136=EDGE_CURVE('',#2171,#2167,#523,.T.);
#3139=EDGE_CURVE('',#2166,#2170,#527,.T.);
#3150=EDGE_CURVE('',#2156,#2170,#537,.T.);
#3154=EDGE_CURVE('',#2171,#2161,#1616,.T.);
#3166=EDGE_CURVE('',#2173,#2170,#547,.T.);
#3168=EDGE_CURVE('',#2173,#2158,#543,.T.);
#3180=EDGE_CURVE('',#2166,#2175,#551,.T.);
#3182=EDGE_CURVE('',#2177,#2175,#604,.T.);
#3184=EDGE_CURVE('',#2177,#2179,#555,.T.);
#3186=EDGE_CURVE('',#2173,#2179,#1525,.T.);
#3199=EDGE_CURVE('',#2087,#2175,#560,.T.);
#3241=EDGE_CURVE('',#2175,#2180,#617,.T.);
#3244=EDGE_CURVE('',#2087,#2180,#574,.T.);
#3254=EDGE_CURVE('',#2180,#2182,#578,.T.);
#3256=EDGE_CURVE('',#2182,#2183,#585,.T.);
#3258=EDGE_CURVE('',#2183,#2185,#589,.T.);
#3260=EDGE_CURVE('',#2185,#2186,#596,.T.);
#3262=EDGE_CURVE('',#2186,#2188,#600,.T.);
#3264=EDGE_CURVE('',#2177,#2188,#1575,.T.);
#3276=EDGE_CURVE('',#2191,#2192,#633,.T.);
#3278=EDGE_CURVE('',#2194,#2191,#816,.T.);
#3280=EDGE_CURVE('',#2194,#2196,#621,.T.);
#3282=EDGE_CURVE('',#2198,#2196,#796,.T.);
#3284=EDGE_CURVE('',#2200,#2198,#784,.T.);
#3286=EDGE_CURVE('',#2202,#2200,#714,.T.);
#3288=EDGE_CURVE('',#2204,#2202,#658,.T.);
#3290=EDGE_CURVE('',#2192,#2204,#641,.T.);
#3300=EDGE_CURVE('',#2215,#2216,#625,.T.);
#3302=EDGE_CURVE('',#2216,#2191,#629,.T.);
#3305=EDGE_CURVE('',#2215,#2192,#637,.T.);
#3316=EDGE_CURVE('',#2218,#2215,#645,.T.);
#3318=EDGE_CURVE('',#2220,#2218,#875,.T.);
#3320=EDGE_CURVE('',#2221,#2220,#864,.T.);
#3322=EDGE_CURVE('',#2223,#2221,#847,.T.);
#3324=EDGE_CURVE('',#2224,#2223,#836,.T.);
#3326=EDGE_CURVE('',#2226,#2224,#820,.T.);
#3328=EDGE_CURVE('',#2216,#2226,#804,.T.);
#3340=EDGE_CURVE('',#2228,#2204,#654,.T.);
#3342=EDGE_CURVE('',#2218,#2228,#879,.T.);
#3353=EDGE_CURVE('',#2231,#2232,#650,.T.);
#3355=EDGE_CURVE('',#2228,#2232,#883,.T.);
#3359=EDGE_CURVE('',#2234,#2202,#710,.T.);
#3361=EDGE_CURVE('',#2236,#2234,#682,.T.);
#3363=EDGE_CURVE('',#2236,#2231,#662,.T.);
#3374=EDGE_CURVE('',#2231,#2238,#666,.T.);
#3376=EDGE_CURVE('',#2240,#2238,#772,.T.);
#3378=EDGE_CURVE('',#2240,#2232,#670,.T.);
#3390=EDGE_CURVE('',#2242,#2236,#678,.T.);
#3392=EDGE_CURVE('',#2244,#2242,#690,.T.);
#3394=EDGE_CURVE('',#2246,#2244,#1225,.T.);
#3396=EDGE_CURVE('',#2248,#2246,#1172,.T.);
#3398=EDGE_CURVE('',#2250,#2248,#747,.T.);
#3400=EDGE_CURVE('',#2250,#2252,#674,.T.);
#3402=EDGE_CURVE('',#2254,#2252,#767,.T.);
#3404=EDGE_CURVE('',#2238,#2254,#776,.T.);
#3414=EDGE_CURVE('',#2242,#2268,#694,.T.);
#3418=EDGE_CURVE('',#2234,#2268,#686,.T.);
#3430=EDGE_CURVE('',#2270,#2268,#706,.T.);
#3432=EDGE_CURVE('',#2270,#2244,#698,.T.);
#3442=EDGE_CURVE('',#2273,#2274,#726,.T.);
#3444=EDGE_CURVE('',#2273,#2270,#702,.T.);
#3450=EDGE_CURVE('',#2276,#2200,#780,.T.);
#3452=EDGE_CURVE('',#2278,#2276,#759,.T.);
#3454=EDGE_CURVE('',#2280,#2278,#751,.T.);
#3456=EDGE_CURVE('',#2280,#2274,#718,.T.);
#3466=EDGE_CURVE('',#2282,#2274,#731,.T.);
#3468=EDGE_CURVE('',#2282,#2284,#722,.T.);
#3470=EDGE_CURVE('',#2273,#2284,#1187,.T.);
#3482=EDGE_CURVE('',#2274,#2248,#735,.T.);
#3484=EDGE_CURVE('',#2248,#2286,#739,.T.);
#3486=EDGE_CURVE('',#2288,#2286,#1213,.T.);
#3488=EDGE_CURVE('',#2282,#2288,#1195,.T.);
#3499=EDGE_CURVE('',#2280,#2250,#743,.T.);
#3514=EDGE_CURVE('',#2252,#2278,#755,.T.);
#3526=EDGE_CURVE('',#2276,#2254,#763,.T.);
#3542=EDGE_CURVE('',#2290,#2198,#792,.T.);
#3544=EDGE_CURVE('',#2240,#2290,#887,.T.);
#3554=EDGE_CURVE('',#2292,#2196,#800,.T.);
#3556=EDGE_CURVE('',#2292,#2294,#788,.T.);
#3558=EDGE_CURVE('',#2290,#2294,#891,.T.);
#3571=EDGE_CURVE('',#2296,#2194,#812,.T.);
#3573=EDGE_CURVE('',#2292,#2296,#904,.T.);
#3586=EDGE_CURVE('',#2298,#2226,#829,.T.);
#3588=EDGE_CURVE('',#2298,#2296,#808,.T.);
#3601=EDGE_CURVE('',#2224,#2300,#825,.T.);
#3603=EDGE_CURVE('',#2298,#2300,#908,.T.);
#3615=EDGE_CURVE('',#2302,#2223,#857,.T.);
#3617=EDGE_CURVE('',#2302,#2300,#843,.T.);
#3629=EDGE_CURVE('',#2221,#2304,#852,.T.);
#3631=EDGE_CURVE('',#2302,#2304,#912,.T.);
#3643=EDGE_CURVE('',#2318,#2220,#896,.T.);
#3645=EDGE_CURVE('',#2318,#2304,#871,.T.);
#3662=EDGE_CURVE('',#2318,#2294,#900,.T.);
#3689=EDGE_CURVE('',#2310,#2308,#917,.T.);
#3691=EDGE_CURVE('',#2308,#2307,#922,.T.);
#3693=EDGE_CURVE('',#2307,#2320,#926,.T.);
#3695=EDGE_CURVE('',#2322,#2320,#977,.T.);
#3697=EDGE_CURVE('',#2324,#2322,#972,.T.);
#3699=EDGE_CURVE('',#2324,#2310,#930,.T.);
#3709=EDGE_CURVE('',#2307,#2316,#934,.T.);
#3711=EDGE_CURVE('',#2326,#2316,#952,.T.);
#3713=EDGE_CURVE('',#2320,#2326,#998,.T.);
#3724=EDGE_CURVE('',#2316,#2314,#939,.T.);
#3726=EDGE_CURVE('',#2314,#2312,#944,.T.);
#3728=EDGE_CURVE('',#2312,#2328,#948,.T.);
#3730=EDGE_CURVE('',#2330,#2328,#1015,.T.);
#3732=EDGE_CURVE('',#2326,#2330,#1010,.T.);
#3743=EDGE_CURVE('',#2312,#2310,#956,.T.);
#3746=EDGE_CURVE('',#2328,#2324,#960,.T.);
#3758=EDGE_CURVE('',#2331,#2324,#994,.T.);
#3760=EDGE_CURVE('',#2333,#2331,#1090,.T.);
#3762=EDGE_CURVE('',#2333,#2328,#967,.T.);
#3774=EDGE_CURVE('',#2334,#2320,#1005,.T.);
#3776=EDGE_CURVE('',#2334,#2336,#982,.T.);
#3778=EDGE_CURVE('',#2336,#2331,#987,.T.);
#3790=EDGE_CURVE('',#2337,#2326,#1032,.T.);
#3792=EDGE_CURVE('',#2334,#2337,#1130,.T.);
#3806=EDGE_CURVE('',#2333,#2339,#1020,.T.);
#3808=EDGE_CURVE('',#2339,#2337,#1025,.T.);
#3819=EDGE_CURVE('',#2343,#2345,#1057,.T.);
#3821=EDGE_CURVE('',#2342,#2343,#1052,.T.);
#3823=EDGE_CURVE('',#2342,#2337,#1036,.T.);
#3827=EDGE_CURVE('',#2333,#2345,#1040,.T.);
#3837=EDGE_CURVE('',#2348,#2349,#1062,.T.);
#3839=EDGE_CURVE('',#2348,#2342,#1047,.T.);
#3843=EDGE_CURVE('',#2349,#2345,#1086,.T.);
#3854=EDGE_CURVE('',#2349,#2351,#1066,.T.);
#3856=EDGE_CURVE('',#2351,#2353,#1071,.T.);
#3858=EDGE_CURVE('',#2353,#2348,#1075,.T.);
#3868=EDGE_CURVE('',#2345,#2355,#1079,.T.);
#3870=EDGE_CURVE('',#2351,#2355,#1105,.T.);
#3885=EDGE_CURVE('',#2355,#2331,#1094,.T.);
#3895=EDGE_CURVE('',#2357,#2359,#1115,.T.);
#3897=EDGE_CURVE('',#2355,#2357,#1110,.T.);
#3902=EDGE_CURVE('',#2334,#2359,#1098,.T.);
#3916=EDGE_CURVE('',#2353,#2359,#1122,.T.);
#3928=EDGE_CURVE('',#2359,#2342,#1126,.T.);
#3951=EDGE_CURVE('',#2365,#2362,#1134,.T.);
#3953=EDGE_CURVE('',#2362,#2363,#1139,.T.);
#3955=EDGE_CURVE('',#2367,#2363,#1143,.T.);
#3957=EDGE_CURVE('',#2365,#2367,#1168,.T.);
#3968=EDGE_CURVE('',#2367,#2365,#1158,.T.);
#3971=EDGE_CURVE('',#2363,#2362,#1148,.T.);
#3981=EDGE_CURVE('',#2369,#2365,#1163,.T.);
#3983=EDGE_CURVE('',#2369,#2367,#1153,.T.);
#4006=EDGE_CURVE('',#2371,#2246,#1191,.T.);
#4008=EDGE_CURVE('',#2371,#2373,#1177,.T.);
#4010=EDGE_CURVE('',#2373,#2286,#1182,.T.);
#4022=EDGE_CURVE('',#2375,#2284,#1209,.T.);
#4024=EDGE_CURVE('',#2371,#2375,#1217,.T.);
#4027=EDGE_CURVE('',#2273,#2246,#1221,.T.);
#4039=EDGE_CURVE('',#2288,#2377,#1200,.T.);
#4041=EDGE_CURVE('',#2377,#2375,#1205,.T.);
#4078=EDGE_CURVE('',#2258,#2257,#1230,.T.);
#4080=EDGE_CURVE('',#2379,#2257,#1245,.T.);
#4082=EDGE_CURVE('',#2379,#2258,#1235,.T.);
#4092=EDGE_CURVE('',#2257,#2258,#1240,.T.);
#4104=EDGE_CURVE('',#2262,#2261,#1250,.T.);
#4106=EDGE_CURVE('',#2261,#2381,#1255,.T.);
#4108=EDGE_CURVE('',#2262,#2381,#1265,.T.);
#4118=EDGE_CURVE('',#2261,#2262,#1260,.T.);
#4130=EDGE_CURVE('',#2265,#2383,#1270,.T.);
#4132=EDGE_CURVE('',#2266,#2383,#1285,.T.);
#4134=EDGE_CURVE('',#2266,#2265,#1275,.T.);
#4145=EDGE_CURVE('',#2265,#2266,#1280,.T.);
#4156=EDGE_CURVE('',#2206,#2180,#1289,.T.);
#4160=EDGE_CURVE('',#2085,#2206,#1306,.T.);
#4203=EDGE_CURVE('',#2124,#2085,#1338,.T.);
#4205=EDGE_CURVE('',#2124,#2206,#1320,.T.);
#4216=EDGE_CURVE('',#2083,#2114,#1333,.T.);
#4231=EDGE_CURVE('',#2116,#2092,#1351,.T.);
#4265=EDGE_CURVE('',#2211,#2212,#1365,.T.);
#4267=EDGE_CURVE('',#2212,#2384,#1372,.T.);
#4269=EDGE_CURVE('',#2384,#2386,#1376,.T.);
#4271=EDGE_CURVE('',#2386,#2208,#1383,.T.);
#4273=EDGE_CURVE('',#2208,#2206,#1387,.T.);
#4277=EDGE_CURVE('',#2122,#2211,#1404,.T.);
#4320=EDGE_CURVE('',#2388,#2122,#1423,.T.);
#4322=EDGE_CURVE('',#2388,#2211,#1418,.T.);
#4333=EDGE_CURVE('',#2389,#2120,#1444,.T.);
#4335=EDGE_CURVE('',#2388,#2389,#1478,.T.);
#4348=EDGE_CURVE('',#2131,#2389,#1431,.T.);
#4360=EDGE_CURVE('',#2146,#2134,#1470,.T.);
#4362=EDGE_CURVE('',#2146,#2389,#1448,.T.);
#4386=EDGE_CURVE('',#2391,#2144,#1482,.T.);
#4388=EDGE_CURVE('',#2391,#2393,#1474,.T.);
#4390=EDGE_CURVE('',#2388,#2393,#1583,.T.);
#4402=EDGE_CURVE('',#2396,#2397,#1490,.T.);
#4404=EDGE_CURVE('',#2391,#2396,#1543,.T.);
#4407=EDGE_CURVE('',#2397,#2144,#1509,.T.);
#4417=EDGE_CURVE('',#2153,#2397,#1500,.T.);
#4419=EDGE_CURVE('',#2153,#2399,#1486,.T.);
#4421=EDGE_CURVE('',#2396,#2399,#1606,.T.);
#4447=EDGE_CURVE('',#2397,#2150,#1505,.T.);
#4471=EDGE_CURVE('',#2399,#2159,#1517,.T.);
#4482=EDGE_CURVE('',#2401,#2173,#1521,.T.);
#4484=EDGE_CURVE('',#2399,#2401,#1611,.T.);
#4499=EDGE_CURVE('',#2403,#2179,#1539,.T.);
#4501=EDGE_CURVE('',#2403,#2401,#1535,.T.);
#4512=EDGE_CURVE('',#2391,#2179,#1556,.T.);
#4515=EDGE_CURVE('',#2403,#2396,#1601,.T.);
#4528=EDGE_CURVE('',#2177,#2393,#1561,.T.);
#4570=EDGE_CURVE('',#2393,#2188,#1596,.T.);
#4582=EDGE_CURVE('',#2188,#2211,#1579,.T.);
#4643=EDGE_CURVE('',#2025,#2026,#1630,.T.);
#4645=EDGE_CURVE('',#2026,#2405,#1634,.T.);
#4647=EDGE_CURVE('',#2405,#2407,#1638,.T.);
#4649=EDGE_CURVE('',#2407,#2409,#1642,.T.);
#4651=EDGE_CURVE('',#2411,#2409,#1720,.T.);
#4653=EDGE_CURVE('',#2413,#2411,#1691,.T.);
#4655=EDGE_CURVE('',#2413,#2415,#1646,.T.);
#4657=EDGE_CURVE('',#2415,#2025,#1650,.T.);
#4667=EDGE_CURVE('',#2030,#2029,#1654,.T.);
#4669=EDGE_CURVE('',#2029,#2419,#1658,.T.);
#4671=EDGE_CURVE('',#2419,#2421,#1662,.T.);
#4673=EDGE_CURVE('',#2421,#2423,#1666,.T.);
#4675=EDGE_CURVE('',#2425,#2423,#1750,.T.);
#4677=EDGE_CURVE('',#2427,#2425,#1741,.T.);
#4679=EDGE_CURVE('',#2427,#2417,#1670,.T.);
#4681=EDGE_CURVE('',#2417,#2030,#1674,.T.);
#4691=EDGE_CURVE('',#2430,#2431,#1700,.T.);
#4693=EDGE_CURVE('',#2430,#2433,#1678,.T.);
#4695=EDGE_CURVE('',#2433,#2423,#1683,.T.);
#4698=EDGE_CURVE('',#2421,#2413,#1687,.T.);
#4701=EDGE_CURVE('',#2411,#2435,#1696,.T.);
#4703=EDGE_CURVE('',#2431,#2435,#1712,.T.);
#4714=EDGE_CURVE('',#2431,#2437,#1704,.T.);
#4716=EDGE_CURVE('',#2439,#2437,#1728,.T.);
#4718=EDGE_CURVE('',#2439,#2430,#1708,.T.);
#4730=EDGE_CURVE('',#2441,#2435,#1724,.T.);
#4732=EDGE_CURVE('',#2441,#2437,#1716,.T.);
#4744=EDGE_CURVE('',#2441,#2409,#1733,.T.);
#4759=EDGE_CURVE('',#2407,#2427,#1737,.T.);
#4762=EDGE_CURVE('',#2425,#2443,#1746,.T.);
#4764=EDGE_CURVE('',#2439,#2443,#1758,.T.);
#4776=EDGE_CURVE('',#2433,#2443,#1754,.T.);
#4799=EDGE_CURVE('',#2033,#2034,#1762,.T.);
#4801=EDGE_CURVE('',#2034,#2445,#1766,.T.);
#4803=EDGE_CURVE('',#2445,#2447,#1770,.T.);
#4805=EDGE_CURVE('',#2447,#2449,#1774,.T.);
#4807=EDGE_CURVE('',#2451,#2449,#1852,.T.);
#4809=EDGE_CURVE('',#2453,#2451,#1823,.T.);
#4811=EDGE_CURVE('',#2453,#2455,#1778,.T.);
#4813=EDGE_CURVE('',#2455,#2033,#1782,.T.);
#4823=EDGE_CURVE('',#2038,#2037,#1786,.T.);
#4825=EDGE_CURVE('',#2037,#2459,#1790,.T.);
#4827=EDGE_CURVE('',#2459,#2461,#1794,.T.);
#4829=EDGE_CURVE('',#2461,#2463,#1798,.T.);
#4831=EDGE_CURVE('',#2465,#2463,#1882,.T.);
#4833=EDGE_CURVE('',#2467,#2465,#1873,.T.);
#4835=EDGE_CURVE('',#2467,#2457,#1802,.T.);
#4837=EDGE_CURVE('',#2457,#2038,#1806,.T.);
#4847=EDGE_CURVE('',#2470,#2471,#1832,.T.);
#4849=EDGE_CURVE('',#2470,#2473,#1810,.T.);
#4851=EDGE_CURVE('',#2473,#2463,#1815,.T.);
#4854=EDGE_CURVE('',#2461,#2453,#1819,.T.);
#4857=EDGE_CURVE('',#2451,#2475,#1828,.T.);
#4859=EDGE_CURVE('',#2471,#2475,#1844,.T.);
#4870=EDGE_CURVE('',#2471,#2477,#1836,.T.);
#4872=EDGE_CURVE('',#2479,#2477,#1860,.T.);
#4874=EDGE_CURVE('',#2479,#2470,#1840,.T.);
#4886=EDGE_CURVE('',#2481,#2475,#1856,.T.);
#4888=EDGE_CURVE('',#2481,#2477,#1848,.T.);
#4900=EDGE_CURVE('',#2481,#2449,#1865,.T.);
#4915=EDGE_CURVE('',#2447,#2467,#1869,.T.);
#4918=EDGE_CURVE('',#2465,#2483,#1878,.T.);
#4920=EDGE_CURVE('',#2479,#2483,#1890,.T.);
#4932=EDGE_CURVE('',#2473,#2483,#1886,.T.);
#4955=EDGE_CURVE('',#2041,#2042,#1894,.T.);
#4957=EDGE_CURVE('',#2042,#2485,#1898,.T.);
#4959=EDGE_CURVE('',#2485,#2487,#1902,.T.);
#4961=EDGE_CURVE('',#2487,#2489,#1906,.T.);
#4963=EDGE_CURVE('',#2491,#2489,#1960,.T.);
#4965=EDGE_CURVE('',#2493,#2491,#1956,.T.);
#4967=EDGE_CURVE('',#2493,#2495,#1910,.T.);
#4969=EDGE_CURVE('',#2495,#2041,#1914,.T.);
#4979=EDGE_CURVE('',#2046,#2045,#1918,.T.);
#4981=EDGE_CURVE('',#2045,#2499,#1922,.T.);
#4983=EDGE_CURVE('',#2499,#2501,#1926,.T.);
#4985=EDGE_CURVE('',#2501,#2503,#1930,.T.);
#4987=EDGE_CURVE('',#2505,#2503,#1990,.T.);
#4989=EDGE_CURVE('',#2507,#2505,#1977,.T.);
#4991=EDGE_CURVE('',#2507,#2497,#1934,.T.);
#4993=EDGE_CURVE('',#2497,#2046,#1938,.T.);
#5003=EDGE_CURVE('',#2491,#2509,#1943,.T.);
#5005=EDGE_CURVE('',#2511,#2509,#2022,.T.);
#5007=EDGE_CURVE('',#2513,#2511,#2014,.T.);
#5009=EDGE_CURVE('',#2515,#2513,#1998,.T.);
#5011=EDGE_CURVE('',#2515,#2503,#1948,.T.);
#5014=EDGE_CURVE('',#2501,#2493,#1952,.T.);
#5027=EDGE_CURVE('',#2517,#2489,#1969,.T.);
#5029=EDGE_CURVE('',#2517,#2509,#1964,.T.);
#5041=EDGE_CURVE('',#2487,#2507,#1973,.T.);
#5044=EDGE_CURVE('',#2505,#2519,#1982,.T.);
#5046=EDGE_CURVE('',#2519,#2521,#1986,.T.);
#5048=EDGE_CURVE('',#2523,#2521,#2006,.T.);
#5050=EDGE_CURVE('',#2517,#2523,#2018,.T.);
#5062=EDGE_CURVE('',#2515,#2519,#1994,.T.);
#5075=EDGE_CURVE('',#2521,#2513,#2010,.T.);
#5086=EDGE_CURVE('',#2511,#2523,#2002,.T.);
#5108=(LENGTH_UNIT()NAMED_UNIT(*)SI_UNIT(.MILLI.,.METRE.));
#5110=(NAMED_UNIT(*)PLANE_ANGLE_UNIT()SI_UNIT($,.RADIAN.));
#5113=(NAMED_UNIT(*)SI_UNIT($,.STERADIAN.)SOLID_ANGLE_UNIT());
#5116=MANIFOLD_SURFACE_SHAPE_REPRESENTATION('',(#5107),#5115);
#5123=PRODUCT_DEFINITION('design','',#5122,#5119);
#5124=PRODUCT_DEFINITION_SHAPE('','SHAPE FOR TL3_WW_5407_SW0001.',#5123);
#5125=SHAPE_DEFINITION_REPRESENTATION(#5124,#5116);
ENDSEC;
END-ISO-10303-21;
