ISO-10303-21;
HEADER;
FILE_DESCRIPTION((''),'2;1');
FILE_NAME('TL42WW05000','2014-12-12T',('brevel'),(''),
'PRO/ENGINEER BY PARAMETRIC TECHNOLOGY CORPORATION, 2013410',
'PRO/ENGINEER BY PARAMETRIC TECHNOLOGY CORPORATION, 2013410','');
FILE_SCHEMA(('CONFIG_CONTROL_DESIGN'));
ENDSEC;
DATA;
#1=DIRECTION('',(-1.E0,0.E0,0.E0));
#2=VECTOR('',#1,6.8E0);
#3=CARTESIAN_POINT('',(3.4E0,0.E0,-3.65E0));
#4=LINE('',#3,#2);
#5=DIRECTION('',(7.071067811865E-1,7.071067811865E-1,0.E0));
#6=VECTOR('',#5,2.828427124746E-1);
#7=CARTESIAN_POINT('',(3.4E0,0.E0,-3.65E0));
#8=LINE('',#7,#6);
#9=DIRECTION('',(0.E0,1.E0,0.E0));
#10=VECTOR('',#9,3.E-1);
#11=CARTESIAN_POINT('',(3.6E0,2.E-1,-3.65E0));
#12=LINE('',#11,#10);
#13=DIRECTION('',(0.E0,-1.E0,0.E0));
#14=VECTOR('',#13,3.E-1);
#15=CARTESIAN_POINT('',(-3.6E0,5.E-1,-3.65E0));
#16=LINE('',#15,#14);
#17=DIRECTION('',(7.071067811865E-1,-7.071067811865E-1,0.E0));
#18=VECTOR('',#17,2.828427124746E-1);
#19=CARTESIAN_POINT('',(-3.6E0,2.E-1,-3.65E0));
#20=LINE('',#19,#18);
#21=DIRECTION('',(0.E0,0.E0,1.E0));
#22=VECTOR('',#21,7.3E0);
#23=CARTESIAN_POINT('',(3.4E0,0.E0,-3.65E0));
#24=LINE('',#23,#22);
#25=DIRECTION('',(0.E0,0.E0,-1.E0));
#26=VECTOR('',#25,7.3E0);
#27=CARTESIAN_POINT('',(3.6E0,2.E-1,3.65E0));
#28=LINE('',#27,#26);
#29=DIRECTION('',(-1.E0,0.E0,0.E0));
#30=VECTOR('',#29,6.8E0);
#31=CARTESIAN_POINT('',(3.4E0,0.E0,3.65E0));
#32=LINE('',#31,#30);
#33=DIRECTION('',(-7.071067811865E-1,7.071067811865E-1,0.E0));
#34=VECTOR('',#33,2.828427124746E-1);
#35=CARTESIAN_POINT('',(-3.4E0,0.E0,3.65E0));
#36=LINE('',#35,#34);
#37=DIRECTION('',(0.E0,1.E0,0.E0));
#38=VECTOR('',#37,3.E-1);
#39=CARTESIAN_POINT('',(-3.6E0,2.E-1,3.65E0));
#40=LINE('',#39,#38);
#41=DIRECTION('',(1.E0,0.E0,0.E0));
#42=VECTOR('',#41,7.2E0);
#43=CARTESIAN_POINT('',(-3.6E0,5.E-1,3.65E0));
#44=LINE('',#43,#42);
#45=DIRECTION('',(0.E0,-1.E0,0.E0));
#46=VECTOR('',#45,3.E-1);
#47=CARTESIAN_POINT('',(3.6E0,5.E-1,3.65E0));
#48=LINE('',#47,#46);
#49=DIRECTION('',(-7.071067811865E-1,-7.071067811865E-1,0.E0));
#50=VECTOR('',#49,2.828427124746E-1);
#51=CARTESIAN_POINT('',(3.6E0,2.E-1,3.65E0));
#52=LINE('',#51,#50);
#53=DIRECTION('',(0.E0,0.E0,-1.E0));
#54=VECTOR('',#53,7.3E0);
#55=CARTESIAN_POINT('',(-3.4E0,0.E0,3.65E0));
#56=LINE('',#55,#54);
#57=DIRECTION('',(0.E0,0.E0,1.E0));
#58=VECTOR('',#57,7.3E0);
#59=CARTESIAN_POINT('',(-3.6E0,2.E-1,-3.65E0));
#60=LINE('',#59,#58);
#61=DIRECTION('',(-1.E0,0.E0,0.E0));
#62=VECTOR('',#61,5.55E0);
#63=CARTESIAN_POINT('',(2.775E0,5.E-1,-4.1E0));
#64=LINE('',#63,#62);
#65=DIRECTION('',(0.E0,0.E0,1.E0));
#66=VECTOR('',#65,2.E-1);
#67=CARTESIAN_POINT('',(-2.775E0,5.E-1,-4.1E0));
#68=LINE('',#67,#66);
#69=DIRECTION('',(-1.E0,0.E0,0.E0));
#70=VECTOR('',#69,8.25E-1);
#71=CARTESIAN_POINT('',(-2.775E0,5.E-1,-3.9E0));
#72=LINE('',#71,#70);
#73=DIRECTION('',(0.E0,0.E0,1.E0));
#74=VECTOR('',#73,2.5E-1);
#75=CARTESIAN_POINT('',(-3.6E0,5.E-1,-3.9E0));
#76=LINE('',#75,#74);
#77=DIRECTION('',(1.E0,0.E0,0.E0));
#78=VECTOR('',#77,7.2E0);
#79=CARTESIAN_POINT('',(-3.6E0,5.E-1,-3.65E0));
#80=LINE('',#79,#78);
#81=DIRECTION('',(0.E0,0.E0,-1.E0));
#82=VECTOR('',#81,2.5E-1);
#83=CARTESIAN_POINT('',(3.6E0,5.E-1,-3.65E0));
#84=LINE('',#83,#82);
#85=DIRECTION('',(-1.E0,0.E0,0.E0));
#86=VECTOR('',#85,8.25E-1);
#87=CARTESIAN_POINT('',(3.6E0,5.E-1,-3.9E0));
#88=LINE('',#87,#86);
#89=DIRECTION('',(0.E0,0.E0,-1.E0));
#90=VECTOR('',#89,2.E-1);
#91=CARTESIAN_POINT('',(2.775E0,5.E-1,-3.9E0));
#92=LINE('',#91,#90);
#93=DIRECTION('',(0.E0,0.E0,1.E0));
#94=VECTOR('',#93,2.5E-1);
#95=CARTESIAN_POINT('',(-3.6E0,5.E-1,3.65E0));
#96=LINE('',#95,#94);
#97=DIRECTION('',(1.E0,0.E0,0.E0));
#98=VECTOR('',#97,8.25E-1);
#99=CARTESIAN_POINT('',(-3.6E0,5.E-1,3.9E0));
#100=LINE('',#99,#98);
#101=DIRECTION('',(0.E0,0.E0,1.E0));
#102=VECTOR('',#101,2.E-1);
#103=CARTESIAN_POINT('',(-2.775E0,5.E-1,3.9E0));
#104=LINE('',#103,#102);
#105=DIRECTION('',(1.E0,0.E0,0.E0));
#106=VECTOR('',#105,5.55E0);
#107=CARTESIAN_POINT('',(-2.775E0,5.E-1,4.1E0));
#108=LINE('',#107,#106);
#109=DIRECTION('',(0.E0,0.E0,-1.E0));
#110=VECTOR('',#109,2.E-1);
#111=CARTESIAN_POINT('',(2.775E0,5.E-1,4.1E0));
#112=LINE('',#111,#110);
#113=DIRECTION('',(1.E0,0.E0,0.E0));
#114=VECTOR('',#113,8.25E-1);
#115=CARTESIAN_POINT('',(2.775E0,5.E-1,3.9E0));
#116=LINE('',#115,#114);
#117=DIRECTION('',(0.E0,0.E0,-1.E0));
#118=VECTOR('',#117,2.5E-1);
#119=CARTESIAN_POINT('',(3.6E0,5.E-1,3.9E0));
#120=LINE('',#119,#118);
#121=DIRECTION('',(0.E0,0.E0,1.E0));
#122=VECTOR('',#121,1.E0);
#123=CARTESIAN_POINT('',(-3.15E0,0.E0,-5.E-1));
#124=LINE('',#123,#122);
#125=CARTESIAN_POINT('',(-3.15E0,-8.E-1,0.E0));
#126=DIRECTION('',(1.E0,0.E0,0.E0));
#127=DIRECTION('',(0.E0,0.E0,1.E0));
#128=AXIS2_PLACEMENT_3D('',#125,#126,#127);
#130=CARTESIAN_POINT('',(-3.15E0,-8.E-1,0.E0));
#131=DIRECTION('',(1.E0,0.E0,0.E0));
#132=DIRECTION('',(0.E0,-1.E0,0.E0));
#133=AXIS2_PLACEMENT_3D('',#130,#131,#132);
#135=DIRECTION('',(1.E0,0.E0,0.E0));
#136=VECTOR('',#135,6.3E0);
#137=CARTESIAN_POINT('',(-3.15E0,0.E0,5.E-1));
#138=LINE('',#137,#136);
#139=DIRECTION('',(0.E0,1.E0,0.E0));
#140=VECTOR('',#139,8.E-1);
#141=CARTESIAN_POINT('',(-3.15E0,-8.E-1,5.E-1));
#142=LINE('',#141,#140);
#143=DIRECTION('',(0.E0,0.E0,-1.E0));
#144=VECTOR('',#143,1.E0);
#145=CARTESIAN_POINT('',(3.15E0,0.E0,5.E-1));
#146=LINE('',#145,#144);
#147=DIRECTION('',(0.E0,-1.E0,0.E0));
#148=VECTOR('',#147,8.E-1);
#149=CARTESIAN_POINT('',(3.15E0,0.E0,-5.E-1));
#150=LINE('',#149,#148);
#151=CARTESIAN_POINT('',(3.15E0,-8.E-1,0.E0));
#152=DIRECTION('',(-1.E0,0.E0,0.E0));
#153=DIRECTION('',(0.E0,0.E0,-1.E0));
#154=AXIS2_PLACEMENT_3D('',#151,#152,#153);
#156=CARTESIAN_POINT('',(3.15E0,-8.E-1,0.E0));
#157=DIRECTION('',(-1.E0,0.E0,0.E0));
#158=DIRECTION('',(0.E0,-1.E0,0.E0));
#159=AXIS2_PLACEMENT_3D('',#156,#157,#158);
#161=DIRECTION('',(0.E0,1.E0,0.E0));
#162=VECTOR('',#161,8.E-1);
#163=CARTESIAN_POINT('',(3.15E0,-8.E-1,5.E-1));
#164=LINE('',#163,#162);
#165=DIRECTION('',(-1.E0,0.E0,0.E0));
#166=VECTOR('',#165,6.3E0);
#167=CARTESIAN_POINT('',(3.15E0,0.E0,-5.E-1));
#168=LINE('',#167,#166);
#169=DIRECTION('',(0.E0,-1.E0,0.E0));
#170=VECTOR('',#169,8.E-1);
#171=CARTESIAN_POINT('',(-3.15E0,0.E0,-5.E-1));
#172=LINE('',#171,#170);
#173=DIRECTION('',(1.E0,0.E0,0.E0));
#174=VECTOR('',#173,6.3E0);
#175=CARTESIAN_POINT('',(-3.15E0,-8.E-1,5.E-1));
#176=LINE('',#175,#174);
#177=DIRECTION('',(-1.E0,0.E0,0.E0));
#178=VECTOR('',#177,6.3E0);
#179=CARTESIAN_POINT('',(3.15E0,-8.E-1,-5.E-1));
#180=LINE('',#179,#178);
#181=CARTESIAN_POINT('',(3.4E0,0.E0,-3.65E0));
#182=CARTESIAN_POINT('',(-3.4E0,0.E0,-3.65E0));
#183=VERTEX_POINT('',#181);
#184=VERTEX_POINT('',#182);
#185=CARTESIAN_POINT('',(-3.4E0,0.E0,3.65E0));
#186=VERTEX_POINT('',#185);
#187=CARTESIAN_POINT('',(3.4E0,0.E0,3.65E0));
#188=VERTEX_POINT('',#187);
#189=CARTESIAN_POINT('',(-3.15E0,0.E0,5.E-1));
#190=CARTESIAN_POINT('',(-3.15E0,0.E0,-5.E-1));
#191=VERTEX_POINT('',#189);
#192=VERTEX_POINT('',#190);
#193=CARTESIAN_POINT('',(3.15E0,0.E0,-5.E-1));
#194=VERTEX_POINT('',#193);
#195=CARTESIAN_POINT('',(3.15E0,0.E0,5.E-1));
#196=VERTEX_POINT('',#195);
#197=CARTESIAN_POINT('',(3.6E0,2.E-1,-3.65E0));
#198=VERTEX_POINT('',#197);
#199=CARTESIAN_POINT('',(3.6E0,5.E-1,-3.65E0));
#200=VERTEX_POINT('',#199);
#201=CARTESIAN_POINT('',(-3.6E0,5.E-1,-3.65E0));
#202=VERTEX_POINT('',#201);
#203=CARTESIAN_POINT('',(-3.6E0,2.E-1,-3.65E0));
#204=VERTEX_POINT('',#203);
#205=CARTESIAN_POINT('',(3.6E0,2.E-1,3.65E0));
#206=VERTEX_POINT('',#205);
#207=CARTESIAN_POINT('',(-3.6E0,2.E-1,3.65E0));
#208=VERTEX_POINT('',#207);
#209=CARTESIAN_POINT('',(-3.6E0,5.E-1,3.65E0));
#210=VERTEX_POINT('',#209);
#211=CARTESIAN_POINT('',(3.6E0,5.E-1,3.65E0));
#212=VERTEX_POINT('',#211);
#213=CARTESIAN_POINT('',(-3.6E0,5.E-1,-3.9E0));
#214=VERTEX_POINT('',#213);
#215=CARTESIAN_POINT('',(-3.6E0,5.E-1,3.9E0));
#216=VERTEX_POINT('',#215);
#217=CARTESIAN_POINT('',(-2.775E0,5.E-1,-4.1E0));
#218=CARTESIAN_POINT('',(2.775E0,5.E-1,-4.1E0));
#219=VERTEX_POINT('',#217);
#220=VERTEX_POINT('',#218);
#221=CARTESIAN_POINT('',(-2.775E0,5.E-1,-3.9E0));
#222=VERTEX_POINT('',#221);
#223=CARTESIAN_POINT('',(3.6E0,5.E-1,-3.9E0));
#224=VERTEX_POINT('',#223);
#225=CARTESIAN_POINT('',(2.775E0,5.E-1,-3.9E0));
#226=VERTEX_POINT('',#225);
#227=CARTESIAN_POINT('',(3.6E0,5.E-1,3.9E0));
#228=VERTEX_POINT('',#227);
#229=CARTESIAN_POINT('',(-2.775E0,5.E-1,3.9E0));
#230=VERTEX_POINT('',#229);
#231=CARTESIAN_POINT('',(-2.775E0,5.E-1,4.1E0));
#232=VERTEX_POINT('',#231);
#233=CARTESIAN_POINT('',(2.775E0,5.E-1,4.1E0));
#234=VERTEX_POINT('',#233);
#235=CARTESIAN_POINT('',(2.775E0,5.E-1,3.9E0));
#236=VERTEX_POINT('',#235);
#237=CARTESIAN_POINT('',(-3.15E0,-8.E-1,5.E-1));
#238=VERTEX_POINT('',#237);
#239=CARTESIAN_POINT('',(-3.15E0,-1.3E0,0.E0));
#240=VERTEX_POINT('',#239);
#241=CARTESIAN_POINT('',(-3.15E0,-8.E-1,-5.E-1));
#242=VERTEX_POINT('',#241);
#243=CARTESIAN_POINT('',(3.15E0,-8.E-1,5.E-1));
#244=VERTEX_POINT('',#243);
#245=CARTESIAN_POINT('',(3.15E0,-8.E-1,-5.E-1));
#246=VERTEX_POINT('',#245);
#247=CARTESIAN_POINT('',(3.15E0,-1.3E0,0.E0));
#248=VERTEX_POINT('',#247);
#249=CARTESIAN_POINT('',(0.E0,0.E0,0.E0));
#250=DIRECTION('',(0.E0,1.E0,0.E0));
#251=DIRECTION('',(1.E0,0.E0,0.E0));
#252=AXIS2_PLACEMENT_3D('',#249,#250,#251);
#253=PLANE('',#252);
#255=ORIENTED_EDGE('',*,*,#254,.T.);
#257=ORIENTED_EDGE('',*,*,#256,.F.);
#259=ORIENTED_EDGE('',*,*,#258,.F.);
#261=ORIENTED_EDGE('',*,*,#260,.F.);
#262=EDGE_LOOP('',(#255,#257,#259,#261));
#263=FACE_OUTER_BOUND('',#262,.F.);
#264=ADVANCED_FACE('',(#263),#253,.F.);
#265=CARTESIAN_POINT('',(4.32E0,5.E-1,-3.65E0));
#266=DIRECTION('',(0.E0,0.E0,1.E0));
#267=DIRECTION('',(0.E0,-1.E0,0.E0));
#268=AXIS2_PLACEMENT_3D('',#265,#266,#267);
#269=PLANE('',#268);
#270=ORIENTED_EDGE('',*,*,#254,.F.);
#272=ORIENTED_EDGE('',*,*,#271,.T.);
#274=ORIENTED_EDGE('',*,*,#273,.T.);
#276=ORIENTED_EDGE('',*,*,#275,.F.);
#278=ORIENTED_EDGE('',*,*,#277,.T.);
#280=ORIENTED_EDGE('',*,*,#279,.T.);
#281=EDGE_LOOP('',(#270,#272,#274,#276,#278,#280));
#282=FACE_OUTER_BOUND('',#281,.F.);
#283=ADVANCED_FACE('',(#282),#269,.F.);
#284=CARTESIAN_POINT('',(3.4E0,0.E0,3.65E0));
#285=DIRECTION('',(7.071067811865E-1,-7.071067811865E-1,0.E0));
#286=DIRECTION('',(0.E0,0.E0,-1.E0));
#287=AXIS2_PLACEMENT_3D('',#284,#285,#286);
#288=PLANE('',#287);
#289=ORIENTED_EDGE('',*,*,#260,.T.);
#291=ORIENTED_EDGE('',*,*,#290,.F.);
#293=ORIENTED_EDGE('',*,*,#292,.T.);
#294=ORIENTED_EDGE('',*,*,#271,.F.);
#295=EDGE_LOOP('',(#289,#291,#293,#294));
#296=FACE_OUTER_BOUND('',#295,.F.);
#297=ADVANCED_FACE('',(#296),#288,.T.);
#298=CARTESIAN_POINT('',(4.32E0,0.E0,3.65E0));
#299=DIRECTION('',(0.E0,0.E0,-1.E0));
#300=DIRECTION('',(0.E0,1.E0,0.E0));
#301=AXIS2_PLACEMENT_3D('',#298,#299,#300);
#302=PLANE('',#301);
#303=ORIENTED_EDGE('',*,*,#258,.T.);
#305=ORIENTED_EDGE('',*,*,#304,.T.);
#307=ORIENTED_EDGE('',*,*,#306,.T.);
#309=ORIENTED_EDGE('',*,*,#308,.T.);
#311=ORIENTED_EDGE('',*,*,#310,.T.);
#312=ORIENTED_EDGE('',*,*,#290,.T.);
#313=EDGE_LOOP('',(#303,#305,#307,#309,#311,#312));
#314=FACE_OUTER_BOUND('',#313,.F.);
#315=ADVANCED_FACE('',(#314),#302,.F.);
#316=CARTESIAN_POINT('',(-3.4E0,0.E0,-3.65E0));
#317=DIRECTION('',(-7.071067811865E-1,-7.071067811865E-1,0.E0));
#318=DIRECTION('',(0.E0,0.E0,1.E0));
#319=AXIS2_PLACEMENT_3D('',#316,#317,#318);
#320=PLANE('',#319);
#321=ORIENTED_EDGE('',*,*,#256,.T.);
#322=ORIENTED_EDGE('',*,*,#279,.F.);
#324=ORIENTED_EDGE('',*,*,#323,.T.);
#325=ORIENTED_EDGE('',*,*,#304,.F.);
#326=EDGE_LOOP('',(#321,#322,#324,#325));
#327=FACE_OUTER_BOUND('',#326,.F.);
#328=ADVANCED_FACE('',(#327),#320,.T.);
#329=CARTESIAN_POINT('',(4.32E0,5.E-1,-4.1E0));
#330=DIRECTION('',(0.E0,1.E0,0.E0));
#331=DIRECTION('',(0.E0,0.E0,1.E0));
#332=AXIS2_PLACEMENT_3D('',#329,#330,#331);
#333=PLANE('',#332);
#335=ORIENTED_EDGE('',*,*,#334,.T.);
#337=ORIENTED_EDGE('',*,*,#336,.T.);
#339=ORIENTED_EDGE('',*,*,#338,.T.);
#341=ORIENTED_EDGE('',*,*,#340,.T.);
#342=ORIENTED_EDGE('',*,*,#275,.T.);
#344=ORIENTED_EDGE('',*,*,#343,.T.);
#346=ORIENTED_EDGE('',*,*,#345,.T.);
#348=ORIENTED_EDGE('',*,*,#347,.T.);
#349=EDGE_LOOP('',(#335,#337,#339,#341,#342,#344,#346,#348));
#350=FACE_OUTER_BOUND('',#349,.F.);
#351=ADVANCED_FACE('',(#350),#333,.F.);
#352=CARTESIAN_POINT('',(4.32E0,5.E-1,3.65E0));
#353=DIRECTION('',(0.E0,1.E0,0.E0));
#354=DIRECTION('',(0.E0,0.E0,1.E0));
#355=AXIS2_PLACEMENT_3D('',#352,#353,#354);
#356=PLANE('',#355);
#358=ORIENTED_EDGE('',*,*,#357,.T.);
#360=ORIENTED_EDGE('',*,*,#359,.T.);
#362=ORIENTED_EDGE('',*,*,#361,.T.);
#364=ORIENTED_EDGE('',*,*,#363,.T.);
#366=ORIENTED_EDGE('',*,*,#365,.T.);
#368=ORIENTED_EDGE('',*,*,#367,.T.);
#370=ORIENTED_EDGE('',*,*,#369,.T.);
#371=ORIENTED_EDGE('',*,*,#308,.F.);
#372=EDGE_LOOP('',(#358,#360,#362,#364,#366,#368,#370,#371));
#373=FACE_OUTER_BOUND('',#372,.F.);
#374=ADVANCED_FACE('',(#373),#356,.F.);
#375=CARTESIAN_POINT('',(-3.15E0,0.E0,0.E0));
#376=DIRECTION('',(1.E0,0.E0,0.E0));
#377=DIRECTION('',(0.E0,1.E0,0.E0));
#378=AXIS2_PLACEMENT_3D('',#375,#376,#377);
#379=PLANE('',#378);
#381=ORIENTED_EDGE('',*,*,#380,.T.);
#383=ORIENTED_EDGE('',*,*,#382,.F.);
#385=ORIENTED_EDGE('',*,*,#384,.T.);
#387=ORIENTED_EDGE('',*,*,#386,.T.);
#389=ORIENTED_EDGE('',*,*,#388,.F.);
#390=EDGE_LOOP('',(#381,#383,#385,#387,#389));
#391=FACE_OUTER_BOUND('',#390,.F.);
#392=ADVANCED_FACE('',(#391),#379,.F.);
#393=CARTESIAN_POINT('',(-3.15E0,0.E0,5.E-1));
#394=DIRECTION('',(0.E0,0.E0,1.E0));
#395=DIRECTION('',(0.E0,-1.E0,0.E0));
#396=AXIS2_PLACEMENT_3D('',#393,#394,#395);
#397=PLANE('',#396);
#399=ORIENTED_EDGE('',*,*,#398,.T.);
#401=ORIENTED_EDGE('',*,*,#400,.F.);
#403=ORIENTED_EDGE('',*,*,#402,.F.);
#404=ORIENTED_EDGE('',*,*,#382,.T.);
#405=EDGE_LOOP('',(#399,#401,#403,#404));
#406=FACE_OUTER_BOUND('',#405,.F.);
#407=ADVANCED_FACE('',(#406),#397,.T.);
#408=CARTESIAN_POINT('',(3.15E0,0.E0,0.E0));
#409=DIRECTION('',(1.E0,0.E0,0.E0));
#410=DIRECTION('',(0.E0,1.E0,0.E0));
#411=AXIS2_PLACEMENT_3D('',#408,#409,#410);
#412=PLANE('',#411);
#414=ORIENTED_EDGE('',*,*,#413,.T.);
#416=ORIENTED_EDGE('',*,*,#415,.T.);
#418=ORIENTED_EDGE('',*,*,#417,.T.);
#420=ORIENTED_EDGE('',*,*,#419,.T.);
#421=ORIENTED_EDGE('',*,*,#400,.T.);
#422=EDGE_LOOP('',(#414,#416,#418,#420,#421));
#423=FACE_OUTER_BOUND('',#422,.F.);
#424=ADVANCED_FACE('',(#423),#412,.T.);
#425=CARTESIAN_POINT('',(-3.15E0,-8.E-1,-5.E-1));
#426=DIRECTION('',(0.E0,0.E0,-1.E0));
#427=DIRECTION('',(0.E0,1.E0,0.E0));
#428=AXIS2_PLACEMENT_3D('',#425,#426,#427);
#429=PLANE('',#428);
#431=ORIENTED_EDGE('',*,*,#430,.T.);
#432=ORIENTED_EDGE('',*,*,#388,.T.);
#434=ORIENTED_EDGE('',*,*,#433,.F.);
#435=ORIENTED_EDGE('',*,*,#415,.F.);
#436=EDGE_LOOP('',(#431,#432,#434,#435));
#437=FACE_OUTER_BOUND('',#436,.F.);
#438=ADVANCED_FACE('',(#437),#429,.T.);
#439=CARTESIAN_POINT('',(-3.15E0,-8.E-1,0.E0));
#440=DIRECTION('',(1.E0,0.E0,0.E0));
#441=DIRECTION('',(0.E0,1.E0,0.E0));
#442=AXIS2_PLACEMENT_3D('',#439,#440,#441);
#443=CYLINDRICAL_SURFACE('',#442,5.E-1);
#444=ORIENTED_EDGE('',*,*,#386,.F.);
#445=ORIENTED_EDGE('',*,*,#384,.F.);
#446=ORIENTED_EDGE('',*,*,#402,.T.);
#447=ORIENTED_EDGE('',*,*,#419,.F.);
#448=ORIENTED_EDGE('',*,*,#417,.F.);
#449=ORIENTED_EDGE('',*,*,#433,.T.);
#450=EDGE_LOOP('',(#444,#445,#446,#447,#448,#449));
#451=FACE_OUTER_BOUND('',#450,.F.);
#452=ADVANCED_FACE('',(#451),#443,.T.);
#453=OPEN_SHELL('',(#264,#283,#297,#315,#328,#351,#374,#392,#407,#424,#438,
#452));
#454=DIRECTION('',(0.E0,-1.E0,0.E0));
#455=VECTOR('',#454,1.E0);
#456=CARTESIAN_POINT('',(4.065E0,-1.2E-1,3.9E0));
#457=LINE('',#456,#455);
#458=DIRECTION('',(0.E0,1.E0,0.E0));
#459=VECTOR('',#458,7.E-1);
#460=CARTESIAN_POINT('',(4.065E0,-1.12E0,4.5E0));
#461=LINE('',#460,#459);
#462=DIRECTION('',(0.E0,0.E0,-1.E0));
#463=VECTOR('',#462,2.5E-1);
#464=CARTESIAN_POINT('',(4.065E0,-4.2E-1,4.5E0));
#465=LINE('',#464,#463);
#466=DIRECTION('',(0.E0,1.E0,0.E0));
#467=VECTOR('',#466,1.E0);
#468=CARTESIAN_POINT('',(4.065E0,-1.12E0,-3.9E0));
#469=LINE('',#468,#467);
#470=DIRECTION('',(0.E0,0.E0,1.E0));
#471=VECTOR('',#470,7.8E0);
#472=CARTESIAN_POINT('',(3.765E0,-4.2E-1,-3.9E0));
#473=LINE('',#472,#471);
#474=DIRECTION('',(0.E0,0.E0,-1.E0));
#475=VECTOR('',#474,7.8E0);
#476=CARTESIAN_POINT('',(4.065E0,-1.2E-1,3.9E0));
#477=LINE('',#476,#475);
#478=CARTESIAN_POINT('',(3.765E0,-4.2E-1,-4.25E0));
#479=DIRECTION('',(0.E0,1.E0,0.E0));
#480=DIRECTION('',(5.527707983925E-1,0.E0,-8.333333333334E-1));
#481=AXIS2_PLACEMENT_3D('',#478,#479,#480);
#483=CARTESIAN_POINT('',(-3.735E0,-4.2E-1,-4.25E0));
#484=DIRECTION('',(0.E0,1.E0,0.E0));
#485=DIRECTION('',(0.E0,0.E0,-1.E0));
#486=AXIS2_PLACEMENT_3D('',#483,#484,#485);
#488=DIRECTION('',(0.E0,0.E0,-1.E0));
#489=VECTOR('',#488,6.E-1);
#490=CARTESIAN_POINT('',(2.908622346625E0,-4.200000000001E-1,-3.9E0));
#491=LINE('',#490,#489);
#492=DIRECTION('',(1.E0,7.217147150574E-14,1.390210436830E-14));
#493=VECTOR('',#492,1.022208892893E0);
#494=CARTESIAN_POINT('',(2.908622346625E0,-4.200000000001E-1,-4.5E0));
#495=LINE('',#494,#493);
#496=CARTESIAN_POINT('',(3.765E0,-4.2E-1,4.25E0));
#497=DIRECTION('',(0.E0,1.E0,0.E0));
#498=DIRECTION('',(0.E0,0.E0,1.E0));
#499=AXIS2_PLACEMENT_3D('',#496,#497,#498);
#501=DIRECTION('',(0.E0,0.E0,1.E0));
#502=VECTOR('',#501,6.E-1);
#503=CARTESIAN_POINT('',(-2.878622346625E0,-4.200000000001E-1,3.9E0));
#504=LINE('',#503,#502);
#505=DIRECTION('',(-1.E0,7.217147150574E-14,-1.390210436830E-14));
#506=VECTOR('',#505,1.022208892893E0);
#507=CARTESIAN_POINT('',(-2.878622346625E0,-4.200000000001E-1,4.5E0));
#508=LINE('',#507,#506);
#509=CARTESIAN_POINT('',(-3.735E0,-4.2E-1,4.25E0));
#510=DIRECTION('',(0.E0,1.E0,0.E0));
#511=DIRECTION('',(-5.527707983925E-1,0.E0,8.333333333334E-1));
#512=AXIS2_PLACEMENT_3D('',#509,#510,#511);
#514=DIRECTION('',(1.E0,0.E0,0.E0));
#515=VECTOR('',#514,7.5E0);
#516=CARTESIAN_POINT('',(-3.735E0,-4.2E-1,4.55E0));
#517=LINE('',#516,#515);
#518=DIRECTION('',(-1.E0,0.E0,0.E0));
#519=VECTOR('',#518,1.35E-1);
#520=CARTESIAN_POINT('',(-3.6E0,-4.2E-1,-3.9E0));
#521=LINE('',#520,#519);
#522=DIRECTION('',(1.E0,0.E0,0.E0));
#523=VECTOR('',#522,1.35E-1);
#524=CARTESIAN_POINT('',(3.63E0,-4.2E-1,3.9E0));
#525=LINE('',#524,#523);
#526=DIRECTION('',(0.E0,1.E0,0.E0));
#527=VECTOR('',#526,6.85E0);
#528=CARTESIAN_POINT('',(4.065E0,-4.2E-1,-4.25E0));
#529=LINE('',#528,#527);
#530=DIRECTION('',(0.E0,-1.E0,0.E0));
#531=VECTOR('',#530,6.85E0);
#532=CARTESIAN_POINT('',(3.765E0,6.43E0,-4.55E0));
#533=LINE('',#532,#531);
#534=DIRECTION('',(1.E0,0.E0,-1.059177610655E-13));
#535=VECTOR('',#534,1.341687604822E-1);
#536=CARTESIAN_POINT('',(3.930831239518E0,-4.2E-1,-4.5E0));
#537=LINE('',#536,#535);
#538=DIRECTION('',(0.E0,0.E0,1.E0));
#539=VECTOR('',#538,2.5E-1);
#540=CARTESIAN_POINT('',(4.065E0,-4.2E-1,-4.5E0));
#541=LINE('',#540,#539);
#542=CARTESIAN_POINT('',(3.765E0,-4.2E-1,-4.25E0));
#543=DIRECTION('',(0.E0,1.E0,0.E0));
#544=DIRECTION('',(1.E0,0.E0,0.E0));
#545=AXIS2_PLACEMENT_3D('',#542,#543,#544);
#547=DIRECTION('',(5.735764363510E-1,-8.191520442890E-1,0.E0));
#548=VECTOR('',#547,1.064604473595E0);
#549=CARTESIAN_POINT('',(2.908622346625E0,-4.200000000001E-1,-4.5E0));
#550=LINE('',#549,#548);
#551=CARTESIAN_POINT('',(3.765E0,-1.12E0,-4.5E0));
#552=DIRECTION('',(0.E0,0.E0,1.E0));
#553=DIRECTION('',(-8.191520442926E-1,-5.735764363459E-1,0.E0));
#554=AXIS2_PLACEMENT_3D('',#551,#552,#553);
#556=DIRECTION('',(0.E0,1.E0,0.E0));
#557=VECTOR('',#556,7.E-1);
#558=CARTESIAN_POINT('',(4.065E0,-1.12E0,-4.5E0));
#559=LINE('',#558,#557);
#560=CARTESIAN_POINT('',(-3.735E0,-1.2E-1,-3.9E0));
#561=DIRECTION('',(0.E0,0.E0,1.E0));
#562=DIRECTION('',(-1.E0,0.E0,0.E0));
#563=AXIS2_PLACEMENT_3D('',#560,#561,#562);
#565=DIRECTION('',(1.E0,0.E0,0.E0));
#566=VECTOR('',#565,8.15E-1);
#567=CARTESIAN_POINT('',(-3.6E0,3.1E0,-3.9E0));
#568=LINE('',#567,#566);
#569=DIRECTION('',(-1.E0,-7.879990477279E-13,0.E0));
#570=VECTOR('',#569,9.362234662474E-2);
#571=CARTESIAN_POINT('',(-2.785E0,-4.2E-1,-3.9E0));
#572=LINE('',#571,#570);
#573=DIRECTION('',(-5.735764363510E-1,-8.191520442890E-1,0.E0));
#574=VECTOR('',#573,1.064604473595E0);
#575=CARTESIAN_POINT('',(-2.878622346625E0,-4.200000000001E-1,-3.9E0));
#576=LINE('',#575,#574);
#577=CARTESIAN_POINT('',(-3.735E0,-1.12E0,-3.9E0));
#578=DIRECTION('',(0.E0,0.E0,-1.E0));
#579=DIRECTION('',(8.191520442926E-1,-5.735764363459E-1,0.E0));
#580=AXIS2_PLACEMENT_3D('',#577,#578,#579);
#582=DIRECTION('',(1.E0,0.E0,0.E0));
#583=VECTOR('',#582,1.35E-1);
#584=CARTESIAN_POINT('',(3.63E0,-4.2E-1,-3.9E0));
#585=LINE('',#584,#583);
#586=CARTESIAN_POINT('',(3.765E0,-1.2E-1,-3.9E0));
#587=DIRECTION('',(0.E0,0.E0,1.E0));
#588=DIRECTION('',(0.E0,-1.E0,0.E0));
#589=AXIS2_PLACEMENT_3D('',#586,#587,#588);
#591=CARTESIAN_POINT('',(3.765E0,-1.12E0,-3.9E0));
#592=DIRECTION('',(0.E0,0.E0,-1.E0));
#593=DIRECTION('',(1.E0,0.E0,0.E0));
#594=AXIS2_PLACEMENT_3D('',#591,#592,#593);
#596=DIRECTION('',(-5.735764363510E-1,8.191520442890E-1,0.E0));
#597=VECTOR('',#596,1.064604473595E0);
#598=CARTESIAN_POINT('',(3.519254386713E0,-1.292072930905E0,-3.9E0));
#599=LINE('',#598,#597);
#600=DIRECTION('',(-1.E0,7.879990477279E-13,0.E0));
#601=VECTOR('',#600,9.362234662474E-2);
#602=CARTESIAN_POINT('',(2.908622346625E0,-4.200000000001E-1,-3.9E0));
#603=LINE('',#602,#601);
#604=DIRECTION('',(0.E0,1.E0,0.E0));
#605=VECTOR('',#604,3.52E0);
#606=CARTESIAN_POINT('',(2.815E0,-4.2E-1,-3.9E0));
#607=LINE('',#606,#605);
#608=DIRECTION('',(1.E0,0.E0,0.E0));
#609=VECTOR('',#608,8.15E-1);
#610=CARTESIAN_POINT('',(2.815E0,3.1E0,-3.9E0));
#611=LINE('',#610,#609);
#612=DIRECTION('',(0.E0,-1.E0,0.E0));
#613=VECTOR('',#612,3.52E0);
#614=CARTESIAN_POINT('',(3.63E0,3.1E0,-3.9E0));
#615=LINE('',#614,#613);
#616=DIRECTION('',(0.E0,-1.E0,0.E0));
#617=VECTOR('',#616,1.E0);
#618=CARTESIAN_POINT('',(-4.035E0,-1.2E-1,-3.9E0));
#619=LINE('',#618,#617);
#620=DIRECTION('',(0.E0,1.E0,0.E0));
#621=VECTOR('',#620,7.E-1);
#622=CARTESIAN_POINT('',(-4.035E0,-1.12E0,-4.5E0));
#623=LINE('',#622,#621);
#624=DIRECTION('',(0.E0,0.E0,1.E0));
#625=VECTOR('',#624,2.5E-1);
#626=CARTESIAN_POINT('',(-4.035E0,-4.2E-1,-4.5E0));
#627=LINE('',#626,#625);
#628=DIRECTION('',(0.E0,1.E0,0.E0));
#629=VECTOR('',#628,1.E0);
#630=CARTESIAN_POINT('',(-4.035E0,-1.12E0,3.9E0));
#631=LINE('',#630,#629);
#632=DIRECTION('',(0.E0,0.E0,-1.E0));
#633=VECTOR('',#632,7.8E0);
#634=CARTESIAN_POINT('',(-3.735E0,-4.2E-1,3.9E0));
#635=LINE('',#634,#633);
#636=DIRECTION('',(0.E0,0.E0,1.E0));
#637=VECTOR('',#636,7.8E0);
#638=CARTESIAN_POINT('',(-4.035E0,-1.2E-1,-3.9E0));
#639=LINE('',#638,#637);
#640=DIRECTION('',(-1.E0,0.E0,0.E0));
#641=VECTOR('',#640,1.35E-1);
#642=CARTESIAN_POINT('',(-3.6E0,-4.2E-1,3.9E0));
#643=LINE('',#642,#641);
#644=CARTESIAN_POINT('',(-3.735E0,-1.2E-1,3.9E0));
#645=DIRECTION('',(0.E0,0.E0,-1.E0));
#646=DIRECTION('',(0.E0,-1.E0,0.E0));
#647=AXIS2_PLACEMENT_3D('',#644,#645,#646);
#649=CARTESIAN_POINT('',(-3.735E0,-1.12E0,3.9E0));
#650=DIRECTION('',(0.E0,0.E0,1.E0));
#651=DIRECTION('',(-1.E0,0.E0,0.E0));
#652=AXIS2_PLACEMENT_3D('',#649,#650,#651);
#654=DIRECTION('',(5.735764363510E-1,8.191520442890E-1,0.E0));
#655=VECTOR('',#654,1.064604473595E0);
#656=CARTESIAN_POINT('',(-3.489254386713E0,-1.292072930905E0,3.9E0));
#657=LINE('',#656,#655);
#658=DIRECTION('',(1.E0,7.879990477279E-13,0.E0));
#659=VECTOR('',#658,9.362234662474E-2);
#660=CARTESIAN_POINT('',(-2.878622346625E0,-4.200000000001E-1,3.9E0));
#661=LINE('',#660,#659);
#662=DIRECTION('',(0.E0,1.E0,0.E0));
#663=VECTOR('',#662,3.52E0);
#664=CARTESIAN_POINT('',(-2.785E0,-4.2E-1,3.9E0));
#665=LINE('',#664,#663);
#666=DIRECTION('',(-1.E0,0.E0,0.E0));
#667=VECTOR('',#666,8.15E-1);
#668=CARTESIAN_POINT('',(-2.785E0,3.1E0,3.9E0));
#669=LINE('',#668,#667);
#670=DIRECTION('',(0.E0,-1.E0,0.E0));
#671=VECTOR('',#670,3.52E0);
#672=CARTESIAN_POINT('',(-3.6E0,3.1E0,3.9E0));
#673=LINE('',#672,#671);
#674=CARTESIAN_POINT('',(3.765E0,-1.2E-1,3.9E0));
#675=DIRECTION('',(0.E0,0.E0,-1.E0));
#676=DIRECTION('',(1.E0,0.E0,0.E0));
#677=AXIS2_PLACEMENT_3D('',#674,#675,#676);
#679=DIRECTION('',(-1.E0,0.E0,0.E0));
#680=VECTOR('',#679,8.15E-1);
#681=CARTESIAN_POINT('',(3.63E0,3.1E0,3.9E0));
#682=LINE('',#681,#680);
#683=DIRECTION('',(1.E0,-7.879990477279E-13,0.E0));
#684=VECTOR('',#683,9.362234662474E-2);
#685=CARTESIAN_POINT('',(2.815E0,-4.2E-1,3.9E0));
#686=LINE('',#685,#684);
#687=DIRECTION('',(5.735764363510E-1,-8.191520442890E-1,0.E0));
#688=VECTOR('',#687,1.064604473595E0);
#689=CARTESIAN_POINT('',(2.908622346625E0,-4.200000000001E-1,3.9E0));
#690=LINE('',#689,#688);
#691=CARTESIAN_POINT('',(3.765E0,-1.12E0,3.9E0));
#692=DIRECTION('',(0.E0,0.E0,1.E0));
#693=DIRECTION('',(-8.191520442926E-1,-5.735764363459E-1,0.E0));
#694=AXIS2_PLACEMENT_3D('',#691,#692,#693);
#696=DIRECTION('',(0.E0,0.E0,1.E0));
#697=VECTOR('',#696,6.E-1);
#698=CARTESIAN_POINT('',(-4.035E0,-1.12E0,3.9E0));
#699=LINE('',#698,#697);
#700=DIRECTION('',(0.E0,0.E0,-1.E0));
#701=VECTOR('',#700,6.E-1);
#702=CARTESIAN_POINT('',(-3.489254386713E0,-1.292072930905E0,4.5E0));
#703=LINE('',#702,#701);
#704=DIRECTION('',(-5.735764363510E-1,-8.191520442890E-1,0.E0));
#705=VECTOR('',#704,1.064604473595E0);
#706=CARTESIAN_POINT('',(-2.878622346625E0,-4.200000000001E-1,4.5E0));
#707=LINE('',#706,#705);
#708=CARTESIAN_POINT('',(-3.735E0,-1.12E0,4.5E0));
#709=DIRECTION('',(0.E0,0.E0,-1.E0));
#710=DIRECTION('',(8.191520442926E-1,-5.735764363459E-1,0.E0));
#711=AXIS2_PLACEMENT_3D('',#708,#709,#710);
#713=DIRECTION('',(0.E0,1.E0,0.E0));
#714=VECTOR('',#713,7.E-1);
#715=CARTESIAN_POINT('',(-4.035E0,-1.12E0,4.5E0));
#716=LINE('',#715,#714);
#717=DIRECTION('',(-1.E0,0.E0,1.059177610655E-13));
#718=VECTOR('',#717,1.341687604822E-1);
#719=CARTESIAN_POINT('',(-3.900831239518E0,-4.2E-1,4.5E0));
#720=LINE('',#719,#718);
#721=DIRECTION('',(0.E0,0.E0,-1.E0));
#722=VECTOR('',#721,2.5E-1);
#723=CARTESIAN_POINT('',(-4.035E0,-4.2E-1,4.5E0));
#724=LINE('',#723,#722);
#725=CARTESIAN_POINT('',(-3.735E0,-4.2E-1,4.25E0));
#726=DIRECTION('',(0.E0,1.E0,0.E0));
#727=DIRECTION('',(-1.E0,0.E0,0.E0));
#728=AXIS2_PLACEMENT_3D('',#725,#726,#727);
#730=DIRECTION('',(0.E0,1.E0,0.E0));
#731=VECTOR('',#730,6.85E0);
#732=CARTESIAN_POINT('',(-4.035E0,-4.2E-1,4.25E0));
#733=LINE('',#732,#731);
#734=DIRECTION('',(0.E0,-1.E0,0.E0));
#735=VECTOR('',#734,6.85E0);
#736=CARTESIAN_POINT('',(-3.735E0,6.43E0,4.55E0));
#737=LINE('',#736,#735);
#738=CARTESIAN_POINT('',(-3.735E0,6.43E0,4.25E0));
#739=DIRECTION('',(0.E0,0.E0,-1.E0));
#740=DIRECTION('',(-1.E0,0.E0,0.E0));
#741=AXIS2_PLACEMENT_3D('',#738,#739,#740);
#743=CARTESIAN_POINT('',(-3.735E0,6.43E0,4.25E0));
#744=DIRECTION('',(1.E0,0.E0,0.E0));
#745=DIRECTION('',(0.E0,1.E0,0.E0));
#746=AXIS2_PLACEMENT_3D('',#743,#744,#745);
#748=CARTESIAN_POINT('',(-3.735E0,6.43E0,4.25E0));
#749=DIRECTION('',(0.E0,-1.E0,0.E0));
#750=DIRECTION('',(0.E0,0.E0,1.E0));
#751=AXIS2_PLACEMENT_3D('',#748,#749,#750);
#753=DIRECTION('',(0.E0,0.E0,-1.E0));
#754=VECTOR('',#753,8.5E0);
#755=CARTESIAN_POINT('',(-4.035E0,6.43E0,4.25E0));
#756=LINE('',#755,#754);
#757=DIRECTION('',(0.E0,0.E0,1.E0));
#758=VECTOR('',#757,8.5E0);
#759=CARTESIAN_POINT('',(-3.735E0,6.73E0,-4.25E0));
#760=LINE('',#759,#758);
#761=CARTESIAN_POINT('',(-3.735E0,6.43E0,-4.25E0));
#762=DIRECTION('',(1.E0,0.E0,0.E0));
#763=DIRECTION('',(0.E0,0.E0,-1.E0));
#764=AXIS2_PLACEMENT_3D('',#761,#762,#763);
#766=CARTESIAN_POINT('',(-3.735E0,6.43E0,-4.25E0));
#767=DIRECTION('',(0.E0,0.E0,1.E0));
#768=DIRECTION('',(0.E0,1.E0,0.E0));
#769=AXIS2_PLACEMENT_3D('',#766,#767,#768);
#771=CARTESIAN_POINT('',(-3.735E0,6.43E0,-4.25E0));
#772=DIRECTION('',(0.E0,-1.E0,0.E0));
#773=DIRECTION('',(-1.E0,0.E0,0.E0));
#774=AXIS2_PLACEMENT_3D('',#771,#772,#773);
#776=DIRECTION('',(-1.E0,0.E0,0.E0));
#777=VECTOR('',#776,7.5E0);
#778=CARTESIAN_POINT('',(3.765E0,6.73E0,-4.25E0));
#779=LINE('',#778,#777);
#780=DIRECTION('',(1.E0,0.E0,0.E0));
#781=VECTOR('',#780,7.5E0);
#782=CARTESIAN_POINT('',(-3.735E0,6.43E0,-4.55E0));
#783=LINE('',#782,#781);
#784=DIRECTION('',(-4.227875855771E-8,-1.E0,9.470409139976E-9));
#785=VECTOR('',#784,1.699998339414E0);
#786=CARTESIAN_POINT('',(1.371466015746E0,8.729998339414E0,-2.100000016100E0));
#787=LINE('',#786,#785);
#788=CARTESIAN_POINT('',(1.5E-2,7.03E0,0.E0));
#789=DIRECTION('',(0.E0,-1.E0,0.E0));
#790=DIRECTION('',(5.425863986500E-1,0.E0,-8.4E-1));
#791=AXIS2_PLACEMENT_3D('',#788,#789,#790);
#793=DIRECTION('',(4.226572191437E-8,1.E0,9.478893342001E-9));
#794=VECTOR('',#793,1.699998339414E0);
#795=CARTESIAN_POINT('',(1.371465943872E0,7.03E0,2.1E0));
#796=LINE('',#795,#794);
#797=CARTESIAN_POINT('',(1.5E-2,8.729996888815E0,0.E0));
#798=DIRECTION('',(0.E0,-1.E0,0.E0));
#799=DIRECTION('',(5.425863986500E-1,0.E0,-8.4E-1));
#800=AXIS2_PLACEMENT_3D('',#797,#798,#799);
#802=CARTESIAN_POINT('',(1.5E-2,8.729996888815E0,0.E0));
#803=DIRECTION('',(0.E0,-1.E0,0.E0));
#804=DIRECTION('',(1.E0,0.E0,0.E0));
#805=AXIS2_PLACEMENT_3D('',#802,#803,#804);
#807=CARTESIAN_POINT('',(1.371466015724E0,8.729998339414E0,2.100000016114E0));
#808=CARTESIAN_POINT('',(1.364796884026E0,8.752614642287E0,2.077383713242E0));
#809=CARTESIAN_POINT('',(1.351433294648E0,8.797586182559E0,2.032414358933E0));
#810=CARTESIAN_POINT('',(1.331320746677E0,8.864252131493E0,1.965748439993E0));
#811=CARTESIAN_POINT('',(1.317884841230E0,8.908170819947E0,1.921827485593E0));
#812=CARTESIAN_POINT('',(1.311148723462E0,8.929998471639E0,1.899999833901E0));
#814=CARTESIAN_POINT('',(1.5E-2,8.929997137710E0,0.E0));
#815=DIRECTION('',(0.E0,1.E0,0.E0));
#816=DIRECTION('',(5.635426694269E-1,0.E0,8.260869565216E-1));
#817=AXIS2_PLACEMENT_3D('',#814,#815,#816);
#819=CARTESIAN_POINT('',(1.5E-2,8.929997137710E0,0.E0));
#820=DIRECTION('',(0.E0,1.E0,0.E0));
#821=DIRECTION('',(1.E0,0.E0,0.E0));
#822=AXIS2_PLACEMENT_3D('',#819,#820,#821);
#824=DIRECTION('',(-1.E0,1.008541550023E-10,-9.636142451293E-12));
#825=VECTOR('',#824,2.712932031503E0);
#826=CARTESIAN_POINT('',(1.371466015724E0,8.729998339414E0,2.100000016114E0));
#827=LINE('',#826,#825);
#828=CARTESIAN_POINT('',(-1.341466015779E0,8.729998339688E0,2.100000016088E0));
#829=CARTESIAN_POINT('',(-1.334906761273E0,8.752242027927E0,2.077756327849E0));
#830=CARTESIAN_POINT('',(-1.321693298076E0,8.796717284413E0,2.033283256995E0));
#831=CARTESIAN_POINT('',(-1.301584224446E0,8.863383782047E0,1.966616789363E0));
#832=CARTESIAN_POINT('',(-1.287999601021E0,8.907798953817E0,1.922199351954E0));
#833=CARTESIAN_POINT('',(-1.281148723499E0,8.929998471891E0,1.899999833880E0));
#835=DIRECTION('',(-1.E0,0.E0,0.E0));
#836=VECTOR('',#835,2.712931887754E0);
#837=CARTESIAN_POINT('',(1.371465943872E0,7.03E0,2.1E0));
#838=LINE('',#837,#836);
#839=DIRECTION('',(4.229292762282E-8,-1.E0,-9.463515561036E-9));
#840=VECTOR('',#839,1.699998339688E0);
#841=CARTESIAN_POINT('',(-1.341466015779E0,8.729998339688E0,2.100000016088E0));
#842=LINE('',#841,#840);
#843=CARTESIAN_POINT('',(1.5E-2,7.03E0,0.E0));
#844=DIRECTION('',(0.E0,-1.E0,0.E0));
#845=DIRECTION('',(-5.425863986500E-1,0.E0,8.4E-1));
#846=AXIS2_PLACEMENT_3D('',#843,#844,#845);
#848=DIRECTION('',(-4.228877329482E-8,1.E0,-9.469668814893E-9));
#849=VECTOR('',#848,1.699998339688E0);
#850=CARTESIAN_POINT('',(-1.341465943882E0,7.03E0,-2.1E0));
#851=LINE('',#850,#849);
#852=CARTESIAN_POINT('',(1.5E-2,8.929997138213E0,0.E0));
#853=DIRECTION('',(0.E0,1.E0,0.E0));
#854=DIRECTION('',(-5.635426694268E-1,0.E0,-8.260869565217E-1));
#855=AXIS2_PLACEMENT_3D('',#852,#853,#854);
#857=CARTESIAN_POINT('',(1.5E-2,8.929997138213E0,0.E0));
#858=DIRECTION('',(0.E0,1.E0,0.E0));
#859=DIRECTION('',(-1.E0,0.E0,0.E0));
#860=AXIS2_PLACEMENT_3D('',#857,#858,#859);
#862=CARTESIAN_POINT('',(1.5E-2,8.729996889362E0,0.E0));
#863=DIRECTION('',(0.E0,-1.E0,0.E0));
#864=DIRECTION('',(-5.425863986500E-1,0.E0,8.4E-1));
#865=AXIS2_PLACEMENT_3D('',#862,#863,#864);
#867=CARTESIAN_POINT('',(1.5E-2,8.729996889362E0,0.E0));
#868=DIRECTION('',(0.E0,-1.E0,0.E0));
#869=DIRECTION('',(-1.E0,0.E0,0.E0));
#870=AXIS2_PLACEMENT_3D('',#867,#868,#869);
#872=CARTESIAN_POINT('',(-1.341466015772E0,8.729998339688E0,-2.100000016098E0));
#873=CARTESIAN_POINT('',(-1.334796884118E0,8.752614642379E0,-2.077383713407E0));
#874=CARTESIAN_POINT('',(-1.321433296027E0,8.797586182217E0,-2.032414359188E0));
#875=CARTESIAN_POINT('',(-1.301320747979E0,8.864252131157E0,-1.965748440247E0));
#876=CARTESIAN_POINT('',(-1.287884841302E0,8.908170820011E0,-1.921827485776E0));
#877=CARTESIAN_POINT('',(-1.281148723468E0,8.929998471891E0,-1.899999833897E0));
#879=DIRECTION('',(-1.244181784216E-7,-1.E0,-4.563593842094E-8));
#880=VECTOR('',#879,3.599998350758E0);
#881=CARTESIAN_POINT('',(-1.281148275594E0,1.252999682265E1,1.899999998169E0));
#882=LINE('',#881,#880);
#883=DIRECTION('',(1.244310604686E-7,1.E0,-4.564651120300E-8));
#884=VECTOR('',#883,3.599998350758E0);
#885=CARTESIAN_POINT('',(-1.281148723468E0,8.929998471891E0,-1.899999833897E0));
#886=LINE('',#885,#884);
#887=CARTESIAN_POINT('',(1.5E-2,1.252999404954E1,0.E0));
#888=DIRECTION('',(0.E0,-1.E0,0.E0));
#889=DIRECTION('',(-5.635426694268E-1,0.E0,8.260869565217E-1));
#890=AXIS2_PLACEMENT_3D('',#887,#888,#889);
#892=CARTESIAN_POINT('',(1.5E-2,1.252999404954E1,0.E0));
#893=DIRECTION('',(0.E0,-1.E0,0.E0));
#894=DIRECTION('',(-1.E0,0.E0,0.E0));
#895=AXIS2_PLACEMENT_3D('',#892,#893,#894);
#897=CARTESIAN_POINT('',(-1.281148275516E0,1.252999682265E1,-1.899999998224E0));
#898=CARTESIAN_POINT('',(-1.272368078510E0,1.255844833314E1,-1.871548487733E0));
#899=CARTESIAN_POINT('',(-1.254761341588E0,1.261490613821E1,-1.815095018630E0));
#900=CARTESIAN_POINT('',(-1.228214419528E0,1.269823604346E1,-1.731764676300E0));
#901=CARTESIAN_POINT('',(-1.210462199639E0,1.275289725362E1,-1.677100295721E0));
#902=CARTESIAN_POINT('',(-1.201550969857E0,1.277999997126E1,-1.649997578090E0));
#904=CARTESIAN_POINT('',(1.5E-2,1.278E1,0.E0));
#905=DIRECTION('',(0.E0,-1.E0,0.E0));
#906=DIRECTION('',(5.934379955436E-1,0.E0,-8.048797086803E-1));
#907=AXIS2_PLACEMENT_3D('',#904,#905,#906);
#909=CARTESIAN_POINT('',(1.5E-2,1.278E1,0.E0));
#910=DIRECTION('',(0.E0,-1.E0,0.E0));
#911=DIRECTION('',(1.E0,0.E0,0.E0));
#912=AXIS2_PLACEMENT_3D('',#909,#910,#911);
#914=DIRECTION('',(-1.E0,1.241134357227E-14,2.623484251540E-11));
#915=VECTOR('',#914,2.433102112916E0);
#916=CARTESIAN_POINT('',(1.231551056544E0,1.277999997126E1,1.649997578120E0));
#917=LINE('',#916,#915);
#918=CARTESIAN_POINT('',(1.5E-2,1.278E1,0.E0));
#919=DIRECTION('',(0.E0,-1.E0,0.E0));
#920=DIRECTION('',(-5.934380776725E-1,0.E0,8.048796481265E-1));
#921=AXIS2_PLACEMENT_3D('',#918,#919,#920);
#923=CARTESIAN_POINT('',(1.5E-2,1.278E1,0.E0));
#924=DIRECTION('',(0.E0,-1.E0,0.E0));
#925=DIRECTION('',(-1.E0,0.E0,0.E0));
#926=AXIS2_PLACEMENT_3D('',#923,#924,#925);
#928=DIRECTION('',(1.E0,-1.241134445616E-14,-4.349300136982E-11));
#929=VECTOR('',#928,2.433101939638E0);
#930=CARTESIAN_POINT('',(-1.201550969857E0,1.277999997126E1,-1.649997578090E0));
#931=LINE('',#930,#929);
#932=DIRECTION('',(0.E0,1.E0,0.E0));
#933=VECTOR('',#932,3.52E0);
#934=CARTESIAN_POINT('',(2.815E0,-4.2E-1,3.9E0));
#935=LINE('',#934,#933);
#936=DIRECTION('',(0.E0,0.E0,1.E0));
#937=VECTOR('',#936,2.E-1);
#938=CARTESIAN_POINT('',(2.815E0,3.1E0,3.9E0));
#939=LINE('',#938,#937);
#940=DIRECTION('',(0.E0,-1.E0,0.E0));
#941=VECTOR('',#940,3.52E0);
#942=CARTESIAN_POINT('',(2.815E0,3.1E0,4.1E0));
#943=LINE('',#942,#941);
#944=DIRECTION('',(0.E0,0.E0,-1.E0));
#945=VECTOR('',#944,2.E-1);
#946=CARTESIAN_POINT('',(2.815E0,-4.2E-1,4.1E0));
#947=LINE('',#946,#945);
#948=DIRECTION('',(0.E0,0.E0,-1.E0));
#949=VECTOR('',#948,2.E-1);
#950=CARTESIAN_POINT('',(2.815E0,-4.2E-1,-3.9E0));
#951=LINE('',#950,#949);
#952=DIRECTION('',(0.E0,0.E0,1.E0));
#953=VECTOR('',#952,2.E-1);
#954=CARTESIAN_POINT('',(2.815E0,3.1E0,-4.1E0));
#955=LINE('',#954,#953);
#956=DIRECTION('',(1.E0,0.E0,0.E0));
#957=VECTOR('',#956,5.6E0);
#958=CARTESIAN_POINT('',(-2.785E0,-4.2E-1,4.1E0));
#959=LINE('',#958,#957);
#960=DIRECTION('',(-1.E0,0.E0,0.E0));
#961=VECTOR('',#960,5.6E0);
#962=CARTESIAN_POINT('',(2.815E0,3.1E0,4.1E0));
#963=LINE('',#962,#961);
#964=DIRECTION('',(0.E0,-1.E0,0.E0));
#965=VECTOR('',#964,3.52E0);
#966=CARTESIAN_POINT('',(-2.785E0,3.1E0,4.1E0));
#967=LINE('',#966,#965);
#968=DIRECTION('',(0.E0,0.E0,1.E0));
#969=VECTOR('',#968,2.E-1);
#970=CARTESIAN_POINT('',(-2.785E0,-4.2E-1,3.9E0));
#971=LINE('',#970,#969);
#972=DIRECTION('',(0.E0,0.E0,-1.E0));
#973=VECTOR('',#972,2.E-1);
#974=CARTESIAN_POINT('',(-2.785E0,3.1E0,4.1E0));
#975=LINE('',#974,#973);
#976=DIRECTION('',(0.E0,1.E0,0.E0));
#977=VECTOR('',#976,3.52E0);
#978=CARTESIAN_POINT('',(-2.785E0,-4.2E-1,-3.9E0));
#979=LINE('',#978,#977);
#980=DIRECTION('',(0.E0,0.E0,-1.E0));
#981=VECTOR('',#980,2.E-1);
#982=CARTESIAN_POINT('',(-2.785E0,3.1E0,-3.9E0));
#983=LINE('',#982,#981);
#984=DIRECTION('',(0.E0,-1.E0,0.E0));
#985=VECTOR('',#984,3.52E0);
#986=CARTESIAN_POINT('',(-2.785E0,3.1E0,-4.1E0));
#987=LINE('',#986,#985);
#988=DIRECTION('',(0.E0,0.E0,1.E0));
#989=VECTOR('',#988,2.E-1);
#990=CARTESIAN_POINT('',(-2.785E0,-4.2E-1,-4.1E0));
#991=LINE('',#990,#989);
#992=DIRECTION('',(-1.E0,0.E0,0.E0));
#993=VECTOR('',#992,5.6E0);
#994=CARTESIAN_POINT('',(2.815E0,-4.2E-1,-4.1E0));
#995=LINE('',#994,#993);
#996=DIRECTION('',(1.E0,0.E0,0.E0));
#997=VECTOR('',#996,5.6E0);
#998=CARTESIAN_POINT('',(-2.785E0,3.1E0,-4.1E0));
#999=LINE('',#998,#997);
#1000=DIRECTION('',(0.E0,-1.E0,0.E0));
#1001=VECTOR('',#1000,3.52E0);
#1002=CARTESIAN_POINT('',(2.815E0,3.1E0,-4.1E0));
#1003=LINE('',#1002,#1001);
#1004=DIRECTION('',(0.E0,-1.E0,0.E0));
#1005=VECTOR('',#1004,8.129529426061E-1);
#1006=CARTESIAN_POINT('',(2.265E0,4.5E-1,-4.1E0));
#1007=LINE('',#1006,#1005);
#1008=DIRECTION('',(0.E0,9.612616959383E-1,2.756373558170E-1));
#1009=VECTOR('',#1008,7.255910557086E-1);
#1010=CARTESIAN_POINT('',(2.265E0,-3.629529426061E-1,-4.1E0));
#1011=LINE('',#1010,#1009);
#1012=DIRECTION('',(0.E0,5.E-1,-8.660254037844E-1));
#1013=VECTOR('',#1012,2.309401076758E-1);
#1014=CARTESIAN_POINT('',(2.265E0,3.345299461621E-1,-3.9E0));
#1015=LINE('',#1014,#1013);
#1016=DIRECTION('',(-1.E0,0.E0,0.E0));
#1017=VECTOR('',#1016,4.5E0);
#1018=CARTESIAN_POINT('',(2.265E0,-3.629529426061E-1,-4.1E0));
#1019=LINE('',#1018,#1017);
#1020=DIRECTION('',(1.E0,0.E0,0.E0));
#1021=VECTOR('',#1020,4.5E0);
#1022=CARTESIAN_POINT('',(-2.235E0,3.345299461621E-1,-3.9E0));
#1023=LINE('',#1022,#1021);
#1024=DIRECTION('',(0.E0,1.E0,0.E0));
#1025=VECTOR('',#1024,8.129529426061E-1);
#1026=CARTESIAN_POINT('',(-2.235E0,-3.629529426061E-1,-4.1E0));
#1027=LINE('',#1026,#1025);
#1028=DIRECTION('',(0.E0,-5.E-1,8.660254037844E-1));
#1029=VECTOR('',#1028,2.309401076758E-1);
#1030=CARTESIAN_POINT('',(-2.235E0,4.5E-1,-4.1E0));
#1031=LINE('',#1030,#1029);
#1032=DIRECTION('',(0.E0,-9.612616959383E-1,-2.756373558170E-1));
#1033=VECTOR('',#1032,7.255910557086E-1);
#1034=CARTESIAN_POINT('',(-2.235E0,3.345299461621E-1,-3.9E0));
#1035=LINE('',#1034,#1033);
#1036=DIRECTION('',(1.E0,0.E0,0.E0));
#1037=VECTOR('',#1036,4.5E0);
#1038=CARTESIAN_POINT('',(-2.235E0,4.5E-1,-4.1E0));
#1039=LINE('',#1038,#1037);
#1040=DIRECTION('',(0.E0,1.E0,0.E0));
#1041=VECTOR('',#1040,8.129529426061E-1);
#1042=CARTESIAN_POINT('',(2.265E0,-3.629529426061E-1,4.1E0));
#1043=LINE('',#1042,#1041);
#1044=DIRECTION('',(0.E0,-5.E-1,-8.660254037844E-1));
#1045=VECTOR('',#1044,2.309401076758E-1);
#1046=CARTESIAN_POINT('',(2.265E0,4.5E-1,4.1E0));
#1047=LINE('',#1046,#1045);
#1048=DIRECTION('',(0.E0,-9.612616959383E-1,2.756373558170E-1));
#1049=VECTOR('',#1048,7.255910557086E-1);
#1050=CARTESIAN_POINT('',(2.265E0,3.345299461621E-1,3.9E0));
#1051=LINE('',#1050,#1049);
#1052=DIRECTION('',(-1.E0,0.E0,0.E0));
#1053=VECTOR('',#1052,4.5E0);
#1054=CARTESIAN_POINT('',(2.265E0,4.5E-1,4.1E0));
#1055=LINE('',#1054,#1053);
#1056=DIRECTION('',(1.E0,0.E0,0.E0));
#1057=VECTOR('',#1056,4.5E0);
#1058=CARTESIAN_POINT('',(-2.235E0,3.345299461621E-1,3.9E0));
#1059=LINE('',#1058,#1057);
#1060=DIRECTION('',(0.E0,-1.E0,0.E0));
#1061=VECTOR('',#1060,8.129529426061E-1);
#1062=CARTESIAN_POINT('',(-2.235E0,4.5E-1,4.1E0));
#1063=LINE('',#1062,#1061);
#1064=DIRECTION('',(0.E0,9.612616959383E-1,-2.756373558170E-1));
#1065=VECTOR('',#1064,7.255910557086E-1);
#1066=CARTESIAN_POINT('',(-2.235E0,-3.629529426061E-1,4.1E0));
#1067=LINE('',#1066,#1065);
#1068=DIRECTION('',(0.E0,5.E-1,8.660254037844E-1));
#1069=VECTOR('',#1068,2.309401076758E-1);
#1070=CARTESIAN_POINT('',(-2.235E0,3.345299461621E-1,3.9E0));
#1071=LINE('',#1070,#1069);
#1072=DIRECTION('',(1.E0,0.E0,0.E0));
#1073=VECTOR('',#1072,4.5E0);
#1074=CARTESIAN_POINT('',(-2.235E0,-3.629529426061E-1,4.1E0));
#1075=LINE('',#1074,#1073);
#1076=DIRECTION('',(0.E0,-1.E0,0.E0));
#1077=VECTOR('',#1076,3.52E0);
#1078=CARTESIAN_POINT('',(3.63E0,3.1E0,3.9E0));
#1079=LINE('',#1078,#1077);
#1080=DIRECTION('',(0.E0,0.E0,-1.E0));
#1081=VECTOR('',#1080,7.8E0);
#1082=CARTESIAN_POINT('',(3.63E0,-4.2E-1,3.9E0));
#1083=LINE('',#1082,#1081);
#1084=DIRECTION('',(0.E0,0.E0,1.E0));
#1085=VECTOR('',#1084,7.8E0);
#1086=CARTESIAN_POINT('',(3.63E0,3.1E0,-3.9E0));
#1087=LINE('',#1086,#1085);
#1088=DIRECTION('',(0.E0,1.E0,0.E0));
#1089=VECTOR('',#1088,8.129529426061E-1);
#1090=CARTESIAN_POINT('',(3.63E0,-3.629529426061E-1,-7.5E-1));
#1091=LINE('',#1090,#1089);
#1092=DIRECTION('',(-8.660254037845E-1,-5.E-1,0.E0));
#1093=VECTOR('',#1092,2.309401076758E-1);
#1094=CARTESIAN_POINT('',(3.63E0,4.5E-1,-7.5E-1));
#1095=LINE('',#1094,#1093);
#1096=DIRECTION('',(2.756373558170E-1,-9.612616959383E-1,0.E0));
#1097=VECTOR('',#1096,7.255910557087E-1);
#1098=CARTESIAN_POINT('',(3.43E0,3.345299461621E-1,-7.5E-1));
#1099=LINE('',#1098,#1097);
#1100=DIRECTION('',(0.E0,-1.E0,0.E0));
#1101=VECTOR('',#1100,8.129529426061E-1);
#1102=CARTESIAN_POINT('',(3.63E0,4.5E-1,7.5E-1));
#1103=LINE('',#1102,#1101);
#1104=DIRECTION('',(-2.756373558170E-1,9.612616959383E-1,0.E0));
#1105=VECTOR('',#1104,7.255910557087E-1);
#1106=CARTESIAN_POINT('',(3.63E0,-3.629529426061E-1,7.5E-1));
#1107=LINE('',#1106,#1105);
#1108=DIRECTION('',(8.660254037845E-1,5.E-1,0.E0));
#1109=VECTOR('',#1108,2.309401076758E-1);
#1110=CARTESIAN_POINT('',(3.43E0,3.345299461621E-1,7.5E-1));
#1111=LINE('',#1110,#1109);
#1112=DIRECTION('',(0.E0,0.E0,-1.E0));
#1113=VECTOR('',#1112,1.5E0);
#1114=CARTESIAN_POINT('',(3.63E0,-3.629529426061E-1,7.5E-1));
#1115=LINE('',#1114,#1113);
#1116=DIRECTION('',(0.E0,0.E0,1.E0));
#1117=VECTOR('',#1116,1.5E0);
#1118=CARTESIAN_POINT('',(3.43E0,3.345299461621E-1,-7.5E-1));
#1119=LINE('',#1118,#1117);
#1120=DIRECTION('',(0.E0,0.E0,-1.E0));
#1121=VECTOR('',#1120,7.8E0);
#1122=CARTESIAN_POINT('',(-3.6E0,3.1E0,3.9E0));
#1123=LINE('',#1122,#1121);
#1124=DIRECTION('',(0.E0,-1.E0,0.E0));
#1125=VECTOR('',#1124,3.52E0);
#1126=CARTESIAN_POINT('',(-3.6E0,3.1E0,-3.9E0));
#1127=LINE('',#1126,#1125);
#1128=DIRECTION('',(0.E0,0.E0,1.E0));
#1129=VECTOR('',#1128,7.8E0);
#1130=CARTESIAN_POINT('',(-3.6E0,-4.2E-1,-3.9E0));
#1131=LINE('',#1130,#1129);
#1132=DIRECTION('',(0.E0,-1.E0,0.E0));
#1133=VECTOR('',#1132,8.129529426061E-1);
#1134=CARTESIAN_POINT('',(-3.6E0,4.5E-1,-7.5E-1));
#1135=LINE('',#1134,#1133);
#1136=DIRECTION('',(2.756373558170E-1,9.612616959383E-1,0.E0));
#1137=VECTOR('',#1136,7.255910557087E-1);
#1138=CARTESIAN_POINT('',(-3.6E0,-3.629529426061E-1,-7.5E-1));
#1139=LINE('',#1138,#1137);
#1140=DIRECTION('',(-8.660254037845E-1,5.E-1,0.E0));
#1141=VECTOR('',#1140,2.309401076758E-1);
#1142=CARTESIAN_POINT('',(-3.4E0,3.345299461621E-1,-7.5E-1));
#1143=LINE('',#1142,#1141);
#1144=DIRECTION('',(0.E0,0.E0,1.E0));
#1145=VECTOR('',#1144,1.5E0);
#1146=CARTESIAN_POINT('',(-3.6E0,-3.629529426061E-1,-7.5E-1));
#1147=LINE('',#1146,#1145);
#1148=DIRECTION('',(0.E0,0.E0,-1.E0));
#1149=VECTOR('',#1148,1.5E0);
#1150=CARTESIAN_POINT('',(-3.4E0,3.345299461621E-1,7.5E-1));
#1151=LINE('',#1150,#1149);
#1152=DIRECTION('',(0.E0,1.E0,0.E0));
#1153=VECTOR('',#1152,8.129529426061E-1);
#1154=CARTESIAN_POINT('',(-3.6E0,-3.629529426061E-1,7.5E-1));
#1155=LINE('',#1154,#1153);
#1156=DIRECTION('',(8.660254037845E-1,-5.E-1,0.E0));
#1157=VECTOR('',#1156,2.309401076758E-1);
#1158=CARTESIAN_POINT('',(-3.6E0,4.5E-1,7.5E-1));
#1159=LINE('',#1158,#1157);
#1160=DIRECTION('',(-2.756373558170E-1,-9.612616959383E-1,0.E0));
#1161=VECTOR('',#1160,7.255910557087E-1);
#1162=CARTESIAN_POINT('',(-3.4E0,3.345299461621E-1,7.5E-1));
#1163=LINE('',#1162,#1161);
#1164=CARTESIAN_POINT('',(1.5E-2,1.252999404961E1,0.E0));
#1165=DIRECTION('',(0.E0,-1.E0,0.E0));
#1166=DIRECTION('',(5.635426694269E-1,0.E0,-8.260869565216E-1));
#1167=AXIS2_PLACEMENT_3D('',#1164,#1165,#1166);
#1169=CARTESIAN_POINT('',(1.5E-2,1.252999404961E1,0.E0));
#1170=DIRECTION('',(0.E0,-1.E0,0.E0));
#1171=DIRECTION('',(1.E0,0.E0,0.E0));
#1172=AXIS2_PLACEMENT_3D('',#1169,#1170,#1171);
#1174=CARTESIAN_POINT('',(1.311148275531E0,1.252999682268E1,1.899999998219E0));
#1175=CARTESIAN_POINT('',(1.302368078530E0,1.255844833315E1,1.871548487754E0));
#1176=CARTESIAN_POINT('',(1.284761353338E0,1.261490613815E1,1.815095018675E0));
#1177=CARTESIAN_POINT('',(1.258214379217E0,1.269823604341E1,1.731764676332E0));
#1178=CARTESIAN_POINT('',(1.240462286338E0,1.275289725359E1,1.677100295783E0));
#1179=CARTESIAN_POINT('',(1.231551056544E0,1.277999997126E1,1.649997578120E0));
#1181=DIRECTION('',(1.E0,1.389607231892E-11,2.056041727369E-11));
#1182=VECTOR('',#1181,2.592296551101E0);
#1183=CARTESIAN_POINT('',(-1.281148275516E0,1.252999682265E1,
-1.899999998224E0));
#1184=LINE('',#1183,#1182);
#1185=CARTESIAN_POINT('',(1.311148275585E0,1.252999682269E1,-1.899999998171E0));
#1186=CARTESIAN_POINT('',(1.302563306685E0,1.255781571245E1,-1.872181108407E0));
#1187=CARTESIAN_POINT('',(1.285226049372E0,1.261343144553E1,-1.816569711335E0));
#1188=CARTESIAN_POINT('',(1.258687002200E0,1.269676266787E1,-1.733238051834E0));
#1189=CARTESIAN_POINT('',(1.240669556223E0,1.275226659667E1,-1.677730952781E0));
#1190=CARTESIAN_POINT('',(1.231550969782E0,1.277999997126E1,-1.649997578196E0));
#1192=DIRECTION('',(1.E0,-9.707032557246E-11,3.489948807272E-12));
#1193=VECTOR('',#1192,2.592297446947E0);
#1194=CARTESIAN_POINT('',(-1.281148723468E0,8.929998471891E0,
-1.899999833897E0));
#1195=LINE('',#1194,#1193);
#1196=DIRECTION('',(1.E0,-1.008541550017E-10,-4.639072435628E-13));
#1197=VECTOR('',#1196,2.712932031519E0);
#1198=CARTESIAN_POINT('',(-1.341466015772E0,8.729998339688E0,
-2.100000016098E0));
#1199=LINE('',#1198,#1197);
#1200=CARTESIAN_POINT('',(1.371466015746E0,8.729998339414E0,-2.100000016100E0));
#1201=CARTESIAN_POINT('',(1.364906761249E0,8.752242027651E0,-2.077756327863E0));
#1202=CARTESIAN_POINT('',(1.351693296854E0,8.796717284324E0,-2.033283257173E0));
#1203=CARTESIAN_POINT('',(1.331584223247E0,8.863383781945E0,-1.966616789544E0));
#1204=CARTESIAN_POINT('',(1.317999600993E0,8.907798953564E0,-1.922199351963E0));
#1205=CARTESIAN_POINT('',(1.311148723479E0,8.929998471639E0,-1.899999833888E0));
#1207=DIRECTION('',(1.E0,0.E0,0.E0));
#1208=VECTOR('',#1207,2.712931887754E0);
#1209=CARTESIAN_POINT('',(-1.341465943882E0,7.03E0,-2.1E0));
#1210=LINE('',#1209,#1208);
#1211=DIRECTION('',(1.244149355721E-7,-1.E0,4.563421917447E-8));
#1212=VECTOR('',#1211,3.599998351046E0);
#1213=CARTESIAN_POINT('',(1.311148275585E0,1.252999682269E1,-1.899999998171E0));
#1214=LINE('',#1213,#1212);
#1215=DIRECTION('',(-1.244255642971E-7,1.E0,4.564415814226E-8));
#1216=VECTOR('',#1215,3.599998351046E0);
#1217=CARTESIAN_POINT('',(1.311148723462E0,8.929998471639E0,1.899999833901E0));
#1218=LINE('',#1217,#1216);
#1219=DIRECTION('',(-1.E0,9.707101081612E-11,-8.031747490634E-12));
#1220=VECTOR('',#1219,2.592297446962E0);
#1221=CARTESIAN_POINT('',(1.311148723462E0,8.929998471639E0,1.899999833901E0));
#1222=LINE('',#1221,#1220);
#1223=DIRECTION('',(-1.E0,-1.389607231880E-11,-1.944680937730E-11));
#1224=VECTOR('',#1223,2.592296551124E0);
#1225=CARTESIAN_POINT('',(1.311148275531E0,1.252999682268E1,1.899999998219E0));
#1226=LINE('',#1225,#1224);
#1227=CARTESIAN_POINT('',(-1.281148275594E0,1.252999682265E1,1.899999998169E0));
#1228=CARTESIAN_POINT('',(-1.272563306695E0,1.255781571241E1,1.872181108404E0));
#1229=CARTESIAN_POINT('',(-1.255226060766E0,1.261343144552E1,1.816569711359E0));
#1230=CARTESIAN_POINT('',(-1.228686961593E0,1.269676266784E1,1.733238051867E0));
#1231=CARTESIAN_POINT('',(-1.210669642812E0,1.275226659667E1,1.677730952772E0));
#1232=CARTESIAN_POINT('',(-1.201551056371E0,1.277999997126E1,1.649997578184E0));
#1234=DIRECTION('',(0.E0,0.E0,-1.E0));
#1235=VECTOR('',#1234,8.5E0);
#1236=CARTESIAN_POINT('',(3.765E0,6.73E0,4.25E0));
#1237=LINE('',#1236,#1235);
#1238=DIRECTION('',(0.E0,0.E0,1.E0));
#1239=VECTOR('',#1238,8.5E0);
#1240=CARTESIAN_POINT('',(4.065E0,6.43E0,-4.25E0));
#1241=LINE('',#1240,#1239);
#1242=CARTESIAN_POINT('',(3.765E0,6.43E0,-4.25E0));
#1243=DIRECTION('',(-1.E0,0.E0,0.E0));
#1244=DIRECTION('',(0.E0,1.E0,0.E0));
#1245=AXIS2_PLACEMENT_3D('',#1242,#1243,#1244);
#1247=CARTESIAN_POINT('',(3.765E0,6.43E0,-4.25E0));
#1248=DIRECTION('',(0.E0,-1.E0,0.E0));
#1249=DIRECTION('',(0.E0,0.E0,-1.E0));
#1250=AXIS2_PLACEMENT_3D('',#1247,#1248,#1249);
#1252=CARTESIAN_POINT('',(3.765E0,6.43E0,-4.25E0));
#1253=DIRECTION('',(0.E0,0.E0,1.E0));
#1254=DIRECTION('',(1.E0,0.E0,0.E0));
#1255=AXIS2_PLACEMENT_3D('',#1252,#1253,#1254);
#1257=CARTESIAN_POINT('',(3.765E0,6.43E0,4.25E0));
#1258=DIRECTION('',(-1.E0,0.E0,0.E0));
#1259=DIRECTION('',(0.E0,0.E0,1.E0));
#1260=AXIS2_PLACEMENT_3D('',#1257,#1258,#1259);
#1262=CARTESIAN_POINT('',(3.765E0,6.43E0,4.25E0));
#1263=DIRECTION('',(0.E0,0.E0,-1.E0));
#1264=DIRECTION('',(0.E0,1.E0,0.E0));
#1265=AXIS2_PLACEMENT_3D('',#1262,#1263,#1264);
#1267=CARTESIAN_POINT('',(3.765E0,6.43E0,4.25E0));
#1268=DIRECTION('',(0.E0,-1.E0,0.E0));
#1269=DIRECTION('',(1.E0,0.E0,0.E0));
#1270=AXIS2_PLACEMENT_3D('',#1267,#1268,#1269);
#1272=DIRECTION('',(-1.E0,0.E0,0.E0));
#1273=VECTOR('',#1272,7.5E0);
#1274=CARTESIAN_POINT('',(3.765E0,6.43E0,4.55E0));
#1275=LINE('',#1274,#1273);
#1276=DIRECTION('',(1.E0,0.E0,0.E0));
#1277=VECTOR('',#1276,7.5E0);
#1278=CARTESIAN_POINT('',(-3.735E0,6.73E0,4.25E0));
#1279=LINE('',#1278,#1277);
#1280=DIRECTION('',(0.E0,1.E0,0.E0));
#1281=VECTOR('',#1280,6.85E0);
#1282=CARTESIAN_POINT('',(3.765E0,-4.2E-1,4.55E0));
#1283=LINE('',#1282,#1281);
#1284=DIRECTION('',(0.E0,-1.E0,0.E0));
#1285=VECTOR('',#1284,6.85E0);
#1286=CARTESIAN_POINT('',(4.065E0,6.43E0,4.25E0));
#1287=LINE('',#1286,#1285);
#1288=CARTESIAN_POINT('',(3.765E0,-4.2E-1,4.25E0));
#1289=DIRECTION('',(0.E0,1.E0,0.E0));
#1290=DIRECTION('',(5.527707983926E-1,0.E0,8.333333333333E-1));
#1291=AXIS2_PLACEMENT_3D('',#1288,#1289,#1290);
#1293=DIRECTION('',(1.E0,0.E0,1.059177610655E-13));
#1294=VECTOR('',#1293,1.341687604822E-1);
#1295=CARTESIAN_POINT('',(3.930831239518E0,-4.2E-1,4.5E0));
#1296=LINE('',#1295,#1294);
#1297=CARTESIAN_POINT('',(3.765E0,-1.12E0,4.5E0));
#1298=DIRECTION('',(0.E0,0.E0,-1.E0));
#1299=DIRECTION('',(1.E0,0.E0,0.E0));
#1300=AXIS2_PLACEMENT_3D('',#1297,#1298,#1299);
#1302=DIRECTION('',(-5.735764363510E-1,8.191520442890E-1,0.E0));
#1303=VECTOR('',#1302,1.064604473595E0);
#1304=CARTESIAN_POINT('',(3.519254386713E0,-1.292072930905E0,4.5E0));
#1305=LINE('',#1304,#1303);
#1306=DIRECTION('',(1.E0,7.195425112498E-14,-1.390210436830E-14));
#1307=VECTOR('',#1306,1.022208892893E0);
#1308=CARTESIAN_POINT('',(2.908622346625E0,-4.200000000001E-1,4.5E0));
#1309=LINE('',#1308,#1307);
#1310=DIRECTION('',(0.E0,0.E0,1.E0));
#1311=VECTOR('',#1310,6.E-1);
#1312=CARTESIAN_POINT('',(3.519254386713E0,-1.292072930905E0,3.9E0));
#1313=LINE('',#1312,#1311);
#1314=DIRECTION('',(0.E0,0.E0,-1.E0));
#1315=VECTOR('',#1314,6.E-1);
#1316=CARTESIAN_POINT('',(4.065E0,-1.12E0,4.5E0));
#1317=LINE('',#1316,#1315);
#1318=DIRECTION('',(0.E0,0.E0,1.E0));
#1319=VECTOR('',#1318,6.E-1);
#1320=CARTESIAN_POINT('',(2.908622346625E0,-4.200000000001E-1,3.9E0));
#1321=LINE('',#1320,#1319);
#1322=DIRECTION('',(1.E0,0.E0,0.E0));
#1323=VECTOR('',#1322,7.5E0);
#1324=CARTESIAN_POINT('',(-3.735E0,-4.2E-1,-4.55E0));
#1325=LINE('',#1324,#1323);
#1326=DIRECTION('',(0.E0,1.E0,0.E0));
#1327=VECTOR('',#1326,6.85E0);
#1328=CARTESIAN_POINT('',(-3.735E0,-4.2E-1,-4.55E0));
#1329=LINE('',#1328,#1327);
#1330=DIRECTION('',(0.E0,-1.E0,0.E0));
#1331=VECTOR('',#1330,6.85E0);
#1332=CARTESIAN_POINT('',(-4.035E0,6.43E0,-4.25E0));
#1333=LINE('',#1332,#1331);
#1334=CARTESIAN_POINT('',(-3.735E0,-4.2E-1,-4.25E0));
#1335=DIRECTION('',(0.E0,1.E0,0.E0));
#1336=DIRECTION('',(-5.527707983927E-1,0.E0,-8.333333333333E-1));
#1337=AXIS2_PLACEMENT_3D('',#1334,#1335,#1336);
#1339=DIRECTION('',(-1.E0,0.E0,-1.059177610655E-13));
#1340=VECTOR('',#1339,1.341687604822E-1);
#1341=CARTESIAN_POINT('',(-3.900831239518E0,-4.2E-1,-4.5E0));
#1342=LINE('',#1341,#1340);
#1343=CARTESIAN_POINT('',(-3.735E0,-1.12E0,-4.5E0));
#1344=DIRECTION('',(0.E0,0.E0,1.E0));
#1345=DIRECTION('',(-1.E0,0.E0,0.E0));
#1346=AXIS2_PLACEMENT_3D('',#1343,#1344,#1345);
#1348=DIRECTION('',(5.735764363510E-1,8.191520442890E-1,0.E0));
#1349=VECTOR('',#1348,1.064604473595E0);
#1350=CARTESIAN_POINT('',(-3.489254386713E0,-1.292072930905E0,-4.5E0));
#1351=LINE('',#1350,#1349);
#1352=DIRECTION('',(-1.E0,7.195425112498E-14,1.390210436830E-14));
#1353=VECTOR('',#1352,1.022208892893E0);
#1354=CARTESIAN_POINT('',(-2.878622346625E0,-4.200000000001E-1,-4.5E0));
#1355=LINE('',#1354,#1353);
#1356=DIRECTION('',(0.E0,0.E0,-1.E0));
#1357=VECTOR('',#1356,6.E-1);
#1358=CARTESIAN_POINT('',(-3.489254386713E0,-1.292072930905E0,-3.9E0));
#1359=LINE('',#1358,#1357);
#1360=DIRECTION('',(0.E0,0.E0,1.E0));
#1361=VECTOR('',#1360,6.E-1);
#1362=CARTESIAN_POINT('',(-4.035E0,-1.12E0,-4.5E0));
#1363=LINE('',#1362,#1361);
#1364=DIRECTION('',(0.E0,0.E0,-1.E0));
#1365=VECTOR('',#1364,6.E-1);
#1366=CARTESIAN_POINT('',(-2.878622346625E0,-4.200000000001E-1,-3.9E0));
#1367=LINE('',#1366,#1365);
#1368=DIRECTION('',(0.E0,0.E0,-1.E0));
#1369=VECTOR('',#1368,6.E-1);
#1370=CARTESIAN_POINT('',(4.065E0,-1.12E0,-3.9E0));
#1371=LINE('',#1370,#1369);
#1372=DIRECTION('',(0.E0,0.E0,1.E0));
#1373=VECTOR('',#1372,6.E-1);
#1374=CARTESIAN_POINT('',(3.519254386713E0,-1.292072930905E0,-4.5E0));
#1375=LINE('',#1374,#1373);
#1376=CARTESIAN_POINT('',(4.065E0,-1.2E-1,3.9E0));
#1377=CARTESIAN_POINT('',(4.065E0,-1.2E-1,-3.9E0));
#1378=VERTEX_POINT('',#1376);
#1379=VERTEX_POINT('',#1377);
#1380=CARTESIAN_POINT('',(4.065E0,-1.12E0,3.9E0));
#1381=VERTEX_POINT('',#1380);
#1382=CARTESIAN_POINT('',(4.065E0,-1.12E0,4.5E0));
#1383=VERTEX_POINT('',#1382);
#1384=CARTESIAN_POINT('',(4.065E0,-4.2E-1,4.5E0));
#1385=VERTEX_POINT('',#1384);
#1386=CARTESIAN_POINT('',(4.065E0,-4.2E-1,4.25E0));
#1387=VERTEX_POINT('',#1386);
#1388=CARTESIAN_POINT('',(4.065E0,6.43E0,4.25E0));
#1389=VERTEX_POINT('',#1388);
#1390=CARTESIAN_POINT('',(4.065E0,6.43E0,-4.25E0));
#1391=VERTEX_POINT('',#1390);
#1392=CARTESIAN_POINT('',(4.065E0,-4.2E-1,-4.25E0));
#1393=VERTEX_POINT('',#1392);
#1394=CARTESIAN_POINT('',(4.065E0,-4.2E-1,-4.5E0));
#1395=VERTEX_POINT('',#1394);
#1396=CARTESIAN_POINT('',(4.065E0,-1.12E0,-4.5E0));
#1397=VERTEX_POINT('',#1396);
#1398=CARTESIAN_POINT('',(4.065E0,-1.12E0,-3.9E0));
#1399=VERTEX_POINT('',#1398);
#1400=CARTESIAN_POINT('',(3.765E0,-4.2E-1,-3.9E0));
#1401=CARTESIAN_POINT('',(3.765E0,-4.2E-1,3.9E0));
#1402=VERTEX_POINT('',#1400);
#1403=VERTEX_POINT('',#1401);
#1404=CARTESIAN_POINT('',(3.930831239518E0,-4.2E-1,-4.5E0));
#1405=CARTESIAN_POINT('',(3.765E0,-4.2E-1,-4.55E0));
#1406=VERTEX_POINT('',#1404);
#1407=VERTEX_POINT('',#1405);
#1408=CARTESIAN_POINT('',(-3.735E0,-4.2E-1,-4.55E0));
#1409=VERTEX_POINT('',#1408);
#1410=CARTESIAN_POINT('',(-3.900831239518E0,-4.2E-1,-4.5E0));
#1411=VERTEX_POINT('',#1410);
#1412=CARTESIAN_POINT('',(-2.878622346625E0,-4.200000000001E-1,-4.5E0));
#1413=VERTEX_POINT('',#1412);
#1414=CARTESIAN_POINT('',(-2.878622346625E0,-4.200000000001E-1,-3.9E0));
#1415=VERTEX_POINT('',#1414);
#1416=CARTESIAN_POINT('',(-2.785E0,-4.2E-1,-3.9E0));
#1417=VERTEX_POINT('',#1416);
#1418=CARTESIAN_POINT('',(-2.785E0,-4.2E-1,-4.1E0));
#1419=VERTEX_POINT('',#1418);
#1420=CARTESIAN_POINT('',(2.815E0,-4.2E-1,-4.1E0));
#1421=VERTEX_POINT('',#1420);
#1422=CARTESIAN_POINT('',(2.815E0,-4.2E-1,-3.9E0));
#1423=VERTEX_POINT('',#1422);
#1424=CARTESIAN_POINT('',(2.908622346625E0,-4.200000000001E-1,-3.9E0));
#1425=VERTEX_POINT('',#1424);
#1426=CARTESIAN_POINT('',(2.908622346625E0,-4.200000000001E-1,-4.5E0));
#1427=VERTEX_POINT('',#1426);
#1428=CARTESIAN_POINT('',(3.765E0,-4.2E-1,4.55E0));
#1429=CARTESIAN_POINT('',(3.930831239518E0,-4.2E-1,4.5E0));
#1430=VERTEX_POINT('',#1428);
#1431=VERTEX_POINT('',#1429);
#1432=CARTESIAN_POINT('',(2.908622346625E0,-4.200000000001E-1,4.5E0));
#1433=VERTEX_POINT('',#1432);
#1434=CARTESIAN_POINT('',(2.908622346625E0,-4.200000000001E-1,3.9E0));
#1435=VERTEX_POINT('',#1434);
#1436=CARTESIAN_POINT('',(2.815E0,-4.2E-1,3.9E0));
#1437=VERTEX_POINT('',#1436);
#1438=CARTESIAN_POINT('',(2.815E0,-4.2E-1,4.1E0));
#1439=VERTEX_POINT('',#1438);
#1440=CARTESIAN_POINT('',(-2.785E0,-4.2E-1,4.1E0));
#1441=VERTEX_POINT('',#1440);
#1442=CARTESIAN_POINT('',(-2.785E0,-4.2E-1,3.9E0));
#1443=VERTEX_POINT('',#1442);
#1444=CARTESIAN_POINT('',(-2.878622346625E0,-4.200000000001E-1,3.9E0));
#1445=VERTEX_POINT('',#1444);
#1446=CARTESIAN_POINT('',(-2.878622346625E0,-4.200000000001E-1,4.5E0));
#1447=VERTEX_POINT('',#1446);
#1448=CARTESIAN_POINT('',(-3.900831239518E0,-4.2E-1,4.5E0));
#1449=VERTEX_POINT('',#1448);
#1450=CARTESIAN_POINT('',(-3.735E0,-4.2E-1,4.55E0));
#1451=VERTEX_POINT('',#1450);
#1452=CARTESIAN_POINT('',(-3.735E0,-4.2E-1,3.9E0));
#1453=CARTESIAN_POINT('',(-3.735E0,-4.2E-1,-3.9E0));
#1454=VERTEX_POINT('',#1452);
#1455=VERTEX_POINT('',#1453);
#1456=CARTESIAN_POINT('',(-3.6E0,-4.2E-1,3.9E0));
#1457=VERTEX_POINT('',#1456);
#1458=CARTESIAN_POINT('',(-3.6E0,-4.2E-1,-3.9E0));
#1459=VERTEX_POINT('',#1458);
#1460=CARTESIAN_POINT('',(3.63E0,-4.2E-1,-3.9E0));
#1461=VERTEX_POINT('',#1460);
#1462=CARTESIAN_POINT('',(3.63E0,-4.2E-1,3.9E0));
#1463=VERTEX_POINT('',#1462);
#1464=CARTESIAN_POINT('',(3.765E0,6.43E0,-4.55E0));
#1465=VERTEX_POINT('',#1464);
#1466=CARTESIAN_POINT('',(3.519254386713E0,-1.292072930905E0,-4.5E0));
#1467=VERTEX_POINT('',#1466);
#1468=CARTESIAN_POINT('',(3.519254386713E0,-1.292072930905E0,-3.9E0));
#1469=VERTEX_POINT('',#1468);
#1470=CARTESIAN_POINT('',(-4.035E0,-1.2E-1,-3.9E0));
#1471=CARTESIAN_POINT('',(-4.035E0,-1.12E0,-3.9E0));
#1472=VERTEX_POINT('',#1470);
#1473=VERTEX_POINT('',#1471);
#1474=CARTESIAN_POINT('',(-3.6E0,3.1E0,-3.9E0));
#1475=VERTEX_POINT('',#1474);
#1476=CARTESIAN_POINT('',(-2.785E0,3.1E0,-3.9E0));
#1477=VERTEX_POINT('',#1476);
#1478=CARTESIAN_POINT('',(-3.489254386713E0,-1.292072930905E0,-3.9E0));
#1479=VERTEX_POINT('',#1478);
#1480=CARTESIAN_POINT('',(2.815E0,3.1E0,-3.9E0));
#1481=VERTEX_POINT('',#1480);
#1482=CARTESIAN_POINT('',(3.63E0,3.1E0,-3.9E0));
#1483=VERTEX_POINT('',#1482);
#1484=CARTESIAN_POINT('',(-4.035E0,-1.2E-1,3.9E0));
#1485=VERTEX_POINT('',#1484);
#1486=CARTESIAN_POINT('',(-4.035E0,-1.12E0,-4.5E0));
#1487=VERTEX_POINT('',#1486);
#1488=CARTESIAN_POINT('',(-4.035E0,-4.2E-1,-4.5E0));
#1489=VERTEX_POINT('',#1488);
#1490=CARTESIAN_POINT('',(-4.035E0,-4.2E-1,-4.25E0));
#1491=VERTEX_POINT('',#1490);
#1492=CARTESIAN_POINT('',(-4.035E0,6.43E0,-4.25E0));
#1493=VERTEX_POINT('',#1492);
#1494=CARTESIAN_POINT('',(-4.035E0,6.43E0,4.25E0));
#1495=VERTEX_POINT('',#1494);
#1496=CARTESIAN_POINT('',(-4.035E0,-4.2E-1,4.25E0));
#1497=VERTEX_POINT('',#1496);
#1498=CARTESIAN_POINT('',(-4.035E0,-4.2E-1,4.5E0));
#1499=VERTEX_POINT('',#1498);
#1500=CARTESIAN_POINT('',(-4.035E0,-1.12E0,4.5E0));
#1501=VERTEX_POINT('',#1500);
#1502=CARTESIAN_POINT('',(-4.035E0,-1.12E0,3.9E0));
#1503=VERTEX_POINT('',#1502);
#1504=CARTESIAN_POINT('',(-3.489254386712E0,-1.292072930904E0,3.9E0));
#1505=VERTEX_POINT('',#1504);
#1506=CARTESIAN_POINT('',(-2.785E0,3.1E0,3.9E0));
#1507=VERTEX_POINT('',#1506);
#1508=CARTESIAN_POINT('',(-3.6E0,3.1E0,3.9E0));
#1509=VERTEX_POINT('',#1508);
#1510=CARTESIAN_POINT('',(3.63E0,3.1E0,3.9E0));
#1511=VERTEX_POINT('',#1510);
#1512=CARTESIAN_POINT('',(2.815E0,3.1E0,3.9E0));
#1513=VERTEX_POINT('',#1512);
#1514=CARTESIAN_POINT('',(3.519254386713E0,-1.292072930905E0,3.9E0));
#1515=VERTEX_POINT('',#1514);
#1516=CARTESIAN_POINT('',(-3.489254386712E0,-1.292072930904E0,4.5E0));
#1517=VERTEX_POINT('',#1516);
#1518=CARTESIAN_POINT('',(-3.735E0,6.43E0,4.55E0));
#1519=VERTEX_POINT('',#1518);
#1520=CARTESIAN_POINT('',(-3.735E0,6.73E0,4.25E0));
#1521=VERTEX_POINT('',#1520);
#1522=CARTESIAN_POINT('',(-3.735E0,6.73E0,-4.25E0));
#1523=VERTEX_POINT('',#1522);
#1524=CARTESIAN_POINT('',(-3.735E0,6.43E0,-4.55E0));
#1525=VERTEX_POINT('',#1524);
#1526=CARTESIAN_POINT('',(3.765E0,6.73E0,-4.25E0));
#1527=VERTEX_POINT('',#1526);
#1528=CARTESIAN_POINT('',(3.765E0,6.73E0,4.25E0));
#1529=VERTEX_POINT('',#1528);
#1530=CARTESIAN_POINT('',(-1.341465996625E0,7.03E0,-2.1E0));
#1531=CARTESIAN_POINT('',(-1.341465996625E0,7.03E0,2.1E0));
#1532=VERTEX_POINT('',#1530);
#1533=VERTEX_POINT('',#1531);
#1534=CARTESIAN_POINT('',(1.371465943872E0,7.03E0,-2.1E0));
#1535=VERTEX_POINT('',#1534);
#1536=CARTESIAN_POINT('',(1.371465996625E0,7.03E0,2.1E0));
#1537=VERTEX_POINT('',#1536);
#1538=CARTESIAN_POINT('',(2.515E0,8.729996888815E0,0.E0));
#1539=CARTESIAN_POINT('',(1.371465996625E0,8.729996888815E0,2.1E0));
#1540=VERTEX_POINT('',#1538);
#1541=VERTEX_POINT('',#1539);
#1542=CARTESIAN_POINT('',(1.371465996625E0,8.729996888815E0,-2.1E0));
#1543=VERTEX_POINT('',#1542);
#1544=VERTEX_POINT('',#812);
#1545=CARTESIAN_POINT('',(2.315E0,8.929997137710E0,0.E0));
#1546=VERTEX_POINT('',#1545);
#1547=CARTESIAN_POINT('',(1.311148139682E0,8.929997137710E0,-1.9E0));
#1548=VERTEX_POINT('',#1547);
#1549=CARTESIAN_POINT('',(-1.341466015779E0,8.729998339688E0,2.100000016088E0));
#1550=VERTEX_POINT('',#1549);
#1551=VERTEX_POINT('',#833);
#1552=CARTESIAN_POINT('',(-2.485E0,8.729996889362E0,0.E0));
#1553=CARTESIAN_POINT('',(-1.341465996625E0,8.729996889362E0,-2.1E0));
#1554=VERTEX_POINT('',#1552);
#1555=VERTEX_POINT('',#1553);
#1556=CARTESIAN_POINT('',(-1.281148139682E0,8.929997138213E0,-1.9E0));
#1557=CARTESIAN_POINT('',(-2.285E0,8.929997138213E0,0.E0));
#1558=VERTEX_POINT('',#1556);
#1559=VERTEX_POINT('',#1557);
#1560=CARTESIAN_POINT('',(-2.285E0,1.252999404954E1,0.E0));
#1561=CARTESIAN_POINT('',(-1.281148139682E0,1.252999404954E1,-1.9E0));
#1562=VERTEX_POINT('',#1560);
#1563=VERTEX_POINT('',#1561);
#1564=CARTESIAN_POINT('',(-1.281148139682E0,1.252999404954E1,1.9E0));
#1565=VERTEX_POINT('',#1564);
#1566=CARTESIAN_POINT('',(-2.034994696342E0,1.278E1,0.E0));
#1567=CARTESIAN_POINT('',(-1.201544743401E0,1.278E1,-1.649999134040E0));
#1568=VERTEX_POINT('',#1566);
#1569=VERTEX_POINT('',#1567);
#1570=CARTESIAN_POINT('',(-1.201544911836E0,1.278E1,1.649999009853E0));
#1571=VERTEX_POINT('',#1570);
#1572=CARTESIAN_POINT('',(1.231544743513E0,1.278E1,-1.649999134044E0));
#1573=CARTESIAN_POINT('',(2.064994696412E0,1.278E1,0.E0));
#1574=VERTEX_POINT('',#1572);
#1575=VERTEX_POINT('',#1573);
#1576=CARTESIAN_POINT('',(1.231544911948E0,1.278E1,1.649999009857E0));
#1577=VERTEX_POINT('',#1576);
#1578=CARTESIAN_POINT('',(2.815E0,3.1E0,4.1E0));
#1579=VERTEX_POINT('',#1578);
#1580=CARTESIAN_POINT('',(2.815E0,3.1E0,-4.1E0));
#1581=VERTEX_POINT('',#1580);
#1582=CARTESIAN_POINT('',(-2.785E0,3.1E0,-4.1E0));
#1583=VERTEX_POINT('',#1582);
#1584=CARTESIAN_POINT('',(-2.785E0,3.1E0,4.1E0));
#1585=VERTEX_POINT('',#1584);
#1586=CARTESIAN_POINT('',(2.265E0,4.5E-1,4.1E0));
#1587=CARTESIAN_POINT('',(2.265E0,-3.629529426061E-1,4.1E0));
#1588=VERTEX_POINT('',#1586);
#1589=VERTEX_POINT('',#1587);
#1590=CARTESIAN_POINT('',(-2.235E0,-3.629529426061E-1,4.1E0));
#1591=VERTEX_POINT('',#1590);
#1592=CARTESIAN_POINT('',(-2.235E0,4.5E-1,4.1E0));
#1593=VERTEX_POINT('',#1592);
#1594=CARTESIAN_POINT('',(2.265E0,4.5E-1,-4.1E0));
#1595=CARTESIAN_POINT('',(2.265E0,-3.629529426061E-1,-4.1E0));
#1596=VERTEX_POINT('',#1594);
#1597=VERTEX_POINT('',#1595);
#1598=CARTESIAN_POINT('',(-2.235E0,4.5E-1,-4.1E0));
#1599=VERTEX_POINT('',#1598);
#1600=CARTESIAN_POINT('',(-2.235E0,-3.629529426061E-1,-4.1E0));
#1601=VERTEX_POINT('',#1600);
#1602=CARTESIAN_POINT('',(2.265E0,3.345299461621E-1,-3.9E0));
#1603=VERTEX_POINT('',#1602);
#1604=CARTESIAN_POINT('',(-2.235E0,3.345299461621E-1,-3.9E0));
#1605=VERTEX_POINT('',#1604);
#1606=CARTESIAN_POINT('',(2.265E0,3.345299461621E-1,3.9E0));
#1607=VERTEX_POINT('',#1606);
#1608=CARTESIAN_POINT('',(-2.235E0,3.345299461621E-1,3.9E0));
#1609=VERTEX_POINT('',#1608);
#1610=CARTESIAN_POINT('',(3.63E0,4.5E-1,-7.5E-1));
#1611=CARTESIAN_POINT('',(3.63E0,-3.629529426061E-1,-7.5E-1));
#1612=VERTEX_POINT('',#1610);
#1613=VERTEX_POINT('',#1611);
#1614=CARTESIAN_POINT('',(3.63E0,-3.629529426061E-1,7.5E-1));
#1615=VERTEX_POINT('',#1614);
#1616=CARTESIAN_POINT('',(3.63E0,4.5E-1,7.5E-1));
#1617=VERTEX_POINT('',#1616);
#1618=CARTESIAN_POINT('',(3.43E0,3.345299461621E-1,-7.5E-1));
#1619=VERTEX_POINT('',#1618);
#1620=CARTESIAN_POINT('',(3.43E0,3.345299461621E-1,7.5E-1));
#1621=VERTEX_POINT('',#1620);
#1622=CARTESIAN_POINT('',(-3.6E0,4.5E-1,-7.5E-1));
#1623=CARTESIAN_POINT('',(-3.6E0,-3.629529426061E-1,-7.5E-1));
#1624=VERTEX_POINT('',#1622);
#1625=VERTEX_POINT('',#1623);
#1626=CARTESIAN_POINT('',(-3.6E0,4.5E-1,7.5E-1));
#1627=CARTESIAN_POINT('',(-3.6E0,-3.629529426061E-1,7.5E-1));
#1628=VERTEX_POINT('',#1626);
#1629=VERTEX_POINT('',#1627);
#1630=CARTESIAN_POINT('',(-3.4E0,3.345299461621E-1,-7.5E-1));
#1631=VERTEX_POINT('',#1630);
#1632=CARTESIAN_POINT('',(-3.4E0,3.345299461621E-1,7.5E-1));
#1633=VERTEX_POINT('',#1632);
#1634=VERTEX_POINT('',#1185);
#1635=CARTESIAN_POINT('',(2.315000000004E0,1.252999404961E1,0.E0));
#1636=CARTESIAN_POINT('',(1.311148139684E0,1.252999404961E1,1.900000000003E0));
#1637=VERTEX_POINT('',#1635);
#1638=VERTEX_POINT('',#1636);
#1639=CARTESIAN_POINT('',(3.765E0,6.43E0,4.55E0));
#1640=VERTEX_POINT('',#1639);
#1641=CARTESIAN_POINT('',(3.519254386712E0,-1.292072930904E0,4.5E0));
#1642=VERTEX_POINT('',#1641);
#1643=CARTESIAN_POINT('',(-3.489254386712E0,-1.292072930904E0,-4.5E0));
#1644=VERTEX_POINT('',#1643);
#1645=CARTESIAN_POINT('',(4.065E0,-4.2E-1,0.E0));
#1646=DIRECTION('',(-1.E0,0.E0,0.E0));
#1647=DIRECTION('',(0.E0,0.E0,1.E0));
#1648=AXIS2_PLACEMENT_3D('',#1645,#1646,#1647);
#1649=PLANE('',#1648);
#1651=ORIENTED_EDGE('',*,*,#1650,.F.);
#1653=ORIENTED_EDGE('',*,*,#1652,.T.);
#1655=ORIENTED_EDGE('',*,*,#1654,.F.);
#1657=ORIENTED_EDGE('',*,*,#1656,.T.);
#1659=ORIENTED_EDGE('',*,*,#1658,.T.);
#1661=ORIENTED_EDGE('',*,*,#1660,.F.);
#1663=ORIENTED_EDGE('',*,*,#1662,.F.);
#1665=ORIENTED_EDGE('',*,*,#1664,.F.);
#1667=ORIENTED_EDGE('',*,*,#1666,.F.);
#1669=ORIENTED_EDGE('',*,*,#1668,.F.);
#1671=ORIENTED_EDGE('',*,*,#1670,.F.);
#1673=ORIENTED_EDGE('',*,*,#1672,.T.);
#1674=EDGE_LOOP('',(#1651,#1653,#1655,#1657,#1659,#1661,#1663,#1665,#1667,#1669,
#1671,#1673));
#1675=FACE_OUTER_BOUND('',#1674,.F.);
#1676=ADVANCED_FACE('',(#1675),#1649,.F.);
#1677=CARTESIAN_POINT('',(3.765E0,-1.2E-1,4.527661845247E0));
#1678=DIRECTION('',(0.E0,0.E0,-1.E0));
#1679=DIRECTION('',(1.E0,0.E0,0.E0));
#1680=AXIS2_PLACEMENT_3D('',#1677,#1678,#1679);
#1681=CYLINDRICAL_SURFACE('',#1680,3.E-1);
#1683=ORIENTED_EDGE('',*,*,#1682,.T.);
#1685=ORIENTED_EDGE('',*,*,#1684,.F.);
#1686=ORIENTED_EDGE('',*,*,#1650,.T.);
#1688=ORIENTED_EDGE('',*,*,#1687,.F.);
#1689=EDGE_LOOP('',(#1683,#1685,#1686,#1688));
#1690=FACE_OUTER_BOUND('',#1689,.F.);
#1691=ADVANCED_FACE('',(#1690),#1681,.T.);
#1692=CARTESIAN_POINT('',(4.065E0,-4.2E-1,-4.55E0));
#1693=DIRECTION('',(0.E0,-1.E0,0.E0));
#1694=DIRECTION('',(0.E0,0.E0,1.E0));
#1695=AXIS2_PLACEMENT_3D('',#1692,#1693,#1694);
#1696=PLANE('',#1695);
#1698=ORIENTED_EDGE('',*,*,#1697,.T.);
#1700=ORIENTED_EDGE('',*,*,#1699,.F.);
#1702=ORIENTED_EDGE('',*,*,#1701,.T.);
#1704=ORIENTED_EDGE('',*,*,#1703,.F.);
#1706=ORIENTED_EDGE('',*,*,#1705,.F.);
#1708=ORIENTED_EDGE('',*,*,#1707,.F.);
#1710=ORIENTED_EDGE('',*,*,#1709,.F.);
#1712=ORIENTED_EDGE('',*,*,#1711,.F.);
#1714=ORIENTED_EDGE('',*,*,#1713,.F.);
#1716=ORIENTED_EDGE('',*,*,#1715,.F.);
#1718=ORIENTED_EDGE('',*,*,#1717,.T.);
#1720=ORIENTED_EDGE('',*,*,#1719,.T.);
#1721=EDGE_LOOP('',(#1698,#1700,#1702,#1704,#1706,#1708,#1710,#1712,#1714,#1716,
#1718,#1720));
#1722=FACE_OUTER_BOUND('',#1721,.F.);
#1723=ADVANCED_FACE('',(#1722),#1696,.T.);
#1724=CARTESIAN_POINT('',(4.065E0,-4.2E-1,-4.55E0));
#1725=DIRECTION('',(0.E0,-1.E0,0.E0));
#1726=DIRECTION('',(0.E0,0.E0,1.E0));
#1727=AXIS2_PLACEMENT_3D('',#1724,#1725,#1726);
#1728=PLANE('',#1727);
#1730=ORIENTED_EDGE('',*,*,#1729,.T.);
#1732=ORIENTED_EDGE('',*,*,#1731,.F.);
#1734=ORIENTED_EDGE('',*,*,#1733,.F.);
#1736=ORIENTED_EDGE('',*,*,#1735,.F.);
#1738=ORIENTED_EDGE('',*,*,#1737,.F.);
#1740=ORIENTED_EDGE('',*,*,#1739,.F.);
#1742=ORIENTED_EDGE('',*,*,#1741,.F.);
#1744=ORIENTED_EDGE('',*,*,#1743,.F.);
#1746=ORIENTED_EDGE('',*,*,#1745,.T.);
#1748=ORIENTED_EDGE('',*,*,#1747,.T.);
#1750=ORIENTED_EDGE('',*,*,#1749,.T.);
#1752=ORIENTED_EDGE('',*,*,#1751,.T.);
#1753=EDGE_LOOP('',(#1730,#1732,#1734,#1736,#1738,#1740,#1742,#1744,#1746,#1748,
#1750,#1752));
#1754=FACE_OUTER_BOUND('',#1753,.F.);
#1755=ADVANCED_FACE('',(#1754),#1728,.T.);
#1756=CARTESIAN_POINT('',(4.065E0,-4.2E-1,-4.55E0));
#1757=DIRECTION('',(0.E0,-1.E0,0.E0));
#1758=DIRECTION('',(0.E0,0.E0,1.E0));
#1759=AXIS2_PLACEMENT_3D('',#1756,#1757,#1758);
#1760=PLANE('',#1759);
#1762=ORIENTED_EDGE('',*,*,#1761,.F.);
#1764=ORIENTED_EDGE('',*,*,#1763,.F.);
#1766=ORIENTED_EDGE('',*,*,#1765,.F.);
#1768=ORIENTED_EDGE('',*,*,#1767,.T.);
#1769=EDGE_LOOP('',(#1762,#1764,#1766,#1768));
#1770=FACE_OUTER_BOUND('',#1769,.F.);
#1771=ADVANCED_FACE('',(#1770),#1760,.T.);
#1772=CARTESIAN_POINT('',(4.065E0,-4.2E-1,-4.55E0));
#1773=DIRECTION('',(0.E0,-1.E0,0.E0));
#1774=DIRECTION('',(0.E0,0.E0,1.E0));
#1775=AXIS2_PLACEMENT_3D('',#1772,#1773,#1774);
#1776=PLANE('',#1775);
#1777=ORIENTED_EDGE('',*,*,#1682,.F.);
#1779=ORIENTED_EDGE('',*,*,#1778,.F.);
#1781=ORIENTED_EDGE('',*,*,#1780,.F.);
#1783=ORIENTED_EDGE('',*,*,#1782,.T.);
#1784=EDGE_LOOP('',(#1777,#1779,#1781,#1783));
#1785=FACE_OUTER_BOUND('',#1784,.F.);
#1786=ADVANCED_FACE('',(#1785),#1776,.T.);
#1787=CARTESIAN_POINT('',(3.765E0,-1.156936100620E0,-4.25E0));
#1788=DIRECTION('',(0.E0,1.E0,0.E0));
#1789=DIRECTION('',(1.E0,0.E0,0.E0));
#1790=AXIS2_PLACEMENT_3D('',#1787,#1788,#1789);
#1791=CYLINDRICAL_SURFACE('',#1790,3.E-1);
#1792=ORIENTED_EDGE('',*,*,#1697,.F.);
#1794=ORIENTED_EDGE('',*,*,#1793,.F.);
#1795=ORIENTED_EDGE('',*,*,#1664,.T.);
#1797=ORIENTED_EDGE('',*,*,#1796,.F.);
#1799=ORIENTED_EDGE('',*,*,#1798,.T.);
#1800=EDGE_LOOP('',(#1792,#1794,#1795,#1797,#1799));
#1801=FACE_OUTER_BOUND('',#1800,.F.);
#1802=ADVANCED_FACE('',(#1801),#1791,.T.);
#1803=CARTESIAN_POINT('',(4.065E0,-4.2E-1,-4.55E0));
#1804=DIRECTION('',(0.E0,-1.E0,0.E0));
#1805=DIRECTION('',(0.E0,0.E0,1.E0));
#1806=AXIS2_PLACEMENT_3D('',#1803,#1804,#1805);
#1807=PLANE('',#1806);
#1809=ORIENTED_EDGE('',*,*,#1808,.T.);
#1810=ORIENTED_EDGE('',*,*,#1666,.T.);
#1811=ORIENTED_EDGE('',*,*,#1793,.T.);
#1812=EDGE_LOOP('',(#1809,#1810,#1811));
#1813=FACE_OUTER_BOUND('',#1812,.F.);
#1814=ADVANCED_FACE('',(#1813),#1807,.F.);
#1815=CARTESIAN_POINT('',(-4.035E0,-4.2E-1,-4.5E0));
#1816=DIRECTION('',(0.E0,0.E0,-1.E0));
#1817=DIRECTION('',(-1.E0,0.E0,0.E0));
#1818=AXIS2_PLACEMENT_3D('',#1815,#1816,#1817);
#1819=PLANE('',#1818);
#1820=ORIENTED_EDGE('',*,*,#1808,.F.);
#1821=ORIENTED_EDGE('',*,*,#1719,.F.);
#1823=ORIENTED_EDGE('',*,*,#1822,.T.);
#1825=ORIENTED_EDGE('',*,*,#1824,.T.);
#1826=ORIENTED_EDGE('',*,*,#1668,.T.);
#1827=EDGE_LOOP('',(#1820,#1821,#1823,#1825,#1826));
#1828=FACE_OUTER_BOUND('',#1827,.F.);
#1829=ADVANCED_FACE('',(#1828),#1819,.T.);
#1830=CARTESIAN_POINT('',(3.519254386713E0,-1.292072930905E0,-3.9E0));
#1831=DIRECTION('',(8.191520442890E-1,5.735764363510E-1,0.E0));
#1832=DIRECTION('',(-5.735764363510E-1,8.191520442890E-1,0.E0));
#1833=AXIS2_PLACEMENT_3D('',#1830,#1831,#1832);
#1834=PLANE('',#1833);
#1835=ORIENTED_EDGE('',*,*,#1717,.F.);
#1837=ORIENTED_EDGE('',*,*,#1836,.F.);
#1839=ORIENTED_EDGE('',*,*,#1838,.F.);
#1840=ORIENTED_EDGE('',*,*,#1822,.F.);
#1841=EDGE_LOOP('',(#1835,#1837,#1839,#1840));
#1842=FACE_OUTER_BOUND('',#1841,.F.);
#1843=ADVANCED_FACE('',(#1842),#1834,.F.);
#1844=CARTESIAN_POINT('',(-3.6E0,-4.2E-1,-3.9E0));
#1845=DIRECTION('',(0.E0,0.E0,-1.E0));
#1846=DIRECTION('',(1.E0,0.E0,0.E0));
#1847=AXIS2_PLACEMENT_3D('',#1844,#1845,#1846);
#1848=PLANE('',#1847);
#1850=ORIENTED_EDGE('',*,*,#1849,.F.);
#1852=ORIENTED_EDGE('',*,*,#1851,.T.);
#1853=ORIENTED_EDGE('',*,*,#1767,.F.);
#1855=ORIENTED_EDGE('',*,*,#1854,.F.);
#1857=ORIENTED_EDGE('',*,*,#1856,.T.);
#1859=ORIENTED_EDGE('',*,*,#1858,.F.);
#1860=ORIENTED_EDGE('',*,*,#1707,.T.);
#1862=ORIENTED_EDGE('',*,*,#1861,.T.);
#1864=ORIENTED_EDGE('',*,*,#1863,.T.);
#1865=EDGE_LOOP('',(#1850,#1852,#1853,#1855,#1857,#1859,#1860,#1862,#1864));
#1866=FACE_OUTER_BOUND('',#1865,.F.);
#1867=ADVANCED_FACE('',(#1866),#1848,.F.);
#1868=CARTESIAN_POINT('',(-3.6E0,-4.2E-1,-3.9E0));
#1869=DIRECTION('',(0.E0,0.E0,-1.E0));
#1870=DIRECTION('',(1.E0,0.E0,0.E0));
#1871=AXIS2_PLACEMENT_3D('',#1868,#1869,#1870);
#1872=PLANE('',#1871);
#1873=ORIENTED_EDGE('',*,*,#1778,.T.);
#1874=ORIENTED_EDGE('',*,*,#1687,.T.);
#1875=ORIENTED_EDGE('',*,*,#1672,.F.);
#1877=ORIENTED_EDGE('',*,*,#1876,.T.);
#1878=ORIENTED_EDGE('',*,*,#1836,.T.);
#1879=ORIENTED_EDGE('',*,*,#1715,.T.);
#1881=ORIENTED_EDGE('',*,*,#1880,.T.);
#1883=ORIENTED_EDGE('',*,*,#1882,.T.);
#1885=ORIENTED_EDGE('',*,*,#1884,.T.);
#1886=EDGE_LOOP('',(#1873,#1874,#1875,#1877,#1878,#1879,#1881,#1883,#1885));
#1887=FACE_OUTER_BOUND('',#1886,.F.);
#1888=ADVANCED_FACE('',(#1887),#1872,.F.);
#1889=CARTESIAN_POINT('',(-4.035E0,-4.2E-1,0.E0));
#1890=DIRECTION('',(-1.E0,0.E0,0.E0));
#1891=DIRECTION('',(0.E0,0.E0,1.E0));
#1892=AXIS2_PLACEMENT_3D('',#1889,#1890,#1891);
#1893=PLANE('',#1892);
#1895=ORIENTED_EDGE('',*,*,#1894,.F.);
#1896=ORIENTED_EDGE('',*,*,#1849,.T.);
#1898=ORIENTED_EDGE('',*,*,#1897,.F.);
#1900=ORIENTED_EDGE('',*,*,#1899,.T.);
#1902=ORIENTED_EDGE('',*,*,#1901,.T.);
#1904=ORIENTED_EDGE('',*,*,#1903,.F.);
#1906=ORIENTED_EDGE('',*,*,#1905,.F.);
#1908=ORIENTED_EDGE('',*,*,#1907,.F.);
#1910=ORIENTED_EDGE('',*,*,#1909,.F.);
#1912=ORIENTED_EDGE('',*,*,#1911,.F.);
#1914=ORIENTED_EDGE('',*,*,#1913,.F.);
#1916=ORIENTED_EDGE('',*,*,#1915,.T.);
#1917=EDGE_LOOP('',(#1895,#1896,#1898,#1900,#1902,#1904,#1906,#1908,#1910,#1912,
#1914,#1916));
#1918=FACE_OUTER_BOUND('',#1917,.F.);
#1919=ADVANCED_FACE('',(#1918),#1893,.T.);
#1920=CARTESIAN_POINT('',(-3.735E0,-1.2E-1,-4.530156148475E0));
#1921=DIRECTION('',(0.E0,0.E0,1.E0));
#1922=DIRECTION('',(-1.E0,0.E0,0.E0));
#1923=AXIS2_PLACEMENT_3D('',#1920,#1921,#1922);
#1924=CYLINDRICAL_SURFACE('',#1923,3.E-1);
#1925=ORIENTED_EDGE('',*,*,#1761,.T.);
#1926=ORIENTED_EDGE('',*,*,#1851,.F.);
#1927=ORIENTED_EDGE('',*,*,#1894,.T.);
#1929=ORIENTED_EDGE('',*,*,#1928,.F.);
#1930=EDGE_LOOP('',(#1925,#1926,#1927,#1929));
#1931=FACE_OUTER_BOUND('',#1930,.F.);
#1932=ADVANCED_FACE('',(#1931),#1924,.T.);
#1933=CARTESIAN_POINT('',(3.63E0,-4.2E-1,3.9E0));
#1934=DIRECTION('',(0.E0,0.E0,1.E0));
#1935=DIRECTION('',(-1.E0,0.E0,0.E0));
#1936=AXIS2_PLACEMENT_3D('',#1933,#1934,#1935);
#1937=PLANE('',#1936);
#1938=ORIENTED_EDGE('',*,*,#1763,.T.);
#1939=ORIENTED_EDGE('',*,*,#1928,.T.);
#1940=ORIENTED_EDGE('',*,*,#1915,.F.);
#1942=ORIENTED_EDGE('',*,*,#1941,.T.);
#1944=ORIENTED_EDGE('',*,*,#1943,.T.);
#1945=ORIENTED_EDGE('',*,*,#1743,.T.);
#1947=ORIENTED_EDGE('',*,*,#1946,.T.);
#1949=ORIENTED_EDGE('',*,*,#1948,.T.);
#1951=ORIENTED_EDGE('',*,*,#1950,.T.);
#1952=EDGE_LOOP('',(#1938,#1939,#1940,#1942,#1944,#1945,#1947,#1949,#1951));
#1953=FACE_OUTER_BOUND('',#1952,.F.);
#1954=ADVANCED_FACE('',(#1953),#1937,.F.);
#1955=CARTESIAN_POINT('',(3.63E0,-4.2E-1,3.9E0));
#1956=DIRECTION('',(0.E0,0.E0,1.E0));
#1957=DIRECTION('',(-1.E0,0.E0,0.E0));
#1958=AXIS2_PLACEMENT_3D('',#1955,#1956,#1957);
#1959=PLANE('',#1958);
#1960=ORIENTED_EDGE('',*,*,#1652,.F.);
#1961=ORIENTED_EDGE('',*,*,#1684,.T.);
#1962=ORIENTED_EDGE('',*,*,#1782,.F.);
#1964=ORIENTED_EDGE('',*,*,#1963,.F.);
#1966=ORIENTED_EDGE('',*,*,#1965,.T.);
#1968=ORIENTED_EDGE('',*,*,#1967,.F.);
#1969=ORIENTED_EDGE('',*,*,#1735,.T.);
#1971=ORIENTED_EDGE('',*,*,#1970,.T.);
#1973=ORIENTED_EDGE('',*,*,#1972,.T.);
#1974=EDGE_LOOP('',(#1960,#1961,#1962,#1964,#1966,#1968,#1969,#1971,#1973));
#1975=FACE_OUTER_BOUND('',#1974,.F.);
#1976=ADVANCED_FACE('',(#1975),#1959,.F.);
#1977=CARTESIAN_POINT('',(-3.735E0,-1.12E0,3.9E0));
#1978=DIRECTION('',(0.E0,0.E0,1.E0));
#1979=DIRECTION('',(1.E0,0.E0,0.E0));
#1980=AXIS2_PLACEMENT_3D('',#1977,#1978,#1979);
#1981=CYLINDRICAL_SURFACE('',#1980,3.E-1);
#1982=ORIENTED_EDGE('',*,*,#1941,.F.);
#1983=ORIENTED_EDGE('',*,*,#1913,.T.);
#1985=ORIENTED_EDGE('',*,*,#1984,.F.);
#1987=ORIENTED_EDGE('',*,*,#1986,.T.);
#1988=EDGE_LOOP('',(#1982,#1983,#1985,#1987));
#1989=FACE_OUTER_BOUND('',#1988,.F.);
#1990=ADVANCED_FACE('',(#1989),#1981,.T.);
#1991=CARTESIAN_POINT('',(4.065E0,-4.2E-1,4.5E0));
#1992=DIRECTION('',(0.E0,0.E0,1.E0));
#1993=DIRECTION('',(1.E0,0.E0,0.E0));
#1994=AXIS2_PLACEMENT_3D('',#1991,#1992,#1993);
#1995=PLANE('',#1994);
#1997=ORIENTED_EDGE('',*,*,#1996,.F.);
#1998=ORIENTED_EDGE('',*,*,#1747,.F.);
#2000=ORIENTED_EDGE('',*,*,#1999,.T.);
#2001=ORIENTED_EDGE('',*,*,#1984,.T.);
#2002=ORIENTED_EDGE('',*,*,#1911,.T.);
#2003=EDGE_LOOP('',(#1997,#1998,#2000,#2001,#2002));
#2004=FACE_OUTER_BOUND('',#2003,.F.);
#2005=ADVANCED_FACE('',(#2004),#1995,.T.);
#2006=CARTESIAN_POINT('',(4.065E0,-4.2E-1,-4.55E0));
#2007=DIRECTION('',(0.E0,-1.E0,0.E0));
#2008=DIRECTION('',(0.E0,0.E0,1.E0));
#2009=AXIS2_PLACEMENT_3D('',#2006,#2007,#2008);
#2010=PLANE('',#2009);
#2011=ORIENTED_EDGE('',*,*,#1996,.T.);
#2012=ORIENTED_EDGE('',*,*,#1909,.T.);
#2014=ORIENTED_EDGE('',*,*,#2013,.T.);
#2015=EDGE_LOOP('',(#2011,#2012,#2014));
#2016=FACE_OUTER_BOUND('',#2015,.F.);
#2017=ADVANCED_FACE('',(#2016),#2010,.F.);
#2018=CARTESIAN_POINT('',(-3.735E0,-1.156936100620E0,4.25E0));
#2019=DIRECTION('',(0.E0,1.E0,0.E0));
#2020=DIRECTION('',(-1.E0,0.E0,0.E0));
#2021=AXIS2_PLACEMENT_3D('',#2018,#2019,#2020);
#2022=CYLINDRICAL_SURFACE('',#2021,3.E-1);
#2023=ORIENTED_EDGE('',*,*,#1749,.F.);
#2024=ORIENTED_EDGE('',*,*,#2013,.F.);
#2025=ORIENTED_EDGE('',*,*,#1907,.T.);
#2027=ORIENTED_EDGE('',*,*,#2026,.F.);
#2029=ORIENTED_EDGE('',*,*,#2028,.T.);
#2030=EDGE_LOOP('',(#2023,#2024,#2025,#2027,#2029));
#2031=FACE_OUTER_BOUND('',#2030,.F.);
#2032=ADVANCED_FACE('',(#2031),#2022,.T.);
#2033=CARTESIAN_POINT('',(-3.735E0,6.43E0,4.25E0));
#2034=DIRECTION('',(-1.E0,0.E0,0.E0));
#2035=DIRECTION('',(0.E0,0.E0,1.E0));
#2036=AXIS2_PLACEMENT_3D('',#2033,#2034,#2035);
#2037=SPHERICAL_SURFACE('',#2036,3.E-1);
#2039=ORIENTED_EDGE('',*,*,#2038,.T.);
#2041=ORIENTED_EDGE('',*,*,#2040,.T.);
#2042=ORIENTED_EDGE('',*,*,#2026,.T.);
#2043=EDGE_LOOP('',(#2039,#2041,#2042));
#2044=FACE_OUTER_BOUND('',#2043,.F.);
#2045=ADVANCED_FACE('',(#2044),#2037,.T.);
#2046=CARTESIAN_POINT('',(-3.735E0,6.43E0,4.577661844961E0));
#2047=DIRECTION('',(0.E0,0.E0,-1.E0));
#2048=DIRECTION('',(-1.E0,0.E0,0.E0));
#2049=AXIS2_PLACEMENT_3D('',#2046,#2047,#2048);
#2050=CYLINDRICAL_SURFACE('',#2049,3.E-1);
#2051=ORIENTED_EDGE('',*,*,#1905,.T.);
#2053=ORIENTED_EDGE('',*,*,#2052,.F.);
#2055=ORIENTED_EDGE('',*,*,#2054,.T.);
#2056=ORIENTED_EDGE('',*,*,#2038,.F.);
#2057=EDGE_LOOP('',(#2051,#2053,#2055,#2056));
#2058=FACE_OUTER_BOUND('',#2057,.F.);
#2059=ADVANCED_FACE('',(#2058),#2050,.T.);
#2060=CARTESIAN_POINT('',(-3.735E0,6.43E0,-4.25E0));
#2061=DIRECTION('',(-1.E0,0.E0,0.E0));
#2062=DIRECTION('',(0.E0,0.E0,1.E0));
#2063=AXIS2_PLACEMENT_3D('',#2060,#2061,#2062);
#2064=SPHERICAL_SURFACE('',#2063,3.E-1);
#2066=ORIENTED_EDGE('',*,*,#2065,.T.);
#2067=ORIENTED_EDGE('',*,*,#2052,.T.);
#2069=ORIENTED_EDGE('',*,*,#2068,.T.);
#2070=EDGE_LOOP('',(#2066,#2067,#2069));
#2071=FACE_OUTER_BOUND('',#2070,.F.);
#2072=ADVANCED_FACE('',(#2071),#2064,.T.);
#2073=CARTESIAN_POINT('',(-4.064276069985E0,6.43E0,-4.25E0));
#2074=DIRECTION('',(1.E0,0.E0,0.E0));
#2075=DIRECTION('',(0.E0,0.E0,-1.E0));
#2076=AXIS2_PLACEMENT_3D('',#2073,#2074,#2075);
#2077=CYLINDRICAL_SURFACE('',#2076,3.E-1);
#2079=ORIENTED_EDGE('',*,*,#2078,.T.);
#2080=ORIENTED_EDGE('',*,*,#2065,.F.);
#2082=ORIENTED_EDGE('',*,*,#2081,.T.);
#2084=ORIENTED_EDGE('',*,*,#2083,.F.);
#2085=EDGE_LOOP('',(#2079,#2080,#2082,#2084));
#2086=FACE_OUTER_BOUND('',#2085,.F.);
#2087=ADVANCED_FACE('',(#2086),#2077,.T.);
#2088=CARTESIAN_POINT('',(4.065E0,6.73E0,4.55E0));
#2089=DIRECTION('',(0.E0,1.E0,0.E0));
#2090=DIRECTION('',(0.E0,0.E0,-1.E0));
#2091=AXIS2_PLACEMENT_3D('',#2088,#2089,#2090);
#2092=PLANE('',#2091);
#2094=ORIENTED_EDGE('',*,*,#2093,.F.);
#2096=ORIENTED_EDGE('',*,*,#2095,.F.);
#2097=ORIENTED_EDGE('',*,*,#2054,.F.);
#2098=ORIENTED_EDGE('',*,*,#2078,.F.);
#2099=EDGE_LOOP('',(#2094,#2096,#2097,#2098));
#2100=FACE_OUTER_BOUND('',#2099,.F.);
#2101=ADVANCED_FACE('',(#2100),#2092,.T.);
#2102=CARTESIAN_POINT('',(1.5E-2,6.73E0,0.E0));
#2103=DIRECTION('',(0.E0,-1.E0,0.E0));
#2104=DIRECTION('',(0.E0,0.E0,-1.E0));
#2105=AXIS2_PLACEMENT_3D('',#2102,#2103,#2104);
#2106=CYLINDRICAL_SURFACE('',#2105,2.5E0);
#2108=ORIENTED_EDGE('',*,*,#2107,.F.);
#2110=ORIENTED_EDGE('',*,*,#2109,.F.);
#2112=ORIENTED_EDGE('',*,*,#2111,.T.);
#2114=ORIENTED_EDGE('',*,*,#2113,.T.);
#2116=ORIENTED_EDGE('',*,*,#2115,.T.);
#2117=EDGE_LOOP('',(#2108,#2110,#2112,#2114,#2116));
#2118=FACE_OUTER_BOUND('',#2117,.F.);
#2119=ADVANCED_FACE('',(#2118),#2106,.T.);
#2120=CARTESIAN_POINT('',(1.5E-2,8.829997013262E0,0.E0));
#2121=DIRECTION('',(0.E0,-1.E0,0.E0));
#2122=DIRECTION('',(1.E0,0.E0,0.E0));
#2123=AXIS2_PLACEMENT_3D('',#2120,#2121,#2122);
#2124=CONICAL_SURFACE('',#2123,2.4E0,4.499996434847E1);
#2125=ORIENTED_EDGE('',*,*,#2109,.T.);
#2126=ORIENTED_EDGE('',*,*,#2107,.T.);
#2128=ORIENTED_EDGE('',*,*,#2127,.T.);
#2130=ORIENTED_EDGE('',*,*,#2129,.T.);
#2132=ORIENTED_EDGE('',*,*,#2131,.T.);
#2134=ORIENTED_EDGE('',*,*,#2133,.F.);
#2135=EDGE_LOOP('',(#2125,#2126,#2128,#2130,#2132,#2134));
#2136=FACE_OUTER_BOUND('',#2135,.F.);
#2137=ADVANCED_FACE('',(#2136),#2124,.T.);
#2138=CARTESIAN_POINT('',(1.5E-2,8.83E0,2.E0));
#2139=DIRECTION('',(0.E0,7.071067811865E-1,7.071067811865E-1));
#2140=DIRECTION('',(1.E0,0.E0,0.E0));
#2141=AXIS2_PLACEMENT_3D('',#2138,#2139,#2140);
#2142=PLANE('',#2141);
#2144=ORIENTED_EDGE('',*,*,#2143,.T.);
#2146=ORIENTED_EDGE('',*,*,#2145,.T.);
#2148=ORIENTED_EDGE('',*,*,#2147,.F.);
#2149=ORIENTED_EDGE('',*,*,#2127,.F.);
#2150=EDGE_LOOP('',(#2144,#2146,#2148,#2149));
#2151=FACE_OUTER_BOUND('',#2150,.F.);
#2152=ADVANCED_FACE('',(#2151),#2142,.T.);
#2153=CARTESIAN_POINT('',(1.371465996625E0,6.73E0,2.1E0));
#2154=DIRECTION('',(0.E0,0.E0,1.E0));
#2155=DIRECTION('',(-1.E0,0.E0,0.E0));
#2156=AXIS2_PLACEMENT_3D('',#2153,#2154,#2155);
#2157=PLANE('',#2156);
#2158=ORIENTED_EDGE('',*,*,#2143,.F.);
#2159=ORIENTED_EDGE('',*,*,#2115,.F.);
#2161=ORIENTED_EDGE('',*,*,#2160,.T.);
#2163=ORIENTED_EDGE('',*,*,#2162,.F.);
#2164=EDGE_LOOP('',(#2158,#2159,#2161,#2163));
#2165=FACE_OUTER_BOUND('',#2164,.F.);
#2166=ADVANCED_FACE('',(#2165),#2157,.T.);
#2167=CARTESIAN_POINT('',(1.5E-2,6.73E0,0.E0));
#2168=DIRECTION('',(0.E0,-1.E0,0.E0));
#2169=DIRECTION('',(0.E0,0.E0,-1.E0));
#2170=AXIS2_PLACEMENT_3D('',#2167,#2168,#2169);
#2171=CYLINDRICAL_SURFACE('',#2170,2.5E0);
#2173=ORIENTED_EDGE('',*,*,#2172,.F.);
#2175=ORIENTED_EDGE('',*,*,#2174,.F.);
#2176=ORIENTED_EDGE('',*,*,#2162,.T.);
#2178=ORIENTED_EDGE('',*,*,#2177,.T.);
#2180=ORIENTED_EDGE('',*,*,#2179,.T.);
#2181=EDGE_LOOP('',(#2173,#2175,#2176,#2178,#2180));
#2182=FACE_OUTER_BOUND('',#2181,.F.);
#2183=ADVANCED_FACE('',(#2182),#2171,.T.);
#2184=CARTESIAN_POINT('',(1.5E-2,8.829997013788E0,0.E0));
#2185=DIRECTION('',(0.E0,-1.E0,0.E0));
#2186=DIRECTION('',(1.E0,0.E0,0.E0));
#2187=AXIS2_PLACEMENT_3D('',#2184,#2185,#2186);
#2188=CONICAL_SURFACE('',#2187,2.4E0,4.499996435474E1);
#2190=ORIENTED_EDGE('',*,*,#2189,.T.);
#2192=ORIENTED_EDGE('',*,*,#2191,.T.);
#2193=ORIENTED_EDGE('',*,*,#2145,.F.);
#2194=ORIENTED_EDGE('',*,*,#2174,.T.);
#2195=ORIENTED_EDGE('',*,*,#2172,.T.);
#2197=ORIENTED_EDGE('',*,*,#2196,.T.);
#2198=EDGE_LOOP('',(#2190,#2192,#2193,#2194,#2195,#2197));
#2199=FACE_OUTER_BOUND('',#2198,.F.);
#2200=ADVANCED_FACE('',(#2199),#2188,.T.);
#2201=CARTESIAN_POINT('',(1.5E-2,8.93E0,0.E0));
#2202=DIRECTION('',(0.E0,1.E0,0.E0));
#2203=DIRECTION('',(0.E0,0.E0,-1.E0));
#2204=AXIS2_PLACEMENT_3D('',#2201,#2202,#2203);
#2205=CYLINDRICAL_SURFACE('',#2204,2.3E0);
#2207=ORIENTED_EDGE('',*,*,#2206,.F.);
#2209=ORIENTED_EDGE('',*,*,#2208,.F.);
#2211=ORIENTED_EDGE('',*,*,#2210,.T.);
#2212=ORIENTED_EDGE('',*,*,#2191,.F.);
#2213=ORIENTED_EDGE('',*,*,#2189,.F.);
#2215=ORIENTED_EDGE('',*,*,#2214,.T.);
#2216=EDGE_LOOP('',(#2207,#2209,#2211,#2212,#2213,#2215));
#2217=FACE_OUTER_BOUND('',#2216,.F.);
#2218=ADVANCED_FACE('',(#2217),#2205,.T.);
#2219=CARTESIAN_POINT('',(1.5E-2,1.265499702477E1,0.E0));
#2220=DIRECTION('',(0.E0,-1.E0,0.E0));
#2221=DIRECTION('',(1.E0,0.E0,0.E0));
#2222=AXIS2_PLACEMENT_3D('',#2219,#2220,#2221);
#2223=CONICAL_SURFACE('',#2222,2.174997348171E0,4.499992588349E1);
#2225=ORIENTED_EDGE('',*,*,#2224,.F.);
#2227=ORIENTED_EDGE('',*,*,#2226,.F.);
#2229=ORIENTED_EDGE('',*,*,#2228,.F.);
#2230=ORIENTED_EDGE('',*,*,#2208,.T.);
#2231=ORIENTED_EDGE('',*,*,#2206,.T.);
#2233=ORIENTED_EDGE('',*,*,#2232,.T.);
#2234=EDGE_LOOP('',(#2225,#2227,#2229,#2230,#2231,#2233));
#2235=FACE_OUTER_BOUND('',#2234,.F.);
#2236=ADVANCED_FACE('',(#2235),#2223,.T.);
#2237=CARTESIAN_POINT('',(4.065E0,1.278E1,0.E0));
#2238=DIRECTION('',(0.E0,1.E0,0.E0));
#2239=DIRECTION('',(0.E0,0.E0,-1.E0));
#2240=AXIS2_PLACEMENT_3D('',#2237,#2238,#2239);
#2241=PLANE('',#2240);
#2243=ORIENTED_EDGE('',*,*,#2242,.T.);
#2245=ORIENTED_EDGE('',*,*,#2244,.T.);
#2247=ORIENTED_EDGE('',*,*,#2246,.T.);
#2248=ORIENTED_EDGE('',*,*,#2226,.T.);
#2249=ORIENTED_EDGE('',*,*,#2224,.T.);
#2251=ORIENTED_EDGE('',*,*,#2250,.T.);
#2252=EDGE_LOOP('',(#2243,#2245,#2247,#2248,#2249,#2251));
#2253=FACE_OUTER_BOUND('',#2252,.F.);
#2254=ADVANCED_FACE('',(#2253),#2241,.T.);
#2255=CARTESIAN_POINT('',(2.815E0,-4.2E-1,-4.1E0));
#2256=DIRECTION('',(1.E0,0.E0,0.E0));
#2257=DIRECTION('',(0.E0,0.E0,1.E0));
#2258=AXIS2_PLACEMENT_3D('',#2255,#2256,#2257);
#2259=PLANE('',#2258);
#2260=ORIENTED_EDGE('',*,*,#1967,.T.);
#2262=ORIENTED_EDGE('',*,*,#2261,.T.);
#2264=ORIENTED_EDGE('',*,*,#2263,.T.);
#2265=ORIENTED_EDGE('',*,*,#1737,.T.);
#2266=EDGE_LOOP('',(#2260,#2262,#2264,#2265));
#2267=FACE_OUTER_BOUND('',#2266,.F.);
#2268=ADVANCED_FACE('',(#2267),#2259,.F.);
#2269=CARTESIAN_POINT('',(2.815E0,-4.2E-1,-4.1E0));
#2270=DIRECTION('',(1.E0,0.E0,0.E0));
#2271=DIRECTION('',(0.E0,0.E0,1.E0));
#2272=AXIS2_PLACEMENT_3D('',#2269,#2270,#2271);
#2273=PLANE('',#2272);
#2274=ORIENTED_EDGE('',*,*,#1880,.F.);
#2275=ORIENTED_EDGE('',*,*,#1713,.T.);
#2277=ORIENTED_EDGE('',*,*,#2276,.F.);
#2279=ORIENTED_EDGE('',*,*,#2278,.T.);
#2280=EDGE_LOOP('',(#2274,#2275,#2277,#2279));
#2281=FACE_OUTER_BOUND('',#2280,.F.);
#2282=ADVANCED_FACE('',(#2281),#2273,.F.);
#2283=CARTESIAN_POINT('',(2.815E0,-4.2E-1,4.1E0));
#2284=DIRECTION('',(0.E0,0.E0,1.E0));
#2285=DIRECTION('',(-1.E0,0.E0,0.E0));
#2286=AXIS2_PLACEMENT_3D('',#2283,#2284,#2285);
#2287=PLANE('',#2286);
#2288=ORIENTED_EDGE('',*,*,#1739,.T.);
#2289=ORIENTED_EDGE('',*,*,#2263,.F.);
#2291=ORIENTED_EDGE('',*,*,#2290,.T.);
#2293=ORIENTED_EDGE('',*,*,#2292,.T.);
#2294=EDGE_LOOP('',(#2288,#2289,#2291,#2293));
#2295=FACE_OUTER_BOUND('',#2294,.F.);
#2296=ADVANCED_FACE('',(#2295),#2287,.F.);
#2297=CARTESIAN_POINT('',(-2.785E0,-4.2E-1,4.1E0));
#2298=DIRECTION('',(-1.E0,0.E0,0.E0));
#2299=DIRECTION('',(0.E0,0.E0,-1.E0));
#2300=AXIS2_PLACEMENT_3D('',#2297,#2298,#2299);
#2301=PLANE('',#2300);
#2302=ORIENTED_EDGE('',*,*,#1946,.F.);
#2303=ORIENTED_EDGE('',*,*,#1741,.T.);
#2304=ORIENTED_EDGE('',*,*,#2292,.F.);
#2306=ORIENTED_EDGE('',*,*,#2305,.T.);
#2307=EDGE_LOOP('',(#2302,#2303,#2304,#2306));
#2308=FACE_OUTER_BOUND('',#2307,.F.);
#2309=ADVANCED_FACE('',(#2308),#2301,.F.);
#2310=CARTESIAN_POINT('',(-2.785E0,-4.2E-1,4.1E0));
#2311=DIRECTION('',(-1.E0,0.E0,0.E0));
#2312=DIRECTION('',(0.E0,0.E0,-1.E0));
#2313=AXIS2_PLACEMENT_3D('',#2310,#2311,#2312);
#2314=PLANE('',#2313);
#2315=ORIENTED_EDGE('',*,*,#1858,.T.);
#2317=ORIENTED_EDGE('',*,*,#2316,.T.);
#2319=ORIENTED_EDGE('',*,*,#2318,.T.);
#2320=ORIENTED_EDGE('',*,*,#1709,.T.);
#2321=EDGE_LOOP('',(#2315,#2317,#2319,#2320));
#2322=FACE_OUTER_BOUND('',#2321,.F.);
#2323=ADVANCED_FACE('',(#2322),#2314,.F.);
#2324=CARTESIAN_POINT('',(-2.785E0,-4.2E-1,-4.1E0));
#2325=DIRECTION('',(0.E0,0.E0,-1.E0));
#2326=DIRECTION('',(1.E0,0.E0,0.E0));
#2327=AXIS2_PLACEMENT_3D('',#2324,#2325,#2326);
#2328=PLANE('',#2327);
#2329=ORIENTED_EDGE('',*,*,#1711,.T.);
#2330=ORIENTED_EDGE('',*,*,#2318,.F.);
#2332=ORIENTED_EDGE('',*,*,#2331,.T.);
#2333=ORIENTED_EDGE('',*,*,#2276,.T.);
#2334=EDGE_LOOP('',(#2329,#2330,#2332,#2333));
#2335=FACE_OUTER_BOUND('',#2334,.F.);
#2336=ADVANCED_FACE('',(#2335),#2328,.F.);
#2337=CARTESIAN_POINT('',(2.265E0,-4.2E-1,0.E0));
#2338=DIRECTION('',(1.E0,0.E0,0.E0));
#2339=DIRECTION('',(0.E0,0.E0,-1.E0));
#2340=AXIS2_PLACEMENT_3D('',#2337,#2338,#2339);
#2341=PLANE('',#2340);
#2343=ORIENTED_EDGE('',*,*,#2342,.T.);
#2345=ORIENTED_EDGE('',*,*,#2344,.T.);
#2347=ORIENTED_EDGE('',*,*,#2346,.T.);
#2348=EDGE_LOOP('',(#2343,#2345,#2347));
#2349=FACE_OUTER_BOUND('',#2348,.F.);
#2350=ADVANCED_FACE('',(#2349),#2341,.T.);
#2351=CARTESIAN_POINT('',(2.265E0,3.345299461621E-1,-3.9E0));
#2352=DIRECTION('',(0.E0,2.756373558170E-1,-9.612616959383E-1));
#2353=DIRECTION('',(0.E0,-9.612616959383E-1,-2.756373558170E-1));
#2354=AXIS2_PLACEMENT_3D('',#2351,#2352,#2353);
#2355=PLANE('',#2354);
#2357=ORIENTED_EDGE('',*,*,#2356,.T.);
#2359=ORIENTED_EDGE('',*,*,#2358,.F.);
#2361=ORIENTED_EDGE('',*,*,#2360,.T.);
#2362=ORIENTED_EDGE('',*,*,#2344,.F.);
#2363=EDGE_LOOP('',(#2357,#2359,#2361,#2362));
#2364=FACE_OUTER_BOUND('',#2363,.F.);
#2365=ADVANCED_FACE('',(#2364),#2355,.F.);
#2366=CARTESIAN_POINT('',(-2.235E0,-4.2E-1,0.E0));
#2367=DIRECTION('',(1.E0,0.E0,0.E0));
#2368=DIRECTION('',(0.E0,0.E0,-1.E0));
#2369=AXIS2_PLACEMENT_3D('',#2366,#2367,#2368);
#2370=PLANE('',#2369);
#2372=ORIENTED_EDGE('',*,*,#2371,.T.);
#2374=ORIENTED_EDGE('',*,*,#2373,.T.);
#2375=ORIENTED_EDGE('',*,*,#2358,.T.);
#2376=EDGE_LOOP('',(#2372,#2374,#2375));
#2377=FACE_OUTER_BOUND('',#2376,.F.);
#2378=ADVANCED_FACE('',(#2377),#2370,.F.);
#2379=CARTESIAN_POINT('',(2.265E0,4.5E-1,-4.1E0));
#2380=DIRECTION('',(0.E0,-8.660254037844E-1,-5.E-1));
#2381=DIRECTION('',(0.E0,-5.E-1,8.660254037844E-1));
#2382=AXIS2_PLACEMENT_3D('',#2379,#2380,#2381);
#2383=PLANE('',#2382);
#2385=ORIENTED_EDGE('',*,*,#2384,.T.);
#2386=ORIENTED_EDGE('',*,*,#2346,.F.);
#2387=ORIENTED_EDGE('',*,*,#2360,.F.);
#2388=ORIENTED_EDGE('',*,*,#2373,.F.);
#2389=EDGE_LOOP('',(#2385,#2386,#2387,#2388));
#2390=FACE_OUTER_BOUND('',#2389,.F.);
#2391=ADVANCED_FACE('',(#2390),#2383,.F.);
#2392=CARTESIAN_POINT('',(2.265E0,-4.2E-1,0.E0));
#2393=DIRECTION('',(-1.E0,0.E0,0.E0));
#2394=DIRECTION('',(0.E0,0.E0,1.E0));
#2395=AXIS2_PLACEMENT_3D('',#2392,#2393,#2394);
#2396=PLANE('',#2395);
#2398=ORIENTED_EDGE('',*,*,#2397,.T.);
#2400=ORIENTED_EDGE('',*,*,#2399,.T.);
#2402=ORIENTED_EDGE('',*,*,#2401,.T.);
#2403=EDGE_LOOP('',(#2398,#2400,#2402));
#2404=FACE_OUTER_BOUND('',#2403,.F.);
#2405=ADVANCED_FACE('',(#2404),#2396,.F.);
#2406=CARTESIAN_POINT('',(2.265E0,4.5E-1,4.1E0));
#2407=DIRECTION('',(0.E0,8.660254037844E-1,-5.E-1));
#2408=DIRECTION('',(0.E0,-5.E-1,-8.660254037844E-1));
#2409=AXIS2_PLACEMENT_3D('',#2406,#2407,#2408);
#2410=PLANE('',#2409);
#2412=ORIENTED_EDGE('',*,*,#2411,.T.);
#2414=ORIENTED_EDGE('',*,*,#2413,.F.);
#2416=ORIENTED_EDGE('',*,*,#2415,.T.);
#2417=ORIENTED_EDGE('',*,*,#2399,.F.);
#2418=EDGE_LOOP('',(#2412,#2414,#2416,#2417));
#2419=FACE_OUTER_BOUND('',#2418,.F.);
#2420=ADVANCED_FACE('',(#2419),#2410,.T.);
#2421=CARTESIAN_POINT('',(-2.235E0,-4.2E-1,0.E0));
#2422=DIRECTION('',(-1.E0,0.E0,0.E0));
#2423=DIRECTION('',(0.E0,0.E0,1.E0));
#2424=AXIS2_PLACEMENT_3D('',#2421,#2422,#2423);
#2425=PLANE('',#2424);
#2427=ORIENTED_EDGE('',*,*,#2426,.T.);
#2429=ORIENTED_EDGE('',*,*,#2428,.T.);
#2430=ORIENTED_EDGE('',*,*,#2413,.T.);
#2431=EDGE_LOOP('',(#2427,#2429,#2430));
#2432=FACE_OUTER_BOUND('',#2431,.F.);
#2433=ADVANCED_FACE('',(#2432),#2425,.T.);
#2434=CARTESIAN_POINT('',(2.265E0,3.345299461621E-1,3.9E0));
#2435=DIRECTION('',(0.E0,-2.756373558170E-1,-9.612616959383E-1));
#2436=DIRECTION('',(0.E0,-9.612616959383E-1,2.756373558170E-1));
#2437=AXIS2_PLACEMENT_3D('',#2434,#2435,#2436);
#2438=PLANE('',#2437);
#2440=ORIENTED_EDGE('',*,*,#2439,.T.);
#2441=ORIENTED_EDGE('',*,*,#2401,.F.);
#2442=ORIENTED_EDGE('',*,*,#2415,.F.);
#2443=ORIENTED_EDGE('',*,*,#2428,.F.);
#2444=EDGE_LOOP('',(#2440,#2441,#2442,#2443));
#2445=FACE_OUTER_BOUND('',#2444,.F.);
#2446=ADVANCED_FACE('',(#2445),#2438,.T.);
#2447=CARTESIAN_POINT('',(3.63E0,-4.2E-1,-3.9E0));
#2448=DIRECTION('',(1.E0,0.E0,0.E0));
#2449=DIRECTION('',(0.E0,0.E0,1.E0));
#2450=AXIS2_PLACEMENT_3D('',#2447,#2448,#2449);
#2451=PLANE('',#2450);
#2452=ORIENTED_EDGE('',*,*,#1963,.T.);
#2453=ORIENTED_EDGE('',*,*,#1780,.T.);
#2454=ORIENTED_EDGE('',*,*,#1884,.F.);
#2456=ORIENTED_EDGE('',*,*,#2455,.T.);
#2457=EDGE_LOOP('',(#2452,#2453,#2454,#2456));
#2458=FACE_OUTER_BOUND('',#2457,.F.);
#2459=ADVANCED_FACE('',(#2458),#2451,.F.);
#2460=CARTESIAN_POINT('',(1.5E-2,-4.2E-1,-7.5E-1));
#2461=DIRECTION('',(0.E0,0.E0,1.E0));
#2462=DIRECTION('',(1.E0,0.E0,0.E0));
#2463=AXIS2_PLACEMENT_3D('',#2460,#2461,#2462);
#2464=PLANE('',#2463);
#2466=ORIENTED_EDGE('',*,*,#2465,.T.);
#2468=ORIENTED_EDGE('',*,*,#2467,.T.);
#2470=ORIENTED_EDGE('',*,*,#2469,.T.);
#2471=EDGE_LOOP('',(#2466,#2468,#2470));
#2472=FACE_OUTER_BOUND('',#2471,.F.);
#2473=ADVANCED_FACE('',(#2472),#2464,.F.);
#2474=CARTESIAN_POINT('',(1.5E-2,-4.2E-1,7.5E-1));
#2475=DIRECTION('',(0.E0,0.E0,1.E0));
#2476=DIRECTION('',(1.E0,0.E0,0.E0));
#2477=AXIS2_PLACEMENT_3D('',#2474,#2475,#2476);
#2478=PLANE('',#2477);
#2480=ORIENTED_EDGE('',*,*,#2479,.T.);
#2482=ORIENTED_EDGE('',*,*,#2481,.T.);
#2484=ORIENTED_EDGE('',*,*,#2483,.T.);
#2485=EDGE_LOOP('',(#2480,#2482,#2484));
#2486=FACE_OUTER_BOUND('',#2485,.F.);
#2487=ADVANCED_FACE('',(#2486),#2478,.T.);
#2488=CARTESIAN_POINT('',(3.43E0,3.345299461621E-1,-7.5E-1));
#2489=DIRECTION('',(-9.612616959383E-1,-2.756373558170E-1,0.E0));
#2490=DIRECTION('',(2.756373558170E-1,-9.612616959383E-1,0.E0));
#2491=AXIS2_PLACEMENT_3D('',#2488,#2489,#2490);
#2492=PLANE('',#2491);
#2494=ORIENTED_EDGE('',*,*,#2493,.T.);
#2495=ORIENTED_EDGE('',*,*,#2469,.F.);
#2497=ORIENTED_EDGE('',*,*,#2496,.T.);
#2498=ORIENTED_EDGE('',*,*,#2481,.F.);
#2499=EDGE_LOOP('',(#2494,#2495,#2497,#2498));
#2500=FACE_OUTER_BOUND('',#2499,.F.);
#2501=ADVANCED_FACE('',(#2500),#2492,.T.);
#2502=CARTESIAN_POINT('',(-3.6E0,-4.2E-1,3.9E0));
#2503=DIRECTION('',(-1.E0,0.E0,0.E0));
#2504=DIRECTION('',(0.E0,0.E0,-1.E0));
#2505=AXIS2_PLACEMENT_3D('',#2502,#2503,#2504);
#2506=PLANE('',#2505);
#2507=ORIENTED_EDGE('',*,*,#1950,.F.);
#2509=ORIENTED_EDGE('',*,*,#2508,.T.);
#2510=ORIENTED_EDGE('',*,*,#1854,.T.);
#2511=ORIENTED_EDGE('',*,*,#1765,.T.);
#2512=EDGE_LOOP('',(#2507,#2509,#2510,#2511));
#2513=FACE_OUTER_BOUND('',#2512,.F.);
#2514=ADVANCED_FACE('',(#2513),#2506,.F.);
#2515=CARTESIAN_POINT('',(1.5E-2,-4.2E-1,-7.5E-1));
#2516=DIRECTION('',(0.E0,0.E0,-1.E0));
#2517=DIRECTION('',(-1.E0,0.E0,0.E0));
#2518=AXIS2_PLACEMENT_3D('',#2515,#2516,#2517);
#2519=PLANE('',#2518);
#2521=ORIENTED_EDGE('',*,*,#2520,.T.);
#2523=ORIENTED_EDGE('',*,*,#2522,.T.);
#2525=ORIENTED_EDGE('',*,*,#2524,.T.);
#2526=EDGE_LOOP('',(#2521,#2523,#2525));
#2527=FACE_OUTER_BOUND('',#2526,.F.);
#2528=ADVANCED_FACE('',(#2527),#2519,.T.);
#2529=CARTESIAN_POINT('',(-3.4E0,3.345299461621E-1,-7.5E-1));
#2530=DIRECTION('',(-9.612616959383E-1,2.756373558170E-1,0.E0));
#2531=DIRECTION('',(-2.756373558170E-1,-9.612616959383E-1,0.E0));
#2532=AXIS2_PLACEMENT_3D('',#2529,#2530,#2531);
#2533=PLANE('',#2532);
#2535=ORIENTED_EDGE('',*,*,#2534,.T.);
#2537=ORIENTED_EDGE('',*,*,#2536,.F.);
#2539=ORIENTED_EDGE('',*,*,#2538,.T.);
#2540=ORIENTED_EDGE('',*,*,#2522,.F.);
#2541=EDGE_LOOP('',(#2535,#2537,#2539,#2540));
#2542=FACE_OUTER_BOUND('',#2541,.F.);
#2543=ADVANCED_FACE('',(#2542),#2533,.F.);
#2544=CARTESIAN_POINT('',(1.5E-2,-4.2E-1,7.5E-1));
#2545=DIRECTION('',(0.E0,0.E0,-1.E0));
#2546=DIRECTION('',(-1.E0,0.E0,0.E0));
#2547=AXIS2_PLACEMENT_3D('',#2544,#2545,#2546);
#2548=PLANE('',#2547);
#2550=ORIENTED_EDGE('',*,*,#2549,.T.);
#2552=ORIENTED_EDGE('',*,*,#2551,.T.);
#2553=ORIENTED_EDGE('',*,*,#2536,.T.);
#2554=EDGE_LOOP('',(#2550,#2552,#2553));
#2555=FACE_OUTER_BOUND('',#2554,.F.);
#2556=ADVANCED_FACE('',(#2555),#2548,.F.);
#2557=CARTESIAN_POINT('',(1.5E-2,1.265499702481E1,0.E0));
#2558=DIRECTION('',(0.E0,-1.E0,0.E0));
#2559=DIRECTION('',(1.E0,0.E0,0.E0));
#2560=AXIS2_PLACEMENT_3D('',#2557,#2558,#2559);
#2561=CONICAL_SURFACE('',#2560,2.174997348208E0,4.499992588445E1);
#2562=ORIENTED_EDGE('',*,*,#2244,.F.);
#2563=ORIENTED_EDGE('',*,*,#2242,.F.);
#2565=ORIENTED_EDGE('',*,*,#2564,.F.);
#2567=ORIENTED_EDGE('',*,*,#2566,.T.);
#2569=ORIENTED_EDGE('',*,*,#2568,.T.);
#2571=ORIENTED_EDGE('',*,*,#2570,.T.);
#2572=EDGE_LOOP('',(#2562,#2563,#2565,#2567,#2569,#2571));
#2573=FACE_OUTER_BOUND('',#2572,.F.);
#2574=ADVANCED_FACE('',(#2573),#2561,.T.);
#2575=CARTESIAN_POINT('',(1.5E-2,1.2655E1,-1.775E0));
#2576=DIRECTION('',(0.E0,7.071067811865E-1,-7.071067811865E-1));
#2577=DIRECTION('',(1.E0,0.E0,0.E0));
#2578=AXIS2_PLACEMENT_3D('',#2575,#2576,#2577);
#2579=PLANE('',#2578);
#2580=ORIENTED_EDGE('',*,*,#2250,.F.);
#2581=ORIENTED_EDGE('',*,*,#2232,.F.);
#2583=ORIENTED_EDGE('',*,*,#2582,.T.);
#2584=ORIENTED_EDGE('',*,*,#2564,.T.);
#2585=EDGE_LOOP('',(#2580,#2581,#2583,#2584));
#2586=FACE_OUTER_BOUND('',#2585,.F.);
#2587=ADVANCED_FACE('',(#2586),#2579,.T.);
#2588=CARTESIAN_POINT('',(1.311148139682E0,8.93E0,-1.9E0));
#2589=DIRECTION('',(0.E0,0.E0,-1.E0));
#2590=DIRECTION('',(-1.E0,0.E0,0.E0));
#2591=AXIS2_PLACEMENT_3D('',#2588,#2589,#2590);
#2592=PLANE('',#2591);
#2593=ORIENTED_EDGE('',*,*,#2582,.F.);
#2594=ORIENTED_EDGE('',*,*,#2214,.F.);
#2596=ORIENTED_EDGE('',*,*,#2595,.T.);
#2598=ORIENTED_EDGE('',*,*,#2597,.F.);
#2599=EDGE_LOOP('',(#2593,#2594,#2596,#2598));
#2600=FACE_OUTER_BOUND('',#2599,.F.);
#2601=ADVANCED_FACE('',(#2600),#2592,.T.);
#2602=CARTESIAN_POINT('',(1.5E-2,8.83E0,-2.E0));
#2603=DIRECTION('',(0.E0,7.071067811865E-1,-7.071067811865E-1));
#2604=DIRECTION('',(1.E0,0.E0,0.E0));
#2605=AXIS2_PLACEMENT_3D('',#2602,#2603,#2604);
#2606=PLANE('',#2605);
#2607=ORIENTED_EDGE('',*,*,#2595,.F.);
#2608=ORIENTED_EDGE('',*,*,#2196,.F.);
#2610=ORIENTED_EDGE('',*,*,#2609,.T.);
#2611=ORIENTED_EDGE('',*,*,#2133,.T.);
#2612=EDGE_LOOP('',(#2607,#2608,#2610,#2611));
#2613=FACE_OUTER_BOUND('',#2612,.F.);
#2614=ADVANCED_FACE('',(#2613),#2606,.T.);
#2615=CARTESIAN_POINT('',(-1.341465996625E0,6.73E0,-2.1E0));
#2616=DIRECTION('',(0.E0,0.E0,-1.E0));
#2617=DIRECTION('',(1.E0,0.E0,0.E0));
#2618=AXIS2_PLACEMENT_3D('',#2615,#2616,#2617);
#2619=PLANE('',#2618);
#2620=ORIENTED_EDGE('',*,*,#2609,.F.);
#2621=ORIENTED_EDGE('',*,*,#2179,.F.);
#2623=ORIENTED_EDGE('',*,*,#2622,.T.);
#2624=ORIENTED_EDGE('',*,*,#2111,.F.);
#2625=EDGE_LOOP('',(#2620,#2621,#2623,#2624));
#2626=FACE_OUTER_BOUND('',#2625,.F.);
#2627=ADVANCED_FACE('',(#2626),#2619,.T.);
#2628=CARTESIAN_POINT('',(1.5E-2,8.93E0,0.E0));
#2629=DIRECTION('',(0.E0,1.E0,0.E0));
#2630=DIRECTION('',(0.E0,0.E0,-1.E0));
#2631=AXIS2_PLACEMENT_3D('',#2628,#2629,#2630);
#2632=CYLINDRICAL_SURFACE('',#2631,2.3E0);
#2633=ORIENTED_EDGE('',*,*,#2568,.F.);
#2634=ORIENTED_EDGE('',*,*,#2566,.F.);
#2635=ORIENTED_EDGE('',*,*,#2597,.T.);
#2636=ORIENTED_EDGE('',*,*,#2131,.F.);
#2637=ORIENTED_EDGE('',*,*,#2129,.F.);
#2639=ORIENTED_EDGE('',*,*,#2638,.T.);
#2640=EDGE_LOOP('',(#2633,#2634,#2635,#2636,#2637,#2639));
#2641=FACE_OUTER_BOUND('',#2640,.F.);
#2642=ADVANCED_FACE('',(#2641),#2632,.T.);
#2643=CARTESIAN_POINT('',(-1.281148139682E0,8.93E0,1.9E0));
#2644=DIRECTION('',(0.E0,0.E0,1.E0));
#2645=DIRECTION('',(1.E0,0.E0,0.E0));
#2646=AXIS2_PLACEMENT_3D('',#2643,#2644,#2645);
#2647=PLANE('',#2646);
#2649=ORIENTED_EDGE('',*,*,#2648,.F.);
#2650=ORIENTED_EDGE('',*,*,#2638,.F.);
#2651=ORIENTED_EDGE('',*,*,#2147,.T.);
#2652=ORIENTED_EDGE('',*,*,#2210,.F.);
#2653=EDGE_LOOP('',(#2649,#2650,#2651,#2652));
#2654=FACE_OUTER_BOUND('',#2653,.F.);
#2655=ADVANCED_FACE('',(#2654),#2647,.T.);
#2656=CARTESIAN_POINT('',(1.5E-2,1.2655E1,1.775E0));
#2657=DIRECTION('',(0.E0,7.071067811865E-1,7.071067811865E-1));
#2658=DIRECTION('',(1.E0,0.E0,0.E0));
#2659=AXIS2_PLACEMENT_3D('',#2656,#2657,#2658);
#2660=PLANE('',#2659);
#2661=ORIENTED_EDGE('',*,*,#2648,.T.);
#2662=ORIENTED_EDGE('',*,*,#2228,.T.);
#2663=ORIENTED_EDGE('',*,*,#2246,.F.);
#2664=ORIENTED_EDGE('',*,*,#2570,.F.);
#2665=EDGE_LOOP('',(#2661,#2662,#2663,#2664));
#2666=FACE_OUTER_BOUND('',#2665,.F.);
#2667=ADVANCED_FACE('',(#2666),#2660,.T.);
#2668=CARTESIAN_POINT('',(3.765E0,6.43E0,-4.580156148163E0));
#2669=DIRECTION('',(0.E0,0.E0,1.E0));
#2670=DIRECTION('',(1.E0,0.E0,0.E0));
#2671=AXIS2_PLACEMENT_3D('',#2668,#2669,#2670);
#2672=CYLINDRICAL_SURFACE('',#2671,3.E-1);
#2673=ORIENTED_EDGE('',*,*,#2093,.T.);
#2675=ORIENTED_EDGE('',*,*,#2674,.F.);
#2676=ORIENTED_EDGE('',*,*,#1662,.T.);
#2678=ORIENTED_EDGE('',*,*,#2677,.F.);
#2679=EDGE_LOOP('',(#2673,#2675,#2676,#2678));
#2680=FACE_OUTER_BOUND('',#2679,.F.);
#2681=ADVANCED_FACE('',(#2680),#2672,.T.);
#2682=CARTESIAN_POINT('',(3.765E0,6.43E0,-4.25E0));
#2683=DIRECTION('',(1.E0,0.E0,0.E0));
#2684=DIRECTION('',(0.E0,-1.E0,0.E0));
#2685=AXIS2_PLACEMENT_3D('',#2682,#2683,#2684);
#2686=SPHERICAL_SURFACE('',#2685,3.E-1);
#2687=ORIENTED_EDGE('',*,*,#2083,.T.);
#2688=ORIENTED_EDGE('',*,*,#1796,.T.);
#2689=ORIENTED_EDGE('',*,*,#2674,.T.);
#2690=EDGE_LOOP('',(#2687,#2688,#2689));
#2691=FACE_OUTER_BOUND('',#2690,.F.);
#2692=ADVANCED_FACE('',(#2691),#2686,.T.);
#2693=CARTESIAN_POINT('',(3.765E0,6.43E0,4.25E0));
#2694=DIRECTION('',(1.E0,0.E0,0.E0));
#2695=DIRECTION('',(0.E0,0.E0,-1.E0));
#2696=AXIS2_PLACEMENT_3D('',#2693,#2694,#2695);
#2697=SPHERICAL_SURFACE('',#2696,3.E-1);
#2699=ORIENTED_EDGE('',*,*,#2698,.T.);
#2700=ORIENTED_EDGE('',*,*,#2677,.T.);
#2702=ORIENTED_EDGE('',*,*,#2701,.T.);
#2703=EDGE_LOOP('',(#2699,#2700,#2702));
#2704=FACE_OUTER_BOUND('',#2703,.F.);
#2705=ADVANCED_FACE('',(#2704),#2697,.T.);
#2706=CARTESIAN_POINT('',(-4.064276069985E0,6.43E0,4.25E0));
#2707=DIRECTION('',(1.E0,0.E0,0.E0));
#2708=DIRECTION('',(0.E0,1.E0,0.E0));
#2709=AXIS2_PLACEMENT_3D('',#2706,#2707,#2708);
#2710=CYLINDRICAL_SURFACE('',#2709,3.E-1);
#2712=ORIENTED_EDGE('',*,*,#2711,.T.);
#2713=ORIENTED_EDGE('',*,*,#2040,.F.);
#2714=ORIENTED_EDGE('',*,*,#2095,.T.);
#2715=ORIENTED_EDGE('',*,*,#2698,.F.);
#2716=EDGE_LOOP('',(#2712,#2713,#2714,#2715));
#2717=FACE_OUTER_BOUND('',#2716,.F.);
#2718=ADVANCED_FACE('',(#2717),#2710,.T.);
#2719=CARTESIAN_POINT('',(4.065E0,-4.2E-1,4.55E0));
#2720=DIRECTION('',(0.E0,0.E0,1.E0));
#2721=DIRECTION('',(0.E0,1.E0,0.E0));
#2722=AXIS2_PLACEMENT_3D('',#2719,#2720,#2721);
#2723=PLANE('',#2722);
#2725=ORIENTED_EDGE('',*,*,#2724,.F.);
#2726=ORIENTED_EDGE('',*,*,#1751,.F.);
#2727=ORIENTED_EDGE('',*,*,#2028,.F.);
#2728=ORIENTED_EDGE('',*,*,#2711,.F.);
#2729=EDGE_LOOP('',(#2725,#2726,#2727,#2728));
#2730=FACE_OUTER_BOUND('',#2729,.F.);
#2731=ADVANCED_FACE('',(#2730),#2723,.T.);
#2732=CARTESIAN_POINT('',(3.765E0,6.771081952867E0,4.25E0));
#2733=DIRECTION('',(0.E0,-1.E0,0.E0));
#2734=DIRECTION('',(1.E0,0.E0,0.E0));
#2735=AXIS2_PLACEMENT_3D('',#2732,#2733,#2734);
#2736=CYLINDRICAL_SURFACE('',#2735,3.E-1);
#2737=ORIENTED_EDGE('',*,*,#1729,.F.);
#2738=ORIENTED_EDGE('',*,*,#2724,.T.);
#2739=ORIENTED_EDGE('',*,*,#2701,.F.);
#2740=ORIENTED_EDGE('',*,*,#1660,.T.);
#2742=ORIENTED_EDGE('',*,*,#2741,.F.);
#2743=EDGE_LOOP('',(#2737,#2738,#2739,#2740,#2742));
#2744=FACE_OUTER_BOUND('',#2743,.F.);
#2745=ADVANCED_FACE('',(#2744),#2736,.T.);
#2746=CARTESIAN_POINT('',(4.065E0,-4.2E-1,-4.55E0));
#2747=DIRECTION('',(0.E0,-1.E0,0.E0));
#2748=DIRECTION('',(0.E0,0.E0,1.E0));
#2749=AXIS2_PLACEMENT_3D('',#2746,#2747,#2748);
#2750=PLANE('',#2749);
#2751=ORIENTED_EDGE('',*,*,#1658,.F.);
#2753=ORIENTED_EDGE('',*,*,#2752,.F.);
#2754=ORIENTED_EDGE('',*,*,#2741,.T.);
#2755=EDGE_LOOP('',(#2751,#2753,#2754));
#2756=FACE_OUTER_BOUND('',#2755,.F.);
#2757=ADVANCED_FACE('',(#2756),#2750,.F.);
#2758=CARTESIAN_POINT('',(-4.035E0,-4.2E-1,4.5E0));
#2759=DIRECTION('',(0.E0,0.E0,-1.E0));
#2760=DIRECTION('',(-1.E0,0.E0,0.E0));
#2761=AXIS2_PLACEMENT_3D('',#2758,#2759,#2760);
#2762=PLANE('',#2761);
#2763=ORIENTED_EDGE('',*,*,#2752,.T.);
#2764=ORIENTED_EDGE('',*,*,#1656,.F.);
#2766=ORIENTED_EDGE('',*,*,#2765,.T.);
#2768=ORIENTED_EDGE('',*,*,#2767,.T.);
#2769=ORIENTED_EDGE('',*,*,#1731,.T.);
#2770=EDGE_LOOP('',(#2763,#2764,#2766,#2768,#2769));
#2771=FACE_OUTER_BOUND('',#2770,.F.);
#2772=ADVANCED_FACE('',(#2771),#2762,.F.);
#2773=CARTESIAN_POINT('',(3.765E0,-1.12E0,3.9E0));
#2774=DIRECTION('',(0.E0,0.E0,-1.E0));
#2775=DIRECTION('',(-1.E0,0.E0,0.E0));
#2776=AXIS2_PLACEMENT_3D('',#2773,#2774,#2775);
#2777=CYLINDRICAL_SURFACE('',#2776,3.E-1);
#2778=ORIENTED_EDGE('',*,*,#1972,.F.);
#2780=ORIENTED_EDGE('',*,*,#2779,.T.);
#2781=ORIENTED_EDGE('',*,*,#2765,.F.);
#2782=ORIENTED_EDGE('',*,*,#1654,.T.);
#2783=EDGE_LOOP('',(#2778,#2780,#2781,#2782));
#2784=FACE_OUTER_BOUND('',#2783,.F.);
#2785=ADVANCED_FACE('',(#2784),#2777,.T.);
#2786=CARTESIAN_POINT('',(3.519254386713E0,-1.292072930905E0,3.9E0));
#2787=DIRECTION('',(-8.191520442890E-1,-5.735764363510E-1,0.E0));
#2788=DIRECTION('',(-5.735764363510E-1,8.191520442890E-1,0.E0));
#2789=AXIS2_PLACEMENT_3D('',#2786,#2787,#2788);
#2790=PLANE('',#2789);
#2791=ORIENTED_EDGE('',*,*,#1733,.T.);
#2792=ORIENTED_EDGE('',*,*,#2767,.F.);
#2793=ORIENTED_EDGE('',*,*,#2779,.F.);
#2794=ORIENTED_EDGE('',*,*,#1970,.F.);
#2795=EDGE_LOOP('',(#2791,#2792,#2793,#2794));
#2796=FACE_OUTER_BOUND('',#2795,.F.);
#2797=ADVANCED_FACE('',(#2796),#2790,.T.);
#2798=CARTESIAN_POINT('',(4.065E0,6.73E0,-4.55E0));
#2799=DIRECTION('',(0.E0,0.E0,-1.E0));
#2800=DIRECTION('',(0.E0,-1.E0,0.E0));
#2801=AXIS2_PLACEMENT_3D('',#2798,#2799,#2800);
#2802=PLANE('',#2801);
#2803=ORIENTED_EDGE('',*,*,#1798,.F.);
#2804=ORIENTED_EDGE('',*,*,#2081,.F.);
#2806=ORIENTED_EDGE('',*,*,#2805,.F.);
#2807=ORIENTED_EDGE('',*,*,#1699,.T.);
#2808=EDGE_LOOP('',(#2803,#2804,#2806,#2807));
#2809=FACE_OUTER_BOUND('',#2808,.F.);
#2810=ADVANCED_FACE('',(#2809),#2802,.T.);
#2811=CARTESIAN_POINT('',(-3.735E0,6.771081952867E0,-4.25E0));
#2812=DIRECTION('',(0.E0,-1.E0,0.E0));
#2813=DIRECTION('',(-1.E0,0.E0,0.E0));
#2814=AXIS2_PLACEMENT_3D('',#2811,#2812,#2813);
#2815=CYLINDRICAL_SURFACE('',#2814,3.E-1);
#2816=ORIENTED_EDGE('',*,*,#1701,.F.);
#2817=ORIENTED_EDGE('',*,*,#2805,.T.);
#2818=ORIENTED_EDGE('',*,*,#2068,.F.);
#2819=ORIENTED_EDGE('',*,*,#1903,.T.);
#2821=ORIENTED_EDGE('',*,*,#2820,.F.);
#2822=EDGE_LOOP('',(#2816,#2817,#2818,#2819,#2821));
#2823=FACE_OUTER_BOUND('',#2822,.F.);
#2824=ADVANCED_FACE('',(#2823),#2815,.T.);
#2825=CARTESIAN_POINT('',(4.065E0,-4.2E-1,-4.55E0));
#2826=DIRECTION('',(0.E0,-1.E0,0.E0));
#2827=DIRECTION('',(0.E0,0.E0,1.E0));
#2828=AXIS2_PLACEMENT_3D('',#2825,#2826,#2827);
#2829=PLANE('',#2828);
#2830=ORIENTED_EDGE('',*,*,#1901,.F.);
#2832=ORIENTED_EDGE('',*,*,#2831,.F.);
#2833=ORIENTED_EDGE('',*,*,#2820,.T.);
#2834=EDGE_LOOP('',(#2830,#2832,#2833));
#2835=FACE_OUTER_BOUND('',#2834,.F.);
#2836=ADVANCED_FACE('',(#2835),#2829,.F.);
#2837=CARTESIAN_POINT('',(4.065E0,-4.2E-1,-4.5E0));
#2838=DIRECTION('',(0.E0,0.E0,1.E0));
#2839=DIRECTION('',(1.E0,0.E0,0.E0));
#2840=AXIS2_PLACEMENT_3D('',#2837,#2838,#2839);
#2841=PLANE('',#2840);
#2842=ORIENTED_EDGE('',*,*,#2831,.T.);
#2843=ORIENTED_EDGE('',*,*,#1899,.F.);
#2845=ORIENTED_EDGE('',*,*,#2844,.T.);
#2847=ORIENTED_EDGE('',*,*,#2846,.T.);
#2848=ORIENTED_EDGE('',*,*,#1703,.T.);
#2849=EDGE_LOOP('',(#2842,#2843,#2845,#2847,#2848));
#2850=FACE_OUTER_BOUND('',#2849,.F.);
#2851=ADVANCED_FACE('',(#2850),#2841,.F.);
#2852=CARTESIAN_POINT('',(-3.735E0,-1.12E0,-3.9E0));
#2853=DIRECTION('',(0.E0,0.E0,1.E0));
#2854=DIRECTION('',(1.E0,0.E0,0.E0));
#2855=AXIS2_PLACEMENT_3D('',#2852,#2853,#2854);
#2856=CYLINDRICAL_SURFACE('',#2855,3.E-1);
#2857=ORIENTED_EDGE('',*,*,#1863,.F.);
#2859=ORIENTED_EDGE('',*,*,#2858,.T.);
#2860=ORIENTED_EDGE('',*,*,#2844,.F.);
#2861=ORIENTED_EDGE('',*,*,#1897,.T.);
#2862=EDGE_LOOP('',(#2857,#2859,#2860,#2861));
#2863=FACE_OUTER_BOUND('',#2862,.F.);
#2864=ADVANCED_FACE('',(#2863),#2856,.T.);
#2865=CARTESIAN_POINT('',(-3.489254386713E0,-1.292072930905E0,-3.9E0));
#2866=DIRECTION('',(8.191520442890E-1,-5.735764363510E-1,0.E0));
#2867=DIRECTION('',(5.735764363510E-1,8.191520442890E-1,0.E0));
#2868=AXIS2_PLACEMENT_3D('',#2865,#2866,#2867);
#2869=PLANE('',#2868);
#2870=ORIENTED_EDGE('',*,*,#1705,.T.);
#2871=ORIENTED_EDGE('',*,*,#2846,.F.);
#2872=ORIENTED_EDGE('',*,*,#2858,.F.);
#2873=ORIENTED_EDGE('',*,*,#1861,.F.);
#2874=EDGE_LOOP('',(#2870,#2871,#2872,#2873));
#2875=FACE_OUTER_BOUND('',#2874,.F.);
#2876=ADVANCED_FACE('',(#2875),#2869,.T.);
#2877=CARTESIAN_POINT('',(-3.489254386713E0,-1.292072930905E0,3.9E0));
#2878=DIRECTION('',(-8.191520442890E-1,5.735764363510E-1,0.E0));
#2879=DIRECTION('',(5.735764363510E-1,8.191520442890E-1,0.E0));
#2880=AXIS2_PLACEMENT_3D('',#2877,#2878,#2879);
#2881=PLANE('',#2880);
#2882=ORIENTED_EDGE('',*,*,#1745,.F.);
#2883=ORIENTED_EDGE('',*,*,#1943,.F.);
#2884=ORIENTED_EDGE('',*,*,#1986,.F.);
#2885=ORIENTED_EDGE('',*,*,#1999,.F.);
#2886=EDGE_LOOP('',(#2882,#2883,#2884,#2885));
#2887=FACE_OUTER_BOUND('',#2886,.F.);
#2888=ADVANCED_FACE('',(#2887),#2881,.F.);
#2889=CARTESIAN_POINT('',(3.765E0,-1.12E0,-3.9E0));
#2890=DIRECTION('',(0.E0,0.E0,-1.E0));
#2891=DIRECTION('',(-1.E0,0.E0,0.E0));
#2892=AXIS2_PLACEMENT_3D('',#2889,#2890,#2891);
#2893=CYLINDRICAL_SURFACE('',#2892,3.E-1);
#2894=ORIENTED_EDGE('',*,*,#1876,.F.);
#2895=ORIENTED_EDGE('',*,*,#1670,.T.);
#2896=ORIENTED_EDGE('',*,*,#1824,.F.);
#2897=ORIENTED_EDGE('',*,*,#1838,.T.);
#2898=EDGE_LOOP('',(#2894,#2895,#2896,#2897));
#2899=FACE_OUTER_BOUND('',#2898,.F.);
#2900=ADVANCED_FACE('',(#2899),#2893,.T.);
#2901=OPEN_SHELL('',(#1676,#1691,#1723,#1755,#1771,#1786,#1802,#1814,#1829,
#1843,#1867,#1888,#1919,#1932,#1954,#1976,#1990,#2005,#2017,#2032,#2045,#2059,
#2072,#2087,#2101,#2119,#2137,#2152,#2166,#2183,#2200,#2218,#2236,#2254,#2268,
#2282,#2296,#2309,#2323,#2336,#2350,#2365,#2378,#2391,#2405,#2420,#2433,#2446,
#2459,#2473,#2487,#2501,#2514,#2528,#2543,#2556,#2574,#2587,#2601,#2614,#2627,
#2642,#2655,#2667,#2681,#2692,#2705,#2718,#2731,#2745,#2757,#2772,#2785,#2797,
#2810,#2824,#2836,#2851,#2864,#2876,#2888,#2900));
#2902=DIRECTION('',(0.E0,1.E0,0.E0));
#2903=VECTOR('',#2902,8.5E-1);
#2904=CARTESIAN_POINT('',(-2.27E0,-1.15E0,-2.225E0));
#2905=LINE('',#2904,#2903);
#2906=DIRECTION('',(0.E0,8.660254037844E-1,5.E-1));
#2907=VECTOR('',#2906,3.464101615138E-1);
#2908=CARTESIAN_POINT('',(-2.27E0,-3.E-1,-1.198205080757E0));
#2909=LINE('',#2908,#2907);
#2910=DIRECTION('',(0.E0,-1.942890293094E-14,-1.E0));
#2911=VECTOR('',#2910,5.E-2);
#2912=CARTESIAN_POINT('',(-2.27E0,0.E0,-1.025E0));
#2913=LINE('',#2912,#2911);
#2914=DIRECTION('',(0.E0,1.E0,0.E0));
#2915=VECTOR('',#2914,1.2E0);
#2916=CARTESIAN_POINT('',(-2.27E0,0.E0,-1.075E0));
#2917=LINE('',#2916,#2915);
#2918=DIRECTION('',(0.E0,0.E0,1.E0));
#2919=VECTOR('',#2918,3.5E-1);
#2920=CARTESIAN_POINT('',(-2.27E0,1.2E0,-1.075E0));
#2921=LINE('',#2920,#2919);
#2922=DIRECTION('',(0.E0,1.E0,0.E0));
#2923=VECTOR('',#2922,3.5E-1);
#2924=CARTESIAN_POINT('',(-2.27E0,1.2E0,-7.25E-1));
#2925=LINE('',#2924,#2923);
#2926=DIRECTION('',(0.E0,0.E0,-1.E0));
#2927=VECTOR('',#2926,1.344754218857E-1);
#2928=CARTESIAN_POINT('',(-2.27E0,1.55E0,-7.25E-1));
#2929=LINE('',#2928,#2927);
#2930=CARTESIAN_POINT('',(-2.27E0,-3.3E0,-2.075E0));
#2931=DIRECTION('',(-1.E0,0.E0,0.E0));
#2932=DIRECTION('',(0.E0,9.7E-1,2.431049156229E-1));
#2933=AXIS2_PLACEMENT_3D('',#2930,#2931,#2932);
#2935=DIRECTION('',(0.E0,0.E0,-1.E0));
#2936=VECTOR('',#2935,1.344754218856E-1);
#2937=CARTESIAN_POINT('',(-2.27E0,1.55E0,-3.290524578114E0));
#2938=LINE('',#2937,#2936);
#2939=DIRECTION('',(0.E0,-1.E0,0.E0));
#2940=VECTOR('',#2939,3.5E-1);
#2941=CARTESIAN_POINT('',(-2.27E0,1.55E0,-3.425E0));
#2942=LINE('',#2941,#2940);
#2943=DIRECTION('',(0.E0,0.E0,1.E0));
#2944=VECTOR('',#2943,3.5E-1);
#2945=CARTESIAN_POINT('',(-2.27E0,1.2E0,-3.425E0));
#2946=LINE('',#2945,#2944);
#2947=DIRECTION('',(0.E0,-1.E0,0.E0));
#2948=VECTOR('',#2947,1.2E0);
#2949=CARTESIAN_POINT('',(-2.27E0,1.2E0,-3.075E0));
#2950=LINE('',#2949,#2948);
#2951=DIRECTION('',(0.E0,0.E0,-1.E0));
#2952=VECTOR('',#2951,5.E-2);
#2953=CARTESIAN_POINT('',(-2.27E0,0.E0,-3.075E0));
#2954=LINE('',#2953,#2952);
#2955=DIRECTION('',(0.E0,-8.660254037844E-1,5.E-1));
#2956=VECTOR('',#2955,3.464101615138E-1);
#2957=CARTESIAN_POINT('',(-2.27E0,0.E0,-3.125E0));
#2958=LINE('',#2957,#2956);
#2959=DIRECTION('',(0.E0,3.521897425290E-14,1.E0));
#2960=VECTOR('',#2959,2.679491924310E-2);
#2961=CARTESIAN_POINT('',(-2.27E0,-3.E-1,-2.951794919243E0));
#2962=LINE('',#2961,#2960);
#2963=DIRECTION('',(0.E0,-1.E0,0.E0));
#2964=VECTOR('',#2963,8.5E-1);
#2965=CARTESIAN_POINT('',(-2.27E0,-3.E-1,-2.925E0));
#2966=LINE('',#2965,#2964);
#2967=DIRECTION('',(0.E0,0.E0,1.E0));
#2968=VECTOR('',#2967,7.E-1);
#2969=CARTESIAN_POINT('',(-2.77E0,-1.65E0,-2.925E0));
#2970=LINE('',#2969,#2968);
#2971=DIRECTION('',(0.E0,0.E0,-1.E0));
#2972=VECTOR('',#2971,7.E-1);
#2973=CARTESIAN_POINT('',(-2.27E0,-1.15E0,-2.225E0));
#2974=LINE('',#2973,#2972);
#2975=CARTESIAN_POINT('',(-2.77E0,-1.15E0,-2.925E0));
#2976=DIRECTION('',(0.E0,0.E0,1.E0));
#2977=DIRECTION('',(0.E0,-1.E0,0.E0));
#2978=AXIS2_PLACEMENT_3D('',#2975,#2976,#2977);
#2980=DIRECTION('',(-1.E0,0.E0,0.E0));
#2981=VECTOR('',#2980,5.E-1);
#2982=CARTESIAN_POINT('',(-2.27E0,-3.E-1,-2.925E0));
#2983=LINE('',#2982,#2981);
#2984=DIRECTION('',(1.E0,0.E0,0.E0));
#2985=VECTOR('',#2984,1.42E1);
#2986=CARTESIAN_POINT('',(-1.697E1,-1.65E0,-2.925E0));
#2987=LINE('',#2986,#2985);
#2988=DIRECTION('',(0.E0,1.E0,0.E0));
#2989=VECTOR('',#2988,8.5E-1);
#2990=CARTESIAN_POINT('',(-2.77E0,-1.15E0,-2.925E0));
#2991=LINE('',#2990,#2989);
#2992=DIRECTION('',(0.E0,-3.521897425290E-14,-1.E0));
#2993=VECTOR('',#2992,2.679491924310E-2);
#2994=CARTESIAN_POINT('',(-2.77E0,-3.E-1,-2.925E0));
#2995=LINE('',#2994,#2993);
#2996=DIRECTION('',(0.E0,8.660254037844E-1,-5.E-1));
#2997=VECTOR('',#2996,3.464101615138E-1);
#2998=CARTESIAN_POINT('',(-2.77E0,-3.E-1,-2.951794919243E0));
#2999=LINE('',#2998,#2997);
#3000=DIRECTION('',(0.E0,0.E0,1.E0));
#3001=VECTOR('',#3000,5.E-2);
#3002=CARTESIAN_POINT('',(-2.77E0,0.E0,-3.125E0));
#3003=LINE('',#3002,#3001);
#3004=DIRECTION('',(0.E0,1.E0,0.E0));
#3005=VECTOR('',#3004,1.2E0);
#3006=CARTESIAN_POINT('',(-2.77E0,0.E0,-3.075E0));
#3007=LINE('',#3006,#3005);
#3008=DIRECTION('',(0.E0,0.E0,-1.E0));
#3009=VECTOR('',#3008,3.5E-1);
#3010=CARTESIAN_POINT('',(-2.77E0,1.2E0,-3.075E0));
#3011=LINE('',#3010,#3009);
#3012=DIRECTION('',(0.E0,1.E0,0.E0));
#3013=VECTOR('',#3012,3.5E-1);
#3014=CARTESIAN_POINT('',(-2.77E0,1.2E0,-3.425E0));
#3015=LINE('',#3014,#3013);
#3016=DIRECTION('',(0.E0,0.E0,1.E0));
#3017=VECTOR('',#3016,1.344754218856E-1);
#3018=CARTESIAN_POINT('',(-2.77E0,1.55E0,-3.425E0));
#3019=LINE('',#3018,#3017);
#3020=CARTESIAN_POINT('',(-2.77E0,-3.3E0,-2.075E0));
#3021=DIRECTION('',(1.E0,0.E0,0.E0));
#3022=DIRECTION('',(0.E0,9.7E-1,-2.431049156229E-1));
#3023=AXIS2_PLACEMENT_3D('',#3020,#3021,#3022);
#3025=DIRECTION('',(0.E0,0.E0,1.E0));
#3026=VECTOR('',#3025,1.344754218857E-1);
#3027=CARTESIAN_POINT('',(-2.77E0,1.55E0,-8.594754218857E-1));
#3028=LINE('',#3027,#3026);
#3029=DIRECTION('',(0.E0,-1.E0,0.E0));
#3030=VECTOR('',#3029,3.5E-1);
#3031=CARTESIAN_POINT('',(-2.77E0,1.55E0,-7.25E-1));
#3032=LINE('',#3031,#3030);
#3033=DIRECTION('',(0.E0,0.E0,-1.E0));
#3034=VECTOR('',#3033,3.5E-1);
#3035=CARTESIAN_POINT('',(-2.77E0,1.2E0,-7.25E-1));
#3036=LINE('',#3035,#3034);
#3037=DIRECTION('',(0.E0,-1.E0,0.E0));
#3038=VECTOR('',#3037,1.2E0);
#3039=CARTESIAN_POINT('',(-2.77E0,1.2E0,-1.075E0));
#3040=LINE('',#3039,#3038);
#3041=DIRECTION('',(0.E0,1.942890293094E-14,1.E0));
#3042=VECTOR('',#3041,5.E-2);
#3043=CARTESIAN_POINT('',(-2.77E0,0.E0,-1.075E0));
#3044=LINE('',#3043,#3042);
#3045=DIRECTION('',(0.E0,-8.660254037844E-1,-5.E-1));
#3046=VECTOR('',#3045,3.464101615138E-1);
#3047=CARTESIAN_POINT('',(-2.77E0,0.E0,-1.025E0));
#3048=LINE('',#3047,#3046);
#3049=DIRECTION('',(0.E0,0.E0,-1.E0));
#3050=VECTOR('',#3049,1.026794919243E0);
#3051=CARTESIAN_POINT('',(-2.77E0,-3.E-1,-1.198205080757E0));
#3052=LINE('',#3051,#3050);
#3053=DIRECTION('',(0.E0,-1.E0,0.E0));
#3054=VECTOR('',#3053,8.5E-1);
#3055=CARTESIAN_POINT('',(-2.77E0,-3.E-1,-2.225E0));
#3056=LINE('',#3055,#3054);
#3057=DIRECTION('',(0.E0,0.E0,1.E0));
#3058=VECTOR('',#3057,7.E-1);
#3059=CARTESIAN_POINT('',(-2.77E0,-1.15E0,-2.925E0));
#3060=LINE('',#3059,#3058);
#3061=DIRECTION('',(1.E0,0.E0,0.E0));
#3062=VECTOR('',#3061,1.42E1);
#3063=CARTESIAN_POINT('',(-1.697E1,-1.15E0,-2.925E0));
#3064=LINE('',#3063,#3062);
#3065=CARTESIAN_POINT('',(-2.77E0,-1.15E0,-2.225E0));
#3066=DIRECTION('',(0.E0,0.E0,-1.E0));
#3067=DIRECTION('',(1.E0,0.E0,0.E0));
#3068=AXIS2_PLACEMENT_3D('',#3065,#3066,#3067);
#3070=DIRECTION('',(1.E0,0.E0,0.E0));
#3071=VECTOR('',#3070,1.42E1);
#3072=CARTESIAN_POINT('',(-1.697E1,-1.15E0,-2.225E0));
#3073=LINE('',#3072,#3071);
#3074=DIRECTION('',(1.E0,0.E0,0.E0));
#3075=VECTOR('',#3074,5.E-1);
#3076=CARTESIAN_POINT('',(-2.77E0,-3.E-1,-2.225E0));
#3077=LINE('',#3076,#3075);
#3078=DIRECTION('',(1.E0,0.E0,0.E0));
#3079=VECTOR('',#3078,1.42E1);
#3080=CARTESIAN_POINT('',(-1.697E1,-1.65E0,-2.225E0));
#3081=LINE('',#3080,#3079);
#3082=DIRECTION('',(0.E0,1.E0,0.E0));
#3083=VECTOR('',#3082,5.E-1);
#3084=CARTESIAN_POINT('',(-1.697E1,-1.65E0,-2.925E0));
#3085=LINE('',#3084,#3083);
#3086=DIRECTION('',(0.E0,0.E0,1.E0));
#3087=VECTOR('',#3086,7.E-1);
#3088=CARTESIAN_POINT('',(-1.697E1,-1.15E0,-2.925E0));
#3089=LINE('',#3088,#3087);
#3090=DIRECTION('',(0.E0,-1.E0,0.E0));
#3091=VECTOR('',#3090,5.E-1);
#3092=CARTESIAN_POINT('',(-1.697E1,-1.15E0,-2.225E0));
#3093=LINE('',#3092,#3091);
#3094=DIRECTION('',(0.E0,0.E0,-1.E0));
#3095=VECTOR('',#3094,7.E-1);
#3096=CARTESIAN_POINT('',(-1.697E1,-1.65E0,-2.225E0));
#3097=LINE('',#3096,#3095);
#3098=DIRECTION('',(1.E0,0.E0,0.E0));
#3099=VECTOR('',#3098,5.E-1);
#3100=CARTESIAN_POINT('',(-2.77E0,-3.E-1,-1.198205080757E0));
#3101=LINE('',#3100,#3099);
#3102=DIRECTION('',(0.E0,0.E0,-1.E0));
#3103=VECTOR('',#3102,1.026794919243E0);
#3104=CARTESIAN_POINT('',(-2.27E0,-3.E-1,-1.198205080757E0));
#3105=LINE('',#3104,#3103);
#3106=DIRECTION('',(1.E0,0.E0,0.E0));
#3107=VECTOR('',#3106,5.E-1);
#3108=CARTESIAN_POINT('',(-2.77E0,0.E0,-1.025E0));
#3109=LINE('',#3108,#3107);
#3110=DIRECTION('',(-1.E0,0.E0,0.E0));
#3111=VECTOR('',#3110,5.E-1);
#3112=CARTESIAN_POINT('',(-2.27E0,0.E0,-3.125E0));
#3113=LINE('',#3112,#3111);
#3114=DIRECTION('',(1.E0,0.E0,0.E0));
#3115=VECTOR('',#3114,5.E-1);
#3116=CARTESIAN_POINT('',(-2.77E0,-3.E-1,-2.951794919243E0));
#3117=LINE('',#3116,#3115);
#3118=CARTESIAN_POINT('',(-2.27E0,-1.15E0,-2.225E0));
#3119=CARTESIAN_POINT('',(-2.27E0,-1.15E0,-2.925E0));
#3120=VERTEX_POINT('',#3118);
#3121=VERTEX_POINT('',#3119);
#3122=CARTESIAN_POINT('',(-2.27E0,-3.E-1,-2.225E0));
#3123=VERTEX_POINT('',#3122);
#3124=CARTESIAN_POINT('',(-2.27E0,-3.E-1,-1.198205080757E0));
#3125=VERTEX_POINT('',#3124);
#3126=CARTESIAN_POINT('',(-2.27E0,0.E0,-1.025E0));
#3127=VERTEX_POINT('',#3126);
#3128=CARTESIAN_POINT('',(-2.27E0,0.E0,-1.075E0));
#3129=VERTEX_POINT('',#3128);
#3130=CARTESIAN_POINT('',(-2.27E0,1.2E0,-1.075E0));
#3131=VERTEX_POINT('',#3130);
#3132=CARTESIAN_POINT('',(-2.27E0,1.2E0,-7.25E-1));
#3133=VERTEX_POINT('',#3132);
#3134=CARTESIAN_POINT('',(-2.27E0,1.55E0,-7.25E-1));
#3135=VERTEX_POINT('',#3134);
#3136=CARTESIAN_POINT('',(-2.27E0,1.55E0,-8.594754218857E-1));
#3137=VERTEX_POINT('',#3136);
#3138=CARTESIAN_POINT('',(-2.27E0,1.55E0,-3.290524578114E0));
#3139=VERTEX_POINT('',#3138);
#3140=CARTESIAN_POINT('',(-2.27E0,1.55E0,-3.425E0));
#3141=VERTEX_POINT('',#3140);
#3142=CARTESIAN_POINT('',(-2.27E0,1.2E0,-3.425E0));
#3143=VERTEX_POINT('',#3142);
#3144=CARTESIAN_POINT('',(-2.27E0,1.2E0,-3.075E0));
#3145=VERTEX_POINT('',#3144);
#3146=CARTESIAN_POINT('',(-2.27E0,0.E0,-3.075E0));
#3147=VERTEX_POINT('',#3146);
#3148=CARTESIAN_POINT('',(-2.27E0,0.E0,-3.125E0));
#3149=VERTEX_POINT('',#3148);
#3150=CARTESIAN_POINT('',(-2.27E0,-3.E-1,-2.951794919243E0));
#3151=VERTEX_POINT('',#3150);
#3152=CARTESIAN_POINT('',(-2.27E0,-3.E-1,-2.925E0));
#3153=VERTEX_POINT('',#3152);
#3154=CARTESIAN_POINT('',(-2.77E0,-1.65E0,-2.925E0));
#3155=VERTEX_POINT('',#3154);
#3156=CARTESIAN_POINT('',(-2.77E0,-1.65E0,-2.225E0));
#3157=VERTEX_POINT('',#3156);
#3158=CARTESIAN_POINT('',(-2.77E0,-3.E-1,-2.925E0));
#3159=VERTEX_POINT('',#3158);
#3160=CARTESIAN_POINT('',(-2.77E0,-1.15E0,-2.925E0));
#3161=VERTEX_POINT('',#3160);
#3162=CARTESIAN_POINT('',(-1.697E1,-1.15E0,-2.925E0));
#3163=VERTEX_POINT('',#3162);
#3164=CARTESIAN_POINT('',(-1.697E1,-1.65E0,-2.925E0));
#3165=VERTEX_POINT('',#3164);
#3166=CARTESIAN_POINT('',(-2.77E0,-3.E-1,-2.951794919243E0));
#3167=VERTEX_POINT('',#3166);
#3168=CARTESIAN_POINT('',(-2.77E0,-3.E-1,-2.225E0));
#3169=VERTEX_POINT('',#3168);
#3170=CARTESIAN_POINT('',(-2.77E0,-3.E-1,-1.198205080757E0));
#3171=VERTEX_POINT('',#3170);
#3172=CARTESIAN_POINT('',(-2.77E0,0.E0,-3.125E0));
#3173=VERTEX_POINT('',#3172);
#3174=CARTESIAN_POINT('',(-2.77E0,0.E0,-3.075E0));
#3175=VERTEX_POINT('',#3174);
#3176=CARTESIAN_POINT('',(-2.77E0,1.2E0,-3.075E0));
#3177=VERTEX_POINT('',#3176);
#3178=CARTESIAN_POINT('',(-2.77E0,1.2E0,-3.425E0));
#3179=VERTEX_POINT('',#3178);
#3180=CARTESIAN_POINT('',(-2.77E0,1.55E0,-3.425E0));
#3181=VERTEX_POINT('',#3180);
#3182=CARTESIAN_POINT('',(-2.77E0,1.55E0,-3.290524578114E0));
#3183=VERTEX_POINT('',#3182);
#3184=CARTESIAN_POINT('',(-2.77E0,1.55E0,-8.594754218857E-1));
#3185=VERTEX_POINT('',#3184);
#3186=CARTESIAN_POINT('',(-2.77E0,1.55E0,-7.25E-1));
#3187=VERTEX_POINT('',#3186);
#3188=CARTESIAN_POINT('',(-2.77E0,1.2E0,-7.25E-1));
#3189=VERTEX_POINT('',#3188);
#3190=CARTESIAN_POINT('',(-2.77E0,1.2E0,-1.075E0));
#3191=VERTEX_POINT('',#3190);
#3192=CARTESIAN_POINT('',(-2.77E0,0.E0,-1.075E0));
#3193=VERTEX_POINT('',#3192);
#3194=CARTESIAN_POINT('',(-2.77E0,0.E0,-1.025E0));
#3195=VERTEX_POINT('',#3194);
#3196=CARTESIAN_POINT('',(-2.77E0,-1.15E0,-2.225E0));
#3197=VERTEX_POINT('',#3196);
#3198=CARTESIAN_POINT('',(-1.697E1,-1.15E0,-2.225E0));
#3199=VERTEX_POINT('',#3198);
#3200=CARTESIAN_POINT('',(-1.697E1,-1.65E0,-2.225E0));
#3201=VERTEX_POINT('',#3200);
#3202=CARTESIAN_POINT('',(-2.27E0,-3.E-1,-2.075E0));
#3203=DIRECTION('',(-1.E0,0.E0,0.E0));
#3204=DIRECTION('',(0.E0,0.E0,1.E0));
#3205=AXIS2_PLACEMENT_3D('',#3202,#3203,#3204);
#3206=PLANE('',#3205);
#3208=ORIENTED_EDGE('',*,*,#3207,.F.);
#3210=ORIENTED_EDGE('',*,*,#3209,.T.);
#3212=ORIENTED_EDGE('',*,*,#3211,.F.);
#3214=ORIENTED_EDGE('',*,*,#3213,.T.);
#3216=ORIENTED_EDGE('',*,*,#3215,.T.);
#3218=ORIENTED_EDGE('',*,*,#3217,.T.);
#3220=ORIENTED_EDGE('',*,*,#3219,.T.);
#3222=ORIENTED_EDGE('',*,*,#3221,.T.);
#3224=ORIENTED_EDGE('',*,*,#3223,.T.);
#3226=ORIENTED_EDGE('',*,*,#3225,.T.);
#3228=ORIENTED_EDGE('',*,*,#3227,.T.);
#3230=ORIENTED_EDGE('',*,*,#3229,.T.);
#3232=ORIENTED_EDGE('',*,*,#3231,.T.);
#3234=ORIENTED_EDGE('',*,*,#3233,.T.);
#3236=ORIENTED_EDGE('',*,*,#3235,.T.);
#3238=ORIENTED_EDGE('',*,*,#3237,.T.);
#3240=ORIENTED_EDGE('',*,*,#3239,.T.);
#3242=ORIENTED_EDGE('',*,*,#3241,.T.);
#3243=EDGE_LOOP('',(#3208,#3210,#3212,#3214,#3216,#3218,#3220,#3222,#3224,#3226,
#3228,#3230,#3232,#3234,#3236,#3238,#3240,#3242));
#3244=FACE_OUTER_BOUND('',#3243,.F.);
#3245=ADVANCED_FACE('',(#3244),#3206,.F.);
#3246=CARTESIAN_POINT('',(-2.77E0,-1.15E0,2.79472E0));
#3247=DIRECTION('',(0.E0,0.E0,-1.E0));
#3248=DIRECTION('',(1.E0,0.E0,0.E0));
#3249=AXIS2_PLACEMENT_3D('',#3246,#3247,#3248);
#3250=CYLINDRICAL_SURFACE('',#3249,5.E-1);
#3252=ORIENTED_EDGE('',*,*,#3251,.F.);
#3254=ORIENTED_EDGE('',*,*,#3253,.T.);
#3256=ORIENTED_EDGE('',*,*,#3255,.F.);
#3257=ORIENTED_EDGE('',*,*,#3207,.T.);
#3258=EDGE_LOOP('',(#3252,#3254,#3256,#3257));
#3259=FACE_OUTER_BOUND('',#3258,.F.);
#3260=ADVANCED_FACE('',(#3259),#3250,.T.);
#3261=CARTESIAN_POINT('',(-2.27E0,-3.E-1,-2.925E0));
#3262=DIRECTION('',(0.E0,0.E0,-1.E0));
#3263=DIRECTION('',(0.E0,-1.E0,0.E0));
#3264=AXIS2_PLACEMENT_3D('',#3261,#3262,#3263);
#3265=PLANE('',#3264);
#3266=ORIENTED_EDGE('',*,*,#3251,.T.);
#3267=ORIENTED_EDGE('',*,*,#3241,.F.);
#3269=ORIENTED_EDGE('',*,*,#3268,.T.);
#3271=ORIENTED_EDGE('',*,*,#3270,.F.);
#3273=ORIENTED_EDGE('',*,*,#3272,.F.);
#3275=ORIENTED_EDGE('',*,*,#3274,.F.);
#3277=ORIENTED_EDGE('',*,*,#3276,.T.);
#3278=EDGE_LOOP('',(#3266,#3267,#3269,#3271,#3273,#3275,#3277));
#3279=FACE_OUTER_BOUND('',#3278,.F.);
#3280=ADVANCED_FACE('',(#3279),#3265,.T.);
#3281=CARTESIAN_POINT('',(-2.77E0,-3.E-1,-2.075E0));
#3282=DIRECTION('',(-1.E0,0.E0,0.E0));
#3283=DIRECTION('',(0.E0,0.E0,1.E0));
#3284=AXIS2_PLACEMENT_3D('',#3281,#3282,#3283);
#3285=PLANE('',#3284);
#3287=ORIENTED_EDGE('',*,*,#3286,.F.);
#3288=ORIENTED_EDGE('',*,*,#3270,.T.);
#3290=ORIENTED_EDGE('',*,*,#3289,.T.);
#3292=ORIENTED_EDGE('',*,*,#3291,.T.);
#3294=ORIENTED_EDGE('',*,*,#3293,.T.);
#3296=ORIENTED_EDGE('',*,*,#3295,.T.);
#3298=ORIENTED_EDGE('',*,*,#3297,.T.);
#3300=ORIENTED_EDGE('',*,*,#3299,.T.);
#3302=ORIENTED_EDGE('',*,*,#3301,.T.);
#3304=ORIENTED_EDGE('',*,*,#3303,.T.);
#3306=ORIENTED_EDGE('',*,*,#3305,.T.);
#3308=ORIENTED_EDGE('',*,*,#3307,.T.);
#3310=ORIENTED_EDGE('',*,*,#3309,.T.);
#3312=ORIENTED_EDGE('',*,*,#3311,.T.);
#3314=ORIENTED_EDGE('',*,*,#3313,.T.);
#3316=ORIENTED_EDGE('',*,*,#3315,.T.);
#3318=ORIENTED_EDGE('',*,*,#3317,.T.);
#3320=ORIENTED_EDGE('',*,*,#3319,.T.);
#3321=EDGE_LOOP('',(#3287,#3288,#3290,#3292,#3294,#3296,#3298,#3300,#3302,#3304,
#3306,#3308,#3310,#3312,#3314,#3316,#3318,#3320));
#3322=FACE_OUTER_BOUND('',#3321,.F.);
#3323=ADVANCED_FACE('',(#3322),#3285,.T.);
#3324=CARTESIAN_POINT('',(-2.27E0,-1.15E0,-2.225E0));
#3325=DIRECTION('',(0.E0,1.E0,0.E0));
#3326=DIRECTION('',(0.E0,0.E0,-1.E0));
#3327=AXIS2_PLACEMENT_3D('',#3324,#3325,#3326);
#3328=PLANE('',#3327);
#3329=ORIENTED_EDGE('',*,*,#3286,.T.);
#3331=ORIENTED_EDGE('',*,*,#3330,.F.);
#3333=ORIENTED_EDGE('',*,*,#3332,.F.);
#3334=ORIENTED_EDGE('',*,*,#3272,.T.);
#3335=EDGE_LOOP('',(#3329,#3331,#3333,#3334));
#3336=FACE_OUTER_BOUND('',#3335,.F.);
#3337=ADVANCED_FACE('',(#3336),#3328,.T.);
#3338=CARTESIAN_POINT('',(-2.27E0,-1.4E0,-2.225E0));
#3339=DIRECTION('',(0.E0,0.E0,1.E0));
#3340=DIRECTION('',(0.E0,1.E0,0.E0));
#3341=AXIS2_PLACEMENT_3D('',#3338,#3339,#3340);
#3342=PLANE('',#3341);
#3343=ORIENTED_EDGE('',*,*,#3255,.T.);
#3345=ORIENTED_EDGE('',*,*,#3344,.F.);
#3347=ORIENTED_EDGE('',*,*,#3346,.F.);
#3348=ORIENTED_EDGE('',*,*,#3330,.T.);
#3349=ORIENTED_EDGE('',*,*,#3319,.F.);
#3351=ORIENTED_EDGE('',*,*,#3350,.T.);
#3352=ORIENTED_EDGE('',*,*,#3209,.F.);
#3353=EDGE_LOOP('',(#3343,#3345,#3347,#3348,#3349,#3351,#3352));
#3354=FACE_OUTER_BOUND('',#3353,.F.);
#3355=ADVANCED_FACE('',(#3354),#3342,.T.);
#3356=CARTESIAN_POINT('',(-2.27E0,-1.65E0,-2.925E0));
#3357=DIRECTION('',(0.E0,-1.E0,0.E0));
#3358=DIRECTION('',(0.E0,0.E0,1.E0));
#3359=AXIS2_PLACEMENT_3D('',#3356,#3357,#3358);
#3360=PLANE('',#3359);
#3361=ORIENTED_EDGE('',*,*,#3253,.F.);
#3362=ORIENTED_EDGE('',*,*,#3276,.F.);
#3364=ORIENTED_EDGE('',*,*,#3363,.F.);
#3365=ORIENTED_EDGE('',*,*,#3344,.T.);
#3366=EDGE_LOOP('',(#3361,#3362,#3364,#3365));
#3367=FACE_OUTER_BOUND('',#3366,.F.);
#3368=ADVANCED_FACE('',(#3367),#3360,.T.);
#3369=CARTESIAN_POINT('',(-1.697E1,-3.E-1,-2.075E0));
#3370=DIRECTION('',(-1.E0,0.E0,0.E0));
#3371=DIRECTION('',(0.E0,1.E0,0.E0));
#3372=AXIS2_PLACEMENT_3D('',#3369,#3370,#3371);
#3373=PLANE('',#3372);
#3374=ORIENTED_EDGE('',*,*,#3274,.T.);
#3375=ORIENTED_EDGE('',*,*,#3332,.T.);
#3376=ORIENTED_EDGE('',*,*,#3346,.T.);
#3377=ORIENTED_EDGE('',*,*,#3363,.T.);
#3378=EDGE_LOOP('',(#3374,#3375,#3376,#3377));
#3379=FACE_OUTER_BOUND('',#3378,.F.);
#3380=ADVANCED_FACE('',(#3379),#3373,.T.);
#3381=CARTESIAN_POINT('',(-2.27E0,-3.E-1,-2.951794919243E0));
#3382=DIRECTION('',(0.E0,-1.E0,0.E0));
#3383=DIRECTION('',(0.E0,0.E0,1.E0));
#3384=AXIS2_PLACEMENT_3D('',#3381,#3382,#3383);
#3385=PLANE('',#3384);
#3386=ORIENTED_EDGE('',*,*,#3350,.F.);
#3387=ORIENTED_EDGE('',*,*,#3317,.F.);
#3389=ORIENTED_EDGE('',*,*,#3388,.T.);
#3390=ORIENTED_EDGE('',*,*,#3211,.T.);
#3391=EDGE_LOOP('',(#3386,#3387,#3389,#3390));
#3392=FACE_OUTER_BOUND('',#3391,.F.);
#3393=ADVANCED_FACE('',(#3392),#3385,.T.);
#3394=CARTESIAN_POINT('',(-2.27E0,-3.E-1,-1.198205080757E0));
#3395=DIRECTION('',(0.E0,-5.E-1,8.660254037844E-1));
#3396=DIRECTION('',(0.E0,8.660254037844E-1,5.E-1));
#3397=AXIS2_PLACEMENT_3D('',#3394,#3395,#3396);
#3398=PLANE('',#3397);
#3399=ORIENTED_EDGE('',*,*,#3213,.F.);
#3400=ORIENTED_EDGE('',*,*,#3388,.F.);
#3401=ORIENTED_EDGE('',*,*,#3315,.F.);
#3403=ORIENTED_EDGE('',*,*,#3402,.T.);
#3404=EDGE_LOOP('',(#3399,#3400,#3401,#3403));
#3405=FACE_OUTER_BOUND('',#3404,.F.);
#3406=ADVANCED_FACE('',(#3405),#3398,.T.);
#3407=CARTESIAN_POINT('',(-2.27E0,0.E0,-3.125E0));
#3408=DIRECTION('',(0.E0,-5.E-1,-8.660254037844E-1));
#3409=DIRECTION('',(0.E0,-8.660254037844E-1,5.E-1));
#3410=AXIS2_PLACEMENT_3D('',#3407,#3408,#3409);
#3411=PLANE('',#3410);
#3412=ORIENTED_EDGE('',*,*,#3237,.F.);
#3414=ORIENTED_EDGE('',*,*,#3413,.T.);
#3415=ORIENTED_EDGE('',*,*,#3291,.F.);
#3417=ORIENTED_EDGE('',*,*,#3416,.T.);
#3418=EDGE_LOOP('',(#3412,#3414,#3415,#3417));
#3419=FACE_OUTER_BOUND('',#3418,.F.);
#3420=ADVANCED_FACE('',(#3419),#3411,.T.);
#3421=OPEN_SHELL('',(#3245,#3260,#3280,#3323,#3337,#3355,#3368,#3380,#3393,
#3406,#3420));
#3422=DIRECTION('',(-1.E0,0.E0,0.E0));
#3423=VECTOR('',#3422,7.5E0);
#3424=CARTESIAN_POINT('',(3.815E0,6.73E0,-2.425E0));
#3425=LINE('',#3424,#3423);
#3426=DIRECTION('',(-1.E0,0.E0,0.E0));
#3427=VECTOR('',#3426,3.153014766500E0);
#3428=CARTESIAN_POINT('',(1.641507383250E0,7.83E0,2.424262932061E0));
#3429=LINE('',#3428,#3427);
#3430=CARTESIAN_POINT('',(6.5E-2,7.83E0,5.E-2));
#3431=DIRECTION('',(0.E0,-1.E0,0.E0));
#3432=DIRECTION('',(-5.531604853508E-1,0.E0,8.330747130039E-1));
#3433=AXIS2_PLACEMENT_3D('',#3430,#3431,#3432);
#3435=CARTESIAN_POINT('',(6.5E-2,7.83E0,5.E-2));
#3436=DIRECTION('',(0.E0,-1.E0,0.E0));
#3437=DIRECTION('',(5.531604853508E-1,0.E0,-8.330747130039E-1));
#3438=AXIS2_PLACEMENT_3D('',#3435,#3436,#3437);
#3440=DIRECTION('',(0.E0,9.902680687422E-1,-1.391731009558E-1));
#3441=VECTOR('',#3440,1.694640437611E-2);
#3442=CARTESIAN_POINT('',(-3.685E0,7.113218516866E0,2.525E0));
#3443=LINE('',#3442,#3441);
#3444=DIRECTION('',(1.E0,0.E0,0.E0));
#3445=VECTOR('',#3444,7.5E0);
#3446=CARTESIAN_POINT('',(-3.685E0,7.113218516866E0,2.525E0));
#3447=LINE('',#3446,#3445);
#3448=DIRECTION('',(0.E0,-1.E0,0.E0));
#3449=VECTOR('',#3448,3.832185168663E-1);
#3450=CARTESIAN_POINT('',(3.815E0,7.113218516866E0,2.525E0));
#3451=LINE('',#3450,#3449);
#3452=DIRECTION('',(-1.E0,0.E0,0.E0));
#3453=VECTOR('',#3452,7.5E0);
#3454=CARTESIAN_POINT('',(3.815E0,6.73E0,2.525E0));
#3455=LINE('',#3454,#3453);
#3456=DIRECTION('',(-2.620551239035E-14,9.902680687422E-1,-1.391731009558E-1));
#3457=VECTOR('',#3456,1.694640437611E-2);
#3458=CARTESIAN_POINT('',(3.815E0,7.113218516866E0,2.525E0));
#3459=LINE('',#3458,#3457);
#3460=DIRECTION('',(0.E0,-1.E0,0.E0));
#3461=VECTOR('',#3460,3.832185168663E-1);
#3462=CARTESIAN_POINT('',(3.815E0,7.113218516866E0,-2.425E0));
#3463=LINE('',#3462,#3461);
#3464=DIRECTION('',(0.E0,0.E0,1.E0));
#3465=VECTOR('',#3464,4.95E0);
#3466=CARTESIAN_POINT('',(3.815E0,6.73E0,-2.425E0));
#3467=LINE('',#3466,#3465);
#3468=DIRECTION('',(-1.E0,0.E0,-2.692605080871E-14));
#3469=VECTOR('',#3468,2.144079638364E0);
#3470=CARTESIAN_POINT('',(-1.540920361636E0,7.13E0,2.522641516353E0));
#3471=LINE('',#3470,#3469);
#3472=DIRECTION('',(0.E0,4.787130994700E-14,-1.E0));
#3473=VECTOR('',#3472,2.226415163529E-1);
#3474=CARTESIAN_POINT('',(-3.685E0,7.13E0,2.522641516353E0));
#3475=LINE('',#3474,#3473);
#3476=DIRECTION('',(-1.E0,0.E0,0.E0));
#3477=VECTOR('',#3476,3.5E-1);
#3478=CARTESIAN_POINT('',(-3.685E0,7.13E0,2.3E0));
#3479=LINE('',#3478,#3477);
#3480=DIRECTION('',(1.E0,0.E0,0.E0));
#3481=VECTOR('',#3480,3.5E-1);
#3482=CARTESIAN_POINT('',(-4.035E0,7.13E0,-2.2E0));
#3483=LINE('',#3482,#3481);
#3484=DIRECTION('',(0.E0,-4.787130994700E-14,-1.E0));
#3485=VECTOR('',#3484,2.226415163529E-1);
#3486=CARTESIAN_POINT('',(-3.685E0,7.13E0,-2.2E0));
#3487=LINE('',#3486,#3485);
#3488=CARTESIAN_POINT('',(6.5E-2,7.13E0,5.E-2));
#3489=DIRECTION('',(0.E0,1.E0,0.E0));
#3490=DIRECTION('',(-5.446791569415E-1,0.E0,-8.386445110972E-1));
#3491=AXIS2_PLACEMENT_3D('',#3488,#3489,#3490);
#3493=DIRECTION('',(-1.E0,0.E0,2.692605080871E-14));
#3494=VECTOR('',#3493,2.144079638364E0);
#3495=CARTESIAN_POINT('',(3.815E0,7.13E0,2.522641516353E0));
#3496=LINE('',#3495,#3494);
#3497=CARTESIAN_POINT('',(6.5E-2,7.13E0,5.E-2));
#3498=DIRECTION('',(0.E0,1.E0,0.E0));
#3499=DIRECTION('',(5.446791569415E-1,0.E0,8.386445110972E-1));
#3500=AXIS2_PLACEMENT_3D('',#3497,#3498,#3499);
#3502=DIRECTION('',(0.E0,0.E0,1.E0));
#3503=VECTOR('',#3502,4.945283032706E0);
#3504=CARTESIAN_POINT('',(3.815E0,7.13E0,-2.422641516353E0));
#3505=LINE('',#3504,#3503);
#3506=DIRECTION('',(0.E0,9.902680687422E-1,1.391731009557E-1));
#3507=VECTOR('',#3506,1.694640437611E-2);
#3508=CARTESIAN_POINT('',(-3.685E0,7.113218516866E0,-2.425E0));
#3509=LINE('',#3508,#3507);
#3510=DIRECTION('',(0.E0,-1.E0,0.E0));
#3511=VECTOR('',#3510,4.E-1);
#3512=CARTESIAN_POINT('',(-3.685E0,7.13E0,-2.2E0));
#3513=LINE('',#3512,#3511);
#3514=DIRECTION('',(0.E0,0.E0,-1.E0));
#3515=VECTOR('',#3514,2.25E-1);
#3516=CARTESIAN_POINT('',(-3.685E0,6.73E0,-2.2E0));
#3517=LINE('',#3516,#3515);
#3518=DIRECTION('',(0.E0,-1.E0,0.E0));
#3519=VECTOR('',#3518,3.832185168663E-1);
#3520=CARTESIAN_POINT('',(-3.685E0,7.113218516866E0,2.525E0));
#3521=LINE('',#3520,#3519);
#3522=DIRECTION('',(0.E0,0.E0,-1.E0));
#3523=VECTOR('',#3522,2.25E-1);
#3524=CARTESIAN_POINT('',(-3.685E0,6.73E0,2.525E0));
#3525=LINE('',#3524,#3523);
#3526=DIRECTION('',(0.E0,-1.E0,0.E0));
#3527=VECTOR('',#3526,3.832185168663E-1);
#3528=CARTESIAN_POINT('',(-3.685E0,7.113218516866E0,-2.425E0));
#3529=LINE('',#3528,#3527);
#3530=DIRECTION('',(-1.E0,0.E0,2.651180387319E-14));
#3531=VECTOR('',#3530,2.144079638364E0);
#3532=CARTESIAN_POINT('',(-1.540920361636E0,7.13E0,-2.422641516353E0));
#3533=LINE('',#3532,#3531);
#3534=DIRECTION('',(1.E0,0.E0,0.E0));
#3535=VECTOR('',#3534,7.5E0);
#3536=CARTESIAN_POINT('',(-3.685E0,7.113218516866E0,-2.425E0));
#3537=LINE('',#3536,#3535);
#3538=DIRECTION('',(-2.620551239034E-14,9.902680687422E-1,1.391731009557E-1));
#3539=VECTOR('',#3538,1.694640437611E-2);
#3540=CARTESIAN_POINT('',(3.815E0,7.113218516866E0,-2.425E0));
#3541=LINE('',#3540,#3539);
#3542=DIRECTION('',(-1.E0,0.E0,-2.692605080871E-14));
#3543=VECTOR('',#3542,2.144079638364E0);
#3544=CARTESIAN_POINT('',(3.815E0,7.13E0,-2.422641516353E0));
#3545=LINE('',#3544,#3543);
#3546=DIRECTION('',(-1.E0,0.E0,0.E0));
#3547=VECTOR('',#3546,3.153014766500E0);
#3548=CARTESIAN_POINT('',(1.641507383250E0,7.83E0,-2.324262932061E0));
#3549=LINE('',#3548,#3547);
#3550=CARTESIAN_POINT('',(1.670920361636E0,7.13E0,2.522641516353E0));
#3551=CARTESIAN_POINT('',(1.667682947786E0,7.207759364897E0,2.511713150304E0));
#3552=CARTESIAN_POINT('',(1.661131519098E0,7.363288072030E0,2.489855015983E0));
#3553=CARTESIAN_POINT('',(1.651327562557E0,7.596621422909E0,2.457062152087E0));
#3554=CARTESIAN_POINT('',(1.644806757892E0,7.752203847127E0,2.435196468322E0));
#3555=CARTESIAN_POINT('',(1.641507383250E0,7.83E0,2.424262932061E0));
#3557=CARTESIAN_POINT('',(1.641507383250E0,7.83E0,-2.324262932061E0));
#3558=CARTESIAN_POINT('',(1.644806757892E0,7.752203847127E0,-2.335196468323E0));
#3559=CARTESIAN_POINT('',(1.651327562557E0,7.596621422908E0,-2.357062152087E0));
#3560=CARTESIAN_POINT('',(1.661131519098E0,7.363288072029E0,-2.389855015984E0));
#3561=CARTESIAN_POINT('',(1.667682947786E0,7.207759364897E0,-2.411713150304E0));
#3562=CARTESIAN_POINT('',(1.670920361636E0,7.13E0,-2.422641516353E0));
#3564=CARTESIAN_POINT('',(-1.511507383250E0,7.83E0,2.424262932061E0));
#3565=CARTESIAN_POINT('',(-1.514806757892E0,7.752203847127E0,2.435196468322E0));
#3566=CARTESIAN_POINT('',(-1.521327562557E0,7.596621422909E0,2.457062152087E0));
#3567=CARTESIAN_POINT('',(-1.531131519098E0,7.363288072030E0,2.489855015983E0));
#3568=CARTESIAN_POINT('',(-1.537682947786E0,7.207759364897E0,2.511713150304E0));
#3569=CARTESIAN_POINT('',(-1.540920361636E0,7.13E0,2.522641516353E0));
#3571=CARTESIAN_POINT('',(-1.540920361636E0,7.13E0,-2.422641516353E0));
#3572=CARTESIAN_POINT('',(-1.537682947786E0,7.207759364896E0,
-2.411713150305E0));
#3573=CARTESIAN_POINT('',(-1.531131519098E0,7.363288072027E0,
-2.389855015984E0));
#3574=CARTESIAN_POINT('',(-1.521327562557E0,7.596621422906E0,
-2.357062152088E0));
#3575=CARTESIAN_POINT('',(-1.514806757892E0,7.752203847126E0,
-2.335196468323E0));
#3576=CARTESIAN_POINT('',(-1.511507383250E0,7.83E0,-2.324262932061E0));
#3578=CARTESIAN_POINT('',(-4.035E0,6.73E0,-2.2E0));
#3579=DIRECTION('',(0.E0,0.E0,1.E0));
#3580=DIRECTION('',(0.E0,1.E0,0.E0));
#3581=AXIS2_PLACEMENT_3D('',#3578,#3579,#3580);
#3583=DIRECTION('',(0.E0,-1.E0,0.E0));
#3584=VECTOR('',#3583,6.5E0);
#3585=CARTESIAN_POINT('',(-4.435E0,6.73E0,-2.2E0));
#3586=LINE('',#3585,#3584);
#3587=DIRECTION('',(0.E0,1.E0,0.E0));
#3588=VECTOR('',#3587,6.5E0);
#3589=CARTESIAN_POINT('',(-4.035E0,2.3E-1,-2.2E0));
#3590=LINE('',#3589,#3588);
#3591=DIRECTION('',(1.E0,0.E0,0.E0));
#3592=VECTOR('',#3591,3.5E-1);
#3593=CARTESIAN_POINT('',(-4.035E0,6.73E0,-2.2E0));
#3594=LINE('',#3593,#3592);
#3595=DIRECTION('',(0.E0,0.E0,-1.E0));
#3596=VECTOR('',#3595,4.5E0);
#3597=CARTESIAN_POINT('',(-4.435E0,6.73E0,2.3E0));
#3598=LINE('',#3597,#3596);
#3599=DIRECTION('',(0.E0,0.E0,1.E0));
#3600=VECTOR('',#3599,4.5E0);
#3601=CARTESIAN_POINT('',(-4.035E0,7.13E0,-2.2E0));
#3602=LINE('',#3601,#3600);
#3603=CARTESIAN_POINT('',(-4.035E0,6.73E0,2.3E0));
#3604=DIRECTION('',(0.E0,0.E0,-1.E0));
#3605=DIRECTION('',(-1.E0,0.E0,0.E0));
#3606=AXIS2_PLACEMENT_3D('',#3603,#3604,#3605);
#3608=DIRECTION('',(0.E0,-1.E0,0.E0));
#3609=VECTOR('',#3608,4.E-1);
#3610=CARTESIAN_POINT('',(-3.685E0,7.13E0,2.3E0));
#3611=LINE('',#3610,#3609);
#3612=DIRECTION('',(-1.E0,0.E0,0.E0));
#3613=VECTOR('',#3612,3.5E-1);
#3614=CARTESIAN_POINT('',(-3.685E0,6.73E0,2.3E0));
#3615=LINE('',#3614,#3613);
#3616=DIRECTION('',(0.E0,1.E0,0.E0));
#3617=VECTOR('',#3616,6.5E0);
#3618=CARTESIAN_POINT('',(-4.435E0,2.3E-1,2.3E0));
#3619=LINE('',#3618,#3617);
#3620=DIRECTION('',(0.E0,0.E0,1.E0));
#3621=VECTOR('',#3620,6.E-1);
#3622=CARTESIAN_POINT('',(-4.035E0,3.83E0,4.E-1));
#3623=LINE('',#3622,#3621);
#3624=DIRECTION('',(0.E0,-1.E0,0.E0));
#3625=VECTOR('',#3624,3.6E0);
#3626=CARTESIAN_POINT('',(-4.035E0,3.83E0,1.E0));
#3627=LINE('',#3626,#3625);
#3628=DIRECTION('',(0.E0,1.E0,0.E0));
#3629=VECTOR('',#3628,6.5E0);
#3630=CARTESIAN_POINT('',(-4.035E0,2.3E-1,2.3E0));
#3631=LINE('',#3630,#3629);
#3632=DIRECTION('',(0.E0,0.E0,-1.E0));
#3633=VECTOR('',#3632,4.5E0);
#3634=CARTESIAN_POINT('',(-4.035E0,6.73E0,2.3E0));
#3635=LINE('',#3634,#3633);
#3636=DIRECTION('',(0.E0,0.E0,1.E0));
#3637=VECTOR('',#3636,6.E-1);
#3638=CARTESIAN_POINT('',(-4.035E0,3.83E0,-9.E-1));
#3639=LINE('',#3638,#3637);
#3640=DIRECTION('',(0.E0,0.E0,1.E0));
#3641=VECTOR('',#3640,7.E-1);
#3642=CARTESIAN_POINT('',(-4.435E0,3.43E0,-3.E-1));
#3643=LINE('',#3642,#3641);
#3644=DIRECTION('',(0.E0,0.E0,-1.E0));
#3645=VECTOR('',#3644,7.E-1);
#3646=CARTESIAN_POINT('',(-4.035E0,3.83E0,4.E-1));
#3647=LINE('',#3646,#3645);
#3648=CARTESIAN_POINT('',(-4.435E0,3.83E0,-3.E-1));
#3649=DIRECTION('',(0.E0,0.E0,1.E0));
#3650=DIRECTION('',(0.E0,-1.E0,0.E0));
#3651=AXIS2_PLACEMENT_3D('',#3648,#3649,#3650);
#3653=DIRECTION('',(-1.E0,0.E0,0.E0));
#3654=VECTOR('',#3653,4.E-1);
#3655=CARTESIAN_POINT('',(-4.035E0,3.83E0,-3.E-1));
#3656=LINE('',#3655,#3654);
#3657=DIRECTION('',(-1.E0,0.E0,0.E0));
#3658=VECTOR('',#3657,3.05E0);
#3659=CARTESIAN_POINT('',(-4.435E0,3.83E0,-3.E-1));
#3660=LINE('',#3659,#3658);
#3661=DIRECTION('',(-1.E0,0.E0,0.E0));
#3662=VECTOR('',#3661,4.E-1);
#3663=CARTESIAN_POINT('',(-4.035E0,3.83E0,-9.E-1));
#3664=LINE('',#3663,#3662);
#3665=DIRECTION('',(0.E0,0.E0,1.E0));
#3666=VECTOR('',#3665,6.E-1);
#3667=CARTESIAN_POINT('',(-4.435E0,3.83E0,-9.E-1));
#3668=LINE('',#3667,#3666);
#3669=DIRECTION('',(0.E0,-1.E0,0.E0));
#3670=VECTOR('',#3669,3.6E0);
#3671=CARTESIAN_POINT('',(-4.035E0,3.83E0,-9.E-1));
#3672=LINE('',#3671,#3670);
#3673=DIRECTION('',(0.E0,-1.E0,0.E0));
#3674=VECTOR('',#3673,3.6E0);
#3675=CARTESIAN_POINT('',(-4.435E0,3.83E0,-9.E-1));
#3676=LINE('',#3675,#3674);
#3677=DIRECTION('',(0.E0,0.E0,1.E0));
#3678=VECTOR('',#3677,1.3E0);
#3679=CARTESIAN_POINT('',(-4.435E0,2.3E-1,1.E0));
#3680=LINE('',#3679,#3678);
#3681=DIRECTION('',(1.E0,0.E0,0.E0));
#3682=VECTOR('',#3681,4.E-1);
#3683=CARTESIAN_POINT('',(-4.435E0,2.3E-1,2.3E0));
#3684=LINE('',#3683,#3682);
#3685=DIRECTION('',(0.E0,0.E0,-1.E0));
#3686=VECTOR('',#3685,1.3E0);
#3687=CARTESIAN_POINT('',(-4.035E0,2.3E-1,2.3E0));
#3688=LINE('',#3687,#3686);
#3689=DIRECTION('',(1.E0,0.E0,0.E0));
#3690=VECTOR('',#3689,4.E-1);
#3691=CARTESIAN_POINT('',(-4.435E0,2.3E-1,-9.E-1));
#3692=LINE('',#3691,#3690);
#3693=DIRECTION('',(0.E0,0.E0,-1.E0));
#3694=VECTOR('',#3693,1.3E0);
#3695=CARTESIAN_POINT('',(-4.035E0,2.3E-1,-9.E-1));
#3696=LINE('',#3695,#3694);
#3697=DIRECTION('',(-1.E0,0.E0,0.E0));
#3698=VECTOR('',#3697,4.E-1);
#3699=CARTESIAN_POINT('',(-4.035E0,2.3E-1,-2.2E0));
#3700=LINE('',#3699,#3698);
#3701=DIRECTION('',(0.E0,0.E0,1.E0));
#3702=VECTOR('',#3701,1.3E0);
#3703=CARTESIAN_POINT('',(-4.435E0,2.3E-1,-2.2E0));
#3704=LINE('',#3703,#3702);
#3705=DIRECTION('',(0.E0,-1.E0,0.E0));
#3706=VECTOR('',#3705,3.6E0);
#3707=CARTESIAN_POINT('',(-4.435E0,3.83E0,1.E0));
#3708=LINE('',#3707,#3706);
#3709=DIRECTION('',(1.E0,0.E0,0.E0));
#3710=VECTOR('',#3709,4.E-1);
#3711=CARTESIAN_POINT('',(-4.435E0,2.3E-1,1.E0));
#3712=LINE('',#3711,#3710);
#3713=DIRECTION('',(-1.E0,0.E0,0.E0));
#3714=VECTOR('',#3713,4.E-1);
#3715=CARTESIAN_POINT('',(-4.035E0,3.83E0,1.E0));
#3716=LINE('',#3715,#3714);
#3717=DIRECTION('',(-1.E0,0.E0,0.E0));
#3718=VECTOR('',#3717,4.E-1);
#3719=CARTESIAN_POINT('',(-4.035E0,3.83E0,4.E-1));
#3720=LINE('',#3719,#3718);
#3721=DIRECTION('',(0.E0,0.E0,1.E0));
#3722=VECTOR('',#3721,6.E-1);
#3723=CARTESIAN_POINT('',(-4.435E0,3.83E0,4.E-1));
#3724=LINE('',#3723,#3722);
#3725=CARTESIAN_POINT('',(-4.435E0,3.83E0,4.E-1));
#3726=DIRECTION('',(0.E0,0.E0,-1.E0));
#3727=DIRECTION('',(1.E0,0.E0,0.E0));
#3728=AXIS2_PLACEMENT_3D('',#3725,#3726,#3727);
#3730=DIRECTION('',(1.E0,0.E0,0.E0));
#3731=VECTOR('',#3730,3.05E0);
#3732=CARTESIAN_POINT('',(-7.485E0,3.83E0,4.E-1));
#3733=LINE('',#3732,#3731);
#3734=DIRECTION('',(-1.E0,0.E0,0.E0));
#3735=VECTOR('',#3734,3.05E0);
#3736=CARTESIAN_POINT('',(-4.435E0,3.43E0,-3.E-1));
#3737=LINE('',#3736,#3735);
#3738=CARTESIAN_POINT('',(-7.485E0,3.43E0,5.E-2));
#3739=DIRECTION('',(0.E0,1.E0,0.E0));
#3740=DIRECTION('',(0.E0,0.E0,-1.E0));
#3741=AXIS2_PLACEMENT_3D('',#3738,#3739,#3740);
#3743=CARTESIAN_POINT('',(-7.485E0,3.43E0,5.E-2));
#3744=DIRECTION('',(0.E0,1.E0,0.E0));
#3745=DIRECTION('',(-1.E0,0.E0,0.E0));
#3746=AXIS2_PLACEMENT_3D('',#3743,#3744,#3745);
#3748=DIRECTION('',(1.E0,0.E0,0.E0));
#3749=VECTOR('',#3748,3.05E0);
#3750=CARTESIAN_POINT('',(-7.485E0,3.43E0,4.E-1));
#3751=LINE('',#3750,#3749);
#3752=DIRECTION('',(0.E0,1.E0,0.E0));
#3753=VECTOR('',#3752,4.E-1);
#3754=CARTESIAN_POINT('',(-7.485E0,3.43E0,-3.E-1));
#3755=LINE('',#3754,#3753);
#3756=DIRECTION('',(0.E0,-1.E0,0.E0));
#3757=VECTOR('',#3756,4.E-1);
#3758=CARTESIAN_POINT('',(-7.485E0,3.83E0,4.E-1));
#3759=LINE('',#3758,#3757);
#3760=DIRECTION('',(0.E0,0.E0,1.E0));
#3761=VECTOR('',#3760,7.E-1);
#3762=CARTESIAN_POINT('',(-4.435E0,3.83E0,-3.E-1));
#3763=LINE('',#3762,#3761);
#3764=CARTESIAN_POINT('',(-7.485E0,3.83E0,5.E-2));
#3765=DIRECTION('',(0.E0,-1.E0,0.E0));
#3766=DIRECTION('',(0.E0,0.E0,1.E0));
#3767=AXIS2_PLACEMENT_3D('',#3764,#3765,#3766);
#3769=CARTESIAN_POINT('',(-7.485E0,3.83E0,5.E-2));
#3770=DIRECTION('',(0.E0,-1.E0,0.E0));
#3771=DIRECTION('',(-1.E0,0.E0,0.E0));
#3772=AXIS2_PLACEMENT_3D('',#3769,#3770,#3771);
#3774=CARTESIAN_POINT('',(-4.435E0,5.73E0,5.E-2));
#3775=DIRECTION('',(1.E0,0.E0,0.E0));
#3776=DIRECTION('',(0.E0,0.E0,-1.E0));
#3777=AXIS2_PLACEMENT_3D('',#3774,#3775,#3776);
#3779=CARTESIAN_POINT('',(-4.035E0,5.73E0,5.E-2));
#3780=DIRECTION('',(0.E0,-1.E0,0.E0));
#3781=DIRECTION('',(-1.E0,0.E0,0.E0));
#3782=AXIS2_PLACEMENT_3D('',#3779,#3780,#3781);
#3784=CARTESIAN_POINT('',(-4.435E0,5.73E0,5.E-2));
#3785=DIRECTION('',(1.E0,0.E0,0.E0));
#3786=DIRECTION('',(0.E0,0.E0,1.E0));
#3787=AXIS2_PLACEMENT_3D('',#3784,#3785,#3786);
#3789=CARTESIAN_POINT('',(-4.035E0,5.73E0,5.E-2));
#3790=DIRECTION('',(0.E0,1.E0,0.E0));
#3791=DIRECTION('',(-1.E0,0.E0,0.E0));
#3792=AXIS2_PLACEMENT_3D('',#3789,#3790,#3791);
#3794=CARTESIAN_POINT('',(-4.435E0,1.23E0,-1.55E0));
#3795=DIRECTION('',(1.E0,0.E0,0.E0));
#3796=DIRECTION('',(0.E0,0.E0,1.E0));
#3797=AXIS2_PLACEMENT_3D('',#3794,#3795,#3796);
#3799=CARTESIAN_POINT('',(-3.855768987597E0,1.23E0,-1.55E0));
#3800=DIRECTION('',(0.E0,1.E0,0.E0));
#3801=DIRECTION('',(-8.527746846449E-1,0.E0,-5.222789840964E-1));
#3802=AXIS2_PLACEMENT_3D('',#3799,#3800,#3801);
#3804=CARTESIAN_POINT('',(-4.435E0,1.23E0,-1.55E0));
#3805=DIRECTION('',(1.E0,0.E0,0.E0));
#3806=DIRECTION('',(0.E0,0.E0,-1.E0));
#3807=AXIS2_PLACEMENT_3D('',#3804,#3805,#3806);
#3809=CARTESIAN_POINT('',(-3.855768987597E0,1.23E0,-1.55E0));
#3810=DIRECTION('',(0.E0,-1.E0,0.E0));
#3811=DIRECTION('',(-8.527746846449E-1,0.E0,5.222789840964E-1));
#3812=AXIS2_PLACEMENT_3D('',#3809,#3810,#3811);
#3814=CARTESIAN_POINT('',(-3.855768987597E0,1.23E0,1.65E0));
#3815=DIRECTION('',(0.E0,1.E0,0.E0));
#3816=DIRECTION('',(-8.527746846449E-1,0.E0,-5.222789840964E-1));
#3817=AXIS2_PLACEMENT_3D('',#3814,#3815,#3816);
#3819=CARTESIAN_POINT('',(-4.435E0,1.23E0,1.65E0));
#3820=DIRECTION('',(1.E0,0.E0,0.E0));
#3821=DIRECTION('',(0.E0,0.E0,1.E0));
#3822=AXIS2_PLACEMENT_3D('',#3819,#3820,#3821);
#3824=CARTESIAN_POINT('',(-4.435E0,1.23E0,1.65E0));
#3825=DIRECTION('',(1.E0,0.E0,0.E0));
#3826=DIRECTION('',(0.E0,0.E0,-1.E0));
#3827=AXIS2_PLACEMENT_3D('',#3824,#3825,#3826);
#3829=CARTESIAN_POINT('',(-3.855768987597E0,1.23E0,1.65E0));
#3830=DIRECTION('',(0.E0,-1.E0,0.E0));
#3831=DIRECTION('',(-8.527746846449E-1,0.E0,5.222789840964E-1));
#3832=AXIS2_PLACEMENT_3D('',#3829,#3830,#3831);
#3834=CARTESIAN_POINT('',(3.815E0,6.73E0,2.525E0));
#3835=CARTESIAN_POINT('',(-3.685E0,6.73E0,2.525E0));
#3836=VERTEX_POINT('',#3834);
#3837=VERTEX_POINT('',#3835);
#3838=CARTESIAN_POINT('',(3.815E0,6.73E0,-2.425E0));
#3839=VERTEX_POINT('',#3838);
#3840=CARTESIAN_POINT('',(-3.685E0,6.73E0,-2.425E0));
#3841=VERTEX_POINT('',#3840);
#3842=CARTESIAN_POINT('',(-3.685E0,6.73E0,-2.2E0));
#3843=VERTEX_POINT('',#3842);
#3844=CARTESIAN_POINT('',(-4.035E0,6.73E0,-2.2E0));
#3845=VERTEX_POINT('',#3844);
#3846=CARTESIAN_POINT('',(-4.035E0,6.73E0,2.3E0));
#3847=VERTEX_POINT('',#3846);
#3848=CARTESIAN_POINT('',(-3.685E0,6.73E0,2.3E0));
#3849=VERTEX_POINT('',#3848);
#3850=CARTESIAN_POINT('',(1.641507383250E0,7.83E0,2.424262932061E0));
#3851=CARTESIAN_POINT('',(-1.511507383250E0,7.83E0,2.424262932061E0));
#3852=VERTEX_POINT('',#3850);
#3853=VERTEX_POINT('',#3851);
#3854=CARTESIAN_POINT('',(-1.511507383250E0,7.83E0,-2.324262932061E0));
#3855=VERTEX_POINT('',#3854);
#3856=CARTESIAN_POINT('',(1.641507383250E0,7.83E0,-2.324262932061E0));
#3857=VERTEX_POINT('',#3856);
#3858=CARTESIAN_POINT('',(-3.685E0,7.113218516866E0,2.525E0));
#3859=CARTESIAN_POINT('',(3.815E0,7.113218516866E0,2.525E0));
#3860=VERTEX_POINT('',#3858);
#3861=VERTEX_POINT('',#3859);
#3862=CARTESIAN_POINT('',(-3.685E0,7.13E0,2.522641516353E0));
#3863=VERTEX_POINT('',#3862);
#3864=CARTESIAN_POINT('',(-1.540920361636E0,7.13E0,2.522641516353E0));
#3865=VERTEX_POINT('',#3864);
#3866=VERTEX_POINT('',#3550);
#3867=CARTESIAN_POINT('',(3.815E0,7.13E0,2.522641516353E0));
#3868=VERTEX_POINT('',#3867);
#3869=CARTESIAN_POINT('',(3.815E0,7.13E0,-2.422641516353E0));
#3870=VERTEX_POINT('',#3869);
#3871=CARTESIAN_POINT('',(3.815E0,7.113218516866E0,-2.425E0));
#3872=VERTEX_POINT('',#3871);
#3873=CARTESIAN_POINT('',(-3.685E0,7.13E0,2.3E0));
#3874=VERTEX_POINT('',#3873);
#3875=CARTESIAN_POINT('',(-4.035E0,7.13E0,2.3E0));
#3876=VERTEX_POINT('',#3875);
#3877=CARTESIAN_POINT('',(-4.035E0,7.13E0,-2.2E0));
#3878=VERTEX_POINT('',#3877);
#3879=CARTESIAN_POINT('',(-3.685E0,7.13E0,-2.2E0));
#3880=VERTEX_POINT('',#3879);
#3881=CARTESIAN_POINT('',(-3.685E0,7.13E0,-2.422641516353E0));
#3882=VERTEX_POINT('',#3881);
#3883=CARTESIAN_POINT('',(-1.540920361636E0,7.13E0,-2.422641516353E0));
#3884=VERTEX_POINT('',#3883);
#3885=CARTESIAN_POINT('',(1.670920361637E0,7.13E0,-2.422641516353E0));
#3886=VERTEX_POINT('',#3885);
#3887=CARTESIAN_POINT('',(-3.685E0,7.113218516866E0,-2.425E0));
#3888=VERTEX_POINT('',#3887);
#3889=CARTESIAN_POINT('',(-4.435E0,6.73E0,-2.2E0));
#3890=VERTEX_POINT('',#3889);
#3891=CARTESIAN_POINT('',(-4.435E0,2.3E-1,-2.2E0));
#3892=VERTEX_POINT('',#3891);
#3893=CARTESIAN_POINT('',(-4.035E0,2.3E-1,-2.2E0));
#3894=VERTEX_POINT('',#3893);
#3895=CARTESIAN_POINT('',(-4.435E0,6.73E0,2.3E0));
#3896=VERTEX_POINT('',#3895);
#3897=CARTESIAN_POINT('',(-4.035E0,2.3E-1,2.3E0));
#3898=VERTEX_POINT('',#3897);
#3899=CARTESIAN_POINT('',(-4.435E0,2.3E-1,2.3E0));
#3900=VERTEX_POINT('',#3899);
#3901=CARTESIAN_POINT('',(-4.035E0,3.83E0,4.E-1));
#3902=CARTESIAN_POINT('',(-4.035E0,3.83E0,-3.E-1));
#3903=VERTEX_POINT('',#3901);
#3904=VERTEX_POINT('',#3902);
#3905=CARTESIAN_POINT('',(-4.035E0,3.83E0,1.E0));
#3906=VERTEX_POINT('',#3905);
#3907=CARTESIAN_POINT('',(-4.035E0,2.3E-1,1.E0));
#3908=VERTEX_POINT('',#3907);
#3909=CARTESIAN_POINT('',(-4.035E0,2.3E-1,-9.E-1));
#3910=VERTEX_POINT('',#3909);
#3911=CARTESIAN_POINT('',(-4.035E0,3.83E0,-9.E-1));
#3912=VERTEX_POINT('',#3911);
#3913=CARTESIAN_POINT('',(-4.435E0,3.43E0,-3.E-1));
#3914=VERTEX_POINT('',#3913);
#3915=CARTESIAN_POINT('',(-4.435E0,3.43E0,4.E-1));
#3916=VERTEX_POINT('',#3915);
#3917=CARTESIAN_POINT('',(-4.435E0,3.83E0,-3.E-1));
#3918=VERTEX_POINT('',#3917);
#3919=CARTESIAN_POINT('',(-7.485E0,3.83E0,-3.E-1));
#3920=VERTEX_POINT('',#3919);
#3921=CARTESIAN_POINT('',(-7.485E0,3.43E0,-3.E-1));
#3922=VERTEX_POINT('',#3921);
#3923=CARTESIAN_POINT('',(-4.435E0,3.83E0,-9.E-1));
#3924=VERTEX_POINT('',#3923);
#3925=CARTESIAN_POINT('',(-4.435E0,2.3E-1,-9.E-1));
#3926=VERTEX_POINT('',#3925);
#3927=CARTESIAN_POINT('',(-4.435E0,2.3E-1,1.E0));
#3928=VERTEX_POINT('',#3927);
#3929=CARTESIAN_POINT('',(-4.435E0,3.83E0,1.E0));
#3930=VERTEX_POINT('',#3929);
#3931=CARTESIAN_POINT('',(-4.435E0,3.83E0,4.E-1));
#3932=VERTEX_POINT('',#3931);
#3933=CARTESIAN_POINT('',(-4.435E0,5.73E0,3.5E-1));
#3934=CARTESIAN_POINT('',(-4.435E0,5.73E0,-2.5E-1));
#3935=VERTEX_POINT('',#3933);
#3936=VERTEX_POINT('',#3934);
#3937=CARTESIAN_POINT('',(-4.435E0,1.23E0,-1.904748083124E0));
#3938=CARTESIAN_POINT('',(-4.435E0,1.23E0,-1.195251916876E0));
#3939=VERTEX_POINT('',#3937);
#3940=VERTEX_POINT('',#3938);
#3941=CARTESIAN_POINT('',(-4.435E0,1.23E0,1.295251916876E0));
#3942=CARTESIAN_POINT('',(-4.435E0,1.23E0,2.004748083124E0));
#3943=VERTEX_POINT('',#3941);
#3944=VERTEX_POINT('',#3942);
#3945=CARTESIAN_POINT('',(-7.485E0,3.43E0,4.E-1));
#3946=VERTEX_POINT('',#3945);
#3947=CARTESIAN_POINT('',(-7.485E0,3.83E0,4.E-1));
#3948=VERTEX_POINT('',#3947);
#3949=CARTESIAN_POINT('',(-7.835E0,3.43E0,5.E-2));
#3950=VERTEX_POINT('',#3949);
#3951=CARTESIAN_POINT('',(-7.835E0,3.83E0,5.E-2));
#3952=VERTEX_POINT('',#3951);
#3953=CARTESIAN_POINT('',(-4.535E0,5.73E0,5.E-2));
#3954=VERTEX_POINT('',#3953);
#3955=CARTESIAN_POINT('',(-4.535E0,1.23E0,-1.55E0));
#3956=VERTEX_POINT('',#3955);
#3957=CARTESIAN_POINT('',(-4.535E0,1.23E0,1.65E0));
#3958=VERTEX_POINT('',#3957);
#3959=CARTESIAN_POINT('',(6.5E-2,6.73E0,5.E-2));
#3960=DIRECTION('',(0.E0,1.E0,0.E0));
#3961=DIRECTION('',(0.E0,0.E0,1.E0));
#3962=AXIS2_PLACEMENT_3D('',#3959,#3960,#3961);
#3963=PLANE('',#3962);
#3965=ORIENTED_EDGE('',*,*,#3964,.F.);
#3967=ORIENTED_EDGE('',*,*,#3966,.F.);
#3969=ORIENTED_EDGE('',*,*,#3968,.T.);
#3971=ORIENTED_EDGE('',*,*,#3970,.F.);
#3973=ORIENTED_EDGE('',*,*,#3972,.F.);
#3975=ORIENTED_EDGE('',*,*,#3974,.F.);
#3977=ORIENTED_EDGE('',*,*,#3976,.F.);
#3979=ORIENTED_EDGE('',*,*,#3978,.F.);
#3980=EDGE_LOOP('',(#3965,#3967,#3969,#3971,#3973,#3975,#3977,#3979));
#3981=FACE_OUTER_BOUND('',#3980,.F.);
#3982=ADVANCED_FACE('',(#3981),#3963,.F.);
#3983=CARTESIAN_POINT('',(6.5E-2,7.83E0,5.E-2));
#3984=DIRECTION('',(0.E0,1.E0,0.E0));
#3985=DIRECTION('',(0.E0,0.E0,1.E0));
#3986=AXIS2_PLACEMENT_3D('',#3983,#3984,#3985);
#3987=PLANE('',#3986);
#3989=ORIENTED_EDGE('',*,*,#3988,.T.);
#3991=ORIENTED_EDGE('',*,*,#3990,.T.);
#3993=ORIENTED_EDGE('',*,*,#3992,.F.);
#3995=ORIENTED_EDGE('',*,*,#3994,.T.);
#3996=EDGE_LOOP('',(#3989,#3991,#3993,#3995));
#3997=FACE_OUTER_BOUND('',#3996,.F.);
#3998=ADVANCED_FACE('',(#3997),#3987,.T.);
#3999=CARTESIAN_POINT('',(4.98E0,7.113218516866E0,2.525E0));
#4000=DIRECTION('',(0.E0,1.391731009601E-1,9.902680687416E-1));
#4001=DIRECTION('',(0.E0,9.902680687416E-1,-1.391731009601E-1));
#4002=AXIS2_PLACEMENT_3D('',#3999,#4000,#4001);
#4003=PLANE('',#4002);
#4005=ORIENTED_EDGE('',*,*,#4004,.F.);
#4007=ORIENTED_EDGE('',*,*,#4006,.T.);
#4009=ORIENTED_EDGE('',*,*,#4008,.F.);
#4011=ORIENTED_EDGE('',*,*,#4010,.F.);
#4012=ORIENTED_EDGE('',*,*,#3988,.F.);
#4014=ORIENTED_EDGE('',*,*,#4013,.F.);
#4016=ORIENTED_EDGE('',*,*,#4015,.F.);
#4018=ORIENTED_EDGE('',*,*,#4017,.F.);
#4019=EDGE_LOOP('',(#4005,#4007,#4009,#4011,#4012,#4014,#4016,#4018));
#4020=FACE_OUTER_BOUND('',#4019,.F.);
#4021=ADVANCED_FACE('',(#4020),#4003,.T.);
#4022=CARTESIAN_POINT('',(4.98E0,6.73E0,2.525E0));
#4023=DIRECTION('',(0.E0,0.E0,1.E0));
#4024=DIRECTION('',(0.E0,1.E0,0.E0));
#4025=AXIS2_PLACEMENT_3D('',#4022,#4023,#4024);
#4026=PLANE('',#4025);
#4027=ORIENTED_EDGE('',*,*,#4004,.T.);
#4029=ORIENTED_EDGE('',*,*,#4028,.T.);
#4030=ORIENTED_EDGE('',*,*,#3964,.T.);
#4032=ORIENTED_EDGE('',*,*,#4031,.F.);
#4033=EDGE_LOOP('',(#4027,#4029,#4030,#4032));
#4034=FACE_OUTER_BOUND('',#4033,.F.);
#4035=ADVANCED_FACE('',(#4034),#4026,.T.);
#4036=CARTESIAN_POINT('',(3.815E0,6.73E0,2.6E0));
#4037=DIRECTION('',(1.E0,0.E0,0.E0));
#4038=DIRECTION('',(0.E0,0.E0,-1.E0));
#4039=AXIS2_PLACEMENT_3D('',#4036,#4037,#4038);
#4040=PLANE('',#4039);
#4041=ORIENTED_EDGE('',*,*,#4028,.F.);
#4042=ORIENTED_EDGE('',*,*,#4017,.T.);
#4044=ORIENTED_EDGE('',*,*,#4043,.F.);
#4046=ORIENTED_EDGE('',*,*,#4045,.F.);
#4048=ORIENTED_EDGE('',*,*,#4047,.T.);
#4049=ORIENTED_EDGE('',*,*,#3966,.T.);
#4050=EDGE_LOOP('',(#4041,#4042,#4044,#4046,#4048,#4049));
#4051=FACE_OUTER_BOUND('',#4050,.F.);
#4052=ADVANCED_FACE('',(#4051),#4040,.T.);
#4053=CARTESIAN_POINT('',(6.5E-2,7.13E0,5.E-2));
#4054=DIRECTION('',(0.E0,1.E0,0.E0));
#4055=DIRECTION('',(0.E0,0.E0,1.E0));
#4056=AXIS2_PLACEMENT_3D('',#4053,#4054,#4055);
#4057=PLANE('',#4056);
#4058=ORIENTED_EDGE('',*,*,#4008,.T.);
#4060=ORIENTED_EDGE('',*,*,#4059,.T.);
#4062=ORIENTED_EDGE('',*,*,#4061,.T.);
#4064=ORIENTED_EDGE('',*,*,#4063,.F.);
#4066=ORIENTED_EDGE('',*,*,#4065,.T.);
#4068=ORIENTED_EDGE('',*,*,#4067,.T.);
#4070=ORIENTED_EDGE('',*,*,#4069,.F.);
#4072=ORIENTED_EDGE('',*,*,#4071,.T.);
#4073=EDGE_LOOP('',(#4058,#4060,#4062,#4064,#4066,#4068,#4070,#4072));
#4074=FACE_OUTER_BOUND('',#4073,.F.);
#4075=ADVANCED_FACE('',(#4074),#4057,.T.);
#4076=CARTESIAN_POINT('',(6.5E-2,7.13E0,5.E-2));
#4077=DIRECTION('',(0.E0,1.E0,0.E0));
#4078=DIRECTION('',(0.E0,0.E0,1.E0));
#4079=AXIS2_PLACEMENT_3D('',#4076,#4077,#4078);
#4080=PLANE('',#4079);
#4081=ORIENTED_EDGE('',*,*,#4015,.T.);
#4083=ORIENTED_EDGE('',*,*,#4082,.T.);
#4085=ORIENTED_EDGE('',*,*,#4084,.F.);
#4086=ORIENTED_EDGE('',*,*,#4043,.T.);
#4087=EDGE_LOOP('',(#4081,#4083,#4085,#4086));
#4088=FACE_OUTER_BOUND('',#4087,.F.);
#4089=ADVANCED_FACE('',(#4088),#4080,.T.);
#4090=CARTESIAN_POINT('',(-3.685E0,6.73E0,-2.5E0));
#4091=DIRECTION('',(-1.E0,0.E0,0.E0));
#4092=DIRECTION('',(0.E0,0.E0,1.E0));
#4093=AXIS2_PLACEMENT_3D('',#4090,#4091,#4092);
#4094=PLANE('',#4093);
#4096=ORIENTED_EDGE('',*,*,#4095,.F.);
#4098=ORIENTED_EDGE('',*,*,#4097,.T.);
#4099=ORIENTED_EDGE('',*,*,#4067,.F.);
#4101=ORIENTED_EDGE('',*,*,#4100,.T.);
#4102=ORIENTED_EDGE('',*,*,#3970,.T.);
#4103=EDGE_LOOP('',(#4096,#4098,#4099,#4101,#4102));
#4104=FACE_OUTER_BOUND('',#4103,.F.);
#4105=ADVANCED_FACE('',(#4104),#4094,.T.);
#4106=CARTESIAN_POINT('',(-3.685E0,6.73E0,-2.5E0));
#4107=DIRECTION('',(-1.E0,0.E0,0.E0));
#4108=DIRECTION('',(0.E0,0.E0,1.E0));
#4109=AXIS2_PLACEMENT_3D('',#4106,#4107,#4108);
#4110=PLANE('',#4109);
#4111=ORIENTED_EDGE('',*,*,#4031,.T.);
#4112=ORIENTED_EDGE('',*,*,#3978,.T.);
#4114=ORIENTED_EDGE('',*,*,#4113,.F.);
#4115=ORIENTED_EDGE('',*,*,#4059,.F.);
#4116=ORIENTED_EDGE('',*,*,#4006,.F.);
#4117=EDGE_LOOP('',(#4111,#4112,#4114,#4115,#4116));
#4118=FACE_OUTER_BOUND('',#4117,.F.);
#4119=ADVANCED_FACE('',(#4118),#4110,.T.);
#4120=CARTESIAN_POINT('',(4.98E0,6.73E0,-2.425E0));
#4121=DIRECTION('',(0.E0,0.E0,1.E0));
#4122=DIRECTION('',(0.E0,1.E0,0.E0));
#4123=AXIS2_PLACEMENT_3D('',#4120,#4121,#4122);
#4124=PLANE('',#4123);
#4125=ORIENTED_EDGE('',*,*,#3968,.F.);
#4126=ORIENTED_EDGE('',*,*,#4047,.F.);
#4128=ORIENTED_EDGE('',*,*,#4127,.F.);
#4129=ORIENTED_EDGE('',*,*,#4095,.T.);
#4130=EDGE_LOOP('',(#4125,#4126,#4128,#4129));
#4131=FACE_OUTER_BOUND('',#4130,.F.);
#4132=ADVANCED_FACE('',(#4131),#4124,.F.);
#4133=CARTESIAN_POINT('',(4.98E0,7.113218516866E0,-2.425E0));
#4134=DIRECTION('',(0.E0,-1.391731009601E-1,9.902680687416E-1));
#4135=DIRECTION('',(0.E0,9.902680687416E-1,1.391731009601E-1));
#4136=AXIS2_PLACEMENT_3D('',#4133,#4134,#4135);
#4137=PLANE('',#4136);
#4138=ORIENTED_EDGE('',*,*,#4069,.T.);
#4139=ORIENTED_EDGE('',*,*,#4097,.F.);
#4140=ORIENTED_EDGE('',*,*,#4127,.T.);
#4141=ORIENTED_EDGE('',*,*,#4045,.T.);
#4142=ORIENTED_EDGE('',*,*,#4084,.T.);
#4144=ORIENTED_EDGE('',*,*,#4143,.F.);
#4145=ORIENTED_EDGE('',*,*,#3992,.T.);
#4147=ORIENTED_EDGE('',*,*,#4146,.F.);
#4148=EDGE_LOOP('',(#4138,#4139,#4140,#4141,#4142,#4144,#4145,#4147));
#4149=FACE_OUTER_BOUND('',#4148,.F.);
#4150=ADVANCED_FACE('',(#4149),#4137,.F.);
#4151=CARTESIAN_POINT('',(6.5E-2,7.48E0,5.E-2));
#4152=DIRECTION('',(0.E0,-1.E0,0.E0));
#4153=DIRECTION('',(0.E0,0.E0,-1.E0));
#4154=AXIS2_PLACEMENT_3D('',#4151,#4152,#4153);
#4155=CONICAL_SURFACE('',#4154,2.899189292146E0,8.E0);
#4156=ORIENTED_EDGE('',*,*,#4013,.T.);
#4157=ORIENTED_EDGE('',*,*,#3994,.F.);
#4158=ORIENTED_EDGE('',*,*,#4143,.T.);
#4159=ORIENTED_EDGE('',*,*,#4082,.F.);
#4160=EDGE_LOOP('',(#4156,#4157,#4158,#4159));
#4161=FACE_OUTER_BOUND('',#4160,.F.);
#4162=ADVANCED_FACE('',(#4161),#4155,.T.);
#4163=CARTESIAN_POINT('',(6.5E-2,7.48E0,5.E-2));
#4164=DIRECTION('',(0.E0,-1.E0,0.E0));
#4165=DIRECTION('',(0.E0,0.E0,-1.E0));
#4166=AXIS2_PLACEMENT_3D('',#4163,#4164,#4165);
#4167=CONICAL_SURFACE('',#4166,2.899189292146E0,8.E0);
#4168=ORIENTED_EDGE('',*,*,#4010,.T.);
#4169=ORIENTED_EDGE('',*,*,#4071,.F.);
#4170=ORIENTED_EDGE('',*,*,#4146,.T.);
#4171=ORIENTED_EDGE('',*,*,#3990,.F.);
#4172=EDGE_LOOP('',(#4168,#4169,#4170,#4171));
#4173=FACE_OUTER_BOUND('',#4172,.F.);
#4174=ADVANCED_FACE('',(#4173),#4167,.T.);
#4175=CARTESIAN_POINT('',(-3.685E0,7.13E0,-2.2E0));
#4176=DIRECTION('',(0.E0,0.E0,-1.E0));
#4177=DIRECTION('',(-1.E0,0.E0,0.E0));
#4178=AXIS2_PLACEMENT_3D('',#4175,#4176,#4177);
#4179=PLANE('',#4178);
#4181=ORIENTED_EDGE('',*,*,#4180,.T.);
#4183=ORIENTED_EDGE('',*,*,#4182,.T.);
#4185=ORIENTED_EDGE('',*,*,#4184,.F.);
#4187=ORIENTED_EDGE('',*,*,#4186,.T.);
#4188=ORIENTED_EDGE('',*,*,#3972,.T.);
#4189=ORIENTED_EDGE('',*,*,#4100,.F.);
#4190=ORIENTED_EDGE('',*,*,#4065,.F.);
#4191=EDGE_LOOP('',(#4181,#4183,#4185,#4187,#4188,#4189,#4190));
#4192=FACE_OUTER_BOUND('',#4191,.F.);
#4193=ADVANCED_FACE('',(#4192),#4179,.T.);
#4194=CARTESIAN_POINT('',(-4.035E0,6.73E0,-2.222998304648E0));
#4195=DIRECTION('',(0.E0,0.E0,1.E0));
#4196=DIRECTION('',(0.E0,1.E0,0.E0));
#4197=AXIS2_PLACEMENT_3D('',#4194,#4195,#4196);
#4198=CYLINDRICAL_SURFACE('',#4197,4.E-1);
#4200=ORIENTED_EDGE('',*,*,#4199,.F.);
#4202=ORIENTED_EDGE('',*,*,#4201,.T.);
#4203=ORIENTED_EDGE('',*,*,#4180,.F.);
#4204=ORIENTED_EDGE('',*,*,#4063,.T.);
#4205=EDGE_LOOP('',(#4200,#4202,#4203,#4204));
#4206=FACE_OUTER_BOUND('',#4205,.F.);
#4207=ADVANCED_FACE('',(#4206),#4198,.T.);
#4208=CARTESIAN_POINT('',(-4.435E0,7.13E0,2.3E0));
#4209=DIRECTION('',(0.E0,0.E0,1.E0));
#4210=DIRECTION('',(1.E0,0.E0,0.E0));
#4211=AXIS2_PLACEMENT_3D('',#4208,#4209,#4210);
#4212=PLANE('',#4211);
#4213=ORIENTED_EDGE('',*,*,#4199,.T.);
#4214=ORIENTED_EDGE('',*,*,#4061,.F.);
#4215=ORIENTED_EDGE('',*,*,#4113,.T.);
#4216=ORIENTED_EDGE('',*,*,#3976,.T.);
#4218=ORIENTED_EDGE('',*,*,#4217,.F.);
#4220=ORIENTED_EDGE('',*,*,#4219,.F.);
#4222=ORIENTED_EDGE('',*,*,#4221,.T.);
#4223=EDGE_LOOP('',(#4213,#4214,#4215,#4216,#4218,#4220,#4222));
#4224=FACE_OUTER_BOUND('',#4223,.F.);
#4225=ADVANCED_FACE('',(#4224),#4212,.T.);
#4226=CARTESIAN_POINT('',(-4.035E0,6.73E0,-2.2E0));
#4227=DIRECTION('',(1.E0,0.E0,0.E0));
#4228=DIRECTION('',(0.E0,0.E0,1.E0));
#4229=AXIS2_PLACEMENT_3D('',#4226,#4227,#4228);
#4230=PLANE('',#4229);
#4232=ORIENTED_EDGE('',*,*,#4231,.F.);
#4234=ORIENTED_EDGE('',*,*,#4233,.T.);
#4236=ORIENTED_EDGE('',*,*,#4235,.T.);
#4238=ORIENTED_EDGE('',*,*,#4237,.F.);
#4239=ORIENTED_EDGE('',*,*,#4217,.T.);
#4240=ORIENTED_EDGE('',*,*,#3974,.T.);
#4241=ORIENTED_EDGE('',*,*,#4186,.F.);
#4243=ORIENTED_EDGE('',*,*,#4242,.F.);
#4245=ORIENTED_EDGE('',*,*,#4244,.F.);
#4247=ORIENTED_EDGE('',*,*,#4246,.T.);
#4248=EDGE_LOOP('',(#4232,#4234,#4236,#4238,#4239,#4240,#4241,#4243,#4245,
#4247));
#4249=FACE_OUTER_BOUND('',#4248,.F.);
#4250=ADVANCED_FACE('',(#4249),#4230,.T.);
#4251=CARTESIAN_POINT('',(-4.435E0,3.83E0,4.229983046481E-1));
#4252=DIRECTION('',(0.E0,0.E0,-1.E0));
#4253=DIRECTION('',(1.E0,0.E0,0.E0));
#4254=AXIS2_PLACEMENT_3D('',#4251,#4252,#4253);
#4255=CYLINDRICAL_SURFACE('',#4254,4.E-1);
#4257=ORIENTED_EDGE('',*,*,#4256,.F.);
#4259=ORIENTED_EDGE('',*,*,#4258,.T.);
#4261=ORIENTED_EDGE('',*,*,#4260,.F.);
#4262=ORIENTED_EDGE('',*,*,#4231,.T.);
#4263=EDGE_LOOP('',(#4257,#4259,#4261,#4262));
#4264=FACE_OUTER_BOUND('',#4263,.F.);
#4265=ADVANCED_FACE('',(#4264),#4255,.T.);
#4266=CARTESIAN_POINT('',(-4.435E0,3.43E0,-3.E-1));
#4267=DIRECTION('',(0.E0,0.E0,1.E0));
#4268=DIRECTION('',(0.E0,1.E0,0.E0));
#4269=AXIS2_PLACEMENT_3D('',#4266,#4267,#4268);
#4270=PLANE('',#4269);
#4271=ORIENTED_EDGE('',*,*,#4256,.T.);
#4273=ORIENTED_EDGE('',*,*,#4272,.T.);
#4275=ORIENTED_EDGE('',*,*,#4274,.T.);
#4277=ORIENTED_EDGE('',*,*,#4276,.F.);
#4279=ORIENTED_EDGE('',*,*,#4278,.F.);
#4280=EDGE_LOOP('',(#4271,#4273,#4275,#4277,#4279));
#4281=FACE_OUTER_BOUND('',#4280,.F.);
#4282=ADVANCED_FACE('',(#4281),#4270,.F.);
#4283=CARTESIAN_POINT('',(-4.435E0,3.83E0,-3.E-1));
#4284=DIRECTION('',(0.E0,1.E0,0.E0));
#4285=DIRECTION('',(0.E0,0.E0,-1.E0));
#4286=AXIS2_PLACEMENT_3D('',#4283,#4284,#4285);
#4287=PLANE('',#4286);
#4288=ORIENTED_EDGE('',*,*,#4246,.F.);
#4290=ORIENTED_EDGE('',*,*,#4289,.T.);
#4292=ORIENTED_EDGE('',*,*,#4291,.T.);
#4293=ORIENTED_EDGE('',*,*,#4272,.F.);
#4294=EDGE_LOOP('',(#4288,#4290,#4292,#4293));
#4295=FACE_OUTER_BOUND('',#4294,.F.);
#4296=ADVANCED_FACE('',(#4295),#4287,.F.);
#4297=CARTESIAN_POINT('',(-4.435E0,3.83E0,-9.E-1));
#4298=DIRECTION('',(0.E0,0.E0,-1.E0));
#4299=DIRECTION('',(0.E0,-1.E0,0.E0));
#4300=AXIS2_PLACEMENT_3D('',#4297,#4298,#4299);
#4301=PLANE('',#4300);
#4303=ORIENTED_EDGE('',*,*,#4302,.F.);
#4304=ORIENTED_EDGE('',*,*,#4289,.F.);
#4305=ORIENTED_EDGE('',*,*,#4244,.T.);
#4307=ORIENTED_EDGE('',*,*,#4306,.F.);
#4308=EDGE_LOOP('',(#4303,#4304,#4305,#4307));
#4309=FACE_OUTER_BOUND('',#4308,.F.);
#4310=ADVANCED_FACE('',(#4309),#4301,.F.);
#4311=CARTESIAN_POINT('',(-4.435E0,7.13E0,-2.2E0));
#4312=DIRECTION('',(-1.E0,0.E0,0.E0));
#4313=DIRECTION('',(0.E0,0.E0,1.E0));
#4314=AXIS2_PLACEMENT_3D('',#4311,#4312,#4313);
#4315=PLANE('',#4314);
#4316=ORIENTED_EDGE('',*,*,#4201,.F.);
#4317=ORIENTED_EDGE('',*,*,#4221,.F.);
#4319=ORIENTED_EDGE('',*,*,#4318,.F.);
#4321=ORIENTED_EDGE('',*,*,#4320,.F.);
#4323=ORIENTED_EDGE('',*,*,#4322,.F.);
#4325=ORIENTED_EDGE('',*,*,#4324,.F.);
#4326=ORIENTED_EDGE('',*,*,#4291,.F.);
#4327=ORIENTED_EDGE('',*,*,#4302,.T.);
#4329=ORIENTED_EDGE('',*,*,#4328,.F.);
#4330=ORIENTED_EDGE('',*,*,#4182,.F.);
#4331=EDGE_LOOP('',(#4316,#4317,#4319,#4321,#4323,#4325,#4326,#4327,#4329,
#4330));
#4332=FACE_OUTER_BOUND('',#4331,.F.);
#4333=ADVANCED_FACE('',(#4332),#4315,.T.);
#4334=CARTESIAN_POINT('',(6.5E-2,2.3E-1,5.E-2));
#4335=DIRECTION('',(0.E0,-1.E0,0.E0));
#4336=DIRECTION('',(-1.E0,0.E0,0.E0));
#4337=AXIS2_PLACEMENT_3D('',#4334,#4335,#4336);
#4338=PLANE('',#4337);
#4340=ORIENTED_EDGE('',*,*,#4339,.F.);
#4341=ORIENTED_EDGE('',*,*,#4318,.T.);
#4342=ORIENTED_EDGE('',*,*,#4219,.T.);
#4343=ORIENTED_EDGE('',*,*,#4237,.T.);
#4344=EDGE_LOOP('',(#4340,#4341,#4342,#4343));
#4345=FACE_OUTER_BOUND('',#4344,.F.);
#4346=ADVANCED_FACE('',(#4345),#4338,.T.);
#4347=CARTESIAN_POINT('',(6.5E-2,2.3E-1,5.E-2));
#4348=DIRECTION('',(0.E0,-1.E0,0.E0));
#4349=DIRECTION('',(-1.E0,0.E0,0.E0));
#4350=AXIS2_PLACEMENT_3D('',#4347,#4348,#4349);
#4351=PLANE('',#4350);
#4352=ORIENTED_EDGE('',*,*,#4306,.T.);
#4353=ORIENTED_EDGE('',*,*,#4242,.T.);
#4354=ORIENTED_EDGE('',*,*,#4184,.T.);
#4355=ORIENTED_EDGE('',*,*,#4328,.T.);
#4356=EDGE_LOOP('',(#4352,#4353,#4354,#4355));
#4357=FACE_OUTER_BOUND('',#4356,.F.);
#4358=ADVANCED_FACE('',(#4357),#4351,.T.);
#4359=CARTESIAN_POINT('',(-4.435E0,2.3E-1,1.E0));
#4360=DIRECTION('',(0.E0,0.E0,1.E0));
#4361=DIRECTION('',(0.E0,1.E0,0.E0));
#4362=AXIS2_PLACEMENT_3D('',#4359,#4360,#4361);
#4363=PLANE('',#4362);
#4364=ORIENTED_EDGE('',*,*,#4320,.T.);
#4365=ORIENTED_EDGE('',*,*,#4339,.T.);
#4366=ORIENTED_EDGE('',*,*,#4235,.F.);
#4368=ORIENTED_EDGE('',*,*,#4367,.T.);
#4369=EDGE_LOOP('',(#4364,#4365,#4366,#4368));
#4370=FACE_OUTER_BOUND('',#4369,.F.);
#4371=ADVANCED_FACE('',(#4370),#4363,.F.);
#4372=CARTESIAN_POINT('',(-4.435E0,3.83E0,1.E0));
#4373=DIRECTION('',(0.E0,1.E0,0.E0));
#4374=DIRECTION('',(0.E0,0.E0,-1.E0));
#4375=AXIS2_PLACEMENT_3D('',#4372,#4373,#4374);
#4376=PLANE('',#4375);
#4377=ORIENTED_EDGE('',*,*,#4233,.F.);
#4379=ORIENTED_EDGE('',*,*,#4378,.T.);
#4380=ORIENTED_EDGE('',*,*,#4322,.T.);
#4381=ORIENTED_EDGE('',*,*,#4367,.F.);
#4382=EDGE_LOOP('',(#4377,#4379,#4380,#4381));
#4383=FACE_OUTER_BOUND('',#4382,.F.);
#4384=ADVANCED_FACE('',(#4383),#4376,.F.);
#4385=CARTESIAN_POINT('',(-4.435E0,3.83E0,4.E-1));
#4386=DIRECTION('',(0.E0,0.E0,-1.E0));
#4387=DIRECTION('',(0.E0,-1.E0,0.E0));
#4388=AXIS2_PLACEMENT_3D('',#4385,#4386,#4387);
#4389=PLANE('',#4388);
#4390=ORIENTED_EDGE('',*,*,#4260,.T.);
#4392=ORIENTED_EDGE('',*,*,#4391,.F.);
#4394=ORIENTED_EDGE('',*,*,#4393,.F.);
#4396=ORIENTED_EDGE('',*,*,#4395,.T.);
#4397=ORIENTED_EDGE('',*,*,#4378,.F.);
#4398=EDGE_LOOP('',(#4390,#4392,#4394,#4396,#4397));
#4399=FACE_OUTER_BOUND('',#4398,.F.);
#4400=ADVANCED_FACE('',(#4399),#4389,.F.);
#4401=CARTESIAN_POINT('',(-4.435E0,3.43E0,4.E-1));
#4402=DIRECTION('',(0.E0,1.E0,0.E0));
#4403=DIRECTION('',(0.E0,0.E0,-1.E0));
#4404=AXIS2_PLACEMENT_3D('',#4401,#4402,#4403);
#4405=PLANE('',#4404);
#4406=ORIENTED_EDGE('',*,*,#4258,.F.);
#4407=ORIENTED_EDGE('',*,*,#4278,.T.);
#4409=ORIENTED_EDGE('',*,*,#4408,.T.);
#4411=ORIENTED_EDGE('',*,*,#4410,.T.);
#4412=ORIENTED_EDGE('',*,*,#4391,.T.);
#4413=EDGE_LOOP('',(#4406,#4407,#4409,#4411,#4412));
#4414=FACE_OUTER_BOUND('',#4413,.F.);
#4415=ADVANCED_FACE('',(#4414),#4405,.F.);
#4416=CARTESIAN_POINT('',(-7.485E0,3.43E0,5.E-2));
#4417=DIRECTION('',(0.E0,-1.E0,0.E0));
#4418=DIRECTION('',(-1.E0,0.E0,0.E0));
#4419=AXIS2_PLACEMENT_3D('',#4416,#4417,#4418);
#4420=CYLINDRICAL_SURFACE('',#4419,3.5E-1);
#4421=ORIENTED_EDGE('',*,*,#4410,.F.);
#4422=ORIENTED_EDGE('',*,*,#4408,.F.);
#4423=ORIENTED_EDGE('',*,*,#4276,.T.);
#4425=ORIENTED_EDGE('',*,*,#4424,.F.);
#4427=ORIENTED_EDGE('',*,*,#4426,.F.);
#4428=ORIENTED_EDGE('',*,*,#4393,.T.);
#4429=EDGE_LOOP('',(#4421,#4422,#4423,#4425,#4427,#4428));
#4430=FACE_OUTER_BOUND('',#4429,.F.);
#4431=ADVANCED_FACE('',(#4430),#4420,.T.);
#4432=CARTESIAN_POINT('',(-4.435E0,3.83E0,-3.E-1));
#4433=DIRECTION('',(0.E0,1.E0,0.E0));
#4434=DIRECTION('',(0.E0,0.E0,-1.E0));
#4435=AXIS2_PLACEMENT_3D('',#4432,#4433,#4434);
#4436=PLANE('',#4435);
#4437=ORIENTED_EDGE('',*,*,#4324,.T.);
#4438=ORIENTED_EDGE('',*,*,#4395,.F.);
#4439=ORIENTED_EDGE('',*,*,#4426,.T.);
#4440=ORIENTED_EDGE('',*,*,#4424,.T.);
#4441=ORIENTED_EDGE('',*,*,#4274,.F.);
#4442=EDGE_LOOP('',(#4437,#4438,#4439,#4440,#4441));
#4443=FACE_OUTER_BOUND('',#4442,.F.);
#4444=ADVANCED_FACE('',(#4443),#4436,.T.);
#4445=CARTESIAN_POINT('',(-4.035E0,5.73E0,5.E-2));
#4446=DIRECTION('',(-1.E0,0.E0,0.E0));
#4447=DIRECTION('',(0.E0,0.E0,1.E0));
#4448=AXIS2_PLACEMENT_3D('',#4445,#4446,#4447);
#4449=SPHERICAL_SURFACE('',#4448,5.E-1);
#4451=ORIENTED_EDGE('',*,*,#4450,.T.);
#4453=ORIENTED_EDGE('',*,*,#4452,.F.);
#4455=ORIENTED_EDGE('',*,*,#4454,.T.);
#4456=EDGE_LOOP('',(#4451,#4453,#4455));
#4457=FACE_OUTER_BOUND('',#4456,.F.);
#4458=ADVANCED_FACE('',(#4457),#4449,.T.);
#4459=CARTESIAN_POINT('',(-4.035E0,5.73E0,5.E-2));
#4460=DIRECTION('',(-1.E0,0.E0,0.E0));
#4461=DIRECTION('',(0.E0,0.E0,1.E0));
#4462=AXIS2_PLACEMENT_3D('',#4459,#4460,#4461);
#4463=SPHERICAL_SURFACE('',#4462,5.E-1);
#4465=ORIENTED_EDGE('',*,*,#4464,.T.);
#4466=ORIENTED_EDGE('',*,*,#4454,.F.);
#4467=ORIENTED_EDGE('',*,*,#4452,.T.);
#4468=EDGE_LOOP('',(#4465,#4466,#4467));
#4469=FACE_OUTER_BOUND('',#4468,.F.);
#4470=ADVANCED_FACE('',(#4469),#4463,.T.);
#4471=CARTESIAN_POINT('',(-3.855768987597E0,1.23E0,-1.55E0));
#4472=DIRECTION('',(1.E0,0.E0,0.E0));
#4473=DIRECTION('',(0.E0,0.E0,1.E0));
#4474=AXIS2_PLACEMENT_3D('',#4471,#4472,#4473);
#4475=SPHERICAL_SURFACE('',#4474,6.792310124029E-1);
#4477=ORIENTED_EDGE('',*,*,#4476,.T.);
#4479=ORIENTED_EDGE('',*,*,#4478,.T.);
#4481=ORIENTED_EDGE('',*,*,#4480,.F.);
#4482=EDGE_LOOP('',(#4477,#4479,#4481));
#4483=FACE_OUTER_BOUND('',#4482,.F.);
#4484=ADVANCED_FACE('',(#4483),#4475,.T.);
#4485=CARTESIAN_POINT('',(-3.855768987597E0,1.23E0,-1.55E0));
#4486=DIRECTION('',(1.E0,0.E0,0.E0));
#4487=DIRECTION('',(0.E0,0.E0,1.E0));
#4488=AXIS2_PLACEMENT_3D('',#4485,#4486,#4487);
#4489=SPHERICAL_SURFACE('',#4488,6.792310124029E-1);
#4491=ORIENTED_EDGE('',*,*,#4490,.T.);
#4492=ORIENTED_EDGE('',*,*,#4480,.T.);
#4493=ORIENTED_EDGE('',*,*,#4478,.F.);
#4494=EDGE_LOOP('',(#4491,#4492,#4493));
#4495=FACE_OUTER_BOUND('',#4494,.F.);
#4496=ADVANCED_FACE('',(#4495),#4489,.T.);
#4497=CARTESIAN_POINT('',(-3.855768987597E0,1.23E0,1.65E0));
#4498=DIRECTION('',(-1.E0,0.E0,0.E0));
#4499=DIRECTION('',(0.E0,0.E0,-1.E0));
#4500=AXIS2_PLACEMENT_3D('',#4497,#4498,#4499);
#4501=SPHERICAL_SURFACE('',#4500,6.792310124029E-1);
#4503=ORIENTED_EDGE('',*,*,#4502,.T.);
#4505=ORIENTED_EDGE('',*,*,#4504,.F.);
#4507=ORIENTED_EDGE('',*,*,#4506,.T.);
#4508=EDGE_LOOP('',(#4503,#4505,#4507));
#4509=FACE_OUTER_BOUND('',#4508,.F.);
#4510=ADVANCED_FACE('',(#4509),#4501,.T.);
#4511=CARTESIAN_POINT('',(-3.855768987597E0,1.23E0,1.65E0));
#4512=DIRECTION('',(-1.E0,0.E0,0.E0));
#4513=DIRECTION('',(0.E0,0.E0,-1.E0));
#4514=AXIS2_PLACEMENT_3D('',#4511,#4512,#4513);
#4515=SPHERICAL_SURFACE('',#4514,6.792310124029E-1);
#4516=ORIENTED_EDGE('',*,*,#4502,.F.);
#4518=ORIENTED_EDGE('',*,*,#4517,.T.);
#4519=ORIENTED_EDGE('',*,*,#4504,.T.);
#4520=EDGE_LOOP('',(#4516,#4518,#4519));
#4521=FACE_OUTER_BOUND('',#4520,.F.);
#4522=ADVANCED_FACE('',(#4521),#4515,.T.);
#4523=OPEN_SHELL('',(#3982,#3998,#4021,#4035,#4052,#4075,#4089,#4105,#4119,
#4132,#4150,#4162,#4174,#4193,#4207,#4225,#4250,#4265,#4282,#4296,#4310,#4333,
#4346,#4358,#4371,#4384,#4400,#4415,#4431,#4444,#4458,#4470,#4484,#4496,#4510,
#4522));
#4524=DIRECTION('',(0.E0,1.E0,0.E0));
#4525=VECTOR('',#4524,8.5E-1);
#4526=CARTESIAN_POINT('',(-2.27E0,-1.15E0,2.875E0));
#4527=LINE('',#4526,#4525);
#4528=DIRECTION('',(0.E0,8.660254037844E-1,5.E-1));
#4529=VECTOR('',#4528,3.464101615138E-1);
#4530=CARTESIAN_POINT('',(-2.27E0,-3.E-1,2.901794919243E0));
#4531=LINE('',#4530,#4529);
#4532=DIRECTION('',(0.E0,-1.942890293094E-14,-1.E0));
#4533=VECTOR('',#4532,5.E-2);
#4534=CARTESIAN_POINT('',(-2.27E0,0.E0,3.075E0));
#4535=LINE('',#4534,#4533);
#4536=DIRECTION('',(0.E0,1.E0,0.E0));
#4537=VECTOR('',#4536,1.2E0);
#4538=CARTESIAN_POINT('',(-2.27E0,0.E0,3.025E0));
#4539=LINE('',#4538,#4537);
#4540=DIRECTION('',(0.E0,0.E0,1.E0));
#4541=VECTOR('',#4540,3.5E-1);
#4542=CARTESIAN_POINT('',(-2.27E0,1.2E0,3.025E0));
#4543=LINE('',#4542,#4541);
#4544=DIRECTION('',(0.E0,1.E0,0.E0));
#4545=VECTOR('',#4544,3.5E-1);
#4546=CARTESIAN_POINT('',(-2.27E0,1.2E0,3.375E0));
#4547=LINE('',#4546,#4545);
#4548=DIRECTION('',(0.E0,0.E0,-1.E0));
#4549=VECTOR('',#4548,1.344754218857E-1);
#4550=CARTESIAN_POINT('',(-2.27E0,1.55E0,3.375E0));
#4551=LINE('',#4550,#4549);
#4552=CARTESIAN_POINT('',(-2.27E0,-3.3E0,2.025E0));
#4553=DIRECTION('',(-1.E0,0.E0,0.E0));
#4554=DIRECTION('',(0.E0,9.7E-1,2.431049156229E-1));
#4555=AXIS2_PLACEMENT_3D('',#4552,#4553,#4554);
#4557=DIRECTION('',(0.E0,0.E0,-1.E0));
#4558=VECTOR('',#4557,1.344754218856E-1);
#4559=CARTESIAN_POINT('',(-2.27E0,1.55E0,8.094754218856E-1));
#4560=LINE('',#4559,#4558);
#4561=DIRECTION('',(0.E0,-1.E0,0.E0));
#4562=VECTOR('',#4561,3.5E-1);
#4563=CARTESIAN_POINT('',(-2.27E0,1.55E0,6.75E-1));
#4564=LINE('',#4563,#4562);
#4565=DIRECTION('',(0.E0,0.E0,1.E0));
#4566=VECTOR('',#4565,3.5E-1);
#4567=CARTESIAN_POINT('',(-2.27E0,1.2E0,6.75E-1));
#4568=LINE('',#4567,#4566);
#4569=DIRECTION('',(0.E0,-1.E0,0.E0));
#4570=VECTOR('',#4569,1.2E0);
#4571=CARTESIAN_POINT('',(-2.27E0,1.2E0,1.025E0));
#4572=LINE('',#4571,#4570);
#4573=DIRECTION('',(0.E0,0.E0,-1.E0));
#4574=VECTOR('',#4573,5.E-2);
#4575=CARTESIAN_POINT('',(-2.27E0,0.E0,1.025E0));
#4576=LINE('',#4575,#4574);
#4577=DIRECTION('',(0.E0,-8.660254037844E-1,5.E-1));
#4578=VECTOR('',#4577,3.464101615138E-1);
#4579=CARTESIAN_POINT('',(-2.27E0,0.E0,9.75E-1));
#4580=LINE('',#4579,#4578);
#4581=DIRECTION('',(0.E0,-1.E0,0.E0));
#4582=VECTOR('',#4581,8.5E-1);
#4583=CARTESIAN_POINT('',(-2.27E0,-3.E-1,2.175E0));
#4584=LINE('',#4583,#4582);
#4585=DIRECTION('',(0.E0,0.E0,-1.E0));
#4586=VECTOR('',#4585,7.E-1);
#4587=CARTESIAN_POINT('',(-2.27E0,-1.15E0,2.875E0));
#4588=LINE('',#4587,#4586);
#4589=DIRECTION('',(0.E0,0.E0,1.E0));
#4590=VECTOR('',#4589,7.E-1);
#4591=CARTESIAN_POINT('',(-2.77E0,-1.65E0,2.175E0));
#4592=LINE('',#4591,#4590);
#4593=CARTESIAN_POINT('',(-2.77E0,-1.15E0,2.875E0));
#4594=DIRECTION('',(0.E0,0.E0,-1.E0));
#4595=DIRECTION('',(1.E0,0.E0,0.E0));
#4596=AXIS2_PLACEMENT_3D('',#4593,#4594,#4595);
#4598=DIRECTION('',(1.E0,0.E0,0.E0));
#4599=VECTOR('',#4598,1.42E1);
#4600=CARTESIAN_POINT('',(-1.697E1,-1.15E0,2.875E0));
#4601=LINE('',#4600,#4599);
#4602=DIRECTION('',(1.E0,0.E0,0.E0));
#4603=VECTOR('',#4602,1.42E1);
#4604=CARTESIAN_POINT('',(-1.697E1,-1.65E0,2.875E0));
#4605=LINE('',#4604,#4603);
#4606=CARTESIAN_POINT('',(-2.77E0,-1.15E0,2.175E0));
#4607=DIRECTION('',(0.E0,0.E0,1.E0));
#4608=DIRECTION('',(0.E0,-1.E0,0.E0));
#4609=AXIS2_PLACEMENT_3D('',#4606,#4607,#4608);
#4611=DIRECTION('',(-1.E0,0.E0,0.E0));
#4612=VECTOR('',#4611,5.E-1);
#4613=CARTESIAN_POINT('',(-2.27E0,-3.E-1,2.175E0));
#4614=LINE('',#4613,#4612);
#4615=DIRECTION('',(1.E0,0.E0,0.E0));
#4616=VECTOR('',#4615,1.42E1);
#4617=CARTESIAN_POINT('',(-1.697E1,-1.65E0,2.175E0));
#4618=LINE('',#4617,#4616);
#4619=DIRECTION('',(0.E0,0.E0,-1.E0));
#4620=VECTOR('',#4619,1.026794919243E0);
#4621=CARTESIAN_POINT('',(-2.27E0,-3.E-1,2.175E0));
#4622=LINE('',#4621,#4620);
#4623=DIRECTION('',(-1.E0,0.E0,0.E0));
#4624=VECTOR('',#4623,5.E-1);
#4625=CARTESIAN_POINT('',(-2.27E0,0.E0,9.75E-1));
#4626=LINE('',#4625,#4624);
#4627=DIRECTION('',(1.E0,0.E0,0.E0));
#4628=VECTOR('',#4627,5.E-1);
#4629=CARTESIAN_POINT('',(-2.77E0,-3.E-1,1.148205080757E0));
#4630=LINE('',#4629,#4628);
#4631=DIRECTION('',(0.E0,1.E0,0.E0));
#4632=VECTOR('',#4631,8.5E-1);
#4633=CARTESIAN_POINT('',(-2.77E0,-1.15E0,2.175E0));
#4634=LINE('',#4633,#4632);
#4635=DIRECTION('',(0.E0,0.E0,-1.E0));
#4636=VECTOR('',#4635,1.026794919243E0);
#4637=CARTESIAN_POINT('',(-2.77E0,-3.E-1,2.175E0));
#4638=LINE('',#4637,#4636);
#4639=DIRECTION('',(0.E0,8.660254037844E-1,-5.E-1));
#4640=VECTOR('',#4639,3.464101615138E-1);
#4641=CARTESIAN_POINT('',(-2.77E0,-3.E-1,1.148205080757E0));
#4642=LINE('',#4641,#4640);
#4643=DIRECTION('',(0.E0,0.E0,1.E0));
#4644=VECTOR('',#4643,5.E-2);
#4645=CARTESIAN_POINT('',(-2.77E0,0.E0,9.75E-1));
#4646=LINE('',#4645,#4644);
#4647=DIRECTION('',(0.E0,1.E0,0.E0));
#4648=VECTOR('',#4647,1.2E0);
#4649=CARTESIAN_POINT('',(-2.77E0,0.E0,1.025E0));
#4650=LINE('',#4649,#4648);
#4651=DIRECTION('',(0.E0,0.E0,-1.E0));
#4652=VECTOR('',#4651,3.5E-1);
#4653=CARTESIAN_POINT('',(-2.77E0,1.2E0,1.025E0));
#4654=LINE('',#4653,#4652);
#4655=DIRECTION('',(0.E0,1.E0,0.E0));
#4656=VECTOR('',#4655,3.5E-1);
#4657=CARTESIAN_POINT('',(-2.77E0,1.2E0,6.75E-1));
#4658=LINE('',#4657,#4656);
#4659=DIRECTION('',(0.E0,0.E0,1.E0));
#4660=VECTOR('',#4659,1.344754218856E-1);
#4661=CARTESIAN_POINT('',(-2.77E0,1.55E0,6.75E-1));
#4662=LINE('',#4661,#4660);
#4663=CARTESIAN_POINT('',(-2.77E0,-3.3E0,2.025E0));
#4664=DIRECTION('',(1.E0,0.E0,0.E0));
#4665=DIRECTION('',(0.E0,9.7E-1,-2.431049156229E-1));
#4666=AXIS2_PLACEMENT_3D('',#4663,#4664,#4665);
#4668=DIRECTION('',(0.E0,0.E0,1.E0));
#4669=VECTOR('',#4668,1.344754218857E-1);
#4670=CARTESIAN_POINT('',(-2.77E0,1.55E0,3.240524578114E0));
#4671=LINE('',#4670,#4669);
#4672=DIRECTION('',(0.E0,-1.E0,0.E0));
#4673=VECTOR('',#4672,3.5E-1);
#4674=CARTESIAN_POINT('',(-2.77E0,1.55E0,3.375E0));
#4675=LINE('',#4674,#4673);
#4676=DIRECTION('',(0.E0,0.E0,-1.E0));
#4677=VECTOR('',#4676,3.5E-1);
#4678=CARTESIAN_POINT('',(-2.77E0,1.2E0,3.375E0));
#4679=LINE('',#4678,#4677);
#4680=DIRECTION('',(0.E0,-1.E0,0.E0));
#4681=VECTOR('',#4680,1.2E0);
#4682=CARTESIAN_POINT('',(-2.77E0,1.2E0,3.025E0));
#4683=LINE('',#4682,#4681);
#4684=DIRECTION('',(0.E0,1.942890293094E-14,1.E0));
#4685=VECTOR('',#4684,5.E-2);
#4686=CARTESIAN_POINT('',(-2.77E0,0.E0,3.025E0));
#4687=LINE('',#4686,#4685);
#4688=DIRECTION('',(0.E0,-8.660254037844E-1,-5.E-1));
#4689=VECTOR('',#4688,3.464101615138E-1);
#4690=CARTESIAN_POINT('',(-2.77E0,0.E0,3.075E0));
#4691=LINE('',#4690,#4689);
#4692=DIRECTION('',(0.E0,0.E0,-1.E0));
#4693=VECTOR('',#4692,2.679491924310E-2);
#4694=CARTESIAN_POINT('',(-2.77E0,-3.E-1,2.901794919243E0));
#4695=LINE('',#4694,#4693);
#4696=DIRECTION('',(0.E0,-1.E0,0.E0));
#4697=VECTOR('',#4696,8.5E-1);
#4698=CARTESIAN_POINT('',(-2.77E0,-3.E-1,2.875E0));
#4699=LINE('',#4698,#4697);
#4700=DIRECTION('',(0.E0,0.E0,1.E0));
#4701=VECTOR('',#4700,7.E-1);
#4702=CARTESIAN_POINT('',(-2.77E0,-1.15E0,2.175E0));
#4703=LINE('',#4702,#4701);
#4704=DIRECTION('',(1.E0,0.E0,0.E0));
#4705=VECTOR('',#4704,1.42E1);
#4706=CARTESIAN_POINT('',(-1.697E1,-1.15E0,2.175E0));
#4707=LINE('',#4706,#4705);
#4708=DIRECTION('',(0.E0,0.E0,1.E0));
#4709=VECTOR('',#4708,7.E-1);
#4710=CARTESIAN_POINT('',(-1.697E1,-1.15E0,2.175E0));
#4711=LINE('',#4710,#4709);
#4712=DIRECTION('',(0.E0,-1.E0,0.E0));
#4713=VECTOR('',#4712,5.E-1);
#4714=CARTESIAN_POINT('',(-1.697E1,-1.15E0,2.875E0));
#4715=LINE('',#4714,#4713);
#4716=DIRECTION('',(0.E0,0.E0,-1.E0));
#4717=VECTOR('',#4716,7.E-1);
#4718=CARTESIAN_POINT('',(-1.697E1,-1.65E0,2.875E0));
#4719=LINE('',#4718,#4717);
#4720=DIRECTION('',(0.E0,1.E0,0.E0));
#4721=VECTOR('',#4720,5.E-1);
#4722=CARTESIAN_POINT('',(-1.697E1,-1.65E0,2.175E0));
#4723=LINE('',#4722,#4721);
#4724=DIRECTION('',(1.E0,0.E0,0.E0));
#4725=VECTOR('',#4724,5.E-1);
#4726=CARTESIAN_POINT('',(-2.77E0,0.E0,3.075E0));
#4727=LINE('',#4726,#4725);
#4728=DIRECTION('',(-1.E0,0.E0,0.E0));
#4729=VECTOR('',#4728,5.E-1);
#4730=CARTESIAN_POINT('',(-2.27E0,-3.E-1,2.875E0));
#4731=LINE('',#4730,#4729);
#4732=DIRECTION('',(1.E0,0.E0,0.E0));
#4733=VECTOR('',#4732,5.E-1);
#4734=CARTESIAN_POINT('',(-2.77E0,-3.E-1,2.901794919243E0));
#4735=LINE('',#4734,#4733);
#4736=DIRECTION('',(0.E0,0.E0,-1.E0));
#4737=VECTOR('',#4736,2.679491924310E-2);
#4738=CARTESIAN_POINT('',(-2.27E0,-3.E-1,2.901794919243E0));
#4739=LINE('',#4738,#4737);
#4740=CARTESIAN_POINT('',(-2.27E0,-1.15E0,2.875E0));
#4741=CARTESIAN_POINT('',(-2.27E0,-1.15E0,2.175E0));
#4742=VERTEX_POINT('',#4740);
#4743=VERTEX_POINT('',#4741);
#4744=CARTESIAN_POINT('',(-2.27E0,-3.E-1,2.875E0));
#4745=VERTEX_POINT('',#4744);
#4746=CARTESIAN_POINT('',(-2.27E0,-3.E-1,2.901794919243E0));
#4747=VERTEX_POINT('',#4746);
#4748=CARTESIAN_POINT('',(-2.27E0,0.E0,3.075E0));
#4749=VERTEX_POINT('',#4748);
#4750=CARTESIAN_POINT('',(-2.27E0,0.E0,3.025E0));
#4751=VERTEX_POINT('',#4750);
#4752=CARTESIAN_POINT('',(-2.27E0,1.2E0,3.025E0));
#4753=VERTEX_POINT('',#4752);
#4754=CARTESIAN_POINT('',(-2.27E0,1.2E0,3.375E0));
#4755=VERTEX_POINT('',#4754);
#4756=CARTESIAN_POINT('',(-2.27E0,1.55E0,3.375E0));
#4757=VERTEX_POINT('',#4756);
#4758=CARTESIAN_POINT('',(-2.27E0,1.55E0,3.240524578114E0));
#4759=VERTEX_POINT('',#4758);
#4760=CARTESIAN_POINT('',(-2.27E0,1.55E0,8.094754218856E-1));
#4761=VERTEX_POINT('',#4760);
#4762=CARTESIAN_POINT('',(-2.27E0,1.55E0,6.75E-1));
#4763=VERTEX_POINT('',#4762);
#4764=CARTESIAN_POINT('',(-2.27E0,1.2E0,6.75E-1));
#4765=VERTEX_POINT('',#4764);
#4766=CARTESIAN_POINT('',(-2.27E0,1.2E0,1.025E0));
#4767=VERTEX_POINT('',#4766);
#4768=CARTESIAN_POINT('',(-2.27E0,0.E0,1.025E0));
#4769=VERTEX_POINT('',#4768);
#4770=CARTESIAN_POINT('',(-2.27E0,0.E0,9.75E-1));
#4771=VERTEX_POINT('',#4770);
#4772=CARTESIAN_POINT('',(-2.27E0,-3.E-1,1.148205080757E0));
#4773=VERTEX_POINT('',#4772);
#4774=CARTESIAN_POINT('',(-2.27E0,-3.E-1,2.175E0));
#4775=VERTEX_POINT('',#4774);
#4776=CARTESIAN_POINT('',(-2.77E0,-1.65E0,2.875E0));
#4777=VERTEX_POINT('',#4776);
#4778=CARTESIAN_POINT('',(-2.77E0,-1.65E0,2.175E0));
#4779=VERTEX_POINT('',#4778);
#4780=CARTESIAN_POINT('',(-1.697E1,-1.65E0,2.875E0));
#4781=VERTEX_POINT('',#4780);
#4782=CARTESIAN_POINT('',(-1.697E1,-1.15E0,2.875E0));
#4783=VERTEX_POINT('',#4782);
#4784=CARTESIAN_POINT('',(-2.77E0,-1.15E0,2.875E0));
#4785=VERTEX_POINT('',#4784);
#4786=CARTESIAN_POINT('',(-2.77E0,-3.E-1,2.875E0));
#4787=VERTEX_POINT('',#4786);
#4788=CARTESIAN_POINT('',(-1.697E1,-1.65E0,2.175E0));
#4789=VERTEX_POINT('',#4788);
#4790=CARTESIAN_POINT('',(-2.77E0,-3.E-1,2.175E0));
#4791=VERTEX_POINT('',#4790);
#4792=CARTESIAN_POINT('',(-2.77E0,-1.15E0,2.175E0));
#4793=VERTEX_POINT('',#4792);
#4794=CARTESIAN_POINT('',(-1.697E1,-1.15E0,2.175E0));
#4795=VERTEX_POINT('',#4794);
#4796=CARTESIAN_POINT('',(-2.77E0,-3.E-1,2.901794919243E0));
#4797=VERTEX_POINT('',#4796);
#4798=CARTESIAN_POINT('',(-2.77E0,-3.E-1,1.148205080757E0));
#4799=VERTEX_POINT('',#4798);
#4800=CARTESIAN_POINT('',(-2.77E0,0.E0,9.75E-1));
#4801=VERTEX_POINT('',#4800);
#4802=CARTESIAN_POINT('',(-2.77E0,0.E0,1.025E0));
#4803=VERTEX_POINT('',#4802);
#4804=CARTESIAN_POINT('',(-2.77E0,1.2E0,1.025E0));
#4805=VERTEX_POINT('',#4804);
#4806=CARTESIAN_POINT('',(-2.77E0,1.2E0,6.75E-1));
#4807=VERTEX_POINT('',#4806);
#4808=CARTESIAN_POINT('',(-2.77E0,1.55E0,6.75E-1));
#4809=VERTEX_POINT('',#4808);
#4810=CARTESIAN_POINT('',(-2.77E0,1.55E0,8.094754218856E-1));
#4811=VERTEX_POINT('',#4810);
#4812=CARTESIAN_POINT('',(-2.77E0,1.55E0,3.240524578114E0));
#4813=VERTEX_POINT('',#4812);
#4814=CARTESIAN_POINT('',(-2.77E0,1.55E0,3.375E0));
#4815=VERTEX_POINT('',#4814);
#4816=CARTESIAN_POINT('',(-2.77E0,1.2E0,3.375E0));
#4817=VERTEX_POINT('',#4816);
#4818=CARTESIAN_POINT('',(-2.77E0,1.2E0,3.025E0));
#4819=VERTEX_POINT('',#4818);
#4820=CARTESIAN_POINT('',(-2.77E0,0.E0,3.025E0));
#4821=VERTEX_POINT('',#4820);
#4822=CARTESIAN_POINT('',(-2.77E0,0.E0,3.075E0));
#4823=VERTEX_POINT('',#4822);
#4824=CARTESIAN_POINT('',(-2.27E0,-3.E-1,2.025E0));
#4825=DIRECTION('',(-1.E0,0.E0,0.E0));
#4826=DIRECTION('',(0.E0,0.E0,1.E0));
#4827=AXIS2_PLACEMENT_3D('',#4824,#4825,#4826);
#4828=PLANE('',#4827);
#4830=ORIENTED_EDGE('',*,*,#4829,.F.);
#4832=ORIENTED_EDGE('',*,*,#4831,.T.);
#4834=ORIENTED_EDGE('',*,*,#4833,.F.);
#4836=ORIENTED_EDGE('',*,*,#4835,.T.);
#4838=ORIENTED_EDGE('',*,*,#4837,.T.);
#4840=ORIENTED_EDGE('',*,*,#4839,.T.);
#4842=ORIENTED_EDGE('',*,*,#4841,.T.);
#4844=ORIENTED_EDGE('',*,*,#4843,.T.);
#4846=ORIENTED_EDGE('',*,*,#4845,.T.);
#4848=ORIENTED_EDGE('',*,*,#4847,.T.);
#4850=ORIENTED_EDGE('',*,*,#4849,.T.);
#4852=ORIENTED_EDGE('',*,*,#4851,.T.);
#4854=ORIENTED_EDGE('',*,*,#4853,.T.);
#4856=ORIENTED_EDGE('',*,*,#4855,.T.);
#4858=ORIENTED_EDGE('',*,*,#4857,.T.);
#4860=ORIENTED_EDGE('',*,*,#4859,.T.);
#4862=ORIENTED_EDGE('',*,*,#4861,.F.);
#4864=ORIENTED_EDGE('',*,*,#4863,.T.);
#4865=EDGE_LOOP('',(#4830,#4832,#4834,#4836,#4838,#4840,#4842,#4844,#4846,#4848,
#4850,#4852,#4854,#4856,#4858,#4860,#4862,#4864));
#4866=FACE_OUTER_BOUND('',#4865,.F.);
#4867=ADVANCED_FACE('',(#4866),#4828,.F.);
#4868=CARTESIAN_POINT('',(-2.77E0,-1.15E0,6.89472E0));
#4869=DIRECTION('',(0.E0,0.E0,-1.E0));
#4870=DIRECTION('',(1.E0,0.E0,0.E0));
#4871=AXIS2_PLACEMENT_3D('',#4868,#4869,#4870);
#4872=CYLINDRICAL_SURFACE('',#4871,5.E-1);
#4874=ORIENTED_EDGE('',*,*,#4873,.F.);
#4875=ORIENTED_EDGE('',*,*,#4829,.T.);
#4877=ORIENTED_EDGE('',*,*,#4876,.F.);
#4879=ORIENTED_EDGE('',*,*,#4878,.T.);
#4880=EDGE_LOOP('',(#4874,#4875,#4877,#4879));
#4881=FACE_OUTER_BOUND('',#4880,.F.);
#4882=ADVANCED_FACE('',(#4881),#4872,.T.);
#4883=CARTESIAN_POINT('',(-2.27E0,-1.4E0,2.875E0));
#4884=DIRECTION('',(0.E0,0.E0,1.E0));
#4885=DIRECTION('',(0.E0,1.E0,0.E0));
#4886=AXIS2_PLACEMENT_3D('',#4883,#4884,#4885);
#4887=PLANE('',#4886);
#4888=ORIENTED_EDGE('',*,*,#4873,.T.);
#4890=ORIENTED_EDGE('',*,*,#4889,.F.);
#4892=ORIENTED_EDGE('',*,*,#4891,.F.);
#4894=ORIENTED_EDGE('',*,*,#4893,.T.);
#4896=ORIENTED_EDGE('',*,*,#4895,.F.);
#4898=ORIENTED_EDGE('',*,*,#4897,.F.);
#4899=ORIENTED_EDGE('',*,*,#4831,.F.);
#4900=EDGE_LOOP('',(#4888,#4890,#4892,#4894,#4896,#4898,#4899));
#4901=FACE_OUTER_BOUND('',#4900,.F.);
#4902=ADVANCED_FACE('',(#4901),#4887,.T.);
#4903=CARTESIAN_POINT('',(-2.27E0,-1.65E0,2.175E0));
#4904=DIRECTION('',(0.E0,-1.E0,0.E0));
#4905=DIRECTION('',(0.E0,0.E0,1.E0));
#4906=AXIS2_PLACEMENT_3D('',#4903,#4904,#4905);
#4907=PLANE('',#4906);
#4908=ORIENTED_EDGE('',*,*,#4878,.F.);
#4910=ORIENTED_EDGE('',*,*,#4909,.F.);
#4912=ORIENTED_EDGE('',*,*,#4911,.F.);
#4913=ORIENTED_EDGE('',*,*,#4889,.T.);
#4914=EDGE_LOOP('',(#4908,#4910,#4912,#4913));
#4915=FACE_OUTER_BOUND('',#4914,.F.);
#4916=ADVANCED_FACE('',(#4915),#4907,.T.);
#4917=CARTESIAN_POINT('',(-2.27E0,-3.E-1,2.175E0));
#4918=DIRECTION('',(0.E0,0.E0,-1.E0));
#4919=DIRECTION('',(0.E0,-1.E0,0.E0));
#4920=AXIS2_PLACEMENT_3D('',#4917,#4918,#4919);
#4921=PLANE('',#4920);
#4922=ORIENTED_EDGE('',*,*,#4876,.T.);
#4923=ORIENTED_EDGE('',*,*,#4863,.F.);
#4925=ORIENTED_EDGE('',*,*,#4924,.T.);
#4927=ORIENTED_EDGE('',*,*,#4926,.F.);
#4929=ORIENTED_EDGE('',*,*,#4928,.F.);
#4931=ORIENTED_EDGE('',*,*,#4930,.F.);
#4932=ORIENTED_EDGE('',*,*,#4909,.T.);
#4933=EDGE_LOOP('',(#4922,#4923,#4925,#4927,#4929,#4931,#4932));
#4934=FACE_OUTER_BOUND('',#4933,.F.);
#4935=ADVANCED_FACE('',(#4934),#4921,.T.);
#4936=CARTESIAN_POINT('',(-2.27E0,-3.E-1,1.148205080757E0));
#4937=DIRECTION('',(0.E0,-1.E0,0.E0));
#4938=DIRECTION('',(0.E0,0.E0,1.E0));
#4939=AXIS2_PLACEMENT_3D('',#4936,#4937,#4938);
#4940=PLANE('',#4939);
#4941=ORIENTED_EDGE('',*,*,#4924,.F.);
#4942=ORIENTED_EDGE('',*,*,#4861,.T.);
#4944=ORIENTED_EDGE('',*,*,#4943,.F.);
#4946=ORIENTED_EDGE('',*,*,#4945,.F.);
#4947=EDGE_LOOP('',(#4941,#4942,#4944,#4946));
#4948=FACE_OUTER_BOUND('',#4947,.F.);
#4949=ADVANCED_FACE('',(#4948),#4940,.T.);
#4950=CARTESIAN_POINT('',(-2.27E0,0.E0,9.75E-1));
#4951=DIRECTION('',(0.E0,-5.E-1,-8.660254037844E-1));
#4952=DIRECTION('',(0.E0,-8.660254037844E-1,5.E-1));
#4953=AXIS2_PLACEMENT_3D('',#4950,#4951,#4952);
#4954=PLANE('',#4953);
#4955=ORIENTED_EDGE('',*,*,#4859,.F.);
#4957=ORIENTED_EDGE('',*,*,#4956,.T.);
#4959=ORIENTED_EDGE('',*,*,#4958,.F.);
#4960=ORIENTED_EDGE('',*,*,#4943,.T.);
#4961=EDGE_LOOP('',(#4955,#4957,#4959,#4960));
#4962=FACE_OUTER_BOUND('',#4961,.F.);
#4963=ADVANCED_FACE('',(#4962),#4954,.T.);
#4964=CARTESIAN_POINT('',(-2.77E0,-3.E-1,2.025E0));
#4965=DIRECTION('',(-1.E0,0.E0,0.E0));
#4966=DIRECTION('',(0.E0,0.E0,1.E0));
#4967=AXIS2_PLACEMENT_3D('',#4964,#4965,#4966);
#4968=PLANE('',#4967);
#4970=ORIENTED_EDGE('',*,*,#4969,.F.);
#4971=ORIENTED_EDGE('',*,*,#4926,.T.);
#4972=ORIENTED_EDGE('',*,*,#4945,.T.);
#4973=ORIENTED_EDGE('',*,*,#4958,.T.);
#4975=ORIENTED_EDGE('',*,*,#4974,.T.);
#4977=ORIENTED_EDGE('',*,*,#4976,.T.);
#4979=ORIENTED_EDGE('',*,*,#4978,.T.);
#4981=ORIENTED_EDGE('',*,*,#4980,.T.);
#4983=ORIENTED_EDGE('',*,*,#4982,.T.);
#4985=ORIENTED_EDGE('',*,*,#4984,.T.);
#4987=ORIENTED_EDGE('',*,*,#4986,.T.);
#4989=ORIENTED_EDGE('',*,*,#4988,.T.);
#4991=ORIENTED_EDGE('',*,*,#4990,.T.);
#4993=ORIENTED_EDGE('',*,*,#4992,.T.);
#4995=ORIENTED_EDGE('',*,*,#4994,.T.);
#4997=ORIENTED_EDGE('',*,*,#4996,.T.);
#4999=ORIENTED_EDGE('',*,*,#4998,.T.);
#5000=ORIENTED_EDGE('',*,*,#4895,.T.);
#5001=EDGE_LOOP('',(#4970,#4971,#4972,#4973,#4975,#4977,#4979,#4981,#4983,#4985,
#4987,#4989,#4991,#4993,#4995,#4997,#4999,#5000));
#5002=FACE_OUTER_BOUND('',#5001,.F.);
#5003=ADVANCED_FACE('',(#5002),#4968,.T.);
#5004=CARTESIAN_POINT('',(-2.27E0,-1.15E0,2.875E0));
#5005=DIRECTION('',(0.E0,1.E0,0.E0));
#5006=DIRECTION('',(0.E0,0.E0,-1.E0));
#5007=AXIS2_PLACEMENT_3D('',#5004,#5005,#5006);
#5008=PLANE('',#5007);
#5009=ORIENTED_EDGE('',*,*,#4969,.T.);
#5010=ORIENTED_EDGE('',*,*,#4893,.F.);
#5012=ORIENTED_EDGE('',*,*,#5011,.F.);
#5013=ORIENTED_EDGE('',*,*,#4928,.T.);
#5014=EDGE_LOOP('',(#5009,#5010,#5012,#5013));
#5015=FACE_OUTER_BOUND('',#5014,.F.);
#5016=ADVANCED_FACE('',(#5015),#5008,.T.);
#5017=CARTESIAN_POINT('',(-1.697E1,-3.E-1,2.025E0));
#5018=DIRECTION('',(-1.E0,0.E0,0.E0));
#5019=DIRECTION('',(0.E0,1.E0,0.E0));
#5020=AXIS2_PLACEMENT_3D('',#5017,#5018,#5019);
#5021=PLANE('',#5020);
#5022=ORIENTED_EDGE('',*,*,#5011,.T.);
#5023=ORIENTED_EDGE('',*,*,#4891,.T.);
#5024=ORIENTED_EDGE('',*,*,#4911,.T.);
#5025=ORIENTED_EDGE('',*,*,#4930,.T.);
#5026=EDGE_LOOP('',(#5022,#5023,#5024,#5025));
#5027=FACE_OUTER_BOUND('',#5026,.F.);
#5028=ADVANCED_FACE('',(#5027),#5021,.T.);
#5029=CARTESIAN_POINT('',(-2.27E0,-3.E-1,2.901794919243E0));
#5030=DIRECTION('',(0.E0,-5.E-1,8.660254037844E-1));
#5031=DIRECTION('',(0.E0,8.660254037844E-1,5.E-1));
#5032=AXIS2_PLACEMENT_3D('',#5029,#5030,#5031);
#5033=PLANE('',#5032);
#5034=ORIENTED_EDGE('',*,*,#4835,.F.);
#5036=ORIENTED_EDGE('',*,*,#5035,.F.);
#5037=ORIENTED_EDGE('',*,*,#4996,.F.);
#5039=ORIENTED_EDGE('',*,*,#5038,.T.);
#5040=EDGE_LOOP('',(#5034,#5036,#5037,#5039));
#5041=FACE_OUTER_BOUND('',#5040,.F.);
#5042=ADVANCED_FACE('',(#5041),#5033,.T.);
#5043=CARTESIAN_POINT('',(-2.27E0,-3.E-1,1.148205080757E0));
#5044=DIRECTION('',(0.E0,-1.E0,0.E0));
#5045=DIRECTION('',(0.E0,0.E0,1.E0));
#5046=AXIS2_PLACEMENT_3D('',#5043,#5044,#5045);
#5047=PLANE('',#5046);
#5048=ORIENTED_EDGE('',*,*,#4897,.T.);
#5049=ORIENTED_EDGE('',*,*,#4998,.F.);
#5050=ORIENTED_EDGE('',*,*,#5035,.T.);
#5051=ORIENTED_EDGE('',*,*,#4833,.T.);
#5052=EDGE_LOOP('',(#5048,#5049,#5050,#5051));
#5053=FACE_OUTER_BOUND('',#5052,.F.);
#5054=ADVANCED_FACE('',(#5053),#5047,.T.);
#5055=OPEN_SHELL('',(#4867,#4882,#4902,#4916,#4935,#4949,#4963,#5003,#5016,
#5028,#5042,#5054));
#5056=DIRECTION('',(0.E0,1.E0,0.E0));
#5057=VECTOR('',#5056,5.93E0);
#5058=CARTESIAN_POINT('',(2.81E0,-6.23E0,2.925E0));
#5059=LINE('',#5058,#5057);
#5060=DIRECTION('',(0.E0,0.E0,1.E0));
#5061=VECTOR('',#5060,2.679491924310E-2);
#5062=CARTESIAN_POINT('',(2.81E0,-3.E-1,2.925E0));
#5063=LINE('',#5062,#5061);
#5064=DIRECTION('',(0.E0,8.660254037844E-1,5.E-1));
#5065=VECTOR('',#5064,3.464101615138E-1);
#5066=CARTESIAN_POINT('',(2.81E0,-3.E-1,2.951794919243E0));
#5067=LINE('',#5066,#5065);
#5068=DIRECTION('',(0.E0,-1.942890293094E-14,-1.E0));
#5069=VECTOR('',#5068,5.E-2);
#5070=CARTESIAN_POINT('',(2.81E0,0.E0,3.125E0));
#5071=LINE('',#5070,#5069);
#5072=DIRECTION('',(0.E0,1.E0,0.E0));
#5073=VECTOR('',#5072,1.2E0);
#5074=CARTESIAN_POINT('',(2.81E0,0.E0,3.075E0));
#5075=LINE('',#5074,#5073);
#5076=DIRECTION('',(0.E0,0.E0,1.E0));
#5077=VECTOR('',#5076,3.5E-1);
#5078=CARTESIAN_POINT('',(2.81E0,1.2E0,3.075E0));
#5079=LINE('',#5078,#5077);
#5080=DIRECTION('',(0.E0,1.E0,0.E0));
#5081=VECTOR('',#5080,3.5E-1);
#5082=CARTESIAN_POINT('',(2.81E0,1.2E0,3.425E0));
#5083=LINE('',#5082,#5081);
#5084=DIRECTION('',(0.E0,0.E0,-1.E0));
#5085=VECTOR('',#5084,1.344754218857E-1);
#5086=CARTESIAN_POINT('',(2.81E0,1.55E0,3.425E0));
#5087=LINE('',#5086,#5085);
#5088=CARTESIAN_POINT('',(2.81E0,-3.3E0,2.075E0));
#5089=DIRECTION('',(-1.E0,0.E0,0.E0));
#5090=DIRECTION('',(0.E0,9.7E-1,2.431049156229E-1));
#5091=AXIS2_PLACEMENT_3D('',#5088,#5089,#5090);
#5093=DIRECTION('',(0.E0,0.E0,-1.E0));
#5094=VECTOR('',#5093,1.344754218856E-1);
#5095=CARTESIAN_POINT('',(2.81E0,1.55E0,8.594754218856E-1));
#5096=LINE('',#5095,#5094);
#5097=DIRECTION('',(0.E0,-1.E0,0.E0));
#5098=VECTOR('',#5097,3.5E-1);
#5099=CARTESIAN_POINT('',(2.81E0,1.55E0,7.25E-1));
#5100=LINE('',#5099,#5098);
#5101=DIRECTION('',(0.E0,0.E0,1.E0));
#5102=VECTOR('',#5101,3.5E-1);
#5103=CARTESIAN_POINT('',(2.81E0,1.2E0,7.25E-1));
#5104=LINE('',#5103,#5102);
#5105=DIRECTION('',(0.E0,-1.E0,0.E0));
#5106=VECTOR('',#5105,1.2E0);
#5107=CARTESIAN_POINT('',(2.81E0,1.2E0,1.075E0));
#5108=LINE('',#5107,#5106);
#5109=DIRECTION('',(0.E0,0.E0,-1.E0));
#5110=VECTOR('',#5109,5.E-2);
#5111=CARTESIAN_POINT('',(2.81E0,0.E0,1.075E0));
#5112=LINE('',#5111,#5110);
#5113=DIRECTION('',(0.E0,-8.660254037844E-1,5.E-1));
#5114=VECTOR('',#5113,3.464101615138E-1);
#5115=CARTESIAN_POINT('',(2.81E0,0.E0,1.025E0));
#5116=LINE('',#5115,#5114);
#5117=DIRECTION('',(0.E0,-1.E0,0.E0));
#5118=VECTOR('',#5117,5.93E0);
#5119=CARTESIAN_POINT('',(2.81E0,-3.E-1,2.225E0));
#5120=LINE('',#5119,#5118);
#5121=DIRECTION('',(0.E0,0.E0,-1.E0));
#5122=VECTOR('',#5121,7.E-1);
#5123=CARTESIAN_POINT('',(2.81E0,-6.23E0,2.925E0));
#5124=LINE('',#5123,#5122);
#5125=DIRECTION('',(0.E0,0.E0,1.E0));
#5126=VECTOR('',#5125,7.E-1);
#5127=CARTESIAN_POINT('',(2.31E0,-6.73E0,2.225E0));
#5128=LINE('',#5127,#5126);
#5129=CARTESIAN_POINT('',(2.31E0,-6.23E0,2.925E0));
#5130=DIRECTION('',(0.E0,0.E0,-1.E0));
#5131=DIRECTION('',(1.E0,0.E0,0.E0));
#5132=AXIS2_PLACEMENT_3D('',#5129,#5130,#5131);
#5134=DIRECTION('',(1.E0,0.E0,0.E0));
#5135=VECTOR('',#5134,1.15E1);
#5136=CARTESIAN_POINT('',(-9.19E0,-6.23E0,2.925E0));
#5137=LINE('',#5136,#5135);
#5138=DIRECTION('',(1.E0,0.E0,0.E0));
#5139=VECTOR('',#5138,5.E-1);
#5140=CARTESIAN_POINT('',(2.31E0,-3.E-1,2.925E0));
#5141=LINE('',#5140,#5139);
#5142=DIRECTION('',(1.E0,0.E0,0.E0));
#5143=VECTOR('',#5142,1.15E1);
#5144=CARTESIAN_POINT('',(-9.19E0,-6.73E0,2.925E0));
#5145=LINE('',#5144,#5143);
#5146=CARTESIAN_POINT('',(2.31E0,-6.23E0,2.225E0));
#5147=DIRECTION('',(0.E0,0.E0,1.E0));
#5148=DIRECTION('',(0.E0,-1.E0,0.E0));
#5149=AXIS2_PLACEMENT_3D('',#5146,#5147,#5148);
#5151=DIRECTION('',(-1.E0,0.E0,0.E0));
#5152=VECTOR('',#5151,5.E-1);
#5153=CARTESIAN_POINT('',(2.81E0,-3.E-1,2.225E0));
#5154=LINE('',#5153,#5152);
#5155=DIRECTION('',(1.E0,0.E0,0.E0));
#5156=VECTOR('',#5155,1.15E1);
#5157=CARTESIAN_POINT('',(-9.19E0,-6.73E0,2.225E0));
#5158=LINE('',#5157,#5156);
#5159=DIRECTION('',(0.E0,0.E0,-1.E0));
#5160=VECTOR('',#5159,1.026794919243E0);
#5161=CARTESIAN_POINT('',(2.81E0,-3.E-1,2.225E0));
#5162=LINE('',#5161,#5160);
#5163=DIRECTION('',(-1.E0,0.E0,0.E0));
#5164=VECTOR('',#5163,5.E-1);
#5165=CARTESIAN_POINT('',(2.81E0,0.E0,1.025E0));
#5166=LINE('',#5165,#5164);
#5167=DIRECTION('',(1.E0,0.E0,0.E0));
#5168=VECTOR('',#5167,5.E-1);
#5169=CARTESIAN_POINT('',(2.31E0,-3.E-1,1.198205080757E0));
#5170=LINE('',#5169,#5168);
#5171=DIRECTION('',(0.E0,1.E0,0.E0));
#5172=VECTOR('',#5171,5.93E0);
#5173=CARTESIAN_POINT('',(2.31E0,-6.23E0,2.225E0));
#5174=LINE('',#5173,#5172);
#5175=DIRECTION('',(0.E0,0.E0,-1.E0));
#5176=VECTOR('',#5175,1.026794919243E0);
#5177=CARTESIAN_POINT('',(2.31E0,-3.E-1,2.225E0));
#5178=LINE('',#5177,#5176);
#5179=DIRECTION('',(0.E0,8.660254037844E-1,-5.E-1));
#5180=VECTOR('',#5179,3.464101615138E-1);
#5181=CARTESIAN_POINT('',(2.31E0,-3.E-1,1.198205080757E0));
#5182=LINE('',#5181,#5180);
#5183=DIRECTION('',(0.E0,0.E0,1.E0));
#5184=VECTOR('',#5183,5.E-2);
#5185=CARTESIAN_POINT('',(2.31E0,0.E0,1.025E0));
#5186=LINE('',#5185,#5184);
#5187=DIRECTION('',(0.E0,1.E0,0.E0));
#5188=VECTOR('',#5187,1.2E0);
#5189=CARTESIAN_POINT('',(2.31E0,0.E0,1.075E0));
#5190=LINE('',#5189,#5188);
#5191=DIRECTION('',(0.E0,0.E0,-1.E0));
#5192=VECTOR('',#5191,3.5E-1);
#5193=CARTESIAN_POINT('',(2.31E0,1.2E0,1.075E0));
#5194=LINE('',#5193,#5192);
#5195=DIRECTION('',(0.E0,1.E0,0.E0));
#5196=VECTOR('',#5195,3.5E-1);
#5197=CARTESIAN_POINT('',(2.31E0,1.2E0,7.25E-1));
#5198=LINE('',#5197,#5196);
#5199=DIRECTION('',(0.E0,0.E0,1.E0));
#5200=VECTOR('',#5199,1.344754218856E-1);
#5201=CARTESIAN_POINT('',(2.31E0,1.55E0,7.25E-1));
#5202=LINE('',#5201,#5200);
#5203=CARTESIAN_POINT('',(2.31E0,-3.3E0,2.075E0));
#5204=DIRECTION('',(1.E0,0.E0,0.E0));
#5205=DIRECTION('',(0.E0,9.7E-1,-2.431049156229E-1));
#5206=AXIS2_PLACEMENT_3D('',#5203,#5204,#5205);
#5208=DIRECTION('',(0.E0,0.E0,1.E0));
#5209=VECTOR('',#5208,1.344754218857E-1);
#5210=CARTESIAN_POINT('',(2.31E0,1.55E0,3.290524578114E0));
#5211=LINE('',#5210,#5209);
#5212=DIRECTION('',(0.E0,-1.E0,0.E0));
#5213=VECTOR('',#5212,3.5E-1);
#5214=CARTESIAN_POINT('',(2.31E0,1.55E0,3.425E0));
#5215=LINE('',#5214,#5213);
#5216=DIRECTION('',(0.E0,0.E0,-1.E0));
#5217=VECTOR('',#5216,3.5E-1);
#5218=CARTESIAN_POINT('',(2.31E0,1.2E0,3.425E0));
#5219=LINE('',#5218,#5217);
#5220=DIRECTION('',(0.E0,-1.E0,0.E0));
#5221=VECTOR('',#5220,1.2E0);
#5222=CARTESIAN_POINT('',(2.31E0,1.2E0,3.075E0));
#5223=LINE('',#5222,#5221);
#5224=DIRECTION('',(0.E0,1.942890293094E-14,1.E0));
#5225=VECTOR('',#5224,5.E-2);
#5226=CARTESIAN_POINT('',(2.31E0,0.E0,3.075E0));
#5227=LINE('',#5226,#5225);
#5228=DIRECTION('',(0.E0,-8.660254037844E-1,-5.E-1));
#5229=VECTOR('',#5228,3.464101615138E-1);
#5230=CARTESIAN_POINT('',(2.31E0,0.E0,3.125E0));
#5231=LINE('',#5230,#5229);
#5232=DIRECTION('',(0.E0,0.E0,-1.E0));
#5233=VECTOR('',#5232,2.679491924310E-2);
#5234=CARTESIAN_POINT('',(2.31E0,-3.E-1,2.951794919243E0));
#5235=LINE('',#5234,#5233);
#5236=DIRECTION('',(0.E0,-1.E0,0.E0));
#5237=VECTOR('',#5236,5.93E0);
#5238=CARTESIAN_POINT('',(2.31E0,-3.E-1,2.925E0));
#5239=LINE('',#5238,#5237);
#5240=DIRECTION('',(0.E0,0.E0,1.E0));
#5241=VECTOR('',#5240,7.E-1);
#5242=CARTESIAN_POINT('',(2.31E0,-6.23E0,2.225E0));
#5243=LINE('',#5242,#5241);
#5244=DIRECTION('',(1.E0,0.E0,0.E0));
#5245=VECTOR('',#5244,1.15E1);
#5246=CARTESIAN_POINT('',(-9.19E0,-6.23E0,2.225E0));
#5247=LINE('',#5246,#5245);
#5248=DIRECTION('',(0.E0,0.E0,1.E0));
#5249=VECTOR('',#5248,7.E-1);
#5250=CARTESIAN_POINT('',(-9.19E0,-6.23E0,2.225E0));
#5251=LINE('',#5250,#5249);
#5252=DIRECTION('',(0.E0,-1.E0,0.E0));
#5253=VECTOR('',#5252,5.E-1);
#5254=CARTESIAN_POINT('',(-9.19E0,-6.23E0,2.925E0));
#5255=LINE('',#5254,#5253);
#5256=DIRECTION('',(0.E0,0.E0,-1.E0));
#5257=VECTOR('',#5256,7.E-1);
#5258=CARTESIAN_POINT('',(-9.19E0,-6.73E0,2.925E0));
#5259=LINE('',#5258,#5257);
#5260=DIRECTION('',(0.E0,1.E0,0.E0));
#5261=VECTOR('',#5260,5.E-1);
#5262=CARTESIAN_POINT('',(-9.19E0,-6.73E0,2.225E0));
#5263=LINE('',#5262,#5261);
#5264=DIRECTION('',(-1.E0,0.E0,0.E0));
#5265=VECTOR('',#5264,5.E-1);
#5266=CARTESIAN_POINT('',(2.81E0,-3.E-1,2.951794919243E0));
#5267=LINE('',#5266,#5265);
#5268=DIRECTION('',(1.E0,0.E0,0.E0));
#5269=VECTOR('',#5268,5.E-1);
#5270=CARTESIAN_POINT('',(2.31E0,0.E0,3.125E0));
#5271=LINE('',#5270,#5269);
#5272=CARTESIAN_POINT('',(2.81E0,-6.23E0,2.925E0));
#5273=CARTESIAN_POINT('',(2.81E0,-6.23E0,2.225E0));
#5274=VERTEX_POINT('',#5272);
#5275=VERTEX_POINT('',#5273);
#5276=CARTESIAN_POINT('',(2.81E0,-3.E-1,2.925E0));
#5277=VERTEX_POINT('',#5276);
#5278=CARTESIAN_POINT('',(2.81E0,-3.E-1,2.951794919243E0));
#5279=VERTEX_POINT('',#5278);
#5280=CARTESIAN_POINT('',(2.81E0,0.E0,3.125E0));
#5281=VERTEX_POINT('',#5280);
#5282=CARTESIAN_POINT('',(2.81E0,0.E0,3.075E0));
#5283=VERTEX_POINT('',#5282);
#5284=CARTESIAN_POINT('',(2.81E0,1.2E0,3.075E0));
#5285=VERTEX_POINT('',#5284);
#5286=CARTESIAN_POINT('',(2.81E0,1.2E0,3.425E0));
#5287=VERTEX_POINT('',#5286);
#5288=CARTESIAN_POINT('',(2.81E0,1.55E0,3.425E0));
#5289=VERTEX_POINT('',#5288);
#5290=CARTESIAN_POINT('',(2.81E0,1.55E0,3.290524578114E0));
#5291=VERTEX_POINT('',#5290);
#5292=CARTESIAN_POINT('',(2.81E0,1.55E0,8.594754218856E-1));
#5293=VERTEX_POINT('',#5292);
#5294=CARTESIAN_POINT('',(2.81E0,1.55E0,7.25E-1));
#5295=VERTEX_POINT('',#5294);
#5296=CARTESIAN_POINT('',(2.81E0,1.2E0,7.25E-1));
#5297=VERTEX_POINT('',#5296);
#5298=CARTESIAN_POINT('',(2.81E0,1.2E0,1.075E0));
#5299=VERTEX_POINT('',#5298);
#5300=CARTESIAN_POINT('',(2.81E0,0.E0,1.075E0));
#5301=VERTEX_POINT('',#5300);
#5302=CARTESIAN_POINT('',(2.81E0,0.E0,1.025E0));
#5303=VERTEX_POINT('',#5302);
#5304=CARTESIAN_POINT('',(2.81E0,-3.E-1,1.198205080757E0));
#5305=VERTEX_POINT('',#5304);
#5306=CARTESIAN_POINT('',(2.81E0,-3.E-1,2.225E0));
#5307=VERTEX_POINT('',#5306);
#5308=CARTESIAN_POINT('',(2.31E0,-6.73E0,2.925E0));
#5309=VERTEX_POINT('',#5308);
#5310=CARTESIAN_POINT('',(2.31E0,-6.73E0,2.225E0));
#5311=VERTEX_POINT('',#5310);
#5312=CARTESIAN_POINT('',(-9.19E0,-6.73E0,2.925E0));
#5313=VERTEX_POINT('',#5312);
#5314=CARTESIAN_POINT('',(-9.19E0,-6.23E0,2.925E0));
#5315=VERTEX_POINT('',#5314);
#5316=CARTESIAN_POINT('',(2.31E0,-6.23E0,2.925E0));
#5317=VERTEX_POINT('',#5316);
#5318=CARTESIAN_POINT('',(2.31E0,-3.E-1,2.925E0));
#5319=VERTEX_POINT('',#5318);
#5320=CARTESIAN_POINT('',(-9.19E0,-6.73E0,2.225E0));
#5321=VERTEX_POINT('',#5320);
#5322=CARTESIAN_POINT('',(2.31E0,-3.E-1,2.225E0));
#5323=VERTEX_POINT('',#5322);
#5324=CARTESIAN_POINT('',(2.31E0,-6.23E0,2.225E0));
#5325=VERTEX_POINT('',#5324);
#5326=CARTESIAN_POINT('',(-9.19E0,-6.23E0,2.225E0));
#5327=VERTEX_POINT('',#5326);
#5328=CARTESIAN_POINT('',(2.31E0,-3.E-1,2.951794919243E0));
#5329=VERTEX_POINT('',#5328);
#5330=CARTESIAN_POINT('',(2.31E0,-3.E-1,1.198205080757E0));
#5331=VERTEX_POINT('',#5330);
#5332=CARTESIAN_POINT('',(2.31E0,0.E0,1.025E0));
#5333=VERTEX_POINT('',#5332);
#5334=CARTESIAN_POINT('',(2.31E0,0.E0,1.075E0));
#5335=VERTEX_POINT('',#5334);
#5336=CARTESIAN_POINT('',(2.31E0,1.2E0,1.075E0));
#5337=VERTEX_POINT('',#5336);
#5338=CARTESIAN_POINT('',(2.31E0,1.2E0,7.25E-1));
#5339=VERTEX_POINT('',#5338);
#5340=CARTESIAN_POINT('',(2.31E0,1.55E0,7.25E-1));
#5341=VERTEX_POINT('',#5340);
#5342=CARTESIAN_POINT('',(2.31E0,1.55E0,8.594754218856E-1));
#5343=VERTEX_POINT('',#5342);
#5344=CARTESIAN_POINT('',(2.31E0,1.55E0,3.290524578114E0));
#5345=VERTEX_POINT('',#5344);
#5346=CARTESIAN_POINT('',(2.31E0,1.55E0,3.425E0));
#5347=VERTEX_POINT('',#5346);
#5348=CARTESIAN_POINT('',(2.31E0,1.2E0,3.425E0));
#5349=VERTEX_POINT('',#5348);
#5350=CARTESIAN_POINT('',(2.31E0,1.2E0,3.075E0));
#5351=VERTEX_POINT('',#5350);
#5352=CARTESIAN_POINT('',(2.31E0,0.E0,3.075E0));
#5353=VERTEX_POINT('',#5352);
#5354=CARTESIAN_POINT('',(2.31E0,0.E0,3.125E0));
#5355=VERTEX_POINT('',#5354);
#5356=CARTESIAN_POINT('',(2.81E0,-3.E-1,2.075E0));
#5357=DIRECTION('',(-1.E0,0.E0,0.E0));
#5358=DIRECTION('',(0.E0,0.E0,1.E0));
#5359=AXIS2_PLACEMENT_3D('',#5356,#5357,#5358);
#5360=PLANE('',#5359);
#5362=ORIENTED_EDGE('',*,*,#5361,.F.);
#5364=ORIENTED_EDGE('',*,*,#5363,.T.);
#5366=ORIENTED_EDGE('',*,*,#5365,.T.);
#5368=ORIENTED_EDGE('',*,*,#5367,.T.);
#5370=ORIENTED_EDGE('',*,*,#5369,.T.);
#5372=ORIENTED_EDGE('',*,*,#5371,.T.);
#5374=ORIENTED_EDGE('',*,*,#5373,.T.);
#5376=ORIENTED_EDGE('',*,*,#5375,.T.);
#5378=ORIENTED_EDGE('',*,*,#5377,.T.);
#5380=ORIENTED_EDGE('',*,*,#5379,.T.);
#5382=ORIENTED_EDGE('',*,*,#5381,.T.);
#5384=ORIENTED_EDGE('',*,*,#5383,.T.);
#5386=ORIENTED_EDGE('',*,*,#5385,.T.);
#5388=ORIENTED_EDGE('',*,*,#5387,.T.);
#5390=ORIENTED_EDGE('',*,*,#5389,.T.);
#5392=ORIENTED_EDGE('',*,*,#5391,.T.);
#5394=ORIENTED_EDGE('',*,*,#5393,.F.);
#5396=ORIENTED_EDGE('',*,*,#5395,.T.);
#5397=EDGE_LOOP('',(#5362,#5364,#5366,#5368,#5370,#5372,#5374,#5376,#5378,#5380,
#5382,#5384,#5386,#5388,#5390,#5392,#5394,#5396));
#5398=FACE_OUTER_BOUND('',#5397,.F.);
#5399=ADVANCED_FACE('',(#5398),#5360,.F.);
#5400=CARTESIAN_POINT('',(2.31E0,-6.23E0,6.94472E0));
#5401=DIRECTION('',(0.E0,0.E0,-1.E0));
#5402=DIRECTION('',(1.E0,0.E0,0.E0));
#5403=AXIS2_PLACEMENT_3D('',#5400,#5401,#5402);
#5404=CYLINDRICAL_SURFACE('',#5403,5.E-1);
#5406=ORIENTED_EDGE('',*,*,#5405,.F.);
#5407=ORIENTED_EDGE('',*,*,#5361,.T.);
#5409=ORIENTED_EDGE('',*,*,#5408,.F.);
#5411=ORIENTED_EDGE('',*,*,#5410,.T.);
#5412=EDGE_LOOP('',(#5406,#5407,#5409,#5411));
#5413=FACE_OUTER_BOUND('',#5412,.F.);
#5414=ADVANCED_FACE('',(#5413),#5404,.T.);
#5415=CARTESIAN_POINT('',(2.81E0,-6.48E0,2.925E0));
#5416=DIRECTION('',(0.E0,0.E0,1.E0));
#5417=DIRECTION('',(0.E0,1.E0,0.E0));
#5418=AXIS2_PLACEMENT_3D('',#5415,#5416,#5417);
#5419=PLANE('',#5418);
#5420=ORIENTED_EDGE('',*,*,#5405,.T.);
#5422=ORIENTED_EDGE('',*,*,#5421,.F.);
#5424=ORIENTED_EDGE('',*,*,#5423,.F.);
#5426=ORIENTED_EDGE('',*,*,#5425,.T.);
#5428=ORIENTED_EDGE('',*,*,#5427,.F.);
#5430=ORIENTED_EDGE('',*,*,#5429,.T.);
#5431=ORIENTED_EDGE('',*,*,#5363,.F.);
#5432=EDGE_LOOP('',(#5420,#5422,#5424,#5426,#5428,#5430,#5431));
#5433=FACE_OUTER_BOUND('',#5432,.F.);
#5434=ADVANCED_FACE('',(#5433),#5419,.T.);
#5435=CARTESIAN_POINT('',(2.81E0,-6.73E0,2.225E0));
#5436=DIRECTION('',(0.E0,-1.E0,0.E0));
#5437=DIRECTION('',(0.E0,0.E0,1.E0));
#5438=AXIS2_PLACEMENT_3D('',#5435,#5436,#5437);
#5439=PLANE('',#5438);
#5440=ORIENTED_EDGE('',*,*,#5410,.F.);
#5442=ORIENTED_EDGE('',*,*,#5441,.F.);
#5444=ORIENTED_EDGE('',*,*,#5443,.F.);
#5445=ORIENTED_EDGE('',*,*,#5421,.T.);
#5446=EDGE_LOOP('',(#5440,#5442,#5444,#5445));
#5447=FACE_OUTER_BOUND('',#5446,.F.);
#5448=ADVANCED_FACE('',(#5447),#5439,.T.);
#5449=CARTESIAN_POINT('',(2.81E0,-3.E-1,2.225E0));
#5450=DIRECTION('',(0.E0,0.E0,-1.E0));
#5451=DIRECTION('',(0.E0,-1.E0,0.E0));
#5452=AXIS2_PLACEMENT_3D('',#5449,#5450,#5451);
#5453=PLANE('',#5452);
#5454=ORIENTED_EDGE('',*,*,#5408,.T.);
#5455=ORIENTED_EDGE('',*,*,#5395,.F.);
#5457=ORIENTED_EDGE('',*,*,#5456,.T.);
#5459=ORIENTED_EDGE('',*,*,#5458,.F.);
#5461=ORIENTED_EDGE('',*,*,#5460,.F.);
#5463=ORIENTED_EDGE('',*,*,#5462,.F.);
#5464=ORIENTED_EDGE('',*,*,#5441,.T.);
#5465=EDGE_LOOP('',(#5454,#5455,#5457,#5459,#5461,#5463,#5464));
#5466=FACE_OUTER_BOUND('',#5465,.F.);
#5467=ADVANCED_FACE('',(#5466),#5453,.T.);
#5468=CARTESIAN_POINT('',(2.81E0,-3.E-1,1.198205080757E0));
#5469=DIRECTION('',(0.E0,-1.E0,0.E0));
#5470=DIRECTION('',(0.E0,0.E0,1.E0));
#5471=AXIS2_PLACEMENT_3D('',#5468,#5469,#5470);
#5472=PLANE('',#5471);
#5473=ORIENTED_EDGE('',*,*,#5456,.F.);
#5474=ORIENTED_EDGE('',*,*,#5393,.T.);
#5476=ORIENTED_EDGE('',*,*,#5475,.F.);
#5478=ORIENTED_EDGE('',*,*,#5477,.F.);
#5479=EDGE_LOOP('',(#5473,#5474,#5476,#5478));
#5480=FACE_OUTER_BOUND('',#5479,.F.);
#5481=ADVANCED_FACE('',(#5480),#5472,.T.);
#5482=CARTESIAN_POINT('',(2.81E0,0.E0,1.025E0));
#5483=DIRECTION('',(0.E0,-5.E-1,-8.660254037844E-1));
#5484=DIRECTION('',(0.E0,-8.660254037844E-1,5.E-1));
#5485=AXIS2_PLACEMENT_3D('',#5482,#5483,#5484);
#5486=PLANE('',#5485);
#5487=ORIENTED_EDGE('',*,*,#5391,.F.);
#5489=ORIENTED_EDGE('',*,*,#5488,.T.);
#5491=ORIENTED_EDGE('',*,*,#5490,.F.);
#5492=ORIENTED_EDGE('',*,*,#5475,.T.);
#5493=EDGE_LOOP('',(#5487,#5489,#5491,#5492));
#5494=FACE_OUTER_BOUND('',#5493,.F.);
#5495=ADVANCED_FACE('',(#5494),#5486,.T.);
#5496=CARTESIAN_POINT('',(2.31E0,-3.E-1,2.075E0));
#5497=DIRECTION('',(-1.E0,0.E0,0.E0));
#5498=DIRECTION('',(0.E0,0.E0,1.E0));
#5499=AXIS2_PLACEMENT_3D('',#5496,#5497,#5498);
#5500=PLANE('',#5499);
#5502=ORIENTED_EDGE('',*,*,#5501,.F.);
#5503=ORIENTED_EDGE('',*,*,#5458,.T.);
#5504=ORIENTED_EDGE('',*,*,#5477,.T.);
#5505=ORIENTED_EDGE('',*,*,#5490,.T.);
#5507=ORIENTED_EDGE('',*,*,#5506,.T.);
#5509=ORIENTED_EDGE('',*,*,#5508,.T.);
#5511=ORIENTED_EDGE('',*,*,#5510,.T.);
#5513=ORIENTED_EDGE('',*,*,#5512,.T.);
#5515=ORIENTED_EDGE('',*,*,#5514,.T.);
#5517=ORIENTED_EDGE('',*,*,#5516,.T.);
#5519=ORIENTED_EDGE('',*,*,#5518,.T.);
#5521=ORIENTED_EDGE('',*,*,#5520,.T.);
#5523=ORIENTED_EDGE('',*,*,#5522,.T.);
#5525=ORIENTED_EDGE('',*,*,#5524,.T.);
#5527=ORIENTED_EDGE('',*,*,#5526,.T.);
#5529=ORIENTED_EDGE('',*,*,#5528,.T.);
#5531=ORIENTED_EDGE('',*,*,#5530,.T.);
#5532=ORIENTED_EDGE('',*,*,#5427,.T.);
#5533=EDGE_LOOP('',(#5502,#5503,#5504,#5505,#5507,#5509,#5511,#5513,#5515,#5517,
#5519,#5521,#5523,#5525,#5527,#5529,#5531,#5532));
#5534=FACE_OUTER_BOUND('',#5533,.F.);
#5535=ADVANCED_FACE('',(#5534),#5500,.T.);
#5536=CARTESIAN_POINT('',(2.81E0,-6.23E0,2.925E0));
#5537=DIRECTION('',(0.E0,1.E0,0.E0));
#5538=DIRECTION('',(0.E0,0.E0,-1.E0));
#5539=AXIS2_PLACEMENT_3D('',#5536,#5537,#5538);
#5540=PLANE('',#5539);
#5541=ORIENTED_EDGE('',*,*,#5501,.T.);
#5542=ORIENTED_EDGE('',*,*,#5425,.F.);
#5544=ORIENTED_EDGE('',*,*,#5543,.F.);
#5545=ORIENTED_EDGE('',*,*,#5460,.T.);
#5546=EDGE_LOOP('',(#5541,#5542,#5544,#5545));
#5547=FACE_OUTER_BOUND('',#5546,.F.);
#5548=ADVANCED_FACE('',(#5547),#5540,.T.);
#5549=CARTESIAN_POINT('',(-9.19E0,-3.E-1,2.075E0));
#5550=DIRECTION('',(-1.E0,0.E0,0.E0));
#5551=DIRECTION('',(0.E0,1.E0,0.E0));
#5552=AXIS2_PLACEMENT_3D('',#5549,#5550,#5551);
#5553=PLANE('',#5552);
#5554=ORIENTED_EDGE('',*,*,#5543,.T.);
#5555=ORIENTED_EDGE('',*,*,#5423,.T.);
#5556=ORIENTED_EDGE('',*,*,#5443,.T.);
#5557=ORIENTED_EDGE('',*,*,#5462,.T.);
#5558=EDGE_LOOP('',(#5554,#5555,#5556,#5557));
#5559=FACE_OUTER_BOUND('',#5558,.F.);
#5560=ADVANCED_FACE('',(#5559),#5553,.T.);
#5561=CARTESIAN_POINT('',(2.81E0,-3.E-1,2.951794919243E0));
#5562=DIRECTION('',(0.E0,-5.E-1,8.660254037844E-1));
#5563=DIRECTION('',(0.E0,8.660254037844E-1,5.E-1));
#5564=AXIS2_PLACEMENT_3D('',#5561,#5562,#5563);
#5565=PLANE('',#5564);
#5566=ORIENTED_EDGE('',*,*,#5367,.F.);
#5568=ORIENTED_EDGE('',*,*,#5567,.T.);
#5569=ORIENTED_EDGE('',*,*,#5528,.F.);
#5571=ORIENTED_EDGE('',*,*,#5570,.T.);
#5572=EDGE_LOOP('',(#5566,#5568,#5569,#5571));
#5573=FACE_OUTER_BOUND('',#5572,.F.);
#5574=ADVANCED_FACE('',(#5573),#5565,.T.);
#5575=OPEN_SHELL('',(#5399,#5414,#5434,#5448,#5467,#5481,#5495,#5535,#5548,
#5560,#5574));
#5576=DIRECTION('',(0.E0,1.E0,0.E0));
#5577=VECTOR('',#5576,5.93E0);
#5578=CARTESIAN_POINT('',(2.81E0,-6.23E0,-2.225E0));
#5579=LINE('',#5578,#5577);
#5580=DIRECTION('',(0.E0,8.660254037844E-1,5.E-1));
#5581=VECTOR('',#5580,3.464101615138E-1);
#5582=CARTESIAN_POINT('',(2.81E0,-3.E-1,-1.198205080757E0));
#5583=LINE('',#5582,#5581);
#5584=DIRECTION('',(0.E0,-1.942890293094E-14,-1.E0));
#5585=VECTOR('',#5584,5.E-2);
#5586=CARTESIAN_POINT('',(2.81E0,0.E0,-1.025E0));
#5587=LINE('',#5586,#5585);
#5588=DIRECTION('',(0.E0,1.E0,0.E0));
#5589=VECTOR('',#5588,1.2E0);
#5590=CARTESIAN_POINT('',(2.81E0,0.E0,-1.075E0));
#5591=LINE('',#5590,#5589);
#5592=DIRECTION('',(0.E0,0.E0,1.E0));
#5593=VECTOR('',#5592,3.5E-1);
#5594=CARTESIAN_POINT('',(2.81E0,1.2E0,-1.075E0));
#5595=LINE('',#5594,#5593);
#5596=DIRECTION('',(0.E0,1.E0,0.E0));
#5597=VECTOR('',#5596,3.5E-1);
#5598=CARTESIAN_POINT('',(2.81E0,1.2E0,-7.25E-1));
#5599=LINE('',#5598,#5597);
#5600=DIRECTION('',(0.E0,0.E0,-1.E0));
#5601=VECTOR('',#5600,1.344754218857E-1);
#5602=CARTESIAN_POINT('',(2.81E0,1.55E0,-7.25E-1));
#5603=LINE('',#5602,#5601);
#5604=CARTESIAN_POINT('',(2.81E0,-3.3E0,-2.075E0));
#5605=DIRECTION('',(-1.E0,0.E0,0.E0));
#5606=DIRECTION('',(0.E0,9.7E-1,2.431049156229E-1));
#5607=AXIS2_PLACEMENT_3D('',#5604,#5605,#5606);
#5609=DIRECTION('',(0.E0,0.E0,-1.E0));
#5610=VECTOR('',#5609,1.344754218856E-1);
#5611=CARTESIAN_POINT('',(2.81E0,1.55E0,-3.290524578114E0));
#5612=LINE('',#5611,#5610);
#5613=DIRECTION('',(0.E0,-1.E0,0.E0));
#5614=VECTOR('',#5613,3.5E-1);
#5615=CARTESIAN_POINT('',(2.81E0,1.55E0,-3.425E0));
#5616=LINE('',#5615,#5614);
#5617=DIRECTION('',(0.E0,0.E0,1.E0));
#5618=VECTOR('',#5617,3.5E-1);
#5619=CARTESIAN_POINT('',(2.81E0,1.2E0,-3.425E0));
#5620=LINE('',#5619,#5618);
#5621=DIRECTION('',(0.E0,-1.E0,0.E0));
#5622=VECTOR('',#5621,1.2E0);
#5623=CARTESIAN_POINT('',(2.81E0,1.2E0,-3.075E0));
#5624=LINE('',#5623,#5622);
#5625=DIRECTION('',(0.E0,0.E0,-1.E0));
#5626=VECTOR('',#5625,5.E-2);
#5627=CARTESIAN_POINT('',(2.81E0,0.E0,-3.075E0));
#5628=LINE('',#5627,#5626);
#5629=DIRECTION('',(0.E0,-8.660254037844E-1,5.E-1));
#5630=VECTOR('',#5629,3.464101615138E-1);
#5631=CARTESIAN_POINT('',(2.81E0,0.E0,-3.125E0));
#5632=LINE('',#5631,#5630);
#5633=DIRECTION('',(0.E0,3.521897425290E-14,1.E0));
#5634=VECTOR('',#5633,2.679491924310E-2);
#5635=CARTESIAN_POINT('',(2.81E0,-3.E-1,-2.951794919243E0));
#5636=LINE('',#5635,#5634);
#5637=DIRECTION('',(0.E0,-1.E0,0.E0));
#5638=VECTOR('',#5637,5.93E0);
#5639=CARTESIAN_POINT('',(2.81E0,-3.E-1,-2.925E0));
#5640=LINE('',#5639,#5638);
#5641=DIRECTION('',(0.E0,0.E0,1.E0));
#5642=VECTOR('',#5641,7.E-1);
#5643=CARTESIAN_POINT('',(2.31E0,-6.73E0,-2.925E0));
#5644=LINE('',#5643,#5642);
#5645=DIRECTION('',(0.E0,0.E0,-1.E0));
#5646=VECTOR('',#5645,7.E-1);
#5647=CARTESIAN_POINT('',(2.81E0,-6.23E0,-2.225E0));
#5648=LINE('',#5647,#5646);
#5649=CARTESIAN_POINT('',(2.31E0,-6.23E0,-2.925E0));
#5650=DIRECTION('',(0.E0,0.E0,1.E0));
#5651=DIRECTION('',(0.E0,-1.E0,0.E0));
#5652=AXIS2_PLACEMENT_3D('',#5649,#5650,#5651);
#5654=DIRECTION('',(-1.E0,0.E0,0.E0));
#5655=VECTOR('',#5654,5.E-1);
#5656=CARTESIAN_POINT('',(2.81E0,-3.E-1,-2.925E0));
#5657=LINE('',#5656,#5655);
#5658=DIRECTION('',(1.E0,0.E0,0.E0));
#5659=VECTOR('',#5658,1.05E1);
#5660=CARTESIAN_POINT('',(-8.19E0,-6.73E0,-2.925E0));
#5661=LINE('',#5660,#5659);
#5662=DIRECTION('',(0.E0,1.E0,0.E0));
#5663=VECTOR('',#5662,5.93E0);
#5664=CARTESIAN_POINT('',(2.31E0,-6.23E0,-2.925E0));
#5665=LINE('',#5664,#5663);
#5666=DIRECTION('',(0.E0,-3.521897425290E-14,-1.E0));
#5667=VECTOR('',#5666,2.679491924310E-2);
#5668=CARTESIAN_POINT('',(2.31E0,-3.E-1,-2.925E0));
#5669=LINE('',#5668,#5667);
#5670=DIRECTION('',(0.E0,8.660254037844E-1,-5.E-1));
#5671=VECTOR('',#5670,3.464101615138E-1);
#5672=CARTESIAN_POINT('',(2.31E0,-3.E-1,-2.951794919243E0));
#5673=LINE('',#5672,#5671);
#5674=DIRECTION('',(0.E0,0.E0,1.E0));
#5675=VECTOR('',#5674,5.E-2);
#5676=CARTESIAN_POINT('',(2.31E0,0.E0,-3.125E0));
#5677=LINE('',#5676,#5675);
#5678=DIRECTION('',(0.E0,1.E0,0.E0));
#5679=VECTOR('',#5678,1.2E0);
#5680=CARTESIAN_POINT('',(2.31E0,0.E0,-3.075E0));
#5681=LINE('',#5680,#5679);
#5682=DIRECTION('',(0.E0,0.E0,-1.E0));
#5683=VECTOR('',#5682,3.5E-1);
#5684=CARTESIAN_POINT('',(2.31E0,1.2E0,-3.075E0));
#5685=LINE('',#5684,#5683);
#5686=DIRECTION('',(0.E0,1.E0,0.E0));
#5687=VECTOR('',#5686,3.5E-1);
#5688=CARTESIAN_POINT('',(2.31E0,1.2E0,-3.425E0));
#5689=LINE('',#5688,#5687);
#5690=DIRECTION('',(0.E0,0.E0,1.E0));
#5691=VECTOR('',#5690,1.344754218856E-1);
#5692=CARTESIAN_POINT('',(2.31E0,1.55E0,-3.425E0));
#5693=LINE('',#5692,#5691);
#5694=CARTESIAN_POINT('',(2.31E0,-3.3E0,-2.075E0));
#5695=DIRECTION('',(1.E0,0.E0,0.E0));
#5696=DIRECTION('',(0.E0,9.7E-1,-2.431049156229E-1));
#5697=AXIS2_PLACEMENT_3D('',#5694,#5695,#5696);
#5699=DIRECTION('',(0.E0,0.E0,1.E0));
#5700=VECTOR('',#5699,1.344754218857E-1);
#5701=CARTESIAN_POINT('',(2.31E0,1.55E0,-8.594754218857E-1));
#5702=LINE('',#5701,#5700);
#5703=DIRECTION('',(0.E0,-1.E0,0.E0));
#5704=VECTOR('',#5703,3.5E-1);
#5705=CARTESIAN_POINT('',(2.31E0,1.55E0,-7.25E-1));
#5706=LINE('',#5705,#5704);
#5707=DIRECTION('',(0.E0,0.E0,-1.E0));
#5708=VECTOR('',#5707,3.5E-1);
#5709=CARTESIAN_POINT('',(2.31E0,1.2E0,-7.25E-1));
#5710=LINE('',#5709,#5708);
#5711=DIRECTION('',(0.E0,-1.E0,0.E0));
#5712=VECTOR('',#5711,1.2E0);
#5713=CARTESIAN_POINT('',(2.31E0,1.2E0,-1.075E0));
#5714=LINE('',#5713,#5712);
#5715=DIRECTION('',(0.E0,1.942890293094E-14,1.E0));
#5716=VECTOR('',#5715,5.E-2);
#5717=CARTESIAN_POINT('',(2.31E0,0.E0,-1.075E0));
#5718=LINE('',#5717,#5716);
#5719=DIRECTION('',(0.E0,-8.660254037844E-1,-5.E-1));
#5720=VECTOR('',#5719,3.464101615138E-1);
#5721=CARTESIAN_POINT('',(2.31E0,0.E0,-1.025E0));
#5722=LINE('',#5721,#5720);
#5723=DIRECTION('',(0.E0,0.E0,-1.E0));
#5724=VECTOR('',#5723,1.026794919243E0);
#5725=CARTESIAN_POINT('',(2.31E0,-3.E-1,-1.198205080757E0));
#5726=LINE('',#5725,#5724);
#5727=DIRECTION('',(0.E0,-1.E0,0.E0));
#5728=VECTOR('',#5727,5.93E0);
#5729=CARTESIAN_POINT('',(2.31E0,-3.E-1,-2.225E0));
#5730=LINE('',#5729,#5728);
#5731=DIRECTION('',(0.E0,0.E0,1.E0));
#5732=VECTOR('',#5731,7.E-1);
#5733=CARTESIAN_POINT('',(2.31E0,-6.23E0,-2.925E0));
#5734=LINE('',#5733,#5732);
#5735=DIRECTION('',(1.E0,0.E0,0.E0));
#5736=VECTOR('',#5735,1.05E1);
#5737=CARTESIAN_POINT('',(-8.19E0,-6.23E0,-2.925E0));
#5738=LINE('',#5737,#5736);
#5739=CARTESIAN_POINT('',(2.31E0,-6.23E0,-2.225E0));
#5740=DIRECTION('',(0.E0,0.E0,-1.E0));
#5741=DIRECTION('',(1.E0,0.E0,0.E0));
#5742=AXIS2_PLACEMENT_3D('',#5739,#5740,#5741);
#5744=DIRECTION('',(1.E0,0.E0,0.E0));
#5745=VECTOR('',#5744,1.05E1);
#5746=CARTESIAN_POINT('',(-8.19E0,-6.23E0,-2.225E0));
#5747=LINE('',#5746,#5745);
#5748=DIRECTION('',(1.E0,0.E0,0.E0));
#5749=VECTOR('',#5748,5.E-1);
#5750=CARTESIAN_POINT('',(2.31E0,-3.E-1,-2.225E0));
#5751=LINE('',#5750,#5749);
#5752=DIRECTION('',(1.E0,0.E0,0.E0));
#5753=VECTOR('',#5752,1.05E1);
#5754=CARTESIAN_POINT('',(-8.19E0,-6.73E0,-2.225E0));
#5755=LINE('',#5754,#5753);
#5756=DIRECTION('',(0.E0,1.E0,0.E0));
#5757=VECTOR('',#5756,5.E-1);
#5758=CARTESIAN_POINT('',(-8.19E0,-6.73E0,-2.925E0));
#5759=LINE('',#5758,#5757);
#5760=DIRECTION('',(0.E0,0.E0,1.E0));
#5761=VECTOR('',#5760,7.E-1);
#5762=CARTESIAN_POINT('',(-8.19E0,-6.23E0,-2.925E0));
#5763=LINE('',#5762,#5761);
#5764=DIRECTION('',(0.E0,-1.E0,0.E0));
#5765=VECTOR('',#5764,5.E-1);
#5766=CARTESIAN_POINT('',(-8.19E0,-6.23E0,-2.225E0));
#5767=LINE('',#5766,#5765);
#5768=DIRECTION('',(0.E0,0.E0,-1.E0));
#5769=VECTOR('',#5768,7.E-1);
#5770=CARTESIAN_POINT('',(-8.19E0,-6.73E0,-2.225E0));
#5771=LINE('',#5770,#5769);
#5772=DIRECTION('',(1.E0,0.E0,0.E0));
#5773=VECTOR('',#5772,5.E-1);
#5774=CARTESIAN_POINT('',(2.31E0,-3.E-1,-1.198205080757E0));
#5775=LINE('',#5774,#5773);
#5776=DIRECTION('',(0.E0,0.E0,-1.E0));
#5777=VECTOR('',#5776,1.026794919243E0);
#5778=CARTESIAN_POINT('',(2.81E0,-3.E-1,-1.198205080757E0));
#5779=LINE('',#5778,#5777);
#5780=DIRECTION('',(1.E0,0.E0,0.E0));
#5781=VECTOR('',#5780,5.E-1);
#5782=CARTESIAN_POINT('',(2.31E0,0.E0,-1.025E0));
#5783=LINE('',#5782,#5781);
#5784=DIRECTION('',(-1.E0,0.E0,0.E0));
#5785=VECTOR('',#5784,5.E-1);
#5786=CARTESIAN_POINT('',(2.81E0,0.E0,-3.125E0));
#5787=LINE('',#5786,#5785);
#5788=DIRECTION('',(1.E0,0.E0,0.E0));
#5789=VECTOR('',#5788,5.E-1);
#5790=CARTESIAN_POINT('',(2.31E0,-3.E-1,-2.951794919243E0));
#5791=LINE('',#5790,#5789);
#5792=CARTESIAN_POINT('',(2.81E0,-6.23E0,-2.225E0));
#5793=CARTESIAN_POINT('',(2.81E0,-6.23E0,-2.925E0));
#5794=VERTEX_POINT('',#5792);
#5795=VERTEX_POINT('',#5793);
#5796=CARTESIAN_POINT('',(2.81E0,-3.E-1,-2.225E0));
#5797=VERTEX_POINT('',#5796);
#5798=CARTESIAN_POINT('',(2.81E0,-3.E-1,-1.198205080757E0));
#5799=VERTEX_POINT('',#5798);
#5800=CARTESIAN_POINT('',(2.81E0,0.E0,-1.025E0));
#5801=VERTEX_POINT('',#5800);
#5802=CARTESIAN_POINT('',(2.81E0,0.E0,-1.075E0));
#5803=VERTEX_POINT('',#5802);
#5804=CARTESIAN_POINT('',(2.81E0,1.2E0,-1.075E0));
#5805=VERTEX_POINT('',#5804);
#5806=CARTESIAN_POINT('',(2.81E0,1.2E0,-7.25E-1));
#5807=VERTEX_POINT('',#5806);
#5808=CARTESIAN_POINT('',(2.81E0,1.55E0,-7.25E-1));
#5809=VERTEX_POINT('',#5808);
#5810=CARTESIAN_POINT('',(2.81E0,1.55E0,-8.594754218857E-1));
#5811=VERTEX_POINT('',#5810);
#5812=CARTESIAN_POINT('',(2.81E0,1.55E0,-3.290524578114E0));
#5813=VERTEX_POINT('',#5812);
#5814=CARTESIAN_POINT('',(2.81E0,1.55E0,-3.425E0));
#5815=VERTEX_POINT('',#5814);
#5816=CARTESIAN_POINT('',(2.81E0,1.2E0,-3.425E0));
#5817=VERTEX_POINT('',#5816);
#5818=CARTESIAN_POINT('',(2.81E0,1.2E0,-3.075E0));
#5819=VERTEX_POINT('',#5818);
#5820=CARTESIAN_POINT('',(2.81E0,0.E0,-3.075E0));
#5821=VERTEX_POINT('',#5820);
#5822=CARTESIAN_POINT('',(2.81E0,0.E0,-3.125E0));
#5823=VERTEX_POINT('',#5822);
#5824=CARTESIAN_POINT('',(2.81E0,-3.E-1,-2.951794919243E0));
#5825=VERTEX_POINT('',#5824);
#5826=CARTESIAN_POINT('',(2.81E0,-3.E-1,-2.925E0));
#5827=VERTEX_POINT('',#5826);
#5828=CARTESIAN_POINT('',(2.31E0,-6.73E0,-2.925E0));
#5829=VERTEX_POINT('',#5828);
#5830=CARTESIAN_POINT('',(2.31E0,-6.73E0,-2.225E0));
#5831=VERTEX_POINT('',#5830);
#5832=CARTESIAN_POINT('',(2.31E0,-3.E-1,-2.925E0));
#5833=VERTEX_POINT('',#5832);
#5834=CARTESIAN_POINT('',(2.31E0,-6.23E0,-2.925E0));
#5835=VERTEX_POINT('',#5834);
#5836=CARTESIAN_POINT('',(-8.19E0,-6.23E0,-2.925E0));
#5837=VERTEX_POINT('',#5836);
#5838=CARTESIAN_POINT('',(-8.19E0,-6.73E0,-2.925E0));
#5839=VERTEX_POINT('',#5838);
#5840=CARTESIAN_POINT('',(2.31E0,-3.E-1,-2.951794919243E0));
#5841=VERTEX_POINT('',#5840);
#5842=CARTESIAN_POINT('',(2.31E0,-3.E-1,-2.225E0));
#5843=VERTEX_POINT('',#5842);
#5844=CARTESIAN_POINT('',(2.31E0,-3.E-1,-1.198205080757E0));
#5845=VERTEX_POINT('',#5844);
#5846=CARTESIAN_POINT('',(2.31E0,0.E0,-3.125E0));
#5847=VERTEX_POINT('',#5846);
#5848=CARTESIAN_POINT('',(2.31E0,0.E0,-3.075E0));
#5849=VERTEX_POINT('',#5848);
#5850=CARTESIAN_POINT('',(2.31E0,1.2E0,-3.075E0));
#5851=VERTEX_POINT('',#5850);
#5852=CARTESIAN_POINT('',(2.31E0,1.2E0,-3.425E0));
#5853=VERTEX_POINT('',#5852);
#5854=CARTESIAN_POINT('',(2.31E0,1.55E0,-3.425E0));
#5855=VERTEX_POINT('',#5854);
#5856=CARTESIAN_POINT('',(2.31E0,1.55E0,-3.290524578114E0));
#5857=VERTEX_POINT('',#5856);
#5858=CARTESIAN_POINT('',(2.31E0,1.55E0,-8.594754218857E-1));
#5859=VERTEX_POINT('',#5858);
#5860=CARTESIAN_POINT('',(2.31E0,1.55E0,-7.25E-1));
#5861=VERTEX_POINT('',#5860);
#5862=CARTESIAN_POINT('',(2.31E0,1.2E0,-7.25E-1));
#5863=VERTEX_POINT('',#5862);
#5864=CARTESIAN_POINT('',(2.31E0,1.2E0,-1.075E0));
#5865=VERTEX_POINT('',#5864);
#5866=CARTESIAN_POINT('',(2.31E0,0.E0,-1.075E0));
#5867=VERTEX_POINT('',#5866);
#5868=CARTESIAN_POINT('',(2.31E0,0.E0,-1.025E0));
#5869=VERTEX_POINT('',#5868);
#5870=CARTESIAN_POINT('',(2.31E0,-6.23E0,-2.225E0));
#5871=VERTEX_POINT('',#5870);
#5872=CARTESIAN_POINT('',(-8.19E0,-6.23E0,-2.225E0));
#5873=VERTEX_POINT('',#5872);
#5874=CARTESIAN_POINT('',(-8.19E0,-6.73E0,-2.225E0));
#5875=VERTEX_POINT('',#5874);
#5876=CARTESIAN_POINT('',(2.81E0,-3.E-1,-2.075E0));
#5877=DIRECTION('',(-1.E0,0.E0,0.E0));
#5878=DIRECTION('',(0.E0,0.E0,1.E0));
#5879=AXIS2_PLACEMENT_3D('',#5876,#5877,#5878);
#5880=PLANE('',#5879);
#5882=ORIENTED_EDGE('',*,*,#5881,.F.);
#5884=ORIENTED_EDGE('',*,*,#5883,.T.);
#5886=ORIENTED_EDGE('',*,*,#5885,.F.);
#5888=ORIENTED_EDGE('',*,*,#5887,.T.);
#5890=ORIENTED_EDGE('',*,*,#5889,.T.);
#5892=ORIENTED_EDGE('',*,*,#5891,.T.);
#5894=ORIENTED_EDGE('',*,*,#5893,.T.);
#5896=ORIENTED_EDGE('',*,*,#5895,.T.);
#5898=ORIENTED_EDGE('',*,*,#5897,.T.);
#5900=ORIENTED_EDGE('',*,*,#5899,.T.);
#5902=ORIENTED_EDGE('',*,*,#5901,.T.);
#5904=ORIENTED_EDGE('',*,*,#5903,.T.);
#5906=ORIENTED_EDGE('',*,*,#5905,.T.);
#5908=ORIENTED_EDGE('',*,*,#5907,.T.);
#5910=ORIENTED_EDGE('',*,*,#5909,.T.);
#5912=ORIENTED_EDGE('',*,*,#5911,.T.);
#5914=ORIENTED_EDGE('',*,*,#5913,.T.);
#5916=ORIENTED_EDGE('',*,*,#5915,.T.);
#5917=EDGE_LOOP('',(#5882,#5884,#5886,#5888,#5890,#5892,#5894,#5896,#5898,#5900,
#5902,#5904,#5906,#5908,#5910,#5912,#5914,#5916));
#5918=FACE_OUTER_BOUND('',#5917,.F.);
#5919=ADVANCED_FACE('',(#5918),#5880,.F.);
#5920=CARTESIAN_POINT('',(2.31E0,-6.23E0,2.79472E0));
#5921=DIRECTION('',(0.E0,0.E0,-1.E0));
#5922=DIRECTION('',(1.E0,0.E0,0.E0));
#5923=AXIS2_PLACEMENT_3D('',#5920,#5921,#5922);
#5924=CYLINDRICAL_SURFACE('',#5923,5.E-1);
#5926=ORIENTED_EDGE('',*,*,#5925,.F.);
#5928=ORIENTED_EDGE('',*,*,#5927,.T.);
#5930=ORIENTED_EDGE('',*,*,#5929,.F.);
#5931=ORIENTED_EDGE('',*,*,#5881,.T.);
#5932=EDGE_LOOP('',(#5926,#5928,#5930,#5931));
#5933=FACE_OUTER_BOUND('',#5932,.F.);
#5934=ADVANCED_FACE('',(#5933),#5924,.T.);
#5935=CARTESIAN_POINT('',(2.81E0,-3.E-1,-2.925E0));
#5936=DIRECTION('',(0.E0,0.E0,-1.E0));
#5937=DIRECTION('',(0.E0,-1.E0,0.E0));
#5938=AXIS2_PLACEMENT_3D('',#5935,#5936,#5937);
#5939=PLANE('',#5938);
#5940=ORIENTED_EDGE('',*,*,#5925,.T.);
#5941=ORIENTED_EDGE('',*,*,#5915,.F.);
#5943=ORIENTED_EDGE('',*,*,#5942,.T.);
#5945=ORIENTED_EDGE('',*,*,#5944,.F.);
#5947=ORIENTED_EDGE('',*,*,#5946,.F.);
#5949=ORIENTED_EDGE('',*,*,#5948,.F.);
#5951=ORIENTED_EDGE('',*,*,#5950,.T.);
#5952=EDGE_LOOP('',(#5940,#5941,#5943,#5945,#5947,#5949,#5951));
#5953=FACE_OUTER_BOUND('',#5952,.F.);
#5954=ADVANCED_FACE('',(#5953),#5939,.T.);
#5955=CARTESIAN_POINT('',(2.31E0,-3.E-1,-2.075E0));
#5956=DIRECTION('',(-1.E0,0.E0,0.E0));
#5957=DIRECTION('',(0.E0,0.E0,1.E0));
#5958=AXIS2_PLACEMENT_3D('',#5955,#5956,#5957);
#5959=PLANE('',#5958);
#5961=ORIENTED_EDGE('',*,*,#5960,.F.);
#5962=ORIENTED_EDGE('',*,*,#5944,.T.);
#5964=ORIENTED_EDGE('',*,*,#5963,.T.);
#5966=ORIENTED_EDGE('',*,*,#5965,.T.);
#5968=ORIENTED_EDGE('',*,*,#5967,.T.);
#5970=ORIENTED_EDGE('',*,*,#5969,.T.);
#5972=ORIENTED_EDGE('',*,*,#5971,.T.);
#5974=ORIENTED_EDGE('',*,*,#5973,.T.);
#5976=ORIENTED_EDGE('',*,*,#5975,.T.);
#5978=ORIENTED_EDGE('',*,*,#5977,.T.);
#5980=ORIENTED_EDGE('',*,*,#5979,.T.);
#5982=ORIENTED_EDGE('',*,*,#5981,.T.);
#5984=ORIENTED_EDGE('',*,*,#5983,.T.);
#5986=ORIENTED_EDGE('',*,*,#5985,.T.);
#5988=ORIENTED_EDGE('',*,*,#5987,.T.);
#5990=ORIENTED_EDGE('',*,*,#5989,.T.);
#5992=ORIENTED_EDGE('',*,*,#5991,.T.);
#5994=ORIENTED_EDGE('',*,*,#5993,.T.);
#5995=EDGE_LOOP('',(#5961,#5962,#5964,#5966,#5968,#5970,#5972,#5974,#5976,#5978,
#5980,#5982,#5984,#5986,#5988,#5990,#5992,#5994));
#5996=FACE_OUTER_BOUND('',#5995,.F.);
#5997=ADVANCED_FACE('',(#5996),#5959,.T.);
#5998=CARTESIAN_POINT('',(2.81E0,-6.23E0,-2.225E0));
#5999=DIRECTION('',(0.E0,1.E0,0.E0));
#6000=DIRECTION('',(0.E0,0.E0,-1.E0));
#6001=AXIS2_PLACEMENT_3D('',#5998,#5999,#6000);
#6002=PLANE('',#6001);
#6003=ORIENTED_EDGE('',*,*,#5960,.T.);
#6005=ORIENTED_EDGE('',*,*,#6004,.F.);
#6007=ORIENTED_EDGE('',*,*,#6006,.F.);
#6008=ORIENTED_EDGE('',*,*,#5946,.T.);
#6009=EDGE_LOOP('',(#6003,#6005,#6007,#6008));
#6010=FACE_OUTER_BOUND('',#6009,.F.);
#6011=ADVANCED_FACE('',(#6010),#6002,.T.);
#6012=CARTESIAN_POINT('',(2.81E0,-6.48E0,-2.225E0));
#6013=DIRECTION('',(0.E0,0.E0,1.E0));
#6014=DIRECTION('',(0.E0,1.E0,0.E0));
#6015=AXIS2_PLACEMENT_3D('',#6012,#6013,#6014);
#6016=PLANE('',#6015);
#6017=ORIENTED_EDGE('',*,*,#5929,.T.);
#6019=ORIENTED_EDGE('',*,*,#6018,.F.);
#6021=ORIENTED_EDGE('',*,*,#6020,.F.);
#6022=ORIENTED_EDGE('',*,*,#6004,.T.);
#6023=ORIENTED_EDGE('',*,*,#5993,.F.);
#6025=ORIENTED_EDGE('',*,*,#6024,.T.);
#6026=ORIENTED_EDGE('',*,*,#5883,.F.);
#6027=EDGE_LOOP('',(#6017,#6019,#6021,#6022,#6023,#6025,#6026));
#6028=FACE_OUTER_BOUND('',#6027,.F.);
#6029=ADVANCED_FACE('',(#6028),#6016,.T.);
#6030=CARTESIAN_POINT('',(2.81E0,-6.73E0,-2.925E0));
#6031=DIRECTION('',(0.E0,-1.E0,0.E0));
#6032=DIRECTION('',(0.E0,0.E0,1.E0));
#6033=AXIS2_PLACEMENT_3D('',#6030,#6031,#6032);
#6034=PLANE('',#6033);
#6035=ORIENTED_EDGE('',*,*,#5927,.F.);
#6036=ORIENTED_EDGE('',*,*,#5950,.F.);
#6038=ORIENTED_EDGE('',*,*,#6037,.F.);
#6039=ORIENTED_EDGE('',*,*,#6018,.T.);
#6040=EDGE_LOOP('',(#6035,#6036,#6038,#6039));
#6041=FACE_OUTER_BOUND('',#6040,.F.);
#6042=ADVANCED_FACE('',(#6041),#6034,.T.);
#6043=CARTESIAN_POINT('',(-8.19E0,-3.E-1,-2.075E0));
#6044=DIRECTION('',(-1.E0,0.E0,0.E0));
#6045=DIRECTION('',(0.E0,1.E0,0.E0));
#6046=AXIS2_PLACEMENT_3D('',#6043,#6044,#6045);
#6047=PLANE('',#6046);
#6048=ORIENTED_EDGE('',*,*,#5948,.T.);
#6049=ORIENTED_EDGE('',*,*,#6006,.T.);
#6050=ORIENTED_EDGE('',*,*,#6020,.T.);
#6051=ORIENTED_EDGE('',*,*,#6037,.T.);
#6052=EDGE_LOOP('',(#6048,#6049,#6050,#6051));
#6053=FACE_OUTER_BOUND('',#6052,.F.);
#6054=ADVANCED_FACE('',(#6053),#6047,.T.);
#6055=CARTESIAN_POINT('',(2.81E0,-3.E-1,-2.951794919243E0));
#6056=DIRECTION('',(0.E0,-1.E0,0.E0));
#6057=DIRECTION('',(0.E0,0.E0,1.E0));
#6058=AXIS2_PLACEMENT_3D('',#6055,#6056,#6057);
#6059=PLANE('',#6058);
#6060=ORIENTED_EDGE('',*,*,#6024,.F.);
#6061=ORIENTED_EDGE('',*,*,#5991,.F.);
#6063=ORIENTED_EDGE('',*,*,#6062,.T.);
#6064=ORIENTED_EDGE('',*,*,#5885,.T.);
#6065=EDGE_LOOP('',(#6060,#6061,#6063,#6064));
#6066=FACE_OUTER_BOUND('',#6065,.F.);
#6067=ADVANCED_FACE('',(#6066),#6059,.T.);
#6068=CARTESIAN_POINT('',(2.81E0,-3.E-1,-1.198205080757E0));
#6069=DIRECTION('',(0.E0,-5.E-1,8.660254037844E-1));
#6070=DIRECTION('',(0.E0,8.660254037844E-1,5.E-1));
#6071=AXIS2_PLACEMENT_3D('',#6068,#6069,#6070);
#6072=PLANE('',#6071);
#6073=ORIENTED_EDGE('',*,*,#5887,.F.);
#6074=ORIENTED_EDGE('',*,*,#6062,.F.);
#6075=ORIENTED_EDGE('',*,*,#5989,.F.);
#6077=ORIENTED_EDGE('',*,*,#6076,.T.);
#6078=EDGE_LOOP('',(#6073,#6074,#6075,#6077));
#6079=FACE_OUTER_BOUND('',#6078,.F.);
#6080=ADVANCED_FACE('',(#6079),#6072,.T.);
#6081=CARTESIAN_POINT('',(2.81E0,0.E0,-3.125E0));
#6082=DIRECTION('',(0.E0,-5.E-1,-8.660254037844E-1));
#6083=DIRECTION('',(0.E0,-8.660254037844E-1,5.E-1));
#6084=AXIS2_PLACEMENT_3D('',#6081,#6082,#6083);
#6085=PLANE('',#6084);
#6086=ORIENTED_EDGE('',*,*,#5911,.F.);
#6088=ORIENTED_EDGE('',*,*,#6087,.T.);
#6089=ORIENTED_EDGE('',*,*,#5965,.F.);
#6091=ORIENTED_EDGE('',*,*,#6090,.T.);
#6092=EDGE_LOOP('',(#6086,#6088,#6089,#6091));
#6093=FACE_OUTER_BOUND('',#6092,.F.);
#6094=ADVANCED_FACE('',(#6093),#6085,.T.);
#6095=OPEN_SHELL('',(#5919,#5934,#5954,#5997,#6011,#6029,#6042,#6054,#6067,
#6080,#6094));
#6096=DIRECTION('',(0.E0,8.660254037844E-1,5.E-1));
#6097=VECTOR('',#6096,3.464101615138E-1);
#6098=CARTESIAN_POINT('',(2.7E-1,-3.E-1,-1.198205080757E0));
#6099=LINE('',#6098,#6097);
#6100=DIRECTION('',(0.E0,2.065014825802E-13,-1.E0));
#6101=VECTOR('',#6100,5.000000000002E-2);
#6102=CARTESIAN_POINT('',(2.7E-1,-1.032507412901E-14,-1.025E0));
#6103=LINE('',#6102,#6101);
#6104=DIRECTION('',(0.E0,1.E0,0.E0));
#6105=VECTOR('',#6104,1.2E0);
#6106=CARTESIAN_POINT('',(2.7E-1,0.E0,-1.075E0));
#6107=LINE('',#6106,#6105);
#6108=DIRECTION('',(0.E0,0.E0,1.E0));
#6109=VECTOR('',#6108,8.E-1);
#6110=CARTESIAN_POINT('',(2.7E-1,1.2E0,-1.075E0));
#6111=LINE('',#6110,#6109);
#6112=DIRECTION('',(0.E0,1.E0,0.E0));
#6113=VECTOR('',#6112,1.9E0);
#6114=CARTESIAN_POINT('',(2.7E-1,1.2E0,-2.75E-1));
#6115=LINE('',#6114,#6113);
#6116=DIRECTION('',(0.E0,0.E0,-1.E0));
#6117=VECTOR('',#6116,1.E0);
#6118=CARTESIAN_POINT('',(2.7E-1,3.1E0,-2.75E-1));
#6119=LINE('',#6118,#6117);
#6120=DIRECTION('',(0.E0,-1.E0,0.E0));
#6121=VECTOR('',#6120,1.05E0);
#6122=CARTESIAN_POINT('',(2.7E-1,3.1E0,-1.275E0));
#6123=LINE('',#6122,#6121);
#6124=DIRECTION('',(0.E0,0.E0,-1.E0));
#6125=VECTOR('',#6124,1.6E0);
#6126=CARTESIAN_POINT('',(2.7E-1,2.05E0,-1.275E0));
#6127=LINE('',#6126,#6125);
#6128=DIRECTION('',(0.E0,1.E0,0.E0));
#6129=VECTOR('',#6128,1.05E0);
#6130=CARTESIAN_POINT('',(2.7E-1,2.05E0,-2.875E0));
#6131=LINE('',#6130,#6129);
#6132=DIRECTION('',(0.E0,0.E0,-1.E0));
#6133=VECTOR('',#6132,1.E0);
#6134=CARTESIAN_POINT('',(2.7E-1,3.1E0,-2.875E0));
#6135=LINE('',#6134,#6133);
#6136=DIRECTION('',(0.E0,-1.E0,0.E0));
#6137=VECTOR('',#6136,1.9E0);
#6138=CARTESIAN_POINT('',(2.7E-1,3.1E0,-3.875E0));
#6139=LINE('',#6138,#6137);
#6140=DIRECTION('',(0.E0,0.E0,1.E0));
#6141=VECTOR('',#6140,8.E-1);
#6142=CARTESIAN_POINT('',(2.7E-1,1.2E0,-3.875E0));
#6143=LINE('',#6142,#6141);
#6144=DIRECTION('',(0.E0,-1.E0,0.E0));
#6145=VECTOR('',#6144,1.2E0);
#6146=CARTESIAN_POINT('',(2.7E-1,1.2E0,-3.075E0));
#6147=LINE('',#6146,#6145);
#6148=DIRECTION('',(0.E0,-2.065014825802E-13,-1.E0));
#6149=VECTOR('',#6148,5.000000000002E-2);
#6150=CARTESIAN_POINT('',(2.7E-1,0.E0,-3.075E0));
#6151=LINE('',#6150,#6149);
#6152=DIRECTION('',(0.E0,-8.660254037844E-1,5.E-1));
#6153=VECTOR('',#6152,3.464101615138E-1);
#6154=CARTESIAN_POINT('',(2.7E-1,-1.032507412901E-14,-3.125E0));
#6155=LINE('',#6154,#6153);
#6156=DIRECTION('',(0.E0,4.060540560920E-13,1.E0));
#6157=VECTOR('',#6156,2.679491924312E-2);
#6158=CARTESIAN_POINT('',(2.7E-1,-3.E-1,-2.951794919243E0));
#6159=LINE('',#6158,#6157);
#6160=DIRECTION('',(0.E0,0.E0,1.E0));
#6161=VECTOR('',#6160,7.E-1);
#6162=CARTESIAN_POINT('',(-2.3E-1,-4.44E0,-2.925E0));
#6163=LINE('',#6162,#6161);
#6164=DIRECTION('',(0.E0,0.E0,-1.E0));
#6165=VECTOR('',#6164,7.E-1);
#6166=CARTESIAN_POINT('',(2.7E-1,-3.94E0,-2.225E0));
#6167=LINE('',#6166,#6165);
#6168=CARTESIAN_POINT('',(-1.379E1,-4.44E0,-2.575E0));
#6169=DIRECTION('',(0.E0,1.E0,0.E0));
#6170=DIRECTION('',(0.E0,0.E0,-1.E0));
#6171=AXIS2_PLACEMENT_3D('',#6168,#6169,#6170);
#6173=DIRECTION('',(0.E0,1.E0,0.E0));
#6174=VECTOR('',#6173,5.E-1);
#6175=CARTESIAN_POINT('',(-2.3E-1,-4.44E0,-2.925E0));
#6176=LINE('',#6175,#6174);
#6177=DIRECTION('',(1.E0,0.E0,0.E0));
#6178=VECTOR('',#6177,1.356E1);
#6179=CARTESIAN_POINT('',(-1.379E1,-4.44E0,-2.925E0));
#6180=LINE('',#6179,#6178);
#6181=CARTESIAN_POINT('',(-2.3E-1,-3.94E0,-2.925E0));
#6182=DIRECTION('',(0.E0,0.E0,1.E0));
#6183=DIRECTION('',(0.E0,-1.E0,0.E0));
#6184=AXIS2_PLACEMENT_3D('',#6181,#6182,#6183);
#6186=DIRECTION('',(-1.E0,0.E0,0.E0));
#6187=VECTOR('',#6186,5.E-1);
#6188=CARTESIAN_POINT('',(2.7E-1,-3.94E0,-2.925E0));
#6189=LINE('',#6188,#6187);
#6190=DIRECTION('',(0.E0,1.E0,0.E0));
#6191=VECTOR('',#6190,3.64E0);
#6192=CARTESIAN_POINT('',(2.7E-1,-3.94E0,-2.925E0));
#6193=LINE('',#6192,#6191);
#6194=DIRECTION('',(-1.E0,0.E0,0.E0));
#6195=VECTOR('',#6194,5.E-1);
#6196=CARTESIAN_POINT('',(2.7E-1,-3.E-1,-2.925E0));
#6197=LINE('',#6196,#6195);
#6198=DIRECTION('',(0.E0,0.E0,-1.E0));
#6199=VECTOR('',#6198,7.E-1);
#6200=CARTESIAN_POINT('',(-2.3E-1,-3.94E0,-2.225E0));
#6201=LINE('',#6200,#6199);
#6202=DIRECTION('',(0.E0,1.E0,0.E0));
#6203=VECTOR('',#6202,3.64E0);
#6204=CARTESIAN_POINT('',(-2.3E-1,-3.94E0,-2.925E0));
#6205=LINE('',#6204,#6203);
#6206=DIRECTION('',(0.E0,-4.060540560920E-13,-1.E0));
#6207=VECTOR('',#6206,2.679491924312E-2);
#6208=CARTESIAN_POINT('',(-2.3E-1,-3.E-1,-2.925E0));
#6209=LINE('',#6208,#6207);
#6210=DIRECTION('',(0.E0,8.660254037844E-1,-5.E-1));
#6211=VECTOR('',#6210,3.464101615138E-1);
#6212=CARTESIAN_POINT('',(-2.3E-1,-3.E-1,-2.951794919243E0));
#6213=LINE('',#6212,#6211);
#6214=DIRECTION('',(0.E0,2.065014825802E-13,1.E0));
#6215=VECTOR('',#6214,5.000000000002E-2);
#6216=CARTESIAN_POINT('',(-2.3E-1,-1.032507412901E-14,-3.125E0));
#6217=LINE('',#6216,#6215);
#6218=DIRECTION('',(0.E0,1.E0,0.E0));
#6219=VECTOR('',#6218,1.2E0);
#6220=CARTESIAN_POINT('',(-2.3E-1,0.E0,-3.075E0));
#6221=LINE('',#6220,#6219);
#6222=DIRECTION('',(0.E0,0.E0,-1.E0));
#6223=VECTOR('',#6222,8.E-1);
#6224=CARTESIAN_POINT('',(-2.3E-1,1.2E0,-3.075E0));
#6225=LINE('',#6224,#6223);
#6226=DIRECTION('',(0.E0,1.E0,0.E0));
#6227=VECTOR('',#6226,1.9E0);
#6228=CARTESIAN_POINT('',(-2.3E-1,1.2E0,-3.875E0));
#6229=LINE('',#6228,#6227);
#6230=DIRECTION('',(0.E0,0.E0,1.E0));
#6231=VECTOR('',#6230,1.E0);
#6232=CARTESIAN_POINT('',(-2.3E-1,3.1E0,-3.875E0));
#6233=LINE('',#6232,#6231);
#6234=DIRECTION('',(0.E0,-1.E0,0.E0));
#6235=VECTOR('',#6234,1.05E0);
#6236=CARTESIAN_POINT('',(-2.3E-1,3.1E0,-2.875E0));
#6237=LINE('',#6236,#6235);
#6238=DIRECTION('',(0.E0,0.E0,1.E0));
#6239=VECTOR('',#6238,1.6E0);
#6240=CARTESIAN_POINT('',(-2.3E-1,2.05E0,-2.875E0));
#6241=LINE('',#6240,#6239);
#6242=DIRECTION('',(0.E0,1.E0,0.E0));
#6243=VECTOR('',#6242,1.05E0);
#6244=CARTESIAN_POINT('',(-2.3E-1,2.05E0,-1.275E0));
#6245=LINE('',#6244,#6243);
#6246=DIRECTION('',(0.E0,0.E0,1.E0));
#6247=VECTOR('',#6246,1.E0);
#6248=CARTESIAN_POINT('',(-2.3E-1,3.1E0,-1.275E0));
#6249=LINE('',#6248,#6247);
#6250=DIRECTION('',(0.E0,-1.E0,0.E0));
#6251=VECTOR('',#6250,1.9E0);
#6252=CARTESIAN_POINT('',(-2.3E-1,3.1E0,-2.75E-1));
#6253=LINE('',#6252,#6251);
#6254=DIRECTION('',(0.E0,0.E0,-1.E0));
#6255=VECTOR('',#6254,8.E-1);
#6256=CARTESIAN_POINT('',(-2.3E-1,1.2E0,-2.75E-1));
#6257=LINE('',#6256,#6255);
#6258=DIRECTION('',(0.E0,-1.E0,0.E0));
#6259=VECTOR('',#6258,1.2E0);
#6260=CARTESIAN_POINT('',(-2.3E-1,1.2E0,-1.075E0));
#6261=LINE('',#6260,#6259);
#6262=DIRECTION('',(0.E0,-2.065014825802E-13,1.E0));
#6263=VECTOR('',#6262,5.000000000002E-2);
#6264=CARTESIAN_POINT('',(-2.3E-1,0.E0,-1.075E0));
#6265=LINE('',#6264,#6263);
#6266=DIRECTION('',(0.E0,-8.660254037844E-1,-5.E-1));
#6267=VECTOR('',#6266,3.464101615138E-1);
#6268=CARTESIAN_POINT('',(-2.3E-1,-1.032507412901E-14,-1.025E0));
#6269=LINE('',#6268,#6267);
#6270=DIRECTION('',(0.E0,0.E0,-1.E0));
#6271=VECTOR('',#6270,1.026794919243E0);
#6272=CARTESIAN_POINT('',(-2.3E-1,-3.E-1,-1.198205080757E0));
#6273=LINE('',#6272,#6271);
#6274=DIRECTION('',(0.E0,-1.E0,0.E0));
#6275=VECTOR('',#6274,3.64E0);
#6276=CARTESIAN_POINT('',(-2.3E-1,-3.E-1,-2.225E0));
#6277=LINE('',#6276,#6275);
#6278=DIRECTION('',(-1.E0,0.E0,0.E0));
#6279=VECTOR('',#6278,1.356E1);
#6280=CARTESIAN_POINT('',(-2.3E-1,-3.94E0,-2.225E0));
#6281=LINE('',#6280,#6279);
#6282=CARTESIAN_POINT('',(-1.379E1,-3.94E0,-2.575E0));
#6283=DIRECTION('',(0.E0,-1.E0,0.E0));
#6284=DIRECTION('',(0.E0,0.E0,1.E0));
#6285=AXIS2_PLACEMENT_3D('',#6282,#6283,#6284);
#6287=DIRECTION('',(1.E0,0.E0,0.E0));
#6288=VECTOR('',#6287,1.356E1);
#6289=CARTESIAN_POINT('',(-1.379E1,-3.94E0,-2.925E0));
#6290=LINE('',#6289,#6288);
#6291=DIRECTION('',(-1.E0,0.E0,0.E0));
#6292=VECTOR('',#6291,1.356E1);
#6293=CARTESIAN_POINT('',(-2.3E-1,-4.44E0,-2.225E0));
#6294=LINE('',#6293,#6292);
#6295=DIRECTION('',(0.E0,1.E0,0.E0));
#6296=VECTOR('',#6295,5.E-1);
#6297=CARTESIAN_POINT('',(-2.3E-1,-4.44E0,-2.225E0));
#6298=LINE('',#6297,#6296);
#6299=CARTESIAN_POINT('',(-2.3E-1,-3.94E0,-2.225E0));
#6300=DIRECTION('',(0.E0,0.E0,-1.E0));
#6301=DIRECTION('',(1.E0,0.E0,0.E0));
#6302=AXIS2_PLACEMENT_3D('',#6299,#6300,#6301);
#6304=DIRECTION('',(-1.E0,0.E0,0.E0));
#6305=VECTOR('',#6304,5.E-1);
#6306=CARTESIAN_POINT('',(2.7E-1,-3.94E0,-2.225E0));
#6307=LINE('',#6306,#6305);
#6308=DIRECTION('',(1.E0,0.E0,0.E0));
#6309=VECTOR('',#6308,5.E-1);
#6310=CARTESIAN_POINT('',(-2.3E-1,-3.E-1,-2.225E0));
#6311=LINE('',#6310,#6309);
#6312=DIRECTION('',(0.E0,-1.E0,0.E0));
#6313=VECTOR('',#6312,3.64E0);
#6314=CARTESIAN_POINT('',(2.7E-1,-3.E-1,-2.225E0));
#6315=LINE('',#6314,#6313);
#6316=DIRECTION('',(0.E0,0.E0,-1.E0));
#6317=VECTOR('',#6316,1.026794919243E0);
#6318=CARTESIAN_POINT('',(2.7E-1,-3.E-1,-1.198205080757E0));
#6319=LINE('',#6318,#6317);
#6320=DIRECTION('',(1.E0,0.E0,0.E0));
#6321=VECTOR('',#6320,5.E-1);
#6322=CARTESIAN_POINT('',(-2.3E-1,-3.E-1,-1.198205080757E0));
#6323=LINE('',#6322,#6321);
#6324=DIRECTION('',(1.E0,0.E0,0.E0));
#6325=VECTOR('',#6324,5.E-1);
#6326=CARTESIAN_POINT('',(-2.3E-1,-1.032507412901E-14,-1.025E0));
#6327=LINE('',#6326,#6325);
#6328=DIRECTION('',(0.E0,1.E0,0.E0));
#6329=VECTOR('',#6328,5.E-1);
#6330=CARTESIAN_POINT('',(-1.379E1,-4.44E0,-2.925E0));
#6331=LINE('',#6330,#6329);
#6332=DIRECTION('',(0.E0,-1.E0,0.E0));
#6333=VECTOR('',#6332,5.E-1);
#6334=CARTESIAN_POINT('',(-1.379E1,-3.94E0,-2.225E0));
#6335=LINE('',#6334,#6333);
#6336=DIRECTION('',(-1.E0,0.E0,0.E0));
#6337=VECTOR('',#6336,5.E-1);
#6338=CARTESIAN_POINT('',(2.7E-1,-1.032507412901E-14,-3.125E0));
#6339=LINE('',#6338,#6337);
#6340=DIRECTION('',(1.E0,0.E0,0.E0));
#6341=VECTOR('',#6340,5.E-1);
#6342=CARTESIAN_POINT('',(-2.3E-1,-3.E-1,-2.951794919243E0));
#6343=LINE('',#6342,#6341);
#6344=CARTESIAN_POINT('',(2.7E-1,-3.94E0,-2.225E0));
#6345=CARTESIAN_POINT('',(2.7E-1,-3.94E0,-2.925E0));
#6346=VERTEX_POINT('',#6344);
#6347=VERTEX_POINT('',#6345);
#6348=CARTESIAN_POINT('',(2.7E-1,-3.E-1,-2.225E0));
#6349=VERTEX_POINT('',#6348);
#6350=CARTESIAN_POINT('',(2.7E-1,-3.E-1,-1.198205080757E0));
#6351=VERTEX_POINT('',#6350);
#6352=CARTESIAN_POINT('',(2.7E-1,-1.032507412901E-14,-1.025E0));
#6353=VERTEX_POINT('',#6352);
#6354=CARTESIAN_POINT('',(2.7E-1,0.E0,-1.075E0));
#6355=VERTEX_POINT('',#6354);
#6356=CARTESIAN_POINT('',(2.7E-1,1.2E0,-1.075E0));
#6357=VERTEX_POINT('',#6356);
#6358=CARTESIAN_POINT('',(2.7E-1,1.2E0,-2.75E-1));
#6359=VERTEX_POINT('',#6358);
#6360=CARTESIAN_POINT('',(2.7E-1,3.1E0,-2.75E-1));
#6361=VERTEX_POINT('',#6360);
#6362=CARTESIAN_POINT('',(2.7E-1,3.1E0,-1.275E0));
#6363=VERTEX_POINT('',#6362);
#6364=CARTESIAN_POINT('',(2.7E-1,2.05E0,-1.275E0));
#6365=VERTEX_POINT('',#6364);
#6366=CARTESIAN_POINT('',(2.7E-1,2.05E0,-2.875E0));
#6367=VERTEX_POINT('',#6366);
#6368=CARTESIAN_POINT('',(2.7E-1,3.1E0,-2.875E0));
#6369=VERTEX_POINT('',#6368);
#6370=CARTESIAN_POINT('',(2.7E-1,3.1E0,-3.875E0));
#6371=VERTEX_POINT('',#6370);
#6372=CARTESIAN_POINT('',(2.7E-1,1.2E0,-3.875E0));
#6373=VERTEX_POINT('',#6372);
#6374=CARTESIAN_POINT('',(2.7E-1,1.2E0,-3.075E0));
#6375=VERTEX_POINT('',#6374);
#6376=CARTESIAN_POINT('',(2.7E-1,0.E0,-3.075E0));
#6377=VERTEX_POINT('',#6376);
#6378=CARTESIAN_POINT('',(2.7E-1,-1.032507412901E-14,-3.125E0));
#6379=VERTEX_POINT('',#6378);
#6380=CARTESIAN_POINT('',(2.7E-1,-3.E-1,-2.951794919243E0));
#6381=VERTEX_POINT('',#6380);
#6382=CARTESIAN_POINT('',(2.7E-1,-3.E-1,-2.925E0));
#6383=VERTEX_POINT('',#6382);
#6384=CARTESIAN_POINT('',(-2.3E-1,-4.44E0,-2.925E0));
#6385=CARTESIAN_POINT('',(-2.3E-1,-4.44E0,-2.225E0));
#6386=VERTEX_POINT('',#6384);
#6387=VERTEX_POINT('',#6385);
#6388=CARTESIAN_POINT('',(-1.379E1,-4.44E0,-2.925E0));
#6389=VERTEX_POINT('',#6388);
#6390=CARTESIAN_POINT('',(-1.379E1,-4.44E0,-2.225E0));
#6391=VERTEX_POINT('',#6390);
#6392=CARTESIAN_POINT('',(-2.3E-1,-3.94E0,-2.925E0));
#6393=VERTEX_POINT('',#6392);
#6394=CARTESIAN_POINT('',(-1.379E1,-3.94E0,-2.925E0));
#6395=VERTEX_POINT('',#6394);
#6396=CARTESIAN_POINT('',(-2.3E-1,-3.E-1,-2.925E0));
#6397=VERTEX_POINT('',#6396);
#6398=CARTESIAN_POINT('',(-2.3E-1,-3.E-1,-2.951794919243E0));
#6399=VERTEX_POINT('',#6398);
#6400=CARTESIAN_POINT('',(-2.3E-1,-1.032507412901E-14,-3.125E0));
#6401=VERTEX_POINT('',#6400);
#6402=CARTESIAN_POINT('',(-2.3E-1,0.E0,-3.075E0));
#6403=VERTEX_POINT('',#6402);
#6404=CARTESIAN_POINT('',(-2.3E-1,1.2E0,-3.075E0));
#6405=VERTEX_POINT('',#6404);
#6406=CARTESIAN_POINT('',(-2.3E-1,1.2E0,-3.875E0));
#6407=VERTEX_POINT('',#6406);
#6408=CARTESIAN_POINT('',(-2.3E-1,3.1E0,-3.875E0));
#6409=VERTEX_POINT('',#6408);
#6410=CARTESIAN_POINT('',(-2.3E-1,3.1E0,-2.875E0));
#6411=VERTEX_POINT('',#6410);
#6412=CARTESIAN_POINT('',(-2.3E-1,2.05E0,-2.875E0));
#6413=VERTEX_POINT('',#6412);
#6414=CARTESIAN_POINT('',(-2.3E-1,2.05E0,-1.275E0));
#6415=VERTEX_POINT('',#6414);
#6416=CARTESIAN_POINT('',(-2.3E-1,3.1E0,-1.275E0));
#6417=VERTEX_POINT('',#6416);
#6418=CARTESIAN_POINT('',(-2.3E-1,3.1E0,-2.75E-1));
#6419=VERTEX_POINT('',#6418);
#6420=CARTESIAN_POINT('',(-2.3E-1,1.2E0,-2.75E-1));
#6421=VERTEX_POINT('',#6420);
#6422=CARTESIAN_POINT('',(-2.3E-1,1.2E0,-1.075E0));
#6423=VERTEX_POINT('',#6422);
#6424=CARTESIAN_POINT('',(-2.3E-1,0.E0,-1.075E0));
#6425=VERTEX_POINT('',#6424);
#6426=CARTESIAN_POINT('',(-2.3E-1,-1.032507412901E-14,-1.025E0));
#6427=VERTEX_POINT('',#6426);
#6428=CARTESIAN_POINT('',(-2.3E-1,-3.E-1,-1.198205080757E0));
#6429=VERTEX_POINT('',#6428);
#6430=CARTESIAN_POINT('',(-2.3E-1,-3.E-1,-2.225E0));
#6431=VERTEX_POINT('',#6430);
#6432=CARTESIAN_POINT('',(-2.3E-1,-3.94E0,-2.225E0));
#6433=VERTEX_POINT('',#6432);
#6434=CARTESIAN_POINT('',(-1.379E1,-3.94E0,-2.225E0));
#6435=VERTEX_POINT('',#6434);
#6436=CARTESIAN_POINT('',(2.7E-1,-3.E-1,-2.075E0));
#6437=DIRECTION('',(-1.E0,0.E0,0.E0));
#6438=DIRECTION('',(0.E0,0.E0,1.E0));
#6439=AXIS2_PLACEMENT_3D('',#6436,#6437,#6438);
#6440=PLANE('',#6439);
#6442=ORIENTED_EDGE('',*,*,#6441,.F.);
#6444=ORIENTED_EDGE('',*,*,#6443,.F.);
#6446=ORIENTED_EDGE('',*,*,#6445,.F.);
#6448=ORIENTED_EDGE('',*,*,#6447,.T.);
#6450=ORIENTED_EDGE('',*,*,#6449,.T.);
#6452=ORIENTED_EDGE('',*,*,#6451,.T.);
#6454=ORIENTED_EDGE('',*,*,#6453,.T.);
#6456=ORIENTED_EDGE('',*,*,#6455,.T.);
#6458=ORIENTED_EDGE('',*,*,#6457,.T.);
#6460=ORIENTED_EDGE('',*,*,#6459,.T.);
#6462=ORIENTED_EDGE('',*,*,#6461,.T.);
#6464=ORIENTED_EDGE('',*,*,#6463,.T.);
#6466=ORIENTED_EDGE('',*,*,#6465,.T.);
#6468=ORIENTED_EDGE('',*,*,#6467,.T.);
#6470=ORIENTED_EDGE('',*,*,#6469,.T.);
#6472=ORIENTED_EDGE('',*,*,#6471,.T.);
#6474=ORIENTED_EDGE('',*,*,#6473,.T.);
#6476=ORIENTED_EDGE('',*,*,#6475,.T.);
#6478=ORIENTED_EDGE('',*,*,#6477,.T.);
#6480=ORIENTED_EDGE('',*,*,#6479,.F.);
#6481=EDGE_LOOP('',(#6442,#6444,#6446,#6448,#6450,#6452,#6454,#6456,#6458,#6460,
#6462,#6464,#6466,#6468,#6470,#6472,#6474,#6476,#6478,#6480));
#6482=FACE_OUTER_BOUND('',#6481,.F.);
#6483=ADVANCED_FACE('',(#6482),#6440,.F.);
#6484=CARTESIAN_POINT('',(-2.3E-1,-3.94E0,-2.925E0));
#6485=DIRECTION('',(0.E0,0.E0,1.E0));
#6486=DIRECTION('',(-1.E0,0.E0,0.E0));
#6487=AXIS2_PLACEMENT_3D('',#6484,#6485,#6486);
#6488=CYLINDRICAL_SURFACE('',#6487,5.E-1);
#6490=ORIENTED_EDGE('',*,*,#6489,.T.);
#6492=ORIENTED_EDGE('',*,*,#6491,.F.);
#6493=ORIENTED_EDGE('',*,*,#6441,.T.);
#6495=ORIENTED_EDGE('',*,*,#6494,.F.);
#6496=EDGE_LOOP('',(#6490,#6492,#6493,#6495));
#6497=FACE_OUTER_BOUND('',#6496,.F.);
#6498=ADVANCED_FACE('',(#6497),#6488,.T.);
#6499=CARTESIAN_POINT('',(3.66E0,-4.44E0,-2.075E0));
#6500=DIRECTION('',(0.E0,1.E0,0.E0));
#6501=DIRECTION('',(0.E0,0.E0,1.E0));
#6502=AXIS2_PLACEMENT_3D('',#6499,#6500,#6501);
#6503=PLANE('',#6502);
#6504=ORIENTED_EDGE('',*,*,#6489,.F.);
#6506=ORIENTED_EDGE('',*,*,#6505,.F.);
#6508=ORIENTED_EDGE('',*,*,#6507,.T.);
#6510=ORIENTED_EDGE('',*,*,#6509,.F.);
#6511=EDGE_LOOP('',(#6504,#6506,#6508,#6510));
#6512=FACE_OUTER_BOUND('',#6511,.F.);
#6513=ADVANCED_FACE('',(#6512),#6503,.F.);
#6514=CARTESIAN_POINT('',(-5.065E0,-4.19E0,-2.925E0));
#6515=DIRECTION('',(0.E0,0.E0,1.E0));
#6516=DIRECTION('',(-1.E0,0.E0,0.E0));
#6517=AXIS2_PLACEMENT_3D('',#6514,#6515,#6516);
#6518=PLANE('',#6517);
#6520=ORIENTED_EDGE('',*,*,#6519,.T.);
#6522=ORIENTED_EDGE('',*,*,#6521,.F.);
#6524=ORIENTED_EDGE('',*,*,#6523,.F.);
#6525=ORIENTED_EDGE('',*,*,#6505,.T.);
#6526=EDGE_LOOP('',(#6520,#6522,#6524,#6525));
#6527=FACE_OUTER_BOUND('',#6526,.F.);
#6528=ADVANCED_FACE('',(#6527),#6518,.F.);
#6529=CARTESIAN_POINT('',(2.E-2,-9.025E0,-2.925E0));
#6530=DIRECTION('',(0.E0,0.E0,1.E0));
#6531=DIRECTION('',(0.E0,-1.E0,0.E0));
#6532=AXIS2_PLACEMENT_3D('',#6529,#6530,#6531);
#6533=PLANE('',#6532);
#6534=ORIENTED_EDGE('',*,*,#6519,.F.);
#6535=ORIENTED_EDGE('',*,*,#6494,.T.);
#6537=ORIENTED_EDGE('',*,*,#6536,.T.);
#6538=EDGE_LOOP('',(#6534,#6535,#6537));
#6539=FACE_OUTER_BOUND('',#6538,.F.);
#6540=ADVANCED_FACE('',(#6539),#6533,.F.);
#6541=CARTESIAN_POINT('',(2.E-2,-9.025E0,-2.925E0));
#6542=DIRECTION('',(0.E0,0.E0,1.E0));
#6543=DIRECTION('',(0.E0,-1.E0,0.E0));
#6544=AXIS2_PLACEMENT_3D('',#6541,#6542,#6543);
#6545=PLANE('',#6544);
#6546=ORIENTED_EDGE('',*,*,#6536,.F.);
#6547=ORIENTED_EDGE('',*,*,#6479,.T.);
#6549=ORIENTED_EDGE('',*,*,#6548,.T.);
#6551=ORIENTED_EDGE('',*,*,#6550,.F.);
#6552=EDGE_LOOP('',(#6546,#6547,#6549,#6551));
#6553=FACE_OUTER_BOUND('',#6552,.F.);
#6554=ADVANCED_FACE('',(#6553),#6545,.F.);
#6555=CARTESIAN_POINT('',(-2.3E-1,-3.E-1,-2.075E0));
#6556=DIRECTION('',(-1.E0,0.E0,0.E0));
#6557=DIRECTION('',(0.E0,0.E0,1.E0));
#6558=AXIS2_PLACEMENT_3D('',#6555,#6556,#6557);
#6559=PLANE('',#6558);
#6561=ORIENTED_EDGE('',*,*,#6560,.T.);
#6562=ORIENTED_EDGE('',*,*,#6550,.T.);
#6564=ORIENTED_EDGE('',*,*,#6563,.T.);
#6566=ORIENTED_EDGE('',*,*,#6565,.T.);
#6568=ORIENTED_EDGE('',*,*,#6567,.T.);
#6570=ORIENTED_EDGE('',*,*,#6569,.T.);
#6572=ORIENTED_EDGE('',*,*,#6571,.T.);
#6574=ORIENTED_EDGE('',*,*,#6573,.T.);
#6576=ORIENTED_EDGE('',*,*,#6575,.T.);
#6578=ORIENTED_EDGE('',*,*,#6577,.T.);
#6580=ORIENTED_EDGE('',*,*,#6579,.T.);
#6582=ORIENTED_EDGE('',*,*,#6581,.T.);
#6584=ORIENTED_EDGE('',*,*,#6583,.T.);
#6586=ORIENTED_EDGE('',*,*,#6585,.T.);
#6588=ORIENTED_EDGE('',*,*,#6587,.T.);
#6590=ORIENTED_EDGE('',*,*,#6589,.T.);
#6592=ORIENTED_EDGE('',*,*,#6591,.T.);
#6594=ORIENTED_EDGE('',*,*,#6593,.T.);
#6596=ORIENTED_EDGE('',*,*,#6595,.T.);
#6598=ORIENTED_EDGE('',*,*,#6597,.T.);
#6599=EDGE_LOOP('',(#6561,#6562,#6564,#6566,#6568,#6570,#6572,#6574,#6576,#6578,
#6580,#6582,#6584,#6586,#6588,#6590,#6592,#6594,#6596,#6598));
#6600=FACE_OUTER_BOUND('',#6599,.F.);
#6601=ADVANCED_FACE('',(#6600),#6559,.T.);
#6602=CARTESIAN_POINT('',(3.66E0,-3.94E0,-2.075E0));
#6603=DIRECTION('',(0.E0,1.E0,0.E0));
#6604=DIRECTION('',(0.E0,0.E0,1.E0));
#6605=AXIS2_PLACEMENT_3D('',#6602,#6603,#6604);
#6606=PLANE('',#6605);
#6607=ORIENTED_EDGE('',*,*,#6560,.F.);
#6609=ORIENTED_EDGE('',*,*,#6608,.T.);
#6611=ORIENTED_EDGE('',*,*,#6610,.T.);
#6612=ORIENTED_EDGE('',*,*,#6521,.T.);
#6613=EDGE_LOOP('',(#6607,#6609,#6611,#6612));
#6614=FACE_OUTER_BOUND('',#6613,.F.);
#6615=ADVANCED_FACE('',(#6614),#6606,.T.);
#6616=CARTESIAN_POINT('',(-5.065E0,-4.19E0,-2.225E0));
#6617=DIRECTION('',(0.E0,0.E0,-1.E0));
#6618=DIRECTION('',(1.E0,0.E0,0.E0));
#6619=AXIS2_PLACEMENT_3D('',#6616,#6617,#6618);
#6620=PLANE('',#6619);
#6622=ORIENTED_EDGE('',*,*,#6621,.F.);
#6623=ORIENTED_EDGE('',*,*,#6509,.T.);
#6625=ORIENTED_EDGE('',*,*,#6624,.F.);
#6626=ORIENTED_EDGE('',*,*,#6608,.F.);
#6627=EDGE_LOOP('',(#6622,#6623,#6625,#6626));
#6628=FACE_OUTER_BOUND('',#6627,.F.);
#6629=ADVANCED_FACE('',(#6628),#6620,.F.);
#6630=CARTESIAN_POINT('',(2.E-2,-9.025E0,-2.225E0));
#6631=DIRECTION('',(0.E0,0.E0,-1.E0));
#6632=DIRECTION('',(0.E0,1.E0,0.E0));
#6633=AXIS2_PLACEMENT_3D('',#6630,#6631,#6632);
#6634=PLANE('',#6633);
#6635=ORIENTED_EDGE('',*,*,#6621,.T.);
#6637=ORIENTED_EDGE('',*,*,#6636,.F.);
#6638=ORIENTED_EDGE('',*,*,#6491,.T.);
#6639=EDGE_LOOP('',(#6635,#6637,#6638));
#6640=FACE_OUTER_BOUND('',#6639,.F.);
#6641=ADVANCED_FACE('',(#6640),#6634,.F.);
#6642=CARTESIAN_POINT('',(2.E-2,-9.025E0,-2.225E0));
#6643=DIRECTION('',(0.E0,0.E0,-1.E0));
#6644=DIRECTION('',(0.E0,1.E0,0.E0));
#6645=AXIS2_PLACEMENT_3D('',#6642,#6643,#6644);
#6646=PLANE('',#6645);
#6647=ORIENTED_EDGE('',*,*,#6636,.T.);
#6648=ORIENTED_EDGE('',*,*,#6597,.F.);
#6650=ORIENTED_EDGE('',*,*,#6649,.T.);
#6651=ORIENTED_EDGE('',*,*,#6443,.T.);
#6652=EDGE_LOOP('',(#6647,#6648,#6650,#6651));
#6653=FACE_OUTER_BOUND('',#6652,.F.);
#6654=ADVANCED_FACE('',(#6653),#6646,.F.);
#6655=CARTESIAN_POINT('',(2.E-2,-3.E-1,-1.711602540378E0));
#6656=DIRECTION('',(0.E0,1.E0,0.E0));
#6657=DIRECTION('',(0.E0,0.E0,1.E0));
#6658=AXIS2_PLACEMENT_3D('',#6655,#6656,#6657);
#6659=PLANE('',#6658);
#6660=ORIENTED_EDGE('',*,*,#6445,.T.);
#6661=ORIENTED_EDGE('',*,*,#6649,.F.);
#6662=ORIENTED_EDGE('',*,*,#6595,.F.);
#6664=ORIENTED_EDGE('',*,*,#6663,.T.);
#6665=EDGE_LOOP('',(#6660,#6661,#6662,#6664));
#6666=FACE_OUTER_BOUND('',#6665,.F.);
#6667=ADVANCED_FACE('',(#6666),#6659,.F.);
#6668=CARTESIAN_POINT('',(2.E-2,-1.5E-1,-1.111602540378E0));
#6669=DIRECTION('',(0.E0,5.E-1,-8.660254037844E-1));
#6670=DIRECTION('',(0.E0,8.660254037844E-1,5.E-1));
#6671=AXIS2_PLACEMENT_3D('',#6668,#6669,#6670);
#6672=PLANE('',#6671);
#6673=ORIENTED_EDGE('',*,*,#6447,.F.);
#6674=ORIENTED_EDGE('',*,*,#6663,.F.);
#6675=ORIENTED_EDGE('',*,*,#6593,.F.);
#6677=ORIENTED_EDGE('',*,*,#6676,.T.);
#6678=EDGE_LOOP('',(#6673,#6674,#6675,#6677));
#6679=FACE_OUTER_BOUND('',#6678,.F.);
#6680=ADVANCED_FACE('',(#6679),#6672,.F.);
#6681=CARTESIAN_POINT('',(-1.379E1,-4.19E0,-2.575E0));
#6682=DIRECTION('',(0.E0,1.E0,0.E0));
#6683=DIRECTION('',(0.E0,0.E0,-1.E0));
#6684=AXIS2_PLACEMENT_3D('',#6681,#6682,#6683);
#6685=CYLINDRICAL_SURFACE('',#6684,3.5E-1);
#6686=ORIENTED_EDGE('',*,*,#6507,.F.);
#6687=ORIENTED_EDGE('',*,*,#6523,.T.);
#6688=ORIENTED_EDGE('',*,*,#6610,.F.);
#6689=ORIENTED_EDGE('',*,*,#6624,.T.);
#6690=EDGE_LOOP('',(#6686,#6687,#6688,#6689));
#6691=FACE_OUTER_BOUND('',#6690,.F.);
#6692=ADVANCED_FACE('',(#6691),#6685,.T.);
#6693=CARTESIAN_POINT('',(2.E-2,-1.5E-1,-3.038397459622E0));
#6694=DIRECTION('',(0.E0,5.E-1,8.660254037844E-1));
#6695=DIRECTION('',(0.E0,-8.660254037844E-1,5.E-1));
#6696=AXIS2_PLACEMENT_3D('',#6693,#6694,#6695);
#6697=PLANE('',#6696);
#6698=ORIENTED_EDGE('',*,*,#6475,.F.);
#6700=ORIENTED_EDGE('',*,*,#6699,.T.);
#6701=ORIENTED_EDGE('',*,*,#6565,.F.);
#6703=ORIENTED_EDGE('',*,*,#6702,.T.);
#6704=EDGE_LOOP('',(#6698,#6700,#6701,#6703));
#6705=FACE_OUTER_BOUND('',#6704,.F.);
#6706=ADVANCED_FACE('',(#6705),#6697,.F.);
#6707=OPEN_SHELL('',(#6483,#6498,#6513,#6528,#6540,#6554,#6601,#6615,#6629,
#6641,#6654,#6667,#6680,#6692,#6706));
#6708=DIRECTION('',(0.E0,0.E0,1.E0));
#6709=VECTOR('',#6708,7.E-1);
#6710=CARTESIAN_POINT('',(-2.3E-1,-3.69E0,2.175E0));
#6711=LINE('',#6710,#6709);
#6712=CARTESIAN_POINT('',(-1.404E1,-3.69E0,2.525E0));
#6713=DIRECTION('',(0.E0,-1.E0,0.E0));
#6714=DIRECTION('',(0.E0,0.E0,1.E0));
#6715=AXIS2_PLACEMENT_3D('',#6712,#6713,#6714);
#6717=DIRECTION('',(0.E0,8.660254037844E-1,-5.E-1));
#6718=VECTOR('',#6717,3.464101615138E-1);
#6719=CARTESIAN_POINT('',(-2.3E-1,-3.E-1,1.148205080757E0));
#6720=LINE('',#6719,#6718);
#6721=DIRECTION('',(0.E0,2.070565940925E-13,1.E0));
#6722=VECTOR('',#6721,5.000000000002E-2);
#6723=CARTESIAN_POINT('',(-2.3E-1,-1.035282970463E-14,9.75E-1));
#6724=LINE('',#6723,#6722);
#6725=DIRECTION('',(0.E0,1.E0,0.E0));
#6726=VECTOR('',#6725,1.2E0);
#6727=CARTESIAN_POINT('',(-2.3E-1,0.E0,1.025E0));
#6728=LINE('',#6727,#6726);
#6729=DIRECTION('',(0.E0,0.E0,-1.E0));
#6730=VECTOR('',#6729,8.E-1);
#6731=CARTESIAN_POINT('',(-2.3E-1,1.2E0,1.025E0));
#6732=LINE('',#6731,#6730);
#6733=DIRECTION('',(0.E0,1.E0,0.E0));
#6734=VECTOR('',#6733,1.9E0);
#6735=CARTESIAN_POINT('',(-2.3E-1,1.2E0,2.25E-1));
#6736=LINE('',#6735,#6734);
#6737=DIRECTION('',(0.E0,0.E0,1.E0));
#6738=VECTOR('',#6737,1.E0);
#6739=CARTESIAN_POINT('',(-2.3E-1,3.1E0,2.25E-1));
#6740=LINE('',#6739,#6738);
#6741=DIRECTION('',(0.E0,-1.E0,0.E0));
#6742=VECTOR('',#6741,1.05E0);
#6743=CARTESIAN_POINT('',(-2.3E-1,3.1E0,1.225E0));
#6744=LINE('',#6743,#6742);
#6745=DIRECTION('',(0.E0,0.E0,1.E0));
#6746=VECTOR('',#6745,1.6E0);
#6747=CARTESIAN_POINT('',(-2.3E-1,2.05E0,1.225E0));
#6748=LINE('',#6747,#6746);
#6749=DIRECTION('',(0.E0,1.E0,0.E0));
#6750=VECTOR('',#6749,1.05E0);
#6751=CARTESIAN_POINT('',(-2.3E-1,2.05E0,2.825E0));
#6752=LINE('',#6751,#6750);
#6753=DIRECTION('',(0.E0,0.E0,1.E0));
#6754=VECTOR('',#6753,1.E0);
#6755=CARTESIAN_POINT('',(-2.3E-1,3.1E0,2.825E0));
#6756=LINE('',#6755,#6754);
#6757=DIRECTION('',(0.E0,-1.E0,0.E0));
#6758=VECTOR('',#6757,1.9E0);
#6759=CARTESIAN_POINT('',(-2.3E-1,3.1E0,3.825E0));
#6760=LINE('',#6759,#6758);
#6761=DIRECTION('',(0.E0,0.E0,-1.E0));
#6762=VECTOR('',#6761,8.E-1);
#6763=CARTESIAN_POINT('',(-2.3E-1,1.2E0,3.825E0));
#6764=LINE('',#6763,#6762);
#6765=DIRECTION('',(0.E0,-1.E0,0.E0));
#6766=VECTOR('',#6765,1.2E0);
#6767=CARTESIAN_POINT('',(-2.3E-1,1.2E0,3.025E0));
#6768=LINE('',#6767,#6766);
#6769=DIRECTION('',(0.E0,-2.070565940925E-13,1.E0));
#6770=VECTOR('',#6769,5.000000000002E-2);
#6771=CARTESIAN_POINT('',(-2.3E-1,0.E0,3.025E0));
#6772=LINE('',#6771,#6770);
#6773=DIRECTION('',(0.E0,-8.660254037844E-1,-5.E-1));
#6774=VECTOR('',#6773,3.464101615138E-1);
#6775=CARTESIAN_POINT('',(-2.3E-1,-1.035282970463E-14,3.075E0));
#6776=LINE('',#6775,#6774);
#6777=DIRECTION('',(1.E0,0.E0,0.E0));
#6778=VECTOR('',#6777,5.E-1);
#6779=CARTESIAN_POINT('',(-2.3E-1,-3.69E0,2.175E0));
#6780=LINE('',#6779,#6778);
#6781=DIRECTION('',(-1.E0,0.E0,0.E0));
#6782=VECTOR('',#6781,5.E-1);
#6783=CARTESIAN_POINT('',(2.7E-1,-3.E-1,2.175E0));
#6784=LINE('',#6783,#6782);
#6785=DIRECTION('',(0.E0,-1.E0,0.E0));
#6786=VECTOR('',#6785,3.39E0);
#6787=CARTESIAN_POINT('',(-2.3E-1,-3.E-1,2.175E0));
#6788=LINE('',#6787,#6786);
#6789=DIRECTION('',(0.E0,-1.E0,0.E0));
#6790=VECTOR('',#6789,5.E-1);
#6791=CARTESIAN_POINT('',(-2.3E-1,-3.69E0,2.175E0));
#6792=LINE('',#6791,#6790);
#6793=CARTESIAN_POINT('',(-2.3E-1,-3.69E0,2.175E0));
#6794=DIRECTION('',(0.E0,0.E0,1.E0));
#6795=DIRECTION('',(0.E0,-1.E0,0.E0));
#6796=AXIS2_PLACEMENT_3D('',#6793,#6794,#6795);
#6798=DIRECTION('',(-1.E0,0.E0,0.E0));
#6799=VECTOR('',#6798,1.381E1);
#6800=CARTESIAN_POINT('',(-2.3E-1,-3.69E0,2.175E0));
#6801=LINE('',#6800,#6799);
#6802=DIRECTION('',(0.E0,-1.E0,0.E0));
#6803=VECTOR('',#6802,5.E-1);
#6804=CARTESIAN_POINT('',(-1.404E1,-3.69E0,2.875E0));
#6805=LINE('',#6804,#6803);
#6806=DIRECTION('',(0.E0,1.E0,0.E0));
#6807=VECTOR('',#6806,5.E-1);
#6808=CARTESIAN_POINT('',(-1.404E1,-4.19E0,2.175E0));
#6809=LINE('',#6808,#6807);
#6810=DIRECTION('',(0.E0,-1.E0,0.E0));
#6811=VECTOR('',#6810,5.E-1);
#6812=CARTESIAN_POINT('',(-2.3E-1,-3.69E0,2.875E0));
#6813=LINE('',#6812,#6811);
#6814=DIRECTION('',(1.E0,0.E0,0.E0));
#6815=VECTOR('',#6814,1.381E1);
#6816=CARTESIAN_POINT('',(-1.404E1,-3.69E0,2.875E0));
#6817=LINE('',#6816,#6815);
#6818=DIRECTION('',(1.E0,0.E0,0.E0));
#6819=VECTOR('',#6818,5.E-1);
#6820=CARTESIAN_POINT('',(-2.3E-1,-3.69E0,2.875E0));
#6821=LINE('',#6820,#6819);
#6822=CARTESIAN_POINT('',(-2.3E-1,-3.69E0,2.875E0));
#6823=DIRECTION('',(0.E0,0.E0,-1.E0));
#6824=DIRECTION('',(1.E0,0.E0,0.E0));
#6825=AXIS2_PLACEMENT_3D('',#6822,#6823,#6824);
#6827=DIRECTION('',(0.E0,1.E0,0.E0));
#6828=VECTOR('',#6827,3.39E0);
#6829=CARTESIAN_POINT('',(-2.3E-1,-3.69E0,2.875E0));
#6830=LINE('',#6829,#6828);
#6831=DIRECTION('',(0.E0,-2.713932721840E-13,1.E0));
#6832=VECTOR('',#6831,2.679491924311E-2);
#6833=CARTESIAN_POINT('',(-2.3E-1,-3.E-1,2.875E0));
#6834=LINE('',#6833,#6832);
#6835=DIRECTION('',(-1.E0,0.E0,0.E0));
#6836=VECTOR('',#6835,5.E-1);
#6837=CARTESIAN_POINT('',(2.7E-1,-3.E-1,2.875E0));
#6838=LINE('',#6837,#6836);
#6839=DIRECTION('',(1.E0,0.E0,0.E0));
#6840=VECTOR('',#6839,5.E-1);
#6841=CARTESIAN_POINT('',(-2.3E-1,-1.035282970463E-14,3.075E0));
#6842=LINE('',#6841,#6840);
#6843=DIRECTION('',(-1.E0,0.E0,0.E0));
#6844=VECTOR('',#6843,5.E-1);
#6845=CARTESIAN_POINT('',(2.7E-1,-3.E-1,2.901794919243E0));
#6846=LINE('',#6845,#6844);
#6847=DIRECTION('',(0.E0,1.E0,0.E0));
#6848=VECTOR('',#6847,3.39E0);
#6849=CARTESIAN_POINT('',(2.7E-1,-3.69E0,2.875E0));
#6850=LINE('',#6849,#6848);
#6851=DIRECTION('',(0.E0,-2.713932721840E-13,1.E0));
#6852=VECTOR('',#6851,2.679491924311E-2);
#6853=CARTESIAN_POINT('',(2.7E-1,-3.E-1,2.875E0));
#6854=LINE('',#6853,#6852);
#6855=DIRECTION('',(0.E0,8.660254037844E-1,5.E-1));
#6856=VECTOR('',#6855,3.464101615138E-1);
#6857=CARTESIAN_POINT('',(2.7E-1,-3.E-1,2.901794919243E0));
#6858=LINE('',#6857,#6856);
#6859=DIRECTION('',(0.E0,2.009503674571E-13,-1.E0));
#6860=VECTOR('',#6859,5.000000000002E-2);
#6861=CARTESIAN_POINT('',(2.7E-1,-1.065814103640E-14,3.075E0));
#6862=LINE('',#6861,#6860);
#6863=DIRECTION('',(0.E0,1.E0,0.E0));
#6864=VECTOR('',#6863,1.2E0);
#6865=CARTESIAN_POINT('',(2.7E-1,0.E0,3.025E0));
#6866=LINE('',#6865,#6864);
#6867=DIRECTION('',(0.E0,0.E0,1.E0));
#6868=VECTOR('',#6867,8.E-1);
#6869=CARTESIAN_POINT('',(2.7E-1,1.2E0,3.025E0));
#6870=LINE('',#6869,#6868);
#6871=DIRECTION('',(0.E0,1.E0,0.E0));
#6872=VECTOR('',#6871,1.9E0);
#6873=CARTESIAN_POINT('',(2.7E-1,1.2E0,3.825E0));
#6874=LINE('',#6873,#6872);
#6875=DIRECTION('',(0.E0,0.E0,-1.E0));
#6876=VECTOR('',#6875,1.E0);
#6877=CARTESIAN_POINT('',(2.7E-1,3.1E0,3.825E0));
#6878=LINE('',#6877,#6876);
#6879=DIRECTION('',(0.E0,-1.E0,0.E0));
#6880=VECTOR('',#6879,1.05E0);
#6881=CARTESIAN_POINT('',(2.7E-1,3.1E0,2.825E0));
#6882=LINE('',#6881,#6880);
#6883=DIRECTION('',(0.E0,0.E0,-1.E0));
#6884=VECTOR('',#6883,1.6E0);
#6885=CARTESIAN_POINT('',(2.7E-1,2.05E0,2.825E0));
#6886=LINE('',#6885,#6884);
#6887=DIRECTION('',(0.E0,1.E0,0.E0));
#6888=VECTOR('',#6887,1.05E0);
#6889=CARTESIAN_POINT('',(2.7E-1,2.05E0,1.225E0));
#6890=LINE('',#6889,#6888);
#6891=DIRECTION('',(0.E0,0.E0,-1.E0));
#6892=VECTOR('',#6891,1.E0);
#6893=CARTESIAN_POINT('',(2.7E-1,3.1E0,1.225E0));
#6894=LINE('',#6893,#6892);
#6895=DIRECTION('',(0.E0,-1.E0,0.E0));
#6896=VECTOR('',#6895,1.9E0);
#6897=CARTESIAN_POINT('',(2.7E-1,3.1E0,2.25E-1));
#6898=LINE('',#6897,#6896);
#6899=DIRECTION('',(0.E0,0.E0,1.E0));
#6900=VECTOR('',#6899,8.E-1);
#6901=CARTESIAN_POINT('',(2.7E-1,1.2E0,2.25E-1));
#6902=LINE('',#6901,#6900);
#6903=DIRECTION('',(0.E0,-1.E0,0.E0));
#6904=VECTOR('',#6903,1.2E0);
#6905=CARTESIAN_POINT('',(2.7E-1,1.2E0,1.025E0));
#6906=LINE('',#6905,#6904);
#6907=DIRECTION('',(0.E0,-2.070565940925E-13,-1.E0));
#6908=VECTOR('',#6907,5.000000000002E-2);
#6909=CARTESIAN_POINT('',(2.7E-1,0.E0,1.025E0));
#6910=LINE('',#6909,#6908);
#6911=DIRECTION('',(0.E0,-8.660254037844E-1,5.E-1));
#6912=VECTOR('',#6911,3.464101615138E-1);
#6913=CARTESIAN_POINT('',(2.7E-1,-1.035282970463E-14,9.75E-1));
#6914=LINE('',#6913,#6912);
#6915=DIRECTION('',(0.E0,0.E0,1.E0));
#6916=VECTOR('',#6915,1.026794919243E0);
#6917=CARTESIAN_POINT('',(2.7E-1,-3.E-1,1.148205080757E0));
#6918=LINE('',#6917,#6916);
#6919=DIRECTION('',(0.E0,-1.E0,0.E0));
#6920=VECTOR('',#6919,3.39E0);
#6921=CARTESIAN_POINT('',(2.7E-1,-3.E-1,2.175E0));
#6922=LINE('',#6921,#6920);
#6923=DIRECTION('',(0.E0,0.E0,-1.E0));
#6924=VECTOR('',#6923,7.E-1);
#6925=CARTESIAN_POINT('',(2.7E-1,-3.69E0,2.875E0));
#6926=LINE('',#6925,#6924);
#6927=DIRECTION('',(0.E0,0.E0,1.E0));
#6928=VECTOR('',#6927,7.E-1);
#6929=CARTESIAN_POINT('',(-2.3E-1,-4.19E0,2.175E0));
#6930=LINE('',#6929,#6928);
#6931=DIRECTION('',(-1.E0,0.E0,0.E0));
#6932=VECTOR('',#6931,1.381E1);
#6933=CARTESIAN_POINT('',(-2.3E-1,-4.19E0,2.175E0));
#6934=LINE('',#6933,#6932);
#6935=CARTESIAN_POINT('',(-1.404E1,-4.19E0,2.525E0));
#6936=DIRECTION('',(0.E0,1.E0,0.E0));
#6937=DIRECTION('',(0.E0,0.E0,-1.E0));
#6938=AXIS2_PLACEMENT_3D('',#6935,#6936,#6937);
#6940=DIRECTION('',(1.E0,0.E0,0.E0));
#6941=VECTOR('',#6940,1.381E1);
#6942=CARTESIAN_POINT('',(-1.404E1,-4.19E0,2.875E0));
#6943=LINE('',#6942,#6941);
#6944=DIRECTION('',(-1.E0,0.E0,0.E0));
#6945=VECTOR('',#6944,5.E-1);
#6946=CARTESIAN_POINT('',(2.7E-1,-1.035282970463E-14,9.75E-1));
#6947=LINE('',#6946,#6945);
#6948=DIRECTION('',(0.E0,0.E0,1.E0));
#6949=VECTOR('',#6948,1.026794919243E0);
#6950=CARTESIAN_POINT('',(-2.3E-1,-3.E-1,1.148205080757E0));
#6951=LINE('',#6950,#6949);
#6952=DIRECTION('',(-1.E0,0.E0,0.E0));
#6953=VECTOR('',#6952,5.E-1);
#6954=CARTESIAN_POINT('',(2.7E-1,-3.E-1,1.148205080757E0));
#6955=LINE('',#6954,#6953);
#6956=CARTESIAN_POINT('',(-2.3E-1,-3.69E0,2.175E0));
#6957=CARTESIAN_POINT('',(-2.3E-1,-3.69E0,2.875E0));
#6958=VERTEX_POINT('',#6956);
#6959=VERTEX_POINT('',#6957);
#6960=CARTESIAN_POINT('',(-1.404E1,-3.69E0,2.875E0));
#6961=VERTEX_POINT('',#6960);
#6962=CARTESIAN_POINT('',(-1.404E1,-3.69E0,2.175E0));
#6963=VERTEX_POINT('',#6962);
#6964=CARTESIAN_POINT('',(-2.3E-1,-3.E-1,2.175E0));
#6965=VERTEX_POINT('',#6964);
#6966=CARTESIAN_POINT('',(-2.3E-1,-3.E-1,1.148205080757E0));
#6967=VERTEX_POINT('',#6966);
#6968=CARTESIAN_POINT('',(-2.3E-1,-1.032507412901E-14,9.75E-1));
#6969=VERTEX_POINT('',#6968);
#6970=CARTESIAN_POINT('',(-2.3E-1,0.E0,1.025E0));
#6971=VERTEX_POINT('',#6970);
#6972=CARTESIAN_POINT('',(-2.3E-1,1.2E0,1.025E0));
#6973=VERTEX_POINT('',#6972);
#6974=CARTESIAN_POINT('',(-2.3E-1,1.2E0,2.25E-1));
#6975=VERTEX_POINT('',#6974);
#6976=CARTESIAN_POINT('',(-2.3E-1,3.1E0,2.25E-1));
#6977=VERTEX_POINT('',#6976);
#6978=CARTESIAN_POINT('',(-2.3E-1,3.1E0,1.225E0));
#6979=VERTEX_POINT('',#6978);
#6980=CARTESIAN_POINT('',(-2.3E-1,2.05E0,1.225E0));
#6981=VERTEX_POINT('',#6980);
#6982=CARTESIAN_POINT('',(-2.3E-1,2.05E0,2.825E0));
#6983=VERTEX_POINT('',#6982);
#6984=CARTESIAN_POINT('',(-2.3E-1,3.1E0,2.825E0));
#6985=VERTEX_POINT('',#6984);
#6986=CARTESIAN_POINT('',(-2.3E-1,3.1E0,3.825E0));
#6987=VERTEX_POINT('',#6986);
#6988=CARTESIAN_POINT('',(-2.3E-1,1.2E0,3.825E0));
#6989=VERTEX_POINT('',#6988);
#6990=CARTESIAN_POINT('',(-2.3E-1,1.2E0,3.025E0));
#6991=VERTEX_POINT('',#6990);
#6992=CARTESIAN_POINT('',(-2.3E-1,0.E0,3.025E0));
#6993=VERTEX_POINT('',#6992);
#6994=CARTESIAN_POINT('',(-2.3E-1,-1.035282970463E-14,3.075E0));
#6995=VERTEX_POINT('',#6994);
#6996=CARTESIAN_POINT('',(-2.3E-1,-3.E-1,2.901794919243E0));
#6997=VERTEX_POINT('',#6996);
#6998=CARTESIAN_POINT('',(-2.3E-1,-3.E-1,2.875E0));
#6999=VERTEX_POINT('',#6998);
#7000=CARTESIAN_POINT('',(2.7E-1,-3.69E0,2.175E0));
#7001=VERTEX_POINT('',#7000);
#7002=CARTESIAN_POINT('',(2.7E-1,-3.E-1,2.175E0));
#7003=VERTEX_POINT('',#7002);
#7004=CARTESIAN_POINT('',(-2.3E-1,-4.19E0,2.175E0));
#7005=VERTEX_POINT('',#7004);
#7006=CARTESIAN_POINT('',(-1.404E1,-4.19E0,2.175E0));
#7007=VERTEX_POINT('',#7006);
#7008=CARTESIAN_POINT('',(-1.404E1,-4.19E0,2.875E0));
#7009=VERTEX_POINT('',#7008);
#7010=CARTESIAN_POINT('',(-2.3E-1,-4.19E0,2.875E0));
#7011=VERTEX_POINT('',#7010);
#7012=CARTESIAN_POINT('',(2.7E-1,-3.69E0,2.875E0));
#7013=VERTEX_POINT('',#7012);
#7014=CARTESIAN_POINT('',(2.7E-1,-3.E-1,2.875E0));
#7015=VERTEX_POINT('',#7014);
#7016=CARTESIAN_POINT('',(2.7E-1,-3.E-1,2.901794919243E0));
#7017=VERTEX_POINT('',#7016);
#7018=CARTESIAN_POINT('',(2.7E-1,-1.065814103640E-14,3.075E0));
#7019=VERTEX_POINT('',#7018);
#7020=CARTESIAN_POINT('',(2.7E-1,0.E0,3.025E0));
#7021=VERTEX_POINT('',#7020);
#7022=CARTESIAN_POINT('',(2.7E-1,1.2E0,3.025E0));
#7023=VERTEX_POINT('',#7022);
#7024=CARTESIAN_POINT('',(2.7E-1,1.2E0,3.825E0));
#7025=VERTEX_POINT('',#7024);
#7026=CARTESIAN_POINT('',(2.7E-1,3.1E0,3.825E0));
#7027=VERTEX_POINT('',#7026);
#7028=CARTESIAN_POINT('',(2.7E-1,3.1E0,2.825E0));
#7029=VERTEX_POINT('',#7028);
#7030=CARTESIAN_POINT('',(2.7E-1,2.05E0,2.825E0));
#7031=VERTEX_POINT('',#7030);
#7032=CARTESIAN_POINT('',(2.7E-1,2.05E0,1.225E0));
#7033=VERTEX_POINT('',#7032);
#7034=CARTESIAN_POINT('',(2.7E-1,3.1E0,1.225E0));
#7035=VERTEX_POINT('',#7034);
#7036=CARTESIAN_POINT('',(2.7E-1,3.1E0,2.25E-1));
#7037=VERTEX_POINT('',#7036);
#7038=CARTESIAN_POINT('',(2.7E-1,1.2E0,2.25E-1));
#7039=VERTEX_POINT('',#7038);
#7040=CARTESIAN_POINT('',(2.7E-1,1.2E0,1.025E0));
#7041=VERTEX_POINT('',#7040);
#7042=CARTESIAN_POINT('',(2.7E-1,0.E0,1.025E0));
#7043=VERTEX_POINT('',#7042);
#7044=CARTESIAN_POINT('',(2.7E-1,-1.035282970463E-14,9.75E-1));
#7045=VERTEX_POINT('',#7044);
#7046=CARTESIAN_POINT('',(2.7E-1,-3.E-1,1.148205080757E0));
#7047=VERTEX_POINT('',#7046);
#7048=CARTESIAN_POINT('',(3.41E0,-3.69E0,2.025E0));
#7049=DIRECTION('',(0.E0,-1.E0,0.E0));
#7050=DIRECTION('',(0.E0,0.E0,-1.E0));
#7051=AXIS2_PLACEMENT_3D('',#7048,#7049,#7050);
#7052=PLANE('',#7051);
#7054=ORIENTED_EDGE('',*,*,#7053,.T.);
#7056=ORIENTED_EDGE('',*,*,#7055,.F.);
#7058=ORIENTED_EDGE('',*,*,#7057,.T.);
#7060=ORIENTED_EDGE('',*,*,#7059,.F.);
#7061=EDGE_LOOP('',(#7054,#7056,#7058,#7060));
#7062=FACE_OUTER_BOUND('',#7061,.F.);
#7063=ADVANCED_FACE('',(#7062),#7052,.F.);
#7064=CARTESIAN_POINT('',(-2.3E-1,-3.E-1,2.025E0));
#7065=DIRECTION('',(1.E0,0.E0,0.E0));
#7066=DIRECTION('',(0.E0,0.E0,-1.E0));
#7067=AXIS2_PLACEMENT_3D('',#7064,#7065,#7066);
#7068=PLANE('',#7067);
#7069=ORIENTED_EDGE('',*,*,#7053,.F.);
#7071=ORIENTED_EDGE('',*,*,#7070,.F.);
#7073=ORIENTED_EDGE('',*,*,#7072,.F.);
#7075=ORIENTED_EDGE('',*,*,#7074,.T.);
#7077=ORIENTED_EDGE('',*,*,#7076,.T.);
#7079=ORIENTED_EDGE('',*,*,#7078,.T.);
#7081=ORIENTED_EDGE('',*,*,#7080,.T.);
#7083=ORIENTED_EDGE('',*,*,#7082,.T.);
#7085=ORIENTED_EDGE('',*,*,#7084,.T.);
#7087=ORIENTED_EDGE('',*,*,#7086,.T.);
#7089=ORIENTED_EDGE('',*,*,#7088,.T.);
#7091=ORIENTED_EDGE('',*,*,#7090,.T.);
#7093=ORIENTED_EDGE('',*,*,#7092,.T.);
#7095=ORIENTED_EDGE('',*,*,#7094,.T.);
#7097=ORIENTED_EDGE('',*,*,#7096,.T.);
#7099=ORIENTED_EDGE('',*,*,#7098,.T.);
#7101=ORIENTED_EDGE('',*,*,#7100,.T.);
#7103=ORIENTED_EDGE('',*,*,#7102,.T.);
#7105=ORIENTED_EDGE('',*,*,#7104,.F.);
#7107=ORIENTED_EDGE('',*,*,#7106,.F.);
#7108=EDGE_LOOP('',(#7069,#7071,#7073,#7075,#7077,#7079,#7081,#7083,#7085,#7087,
#7089,#7091,#7093,#7095,#7097,#7099,#7101,#7103,#7105,#7107));
#7109=FACE_OUTER_BOUND('',#7108,.F.);
#7110=ADVANCED_FACE('',(#7109),#7068,.F.);
#7111=CARTESIAN_POINT('',(2.E-2,-9.025E0,2.175E0));
#7112=DIRECTION('',(0.E0,0.E0,1.E0));
#7113=DIRECTION('',(0.E0,1.E0,0.E0));
#7114=AXIS2_PLACEMENT_3D('',#7111,#7112,#7113);
#7115=PLANE('',#7114);
#7117=ORIENTED_EDGE('',*,*,#7116,.T.);
#7119=ORIENTED_EDGE('',*,*,#7118,.F.);
#7121=ORIENTED_EDGE('',*,*,#7120,.T.);
#7122=ORIENTED_EDGE('',*,*,#7070,.T.);
#7123=EDGE_LOOP('',(#7117,#7119,#7121,#7122));
#7124=FACE_OUTER_BOUND('',#7123,.F.);
#7125=ADVANCED_FACE('',(#7124),#7115,.F.);
#7126=CARTESIAN_POINT('',(-5.315E0,-3.94E0,2.175E0));
#7127=DIRECTION('',(0.E0,0.E0,1.E0));
#7128=DIRECTION('',(1.E0,0.E0,0.E0));
#7129=AXIS2_PLACEMENT_3D('',#7126,#7127,#7128);
#7130=PLANE('',#7129);
#7131=ORIENTED_EDGE('',*,*,#7116,.F.);
#7133=ORIENTED_EDGE('',*,*,#7132,.T.);
#7135=ORIENTED_EDGE('',*,*,#7134,.T.);
#7136=EDGE_LOOP('',(#7131,#7133,#7135));
#7137=FACE_OUTER_BOUND('',#7136,.F.);
#7138=ADVANCED_FACE('',(#7137),#7130,.F.);
#7139=CARTESIAN_POINT('',(-5.315E0,-3.94E0,2.175E0));
#7140=DIRECTION('',(0.E0,0.E0,1.E0));
#7141=DIRECTION('',(1.E0,0.E0,0.E0));
#7142=AXIS2_PLACEMENT_3D('',#7139,#7140,#7141);
#7143=PLANE('',#7142);
#7144=ORIENTED_EDGE('',*,*,#7132,.F.);
#7145=ORIENTED_EDGE('',*,*,#7059,.T.);
#7147=ORIENTED_EDGE('',*,*,#7146,.F.);
#7149=ORIENTED_EDGE('',*,*,#7148,.F.);
#7150=EDGE_LOOP('',(#7144,#7145,#7147,#7149));
#7151=FACE_OUTER_BOUND('',#7150,.F.);
#7152=ADVANCED_FACE('',(#7151),#7143,.F.);
#7153=CARTESIAN_POINT('',(-1.404E1,-3.94E0,2.525E0));
#7154=DIRECTION('',(0.E0,-1.E0,0.E0));
#7155=DIRECTION('',(0.E0,0.E0,1.E0));
#7156=AXIS2_PLACEMENT_3D('',#7153,#7154,#7155);
#7157=CYLINDRICAL_SURFACE('',#7156,3.5E-1);
#7158=ORIENTED_EDGE('',*,*,#7057,.F.);
#7160=ORIENTED_EDGE('',*,*,#7159,.T.);
#7162=ORIENTED_EDGE('',*,*,#7161,.F.);
#7163=ORIENTED_EDGE('',*,*,#7146,.T.);
#7164=EDGE_LOOP('',(#7158,#7160,#7162,#7163));
#7165=FACE_OUTER_BOUND('',#7164,.F.);
#7166=ADVANCED_FACE('',(#7165),#7157,.T.);
#7167=CARTESIAN_POINT('',(-5.315E0,-3.94E0,2.875E0));
#7168=DIRECTION('',(0.E0,0.E0,-1.E0));
#7169=DIRECTION('',(-1.E0,0.E0,0.E0));
#7170=AXIS2_PLACEMENT_3D('',#7167,#7168,#7169);
#7171=PLANE('',#7170);
#7173=ORIENTED_EDGE('',*,*,#7172,.T.);
#7175=ORIENTED_EDGE('',*,*,#7174,.F.);
#7176=ORIENTED_EDGE('',*,*,#7159,.F.);
#7177=ORIENTED_EDGE('',*,*,#7055,.T.);
#7178=EDGE_LOOP('',(#7173,#7175,#7176,#7177));
#7179=FACE_OUTER_BOUND('',#7178,.F.);
#7180=ADVANCED_FACE('',(#7179),#7171,.F.);
#7181=CARTESIAN_POINT('',(-5.315E0,-3.94E0,2.875E0));
#7182=DIRECTION('',(0.E0,0.E0,-1.E0));
#7183=DIRECTION('',(-1.E0,0.E0,0.E0));
#7184=AXIS2_PLACEMENT_3D('',#7181,#7182,#7183);
#7185=PLANE('',#7184);
#7187=ORIENTED_EDGE('',*,*,#7186,.T.);
#7189=ORIENTED_EDGE('',*,*,#7188,.T.);
#7190=ORIENTED_EDGE('',*,*,#7172,.F.);
#7191=EDGE_LOOP('',(#7187,#7189,#7190));
#7192=FACE_OUTER_BOUND('',#7191,.F.);
#7193=ADVANCED_FACE('',(#7192),#7185,.F.);
#7194=CARTESIAN_POINT('',(2.E-2,-9.025E0,2.875E0));
#7195=DIRECTION('',(0.E0,0.E0,-1.E0));
#7196=DIRECTION('',(0.E0,-1.E0,0.E0));
#7197=AXIS2_PLACEMENT_3D('',#7194,#7195,#7196);
#7198=PLANE('',#7197);
#7199=ORIENTED_EDGE('',*,*,#7186,.F.);
#7200=ORIENTED_EDGE('',*,*,#7106,.T.);
#7202=ORIENTED_EDGE('',*,*,#7201,.F.);
#7204=ORIENTED_EDGE('',*,*,#7203,.F.);
#7205=EDGE_LOOP('',(#7199,#7200,#7202,#7204));
#7206=FACE_OUTER_BOUND('',#7205,.F.);
#7207=ADVANCED_FACE('',(#7206),#7198,.F.);
#7208=CARTESIAN_POINT('',(2.E-2,-3.E-1,2.888397459622E0));
#7209=DIRECTION('',(0.E0,1.E0,0.E0));
#7210=DIRECTION('',(0.E0,0.E0,-1.E0));
#7211=AXIS2_PLACEMENT_3D('',#7208,#7209,#7210);
#7212=PLANE('',#7211);
#7213=ORIENTED_EDGE('',*,*,#7104,.T.);
#7215=ORIENTED_EDGE('',*,*,#7214,.F.);
#7217=ORIENTED_EDGE('',*,*,#7216,.F.);
#7218=ORIENTED_EDGE('',*,*,#7201,.T.);
#7219=EDGE_LOOP('',(#7213,#7215,#7217,#7218));
#7220=FACE_OUTER_BOUND('',#7219,.F.);
#7221=ADVANCED_FACE('',(#7220),#7212,.F.);
#7222=CARTESIAN_POINT('',(2.E-2,-1.5E-1,2.988397459622E0));
#7223=DIRECTION('',(0.E0,5.E-1,-8.660254037844E-1));
#7224=DIRECTION('',(0.E0,-8.660254037844E-1,-5.E-1));
#7225=AXIS2_PLACEMENT_3D('',#7222,#7223,#7224);
#7226=PLANE('',#7225);
#7227=ORIENTED_EDGE('',*,*,#7102,.F.);
#7229=ORIENTED_EDGE('',*,*,#7228,.T.);
#7231=ORIENTED_EDGE('',*,*,#7230,.F.);
#7232=ORIENTED_EDGE('',*,*,#7214,.T.);
#7233=EDGE_LOOP('',(#7227,#7229,#7231,#7232));
#7234=FACE_OUTER_BOUND('',#7233,.F.);
#7235=ADVANCED_FACE('',(#7234),#7226,.F.);
#7236=CARTESIAN_POINT('',(2.7E-1,-3.E-1,2.025E0));
#7237=DIRECTION('',(1.E0,0.E0,0.E0));
#7238=DIRECTION('',(0.E0,0.E0,-1.E0));
#7239=AXIS2_PLACEMENT_3D('',#7236,#7237,#7238);
#7240=PLANE('',#7239);
#7242=ORIENTED_EDGE('',*,*,#7241,.F.);
#7243=ORIENTED_EDGE('',*,*,#7203,.T.);
#7244=ORIENTED_EDGE('',*,*,#7216,.T.);
#7245=ORIENTED_EDGE('',*,*,#7230,.T.);
#7247=ORIENTED_EDGE('',*,*,#7246,.T.);
#7249=ORIENTED_EDGE('',*,*,#7248,.T.);
#7251=ORIENTED_EDGE('',*,*,#7250,.T.);
#7253=ORIENTED_EDGE('',*,*,#7252,.T.);
#7255=ORIENTED_EDGE('',*,*,#7254,.T.);
#7257=ORIENTED_EDGE('',*,*,#7256,.T.);
#7259=ORIENTED_EDGE('',*,*,#7258,.T.);
#7261=ORIENTED_EDGE('',*,*,#7260,.T.);
#7263=ORIENTED_EDGE('',*,*,#7262,.T.);
#7265=ORIENTED_EDGE('',*,*,#7264,.T.);
#7267=ORIENTED_EDGE('',*,*,#7266,.T.);
#7269=ORIENTED_EDGE('',*,*,#7268,.T.);
#7271=ORIENTED_EDGE('',*,*,#7270,.T.);
#7273=ORIENTED_EDGE('',*,*,#7272,.T.);
#7275=ORIENTED_EDGE('',*,*,#7274,.T.);
#7276=ORIENTED_EDGE('',*,*,#7118,.T.);
#7277=EDGE_LOOP('',(#7242,#7243,#7244,#7245,#7247,#7249,#7251,#7253,#7255,#7257,
#7259,#7261,#7263,#7265,#7267,#7269,#7271,#7273,#7275,#7276));
#7278=FACE_OUTER_BOUND('',#7277,.F.);
#7279=ADVANCED_FACE('',(#7278),#7240,.T.);
#7280=CARTESIAN_POINT('',(-2.3E-1,-3.69E0,2.175E0));
#7281=DIRECTION('',(0.E0,0.E0,1.E0));
#7282=DIRECTION('',(0.E0,-1.E0,0.E0));
#7283=AXIS2_PLACEMENT_3D('',#7280,#7281,#7282);
#7284=CYLINDRICAL_SURFACE('',#7283,5.E-1);
#7285=ORIENTED_EDGE('',*,*,#7241,.T.);
#7286=ORIENTED_EDGE('',*,*,#7134,.F.);
#7288=ORIENTED_EDGE('',*,*,#7287,.T.);
#7289=ORIENTED_EDGE('',*,*,#7188,.F.);
#7290=EDGE_LOOP('',(#7285,#7286,#7288,#7289));
#7291=FACE_OUTER_BOUND('',#7290,.F.);
#7292=ADVANCED_FACE('',(#7291),#7284,.T.);
#7293=CARTESIAN_POINT('',(3.41E0,-4.19E0,2.025E0));
#7294=DIRECTION('',(0.E0,-1.E0,0.E0));
#7295=DIRECTION('',(0.E0,0.E0,-1.E0));
#7296=AXIS2_PLACEMENT_3D('',#7293,#7294,#7295);
#7297=PLANE('',#7296);
#7298=ORIENTED_EDGE('',*,*,#7287,.F.);
#7299=ORIENTED_EDGE('',*,*,#7148,.T.);
#7300=ORIENTED_EDGE('',*,*,#7161,.T.);
#7301=ORIENTED_EDGE('',*,*,#7174,.T.);
#7302=EDGE_LOOP('',(#7298,#7299,#7300,#7301));
#7303=FACE_OUTER_BOUND('',#7302,.F.);
#7304=ADVANCED_FACE('',(#7303),#7297,.T.);
#7305=CARTESIAN_POINT('',(2.E-2,-1.5E-1,1.061602540378E0));
#7306=DIRECTION('',(0.E0,5.E-1,8.660254037844E-1));
#7307=DIRECTION('',(0.E0,8.660254037844E-1,-5.E-1));
#7308=AXIS2_PLACEMENT_3D('',#7305,#7306,#7307);
#7309=PLANE('',#7308);
#7310=ORIENTED_EDGE('',*,*,#7074,.F.);
#7312=ORIENTED_EDGE('',*,*,#7311,.F.);
#7313=ORIENTED_EDGE('',*,*,#7272,.F.);
#7315=ORIENTED_EDGE('',*,*,#7314,.T.);
#7316=EDGE_LOOP('',(#7310,#7312,#7313,#7315));
#7317=FACE_OUTER_BOUND('',#7316,.F.);
#7318=ADVANCED_FACE('',(#7317),#7309,.F.);
#7319=CARTESIAN_POINT('',(2.E-2,-3.E-1,1.661602540378E0));
#7320=DIRECTION('',(0.E0,1.E0,0.E0));
#7321=DIRECTION('',(0.E0,0.E0,-1.E0));
#7322=AXIS2_PLACEMENT_3D('',#7319,#7320,#7321);
#7323=PLANE('',#7322);
#7324=ORIENTED_EDGE('',*,*,#7072,.T.);
#7325=ORIENTED_EDGE('',*,*,#7120,.F.);
#7326=ORIENTED_EDGE('',*,*,#7274,.F.);
#7327=ORIENTED_EDGE('',*,*,#7311,.T.);
#7328=EDGE_LOOP('',(#7324,#7325,#7326,#7327));
#7329=FACE_OUTER_BOUND('',#7328,.F.);
#7330=ADVANCED_FACE('',(#7329),#7323,.F.);
#7331=OPEN_SHELL('',(#7063,#7110,#7125,#7138,#7152,#7166,#7180,#7193,#7207,
#7221,#7235,#7279,#7292,#7304,#7318,#7330));
#7332=DIRECTION('',(3.118400338389E-1,-9.501346185122E-1,0.E0));
#7333=VECTOR('',#7332,6.328952819156E0);
#7334=CARTESIAN_POINT('',(-2.703681843284E0,1.658177239589E1,0.E0));
#7335=LINE('',#7334,#7333);
#7336=CARTESIAN_POINT('',(9.097597035229E-2,1.078841141181E1,0.E0));
#7337=DIRECTION('',(2.588190451025E-1,-9.659258262891E-1,0.E0));
#7338=DIRECTION('',(-9.659258262891E-1,-2.588190451025E-1,0.E0));
#7339=AXIS2_PLACEMENT_3D('',#7336,#7337,#7338);
#7341=DIRECTION('',(2.050059180346E-1,-9.787607335661E-1,0.E0));
#7342=VECTOR('',#7341,6.328952819156E0);
#7343=CARTESIAN_POINT('',(-3.854598601907E-1,1.720293810413E1,0.E0));
#7344=LINE('',#7343,#7342);
#7345=CARTESIAN_POINT('',(9.097597035229E-2,1.078841141181E1,0.E0));
#7346=DIRECTION('',(2.588190451025E-1,-9.659258262891E-1,0.E0));
#7347=DIRECTION('',(9.659258262891E-1,2.588190451025E-1,0.E0));
#7348=AXIS2_PLACEMENT_3D('',#7345,#7346,#7347);
#7350=CARTESIAN_POINT('',(-1.561772844872E0,1.695655396238E1,0.E0));
#7351=DIRECTION('',(0.E0,0.E0,-1.E0));
#7352=DIRECTION('',(-2.588190451025E-1,9.659258262891E-1,0.E0));
#7353=AXIS2_PLACEMENT_3D('',#7350,#7351,#7352);
#7355=CARTESIAN_POINT('',(-1.544570851737E0,1.689235525001E1,0.E0));
#7356=DIRECTION('',(2.588190451025E-1,-9.659258262891E-1,0.E0));
#7357=DIRECTION('',(9.659258262891E-1,2.588190451025E-1,0.E0));
#7358=AXIS2_PLACEMENT_3D('',#7355,#7356,#7357);
#7360=CARTESIAN_POINT('',(-1.561772844872E0,1.695655396238E1,0.E0));
#7361=DIRECTION('',(0.E0,0.E0,1.E0));
#7362=DIRECTION('',(-2.588190451025E-1,9.659258262891E-1,0.E0));
#7363=AXIS2_PLACEMENT_3D('',#7360,#7361,#7362);
#7365=CARTESIAN_POINT('',(-1.544570851737E0,1.689235525001E1,0.E0));
#7366=DIRECTION('',(2.588190451025E-1,-9.659258262891E-1,0.E0));
#7367=DIRECTION('',(-9.659258262891E-1,-2.588190451025E-1,0.E0));
#7368=AXIS2_PLACEMENT_3D('',#7365,#7366,#7367);
#7370=CARTESIAN_POINT('',(-3.854598601907E-1,1.720293810413E1,0.E0));
#7371=CARTESIAN_POINT('',(9.120129226980E-1,1.100840760015E1,0.E0));
#7372=VERTEX_POINT('',#7370);
#7373=VERTEX_POINT('',#7371);
#7374=CARTESIAN_POINT('',(-2.703681843284E0,1.658177239589E1,0.E0));
#7375=VERTEX_POINT('',#7374);
#7376=CARTESIAN_POINT('',(-7.300609819934E-1,1.056841522347E1,0.E0));
#7377=VERTEX_POINT('',#7376);
#7378=CARTESIAN_POINT('',(-1.872831710431E0,1.811744145279E1,0.E0));
#7379=VERTEX_POINT('',#7378);
#7380=CARTESIAN_POINT('',(-7.267974406925E-1,1.384038333091E1,0.E0));
#7381=DIRECTION('',(-2.588190451025E-1,9.659258262891E-1,0.E0));
#7382=DIRECTION('',(9.659258262891E-1,2.588190451025E-1,0.E0));
#7383=AXIS2_PLACEMENT_3D('',#7380,#7381,#7382);
#7384=CONICAL_SURFACE('',#7383,1.025E0,3.170154515080E0);
#7386=ORIENTED_EDGE('',*,*,#7385,.F.);
#7388=ORIENTED_EDGE('',*,*,#7387,.F.);
#7390=ORIENTED_EDGE('',*,*,#7389,.T.);
#7392=ORIENTED_EDGE('',*,*,#7391,.T.);
#7393=EDGE_LOOP('',(#7386,#7388,#7390,#7392));
#7394=FACE_OUTER_BOUND('',#7393,.F.);
#7395=ADVANCED_FACE('',(#7394),#7384,.T.);
#7396=CARTESIAN_POINT('',(-7.267974406925E-1,1.384038333091E1,0.E0));
#7397=DIRECTION('',(-2.588190451025E-1,9.659258262891E-1,0.E0));
#7398=DIRECTION('',(9.659258262891E-1,2.588190451025E-1,0.E0));
#7399=AXIS2_PLACEMENT_3D('',#7396,#7397,#7398);
#7400=CONICAL_SURFACE('',#7399,1.025E0,3.170154515080E0);
#7401=ORIENTED_EDGE('',*,*,#7385,.T.);
#7403=ORIENTED_EDGE('',*,*,#7402,.T.);
#7404=ORIENTED_EDGE('',*,*,#7389,.F.);
#7406=ORIENTED_EDGE('',*,*,#7405,.F.);
#7407=EDGE_LOOP('',(#7401,#7403,#7404,#7406));
#7408=FACE_OUTER_BOUND('',#7407,.F.);
#7409=ADVANCED_FACE('',(#7408),#7400,.T.);
#7410=CARTESIAN_POINT('',(-1.561772844872E0,1.695655396238E1,0.E0));
#7411=DIRECTION('',(-2.588190451025E-1,9.659258262891E-1,0.E0));
#7412=DIRECTION('',(9.659258262891E-1,2.588190451025E-1,0.E0));
#7413=AXIS2_PLACEMENT_3D('',#7410,#7411,#7412);
#7414=SPHERICAL_SURFACE('',#7413,1.201839166959E0);
#7416=ORIENTED_EDGE('',*,*,#7415,.T.);
#7417=ORIENTED_EDGE('',*,*,#7405,.T.);
#7419=ORIENTED_EDGE('',*,*,#7418,.F.);
#7420=EDGE_LOOP('',(#7416,#7417,#7419));
#7421=FACE_OUTER_BOUND('',#7420,.F.);
#7422=ADVANCED_FACE('',(#7421),#7414,.T.);
#7423=CARTESIAN_POINT('',(-1.561772844872E0,1.695655396238E1,0.E0));
#7424=DIRECTION('',(-2.588190451025E-1,9.659258262891E-1,0.E0));
#7425=DIRECTION('',(9.659258262891E-1,2.588190451025E-1,0.E0));
#7426=AXIS2_PLACEMENT_3D('',#7423,#7424,#7425);
#7427=SPHERICAL_SURFACE('',#7426,1.201839166959E0);
#7428=ORIENTED_EDGE('',*,*,#7415,.F.);
#7429=ORIENTED_EDGE('',*,*,#7418,.T.);
#7430=ORIENTED_EDGE('',*,*,#7387,.T.);
#7431=EDGE_LOOP('',(#7428,#7429,#7430));
#7432=FACE_OUTER_BOUND('',#7431,.F.);
#7433=ADVANCED_FACE('',(#7432),#7427,.T.);
#7434=OPEN_SHELL('',(#7395,#7409,#7422,#7433));
#7435=SHELL_BASED_SURFACE_MODEL('',(#453,#2901,#3421,#4523,#5055,#5575,#6095,
#6707,#7331,#7434));
#7437=DIMENSIONAL_EXPONENTS(0.E0,0.E0,0.E0,0.E0,0.E0,0.E0,0.E0);
#7439=PLANE_ANGLE_MEASURE_WITH_UNIT(PLANE_ANGLE_MEASURE(1.745329251994E-2),
#7438);
#7440=(CONVERSION_BASED_UNIT('DEGREE',#7439)NAMED_UNIT(*)PLANE_ANGLE_UNIT());
#7442=UNCERTAINTY_MEASURE_WITH_UNIT(LENGTH_MEASURE(1.200313597717E-3),#7436,
'closure',
'Maximum model space distance between geometric entities at asserted connectivities');
#7443=(GEOMETRIC_REPRESENTATION_CONTEXT(3)GLOBAL_UNCERTAINTY_ASSIGNED_CONTEXT((
#7442))GLOBAL_UNIT_ASSIGNED_CONTEXT((#7436,#7440,#7441))REPRESENTATION_CONTEXT(
'ID1','3'));
#7445=APPLICATION_CONTEXT(
'CONFIGURATION CONTROLLED 3D DESIGNS OF MECHANICAL PARTS AND ASSEMBLIES');
#7446=APPLICATION_PROTOCOL_DEFINITION('international standard',
'config_control_design',1994,#7445);
#7447=DESIGN_CONTEXT('',#7445,'design');
#7448=MECHANICAL_CONTEXT('',#7445,'mechanical');
#7449=PRODUCT('TL42WW05000','TL42WW05000','NOT SPECIFIED',(#7448));
#7450=PRODUCT_DEFINITION_FORMATION_WITH_SPECIFIED_SOURCE('1','LAST_VERSION',
#7449,.MADE.);
#7454=PRODUCT_CATEGORY('part','');
#7455=PRODUCT_RELATED_PRODUCT_CATEGORY('detail','',(#7449));
#7456=PRODUCT_CATEGORY_RELATIONSHIP('','',#7454,#7455);
#7457=SECURITY_CLASSIFICATION_LEVEL('unclassified');
#7458=SECURITY_CLASSIFICATION('','',#7457);
#7459=CC_DESIGN_SECURITY_CLASSIFICATION(#7458,(#7450));
#7460=APPROVAL_STATUS('approved');
#7461=APPROVAL(#7460,'');
#7462=CC_DESIGN_APPROVAL(#7461,(#7458,#7450,#7451));
#7463=CALENDAR_DATE(114,12,12);
#7464=COORDINATED_UNIVERSAL_TIME_OFFSET(1,0,.AHEAD.);
#7465=LOCAL_TIME(11,33,4.7E1,#7464);
#7466=DATE_AND_TIME(#7463,#7465);
#7467=APPROVAL_DATE_TIME(#7466,#7461);
#7468=DATE_TIME_ROLE('creation_date');
#7469=CC_DESIGN_DATE_AND_TIME_ASSIGNMENT(#7466,#7468,(#7451));
#7470=DATE_TIME_ROLE('classification_date');
#7471=CC_DESIGN_DATE_AND_TIME_ASSIGNMENT(#7466,#7470,(#7458));
#7472=PERSON('UNSPECIFIED','UNSPECIFIED',$,$,$,$);
#7473=ORGANIZATION('UNSPECIFIED','UNSPECIFIED','UNSPECIFIED');
#7474=PERSON_AND_ORGANIZATION(#7472,#7473);
#7475=APPROVAL_ROLE('approver');
#7476=APPROVAL_PERSON_ORGANIZATION(#7474,#7461,#7475);
#7477=PERSON_AND_ORGANIZATION_ROLE('creator');
#7478=CC_DESIGN_PERSON_AND_ORGANIZATION_ASSIGNMENT(#7474,#7477,(#7450,#7451));
#7479=PERSON_AND_ORGANIZATION_ROLE('design_supplier');
#7480=CC_DESIGN_PERSON_AND_ORGANIZATION_ASSIGNMENT(#7474,#7479,(#7450));
#7481=PERSON_AND_ORGANIZATION_ROLE('classification_officer');
#7482=CC_DESIGN_PERSON_AND_ORGANIZATION_ASSIGNMENT(#7474,#7481,(#7458));
#7483=PERSON_AND_ORGANIZATION_ROLE('design_owner');
#7484=CC_DESIGN_PERSON_AND_ORGANIZATION_ASSIGNMENT(#7474,#7483,(#7449));
#129=CIRCLE('',#128,5.E-1);
#134=CIRCLE('',#133,5.E-1);
#155=CIRCLE('',#154,5.E-1);
#160=CIRCLE('',#159,5.E-1);
#254=EDGE_CURVE('',#183,#184,#4,.T.);
#256=EDGE_CURVE('',#186,#184,#56,.T.);
#258=EDGE_CURVE('',#188,#186,#32,.T.);
#260=EDGE_CURVE('',#183,#188,#24,.T.);
#271=EDGE_CURVE('',#183,#198,#8,.T.);
#273=EDGE_CURVE('',#198,#200,#12,.T.);
#275=EDGE_CURVE('',#202,#200,#80,.T.);
#277=EDGE_CURVE('',#202,#204,#16,.T.);
#279=EDGE_CURVE('',#204,#184,#20,.T.);
#290=EDGE_CURVE('',#206,#188,#52,.T.);
#292=EDGE_CURVE('',#206,#198,#28,.T.);
#304=EDGE_CURVE('',#186,#208,#36,.T.);
#306=EDGE_CURVE('',#208,#210,#40,.T.);
#308=EDGE_CURVE('',#210,#212,#44,.T.);
#310=EDGE_CURVE('',#212,#206,#48,.T.);
#323=EDGE_CURVE('',#204,#208,#60,.T.);
#334=EDGE_CURVE('',#220,#219,#64,.T.);
#336=EDGE_CURVE('',#219,#222,#68,.T.);
#338=EDGE_CURVE('',#222,#214,#72,.T.);
#340=EDGE_CURVE('',#214,#202,#76,.T.);
#343=EDGE_CURVE('',#200,#224,#84,.T.);
#345=EDGE_CURVE('',#224,#226,#88,.T.);
#347=EDGE_CURVE('',#226,#220,#92,.T.);
#357=EDGE_CURVE('',#210,#216,#96,.T.);
#359=EDGE_CURVE('',#216,#230,#100,.T.);
#361=EDGE_CURVE('',#230,#232,#104,.T.);
#363=EDGE_CURVE('',#232,#234,#108,.T.);
#365=EDGE_CURVE('',#234,#236,#112,.T.);
#367=EDGE_CURVE('',#236,#228,#116,.T.);
#369=EDGE_CURVE('',#228,#212,#120,.T.);
#380=EDGE_CURVE('',#192,#191,#124,.T.);
#382=EDGE_CURVE('',#238,#191,#142,.T.);
#384=EDGE_CURVE('',#238,#240,#129,.T.);
#386=EDGE_CURVE('',#240,#242,#134,.T.);
#388=EDGE_CURVE('',#192,#242,#172,.T.);
#398=EDGE_CURVE('',#191,#196,#138,.T.);
#400=EDGE_CURVE('',#244,#196,#164,.T.);
#402=EDGE_CURVE('',#238,#244,#176,.T.);
#413=EDGE_CURVE('',#196,#194,#146,.T.);
#415=EDGE_CURVE('',#194,#246,#150,.T.);
#417=EDGE_CURVE('',#246,#248,#155,.T.);
#419=EDGE_CURVE('',#248,#244,#160,.T.);
#430=EDGE_CURVE('',#194,#192,#168,.T.);
#433=EDGE_CURVE('',#246,#242,#180,.T.);
#482=CIRCLE('',#481,3.E-1);
#487=CIRCLE('',#486,3.E-1);
#500=CIRCLE('',#499,3.E-1);
#513=CIRCLE('',#512,3.E-1);
#546=CIRCLE('',#545,3.E-1);
#555=CIRCLE('',#554,3.E-1);
#564=CIRCLE('',#563,3.E-1);
#581=CIRCLE('',#580,3.E-1);
#590=CIRCLE('',#589,3.E-1);
#595=CIRCLE('',#594,3.E-1);
#648=CIRCLE('',#647,3.E-1);
#653=CIRCLE('',#652,3.E-1);
#678=CIRCLE('',#677,3.E-1);
#695=CIRCLE('',#694,3.E-1);
#712=CIRCLE('',#711,3.E-1);
#729=CIRCLE('',#728,3.E-1);
#742=CIRCLE('',#741,3.E-1);
#747=CIRCLE('',#746,3.E-1);
#752=CIRCLE('',#751,3.E-1);
#765=CIRCLE('',#764,3.E-1);
#770=CIRCLE('',#769,3.E-1);
#775=CIRCLE('',#774,3.E-1);
#792=CIRCLE('',#791,2.5E0);
#801=CIRCLE('',#800,2.5E0);
#806=CIRCLE('',#805,2.5E0);
#813=B_SPLINE_CURVE_WITH_KNOTS('',3,(#807,#808,#809,#810,#811,#812),
.UNSPECIFIED.,.F.,.F.,(4,1,1,4),(0.E0,3.333333333333E-1,6.666666666667E-1,1.E0),
.UNSPECIFIED.);
#818=CIRCLE('',#817,2.3E0);
#823=CIRCLE('',#822,2.3E0);
#834=B_SPLINE_CURVE_WITH_KNOTS('',3,(#828,#829,#830,#831,#832,#833),
.UNSPECIFIED.,.F.,.F.,(4,1,1,4),(0.E0,3.333333333333E-1,6.666666666667E-1,1.E0),
.UNSPECIFIED.);
#847=CIRCLE('',#846,2.5E0);
#856=CIRCLE('',#855,2.3E0);
#861=CIRCLE('',#860,2.3E0);
#866=CIRCLE('',#865,2.5E0);
#871=CIRCLE('',#870,2.5E0);
#878=B_SPLINE_CURVE_WITH_KNOTS('',3,(#872,#873,#874,#875,#876,#877),
.UNSPECIFIED.,.F.,.F.,(4,1,1,4),(0.E0,3.333333333333E-1,6.666666666667E-1,1.E0),
.UNSPECIFIED.);
#891=CIRCLE('',#890,2.3E0);
#896=CIRCLE('',#895,2.3E0);
#903=B_SPLINE_CURVE_WITH_KNOTS('',3,(#897,#898,#899,#900,#901,#902),
.UNSPECIFIED.,.F.,.F.,(4,1,1,4),(0.E0,3.333333333333E-1,6.666666666667E-1,1.E0),
.UNSPECIFIED.);
#908=CIRCLE('',#907,2.049994696412E0);
#913=CIRCLE('',#912,2.049994696412E0);
#922=CIRCLE('',#921,2.049994696342E0);
#927=CIRCLE('',#926,2.049994696342E0);
#1168=CIRCLE('',#1167,2.300000000004E0);
#1173=CIRCLE('',#1172,2.300000000004E0);
#1180=B_SPLINE_CURVE_WITH_KNOTS('',3,(#1174,#1175,#1176,#1177,#1178,#1179),
.UNSPECIFIED.,.F.,.F.,(4,1,1,4),(0.E0,3.333333333333E-1,6.666666666667E-1,1.E0),
.UNSPECIFIED.);
#1191=B_SPLINE_CURVE_WITH_KNOTS('',3,(#1185,#1186,#1187,#1188,#1189,#1190),
.UNSPECIFIED.,.F.,.F.,(4,1,1,4),(0.E0,3.333333333333E-1,6.666666666667E-1,1.E0),
.UNSPECIFIED.);
#1206=B_SPLINE_CURVE_WITH_KNOTS('',3,(#1200,#1201,#1202,#1203,#1204,#1205),
.UNSPECIFIED.,.F.,.F.,(4,1,1,4),(0.E0,3.333333333333E-1,6.666666666667E-1,1.E0),
.UNSPECIFIED.);
#1233=B_SPLINE_CURVE_WITH_KNOTS('',3,(#1227,#1228,#1229,#1230,#1231,#1232),
.UNSPECIFIED.,.F.,.F.,(4,1,1,4),(0.E0,3.333333333333E-1,6.666666666667E-1,1.E0),
.UNSPECIFIED.);
#1246=CIRCLE('',#1245,3.E-1);
#1251=CIRCLE('',#1250,3.E-1);
#1256=CIRCLE('',#1255,3.E-1);
#1261=CIRCLE('',#1260,3.E-1);
#1266=CIRCLE('',#1265,3.E-1);
#1271=CIRCLE('',#1270,3.E-1);
#1292=CIRCLE('',#1291,3.E-1);
#1301=CIRCLE('',#1300,3.E-1);
#1338=CIRCLE('',#1337,3.E-1);
#1347=CIRCLE('',#1346,3.E-1);
#1650=EDGE_CURVE('',#1378,#1379,#477,.T.);
#1652=EDGE_CURVE('',#1378,#1381,#457,.T.);
#1654=EDGE_CURVE('',#1383,#1381,#1317,.T.);
#1656=EDGE_CURVE('',#1383,#1385,#461,.T.);
#1658=EDGE_CURVE('',#1385,#1387,#465,.T.);
#1660=EDGE_CURVE('',#1389,#1387,#1287,.T.);
#1662=EDGE_CURVE('',#1391,#1389,#1241,.T.);
#1664=EDGE_CURVE('',#1393,#1391,#529,.T.);
#1666=EDGE_CURVE('',#1395,#1393,#541,.T.);
#1668=EDGE_CURVE('',#1397,#1395,#559,.T.);
#1670=EDGE_CURVE('',#1399,#1397,#1371,.T.);
#1672=EDGE_CURVE('',#1399,#1379,#469,.T.);
#1682=EDGE_CURVE('',#1402,#1403,#473,.T.);
#1684=EDGE_CURVE('',#1378,#1403,#678,.T.);
#1687=EDGE_CURVE('',#1402,#1379,#590,.T.);
#1697=EDGE_CURVE('',#1406,#1407,#482,.T.);
#1699=EDGE_CURVE('',#1409,#1407,#1325,.T.);
#1701=EDGE_CURVE('',#1409,#1411,#487,.T.);
#1703=EDGE_CURVE('',#1413,#1411,#1355,.T.);
#1705=EDGE_CURVE('',#1415,#1413,#1367,.T.);
#1707=EDGE_CURVE('',#1417,#1415,#572,.T.);
#1709=EDGE_CURVE('',#1419,#1417,#991,.T.);
#1711=EDGE_CURVE('',#1421,#1419,#995,.T.);
#1713=EDGE_CURVE('',#1423,#1421,#951,.T.);
#1715=EDGE_CURVE('',#1425,#1423,#603,.T.);
#1717=EDGE_CURVE('',#1425,#1427,#491,.T.);
#1719=EDGE_CURVE('',#1427,#1406,#495,.T.);
#1729=EDGE_CURVE('',#1430,#1431,#500,.T.);
#1731=EDGE_CURVE('',#1433,#1431,#1309,.T.);
#1733=EDGE_CURVE('',#1435,#1433,#1321,.T.);
#1735=EDGE_CURVE('',#1437,#1435,#686,.T.);
#1737=EDGE_CURVE('',#1439,#1437,#947,.T.);
#1739=EDGE_CURVE('',#1441,#1439,#959,.T.);
#1741=EDGE_CURVE('',#1443,#1441,#971,.T.);
#1743=EDGE_CURVE('',#1445,#1443,#661,.T.);
#1745=EDGE_CURVE('',#1445,#1447,#504,.T.);
#1747=EDGE_CURVE('',#1447,#1449,#508,.T.);
#1749=EDGE_CURVE('',#1449,#1451,#513,.T.);
#1751=EDGE_CURVE('',#1451,#1430,#517,.T.);
#1761=EDGE_CURVE('',#1454,#1455,#635,.T.);
#1763=EDGE_CURVE('',#1457,#1454,#643,.T.);
#1765=EDGE_CURVE('',#1459,#1457,#1131,.T.);
#1767=EDGE_CURVE('',#1459,#1455,#521,.T.);
#1778=EDGE_CURVE('',#1461,#1402,#585,.T.);
#1780=EDGE_CURVE('',#1463,#1461,#1083,.T.);
#1782=EDGE_CURVE('',#1463,#1403,#525,.T.);
#1793=EDGE_CURVE('',#1393,#1406,#546,.T.);
#1796=EDGE_CURVE('',#1465,#1391,#1251,.T.);
#1798=EDGE_CURVE('',#1465,#1407,#533,.T.);
#1808=EDGE_CURVE('',#1406,#1395,#537,.T.);
#1822=EDGE_CURVE('',#1427,#1467,#550,.T.);
#1824=EDGE_CURVE('',#1467,#1397,#555,.T.);
#1836=EDGE_CURVE('',#1469,#1425,#599,.T.);
#1838=EDGE_CURVE('',#1467,#1469,#1375,.T.);
#1849=EDGE_CURVE('',#1472,#1473,#619,.T.);
#1851=EDGE_CURVE('',#1472,#1455,#564,.T.);
#1854=EDGE_CURVE('',#1475,#1459,#1127,.T.);
#1856=EDGE_CURVE('',#1475,#1477,#568,.T.);
#1858=EDGE_CURVE('',#1417,#1477,#979,.T.);
#1861=EDGE_CURVE('',#1415,#1479,#576,.T.);
#1863=EDGE_CURVE('',#1479,#1473,#581,.T.);
#1876=EDGE_CURVE('',#1399,#1469,#595,.T.);
#1880=EDGE_CURVE('',#1423,#1481,#607,.T.);
#1882=EDGE_CURVE('',#1481,#1483,#611,.T.);
#1884=EDGE_CURVE('',#1483,#1461,#615,.T.);
#1894=EDGE_CURVE('',#1472,#1485,#639,.T.);
#1897=EDGE_CURVE('',#1487,#1473,#1363,.T.);
#1899=EDGE_CURVE('',#1487,#1489,#623,.T.);
#1901=EDGE_CURVE('',#1489,#1491,#627,.T.);
#1903=EDGE_CURVE('',#1493,#1491,#1333,.T.);
#1905=EDGE_CURVE('',#1495,#1493,#756,.T.);
#1907=EDGE_CURVE('',#1497,#1495,#733,.T.);
#1909=EDGE_CURVE('',#1499,#1497,#724,.T.);
#1911=EDGE_CURVE('',#1501,#1499,#716,.T.);
#1913=EDGE_CURVE('',#1503,#1501,#699,.T.);
#1915=EDGE_CURVE('',#1503,#1485,#631,.T.);
#1928=EDGE_CURVE('',#1454,#1485,#648,.T.);
#1941=EDGE_CURVE('',#1503,#1505,#653,.T.);
#1943=EDGE_CURVE('',#1505,#1445,#657,.T.);
#1946=EDGE_CURVE('',#1443,#1507,#665,.T.);
#1948=EDGE_CURVE('',#1507,#1509,#669,.T.);
#1950=EDGE_CURVE('',#1509,#1457,#673,.T.);
#1963=EDGE_CURVE('',#1511,#1463,#1079,.T.);
#1965=EDGE_CURVE('',#1511,#1513,#682,.T.);
#1967=EDGE_CURVE('',#1437,#1513,#935,.T.);
#1970=EDGE_CURVE('',#1435,#1515,#690,.T.);
#1972=EDGE_CURVE('',#1515,#1381,#695,.T.);
#1984=EDGE_CURVE('',#1517,#1501,#712,.T.);
#1986=EDGE_CURVE('',#1517,#1505,#703,.T.);
#1996=EDGE_CURVE('',#1449,#1499,#720,.T.);
#1999=EDGE_CURVE('',#1447,#1517,#707,.T.);
#2013=EDGE_CURVE('',#1497,#1449,#729,.T.);
#2026=EDGE_CURVE('',#1519,#1495,#752,.T.);
#2028=EDGE_CURVE('',#1519,#1451,#737,.T.);
#2038=EDGE_CURVE('',#1495,#1521,#742,.T.);
#2040=EDGE_CURVE('',#1521,#1519,#747,.T.);
#2052=EDGE_CURVE('',#1523,#1493,#770,.T.);
#2054=EDGE_CURVE('',#1523,#1521,#760,.T.);
#2065=EDGE_CURVE('',#1525,#1523,#765,.T.);
#2068=EDGE_CURVE('',#1493,#1525,#775,.T.);
#2078=EDGE_CURVE('',#1527,#1523,#779,.T.);
#2081=EDGE_CURVE('',#1525,#1465,#783,.T.);
#2083=EDGE_CURVE('',#1527,#1465,#1246,.T.);
#2093=EDGE_CURVE('',#1529,#1527,#1237,.T.);
#2095=EDGE_CURVE('',#1521,#1529,#1279,.T.);
#2107=EDGE_CURVE('',#1540,#1541,#806,.T.);
#2109=EDGE_CURVE('',#1543,#1540,#801,.T.);
#2111=EDGE_CURVE('',#1543,#1535,#787,.T.);
#2113=EDGE_CURVE('',#1535,#1537,#792,.T.);
#2115=EDGE_CURVE('',#1537,#1541,#796,.T.);
#2127=EDGE_CURVE('',#1541,#1544,#813,.T.);
#2129=EDGE_CURVE('',#1544,#1546,#818,.T.);
#2131=EDGE_CURVE('',#1546,#1548,#823,.T.);
#2133=EDGE_CURVE('',#1543,#1548,#1206,.T.);
#2143=EDGE_CURVE('',#1541,#1550,#827,.T.);
#2145=EDGE_CURVE('',#1550,#1551,#834,.T.);
#2147=EDGE_CURVE('',#1544,#1551,#1222,.T.);
#2160=EDGE_CURVE('',#1537,#1533,#838,.T.);
#2162=EDGE_CURVE('',#1550,#1533,#842,.T.);
#2172=EDGE_CURVE('',#1554,#1555,#871,.T.);
#2174=EDGE_CURVE('',#1550,#1554,#866,.T.);
#2177=EDGE_CURVE('',#1533,#1532,#847,.T.);
#2179=EDGE_CURVE('',#1532,#1555,#851,.T.);
#2189=EDGE_CURVE('',#1558,#1559,#856,.T.);
#2191=EDGE_CURVE('',#1559,#1551,#861,.T.);
#2196=EDGE_CURVE('',#1555,#1558,#878,.T.);
#2206=EDGE_CURVE('',#1562,#1563,#896,.T.);
#2208=EDGE_CURVE('',#1565,#1562,#891,.T.);
#2210=EDGE_CURVE('',#1565,#1551,#882,.T.);
#2214=EDGE_CURVE('',#1558,#1563,#886,.T.);
#2224=EDGE_CURVE('',#1568,#1569,#927,.T.);
#2226=EDGE_CURVE('',#1571,#1568,#922,.T.);
#2228=EDGE_CURVE('',#1565,#1571,#1233,.T.);
#2232=EDGE_CURVE('',#1563,#1569,#903,.T.);
#2242=EDGE_CURVE('',#1574,#1575,#908,.T.);
#2244=EDGE_CURVE('',#1575,#1577,#913,.T.);
#2246=EDGE_CURVE('',#1577,#1571,#917,.T.);
#2250=EDGE_CURVE('',#1569,#1574,#931,.T.);
#2261=EDGE_CURVE('',#1513,#1579,#939,.T.);
#2263=EDGE_CURVE('',#1579,#1439,#943,.T.);
#2276=EDGE_CURVE('',#1581,#1421,#1003,.T.);
#2278=EDGE_CURVE('',#1581,#1481,#955,.T.);
#2290=EDGE_CURVE('',#1579,#1585,#963,.T.);
#2292=EDGE_CURVE('',#1585,#1441,#967,.T.);
#2305=EDGE_CURVE('',#1585,#1507,#975,.T.);
#2316=EDGE_CURVE('',#1477,#1583,#983,.T.);
#2318=EDGE_CURVE('',#1583,#1419,#987,.T.);
#2331=EDGE_CURVE('',#1583,#1581,#999,.T.);
#2342=EDGE_CURVE('',#1596,#1597,#1007,.T.);
#2344=EDGE_CURVE('',#1597,#1603,#1011,.T.);
#2346=EDGE_CURVE('',#1603,#1596,#1015,.T.);
#2356=EDGE_CURVE('',#1597,#1601,#1019,.T.);
#2358=EDGE_CURVE('',#1605,#1601,#1035,.T.);
#2360=EDGE_CURVE('',#1605,#1603,#1023,.T.);
#2371=EDGE_CURVE('',#1601,#1599,#1027,.T.);
#2373=EDGE_CURVE('',#1599,#1605,#1031,.T.);
#2384=EDGE_CURVE('',#1599,#1596,#1039,.T.);
#2397=EDGE_CURVE('',#1589,#1588,#1043,.T.);
#2399=EDGE_CURVE('',#1588,#1607,#1047,.T.);
#2401=EDGE_CURVE('',#1607,#1589,#1051,.T.);
#2411=EDGE_CURVE('',#1588,#1593,#1055,.T.);
#2413=EDGE_CURVE('',#1609,#1593,#1071,.T.);
#2415=EDGE_CURVE('',#1609,#1607,#1059,.T.);
#2426=EDGE_CURVE('',#1593,#1591,#1063,.T.);
#2428=EDGE_CURVE('',#1591,#1609,#1067,.T.);
#2439=EDGE_CURVE('',#1591,#1589,#1075,.T.);
#2455=EDGE_CURVE('',#1483,#1511,#1087,.T.);
#2465=EDGE_CURVE('',#1613,#1612,#1091,.T.);
#2467=EDGE_CURVE('',#1612,#1619,#1095,.T.);
#2469=EDGE_CURVE('',#1619,#1613,#1099,.T.);
#2479=EDGE_CURVE('',#1617,#1615,#1103,.T.);
#2481=EDGE_CURVE('',#1615,#1621,#1107,.T.);
#2483=EDGE_CURVE('',#1621,#1617,#1111,.T.);
#2493=EDGE_CURVE('',#1615,#1613,#1115,.T.);
#2496=EDGE_CURVE('',#1619,#1621,#1119,.T.);
#2508=EDGE_CURVE('',#1509,#1475,#1123,.T.);
#2520=EDGE_CURVE('',#1624,#1625,#1135,.T.);
#2522=EDGE_CURVE('',#1625,#1631,#1139,.T.);
#2524=EDGE_CURVE('',#1631,#1624,#1143,.T.);
#2534=EDGE_CURVE('',#1625,#1629,#1147,.T.);
#2536=EDGE_CURVE('',#1633,#1629,#1163,.T.);
#2538=EDGE_CURVE('',#1633,#1631,#1151,.T.);
#2549=EDGE_CURVE('',#1629,#1628,#1155,.T.);
#2551=EDGE_CURVE('',#1628,#1633,#1159,.T.);
#2564=EDGE_CURVE('',#1634,#1574,#1191,.T.);
#2566=EDGE_CURVE('',#1634,#1637,#1168,.T.);
#2568=EDGE_CURVE('',#1637,#1638,#1173,.T.);
#2570=EDGE_CURVE('',#1638,#1577,#1180,.T.);
#2582=EDGE_CURVE('',#1563,#1634,#1184,.T.);
#2595=EDGE_CURVE('',#1558,#1548,#1195,.T.);
#2597=EDGE_CURVE('',#1634,#1548,#1214,.T.);
#2609=EDGE_CURVE('',#1555,#1543,#1199,.T.);
#2622=EDGE_CURVE('',#1532,#1535,#1210,.T.);
#2638=EDGE_CURVE('',#1544,#1638,#1218,.T.);
#2648=EDGE_CURVE('',#1638,#1565,#1226,.T.);
#2674=EDGE_CURVE('',#1391,#1527,#1256,.T.);
#2677=EDGE_CURVE('',#1529,#1389,#1266,.T.);
#2698=EDGE_CURVE('',#1640,#1529,#1261,.T.);
#2701=EDGE_CURVE('',#1389,#1640,#1271,.T.);
#2711=EDGE_CURVE('',#1640,#1519,#1275,.T.);
#2724=EDGE_CURVE('',#1430,#1640,#1283,.T.);
#2741=EDGE_CURVE('',#1431,#1387,#1292,.T.);
#2752=EDGE_CURVE('',#1431,#1385,#1296,.T.);
#2765=EDGE_CURVE('',#1383,#1642,#1301,.T.);
#2767=EDGE_CURVE('',#1642,#1433,#1305,.T.);
#2779=EDGE_CURVE('',#1515,#1642,#1313,.T.);
#2805=EDGE_CURVE('',#1409,#1525,#1329,.T.);
#2820=EDGE_CURVE('',#1411,#1491,#1338,.T.);
#2831=EDGE_CURVE('',#1411,#1489,#1342,.T.);
#2844=EDGE_CURVE('',#1487,#1644,#1347,.T.);
#2846=EDGE_CURVE('',#1644,#1413,#1351,.T.);
#2858=EDGE_CURVE('',#1479,#1644,#1359,.T.);
#2934=CIRCLE('',#2933,5.E0);
#2979=CIRCLE('',#2978,5.E-1);
#3024=CIRCLE('',#3023,5.E0);
#3069=CIRCLE('',#3068,5.E-1);
#3207=EDGE_CURVE('',#3120,#3121,#2974,.T.);
#3209=EDGE_CURVE('',#3120,#3123,#2905,.T.);
#3211=EDGE_CURVE('',#3125,#3123,#3105,.T.);
#3213=EDGE_CURVE('',#3125,#3127,#2909,.T.);
#3215=EDGE_CURVE('',#3127,#3129,#2913,.T.);
#3217=EDGE_CURVE('',#3129,#3131,#2917,.T.);
#3219=EDGE_CURVE('',#3131,#3133,#2921,.T.);
#3221=EDGE_CURVE('',#3133,#3135,#2925,.T.);
#3223=EDGE_CURVE('',#3135,#3137,#2929,.T.);
#3225=EDGE_CURVE('',#3137,#3139,#2934,.T.);
#3227=EDGE_CURVE('',#3139,#3141,#2938,.T.);
#3229=EDGE_CURVE('',#3141,#3143,#2942,.T.);
#3231=EDGE_CURVE('',#3143,#3145,#2946,.T.);
#3233=EDGE_CURVE('',#3145,#3147,#2950,.T.);
#3235=EDGE_CURVE('',#3147,#3149,#2954,.T.);
#3237=EDGE_CURVE('',#3149,#3151,#2958,.T.);
#3239=EDGE_CURVE('',#3151,#3153,#2962,.T.);
#3241=EDGE_CURVE('',#3153,#3121,#2966,.T.);
#3251=EDGE_CURVE('',#3155,#3121,#2979,.T.);
#3253=EDGE_CURVE('',#3155,#3157,#2970,.T.);
#3255=EDGE_CURVE('',#3120,#3157,#3069,.T.);
#3268=EDGE_CURVE('',#3153,#3159,#2983,.T.);
#3270=EDGE_CURVE('',#3161,#3159,#2991,.T.);
#3272=EDGE_CURVE('',#3163,#3161,#3064,.T.);
#3274=EDGE_CURVE('',#3165,#3163,#3085,.T.);
#3276=EDGE_CURVE('',#3165,#3155,#2987,.T.);
#3286=EDGE_CURVE('',#3161,#3197,#3060,.T.);
#3289=EDGE_CURVE('',#3159,#3167,#2995,.T.);
#3291=EDGE_CURVE('',#3167,#3173,#2999,.T.);
#3293=EDGE_CURVE('',#3173,#3175,#3003,.T.);
#3295=EDGE_CURVE('',#3175,#3177,#3007,.T.);
#3297=EDGE_CURVE('',#3177,#3179,#3011,.T.);
#3299=EDGE_CURVE('',#3179,#3181,#3015,.T.);
#3301=EDGE_CURVE('',#3181,#3183,#3019,.T.);
#3303=EDGE_CURVE('',#3183,#3185,#3024,.T.);
#3305=EDGE_CURVE('',#3185,#3187,#3028,.T.);
#3307=EDGE_CURVE('',#3187,#3189,#3032,.T.);
#3309=EDGE_CURVE('',#3189,#3191,#3036,.T.);
#3311=EDGE_CURVE('',#3191,#3193,#3040,.T.);
#3313=EDGE_CURVE('',#3193,#3195,#3044,.T.);
#3315=EDGE_CURVE('',#3195,#3171,#3048,.T.);
#3317=EDGE_CURVE('',#3171,#3169,#3052,.T.);
#3319=EDGE_CURVE('',#3169,#3197,#3056,.T.);
#3330=EDGE_CURVE('',#3199,#3197,#3073,.T.);
#3332=EDGE_CURVE('',#3163,#3199,#3089,.T.);
#3344=EDGE_CURVE('',#3201,#3157,#3081,.T.);
#3346=EDGE_CURVE('',#3199,#3201,#3093,.T.);
#3350=EDGE_CURVE('',#3169,#3123,#3077,.T.);
#3363=EDGE_CURVE('',#3201,#3165,#3097,.T.);
#3388=EDGE_CURVE('',#3171,#3125,#3101,.T.);
#3402=EDGE_CURVE('',#3195,#3127,#3109,.T.);
#3413=EDGE_CURVE('',#3149,#3173,#3113,.T.);
#3416=EDGE_CURVE('',#3167,#3151,#3117,.T.);
#3434=CIRCLE('',#3433,2.85E0);
#3439=CIRCLE('',#3438,2.85E0);
#3492=CIRCLE('',#3491,2.948378584292E0);
#3501=CIRCLE('',#3500,2.948378584292E0);
#3556=B_SPLINE_CURVE_WITH_KNOTS('',3,(#3550,#3551,#3552,#3553,#3554,#3555),
.UNSPECIFIED.,.F.,.F.,(4,1,1,4),(0.E0,3.333333333333E-1,6.666666666667E-1,1.E0),
.UNSPECIFIED.);
#3563=B_SPLINE_CURVE_WITH_KNOTS('',3,(#3557,#3558,#3559,#3560,#3561,#3562),
.UNSPECIFIED.,.F.,.F.,(4,1,1,4),(0.E0,3.333333333333E-1,6.666666666667E-1,1.E0),
.UNSPECIFIED.);
#3570=B_SPLINE_CURVE_WITH_KNOTS('',3,(#3564,#3565,#3566,#3567,#3568,#3569),
.UNSPECIFIED.,.F.,.F.,(4,1,1,4),(0.E0,3.333333333333E-1,6.666666666667E-1,1.E0),
.UNSPECIFIED.);
#3577=B_SPLINE_CURVE_WITH_KNOTS('',3,(#3571,#3572,#3573,#3574,#3575,#3576),
.UNSPECIFIED.,.F.,.F.,(4,1,1,4),(0.E0,3.333333333333E-1,6.666666666667E-1,1.E0),
.UNSPECIFIED.);
#3582=CIRCLE('',#3581,4.E-1);
#3607=CIRCLE('',#3606,4.E-1);
#3652=CIRCLE('',#3651,4.E-1);
#3729=CIRCLE('',#3728,4.E-1);
#3742=CIRCLE('',#3741,3.5E-1);
#3747=CIRCLE('',#3746,3.5E-1);
#3768=CIRCLE('',#3767,3.5E-1);
#3773=CIRCLE('',#3772,3.5E-1);
#3778=CIRCLE('',#3777,3.E-1);
#3783=CIRCLE('',#3782,5.E-1);
#3788=CIRCLE('',#3787,3.E-1);
#3793=CIRCLE('',#3792,5.E-1);
#3798=CIRCLE('',#3797,3.547480831244E-1);
#3803=CIRCLE('',#3802,6.792310124029E-1);
#3808=CIRCLE('',#3807,3.547480831244E-1);
#3813=CIRCLE('',#3812,6.792310124029E-1);
#3818=CIRCLE('',#3817,6.792310124029E-1);
#3823=CIRCLE('',#3822,3.547480831244E-1);
#3828=CIRCLE('',#3827,3.547480831244E-1);
#3833=CIRCLE('',#3832,6.792310124029E-1);
#3964=EDGE_CURVE('',#3836,#3837,#3455,.T.);
#3966=EDGE_CURVE('',#3839,#3836,#3467,.T.);
#3968=EDGE_CURVE('',#3839,#3841,#3425,.T.);
#3970=EDGE_CURVE('',#3843,#3841,#3517,.T.);
#3972=EDGE_CURVE('',#3845,#3843,#3594,.T.);
#3974=EDGE_CURVE('',#3847,#3845,#3635,.T.);
#3976=EDGE_CURVE('',#3849,#3847,#3615,.T.);
#3978=EDGE_CURVE('',#3837,#3849,#3525,.T.);
#3988=EDGE_CURVE('',#3852,#3853,#3429,.T.);
#3990=EDGE_CURVE('',#3853,#3855,#3434,.T.);
#3992=EDGE_CURVE('',#3857,#3855,#3549,.T.);
#3994=EDGE_CURVE('',#3857,#3852,#3439,.T.);
#4004=EDGE_CURVE('',#3860,#3861,#3447,.T.);
#4006=EDGE_CURVE('',#3860,#3863,#3443,.T.);
#4008=EDGE_CURVE('',#3865,#3863,#3471,.T.);
#4010=EDGE_CURVE('',#3853,#3865,#3570,.T.);
#4013=EDGE_CURVE('',#3866,#3852,#3556,.T.);
#4015=EDGE_CURVE('',#3868,#3866,#3496,.T.);
#4017=EDGE_CURVE('',#3861,#3868,#3459,.T.);
#4028=EDGE_CURVE('',#3861,#3836,#3451,.T.);
#4031=EDGE_CURVE('',#3860,#3837,#3521,.T.);
#4043=EDGE_CURVE('',#3870,#3868,#3505,.T.);
#4045=EDGE_CURVE('',#3872,#3870,#3541,.T.);
#4047=EDGE_CURVE('',#3872,#3839,#3463,.T.);
#4059=EDGE_CURVE('',#3863,#3874,#3475,.T.);
#4061=EDGE_CURVE('',#3874,#3876,#3479,.T.);
#4063=EDGE_CURVE('',#3878,#3876,#3602,.T.);
#4065=EDGE_CURVE('',#3878,#3880,#3483,.T.);
#4067=EDGE_CURVE('',#3880,#3882,#3487,.T.);
#4069=EDGE_CURVE('',#3884,#3882,#3533,.T.);
#4071=EDGE_CURVE('',#3884,#3865,#3492,.T.);
#4082=EDGE_CURVE('',#3866,#3886,#3501,.T.);
#4084=EDGE_CURVE('',#3870,#3886,#3545,.T.);
#4095=EDGE_CURVE('',#3888,#3841,#3529,.T.);
#4097=EDGE_CURVE('',#3888,#3882,#3509,.T.);
#4100=EDGE_CURVE('',#3880,#3843,#3513,.T.);
#4113=EDGE_CURVE('',#3874,#3849,#3611,.T.);
#4127=EDGE_CURVE('',#3888,#3872,#3537,.T.);
#4143=EDGE_CURVE('',#3857,#3886,#3563,.T.);
#4146=EDGE_CURVE('',#3884,#3855,#3577,.T.);
#4180=EDGE_CURVE('',#3878,#3890,#3582,.T.);
#4182=EDGE_CURVE('',#3890,#3892,#3586,.T.);
#4184=EDGE_CURVE('',#3894,#3892,#3700,.T.);
#4186=EDGE_CURVE('',#3894,#3845,#3590,.T.);
#4199=EDGE_CURVE('',#3896,#3876,#3607,.T.);
#4201=EDGE_CURVE('',#3896,#3890,#3598,.T.);
#4217=EDGE_CURVE('',#3898,#3847,#3631,.T.);
#4219=EDGE_CURVE('',#3900,#3898,#3684,.T.);
#4221=EDGE_CURVE('',#3900,#3896,#3619,.T.);
#4231=EDGE_CURVE('',#3903,#3904,#3647,.T.);
#4233=EDGE_CURVE('',#3903,#3906,#3623,.T.);
#4235=EDGE_CURVE('',#3906,#3908,#3627,.T.);
#4237=EDGE_CURVE('',#3898,#3908,#3688,.T.);
#4242=EDGE_CURVE('',#3910,#3894,#3696,.T.);
#4244=EDGE_CURVE('',#3912,#3910,#3672,.T.);
#4246=EDGE_CURVE('',#3912,#3904,#3639,.T.);
#4256=EDGE_CURVE('',#3914,#3904,#3652,.T.);
#4258=EDGE_CURVE('',#3914,#3916,#3643,.T.);
#4260=EDGE_CURVE('',#3903,#3916,#3729,.T.);
#4272=EDGE_CURVE('',#3904,#3918,#3656,.T.);
#4274=EDGE_CURVE('',#3918,#3920,#3660,.T.);
#4276=EDGE_CURVE('',#3922,#3920,#3755,.T.);
#4278=EDGE_CURVE('',#3914,#3922,#3737,.T.);
#4289=EDGE_CURVE('',#3912,#3924,#3664,.T.);
#4291=EDGE_CURVE('',#3924,#3918,#3668,.T.);
#4302=EDGE_CURVE('',#3924,#3926,#3676,.T.);
#4306=EDGE_CURVE('',#3926,#3910,#3692,.T.);
#4318=EDGE_CURVE('',#3928,#3900,#3680,.T.);
#4320=EDGE_CURVE('',#3930,#3928,#3708,.T.);
#4322=EDGE_CURVE('',#3932,#3930,#3724,.T.);
#4324=EDGE_CURVE('',#3918,#3932,#3763,.T.);
#4328=EDGE_CURVE('',#3892,#3926,#3704,.T.);
#4339=EDGE_CURVE('',#3928,#3908,#3712,.T.);
#4367=EDGE_CURVE('',#3906,#3930,#3716,.T.);
#4378=EDGE_CURVE('',#3903,#3932,#3720,.T.);
#4391=EDGE_CURVE('',#3946,#3916,#3751,.T.);
#4393=EDGE_CURVE('',#3948,#3946,#3759,.T.);
#4395=EDGE_CURVE('',#3948,#3932,#3733,.T.);
#4408=EDGE_CURVE('',#3922,#3950,#3742,.T.);
#4410=EDGE_CURVE('',#3950,#3946,#3747,.T.);
#4424=EDGE_CURVE('',#3952,#3920,#3773,.T.);
#4426=EDGE_CURVE('',#3948,#3952,#3768,.T.);
#4450=EDGE_CURVE('',#3936,#3935,#3778,.T.);
#4452=EDGE_CURVE('',#3954,#3935,#3793,.T.);
#4454=EDGE_CURVE('',#3954,#3936,#3783,.T.);
#4464=EDGE_CURVE('',#3935,#3936,#3788,.T.);
#4476=EDGE_CURVE('',#3940,#3939,#3798,.T.);
#4478=EDGE_CURVE('',#3939,#3956,#3803,.T.);
#4480=EDGE_CURVE('',#3940,#3956,#3813,.T.);
#4490=EDGE_CURVE('',#3939,#3940,#3808,.T.);
#4502=EDGE_CURVE('',#3943,#3958,#3818,.T.);
#4504=EDGE_CURVE('',#3944,#3958,#3833,.T.);
#4506=EDGE_CURVE('',#3944,#3943,#3823,.T.);
#4517=EDGE_CURVE('',#3943,#3944,#3828,.T.);
#4556=CIRCLE('',#4555,5.E0);
#4597=CIRCLE('',#4596,5.E-1);
#4610=CIRCLE('',#4609,5.E-1);
#4667=CIRCLE('',#4666,5.E0);
#4829=EDGE_CURVE('',#4742,#4743,#4588,.T.);
#4831=EDGE_CURVE('',#4742,#4745,#4527,.T.);
#4833=EDGE_CURVE('',#4747,#4745,#4739,.T.);
#4835=EDGE_CURVE('',#4747,#4749,#4531,.T.);
#4837=EDGE_CURVE('',#4749,#4751,#4535,.T.);
#4839=EDGE_CURVE('',#4751,#4753,#4539,.T.);
#4841=EDGE_CURVE('',#4753,#4755,#4543,.T.);
#4843=EDGE_CURVE('',#4755,#4757,#4547,.T.);
#4845=EDGE_CURVE('',#4757,#4759,#4551,.T.);
#4847=EDGE_CURVE('',#4759,#4761,#4556,.T.);
#4849=EDGE_CURVE('',#4761,#4763,#4560,.T.);
#4851=EDGE_CURVE('',#4763,#4765,#4564,.T.);
#4853=EDGE_CURVE('',#4765,#4767,#4568,.T.);
#4855=EDGE_CURVE('',#4767,#4769,#4572,.T.);
#4857=EDGE_CURVE('',#4769,#4771,#4576,.T.);
#4859=EDGE_CURVE('',#4771,#4773,#4580,.T.);
#4861=EDGE_CURVE('',#4775,#4773,#4622,.T.);
#4863=EDGE_CURVE('',#4775,#4743,#4584,.T.);
#4873=EDGE_CURVE('',#4742,#4777,#4597,.T.);
#4876=EDGE_CURVE('',#4779,#4743,#4610,.T.);
#4878=EDGE_CURVE('',#4779,#4777,#4592,.T.);
#4889=EDGE_CURVE('',#4781,#4777,#4605,.T.);
#4891=EDGE_CURVE('',#4783,#4781,#4715,.T.);
#4893=EDGE_CURVE('',#4783,#4785,#4601,.T.);
#4895=EDGE_CURVE('',#4787,#4785,#4699,.T.);
#4897=EDGE_CURVE('',#4745,#4787,#4731,.T.);
#4909=EDGE_CURVE('',#4789,#4779,#4618,.T.);
#4911=EDGE_CURVE('',#4781,#4789,#4719,.T.);
#4924=EDGE_CURVE('',#4775,#4791,#4614,.T.);
#4926=EDGE_CURVE('',#4793,#4791,#4634,.T.);
#4928=EDGE_CURVE('',#4795,#4793,#4707,.T.);
#4930=EDGE_CURVE('',#4789,#4795,#4723,.T.);
#4943=EDGE_CURVE('',#4799,#4773,#4630,.T.);
#4945=EDGE_CURVE('',#4791,#4799,#4638,.T.);
#4956=EDGE_CURVE('',#4771,#4801,#4626,.T.);
#4958=EDGE_CURVE('',#4799,#4801,#4642,.T.);
#4969=EDGE_CURVE('',#4793,#4785,#4703,.T.);
#4974=EDGE_CURVE('',#4801,#4803,#4646,.T.);
#4976=EDGE_CURVE('',#4803,#4805,#4650,.T.);
#4978=EDGE_CURVE('',#4805,#4807,#4654,.T.);
#4980=EDGE_CURVE('',#4807,#4809,#4658,.T.);
#4982=EDGE_CURVE('',#4809,#4811,#4662,.T.);
#4984=EDGE_CURVE('',#4811,#4813,#4667,.T.);
#4986=EDGE_CURVE('',#4813,#4815,#4671,.T.);
#4988=EDGE_CURVE('',#4815,#4817,#4675,.T.);
#4990=EDGE_CURVE('',#4817,#4819,#4679,.T.);
#4992=EDGE_CURVE('',#4819,#4821,#4683,.T.);
#4994=EDGE_CURVE('',#4821,#4823,#4687,.T.);
#4996=EDGE_CURVE('',#4823,#4797,#4691,.T.);
#4998=EDGE_CURVE('',#4797,#4787,#4695,.T.);
#5011=EDGE_CURVE('',#4795,#4783,#4711,.T.);
#5035=EDGE_CURVE('',#4797,#4747,#4735,.T.);
#5038=EDGE_CURVE('',#4823,#4749,#4727,.T.);
#5092=CIRCLE('',#5091,5.E0);
#5133=CIRCLE('',#5132,5.E-1);
#5150=CIRCLE('',#5149,5.E-1);
#5207=CIRCLE('',#5206,5.E0);
#5361=EDGE_CURVE('',#5274,#5275,#5124,.T.);
#5363=EDGE_CURVE('',#5274,#5277,#5059,.T.);
#5365=EDGE_CURVE('',#5277,#5279,#5063,.T.);
#5367=EDGE_CURVE('',#5279,#5281,#5067,.T.);
#5369=EDGE_CURVE('',#5281,#5283,#5071,.T.);
#5371=EDGE_CURVE('',#5283,#5285,#5075,.T.);
#5373=EDGE_CURVE('',#5285,#5287,#5079,.T.);
#5375=EDGE_CURVE('',#5287,#5289,#5083,.T.);
#5377=EDGE_CURVE('',#5289,#5291,#5087,.T.);
#5379=EDGE_CURVE('',#5291,#5293,#5092,.T.);
#5381=EDGE_CURVE('',#5293,#5295,#5096,.T.);
#5383=EDGE_CURVE('',#5295,#5297,#5100,.T.);
#5385=EDGE_CURVE('',#5297,#5299,#5104,.T.);
#5387=EDGE_CURVE('',#5299,#5301,#5108,.T.);
#5389=EDGE_CURVE('',#5301,#5303,#5112,.T.);
#5391=EDGE_CURVE('',#5303,#5305,#5116,.T.);
#5393=EDGE_CURVE('',#5307,#5305,#5162,.T.);
#5395=EDGE_CURVE('',#5307,#5275,#5120,.T.);
#5405=EDGE_CURVE('',#5274,#5309,#5133,.T.);
#5408=EDGE_CURVE('',#5311,#5275,#5150,.T.);
#5410=EDGE_CURVE('',#5311,#5309,#5128,.T.);
#5421=EDGE_CURVE('',#5313,#5309,#5145,.T.);
#5423=EDGE_CURVE('',#5315,#5313,#5255,.T.);
#5425=EDGE_CURVE('',#5315,#5317,#5137,.T.);
#5427=EDGE_CURVE('',#5319,#5317,#5239,.T.);
#5429=EDGE_CURVE('',#5319,#5277,#5141,.T.);
#5441=EDGE_CURVE('',#5321,#5311,#5158,.T.);
#5443=EDGE_CURVE('',#5313,#5321,#5259,.T.);
#5456=EDGE_CURVE('',#5307,#5323,#5154,.T.);
#5458=EDGE_CURVE('',#5325,#5323,#5174,.T.);
#5460=EDGE_CURVE('',#5327,#5325,#5247,.T.);
#5462=EDGE_CURVE('',#5321,#5327,#5263,.T.);
#5475=EDGE_CURVE('',#5331,#5305,#5170,.T.);
#5477=EDGE_CURVE('',#5323,#5331,#5178,.T.);
#5488=EDGE_CURVE('',#5303,#5333,#5166,.T.);
#5490=EDGE_CURVE('',#5331,#5333,#5182,.T.);
#5501=EDGE_CURVE('',#5325,#5317,#5243,.T.);
#5506=EDGE_CURVE('',#5333,#5335,#5186,.T.);
#5508=EDGE_CURVE('',#5335,#5337,#5190,.T.);
#5510=EDGE_CURVE('',#5337,#5339,#5194,.T.);
#5512=EDGE_CURVE('',#5339,#5341,#5198,.T.);
#5514=EDGE_CURVE('',#5341,#5343,#5202,.T.);
#5516=EDGE_CURVE('',#5343,#5345,#5207,.T.);
#5518=EDGE_CURVE('',#5345,#5347,#5211,.T.);
#5520=EDGE_CURVE('',#5347,#5349,#5215,.T.);
#5522=EDGE_CURVE('',#5349,#5351,#5219,.T.);
#5524=EDGE_CURVE('',#5351,#5353,#5223,.T.);
#5526=EDGE_CURVE('',#5353,#5355,#5227,.T.);
#5528=EDGE_CURVE('',#5355,#5329,#5231,.T.);
#5530=EDGE_CURVE('',#5329,#5319,#5235,.T.);
#5543=EDGE_CURVE('',#5327,#5315,#5251,.T.);
#5567=EDGE_CURVE('',#5279,#5329,#5267,.T.);
#5570=EDGE_CURVE('',#5355,#5281,#5271,.T.);
#5608=CIRCLE('',#5607,5.E0);
#5653=CIRCLE('',#5652,5.E-1);
#5698=CIRCLE('',#5697,5.E0);
#5743=CIRCLE('',#5742,5.E-1);
#5881=EDGE_CURVE('',#5794,#5795,#5648,.T.);
#5883=EDGE_CURVE('',#5794,#5797,#5579,.T.);
#5885=EDGE_CURVE('',#5799,#5797,#5779,.T.);
#5887=EDGE_CURVE('',#5799,#5801,#5583,.T.);
#5889=EDGE_CURVE('',#5801,#5803,#5587,.T.);
#5891=EDGE_CURVE('',#5803,#5805,#5591,.T.);
#5893=EDGE_CURVE('',#5805,#5807,#5595,.T.);
#5895=EDGE_CURVE('',#5807,#5809,#5599,.T.);
#5897=EDGE_CURVE('',#5809,#5811,#5603,.T.);
#5899=EDGE_CURVE('',#5811,#5813,#5608,.T.);
#5901=EDGE_CURVE('',#5813,#5815,#5612,.T.);
#5903=EDGE_CURVE('',#5815,#5817,#5616,.T.);
#5905=EDGE_CURVE('',#5817,#5819,#5620,.T.);
#5907=EDGE_CURVE('',#5819,#5821,#5624,.T.);
#5909=EDGE_CURVE('',#5821,#5823,#5628,.T.);
#5911=EDGE_CURVE('',#5823,#5825,#5632,.T.);
#5913=EDGE_CURVE('',#5825,#5827,#5636,.T.);
#5915=EDGE_CURVE('',#5827,#5795,#5640,.T.);
#5925=EDGE_CURVE('',#5829,#5795,#5653,.T.);
#5927=EDGE_CURVE('',#5829,#5831,#5644,.T.);
#5929=EDGE_CURVE('',#5794,#5831,#5743,.T.);
#5942=EDGE_CURVE('',#5827,#5833,#5657,.T.);
#5944=EDGE_CURVE('',#5835,#5833,#5665,.T.);
#5946=EDGE_CURVE('',#5837,#5835,#5738,.T.);
#5948=EDGE_CURVE('',#5839,#5837,#5759,.T.);
#5950=EDGE_CURVE('',#5839,#5829,#5661,.T.);
#5960=EDGE_CURVE('',#5835,#5871,#5734,.T.);
#5963=EDGE_CURVE('',#5833,#5841,#5669,.T.);
#5965=EDGE_CURVE('',#5841,#5847,#5673,.T.);
#5967=EDGE_CURVE('',#5847,#5849,#5677,.T.);
#5969=EDGE_CURVE('',#5849,#5851,#5681,.T.);
#5971=EDGE_CURVE('',#5851,#5853,#5685,.T.);
#5973=EDGE_CURVE('',#5853,#5855,#5689,.T.);
#5975=EDGE_CURVE('',#5855,#5857,#5693,.T.);
#5977=EDGE_CURVE('',#5857,#5859,#5698,.T.);
#5979=EDGE_CURVE('',#5859,#5861,#5702,.T.);
#5981=EDGE_CURVE('',#5861,#5863,#5706,.T.);
#5983=EDGE_CURVE('',#5863,#5865,#5710,.T.);
#5985=EDGE_CURVE('',#5865,#5867,#5714,.T.);
#5987=EDGE_CURVE('',#5867,#5869,#5718,.T.);
#5989=EDGE_CURVE('',#5869,#5845,#5722,.T.);
#5991=EDGE_CURVE('',#5845,#5843,#5726,.T.);
#5993=EDGE_CURVE('',#5843,#5871,#5730,.T.);
#6004=EDGE_CURVE('',#5873,#5871,#5747,.T.);
#6006=EDGE_CURVE('',#5837,#5873,#5763,.T.);
#6018=EDGE_CURVE('',#5875,#5831,#5755,.T.);
#6020=EDGE_CURVE('',#5873,#5875,#5767,.T.);
#6024=EDGE_CURVE('',#5843,#5797,#5751,.T.);
#6037=EDGE_CURVE('',#5875,#5839,#5771,.T.);
#6062=EDGE_CURVE('',#5845,#5799,#5775,.T.);
#6076=EDGE_CURVE('',#5869,#5801,#5783,.T.);
#6087=EDGE_CURVE('',#5823,#5847,#5787,.T.);
#6090=EDGE_CURVE('',#5841,#5825,#5791,.T.);
#6172=CIRCLE('',#6171,3.5E-1);
#6185=CIRCLE('',#6184,5.E-1);
#6286=CIRCLE('',#6285,3.5E-1);
#6303=CIRCLE('',#6302,5.E-1);
#6441=EDGE_CURVE('',#6346,#6347,#6167,.T.);
#6443=EDGE_CURVE('',#6349,#6346,#6315,.T.);
#6445=EDGE_CURVE('',#6351,#6349,#6319,.T.);
#6447=EDGE_CURVE('',#6351,#6353,#6099,.T.);
#6449=EDGE_CURVE('',#6353,#6355,#6103,.T.);
#6451=EDGE_CURVE('',#6355,#6357,#6107,.T.);
#6453=EDGE_CURVE('',#6357,#6359,#6111,.T.);
#6455=EDGE_CURVE('',#6359,#6361,#6115,.T.);
#6457=EDGE_CURVE('',#6361,#6363,#6119,.T.);
#6459=EDGE_CURVE('',#6363,#6365,#6123,.T.);
#6461=EDGE_CURVE('',#6365,#6367,#6127,.T.);
#6463=EDGE_CURVE('',#6367,#6369,#6131,.T.);
#6465=EDGE_CURVE('',#6369,#6371,#6135,.T.);
#6467=EDGE_CURVE('',#6371,#6373,#6139,.T.);
#6469=EDGE_CURVE('',#6373,#6375,#6143,.T.);
#6471=EDGE_CURVE('',#6375,#6377,#6147,.T.);
#6473=EDGE_CURVE('',#6377,#6379,#6151,.T.);
#6475=EDGE_CURVE('',#6379,#6381,#6155,.T.);
#6477=EDGE_CURVE('',#6381,#6383,#6159,.T.);
#6479=EDGE_CURVE('',#6347,#6383,#6193,.T.);
#6489=EDGE_CURVE('',#6386,#6387,#6163,.T.);
#6491=EDGE_CURVE('',#6346,#6387,#6303,.T.);
#6494=EDGE_CURVE('',#6386,#6347,#6185,.T.);
#6505=EDGE_CURVE('',#6389,#6386,#6180,.T.);
#6507=EDGE_CURVE('',#6389,#6391,#6172,.T.);
#6509=EDGE_CURVE('',#6387,#6391,#6294,.T.);
#6519=EDGE_CURVE('',#6386,#6393,#6176,.T.);
#6521=EDGE_CURVE('',#6395,#6393,#6290,.T.);
#6523=EDGE_CURVE('',#6389,#6395,#6331,.T.);
#6536=EDGE_CURVE('',#6347,#6393,#6189,.T.);
#6548=EDGE_CURVE('',#6383,#6397,#6197,.T.);
#6550=EDGE_CURVE('',#6393,#6397,#6205,.T.);
#6560=EDGE_CURVE('',#6433,#6393,#6201,.T.);
#6563=EDGE_CURVE('',#6397,#6399,#6209,.T.);
#6565=EDGE_CURVE('',#6399,#6401,#6213,.T.);
#6567=EDGE_CURVE('',#6401,#6403,#6217,.T.);
#6569=EDGE_CURVE('',#6403,#6405,#6221,.T.);
#6571=EDGE_CURVE('',#6405,#6407,#6225,.T.);
#6573=EDGE_CURVE('',#6407,#6409,#6229,.T.);
#6575=EDGE_CURVE('',#6409,#6411,#6233,.T.);
#6577=EDGE_CURVE('',#6411,#6413,#6237,.T.);
#6579=EDGE_CURVE('',#6413,#6415,#6241,.T.);
#6581=EDGE_CURVE('',#6415,#6417,#6245,.T.);
#6583=EDGE_CURVE('',#6417,#6419,#6249,.T.);
#6585=EDGE_CURVE('',#6419,#6421,#6253,.T.);
#6587=EDGE_CURVE('',#6421,#6423,#6257,.T.);
#6589=EDGE_CURVE('',#6423,#6425,#6261,.T.);
#6591=EDGE_CURVE('',#6425,#6427,#6265,.T.);
#6593=EDGE_CURVE('',#6427,#6429,#6269,.T.);
#6595=EDGE_CURVE('',#6429,#6431,#6273,.T.);
#6597=EDGE_CURVE('',#6431,#6433,#6277,.T.);
#6608=EDGE_CURVE('',#6433,#6435,#6281,.T.);
#6610=EDGE_CURVE('',#6435,#6395,#6286,.T.);
#6621=EDGE_CURVE('',#6387,#6433,#6298,.T.);
#6624=EDGE_CURVE('',#6435,#6391,#6335,.T.);
#6636=EDGE_CURVE('',#6346,#6433,#6307,.T.);
#6649=EDGE_CURVE('',#6431,#6349,#6311,.T.);
#6663=EDGE_CURVE('',#6429,#6351,#6323,.T.);
#6676=EDGE_CURVE('',#6427,#6353,#6327,.T.);
#6699=EDGE_CURVE('',#6379,#6401,#6339,.T.);
#6702=EDGE_CURVE('',#6399,#6381,#6343,.T.);
#6716=CIRCLE('',#6715,3.5E-1);
#6797=CIRCLE('',#6796,5.E-1);
#6826=CIRCLE('',#6825,5.E-1);
#6939=CIRCLE('',#6938,3.5E-1);
#7053=EDGE_CURVE('',#6958,#6959,#6711,.T.);
#7055=EDGE_CURVE('',#6961,#6959,#6817,.T.);
#7057=EDGE_CURVE('',#6961,#6963,#6716,.T.);
#7059=EDGE_CURVE('',#6958,#6963,#6801,.T.);
#7070=EDGE_CURVE('',#6965,#6958,#6788,.T.);
#7072=EDGE_CURVE('',#6967,#6965,#6951,.T.);
#7074=EDGE_CURVE('',#6967,#6969,#6720,.T.);
#7076=EDGE_CURVE('',#6969,#6971,#6724,.T.);
#7078=EDGE_CURVE('',#6971,#6973,#6728,.T.);
#7080=EDGE_CURVE('',#6973,#6975,#6732,.T.);
#7082=EDGE_CURVE('',#6975,#6977,#6736,.T.);
#7084=EDGE_CURVE('',#6977,#6979,#6740,.T.);
#7086=EDGE_CURVE('',#6979,#6981,#6744,.T.);
#7088=EDGE_CURVE('',#6981,#6983,#6748,.T.);
#7090=EDGE_CURVE('',#6983,#6985,#6752,.T.);
#7092=EDGE_CURVE('',#6985,#6987,#6756,.T.);
#7094=EDGE_CURVE('',#6987,#6989,#6760,.T.);
#7096=EDGE_CURVE('',#6989,#6991,#6764,.T.);
#7098=EDGE_CURVE('',#6991,#6993,#6768,.T.);
#7100=EDGE_CURVE('',#6993,#6995,#6772,.T.);
#7102=EDGE_CURVE('',#6995,#6997,#6776,.T.);
#7104=EDGE_CURVE('',#6999,#6997,#6834,.T.);
#7106=EDGE_CURVE('',#6959,#6999,#6830,.T.);
#7116=EDGE_CURVE('',#6958,#7001,#6780,.T.);
#7118=EDGE_CURVE('',#7003,#7001,#6922,.T.);
#7120=EDGE_CURVE('',#7003,#6965,#6784,.T.);
#7132=EDGE_CURVE('',#6958,#7005,#6792,.T.);
#7134=EDGE_CURVE('',#7005,#7001,#6797,.T.);
#7146=EDGE_CURVE('',#7007,#6963,#6809,.T.);
#7148=EDGE_CURVE('',#7005,#7007,#6934,.T.);
#7159=EDGE_CURVE('',#6961,#7009,#6805,.T.);
#7161=EDGE_CURVE('',#7007,#7009,#6939,.T.);
#7172=EDGE_CURVE('',#6959,#7011,#6813,.T.);
#7174=EDGE_CURVE('',#7009,#7011,#6943,.T.);
#7186=EDGE_CURVE('',#6959,#7013,#6821,.T.);
#7188=EDGE_CURVE('',#7013,#7011,#6826,.T.);
#7201=EDGE_CURVE('',#7015,#6999,#6838,.T.);
#7203=EDGE_CURVE('',#7013,#7015,#6850,.T.);
#7214=EDGE_CURVE('',#7017,#6997,#6846,.T.);
#7216=EDGE_CURVE('',#7015,#7017,#6854,.T.);
#7228=EDGE_CURVE('',#6995,#7019,#6842,.T.);
#7230=EDGE_CURVE('',#7017,#7019,#6858,.T.);
#7241=EDGE_CURVE('',#7013,#7001,#6926,.T.);
#7246=EDGE_CURVE('',#7019,#7021,#6862,.T.);
#7248=EDGE_CURVE('',#7021,#7023,#6866,.T.);
#7250=EDGE_CURVE('',#7023,#7025,#6870,.T.);
#7252=EDGE_CURVE('',#7025,#7027,#6874,.T.);
#7254=EDGE_CURVE('',#7027,#7029,#6878,.T.);
#7256=EDGE_CURVE('',#7029,#7031,#6882,.T.);
#7258=EDGE_CURVE('',#7031,#7033,#6886,.T.);
#7260=EDGE_CURVE('',#7033,#7035,#6890,.T.);
#7262=EDGE_CURVE('',#7035,#7037,#6894,.T.);
#7264=EDGE_CURVE('',#7037,#7039,#6898,.T.);
#7266=EDGE_CURVE('',#7039,#7041,#6902,.T.);
#7268=EDGE_CURVE('',#7041,#7043,#6906,.T.);
#7270=EDGE_CURVE('',#7043,#7045,#6910,.T.);
#7272=EDGE_CURVE('',#7045,#7047,#6914,.T.);
#7274=EDGE_CURVE('',#7047,#7003,#6918,.T.);
#7287=EDGE_CURVE('',#7005,#7011,#6930,.T.);
#7311=EDGE_CURVE('',#7047,#6967,#6955,.T.);
#7314=EDGE_CURVE('',#7045,#6969,#6947,.T.);
#7340=CIRCLE('',#7339,8.5E-1);
#7349=CIRCLE('',#7348,8.5E-1);
#7354=CIRCLE('',#7353,1.201839166959E0);
#7359=CIRCLE('',#7358,1.199999999999E0);
#7364=CIRCLE('',#7363,1.201839166959E0);
#7369=CIRCLE('',#7368,1.199999999999E0);
#7385=EDGE_CURVE('',#7372,#7373,#7344,.T.);
#7387=EDGE_CURVE('',#7375,#7372,#7369,.T.);
#7389=EDGE_CURVE('',#7375,#7377,#7335,.T.);
#7391=EDGE_CURVE('',#7377,#7373,#7340,.T.);
#7402=EDGE_CURVE('',#7373,#7377,#7349,.T.);
#7405=EDGE_CURVE('',#7372,#7375,#7359,.T.);
#7415=EDGE_CURVE('',#7379,#7372,#7354,.T.);
#7418=EDGE_CURVE('',#7379,#7375,#7364,.T.);
#7436=(LENGTH_UNIT()NAMED_UNIT(*)SI_UNIT(.MILLI.,.METRE.));
#7438=(NAMED_UNIT(*)PLANE_ANGLE_UNIT()SI_UNIT($,.RADIAN.));
#7441=(NAMED_UNIT(*)SI_UNIT($,.STERADIAN.)SOLID_ANGLE_UNIT());
#7444=MANIFOLD_SURFACE_SHAPE_REPRESENTATION('',(#7435),#7443);
#7451=PRODUCT_DEFINITION('design','',#7450,#7447);
#7452=PRODUCT_DEFINITION_SHAPE('','SHAPE FOR TL42WW05000.',#7451);
#7453=SHAPE_DEFINITION_REPRESENTATION(#7452,#7444);
ENDSEC;
END-ISO-10303-21;
