ISO-10303-21;
HEADER;
FILE_DESCRIPTION((''),'2;1');
FILE_NAME('TL42P005000','2014-12-12T',('brevel'),(''),
'PRO/ENGINEER BY PARAMETRIC TECHNOLOGY CORPORATION, 2013410',
'PRO/ENGINEER BY PARAMETRIC TECHNOLOGY CORPORATION, 2013410','');
FILE_SCHEMA(('CONFIG_CONTROL_DESIGN'));
ENDSEC;
DATA;
#1=DIRECTION('',(-1.E0,0.E0,0.E0));
#2=VECTOR('',#1,6.8E0);
#3=CARTESIAN_POINT('',(3.4E0,0.E0,-3.65E0));
#4=LINE('',#3,#2);
#5=DIRECTION('',(7.071067811865E-1,7.071067811865E-1,0.E0));
#6=VECTOR('',#5,2.828427124746E-1);
#7=CARTESIAN_POINT('',(3.4E0,0.E0,-3.65E0));
#8=LINE('',#7,#6);
#9=DIRECTION('',(0.E0,1.E0,0.E0));
#10=VECTOR('',#9,3.E-1);
#11=CARTESIAN_POINT('',(3.6E0,2.E-1,-3.65E0));
#12=LINE('',#11,#10);
#13=DIRECTION('',(0.E0,-1.E0,0.E0));
#14=VECTOR('',#13,3.E-1);
#15=CARTESIAN_POINT('',(-3.6E0,5.E-1,-3.65E0));
#16=LINE('',#15,#14);
#17=DIRECTION('',(7.071067811865E-1,-7.071067811865E-1,0.E0));
#18=VECTOR('',#17,2.828427124746E-1);
#19=CARTESIAN_POINT('',(-3.6E0,2.E-1,-3.65E0));
#20=LINE('',#19,#18);
#21=DIRECTION('',(0.E0,0.E0,1.E0));
#22=VECTOR('',#21,7.3E0);
#23=CARTESIAN_POINT('',(3.4E0,0.E0,-3.65E0));
#24=LINE('',#23,#22);
#25=DIRECTION('',(0.E0,0.E0,-1.E0));
#26=VECTOR('',#25,7.3E0);
#27=CARTESIAN_POINT('',(3.6E0,2.E-1,3.65E0));
#28=LINE('',#27,#26);
#29=DIRECTION('',(-1.E0,0.E0,0.E0));
#30=VECTOR('',#29,6.8E0);
#31=CARTESIAN_POINT('',(3.4E0,0.E0,3.65E0));
#32=LINE('',#31,#30);
#33=DIRECTION('',(-7.071067811865E-1,7.071067811865E-1,0.E0));
#34=VECTOR('',#33,2.828427124746E-1);
#35=CARTESIAN_POINT('',(-3.4E0,0.E0,3.65E0));
#36=LINE('',#35,#34);
#37=DIRECTION('',(0.E0,1.E0,0.E0));
#38=VECTOR('',#37,3.E-1);
#39=CARTESIAN_POINT('',(-3.6E0,2.E-1,3.65E0));
#40=LINE('',#39,#38);
#41=DIRECTION('',(1.E0,0.E0,0.E0));
#42=VECTOR('',#41,7.2E0);
#43=CARTESIAN_POINT('',(-3.6E0,5.E-1,3.65E0));
#44=LINE('',#43,#42);
#45=DIRECTION('',(0.E0,-1.E0,0.E0));
#46=VECTOR('',#45,3.E-1);
#47=CARTESIAN_POINT('',(3.6E0,5.E-1,3.65E0));
#48=LINE('',#47,#46);
#49=DIRECTION('',(-7.071067811865E-1,-7.071067811865E-1,0.E0));
#50=VECTOR('',#49,2.828427124746E-1);
#51=CARTESIAN_POINT('',(3.6E0,2.E-1,3.65E0));
#52=LINE('',#51,#50);
#53=DIRECTION('',(0.E0,0.E0,-1.E0));
#54=VECTOR('',#53,7.3E0);
#55=CARTESIAN_POINT('',(-3.4E0,0.E0,3.65E0));
#56=LINE('',#55,#54);
#57=DIRECTION('',(0.E0,0.E0,1.E0));
#58=VECTOR('',#57,7.3E0);
#59=CARTESIAN_POINT('',(-3.6E0,2.E-1,-3.65E0));
#60=LINE('',#59,#58);
#61=DIRECTION('',(-1.E0,0.E0,0.E0));
#62=VECTOR('',#61,5.55E0);
#63=CARTESIAN_POINT('',(2.775E0,5.E-1,-4.1E0));
#64=LINE('',#63,#62);
#65=DIRECTION('',(0.E0,0.E0,1.E0));
#66=VECTOR('',#65,2.E-1);
#67=CARTESIAN_POINT('',(-2.775E0,5.E-1,-4.1E0));
#68=LINE('',#67,#66);
#69=DIRECTION('',(-1.E0,0.E0,0.E0));
#70=VECTOR('',#69,8.25E-1);
#71=CARTESIAN_POINT('',(-2.775E0,5.E-1,-3.9E0));
#72=LINE('',#71,#70);
#73=DIRECTION('',(0.E0,0.E0,1.E0));
#74=VECTOR('',#73,2.5E-1);
#75=CARTESIAN_POINT('',(-3.6E0,5.E-1,-3.9E0));
#76=LINE('',#75,#74);
#77=DIRECTION('',(1.E0,0.E0,0.E0));
#78=VECTOR('',#77,7.2E0);
#79=CARTESIAN_POINT('',(-3.6E0,5.E-1,-3.65E0));
#80=LINE('',#79,#78);
#81=DIRECTION('',(0.E0,0.E0,-1.E0));
#82=VECTOR('',#81,2.5E-1);
#83=CARTESIAN_POINT('',(3.6E0,5.E-1,-3.65E0));
#84=LINE('',#83,#82);
#85=DIRECTION('',(-1.E0,0.E0,0.E0));
#86=VECTOR('',#85,8.25E-1);
#87=CARTESIAN_POINT('',(3.6E0,5.E-1,-3.9E0));
#88=LINE('',#87,#86);
#89=DIRECTION('',(0.E0,0.E0,-1.E0));
#90=VECTOR('',#89,2.E-1);
#91=CARTESIAN_POINT('',(2.775E0,5.E-1,-3.9E0));
#92=LINE('',#91,#90);
#93=DIRECTION('',(0.E0,0.E0,1.E0));
#94=VECTOR('',#93,2.5E-1);
#95=CARTESIAN_POINT('',(-3.6E0,5.E-1,3.65E0));
#96=LINE('',#95,#94);
#97=DIRECTION('',(1.E0,0.E0,0.E0));
#98=VECTOR('',#97,8.25E-1);
#99=CARTESIAN_POINT('',(-3.6E0,5.E-1,3.9E0));
#100=LINE('',#99,#98);
#101=DIRECTION('',(0.E0,0.E0,1.E0));
#102=VECTOR('',#101,2.E-1);
#103=CARTESIAN_POINT('',(-2.775E0,5.E-1,3.9E0));
#104=LINE('',#103,#102);
#105=DIRECTION('',(1.E0,0.E0,0.E0));
#106=VECTOR('',#105,5.55E0);
#107=CARTESIAN_POINT('',(-2.775E0,5.E-1,4.1E0));
#108=LINE('',#107,#106);
#109=DIRECTION('',(0.E0,0.E0,-1.E0));
#110=VECTOR('',#109,2.E-1);
#111=CARTESIAN_POINT('',(2.775E0,5.E-1,4.1E0));
#112=LINE('',#111,#110);
#113=DIRECTION('',(1.E0,0.E0,0.E0));
#114=VECTOR('',#113,8.25E-1);
#115=CARTESIAN_POINT('',(2.775E0,5.E-1,3.9E0));
#116=LINE('',#115,#114);
#117=DIRECTION('',(0.E0,0.E0,-1.E0));
#118=VECTOR('',#117,2.5E-1);
#119=CARTESIAN_POINT('',(3.6E0,5.E-1,3.9E0));
#120=LINE('',#119,#118);
#121=DIRECTION('',(0.E0,0.E0,1.E0));
#122=VECTOR('',#121,1.E0);
#123=CARTESIAN_POINT('',(-3.15E0,0.E0,-5.E-1));
#124=LINE('',#123,#122);
#125=CARTESIAN_POINT('',(-3.15E0,-8.E-1,0.E0));
#126=DIRECTION('',(1.E0,0.E0,0.E0));
#127=DIRECTION('',(0.E0,0.E0,1.E0));
#128=AXIS2_PLACEMENT_3D('',#125,#126,#127);
#130=CARTESIAN_POINT('',(-3.15E0,-8.E-1,0.E0));
#131=DIRECTION('',(1.E0,0.E0,0.E0));
#132=DIRECTION('',(0.E0,-1.E0,0.E0));
#133=AXIS2_PLACEMENT_3D('',#130,#131,#132);
#135=DIRECTION('',(1.E0,0.E0,0.E0));
#136=VECTOR('',#135,6.3E0);
#137=CARTESIAN_POINT('',(-3.15E0,0.E0,5.E-1));
#138=LINE('',#137,#136);
#139=DIRECTION('',(0.E0,1.E0,0.E0));
#140=VECTOR('',#139,8.E-1);
#141=CARTESIAN_POINT('',(-3.15E0,-8.E-1,5.E-1));
#142=LINE('',#141,#140);
#143=DIRECTION('',(0.E0,0.E0,-1.E0));
#144=VECTOR('',#143,1.E0);
#145=CARTESIAN_POINT('',(3.15E0,0.E0,5.E-1));
#146=LINE('',#145,#144);
#147=DIRECTION('',(0.E0,-1.E0,0.E0));
#148=VECTOR('',#147,8.E-1);
#149=CARTESIAN_POINT('',(3.15E0,0.E0,-5.E-1));
#150=LINE('',#149,#148);
#151=CARTESIAN_POINT('',(3.15E0,-8.E-1,0.E0));
#152=DIRECTION('',(-1.E0,0.E0,0.E0));
#153=DIRECTION('',(0.E0,0.E0,-1.E0));
#154=AXIS2_PLACEMENT_3D('',#151,#152,#153);
#156=CARTESIAN_POINT('',(3.15E0,-8.E-1,0.E0));
#157=DIRECTION('',(-1.E0,0.E0,0.E0));
#158=DIRECTION('',(0.E0,-1.E0,0.E0));
#159=AXIS2_PLACEMENT_3D('',#156,#157,#158);
#161=DIRECTION('',(0.E0,1.E0,0.E0));
#162=VECTOR('',#161,8.E-1);
#163=CARTESIAN_POINT('',(3.15E0,-8.E-1,5.E-1));
#164=LINE('',#163,#162);
#165=DIRECTION('',(-1.E0,0.E0,0.E0));
#166=VECTOR('',#165,6.3E0);
#167=CARTESIAN_POINT('',(3.15E0,0.E0,-5.E-1));
#168=LINE('',#167,#166);
#169=DIRECTION('',(0.E0,-1.E0,0.E0));
#170=VECTOR('',#169,8.E-1);
#171=CARTESIAN_POINT('',(-3.15E0,0.E0,-5.E-1));
#172=LINE('',#171,#170);
#173=DIRECTION('',(1.E0,0.E0,0.E0));
#174=VECTOR('',#173,6.3E0);
#175=CARTESIAN_POINT('',(-3.15E0,-8.E-1,5.E-1));
#176=LINE('',#175,#174);
#177=DIRECTION('',(-1.E0,0.E0,0.E0));
#178=VECTOR('',#177,6.3E0);
#179=CARTESIAN_POINT('',(3.15E0,-8.E-1,-5.E-1));
#180=LINE('',#179,#178);
#181=CARTESIAN_POINT('',(3.4E0,0.E0,-3.65E0));
#182=CARTESIAN_POINT('',(-3.4E0,0.E0,-3.65E0));
#183=VERTEX_POINT('',#181);
#184=VERTEX_POINT('',#182);
#185=CARTESIAN_POINT('',(-3.4E0,0.E0,3.65E0));
#186=VERTEX_POINT('',#185);
#187=CARTESIAN_POINT('',(3.4E0,0.E0,3.65E0));
#188=VERTEX_POINT('',#187);
#189=CARTESIAN_POINT('',(-3.15E0,0.E0,5.E-1));
#190=CARTESIAN_POINT('',(-3.15E0,0.E0,-5.E-1));
#191=VERTEX_POINT('',#189);
#192=VERTEX_POINT('',#190);
#193=CARTESIAN_POINT('',(3.15E0,0.E0,-5.E-1));
#194=VERTEX_POINT('',#193);
#195=CARTESIAN_POINT('',(3.15E0,0.E0,5.E-1));
#196=VERTEX_POINT('',#195);
#197=CARTESIAN_POINT('',(3.6E0,2.E-1,-3.65E0));
#198=VERTEX_POINT('',#197);
#199=CARTESIAN_POINT('',(3.6E0,5.E-1,-3.65E0));
#200=VERTEX_POINT('',#199);
#201=CARTESIAN_POINT('',(-3.6E0,5.E-1,-3.65E0));
#202=VERTEX_POINT('',#201);
#203=CARTESIAN_POINT('',(-3.6E0,2.E-1,-3.65E0));
#204=VERTEX_POINT('',#203);
#205=CARTESIAN_POINT('',(3.6E0,2.E-1,3.65E0));
#206=VERTEX_POINT('',#205);
#207=CARTESIAN_POINT('',(-3.6E0,2.E-1,3.65E0));
#208=VERTEX_POINT('',#207);
#209=CARTESIAN_POINT('',(-3.6E0,5.E-1,3.65E0));
#210=VERTEX_POINT('',#209);
#211=CARTESIAN_POINT('',(3.6E0,5.E-1,3.65E0));
#212=VERTEX_POINT('',#211);
#213=CARTESIAN_POINT('',(-3.6E0,5.E-1,-3.9E0));
#214=VERTEX_POINT('',#213);
#215=CARTESIAN_POINT('',(-3.6E0,5.E-1,3.9E0));
#216=VERTEX_POINT('',#215);
#217=CARTESIAN_POINT('',(-2.775E0,5.E-1,-4.1E0));
#218=CARTESIAN_POINT('',(2.775E0,5.E-1,-4.1E0));
#219=VERTEX_POINT('',#217);
#220=VERTEX_POINT('',#218);
#221=CARTESIAN_POINT('',(-2.775E0,5.E-1,-3.9E0));
#222=VERTEX_POINT('',#221);
#223=CARTESIAN_POINT('',(3.6E0,5.E-1,-3.9E0));
#224=VERTEX_POINT('',#223);
#225=CARTESIAN_POINT('',(2.775E0,5.E-1,-3.9E0));
#226=VERTEX_POINT('',#225);
#227=CARTESIAN_POINT('',(3.6E0,5.E-1,3.9E0));
#228=VERTEX_POINT('',#227);
#229=CARTESIAN_POINT('',(-2.775E0,5.E-1,3.9E0));
#230=VERTEX_POINT('',#229);
#231=CARTESIAN_POINT('',(-2.775E0,5.E-1,4.1E0));
#232=VERTEX_POINT('',#231);
#233=CARTESIAN_POINT('',(2.775E0,5.E-1,4.1E0));
#234=VERTEX_POINT('',#233);
#235=CARTESIAN_POINT('',(2.775E0,5.E-1,3.9E0));
#236=VERTEX_POINT('',#235);
#237=CARTESIAN_POINT('',(-3.15E0,-8.E-1,5.E-1));
#238=VERTEX_POINT('',#237);
#239=CARTESIAN_POINT('',(-3.15E0,-1.3E0,0.E0));
#240=VERTEX_POINT('',#239);
#241=CARTESIAN_POINT('',(-3.15E0,-8.E-1,-5.E-1));
#242=VERTEX_POINT('',#241);
#243=CARTESIAN_POINT('',(3.15E0,-8.E-1,5.E-1));
#244=VERTEX_POINT('',#243);
#245=CARTESIAN_POINT('',(3.15E0,-8.E-1,-5.E-1));
#246=VERTEX_POINT('',#245);
#247=CARTESIAN_POINT('',(3.15E0,-1.3E0,0.E0));
#248=VERTEX_POINT('',#247);
#249=CARTESIAN_POINT('',(0.E0,0.E0,0.E0));
#250=DIRECTION('',(0.E0,1.E0,0.E0));
#251=DIRECTION('',(1.E0,0.E0,0.E0));
#252=AXIS2_PLACEMENT_3D('',#249,#250,#251);
#253=PLANE('',#252);
#255=ORIENTED_EDGE('',*,*,#254,.T.);
#257=ORIENTED_EDGE('',*,*,#256,.F.);
#259=ORIENTED_EDGE('',*,*,#258,.F.);
#261=ORIENTED_EDGE('',*,*,#260,.F.);
#262=EDGE_LOOP('',(#255,#257,#259,#261));
#263=FACE_OUTER_BOUND('',#262,.F.);
#264=ADVANCED_FACE('',(#263),#253,.F.);
#265=CARTESIAN_POINT('',(4.32E0,5.E-1,-3.65E0));
#266=DIRECTION('',(0.E0,0.E0,1.E0));
#267=DIRECTION('',(0.E0,-1.E0,0.E0));
#268=AXIS2_PLACEMENT_3D('',#265,#266,#267);
#269=PLANE('',#268);
#270=ORIENTED_EDGE('',*,*,#254,.F.);
#272=ORIENTED_EDGE('',*,*,#271,.T.);
#274=ORIENTED_EDGE('',*,*,#273,.T.);
#276=ORIENTED_EDGE('',*,*,#275,.F.);
#278=ORIENTED_EDGE('',*,*,#277,.T.);
#280=ORIENTED_EDGE('',*,*,#279,.T.);
#281=EDGE_LOOP('',(#270,#272,#274,#276,#278,#280));
#282=FACE_OUTER_BOUND('',#281,.F.);
#283=ADVANCED_FACE('',(#282),#269,.F.);
#284=CARTESIAN_POINT('',(3.4E0,0.E0,3.65E0));
#285=DIRECTION('',(7.071067811865E-1,-7.071067811865E-1,0.E0));
#286=DIRECTION('',(0.E0,0.E0,-1.E0));
#287=AXIS2_PLACEMENT_3D('',#284,#285,#286);
#288=PLANE('',#287);
#289=ORIENTED_EDGE('',*,*,#260,.T.);
#291=ORIENTED_EDGE('',*,*,#290,.F.);
#293=ORIENTED_EDGE('',*,*,#292,.T.);
#294=ORIENTED_EDGE('',*,*,#271,.F.);
#295=EDGE_LOOP('',(#289,#291,#293,#294));
#296=FACE_OUTER_BOUND('',#295,.F.);
#297=ADVANCED_FACE('',(#296),#288,.T.);
#298=CARTESIAN_POINT('',(4.32E0,0.E0,3.65E0));
#299=DIRECTION('',(0.E0,0.E0,-1.E0));
#300=DIRECTION('',(0.E0,1.E0,0.E0));
#301=AXIS2_PLACEMENT_3D('',#298,#299,#300);
#302=PLANE('',#301);
#303=ORIENTED_EDGE('',*,*,#258,.T.);
#305=ORIENTED_EDGE('',*,*,#304,.T.);
#307=ORIENTED_EDGE('',*,*,#306,.T.);
#309=ORIENTED_EDGE('',*,*,#308,.T.);
#311=ORIENTED_EDGE('',*,*,#310,.T.);
#312=ORIENTED_EDGE('',*,*,#290,.T.);
#313=EDGE_LOOP('',(#303,#305,#307,#309,#311,#312));
#314=FACE_OUTER_BOUND('',#313,.F.);
#315=ADVANCED_FACE('',(#314),#302,.F.);
#316=CARTESIAN_POINT('',(-3.4E0,0.E0,-3.65E0));
#317=DIRECTION('',(-7.071067811865E-1,-7.071067811865E-1,0.E0));
#318=DIRECTION('',(0.E0,0.E0,1.E0));
#319=AXIS2_PLACEMENT_3D('',#316,#317,#318);
#320=PLANE('',#319);
#321=ORIENTED_EDGE('',*,*,#256,.T.);
#322=ORIENTED_EDGE('',*,*,#279,.F.);
#324=ORIENTED_EDGE('',*,*,#323,.T.);
#325=ORIENTED_EDGE('',*,*,#304,.F.);
#326=EDGE_LOOP('',(#321,#322,#324,#325));
#327=FACE_OUTER_BOUND('',#326,.F.);
#328=ADVANCED_FACE('',(#327),#320,.T.);
#329=CARTESIAN_POINT('',(4.32E0,5.E-1,-4.1E0));
#330=DIRECTION('',(0.E0,1.E0,0.E0));
#331=DIRECTION('',(0.E0,0.E0,1.E0));
#332=AXIS2_PLACEMENT_3D('',#329,#330,#331);
#333=PLANE('',#332);
#335=ORIENTED_EDGE('',*,*,#334,.T.);
#337=ORIENTED_EDGE('',*,*,#336,.T.);
#339=ORIENTED_EDGE('',*,*,#338,.T.);
#341=ORIENTED_EDGE('',*,*,#340,.T.);
#342=ORIENTED_EDGE('',*,*,#275,.T.);
#344=ORIENTED_EDGE('',*,*,#343,.T.);
#346=ORIENTED_EDGE('',*,*,#345,.T.);
#348=ORIENTED_EDGE('',*,*,#347,.T.);
#349=EDGE_LOOP('',(#335,#337,#339,#341,#342,#344,#346,#348));
#350=FACE_OUTER_BOUND('',#349,.F.);
#351=ADVANCED_FACE('',(#350),#333,.F.);
#352=CARTESIAN_POINT('',(4.32E0,5.E-1,3.65E0));
#353=DIRECTION('',(0.E0,1.E0,0.E0));
#354=DIRECTION('',(0.E0,0.E0,1.E0));
#355=AXIS2_PLACEMENT_3D('',#352,#353,#354);
#356=PLANE('',#355);
#358=ORIENTED_EDGE('',*,*,#357,.T.);
#360=ORIENTED_EDGE('',*,*,#359,.T.);
#362=ORIENTED_EDGE('',*,*,#361,.T.);
#364=ORIENTED_EDGE('',*,*,#363,.T.);
#366=ORIENTED_EDGE('',*,*,#365,.T.);
#368=ORIENTED_EDGE('',*,*,#367,.T.);
#370=ORIENTED_EDGE('',*,*,#369,.T.);
#371=ORIENTED_EDGE('',*,*,#308,.F.);
#372=EDGE_LOOP('',(#358,#360,#362,#364,#366,#368,#370,#371));
#373=FACE_OUTER_BOUND('',#372,.F.);
#374=ADVANCED_FACE('',(#373),#356,.F.);
#375=CARTESIAN_POINT('',(-3.15E0,0.E0,0.E0));
#376=DIRECTION('',(1.E0,0.E0,0.E0));
#377=DIRECTION('',(0.E0,1.E0,0.E0));
#378=AXIS2_PLACEMENT_3D('',#375,#376,#377);
#379=PLANE('',#378);
#381=ORIENTED_EDGE('',*,*,#380,.T.);
#383=ORIENTED_EDGE('',*,*,#382,.F.);
#385=ORIENTED_EDGE('',*,*,#384,.T.);
#387=ORIENTED_EDGE('',*,*,#386,.T.);
#389=ORIENTED_EDGE('',*,*,#388,.F.);
#390=EDGE_LOOP('',(#381,#383,#385,#387,#389));
#391=FACE_OUTER_BOUND('',#390,.F.);
#392=ADVANCED_FACE('',(#391),#379,.F.);
#393=CARTESIAN_POINT('',(-3.15E0,0.E0,5.E-1));
#394=DIRECTION('',(0.E0,0.E0,1.E0));
#395=DIRECTION('',(0.E0,-1.E0,0.E0));
#396=AXIS2_PLACEMENT_3D('',#393,#394,#395);
#397=PLANE('',#396);
#399=ORIENTED_EDGE('',*,*,#398,.T.);
#401=ORIENTED_EDGE('',*,*,#400,.F.);
#403=ORIENTED_EDGE('',*,*,#402,.F.);
#404=ORIENTED_EDGE('',*,*,#382,.T.);
#405=EDGE_LOOP('',(#399,#401,#403,#404));
#406=FACE_OUTER_BOUND('',#405,.F.);
#407=ADVANCED_FACE('',(#406),#397,.T.);
#408=CARTESIAN_POINT('',(3.15E0,0.E0,0.E0));
#409=DIRECTION('',(1.E0,0.E0,0.E0));
#410=DIRECTION('',(0.E0,1.E0,0.E0));
#411=AXIS2_PLACEMENT_3D('',#408,#409,#410);
#412=PLANE('',#411);
#414=ORIENTED_EDGE('',*,*,#413,.T.);
#416=ORIENTED_EDGE('',*,*,#415,.T.);
#418=ORIENTED_EDGE('',*,*,#417,.T.);
#420=ORIENTED_EDGE('',*,*,#419,.T.);
#421=ORIENTED_EDGE('',*,*,#400,.T.);
#422=EDGE_LOOP('',(#414,#416,#418,#420,#421));
#423=FACE_OUTER_BOUND('',#422,.F.);
#424=ADVANCED_FACE('',(#423),#412,.T.);
#425=CARTESIAN_POINT('',(-3.15E0,-8.E-1,-5.E-1));
#426=DIRECTION('',(0.E0,0.E0,-1.E0));
#427=DIRECTION('',(0.E0,1.E0,0.E0));
#428=AXIS2_PLACEMENT_3D('',#425,#426,#427);
#429=PLANE('',#428);
#431=ORIENTED_EDGE('',*,*,#430,.T.);
#432=ORIENTED_EDGE('',*,*,#388,.T.);
#434=ORIENTED_EDGE('',*,*,#433,.F.);
#435=ORIENTED_EDGE('',*,*,#415,.F.);
#436=EDGE_LOOP('',(#431,#432,#434,#435));
#437=FACE_OUTER_BOUND('',#436,.F.);
#438=ADVANCED_FACE('',(#437),#429,.T.);
#439=CARTESIAN_POINT('',(-3.15E0,-8.E-1,0.E0));
#440=DIRECTION('',(1.E0,0.E0,0.E0));
#441=DIRECTION('',(0.E0,1.E0,0.E0));
#442=AXIS2_PLACEMENT_3D('',#439,#440,#441);
#443=CYLINDRICAL_SURFACE('',#442,5.E-1);
#444=ORIENTED_EDGE('',*,*,#386,.F.);
#445=ORIENTED_EDGE('',*,*,#384,.F.);
#446=ORIENTED_EDGE('',*,*,#402,.T.);
#447=ORIENTED_EDGE('',*,*,#419,.F.);
#448=ORIENTED_EDGE('',*,*,#417,.F.);
#449=ORIENTED_EDGE('',*,*,#433,.T.);
#450=EDGE_LOOP('',(#444,#445,#446,#447,#448,#449));
#451=FACE_OUTER_BOUND('',#450,.F.);
#452=ADVANCED_FACE('',(#451),#443,.T.);
#453=OPEN_SHELL('',(#264,#283,#297,#315,#328,#351,#374,#392,#407,#424,#438,
#452));
#454=DIRECTION('',(0.E0,0.E0,-1.E0));
#455=VECTOR('',#454,9.474411167400E-3);
#456=CARTESIAN_POINT('',(-2.77E0,-3.E-1,2.959474411167E0));
#457=LINE('',#456,#455);
#458=CARTESIAN_POINT('',(-2.77E0,-4.35E0,2.6E0));
#459=DIRECTION('',(1.E0,0.E0,0.E0));
#460=DIRECTION('',(0.E0,0.E0,1.E0));
#461=AXIS2_PLACEMENT_3D('',#458,#459,#460);
#463=DIRECTION('',(0.E0,0.E0,-1.E0));
#464=VECTOR('',#463,1.009474411167E0);
#465=CARTESIAN_POINT('',(-2.77E0,-3.E-1,2.25E0));
#466=LINE('',#465,#464);
#467=DIRECTION('',(0.E0,8.660254037844E-1,-5.E-1));
#468=VECTOR('',#467,3.810511776652E-1);
#469=CARTESIAN_POINT('',(-2.77E0,-3.E-1,1.240525588833E0));
#470=LINE('',#469,#468);
#471=DIRECTION('',(0.E0,-5.038704496377E-14,1.E0));
#472=VECTOR('',#471,6.499999999999E-2);
#473=CARTESIAN_POINT('',(-2.77E0,3.E-2,1.05E0));
#474=LINE('',#473,#472);
#475=DIRECTION('',(0.E0,1.E0,0.E0));
#476=VECTOR('',#475,1.17E0);
#477=CARTESIAN_POINT('',(-2.77E0,3.E-2,1.115E0));
#478=LINE('',#477,#476);
#479=DIRECTION('',(0.E0,0.E0,-1.E0));
#480=VECTOR('',#479,3.65E-1);
#481=CARTESIAN_POINT('',(-2.77E0,1.2E0,1.115E0));
#482=LINE('',#481,#480);
#483=DIRECTION('',(0.E0,1.E0,0.E0));
#484=VECTOR('',#483,4.E-1);
#485=CARTESIAN_POINT('',(-2.77E0,1.2E0,7.5E-1));
#486=LINE('',#485,#484);
#487=DIRECTION('',(0.E0,0.E0,1.E0));
#488=VECTOR('',#487,3.550125628934E-1);
#489=CARTESIAN_POINT('',(-2.77E0,1.6E0,7.5E-1));
#490=LINE('',#489,#488);
#491=CARTESIAN_POINT('',(-2.77E0,-3.3E0,2.1E0));
#492=DIRECTION('',(1.E0,0.E0,0.E0));
#493=DIRECTION('',(0.E0,9.8E-1,-1.989974874213E-1));
#494=AXIS2_PLACEMENT_3D('',#491,#492,#493);
#496=DIRECTION('',(0.E0,0.E0,1.E0));
#497=VECTOR('',#496,3.550125628933E-1);
#498=CARTESIAN_POINT('',(-2.77E0,1.6E0,3.094987437107E0));
#499=LINE('',#498,#497);
#500=DIRECTION('',(0.E0,-1.E0,0.E0));
#501=VECTOR('',#500,4.E-1);
#502=CARTESIAN_POINT('',(-2.77E0,1.6E0,3.45E0));
#503=LINE('',#502,#501);
#504=DIRECTION('',(0.E0,0.E0,-1.E0));
#505=VECTOR('',#504,3.65E-1);
#506=CARTESIAN_POINT('',(-2.77E0,1.2E0,3.45E0));
#507=LINE('',#506,#505);
#508=DIRECTION('',(0.E0,-1.E0,0.E0));
#509=VECTOR('',#508,1.17E0);
#510=CARTESIAN_POINT('',(-2.77E0,1.2E0,3.085E0));
#511=LINE('',#510,#509);
#512=DIRECTION('',(0.E0,5.038704496377E-14,1.E0));
#513=VECTOR('',#512,6.499999999999E-2);
#514=CARTESIAN_POINT('',(-2.77E0,3.E-2,3.085E0));
#515=LINE('',#514,#513);
#516=DIRECTION('',(0.E0,-8.660254037844E-1,-5.E-1));
#517=VECTOR('',#516,3.810511776652E-1);
#518=CARTESIAN_POINT('',(-2.77E0,3.E-2,3.15E0));
#519=LINE('',#518,#517);
#520=DIRECTION('',(1.E0,0.E0,0.E0));
#521=VECTOR('',#520,5.E-1);
#522=CARTESIAN_POINT('',(-2.77E0,-3.E-1,2.95E0));
#523=LINE('',#522,#521);
#524=DIRECTION('',(0.E0,1.E0,0.E0));
#525=VECTOR('',#524,4.05E0);
#526=CARTESIAN_POINT('',(-2.77E0,-4.35E0,2.95E0));
#527=LINE('',#526,#525);
#528=DIRECTION('',(0.E0,0.E0,1.E0));
#529=VECTOR('',#528,1.009474411167E0);
#530=CARTESIAN_POINT('',(-2.27E0,-3.E-1,1.240525588833E0));
#531=LINE('',#530,#529);
#532=DIRECTION('',(0.E0,-1.E0,0.E0));
#533=VECTOR('',#532,4.05E0);
#534=CARTESIAN_POINT('',(-2.27E0,-3.E-1,2.25E0));
#535=LINE('',#534,#533);
#536=CARTESIAN_POINT('',(-2.27E0,-4.35E0,2.6E0));
#537=DIRECTION('',(-1.E0,0.E0,0.E0));
#538=DIRECTION('',(0.E0,0.E0,-1.E0));
#539=AXIS2_PLACEMENT_3D('',#536,#537,#538);
#541=DIRECTION('',(0.E0,1.E0,0.E0));
#542=VECTOR('',#541,4.05E0);
#543=CARTESIAN_POINT('',(-2.27E0,-4.35E0,2.95E0));
#544=LINE('',#543,#542);
#545=DIRECTION('',(0.E0,0.E0,1.E0));
#546=VECTOR('',#545,9.474411167400E-3);
#547=CARTESIAN_POINT('',(-2.27E0,-3.E-1,2.95E0));
#548=LINE('',#547,#546);
#549=DIRECTION('',(0.E0,8.660254037844E-1,5.E-1));
#550=VECTOR('',#549,3.810511776652E-1);
#551=CARTESIAN_POINT('',(-2.27E0,-3.E-1,2.959474411167E0));
#552=LINE('',#551,#550);
#553=DIRECTION('',(0.E0,-5.038704496377E-14,-1.E0));
#554=VECTOR('',#553,6.499999999999E-2);
#555=CARTESIAN_POINT('',(-2.27E0,3.E-2,3.15E0));
#556=LINE('',#555,#554);
#557=DIRECTION('',(0.E0,1.E0,0.E0));
#558=VECTOR('',#557,1.17E0);
#559=CARTESIAN_POINT('',(-2.27E0,3.E-2,3.085E0));
#560=LINE('',#559,#558);
#561=DIRECTION('',(0.E0,0.E0,1.E0));
#562=VECTOR('',#561,3.65E-1);
#563=CARTESIAN_POINT('',(-2.27E0,1.2E0,3.085E0));
#564=LINE('',#563,#562);
#565=DIRECTION('',(0.E0,1.E0,0.E0));
#566=VECTOR('',#565,4.E-1);
#567=CARTESIAN_POINT('',(-2.27E0,1.2E0,3.45E0));
#568=LINE('',#567,#566);
#569=DIRECTION('',(0.E0,0.E0,-1.E0));
#570=VECTOR('',#569,3.550125628934E-1);
#571=CARTESIAN_POINT('',(-2.27E0,1.6E0,3.45E0));
#572=LINE('',#571,#570);
#573=CARTESIAN_POINT('',(-2.27E0,-3.3E0,2.1E0));
#574=DIRECTION('',(-1.E0,0.E0,0.E0));
#575=DIRECTION('',(0.E0,9.8E-1,1.989974874213E-1));
#576=AXIS2_PLACEMENT_3D('',#573,#574,#575);
#578=DIRECTION('',(0.E0,0.E0,-1.E0));
#579=VECTOR('',#578,3.550125628933E-1);
#580=CARTESIAN_POINT('',(-2.27E0,1.6E0,1.105012562893E0));
#581=LINE('',#580,#579);
#582=DIRECTION('',(0.E0,-1.E0,0.E0));
#583=VECTOR('',#582,4.E-1);
#584=CARTESIAN_POINT('',(-2.27E0,1.6E0,7.5E-1));
#585=LINE('',#584,#583);
#586=DIRECTION('',(0.E0,0.E0,1.E0));
#587=VECTOR('',#586,3.65E-1);
#588=CARTESIAN_POINT('',(-2.27E0,1.2E0,7.5E-1));
#589=LINE('',#588,#587);
#590=DIRECTION('',(0.E0,-1.E0,0.E0));
#591=VECTOR('',#590,1.17E0);
#592=CARTESIAN_POINT('',(-2.27E0,1.2E0,1.115E0));
#593=LINE('',#592,#591);
#594=DIRECTION('',(0.E0,5.038704496377E-14,-1.E0));
#595=VECTOR('',#594,6.499999999999E-2);
#596=CARTESIAN_POINT('',(-2.27E0,3.E-2,1.115E0));
#597=LINE('',#596,#595);
#598=DIRECTION('',(0.E0,-8.660254037844E-1,5.E-1));
#599=VECTOR('',#598,3.810511776652E-1);
#600=CARTESIAN_POINT('',(-2.27E0,3.E-2,1.05E0));
#601=LINE('',#600,#599);
#602=DIRECTION('',(-1.E0,0.E0,0.E0));
#603=VECTOR('',#602,5.E-1);
#604=CARTESIAN_POINT('',(-2.27E0,-3.E-1,1.240525588833E0));
#605=LINE('',#604,#603);
#606=DIRECTION('',(-1.E0,0.E0,0.E0));
#607=VECTOR('',#606,5.E-1);
#608=CARTESIAN_POINT('',(-2.27E0,-3.E-1,2.25E0));
#609=LINE('',#608,#607);
#610=DIRECTION('',(0.E0,-1.E0,0.E0));
#611=VECTOR('',#610,4.05E0);
#612=CARTESIAN_POINT('',(-2.77E0,-3.E-1,2.25E0));
#613=LINE('',#612,#611);
#614=DIRECTION('',(-1.E0,0.E0,0.E0));
#615=VECTOR('',#614,5.E-1);
#616=CARTESIAN_POINT('',(-2.27E0,-4.35E0,2.25E0));
#617=LINE('',#616,#615);
#618=DIRECTION('',(1.E0,0.E0,0.E0));
#619=VECTOR('',#618,5.E-1);
#620=CARTESIAN_POINT('',(-2.77E0,-4.35E0,2.95E0));
#621=LINE('',#620,#619);
#622=DIRECTION('',(-1.E0,0.E0,0.E0));
#623=VECTOR('',#622,5.E-1);
#624=CARTESIAN_POINT('',(-2.27E0,3.E-2,1.05E0));
#625=LINE('',#624,#623);
#626=DIRECTION('',(1.E0,0.E0,0.E0));
#627=VECTOR('',#626,5.E-1);
#628=CARTESIAN_POINT('',(-2.77E0,3.E-2,3.15E0));
#629=LINE('',#628,#627);
#630=DIRECTION('',(-1.E0,0.E0,0.E0));
#631=VECTOR('',#630,5.E-1);
#632=CARTESIAN_POINT('',(-2.27E0,-3.E-1,2.959474411167E0));
#633=LINE('',#632,#631);
#634=CARTESIAN_POINT('',(-2.77E0,-3.E-1,2.959474411167E0));
#635=CARTESIAN_POINT('',(-2.77E0,-3.E-1,2.95E0));
#636=VERTEX_POINT('',#634);
#637=VERTEX_POINT('',#635);
#638=CARTESIAN_POINT('',(-2.77E0,-4.35E0,2.95E0));
#639=VERTEX_POINT('',#638);
#640=CARTESIAN_POINT('',(-2.77E0,-4.35E0,2.25E0));
#641=VERTEX_POINT('',#640);
#642=CARTESIAN_POINT('',(-2.77E0,-3.E-1,2.25E0));
#643=VERTEX_POINT('',#642);
#644=CARTESIAN_POINT('',(-2.77E0,-3.E-1,1.240525588833E0));
#645=VERTEX_POINT('',#644);
#646=CARTESIAN_POINT('',(-2.77E0,3.E-2,1.05E0));
#647=VERTEX_POINT('',#646);
#648=CARTESIAN_POINT('',(-2.77E0,3.E-2,1.115E0));
#649=VERTEX_POINT('',#648);
#650=CARTESIAN_POINT('',(-2.77E0,1.2E0,1.115E0));
#651=VERTEX_POINT('',#650);
#652=CARTESIAN_POINT('',(-2.77E0,1.2E0,7.5E-1));
#653=VERTEX_POINT('',#652);
#654=CARTESIAN_POINT('',(-2.77E0,1.6E0,7.5E-1));
#655=VERTEX_POINT('',#654);
#656=CARTESIAN_POINT('',(-2.77E0,1.6E0,1.105012562893E0));
#657=VERTEX_POINT('',#656);
#658=CARTESIAN_POINT('',(-2.77E0,1.6E0,3.094987437107E0));
#659=VERTEX_POINT('',#658);
#660=CARTESIAN_POINT('',(-2.77E0,1.6E0,3.45E0));
#661=VERTEX_POINT('',#660);
#662=CARTESIAN_POINT('',(-2.77E0,1.2E0,3.45E0));
#663=VERTEX_POINT('',#662);
#664=CARTESIAN_POINT('',(-2.77E0,1.2E0,3.085E0));
#665=VERTEX_POINT('',#664);
#666=CARTESIAN_POINT('',(-2.77E0,3.E-2,3.085E0));
#667=VERTEX_POINT('',#666);
#668=CARTESIAN_POINT('',(-2.77E0,3.E-2,3.15E0));
#669=VERTEX_POINT('',#668);
#670=CARTESIAN_POINT('',(-2.27E0,-3.E-1,2.95E0));
#671=VERTEX_POINT('',#670);
#672=CARTESIAN_POINT('',(-2.27E0,-3.E-1,2.959474411167E0));
#673=VERTEX_POINT('',#672);
#674=CARTESIAN_POINT('',(-2.27E0,-3.E-1,2.25E0));
#675=VERTEX_POINT('',#674);
#676=CARTESIAN_POINT('',(-2.27E0,-3.E-1,1.240525588833E0));
#677=VERTEX_POINT('',#676);
#678=CARTESIAN_POINT('',(-2.27E0,-4.35E0,2.95E0));
#679=VERTEX_POINT('',#678);
#680=CARTESIAN_POINT('',(-2.27E0,-4.35E0,2.25E0));
#681=VERTEX_POINT('',#680);
#682=CARTESIAN_POINT('',(-2.27E0,3.E-2,3.15E0));
#683=VERTEX_POINT('',#682);
#684=CARTESIAN_POINT('',(-2.27E0,3.E-2,3.085E0));
#685=VERTEX_POINT('',#684);
#686=CARTESIAN_POINT('',(-2.27E0,1.2E0,3.085E0));
#687=VERTEX_POINT('',#686);
#688=CARTESIAN_POINT('',(-2.27E0,1.2E0,3.45E0));
#689=VERTEX_POINT('',#688);
#690=CARTESIAN_POINT('',(-2.27E0,1.6E0,3.45E0));
#691=VERTEX_POINT('',#690);
#692=CARTESIAN_POINT('',(-2.27E0,1.6E0,3.094987437107E0));
#693=VERTEX_POINT('',#692);
#694=CARTESIAN_POINT('',(-2.27E0,1.6E0,1.105012562893E0));
#695=VERTEX_POINT('',#694);
#696=CARTESIAN_POINT('',(-2.27E0,1.6E0,7.5E-1));
#697=VERTEX_POINT('',#696);
#698=CARTESIAN_POINT('',(-2.27E0,1.2E0,7.5E-1));
#699=VERTEX_POINT('',#698);
#700=CARTESIAN_POINT('',(-2.27E0,1.2E0,1.115E0));
#701=VERTEX_POINT('',#700);
#702=CARTESIAN_POINT('',(-2.27E0,3.E-2,1.115E0));
#703=VERTEX_POINT('',#702);
#704=CARTESIAN_POINT('',(-2.27E0,3.E-2,1.05E0));
#705=VERTEX_POINT('',#704);
#706=CARTESIAN_POINT('',(-2.77E0,1.2E0,2.1E0));
#707=DIRECTION('',(1.E0,0.E0,0.E0));
#708=DIRECTION('',(0.E0,0.E0,-1.E0));
#709=AXIS2_PLACEMENT_3D('',#706,#707,#708);
#710=PLANE('',#709);
#712=ORIENTED_EDGE('',*,*,#711,.T.);
#714=ORIENTED_EDGE('',*,*,#713,.F.);
#716=ORIENTED_EDGE('',*,*,#715,.T.);
#718=ORIENTED_EDGE('',*,*,#717,.F.);
#720=ORIENTED_EDGE('',*,*,#719,.T.);
#722=ORIENTED_EDGE('',*,*,#721,.T.);
#724=ORIENTED_EDGE('',*,*,#723,.T.);
#726=ORIENTED_EDGE('',*,*,#725,.T.);
#728=ORIENTED_EDGE('',*,*,#727,.T.);
#730=ORIENTED_EDGE('',*,*,#729,.T.);
#732=ORIENTED_EDGE('',*,*,#731,.T.);
#734=ORIENTED_EDGE('',*,*,#733,.T.);
#736=ORIENTED_EDGE('',*,*,#735,.T.);
#738=ORIENTED_EDGE('',*,*,#737,.T.);
#740=ORIENTED_EDGE('',*,*,#739,.T.);
#742=ORIENTED_EDGE('',*,*,#741,.T.);
#744=ORIENTED_EDGE('',*,*,#743,.T.);
#746=ORIENTED_EDGE('',*,*,#745,.T.);
#747=EDGE_LOOP('',(#712,#714,#716,#718,#720,#722,#724,#726,#728,#730,#732,#734,
#736,#738,#740,#742,#744,#746));
#748=FACE_OUTER_BOUND('',#747,.F.);
#749=ADVANCED_FACE('',(#748),#710,.F.);
#750=CARTESIAN_POINT('',(-2.27E0,-3.E-1,2.95E0));
#751=DIRECTION('',(0.E0,0.E0,1.E0));
#752=DIRECTION('',(0.E0,-1.E0,0.E0));
#753=AXIS2_PLACEMENT_3D('',#750,#751,#752);
#754=PLANE('',#753);
#756=ORIENTED_EDGE('',*,*,#755,.T.);
#758=ORIENTED_EDGE('',*,*,#757,.F.);
#760=ORIENTED_EDGE('',*,*,#759,.F.);
#761=ORIENTED_EDGE('',*,*,#713,.T.);
#762=EDGE_LOOP('',(#756,#758,#760,#761));
#763=FACE_OUTER_BOUND('',#762,.F.);
#764=ADVANCED_FACE('',(#763),#754,.T.);
#765=CARTESIAN_POINT('',(-2.27E0,1.2E0,2.1E0));
#766=DIRECTION('',(1.E0,0.E0,0.E0));
#767=DIRECTION('',(0.E0,0.E0,-1.E0));
#768=AXIS2_PLACEMENT_3D('',#765,#766,#767);
#769=PLANE('',#768);
#771=ORIENTED_EDGE('',*,*,#770,.T.);
#773=ORIENTED_EDGE('',*,*,#772,.T.);
#775=ORIENTED_EDGE('',*,*,#774,.T.);
#776=ORIENTED_EDGE('',*,*,#757,.T.);
#778=ORIENTED_EDGE('',*,*,#777,.T.);
#780=ORIENTED_EDGE('',*,*,#779,.T.);
#782=ORIENTED_EDGE('',*,*,#781,.T.);
#784=ORIENTED_EDGE('',*,*,#783,.T.);
#786=ORIENTED_EDGE('',*,*,#785,.T.);
#788=ORIENTED_EDGE('',*,*,#787,.T.);
#790=ORIENTED_EDGE('',*,*,#789,.T.);
#792=ORIENTED_EDGE('',*,*,#791,.T.);
#794=ORIENTED_EDGE('',*,*,#793,.T.);
#796=ORIENTED_EDGE('',*,*,#795,.T.);
#798=ORIENTED_EDGE('',*,*,#797,.T.);
#800=ORIENTED_EDGE('',*,*,#799,.T.);
#802=ORIENTED_EDGE('',*,*,#801,.T.);
#804=ORIENTED_EDGE('',*,*,#803,.T.);
#805=EDGE_LOOP('',(#771,#773,#775,#776,#778,#780,#782,#784,#786,#788,#790,#792,
#794,#796,#798,#800,#802,#804));
#806=FACE_OUTER_BOUND('',#805,.F.);
#807=ADVANCED_FACE('',(#806),#769,.T.);
#808=CARTESIAN_POINT('',(-2.77E0,-3.E-1,2.1E0));
#809=DIRECTION('',(0.E0,-1.E0,0.E0));
#810=DIRECTION('',(0.E0,0.E0,-1.E0));
#811=AXIS2_PLACEMENT_3D('',#808,#809,#810);
#812=PLANE('',#811);
#814=ORIENTED_EDGE('',*,*,#813,.F.);
#815=ORIENTED_EDGE('',*,*,#770,.F.);
#817=ORIENTED_EDGE('',*,*,#816,.T.);
#818=ORIENTED_EDGE('',*,*,#719,.F.);
#819=EDGE_LOOP('',(#814,#815,#817,#818));
#820=FACE_OUTER_BOUND('',#819,.F.);
#821=ADVANCED_FACE('',(#820),#812,.T.);
#822=CARTESIAN_POINT('',(-2.27E0,-4.35E0,2.25E0));
#823=DIRECTION('',(0.E0,0.E0,-1.E0));
#824=DIRECTION('',(0.E0,1.E0,0.E0));
#825=AXIS2_PLACEMENT_3D('',#822,#823,#824);
#826=PLANE('',#825);
#827=ORIENTED_EDGE('',*,*,#813,.T.);
#828=ORIENTED_EDGE('',*,*,#717,.T.);
#830=ORIENTED_EDGE('',*,*,#829,.F.);
#831=ORIENTED_EDGE('',*,*,#772,.F.);
#832=EDGE_LOOP('',(#827,#828,#830,#831));
#833=FACE_OUTER_BOUND('',#832,.F.);
#834=ADVANCED_FACE('',(#833),#826,.T.);
#835=CARTESIAN_POINT('',(-2.27E0,-4.35E0,2.6E0));
#836=DIRECTION('',(1.E0,0.E0,0.E0));
#837=DIRECTION('',(0.E0,0.E0,-1.E0));
#838=AXIS2_PLACEMENT_3D('',#835,#836,#837);
#839=CYLINDRICAL_SURFACE('',#838,3.5E-1);
#840=ORIENTED_EDGE('',*,*,#774,.F.);
#841=ORIENTED_EDGE('',*,*,#829,.T.);
#842=ORIENTED_EDGE('',*,*,#715,.F.);
#843=ORIENTED_EDGE('',*,*,#759,.T.);
#844=EDGE_LOOP('',(#840,#841,#842,#843));
#845=FACE_OUTER_BOUND('',#844,.F.);
#846=ADVANCED_FACE('',(#845),#839,.T.);
#847=CARTESIAN_POINT('',(-2.77E0,-3.E-1,1.240525588833E0));
#848=DIRECTION('',(0.E0,-5.E-1,-8.660254037844E-1));
#849=DIRECTION('',(0.E0,8.660254037844E-1,-5.E-1));
#850=AXIS2_PLACEMENT_3D('',#847,#848,#849);
#851=PLANE('',#850);
#852=ORIENTED_EDGE('',*,*,#721,.F.);
#853=ORIENTED_EDGE('',*,*,#816,.F.);
#854=ORIENTED_EDGE('',*,*,#803,.F.);
#856=ORIENTED_EDGE('',*,*,#855,.T.);
#857=EDGE_LOOP('',(#852,#853,#854,#856));
#858=FACE_OUTER_BOUND('',#857,.F.);
#859=ADVANCED_FACE('',(#858),#851,.T.);
#860=CARTESIAN_POINT('',(-2.77E0,-3.E-1,2.959474411167E0));
#861=DIRECTION('',(0.E0,5.E-1,-8.660254037844E-1));
#862=DIRECTION('',(0.E0,8.660254037844E-1,5.E-1));
#863=AXIS2_PLACEMENT_3D('',#860,#861,#862);
#864=PLANE('',#863);
#865=ORIENTED_EDGE('',*,*,#745,.F.);
#867=ORIENTED_EDGE('',*,*,#866,.T.);
#868=ORIENTED_EDGE('',*,*,#779,.F.);
#870=ORIENTED_EDGE('',*,*,#869,.T.);
#871=EDGE_LOOP('',(#865,#867,#868,#870));
#872=FACE_OUTER_BOUND('',#871,.F.);
#873=ADVANCED_FACE('',(#872),#864,.F.);
#874=OPEN_SHELL('',(#749,#764,#807,#821,#834,#846,#859,#873));
#875=DIRECTION('',(0.E0,0.E0,1.E0));
#876=VECTOR('',#875,9.474411167400E-3);
#877=CARTESIAN_POINT('',(2.3E-1,-3.E-1,-2.899474411167E0));
#878=LINE('',#877,#876);
#879=CARTESIAN_POINT('',(2.3E-1,-4.35E0,-2.54E0));
#880=DIRECTION('',(-1.E0,0.E0,0.E0));
#881=DIRECTION('',(0.E0,0.E0,-1.E0));
#882=AXIS2_PLACEMENT_3D('',#879,#880,#881);
#884=DIRECTION('',(0.E0,0.E0,1.E0));
#885=VECTOR('',#884,1.009474411167E0);
#886=CARTESIAN_POINT('',(2.3E-1,-3.E-1,-2.19E0));
#887=LINE('',#886,#885);
#888=DIRECTION('',(0.E0,8.660254037844E-1,5.E-1));
#889=VECTOR('',#888,3.810511776652E-1);
#890=CARTESIAN_POINT('',(2.3E-1,-3.E-1,-1.180525588833E0));
#891=LINE('',#890,#889);
#892=DIRECTION('',(0.E0,-5.038704496377E-14,-1.E0));
#893=VECTOR('',#892,6.499999999999E-2);
#894=CARTESIAN_POINT('',(2.3E-1,3.E-2,-9.9E-1));
#895=LINE('',#894,#893);
#896=DIRECTION('',(0.E0,1.E0,0.E0));
#897=VECTOR('',#896,1.17E0);
#898=CARTESIAN_POINT('',(2.3E-1,3.E-2,-1.055E0));
#899=LINE('',#898,#897);
#900=DIRECTION('',(0.E0,0.E0,1.E0));
#901=VECTOR('',#900,8.05E-1);
#902=CARTESIAN_POINT('',(2.3E-1,1.2E0,-1.055E0));
#903=LINE('',#902,#901);
#904=DIRECTION('',(0.E0,1.E0,0.E0));
#905=VECTOR('',#904,1.93E0);
#906=CARTESIAN_POINT('',(2.3E-1,1.2E0,-2.5E-1));
#907=LINE('',#906,#905);
#908=DIRECTION('',(0.E0,0.E0,-1.E0));
#909=VECTOR('',#908,9.8E-1);
#910=CARTESIAN_POINT('',(2.3E-1,3.13E0,-2.5E-1));
#911=LINE('',#910,#909);
#912=DIRECTION('',(0.E0,-1.E0,0.E0));
#913=VECTOR('',#912,1.08E0);
#914=CARTESIAN_POINT('',(2.3E-1,3.13E0,-1.23E0));
#915=LINE('',#914,#913);
#916=DIRECTION('',(0.E0,0.E0,-1.E0));
#917=VECTOR('',#916,1.62E0);
#918=CARTESIAN_POINT('',(2.3E-1,2.05E0,-1.23E0));
#919=LINE('',#918,#917);
#920=DIRECTION('',(0.E0,1.E0,0.E0));
#921=VECTOR('',#920,1.08E0);
#922=CARTESIAN_POINT('',(2.3E-1,2.05E0,-2.85E0));
#923=LINE('',#922,#921);
#924=DIRECTION('',(0.E0,0.E0,-1.E0));
#925=VECTOR('',#924,9.8E-1);
#926=CARTESIAN_POINT('',(2.3E-1,3.13E0,-2.85E0));
#927=LINE('',#926,#925);
#928=DIRECTION('',(0.E0,-1.E0,0.E0));
#929=VECTOR('',#928,1.93E0);
#930=CARTESIAN_POINT('',(2.3E-1,3.13E0,-3.83E0));
#931=LINE('',#930,#929);
#932=DIRECTION('',(0.E0,0.E0,1.E0));
#933=VECTOR('',#932,8.05E-1);
#934=CARTESIAN_POINT('',(2.3E-1,1.2E0,-3.83E0));
#935=LINE('',#934,#933);
#936=DIRECTION('',(0.E0,-1.E0,0.E0));
#937=VECTOR('',#936,1.17E0);
#938=CARTESIAN_POINT('',(2.3E-1,1.2E0,-3.025E0));
#939=LINE('',#938,#937);
#940=DIRECTION('',(0.E0,5.038704496377E-14,-1.E0));
#941=VECTOR('',#940,6.499999999999E-2);
#942=CARTESIAN_POINT('',(2.3E-1,3.E-2,-3.025E0));
#943=LINE('',#942,#941);
#944=DIRECTION('',(0.E0,-8.660254037844E-1,5.E-1));
#945=VECTOR('',#944,3.810511776652E-1);
#946=CARTESIAN_POINT('',(2.3E-1,3.E-2,-3.09E0));
#947=LINE('',#946,#945);
#948=DIRECTION('',(-1.E0,0.E0,0.E0));
#949=VECTOR('',#948,5.E-1);
#950=CARTESIAN_POINT('',(2.3E-1,-3.E-1,-2.89E0));
#951=LINE('',#950,#949);
#952=DIRECTION('',(0.E0,1.E0,0.E0));
#953=VECTOR('',#952,4.05E0);
#954=CARTESIAN_POINT('',(2.3E-1,-4.35E0,-2.89E0));
#955=LINE('',#954,#953);
#956=DIRECTION('',(0.E0,0.E0,-1.E0));
#957=VECTOR('',#956,1.009474411167E0);
#958=CARTESIAN_POINT('',(-2.7E-1,-3.E-1,-1.180525588833E0));
#959=LINE('',#958,#957);
#960=DIRECTION('',(0.E0,-1.E0,0.E0));
#961=VECTOR('',#960,4.05E0);
#962=CARTESIAN_POINT('',(-2.7E-1,-3.E-1,-2.19E0));
#963=LINE('',#962,#961);
#964=CARTESIAN_POINT('',(-2.7E-1,-4.35E0,-2.54E0));
#965=DIRECTION('',(1.E0,0.E0,0.E0));
#966=DIRECTION('',(0.E0,0.E0,1.E0));
#967=AXIS2_PLACEMENT_3D('',#964,#965,#966);
#969=DIRECTION('',(0.E0,1.E0,0.E0));
#970=VECTOR('',#969,4.05E0);
#971=CARTESIAN_POINT('',(-2.7E-1,-4.35E0,-2.89E0));
#972=LINE('',#971,#970);
#973=DIRECTION('',(0.E0,0.E0,-1.E0));
#974=VECTOR('',#973,9.474411167400E-3);
#975=CARTESIAN_POINT('',(-2.7E-1,-3.E-1,-2.89E0));
#976=LINE('',#975,#974);
#977=DIRECTION('',(0.E0,8.660254037844E-1,-5.E-1));
#978=VECTOR('',#977,3.810511776652E-1);
#979=CARTESIAN_POINT('',(-2.7E-1,-3.E-1,-2.899474411167E0));
#980=LINE('',#979,#978);
#981=DIRECTION('',(0.E0,-5.038704496377E-14,1.E0));
#982=VECTOR('',#981,6.499999999999E-2);
#983=CARTESIAN_POINT('',(-2.7E-1,3.E-2,-3.09E0));
#984=LINE('',#983,#982);
#985=DIRECTION('',(0.E0,1.E0,0.E0));
#986=VECTOR('',#985,1.17E0);
#987=CARTESIAN_POINT('',(-2.7E-1,3.E-2,-3.025E0));
#988=LINE('',#987,#986);
#989=DIRECTION('',(0.E0,0.E0,-1.E0));
#990=VECTOR('',#989,8.05E-1);
#991=CARTESIAN_POINT('',(-2.7E-1,1.2E0,-3.025E0));
#992=LINE('',#991,#990);
#993=DIRECTION('',(0.E0,1.E0,0.E0));
#994=VECTOR('',#993,1.93E0);
#995=CARTESIAN_POINT('',(-2.7E-1,1.2E0,-3.83E0));
#996=LINE('',#995,#994);
#997=DIRECTION('',(0.E0,0.E0,1.E0));
#998=VECTOR('',#997,9.8E-1);
#999=CARTESIAN_POINT('',(-2.7E-1,3.13E0,-3.83E0));
#1000=LINE('',#999,#998);
#1001=DIRECTION('',(0.E0,-1.E0,0.E0));
#1002=VECTOR('',#1001,1.08E0);
#1003=CARTESIAN_POINT('',(-2.7E-1,3.13E0,-2.85E0));
#1004=LINE('',#1003,#1002);
#1005=DIRECTION('',(0.E0,0.E0,1.E0));
#1006=VECTOR('',#1005,1.62E0);
#1007=CARTESIAN_POINT('',(-2.7E-1,2.05E0,-2.85E0));
#1008=LINE('',#1007,#1006);
#1009=DIRECTION('',(0.E0,1.E0,0.E0));
#1010=VECTOR('',#1009,1.08E0);
#1011=CARTESIAN_POINT('',(-2.7E-1,2.05E0,-1.23E0));
#1012=LINE('',#1011,#1010);
#1013=DIRECTION('',(0.E0,0.E0,1.E0));
#1014=VECTOR('',#1013,9.8E-1);
#1015=CARTESIAN_POINT('',(-2.7E-1,3.13E0,-1.23E0));
#1016=LINE('',#1015,#1014);
#1017=DIRECTION('',(0.E0,-1.E0,0.E0));
#1018=VECTOR('',#1017,1.93E0);
#1019=CARTESIAN_POINT('',(-2.7E-1,3.13E0,-2.5E-1));
#1020=LINE('',#1019,#1018);
#1021=DIRECTION('',(0.E0,0.E0,-1.E0));
#1022=VECTOR('',#1021,8.05E-1);
#1023=CARTESIAN_POINT('',(-2.7E-1,1.2E0,-2.5E-1));
#1024=LINE('',#1023,#1022);
#1025=DIRECTION('',(0.E0,-1.E0,0.E0));
#1026=VECTOR('',#1025,1.17E0);
#1027=CARTESIAN_POINT('',(-2.7E-1,1.2E0,-1.055E0));
#1028=LINE('',#1027,#1026);
#1029=DIRECTION('',(0.E0,5.038704496377E-14,1.E0));
#1030=VECTOR('',#1029,6.499999999999E-2);
#1031=CARTESIAN_POINT('',(-2.7E-1,3.E-2,-1.055E0));
#1032=LINE('',#1031,#1030);
#1033=DIRECTION('',(0.E0,-8.660254037844E-1,-5.E-1));
#1034=VECTOR('',#1033,3.810511776652E-1);
#1035=CARTESIAN_POINT('',(-2.7E-1,3.E-2,-9.9E-1));
#1036=LINE('',#1035,#1034);
#1037=DIRECTION('',(1.E0,0.E0,0.E0));
#1038=VECTOR('',#1037,5.E-1);
#1039=CARTESIAN_POINT('',(-2.7E-1,-3.E-1,-1.180525588833E0));
#1040=LINE('',#1039,#1038);
#1041=DIRECTION('',(1.E0,0.E0,0.E0));
#1042=VECTOR('',#1041,5.E-1);
#1043=CARTESIAN_POINT('',(-2.7E-1,-3.E-1,-2.19E0));
#1044=LINE('',#1043,#1042);
#1045=DIRECTION('',(0.E0,-1.E0,0.E0));
#1046=VECTOR('',#1045,4.05E0);
#1047=CARTESIAN_POINT('',(2.3E-1,-3.E-1,-2.19E0));
#1048=LINE('',#1047,#1046);
#1049=DIRECTION('',(1.E0,0.E0,0.E0));
#1050=VECTOR('',#1049,5.E-1);
#1051=CARTESIAN_POINT('',(-2.7E-1,-4.35E0,-2.19E0));
#1052=LINE('',#1051,#1050);
#1053=DIRECTION('',(-1.E0,0.E0,0.E0));
#1054=VECTOR('',#1053,5.E-1);
#1055=CARTESIAN_POINT('',(2.3E-1,-4.35E0,-2.89E0));
#1056=LINE('',#1055,#1054);
#1057=DIRECTION('',(1.E0,0.E0,0.E0));
#1058=VECTOR('',#1057,5.E-1);
#1059=CARTESIAN_POINT('',(-2.7E-1,3.E-2,-9.9E-1));
#1060=LINE('',#1059,#1058);
#1061=DIRECTION('',(-1.E0,0.E0,0.E0));
#1062=VECTOR('',#1061,5.E-1);
#1063=CARTESIAN_POINT('',(2.3E-1,3.E-2,-3.09E0));
#1064=LINE('',#1063,#1062);
#1065=DIRECTION('',(1.E0,0.E0,0.E0));
#1066=VECTOR('',#1065,5.E-1);
#1067=CARTESIAN_POINT('',(-2.7E-1,-3.E-1,-2.899474411167E0));
#1068=LINE('',#1067,#1066);
#1069=CARTESIAN_POINT('',(2.3E-1,-3.E-1,-2.899474411167E0));
#1070=CARTESIAN_POINT('',(2.3E-1,-3.E-1,-2.89E0));
#1071=VERTEX_POINT('',#1069);
#1072=VERTEX_POINT('',#1070);
#1073=CARTESIAN_POINT('',(2.3E-1,-4.35E0,-2.89E0));
#1074=VERTEX_POINT('',#1073);
#1075=CARTESIAN_POINT('',(2.3E-1,-4.35E0,-2.19E0));
#1076=VERTEX_POINT('',#1075);
#1077=CARTESIAN_POINT('',(2.3E-1,-3.E-1,-2.19E0));
#1078=VERTEX_POINT('',#1077);
#1079=CARTESIAN_POINT('',(2.3E-1,-3.E-1,-1.180525588833E0));
#1080=VERTEX_POINT('',#1079);
#1081=CARTESIAN_POINT('',(2.3E-1,3.E-2,-9.9E-1));
#1082=VERTEX_POINT('',#1081);
#1083=CARTESIAN_POINT('',(2.3E-1,3.E-2,-1.055E0));
#1084=VERTEX_POINT('',#1083);
#1085=CARTESIAN_POINT('',(2.3E-1,1.2E0,-1.055E0));
#1086=VERTEX_POINT('',#1085);
#1087=CARTESIAN_POINT('',(2.3E-1,1.2E0,-2.5E-1));
#1088=VERTEX_POINT('',#1087);
#1089=CARTESIAN_POINT('',(2.3E-1,3.13E0,-2.5E-1));
#1090=VERTEX_POINT('',#1089);
#1091=CARTESIAN_POINT('',(2.3E-1,3.13E0,-1.23E0));
#1092=VERTEX_POINT('',#1091);
#1093=CARTESIAN_POINT('',(2.3E-1,2.05E0,-1.23E0));
#1094=VERTEX_POINT('',#1093);
#1095=CARTESIAN_POINT('',(2.3E-1,2.05E0,-2.85E0));
#1096=VERTEX_POINT('',#1095);
#1097=CARTESIAN_POINT('',(2.3E-1,3.13E0,-2.85E0));
#1098=VERTEX_POINT('',#1097);
#1099=CARTESIAN_POINT('',(2.3E-1,3.13E0,-3.83E0));
#1100=VERTEX_POINT('',#1099);
#1101=CARTESIAN_POINT('',(2.3E-1,1.2E0,-3.83E0));
#1102=VERTEX_POINT('',#1101);
#1103=CARTESIAN_POINT('',(2.3E-1,1.2E0,-3.025E0));
#1104=VERTEX_POINT('',#1103);
#1105=CARTESIAN_POINT('',(2.3E-1,3.E-2,-3.025E0));
#1106=VERTEX_POINT('',#1105);
#1107=CARTESIAN_POINT('',(2.3E-1,3.E-2,-3.09E0));
#1108=VERTEX_POINT('',#1107);
#1109=CARTESIAN_POINT('',(-2.7E-1,-3.E-1,-2.89E0));
#1110=VERTEX_POINT('',#1109);
#1111=CARTESIAN_POINT('',(-2.7E-1,-3.E-1,-2.899474411167E0));
#1112=VERTEX_POINT('',#1111);
#1113=CARTESIAN_POINT('',(-2.7E-1,-3.E-1,-2.19E0));
#1114=VERTEX_POINT('',#1113);
#1115=CARTESIAN_POINT('',(-2.7E-1,-3.E-1,-1.180525588833E0));
#1116=VERTEX_POINT('',#1115);
#1117=CARTESIAN_POINT('',(-2.7E-1,-4.35E0,-2.89E0));
#1118=VERTEX_POINT('',#1117);
#1119=CARTESIAN_POINT('',(-2.7E-1,-4.35E0,-2.19E0));
#1120=VERTEX_POINT('',#1119);
#1121=CARTESIAN_POINT('',(-2.7E-1,3.E-2,-3.09E0));
#1122=VERTEX_POINT('',#1121);
#1123=CARTESIAN_POINT('',(-2.7E-1,3.E-2,-3.025E0));
#1124=VERTEX_POINT('',#1123);
#1125=CARTESIAN_POINT('',(-2.7E-1,1.2E0,-3.025E0));
#1126=VERTEX_POINT('',#1125);
#1127=CARTESIAN_POINT('',(-2.7E-1,1.2E0,-3.83E0));
#1128=VERTEX_POINT('',#1127);
#1129=CARTESIAN_POINT('',(-2.7E-1,3.13E0,-3.83E0));
#1130=VERTEX_POINT('',#1129);
#1131=CARTESIAN_POINT('',(-2.7E-1,3.13E0,-2.85E0));
#1132=VERTEX_POINT('',#1131);
#1133=CARTESIAN_POINT('',(-2.7E-1,2.05E0,-2.85E0));
#1134=VERTEX_POINT('',#1133);
#1135=CARTESIAN_POINT('',(-2.7E-1,2.05E0,-1.23E0));
#1136=VERTEX_POINT('',#1135);
#1137=CARTESIAN_POINT('',(-2.7E-1,3.13E0,-1.23E0));
#1138=VERTEX_POINT('',#1137);
#1139=CARTESIAN_POINT('',(-2.7E-1,3.13E0,-2.5E-1));
#1140=VERTEX_POINT('',#1139);
#1141=CARTESIAN_POINT('',(-2.7E-1,1.2E0,-2.5E-1));
#1142=VERTEX_POINT('',#1141);
#1143=CARTESIAN_POINT('',(-2.7E-1,1.2E0,-1.055E0));
#1144=VERTEX_POINT('',#1143);
#1145=CARTESIAN_POINT('',(-2.7E-1,3.E-2,-1.055E0));
#1146=VERTEX_POINT('',#1145);
#1147=CARTESIAN_POINT('',(-2.7E-1,3.E-2,-9.9E-1));
#1148=VERTEX_POINT('',#1147);
#1149=CARTESIAN_POINT('',(2.3E-1,1.2E0,-2.04E0));
#1150=DIRECTION('',(-1.E0,0.E0,0.E0));
#1151=DIRECTION('',(0.E0,0.E0,1.E0));
#1152=AXIS2_PLACEMENT_3D('',#1149,#1150,#1151);
#1153=PLANE('',#1152);
#1155=ORIENTED_EDGE('',*,*,#1154,.T.);
#1157=ORIENTED_EDGE('',*,*,#1156,.F.);
#1159=ORIENTED_EDGE('',*,*,#1158,.T.);
#1161=ORIENTED_EDGE('',*,*,#1160,.F.);
#1163=ORIENTED_EDGE('',*,*,#1162,.T.);
#1165=ORIENTED_EDGE('',*,*,#1164,.T.);
#1167=ORIENTED_EDGE('',*,*,#1166,.T.);
#1169=ORIENTED_EDGE('',*,*,#1168,.T.);
#1171=ORIENTED_EDGE('',*,*,#1170,.T.);
#1173=ORIENTED_EDGE('',*,*,#1172,.T.);
#1175=ORIENTED_EDGE('',*,*,#1174,.T.);
#1177=ORIENTED_EDGE('',*,*,#1176,.T.);
#1179=ORIENTED_EDGE('',*,*,#1178,.T.);
#1181=ORIENTED_EDGE('',*,*,#1180,.T.);
#1183=ORIENTED_EDGE('',*,*,#1182,.T.);
#1185=ORIENTED_EDGE('',*,*,#1184,.T.);
#1187=ORIENTED_EDGE('',*,*,#1186,.T.);
#1189=ORIENTED_EDGE('',*,*,#1188,.T.);
#1191=ORIENTED_EDGE('',*,*,#1190,.T.);
#1193=ORIENTED_EDGE('',*,*,#1192,.T.);
#1194=EDGE_LOOP('',(#1155,#1157,#1159,#1161,#1163,#1165,#1167,#1169,#1171,#1173,
#1175,#1177,#1179,#1181,#1183,#1185,#1187,#1189,#1191,#1193));
#1195=FACE_OUTER_BOUND('',#1194,.F.);
#1196=ADVANCED_FACE('',(#1195),#1153,.F.);
#1197=CARTESIAN_POINT('',(-2.7E-1,-3.E-1,-2.89E0));
#1198=DIRECTION('',(0.E0,0.E0,-1.E0));
#1199=DIRECTION('',(0.E0,-1.E0,0.E0));
#1200=AXIS2_PLACEMENT_3D('',#1197,#1198,#1199);
#1201=PLANE('',#1200);
#1203=ORIENTED_EDGE('',*,*,#1202,.T.);
#1205=ORIENTED_EDGE('',*,*,#1204,.F.);
#1207=ORIENTED_EDGE('',*,*,#1206,.F.);
#1208=ORIENTED_EDGE('',*,*,#1156,.T.);
#1209=EDGE_LOOP('',(#1203,#1205,#1207,#1208));
#1210=FACE_OUTER_BOUND('',#1209,.F.);
#1211=ADVANCED_FACE('',(#1210),#1201,.T.);
#1212=CARTESIAN_POINT('',(-2.7E-1,1.2E0,-2.04E0));
#1213=DIRECTION('',(-1.E0,0.E0,0.E0));
#1214=DIRECTION('',(0.E0,0.E0,1.E0));
#1215=AXIS2_PLACEMENT_3D('',#1212,#1213,#1214);
#1216=PLANE('',#1215);
#1218=ORIENTED_EDGE('',*,*,#1217,.T.);
#1220=ORIENTED_EDGE('',*,*,#1219,.T.);
#1222=ORIENTED_EDGE('',*,*,#1221,.T.);
#1223=ORIENTED_EDGE('',*,*,#1204,.T.);
#1225=ORIENTED_EDGE('',*,*,#1224,.T.);
#1227=ORIENTED_EDGE('',*,*,#1226,.T.);
#1229=ORIENTED_EDGE('',*,*,#1228,.T.);
#1231=ORIENTED_EDGE('',*,*,#1230,.T.);
#1233=ORIENTED_EDGE('',*,*,#1232,.T.);
#1235=ORIENTED_EDGE('',*,*,#1234,.T.);
#1237=ORIENTED_EDGE('',*,*,#1236,.T.);
#1239=ORIENTED_EDGE('',*,*,#1238,.T.);
#1241=ORIENTED_EDGE('',*,*,#1240,.T.);
#1243=ORIENTED_EDGE('',*,*,#1242,.T.);
#1245=ORIENTED_EDGE('',*,*,#1244,.T.);
#1247=ORIENTED_EDGE('',*,*,#1246,.T.);
#1249=ORIENTED_EDGE('',*,*,#1248,.T.);
#1251=ORIENTED_EDGE('',*,*,#1250,.T.);
#1253=ORIENTED_EDGE('',*,*,#1252,.T.);
#1255=ORIENTED_EDGE('',*,*,#1254,.T.);
#1256=EDGE_LOOP('',(#1218,#1220,#1222,#1223,#1225,#1227,#1229,#1231,#1233,#1235,
#1237,#1239,#1241,#1243,#1245,#1247,#1249,#1251,#1253,#1255));
#1257=FACE_OUTER_BOUND('',#1256,.F.);
#1258=ADVANCED_FACE('',(#1257),#1216,.T.);
#1259=CARTESIAN_POINT('',(2.3E-1,-3.E-1,-2.04E0));
#1260=DIRECTION('',(0.E0,-1.E0,0.E0));
#1261=DIRECTION('',(0.E0,0.E0,1.E0));
#1262=AXIS2_PLACEMENT_3D('',#1259,#1260,#1261);
#1263=PLANE('',#1262);
#1265=ORIENTED_EDGE('',*,*,#1264,.F.);
#1266=ORIENTED_EDGE('',*,*,#1217,.F.);
#1268=ORIENTED_EDGE('',*,*,#1267,.T.);
#1269=ORIENTED_EDGE('',*,*,#1162,.F.);
#1270=EDGE_LOOP('',(#1265,#1266,#1268,#1269));
#1271=FACE_OUTER_BOUND('',#1270,.F.);
#1272=ADVANCED_FACE('',(#1271),#1263,.T.);
#1273=CARTESIAN_POINT('',(-2.7E-1,-4.35E0,-2.19E0));
#1274=DIRECTION('',(0.E0,0.E0,1.E0));
#1275=DIRECTION('',(0.E0,1.E0,0.E0));
#1276=AXIS2_PLACEMENT_3D('',#1273,#1274,#1275);
#1277=PLANE('',#1276);
#1278=ORIENTED_EDGE('',*,*,#1264,.T.);
#1279=ORIENTED_EDGE('',*,*,#1160,.T.);
#1281=ORIENTED_EDGE('',*,*,#1280,.F.);
#1282=ORIENTED_EDGE('',*,*,#1219,.F.);
#1283=EDGE_LOOP('',(#1278,#1279,#1281,#1282));
#1284=FACE_OUTER_BOUND('',#1283,.F.);
#1285=ADVANCED_FACE('',(#1284),#1277,.T.);
#1286=CARTESIAN_POINT('',(-2.7E-1,-4.35E0,-2.54E0));
#1287=DIRECTION('',(-1.E0,0.E0,0.E0));
#1288=DIRECTION('',(0.E0,0.E0,1.E0));
#1289=AXIS2_PLACEMENT_3D('',#1286,#1287,#1288);
#1290=CYLINDRICAL_SURFACE('',#1289,3.5E-1);
#1291=ORIENTED_EDGE('',*,*,#1221,.F.);
#1292=ORIENTED_EDGE('',*,*,#1280,.T.);
#1293=ORIENTED_EDGE('',*,*,#1158,.F.);
#1294=ORIENTED_EDGE('',*,*,#1206,.T.);
#1295=EDGE_LOOP('',(#1291,#1292,#1293,#1294));
#1296=FACE_OUTER_BOUND('',#1295,.F.);
#1297=ADVANCED_FACE('',(#1296),#1290,.T.);
#1298=CARTESIAN_POINT('',(2.3E-1,-3.E-1,-1.180525588833E0));
#1299=DIRECTION('',(0.E0,-5.E-1,8.660254037844E-1));
#1300=DIRECTION('',(0.E0,8.660254037844E-1,5.E-1));
#1301=AXIS2_PLACEMENT_3D('',#1298,#1299,#1300);
#1302=PLANE('',#1301);
#1303=ORIENTED_EDGE('',*,*,#1164,.F.);
#1304=ORIENTED_EDGE('',*,*,#1267,.F.);
#1305=ORIENTED_EDGE('',*,*,#1254,.F.);
#1307=ORIENTED_EDGE('',*,*,#1306,.T.);
#1308=EDGE_LOOP('',(#1303,#1304,#1305,#1307));
#1309=FACE_OUTER_BOUND('',#1308,.F.);
#1310=ADVANCED_FACE('',(#1309),#1302,.T.);
#1311=CARTESIAN_POINT('',(2.3E-1,-3.E-1,-2.899474411167E0));
#1312=DIRECTION('',(0.E0,5.E-1,8.660254037844E-1));
#1313=DIRECTION('',(0.E0,8.660254037844E-1,-5.E-1));
#1314=AXIS2_PLACEMENT_3D('',#1311,#1312,#1313);
#1315=PLANE('',#1314);
#1316=ORIENTED_EDGE('',*,*,#1192,.F.);
#1318=ORIENTED_EDGE('',*,*,#1317,.T.);
#1319=ORIENTED_EDGE('',*,*,#1226,.F.);
#1321=ORIENTED_EDGE('',*,*,#1320,.T.);
#1322=EDGE_LOOP('',(#1316,#1318,#1319,#1321));
#1323=FACE_OUTER_BOUND('',#1322,.F.);
#1324=ADVANCED_FACE('',(#1323),#1315,.F.);
#1325=OPEN_SHELL('',(#1196,#1211,#1258,#1272,#1285,#1297,#1310,#1324));
#1326=DIRECTION('',(0.E0,-1.E0,0.E0));
#1327=VECTOR('',#1326,1.E0);
#1328=CARTESIAN_POINT('',(-4.035E0,-1.2E-1,-3.9E0));
#1329=LINE('',#1328,#1327);
#1330=DIRECTION('',(0.E0,1.E0,0.E0));
#1331=VECTOR('',#1330,7.E-1);
#1332=CARTESIAN_POINT('',(-4.035E0,-1.12E0,-4.5E0));
#1333=LINE('',#1332,#1331);
#1334=DIRECTION('',(0.E0,0.E0,1.E0));
#1335=VECTOR('',#1334,2.5E-1);
#1336=CARTESIAN_POINT('',(-4.035E0,-4.2E-1,-4.5E0));
#1337=LINE('',#1336,#1335);
#1338=DIRECTION('',(0.E0,1.E0,0.E0));
#1339=VECTOR('',#1338,1.E0);
#1340=CARTESIAN_POINT('',(-4.035E0,-1.12E0,3.9E0));
#1341=LINE('',#1340,#1339);
#1342=DIRECTION('',(0.E0,0.E0,-1.E0));
#1343=VECTOR('',#1342,7.8E0);
#1344=CARTESIAN_POINT('',(-3.735E0,-4.2E-1,3.9E0));
#1345=LINE('',#1344,#1343);
#1346=DIRECTION('',(0.E0,0.E0,1.E0));
#1347=VECTOR('',#1346,7.8E0);
#1348=CARTESIAN_POINT('',(-4.035E0,-1.2E-1,-3.9E0));
#1349=LINE('',#1348,#1347);
#1350=CARTESIAN_POINT('',(-3.735E0,-4.2E-1,4.25E0));
#1351=DIRECTION('',(0.E0,1.E0,0.E0));
#1352=DIRECTION('',(-5.527707983925E-1,0.E0,8.333333333334E-1));
#1353=AXIS2_PLACEMENT_3D('',#1350,#1351,#1352);
#1355=CARTESIAN_POINT('',(3.765E0,-4.2E-1,4.25E0));
#1356=DIRECTION('',(0.E0,1.E0,0.E0));
#1357=DIRECTION('',(0.E0,0.E0,1.E0));
#1358=AXIS2_PLACEMENT_3D('',#1355,#1356,#1357);
#1360=DIRECTION('',(0.E0,0.E0,1.E0));
#1361=VECTOR('',#1360,6.E-1);
#1362=CARTESIAN_POINT('',(-2.878622346625E0,-4.200000000001E-1,3.9E0));
#1363=LINE('',#1362,#1361);
#1364=DIRECTION('',(-1.E0,7.217147150574E-14,-1.390210436830E-14));
#1365=VECTOR('',#1364,1.022208892893E0);
#1366=CARTESIAN_POINT('',(-2.878622346625E0,-4.200000000001E-1,4.5E0));
#1367=LINE('',#1366,#1365);
#1368=CARTESIAN_POINT('',(-3.735E0,-4.2E-1,-4.25E0));
#1369=DIRECTION('',(0.E0,1.E0,0.E0));
#1370=DIRECTION('',(0.E0,0.E0,-1.E0));
#1371=AXIS2_PLACEMENT_3D('',#1368,#1369,#1370);
#1373=DIRECTION('',(0.E0,0.E0,-1.E0));
#1374=VECTOR('',#1373,6.E-1);
#1375=CARTESIAN_POINT('',(2.908622346625E0,-4.200000000001E-1,-3.9E0));
#1376=LINE('',#1375,#1374);
#1377=DIRECTION('',(1.E0,7.217147150574E-14,1.390210436830E-14));
#1378=VECTOR('',#1377,1.022208892893E0);
#1379=CARTESIAN_POINT('',(2.908622346625E0,-4.200000000001E-1,-4.5E0));
#1380=LINE('',#1379,#1378);
#1381=CARTESIAN_POINT('',(3.765E0,-4.2E-1,-4.25E0));
#1382=DIRECTION('',(0.E0,1.E0,0.E0));
#1383=DIRECTION('',(5.527707983925E-1,0.E0,-8.333333333334E-1));
#1384=AXIS2_PLACEMENT_3D('',#1381,#1382,#1383);
#1386=DIRECTION('',(-1.E0,0.E0,0.E0));
#1387=VECTOR('',#1386,7.5E0);
#1388=CARTESIAN_POINT('',(3.765E0,-4.2E-1,-4.55E0));
#1389=LINE('',#1388,#1387);
#1390=DIRECTION('',(1.E0,0.E0,0.E0));
#1391=VECTOR('',#1390,1.35E-1);
#1392=CARTESIAN_POINT('',(3.63E0,-4.2E-1,3.9E0));
#1393=LINE('',#1392,#1391);
#1394=DIRECTION('',(-1.E0,0.E0,0.E0));
#1395=VECTOR('',#1394,1.35E-1);
#1396=CARTESIAN_POINT('',(-3.6E0,-4.2E-1,-3.9E0));
#1397=LINE('',#1396,#1395);
#1398=DIRECTION('',(0.E0,1.E0,0.E0));
#1399=VECTOR('',#1398,6.85E0);
#1400=CARTESIAN_POINT('',(-4.035E0,-4.2E-1,4.25E0));
#1401=LINE('',#1400,#1399);
#1402=DIRECTION('',(0.E0,-1.E0,0.E0));
#1403=VECTOR('',#1402,6.85E0);
#1404=CARTESIAN_POINT('',(-3.735E0,6.43E0,4.55E0));
#1405=LINE('',#1404,#1403);
#1406=DIRECTION('',(-1.E0,0.E0,1.059177610655E-13));
#1407=VECTOR('',#1406,1.341687604822E-1);
#1408=CARTESIAN_POINT('',(-3.900831239518E0,-4.2E-1,4.5E0));
#1409=LINE('',#1408,#1407);
#1410=DIRECTION('',(0.E0,0.E0,-1.E0));
#1411=VECTOR('',#1410,2.5E-1);
#1412=CARTESIAN_POINT('',(-4.035E0,-4.2E-1,4.5E0));
#1413=LINE('',#1412,#1411);
#1414=CARTESIAN_POINT('',(-3.735E0,-4.2E-1,4.25E0));
#1415=DIRECTION('',(0.E0,1.E0,0.E0));
#1416=DIRECTION('',(-1.E0,0.E0,0.E0));
#1417=AXIS2_PLACEMENT_3D('',#1414,#1415,#1416);
#1419=DIRECTION('',(-5.735764363510E-1,-8.191520442890E-1,0.E0));
#1420=VECTOR('',#1419,1.064604473595E0);
#1421=CARTESIAN_POINT('',(-2.878622346625E0,-4.200000000001E-1,4.5E0));
#1422=LINE('',#1421,#1420);
#1423=CARTESIAN_POINT('',(-3.735E0,-1.12E0,4.5E0));
#1424=DIRECTION('',(0.E0,0.E0,-1.E0));
#1425=DIRECTION('',(8.191520442926E-1,-5.735764363459E-1,0.E0));
#1426=AXIS2_PLACEMENT_3D('',#1423,#1424,#1425);
#1428=DIRECTION('',(0.E0,1.E0,0.E0));
#1429=VECTOR('',#1428,7.E-1);
#1430=CARTESIAN_POINT('',(-4.035E0,-1.12E0,4.5E0));
#1431=LINE('',#1430,#1429);
#1432=CARTESIAN_POINT('',(3.765E0,-1.2E-1,3.9E0));
#1433=DIRECTION('',(0.E0,0.E0,-1.E0));
#1434=DIRECTION('',(1.E0,0.E0,0.E0));
#1435=AXIS2_PLACEMENT_3D('',#1432,#1433,#1434);
#1437=DIRECTION('',(-1.E0,0.E0,0.E0));
#1438=VECTOR('',#1437,8.15E-1);
#1439=CARTESIAN_POINT('',(3.63E0,3.1E0,3.9E0));
#1440=LINE('',#1439,#1438);
#1441=DIRECTION('',(1.E0,-7.879990477279E-13,0.E0));
#1442=VECTOR('',#1441,9.362234662474E-2);
#1443=CARTESIAN_POINT('',(2.815E0,-4.2E-1,3.9E0));
#1444=LINE('',#1443,#1442);
#1445=DIRECTION('',(5.735764363510E-1,-8.191520442890E-1,0.E0));
#1446=VECTOR('',#1445,1.064604473595E0);
#1447=CARTESIAN_POINT('',(2.908622346625E0,-4.200000000001E-1,3.9E0));
#1448=LINE('',#1447,#1446);
#1449=CARTESIAN_POINT('',(3.765E0,-1.12E0,3.9E0));
#1450=DIRECTION('',(0.E0,0.E0,1.E0));
#1451=DIRECTION('',(-8.191520442926E-1,-5.735764363459E-1,0.E0));
#1452=AXIS2_PLACEMENT_3D('',#1449,#1450,#1451);
#1454=DIRECTION('',(-1.E0,0.E0,0.E0));
#1455=VECTOR('',#1454,1.35E-1);
#1456=CARTESIAN_POINT('',(-3.6E0,-4.2E-1,3.9E0));
#1457=LINE('',#1456,#1455);
#1458=CARTESIAN_POINT('',(-3.735E0,-1.2E-1,3.9E0));
#1459=DIRECTION('',(0.E0,0.E0,-1.E0));
#1460=DIRECTION('',(0.E0,-1.E0,0.E0));
#1461=AXIS2_PLACEMENT_3D('',#1458,#1459,#1460);
#1463=CARTESIAN_POINT('',(-3.735E0,-1.12E0,3.9E0));
#1464=DIRECTION('',(0.E0,0.E0,1.E0));
#1465=DIRECTION('',(-1.E0,0.E0,0.E0));
#1466=AXIS2_PLACEMENT_3D('',#1463,#1464,#1465);
#1468=DIRECTION('',(5.735764363510E-1,8.191520442890E-1,0.E0));
#1469=VECTOR('',#1468,1.064604473595E0);
#1470=CARTESIAN_POINT('',(-3.489254386713E0,-1.292072930905E0,3.9E0));
#1471=LINE('',#1470,#1469);
#1472=DIRECTION('',(1.E0,7.879990477279E-13,0.E0));
#1473=VECTOR('',#1472,9.362234662474E-2);
#1474=CARTESIAN_POINT('',(-2.878622346625E0,-4.200000000001E-1,3.9E0));
#1475=LINE('',#1474,#1473);
#1476=DIRECTION('',(0.E0,1.E0,0.E0));
#1477=VECTOR('',#1476,3.52E0);
#1478=CARTESIAN_POINT('',(-2.785E0,-4.2E-1,3.9E0));
#1479=LINE('',#1478,#1477);
#1480=DIRECTION('',(-1.E0,0.E0,0.E0));
#1481=VECTOR('',#1480,8.15E-1);
#1482=CARTESIAN_POINT('',(-2.785E0,3.1E0,3.9E0));
#1483=LINE('',#1482,#1481);
#1484=DIRECTION('',(0.E0,-1.E0,0.E0));
#1485=VECTOR('',#1484,3.52E0);
#1486=CARTESIAN_POINT('',(-3.6E0,3.1E0,3.9E0));
#1487=LINE('',#1486,#1485);
#1488=DIRECTION('',(0.E0,-1.E0,0.E0));
#1489=VECTOR('',#1488,1.E0);
#1490=CARTESIAN_POINT('',(4.065E0,-1.2E-1,3.9E0));
#1491=LINE('',#1490,#1489);
#1492=DIRECTION('',(0.E0,1.E0,0.E0));
#1493=VECTOR('',#1492,7.E-1);
#1494=CARTESIAN_POINT('',(4.065E0,-1.12E0,4.5E0));
#1495=LINE('',#1494,#1493);
#1496=DIRECTION('',(0.E0,0.E0,-1.E0));
#1497=VECTOR('',#1496,2.5E-1);
#1498=CARTESIAN_POINT('',(4.065E0,-4.2E-1,4.5E0));
#1499=LINE('',#1498,#1497);
#1500=DIRECTION('',(0.E0,1.E0,0.E0));
#1501=VECTOR('',#1500,1.E0);
#1502=CARTESIAN_POINT('',(4.065E0,-1.12E0,-3.9E0));
#1503=LINE('',#1502,#1501);
#1504=DIRECTION('',(0.E0,0.E0,1.E0));
#1505=VECTOR('',#1504,7.8E0);
#1506=CARTESIAN_POINT('',(3.765E0,-4.2E-1,-3.9E0));
#1507=LINE('',#1506,#1505);
#1508=DIRECTION('',(0.E0,0.E0,-1.E0));
#1509=VECTOR('',#1508,7.8E0);
#1510=CARTESIAN_POINT('',(4.065E0,-1.2E-1,3.9E0));
#1511=LINE('',#1510,#1509);
#1512=DIRECTION('',(1.E0,0.E0,0.E0));
#1513=VECTOR('',#1512,1.35E-1);
#1514=CARTESIAN_POINT('',(3.63E0,-4.2E-1,-3.9E0));
#1515=LINE('',#1514,#1513);
#1516=CARTESIAN_POINT('',(3.765E0,-1.2E-1,-3.9E0));
#1517=DIRECTION('',(0.E0,0.E0,1.E0));
#1518=DIRECTION('',(0.E0,-1.E0,0.E0));
#1519=AXIS2_PLACEMENT_3D('',#1516,#1517,#1518);
#1521=CARTESIAN_POINT('',(3.765E0,-1.12E0,-3.9E0));
#1522=DIRECTION('',(0.E0,0.E0,-1.E0));
#1523=DIRECTION('',(1.E0,0.E0,0.E0));
#1524=AXIS2_PLACEMENT_3D('',#1521,#1522,#1523);
#1526=DIRECTION('',(-5.735764363510E-1,8.191520442890E-1,0.E0));
#1527=VECTOR('',#1526,1.064604473595E0);
#1528=CARTESIAN_POINT('',(3.519254386713E0,-1.292072930905E0,-3.9E0));
#1529=LINE('',#1528,#1527);
#1530=DIRECTION('',(-1.E0,7.879990477279E-13,0.E0));
#1531=VECTOR('',#1530,9.362234662474E-2);
#1532=CARTESIAN_POINT('',(2.908622346625E0,-4.200000000001E-1,-3.9E0));
#1533=LINE('',#1532,#1531);
#1534=DIRECTION('',(0.E0,1.E0,0.E0));
#1535=VECTOR('',#1534,3.52E0);
#1536=CARTESIAN_POINT('',(2.815E0,-4.2E-1,-3.9E0));
#1537=LINE('',#1536,#1535);
#1538=DIRECTION('',(1.E0,0.E0,0.E0));
#1539=VECTOR('',#1538,8.15E-1);
#1540=CARTESIAN_POINT('',(2.815E0,3.1E0,-3.9E0));
#1541=LINE('',#1540,#1539);
#1542=DIRECTION('',(0.E0,-1.E0,0.E0));
#1543=VECTOR('',#1542,3.52E0);
#1544=CARTESIAN_POINT('',(3.63E0,3.1E0,-3.9E0));
#1545=LINE('',#1544,#1543);
#1546=CARTESIAN_POINT('',(-3.735E0,-1.2E-1,-3.9E0));
#1547=DIRECTION('',(0.E0,0.E0,1.E0));
#1548=DIRECTION('',(-1.E0,0.E0,0.E0));
#1549=AXIS2_PLACEMENT_3D('',#1546,#1547,#1548);
#1551=DIRECTION('',(1.E0,0.E0,0.E0));
#1552=VECTOR('',#1551,8.15E-1);
#1553=CARTESIAN_POINT('',(-3.6E0,3.1E0,-3.9E0));
#1554=LINE('',#1553,#1552);
#1555=DIRECTION('',(-1.E0,-7.879990477279E-13,0.E0));
#1556=VECTOR('',#1555,9.362234662474E-2);
#1557=CARTESIAN_POINT('',(-2.785E0,-4.2E-1,-3.9E0));
#1558=LINE('',#1557,#1556);
#1559=DIRECTION('',(-5.735764363510E-1,-8.191520442890E-1,0.E0));
#1560=VECTOR('',#1559,1.064604473595E0);
#1561=CARTESIAN_POINT('',(-2.878622346625E0,-4.200000000001E-1,-3.9E0));
#1562=LINE('',#1561,#1560);
#1563=CARTESIAN_POINT('',(-3.735E0,-1.12E0,-3.9E0));
#1564=DIRECTION('',(0.E0,0.E0,-1.E0));
#1565=DIRECTION('',(8.191520442926E-1,-5.735764363459E-1,0.E0));
#1566=AXIS2_PLACEMENT_3D('',#1563,#1564,#1565);
#1568=DIRECTION('',(0.E0,0.E0,-1.E0));
#1569=VECTOR('',#1568,6.E-1);
#1570=CARTESIAN_POINT('',(4.065E0,-1.12E0,-3.9E0));
#1571=LINE('',#1570,#1569);
#1572=DIRECTION('',(0.E0,0.E0,1.E0));
#1573=VECTOR('',#1572,6.E-1);
#1574=CARTESIAN_POINT('',(3.519254386713E0,-1.292072930905E0,-4.5E0));
#1575=LINE('',#1574,#1573);
#1576=DIRECTION('',(5.735764363510E-1,-8.191520442890E-1,0.E0));
#1577=VECTOR('',#1576,1.064604473595E0);
#1578=CARTESIAN_POINT('',(2.908622346625E0,-4.200000000001E-1,-4.5E0));
#1579=LINE('',#1578,#1577);
#1580=CARTESIAN_POINT('',(3.765E0,-1.12E0,-4.5E0));
#1581=DIRECTION('',(0.E0,0.E0,1.E0));
#1582=DIRECTION('',(-8.191520442926E-1,-5.735764363459E-1,0.E0));
#1583=AXIS2_PLACEMENT_3D('',#1580,#1581,#1582);
#1585=DIRECTION('',(0.E0,1.E0,0.E0));
#1586=VECTOR('',#1585,7.E-1);
#1587=CARTESIAN_POINT('',(4.065E0,-1.12E0,-4.5E0));
#1588=LINE('',#1587,#1586);
#1589=DIRECTION('',(1.E0,0.E0,-1.059177610655E-13));
#1590=VECTOR('',#1589,1.341687604822E-1);
#1591=CARTESIAN_POINT('',(3.930831239518E0,-4.2E-1,-4.5E0));
#1592=LINE('',#1591,#1590);
#1593=DIRECTION('',(0.E0,0.E0,1.E0));
#1594=VECTOR('',#1593,2.5E-1);
#1595=CARTESIAN_POINT('',(4.065E0,-4.2E-1,-4.5E0));
#1596=LINE('',#1595,#1594);
#1597=CARTESIAN_POINT('',(3.765E0,-4.2E-1,-4.25E0));
#1598=DIRECTION('',(0.E0,1.E0,0.E0));
#1599=DIRECTION('',(1.E0,0.E0,0.E0));
#1600=AXIS2_PLACEMENT_3D('',#1597,#1598,#1599);
#1602=DIRECTION('',(0.E0,1.E0,0.E0));
#1603=VECTOR('',#1602,6.85E0);
#1604=CARTESIAN_POINT('',(4.065E0,-4.2E-1,-4.25E0));
#1605=LINE('',#1604,#1603);
#1606=DIRECTION('',(0.E0,-1.E0,0.E0));
#1607=VECTOR('',#1606,6.85E0);
#1608=CARTESIAN_POINT('',(3.765E0,6.43E0,-4.55E0));
#1609=LINE('',#1608,#1607);
#1610=CARTESIAN_POINT('',(3.765E0,6.43E0,-4.25E0));
#1611=DIRECTION('',(0.E0,0.E0,1.E0));
#1612=DIRECTION('',(1.E0,0.E0,0.E0));
#1613=AXIS2_PLACEMENT_3D('',#1610,#1611,#1612);
#1615=CARTESIAN_POINT('',(3.765E0,6.43E0,-4.25E0));
#1616=DIRECTION('',(-1.E0,0.E0,0.E0));
#1617=DIRECTION('',(0.E0,1.E0,0.E0));
#1618=AXIS2_PLACEMENT_3D('',#1615,#1616,#1617);
#1620=CARTESIAN_POINT('',(3.765E0,6.43E0,-4.25E0));
#1621=DIRECTION('',(0.E0,-1.E0,0.E0));
#1622=DIRECTION('',(0.E0,0.E0,-1.E0));
#1623=AXIS2_PLACEMENT_3D('',#1620,#1621,#1622);
#1625=DIRECTION('',(0.E0,0.E0,1.E0));
#1626=VECTOR('',#1625,8.5E0);
#1627=CARTESIAN_POINT('',(4.065E0,6.43E0,-4.25E0));
#1628=LINE('',#1627,#1626);
#1629=DIRECTION('',(0.E0,0.E0,-1.E0));
#1630=VECTOR('',#1629,8.5E0);
#1631=CARTESIAN_POINT('',(3.765E0,6.73E0,4.25E0));
#1632=LINE('',#1631,#1630);
#1633=CARTESIAN_POINT('',(3.765E0,6.43E0,4.25E0));
#1634=DIRECTION('',(-1.E0,0.E0,0.E0));
#1635=DIRECTION('',(0.E0,0.E0,1.E0));
#1636=AXIS2_PLACEMENT_3D('',#1633,#1634,#1635);
#1638=CARTESIAN_POINT('',(3.765E0,6.43E0,4.25E0));
#1639=DIRECTION('',(0.E0,0.E0,-1.E0));
#1640=DIRECTION('',(0.E0,1.E0,0.E0));
#1641=AXIS2_PLACEMENT_3D('',#1638,#1639,#1640);
#1643=CARTESIAN_POINT('',(3.765E0,6.43E0,4.25E0));
#1644=DIRECTION('',(0.E0,-1.E0,0.E0));
#1645=DIRECTION('',(1.E0,0.E0,0.E0));
#1646=AXIS2_PLACEMENT_3D('',#1643,#1644,#1645);
#1648=DIRECTION('',(1.E0,0.E0,0.E0));
#1649=VECTOR('',#1648,7.5E0);
#1650=CARTESIAN_POINT('',(-3.735E0,6.73E0,4.25E0));
#1651=LINE('',#1650,#1649);
#1652=DIRECTION('',(-1.E0,0.E0,0.E0));
#1653=VECTOR('',#1652,7.5E0);
#1654=CARTESIAN_POINT('',(3.765E0,6.43E0,4.55E0));
#1655=LINE('',#1654,#1653);
#1656=CARTESIAN_POINT('',(1.5E-2,6.73E0,0.E0));
#1657=DIRECTION('',(0.E0,-1.E0,0.E0));
#1658=DIRECTION('',(5.150787536378E-1,0.E0,-8.571428571428E-1));
#1659=AXIS2_PLACEMENT_3D('',#1656,#1657,#1658);
#1661=CARTESIAN_POINT('',(1.5E-2,6.73E0,0.E0));
#1662=DIRECTION('',(0.E0,-1.E0,0.E0));
#1663=DIRECTION('',(9.999995644445E-1,0.E0,-9.333331978288E-4));
#1664=AXIS2_PLACEMENT_3D('',#1661,#1662,#1663);
#1666=CARTESIAN_POINT('',(1.5E-2,7.03E0,0.E0));
#1667=DIRECTION('',(0.E0,1.E0,0.E0));
#1668=DIRECTION('',(5.425863986500E-1,0.E0,8.4E-1));
#1669=AXIS2_PLACEMENT_3D('',#1666,#1667,#1668);
#1671=CARTESIAN_POINT('',(1.371465970253E0,7.03E0,-2.1E0));
#1672=CARTESIAN_POINT('',(1.371465970253E0,7.004590102169E0,-2.1E0));
#1673=CARTESIAN_POINT('',(1.373381553985E0,6.953490015890E0,-2.106490060486E0));
#1674=CARTESIAN_POINT('',(1.381970706961E0,6.881016408475E0,-2.135710469417E0));
#1675=CARTESIAN_POINT('',(1.395762803285E0,6.817863823203E0,-2.183021006147E0));
#1676=CARTESIAN_POINT('',(1.413792881972E0,6.768682093032E0,-2.245618458630E0));
#1677=CARTESIAN_POINT('',(1.434791637864E0,6.737279196445E0,-2.319572758571E0));
#1678=CARTESIAN_POINT('',(1.449747184782E0,6.73E0,-2.373054542058E0));
#1679=CARTESIAN_POINT('',(1.457220510186E0,6.73E0,-2.4E0));
#1681=DIRECTION('',(-1.E0,0.E0,0.E0));
#1682=VECTOR('',#1681,2.884441020372E0);
#1683=CARTESIAN_POINT('',(1.457220510186E0,6.73E0,2.4E0));
#1684=LINE('',#1683,#1682);
#1685=DIRECTION('',(1.E0,0.E0,0.E0));
#1686=VECTOR('',#1685,2.712931940502E0);
#1687=CARTESIAN_POINT('',(-1.341465970249E0,7.03E0,2.1E0));
#1688=LINE('',#1687,#1686);
#1689=CARTESIAN_POINT('',(1.371465970253E0,7.03E0,2.1E0));
#1690=CARTESIAN_POINT('',(1.371465970253E0,7.004586483623E0,2.1E0));
#1691=CARTESIAN_POINT('',(1.373383854165E0,6.953482235312E0,2.106492102745E0));
#1692=CARTESIAN_POINT('',(1.381972477129E0,6.881014433944E0,2.135712368063E0));
#1693=CARTESIAN_POINT('',(1.395759048482E0,6.817868231703E0,2.183017728827E0));
#1694=CARTESIAN_POINT('',(1.413791071868E0,6.768689701811E0,2.245606903131E0));
#1695=CARTESIAN_POINT('',(1.434794300396E0,6.737283040653E0,2.319556714023E0));
#1696=CARTESIAN_POINT('',(1.449745511965E0,6.73E0,2.373048510630E0));
#1697=CARTESIAN_POINT('',(1.457220510186E0,6.73E0,2.4E0));
#1699=CARTESIAN_POINT('',(1.5E-2,7.03E0,0.E0));
#1700=DIRECTION('',(0.E0,1.E0,0.E0));
#1701=DIRECTION('',(-5.425863986500E-1,0.E0,-8.4E-1));
#1702=AXIS2_PLACEMENT_3D('',#1699,#1700,#1701);
#1704=CARTESIAN_POINT('',(-1.341465970249E0,7.03E0,2.1E0));
#1705=CARTESIAN_POINT('',(-1.341465970249E0,7.004590102169E0,2.1E0));
#1706=CARTESIAN_POINT('',(-1.343381553987E0,6.953490015890E0,2.106490060486E0));
#1707=CARTESIAN_POINT('',(-1.351970706960E0,6.881016408475E0,2.135710469417E0));
#1708=CARTESIAN_POINT('',(-1.365762803285E0,6.817863823203E0,2.183021006147E0));
#1709=CARTESIAN_POINT('',(-1.383792881972E0,6.768682093032E0,2.245618458630E0));
#1710=CARTESIAN_POINT('',(-1.404791637864E0,6.737279196445E0,2.319572758571E0));
#1711=CARTESIAN_POINT('',(-1.419747184782E0,6.73E0,2.373054542058E0));
#1712=CARTESIAN_POINT('',(-1.427220510186E0,6.73E0,2.4E0));
#1714=CARTESIAN_POINT('',(1.5E-2,6.73E0,0.E0));
#1715=DIRECTION('',(0.E0,-1.E0,0.E0));
#1716=DIRECTION('',(-5.150787536378E-1,0.E0,8.571428571428E-1));
#1717=AXIS2_PLACEMENT_3D('',#1714,#1715,#1716);
#1719=CARTESIAN_POINT('',(1.5E-2,6.73E0,0.E0));
#1720=DIRECTION('',(0.E0,-1.E0,0.E0));
#1721=DIRECTION('',(-9.999995644445E-1,0.E0,9.333331978277E-4));
#1722=AXIS2_PLACEMENT_3D('',#1719,#1720,#1721);
#1724=DIRECTION('',(2.676324262233E-8,-1.E0,-9.470409139976E-9));
#1725=VECTOR('',#1724,1.699998339414E0);
#1726=CARTESIAN_POINT('',(-1.341466015746E0,8.729998339414E0,2.100000016100E0));
#1727=LINE('',#1726,#1725);
#1728=DIRECTION('',(-2.675020624022E-8,1.E0,-9.478893342001E-9));
#1729=VECTOR('',#1728,1.699998339414E0);
#1730=CARTESIAN_POINT('',(-1.341465970249E0,7.03E0,-2.1E0));
#1731=LINE('',#1730,#1729);
#1732=CARTESIAN_POINT('',(1.5E-2,8.729996888815E0,0.E0));
#1733=DIRECTION('',(0.E0,-1.E0,0.E0));
#1734=DIRECTION('',(-5.425863986500E-1,0.E0,8.4E-1));
#1735=AXIS2_PLACEMENT_3D('',#1732,#1733,#1734);
#1737=CARTESIAN_POINT('',(1.5E-2,8.729996888815E0,0.E0));
#1738=DIRECTION('',(0.E0,-1.E0,0.E0));
#1739=DIRECTION('',(-1.E0,0.E0,0.E0));
#1740=AXIS2_PLACEMENT_3D('',#1737,#1738,#1739);
#1742=CARTESIAN_POINT('',(-1.341466015724E0,8.729998339414E0,
-2.100000016114E0));
#1743=CARTESIAN_POINT('',(-1.334796884026E0,8.752614642287E0,
-2.077383713242E0));
#1744=CARTESIAN_POINT('',(-1.321433294648E0,8.797586182559E0,
-2.032414358933E0));
#1745=CARTESIAN_POINT('',(-1.301320746677E0,8.864252131493E0,
-1.965748439993E0));
#1746=CARTESIAN_POINT('',(-1.287884841230E0,8.908170819947E0,
-1.921827485593E0));
#1747=CARTESIAN_POINT('',(-1.281148723462E0,8.929998471639E0,
-1.899999833901E0));
#1749=CARTESIAN_POINT('',(1.5E-2,8.929997137710E0,0.E0));
#1750=DIRECTION('',(0.E0,1.E0,0.E0));
#1751=DIRECTION('',(-5.635426694269E-1,0.E0,-8.260869565216E-1));
#1752=AXIS2_PLACEMENT_3D('',#1749,#1750,#1751);
#1754=CARTESIAN_POINT('',(1.5E-2,8.929997137710E0,0.E0));
#1755=DIRECTION('',(0.E0,1.E0,0.E0));
#1756=DIRECTION('',(-1.E0,0.E0,0.E0));
#1757=AXIS2_PLACEMENT_3D('',#1754,#1755,#1756);
#1759=DIRECTION('',(1.E0,1.008541550023E-10,9.636142451293E-12));
#1760=VECTOR('',#1759,2.712932031503E0);
#1761=CARTESIAN_POINT('',(-1.341466015724E0,8.729998339414E0,
-2.100000016114E0));
#1762=LINE('',#1761,#1760);
#1763=CARTESIAN_POINT('',(1.371466015779E0,8.729998339688E0,-2.100000016088E0));
#1764=CARTESIAN_POINT('',(1.364906761273E0,8.752242027927E0,-2.077756327849E0));
#1765=CARTESIAN_POINT('',(1.351693298076E0,8.796717284413E0,-2.033283256995E0));
#1766=CARTESIAN_POINT('',(1.331584224446E0,8.863383782047E0,-1.966616789363E0));
#1767=CARTESIAN_POINT('',(1.317999601021E0,8.907798953817E0,-1.922199351954E0));
#1768=CARTESIAN_POINT('',(1.311148723499E0,8.929998471891E0,-1.899999833880E0));
#1770=DIRECTION('',(-1.E0,0.E0,0.E0));
#1771=VECTOR('',#1770,2.712931940502E0);
#1772=CARTESIAN_POINT('',(1.371465970253E0,7.03E0,-2.1E0));
#1773=LINE('',#1772,#1771);
#1774=CARTESIAN_POINT('',(-1.341465970249E0,7.03E0,-2.1E0));
#1775=CARTESIAN_POINT('',(-1.341465970249E0,7.004586483623E0,-2.1E0));
#1776=CARTESIAN_POINT('',(-1.343383854167E0,6.953482235312E0,
-2.106492102745E0));
#1777=CARTESIAN_POINT('',(-1.351972477129E0,6.881014433944E0,
-2.135712368063E0));
#1778=CARTESIAN_POINT('',(-1.365759048482E0,6.817868231703E0,
-2.183017728827E0));
#1779=CARTESIAN_POINT('',(-1.383791071868E0,6.768689701811E0,
-2.245606903131E0));
#1780=CARTESIAN_POINT('',(-1.404794300396E0,6.737283040653E0,
-2.319556714023E0));
#1781=CARTESIAN_POINT('',(-1.419745511965E0,6.73E0,-2.373048510630E0));
#1782=CARTESIAN_POINT('',(-1.427220510186E0,6.73E0,-2.4E0));
#1784=DIRECTION('',(1.E0,0.E0,0.E0));
#1785=VECTOR('',#1784,2.884441020372E0);
#1786=CARTESIAN_POINT('',(-1.427220510186E0,6.73E0,-2.4E0));
#1787=LINE('',#1786,#1785);
#1788=DIRECTION('',(-2.678013983711E-8,-1.E0,9.463515299807E-9));
#1789=VECTOR('',#1788,1.699998339688E0);
#1790=CARTESIAN_POINT('',(1.371466015779E0,8.729998339688E0,-2.100000016088E0));
#1791=LINE('',#1790,#1789);
#1792=DIRECTION('',(2.677598537850E-8,1.E0,9.469668814893E-9));
#1793=VECTOR('',#1792,1.699998339688E0);
#1794=CARTESIAN_POINT('',(1.371465970253E0,7.03E0,2.1E0));
#1795=LINE('',#1794,#1793);
#1796=CARTESIAN_POINT('',(1.5E-2,8.929997138213E0,0.E0));
#1797=DIRECTION('',(0.E0,1.E0,0.E0));
#1798=DIRECTION('',(5.635426694268E-1,0.E0,8.260869565217E-1));
#1799=AXIS2_PLACEMENT_3D('',#1796,#1797,#1798);
#1801=CARTESIAN_POINT('',(1.5E-2,8.929997138213E0,0.E0));
#1802=DIRECTION('',(0.E0,1.E0,0.E0));
#1803=DIRECTION('',(1.E0,0.E0,0.E0));
#1804=AXIS2_PLACEMENT_3D('',#1801,#1802,#1803);
#1806=CARTESIAN_POINT('',(1.5E-2,8.729996889362E0,0.E0));
#1807=DIRECTION('',(0.E0,-1.E0,0.E0));
#1808=DIRECTION('',(5.425863986500E-1,0.E0,-8.4E-1));
#1809=AXIS2_PLACEMENT_3D('',#1806,#1807,#1808);
#1811=CARTESIAN_POINT('',(1.5E-2,8.729996889362E0,0.E0));
#1812=DIRECTION('',(0.E0,-1.E0,0.E0));
#1813=DIRECTION('',(1.E0,0.E0,0.E0));
#1814=AXIS2_PLACEMENT_3D('',#1811,#1812,#1813);
#1816=CARTESIAN_POINT('',(1.371466015772E0,8.729998339688E0,2.100000016098E0));
#1817=CARTESIAN_POINT('',(1.364796884118E0,8.752614642379E0,2.077383713407E0));
#1818=CARTESIAN_POINT('',(1.351433296027E0,8.797586182217E0,2.032414359188E0));
#1819=CARTESIAN_POINT('',(1.331320747979E0,8.864252131157E0,1.965748440247E0));
#1820=CARTESIAN_POINT('',(1.317884841302E0,8.908170820011E0,1.921827485776E0));
#1821=CARTESIAN_POINT('',(1.311148723468E0,8.929998471891E0,1.899999833897E0));
#1823=DIRECTION('',(1.244181784216E-7,-1.E0,4.563593842094E-8));
#1824=VECTOR('',#1823,3.599998350758E0);
#1825=CARTESIAN_POINT('',(1.311148275594E0,1.252999682265E1,-1.899999998169E0));
#1826=LINE('',#1825,#1824);
#1827=DIRECTION('',(-1.244310604686E-7,1.E0,4.564651120300E-8));
#1828=VECTOR('',#1827,3.599998350758E0);
#1829=CARTESIAN_POINT('',(1.311148723468E0,8.929998471891E0,1.899999833897E0));
#1830=LINE('',#1829,#1828);
#1831=CARTESIAN_POINT('',(1.5E-2,1.252999404954E1,0.E0));
#1832=DIRECTION('',(0.E0,-1.E0,0.E0));
#1833=DIRECTION('',(5.635426694268E-1,0.E0,-8.260869565217E-1));
#1834=AXIS2_PLACEMENT_3D('',#1831,#1832,#1833);
#1836=CARTESIAN_POINT('',(1.5E-2,1.252999404954E1,0.E0));
#1837=DIRECTION('',(0.E0,-1.E0,0.E0));
#1838=DIRECTION('',(1.E0,0.E0,0.E0));
#1839=AXIS2_PLACEMENT_3D('',#1836,#1837,#1838);
#1841=CARTESIAN_POINT('',(1.311148275516E0,1.252999682265E1,1.899999998224E0));
#1842=CARTESIAN_POINT('',(1.302368078510E0,1.255844833314E1,1.871548487733E0));
#1843=CARTESIAN_POINT('',(1.284761341588E0,1.261490613821E1,1.815095018630E0));
#1844=CARTESIAN_POINT('',(1.258214419528E0,1.269823604346E1,1.731764676300E0));
#1845=CARTESIAN_POINT('',(1.240462199639E0,1.275289725362E1,1.677100295721E0));
#1846=CARTESIAN_POINT('',(1.231550969857E0,1.277999997126E1,1.649997578090E0));
#1848=CARTESIAN_POINT('',(1.5E-2,1.278E1,0.E0));
#1849=DIRECTION('',(0.E0,-1.E0,0.E0));
#1850=DIRECTION('',(-5.934379955436E-1,0.E0,8.048797086803E-1));
#1851=AXIS2_PLACEMENT_3D('',#1848,#1849,#1850);
#1853=CARTESIAN_POINT('',(1.5E-2,1.278E1,0.E0));
#1854=DIRECTION('',(0.E0,-1.E0,0.E0));
#1855=DIRECTION('',(-1.E0,0.E0,0.E0));
#1856=AXIS2_PLACEMENT_3D('',#1853,#1854,#1855);
#1858=DIRECTION('',(1.E0,1.241134357227E-14,-2.623484251540E-11));
#1859=VECTOR('',#1858,2.433102112916E0);
#1860=CARTESIAN_POINT('',(-1.201551056544E0,1.277999997126E1,
-1.649997578120E0));
#1861=LINE('',#1860,#1859);
#1862=CARTESIAN_POINT('',(1.5E-2,1.278E1,0.E0));
#1863=DIRECTION('',(0.E0,-1.E0,0.E0));
#1864=DIRECTION('',(5.934380776725E-1,0.E0,-8.048796481265E-1));
#1865=AXIS2_PLACEMENT_3D('',#1862,#1863,#1864);
#1867=CARTESIAN_POINT('',(1.5E-2,1.278E1,0.E0));
#1868=DIRECTION('',(0.E0,-1.E0,0.E0));
#1869=DIRECTION('',(1.E0,0.E0,0.E0));
#1870=AXIS2_PLACEMENT_3D('',#1867,#1868,#1869);
#1872=DIRECTION('',(-1.E0,-1.241134445616E-14,4.349300136982E-11));
#1873=VECTOR('',#1872,2.433101939638E0);
#1874=CARTESIAN_POINT('',(1.231550969857E0,1.277999997126E1,1.649997578090E0));
#1875=LINE('',#1874,#1873);
#1876=DIRECTION('',(0.E0,1.E0,0.E0));
#1877=VECTOR('',#1876,3.52E0);
#1878=CARTESIAN_POINT('',(-2.785E0,-4.2E-1,-3.9E0));
#1879=LINE('',#1878,#1877);
#1880=DIRECTION('',(0.E0,0.E0,-1.E0));
#1881=VECTOR('',#1880,2.E-1);
#1882=CARTESIAN_POINT('',(-2.785E0,3.1E0,-3.9E0));
#1883=LINE('',#1882,#1881);
#1884=DIRECTION('',(0.E0,-1.E0,0.E0));
#1885=VECTOR('',#1884,3.52E0);
#1886=CARTESIAN_POINT('',(-2.785E0,3.1E0,-4.1E0));
#1887=LINE('',#1886,#1885);
#1888=DIRECTION('',(0.E0,0.E0,1.E0));
#1889=VECTOR('',#1888,2.E-1);
#1890=CARTESIAN_POINT('',(-2.785E0,-4.2E-1,-4.1E0));
#1891=LINE('',#1890,#1889);
#1892=DIRECTION('',(0.E0,0.E0,1.E0));
#1893=VECTOR('',#1892,2.E-1);
#1894=CARTESIAN_POINT('',(-2.785E0,-4.2E-1,3.9E0));
#1895=LINE('',#1894,#1893);
#1896=DIRECTION('',(0.E0,0.E0,-1.E0));
#1897=VECTOR('',#1896,2.E-1);
#1898=CARTESIAN_POINT('',(-2.785E0,3.1E0,4.1E0));
#1899=LINE('',#1898,#1897);
#1900=DIRECTION('',(-1.E0,0.E0,0.E0));
#1901=VECTOR('',#1900,5.6E0);
#1902=CARTESIAN_POINT('',(2.815E0,-4.2E-1,-4.1E0));
#1903=LINE('',#1902,#1901);
#1904=DIRECTION('',(1.E0,0.E0,0.E0));
#1905=VECTOR('',#1904,5.6E0);
#1906=CARTESIAN_POINT('',(-2.785E0,3.1E0,-4.1E0));
#1907=LINE('',#1906,#1905);
#1908=DIRECTION('',(0.E0,-1.E0,0.E0));
#1909=VECTOR('',#1908,3.52E0);
#1910=CARTESIAN_POINT('',(2.815E0,3.1E0,-4.1E0));
#1911=LINE('',#1910,#1909);
#1912=DIRECTION('',(0.E0,0.E0,-1.E0));
#1913=VECTOR('',#1912,2.E-1);
#1914=CARTESIAN_POINT('',(2.815E0,-4.2E-1,-3.9E0));
#1915=LINE('',#1914,#1913);
#1916=DIRECTION('',(0.E0,0.E0,1.E0));
#1917=VECTOR('',#1916,2.E-1);
#1918=CARTESIAN_POINT('',(2.815E0,3.1E0,-4.1E0));
#1919=LINE('',#1918,#1917);
#1920=DIRECTION('',(0.E0,1.E0,0.E0));
#1921=VECTOR('',#1920,3.52E0);
#1922=CARTESIAN_POINT('',(2.815E0,-4.2E-1,3.9E0));
#1923=LINE('',#1922,#1921);
#1924=DIRECTION('',(0.E0,0.E0,1.E0));
#1925=VECTOR('',#1924,2.E-1);
#1926=CARTESIAN_POINT('',(2.815E0,3.1E0,3.9E0));
#1927=LINE('',#1926,#1925);
#1928=DIRECTION('',(0.E0,-1.E0,0.E0));
#1929=VECTOR('',#1928,3.52E0);
#1930=CARTESIAN_POINT('',(2.815E0,3.1E0,4.1E0));
#1931=LINE('',#1930,#1929);
#1932=DIRECTION('',(0.E0,0.E0,-1.E0));
#1933=VECTOR('',#1932,2.E-1);
#1934=CARTESIAN_POINT('',(2.815E0,-4.2E-1,4.1E0));
#1935=LINE('',#1934,#1933);
#1936=DIRECTION('',(1.E0,0.E0,0.E0));
#1937=VECTOR('',#1936,5.6E0);
#1938=CARTESIAN_POINT('',(-2.785E0,-4.2E-1,4.1E0));
#1939=LINE('',#1938,#1937);
#1940=DIRECTION('',(-1.E0,0.E0,0.E0));
#1941=VECTOR('',#1940,5.6E0);
#1942=CARTESIAN_POINT('',(2.815E0,3.1E0,4.1E0));
#1943=LINE('',#1942,#1941);
#1944=DIRECTION('',(0.E0,-1.E0,0.E0));
#1945=VECTOR('',#1944,3.52E0);
#1946=CARTESIAN_POINT('',(-2.785E0,3.1E0,4.1E0));
#1947=LINE('',#1946,#1945);
#1948=DIRECTION('',(0.E0,-1.E0,0.E0));
#1949=VECTOR('',#1948,8.129529426061E-1);
#1950=CARTESIAN_POINT('',(-2.235E0,4.5E-1,4.1E0));
#1951=LINE('',#1950,#1949);
#1952=DIRECTION('',(0.E0,9.612616959383E-1,-2.756373558170E-1));
#1953=VECTOR('',#1952,7.255910557086E-1);
#1954=CARTESIAN_POINT('',(-2.235E0,-3.629529426061E-1,4.1E0));
#1955=LINE('',#1954,#1953);
#1956=DIRECTION('',(0.E0,5.E-1,8.660254037844E-1));
#1957=VECTOR('',#1956,2.309401076758E-1);
#1958=CARTESIAN_POINT('',(-2.235E0,3.345299461621E-1,3.9E0));
#1959=LINE('',#1958,#1957);
#1960=DIRECTION('',(1.E0,0.E0,0.E0));
#1961=VECTOR('',#1960,4.5E0);
#1962=CARTESIAN_POINT('',(-2.235E0,-3.629529426061E-1,4.1E0));
#1963=LINE('',#1962,#1961);
#1964=DIRECTION('',(-1.E0,0.E0,0.E0));
#1965=VECTOR('',#1964,4.5E0);
#1966=CARTESIAN_POINT('',(2.265E0,3.345299461621E-1,3.9E0));
#1967=LINE('',#1966,#1965);
#1968=DIRECTION('',(0.E0,1.E0,0.E0));
#1969=VECTOR('',#1968,8.129529426061E-1);
#1970=CARTESIAN_POINT('',(2.265E0,-3.629529426061E-1,4.1E0));
#1971=LINE('',#1970,#1969);
#1972=DIRECTION('',(0.E0,-5.E-1,-8.660254037844E-1));
#1973=VECTOR('',#1972,2.309401076758E-1);
#1974=CARTESIAN_POINT('',(2.265E0,4.5E-1,4.1E0));
#1975=LINE('',#1974,#1973);
#1976=DIRECTION('',(0.E0,-9.612616959383E-1,2.756373558170E-1));
#1977=VECTOR('',#1976,7.255910557086E-1);
#1978=CARTESIAN_POINT('',(2.265E0,3.345299461621E-1,3.9E0));
#1979=LINE('',#1978,#1977);
#1980=DIRECTION('',(-1.E0,0.E0,0.E0));
#1981=VECTOR('',#1980,4.5E0);
#1982=CARTESIAN_POINT('',(2.265E0,4.5E-1,4.1E0));
#1983=LINE('',#1982,#1981);
#1984=DIRECTION('',(0.E0,1.E0,0.E0));
#1985=VECTOR('',#1984,8.129529426061E-1);
#1986=CARTESIAN_POINT('',(-2.235E0,-3.629529426061E-1,-4.1E0));
#1987=LINE('',#1986,#1985);
#1988=DIRECTION('',(0.E0,-5.E-1,8.660254037844E-1));
#1989=VECTOR('',#1988,2.309401076758E-1);
#1990=CARTESIAN_POINT('',(-2.235E0,4.5E-1,-4.1E0));
#1991=LINE('',#1990,#1989);
#1992=DIRECTION('',(0.E0,-9.612616959383E-1,-2.756373558170E-1));
#1993=VECTOR('',#1992,7.255910557086E-1);
#1994=CARTESIAN_POINT('',(-2.235E0,3.345299461621E-1,-3.9E0));
#1995=LINE('',#1994,#1993);
#1996=DIRECTION('',(1.E0,0.E0,0.E0));
#1997=VECTOR('',#1996,4.5E0);
#1998=CARTESIAN_POINT('',(-2.235E0,4.5E-1,-4.1E0));
#1999=LINE('',#1998,#1997);
#2000=DIRECTION('',(-1.E0,0.E0,0.E0));
#2001=VECTOR('',#2000,4.5E0);
#2002=CARTESIAN_POINT('',(2.265E0,3.345299461621E-1,-3.9E0));
#2003=LINE('',#2002,#2001);
#2004=DIRECTION('',(0.E0,-1.E0,0.E0));
#2005=VECTOR('',#2004,8.129529426061E-1);
#2006=CARTESIAN_POINT('',(2.265E0,4.5E-1,-4.1E0));
#2007=LINE('',#2006,#2005);
#2008=DIRECTION('',(0.E0,9.612616959383E-1,2.756373558170E-1));
#2009=VECTOR('',#2008,7.255910557086E-1);
#2010=CARTESIAN_POINT('',(2.265E0,-3.629529426061E-1,-4.1E0));
#2011=LINE('',#2010,#2009);
#2012=DIRECTION('',(0.E0,5.E-1,-8.660254037844E-1));
#2013=VECTOR('',#2012,2.309401076758E-1);
#2014=CARTESIAN_POINT('',(2.265E0,3.345299461621E-1,-3.9E0));
#2015=LINE('',#2014,#2013);
#2016=DIRECTION('',(-1.E0,0.E0,0.E0));
#2017=VECTOR('',#2016,4.5E0);
#2018=CARTESIAN_POINT('',(2.265E0,-3.629529426061E-1,-4.1E0));
#2019=LINE('',#2018,#2017);
#2020=DIRECTION('',(0.E0,-1.E0,0.E0));
#2021=VECTOR('',#2020,3.52E0);
#2022=CARTESIAN_POINT('',(-3.6E0,3.1E0,-3.9E0));
#2023=LINE('',#2022,#2021);
#2024=DIRECTION('',(0.E0,0.E0,1.E0));
#2025=VECTOR('',#2024,7.8E0);
#2026=CARTESIAN_POINT('',(-3.6E0,-4.2E-1,-3.9E0));
#2027=LINE('',#2026,#2025);
#2028=DIRECTION('',(0.E0,0.E0,-1.E0));
#2029=VECTOR('',#2028,7.8E0);
#2030=CARTESIAN_POINT('',(-3.6E0,3.1E0,3.9E0));
#2031=LINE('',#2030,#2029);
#2032=DIRECTION('',(0.E0,1.E0,0.E0));
#2033=VECTOR('',#2032,8.129529426061E-1);
#2034=CARTESIAN_POINT('',(-3.6E0,-3.629529426061E-1,7.5E-1));
#2035=LINE('',#2034,#2033);
#2036=DIRECTION('',(8.660254037845E-1,-5.E-1,0.E0));
#2037=VECTOR('',#2036,2.309401076758E-1);
#2038=CARTESIAN_POINT('',(-3.6E0,4.5E-1,7.5E-1));
#2039=LINE('',#2038,#2037);
#2040=DIRECTION('',(-2.756373558170E-1,-9.612616959383E-1,0.E0));
#2041=VECTOR('',#2040,7.255910557087E-1);
#2042=CARTESIAN_POINT('',(-3.4E0,3.345299461621E-1,7.5E-1));
#2043=LINE('',#2042,#2041);
#2044=DIRECTION('',(0.E0,-1.E0,0.E0));
#2045=VECTOR('',#2044,8.129529426061E-1);
#2046=CARTESIAN_POINT('',(-3.6E0,4.5E-1,-7.5E-1));
#2047=LINE('',#2046,#2045);
#2048=DIRECTION('',(2.756373558170E-1,9.612616959383E-1,0.E0));
#2049=VECTOR('',#2048,7.255910557087E-1);
#2050=CARTESIAN_POINT('',(-3.6E0,-3.629529426061E-1,-7.5E-1));
#2051=LINE('',#2050,#2049);
#2052=DIRECTION('',(-8.660254037845E-1,5.E-1,0.E0));
#2053=VECTOR('',#2052,2.309401076758E-1);
#2054=CARTESIAN_POINT('',(-3.4E0,3.345299461621E-1,-7.5E-1));
#2055=LINE('',#2054,#2053);
#2056=DIRECTION('',(0.E0,0.E0,1.E0));
#2057=VECTOR('',#2056,1.5E0);
#2058=CARTESIAN_POINT('',(-3.6E0,-3.629529426061E-1,-7.5E-1));
#2059=LINE('',#2058,#2057);
#2060=DIRECTION('',(0.E0,0.E0,-1.E0));
#2061=VECTOR('',#2060,1.5E0);
#2062=CARTESIAN_POINT('',(-3.4E0,3.345299461621E-1,7.5E-1));
#2063=LINE('',#2062,#2061);
#2064=DIRECTION('',(0.E0,0.E0,1.E0));
#2065=VECTOR('',#2064,7.8E0);
#2066=CARTESIAN_POINT('',(3.63E0,3.1E0,-3.9E0));
#2067=LINE('',#2066,#2065);
#2068=DIRECTION('',(0.E0,-1.E0,0.E0));
#2069=VECTOR('',#2068,3.52E0);
#2070=CARTESIAN_POINT('',(3.63E0,3.1E0,3.9E0));
#2071=LINE('',#2070,#2069);
#2072=DIRECTION('',(0.E0,0.E0,-1.E0));
#2073=VECTOR('',#2072,7.8E0);
#2074=CARTESIAN_POINT('',(3.63E0,-4.2E-1,3.9E0));
#2075=LINE('',#2074,#2073);
#2076=DIRECTION('',(0.E0,-1.E0,0.E0));
#2077=VECTOR('',#2076,8.129529426061E-1);
#2078=CARTESIAN_POINT('',(3.63E0,4.5E-1,7.5E-1));
#2079=LINE('',#2078,#2077);
#2080=DIRECTION('',(-2.756373558170E-1,9.612616959383E-1,0.E0));
#2081=VECTOR('',#2080,7.255910557087E-1);
#2082=CARTESIAN_POINT('',(3.63E0,-3.629529426061E-1,7.5E-1));
#2083=LINE('',#2082,#2081);
#2084=DIRECTION('',(8.660254037845E-1,5.E-1,0.E0));
#2085=VECTOR('',#2084,2.309401076758E-1);
#2086=CARTESIAN_POINT('',(3.43E0,3.345299461621E-1,7.5E-1));
#2087=LINE('',#2086,#2085);
#2088=DIRECTION('',(0.E0,0.E0,-1.E0));
#2089=VECTOR('',#2088,1.5E0);
#2090=CARTESIAN_POINT('',(3.63E0,-3.629529426061E-1,7.5E-1));
#2091=LINE('',#2090,#2089);
#2092=DIRECTION('',(0.E0,0.E0,1.E0));
#2093=VECTOR('',#2092,1.5E0);
#2094=CARTESIAN_POINT('',(3.43E0,3.345299461621E-1,-7.5E-1));
#2095=LINE('',#2094,#2093);
#2096=DIRECTION('',(0.E0,1.E0,0.E0));
#2097=VECTOR('',#2096,8.129529426061E-1);
#2098=CARTESIAN_POINT('',(3.63E0,-3.629529426061E-1,-7.5E-1));
#2099=LINE('',#2098,#2097);
#2100=DIRECTION('',(-8.660254037845E-1,-5.E-1,0.E0));
#2101=VECTOR('',#2100,2.309401076758E-1);
#2102=CARTESIAN_POINT('',(3.63E0,4.5E-1,-7.5E-1));
#2103=LINE('',#2102,#2101);
#2104=DIRECTION('',(2.756373558170E-1,-9.612616959383E-1,0.E0));
#2105=VECTOR('',#2104,7.255910557087E-1);
#2106=CARTESIAN_POINT('',(3.43E0,3.345299461621E-1,-7.5E-1));
#2107=LINE('',#2106,#2105);
#2108=CARTESIAN_POINT('',(1.5E-2,1.252999404961E1,0.E0));
#2109=DIRECTION('',(0.E0,-1.E0,0.E0));
#2110=DIRECTION('',(-5.635426694269E-1,0.E0,8.260869565216E-1));
#2111=AXIS2_PLACEMENT_3D('',#2108,#2109,#2110);
#2113=CARTESIAN_POINT('',(1.5E-2,1.252999404961E1,0.E0));
#2114=DIRECTION('',(0.E0,-1.E0,0.E0));
#2115=DIRECTION('',(-1.E0,0.E0,0.E0));
#2116=AXIS2_PLACEMENT_3D('',#2113,#2114,#2115);
#2118=CARTESIAN_POINT('',(-1.281148275531E0,1.252999682268E1,
-1.899999998219E0));
#2119=CARTESIAN_POINT('',(-1.272368078530E0,1.255844833315E1,
-1.871548487754E0));
#2120=CARTESIAN_POINT('',(-1.254761353338E0,1.261490613815E1,
-1.815095018675E0));
#2121=CARTESIAN_POINT('',(-1.228214379217E0,1.269823604341E1,
-1.731764676332E0));
#2122=CARTESIAN_POINT('',(-1.210462286338E0,1.275289725359E1,
-1.677100295783E0));
#2123=CARTESIAN_POINT('',(-1.201551056544E0,1.277999997126E1,
-1.649997578120E0));
#2125=DIRECTION('',(-1.E0,1.389607231892E-11,-2.056041727369E-11));
#2126=VECTOR('',#2125,2.592296551101E0);
#2127=CARTESIAN_POINT('',(1.311148275516E0,1.252999682265E1,1.899999998224E0));
#2128=LINE('',#2127,#2126);
#2129=CARTESIAN_POINT('',(-1.281148275585E0,1.252999682269E1,1.899999998171E0));
#2130=CARTESIAN_POINT('',(-1.272563306685E0,1.255781571245E1,1.872181108407E0));
#2131=CARTESIAN_POINT('',(-1.255226049372E0,1.261343144553E1,1.816569711335E0));
#2132=CARTESIAN_POINT('',(-1.228687002200E0,1.269676266787E1,1.733238051834E0));
#2133=CARTESIAN_POINT('',(-1.210669556223E0,1.275226659667E1,1.677730952781E0));
#2134=CARTESIAN_POINT('',(-1.201550969782E0,1.277999997126E1,1.649997578196E0));
#2136=DIRECTION('',(-1.E0,-9.707032557246E-11,-3.489948807272E-12));
#2137=VECTOR('',#2136,2.592297446947E0);
#2138=CARTESIAN_POINT('',(1.311148723468E0,8.929998471891E0,1.899999833897E0));
#2139=LINE('',#2138,#2137);
#2140=DIRECTION('',(-1.E0,-1.008541550017E-10,4.639072435628E-13));
#2141=VECTOR('',#2140,2.712932031519E0);
#2142=CARTESIAN_POINT('',(1.371466015772E0,8.729998339688E0,2.100000016098E0));
#2143=LINE('',#2142,#2141);
#2144=CARTESIAN_POINT('',(-1.341466015746E0,8.729998339414E0,2.100000016100E0));
#2145=CARTESIAN_POINT('',(-1.334906761249E0,8.752242027651E0,2.077756327863E0));
#2146=CARTESIAN_POINT('',(-1.321693296854E0,8.796717284324E0,2.033283257173E0));
#2147=CARTESIAN_POINT('',(-1.301584223247E0,8.863383781945E0,1.966616789544E0));
#2148=CARTESIAN_POINT('',(-1.287999600993E0,8.907798953564E0,1.922199351963E0));
#2149=CARTESIAN_POINT('',(-1.281148723479E0,8.929998471639E0,1.899999833888E0));
#2151=DIRECTION('',(-1.244149356337E-7,-1.E0,-4.563421917447E-8));
#2152=VECTOR('',#2151,3.599998351046E0);
#2153=CARTESIAN_POINT('',(-1.281148275585E0,1.252999682269E1,1.899999998171E0));
#2154=LINE('',#2153,#2152);
#2155=DIRECTION('',(1.244255641737E-7,1.E0,-4.564415814226E-8));
#2156=VECTOR('',#2155,3.599998351046E0);
#2157=CARTESIAN_POINT('',(-1.281148723462E0,8.929998471639E0,
-1.899999833901E0));
#2158=LINE('',#2157,#2156);
#2159=DIRECTION('',(1.E0,9.707101081612E-11,8.031747490634E-12));
#2160=VECTOR('',#2159,2.592297446962E0);
#2161=CARTESIAN_POINT('',(-1.281148723462E0,8.929998471639E0,
-1.899999833901E0));
#2162=LINE('',#2161,#2160);
#2163=DIRECTION('',(1.E0,-1.389607231880E-11,1.944680937730E-11));
#2164=VECTOR('',#2163,2.592296551124E0);
#2165=CARTESIAN_POINT('',(-1.281148275531E0,1.252999682268E1,
-1.899999998219E0));
#2166=LINE('',#2165,#2164);
#2167=CARTESIAN_POINT('',(1.311148275594E0,1.252999682265E1,-1.899999998169E0));
#2168=CARTESIAN_POINT('',(1.302563306695E0,1.255781571241E1,-1.872181108404E0));
#2169=CARTESIAN_POINT('',(1.285226060766E0,1.261343144552E1,-1.816569711359E0));
#2170=CARTESIAN_POINT('',(1.258686961593E0,1.269676266784E1,-1.733238051867E0));
#2171=CARTESIAN_POINT('',(1.240669642812E0,1.275226659667E1,-1.677730952772E0));
#2172=CARTESIAN_POINT('',(1.231551056371E0,1.277999997126E1,-1.649997578184E0));
#2174=DIRECTION('',(0.E0,0.E0,1.E0));
#2175=VECTOR('',#2174,8.5E0);
#2176=CARTESIAN_POINT('',(-3.735E0,6.73E0,-4.25E0));
#2177=LINE('',#2176,#2175);
#2178=DIRECTION('',(0.E0,0.E0,-1.E0));
#2179=VECTOR('',#2178,8.5E0);
#2180=CARTESIAN_POINT('',(-4.035E0,6.43E0,4.25E0));
#2181=LINE('',#2180,#2179);
#2182=CARTESIAN_POINT('',(-3.735E0,6.43E0,4.25E0));
#2183=DIRECTION('',(1.E0,0.E0,0.E0));
#2184=DIRECTION('',(0.E0,1.E0,0.E0));
#2185=AXIS2_PLACEMENT_3D('',#2182,#2183,#2184);
#2187=CARTESIAN_POINT('',(-3.735E0,6.43E0,4.25E0));
#2188=DIRECTION('',(0.E0,-1.E0,0.E0));
#2189=DIRECTION('',(0.E0,0.E0,1.E0));
#2190=AXIS2_PLACEMENT_3D('',#2187,#2188,#2189);
#2192=CARTESIAN_POINT('',(-3.735E0,6.43E0,4.25E0));
#2193=DIRECTION('',(0.E0,0.E0,-1.E0));
#2194=DIRECTION('',(-1.E0,0.E0,0.E0));
#2195=AXIS2_PLACEMENT_3D('',#2192,#2193,#2194);
#2197=CARTESIAN_POINT('',(-3.735E0,6.43E0,-4.25E0));
#2198=DIRECTION('',(1.E0,0.E0,0.E0));
#2199=DIRECTION('',(0.E0,0.E0,-1.E0));
#2200=AXIS2_PLACEMENT_3D('',#2197,#2198,#2199);
#2202=CARTESIAN_POINT('',(-3.735E0,6.43E0,-4.25E0));
#2203=DIRECTION('',(0.E0,0.E0,1.E0));
#2204=DIRECTION('',(0.E0,1.E0,0.E0));
#2205=AXIS2_PLACEMENT_3D('',#2202,#2203,#2204);
#2207=CARTESIAN_POINT('',(-3.735E0,6.43E0,-4.25E0));
#2208=DIRECTION('',(0.E0,-1.E0,0.E0));
#2209=DIRECTION('',(-1.E0,0.E0,0.E0));
#2210=AXIS2_PLACEMENT_3D('',#2207,#2208,#2209);
#2212=DIRECTION('',(1.E0,0.E0,0.E0));
#2213=VECTOR('',#2212,7.5E0);
#2214=CARTESIAN_POINT('',(-3.735E0,6.43E0,-4.55E0));
#2215=LINE('',#2214,#2213);
#2216=DIRECTION('',(-1.E0,0.E0,0.E0));
#2217=VECTOR('',#2216,7.5E0);
#2218=CARTESIAN_POINT('',(3.765E0,6.73E0,-4.25E0));
#2219=LINE('',#2218,#2217);
#2220=DIRECTION('',(0.E0,1.E0,0.E0));
#2221=VECTOR('',#2220,6.85E0);
#2222=CARTESIAN_POINT('',(-3.735E0,-4.2E-1,-4.55E0));
#2223=LINE('',#2222,#2221);
#2224=DIRECTION('',(0.E0,-1.E0,0.E0));
#2225=VECTOR('',#2224,6.85E0);
#2226=CARTESIAN_POINT('',(-4.035E0,6.43E0,-4.25E0));
#2227=LINE('',#2226,#2225);
#2228=CARTESIAN_POINT('',(-3.735E0,-4.2E-1,-4.25E0));
#2229=DIRECTION('',(0.E0,1.E0,0.E0));
#2230=DIRECTION('',(-5.527707983926E-1,0.E0,-8.333333333333E-1));
#2231=AXIS2_PLACEMENT_3D('',#2228,#2229,#2230);
#2233=DIRECTION('',(-1.E0,0.E0,-1.059177610655E-13));
#2234=VECTOR('',#2233,1.341687604822E-1);
#2235=CARTESIAN_POINT('',(-3.900831239518E0,-4.2E-1,-4.5E0));
#2236=LINE('',#2235,#2234);
#2237=CARTESIAN_POINT('',(-3.735E0,-1.12E0,-4.5E0));
#2238=DIRECTION('',(0.E0,0.E0,1.E0));
#2239=DIRECTION('',(-1.E0,0.E0,0.E0));
#2240=AXIS2_PLACEMENT_3D('',#2237,#2238,#2239);
#2242=DIRECTION('',(5.735764363510E-1,8.191520442890E-1,0.E0));
#2243=VECTOR('',#2242,1.064604473595E0);
#2244=CARTESIAN_POINT('',(-3.489254386713E0,-1.292072930905E0,-4.5E0));
#2245=LINE('',#2244,#2243);
#2246=DIRECTION('',(-1.E0,7.195425112498E-14,1.390210436830E-14));
#2247=VECTOR('',#2246,1.022208892893E0);
#2248=CARTESIAN_POINT('',(-2.878622346625E0,-4.200000000001E-1,-4.5E0));
#2249=LINE('',#2248,#2247);
#2250=DIRECTION('',(0.E0,0.E0,-1.E0));
#2251=VECTOR('',#2250,6.E-1);
#2252=CARTESIAN_POINT('',(-3.489254386713E0,-1.292072930905E0,-3.9E0));
#2253=LINE('',#2252,#2251);
#2254=DIRECTION('',(0.E0,0.E0,1.E0));
#2255=VECTOR('',#2254,6.E-1);
#2256=CARTESIAN_POINT('',(-4.035E0,-1.12E0,-4.5E0));
#2257=LINE('',#2256,#2255);
#2258=DIRECTION('',(0.E0,0.E0,-1.E0));
#2259=VECTOR('',#2258,6.E-1);
#2260=CARTESIAN_POINT('',(-2.878622346625E0,-4.200000000001E-1,-3.9E0));
#2261=LINE('',#2260,#2259);
#2262=DIRECTION('',(-1.E0,0.E0,0.E0));
#2263=VECTOR('',#2262,7.5E0);
#2264=CARTESIAN_POINT('',(3.765E0,-4.2E-1,4.55E0));
#2265=LINE('',#2264,#2263);
#2266=DIRECTION('',(0.E0,1.E0,0.E0));
#2267=VECTOR('',#2266,6.85E0);
#2268=CARTESIAN_POINT('',(3.765E0,-4.2E-1,4.55E0));
#2269=LINE('',#2268,#2267);
#2270=DIRECTION('',(0.E0,-1.E0,0.E0));
#2271=VECTOR('',#2270,6.85E0);
#2272=CARTESIAN_POINT('',(4.065E0,6.43E0,4.25E0));
#2273=LINE('',#2272,#2271);
#2274=CARTESIAN_POINT('',(3.765E0,-4.2E-1,4.25E0));
#2275=DIRECTION('',(0.E0,1.E0,0.E0));
#2276=DIRECTION('',(5.527707983926E-1,0.E0,8.333333333333E-1));
#2277=AXIS2_PLACEMENT_3D('',#2274,#2275,#2276);
#2279=DIRECTION('',(1.E0,0.E0,1.059177610655E-13));
#2280=VECTOR('',#2279,1.341687604822E-1);
#2281=CARTESIAN_POINT('',(3.930831239518E0,-4.2E-1,4.5E0));
#2282=LINE('',#2281,#2280);
#2283=CARTESIAN_POINT('',(3.765E0,-1.12E0,4.5E0));
#2284=DIRECTION('',(0.E0,0.E0,-1.E0));
#2285=DIRECTION('',(1.E0,0.E0,0.E0));
#2286=AXIS2_PLACEMENT_3D('',#2283,#2284,#2285);
#2288=DIRECTION('',(-5.735764363510E-1,8.191520442890E-1,0.E0));
#2289=VECTOR('',#2288,1.064604473595E0);
#2290=CARTESIAN_POINT('',(3.519254386713E0,-1.292072930905E0,4.5E0));
#2291=LINE('',#2290,#2289);
#2292=DIRECTION('',(1.E0,7.195425112498E-14,-1.390210436830E-14));
#2293=VECTOR('',#2292,1.022208892893E0);
#2294=CARTESIAN_POINT('',(2.908622346625E0,-4.200000000001E-1,4.5E0));
#2295=LINE('',#2294,#2293);
#2296=DIRECTION('',(0.E0,0.E0,1.E0));
#2297=VECTOR('',#2296,6.E-1);
#2298=CARTESIAN_POINT('',(3.519254386713E0,-1.292072930905E0,3.9E0));
#2299=LINE('',#2298,#2297);
#2300=DIRECTION('',(0.E0,0.E0,-1.E0));
#2301=VECTOR('',#2300,6.E-1);
#2302=CARTESIAN_POINT('',(4.065E0,-1.12E0,4.5E0));
#2303=LINE('',#2302,#2301);
#2304=DIRECTION('',(0.E0,0.E0,1.E0));
#2305=VECTOR('',#2304,6.E-1);
#2306=CARTESIAN_POINT('',(2.908622346625E0,-4.200000000001E-1,3.9E0));
#2307=LINE('',#2306,#2305);
#2308=DIRECTION('',(0.E0,0.E0,1.E0));
#2309=VECTOR('',#2308,6.E-1);
#2310=CARTESIAN_POINT('',(-4.035E0,-1.12E0,3.9E0));
#2311=LINE('',#2310,#2309);
#2312=DIRECTION('',(0.E0,0.E0,-1.E0));
#2313=VECTOR('',#2312,6.E-1);
#2314=CARTESIAN_POINT('',(-3.489254386713E0,-1.292072930905E0,4.5E0));
#2315=LINE('',#2314,#2313);
#2316=CARTESIAN_POINT('',(-4.035E0,-1.2E-1,-3.9E0));
#2317=CARTESIAN_POINT('',(-4.035E0,-1.2E-1,3.9E0));
#2318=VERTEX_POINT('',#2316);
#2319=VERTEX_POINT('',#2317);
#2320=CARTESIAN_POINT('',(-4.035E0,-1.12E0,-3.9E0));
#2321=VERTEX_POINT('',#2320);
#2322=CARTESIAN_POINT('',(-4.035E0,-1.12E0,-4.5E0));
#2323=VERTEX_POINT('',#2322);
#2324=CARTESIAN_POINT('',(-4.035E0,-4.2E-1,-4.5E0));
#2325=VERTEX_POINT('',#2324);
#2326=CARTESIAN_POINT('',(-4.035E0,-4.2E-1,-4.25E0));
#2327=VERTEX_POINT('',#2326);
#2328=CARTESIAN_POINT('',(-4.035E0,6.43E0,-4.25E0));
#2329=VERTEX_POINT('',#2328);
#2330=CARTESIAN_POINT('',(-4.035E0,6.43E0,4.25E0));
#2331=VERTEX_POINT('',#2330);
#2332=CARTESIAN_POINT('',(-4.035E0,-4.2E-1,4.25E0));
#2333=VERTEX_POINT('',#2332);
#2334=CARTESIAN_POINT('',(-4.035E0,-4.2E-1,4.5E0));
#2335=VERTEX_POINT('',#2334);
#2336=CARTESIAN_POINT('',(-4.035E0,-1.12E0,4.5E0));
#2337=VERTEX_POINT('',#2336);
#2338=CARTESIAN_POINT('',(-4.035E0,-1.12E0,3.9E0));
#2339=VERTEX_POINT('',#2338);
#2340=CARTESIAN_POINT('',(-3.735E0,-4.2E-1,3.9E0));
#2341=CARTESIAN_POINT('',(-3.735E0,-4.2E-1,-3.9E0));
#2342=VERTEX_POINT('',#2340);
#2343=VERTEX_POINT('',#2341);
#2344=CARTESIAN_POINT('',(-3.900831239518E0,-4.2E-1,4.5E0));
#2345=CARTESIAN_POINT('',(-3.735E0,-4.2E-1,4.55E0));
#2346=VERTEX_POINT('',#2344);
#2347=VERTEX_POINT('',#2345);
#2348=CARTESIAN_POINT('',(3.765E0,-4.2E-1,4.55E0));
#2349=VERTEX_POINT('',#2348);
#2350=CARTESIAN_POINT('',(3.930831239518E0,-4.2E-1,4.5E0));
#2351=VERTEX_POINT('',#2350);
#2352=CARTESIAN_POINT('',(2.908622346625E0,-4.200000000001E-1,4.5E0));
#2353=VERTEX_POINT('',#2352);
#2354=CARTESIAN_POINT('',(2.908622346625E0,-4.200000000001E-1,3.9E0));
#2355=VERTEX_POINT('',#2354);
#2356=CARTESIAN_POINT('',(2.815E0,-4.2E-1,3.9E0));
#2357=VERTEX_POINT('',#2356);
#2358=CARTESIAN_POINT('',(2.815E0,-4.2E-1,4.1E0));
#2359=VERTEX_POINT('',#2358);
#2360=CARTESIAN_POINT('',(-2.785E0,-4.2E-1,4.1E0));
#2361=VERTEX_POINT('',#2360);
#2362=CARTESIAN_POINT('',(-2.785E0,-4.2E-1,3.9E0));
#2363=VERTEX_POINT('',#2362);
#2364=CARTESIAN_POINT('',(-2.878622346625E0,-4.200000000001E-1,3.9E0));
#2365=VERTEX_POINT('',#2364);
#2366=CARTESIAN_POINT('',(-2.878622346625E0,-4.200000000001E-1,4.5E0));
#2367=VERTEX_POINT('',#2366);
#2368=CARTESIAN_POINT('',(-3.735E0,-4.2E-1,-4.55E0));
#2369=CARTESIAN_POINT('',(-3.900831239518E0,-4.2E-1,-4.5E0));
#2370=VERTEX_POINT('',#2368);
#2371=VERTEX_POINT('',#2369);
#2372=CARTESIAN_POINT('',(-2.878622346625E0,-4.200000000001E-1,-4.5E0));
#2373=VERTEX_POINT('',#2372);
#2374=CARTESIAN_POINT('',(-2.878622346625E0,-4.200000000001E-1,-3.9E0));
#2375=VERTEX_POINT('',#2374);
#2376=CARTESIAN_POINT('',(-2.785E0,-4.2E-1,-3.9E0));
#2377=VERTEX_POINT('',#2376);
#2378=CARTESIAN_POINT('',(-2.785E0,-4.2E-1,-4.1E0));
#2379=VERTEX_POINT('',#2378);
#2380=CARTESIAN_POINT('',(2.815E0,-4.2E-1,-4.1E0));
#2381=VERTEX_POINT('',#2380);
#2382=CARTESIAN_POINT('',(2.815E0,-4.2E-1,-3.9E0));
#2383=VERTEX_POINT('',#2382);
#2384=CARTESIAN_POINT('',(2.908622346625E0,-4.200000000001E-1,-3.9E0));
#2385=VERTEX_POINT('',#2384);
#2386=CARTESIAN_POINT('',(2.908622346625E0,-4.200000000001E-1,-4.5E0));
#2387=VERTEX_POINT('',#2386);
#2388=CARTESIAN_POINT('',(3.930831239518E0,-4.2E-1,-4.5E0));
#2389=VERTEX_POINT('',#2388);
#2390=CARTESIAN_POINT('',(3.765E0,-4.2E-1,-4.55E0));
#2391=VERTEX_POINT('',#2390);
#2392=CARTESIAN_POINT('',(3.765E0,-4.2E-1,-3.9E0));
#2393=CARTESIAN_POINT('',(3.765E0,-4.2E-1,3.9E0));
#2394=VERTEX_POINT('',#2392);
#2395=VERTEX_POINT('',#2393);
#2396=CARTESIAN_POINT('',(3.63E0,-4.2E-1,-3.9E0));
#2397=VERTEX_POINT('',#2396);
#2398=CARTESIAN_POINT('',(3.63E0,-4.2E-1,3.9E0));
#2399=VERTEX_POINT('',#2398);
#2400=CARTESIAN_POINT('',(-3.6E0,-4.2E-1,3.9E0));
#2401=VERTEX_POINT('',#2400);
#2402=CARTESIAN_POINT('',(-3.6E0,-4.2E-1,-3.9E0));
#2403=VERTEX_POINT('',#2402);
#2404=CARTESIAN_POINT('',(-3.735E0,6.43E0,4.55E0));
#2405=VERTEX_POINT('',#2404);
#2406=CARTESIAN_POINT('',(-3.489254386713E0,-1.292072930905E0,4.5E0));
#2407=VERTEX_POINT('',#2406);
#2408=CARTESIAN_POINT('',(-3.489254386713E0,-1.292072930905E0,3.9E0));
#2409=VERTEX_POINT('',#2408);
#2410=CARTESIAN_POINT('',(4.065E0,-1.2E-1,3.9E0));
#2411=CARTESIAN_POINT('',(4.065E0,-1.12E0,3.9E0));
#2412=VERTEX_POINT('',#2410);
#2413=VERTEX_POINT('',#2411);
#2414=CARTESIAN_POINT('',(3.63E0,3.1E0,3.9E0));
#2415=VERTEX_POINT('',#2414);
#2416=CARTESIAN_POINT('',(2.815E0,3.1E0,3.9E0));
#2417=VERTEX_POINT('',#2416);
#2418=CARTESIAN_POINT('',(3.519254386713E0,-1.292072930905E0,3.9E0));
#2419=VERTEX_POINT('',#2418);
#2420=CARTESIAN_POINT('',(-2.785E0,3.1E0,3.9E0));
#2421=VERTEX_POINT('',#2420);
#2422=CARTESIAN_POINT('',(-3.6E0,3.1E0,3.9E0));
#2423=VERTEX_POINT('',#2422);
#2424=CARTESIAN_POINT('',(4.065E0,-1.2E-1,-3.9E0));
#2425=VERTEX_POINT('',#2424);
#2426=CARTESIAN_POINT('',(4.065E0,-1.12E0,4.5E0));
#2427=VERTEX_POINT('',#2426);
#2428=CARTESIAN_POINT('',(4.065E0,-4.2E-1,4.5E0));
#2429=VERTEX_POINT('',#2428);
#2430=CARTESIAN_POINT('',(4.065E0,-4.2E-1,4.25E0));
#2431=VERTEX_POINT('',#2430);
#2432=CARTESIAN_POINT('',(4.065E0,6.43E0,4.25E0));
#2433=VERTEX_POINT('',#2432);
#2434=CARTESIAN_POINT('',(4.065E0,6.43E0,-4.25E0));
#2435=VERTEX_POINT('',#2434);
#2436=CARTESIAN_POINT('',(4.065E0,-4.2E-1,-4.25E0));
#2437=VERTEX_POINT('',#2436);
#2438=CARTESIAN_POINT('',(4.065E0,-4.2E-1,-4.5E0));
#2439=VERTEX_POINT('',#2438);
#2440=CARTESIAN_POINT('',(4.065E0,-1.12E0,-4.5E0));
#2441=VERTEX_POINT('',#2440);
#2442=CARTESIAN_POINT('',(4.065E0,-1.12E0,-3.9E0));
#2443=VERTEX_POINT('',#2442);
#2444=CARTESIAN_POINT('',(3.519254386712E0,-1.292072930904E0,-3.9E0));
#2445=VERTEX_POINT('',#2444);
#2446=CARTESIAN_POINT('',(2.815E0,3.1E0,-3.9E0));
#2447=VERTEX_POINT('',#2446);
#2448=CARTESIAN_POINT('',(3.63E0,3.1E0,-3.9E0));
#2449=VERTEX_POINT('',#2448);
#2450=CARTESIAN_POINT('',(-3.6E0,3.1E0,-3.9E0));
#2451=VERTEX_POINT('',#2450);
#2452=CARTESIAN_POINT('',(-2.785E0,3.1E0,-3.9E0));
#2453=VERTEX_POINT('',#2452);
#2454=CARTESIAN_POINT('',(-3.489254386713E0,-1.292072930905E0,-3.9E0));
#2455=VERTEX_POINT('',#2454);
#2456=CARTESIAN_POINT('',(3.519254386712E0,-1.292072930904E0,-4.5E0));
#2457=VERTEX_POINT('',#2456);
#2458=CARTESIAN_POINT('',(3.765E0,6.43E0,-4.55E0));
#2459=VERTEX_POINT('',#2458);
#2460=CARTESIAN_POINT('',(3.765E0,6.73E0,-4.25E0));
#2461=VERTEX_POINT('',#2460);
#2462=CARTESIAN_POINT('',(3.765E0,6.73E0,4.25E0));
#2463=VERTEX_POINT('',#2462);
#2464=CARTESIAN_POINT('',(3.765E0,6.43E0,4.55E0));
#2465=VERTEX_POINT('',#2464);
#2466=CARTESIAN_POINT('',(-3.735E0,6.73E0,4.25E0));
#2467=VERTEX_POINT('',#2466);
#2468=CARTESIAN_POINT('',(-3.735E0,6.73E0,-4.25E0));
#2469=VERTEX_POINT('',#2468);
#2470=CARTESIAN_POINT('',(1.457220510186E0,6.73E0,2.4E0));
#2471=CARTESIAN_POINT('',(2.814998780445E0,6.73E0,-2.613332953921E-3));
#2472=VERTEX_POINT('',#2470);
#2473=VERTEX_POINT('',#2471);
#2474=CARTESIAN_POINT('',(1.457220510186E0,6.73E0,-2.4E0));
#2475=VERTEX_POINT('',#2474);
#2476=CARTESIAN_POINT('',(-1.427220510186E0,6.73E0,-2.4E0));
#2477=VERTEX_POINT('',#2476);
#2478=CARTESIAN_POINT('',(-2.784998780445E0,6.73E0,2.613332953918E-3));
#2479=VERTEX_POINT('',#2478);
#2480=CARTESIAN_POINT('',(-1.427220510186E0,6.73E0,2.4E0));
#2481=VERTEX_POINT('',#2480);
#2482=VERTEX_POINT('',#1689);
#2483=CARTESIAN_POINT('',(1.371465996625E0,7.03E0,-2.1E0));
#2484=VERTEX_POINT('',#2483);
#2485=VERTEX_POINT('',#1704);
#2486=CARTESIAN_POINT('',(-1.341465996625E0,7.03E0,-2.1E0));
#2487=VERTEX_POINT('',#2486);
#2488=CARTESIAN_POINT('',(-2.485E0,8.729996888815E0,0.E0));
#2489=CARTESIAN_POINT('',(-1.341465996625E0,8.729996888815E0,-2.1E0));
#2490=VERTEX_POINT('',#2488);
#2491=VERTEX_POINT('',#2489);
#2492=CARTESIAN_POINT('',(-1.341465996625E0,8.729996888815E0,2.1E0));
#2493=VERTEX_POINT('',#2492);
#2494=VERTEX_POINT('',#1747);
#2495=CARTESIAN_POINT('',(-2.285E0,8.929997137710E0,0.E0));
#2496=VERTEX_POINT('',#2495);
#2497=CARTESIAN_POINT('',(-1.281148139682E0,8.929997137710E0,1.9E0));
#2498=VERTEX_POINT('',#2497);
#2499=CARTESIAN_POINT('',(1.371466015779E0,8.729998339688E0,-2.100000016088E0));
#2500=VERTEX_POINT('',#2499);
#2501=VERTEX_POINT('',#1768);
#2502=CARTESIAN_POINT('',(2.515E0,8.729996889362E0,0.E0));
#2503=CARTESIAN_POINT('',(1.371465996625E0,8.729996889362E0,2.1E0));
#2504=VERTEX_POINT('',#2502);
#2505=VERTEX_POINT('',#2503);
#2506=CARTESIAN_POINT('',(1.311148139682E0,8.929997138213E0,1.9E0));
#2507=CARTESIAN_POINT('',(2.315E0,8.929997138213E0,0.E0));
#2508=VERTEX_POINT('',#2506);
#2509=VERTEX_POINT('',#2507);
#2510=CARTESIAN_POINT('',(2.315E0,1.252999404954E1,0.E0));
#2511=CARTESIAN_POINT('',(1.311148139682E0,1.252999404954E1,1.9E0));
#2512=VERTEX_POINT('',#2510);
#2513=VERTEX_POINT('',#2511);
#2514=CARTESIAN_POINT('',(1.311148139682E0,1.252999404954E1,-1.9E0));
#2515=VERTEX_POINT('',#2514);
#2516=CARTESIAN_POINT('',(2.064994696342E0,1.278E1,0.E0));
#2517=CARTESIAN_POINT('',(1.231544743401E0,1.278E1,1.649999134040E0));
#2518=VERTEX_POINT('',#2516);
#2519=VERTEX_POINT('',#2517);
#2520=CARTESIAN_POINT('',(1.231544911836E0,1.278E1,-1.649999009853E0));
#2521=VERTEX_POINT('',#2520);
#2522=CARTESIAN_POINT('',(-1.201544743513E0,1.278E1,1.649999134044E0));
#2523=CARTESIAN_POINT('',(-2.034994696412E0,1.278E1,0.E0));
#2524=VERTEX_POINT('',#2522);
#2525=VERTEX_POINT('',#2523);
#2526=CARTESIAN_POINT('',(-1.201544911948E0,1.278E1,-1.649999009857E0));
#2527=VERTEX_POINT('',#2526);
#2528=CARTESIAN_POINT('',(-2.785E0,3.1E0,-4.1E0));
#2529=VERTEX_POINT('',#2528);
#2530=CARTESIAN_POINT('',(-2.785E0,3.1E0,4.1E0));
#2531=VERTEX_POINT('',#2530);
#2532=CARTESIAN_POINT('',(2.815E0,3.1E0,4.1E0));
#2533=VERTEX_POINT('',#2532);
#2534=CARTESIAN_POINT('',(2.815E0,3.1E0,-4.1E0));
#2535=VERTEX_POINT('',#2534);
#2536=CARTESIAN_POINT('',(-2.235E0,4.5E-1,-4.1E0));
#2537=CARTESIAN_POINT('',(-2.235E0,-3.629529426061E-1,-4.1E0));
#2538=VERTEX_POINT('',#2536);
#2539=VERTEX_POINT('',#2537);
#2540=CARTESIAN_POINT('',(2.265E0,-3.629529426061E-1,-4.1E0));
#2541=VERTEX_POINT('',#2540);
#2542=CARTESIAN_POINT('',(2.265E0,4.5E-1,-4.1E0));
#2543=VERTEX_POINT('',#2542);
#2544=CARTESIAN_POINT('',(-2.235E0,4.5E-1,4.1E0));
#2545=CARTESIAN_POINT('',(-2.235E0,-3.629529426061E-1,4.1E0));
#2546=VERTEX_POINT('',#2544);
#2547=VERTEX_POINT('',#2545);
#2548=CARTESIAN_POINT('',(2.265E0,4.5E-1,4.1E0));
#2549=VERTEX_POINT('',#2548);
#2550=CARTESIAN_POINT('',(2.265E0,-3.629529426061E-1,4.1E0));
#2551=VERTEX_POINT('',#2550);
#2552=CARTESIAN_POINT('',(-2.235E0,3.345299461621E-1,3.9E0));
#2553=VERTEX_POINT('',#2552);
#2554=CARTESIAN_POINT('',(2.265E0,3.345299461621E-1,3.9E0));
#2555=VERTEX_POINT('',#2554);
#2556=CARTESIAN_POINT('',(-2.235E0,3.345299461621E-1,-3.9E0));
#2557=VERTEX_POINT('',#2556);
#2558=CARTESIAN_POINT('',(2.265E0,3.345299461621E-1,-3.9E0));
#2559=VERTEX_POINT('',#2558);
#2560=CARTESIAN_POINT('',(-3.6E0,4.5E-1,7.5E-1));
#2561=CARTESIAN_POINT('',(-3.6E0,-3.629529426061E-1,7.5E-1));
#2562=VERTEX_POINT('',#2560);
#2563=VERTEX_POINT('',#2561);
#2564=CARTESIAN_POINT('',(-3.6E0,-3.629529426061E-1,-7.5E-1));
#2565=VERTEX_POINT('',#2564);
#2566=CARTESIAN_POINT('',(-3.6E0,4.5E-1,-7.5E-1));
#2567=VERTEX_POINT('',#2566);
#2568=CARTESIAN_POINT('',(-3.4E0,3.345299461621E-1,7.5E-1));
#2569=VERTEX_POINT('',#2568);
#2570=CARTESIAN_POINT('',(-3.4E0,3.345299461621E-1,-7.5E-1));
#2571=VERTEX_POINT('',#2570);
#2572=CARTESIAN_POINT('',(3.63E0,4.5E-1,7.5E-1));
#2573=CARTESIAN_POINT('',(3.63E0,-3.629529426061E-1,7.5E-1));
#2574=VERTEX_POINT('',#2572);
#2575=VERTEX_POINT('',#2573);
#2576=CARTESIAN_POINT('',(3.63E0,4.5E-1,-7.5E-1));
#2577=CARTESIAN_POINT('',(3.63E0,-3.629529426061E-1,-7.5E-1));
#2578=VERTEX_POINT('',#2576);
#2579=VERTEX_POINT('',#2577);
#2580=CARTESIAN_POINT('',(3.43E0,3.345299461621E-1,7.5E-1));
#2581=VERTEX_POINT('',#2580);
#2582=CARTESIAN_POINT('',(3.43E0,3.345299461621E-1,-7.5E-1));
#2583=VERTEX_POINT('',#2582);
#2584=VERTEX_POINT('',#2129);
#2585=CARTESIAN_POINT('',(-2.285000000004E0,1.252999404961E1,0.E0));
#2586=CARTESIAN_POINT('',(-1.281148139684E0,1.252999404961E1,
-1.900000000003E0));
#2587=VERTEX_POINT('',#2585);
#2588=VERTEX_POINT('',#2586);
#2589=CARTESIAN_POINT('',(-3.735E0,6.43E0,-4.55E0));
#2590=VERTEX_POINT('',#2589);
#2591=CARTESIAN_POINT('',(-3.489254386712E0,-1.292072930904E0,-4.5E0));
#2592=VERTEX_POINT('',#2591);
#2593=CARTESIAN_POINT('',(3.519254386712E0,-1.292072930904E0,4.5E0));
#2594=VERTEX_POINT('',#2593);
#2595=CARTESIAN_POINT('',(-4.035E0,-4.2E-1,0.E0));
#2596=DIRECTION('',(1.E0,0.E0,0.E0));
#2597=DIRECTION('',(0.E0,0.E0,-1.E0));
#2598=AXIS2_PLACEMENT_3D('',#2595,#2596,#2597);
#2599=PLANE('',#2598);
#2601=ORIENTED_EDGE('',*,*,#2600,.F.);
#2603=ORIENTED_EDGE('',*,*,#2602,.T.);
#2605=ORIENTED_EDGE('',*,*,#2604,.F.);
#2607=ORIENTED_EDGE('',*,*,#2606,.T.);
#2609=ORIENTED_EDGE('',*,*,#2608,.T.);
#2611=ORIENTED_EDGE('',*,*,#2610,.F.);
#2613=ORIENTED_EDGE('',*,*,#2612,.F.);
#2615=ORIENTED_EDGE('',*,*,#2614,.F.);
#2617=ORIENTED_EDGE('',*,*,#2616,.F.);
#2619=ORIENTED_EDGE('',*,*,#2618,.F.);
#2621=ORIENTED_EDGE('',*,*,#2620,.F.);
#2623=ORIENTED_EDGE('',*,*,#2622,.T.);
#2624=EDGE_LOOP('',(#2601,#2603,#2605,#2607,#2609,#2611,#2613,#2615,#2617,#2619,
#2621,#2623));
#2625=FACE_OUTER_BOUND('',#2624,.F.);
#2626=ADVANCED_FACE('',(#2625),#2599,.F.);
#2627=CARTESIAN_POINT('',(-3.735E0,-1.2E-1,-4.527661845247E0));
#2628=DIRECTION('',(0.E0,0.E0,1.E0));
#2629=DIRECTION('',(-1.E0,0.E0,0.E0));
#2630=AXIS2_PLACEMENT_3D('',#2627,#2628,#2629);
#2631=CYLINDRICAL_SURFACE('',#2630,3.E-1);
#2633=ORIENTED_EDGE('',*,*,#2632,.T.);
#2635=ORIENTED_EDGE('',*,*,#2634,.F.);
#2636=ORIENTED_EDGE('',*,*,#2600,.T.);
#2638=ORIENTED_EDGE('',*,*,#2637,.F.);
#2639=EDGE_LOOP('',(#2633,#2635,#2636,#2638));
#2640=FACE_OUTER_BOUND('',#2639,.F.);
#2641=ADVANCED_FACE('',(#2640),#2631,.T.);
#2642=CARTESIAN_POINT('',(-4.035E0,-4.2E-1,4.55E0));
#2643=DIRECTION('',(0.E0,-1.E0,0.E0));
#2644=DIRECTION('',(0.E0,0.E0,-1.E0));
#2645=AXIS2_PLACEMENT_3D('',#2642,#2643,#2644);
#2646=PLANE('',#2645);
#2648=ORIENTED_EDGE('',*,*,#2647,.T.);
#2650=ORIENTED_EDGE('',*,*,#2649,.F.);
#2652=ORIENTED_EDGE('',*,*,#2651,.T.);
#2654=ORIENTED_EDGE('',*,*,#2653,.F.);
#2656=ORIENTED_EDGE('',*,*,#2655,.F.);
#2658=ORIENTED_EDGE('',*,*,#2657,.F.);
#2660=ORIENTED_EDGE('',*,*,#2659,.F.);
#2662=ORIENTED_EDGE('',*,*,#2661,.F.);
#2664=ORIENTED_EDGE('',*,*,#2663,.F.);
#2666=ORIENTED_EDGE('',*,*,#2665,.F.);
#2668=ORIENTED_EDGE('',*,*,#2667,.T.);
#2670=ORIENTED_EDGE('',*,*,#2669,.T.);
#2671=EDGE_LOOP('',(#2648,#2650,#2652,#2654,#2656,#2658,#2660,#2662,#2664,#2666,
#2668,#2670));
#2672=FACE_OUTER_BOUND('',#2671,.F.);
#2673=ADVANCED_FACE('',(#2672),#2646,.T.);
#2674=CARTESIAN_POINT('',(-4.035E0,-4.2E-1,4.55E0));
#2675=DIRECTION('',(0.E0,-1.E0,0.E0));
#2676=DIRECTION('',(0.E0,0.E0,-1.E0));
#2677=AXIS2_PLACEMENT_3D('',#2674,#2675,#2676);
#2678=PLANE('',#2677);
#2680=ORIENTED_EDGE('',*,*,#2679,.T.);
#2682=ORIENTED_EDGE('',*,*,#2681,.F.);
#2684=ORIENTED_EDGE('',*,*,#2683,.F.);
#2686=ORIENTED_EDGE('',*,*,#2685,.F.);
#2688=ORIENTED_EDGE('',*,*,#2687,.F.);
#2690=ORIENTED_EDGE('',*,*,#2689,.F.);
#2692=ORIENTED_EDGE('',*,*,#2691,.F.);
#2694=ORIENTED_EDGE('',*,*,#2693,.F.);
#2696=ORIENTED_EDGE('',*,*,#2695,.T.);
#2698=ORIENTED_EDGE('',*,*,#2697,.T.);
#2700=ORIENTED_EDGE('',*,*,#2699,.T.);
#2702=ORIENTED_EDGE('',*,*,#2701,.T.);
#2703=EDGE_LOOP('',(#2680,#2682,#2684,#2686,#2688,#2690,#2692,#2694,#2696,#2698,
#2700,#2702));
#2704=FACE_OUTER_BOUND('',#2703,.F.);
#2705=ADVANCED_FACE('',(#2704),#2678,.T.);
#2706=CARTESIAN_POINT('',(-4.035E0,-4.2E-1,4.55E0));
#2707=DIRECTION('',(0.E0,-1.E0,0.E0));
#2708=DIRECTION('',(0.E0,0.E0,-1.E0));
#2709=AXIS2_PLACEMENT_3D('',#2706,#2707,#2708);
#2710=PLANE('',#2709);
#2712=ORIENTED_EDGE('',*,*,#2711,.F.);
#2714=ORIENTED_EDGE('',*,*,#2713,.F.);
#2716=ORIENTED_EDGE('',*,*,#2715,.F.);
#2718=ORIENTED_EDGE('',*,*,#2717,.T.);
#2719=EDGE_LOOP('',(#2712,#2714,#2716,#2718));
#2720=FACE_OUTER_BOUND('',#2719,.F.);
#2721=ADVANCED_FACE('',(#2720),#2710,.T.);
#2722=CARTESIAN_POINT('',(-4.035E0,-4.2E-1,4.55E0));
#2723=DIRECTION('',(0.E0,-1.E0,0.E0));
#2724=DIRECTION('',(0.E0,0.E0,-1.E0));
#2725=AXIS2_PLACEMENT_3D('',#2722,#2723,#2724);
#2726=PLANE('',#2725);
#2727=ORIENTED_EDGE('',*,*,#2632,.F.);
#2729=ORIENTED_EDGE('',*,*,#2728,.F.);
#2731=ORIENTED_EDGE('',*,*,#2730,.F.);
#2733=ORIENTED_EDGE('',*,*,#2732,.T.);
#2734=EDGE_LOOP('',(#2727,#2729,#2731,#2733));
#2735=FACE_OUTER_BOUND('',#2734,.F.);
#2736=ADVANCED_FACE('',(#2735),#2726,.T.);
#2737=CARTESIAN_POINT('',(-3.735E0,-1.156936100620E0,4.25E0));
#2738=DIRECTION('',(0.E0,1.E0,0.E0));
#2739=DIRECTION('',(-1.E0,0.E0,0.E0));
#2740=AXIS2_PLACEMENT_3D('',#2737,#2738,#2739);
#2741=CYLINDRICAL_SURFACE('',#2740,3.E-1);
#2742=ORIENTED_EDGE('',*,*,#2647,.F.);
#2744=ORIENTED_EDGE('',*,*,#2743,.F.);
#2745=ORIENTED_EDGE('',*,*,#2614,.T.);
#2747=ORIENTED_EDGE('',*,*,#2746,.F.);
#2749=ORIENTED_EDGE('',*,*,#2748,.T.);
#2750=EDGE_LOOP('',(#2742,#2744,#2745,#2747,#2749));
#2751=FACE_OUTER_BOUND('',#2750,.F.);
#2752=ADVANCED_FACE('',(#2751),#2741,.T.);
#2753=CARTESIAN_POINT('',(-4.035E0,-4.2E-1,4.55E0));
#2754=DIRECTION('',(0.E0,-1.E0,0.E0));
#2755=DIRECTION('',(0.E0,0.E0,-1.E0));
#2756=AXIS2_PLACEMENT_3D('',#2753,#2754,#2755);
#2757=PLANE('',#2756);
#2759=ORIENTED_EDGE('',*,*,#2758,.T.);
#2760=ORIENTED_EDGE('',*,*,#2616,.T.);
#2761=ORIENTED_EDGE('',*,*,#2743,.T.);
#2762=EDGE_LOOP('',(#2759,#2760,#2761));
#2763=FACE_OUTER_BOUND('',#2762,.F.);
#2764=ADVANCED_FACE('',(#2763),#2757,.F.);
#2765=CARTESIAN_POINT('',(4.065E0,-4.2E-1,4.5E0));
#2766=DIRECTION('',(0.E0,0.E0,1.E0));
#2767=DIRECTION('',(1.E0,0.E0,0.E0));
#2768=AXIS2_PLACEMENT_3D('',#2765,#2766,#2767);
#2769=PLANE('',#2768);
#2770=ORIENTED_EDGE('',*,*,#2758,.F.);
#2771=ORIENTED_EDGE('',*,*,#2669,.F.);
#2773=ORIENTED_EDGE('',*,*,#2772,.T.);
#2775=ORIENTED_EDGE('',*,*,#2774,.T.);
#2776=ORIENTED_EDGE('',*,*,#2618,.T.);
#2777=EDGE_LOOP('',(#2770,#2771,#2773,#2775,#2776));
#2778=FACE_OUTER_BOUND('',#2777,.F.);
#2779=ADVANCED_FACE('',(#2778),#2769,.T.);
#2780=CARTESIAN_POINT('',(-3.489254386713E0,-1.292072930905E0,3.9E0));
#2781=DIRECTION('',(-8.191520442890E-1,5.735764363510E-1,0.E0));
#2782=DIRECTION('',(5.735764363510E-1,8.191520442890E-1,0.E0));
#2783=AXIS2_PLACEMENT_3D('',#2780,#2781,#2782);
#2784=PLANE('',#2783);
#2785=ORIENTED_EDGE('',*,*,#2667,.F.);
#2787=ORIENTED_EDGE('',*,*,#2786,.F.);
#2789=ORIENTED_EDGE('',*,*,#2788,.F.);
#2790=ORIENTED_EDGE('',*,*,#2772,.F.);
#2791=EDGE_LOOP('',(#2785,#2787,#2789,#2790));
#2792=FACE_OUTER_BOUND('',#2791,.F.);
#2793=ADVANCED_FACE('',(#2792),#2784,.F.);
#2794=CARTESIAN_POINT('',(3.63E0,-4.2E-1,3.9E0));
#2795=DIRECTION('',(0.E0,0.E0,1.E0));
#2796=DIRECTION('',(-1.E0,0.E0,0.E0));
#2797=AXIS2_PLACEMENT_3D('',#2794,#2795,#2796);
#2798=PLANE('',#2797);
#2800=ORIENTED_EDGE('',*,*,#2799,.F.);
#2802=ORIENTED_EDGE('',*,*,#2801,.T.);
#2803=ORIENTED_EDGE('',*,*,#2717,.F.);
#2805=ORIENTED_EDGE('',*,*,#2804,.F.);
#2807=ORIENTED_EDGE('',*,*,#2806,.T.);
#2809=ORIENTED_EDGE('',*,*,#2808,.F.);
#2810=ORIENTED_EDGE('',*,*,#2657,.T.);
#2812=ORIENTED_EDGE('',*,*,#2811,.T.);
#2814=ORIENTED_EDGE('',*,*,#2813,.T.);
#2815=EDGE_LOOP('',(#2800,#2802,#2803,#2805,#2807,#2809,#2810,#2812,#2814));
#2816=FACE_OUTER_BOUND('',#2815,.F.);
#2817=ADVANCED_FACE('',(#2816),#2798,.F.);
#2818=CARTESIAN_POINT('',(3.63E0,-4.2E-1,3.9E0));
#2819=DIRECTION('',(0.E0,0.E0,1.E0));
#2820=DIRECTION('',(-1.E0,0.E0,0.E0));
#2821=AXIS2_PLACEMENT_3D('',#2818,#2819,#2820);
#2822=PLANE('',#2821);
#2823=ORIENTED_EDGE('',*,*,#2728,.T.);
#2824=ORIENTED_EDGE('',*,*,#2637,.T.);
#2825=ORIENTED_EDGE('',*,*,#2622,.F.);
#2827=ORIENTED_EDGE('',*,*,#2826,.T.);
#2828=ORIENTED_EDGE('',*,*,#2786,.T.);
#2829=ORIENTED_EDGE('',*,*,#2665,.T.);
#2831=ORIENTED_EDGE('',*,*,#2830,.T.);
#2833=ORIENTED_EDGE('',*,*,#2832,.T.);
#2835=ORIENTED_EDGE('',*,*,#2834,.T.);
#2836=EDGE_LOOP('',(#2823,#2824,#2825,#2827,#2828,#2829,#2831,#2833,#2835));
#2837=FACE_OUTER_BOUND('',#2836,.F.);
#2838=ADVANCED_FACE('',(#2837),#2822,.F.);
#2839=CARTESIAN_POINT('',(4.065E0,-4.2E-1,0.E0));
#2840=DIRECTION('',(1.E0,0.E0,0.E0));
#2841=DIRECTION('',(0.E0,0.E0,-1.E0));
#2842=AXIS2_PLACEMENT_3D('',#2839,#2840,#2841);
#2843=PLANE('',#2842);
#2845=ORIENTED_EDGE('',*,*,#2844,.F.);
#2846=ORIENTED_EDGE('',*,*,#2799,.T.);
#2848=ORIENTED_EDGE('',*,*,#2847,.F.);
#2850=ORIENTED_EDGE('',*,*,#2849,.T.);
#2852=ORIENTED_EDGE('',*,*,#2851,.T.);
#2854=ORIENTED_EDGE('',*,*,#2853,.F.);
#2856=ORIENTED_EDGE('',*,*,#2855,.F.);
#2858=ORIENTED_EDGE('',*,*,#2857,.F.);
#2860=ORIENTED_EDGE('',*,*,#2859,.F.);
#2862=ORIENTED_EDGE('',*,*,#2861,.F.);
#2864=ORIENTED_EDGE('',*,*,#2863,.F.);
#2866=ORIENTED_EDGE('',*,*,#2865,.T.);
#2867=EDGE_LOOP('',(#2845,#2846,#2848,#2850,#2852,#2854,#2856,#2858,#2860,#2862,
#2864,#2866));
#2868=FACE_OUTER_BOUND('',#2867,.F.);
#2869=ADVANCED_FACE('',(#2868),#2843,.T.);
#2870=CARTESIAN_POINT('',(3.765E0,-1.2E-1,4.530156148475E0));
#2871=DIRECTION('',(0.E0,0.E0,-1.E0));
#2872=DIRECTION('',(1.E0,0.E0,0.E0));
#2873=AXIS2_PLACEMENT_3D('',#2870,#2871,#2872);
#2874=CYLINDRICAL_SURFACE('',#2873,3.E-1);
#2875=ORIENTED_EDGE('',*,*,#2711,.T.);
#2876=ORIENTED_EDGE('',*,*,#2801,.F.);
#2877=ORIENTED_EDGE('',*,*,#2844,.T.);
#2879=ORIENTED_EDGE('',*,*,#2878,.F.);
#2880=EDGE_LOOP('',(#2875,#2876,#2877,#2879));
#2881=FACE_OUTER_BOUND('',#2880,.F.);
#2882=ADVANCED_FACE('',(#2881),#2874,.T.);
#2883=CARTESIAN_POINT('',(-3.6E0,-4.2E-1,-3.9E0));
#2884=DIRECTION('',(0.E0,0.E0,-1.E0));
#2885=DIRECTION('',(1.E0,0.E0,0.E0));
#2886=AXIS2_PLACEMENT_3D('',#2883,#2884,#2885);
#2887=PLANE('',#2886);
#2888=ORIENTED_EDGE('',*,*,#2713,.T.);
#2889=ORIENTED_EDGE('',*,*,#2878,.T.);
#2890=ORIENTED_EDGE('',*,*,#2865,.F.);
#2892=ORIENTED_EDGE('',*,*,#2891,.T.);
#2894=ORIENTED_EDGE('',*,*,#2893,.T.);
#2895=ORIENTED_EDGE('',*,*,#2693,.T.);
#2897=ORIENTED_EDGE('',*,*,#2896,.T.);
#2899=ORIENTED_EDGE('',*,*,#2898,.T.);
#2901=ORIENTED_EDGE('',*,*,#2900,.T.);
#2902=EDGE_LOOP('',(#2888,#2889,#2890,#2892,#2894,#2895,#2897,#2899,#2901));
#2903=FACE_OUTER_BOUND('',#2902,.F.);
#2904=ADVANCED_FACE('',(#2903),#2887,.F.);
#2905=CARTESIAN_POINT('',(-3.6E0,-4.2E-1,-3.9E0));
#2906=DIRECTION('',(0.E0,0.E0,-1.E0));
#2907=DIRECTION('',(1.E0,0.E0,0.E0));
#2908=AXIS2_PLACEMENT_3D('',#2905,#2906,#2907);
#2909=PLANE('',#2908);
#2910=ORIENTED_EDGE('',*,*,#2602,.F.);
#2911=ORIENTED_EDGE('',*,*,#2634,.T.);
#2912=ORIENTED_EDGE('',*,*,#2732,.F.);
#2914=ORIENTED_EDGE('',*,*,#2913,.F.);
#2916=ORIENTED_EDGE('',*,*,#2915,.T.);
#2918=ORIENTED_EDGE('',*,*,#2917,.F.);
#2919=ORIENTED_EDGE('',*,*,#2685,.T.);
#2921=ORIENTED_EDGE('',*,*,#2920,.T.);
#2923=ORIENTED_EDGE('',*,*,#2922,.T.);
#2924=EDGE_LOOP('',(#2910,#2911,#2912,#2914,#2916,#2918,#2919,#2921,#2923));
#2925=FACE_OUTER_BOUND('',#2924,.F.);
#2926=ADVANCED_FACE('',(#2925),#2909,.F.);
#2927=CARTESIAN_POINT('',(3.765E0,-1.12E0,-3.9E0));
#2928=DIRECTION('',(0.E0,0.E0,-1.E0));
#2929=DIRECTION('',(-1.E0,0.E0,0.E0));
#2930=AXIS2_PLACEMENT_3D('',#2927,#2928,#2929);
#2931=CYLINDRICAL_SURFACE('',#2930,3.E-1);
#2932=ORIENTED_EDGE('',*,*,#2891,.F.);
#2933=ORIENTED_EDGE('',*,*,#2863,.T.);
#2935=ORIENTED_EDGE('',*,*,#2934,.F.);
#2937=ORIENTED_EDGE('',*,*,#2936,.T.);
#2938=EDGE_LOOP('',(#2932,#2933,#2935,#2937));
#2939=FACE_OUTER_BOUND('',#2938,.F.);
#2940=ADVANCED_FACE('',(#2939),#2931,.T.);
#2941=CARTESIAN_POINT('',(-4.035E0,-4.2E-1,-4.5E0));
#2942=DIRECTION('',(0.E0,0.E0,-1.E0));
#2943=DIRECTION('',(-1.E0,0.E0,0.E0));
#2944=AXIS2_PLACEMENT_3D('',#2941,#2942,#2943);
#2945=PLANE('',#2944);
#2947=ORIENTED_EDGE('',*,*,#2946,.F.);
#2948=ORIENTED_EDGE('',*,*,#2697,.F.);
#2950=ORIENTED_EDGE('',*,*,#2949,.T.);
#2951=ORIENTED_EDGE('',*,*,#2934,.T.);
#2952=ORIENTED_EDGE('',*,*,#2861,.T.);
#2953=EDGE_LOOP('',(#2947,#2948,#2950,#2951,#2952));
#2954=FACE_OUTER_BOUND('',#2953,.F.);
#2955=ADVANCED_FACE('',(#2954),#2945,.T.);
#2956=CARTESIAN_POINT('',(-4.035E0,-4.2E-1,4.55E0));
#2957=DIRECTION('',(0.E0,-1.E0,0.E0));
#2958=DIRECTION('',(0.E0,0.E0,-1.E0));
#2959=AXIS2_PLACEMENT_3D('',#2956,#2957,#2958);
#2960=PLANE('',#2959);
#2961=ORIENTED_EDGE('',*,*,#2946,.T.);
#2962=ORIENTED_EDGE('',*,*,#2859,.T.);
#2964=ORIENTED_EDGE('',*,*,#2963,.T.);
#2965=EDGE_LOOP('',(#2961,#2962,#2964));
#2966=FACE_OUTER_BOUND('',#2965,.F.);
#2967=ADVANCED_FACE('',(#2966),#2960,.F.);
#2968=CARTESIAN_POINT('',(3.765E0,-1.156936100620E0,-4.25E0));
#2969=DIRECTION('',(0.E0,1.E0,0.E0));
#2970=DIRECTION('',(1.E0,0.E0,0.E0));
#2971=AXIS2_PLACEMENT_3D('',#2968,#2969,#2970);
#2972=CYLINDRICAL_SURFACE('',#2971,3.E-1);
#2973=ORIENTED_EDGE('',*,*,#2699,.F.);
#2974=ORIENTED_EDGE('',*,*,#2963,.F.);
#2975=ORIENTED_EDGE('',*,*,#2857,.T.);
#2977=ORIENTED_EDGE('',*,*,#2976,.F.);
#2979=ORIENTED_EDGE('',*,*,#2978,.T.);
#2980=EDGE_LOOP('',(#2973,#2974,#2975,#2977,#2979));
#2981=FACE_OUTER_BOUND('',#2980,.F.);
#2982=ADVANCED_FACE('',(#2981),#2972,.T.);
#2983=CARTESIAN_POINT('',(3.765E0,6.43E0,-4.25E0));
#2984=DIRECTION('',(1.E0,0.E0,0.E0));
#2985=DIRECTION('',(0.E0,0.E0,-1.E0));
#2986=AXIS2_PLACEMENT_3D('',#2983,#2984,#2985);
#2987=SPHERICAL_SURFACE('',#2986,3.E-1);
#2989=ORIENTED_EDGE('',*,*,#2988,.T.);
#2991=ORIENTED_EDGE('',*,*,#2990,.T.);
#2992=ORIENTED_EDGE('',*,*,#2976,.T.);
#2993=EDGE_LOOP('',(#2989,#2991,#2992));
#2994=FACE_OUTER_BOUND('',#2993,.F.);
#2995=ADVANCED_FACE('',(#2994),#2987,.T.);
#2996=CARTESIAN_POINT('',(3.765E0,6.43E0,-4.577661844961E0));
#2997=DIRECTION('',(0.E0,0.E0,1.E0));
#2998=DIRECTION('',(1.E0,0.E0,0.E0));
#2999=AXIS2_PLACEMENT_3D('',#2996,#2997,#2998);
#3000=CYLINDRICAL_SURFACE('',#2999,3.E-1);
#3001=ORIENTED_EDGE('',*,*,#2855,.T.);
#3003=ORIENTED_EDGE('',*,*,#3002,.F.);
#3005=ORIENTED_EDGE('',*,*,#3004,.T.);
#3006=ORIENTED_EDGE('',*,*,#2988,.F.);
#3007=EDGE_LOOP('',(#3001,#3003,#3005,#3006));
#3008=FACE_OUTER_BOUND('',#3007,.F.);
#3009=ADVANCED_FACE('',(#3008),#3000,.T.);
#3010=CARTESIAN_POINT('',(3.765E0,6.43E0,4.25E0));
#3011=DIRECTION('',(1.E0,0.E0,0.E0));
#3012=DIRECTION('',(0.E0,0.E0,-1.E0));
#3013=AXIS2_PLACEMENT_3D('',#3010,#3011,#3012);
#3014=SPHERICAL_SURFACE('',#3013,3.E-1);
#3016=ORIENTED_EDGE('',*,*,#3015,.T.);
#3017=ORIENTED_EDGE('',*,*,#3002,.T.);
#3019=ORIENTED_EDGE('',*,*,#3018,.T.);
#3020=EDGE_LOOP('',(#3016,#3017,#3019));
#3021=FACE_OUTER_BOUND('',#3020,.F.);
#3022=ADVANCED_FACE('',(#3021),#3014,.T.);
#3023=CARTESIAN_POINT('',(4.094276069985E0,6.43E0,4.25E0));
#3024=DIRECTION('',(-1.E0,0.E0,0.E0));
#3025=DIRECTION('',(0.E0,0.E0,1.E0));
#3026=AXIS2_PLACEMENT_3D('',#3023,#3024,#3025);
#3027=CYLINDRICAL_SURFACE('',#3026,3.E-1);
#3029=ORIENTED_EDGE('',*,*,#3028,.T.);
#3030=ORIENTED_EDGE('',*,*,#3015,.F.);
#3032=ORIENTED_EDGE('',*,*,#3031,.T.);
#3034=ORIENTED_EDGE('',*,*,#3033,.F.);
#3035=EDGE_LOOP('',(#3029,#3030,#3032,#3034));
#3036=FACE_OUTER_BOUND('',#3035,.F.);
#3037=ADVANCED_FACE('',(#3036),#3027,.T.);
#3038=CARTESIAN_POINT('',(-4.035E0,6.73E0,-4.55E0));
#3039=DIRECTION('',(0.E0,1.E0,0.E0));
#3040=DIRECTION('',(0.E0,0.E0,1.E0));
#3041=AXIS2_PLACEMENT_3D('',#3038,#3039,#3040);
#3042=PLANE('',#3041);
#3044=ORIENTED_EDGE('',*,*,#3043,.F.);
#3046=ORIENTED_EDGE('',*,*,#3045,.F.);
#3047=ORIENTED_EDGE('',*,*,#3004,.F.);
#3048=ORIENTED_EDGE('',*,*,#3028,.F.);
#3049=EDGE_LOOP('',(#3044,#3046,#3047,#3048));
#3050=FACE_OUTER_BOUND('',#3049,.F.);
#3051=ADVANCED_FACE('',(#3050),#3042,.T.);
#3052=CARTESIAN_POINT('',(1.5E-2,7.03E0,0.E0));
#3053=DIRECTION('',(0.E0,-1.E0,0.E0));
#3054=DIRECTION('',(-9.999995644445E-1,0.E0,9.333331978283E-4));
#3055=AXIS2_PLACEMENT_3D('',#3052,#3053,#3054);
#3056=TOROIDAL_SURFACE('',#3055,2.8E0,3.E-1);
#3058=ORIENTED_EDGE('',*,*,#3057,.T.);
#3060=ORIENTED_EDGE('',*,*,#3059,.T.);
#3062=ORIENTED_EDGE('',*,*,#3061,.F.);
#3064=ORIENTED_EDGE('',*,*,#3063,.T.);
#3066=ORIENTED_EDGE('',*,*,#3065,.T.);
#3067=EDGE_LOOP('',(#3058,#3060,#3062,#3064,#3066));
#3068=FACE_OUTER_BOUND('',#3067,.F.);
#3069=ADVANCED_FACE('',(#3068),#3056,.F.);
#3070=CARTESIAN_POINT('',(-4.072211850620E0,7.03E0,2.4E0));
#3071=DIRECTION('',(1.E0,0.E0,0.E0));
#3072=DIRECTION('',(0.E0,-1.E0,0.E0));
#3073=AXIS2_PLACEMENT_3D('',#3070,#3071,#3072);
#3074=CYLINDRICAL_SURFACE('',#3073,3.E-1);
#3076=ORIENTED_EDGE('',*,*,#3075,.T.);
#3078=ORIENTED_EDGE('',*,*,#3077,.F.);
#3080=ORIENTED_EDGE('',*,*,#3079,.T.);
#3081=ORIENTED_EDGE('',*,*,#3061,.T.);
#3082=EDGE_LOOP('',(#3076,#3078,#3080,#3081));
#3083=FACE_OUTER_BOUND('',#3082,.F.);
#3084=ADVANCED_FACE('',(#3083),#3074,.F.);
#3085=CARTESIAN_POINT('',(1.5E-2,7.03E0,0.E0));
#3086=DIRECTION('',(0.E0,-1.E0,0.E0));
#3087=DIRECTION('',(9.999995644445E-1,0.E0,-9.333331978272E-4));
#3088=AXIS2_PLACEMENT_3D('',#3085,#3086,#3087);
#3089=TOROIDAL_SURFACE('',#3088,2.8E0,3.E-1);
#3091=ORIENTED_EDGE('',*,*,#3090,.T.);
#3092=ORIENTED_EDGE('',*,*,#3077,.T.);
#3094=ORIENTED_EDGE('',*,*,#3093,.T.);
#3096=ORIENTED_EDGE('',*,*,#3095,.T.);
#3098=ORIENTED_EDGE('',*,*,#3097,.F.);
#3099=EDGE_LOOP('',(#3091,#3092,#3094,#3096,#3098));
#3100=FACE_OUTER_BOUND('',#3099,.F.);
#3101=ADVANCED_FACE('',(#3100),#3089,.F.);
#3102=CARTESIAN_POINT('',(1.5E-2,6.73E0,0.E0));
#3103=DIRECTION('',(0.E0,-1.E0,0.E0));
#3104=DIRECTION('',(0.E0,0.E0,1.E0));
#3105=AXIS2_PLACEMENT_3D('',#3102,#3103,#3104);
#3106=CYLINDRICAL_SURFACE('',#3105,2.5E0);
#3108=ORIENTED_EDGE('',*,*,#3107,.F.);
#3110=ORIENTED_EDGE('',*,*,#3109,.F.);
#3112=ORIENTED_EDGE('',*,*,#3111,.T.);
#3113=ORIENTED_EDGE('',*,*,#3090,.F.);
#3115=ORIENTED_EDGE('',*,*,#3114,.T.);
#3116=EDGE_LOOP('',(#3108,#3110,#3112,#3113,#3115));
#3117=FACE_OUTER_BOUND('',#3116,.F.);
#3118=ADVANCED_FACE('',(#3117),#3106,.T.);
#3119=CARTESIAN_POINT('',(1.5E-2,8.829997013262E0,0.E0));
#3120=DIRECTION('',(0.E0,-1.E0,0.E0));
#3121=DIRECTION('',(-1.E0,0.E0,0.E0));
#3122=AXIS2_PLACEMENT_3D('',#3119,#3120,#3121);
#3123=CONICAL_SURFACE('',#3122,2.4E0,4.499996434847E1);
#3124=ORIENTED_EDGE('',*,*,#3109,.T.);
#3125=ORIENTED_EDGE('',*,*,#3107,.T.);
#3127=ORIENTED_EDGE('',*,*,#3126,.T.);
#3129=ORIENTED_EDGE('',*,*,#3128,.T.);
#3131=ORIENTED_EDGE('',*,*,#3130,.T.);
#3133=ORIENTED_EDGE('',*,*,#3132,.F.);
#3134=EDGE_LOOP('',(#3124,#3125,#3127,#3129,#3131,#3133));
#3135=FACE_OUTER_BOUND('',#3134,.F.);
#3136=ADVANCED_FACE('',(#3135),#3123,.T.);
#3137=CARTESIAN_POINT('',(1.5E-2,8.83E0,-2.E0));
#3138=DIRECTION('',(0.E0,7.071067811865E-1,-7.071067811865E-1));
#3139=DIRECTION('',(-1.E0,0.E0,0.E0));
#3140=AXIS2_PLACEMENT_3D('',#3137,#3138,#3139);
#3141=PLANE('',#3140);
#3143=ORIENTED_EDGE('',*,*,#3142,.T.);
#3145=ORIENTED_EDGE('',*,*,#3144,.T.);
#3147=ORIENTED_EDGE('',*,*,#3146,.F.);
#3148=ORIENTED_EDGE('',*,*,#3126,.F.);
#3149=EDGE_LOOP('',(#3143,#3145,#3147,#3148));
#3150=FACE_OUTER_BOUND('',#3149,.F.);
#3151=ADVANCED_FACE('',(#3150),#3141,.T.);
#3152=CARTESIAN_POINT('',(-1.341465996625E0,6.73E0,-2.1E0));
#3153=DIRECTION('',(0.E0,0.E0,-1.E0));
#3154=DIRECTION('',(1.E0,0.E0,0.E0));
#3155=AXIS2_PLACEMENT_3D('',#3152,#3153,#3154);
#3156=PLANE('',#3155);
#3157=ORIENTED_EDGE('',*,*,#3142,.F.);
#3158=ORIENTED_EDGE('',*,*,#3114,.F.);
#3160=ORIENTED_EDGE('',*,*,#3159,.F.);
#3162=ORIENTED_EDGE('',*,*,#3161,.F.);
#3163=EDGE_LOOP('',(#3157,#3158,#3160,#3162));
#3164=FACE_OUTER_BOUND('',#3163,.F.);
#3165=ADVANCED_FACE('',(#3164),#3156,.T.);
#3166=CARTESIAN_POINT('',(4.106455202867E0,7.03E0,-2.4E0));
#3167=DIRECTION('',(-1.E0,0.E0,0.E0));
#3168=DIRECTION('',(0.E0,-1.E0,0.E0));
#3169=AXIS2_PLACEMENT_3D('',#3166,#3167,#3168);
#3170=CYLINDRICAL_SURFACE('',#3169,3.E-1);
#3171=ORIENTED_EDGE('',*,*,#3159,.T.);
#3172=ORIENTED_EDGE('',*,*,#3097,.T.);
#3174=ORIENTED_EDGE('',*,*,#3173,.T.);
#3175=ORIENTED_EDGE('',*,*,#3065,.F.);
#3176=EDGE_LOOP('',(#3171,#3172,#3174,#3175));
#3177=FACE_OUTER_BOUND('',#3176,.F.);
#3178=ADVANCED_FACE('',(#3177),#3170,.F.);
#3179=CARTESIAN_POINT('',(1.5E-2,6.73E0,0.E0));
#3180=DIRECTION('',(0.E0,-1.E0,0.E0));
#3181=DIRECTION('',(0.E0,0.E0,1.E0));
#3182=AXIS2_PLACEMENT_3D('',#3179,#3180,#3181);
#3183=CYLINDRICAL_SURFACE('',#3182,2.5E0);
#3185=ORIENTED_EDGE('',*,*,#3184,.F.);
#3187=ORIENTED_EDGE('',*,*,#3186,.F.);
#3188=ORIENTED_EDGE('',*,*,#3161,.T.);
#3189=ORIENTED_EDGE('',*,*,#3063,.F.);
#3191=ORIENTED_EDGE('',*,*,#3190,.T.);
#3192=EDGE_LOOP('',(#3185,#3187,#3188,#3189,#3191));
#3193=FACE_OUTER_BOUND('',#3192,.F.);
#3194=ADVANCED_FACE('',(#3193),#3183,.T.);
#3195=CARTESIAN_POINT('',(1.5E-2,8.829997013788E0,0.E0));
#3196=DIRECTION('',(0.E0,-1.E0,0.E0));
#3197=DIRECTION('',(-1.E0,0.E0,0.E0));
#3198=AXIS2_PLACEMENT_3D('',#3195,#3196,#3197);
#3199=CONICAL_SURFACE('',#3198,2.4E0,4.499996435474E1);
#3201=ORIENTED_EDGE('',*,*,#3200,.T.);
#3203=ORIENTED_EDGE('',*,*,#3202,.T.);
#3204=ORIENTED_EDGE('',*,*,#3144,.F.);
#3205=ORIENTED_EDGE('',*,*,#3186,.T.);
#3206=ORIENTED_EDGE('',*,*,#3184,.T.);
#3208=ORIENTED_EDGE('',*,*,#3207,.T.);
#3209=EDGE_LOOP('',(#3201,#3203,#3204,#3205,#3206,#3208));
#3210=FACE_OUTER_BOUND('',#3209,.F.);
#3211=ADVANCED_FACE('',(#3210),#3199,.T.);
#3212=CARTESIAN_POINT('',(1.5E-2,8.93E0,0.E0));
#3213=DIRECTION('',(0.E0,1.E0,0.E0));
#3214=DIRECTION('',(0.E0,0.E0,1.E0));
#3215=AXIS2_PLACEMENT_3D('',#3212,#3213,#3214);
#3216=CYLINDRICAL_SURFACE('',#3215,2.3E0);
#3218=ORIENTED_EDGE('',*,*,#3217,.F.);
#3220=ORIENTED_EDGE('',*,*,#3219,.F.);
#3222=ORIENTED_EDGE('',*,*,#3221,.T.);
#3223=ORIENTED_EDGE('',*,*,#3202,.F.);
#3224=ORIENTED_EDGE('',*,*,#3200,.F.);
#3226=ORIENTED_EDGE('',*,*,#3225,.T.);
#3227=EDGE_LOOP('',(#3218,#3220,#3222,#3223,#3224,#3226));
#3228=FACE_OUTER_BOUND('',#3227,.F.);
#3229=ADVANCED_FACE('',(#3228),#3216,.T.);
#3230=CARTESIAN_POINT('',(1.5E-2,1.265499702477E1,0.E0));
#3231=DIRECTION('',(0.E0,-1.E0,0.E0));
#3232=DIRECTION('',(-1.E0,0.E0,0.E0));
#3233=AXIS2_PLACEMENT_3D('',#3230,#3231,#3232);
#3234=CONICAL_SURFACE('',#3233,2.174997348171E0,4.499992588349E1);
#3236=ORIENTED_EDGE('',*,*,#3235,.F.);
#3238=ORIENTED_EDGE('',*,*,#3237,.F.);
#3240=ORIENTED_EDGE('',*,*,#3239,.F.);
#3241=ORIENTED_EDGE('',*,*,#3219,.T.);
#3242=ORIENTED_EDGE('',*,*,#3217,.T.);
#3244=ORIENTED_EDGE('',*,*,#3243,.T.);
#3245=EDGE_LOOP('',(#3236,#3238,#3240,#3241,#3242,#3244));
#3246=FACE_OUTER_BOUND('',#3245,.F.);
#3247=ADVANCED_FACE('',(#3246),#3234,.T.);
#3248=CARTESIAN_POINT('',(-4.035E0,1.278E1,0.E0));
#3249=DIRECTION('',(0.E0,1.E0,0.E0));
#3250=DIRECTION('',(0.E0,0.E0,1.E0));
#3251=AXIS2_PLACEMENT_3D('',#3248,#3249,#3250);
#3252=PLANE('',#3251);
#3254=ORIENTED_EDGE('',*,*,#3253,.T.);
#3256=ORIENTED_EDGE('',*,*,#3255,.T.);
#3258=ORIENTED_EDGE('',*,*,#3257,.T.);
#3259=ORIENTED_EDGE('',*,*,#3237,.T.);
#3260=ORIENTED_EDGE('',*,*,#3235,.T.);
#3262=ORIENTED_EDGE('',*,*,#3261,.T.);
#3263=EDGE_LOOP('',(#3254,#3256,#3258,#3259,#3260,#3262));
#3264=FACE_OUTER_BOUND('',#3263,.F.);
#3265=ADVANCED_FACE('',(#3264),#3252,.T.);
#3266=CARTESIAN_POINT('',(-2.785E0,-4.2E-1,4.1E0));
#3267=DIRECTION('',(-1.E0,0.E0,0.E0));
#3268=DIRECTION('',(0.E0,0.E0,-1.E0));
#3269=AXIS2_PLACEMENT_3D('',#3266,#3267,#3268);
#3270=PLANE('',#3269);
#3271=ORIENTED_EDGE('',*,*,#2917,.T.);
#3273=ORIENTED_EDGE('',*,*,#3272,.T.);
#3275=ORIENTED_EDGE('',*,*,#3274,.T.);
#3276=ORIENTED_EDGE('',*,*,#2687,.T.);
#3277=EDGE_LOOP('',(#3271,#3273,#3275,#3276));
#3278=FACE_OUTER_BOUND('',#3277,.F.);
#3279=ADVANCED_FACE('',(#3278),#3270,.F.);
#3280=CARTESIAN_POINT('',(-2.785E0,-4.2E-1,4.1E0));
#3281=DIRECTION('',(-1.E0,0.E0,0.E0));
#3282=DIRECTION('',(0.E0,0.E0,-1.E0));
#3283=AXIS2_PLACEMENT_3D('',#3280,#3281,#3282);
#3284=PLANE('',#3283);
#3285=ORIENTED_EDGE('',*,*,#2830,.F.);
#3286=ORIENTED_EDGE('',*,*,#2663,.T.);
#3288=ORIENTED_EDGE('',*,*,#3287,.F.);
#3290=ORIENTED_EDGE('',*,*,#3289,.T.);
#3291=EDGE_LOOP('',(#3285,#3286,#3288,#3290));
#3292=FACE_OUTER_BOUND('',#3291,.F.);
#3293=ADVANCED_FACE('',(#3292),#3284,.F.);
#3294=CARTESIAN_POINT('',(-2.785E0,-4.2E-1,-4.1E0));
#3295=DIRECTION('',(0.E0,0.E0,-1.E0));
#3296=DIRECTION('',(1.E0,0.E0,0.E0));
#3297=AXIS2_PLACEMENT_3D('',#3294,#3295,#3296);
#3298=PLANE('',#3297);
#3299=ORIENTED_EDGE('',*,*,#2689,.T.);
#3300=ORIENTED_EDGE('',*,*,#3274,.F.);
#3302=ORIENTED_EDGE('',*,*,#3301,.T.);
#3304=ORIENTED_EDGE('',*,*,#3303,.T.);
#3305=EDGE_LOOP('',(#3299,#3300,#3302,#3304));
#3306=FACE_OUTER_BOUND('',#3305,.F.);
#3307=ADVANCED_FACE('',(#3306),#3298,.F.);
#3308=CARTESIAN_POINT('',(2.815E0,-4.2E-1,-4.1E0));
#3309=DIRECTION('',(1.E0,0.E0,0.E0));
#3310=DIRECTION('',(0.E0,0.E0,1.E0));
#3311=AXIS2_PLACEMENT_3D('',#3308,#3309,#3310);
#3312=PLANE('',#3311);
#3313=ORIENTED_EDGE('',*,*,#2896,.F.);
#3314=ORIENTED_EDGE('',*,*,#2691,.T.);
#3315=ORIENTED_EDGE('',*,*,#3303,.F.);
#3317=ORIENTED_EDGE('',*,*,#3316,.T.);
#3318=EDGE_LOOP('',(#3313,#3314,#3315,#3317));
#3319=FACE_OUTER_BOUND('',#3318,.F.);
#3320=ADVANCED_FACE('',(#3319),#3312,.F.);
#3321=CARTESIAN_POINT('',(2.815E0,-4.2E-1,-4.1E0));
#3322=DIRECTION('',(1.E0,0.E0,0.E0));
#3323=DIRECTION('',(0.E0,0.E0,1.E0));
#3324=AXIS2_PLACEMENT_3D('',#3321,#3322,#3323);
#3325=PLANE('',#3324);
#3326=ORIENTED_EDGE('',*,*,#2808,.T.);
#3328=ORIENTED_EDGE('',*,*,#3327,.T.);
#3330=ORIENTED_EDGE('',*,*,#3329,.T.);
#3331=ORIENTED_EDGE('',*,*,#2659,.T.);
#3332=EDGE_LOOP('',(#3326,#3328,#3330,#3331));
#3333=FACE_OUTER_BOUND('',#3332,.F.);
#3334=ADVANCED_FACE('',(#3333),#3325,.F.);
#3335=CARTESIAN_POINT('',(2.815E0,-4.2E-1,4.1E0));
#3336=DIRECTION('',(0.E0,0.E0,1.E0));
#3337=DIRECTION('',(-1.E0,0.E0,0.E0));
#3338=AXIS2_PLACEMENT_3D('',#3335,#3336,#3337);
#3339=PLANE('',#3338);
#3340=ORIENTED_EDGE('',*,*,#2661,.T.);
#3341=ORIENTED_EDGE('',*,*,#3329,.F.);
#3343=ORIENTED_EDGE('',*,*,#3342,.T.);
#3344=ORIENTED_EDGE('',*,*,#3287,.T.);
#3345=EDGE_LOOP('',(#3340,#3341,#3343,#3344));
#3346=FACE_OUTER_BOUND('',#3345,.F.);
#3347=ADVANCED_FACE('',(#3346),#3339,.F.);
#3348=CARTESIAN_POINT('',(-2.235E0,-4.2E-1,0.E0));
#3349=DIRECTION('',(-1.E0,0.E0,0.E0));
#3350=DIRECTION('',(0.E0,0.E0,1.E0));
#3351=AXIS2_PLACEMENT_3D('',#3348,#3349,#3350);
#3352=PLANE('',#3351);
#3354=ORIENTED_EDGE('',*,*,#3353,.T.);
#3356=ORIENTED_EDGE('',*,*,#3355,.T.);
#3358=ORIENTED_EDGE('',*,*,#3357,.T.);
#3359=EDGE_LOOP('',(#3354,#3356,#3358));
#3360=FACE_OUTER_BOUND('',#3359,.F.);
#3361=ADVANCED_FACE('',(#3360),#3352,.T.);
#3362=CARTESIAN_POINT('',(-2.235E0,3.345299461621E-1,3.9E0));
#3363=DIRECTION('',(0.E0,2.756373558170E-1,9.612616959383E-1));
#3364=DIRECTION('',(0.E0,-9.612616959383E-1,2.756373558170E-1));
#3365=AXIS2_PLACEMENT_3D('',#3362,#3363,#3364);
#3366=PLANE('',#3365);
#3368=ORIENTED_EDGE('',*,*,#3367,.T.);
#3370=ORIENTED_EDGE('',*,*,#3369,.F.);
#3372=ORIENTED_EDGE('',*,*,#3371,.T.);
#3373=ORIENTED_EDGE('',*,*,#3355,.F.);
#3374=EDGE_LOOP('',(#3368,#3370,#3372,#3373));
#3375=FACE_OUTER_BOUND('',#3374,.F.);
#3376=ADVANCED_FACE('',(#3375),#3366,.F.);
#3377=CARTESIAN_POINT('',(2.265E0,-4.2E-1,0.E0));
#3378=DIRECTION('',(-1.E0,0.E0,0.E0));
#3379=DIRECTION('',(0.E0,0.E0,1.E0));
#3380=AXIS2_PLACEMENT_3D('',#3377,#3378,#3379);
#3381=PLANE('',#3380);
#3383=ORIENTED_EDGE('',*,*,#3382,.T.);
#3385=ORIENTED_EDGE('',*,*,#3384,.T.);
#3386=ORIENTED_EDGE('',*,*,#3369,.T.);
#3387=EDGE_LOOP('',(#3383,#3385,#3386));
#3388=FACE_OUTER_BOUND('',#3387,.F.);
#3389=ADVANCED_FACE('',(#3388),#3381,.F.);
#3390=CARTESIAN_POINT('',(-2.235E0,4.5E-1,4.1E0));
#3391=DIRECTION('',(0.E0,-8.660254037844E-1,5.E-1));
#3392=DIRECTION('',(0.E0,-5.E-1,-8.660254037844E-1));
#3393=AXIS2_PLACEMENT_3D('',#3390,#3391,#3392);
#3394=PLANE('',#3393);
#3396=ORIENTED_EDGE('',*,*,#3395,.T.);
#3397=ORIENTED_EDGE('',*,*,#3357,.F.);
#3398=ORIENTED_EDGE('',*,*,#3371,.F.);
#3399=ORIENTED_EDGE('',*,*,#3384,.F.);
#3400=EDGE_LOOP('',(#3396,#3397,#3398,#3399));
#3401=FACE_OUTER_BOUND('',#3400,.F.);
#3402=ADVANCED_FACE('',(#3401),#3394,.F.);
#3403=CARTESIAN_POINT('',(-2.235E0,-4.2E-1,0.E0));
#3404=DIRECTION('',(1.E0,0.E0,0.E0));
#3405=DIRECTION('',(0.E0,0.E0,-1.E0));
#3406=AXIS2_PLACEMENT_3D('',#3403,#3404,#3405);
#3407=PLANE('',#3406);
#3409=ORIENTED_EDGE('',*,*,#3408,.T.);
#3411=ORIENTED_EDGE('',*,*,#3410,.T.);
#3413=ORIENTED_EDGE('',*,*,#3412,.T.);
#3414=EDGE_LOOP('',(#3409,#3411,#3413));
#3415=FACE_OUTER_BOUND('',#3414,.F.);
#3416=ADVANCED_FACE('',(#3415),#3407,.F.);
#3417=CARTESIAN_POINT('',(-2.235E0,4.5E-1,-4.1E0));
#3418=DIRECTION('',(0.E0,8.660254037844E-1,5.E-1));
#3419=DIRECTION('',(0.E0,-5.E-1,8.660254037844E-1));
#3420=AXIS2_PLACEMENT_3D('',#3417,#3418,#3419);
#3421=PLANE('',#3420);
#3423=ORIENTED_EDGE('',*,*,#3422,.T.);
#3425=ORIENTED_EDGE('',*,*,#3424,.F.);
#3427=ORIENTED_EDGE('',*,*,#3426,.T.);
#3428=ORIENTED_EDGE('',*,*,#3410,.F.);
#3429=EDGE_LOOP('',(#3423,#3425,#3427,#3428));
#3430=FACE_OUTER_BOUND('',#3429,.F.);
#3431=ADVANCED_FACE('',(#3430),#3421,.T.);
#3432=CARTESIAN_POINT('',(2.265E0,-4.2E-1,0.E0));
#3433=DIRECTION('',(1.E0,0.E0,0.E0));
#3434=DIRECTION('',(0.E0,0.E0,-1.E0));
#3435=AXIS2_PLACEMENT_3D('',#3432,#3433,#3434);
#3436=PLANE('',#3435);
#3438=ORIENTED_EDGE('',*,*,#3437,.T.);
#3440=ORIENTED_EDGE('',*,*,#3439,.T.);
#3441=ORIENTED_EDGE('',*,*,#3424,.T.);
#3442=EDGE_LOOP('',(#3438,#3440,#3441));
#3443=FACE_OUTER_BOUND('',#3442,.F.);
#3444=ADVANCED_FACE('',(#3443),#3436,.T.);
#3445=CARTESIAN_POINT('',(-2.235E0,3.345299461621E-1,-3.9E0));
#3446=DIRECTION('',(0.E0,-2.756373558170E-1,9.612616959383E-1));
#3447=DIRECTION('',(0.E0,-9.612616959383E-1,-2.756373558170E-1));
#3448=AXIS2_PLACEMENT_3D('',#3445,#3446,#3447);
#3449=PLANE('',#3448);
#3451=ORIENTED_EDGE('',*,*,#3450,.T.);
#3452=ORIENTED_EDGE('',*,*,#3412,.F.);
#3453=ORIENTED_EDGE('',*,*,#3426,.F.);
#3454=ORIENTED_EDGE('',*,*,#3439,.F.);
#3455=EDGE_LOOP('',(#3451,#3452,#3453,#3454));
#3456=FACE_OUTER_BOUND('',#3455,.F.);
#3457=ADVANCED_FACE('',(#3456),#3449,.T.);
#3458=CARTESIAN_POINT('',(-3.6E0,-4.2E-1,3.9E0));
#3459=DIRECTION('',(-1.E0,0.E0,0.E0));
#3460=DIRECTION('',(0.E0,0.E0,-1.E0));
#3461=AXIS2_PLACEMENT_3D('',#3458,#3459,#3460);
#3462=PLANE('',#3461);
#3463=ORIENTED_EDGE('',*,*,#2913,.T.);
#3464=ORIENTED_EDGE('',*,*,#2730,.T.);
#3465=ORIENTED_EDGE('',*,*,#2834,.F.);
#3467=ORIENTED_EDGE('',*,*,#3466,.T.);
#3468=EDGE_LOOP('',(#3463,#3464,#3465,#3467));
#3469=FACE_OUTER_BOUND('',#3468,.F.);
#3470=ADVANCED_FACE('',(#3469),#3462,.F.);
#3471=CARTESIAN_POINT('',(1.5E-2,-4.2E-1,7.5E-1));
#3472=DIRECTION('',(0.E0,0.E0,-1.E0));
#3473=DIRECTION('',(-1.E0,0.E0,0.E0));
#3474=AXIS2_PLACEMENT_3D('',#3471,#3472,#3473);
#3475=PLANE('',#3474);
#3477=ORIENTED_EDGE('',*,*,#3476,.T.);
#3479=ORIENTED_EDGE('',*,*,#3478,.T.);
#3481=ORIENTED_EDGE('',*,*,#3480,.T.);
#3482=EDGE_LOOP('',(#3477,#3479,#3481));
#3483=FACE_OUTER_BOUND('',#3482,.F.);
#3484=ADVANCED_FACE('',(#3483),#3475,.F.);
#3485=CARTESIAN_POINT('',(1.5E-2,-4.2E-1,-7.5E-1));
#3486=DIRECTION('',(0.E0,0.E0,-1.E0));
#3487=DIRECTION('',(-1.E0,0.E0,0.E0));
#3488=AXIS2_PLACEMENT_3D('',#3485,#3486,#3487);
#3489=PLANE('',#3488);
#3491=ORIENTED_EDGE('',*,*,#3490,.T.);
#3493=ORIENTED_EDGE('',*,*,#3492,.T.);
#3495=ORIENTED_EDGE('',*,*,#3494,.T.);
#3496=EDGE_LOOP('',(#3491,#3493,#3495));
#3497=FACE_OUTER_BOUND('',#3496,.F.);
#3498=ADVANCED_FACE('',(#3497),#3489,.T.);
#3499=CARTESIAN_POINT('',(-3.4E0,3.345299461621E-1,7.5E-1));
#3500=DIRECTION('',(9.612616959383E-1,-2.756373558170E-1,0.E0));
#3501=DIRECTION('',(-2.756373558170E-1,-9.612616959383E-1,0.E0));
#3502=AXIS2_PLACEMENT_3D('',#3499,#3500,#3501);
#3503=PLANE('',#3502);
#3505=ORIENTED_EDGE('',*,*,#3504,.T.);
#3506=ORIENTED_EDGE('',*,*,#3480,.F.);
#3508=ORIENTED_EDGE('',*,*,#3507,.T.);
#3509=ORIENTED_EDGE('',*,*,#3492,.F.);
#3510=EDGE_LOOP('',(#3505,#3506,#3508,#3509));
#3511=FACE_OUTER_BOUND('',#3510,.F.);
#3512=ADVANCED_FACE('',(#3511),#3503,.T.);
#3513=CARTESIAN_POINT('',(3.63E0,-4.2E-1,-3.9E0));
#3514=DIRECTION('',(1.E0,0.E0,0.E0));
#3515=DIRECTION('',(0.E0,0.E0,1.E0));
#3516=AXIS2_PLACEMENT_3D('',#3513,#3514,#3515);
#3517=PLANE('',#3516);
#3518=ORIENTED_EDGE('',*,*,#2900,.F.);
#3520=ORIENTED_EDGE('',*,*,#3519,.T.);
#3521=ORIENTED_EDGE('',*,*,#2804,.T.);
#3522=ORIENTED_EDGE('',*,*,#2715,.T.);
#3523=EDGE_LOOP('',(#3518,#3520,#3521,#3522));
#3524=FACE_OUTER_BOUND('',#3523,.F.);
#3525=ADVANCED_FACE('',(#3524),#3517,.F.);
#3526=CARTESIAN_POINT('',(1.5E-2,-4.2E-1,7.5E-1));
#3527=DIRECTION('',(0.E0,0.E0,1.E0));
#3528=DIRECTION('',(1.E0,0.E0,0.E0));
#3529=AXIS2_PLACEMENT_3D('',#3526,#3527,#3528);
#3530=PLANE('',#3529);
#3532=ORIENTED_EDGE('',*,*,#3531,.T.);
#3534=ORIENTED_EDGE('',*,*,#3533,.T.);
#3536=ORIENTED_EDGE('',*,*,#3535,.T.);
#3537=EDGE_LOOP('',(#3532,#3534,#3536));
#3538=FACE_OUTER_BOUND('',#3537,.F.);
#3539=ADVANCED_FACE('',(#3538),#3530,.T.);
#3540=CARTESIAN_POINT('',(3.43E0,3.345299461621E-1,7.5E-1));
#3541=DIRECTION('',(9.612616959383E-1,2.756373558170E-1,0.E0));
#3542=DIRECTION('',(2.756373558170E-1,-9.612616959383E-1,0.E0));
#3543=AXIS2_PLACEMENT_3D('',#3540,#3541,#3542);
#3544=PLANE('',#3543);
#3546=ORIENTED_EDGE('',*,*,#3545,.T.);
#3548=ORIENTED_EDGE('',*,*,#3547,.F.);
#3550=ORIENTED_EDGE('',*,*,#3549,.T.);
#3551=ORIENTED_EDGE('',*,*,#3533,.F.);
#3552=EDGE_LOOP('',(#3546,#3548,#3550,#3551));
#3553=FACE_OUTER_BOUND('',#3552,.F.);
#3554=ADVANCED_FACE('',(#3553),#3544,.F.);
#3555=CARTESIAN_POINT('',(1.5E-2,-4.2E-1,-7.5E-1));
#3556=DIRECTION('',(0.E0,0.E0,1.E0));
#3557=DIRECTION('',(1.E0,0.E0,0.E0));
#3558=AXIS2_PLACEMENT_3D('',#3555,#3556,#3557);
#3559=PLANE('',#3558);
#3561=ORIENTED_EDGE('',*,*,#3560,.T.);
#3563=ORIENTED_EDGE('',*,*,#3562,.T.);
#3564=ORIENTED_EDGE('',*,*,#3547,.T.);
#3565=EDGE_LOOP('',(#3561,#3563,#3564));
#3566=FACE_OUTER_BOUND('',#3565,.F.);
#3567=ADVANCED_FACE('',(#3566),#3559,.F.);
#3568=CARTESIAN_POINT('',(1.5E-2,1.265499702481E1,0.E0));
#3569=DIRECTION('',(0.E0,-1.E0,0.E0));
#3570=DIRECTION('',(-1.E0,0.E0,0.E0));
#3571=AXIS2_PLACEMENT_3D('',#3568,#3569,#3570);
#3572=CONICAL_SURFACE('',#3571,2.174997348208E0,4.499992588445E1);
#3573=ORIENTED_EDGE('',*,*,#3255,.F.);
#3574=ORIENTED_EDGE('',*,*,#3253,.F.);
#3576=ORIENTED_EDGE('',*,*,#3575,.F.);
#3578=ORIENTED_EDGE('',*,*,#3577,.T.);
#3580=ORIENTED_EDGE('',*,*,#3579,.T.);
#3582=ORIENTED_EDGE('',*,*,#3581,.T.);
#3583=EDGE_LOOP('',(#3573,#3574,#3576,#3578,#3580,#3582));
#3584=FACE_OUTER_BOUND('',#3583,.F.);
#3585=ADVANCED_FACE('',(#3584),#3572,.T.);
#3586=CARTESIAN_POINT('',(1.5E-2,1.2655E1,1.775E0));
#3587=DIRECTION('',(0.E0,7.071067811865E-1,7.071067811865E-1));
#3588=DIRECTION('',(-1.E0,0.E0,0.E0));
#3589=AXIS2_PLACEMENT_3D('',#3586,#3587,#3588);
#3590=PLANE('',#3589);
#3591=ORIENTED_EDGE('',*,*,#3261,.F.);
#3592=ORIENTED_EDGE('',*,*,#3243,.F.);
#3594=ORIENTED_EDGE('',*,*,#3593,.T.);
#3595=ORIENTED_EDGE('',*,*,#3575,.T.);
#3596=EDGE_LOOP('',(#3591,#3592,#3594,#3595));
#3597=FACE_OUTER_BOUND('',#3596,.F.);
#3598=ADVANCED_FACE('',(#3597),#3590,.T.);
#3599=CARTESIAN_POINT('',(-1.281148139682E0,8.93E0,1.9E0));
#3600=DIRECTION('',(0.E0,0.E0,1.E0));
#3601=DIRECTION('',(1.E0,0.E0,0.E0));
#3602=AXIS2_PLACEMENT_3D('',#3599,#3600,#3601);
#3603=PLANE('',#3602);
#3604=ORIENTED_EDGE('',*,*,#3593,.F.);
#3605=ORIENTED_EDGE('',*,*,#3225,.F.);
#3607=ORIENTED_EDGE('',*,*,#3606,.T.);
#3609=ORIENTED_EDGE('',*,*,#3608,.F.);
#3610=EDGE_LOOP('',(#3604,#3605,#3607,#3609));
#3611=FACE_OUTER_BOUND('',#3610,.F.);
#3612=ADVANCED_FACE('',(#3611),#3603,.T.);
#3613=CARTESIAN_POINT('',(1.5E-2,8.83E0,2.E0));
#3614=DIRECTION('',(0.E0,7.071067811865E-1,7.071067811865E-1));
#3615=DIRECTION('',(-1.E0,0.E0,0.E0));
#3616=AXIS2_PLACEMENT_3D('',#3613,#3614,#3615);
#3617=PLANE('',#3616);
#3618=ORIENTED_EDGE('',*,*,#3606,.F.);
#3619=ORIENTED_EDGE('',*,*,#3207,.F.);
#3621=ORIENTED_EDGE('',*,*,#3620,.T.);
#3622=ORIENTED_EDGE('',*,*,#3132,.T.);
#3623=EDGE_LOOP('',(#3618,#3619,#3621,#3622));
#3624=FACE_OUTER_BOUND('',#3623,.F.);
#3625=ADVANCED_FACE('',(#3624),#3617,.T.);
#3626=CARTESIAN_POINT('',(1.371465996625E0,6.73E0,2.1E0));
#3627=DIRECTION('',(0.E0,0.E0,1.E0));
#3628=DIRECTION('',(-1.E0,0.E0,0.E0));
#3629=AXIS2_PLACEMENT_3D('',#3626,#3627,#3628);
#3630=PLANE('',#3629);
#3631=ORIENTED_EDGE('',*,*,#3620,.F.);
#3632=ORIENTED_EDGE('',*,*,#3190,.F.);
#3633=ORIENTED_EDGE('',*,*,#3079,.F.);
#3634=ORIENTED_EDGE('',*,*,#3111,.F.);
#3635=EDGE_LOOP('',(#3631,#3632,#3633,#3634));
#3636=FACE_OUTER_BOUND('',#3635,.F.);
#3637=ADVANCED_FACE('',(#3636),#3630,.T.);
#3638=CARTESIAN_POINT('',(1.5E-2,8.93E0,0.E0));
#3639=DIRECTION('',(0.E0,1.E0,0.E0));
#3640=DIRECTION('',(0.E0,0.E0,1.E0));
#3641=AXIS2_PLACEMENT_3D('',#3638,#3639,#3640);
#3642=CYLINDRICAL_SURFACE('',#3641,2.3E0);
#3643=ORIENTED_EDGE('',*,*,#3579,.F.);
#3644=ORIENTED_EDGE('',*,*,#3577,.F.);
#3645=ORIENTED_EDGE('',*,*,#3608,.T.);
#3646=ORIENTED_EDGE('',*,*,#3130,.F.);
#3647=ORIENTED_EDGE('',*,*,#3128,.F.);
#3649=ORIENTED_EDGE('',*,*,#3648,.T.);
#3650=EDGE_LOOP('',(#3643,#3644,#3645,#3646,#3647,#3649));
#3651=FACE_OUTER_BOUND('',#3650,.F.);
#3652=ADVANCED_FACE('',(#3651),#3642,.T.);
#3653=CARTESIAN_POINT('',(1.311148139682E0,8.93E0,-1.9E0));
#3654=DIRECTION('',(0.E0,0.E0,-1.E0));
#3655=DIRECTION('',(-1.E0,0.E0,0.E0));
#3656=AXIS2_PLACEMENT_3D('',#3653,#3654,#3655);
#3657=PLANE('',#3656);
#3659=ORIENTED_EDGE('',*,*,#3658,.F.);
#3660=ORIENTED_EDGE('',*,*,#3648,.F.);
#3661=ORIENTED_EDGE('',*,*,#3146,.T.);
#3662=ORIENTED_EDGE('',*,*,#3221,.F.);
#3663=EDGE_LOOP('',(#3659,#3660,#3661,#3662));
#3664=FACE_OUTER_BOUND('',#3663,.F.);
#3665=ADVANCED_FACE('',(#3664),#3657,.T.);
#3666=CARTESIAN_POINT('',(1.5E-2,1.2655E1,-1.775E0));
#3667=DIRECTION('',(0.E0,7.071067811865E-1,-7.071067811865E-1));
#3668=DIRECTION('',(-1.E0,0.E0,0.E0));
#3669=AXIS2_PLACEMENT_3D('',#3666,#3667,#3668);
#3670=PLANE('',#3669);
#3671=ORIENTED_EDGE('',*,*,#3658,.T.);
#3672=ORIENTED_EDGE('',*,*,#3239,.T.);
#3673=ORIENTED_EDGE('',*,*,#3257,.F.);
#3674=ORIENTED_EDGE('',*,*,#3581,.F.);
#3675=EDGE_LOOP('',(#3671,#3672,#3673,#3674));
#3676=FACE_OUTER_BOUND('',#3675,.F.);
#3677=ADVANCED_FACE('',(#3676),#3670,.T.);
#3678=CARTESIAN_POINT('',(-3.735E0,6.43E0,4.580156148163E0));
#3679=DIRECTION('',(0.E0,0.E0,-1.E0));
#3680=DIRECTION('',(-1.E0,0.E0,0.E0));
#3681=AXIS2_PLACEMENT_3D('',#3678,#3679,#3680);
#3682=CYLINDRICAL_SURFACE('',#3681,3.E-1);
#3683=ORIENTED_EDGE('',*,*,#3043,.T.);
#3685=ORIENTED_EDGE('',*,*,#3684,.F.);
#3686=ORIENTED_EDGE('',*,*,#2612,.T.);
#3688=ORIENTED_EDGE('',*,*,#3687,.F.);
#3689=EDGE_LOOP('',(#3683,#3685,#3686,#3688));
#3690=FACE_OUTER_BOUND('',#3689,.F.);
#3691=ADVANCED_FACE('',(#3690),#3682,.T.);
#3692=CARTESIAN_POINT('',(-3.735E0,6.43E0,4.25E0));
#3693=DIRECTION('',(-1.E0,0.E0,0.E0));
#3694=DIRECTION('',(0.E0,-1.E0,0.E0));
#3695=AXIS2_PLACEMENT_3D('',#3692,#3693,#3694);
#3696=SPHERICAL_SURFACE('',#3695,3.E-1);
#3697=ORIENTED_EDGE('',*,*,#3033,.T.);
#3698=ORIENTED_EDGE('',*,*,#2746,.T.);
#3699=ORIENTED_EDGE('',*,*,#3684,.T.);
#3700=EDGE_LOOP('',(#3697,#3698,#3699));
#3701=FACE_OUTER_BOUND('',#3700,.F.);
#3702=ADVANCED_FACE('',(#3701),#3696,.T.);
#3703=CARTESIAN_POINT('',(-3.735E0,6.43E0,-4.25E0));
#3704=DIRECTION('',(-1.E0,0.E0,0.E0));
#3705=DIRECTION('',(0.E0,0.E0,1.E0));
#3706=AXIS2_PLACEMENT_3D('',#3703,#3704,#3705);
#3707=SPHERICAL_SURFACE('',#3706,3.E-1);
#3709=ORIENTED_EDGE('',*,*,#3708,.T.);
#3710=ORIENTED_EDGE('',*,*,#3687,.T.);
#3712=ORIENTED_EDGE('',*,*,#3711,.T.);
#3713=EDGE_LOOP('',(#3709,#3710,#3712));
#3714=FACE_OUTER_BOUND('',#3713,.F.);
#3715=ADVANCED_FACE('',(#3714),#3707,.T.);
#3716=CARTESIAN_POINT('',(4.094276069985E0,6.43E0,-4.25E0));
#3717=DIRECTION('',(-1.E0,0.E0,0.E0));
#3718=DIRECTION('',(0.E0,1.E0,0.E0));
#3719=AXIS2_PLACEMENT_3D('',#3716,#3717,#3718);
#3720=CYLINDRICAL_SURFACE('',#3719,3.E-1);
#3722=ORIENTED_EDGE('',*,*,#3721,.T.);
#3723=ORIENTED_EDGE('',*,*,#2990,.F.);
#3724=ORIENTED_EDGE('',*,*,#3045,.T.);
#3725=ORIENTED_EDGE('',*,*,#3708,.F.);
#3726=EDGE_LOOP('',(#3722,#3723,#3724,#3725));
#3727=FACE_OUTER_BOUND('',#3726,.F.);
#3728=ADVANCED_FACE('',(#3727),#3720,.T.);
#3729=CARTESIAN_POINT('',(-4.035E0,-4.2E-1,-4.55E0));
#3730=DIRECTION('',(0.E0,0.E0,-1.E0));
#3731=DIRECTION('',(0.E0,1.E0,0.E0));
#3732=AXIS2_PLACEMENT_3D('',#3729,#3730,#3731);
#3733=PLANE('',#3732);
#3735=ORIENTED_EDGE('',*,*,#3734,.F.);
#3736=ORIENTED_EDGE('',*,*,#2701,.F.);
#3737=ORIENTED_EDGE('',*,*,#2978,.F.);
#3738=ORIENTED_EDGE('',*,*,#3721,.F.);
#3739=EDGE_LOOP('',(#3735,#3736,#3737,#3738));
#3740=FACE_OUTER_BOUND('',#3739,.F.);
#3741=ADVANCED_FACE('',(#3740),#3733,.T.);
#3742=CARTESIAN_POINT('',(-3.735E0,6.771081952867E0,-4.25E0));
#3743=DIRECTION('',(0.E0,-1.E0,0.E0));
#3744=DIRECTION('',(-1.E0,0.E0,0.E0));
#3745=AXIS2_PLACEMENT_3D('',#3742,#3743,#3744);
#3746=CYLINDRICAL_SURFACE('',#3745,3.E-1);
#3747=ORIENTED_EDGE('',*,*,#2679,.F.);
#3748=ORIENTED_EDGE('',*,*,#3734,.T.);
#3749=ORIENTED_EDGE('',*,*,#3711,.F.);
#3750=ORIENTED_EDGE('',*,*,#2610,.T.);
#3752=ORIENTED_EDGE('',*,*,#3751,.F.);
#3753=EDGE_LOOP('',(#3747,#3748,#3749,#3750,#3752));
#3754=FACE_OUTER_BOUND('',#3753,.F.);
#3755=ADVANCED_FACE('',(#3754),#3746,.T.);
#3756=CARTESIAN_POINT('',(-4.035E0,-4.2E-1,4.55E0));
#3757=DIRECTION('',(0.E0,-1.E0,0.E0));
#3758=DIRECTION('',(0.E0,0.E0,-1.E0));
#3759=AXIS2_PLACEMENT_3D('',#3756,#3757,#3758);
#3760=PLANE('',#3759);
#3761=ORIENTED_EDGE('',*,*,#2608,.F.);
#3763=ORIENTED_EDGE('',*,*,#3762,.F.);
#3764=ORIENTED_EDGE('',*,*,#3751,.T.);
#3765=EDGE_LOOP('',(#3761,#3763,#3764));
#3766=FACE_OUTER_BOUND('',#3765,.F.);
#3767=ADVANCED_FACE('',(#3766),#3760,.F.);
#3768=CARTESIAN_POINT('',(4.065E0,-4.2E-1,-4.5E0));
#3769=DIRECTION('',(0.E0,0.E0,1.E0));
#3770=DIRECTION('',(1.E0,0.E0,0.E0));
#3771=AXIS2_PLACEMENT_3D('',#3768,#3769,#3770);
#3772=PLANE('',#3771);
#3773=ORIENTED_EDGE('',*,*,#3762,.T.);
#3774=ORIENTED_EDGE('',*,*,#2606,.F.);
#3776=ORIENTED_EDGE('',*,*,#3775,.T.);
#3778=ORIENTED_EDGE('',*,*,#3777,.T.);
#3779=ORIENTED_EDGE('',*,*,#2681,.T.);
#3780=EDGE_LOOP('',(#3773,#3774,#3776,#3778,#3779));
#3781=FACE_OUTER_BOUND('',#3780,.F.);
#3782=ADVANCED_FACE('',(#3781),#3772,.F.);
#3783=CARTESIAN_POINT('',(-3.735E0,-1.12E0,-3.9E0));
#3784=DIRECTION('',(0.E0,0.E0,1.E0));
#3785=DIRECTION('',(1.E0,0.E0,0.E0));
#3786=AXIS2_PLACEMENT_3D('',#3783,#3784,#3785);
#3787=CYLINDRICAL_SURFACE('',#3786,3.E-1);
#3788=ORIENTED_EDGE('',*,*,#2922,.F.);
#3790=ORIENTED_EDGE('',*,*,#3789,.T.);
#3791=ORIENTED_EDGE('',*,*,#3775,.F.);
#3792=ORIENTED_EDGE('',*,*,#2604,.T.);
#3793=EDGE_LOOP('',(#3788,#3790,#3791,#3792));
#3794=FACE_OUTER_BOUND('',#3793,.F.);
#3795=ADVANCED_FACE('',(#3794),#3787,.T.);
#3796=CARTESIAN_POINT('',(-3.489254386713E0,-1.292072930905E0,-3.9E0));
#3797=DIRECTION('',(8.191520442890E-1,-5.735764363510E-1,0.E0));
#3798=DIRECTION('',(5.735764363510E-1,8.191520442890E-1,0.E0));
#3799=AXIS2_PLACEMENT_3D('',#3796,#3797,#3798);
#3800=PLANE('',#3799);
#3801=ORIENTED_EDGE('',*,*,#2683,.T.);
#3802=ORIENTED_EDGE('',*,*,#3777,.F.);
#3803=ORIENTED_EDGE('',*,*,#3789,.F.);
#3804=ORIENTED_EDGE('',*,*,#2920,.F.);
#3805=EDGE_LOOP('',(#3801,#3802,#3803,#3804));
#3806=FACE_OUTER_BOUND('',#3805,.F.);
#3807=ADVANCED_FACE('',(#3806),#3800,.T.);
#3808=CARTESIAN_POINT('',(-4.035E0,6.73E0,4.55E0));
#3809=DIRECTION('',(0.E0,0.E0,1.E0));
#3810=DIRECTION('',(0.E0,-1.E0,0.E0));
#3811=AXIS2_PLACEMENT_3D('',#3808,#3809,#3810);
#3812=PLANE('',#3811);
#3813=ORIENTED_EDGE('',*,*,#2748,.F.);
#3814=ORIENTED_EDGE('',*,*,#3031,.F.);
#3816=ORIENTED_EDGE('',*,*,#3815,.F.);
#3817=ORIENTED_EDGE('',*,*,#2649,.T.);
#3818=EDGE_LOOP('',(#3813,#3814,#3816,#3817));
#3819=FACE_OUTER_BOUND('',#3818,.F.);
#3820=ADVANCED_FACE('',(#3819),#3812,.T.);
#3821=CARTESIAN_POINT('',(3.765E0,6.771081952867E0,4.25E0));
#3822=DIRECTION('',(0.E0,-1.E0,0.E0));
#3823=DIRECTION('',(1.E0,0.E0,0.E0));
#3824=AXIS2_PLACEMENT_3D('',#3821,#3822,#3823);
#3825=CYLINDRICAL_SURFACE('',#3824,3.E-1);
#3826=ORIENTED_EDGE('',*,*,#2651,.F.);
#3827=ORIENTED_EDGE('',*,*,#3815,.T.);
#3828=ORIENTED_EDGE('',*,*,#3018,.F.);
#3829=ORIENTED_EDGE('',*,*,#2853,.T.);
#3831=ORIENTED_EDGE('',*,*,#3830,.F.);
#3832=EDGE_LOOP('',(#3826,#3827,#3828,#3829,#3831));
#3833=FACE_OUTER_BOUND('',#3832,.F.);
#3834=ADVANCED_FACE('',(#3833),#3825,.T.);
#3835=CARTESIAN_POINT('',(-4.035E0,-4.2E-1,4.55E0));
#3836=DIRECTION('',(0.E0,-1.E0,0.E0));
#3837=DIRECTION('',(0.E0,0.E0,-1.E0));
#3838=AXIS2_PLACEMENT_3D('',#3835,#3836,#3837);
#3839=PLANE('',#3838);
#3840=ORIENTED_EDGE('',*,*,#2851,.F.);
#3842=ORIENTED_EDGE('',*,*,#3841,.F.);
#3843=ORIENTED_EDGE('',*,*,#3830,.T.);
#3844=EDGE_LOOP('',(#3840,#3842,#3843));
#3845=FACE_OUTER_BOUND('',#3844,.F.);
#3846=ADVANCED_FACE('',(#3845),#3839,.F.);
#3847=CARTESIAN_POINT('',(-4.035E0,-4.2E-1,4.5E0));
#3848=DIRECTION('',(0.E0,0.E0,-1.E0));
#3849=DIRECTION('',(-1.E0,0.E0,0.E0));
#3850=AXIS2_PLACEMENT_3D('',#3847,#3848,#3849);
#3851=PLANE('',#3850);
#3852=ORIENTED_EDGE('',*,*,#3841,.T.);
#3853=ORIENTED_EDGE('',*,*,#2849,.F.);
#3855=ORIENTED_EDGE('',*,*,#3854,.T.);
#3857=ORIENTED_EDGE('',*,*,#3856,.T.);
#3858=ORIENTED_EDGE('',*,*,#2653,.T.);
#3859=EDGE_LOOP('',(#3852,#3853,#3855,#3857,#3858));
#3860=FACE_OUTER_BOUND('',#3859,.F.);
#3861=ADVANCED_FACE('',(#3860),#3851,.F.);
#3862=CARTESIAN_POINT('',(3.765E0,-1.12E0,3.9E0));
#3863=DIRECTION('',(0.E0,0.E0,-1.E0));
#3864=DIRECTION('',(-1.E0,0.E0,0.E0));
#3865=AXIS2_PLACEMENT_3D('',#3862,#3863,#3864);
#3866=CYLINDRICAL_SURFACE('',#3865,3.E-1);
#3867=ORIENTED_EDGE('',*,*,#2813,.F.);
#3869=ORIENTED_EDGE('',*,*,#3868,.T.);
#3870=ORIENTED_EDGE('',*,*,#3854,.F.);
#3871=ORIENTED_EDGE('',*,*,#2847,.T.);
#3872=EDGE_LOOP('',(#3867,#3869,#3870,#3871));
#3873=FACE_OUTER_BOUND('',#3872,.F.);
#3874=ADVANCED_FACE('',(#3873),#3866,.T.);
#3875=CARTESIAN_POINT('',(3.519254386713E0,-1.292072930905E0,3.9E0));
#3876=DIRECTION('',(-8.191520442890E-1,-5.735764363510E-1,0.E0));
#3877=DIRECTION('',(-5.735764363510E-1,8.191520442890E-1,0.E0));
#3878=AXIS2_PLACEMENT_3D('',#3875,#3876,#3877);
#3879=PLANE('',#3878);
#3880=ORIENTED_EDGE('',*,*,#2655,.T.);
#3881=ORIENTED_EDGE('',*,*,#3856,.F.);
#3882=ORIENTED_EDGE('',*,*,#3868,.F.);
#3883=ORIENTED_EDGE('',*,*,#2811,.F.);
#3884=EDGE_LOOP('',(#3880,#3881,#3882,#3883));
#3885=FACE_OUTER_BOUND('',#3884,.F.);
#3886=ADVANCED_FACE('',(#3885),#3879,.T.);
#3887=CARTESIAN_POINT('',(3.519254386713E0,-1.292072930905E0,-3.9E0));
#3888=DIRECTION('',(8.191520442890E-1,5.735764363510E-1,0.E0));
#3889=DIRECTION('',(-5.735764363510E-1,8.191520442890E-1,0.E0));
#3890=AXIS2_PLACEMENT_3D('',#3887,#3888,#3889);
#3891=PLANE('',#3890);
#3892=ORIENTED_EDGE('',*,*,#2695,.F.);
#3893=ORIENTED_EDGE('',*,*,#2893,.F.);
#3894=ORIENTED_EDGE('',*,*,#2936,.F.);
#3895=ORIENTED_EDGE('',*,*,#2949,.F.);
#3896=EDGE_LOOP('',(#3892,#3893,#3894,#3895));
#3897=FACE_OUTER_BOUND('',#3896,.F.);
#3898=ADVANCED_FACE('',(#3897),#3891,.F.);
#3899=CARTESIAN_POINT('',(-3.735E0,-1.12E0,3.9E0));
#3900=DIRECTION('',(0.E0,0.E0,1.E0));
#3901=DIRECTION('',(1.E0,0.E0,0.E0));
#3902=AXIS2_PLACEMENT_3D('',#3899,#3900,#3901);
#3903=CYLINDRICAL_SURFACE('',#3902,3.E-1);
#3904=ORIENTED_EDGE('',*,*,#2826,.F.);
#3905=ORIENTED_EDGE('',*,*,#2620,.T.);
#3906=ORIENTED_EDGE('',*,*,#2774,.F.);
#3907=ORIENTED_EDGE('',*,*,#2788,.T.);
#3908=EDGE_LOOP('',(#3904,#3905,#3906,#3907));
#3909=FACE_OUTER_BOUND('',#3908,.F.);
#3910=ADVANCED_FACE('',(#3909),#3903,.T.);
#3911=OPEN_SHELL('',(#2626,#2641,#2673,#2705,#2721,#2736,#2752,#2764,#2779,
#2793,#2817,#2838,#2869,#2882,#2904,#2926,#2940,#2955,#2967,#2982,#2995,#3009,
#3022,#3037,#3051,#3069,#3084,#3101,#3118,#3136,#3151,#3165,#3178,#3194,#3211,
#3229,#3247,#3265,#3279,#3293,#3307,#3320,#3334,#3347,#3361,#3376,#3389,#3402,
#3416,#3431,#3444,#3457,#3470,#3484,#3498,#3512,#3525,#3539,#3554,#3567,#3585,
#3598,#3612,#3625,#3637,#3652,#3665,#3677,#3691,#3702,#3715,#3728,#3741,#3755,
#3767,#3782,#3795,#3807,#3820,#3834,#3846,#3861,#3874,#3886,#3898,#3910));
#3912=DIRECTION('',(0.E0,0.E0,-1.E0));
#3913=VECTOR('',#3912,9.474411167400E-3);
#3914=CARTESIAN_POINT('',(-2.7E-1,-3.E-1,2.919474411167E0));
#3915=LINE('',#3914,#3913);
#3916=CARTESIAN_POINT('',(-2.7E-1,-4.35E0,2.56E0));
#3917=DIRECTION('',(1.E0,0.E0,0.E0));
#3918=DIRECTION('',(0.E0,0.E0,1.E0));
#3919=AXIS2_PLACEMENT_3D('',#3916,#3917,#3918);
#3921=DIRECTION('',(0.E0,0.E0,-1.E0));
#3922=VECTOR('',#3921,1.009474411167E0);
#3923=CARTESIAN_POINT('',(-2.7E-1,-3.E-1,2.21E0));
#3924=LINE('',#3923,#3922);
#3925=DIRECTION('',(0.E0,8.660254037844E-1,-5.E-1));
#3926=VECTOR('',#3925,3.810511776652E-1);
#3927=CARTESIAN_POINT('',(-2.7E-1,-3.E-1,1.200525588833E0));
#3928=LINE('',#3927,#3926);
#3929=DIRECTION('',(0.E0,-5.038704496377E-14,1.E0));
#3930=VECTOR('',#3929,6.499999999999E-2);
#3931=CARTESIAN_POINT('',(-2.7E-1,3.E-2,1.01E0));
#3932=LINE('',#3931,#3930);
#3933=DIRECTION('',(0.E0,1.E0,0.E0));
#3934=VECTOR('',#3933,1.17E0);
#3935=CARTESIAN_POINT('',(-2.7E-1,3.E-2,1.075E0));
#3936=LINE('',#3935,#3934);
#3937=DIRECTION('',(0.E0,0.E0,-1.E0));
#3938=VECTOR('',#3937,8.05E-1);
#3939=CARTESIAN_POINT('',(-2.7E-1,1.2E0,1.075E0));
#3940=LINE('',#3939,#3938);
#3941=DIRECTION('',(0.E0,1.E0,0.E0));
#3942=VECTOR('',#3941,1.93E0);
#3943=CARTESIAN_POINT('',(-2.7E-1,1.2E0,2.7E-1));
#3944=LINE('',#3943,#3942);
#3945=DIRECTION('',(0.E0,0.E0,1.E0));
#3946=VECTOR('',#3945,9.8E-1);
#3947=CARTESIAN_POINT('',(-2.7E-1,3.13E0,2.7E-1));
#3948=LINE('',#3947,#3946);
#3949=DIRECTION('',(0.E0,-1.E0,0.E0));
#3950=VECTOR('',#3949,1.08E0);
#3951=CARTESIAN_POINT('',(-2.7E-1,3.13E0,1.25E0));
#3952=LINE('',#3951,#3950);
#3953=DIRECTION('',(0.E0,0.E0,1.E0));
#3954=VECTOR('',#3953,1.62E0);
#3955=CARTESIAN_POINT('',(-2.7E-1,2.05E0,1.25E0));
#3956=LINE('',#3955,#3954);
#3957=DIRECTION('',(0.E0,1.E0,0.E0));
#3958=VECTOR('',#3957,1.08E0);
#3959=CARTESIAN_POINT('',(-2.7E-1,2.05E0,2.87E0));
#3960=LINE('',#3959,#3958);
#3961=DIRECTION('',(0.E0,0.E0,1.E0));
#3962=VECTOR('',#3961,9.8E-1);
#3963=CARTESIAN_POINT('',(-2.7E-1,3.13E0,2.87E0));
#3964=LINE('',#3963,#3962);
#3965=DIRECTION('',(0.E0,-1.E0,0.E0));
#3966=VECTOR('',#3965,1.93E0);
#3967=CARTESIAN_POINT('',(-2.7E-1,3.13E0,3.85E0));
#3968=LINE('',#3967,#3966);
#3969=DIRECTION('',(0.E0,0.E0,-1.E0));
#3970=VECTOR('',#3969,8.05E-1);
#3971=CARTESIAN_POINT('',(-2.7E-1,1.2E0,3.85E0));
#3972=LINE('',#3971,#3970);
#3973=DIRECTION('',(0.E0,-1.E0,0.E0));
#3974=VECTOR('',#3973,1.17E0);
#3975=CARTESIAN_POINT('',(-2.7E-1,1.2E0,3.045E0));
#3976=LINE('',#3975,#3974);
#3977=DIRECTION('',(0.E0,5.038704496377E-14,1.E0));
#3978=VECTOR('',#3977,6.499999999999E-2);
#3979=CARTESIAN_POINT('',(-2.7E-1,3.E-2,3.045E0));
#3980=LINE('',#3979,#3978);
#3981=DIRECTION('',(0.E0,-8.660254037844E-1,-5.E-1));
#3982=VECTOR('',#3981,3.810511776652E-1);
#3983=CARTESIAN_POINT('',(-2.7E-1,3.E-2,3.11E0));
#3984=LINE('',#3983,#3982);
#3985=DIRECTION('',(1.E0,0.E0,0.E0));
#3986=VECTOR('',#3985,5.E-1);
#3987=CARTESIAN_POINT('',(-2.7E-1,-3.E-1,2.91E0));
#3988=LINE('',#3987,#3986);
#3989=DIRECTION('',(0.E0,1.E0,0.E0));
#3990=VECTOR('',#3989,4.05E0);
#3991=CARTESIAN_POINT('',(-2.7E-1,-4.35E0,2.91E0));
#3992=LINE('',#3991,#3990);
#3993=DIRECTION('',(0.E0,0.E0,1.E0));
#3994=VECTOR('',#3993,1.009474411167E0);
#3995=CARTESIAN_POINT('',(2.3E-1,-3.E-1,1.200525588833E0));
#3996=LINE('',#3995,#3994);
#3997=DIRECTION('',(0.E0,-1.E0,0.E0));
#3998=VECTOR('',#3997,4.05E0);
#3999=CARTESIAN_POINT('',(2.3E-1,-3.E-1,2.21E0));
#4000=LINE('',#3999,#3998);
#4001=CARTESIAN_POINT('',(2.3E-1,-4.35E0,2.56E0));
#4002=DIRECTION('',(-1.E0,0.E0,0.E0));
#4003=DIRECTION('',(0.E0,0.E0,-1.E0));
#4004=AXIS2_PLACEMENT_3D('',#4001,#4002,#4003);
#4006=DIRECTION('',(0.E0,1.E0,0.E0));
#4007=VECTOR('',#4006,4.05E0);
#4008=CARTESIAN_POINT('',(2.3E-1,-4.35E0,2.91E0));
#4009=LINE('',#4008,#4007);
#4010=DIRECTION('',(0.E0,0.E0,1.E0));
#4011=VECTOR('',#4010,9.474411167400E-3);
#4012=CARTESIAN_POINT('',(2.3E-1,-3.E-1,2.91E0));
#4013=LINE('',#4012,#4011);
#4014=DIRECTION('',(0.E0,8.660254037844E-1,5.E-1));
#4015=VECTOR('',#4014,3.810511776652E-1);
#4016=CARTESIAN_POINT('',(2.3E-1,-3.E-1,2.919474411167E0));
#4017=LINE('',#4016,#4015);
#4018=DIRECTION('',(0.E0,-5.038704496377E-14,-1.E0));
#4019=VECTOR('',#4018,6.499999999999E-2);
#4020=CARTESIAN_POINT('',(2.3E-1,3.E-2,3.11E0));
#4021=LINE('',#4020,#4019);
#4022=DIRECTION('',(0.E0,1.E0,0.E0));
#4023=VECTOR('',#4022,1.17E0);
#4024=CARTESIAN_POINT('',(2.3E-1,3.E-2,3.045E0));
#4025=LINE('',#4024,#4023);
#4026=DIRECTION('',(0.E0,0.E0,1.E0));
#4027=VECTOR('',#4026,8.05E-1);
#4028=CARTESIAN_POINT('',(2.3E-1,1.2E0,3.045E0));
#4029=LINE('',#4028,#4027);
#4030=DIRECTION('',(0.E0,1.E0,0.E0));
#4031=VECTOR('',#4030,1.93E0);
#4032=CARTESIAN_POINT('',(2.3E-1,1.2E0,3.85E0));
#4033=LINE('',#4032,#4031);
#4034=DIRECTION('',(0.E0,0.E0,-1.E0));
#4035=VECTOR('',#4034,9.8E-1);
#4036=CARTESIAN_POINT('',(2.3E-1,3.13E0,3.85E0));
#4037=LINE('',#4036,#4035);
#4038=DIRECTION('',(0.E0,-1.E0,0.E0));
#4039=VECTOR('',#4038,1.08E0);
#4040=CARTESIAN_POINT('',(2.3E-1,3.13E0,2.87E0));
#4041=LINE('',#4040,#4039);
#4042=DIRECTION('',(0.E0,0.E0,-1.E0));
#4043=VECTOR('',#4042,1.62E0);
#4044=CARTESIAN_POINT('',(2.3E-1,2.05E0,2.87E0));
#4045=LINE('',#4044,#4043);
#4046=DIRECTION('',(0.E0,1.E0,0.E0));
#4047=VECTOR('',#4046,1.08E0);
#4048=CARTESIAN_POINT('',(2.3E-1,2.05E0,1.25E0));
#4049=LINE('',#4048,#4047);
#4050=DIRECTION('',(0.E0,0.E0,-1.E0));
#4051=VECTOR('',#4050,9.8E-1);
#4052=CARTESIAN_POINT('',(2.3E-1,3.13E0,1.25E0));
#4053=LINE('',#4052,#4051);
#4054=DIRECTION('',(0.E0,-1.E0,0.E0));
#4055=VECTOR('',#4054,1.93E0);
#4056=CARTESIAN_POINT('',(2.3E-1,3.13E0,2.7E-1));
#4057=LINE('',#4056,#4055);
#4058=DIRECTION('',(0.E0,0.E0,1.E0));
#4059=VECTOR('',#4058,8.05E-1);
#4060=CARTESIAN_POINT('',(2.3E-1,1.2E0,2.7E-1));
#4061=LINE('',#4060,#4059);
#4062=DIRECTION('',(0.E0,-1.E0,0.E0));
#4063=VECTOR('',#4062,1.17E0);
#4064=CARTESIAN_POINT('',(2.3E-1,1.2E0,1.075E0));
#4065=LINE('',#4064,#4063);
#4066=DIRECTION('',(0.E0,5.038704496377E-14,-1.E0));
#4067=VECTOR('',#4066,6.499999999999E-2);
#4068=CARTESIAN_POINT('',(2.3E-1,3.E-2,1.075E0));
#4069=LINE('',#4068,#4067);
#4070=DIRECTION('',(0.E0,-8.660254037844E-1,5.E-1));
#4071=VECTOR('',#4070,3.810511776652E-1);
#4072=CARTESIAN_POINT('',(2.3E-1,3.E-2,1.01E0));
#4073=LINE('',#4072,#4071);
#4074=DIRECTION('',(-1.E0,0.E0,0.E0));
#4075=VECTOR('',#4074,5.E-1);
#4076=CARTESIAN_POINT('',(2.3E-1,-3.E-1,1.200525588833E0));
#4077=LINE('',#4076,#4075);
#4078=DIRECTION('',(-1.E0,0.E0,0.E0));
#4079=VECTOR('',#4078,5.E-1);
#4080=CARTESIAN_POINT('',(2.3E-1,-3.E-1,2.21E0));
#4081=LINE('',#4080,#4079);
#4082=DIRECTION('',(0.E0,-1.E0,0.E0));
#4083=VECTOR('',#4082,4.05E0);
#4084=CARTESIAN_POINT('',(-2.7E-1,-3.E-1,2.21E0));
#4085=LINE('',#4084,#4083);
#4086=DIRECTION('',(-1.E0,0.E0,0.E0));
#4087=VECTOR('',#4086,5.E-1);
#4088=CARTESIAN_POINT('',(2.3E-1,-4.35E0,2.21E0));
#4089=LINE('',#4088,#4087);
#4090=DIRECTION('',(1.E0,0.E0,0.E0));
#4091=VECTOR('',#4090,5.E-1);
#4092=CARTESIAN_POINT('',(-2.7E-1,-4.35E0,2.91E0));
#4093=LINE('',#4092,#4091);
#4094=DIRECTION('',(-1.E0,0.E0,0.E0));
#4095=VECTOR('',#4094,5.E-1);
#4096=CARTESIAN_POINT('',(2.3E-1,3.E-2,1.01E0));
#4097=LINE('',#4096,#4095);
#4098=DIRECTION('',(1.E0,0.E0,0.E0));
#4099=VECTOR('',#4098,5.E-1);
#4100=CARTESIAN_POINT('',(-2.7E-1,3.E-2,3.11E0));
#4101=LINE('',#4100,#4099);
#4102=DIRECTION('',(-1.E0,0.E0,0.E0));
#4103=VECTOR('',#4102,5.E-1);
#4104=CARTESIAN_POINT('',(2.3E-1,-3.E-1,2.919474411167E0));
#4105=LINE('',#4104,#4103);
#4106=CARTESIAN_POINT('',(-2.7E-1,-3.E-1,2.919474411167E0));
#4107=CARTESIAN_POINT('',(-2.7E-1,-3.E-1,2.91E0));
#4108=VERTEX_POINT('',#4106);
#4109=VERTEX_POINT('',#4107);
#4110=CARTESIAN_POINT('',(-2.7E-1,-4.35E0,2.91E0));
#4111=VERTEX_POINT('',#4110);
#4112=CARTESIAN_POINT('',(-2.7E-1,-4.35E0,2.21E0));
#4113=VERTEX_POINT('',#4112);
#4114=CARTESIAN_POINT('',(-2.7E-1,-3.E-1,2.21E0));
#4115=VERTEX_POINT('',#4114);
#4116=CARTESIAN_POINT('',(-2.7E-1,-3.E-1,1.200525588833E0));
#4117=VERTEX_POINT('',#4116);
#4118=CARTESIAN_POINT('',(-2.7E-1,3.E-2,1.01E0));
#4119=VERTEX_POINT('',#4118);
#4120=CARTESIAN_POINT('',(-2.7E-1,3.E-2,1.075E0));
#4121=VERTEX_POINT('',#4120);
#4122=CARTESIAN_POINT('',(-2.7E-1,1.2E0,1.075E0));
#4123=VERTEX_POINT('',#4122);
#4124=CARTESIAN_POINT('',(-2.7E-1,1.2E0,2.7E-1));
#4125=VERTEX_POINT('',#4124);
#4126=CARTESIAN_POINT('',(-2.7E-1,3.13E0,2.7E-1));
#4127=VERTEX_POINT('',#4126);
#4128=CARTESIAN_POINT('',(-2.7E-1,3.13E0,1.25E0));
#4129=VERTEX_POINT('',#4128);
#4130=CARTESIAN_POINT('',(-2.7E-1,2.05E0,1.25E0));
#4131=VERTEX_POINT('',#4130);
#4132=CARTESIAN_POINT('',(-2.7E-1,2.05E0,2.87E0));
#4133=VERTEX_POINT('',#4132);
#4134=CARTESIAN_POINT('',(-2.7E-1,3.13E0,2.87E0));
#4135=VERTEX_POINT('',#4134);
#4136=CARTESIAN_POINT('',(-2.7E-1,3.13E0,3.85E0));
#4137=VERTEX_POINT('',#4136);
#4138=CARTESIAN_POINT('',(-2.7E-1,1.2E0,3.85E0));
#4139=VERTEX_POINT('',#4138);
#4140=CARTESIAN_POINT('',(-2.7E-1,1.2E0,3.045E0));
#4141=VERTEX_POINT('',#4140);
#4142=CARTESIAN_POINT('',(-2.7E-1,3.E-2,3.045E0));
#4143=VERTEX_POINT('',#4142);
#4144=CARTESIAN_POINT('',(-2.7E-1,3.E-2,3.11E0));
#4145=VERTEX_POINT('',#4144);
#4146=CARTESIAN_POINT('',(2.3E-1,-3.E-1,2.91E0));
#4147=VERTEX_POINT('',#4146);
#4148=CARTESIAN_POINT('',(2.3E-1,-3.E-1,2.919474411167E0));
#4149=VERTEX_POINT('',#4148);
#4150=CARTESIAN_POINT('',(2.3E-1,-3.E-1,2.21E0));
#4151=VERTEX_POINT('',#4150);
#4152=CARTESIAN_POINT('',(2.3E-1,-3.E-1,1.200525588833E0));
#4153=VERTEX_POINT('',#4152);
#4154=CARTESIAN_POINT('',(2.3E-1,-4.35E0,2.91E0));
#4155=VERTEX_POINT('',#4154);
#4156=CARTESIAN_POINT('',(2.3E-1,-4.35E0,2.21E0));
#4157=VERTEX_POINT('',#4156);
#4158=CARTESIAN_POINT('',(2.3E-1,3.E-2,3.11E0));
#4159=VERTEX_POINT('',#4158);
#4160=CARTESIAN_POINT('',(2.3E-1,3.E-2,3.045E0));
#4161=VERTEX_POINT('',#4160);
#4162=CARTESIAN_POINT('',(2.3E-1,1.2E0,3.045E0));
#4163=VERTEX_POINT('',#4162);
#4164=CARTESIAN_POINT('',(2.3E-1,1.2E0,3.85E0));
#4165=VERTEX_POINT('',#4164);
#4166=CARTESIAN_POINT('',(2.3E-1,3.13E0,3.85E0));
#4167=VERTEX_POINT('',#4166);
#4168=CARTESIAN_POINT('',(2.3E-1,3.13E0,2.87E0));
#4169=VERTEX_POINT('',#4168);
#4170=CARTESIAN_POINT('',(2.3E-1,2.05E0,2.87E0));
#4171=VERTEX_POINT('',#4170);
#4172=CARTESIAN_POINT('',(2.3E-1,2.05E0,1.25E0));
#4173=VERTEX_POINT('',#4172);
#4174=CARTESIAN_POINT('',(2.3E-1,3.13E0,1.25E0));
#4175=VERTEX_POINT('',#4174);
#4176=CARTESIAN_POINT('',(2.3E-1,3.13E0,2.7E-1));
#4177=VERTEX_POINT('',#4176);
#4178=CARTESIAN_POINT('',(2.3E-1,1.2E0,2.7E-1));
#4179=VERTEX_POINT('',#4178);
#4180=CARTESIAN_POINT('',(2.3E-1,1.2E0,1.075E0));
#4181=VERTEX_POINT('',#4180);
#4182=CARTESIAN_POINT('',(2.3E-1,3.E-2,1.075E0));
#4183=VERTEX_POINT('',#4182);
#4184=CARTESIAN_POINT('',(2.3E-1,3.E-2,1.01E0));
#4185=VERTEX_POINT('',#4184);
#4186=CARTESIAN_POINT('',(-2.7E-1,1.2E0,2.06E0));
#4187=DIRECTION('',(1.E0,0.E0,0.E0));
#4188=DIRECTION('',(0.E0,0.E0,-1.E0));
#4189=AXIS2_PLACEMENT_3D('',#4186,#4187,#4188);
#4190=PLANE('',#4189);
#4192=ORIENTED_EDGE('',*,*,#4191,.T.);
#4194=ORIENTED_EDGE('',*,*,#4193,.F.);
#4196=ORIENTED_EDGE('',*,*,#4195,.T.);
#4198=ORIENTED_EDGE('',*,*,#4197,.F.);
#4200=ORIENTED_EDGE('',*,*,#4199,.T.);
#4202=ORIENTED_EDGE('',*,*,#4201,.T.);
#4204=ORIENTED_EDGE('',*,*,#4203,.T.);
#4206=ORIENTED_EDGE('',*,*,#4205,.T.);
#4208=ORIENTED_EDGE('',*,*,#4207,.T.);
#4210=ORIENTED_EDGE('',*,*,#4209,.T.);
#4212=ORIENTED_EDGE('',*,*,#4211,.T.);
#4214=ORIENTED_EDGE('',*,*,#4213,.T.);
#4216=ORIENTED_EDGE('',*,*,#4215,.T.);
#4218=ORIENTED_EDGE('',*,*,#4217,.T.);
#4220=ORIENTED_EDGE('',*,*,#4219,.T.);
#4222=ORIENTED_EDGE('',*,*,#4221,.T.);
#4224=ORIENTED_EDGE('',*,*,#4223,.T.);
#4226=ORIENTED_EDGE('',*,*,#4225,.T.);
#4228=ORIENTED_EDGE('',*,*,#4227,.T.);
#4230=ORIENTED_EDGE('',*,*,#4229,.T.);
#4231=EDGE_LOOP('',(#4192,#4194,#4196,#4198,#4200,#4202,#4204,#4206,#4208,#4210,
#4212,#4214,#4216,#4218,#4220,#4222,#4224,#4226,#4228,#4230));
#4232=FACE_OUTER_BOUND('',#4231,.F.);
#4233=ADVANCED_FACE('',(#4232),#4190,.F.);
#4234=CARTESIAN_POINT('',(2.3E-1,-3.E-1,2.91E0));
#4235=DIRECTION('',(0.E0,0.E0,1.E0));
#4236=DIRECTION('',(0.E0,-1.E0,0.E0));
#4237=AXIS2_PLACEMENT_3D('',#4234,#4235,#4236);
#4238=PLANE('',#4237);
#4240=ORIENTED_EDGE('',*,*,#4239,.T.);
#4242=ORIENTED_EDGE('',*,*,#4241,.F.);
#4244=ORIENTED_EDGE('',*,*,#4243,.F.);
#4245=ORIENTED_EDGE('',*,*,#4193,.T.);
#4246=EDGE_LOOP('',(#4240,#4242,#4244,#4245));
#4247=FACE_OUTER_BOUND('',#4246,.F.);
#4248=ADVANCED_FACE('',(#4247),#4238,.T.);
#4249=CARTESIAN_POINT('',(2.3E-1,1.2E0,2.06E0));
#4250=DIRECTION('',(1.E0,0.E0,0.E0));
#4251=DIRECTION('',(0.E0,0.E0,-1.E0));
#4252=AXIS2_PLACEMENT_3D('',#4249,#4250,#4251);
#4253=PLANE('',#4252);
#4255=ORIENTED_EDGE('',*,*,#4254,.T.);
#4257=ORIENTED_EDGE('',*,*,#4256,.T.);
#4259=ORIENTED_EDGE('',*,*,#4258,.T.);
#4260=ORIENTED_EDGE('',*,*,#4241,.T.);
#4262=ORIENTED_EDGE('',*,*,#4261,.T.);
#4264=ORIENTED_EDGE('',*,*,#4263,.T.);
#4266=ORIENTED_EDGE('',*,*,#4265,.T.);
#4268=ORIENTED_EDGE('',*,*,#4267,.T.);
#4270=ORIENTED_EDGE('',*,*,#4269,.T.);
#4272=ORIENTED_EDGE('',*,*,#4271,.T.);
#4274=ORIENTED_EDGE('',*,*,#4273,.T.);
#4276=ORIENTED_EDGE('',*,*,#4275,.T.);
#4278=ORIENTED_EDGE('',*,*,#4277,.T.);
#4280=ORIENTED_EDGE('',*,*,#4279,.T.);
#4282=ORIENTED_EDGE('',*,*,#4281,.T.);
#4284=ORIENTED_EDGE('',*,*,#4283,.T.);
#4286=ORIENTED_EDGE('',*,*,#4285,.T.);
#4288=ORIENTED_EDGE('',*,*,#4287,.T.);
#4290=ORIENTED_EDGE('',*,*,#4289,.T.);
#4292=ORIENTED_EDGE('',*,*,#4291,.T.);
#4293=EDGE_LOOP('',(#4255,#4257,#4259,#4260,#4262,#4264,#4266,#4268,#4270,#4272,
#4274,#4276,#4278,#4280,#4282,#4284,#4286,#4288,#4290,#4292));
#4294=FACE_OUTER_BOUND('',#4293,.F.);
#4295=ADVANCED_FACE('',(#4294),#4253,.T.);
#4296=CARTESIAN_POINT('',(-2.7E-1,-3.E-1,2.06E0));
#4297=DIRECTION('',(0.E0,-1.E0,0.E0));
#4298=DIRECTION('',(0.E0,0.E0,-1.E0));
#4299=AXIS2_PLACEMENT_3D('',#4296,#4297,#4298);
#4300=PLANE('',#4299);
#4302=ORIENTED_EDGE('',*,*,#4301,.F.);
#4303=ORIENTED_EDGE('',*,*,#4254,.F.);
#4305=ORIENTED_EDGE('',*,*,#4304,.T.);
#4306=ORIENTED_EDGE('',*,*,#4199,.F.);
#4307=EDGE_LOOP('',(#4302,#4303,#4305,#4306));
#4308=FACE_OUTER_BOUND('',#4307,.F.);
#4309=ADVANCED_FACE('',(#4308),#4300,.T.);
#4310=CARTESIAN_POINT('',(2.3E-1,-4.35E0,2.21E0));
#4311=DIRECTION('',(0.E0,0.E0,-1.E0));
#4312=DIRECTION('',(0.E0,1.E0,0.E0));
#4313=AXIS2_PLACEMENT_3D('',#4310,#4311,#4312);
#4314=PLANE('',#4313);
#4315=ORIENTED_EDGE('',*,*,#4301,.T.);
#4316=ORIENTED_EDGE('',*,*,#4197,.T.);
#4318=ORIENTED_EDGE('',*,*,#4317,.F.);
#4319=ORIENTED_EDGE('',*,*,#4256,.F.);
#4320=EDGE_LOOP('',(#4315,#4316,#4318,#4319));
#4321=FACE_OUTER_BOUND('',#4320,.F.);
#4322=ADVANCED_FACE('',(#4321),#4314,.T.);
#4323=CARTESIAN_POINT('',(2.3E-1,-4.35E0,2.56E0));
#4324=DIRECTION('',(1.E0,0.E0,0.E0));
#4325=DIRECTION('',(0.E0,0.E0,-1.E0));
#4326=AXIS2_PLACEMENT_3D('',#4323,#4324,#4325);
#4327=CYLINDRICAL_SURFACE('',#4326,3.5E-1);
#4328=ORIENTED_EDGE('',*,*,#4258,.F.);
#4329=ORIENTED_EDGE('',*,*,#4317,.T.);
#4330=ORIENTED_EDGE('',*,*,#4195,.F.);
#4331=ORIENTED_EDGE('',*,*,#4243,.T.);
#4332=EDGE_LOOP('',(#4328,#4329,#4330,#4331));
#4333=FACE_OUTER_BOUND('',#4332,.F.);
#4334=ADVANCED_FACE('',(#4333),#4327,.T.);
#4335=CARTESIAN_POINT('',(-2.7E-1,-3.E-1,1.200525588833E0));
#4336=DIRECTION('',(0.E0,-5.E-1,-8.660254037844E-1));
#4337=DIRECTION('',(0.E0,8.660254037844E-1,-5.E-1));
#4338=AXIS2_PLACEMENT_3D('',#4335,#4336,#4337);
#4339=PLANE('',#4338);
#4340=ORIENTED_EDGE('',*,*,#4201,.F.);
#4341=ORIENTED_EDGE('',*,*,#4304,.F.);
#4342=ORIENTED_EDGE('',*,*,#4291,.F.);
#4344=ORIENTED_EDGE('',*,*,#4343,.T.);
#4345=EDGE_LOOP('',(#4340,#4341,#4342,#4344));
#4346=FACE_OUTER_BOUND('',#4345,.F.);
#4347=ADVANCED_FACE('',(#4346),#4339,.T.);
#4348=CARTESIAN_POINT('',(-2.7E-1,-3.E-1,2.919474411167E0));
#4349=DIRECTION('',(0.E0,5.E-1,-8.660254037844E-1));
#4350=DIRECTION('',(0.E0,8.660254037844E-1,5.E-1));
#4351=AXIS2_PLACEMENT_3D('',#4348,#4349,#4350);
#4352=PLANE('',#4351);
#4353=ORIENTED_EDGE('',*,*,#4229,.F.);
#4355=ORIENTED_EDGE('',*,*,#4354,.T.);
#4356=ORIENTED_EDGE('',*,*,#4263,.F.);
#4358=ORIENTED_EDGE('',*,*,#4357,.T.);
#4359=EDGE_LOOP('',(#4353,#4355,#4356,#4358));
#4360=FACE_OUTER_BOUND('',#4359,.F.);
#4361=ADVANCED_FACE('',(#4360),#4352,.F.);
#4362=OPEN_SHELL('',(#4233,#4248,#4295,#4309,#4322,#4334,#4347,#4361));
#4363=DIRECTION('',(0.E0,0.E0,1.E0));
#4364=VECTOR('',#4363,9.474411167400E-3);
#4365=CARTESIAN_POINT('',(-2.31E0,-3.E-1,-2.869474411167E0));
#4366=LINE('',#4365,#4364);
#4367=CARTESIAN_POINT('',(-2.31E0,-4.35E0,-2.51E0));
#4368=DIRECTION('',(-1.E0,0.E0,0.E0));
#4369=DIRECTION('',(0.E0,0.E0,-1.E0));
#4370=AXIS2_PLACEMENT_3D('',#4367,#4368,#4369);
#4372=DIRECTION('',(0.E0,0.E0,1.E0));
#4373=VECTOR('',#4372,1.009474411167E0);
#4374=CARTESIAN_POINT('',(-2.31E0,-3.E-1,-2.16E0));
#4375=LINE('',#4374,#4373);
#4376=DIRECTION('',(0.E0,8.660254037844E-1,5.E-1));
#4377=VECTOR('',#4376,3.810511776652E-1);
#4378=CARTESIAN_POINT('',(-2.31E0,-3.E-1,-1.150525588833E0));
#4379=LINE('',#4378,#4377);
#4380=DIRECTION('',(0.E0,-5.038704496377E-14,-1.E0));
#4381=VECTOR('',#4380,6.499999999999E-2);
#4382=CARTESIAN_POINT('',(-2.31E0,3.E-2,-9.6E-1));
#4383=LINE('',#4382,#4381);
#4384=DIRECTION('',(0.E0,1.E0,0.E0));
#4385=VECTOR('',#4384,1.17E0);
#4386=CARTESIAN_POINT('',(-2.31E0,3.E-2,-1.025E0));
#4387=LINE('',#4386,#4385);
#4388=DIRECTION('',(0.E0,0.E0,1.E0));
#4389=VECTOR('',#4388,3.65E-1);
#4390=CARTESIAN_POINT('',(-2.31E0,1.2E0,-1.025E0));
#4391=LINE('',#4390,#4389);
#4392=DIRECTION('',(0.E0,1.E0,0.E0));
#4393=VECTOR('',#4392,4.E-1);
#4394=CARTESIAN_POINT('',(-2.31E0,1.2E0,-6.6E-1));
#4395=LINE('',#4394,#4393);
#4396=DIRECTION('',(0.E0,0.E0,-1.E0));
#4397=VECTOR('',#4396,3.550125628934E-1);
#4398=CARTESIAN_POINT('',(-2.31E0,1.6E0,-6.6E-1));
#4399=LINE('',#4398,#4397);
#4400=CARTESIAN_POINT('',(-2.31E0,-3.3E0,-2.01E0));
#4401=DIRECTION('',(-1.E0,0.E0,0.E0));
#4402=DIRECTION('',(0.E0,9.8E-1,1.989974874213E-1));
#4403=AXIS2_PLACEMENT_3D('',#4400,#4401,#4402);
#4405=DIRECTION('',(0.E0,0.E0,-1.E0));
#4406=VECTOR('',#4405,3.550125628933E-1);
#4407=CARTESIAN_POINT('',(-2.31E0,1.6E0,-3.004987437107E0));
#4408=LINE('',#4407,#4406);
#4409=DIRECTION('',(0.E0,-1.E0,0.E0));
#4410=VECTOR('',#4409,4.E-1);
#4411=CARTESIAN_POINT('',(-2.31E0,1.6E0,-3.36E0));
#4412=LINE('',#4411,#4410);
#4413=DIRECTION('',(0.E0,0.E0,1.E0));
#4414=VECTOR('',#4413,3.65E-1);
#4415=CARTESIAN_POINT('',(-2.31E0,1.2E0,-3.36E0));
#4416=LINE('',#4415,#4414);
#4417=DIRECTION('',(0.E0,-1.E0,0.E0));
#4418=VECTOR('',#4417,1.17E0);
#4419=CARTESIAN_POINT('',(-2.31E0,1.2E0,-2.995E0));
#4420=LINE('',#4419,#4418);
#4421=DIRECTION('',(0.E0,5.038704496377E-14,-1.E0));
#4422=VECTOR('',#4421,6.499999999999E-2);
#4423=CARTESIAN_POINT('',(-2.31E0,3.E-2,-2.995E0));
#4424=LINE('',#4423,#4422);
#4425=DIRECTION('',(0.E0,-8.660254037844E-1,5.E-1));
#4426=VECTOR('',#4425,3.810511776652E-1);
#4427=CARTESIAN_POINT('',(-2.31E0,3.E-2,-3.06E0));
#4428=LINE('',#4427,#4426);
#4429=DIRECTION('',(-1.E0,0.E0,0.E0));
#4430=VECTOR('',#4429,5.E-1);
#4431=CARTESIAN_POINT('',(-2.31E0,-3.E-1,-2.86E0));
#4432=LINE('',#4431,#4430);
#4433=DIRECTION('',(0.E0,1.E0,0.E0));
#4434=VECTOR('',#4433,4.05E0);
#4435=CARTESIAN_POINT('',(-2.31E0,-4.35E0,-2.86E0));
#4436=LINE('',#4435,#4434);
#4437=DIRECTION('',(0.E0,0.E0,-1.E0));
#4438=VECTOR('',#4437,1.009474411167E0);
#4439=CARTESIAN_POINT('',(-2.81E0,-3.E-1,-1.150525588833E0));
#4440=LINE('',#4439,#4438);
#4441=DIRECTION('',(0.E0,-1.E0,0.E0));
#4442=VECTOR('',#4441,4.05E0);
#4443=CARTESIAN_POINT('',(-2.81E0,-3.E-1,-2.16E0));
#4444=LINE('',#4443,#4442);
#4445=CARTESIAN_POINT('',(-2.81E0,-4.35E0,-2.51E0));
#4446=DIRECTION('',(1.E0,0.E0,0.E0));
#4447=DIRECTION('',(0.E0,0.E0,1.E0));
#4448=AXIS2_PLACEMENT_3D('',#4445,#4446,#4447);
#4450=DIRECTION('',(0.E0,1.E0,0.E0));
#4451=VECTOR('',#4450,4.05E0);
#4452=CARTESIAN_POINT('',(-2.81E0,-4.35E0,-2.86E0));
#4453=LINE('',#4452,#4451);
#4454=DIRECTION('',(0.E0,0.E0,-1.E0));
#4455=VECTOR('',#4454,9.474411167400E-3);
#4456=CARTESIAN_POINT('',(-2.81E0,-3.E-1,-2.86E0));
#4457=LINE('',#4456,#4455);
#4458=DIRECTION('',(0.E0,8.660254037844E-1,-5.E-1));
#4459=VECTOR('',#4458,3.810511776652E-1);
#4460=CARTESIAN_POINT('',(-2.81E0,-3.E-1,-2.869474411167E0));
#4461=LINE('',#4460,#4459);
#4462=DIRECTION('',(0.E0,-5.038704496377E-14,1.E0));
#4463=VECTOR('',#4462,6.499999999999E-2);
#4464=CARTESIAN_POINT('',(-2.81E0,3.E-2,-3.06E0));
#4465=LINE('',#4464,#4463);
#4466=DIRECTION('',(0.E0,1.E0,0.E0));
#4467=VECTOR('',#4466,1.17E0);
#4468=CARTESIAN_POINT('',(-2.81E0,3.E-2,-2.995E0));
#4469=LINE('',#4468,#4467);
#4470=DIRECTION('',(0.E0,0.E0,-1.E0));
#4471=VECTOR('',#4470,3.65E-1);
#4472=CARTESIAN_POINT('',(-2.81E0,1.2E0,-2.995E0));
#4473=LINE('',#4472,#4471);
#4474=DIRECTION('',(0.E0,1.E0,0.E0));
#4475=VECTOR('',#4474,4.E-1);
#4476=CARTESIAN_POINT('',(-2.81E0,1.2E0,-3.36E0));
#4477=LINE('',#4476,#4475);
#4478=DIRECTION('',(0.E0,0.E0,1.E0));
#4479=VECTOR('',#4478,3.550125628934E-1);
#4480=CARTESIAN_POINT('',(-2.81E0,1.6E0,-3.36E0));
#4481=LINE('',#4480,#4479);
#4482=CARTESIAN_POINT('',(-2.81E0,-3.3E0,-2.01E0));
#4483=DIRECTION('',(1.E0,0.E0,0.E0));
#4484=DIRECTION('',(0.E0,9.8E-1,-1.989974874213E-1));
#4485=AXIS2_PLACEMENT_3D('',#4482,#4483,#4484);
#4487=DIRECTION('',(0.E0,0.E0,1.E0));
#4488=VECTOR('',#4487,3.550125628933E-1);
#4489=CARTESIAN_POINT('',(-2.81E0,1.6E0,-1.015012562893E0));
#4490=LINE('',#4489,#4488);
#4491=DIRECTION('',(0.E0,-1.E0,0.E0));
#4492=VECTOR('',#4491,4.E-1);
#4493=CARTESIAN_POINT('',(-2.81E0,1.6E0,-6.6E-1));
#4494=LINE('',#4493,#4492);
#4495=DIRECTION('',(0.E0,0.E0,-1.E0));
#4496=VECTOR('',#4495,3.65E-1);
#4497=CARTESIAN_POINT('',(-2.81E0,1.2E0,-6.6E-1));
#4498=LINE('',#4497,#4496);
#4499=DIRECTION('',(0.E0,-1.E0,0.E0));
#4500=VECTOR('',#4499,1.17E0);
#4501=CARTESIAN_POINT('',(-2.81E0,1.2E0,-1.025E0));
#4502=LINE('',#4501,#4500);
#4503=DIRECTION('',(0.E0,5.038704496377E-14,1.E0));
#4504=VECTOR('',#4503,6.499999999999E-2);
#4505=CARTESIAN_POINT('',(-2.81E0,3.E-2,-1.025E0));
#4506=LINE('',#4505,#4504);
#4507=DIRECTION('',(0.E0,-8.660254037844E-1,-5.E-1));
#4508=VECTOR('',#4507,3.810511776652E-1);
#4509=CARTESIAN_POINT('',(-2.81E0,3.E-2,-9.6E-1));
#4510=LINE('',#4509,#4508);
#4511=DIRECTION('',(1.E0,0.E0,0.E0));
#4512=VECTOR('',#4511,5.E-1);
#4513=CARTESIAN_POINT('',(-2.81E0,-3.E-1,-1.150525588833E0));
#4514=LINE('',#4513,#4512);
#4515=DIRECTION('',(1.E0,0.E0,0.E0));
#4516=VECTOR('',#4515,5.E-1);
#4517=CARTESIAN_POINT('',(-2.81E0,-3.E-1,-2.16E0));
#4518=LINE('',#4517,#4516);
#4519=DIRECTION('',(0.E0,-1.E0,0.E0));
#4520=VECTOR('',#4519,4.05E0);
#4521=CARTESIAN_POINT('',(-2.31E0,-3.E-1,-2.16E0));
#4522=LINE('',#4521,#4520);
#4523=DIRECTION('',(1.E0,0.E0,0.E0));
#4524=VECTOR('',#4523,5.E-1);
#4525=CARTESIAN_POINT('',(-2.81E0,-4.35E0,-2.16E0));
#4526=LINE('',#4525,#4524);
#4527=DIRECTION('',(-1.E0,0.E0,0.E0));
#4528=VECTOR('',#4527,5.E-1);
#4529=CARTESIAN_POINT('',(-2.31E0,-4.35E0,-2.86E0));
#4530=LINE('',#4529,#4528);
#4531=DIRECTION('',(1.E0,0.E0,0.E0));
#4532=VECTOR('',#4531,5.E-1);
#4533=CARTESIAN_POINT('',(-2.81E0,3.E-2,-9.6E-1));
#4534=LINE('',#4533,#4532);
#4535=DIRECTION('',(-1.E0,0.E0,0.E0));
#4536=VECTOR('',#4535,5.E-1);
#4537=CARTESIAN_POINT('',(-2.31E0,3.E-2,-3.06E0));
#4538=LINE('',#4537,#4536);
#4539=DIRECTION('',(1.E0,0.E0,0.E0));
#4540=VECTOR('',#4539,5.E-1);
#4541=CARTESIAN_POINT('',(-2.81E0,-3.E-1,-2.869474411167E0));
#4542=LINE('',#4541,#4540);
#4543=CARTESIAN_POINT('',(-2.31E0,-3.E-1,-2.869474411167E0));
#4544=CARTESIAN_POINT('',(-2.31E0,-3.E-1,-2.86E0));
#4545=VERTEX_POINT('',#4543);
#4546=VERTEX_POINT('',#4544);
#4547=CARTESIAN_POINT('',(-2.31E0,-4.35E0,-2.86E0));
#4548=VERTEX_POINT('',#4547);
#4549=CARTESIAN_POINT('',(-2.31E0,-4.35E0,-2.16E0));
#4550=VERTEX_POINT('',#4549);
#4551=CARTESIAN_POINT('',(-2.31E0,-3.E-1,-2.16E0));
#4552=VERTEX_POINT('',#4551);
#4553=CARTESIAN_POINT('',(-2.31E0,-3.E-1,-1.150525588833E0));
#4554=VERTEX_POINT('',#4553);
#4555=CARTESIAN_POINT('',(-2.31E0,3.E-2,-9.6E-1));
#4556=VERTEX_POINT('',#4555);
#4557=CARTESIAN_POINT('',(-2.31E0,3.E-2,-1.025E0));
#4558=VERTEX_POINT('',#4557);
#4559=CARTESIAN_POINT('',(-2.31E0,1.2E0,-1.025E0));
#4560=VERTEX_POINT('',#4559);
#4561=CARTESIAN_POINT('',(-2.31E0,1.2E0,-6.6E-1));
#4562=VERTEX_POINT('',#4561);
#4563=CARTESIAN_POINT('',(-2.31E0,1.6E0,-6.6E-1));
#4564=VERTEX_POINT('',#4563);
#4565=CARTESIAN_POINT('',(-2.31E0,1.6E0,-1.015012562893E0));
#4566=VERTEX_POINT('',#4565);
#4567=CARTESIAN_POINT('',(-2.31E0,1.6E0,-3.004987437107E0));
#4568=VERTEX_POINT('',#4567);
#4569=CARTESIAN_POINT('',(-2.31E0,1.6E0,-3.36E0));
#4570=VERTEX_POINT('',#4569);
#4571=CARTESIAN_POINT('',(-2.31E0,1.2E0,-3.36E0));
#4572=VERTEX_POINT('',#4571);
#4573=CARTESIAN_POINT('',(-2.31E0,1.2E0,-2.995E0));
#4574=VERTEX_POINT('',#4573);
#4575=CARTESIAN_POINT('',(-2.31E0,3.E-2,-2.995E0));
#4576=VERTEX_POINT('',#4575);
#4577=CARTESIAN_POINT('',(-2.31E0,3.E-2,-3.06E0));
#4578=VERTEX_POINT('',#4577);
#4579=CARTESIAN_POINT('',(-2.81E0,-3.E-1,-2.86E0));
#4580=VERTEX_POINT('',#4579);
#4581=CARTESIAN_POINT('',(-2.81E0,-3.E-1,-2.869474411167E0));
#4582=VERTEX_POINT('',#4581);
#4583=CARTESIAN_POINT('',(-2.81E0,-3.E-1,-2.16E0));
#4584=VERTEX_POINT('',#4583);
#4585=CARTESIAN_POINT('',(-2.81E0,-3.E-1,-1.150525588833E0));
#4586=VERTEX_POINT('',#4585);
#4587=CARTESIAN_POINT('',(-2.81E0,-4.35E0,-2.86E0));
#4588=VERTEX_POINT('',#4587);
#4589=CARTESIAN_POINT('',(-2.81E0,-4.35E0,-2.16E0));
#4590=VERTEX_POINT('',#4589);
#4591=CARTESIAN_POINT('',(-2.81E0,3.E-2,-3.06E0));
#4592=VERTEX_POINT('',#4591);
#4593=CARTESIAN_POINT('',(-2.81E0,3.E-2,-2.995E0));
#4594=VERTEX_POINT('',#4593);
#4595=CARTESIAN_POINT('',(-2.81E0,1.2E0,-2.995E0));
#4596=VERTEX_POINT('',#4595);
#4597=CARTESIAN_POINT('',(-2.81E0,1.2E0,-3.36E0));
#4598=VERTEX_POINT('',#4597);
#4599=CARTESIAN_POINT('',(-2.81E0,1.6E0,-3.36E0));
#4600=VERTEX_POINT('',#4599);
#4601=CARTESIAN_POINT('',(-2.81E0,1.6E0,-3.004987437107E0));
#4602=VERTEX_POINT('',#4601);
#4603=CARTESIAN_POINT('',(-2.81E0,1.6E0,-1.015012562893E0));
#4604=VERTEX_POINT('',#4603);
#4605=CARTESIAN_POINT('',(-2.81E0,1.6E0,-6.6E-1));
#4606=VERTEX_POINT('',#4605);
#4607=CARTESIAN_POINT('',(-2.81E0,1.2E0,-6.6E-1));
#4608=VERTEX_POINT('',#4607);
#4609=CARTESIAN_POINT('',(-2.81E0,1.2E0,-1.025E0));
#4610=VERTEX_POINT('',#4609);
#4611=CARTESIAN_POINT('',(-2.81E0,3.E-2,-1.025E0));
#4612=VERTEX_POINT('',#4611);
#4613=CARTESIAN_POINT('',(-2.81E0,3.E-2,-9.6E-1));
#4614=VERTEX_POINT('',#4613);
#4615=CARTESIAN_POINT('',(-2.31E0,1.2E0,-2.01E0));
#4616=DIRECTION('',(-1.E0,0.E0,0.E0));
#4617=DIRECTION('',(0.E0,0.E0,1.E0));
#4618=AXIS2_PLACEMENT_3D('',#4615,#4616,#4617);
#4619=PLANE('',#4618);
#4621=ORIENTED_EDGE('',*,*,#4620,.T.);
#4623=ORIENTED_EDGE('',*,*,#4622,.F.);
#4625=ORIENTED_EDGE('',*,*,#4624,.T.);
#4627=ORIENTED_EDGE('',*,*,#4626,.F.);
#4629=ORIENTED_EDGE('',*,*,#4628,.T.);
#4631=ORIENTED_EDGE('',*,*,#4630,.T.);
#4633=ORIENTED_EDGE('',*,*,#4632,.T.);
#4635=ORIENTED_EDGE('',*,*,#4634,.T.);
#4637=ORIENTED_EDGE('',*,*,#4636,.T.);
#4639=ORIENTED_EDGE('',*,*,#4638,.T.);
#4641=ORIENTED_EDGE('',*,*,#4640,.T.);
#4643=ORIENTED_EDGE('',*,*,#4642,.T.);
#4645=ORIENTED_EDGE('',*,*,#4644,.T.);
#4647=ORIENTED_EDGE('',*,*,#4646,.T.);
#4649=ORIENTED_EDGE('',*,*,#4648,.T.);
#4651=ORIENTED_EDGE('',*,*,#4650,.T.);
#4653=ORIENTED_EDGE('',*,*,#4652,.T.);
#4655=ORIENTED_EDGE('',*,*,#4654,.T.);
#4656=EDGE_LOOP('',(#4621,#4623,#4625,#4627,#4629,#4631,#4633,#4635,#4637,#4639,
#4641,#4643,#4645,#4647,#4649,#4651,#4653,#4655));
#4657=FACE_OUTER_BOUND('',#4656,.F.);
#4658=ADVANCED_FACE('',(#4657),#4619,.F.);
#4659=CARTESIAN_POINT('',(-2.81E0,-3.E-1,-2.86E0));
#4660=DIRECTION('',(0.E0,0.E0,-1.E0));
#4661=DIRECTION('',(0.E0,-1.E0,0.E0));
#4662=AXIS2_PLACEMENT_3D('',#4659,#4660,#4661);
#4663=PLANE('',#4662);
#4665=ORIENTED_EDGE('',*,*,#4664,.T.);
#4667=ORIENTED_EDGE('',*,*,#4666,.F.);
#4669=ORIENTED_EDGE('',*,*,#4668,.F.);
#4670=ORIENTED_EDGE('',*,*,#4622,.T.);
#4671=EDGE_LOOP('',(#4665,#4667,#4669,#4670));
#4672=FACE_OUTER_BOUND('',#4671,.F.);
#4673=ADVANCED_FACE('',(#4672),#4663,.T.);
#4674=CARTESIAN_POINT('',(-2.81E0,1.2E0,-2.01E0));
#4675=DIRECTION('',(-1.E0,0.E0,0.E0));
#4676=DIRECTION('',(0.E0,0.E0,1.E0));
#4677=AXIS2_PLACEMENT_3D('',#4674,#4675,#4676);
#4678=PLANE('',#4677);
#4680=ORIENTED_EDGE('',*,*,#4679,.T.);
#4682=ORIENTED_EDGE('',*,*,#4681,.T.);
#4684=ORIENTED_EDGE('',*,*,#4683,.T.);
#4685=ORIENTED_EDGE('',*,*,#4666,.T.);
#4687=ORIENTED_EDGE('',*,*,#4686,.T.);
#4689=ORIENTED_EDGE('',*,*,#4688,.T.);
#4691=ORIENTED_EDGE('',*,*,#4690,.T.);
#4693=ORIENTED_EDGE('',*,*,#4692,.T.);
#4695=ORIENTED_EDGE('',*,*,#4694,.T.);
#4697=ORIENTED_EDGE('',*,*,#4696,.T.);
#4699=ORIENTED_EDGE('',*,*,#4698,.T.);
#4701=ORIENTED_EDGE('',*,*,#4700,.T.);
#4703=ORIENTED_EDGE('',*,*,#4702,.T.);
#4705=ORIENTED_EDGE('',*,*,#4704,.T.);
#4707=ORIENTED_EDGE('',*,*,#4706,.T.);
#4709=ORIENTED_EDGE('',*,*,#4708,.T.);
#4711=ORIENTED_EDGE('',*,*,#4710,.T.);
#4713=ORIENTED_EDGE('',*,*,#4712,.T.);
#4714=EDGE_LOOP('',(#4680,#4682,#4684,#4685,#4687,#4689,#4691,#4693,#4695,#4697,
#4699,#4701,#4703,#4705,#4707,#4709,#4711,#4713));
#4715=FACE_OUTER_BOUND('',#4714,.F.);
#4716=ADVANCED_FACE('',(#4715),#4678,.T.);
#4717=CARTESIAN_POINT('',(-2.31E0,-3.E-1,-2.01E0));
#4718=DIRECTION('',(0.E0,-1.E0,0.E0));
#4719=DIRECTION('',(0.E0,0.E0,1.E0));
#4720=AXIS2_PLACEMENT_3D('',#4717,#4718,#4719);
#4721=PLANE('',#4720);
#4723=ORIENTED_EDGE('',*,*,#4722,.F.);
#4724=ORIENTED_EDGE('',*,*,#4679,.F.);
#4726=ORIENTED_EDGE('',*,*,#4725,.T.);
#4727=ORIENTED_EDGE('',*,*,#4628,.F.);
#4728=EDGE_LOOP('',(#4723,#4724,#4726,#4727));
#4729=FACE_OUTER_BOUND('',#4728,.F.);
#4730=ADVANCED_FACE('',(#4729),#4721,.T.);
#4731=CARTESIAN_POINT('',(-2.81E0,-4.35E0,-2.16E0));
#4732=DIRECTION('',(0.E0,0.E0,1.E0));
#4733=DIRECTION('',(0.E0,1.E0,0.E0));
#4734=AXIS2_PLACEMENT_3D('',#4731,#4732,#4733);
#4735=PLANE('',#4734);
#4736=ORIENTED_EDGE('',*,*,#4722,.T.);
#4737=ORIENTED_EDGE('',*,*,#4626,.T.);
#4739=ORIENTED_EDGE('',*,*,#4738,.F.);
#4740=ORIENTED_EDGE('',*,*,#4681,.F.);
#4741=EDGE_LOOP('',(#4736,#4737,#4739,#4740));
#4742=FACE_OUTER_BOUND('',#4741,.F.);
#4743=ADVANCED_FACE('',(#4742),#4735,.T.);
#4744=CARTESIAN_POINT('',(-2.81E0,-4.35E0,-2.51E0));
#4745=DIRECTION('',(-1.E0,0.E0,0.E0));
#4746=DIRECTION('',(0.E0,0.E0,1.E0));
#4747=AXIS2_PLACEMENT_3D('',#4744,#4745,#4746);
#4748=CYLINDRICAL_SURFACE('',#4747,3.5E-1);
#4749=ORIENTED_EDGE('',*,*,#4683,.F.);
#4750=ORIENTED_EDGE('',*,*,#4738,.T.);
#4751=ORIENTED_EDGE('',*,*,#4624,.F.);
#4752=ORIENTED_EDGE('',*,*,#4668,.T.);
#4753=EDGE_LOOP('',(#4749,#4750,#4751,#4752));
#4754=FACE_OUTER_BOUND('',#4753,.F.);
#4755=ADVANCED_FACE('',(#4754),#4748,.T.);
#4756=CARTESIAN_POINT('',(-2.31E0,-3.E-1,-1.150525588833E0));
#4757=DIRECTION('',(0.E0,-5.E-1,8.660254037844E-1));
#4758=DIRECTION('',(0.E0,8.660254037844E-1,5.E-1));
#4759=AXIS2_PLACEMENT_3D('',#4756,#4757,#4758);
#4760=PLANE('',#4759);
#4761=ORIENTED_EDGE('',*,*,#4630,.F.);
#4762=ORIENTED_EDGE('',*,*,#4725,.F.);
#4763=ORIENTED_EDGE('',*,*,#4712,.F.);
#4765=ORIENTED_EDGE('',*,*,#4764,.T.);
#4766=EDGE_LOOP('',(#4761,#4762,#4763,#4765));
#4767=FACE_OUTER_BOUND('',#4766,.F.);
#4768=ADVANCED_FACE('',(#4767),#4760,.T.);
#4769=CARTESIAN_POINT('',(-2.31E0,-3.E-1,-2.869474411167E0));
#4770=DIRECTION('',(0.E0,5.E-1,8.660254037844E-1));
#4771=DIRECTION('',(0.E0,8.660254037844E-1,-5.E-1));
#4772=AXIS2_PLACEMENT_3D('',#4769,#4770,#4771);
#4773=PLANE('',#4772);
#4774=ORIENTED_EDGE('',*,*,#4654,.F.);
#4776=ORIENTED_EDGE('',*,*,#4775,.T.);
#4777=ORIENTED_EDGE('',*,*,#4688,.F.);
#4779=ORIENTED_EDGE('',*,*,#4778,.T.);
#4780=EDGE_LOOP('',(#4774,#4776,#4777,#4779));
#4781=FACE_OUTER_BOUND('',#4780,.F.);
#4782=ADVANCED_FACE('',(#4781),#4773,.F.);
#4783=OPEN_SHELL('',(#4658,#4673,#4716,#4730,#4743,#4755,#4768,#4782));
#4784=DIRECTION('',(0.E0,0.E0,-1.E0));
#4785=VECTOR('',#4784,9.474411167400E-3);
#4786=CARTESIAN_POINT('',(2.31E0,-3.E-1,2.949474411167E0));
#4787=LINE('',#4786,#4785);
#4788=CARTESIAN_POINT('',(2.31E0,-4.35E0,2.59E0));
#4789=DIRECTION('',(1.E0,0.E0,0.E0));
#4790=DIRECTION('',(0.E0,0.E0,1.E0));
#4791=AXIS2_PLACEMENT_3D('',#4788,#4789,#4790);
#4793=DIRECTION('',(0.E0,0.E0,-1.E0));
#4794=VECTOR('',#4793,1.009474411167E0);
#4795=CARTESIAN_POINT('',(2.31E0,-3.E-1,2.24E0));
#4796=LINE('',#4795,#4794);
#4797=DIRECTION('',(0.E0,8.660254037844E-1,-5.E-1));
#4798=VECTOR('',#4797,3.810511776652E-1);
#4799=CARTESIAN_POINT('',(2.31E0,-3.E-1,1.230525588833E0));
#4800=LINE('',#4799,#4798);
#4801=DIRECTION('',(0.E0,-5.038704496377E-14,1.E0));
#4802=VECTOR('',#4801,6.499999999999E-2);
#4803=CARTESIAN_POINT('',(2.31E0,3.E-2,1.04E0));
#4804=LINE('',#4803,#4802);
#4805=DIRECTION('',(0.E0,1.E0,0.E0));
#4806=VECTOR('',#4805,1.17E0);
#4807=CARTESIAN_POINT('',(2.31E0,3.E-2,1.105E0));
#4808=LINE('',#4807,#4806);
#4809=DIRECTION('',(0.E0,0.E0,-1.E0));
#4810=VECTOR('',#4809,3.65E-1);
#4811=CARTESIAN_POINT('',(2.31E0,1.2E0,1.105E0));
#4812=LINE('',#4811,#4810);
#4813=DIRECTION('',(0.E0,1.E0,0.E0));
#4814=VECTOR('',#4813,4.E-1);
#4815=CARTESIAN_POINT('',(2.31E0,1.2E0,7.4E-1));
#4816=LINE('',#4815,#4814);
#4817=DIRECTION('',(0.E0,0.E0,1.E0));
#4818=VECTOR('',#4817,3.550125628934E-1);
#4819=CARTESIAN_POINT('',(2.31E0,1.6E0,7.4E-1));
#4820=LINE('',#4819,#4818);
#4821=CARTESIAN_POINT('',(2.31E0,-3.3E0,2.09E0));
#4822=DIRECTION('',(1.E0,0.E0,0.E0));
#4823=DIRECTION('',(0.E0,9.8E-1,-1.989974874213E-1));
#4824=AXIS2_PLACEMENT_3D('',#4821,#4822,#4823);
#4826=DIRECTION('',(0.E0,0.E0,1.E0));
#4827=VECTOR('',#4826,3.550125628933E-1);
#4828=CARTESIAN_POINT('',(2.31E0,1.6E0,3.084987437107E0));
#4829=LINE('',#4828,#4827);
#4830=DIRECTION('',(0.E0,-1.E0,0.E0));
#4831=VECTOR('',#4830,4.E-1);
#4832=CARTESIAN_POINT('',(2.31E0,1.6E0,3.44E0));
#4833=LINE('',#4832,#4831);
#4834=DIRECTION('',(0.E0,0.E0,-1.E0));
#4835=VECTOR('',#4834,3.65E-1);
#4836=CARTESIAN_POINT('',(2.31E0,1.2E0,3.44E0));
#4837=LINE('',#4836,#4835);
#4838=DIRECTION('',(0.E0,-1.E0,0.E0));
#4839=VECTOR('',#4838,1.17E0);
#4840=CARTESIAN_POINT('',(2.31E0,1.2E0,3.075E0));
#4841=LINE('',#4840,#4839);
#4842=DIRECTION('',(0.E0,5.038704496377E-14,1.E0));
#4843=VECTOR('',#4842,6.499999999999E-2);
#4844=CARTESIAN_POINT('',(2.31E0,3.E-2,3.075E0));
#4845=LINE('',#4844,#4843);
#4846=DIRECTION('',(0.E0,-8.660254037844E-1,-5.E-1));
#4847=VECTOR('',#4846,3.810511776652E-1);
#4848=CARTESIAN_POINT('',(2.31E0,3.E-2,3.14E0));
#4849=LINE('',#4848,#4847);
#4850=DIRECTION('',(1.E0,0.E0,0.E0));
#4851=VECTOR('',#4850,5.E-1);
#4852=CARTESIAN_POINT('',(2.31E0,-3.E-1,2.94E0));
#4853=LINE('',#4852,#4851);
#4854=DIRECTION('',(0.E0,1.E0,0.E0));
#4855=VECTOR('',#4854,4.05E0);
#4856=CARTESIAN_POINT('',(2.31E0,-4.35E0,2.94E0));
#4857=LINE('',#4856,#4855);
#4858=DIRECTION('',(0.E0,0.E0,1.E0));
#4859=VECTOR('',#4858,1.009474411167E0);
#4860=CARTESIAN_POINT('',(2.81E0,-3.E-1,1.230525588833E0));
#4861=LINE('',#4860,#4859);
#4862=DIRECTION('',(0.E0,-1.E0,0.E0));
#4863=VECTOR('',#4862,4.05E0);
#4864=CARTESIAN_POINT('',(2.81E0,-3.E-1,2.24E0));
#4865=LINE('',#4864,#4863);
#4866=CARTESIAN_POINT('',(2.81E0,-4.35E0,2.59E0));
#4867=DIRECTION('',(-1.E0,0.E0,0.E0));
#4868=DIRECTION('',(0.E0,0.E0,-1.E0));
#4869=AXIS2_PLACEMENT_3D('',#4866,#4867,#4868);
#4871=DIRECTION('',(0.E0,1.E0,0.E0));
#4872=VECTOR('',#4871,4.05E0);
#4873=CARTESIAN_POINT('',(2.81E0,-4.35E0,2.94E0));
#4874=LINE('',#4873,#4872);
#4875=DIRECTION('',(0.E0,0.E0,1.E0));
#4876=VECTOR('',#4875,9.474411167400E-3);
#4877=CARTESIAN_POINT('',(2.81E0,-3.E-1,2.94E0));
#4878=LINE('',#4877,#4876);
#4879=DIRECTION('',(0.E0,8.660254037844E-1,5.E-1));
#4880=VECTOR('',#4879,3.810511776652E-1);
#4881=CARTESIAN_POINT('',(2.81E0,-3.E-1,2.949474411167E0));
#4882=LINE('',#4881,#4880);
#4883=DIRECTION('',(0.E0,-5.038704496377E-14,-1.E0));
#4884=VECTOR('',#4883,6.499999999999E-2);
#4885=CARTESIAN_POINT('',(2.81E0,3.E-2,3.14E0));
#4886=LINE('',#4885,#4884);
#4887=DIRECTION('',(0.E0,1.E0,0.E0));
#4888=VECTOR('',#4887,1.17E0);
#4889=CARTESIAN_POINT('',(2.81E0,3.E-2,3.075E0));
#4890=LINE('',#4889,#4888);
#4891=DIRECTION('',(0.E0,0.E0,1.E0));
#4892=VECTOR('',#4891,3.65E-1);
#4893=CARTESIAN_POINT('',(2.81E0,1.2E0,3.075E0));
#4894=LINE('',#4893,#4892);
#4895=DIRECTION('',(0.E0,1.E0,0.E0));
#4896=VECTOR('',#4895,4.E-1);
#4897=CARTESIAN_POINT('',(2.81E0,1.2E0,3.44E0));
#4898=LINE('',#4897,#4896);
#4899=DIRECTION('',(0.E0,0.E0,-1.E0));
#4900=VECTOR('',#4899,3.550125628934E-1);
#4901=CARTESIAN_POINT('',(2.81E0,1.6E0,3.44E0));
#4902=LINE('',#4901,#4900);
#4903=CARTESIAN_POINT('',(2.81E0,-3.3E0,2.09E0));
#4904=DIRECTION('',(-1.E0,0.E0,0.E0));
#4905=DIRECTION('',(0.E0,9.8E-1,1.989974874213E-1));
#4906=AXIS2_PLACEMENT_3D('',#4903,#4904,#4905);
#4908=DIRECTION('',(0.E0,0.E0,-1.E0));
#4909=VECTOR('',#4908,3.550125628933E-1);
#4910=CARTESIAN_POINT('',(2.81E0,1.6E0,1.095012562893E0));
#4911=LINE('',#4910,#4909);
#4912=DIRECTION('',(0.E0,-1.E0,0.E0));
#4913=VECTOR('',#4912,4.E-1);
#4914=CARTESIAN_POINT('',(2.81E0,1.6E0,7.4E-1));
#4915=LINE('',#4914,#4913);
#4916=DIRECTION('',(0.E0,0.E0,1.E0));
#4917=VECTOR('',#4916,3.65E-1);
#4918=CARTESIAN_POINT('',(2.81E0,1.2E0,7.4E-1));
#4919=LINE('',#4918,#4917);
#4920=DIRECTION('',(0.E0,-1.E0,0.E0));
#4921=VECTOR('',#4920,1.17E0);
#4922=CARTESIAN_POINT('',(2.81E0,1.2E0,1.105E0));
#4923=LINE('',#4922,#4921);
#4924=DIRECTION('',(0.E0,5.038704496377E-14,-1.E0));
#4925=VECTOR('',#4924,6.499999999999E-2);
#4926=CARTESIAN_POINT('',(2.81E0,3.E-2,1.105E0));
#4927=LINE('',#4926,#4925);
#4928=DIRECTION('',(0.E0,-8.660254037844E-1,5.E-1));
#4929=VECTOR('',#4928,3.810511776652E-1);
#4930=CARTESIAN_POINT('',(2.81E0,3.E-2,1.04E0));
#4931=LINE('',#4930,#4929);
#4932=DIRECTION('',(-1.E0,0.E0,0.E0));
#4933=VECTOR('',#4932,5.E-1);
#4934=CARTESIAN_POINT('',(2.81E0,-3.E-1,1.230525588833E0));
#4935=LINE('',#4934,#4933);
#4936=DIRECTION('',(-1.E0,0.E0,0.E0));
#4937=VECTOR('',#4936,5.E-1);
#4938=CARTESIAN_POINT('',(2.81E0,-3.E-1,2.24E0));
#4939=LINE('',#4938,#4937);
#4940=DIRECTION('',(0.E0,-1.E0,0.E0));
#4941=VECTOR('',#4940,4.05E0);
#4942=CARTESIAN_POINT('',(2.31E0,-3.E-1,2.24E0));
#4943=LINE('',#4942,#4941);
#4944=DIRECTION('',(-1.E0,0.E0,0.E0));
#4945=VECTOR('',#4944,5.E-1);
#4946=CARTESIAN_POINT('',(2.81E0,-4.35E0,2.24E0));
#4947=LINE('',#4946,#4945);
#4948=DIRECTION('',(1.E0,0.E0,0.E0));
#4949=VECTOR('',#4948,5.E-1);
#4950=CARTESIAN_POINT('',(2.31E0,-4.35E0,2.94E0));
#4951=LINE('',#4950,#4949);
#4952=DIRECTION('',(-1.E0,0.E0,0.E0));
#4953=VECTOR('',#4952,5.E-1);
#4954=CARTESIAN_POINT('',(2.81E0,3.E-2,1.04E0));
#4955=LINE('',#4954,#4953);
#4956=DIRECTION('',(1.E0,0.E0,0.E0));
#4957=VECTOR('',#4956,5.E-1);
#4958=CARTESIAN_POINT('',(2.31E0,3.E-2,3.14E0));
#4959=LINE('',#4958,#4957);
#4960=DIRECTION('',(-1.E0,0.E0,0.E0));
#4961=VECTOR('',#4960,5.E-1);
#4962=CARTESIAN_POINT('',(2.81E0,-3.E-1,2.949474411167E0));
#4963=LINE('',#4962,#4961);
#4964=CARTESIAN_POINT('',(2.31E0,-3.E-1,2.949474411167E0));
#4965=CARTESIAN_POINT('',(2.31E0,-3.E-1,2.94E0));
#4966=VERTEX_POINT('',#4964);
#4967=VERTEX_POINT('',#4965);
#4968=CARTESIAN_POINT('',(2.31E0,-4.35E0,2.94E0));
#4969=VERTEX_POINT('',#4968);
#4970=CARTESIAN_POINT('',(2.31E0,-4.35E0,2.24E0));
#4971=VERTEX_POINT('',#4970);
#4972=CARTESIAN_POINT('',(2.31E0,-3.E-1,2.24E0));
#4973=VERTEX_POINT('',#4972);
#4974=CARTESIAN_POINT('',(2.31E0,-3.E-1,1.230525588833E0));
#4975=VERTEX_POINT('',#4974);
#4976=CARTESIAN_POINT('',(2.31E0,3.E-2,1.04E0));
#4977=VERTEX_POINT('',#4976);
#4978=CARTESIAN_POINT('',(2.31E0,3.E-2,1.105E0));
#4979=VERTEX_POINT('',#4978);
#4980=CARTESIAN_POINT('',(2.31E0,1.2E0,1.105E0));
#4981=VERTEX_POINT('',#4980);
#4982=CARTESIAN_POINT('',(2.31E0,1.2E0,7.4E-1));
#4983=VERTEX_POINT('',#4982);
#4984=CARTESIAN_POINT('',(2.31E0,1.6E0,7.4E-1));
#4985=VERTEX_POINT('',#4984);
#4986=CARTESIAN_POINT('',(2.31E0,1.6E0,1.095012562893E0));
#4987=VERTEX_POINT('',#4986);
#4988=CARTESIAN_POINT('',(2.31E0,1.6E0,3.084987437107E0));
#4989=VERTEX_POINT('',#4988);
#4990=CARTESIAN_POINT('',(2.31E0,1.6E0,3.44E0));
#4991=VERTEX_POINT('',#4990);
#4992=CARTESIAN_POINT('',(2.31E0,1.2E0,3.44E0));
#4993=VERTEX_POINT('',#4992);
#4994=CARTESIAN_POINT('',(2.31E0,1.2E0,3.075E0));
#4995=VERTEX_POINT('',#4994);
#4996=CARTESIAN_POINT('',(2.31E0,3.E-2,3.075E0));
#4997=VERTEX_POINT('',#4996);
#4998=CARTESIAN_POINT('',(2.31E0,3.E-2,3.14E0));
#4999=VERTEX_POINT('',#4998);
#5000=CARTESIAN_POINT('',(2.81E0,-3.E-1,2.94E0));
#5001=VERTEX_POINT('',#5000);
#5002=CARTESIAN_POINT('',(2.81E0,-3.E-1,2.949474411167E0));
#5003=VERTEX_POINT('',#5002);
#5004=CARTESIAN_POINT('',(2.81E0,-3.E-1,2.24E0));
#5005=VERTEX_POINT('',#5004);
#5006=CARTESIAN_POINT('',(2.81E0,-3.E-1,1.230525588833E0));
#5007=VERTEX_POINT('',#5006);
#5008=CARTESIAN_POINT('',(2.81E0,-4.35E0,2.94E0));
#5009=VERTEX_POINT('',#5008);
#5010=CARTESIAN_POINT('',(2.81E0,-4.35E0,2.24E0));
#5011=VERTEX_POINT('',#5010);
#5012=CARTESIAN_POINT('',(2.81E0,3.E-2,3.14E0));
#5013=VERTEX_POINT('',#5012);
#5014=CARTESIAN_POINT('',(2.81E0,3.E-2,3.075E0));
#5015=VERTEX_POINT('',#5014);
#5016=CARTESIAN_POINT('',(2.81E0,1.2E0,3.075E0));
#5017=VERTEX_POINT('',#5016);
#5018=CARTESIAN_POINT('',(2.81E0,1.2E0,3.44E0));
#5019=VERTEX_POINT('',#5018);
#5020=CARTESIAN_POINT('',(2.81E0,1.6E0,3.44E0));
#5021=VERTEX_POINT('',#5020);
#5022=CARTESIAN_POINT('',(2.81E0,1.6E0,3.084987437107E0));
#5023=VERTEX_POINT('',#5022);
#5024=CARTESIAN_POINT('',(2.81E0,1.6E0,1.095012562893E0));
#5025=VERTEX_POINT('',#5024);
#5026=CARTESIAN_POINT('',(2.81E0,1.6E0,7.4E-1));
#5027=VERTEX_POINT('',#5026);
#5028=CARTESIAN_POINT('',(2.81E0,1.2E0,7.4E-1));
#5029=VERTEX_POINT('',#5028);
#5030=CARTESIAN_POINT('',(2.81E0,1.2E0,1.105E0));
#5031=VERTEX_POINT('',#5030);
#5032=CARTESIAN_POINT('',(2.81E0,3.E-2,1.105E0));
#5033=VERTEX_POINT('',#5032);
#5034=CARTESIAN_POINT('',(2.81E0,3.E-2,1.04E0));
#5035=VERTEX_POINT('',#5034);
#5036=CARTESIAN_POINT('',(2.31E0,1.2E0,2.09E0));
#5037=DIRECTION('',(1.E0,0.E0,0.E0));
#5038=DIRECTION('',(0.E0,0.E0,-1.E0));
#5039=AXIS2_PLACEMENT_3D('',#5036,#5037,#5038);
#5040=PLANE('',#5039);
#5042=ORIENTED_EDGE('',*,*,#5041,.T.);
#5044=ORIENTED_EDGE('',*,*,#5043,.F.);
#5046=ORIENTED_EDGE('',*,*,#5045,.T.);
#5048=ORIENTED_EDGE('',*,*,#5047,.F.);
#5050=ORIENTED_EDGE('',*,*,#5049,.T.);
#5052=ORIENTED_EDGE('',*,*,#5051,.T.);
#5054=ORIENTED_EDGE('',*,*,#5053,.T.);
#5056=ORIENTED_EDGE('',*,*,#5055,.T.);
#5058=ORIENTED_EDGE('',*,*,#5057,.T.);
#5060=ORIENTED_EDGE('',*,*,#5059,.T.);
#5062=ORIENTED_EDGE('',*,*,#5061,.T.);
#5064=ORIENTED_EDGE('',*,*,#5063,.T.);
#5066=ORIENTED_EDGE('',*,*,#5065,.T.);
#5068=ORIENTED_EDGE('',*,*,#5067,.T.);
#5070=ORIENTED_EDGE('',*,*,#5069,.T.);
#5072=ORIENTED_EDGE('',*,*,#5071,.T.);
#5074=ORIENTED_EDGE('',*,*,#5073,.T.);
#5076=ORIENTED_EDGE('',*,*,#5075,.T.);
#5077=EDGE_LOOP('',(#5042,#5044,#5046,#5048,#5050,#5052,#5054,#5056,#5058,#5060,
#5062,#5064,#5066,#5068,#5070,#5072,#5074,#5076));
#5078=FACE_OUTER_BOUND('',#5077,.F.);
#5079=ADVANCED_FACE('',(#5078),#5040,.F.);
#5080=CARTESIAN_POINT('',(2.81E0,-3.E-1,2.94E0));
#5081=DIRECTION('',(0.E0,0.E0,1.E0));
#5082=DIRECTION('',(0.E0,-1.E0,0.E0));
#5083=AXIS2_PLACEMENT_3D('',#5080,#5081,#5082);
#5084=PLANE('',#5083);
#5086=ORIENTED_EDGE('',*,*,#5085,.T.);
#5088=ORIENTED_EDGE('',*,*,#5087,.F.);
#5090=ORIENTED_EDGE('',*,*,#5089,.F.);
#5091=ORIENTED_EDGE('',*,*,#5043,.T.);
#5092=EDGE_LOOP('',(#5086,#5088,#5090,#5091));
#5093=FACE_OUTER_BOUND('',#5092,.F.);
#5094=ADVANCED_FACE('',(#5093),#5084,.T.);
#5095=CARTESIAN_POINT('',(2.81E0,1.2E0,2.09E0));
#5096=DIRECTION('',(1.E0,0.E0,0.E0));
#5097=DIRECTION('',(0.E0,0.E0,-1.E0));
#5098=AXIS2_PLACEMENT_3D('',#5095,#5096,#5097);
#5099=PLANE('',#5098);
#5101=ORIENTED_EDGE('',*,*,#5100,.T.);
#5103=ORIENTED_EDGE('',*,*,#5102,.T.);
#5105=ORIENTED_EDGE('',*,*,#5104,.T.);
#5106=ORIENTED_EDGE('',*,*,#5087,.T.);
#5108=ORIENTED_EDGE('',*,*,#5107,.T.);
#5110=ORIENTED_EDGE('',*,*,#5109,.T.);
#5112=ORIENTED_EDGE('',*,*,#5111,.T.);
#5114=ORIENTED_EDGE('',*,*,#5113,.T.);
#5116=ORIENTED_EDGE('',*,*,#5115,.T.);
#5118=ORIENTED_EDGE('',*,*,#5117,.T.);
#5120=ORIENTED_EDGE('',*,*,#5119,.T.);
#5122=ORIENTED_EDGE('',*,*,#5121,.T.);
#5124=ORIENTED_EDGE('',*,*,#5123,.T.);
#5126=ORIENTED_EDGE('',*,*,#5125,.T.);
#5128=ORIENTED_EDGE('',*,*,#5127,.T.);
#5130=ORIENTED_EDGE('',*,*,#5129,.T.);
#5132=ORIENTED_EDGE('',*,*,#5131,.T.);
#5134=ORIENTED_EDGE('',*,*,#5133,.T.);
#5135=EDGE_LOOP('',(#5101,#5103,#5105,#5106,#5108,#5110,#5112,#5114,#5116,#5118,
#5120,#5122,#5124,#5126,#5128,#5130,#5132,#5134));
#5136=FACE_OUTER_BOUND('',#5135,.F.);
#5137=ADVANCED_FACE('',(#5136),#5099,.T.);
#5138=CARTESIAN_POINT('',(2.31E0,-3.E-1,2.09E0));
#5139=DIRECTION('',(0.E0,-1.E0,0.E0));
#5140=DIRECTION('',(0.E0,0.E0,-1.E0));
#5141=AXIS2_PLACEMENT_3D('',#5138,#5139,#5140);
#5142=PLANE('',#5141);
#5144=ORIENTED_EDGE('',*,*,#5143,.F.);
#5145=ORIENTED_EDGE('',*,*,#5100,.F.);
#5147=ORIENTED_EDGE('',*,*,#5146,.T.);
#5148=ORIENTED_EDGE('',*,*,#5049,.F.);
#5149=EDGE_LOOP('',(#5144,#5145,#5147,#5148));
#5150=FACE_OUTER_BOUND('',#5149,.F.);
#5151=ADVANCED_FACE('',(#5150),#5142,.T.);
#5152=CARTESIAN_POINT('',(2.81E0,-4.35E0,2.24E0));
#5153=DIRECTION('',(0.E0,0.E0,-1.E0));
#5154=DIRECTION('',(0.E0,1.E0,0.E0));
#5155=AXIS2_PLACEMENT_3D('',#5152,#5153,#5154);
#5156=PLANE('',#5155);
#5157=ORIENTED_EDGE('',*,*,#5143,.T.);
#5158=ORIENTED_EDGE('',*,*,#5047,.T.);
#5160=ORIENTED_EDGE('',*,*,#5159,.F.);
#5161=ORIENTED_EDGE('',*,*,#5102,.F.);
#5162=EDGE_LOOP('',(#5157,#5158,#5160,#5161));
#5163=FACE_OUTER_BOUND('',#5162,.F.);
#5164=ADVANCED_FACE('',(#5163),#5156,.T.);
#5165=CARTESIAN_POINT('',(2.81E0,-4.35E0,2.59E0));
#5166=DIRECTION('',(1.E0,0.E0,0.E0));
#5167=DIRECTION('',(0.E0,0.E0,-1.E0));
#5168=AXIS2_PLACEMENT_3D('',#5165,#5166,#5167);
#5169=CYLINDRICAL_SURFACE('',#5168,3.5E-1);
#5170=ORIENTED_EDGE('',*,*,#5104,.F.);
#5171=ORIENTED_EDGE('',*,*,#5159,.T.);
#5172=ORIENTED_EDGE('',*,*,#5045,.F.);
#5173=ORIENTED_EDGE('',*,*,#5089,.T.);
#5174=EDGE_LOOP('',(#5170,#5171,#5172,#5173));
#5175=FACE_OUTER_BOUND('',#5174,.F.);
#5176=ADVANCED_FACE('',(#5175),#5169,.T.);
#5177=CARTESIAN_POINT('',(2.31E0,-3.E-1,1.230525588833E0));
#5178=DIRECTION('',(0.E0,-5.E-1,-8.660254037844E-1));
#5179=DIRECTION('',(0.E0,8.660254037844E-1,-5.E-1));
#5180=AXIS2_PLACEMENT_3D('',#5177,#5178,#5179);
#5181=PLANE('',#5180);
#5182=ORIENTED_EDGE('',*,*,#5051,.F.);
#5183=ORIENTED_EDGE('',*,*,#5146,.F.);
#5184=ORIENTED_EDGE('',*,*,#5133,.F.);
#5186=ORIENTED_EDGE('',*,*,#5185,.T.);
#5187=EDGE_LOOP('',(#5182,#5183,#5184,#5186));
#5188=FACE_OUTER_BOUND('',#5187,.F.);
#5189=ADVANCED_FACE('',(#5188),#5181,.T.);
#5190=CARTESIAN_POINT('',(2.31E0,-3.E-1,2.949474411167E0));
#5191=DIRECTION('',(0.E0,5.E-1,-8.660254037844E-1));
#5192=DIRECTION('',(0.E0,8.660254037844E-1,5.E-1));
#5193=AXIS2_PLACEMENT_3D('',#5190,#5191,#5192);
#5194=PLANE('',#5193);
#5195=ORIENTED_EDGE('',*,*,#5075,.F.);
#5197=ORIENTED_EDGE('',*,*,#5196,.T.);
#5198=ORIENTED_EDGE('',*,*,#5109,.F.);
#5200=ORIENTED_EDGE('',*,*,#5199,.T.);
#5201=EDGE_LOOP('',(#5195,#5197,#5198,#5200));
#5202=FACE_OUTER_BOUND('',#5201,.F.);
#5203=ADVANCED_FACE('',(#5202),#5194,.F.);
#5204=OPEN_SHELL('',(#5079,#5094,#5137,#5151,#5164,#5176,#5189,#5203));
#5205=DIRECTION('',(0.E0,0.E0,1.E0));
#5206=VECTOR('',#5205,9.474411167400E-3);
#5207=CARTESIAN_POINT('',(2.81E0,-3.E-1,-2.949474411167E0));
#5208=LINE('',#5207,#5206);
#5209=CARTESIAN_POINT('',(2.81E0,-4.35E0,-2.59E0));
#5210=DIRECTION('',(-1.E0,0.E0,0.E0));
#5211=DIRECTION('',(0.E0,0.E0,-1.E0));
#5212=AXIS2_PLACEMENT_3D('',#5209,#5210,#5211);
#5214=DIRECTION('',(0.E0,0.E0,1.E0));
#5215=VECTOR('',#5214,1.009474411167E0);
#5216=CARTESIAN_POINT('',(2.81E0,-3.E-1,-2.24E0));
#5217=LINE('',#5216,#5215);
#5218=DIRECTION('',(0.E0,8.660254037844E-1,5.E-1));
#5219=VECTOR('',#5218,3.810511776652E-1);
#5220=CARTESIAN_POINT('',(2.81E0,-3.E-1,-1.230525588833E0));
#5221=LINE('',#5220,#5219);
#5222=DIRECTION('',(0.E0,-5.038704496377E-14,-1.E0));
#5223=VECTOR('',#5222,6.499999999999E-2);
#5224=CARTESIAN_POINT('',(2.81E0,3.E-2,-1.04E0));
#5225=LINE('',#5224,#5223);
#5226=DIRECTION('',(0.E0,1.E0,0.E0));
#5227=VECTOR('',#5226,1.17E0);
#5228=CARTESIAN_POINT('',(2.81E0,3.E-2,-1.105E0));
#5229=LINE('',#5228,#5227);
#5230=DIRECTION('',(0.E0,0.E0,1.E0));
#5231=VECTOR('',#5230,3.65E-1);
#5232=CARTESIAN_POINT('',(2.81E0,1.2E0,-1.105E0));
#5233=LINE('',#5232,#5231);
#5234=DIRECTION('',(0.E0,1.E0,0.E0));
#5235=VECTOR('',#5234,4.E-1);
#5236=CARTESIAN_POINT('',(2.81E0,1.2E0,-7.4E-1));
#5237=LINE('',#5236,#5235);
#5238=DIRECTION('',(0.E0,0.E0,-1.E0));
#5239=VECTOR('',#5238,3.550125628934E-1);
#5240=CARTESIAN_POINT('',(2.81E0,1.6E0,-7.4E-1));
#5241=LINE('',#5240,#5239);
#5242=CARTESIAN_POINT('',(2.81E0,-3.3E0,-2.09E0));
#5243=DIRECTION('',(-1.E0,0.E0,0.E0));
#5244=DIRECTION('',(0.E0,9.8E-1,1.989974874213E-1));
#5245=AXIS2_PLACEMENT_3D('',#5242,#5243,#5244);
#5247=DIRECTION('',(0.E0,0.E0,-1.E0));
#5248=VECTOR('',#5247,3.550125628933E-1);
#5249=CARTESIAN_POINT('',(2.81E0,1.6E0,-3.084987437107E0));
#5250=LINE('',#5249,#5248);
#5251=DIRECTION('',(0.E0,-1.E0,0.E0));
#5252=VECTOR('',#5251,4.E-1);
#5253=CARTESIAN_POINT('',(2.81E0,1.6E0,-3.44E0));
#5254=LINE('',#5253,#5252);
#5255=DIRECTION('',(0.E0,0.E0,1.E0));
#5256=VECTOR('',#5255,3.65E-1);
#5257=CARTESIAN_POINT('',(2.81E0,1.2E0,-3.44E0));
#5258=LINE('',#5257,#5256);
#5259=DIRECTION('',(0.E0,-1.E0,0.E0));
#5260=VECTOR('',#5259,1.17E0);
#5261=CARTESIAN_POINT('',(2.81E0,1.2E0,-3.075E0));
#5262=LINE('',#5261,#5260);
#5263=DIRECTION('',(0.E0,5.038704496377E-14,-1.E0));
#5264=VECTOR('',#5263,6.499999999999E-2);
#5265=CARTESIAN_POINT('',(2.81E0,3.E-2,-3.075E0));
#5266=LINE('',#5265,#5264);
#5267=DIRECTION('',(0.E0,-8.660254037844E-1,5.E-1));
#5268=VECTOR('',#5267,3.810511776652E-1);
#5269=CARTESIAN_POINT('',(2.81E0,3.E-2,-3.14E0));
#5270=LINE('',#5269,#5268);
#5271=DIRECTION('',(-1.E0,0.E0,0.E0));
#5272=VECTOR('',#5271,5.E-1);
#5273=CARTESIAN_POINT('',(2.81E0,-3.E-1,-2.94E0));
#5274=LINE('',#5273,#5272);
#5275=DIRECTION('',(0.E0,1.E0,0.E0));
#5276=VECTOR('',#5275,4.05E0);
#5277=CARTESIAN_POINT('',(2.81E0,-4.35E0,-2.94E0));
#5278=LINE('',#5277,#5276);
#5279=DIRECTION('',(0.E0,0.E0,-1.E0));
#5280=VECTOR('',#5279,1.009474411167E0);
#5281=CARTESIAN_POINT('',(2.31E0,-3.E-1,-1.230525588833E0));
#5282=LINE('',#5281,#5280);
#5283=DIRECTION('',(0.E0,-1.E0,0.E0));
#5284=VECTOR('',#5283,4.05E0);
#5285=CARTESIAN_POINT('',(2.31E0,-3.E-1,-2.24E0));
#5286=LINE('',#5285,#5284);
#5287=CARTESIAN_POINT('',(2.31E0,-4.35E0,-2.59E0));
#5288=DIRECTION('',(1.E0,0.E0,0.E0));
#5289=DIRECTION('',(0.E0,0.E0,1.E0));
#5290=AXIS2_PLACEMENT_3D('',#5287,#5288,#5289);
#5292=DIRECTION('',(0.E0,1.E0,0.E0));
#5293=VECTOR('',#5292,4.05E0);
#5294=CARTESIAN_POINT('',(2.31E0,-4.35E0,-2.94E0));
#5295=LINE('',#5294,#5293);
#5296=DIRECTION('',(0.E0,0.E0,-1.E0));
#5297=VECTOR('',#5296,9.474411167400E-3);
#5298=CARTESIAN_POINT('',(2.31E0,-3.E-1,-2.94E0));
#5299=LINE('',#5298,#5297);
#5300=DIRECTION('',(0.E0,8.660254037844E-1,-5.E-1));
#5301=VECTOR('',#5300,3.810511776652E-1);
#5302=CARTESIAN_POINT('',(2.31E0,-3.E-1,-2.949474411167E0));
#5303=LINE('',#5302,#5301);
#5304=DIRECTION('',(0.E0,-5.038704496377E-14,1.E0));
#5305=VECTOR('',#5304,6.499999999999E-2);
#5306=CARTESIAN_POINT('',(2.31E0,3.E-2,-3.14E0));
#5307=LINE('',#5306,#5305);
#5308=DIRECTION('',(0.E0,1.E0,0.E0));
#5309=VECTOR('',#5308,1.17E0);
#5310=CARTESIAN_POINT('',(2.31E0,3.E-2,-3.075E0));
#5311=LINE('',#5310,#5309);
#5312=DIRECTION('',(0.E0,0.E0,-1.E0));
#5313=VECTOR('',#5312,3.65E-1);
#5314=CARTESIAN_POINT('',(2.31E0,1.2E0,-3.075E0));
#5315=LINE('',#5314,#5313);
#5316=DIRECTION('',(0.E0,1.E0,0.E0));
#5317=VECTOR('',#5316,4.E-1);
#5318=CARTESIAN_POINT('',(2.31E0,1.2E0,-3.44E0));
#5319=LINE('',#5318,#5317);
#5320=DIRECTION('',(0.E0,0.E0,1.E0));
#5321=VECTOR('',#5320,3.550125628934E-1);
#5322=CARTESIAN_POINT('',(2.31E0,1.6E0,-3.44E0));
#5323=LINE('',#5322,#5321);
#5324=CARTESIAN_POINT('',(2.31E0,-3.3E0,-2.09E0));
#5325=DIRECTION('',(1.E0,0.E0,0.E0));
#5326=DIRECTION('',(0.E0,9.8E-1,-1.989974874213E-1));
#5327=AXIS2_PLACEMENT_3D('',#5324,#5325,#5326);
#5329=DIRECTION('',(0.E0,0.E0,1.E0));
#5330=VECTOR('',#5329,3.550125628933E-1);
#5331=CARTESIAN_POINT('',(2.31E0,1.6E0,-1.095012562893E0));
#5332=LINE('',#5331,#5330);
#5333=DIRECTION('',(0.E0,-1.E0,0.E0));
#5334=VECTOR('',#5333,4.E-1);
#5335=CARTESIAN_POINT('',(2.31E0,1.6E0,-7.4E-1));
#5336=LINE('',#5335,#5334);
#5337=DIRECTION('',(0.E0,0.E0,-1.E0));
#5338=VECTOR('',#5337,3.65E-1);
#5339=CARTESIAN_POINT('',(2.31E0,1.2E0,-7.4E-1));
#5340=LINE('',#5339,#5338);
#5341=DIRECTION('',(0.E0,-1.E0,0.E0));
#5342=VECTOR('',#5341,1.17E0);
#5343=CARTESIAN_POINT('',(2.31E0,1.2E0,-1.105E0));
#5344=LINE('',#5343,#5342);
#5345=DIRECTION('',(0.E0,5.038704496377E-14,1.E0));
#5346=VECTOR('',#5345,6.499999999999E-2);
#5347=CARTESIAN_POINT('',(2.31E0,3.E-2,-1.105E0));
#5348=LINE('',#5347,#5346);
#5349=DIRECTION('',(0.E0,-8.660254037844E-1,-5.E-1));
#5350=VECTOR('',#5349,3.810511776652E-1);
#5351=CARTESIAN_POINT('',(2.31E0,3.E-2,-1.04E0));
#5352=LINE('',#5351,#5350);
#5353=DIRECTION('',(1.E0,0.E0,0.E0));
#5354=VECTOR('',#5353,5.E-1);
#5355=CARTESIAN_POINT('',(2.31E0,-3.E-1,-1.230525588833E0));
#5356=LINE('',#5355,#5354);
#5357=DIRECTION('',(1.E0,0.E0,0.E0));
#5358=VECTOR('',#5357,5.E-1);
#5359=CARTESIAN_POINT('',(2.31E0,-3.E-1,-2.24E0));
#5360=LINE('',#5359,#5358);
#5361=DIRECTION('',(0.E0,-1.E0,0.E0));
#5362=VECTOR('',#5361,4.05E0);
#5363=CARTESIAN_POINT('',(2.81E0,-3.E-1,-2.24E0));
#5364=LINE('',#5363,#5362);
#5365=DIRECTION('',(1.E0,0.E0,0.E0));
#5366=VECTOR('',#5365,5.E-1);
#5367=CARTESIAN_POINT('',(2.31E0,-4.35E0,-2.24E0));
#5368=LINE('',#5367,#5366);
#5369=DIRECTION('',(-1.E0,0.E0,0.E0));
#5370=VECTOR('',#5369,5.E-1);
#5371=CARTESIAN_POINT('',(2.81E0,-4.35E0,-2.94E0));
#5372=LINE('',#5371,#5370);
#5373=DIRECTION('',(1.E0,0.E0,0.E0));
#5374=VECTOR('',#5373,5.E-1);
#5375=CARTESIAN_POINT('',(2.31E0,3.E-2,-1.04E0));
#5376=LINE('',#5375,#5374);
#5377=DIRECTION('',(-1.E0,0.E0,0.E0));
#5378=VECTOR('',#5377,5.E-1);
#5379=CARTESIAN_POINT('',(2.81E0,3.E-2,-3.14E0));
#5380=LINE('',#5379,#5378);
#5381=DIRECTION('',(1.E0,0.E0,0.E0));
#5382=VECTOR('',#5381,5.E-1);
#5383=CARTESIAN_POINT('',(2.31E0,-3.E-1,-2.949474411167E0));
#5384=LINE('',#5383,#5382);
#5385=CARTESIAN_POINT('',(2.81E0,-3.E-1,-2.949474411167E0));
#5386=CARTESIAN_POINT('',(2.81E0,-3.E-1,-2.94E0));
#5387=VERTEX_POINT('',#5385);
#5388=VERTEX_POINT('',#5386);
#5389=CARTESIAN_POINT('',(2.81E0,-4.35E0,-2.94E0));
#5390=VERTEX_POINT('',#5389);
#5391=CARTESIAN_POINT('',(2.81E0,-4.35E0,-2.24E0));
#5392=VERTEX_POINT('',#5391);
#5393=CARTESIAN_POINT('',(2.81E0,-3.E-1,-2.24E0));
#5394=VERTEX_POINT('',#5393);
#5395=CARTESIAN_POINT('',(2.81E0,-3.E-1,-1.230525588833E0));
#5396=VERTEX_POINT('',#5395);
#5397=CARTESIAN_POINT('',(2.81E0,3.E-2,-1.04E0));
#5398=VERTEX_POINT('',#5397);
#5399=CARTESIAN_POINT('',(2.81E0,3.E-2,-1.105E0));
#5400=VERTEX_POINT('',#5399);
#5401=CARTESIAN_POINT('',(2.81E0,1.2E0,-1.105E0));
#5402=VERTEX_POINT('',#5401);
#5403=CARTESIAN_POINT('',(2.81E0,1.2E0,-7.4E-1));
#5404=VERTEX_POINT('',#5403);
#5405=CARTESIAN_POINT('',(2.81E0,1.6E0,-7.4E-1));
#5406=VERTEX_POINT('',#5405);
#5407=CARTESIAN_POINT('',(2.81E0,1.6E0,-1.095012562893E0));
#5408=VERTEX_POINT('',#5407);
#5409=CARTESIAN_POINT('',(2.81E0,1.6E0,-3.084987437107E0));
#5410=VERTEX_POINT('',#5409);
#5411=CARTESIAN_POINT('',(2.81E0,1.6E0,-3.44E0));
#5412=VERTEX_POINT('',#5411);
#5413=CARTESIAN_POINT('',(2.81E0,1.2E0,-3.44E0));
#5414=VERTEX_POINT('',#5413);
#5415=CARTESIAN_POINT('',(2.81E0,1.2E0,-3.075E0));
#5416=VERTEX_POINT('',#5415);
#5417=CARTESIAN_POINT('',(2.81E0,3.E-2,-3.075E0));
#5418=VERTEX_POINT('',#5417);
#5419=CARTESIAN_POINT('',(2.81E0,3.E-2,-3.14E0));
#5420=VERTEX_POINT('',#5419);
#5421=CARTESIAN_POINT('',(2.31E0,-3.E-1,-2.94E0));
#5422=VERTEX_POINT('',#5421);
#5423=CARTESIAN_POINT('',(2.31E0,-3.E-1,-2.949474411167E0));
#5424=VERTEX_POINT('',#5423);
#5425=CARTESIAN_POINT('',(2.31E0,-3.E-1,-2.24E0));
#5426=VERTEX_POINT('',#5425);
#5427=CARTESIAN_POINT('',(2.31E0,-3.E-1,-1.230525588833E0));
#5428=VERTEX_POINT('',#5427);
#5429=CARTESIAN_POINT('',(2.31E0,-4.35E0,-2.94E0));
#5430=VERTEX_POINT('',#5429);
#5431=CARTESIAN_POINT('',(2.31E0,-4.35E0,-2.24E0));
#5432=VERTEX_POINT('',#5431);
#5433=CARTESIAN_POINT('',(2.31E0,3.E-2,-3.14E0));
#5434=VERTEX_POINT('',#5433);
#5435=CARTESIAN_POINT('',(2.31E0,3.E-2,-3.075E0));
#5436=VERTEX_POINT('',#5435);
#5437=CARTESIAN_POINT('',(2.31E0,1.2E0,-3.075E0));
#5438=VERTEX_POINT('',#5437);
#5439=CARTESIAN_POINT('',(2.31E0,1.2E0,-3.44E0));
#5440=VERTEX_POINT('',#5439);
#5441=CARTESIAN_POINT('',(2.31E0,1.6E0,-3.44E0));
#5442=VERTEX_POINT('',#5441);
#5443=CARTESIAN_POINT('',(2.31E0,1.6E0,-3.084987437107E0));
#5444=VERTEX_POINT('',#5443);
#5445=CARTESIAN_POINT('',(2.31E0,1.6E0,-1.095012562893E0));
#5446=VERTEX_POINT('',#5445);
#5447=CARTESIAN_POINT('',(2.31E0,1.6E0,-7.4E-1));
#5448=VERTEX_POINT('',#5447);
#5449=CARTESIAN_POINT('',(2.31E0,1.2E0,-7.4E-1));
#5450=VERTEX_POINT('',#5449);
#5451=CARTESIAN_POINT('',(2.31E0,1.2E0,-1.105E0));
#5452=VERTEX_POINT('',#5451);
#5453=CARTESIAN_POINT('',(2.31E0,3.E-2,-1.105E0));
#5454=VERTEX_POINT('',#5453);
#5455=CARTESIAN_POINT('',(2.31E0,3.E-2,-1.04E0));
#5456=VERTEX_POINT('',#5455);
#5457=CARTESIAN_POINT('',(2.81E0,1.2E0,-2.09E0));
#5458=DIRECTION('',(-1.E0,0.E0,0.E0));
#5459=DIRECTION('',(0.E0,0.E0,1.E0));
#5460=AXIS2_PLACEMENT_3D('',#5457,#5458,#5459);
#5461=PLANE('',#5460);
#5463=ORIENTED_EDGE('',*,*,#5462,.T.);
#5465=ORIENTED_EDGE('',*,*,#5464,.F.);
#5467=ORIENTED_EDGE('',*,*,#5466,.T.);
#5469=ORIENTED_EDGE('',*,*,#5468,.F.);
#5471=ORIENTED_EDGE('',*,*,#5470,.T.);
#5473=ORIENTED_EDGE('',*,*,#5472,.T.);
#5475=ORIENTED_EDGE('',*,*,#5474,.T.);
#5477=ORIENTED_EDGE('',*,*,#5476,.T.);
#5479=ORIENTED_EDGE('',*,*,#5478,.T.);
#5481=ORIENTED_EDGE('',*,*,#5480,.T.);
#5483=ORIENTED_EDGE('',*,*,#5482,.T.);
#5485=ORIENTED_EDGE('',*,*,#5484,.T.);
#5487=ORIENTED_EDGE('',*,*,#5486,.T.);
#5489=ORIENTED_EDGE('',*,*,#5488,.T.);
#5491=ORIENTED_EDGE('',*,*,#5490,.T.);
#5493=ORIENTED_EDGE('',*,*,#5492,.T.);
#5495=ORIENTED_EDGE('',*,*,#5494,.T.);
#5497=ORIENTED_EDGE('',*,*,#5496,.T.);
#5498=EDGE_LOOP('',(#5463,#5465,#5467,#5469,#5471,#5473,#5475,#5477,#5479,#5481,
#5483,#5485,#5487,#5489,#5491,#5493,#5495,#5497));
#5499=FACE_OUTER_BOUND('',#5498,.F.);
#5500=ADVANCED_FACE('',(#5499),#5461,.F.);
#5501=CARTESIAN_POINT('',(2.31E0,-3.E-1,-2.94E0));
#5502=DIRECTION('',(0.E0,0.E0,-1.E0));
#5503=DIRECTION('',(0.E0,-1.E0,0.E0));
#5504=AXIS2_PLACEMENT_3D('',#5501,#5502,#5503);
#5505=PLANE('',#5504);
#5507=ORIENTED_EDGE('',*,*,#5506,.T.);
#5509=ORIENTED_EDGE('',*,*,#5508,.F.);
#5511=ORIENTED_EDGE('',*,*,#5510,.F.);
#5512=ORIENTED_EDGE('',*,*,#5464,.T.);
#5513=EDGE_LOOP('',(#5507,#5509,#5511,#5512));
#5514=FACE_OUTER_BOUND('',#5513,.F.);
#5515=ADVANCED_FACE('',(#5514),#5505,.T.);
#5516=CARTESIAN_POINT('',(2.31E0,1.2E0,-2.09E0));
#5517=DIRECTION('',(-1.E0,0.E0,0.E0));
#5518=DIRECTION('',(0.E0,0.E0,1.E0));
#5519=AXIS2_PLACEMENT_3D('',#5516,#5517,#5518);
#5520=PLANE('',#5519);
#5522=ORIENTED_EDGE('',*,*,#5521,.T.);
#5524=ORIENTED_EDGE('',*,*,#5523,.T.);
#5526=ORIENTED_EDGE('',*,*,#5525,.T.);
#5527=ORIENTED_EDGE('',*,*,#5508,.T.);
#5529=ORIENTED_EDGE('',*,*,#5528,.T.);
#5531=ORIENTED_EDGE('',*,*,#5530,.T.);
#5533=ORIENTED_EDGE('',*,*,#5532,.T.);
#5535=ORIENTED_EDGE('',*,*,#5534,.T.);
#5537=ORIENTED_EDGE('',*,*,#5536,.T.);
#5539=ORIENTED_EDGE('',*,*,#5538,.T.);
#5541=ORIENTED_EDGE('',*,*,#5540,.T.);
#5543=ORIENTED_EDGE('',*,*,#5542,.T.);
#5545=ORIENTED_EDGE('',*,*,#5544,.T.);
#5547=ORIENTED_EDGE('',*,*,#5546,.T.);
#5549=ORIENTED_EDGE('',*,*,#5548,.T.);
#5551=ORIENTED_EDGE('',*,*,#5550,.T.);
#5553=ORIENTED_EDGE('',*,*,#5552,.T.);
#5555=ORIENTED_EDGE('',*,*,#5554,.T.);
#5556=EDGE_LOOP('',(#5522,#5524,#5526,#5527,#5529,#5531,#5533,#5535,#5537,#5539,
#5541,#5543,#5545,#5547,#5549,#5551,#5553,#5555));
#5557=FACE_OUTER_BOUND('',#5556,.F.);
#5558=ADVANCED_FACE('',(#5557),#5520,.T.);
#5559=CARTESIAN_POINT('',(2.81E0,-3.E-1,-2.09E0));
#5560=DIRECTION('',(0.E0,-1.E0,0.E0));
#5561=DIRECTION('',(0.E0,0.E0,1.E0));
#5562=AXIS2_PLACEMENT_3D('',#5559,#5560,#5561);
#5563=PLANE('',#5562);
#5565=ORIENTED_EDGE('',*,*,#5564,.F.);
#5566=ORIENTED_EDGE('',*,*,#5521,.F.);
#5568=ORIENTED_EDGE('',*,*,#5567,.T.);
#5569=ORIENTED_EDGE('',*,*,#5470,.F.);
#5570=EDGE_LOOP('',(#5565,#5566,#5568,#5569));
#5571=FACE_OUTER_BOUND('',#5570,.F.);
#5572=ADVANCED_FACE('',(#5571),#5563,.T.);
#5573=CARTESIAN_POINT('',(2.31E0,-4.35E0,-2.24E0));
#5574=DIRECTION('',(0.E0,0.E0,1.E0));
#5575=DIRECTION('',(0.E0,1.E0,0.E0));
#5576=AXIS2_PLACEMENT_3D('',#5573,#5574,#5575);
#5577=PLANE('',#5576);
#5578=ORIENTED_EDGE('',*,*,#5564,.T.);
#5579=ORIENTED_EDGE('',*,*,#5468,.T.);
#5581=ORIENTED_EDGE('',*,*,#5580,.F.);
#5582=ORIENTED_EDGE('',*,*,#5523,.F.);
#5583=EDGE_LOOP('',(#5578,#5579,#5581,#5582));
#5584=FACE_OUTER_BOUND('',#5583,.F.);
#5585=ADVANCED_FACE('',(#5584),#5577,.T.);
#5586=CARTESIAN_POINT('',(2.31E0,-4.35E0,-2.59E0));
#5587=DIRECTION('',(-1.E0,0.E0,0.E0));
#5588=DIRECTION('',(0.E0,0.E0,1.E0));
#5589=AXIS2_PLACEMENT_3D('',#5586,#5587,#5588);
#5590=CYLINDRICAL_SURFACE('',#5589,3.5E-1);
#5591=ORIENTED_EDGE('',*,*,#5525,.F.);
#5592=ORIENTED_EDGE('',*,*,#5580,.T.);
#5593=ORIENTED_EDGE('',*,*,#5466,.F.);
#5594=ORIENTED_EDGE('',*,*,#5510,.T.);
#5595=EDGE_LOOP('',(#5591,#5592,#5593,#5594));
#5596=FACE_OUTER_BOUND('',#5595,.F.);
#5597=ADVANCED_FACE('',(#5596),#5590,.T.);
#5598=CARTESIAN_POINT('',(2.81E0,-3.E-1,-1.230525588833E0));
#5599=DIRECTION('',(0.E0,-5.E-1,8.660254037844E-1));
#5600=DIRECTION('',(0.E0,8.660254037844E-1,5.E-1));
#5601=AXIS2_PLACEMENT_3D('',#5598,#5599,#5600);
#5602=PLANE('',#5601);
#5603=ORIENTED_EDGE('',*,*,#5472,.F.);
#5604=ORIENTED_EDGE('',*,*,#5567,.F.);
#5605=ORIENTED_EDGE('',*,*,#5554,.F.);
#5607=ORIENTED_EDGE('',*,*,#5606,.T.);
#5608=EDGE_LOOP('',(#5603,#5604,#5605,#5607));
#5609=FACE_OUTER_BOUND('',#5608,.F.);
#5610=ADVANCED_FACE('',(#5609),#5602,.T.);
#5611=CARTESIAN_POINT('',(2.81E0,-3.E-1,-2.949474411167E0));
#5612=DIRECTION('',(0.E0,5.E-1,8.660254037844E-1));
#5613=DIRECTION('',(0.E0,8.660254037844E-1,-5.E-1));
#5614=AXIS2_PLACEMENT_3D('',#5611,#5612,#5613);
#5615=PLANE('',#5614);
#5616=ORIENTED_EDGE('',*,*,#5496,.F.);
#5618=ORIENTED_EDGE('',*,*,#5617,.T.);
#5619=ORIENTED_EDGE('',*,*,#5530,.F.);
#5621=ORIENTED_EDGE('',*,*,#5620,.T.);
#5622=EDGE_LOOP('',(#5616,#5618,#5619,#5621));
#5623=FACE_OUTER_BOUND('',#5622,.F.);
#5624=ADVANCED_FACE('',(#5623),#5615,.F.);
#5625=OPEN_SHELL('',(#5500,#5515,#5558,#5572,#5585,#5597,#5610,#5624));
#5626=DIRECTION('',(-2.050059180346E-1,-9.787607335661E-1,0.E0));
#5627=VECTOR('',#5626,6.328952819156E0);
#5628=CARTESIAN_POINT('',(4.024272357547E-1,1.715429968758E1,0.E0));
#5629=LINE('',#5628,#5627);
#5630=CARTESIAN_POINT('',(-7.400859478829E-2,1.073977299526E1,0.E0));
#5631=DIRECTION('',(-2.588190451025E-1,-9.659258262891E-1,0.E0));
#5632=DIRECTION('',(-9.659258262891E-1,2.588190451025E-1,0.E0));
#5633=AXIS2_PLACEMENT_3D('',#5630,#5631,#5632);
#5635=DIRECTION('',(-3.118400338389E-1,-9.501346185122E-1,0.E0));
#5636=VECTOR('',#5635,6.328952819156E0);
#5637=CARTESIAN_POINT('',(2.720649218848E0,1.653313397933E1,0.E0));
#5638=LINE('',#5637,#5636);
#5639=CARTESIAN_POINT('',(-7.400859478829E-2,1.073977299526E1,0.E0));
#5640=DIRECTION('',(-2.588190451025E-1,-9.659258262891E-1,0.E0));
#5641=DIRECTION('',(9.659258262891E-1,-2.588190451025E-1,0.E0));
#5642=AXIS2_PLACEMENT_3D('',#5639,#5640,#5641);
#5644=CARTESIAN_POINT('',(1.578740220436E0,1.690791554583E1,0.E0));
#5645=DIRECTION('',(0.E0,0.E0,-1.E0));
#5646=DIRECTION('',(2.588190451025E-1,9.659258262891E-1,0.E0));
#5647=AXIS2_PLACEMENT_3D('',#5644,#5645,#5646);
#5649=CARTESIAN_POINT('',(1.561538227301E0,1.684371683346E1,0.E0));
#5650=DIRECTION('',(-2.588190451025E-1,-9.659258262891E-1,0.E0));
#5651=DIRECTION('',(9.659258262891E-1,-2.588190451025E-1,0.E0));
#5652=AXIS2_PLACEMENT_3D('',#5649,#5650,#5651);
#5654=CARTESIAN_POINT('',(1.578740220436E0,1.690791554583E1,0.E0));
#5655=DIRECTION('',(0.E0,0.E0,1.E0));
#5656=DIRECTION('',(2.588190451025E-1,9.659258262891E-1,0.E0));
#5657=AXIS2_PLACEMENT_3D('',#5654,#5655,#5656);
#5659=CARTESIAN_POINT('',(1.561538227301E0,1.684371683346E1,0.E0));
#5660=DIRECTION('',(-2.588190451025E-1,-9.659258262891E-1,0.E0));
#5661=DIRECTION('',(-9.659258262891E-1,2.588190451025E-1,0.E0));
#5662=AXIS2_PLACEMENT_3D('',#5659,#5660,#5661);
#5664=CARTESIAN_POINT('',(2.720649218848E0,1.653313397933E1,0.E0));
#5665=CARTESIAN_POINT('',(7.470283575574E-1,1.051977680692E1,0.E0));
#5666=VERTEX_POINT('',#5664);
#5667=VERTEX_POINT('',#5665);
#5668=CARTESIAN_POINT('',(4.024272357549E-1,1.715429968758E1,0.E0));
#5669=VERTEX_POINT('',#5668);
#5670=CARTESIAN_POINT('',(-8.950455471340E-1,1.095976918360E1,0.E0));
#5671=VERTEX_POINT('',#5670);
#5672=CARTESIAN_POINT('',(1.889799085995E0,1.806880303624E1,0.E0));
#5673=VERTEX_POINT('',#5672);
#5674=CARTESIAN_POINT('',(7.437648162565E-1,1.379174491436E1,0.E0));
#5675=DIRECTION('',(2.588190451025E-1,9.659258262891E-1,0.E0));
#5676=DIRECTION('',(9.659258262891E-1,-2.588190451025E-1,0.E0));
#5677=AXIS2_PLACEMENT_3D('',#5674,#5675,#5676);
#5678=CONICAL_SURFACE('',#5677,1.025E0,3.170154515080E0);
#5680=ORIENTED_EDGE('',*,*,#5679,.F.);
#5682=ORIENTED_EDGE('',*,*,#5681,.F.);
#5684=ORIENTED_EDGE('',*,*,#5683,.T.);
#5686=ORIENTED_EDGE('',*,*,#5685,.T.);
#5687=EDGE_LOOP('',(#5680,#5682,#5684,#5686));
#5688=FACE_OUTER_BOUND('',#5687,.F.);
#5689=ADVANCED_FACE('',(#5688),#5678,.T.);
#5690=CARTESIAN_POINT('',(7.437648162565E-1,1.379174491436E1,0.E0));
#5691=DIRECTION('',(2.588190451025E-1,9.659258262891E-1,0.E0));
#5692=DIRECTION('',(9.659258262891E-1,-2.588190451025E-1,0.E0));
#5693=AXIS2_PLACEMENT_3D('',#5690,#5691,#5692);
#5694=CONICAL_SURFACE('',#5693,1.025E0,3.170154515080E0);
#5695=ORIENTED_EDGE('',*,*,#5679,.T.);
#5697=ORIENTED_EDGE('',*,*,#5696,.T.);
#5698=ORIENTED_EDGE('',*,*,#5683,.F.);
#5700=ORIENTED_EDGE('',*,*,#5699,.F.);
#5701=EDGE_LOOP('',(#5695,#5697,#5698,#5700));
#5702=FACE_OUTER_BOUND('',#5701,.F.);
#5703=ADVANCED_FACE('',(#5702),#5694,.T.);
#5704=CARTESIAN_POINT('',(1.578740220436E0,1.690791554583E1,0.E0));
#5705=DIRECTION('',(2.588190451025E-1,9.659258262891E-1,0.E0));
#5706=DIRECTION('',(9.659258262891E-1,-2.588190451025E-1,0.E0));
#5707=AXIS2_PLACEMENT_3D('',#5704,#5705,#5706);
#5708=SPHERICAL_SURFACE('',#5707,1.201839166959E0);
#5710=ORIENTED_EDGE('',*,*,#5709,.T.);
#5711=ORIENTED_EDGE('',*,*,#5699,.T.);
#5713=ORIENTED_EDGE('',*,*,#5712,.F.);
#5714=EDGE_LOOP('',(#5710,#5711,#5713));
#5715=FACE_OUTER_BOUND('',#5714,.F.);
#5716=ADVANCED_FACE('',(#5715),#5708,.T.);
#5717=CARTESIAN_POINT('',(1.578740220436E0,1.690791554583E1,0.E0));
#5718=DIRECTION('',(2.588190451025E-1,9.659258262891E-1,0.E0));
#5719=DIRECTION('',(9.659258262891E-1,-2.588190451025E-1,0.E0));
#5720=AXIS2_PLACEMENT_3D('',#5717,#5718,#5719);
#5721=SPHERICAL_SURFACE('',#5720,1.201839166959E0);
#5722=ORIENTED_EDGE('',*,*,#5709,.F.);
#5723=ORIENTED_EDGE('',*,*,#5712,.T.);
#5724=ORIENTED_EDGE('',*,*,#5681,.T.);
#5725=EDGE_LOOP('',(#5722,#5723,#5724));
#5726=FACE_OUTER_BOUND('',#5725,.F.);
#5727=ADVANCED_FACE('',(#5726),#5721,.T.);
#5728=OPEN_SHELL('',(#5689,#5703,#5716,#5727));
#5729=SHELL_BASED_SURFACE_MODEL('',(#453,#874,#1325,#3911,#4362,#4783,#5204,
#5625,#5728));
#5731=DIMENSIONAL_EXPONENTS(0.E0,0.E0,0.E0,0.E0,0.E0,0.E0,0.E0);
#5733=PLANE_ANGLE_MEASURE_WITH_UNIT(PLANE_ANGLE_MEASURE(1.745329251994E-2),
#5732);
#5734=(CONVERSION_BASED_UNIT('DEGREE',#5733)NAMED_UNIT(*)PLANE_ANGLE_UNIT());
#5736=UNCERTAINTY_MEASURE_WITH_UNIT(LENGTH_MEASURE(6.964890254633E-4),#5730,
'closure',
'Maximum model space distance between geometric entities at asserted connectivities');
#5737=(GEOMETRIC_REPRESENTATION_CONTEXT(3)GLOBAL_UNCERTAINTY_ASSIGNED_CONTEXT((
#5736))GLOBAL_UNIT_ASSIGNED_CONTEXT((#5730,#5734,#5735))REPRESENTATION_CONTEXT(
'ID1','3'));
#5739=APPLICATION_CONTEXT(
'CONFIGURATION CONTROLLED 3D DESIGNS OF MECHANICAL PARTS AND ASSEMBLIES');
#5740=APPLICATION_PROTOCOL_DEFINITION('international standard',
'config_control_design',1994,#5739);
#5741=DESIGN_CONTEXT('',#5739,'design');
#5742=MECHANICAL_CONTEXT('',#5739,'mechanical');
#5743=PRODUCT('TL42P005000','TL42P005000','NOT SPECIFIED',(#5742));
#5744=PRODUCT_DEFINITION_FORMATION_WITH_SPECIFIED_SOURCE('1','LAST_VERSION',
#5743,.MADE.);
#5748=PRODUCT_CATEGORY('part','');
#5749=PRODUCT_RELATED_PRODUCT_CATEGORY('detail','',(#5743));
#5750=PRODUCT_CATEGORY_RELATIONSHIP('','',#5748,#5749);
#5751=SECURITY_CLASSIFICATION_LEVEL('unclassified');
#5752=SECURITY_CLASSIFICATION('','',#5751);
#5753=CC_DESIGN_SECURITY_CLASSIFICATION(#5752,(#5744));
#5754=APPROVAL_STATUS('approved');
#5755=APPROVAL(#5754,'');
#5756=CC_DESIGN_APPROVAL(#5755,(#5752,#5744,#5745));
#5757=CALENDAR_DATE(114,12,12);
#5758=COORDINATED_UNIVERSAL_TIME_OFFSET(1,0,.AHEAD.);
#5759=LOCAL_TIME(11,29,2.4E1,#5758);
#5760=DATE_AND_TIME(#5757,#5759);
#5761=APPROVAL_DATE_TIME(#5760,#5755);
#5762=DATE_TIME_ROLE('creation_date');
#5763=CC_DESIGN_DATE_AND_TIME_ASSIGNMENT(#5760,#5762,(#5745));
#5764=DATE_TIME_ROLE('classification_date');
#5765=CC_DESIGN_DATE_AND_TIME_ASSIGNMENT(#5760,#5764,(#5752));
#5766=PERSON('UNSPECIFIED','UNSPECIFIED',$,$,$,$);
#5767=ORGANIZATION('UNSPECIFIED','UNSPECIFIED','UNSPECIFIED');
#5768=PERSON_AND_ORGANIZATION(#5766,#5767);
#5769=APPROVAL_ROLE('approver');
#5770=APPROVAL_PERSON_ORGANIZATION(#5768,#5755,#5769);
#5771=PERSON_AND_ORGANIZATION_ROLE('creator');
#5772=CC_DESIGN_PERSON_AND_ORGANIZATION_ASSIGNMENT(#5768,#5771,(#5744,#5745));
#5773=PERSON_AND_ORGANIZATION_ROLE('design_supplier');
#5774=CC_DESIGN_PERSON_AND_ORGANIZATION_ASSIGNMENT(#5768,#5773,(#5744));
#5775=PERSON_AND_ORGANIZATION_ROLE('classification_officer');
#5776=CC_DESIGN_PERSON_AND_ORGANIZATION_ASSIGNMENT(#5768,#5775,(#5752));
#5777=PERSON_AND_ORGANIZATION_ROLE('design_owner');
#5778=CC_DESIGN_PERSON_AND_ORGANIZATION_ASSIGNMENT(#5768,#5777,(#5743));
#129=CIRCLE('',#128,5.E-1);
#134=CIRCLE('',#133,5.E-1);
#155=CIRCLE('',#154,5.E-1);
#160=CIRCLE('',#159,5.E-1);
#254=EDGE_CURVE('',#183,#184,#4,.T.);
#256=EDGE_CURVE('',#186,#184,#56,.T.);
#258=EDGE_CURVE('',#188,#186,#32,.T.);
#260=EDGE_CURVE('',#183,#188,#24,.T.);
#271=EDGE_CURVE('',#183,#198,#8,.T.);
#273=EDGE_CURVE('',#198,#200,#12,.T.);
#275=EDGE_CURVE('',#202,#200,#80,.T.);
#277=EDGE_CURVE('',#202,#204,#16,.T.);
#279=EDGE_CURVE('',#204,#184,#20,.T.);
#290=EDGE_CURVE('',#206,#188,#52,.T.);
#292=EDGE_CURVE('',#206,#198,#28,.T.);
#304=EDGE_CURVE('',#186,#208,#36,.T.);
#306=EDGE_CURVE('',#208,#210,#40,.T.);
#308=EDGE_CURVE('',#210,#212,#44,.T.);
#310=EDGE_CURVE('',#212,#206,#48,.T.);
#323=EDGE_CURVE('',#204,#208,#60,.T.);
#334=EDGE_CURVE('',#220,#219,#64,.T.);
#336=EDGE_CURVE('',#219,#222,#68,.T.);
#338=EDGE_CURVE('',#222,#214,#72,.T.);
#340=EDGE_CURVE('',#214,#202,#76,.T.);
#343=EDGE_CURVE('',#200,#224,#84,.T.);
#345=EDGE_CURVE('',#224,#226,#88,.T.);
#347=EDGE_CURVE('',#226,#220,#92,.T.);
#357=EDGE_CURVE('',#210,#216,#96,.T.);
#359=EDGE_CURVE('',#216,#230,#100,.T.);
#361=EDGE_CURVE('',#230,#232,#104,.T.);
#363=EDGE_CURVE('',#232,#234,#108,.T.);
#365=EDGE_CURVE('',#234,#236,#112,.T.);
#367=EDGE_CURVE('',#236,#228,#116,.T.);
#369=EDGE_CURVE('',#228,#212,#120,.T.);
#380=EDGE_CURVE('',#192,#191,#124,.T.);
#382=EDGE_CURVE('',#238,#191,#142,.T.);
#384=EDGE_CURVE('',#238,#240,#129,.T.);
#386=EDGE_CURVE('',#240,#242,#134,.T.);
#388=EDGE_CURVE('',#192,#242,#172,.T.);
#398=EDGE_CURVE('',#191,#196,#138,.T.);
#400=EDGE_CURVE('',#244,#196,#164,.T.);
#402=EDGE_CURVE('',#238,#244,#176,.T.);
#413=EDGE_CURVE('',#196,#194,#146,.T.);
#415=EDGE_CURVE('',#194,#246,#150,.T.);
#417=EDGE_CURVE('',#246,#248,#155,.T.);
#419=EDGE_CURVE('',#248,#244,#160,.T.);
#430=EDGE_CURVE('',#194,#192,#168,.T.);
#433=EDGE_CURVE('',#246,#242,#180,.T.);
#462=CIRCLE('',#461,3.5E-1);
#495=CIRCLE('',#494,5.E0);
#540=CIRCLE('',#539,3.5E-1);
#577=CIRCLE('',#576,5.E0);
#711=EDGE_CURVE('',#636,#637,#457,.T.);
#713=EDGE_CURVE('',#639,#637,#527,.T.);
#715=EDGE_CURVE('',#639,#641,#462,.T.);
#717=EDGE_CURVE('',#643,#641,#613,.T.);
#719=EDGE_CURVE('',#643,#645,#466,.T.);
#721=EDGE_CURVE('',#645,#647,#470,.T.);
#723=EDGE_CURVE('',#647,#649,#474,.T.);
#725=EDGE_CURVE('',#649,#651,#478,.T.);
#727=EDGE_CURVE('',#651,#653,#482,.T.);
#729=EDGE_CURVE('',#653,#655,#486,.T.);
#731=EDGE_CURVE('',#655,#657,#490,.T.);
#733=EDGE_CURVE('',#657,#659,#495,.T.);
#735=EDGE_CURVE('',#659,#661,#499,.T.);
#737=EDGE_CURVE('',#661,#663,#503,.T.);
#739=EDGE_CURVE('',#663,#665,#507,.T.);
#741=EDGE_CURVE('',#665,#667,#511,.T.);
#743=EDGE_CURVE('',#667,#669,#515,.T.);
#745=EDGE_CURVE('',#669,#636,#519,.T.);
#755=EDGE_CURVE('',#637,#671,#523,.T.);
#757=EDGE_CURVE('',#679,#671,#544,.T.);
#759=EDGE_CURVE('',#639,#679,#621,.T.);
#770=EDGE_CURVE('',#677,#675,#531,.T.);
#772=EDGE_CURVE('',#675,#681,#535,.T.);
#774=EDGE_CURVE('',#681,#679,#540,.T.);
#777=EDGE_CURVE('',#671,#673,#548,.T.);
#779=EDGE_CURVE('',#673,#683,#552,.T.);
#781=EDGE_CURVE('',#683,#685,#556,.T.);
#783=EDGE_CURVE('',#685,#687,#560,.T.);
#785=EDGE_CURVE('',#687,#689,#564,.T.);
#787=EDGE_CURVE('',#689,#691,#568,.T.);
#789=EDGE_CURVE('',#691,#693,#572,.T.);
#791=EDGE_CURVE('',#693,#695,#577,.T.);
#793=EDGE_CURVE('',#695,#697,#581,.T.);
#795=EDGE_CURVE('',#697,#699,#585,.T.);
#797=EDGE_CURVE('',#699,#701,#589,.T.);
#799=EDGE_CURVE('',#701,#703,#593,.T.);
#801=EDGE_CURVE('',#703,#705,#597,.T.);
#803=EDGE_CURVE('',#705,#677,#601,.T.);
#813=EDGE_CURVE('',#675,#643,#609,.T.);
#816=EDGE_CURVE('',#677,#645,#605,.T.);
#829=EDGE_CURVE('',#681,#641,#617,.T.);
#855=EDGE_CURVE('',#705,#647,#625,.T.);
#866=EDGE_CURVE('',#669,#683,#629,.T.);
#869=EDGE_CURVE('',#673,#636,#633,.T.);
#883=CIRCLE('',#882,3.5E-1);
#968=CIRCLE('',#967,3.5E-1);
#1154=EDGE_CURVE('',#1071,#1072,#878,.T.);
#1156=EDGE_CURVE('',#1074,#1072,#955,.T.);
#1158=EDGE_CURVE('',#1074,#1076,#883,.T.);
#1160=EDGE_CURVE('',#1078,#1076,#1048,.T.);
#1162=EDGE_CURVE('',#1078,#1080,#887,.T.);
#1164=EDGE_CURVE('',#1080,#1082,#891,.T.);
#1166=EDGE_CURVE('',#1082,#1084,#895,.T.);
#1168=EDGE_CURVE('',#1084,#1086,#899,.T.);
#1170=EDGE_CURVE('',#1086,#1088,#903,.T.);
#1172=EDGE_CURVE('',#1088,#1090,#907,.T.);
#1174=EDGE_CURVE('',#1090,#1092,#911,.T.);
#1176=EDGE_CURVE('',#1092,#1094,#915,.T.);
#1178=EDGE_CURVE('',#1094,#1096,#919,.T.);
#1180=EDGE_CURVE('',#1096,#1098,#923,.T.);
#1182=EDGE_CURVE('',#1098,#1100,#927,.T.);
#1184=EDGE_CURVE('',#1100,#1102,#931,.T.);
#1186=EDGE_CURVE('',#1102,#1104,#935,.T.);
#1188=EDGE_CURVE('',#1104,#1106,#939,.T.);
#1190=EDGE_CURVE('',#1106,#1108,#943,.T.);
#1192=EDGE_CURVE('',#1108,#1071,#947,.T.);
#1202=EDGE_CURVE('',#1072,#1110,#951,.T.);
#1204=EDGE_CURVE('',#1118,#1110,#972,.T.);
#1206=EDGE_CURVE('',#1074,#1118,#1056,.T.);
#1217=EDGE_CURVE('',#1116,#1114,#959,.T.);
#1219=EDGE_CURVE('',#1114,#1120,#963,.T.);
#1221=EDGE_CURVE('',#1120,#1118,#968,.T.);
#1224=EDGE_CURVE('',#1110,#1112,#976,.T.);
#1226=EDGE_CURVE('',#1112,#1122,#980,.T.);
#1228=EDGE_CURVE('',#1122,#1124,#984,.T.);
#1230=EDGE_CURVE('',#1124,#1126,#988,.T.);
#1232=EDGE_CURVE('',#1126,#1128,#992,.T.);
#1234=EDGE_CURVE('',#1128,#1130,#996,.T.);
#1236=EDGE_CURVE('',#1130,#1132,#1000,.T.);
#1238=EDGE_CURVE('',#1132,#1134,#1004,.T.);
#1240=EDGE_CURVE('',#1134,#1136,#1008,.T.);
#1242=EDGE_CURVE('',#1136,#1138,#1012,.T.);
#1244=EDGE_CURVE('',#1138,#1140,#1016,.T.);
#1246=EDGE_CURVE('',#1140,#1142,#1020,.T.);
#1248=EDGE_CURVE('',#1142,#1144,#1024,.T.);
#1250=EDGE_CURVE('',#1144,#1146,#1028,.T.);
#1252=EDGE_CURVE('',#1146,#1148,#1032,.T.);
#1254=EDGE_CURVE('',#1148,#1116,#1036,.T.);
#1264=EDGE_CURVE('',#1114,#1078,#1044,.T.);
#1267=EDGE_CURVE('',#1116,#1080,#1040,.T.);
#1280=EDGE_CURVE('',#1120,#1076,#1052,.T.);
#1306=EDGE_CURVE('',#1148,#1082,#1060,.T.);
#1317=EDGE_CURVE('',#1108,#1122,#1064,.T.);
#1320=EDGE_CURVE('',#1112,#1071,#1068,.T.);
#1354=CIRCLE('',#1353,3.E-1);
#1359=CIRCLE('',#1358,3.E-1);
#1372=CIRCLE('',#1371,3.E-1);
#1385=CIRCLE('',#1384,3.E-1);
#1418=CIRCLE('',#1417,3.E-1);
#1427=CIRCLE('',#1426,3.E-1);
#1436=CIRCLE('',#1435,3.E-1);
#1453=CIRCLE('',#1452,3.E-1);
#1462=CIRCLE('',#1461,3.E-1);
#1467=CIRCLE('',#1466,3.E-1);
#1520=CIRCLE('',#1519,3.E-1);
#1525=CIRCLE('',#1524,3.E-1);
#1550=CIRCLE('',#1549,3.E-1);
#1567=CIRCLE('',#1566,3.E-1);
#1584=CIRCLE('',#1583,3.E-1);
#1601=CIRCLE('',#1600,3.E-1);
#1614=CIRCLE('',#1613,3.E-1);
#1619=CIRCLE('',#1618,3.E-1);
#1624=CIRCLE('',#1623,3.E-1);
#1637=CIRCLE('',#1636,3.E-1);
#1642=CIRCLE('',#1641,3.E-1);
#1647=CIRCLE('',#1646,3.E-1);
#1660=CIRCLE('',#1659,2.8E0);
#1665=CIRCLE('',#1664,2.8E0);
#1670=CIRCLE('',#1669,2.5E0);
#1680=B_SPLINE_CURVE_WITH_KNOTS('',3,(#1671,#1672,#1673,#1674,#1675,#1676,#1677,
#1678,#1679),.UNSPECIFIED.,.F.,.F.,(4,1,1,1,1,1,4),(0.E0,1.666666666667E-1,
3.333333333333E-1,5.E-1,6.666666666667E-1,8.333333333333E-1,1.E0),
.UNSPECIFIED.);
#1698=B_SPLINE_CURVE_WITH_KNOTS('',3,(#1689,#1690,#1691,#1692,#1693,#1694,#1695,
#1696,#1697),.UNSPECIFIED.,.F.,.F.,(4,1,1,1,1,1,4),(0.E0,1.666666666667E-1,
3.333333333333E-1,5.E-1,6.666666666667E-1,8.333333333333E-1,1.E0),
.UNSPECIFIED.);
#1703=CIRCLE('',#1702,2.5E0);
#1713=B_SPLINE_CURVE_WITH_KNOTS('',3,(#1704,#1705,#1706,#1707,#1708,#1709,#1710,
#1711,#1712),.UNSPECIFIED.,.F.,.F.,(4,1,1,1,1,1,4),(0.E0,1.666666666667E-1,
3.333333333333E-1,5.E-1,6.666666666667E-1,8.333333333333E-1,1.E0),
.UNSPECIFIED.);
#1718=CIRCLE('',#1717,2.8E0);
#1723=CIRCLE('',#1722,2.8E0);
#1736=CIRCLE('',#1735,2.5E0);
#1741=CIRCLE('',#1740,2.5E0);
#1748=B_SPLINE_CURVE_WITH_KNOTS('',3,(#1742,#1743,#1744,#1745,#1746,#1747),
.UNSPECIFIED.,.F.,.F.,(4,1,1,4),(0.E0,3.333333333333E-1,6.666666666667E-1,1.E0),
.UNSPECIFIED.);
#1753=CIRCLE('',#1752,2.3E0);
#1758=CIRCLE('',#1757,2.3E0);
#1769=B_SPLINE_CURVE_WITH_KNOTS('',3,(#1763,#1764,#1765,#1766,#1767,#1768),
.UNSPECIFIED.,.F.,.F.,(4,1,1,4),(0.E0,3.333333333333E-1,6.666666666667E-1,1.E0),
.UNSPECIFIED.);
#1783=B_SPLINE_CURVE_WITH_KNOTS('',3,(#1774,#1775,#1776,#1777,#1778,#1779,#1780,
#1781,#1782),.UNSPECIFIED.,.F.,.F.,(4,1,1,1,1,1,4),(0.E0,1.666666666667E-1,
3.333333333333E-1,5.E-1,6.666666666667E-1,8.333333333333E-1,1.E0),
.UNSPECIFIED.);
#1800=CIRCLE('',#1799,2.3E0);
#1805=CIRCLE('',#1804,2.3E0);
#1810=CIRCLE('',#1809,2.5E0);
#1815=CIRCLE('',#1814,2.5E0);
#1822=B_SPLINE_CURVE_WITH_KNOTS('',3,(#1816,#1817,#1818,#1819,#1820,#1821),
.UNSPECIFIED.,.F.,.F.,(4,1,1,4),(0.E0,3.333333333333E-1,6.666666666667E-1,1.E0),
.UNSPECIFIED.);
#1835=CIRCLE('',#1834,2.3E0);
#1840=CIRCLE('',#1839,2.3E0);
#1847=B_SPLINE_CURVE_WITH_KNOTS('',3,(#1841,#1842,#1843,#1844,#1845,#1846),
.UNSPECIFIED.,.F.,.F.,(4,1,1,4),(0.E0,3.333333333333E-1,6.666666666667E-1,1.E0),
.UNSPECIFIED.);
#1852=CIRCLE('',#1851,2.049994696412E0);
#1857=CIRCLE('',#1856,2.049994696412E0);
#1866=CIRCLE('',#1865,2.049994696342E0);
#1871=CIRCLE('',#1870,2.049994696342E0);
#2112=CIRCLE('',#2111,2.300000000004E0);
#2117=CIRCLE('',#2116,2.300000000004E0);
#2124=B_SPLINE_CURVE_WITH_KNOTS('',3,(#2118,#2119,#2120,#2121,#2122,#2123),
.UNSPECIFIED.,.F.,.F.,(4,1,1,4),(0.E0,3.333333333333E-1,6.666666666667E-1,1.E0),
.UNSPECIFIED.);
#2135=B_SPLINE_CURVE_WITH_KNOTS('',3,(#2129,#2130,#2131,#2132,#2133,#2134),
.UNSPECIFIED.,.F.,.F.,(4,1,1,4),(0.E0,3.333333333333E-1,6.666666666667E-1,1.E0),
.UNSPECIFIED.);
#2150=B_SPLINE_CURVE_WITH_KNOTS('',3,(#2144,#2145,#2146,#2147,#2148,#2149),
.UNSPECIFIED.,.F.,.F.,(4,1,1,4),(0.E0,3.333333333333E-1,6.666666666667E-1,1.E0),
.UNSPECIFIED.);
#2173=B_SPLINE_CURVE_WITH_KNOTS('',3,(#2167,#2168,#2169,#2170,#2171,#2172),
.UNSPECIFIED.,.F.,.F.,(4,1,1,4),(0.E0,3.333333333333E-1,6.666666666667E-1,1.E0),
.UNSPECIFIED.);
#2186=CIRCLE('',#2185,3.E-1);
#2191=CIRCLE('',#2190,3.E-1);
#2196=CIRCLE('',#2195,3.E-1);
#2201=CIRCLE('',#2200,3.E-1);
#2206=CIRCLE('',#2205,3.E-1);
#2211=CIRCLE('',#2210,3.E-1);
#2232=CIRCLE('',#2231,3.E-1);
#2241=CIRCLE('',#2240,3.E-1);
#2278=CIRCLE('',#2277,3.E-1);
#2287=CIRCLE('',#2286,3.E-1);
#2600=EDGE_CURVE('',#2318,#2319,#1349,.T.);
#2602=EDGE_CURVE('',#2318,#2321,#1329,.T.);
#2604=EDGE_CURVE('',#2323,#2321,#2257,.T.);
#2606=EDGE_CURVE('',#2323,#2325,#1333,.T.);
#2608=EDGE_CURVE('',#2325,#2327,#1337,.T.);
#2610=EDGE_CURVE('',#2329,#2327,#2227,.T.);
#2612=EDGE_CURVE('',#2331,#2329,#2181,.T.);
#2614=EDGE_CURVE('',#2333,#2331,#1401,.T.);
#2616=EDGE_CURVE('',#2335,#2333,#1413,.T.);
#2618=EDGE_CURVE('',#2337,#2335,#1431,.T.);
#2620=EDGE_CURVE('',#2339,#2337,#2311,.T.);
#2622=EDGE_CURVE('',#2339,#2319,#1341,.T.);
#2632=EDGE_CURVE('',#2342,#2343,#1345,.T.);
#2634=EDGE_CURVE('',#2318,#2343,#1550,.T.);
#2637=EDGE_CURVE('',#2342,#2319,#1462,.T.);
#2647=EDGE_CURVE('',#2346,#2347,#1354,.T.);
#2649=EDGE_CURVE('',#2349,#2347,#2265,.T.);
#2651=EDGE_CURVE('',#2349,#2351,#1359,.T.);
#2653=EDGE_CURVE('',#2353,#2351,#2295,.T.);
#2655=EDGE_CURVE('',#2355,#2353,#2307,.T.);
#2657=EDGE_CURVE('',#2357,#2355,#1444,.T.);
#2659=EDGE_CURVE('',#2359,#2357,#1935,.T.);
#2661=EDGE_CURVE('',#2361,#2359,#1939,.T.);
#2663=EDGE_CURVE('',#2363,#2361,#1895,.T.);
#2665=EDGE_CURVE('',#2365,#2363,#1475,.T.);
#2667=EDGE_CURVE('',#2365,#2367,#1363,.T.);
#2669=EDGE_CURVE('',#2367,#2346,#1367,.T.);
#2679=EDGE_CURVE('',#2370,#2371,#1372,.T.);
#2681=EDGE_CURVE('',#2373,#2371,#2249,.T.);
#2683=EDGE_CURVE('',#2375,#2373,#2261,.T.);
#2685=EDGE_CURVE('',#2377,#2375,#1558,.T.);
#2687=EDGE_CURVE('',#2379,#2377,#1891,.T.);
#2689=EDGE_CURVE('',#2381,#2379,#1903,.T.);
#2691=EDGE_CURVE('',#2383,#2381,#1915,.T.);
#2693=EDGE_CURVE('',#2385,#2383,#1533,.T.);
#2695=EDGE_CURVE('',#2385,#2387,#1376,.T.);
#2697=EDGE_CURVE('',#2387,#2389,#1380,.T.);
#2699=EDGE_CURVE('',#2389,#2391,#1385,.T.);
#2701=EDGE_CURVE('',#2391,#2370,#1389,.T.);
#2711=EDGE_CURVE('',#2394,#2395,#1507,.T.);
#2713=EDGE_CURVE('',#2397,#2394,#1515,.T.);
#2715=EDGE_CURVE('',#2399,#2397,#2075,.T.);
#2717=EDGE_CURVE('',#2399,#2395,#1393,.T.);
#2728=EDGE_CURVE('',#2401,#2342,#1457,.T.);
#2730=EDGE_CURVE('',#2403,#2401,#2027,.T.);
#2732=EDGE_CURVE('',#2403,#2343,#1397,.T.);
#2743=EDGE_CURVE('',#2333,#2346,#1418,.T.);
#2746=EDGE_CURVE('',#2405,#2331,#2191,.T.);
#2748=EDGE_CURVE('',#2405,#2347,#1405,.T.);
#2758=EDGE_CURVE('',#2346,#2335,#1409,.T.);
#2772=EDGE_CURVE('',#2367,#2407,#1422,.T.);
#2774=EDGE_CURVE('',#2407,#2337,#1427,.T.);
#2786=EDGE_CURVE('',#2409,#2365,#1471,.T.);
#2788=EDGE_CURVE('',#2407,#2409,#2315,.T.);
#2799=EDGE_CURVE('',#2412,#2413,#1491,.T.);
#2801=EDGE_CURVE('',#2412,#2395,#1436,.T.);
#2804=EDGE_CURVE('',#2415,#2399,#2071,.T.);
#2806=EDGE_CURVE('',#2415,#2417,#1440,.T.);
#2808=EDGE_CURVE('',#2357,#2417,#1923,.T.);
#2811=EDGE_CURVE('',#2355,#2419,#1448,.T.);
#2813=EDGE_CURVE('',#2419,#2413,#1453,.T.);
#2826=EDGE_CURVE('',#2339,#2409,#1467,.T.);
#2830=EDGE_CURVE('',#2363,#2421,#1479,.T.);
#2832=EDGE_CURVE('',#2421,#2423,#1483,.T.);
#2834=EDGE_CURVE('',#2423,#2401,#1487,.T.);
#2844=EDGE_CURVE('',#2412,#2425,#1511,.T.);
#2847=EDGE_CURVE('',#2427,#2413,#2303,.T.);
#2849=EDGE_CURVE('',#2427,#2429,#1495,.T.);
#2851=EDGE_CURVE('',#2429,#2431,#1499,.T.);
#2853=EDGE_CURVE('',#2433,#2431,#2273,.T.);
#2855=EDGE_CURVE('',#2435,#2433,#1628,.T.);
#2857=EDGE_CURVE('',#2437,#2435,#1605,.T.);
#2859=EDGE_CURVE('',#2439,#2437,#1596,.T.);
#2861=EDGE_CURVE('',#2441,#2439,#1588,.T.);
#2863=EDGE_CURVE('',#2443,#2441,#1571,.T.);
#2865=EDGE_CURVE('',#2443,#2425,#1503,.T.);
#2878=EDGE_CURVE('',#2394,#2425,#1520,.T.);
#2891=EDGE_CURVE('',#2443,#2445,#1525,.T.);
#2893=EDGE_CURVE('',#2445,#2385,#1529,.T.);
#2896=EDGE_CURVE('',#2383,#2447,#1537,.T.);
#2898=EDGE_CURVE('',#2447,#2449,#1541,.T.);
#2900=EDGE_CURVE('',#2449,#2397,#1545,.T.);
#2913=EDGE_CURVE('',#2451,#2403,#2023,.T.);
#2915=EDGE_CURVE('',#2451,#2453,#1554,.T.);
#2917=EDGE_CURVE('',#2377,#2453,#1879,.T.);
#2920=EDGE_CURVE('',#2375,#2455,#1562,.T.);
#2922=EDGE_CURVE('',#2455,#2321,#1567,.T.);
#2934=EDGE_CURVE('',#2457,#2441,#1584,.T.);
#2936=EDGE_CURVE('',#2457,#2445,#1575,.T.);
#2946=EDGE_CURVE('',#2389,#2439,#1592,.T.);
#2949=EDGE_CURVE('',#2387,#2457,#1579,.T.);
#2963=EDGE_CURVE('',#2437,#2389,#1601,.T.);
#2976=EDGE_CURVE('',#2459,#2435,#1624,.T.);
#2978=EDGE_CURVE('',#2459,#2391,#1609,.T.);
#2988=EDGE_CURVE('',#2435,#2461,#1614,.T.);
#2990=EDGE_CURVE('',#2461,#2459,#1619,.T.);
#3002=EDGE_CURVE('',#2463,#2433,#1642,.T.);
#3004=EDGE_CURVE('',#2463,#2461,#1632,.T.);
#3015=EDGE_CURVE('',#2465,#2463,#1637,.T.);
#3018=EDGE_CURVE('',#2433,#2465,#1647,.T.);
#3028=EDGE_CURVE('',#2467,#2463,#1651,.T.);
#3031=EDGE_CURVE('',#2465,#2405,#1655,.T.);
#3033=EDGE_CURVE('',#2467,#2405,#2186,.T.);
#3043=EDGE_CURVE('',#2469,#2467,#2177,.T.);
#3045=EDGE_CURVE('',#2461,#2469,#2219,.T.);
#3057=EDGE_CURVE('',#2475,#2473,#1660,.T.);
#3059=EDGE_CURVE('',#2473,#2472,#1665,.T.);
#3061=EDGE_CURVE('',#2482,#2472,#1698,.T.);
#3063=EDGE_CURVE('',#2482,#2484,#1670,.T.);
#3065=EDGE_CURVE('',#2484,#2475,#1680,.T.);
#3075=EDGE_CURVE('',#2472,#2481,#1684,.T.);
#3077=EDGE_CURVE('',#2485,#2481,#1713,.T.);
#3079=EDGE_CURVE('',#2485,#2482,#1688,.T.);
#3090=EDGE_CURVE('',#2487,#2485,#1703,.T.);
#3093=EDGE_CURVE('',#2481,#2479,#1718,.T.);
#3095=EDGE_CURVE('',#2479,#2477,#1723,.T.);
#3097=EDGE_CURVE('',#2487,#2477,#1783,.T.);
#3107=EDGE_CURVE('',#2490,#2491,#1741,.T.);
#3109=EDGE_CURVE('',#2493,#2490,#1736,.T.);
#3111=EDGE_CURVE('',#2493,#2485,#1727,.T.);
#3114=EDGE_CURVE('',#2487,#2491,#1731,.T.);
#3126=EDGE_CURVE('',#2491,#2494,#1748,.T.);
#3128=EDGE_CURVE('',#2494,#2496,#1753,.T.);
#3130=EDGE_CURVE('',#2496,#2498,#1758,.T.);
#3132=EDGE_CURVE('',#2493,#2498,#2150,.T.);
#3142=EDGE_CURVE('',#2491,#2500,#1762,.T.);
#3144=EDGE_CURVE('',#2500,#2501,#1769,.T.);
#3146=EDGE_CURVE('',#2494,#2501,#2162,.T.);
#3159=EDGE_CURVE('',#2484,#2487,#1773,.T.);
#3161=EDGE_CURVE('',#2500,#2484,#1791,.T.);
#3173=EDGE_CURVE('',#2477,#2475,#1787,.T.);
#3184=EDGE_CURVE('',#2504,#2505,#1815,.T.);
#3186=EDGE_CURVE('',#2500,#2504,#1810,.T.);
#3190=EDGE_CURVE('',#2482,#2505,#1795,.T.);
#3200=EDGE_CURVE('',#2508,#2509,#1800,.T.);
#3202=EDGE_CURVE('',#2509,#2501,#1805,.T.);
#3207=EDGE_CURVE('',#2505,#2508,#1822,.T.);
#3217=EDGE_CURVE('',#2512,#2513,#1840,.T.);
#3219=EDGE_CURVE('',#2515,#2512,#1835,.T.);
#3221=EDGE_CURVE('',#2515,#2501,#1826,.T.);
#3225=EDGE_CURVE('',#2508,#2513,#1830,.T.);
#3235=EDGE_CURVE('',#2518,#2519,#1871,.T.);
#3237=EDGE_CURVE('',#2521,#2518,#1866,.T.);
#3239=EDGE_CURVE('',#2515,#2521,#2173,.T.);
#3243=EDGE_CURVE('',#2513,#2519,#1847,.T.);
#3253=EDGE_CURVE('',#2524,#2525,#1852,.T.);
#3255=EDGE_CURVE('',#2525,#2527,#1857,.T.);
#3257=EDGE_CURVE('',#2527,#2521,#1861,.T.);
#3261=EDGE_CURVE('',#2519,#2524,#1875,.T.);
#3272=EDGE_CURVE('',#2453,#2529,#1883,.T.);
#3274=EDGE_CURVE('',#2529,#2379,#1887,.T.);
#3287=EDGE_CURVE('',#2531,#2361,#1947,.T.);
#3289=EDGE_CURVE('',#2531,#2421,#1899,.T.);
#3301=EDGE_CURVE('',#2529,#2535,#1907,.T.);
#3303=EDGE_CURVE('',#2535,#2381,#1911,.T.);
#3316=EDGE_CURVE('',#2535,#2447,#1919,.T.);
#3327=EDGE_CURVE('',#2417,#2533,#1927,.T.);
#3329=EDGE_CURVE('',#2533,#2359,#1931,.T.);
#3342=EDGE_CURVE('',#2533,#2531,#1943,.T.);
#3353=EDGE_CURVE('',#2546,#2547,#1951,.T.);
#3355=EDGE_CURVE('',#2547,#2553,#1955,.T.);
#3357=EDGE_CURVE('',#2553,#2546,#1959,.T.);
#3367=EDGE_CURVE('',#2547,#2551,#1963,.T.);
#3369=EDGE_CURVE('',#2555,#2551,#1979,.T.);
#3371=EDGE_CURVE('',#2555,#2553,#1967,.T.);
#3382=EDGE_CURVE('',#2551,#2549,#1971,.T.);
#3384=EDGE_CURVE('',#2549,#2555,#1975,.T.);
#3395=EDGE_CURVE('',#2549,#2546,#1983,.T.);
#3408=EDGE_CURVE('',#2539,#2538,#1987,.T.);
#3410=EDGE_CURVE('',#2538,#2557,#1991,.T.);
#3412=EDGE_CURVE('',#2557,#2539,#1995,.T.);
#3422=EDGE_CURVE('',#2538,#2543,#1999,.T.);
#3424=EDGE_CURVE('',#2559,#2543,#2015,.T.);
#3426=EDGE_CURVE('',#2559,#2557,#2003,.T.);
#3437=EDGE_CURVE('',#2543,#2541,#2007,.T.);
#3439=EDGE_CURVE('',#2541,#2559,#2011,.T.);
#3450=EDGE_CURVE('',#2541,#2539,#2019,.T.);
#3466=EDGE_CURVE('',#2423,#2451,#2031,.T.);
#3476=EDGE_CURVE('',#2563,#2562,#2035,.T.);
#3478=EDGE_CURVE('',#2562,#2569,#2039,.T.);
#3480=EDGE_CURVE('',#2569,#2563,#2043,.T.);
#3490=EDGE_CURVE('',#2567,#2565,#2047,.T.);
#3492=EDGE_CURVE('',#2565,#2571,#2051,.T.);
#3494=EDGE_CURVE('',#2571,#2567,#2055,.T.);
#3504=EDGE_CURVE('',#2565,#2563,#2059,.T.);
#3507=EDGE_CURVE('',#2569,#2571,#2063,.T.);
#3519=EDGE_CURVE('',#2449,#2415,#2067,.T.);
#3531=EDGE_CURVE('',#2574,#2575,#2079,.T.);
#3533=EDGE_CURVE('',#2575,#2581,#2083,.T.);
#3535=EDGE_CURVE('',#2581,#2574,#2087,.T.);
#3545=EDGE_CURVE('',#2575,#2579,#2091,.T.);
#3547=EDGE_CURVE('',#2583,#2579,#2107,.T.);
#3549=EDGE_CURVE('',#2583,#2581,#2095,.T.);
#3560=EDGE_CURVE('',#2579,#2578,#2099,.T.);
#3562=EDGE_CURVE('',#2578,#2583,#2103,.T.);
#3575=EDGE_CURVE('',#2584,#2524,#2135,.T.);
#3577=EDGE_CURVE('',#2584,#2587,#2112,.T.);
#3579=EDGE_CURVE('',#2587,#2588,#2117,.T.);
#3581=EDGE_CURVE('',#2588,#2527,#2124,.T.);
#3593=EDGE_CURVE('',#2513,#2584,#2128,.T.);
#3606=EDGE_CURVE('',#2508,#2498,#2139,.T.);
#3608=EDGE_CURVE('',#2584,#2498,#2154,.T.);
#3620=EDGE_CURVE('',#2505,#2493,#2143,.T.);
#3648=EDGE_CURVE('',#2494,#2588,#2158,.T.);
#3658=EDGE_CURVE('',#2588,#2515,#2166,.T.);
#3684=EDGE_CURVE('',#2331,#2467,#2196,.T.);
#3687=EDGE_CURVE('',#2469,#2329,#2206,.T.);
#3708=EDGE_CURVE('',#2590,#2469,#2201,.T.);
#3711=EDGE_CURVE('',#2329,#2590,#2211,.T.);
#3721=EDGE_CURVE('',#2590,#2459,#2215,.T.);
#3734=EDGE_CURVE('',#2370,#2590,#2223,.T.);
#3751=EDGE_CURVE('',#2371,#2327,#2232,.T.);
#3762=EDGE_CURVE('',#2371,#2325,#2236,.T.);
#3775=EDGE_CURVE('',#2323,#2592,#2241,.T.);
#3777=EDGE_CURVE('',#2592,#2373,#2245,.T.);
#3789=EDGE_CURVE('',#2455,#2592,#2253,.T.);
#3815=EDGE_CURVE('',#2349,#2465,#2269,.T.);
#3830=EDGE_CURVE('',#2351,#2431,#2278,.T.);
#3841=EDGE_CURVE('',#2351,#2429,#2282,.T.);
#3854=EDGE_CURVE('',#2427,#2594,#2287,.T.);
#3856=EDGE_CURVE('',#2594,#2353,#2291,.T.);
#3868=EDGE_CURVE('',#2419,#2594,#2299,.T.);
#3920=CIRCLE('',#3919,3.5E-1);
#4005=CIRCLE('',#4004,3.5E-1);
#4191=EDGE_CURVE('',#4108,#4109,#3915,.T.);
#4193=EDGE_CURVE('',#4111,#4109,#3992,.T.);
#4195=EDGE_CURVE('',#4111,#4113,#3920,.T.);
#4197=EDGE_CURVE('',#4115,#4113,#4085,.T.);
#4199=EDGE_CURVE('',#4115,#4117,#3924,.T.);
#4201=EDGE_CURVE('',#4117,#4119,#3928,.T.);
#4203=EDGE_CURVE('',#4119,#4121,#3932,.T.);
#4205=EDGE_CURVE('',#4121,#4123,#3936,.T.);
#4207=EDGE_CURVE('',#4123,#4125,#3940,.T.);
#4209=EDGE_CURVE('',#4125,#4127,#3944,.T.);
#4211=EDGE_CURVE('',#4127,#4129,#3948,.T.);
#4213=EDGE_CURVE('',#4129,#4131,#3952,.T.);
#4215=EDGE_CURVE('',#4131,#4133,#3956,.T.);
#4217=EDGE_CURVE('',#4133,#4135,#3960,.T.);
#4219=EDGE_CURVE('',#4135,#4137,#3964,.T.);
#4221=EDGE_CURVE('',#4137,#4139,#3968,.T.);
#4223=EDGE_CURVE('',#4139,#4141,#3972,.T.);
#4225=EDGE_CURVE('',#4141,#4143,#3976,.T.);
#4227=EDGE_CURVE('',#4143,#4145,#3980,.T.);
#4229=EDGE_CURVE('',#4145,#4108,#3984,.T.);
#4239=EDGE_CURVE('',#4109,#4147,#3988,.T.);
#4241=EDGE_CURVE('',#4155,#4147,#4009,.T.);
#4243=EDGE_CURVE('',#4111,#4155,#4093,.T.);
#4254=EDGE_CURVE('',#4153,#4151,#3996,.T.);
#4256=EDGE_CURVE('',#4151,#4157,#4000,.T.);
#4258=EDGE_CURVE('',#4157,#4155,#4005,.T.);
#4261=EDGE_CURVE('',#4147,#4149,#4013,.T.);
#4263=EDGE_CURVE('',#4149,#4159,#4017,.T.);
#4265=EDGE_CURVE('',#4159,#4161,#4021,.T.);
#4267=EDGE_CURVE('',#4161,#4163,#4025,.T.);
#4269=EDGE_CURVE('',#4163,#4165,#4029,.T.);
#4271=EDGE_CURVE('',#4165,#4167,#4033,.T.);
#4273=EDGE_CURVE('',#4167,#4169,#4037,.T.);
#4275=EDGE_CURVE('',#4169,#4171,#4041,.T.);
#4277=EDGE_CURVE('',#4171,#4173,#4045,.T.);
#4279=EDGE_CURVE('',#4173,#4175,#4049,.T.);
#4281=EDGE_CURVE('',#4175,#4177,#4053,.T.);
#4283=EDGE_CURVE('',#4177,#4179,#4057,.T.);
#4285=EDGE_CURVE('',#4179,#4181,#4061,.T.);
#4287=EDGE_CURVE('',#4181,#4183,#4065,.T.);
#4289=EDGE_CURVE('',#4183,#4185,#4069,.T.);
#4291=EDGE_CURVE('',#4185,#4153,#4073,.T.);
#4301=EDGE_CURVE('',#4151,#4115,#4081,.T.);
#4304=EDGE_CURVE('',#4153,#4117,#4077,.T.);
#4317=EDGE_CURVE('',#4157,#4113,#4089,.T.);
#4343=EDGE_CURVE('',#4185,#4119,#4097,.T.);
#4354=EDGE_CURVE('',#4145,#4159,#4101,.T.);
#4357=EDGE_CURVE('',#4149,#4108,#4105,.T.);
#4371=CIRCLE('',#4370,3.5E-1);
#4404=CIRCLE('',#4403,5.E0);
#4449=CIRCLE('',#4448,3.5E-1);
#4486=CIRCLE('',#4485,5.E0);
#4620=EDGE_CURVE('',#4545,#4546,#4366,.T.);
#4622=EDGE_CURVE('',#4548,#4546,#4436,.T.);
#4624=EDGE_CURVE('',#4548,#4550,#4371,.T.);
#4626=EDGE_CURVE('',#4552,#4550,#4522,.T.);
#4628=EDGE_CURVE('',#4552,#4554,#4375,.T.);
#4630=EDGE_CURVE('',#4554,#4556,#4379,.T.);
#4632=EDGE_CURVE('',#4556,#4558,#4383,.T.);
#4634=EDGE_CURVE('',#4558,#4560,#4387,.T.);
#4636=EDGE_CURVE('',#4560,#4562,#4391,.T.);
#4638=EDGE_CURVE('',#4562,#4564,#4395,.T.);
#4640=EDGE_CURVE('',#4564,#4566,#4399,.T.);
#4642=EDGE_CURVE('',#4566,#4568,#4404,.T.);
#4644=EDGE_CURVE('',#4568,#4570,#4408,.T.);
#4646=EDGE_CURVE('',#4570,#4572,#4412,.T.);
#4648=EDGE_CURVE('',#4572,#4574,#4416,.T.);
#4650=EDGE_CURVE('',#4574,#4576,#4420,.T.);
#4652=EDGE_CURVE('',#4576,#4578,#4424,.T.);
#4654=EDGE_CURVE('',#4578,#4545,#4428,.T.);
#4664=EDGE_CURVE('',#4546,#4580,#4432,.T.);
#4666=EDGE_CURVE('',#4588,#4580,#4453,.T.);
#4668=EDGE_CURVE('',#4548,#4588,#4530,.T.);
#4679=EDGE_CURVE('',#4586,#4584,#4440,.T.);
#4681=EDGE_CURVE('',#4584,#4590,#4444,.T.);
#4683=EDGE_CURVE('',#4590,#4588,#4449,.T.);
#4686=EDGE_CURVE('',#4580,#4582,#4457,.T.);
#4688=EDGE_CURVE('',#4582,#4592,#4461,.T.);
#4690=EDGE_CURVE('',#4592,#4594,#4465,.T.);
#4692=EDGE_CURVE('',#4594,#4596,#4469,.T.);
#4694=EDGE_CURVE('',#4596,#4598,#4473,.T.);
#4696=EDGE_CURVE('',#4598,#4600,#4477,.T.);
#4698=EDGE_CURVE('',#4600,#4602,#4481,.T.);
#4700=EDGE_CURVE('',#4602,#4604,#4486,.T.);
#4702=EDGE_CURVE('',#4604,#4606,#4490,.T.);
#4704=EDGE_CURVE('',#4606,#4608,#4494,.T.);
#4706=EDGE_CURVE('',#4608,#4610,#4498,.T.);
#4708=EDGE_CURVE('',#4610,#4612,#4502,.T.);
#4710=EDGE_CURVE('',#4612,#4614,#4506,.T.);
#4712=EDGE_CURVE('',#4614,#4586,#4510,.T.);
#4722=EDGE_CURVE('',#4584,#4552,#4518,.T.);
#4725=EDGE_CURVE('',#4586,#4554,#4514,.T.);
#4738=EDGE_CURVE('',#4590,#4550,#4526,.T.);
#4764=EDGE_CURVE('',#4614,#4556,#4534,.T.);
#4775=EDGE_CURVE('',#4578,#4592,#4538,.T.);
#4778=EDGE_CURVE('',#4582,#4545,#4542,.T.);
#4792=CIRCLE('',#4791,3.5E-1);
#4825=CIRCLE('',#4824,5.E0);
#4870=CIRCLE('',#4869,3.5E-1);
#4907=CIRCLE('',#4906,5.E0);
#5041=EDGE_CURVE('',#4966,#4967,#4787,.T.);
#5043=EDGE_CURVE('',#4969,#4967,#4857,.T.);
#5045=EDGE_CURVE('',#4969,#4971,#4792,.T.);
#5047=EDGE_CURVE('',#4973,#4971,#4943,.T.);
#5049=EDGE_CURVE('',#4973,#4975,#4796,.T.);
#5051=EDGE_CURVE('',#4975,#4977,#4800,.T.);
#5053=EDGE_CURVE('',#4977,#4979,#4804,.T.);
#5055=EDGE_CURVE('',#4979,#4981,#4808,.T.);
#5057=EDGE_CURVE('',#4981,#4983,#4812,.T.);
#5059=EDGE_CURVE('',#4983,#4985,#4816,.T.);
#5061=EDGE_CURVE('',#4985,#4987,#4820,.T.);
#5063=EDGE_CURVE('',#4987,#4989,#4825,.T.);
#5065=EDGE_CURVE('',#4989,#4991,#4829,.T.);
#5067=EDGE_CURVE('',#4991,#4993,#4833,.T.);
#5069=EDGE_CURVE('',#4993,#4995,#4837,.T.);
#5071=EDGE_CURVE('',#4995,#4997,#4841,.T.);
#5073=EDGE_CURVE('',#4997,#4999,#4845,.T.);
#5075=EDGE_CURVE('',#4999,#4966,#4849,.T.);
#5085=EDGE_CURVE('',#4967,#5001,#4853,.T.);
#5087=EDGE_CURVE('',#5009,#5001,#4874,.T.);
#5089=EDGE_CURVE('',#4969,#5009,#4951,.T.);
#5100=EDGE_CURVE('',#5007,#5005,#4861,.T.);
#5102=EDGE_CURVE('',#5005,#5011,#4865,.T.);
#5104=EDGE_CURVE('',#5011,#5009,#4870,.T.);
#5107=EDGE_CURVE('',#5001,#5003,#4878,.T.);
#5109=EDGE_CURVE('',#5003,#5013,#4882,.T.);
#5111=EDGE_CURVE('',#5013,#5015,#4886,.T.);
#5113=EDGE_CURVE('',#5015,#5017,#4890,.T.);
#5115=EDGE_CURVE('',#5017,#5019,#4894,.T.);
#5117=EDGE_CURVE('',#5019,#5021,#4898,.T.);
#5119=EDGE_CURVE('',#5021,#5023,#4902,.T.);
#5121=EDGE_CURVE('',#5023,#5025,#4907,.T.);
#5123=EDGE_CURVE('',#5025,#5027,#4911,.T.);
#5125=EDGE_CURVE('',#5027,#5029,#4915,.T.);
#5127=EDGE_CURVE('',#5029,#5031,#4919,.T.);
#5129=EDGE_CURVE('',#5031,#5033,#4923,.T.);
#5131=EDGE_CURVE('',#5033,#5035,#4927,.T.);
#5133=EDGE_CURVE('',#5035,#5007,#4931,.T.);
#5143=EDGE_CURVE('',#5005,#4973,#4939,.T.);
#5146=EDGE_CURVE('',#5007,#4975,#4935,.T.);
#5159=EDGE_CURVE('',#5011,#4971,#4947,.T.);
#5185=EDGE_CURVE('',#5035,#4977,#4955,.T.);
#5196=EDGE_CURVE('',#4999,#5013,#4959,.T.);
#5199=EDGE_CURVE('',#5003,#4966,#4963,.T.);
#5213=CIRCLE('',#5212,3.5E-1);
#5246=CIRCLE('',#5245,5.E0);
#5291=CIRCLE('',#5290,3.5E-1);
#5328=CIRCLE('',#5327,5.E0);
#5462=EDGE_CURVE('',#5387,#5388,#5208,.T.);
#5464=EDGE_CURVE('',#5390,#5388,#5278,.T.);
#5466=EDGE_CURVE('',#5390,#5392,#5213,.T.);
#5468=EDGE_CURVE('',#5394,#5392,#5364,.T.);
#5470=EDGE_CURVE('',#5394,#5396,#5217,.T.);
#5472=EDGE_CURVE('',#5396,#5398,#5221,.T.);
#5474=EDGE_CURVE('',#5398,#5400,#5225,.T.);
#5476=EDGE_CURVE('',#5400,#5402,#5229,.T.);
#5478=EDGE_CURVE('',#5402,#5404,#5233,.T.);
#5480=EDGE_CURVE('',#5404,#5406,#5237,.T.);
#5482=EDGE_CURVE('',#5406,#5408,#5241,.T.);
#5484=EDGE_CURVE('',#5408,#5410,#5246,.T.);
#5486=EDGE_CURVE('',#5410,#5412,#5250,.T.);
#5488=EDGE_CURVE('',#5412,#5414,#5254,.T.);
#5490=EDGE_CURVE('',#5414,#5416,#5258,.T.);
#5492=EDGE_CURVE('',#5416,#5418,#5262,.T.);
#5494=EDGE_CURVE('',#5418,#5420,#5266,.T.);
#5496=EDGE_CURVE('',#5420,#5387,#5270,.T.);
#5506=EDGE_CURVE('',#5388,#5422,#5274,.T.);
#5508=EDGE_CURVE('',#5430,#5422,#5295,.T.);
#5510=EDGE_CURVE('',#5390,#5430,#5372,.T.);
#5521=EDGE_CURVE('',#5428,#5426,#5282,.T.);
#5523=EDGE_CURVE('',#5426,#5432,#5286,.T.);
#5525=EDGE_CURVE('',#5432,#5430,#5291,.T.);
#5528=EDGE_CURVE('',#5422,#5424,#5299,.T.);
#5530=EDGE_CURVE('',#5424,#5434,#5303,.T.);
#5532=EDGE_CURVE('',#5434,#5436,#5307,.T.);
#5534=EDGE_CURVE('',#5436,#5438,#5311,.T.);
#5536=EDGE_CURVE('',#5438,#5440,#5315,.T.);
#5538=EDGE_CURVE('',#5440,#5442,#5319,.T.);
#5540=EDGE_CURVE('',#5442,#5444,#5323,.T.);
#5542=EDGE_CURVE('',#5444,#5446,#5328,.T.);
#5544=EDGE_CURVE('',#5446,#5448,#5332,.T.);
#5546=EDGE_CURVE('',#5448,#5450,#5336,.T.);
#5548=EDGE_CURVE('',#5450,#5452,#5340,.T.);
#5550=EDGE_CURVE('',#5452,#5454,#5344,.T.);
#5552=EDGE_CURVE('',#5454,#5456,#5348,.T.);
#5554=EDGE_CURVE('',#5456,#5428,#5352,.T.);
#5564=EDGE_CURVE('',#5426,#5394,#5360,.T.);
#5567=EDGE_CURVE('',#5428,#5396,#5356,.T.);
#5580=EDGE_CURVE('',#5432,#5392,#5368,.T.);
#5606=EDGE_CURVE('',#5456,#5398,#5376,.T.);
#5617=EDGE_CURVE('',#5420,#5434,#5380,.T.);
#5620=EDGE_CURVE('',#5424,#5387,#5384,.T.);
#5634=CIRCLE('',#5633,8.5E-1);
#5643=CIRCLE('',#5642,8.5E-1);
#5648=CIRCLE('',#5647,1.201839166959E0);
#5653=CIRCLE('',#5652,1.199999999999E0);
#5658=CIRCLE('',#5657,1.201839166959E0);
#5663=CIRCLE('',#5662,1.199999999999E0);
#5679=EDGE_CURVE('',#5666,#5667,#5638,.T.);
#5681=EDGE_CURVE('',#5669,#5666,#5663,.T.);
#5683=EDGE_CURVE('',#5669,#5671,#5629,.T.);
#5685=EDGE_CURVE('',#5671,#5667,#5634,.T.);
#5696=EDGE_CURVE('',#5667,#5671,#5643,.T.);
#5699=EDGE_CURVE('',#5666,#5669,#5653,.T.);
#5709=EDGE_CURVE('',#5673,#5666,#5648,.T.);
#5712=EDGE_CURVE('',#5673,#5669,#5658,.T.);
#5730=(LENGTH_UNIT()NAMED_UNIT(*)SI_UNIT(.MILLI.,.METRE.));
#5732=(NAMED_UNIT(*)PLANE_ANGLE_UNIT()SI_UNIT($,.RADIAN.));
#5735=(NAMED_UNIT(*)SI_UNIT($,.STERADIAN.)SOLID_ANGLE_UNIT());
#5738=MANIFOLD_SURFACE_SHAPE_REPRESENTATION('',(#5729),#5737);
#5745=PRODUCT_DEFINITION('design','',#5744,#5741);
#5746=PRODUCT_DEFINITION_SHAPE('','SHAPE FOR TL42P005000.',#5745);
#5747=SHAPE_DEFINITION_REPRESENTATION(#5746,#5738);
ENDSEC;
END-ISO-10303-21;
