ISO-10303-21;
HEADER;
FILE_DESCRIPTION((''),'2;1');
FILE_NAME('TL46W005000','2014-12-12T',('brevel'),(''),
'PRO/ENGINEER BY PARAMETRIC TECHNOLOGY CORPORATION, 2013410',
'PRO/ENGINEER BY PARAMETRIC TECHNOLOGY CORPORATION, 2013410','');
FILE_SCHEMA(('CONFIG_CONTROL_DESIGN'));
ENDSEC;
DATA;
#1=DIRECTION('',(-1.E0,0.E0,0.E0));
#2=VECTOR('',#1,6.8E0);
#3=CARTESIAN_POINT('',(3.4E0,0.E0,-3.65E0));
#4=LINE('',#3,#2);
#5=DIRECTION('',(7.071067811865E-1,7.071067811865E-1,0.E0));
#6=VECTOR('',#5,2.828427124746E-1);
#7=CARTESIAN_POINT('',(3.4E0,0.E0,-3.65E0));
#8=LINE('',#7,#6);
#9=DIRECTION('',(0.E0,1.E0,0.E0));
#10=VECTOR('',#9,3.E-1);
#11=CARTESIAN_POINT('',(3.6E0,2.E-1,-3.65E0));
#12=LINE('',#11,#10);
#13=DIRECTION('',(0.E0,-1.E0,0.E0));
#14=VECTOR('',#13,3.E-1);
#15=CARTESIAN_POINT('',(-3.6E0,5.E-1,-3.65E0));
#16=LINE('',#15,#14);
#17=DIRECTION('',(7.071067811865E-1,-7.071067811865E-1,0.E0));
#18=VECTOR('',#17,2.828427124746E-1);
#19=CARTESIAN_POINT('',(-3.6E0,2.E-1,-3.65E0));
#20=LINE('',#19,#18);
#21=DIRECTION('',(0.E0,0.E0,1.E0));
#22=VECTOR('',#21,7.3E0);
#23=CARTESIAN_POINT('',(3.4E0,0.E0,-3.65E0));
#24=LINE('',#23,#22);
#25=DIRECTION('',(0.E0,0.E0,-1.E0));
#26=VECTOR('',#25,7.3E0);
#27=CARTESIAN_POINT('',(3.6E0,2.E-1,3.65E0));
#28=LINE('',#27,#26);
#29=DIRECTION('',(-1.E0,0.E0,0.E0));
#30=VECTOR('',#29,6.8E0);
#31=CARTESIAN_POINT('',(3.4E0,0.E0,3.65E0));
#32=LINE('',#31,#30);
#33=DIRECTION('',(-7.071067811865E-1,7.071067811865E-1,0.E0));
#34=VECTOR('',#33,2.828427124746E-1);
#35=CARTESIAN_POINT('',(-3.4E0,0.E0,3.65E0));
#36=LINE('',#35,#34);
#37=DIRECTION('',(0.E0,1.E0,0.E0));
#38=VECTOR('',#37,3.E-1);
#39=CARTESIAN_POINT('',(-3.6E0,2.E-1,3.65E0));
#40=LINE('',#39,#38);
#41=DIRECTION('',(1.E0,0.E0,0.E0));
#42=VECTOR('',#41,7.2E0);
#43=CARTESIAN_POINT('',(-3.6E0,5.E-1,3.65E0));
#44=LINE('',#43,#42);
#45=DIRECTION('',(0.E0,-1.E0,0.E0));
#46=VECTOR('',#45,3.E-1);
#47=CARTESIAN_POINT('',(3.6E0,5.E-1,3.65E0));
#48=LINE('',#47,#46);
#49=DIRECTION('',(-7.071067811865E-1,-7.071067811865E-1,0.E0));
#50=VECTOR('',#49,2.828427124746E-1);
#51=CARTESIAN_POINT('',(3.6E0,2.E-1,3.65E0));
#52=LINE('',#51,#50);
#53=DIRECTION('',(0.E0,0.E0,-1.E0));
#54=VECTOR('',#53,7.3E0);
#55=CARTESIAN_POINT('',(-3.4E0,0.E0,3.65E0));
#56=LINE('',#55,#54);
#57=DIRECTION('',(0.E0,0.E0,1.E0));
#58=VECTOR('',#57,7.3E0);
#59=CARTESIAN_POINT('',(-3.6E0,2.E-1,-3.65E0));
#60=LINE('',#59,#58);
#61=DIRECTION('',(-1.E0,0.E0,0.E0));
#62=VECTOR('',#61,5.55E0);
#63=CARTESIAN_POINT('',(2.775E0,5.E-1,-4.1E0));
#64=LINE('',#63,#62);
#65=DIRECTION('',(0.E0,0.E0,1.E0));
#66=VECTOR('',#65,2.E-1);
#67=CARTESIAN_POINT('',(-2.775E0,5.E-1,-4.1E0));
#68=LINE('',#67,#66);
#69=DIRECTION('',(-1.E0,0.E0,0.E0));
#70=VECTOR('',#69,8.25E-1);
#71=CARTESIAN_POINT('',(-2.775E0,5.E-1,-3.9E0));
#72=LINE('',#71,#70);
#73=DIRECTION('',(0.E0,0.E0,1.E0));
#74=VECTOR('',#73,2.5E-1);
#75=CARTESIAN_POINT('',(-3.6E0,5.E-1,-3.9E0));
#76=LINE('',#75,#74);
#77=DIRECTION('',(1.E0,0.E0,0.E0));
#78=VECTOR('',#77,7.2E0);
#79=CARTESIAN_POINT('',(-3.6E0,5.E-1,-3.65E0));
#80=LINE('',#79,#78);
#81=DIRECTION('',(0.E0,0.E0,-1.E0));
#82=VECTOR('',#81,2.5E-1);
#83=CARTESIAN_POINT('',(3.6E0,5.E-1,-3.65E0));
#84=LINE('',#83,#82);
#85=DIRECTION('',(-1.E0,0.E0,0.E0));
#86=VECTOR('',#85,8.25E-1);
#87=CARTESIAN_POINT('',(3.6E0,5.E-1,-3.9E0));
#88=LINE('',#87,#86);
#89=DIRECTION('',(0.E0,0.E0,-1.E0));
#90=VECTOR('',#89,2.E-1);
#91=CARTESIAN_POINT('',(2.775E0,5.E-1,-3.9E0));
#92=LINE('',#91,#90);
#93=DIRECTION('',(0.E0,0.E0,1.E0));
#94=VECTOR('',#93,2.5E-1);
#95=CARTESIAN_POINT('',(-3.6E0,5.E-1,3.65E0));
#96=LINE('',#95,#94);
#97=DIRECTION('',(1.E0,0.E0,0.E0));
#98=VECTOR('',#97,8.25E-1);
#99=CARTESIAN_POINT('',(-3.6E0,5.E-1,3.9E0));
#100=LINE('',#99,#98);
#101=DIRECTION('',(0.E0,0.E0,1.E0));
#102=VECTOR('',#101,2.E-1);
#103=CARTESIAN_POINT('',(-2.775E0,5.E-1,3.9E0));
#104=LINE('',#103,#102);
#105=DIRECTION('',(1.E0,0.E0,0.E0));
#106=VECTOR('',#105,5.55E0);
#107=CARTESIAN_POINT('',(-2.775E0,5.E-1,4.1E0));
#108=LINE('',#107,#106);
#109=DIRECTION('',(0.E0,0.E0,-1.E0));
#110=VECTOR('',#109,2.E-1);
#111=CARTESIAN_POINT('',(2.775E0,5.E-1,4.1E0));
#112=LINE('',#111,#110);
#113=DIRECTION('',(1.E0,0.E0,0.E0));
#114=VECTOR('',#113,8.25E-1);
#115=CARTESIAN_POINT('',(2.775E0,5.E-1,3.9E0));
#116=LINE('',#115,#114);
#117=DIRECTION('',(0.E0,0.E0,-1.E0));
#118=VECTOR('',#117,2.5E-1);
#119=CARTESIAN_POINT('',(3.6E0,5.E-1,3.9E0));
#120=LINE('',#119,#118);
#121=DIRECTION('',(0.E0,0.E0,1.E0));
#122=VECTOR('',#121,1.E0);
#123=CARTESIAN_POINT('',(-3.15E0,0.E0,-5.E-1));
#124=LINE('',#123,#122);
#125=CARTESIAN_POINT('',(-3.15E0,-8.E-1,0.E0));
#126=DIRECTION('',(1.E0,0.E0,0.E0));
#127=DIRECTION('',(0.E0,0.E0,1.E0));
#128=AXIS2_PLACEMENT_3D('',#125,#126,#127);
#130=CARTESIAN_POINT('',(-3.15E0,-8.E-1,0.E0));
#131=DIRECTION('',(1.E0,0.E0,0.E0));
#132=DIRECTION('',(0.E0,-1.E0,0.E0));
#133=AXIS2_PLACEMENT_3D('',#130,#131,#132);
#135=DIRECTION('',(1.E0,0.E0,0.E0));
#136=VECTOR('',#135,6.3E0);
#137=CARTESIAN_POINT('',(-3.15E0,0.E0,5.E-1));
#138=LINE('',#137,#136);
#139=DIRECTION('',(0.E0,1.E0,0.E0));
#140=VECTOR('',#139,8.E-1);
#141=CARTESIAN_POINT('',(-3.15E0,-8.E-1,5.E-1));
#142=LINE('',#141,#140);
#143=DIRECTION('',(0.E0,0.E0,-1.E0));
#144=VECTOR('',#143,1.E0);
#145=CARTESIAN_POINT('',(3.15E0,0.E0,5.E-1));
#146=LINE('',#145,#144);
#147=DIRECTION('',(0.E0,-1.E0,0.E0));
#148=VECTOR('',#147,8.E-1);
#149=CARTESIAN_POINT('',(3.15E0,0.E0,-5.E-1));
#150=LINE('',#149,#148);
#151=CARTESIAN_POINT('',(3.15E0,-8.E-1,0.E0));
#152=DIRECTION('',(-1.E0,0.E0,0.E0));
#153=DIRECTION('',(0.E0,0.E0,-1.E0));
#154=AXIS2_PLACEMENT_3D('',#151,#152,#153);
#156=CARTESIAN_POINT('',(3.15E0,-8.E-1,0.E0));
#157=DIRECTION('',(-1.E0,0.E0,0.E0));
#158=DIRECTION('',(0.E0,-1.E0,0.E0));
#159=AXIS2_PLACEMENT_3D('',#156,#157,#158);
#161=DIRECTION('',(0.E0,1.E0,0.E0));
#162=VECTOR('',#161,8.E-1);
#163=CARTESIAN_POINT('',(3.15E0,-8.E-1,5.E-1));
#164=LINE('',#163,#162);
#165=DIRECTION('',(-1.E0,0.E0,0.E0));
#166=VECTOR('',#165,6.3E0);
#167=CARTESIAN_POINT('',(3.15E0,0.E0,-5.E-1));
#168=LINE('',#167,#166);
#169=DIRECTION('',(0.E0,-1.E0,0.E0));
#170=VECTOR('',#169,8.E-1);
#171=CARTESIAN_POINT('',(-3.15E0,0.E0,-5.E-1));
#172=LINE('',#171,#170);
#173=DIRECTION('',(1.E0,0.E0,0.E0));
#174=VECTOR('',#173,6.3E0);
#175=CARTESIAN_POINT('',(-3.15E0,-8.E-1,5.E-1));
#176=LINE('',#175,#174);
#177=DIRECTION('',(-1.E0,0.E0,0.E0));
#178=VECTOR('',#177,6.3E0);
#179=CARTESIAN_POINT('',(3.15E0,-8.E-1,-5.E-1));
#180=LINE('',#179,#178);
#181=CARTESIAN_POINT('',(3.4E0,0.E0,-3.65E0));
#182=CARTESIAN_POINT('',(-3.4E0,0.E0,-3.65E0));
#183=VERTEX_POINT('',#181);
#184=VERTEX_POINT('',#182);
#185=CARTESIAN_POINT('',(-3.4E0,0.E0,3.65E0));
#186=VERTEX_POINT('',#185);
#187=CARTESIAN_POINT('',(3.4E0,0.E0,3.65E0));
#188=VERTEX_POINT('',#187);
#189=CARTESIAN_POINT('',(-3.15E0,0.E0,5.E-1));
#190=CARTESIAN_POINT('',(-3.15E0,0.E0,-5.E-1));
#191=VERTEX_POINT('',#189);
#192=VERTEX_POINT('',#190);
#193=CARTESIAN_POINT('',(3.15E0,0.E0,-5.E-1));
#194=VERTEX_POINT('',#193);
#195=CARTESIAN_POINT('',(3.15E0,0.E0,5.E-1));
#196=VERTEX_POINT('',#195);
#197=CARTESIAN_POINT('',(3.6E0,2.E-1,-3.65E0));
#198=VERTEX_POINT('',#197);
#199=CARTESIAN_POINT('',(3.6E0,5.E-1,-3.65E0));
#200=VERTEX_POINT('',#199);
#201=CARTESIAN_POINT('',(-3.6E0,5.E-1,-3.65E0));
#202=VERTEX_POINT('',#201);
#203=CARTESIAN_POINT('',(-3.6E0,2.E-1,-3.65E0));
#204=VERTEX_POINT('',#203);
#205=CARTESIAN_POINT('',(3.6E0,2.E-1,3.65E0));
#206=VERTEX_POINT('',#205);
#207=CARTESIAN_POINT('',(-3.6E0,2.E-1,3.65E0));
#208=VERTEX_POINT('',#207);
#209=CARTESIAN_POINT('',(-3.6E0,5.E-1,3.65E0));
#210=VERTEX_POINT('',#209);
#211=CARTESIAN_POINT('',(3.6E0,5.E-1,3.65E0));
#212=VERTEX_POINT('',#211);
#213=CARTESIAN_POINT('',(-3.6E0,5.E-1,-3.9E0));
#214=VERTEX_POINT('',#213);
#215=CARTESIAN_POINT('',(-3.6E0,5.E-1,3.9E0));
#216=VERTEX_POINT('',#215);
#217=CARTESIAN_POINT('',(-2.775E0,5.E-1,-4.1E0));
#218=CARTESIAN_POINT('',(2.775E0,5.E-1,-4.1E0));
#219=VERTEX_POINT('',#217);
#220=VERTEX_POINT('',#218);
#221=CARTESIAN_POINT('',(-2.775E0,5.E-1,-3.9E0));
#222=VERTEX_POINT('',#221);
#223=CARTESIAN_POINT('',(3.6E0,5.E-1,-3.9E0));
#224=VERTEX_POINT('',#223);
#225=CARTESIAN_POINT('',(2.775E0,5.E-1,-3.9E0));
#226=VERTEX_POINT('',#225);
#227=CARTESIAN_POINT('',(3.6E0,5.E-1,3.9E0));
#228=VERTEX_POINT('',#227);
#229=CARTESIAN_POINT('',(-2.775E0,5.E-1,3.9E0));
#230=VERTEX_POINT('',#229);
#231=CARTESIAN_POINT('',(-2.775E0,5.E-1,4.1E0));
#232=VERTEX_POINT('',#231);
#233=CARTESIAN_POINT('',(2.775E0,5.E-1,4.1E0));
#234=VERTEX_POINT('',#233);
#235=CARTESIAN_POINT('',(2.775E0,5.E-1,3.9E0));
#236=VERTEX_POINT('',#235);
#237=CARTESIAN_POINT('',(-3.15E0,-8.E-1,5.E-1));
#238=VERTEX_POINT('',#237);
#239=CARTESIAN_POINT('',(-3.15E0,-1.3E0,0.E0));
#240=VERTEX_POINT('',#239);
#241=CARTESIAN_POINT('',(-3.15E0,-8.E-1,-5.E-1));
#242=VERTEX_POINT('',#241);
#243=CARTESIAN_POINT('',(3.15E0,-8.E-1,5.E-1));
#244=VERTEX_POINT('',#243);
#245=CARTESIAN_POINT('',(3.15E0,-8.E-1,-5.E-1));
#246=VERTEX_POINT('',#245);
#247=CARTESIAN_POINT('',(3.15E0,-1.3E0,0.E0));
#248=VERTEX_POINT('',#247);
#249=CARTESIAN_POINT('',(0.E0,0.E0,0.E0));
#250=DIRECTION('',(0.E0,1.E0,0.E0));
#251=DIRECTION('',(1.E0,0.E0,0.E0));
#252=AXIS2_PLACEMENT_3D('',#249,#250,#251);
#253=PLANE('',#252);
#255=ORIENTED_EDGE('',*,*,#254,.T.);
#257=ORIENTED_EDGE('',*,*,#256,.F.);
#259=ORIENTED_EDGE('',*,*,#258,.F.);
#261=ORIENTED_EDGE('',*,*,#260,.F.);
#262=EDGE_LOOP('',(#255,#257,#259,#261));
#263=FACE_OUTER_BOUND('',#262,.F.);
#264=ADVANCED_FACE('',(#263),#253,.F.);
#265=CARTESIAN_POINT('',(4.32E0,5.E-1,-3.65E0));
#266=DIRECTION('',(0.E0,0.E0,1.E0));
#267=DIRECTION('',(0.E0,-1.E0,0.E0));
#268=AXIS2_PLACEMENT_3D('',#265,#266,#267);
#269=PLANE('',#268);
#270=ORIENTED_EDGE('',*,*,#254,.F.);
#272=ORIENTED_EDGE('',*,*,#271,.T.);
#274=ORIENTED_EDGE('',*,*,#273,.T.);
#276=ORIENTED_EDGE('',*,*,#275,.F.);
#278=ORIENTED_EDGE('',*,*,#277,.T.);
#280=ORIENTED_EDGE('',*,*,#279,.T.);
#281=EDGE_LOOP('',(#270,#272,#274,#276,#278,#280));
#282=FACE_OUTER_BOUND('',#281,.F.);
#283=ADVANCED_FACE('',(#282),#269,.F.);
#284=CARTESIAN_POINT('',(3.4E0,0.E0,3.65E0));
#285=DIRECTION('',(7.071067811865E-1,-7.071067811865E-1,0.E0));
#286=DIRECTION('',(0.E0,0.E0,-1.E0));
#287=AXIS2_PLACEMENT_3D('',#284,#285,#286);
#288=PLANE('',#287);
#289=ORIENTED_EDGE('',*,*,#260,.T.);
#291=ORIENTED_EDGE('',*,*,#290,.F.);
#293=ORIENTED_EDGE('',*,*,#292,.T.);
#294=ORIENTED_EDGE('',*,*,#271,.F.);
#295=EDGE_LOOP('',(#289,#291,#293,#294));
#296=FACE_OUTER_BOUND('',#295,.F.);
#297=ADVANCED_FACE('',(#296),#288,.T.);
#298=CARTESIAN_POINT('',(4.32E0,0.E0,3.65E0));
#299=DIRECTION('',(0.E0,0.E0,-1.E0));
#300=DIRECTION('',(0.E0,1.E0,0.E0));
#301=AXIS2_PLACEMENT_3D('',#298,#299,#300);
#302=PLANE('',#301);
#303=ORIENTED_EDGE('',*,*,#258,.T.);
#305=ORIENTED_EDGE('',*,*,#304,.T.);
#307=ORIENTED_EDGE('',*,*,#306,.T.);
#309=ORIENTED_EDGE('',*,*,#308,.T.);
#311=ORIENTED_EDGE('',*,*,#310,.T.);
#312=ORIENTED_EDGE('',*,*,#290,.T.);
#313=EDGE_LOOP('',(#303,#305,#307,#309,#311,#312));
#314=FACE_OUTER_BOUND('',#313,.F.);
#315=ADVANCED_FACE('',(#314),#302,.F.);
#316=CARTESIAN_POINT('',(-3.4E0,0.E0,-3.65E0));
#317=DIRECTION('',(-7.071067811865E-1,-7.071067811865E-1,0.E0));
#318=DIRECTION('',(0.E0,0.E0,1.E0));
#319=AXIS2_PLACEMENT_3D('',#316,#317,#318);
#320=PLANE('',#319);
#321=ORIENTED_EDGE('',*,*,#256,.T.);
#322=ORIENTED_EDGE('',*,*,#279,.F.);
#324=ORIENTED_EDGE('',*,*,#323,.T.);
#325=ORIENTED_EDGE('',*,*,#304,.F.);
#326=EDGE_LOOP('',(#321,#322,#324,#325));
#327=FACE_OUTER_BOUND('',#326,.F.);
#328=ADVANCED_FACE('',(#327),#320,.T.);
#329=CARTESIAN_POINT('',(4.32E0,5.E-1,-4.1E0));
#330=DIRECTION('',(0.E0,1.E0,0.E0));
#331=DIRECTION('',(0.E0,0.E0,1.E0));
#332=AXIS2_PLACEMENT_3D('',#329,#330,#331);
#333=PLANE('',#332);
#335=ORIENTED_EDGE('',*,*,#334,.T.);
#337=ORIENTED_EDGE('',*,*,#336,.T.);
#339=ORIENTED_EDGE('',*,*,#338,.T.);
#341=ORIENTED_EDGE('',*,*,#340,.T.);
#342=ORIENTED_EDGE('',*,*,#275,.T.);
#344=ORIENTED_EDGE('',*,*,#343,.T.);
#346=ORIENTED_EDGE('',*,*,#345,.T.);
#348=ORIENTED_EDGE('',*,*,#347,.T.);
#349=EDGE_LOOP('',(#335,#337,#339,#341,#342,#344,#346,#348));
#350=FACE_OUTER_BOUND('',#349,.F.);
#351=ADVANCED_FACE('',(#350),#333,.F.);
#352=CARTESIAN_POINT('',(4.32E0,5.E-1,3.65E0));
#353=DIRECTION('',(0.E0,1.E0,0.E0));
#354=DIRECTION('',(0.E0,0.E0,1.E0));
#355=AXIS2_PLACEMENT_3D('',#352,#353,#354);
#356=PLANE('',#355);
#358=ORIENTED_EDGE('',*,*,#357,.T.);
#360=ORIENTED_EDGE('',*,*,#359,.T.);
#362=ORIENTED_EDGE('',*,*,#361,.T.);
#364=ORIENTED_EDGE('',*,*,#363,.T.);
#366=ORIENTED_EDGE('',*,*,#365,.T.);
#368=ORIENTED_EDGE('',*,*,#367,.T.);
#370=ORIENTED_EDGE('',*,*,#369,.T.);
#371=ORIENTED_EDGE('',*,*,#308,.F.);
#372=EDGE_LOOP('',(#358,#360,#362,#364,#366,#368,#370,#371));
#373=FACE_OUTER_BOUND('',#372,.F.);
#374=ADVANCED_FACE('',(#373),#356,.F.);
#375=CARTESIAN_POINT('',(-3.15E0,0.E0,0.E0));
#376=DIRECTION('',(1.E0,0.E0,0.E0));
#377=DIRECTION('',(0.E0,1.E0,0.E0));
#378=AXIS2_PLACEMENT_3D('',#375,#376,#377);
#379=PLANE('',#378);
#381=ORIENTED_EDGE('',*,*,#380,.T.);
#383=ORIENTED_EDGE('',*,*,#382,.F.);
#385=ORIENTED_EDGE('',*,*,#384,.T.);
#387=ORIENTED_EDGE('',*,*,#386,.T.);
#389=ORIENTED_EDGE('',*,*,#388,.F.);
#390=EDGE_LOOP('',(#381,#383,#385,#387,#389));
#391=FACE_OUTER_BOUND('',#390,.F.);
#392=ADVANCED_FACE('',(#391),#379,.F.);
#393=CARTESIAN_POINT('',(-3.15E0,0.E0,5.E-1));
#394=DIRECTION('',(0.E0,0.E0,1.E0));
#395=DIRECTION('',(0.E0,-1.E0,0.E0));
#396=AXIS2_PLACEMENT_3D('',#393,#394,#395);
#397=PLANE('',#396);
#399=ORIENTED_EDGE('',*,*,#398,.T.);
#401=ORIENTED_EDGE('',*,*,#400,.F.);
#403=ORIENTED_EDGE('',*,*,#402,.F.);
#404=ORIENTED_EDGE('',*,*,#382,.T.);
#405=EDGE_LOOP('',(#399,#401,#403,#404));
#406=FACE_OUTER_BOUND('',#405,.F.);
#407=ADVANCED_FACE('',(#406),#397,.T.);
#408=CARTESIAN_POINT('',(3.15E0,0.E0,0.E0));
#409=DIRECTION('',(1.E0,0.E0,0.E0));
#410=DIRECTION('',(0.E0,1.E0,0.E0));
#411=AXIS2_PLACEMENT_3D('',#408,#409,#410);
#412=PLANE('',#411);
#414=ORIENTED_EDGE('',*,*,#413,.T.);
#416=ORIENTED_EDGE('',*,*,#415,.T.);
#418=ORIENTED_EDGE('',*,*,#417,.T.);
#420=ORIENTED_EDGE('',*,*,#419,.T.);
#421=ORIENTED_EDGE('',*,*,#400,.T.);
#422=EDGE_LOOP('',(#414,#416,#418,#420,#421));
#423=FACE_OUTER_BOUND('',#422,.F.);
#424=ADVANCED_FACE('',(#423),#412,.T.);
#425=CARTESIAN_POINT('',(-3.15E0,-8.E-1,-5.E-1));
#426=DIRECTION('',(0.E0,0.E0,-1.E0));
#427=DIRECTION('',(0.E0,1.E0,0.E0));
#428=AXIS2_PLACEMENT_3D('',#425,#426,#427);
#429=PLANE('',#428);
#431=ORIENTED_EDGE('',*,*,#430,.T.);
#432=ORIENTED_EDGE('',*,*,#388,.T.);
#434=ORIENTED_EDGE('',*,*,#433,.F.);
#435=ORIENTED_EDGE('',*,*,#415,.F.);
#436=EDGE_LOOP('',(#431,#432,#434,#435));
#437=FACE_OUTER_BOUND('',#436,.F.);
#438=ADVANCED_FACE('',(#437),#429,.T.);
#439=CARTESIAN_POINT('',(-3.15E0,-8.E-1,0.E0));
#440=DIRECTION('',(1.E0,0.E0,0.E0));
#441=DIRECTION('',(0.E0,1.E0,0.E0));
#442=AXIS2_PLACEMENT_3D('',#439,#440,#441);
#443=CYLINDRICAL_SURFACE('',#442,5.E-1);
#444=ORIENTED_EDGE('',*,*,#386,.F.);
#445=ORIENTED_EDGE('',*,*,#384,.F.);
#446=ORIENTED_EDGE('',*,*,#402,.T.);
#447=ORIENTED_EDGE('',*,*,#419,.F.);
#448=ORIENTED_EDGE('',*,*,#417,.F.);
#449=ORIENTED_EDGE('',*,*,#433,.T.);
#450=EDGE_LOOP('',(#444,#445,#446,#447,#448,#449));
#451=FACE_OUTER_BOUND('',#450,.F.);
#452=ADVANCED_FACE('',(#451),#443,.T.);
#453=OPEN_SHELL('',(#264,#283,#297,#315,#328,#351,#374,#392,#407,#424,#438,
#452));
#454=DIRECTION('',(0.E0,-1.E0,0.E0));
#455=VECTOR('',#454,1.E0);
#456=CARTESIAN_POINT('',(-4.035E0,-1.2E-1,-3.9E0));
#457=LINE('',#456,#455);
#458=DIRECTION('',(0.E0,1.E0,0.E0));
#459=VECTOR('',#458,7.E-1);
#460=CARTESIAN_POINT('',(-4.035E0,-1.12E0,-4.5E0));
#461=LINE('',#460,#459);
#462=DIRECTION('',(0.E0,0.E0,1.E0));
#463=VECTOR('',#462,2.5E-1);
#464=CARTESIAN_POINT('',(-4.035E0,-4.2E-1,-4.5E0));
#465=LINE('',#464,#463);
#466=DIRECTION('',(0.E0,1.E0,0.E0));
#467=VECTOR('',#466,1.E0);
#468=CARTESIAN_POINT('',(-4.035E0,-1.12E0,3.9E0));
#469=LINE('',#468,#467);
#470=DIRECTION('',(0.E0,0.E0,-1.E0));
#471=VECTOR('',#470,7.8E0);
#472=CARTESIAN_POINT('',(-3.735E0,-4.2E-1,3.9E0));
#473=LINE('',#472,#471);
#474=DIRECTION('',(0.E0,0.E0,1.E0));
#475=VECTOR('',#474,7.8E0);
#476=CARTESIAN_POINT('',(-4.035E0,-1.2E-1,-3.9E0));
#477=LINE('',#476,#475);
#478=CARTESIAN_POINT('',(-3.735E0,-4.2E-1,4.25E0));
#479=DIRECTION('',(0.E0,1.E0,0.E0));
#480=DIRECTION('',(-5.527707983925E-1,0.E0,8.333333333334E-1));
#481=AXIS2_PLACEMENT_3D('',#478,#479,#480);
#483=CARTESIAN_POINT('',(3.765E0,-4.2E-1,4.25E0));
#484=DIRECTION('',(0.E0,1.E0,0.E0));
#485=DIRECTION('',(0.E0,0.E0,1.E0));
#486=AXIS2_PLACEMENT_3D('',#483,#484,#485);
#488=DIRECTION('',(0.E0,0.E0,1.E0));
#489=VECTOR('',#488,6.E-1);
#490=CARTESIAN_POINT('',(-2.878622346625E0,-4.200000000001E-1,3.9E0));
#491=LINE('',#490,#489);
#492=DIRECTION('',(-1.E0,7.217147150574E-14,-1.390210436830E-14));
#493=VECTOR('',#492,1.022208892893E0);
#494=CARTESIAN_POINT('',(-2.878622346625E0,-4.200000000001E-1,4.5E0));
#495=LINE('',#494,#493);
#496=CARTESIAN_POINT('',(-3.735E0,-4.2E-1,-4.25E0));
#497=DIRECTION('',(0.E0,1.E0,0.E0));
#498=DIRECTION('',(0.E0,0.E0,-1.E0));
#499=AXIS2_PLACEMENT_3D('',#496,#497,#498);
#501=DIRECTION('',(0.E0,0.E0,-1.E0));
#502=VECTOR('',#501,6.E-1);
#503=CARTESIAN_POINT('',(2.908622346625E0,-4.200000000001E-1,-3.9E0));
#504=LINE('',#503,#502);
#505=DIRECTION('',(1.E0,7.217147150574E-14,1.390210436830E-14));
#506=VECTOR('',#505,1.022208892893E0);
#507=CARTESIAN_POINT('',(2.908622346625E0,-4.200000000001E-1,-4.5E0));
#508=LINE('',#507,#506);
#509=CARTESIAN_POINT('',(3.765E0,-4.2E-1,-4.25E0));
#510=DIRECTION('',(0.E0,1.E0,0.E0));
#511=DIRECTION('',(5.527707983925E-1,0.E0,-8.333333333334E-1));
#512=AXIS2_PLACEMENT_3D('',#509,#510,#511);
#514=DIRECTION('',(-1.E0,0.E0,0.E0));
#515=VECTOR('',#514,7.5E0);
#516=CARTESIAN_POINT('',(3.765E0,-4.2E-1,-4.55E0));
#517=LINE('',#516,#515);
#518=DIRECTION('',(1.E0,0.E0,0.E0));
#519=VECTOR('',#518,1.35E-1);
#520=CARTESIAN_POINT('',(3.63E0,-4.2E-1,3.9E0));
#521=LINE('',#520,#519);
#522=DIRECTION('',(-1.E0,0.E0,0.E0));
#523=VECTOR('',#522,1.35E-1);
#524=CARTESIAN_POINT('',(-3.6E0,-4.2E-1,-3.9E0));
#525=LINE('',#524,#523);
#526=DIRECTION('',(0.E0,1.E0,0.E0));
#527=VECTOR('',#526,6.85E0);
#528=CARTESIAN_POINT('',(-4.035E0,-4.2E-1,4.25E0));
#529=LINE('',#528,#527);
#530=DIRECTION('',(0.E0,-1.E0,0.E0));
#531=VECTOR('',#530,6.85E0);
#532=CARTESIAN_POINT('',(-3.735E0,6.43E0,4.55E0));
#533=LINE('',#532,#531);
#534=DIRECTION('',(-1.E0,0.E0,1.059177610655E-13));
#535=VECTOR('',#534,1.341687604822E-1);
#536=CARTESIAN_POINT('',(-3.900831239518E0,-4.2E-1,4.5E0));
#537=LINE('',#536,#535);
#538=DIRECTION('',(0.E0,0.E0,-1.E0));
#539=VECTOR('',#538,2.5E-1);
#540=CARTESIAN_POINT('',(-4.035E0,-4.2E-1,4.5E0));
#541=LINE('',#540,#539);
#542=CARTESIAN_POINT('',(-3.735E0,-4.2E-1,4.25E0));
#543=DIRECTION('',(0.E0,1.E0,0.E0));
#544=DIRECTION('',(-1.E0,0.E0,0.E0));
#545=AXIS2_PLACEMENT_3D('',#542,#543,#544);
#547=DIRECTION('',(-5.735764363510E-1,-8.191520442890E-1,0.E0));
#548=VECTOR('',#547,1.064604473595E0);
#549=CARTESIAN_POINT('',(-2.878622346625E0,-4.200000000001E-1,4.5E0));
#550=LINE('',#549,#548);
#551=CARTESIAN_POINT('',(-3.735E0,-1.12E0,4.5E0));
#552=DIRECTION('',(0.E0,0.E0,-1.E0));
#553=DIRECTION('',(8.191520442926E-1,-5.735764363459E-1,0.E0));
#554=AXIS2_PLACEMENT_3D('',#551,#552,#553);
#556=DIRECTION('',(0.E0,1.E0,0.E0));
#557=VECTOR('',#556,7.E-1);
#558=CARTESIAN_POINT('',(-4.035E0,-1.12E0,4.5E0));
#559=LINE('',#558,#557);
#560=CARTESIAN_POINT('',(3.765E0,-1.2E-1,3.9E0));
#561=DIRECTION('',(0.E0,0.E0,-1.E0));
#562=DIRECTION('',(1.E0,0.E0,0.E0));
#563=AXIS2_PLACEMENT_3D('',#560,#561,#562);
#565=DIRECTION('',(-1.E0,0.E0,0.E0));
#566=VECTOR('',#565,8.15E-1);
#567=CARTESIAN_POINT('',(3.63E0,3.1E0,3.9E0));
#568=LINE('',#567,#566);
#569=DIRECTION('',(1.E0,-7.879990477279E-13,0.E0));
#570=VECTOR('',#569,9.362234662474E-2);
#571=CARTESIAN_POINT('',(2.815E0,-4.2E-1,3.9E0));
#572=LINE('',#571,#570);
#573=DIRECTION('',(5.735764363510E-1,-8.191520442890E-1,0.E0));
#574=VECTOR('',#573,1.064604473595E0);
#575=CARTESIAN_POINT('',(2.908622346625E0,-4.200000000001E-1,3.9E0));
#576=LINE('',#575,#574);
#577=CARTESIAN_POINT('',(3.765E0,-1.12E0,3.9E0));
#578=DIRECTION('',(0.E0,0.E0,1.E0));
#579=DIRECTION('',(-8.191520442926E-1,-5.735764363459E-1,0.E0));
#580=AXIS2_PLACEMENT_3D('',#577,#578,#579);
#582=DIRECTION('',(-1.E0,0.E0,0.E0));
#583=VECTOR('',#582,1.35E-1);
#584=CARTESIAN_POINT('',(-3.6E0,-4.2E-1,3.9E0));
#585=LINE('',#584,#583);
#586=CARTESIAN_POINT('',(-3.735E0,-1.2E-1,3.9E0));
#587=DIRECTION('',(0.E0,0.E0,-1.E0));
#588=DIRECTION('',(0.E0,-1.E0,0.E0));
#589=AXIS2_PLACEMENT_3D('',#586,#587,#588);
#591=CARTESIAN_POINT('',(-3.735E0,-1.12E0,3.9E0));
#592=DIRECTION('',(0.E0,0.E0,1.E0));
#593=DIRECTION('',(-1.E0,0.E0,0.E0));
#594=AXIS2_PLACEMENT_3D('',#591,#592,#593);
#596=DIRECTION('',(5.735764363510E-1,8.191520442890E-1,0.E0));
#597=VECTOR('',#596,1.064604473595E0);
#598=CARTESIAN_POINT('',(-3.489254386713E0,-1.292072930905E0,3.9E0));
#599=LINE('',#598,#597);
#600=DIRECTION('',(1.E0,7.879990477279E-13,0.E0));
#601=VECTOR('',#600,9.362234662474E-2);
#602=CARTESIAN_POINT('',(-2.878622346625E0,-4.200000000001E-1,3.9E0));
#603=LINE('',#602,#601);
#604=DIRECTION('',(0.E0,1.E0,0.E0));
#605=VECTOR('',#604,3.52E0);
#606=CARTESIAN_POINT('',(-2.785E0,-4.2E-1,3.9E0));
#607=LINE('',#606,#605);
#608=DIRECTION('',(-1.E0,0.E0,0.E0));
#609=VECTOR('',#608,8.15E-1);
#610=CARTESIAN_POINT('',(-2.785E0,3.1E0,3.9E0));
#611=LINE('',#610,#609);
#612=DIRECTION('',(0.E0,-1.E0,0.E0));
#613=VECTOR('',#612,3.52E0);
#614=CARTESIAN_POINT('',(-3.6E0,3.1E0,3.9E0));
#615=LINE('',#614,#613);
#616=DIRECTION('',(0.E0,-1.E0,0.E0));
#617=VECTOR('',#616,1.E0);
#618=CARTESIAN_POINT('',(4.065E0,-1.2E-1,3.9E0));
#619=LINE('',#618,#617);
#620=DIRECTION('',(0.E0,1.E0,0.E0));
#621=VECTOR('',#620,7.E-1);
#622=CARTESIAN_POINT('',(4.065E0,-1.12E0,4.5E0));
#623=LINE('',#622,#621);
#624=DIRECTION('',(0.E0,0.E0,-1.E0));
#625=VECTOR('',#624,2.5E-1);
#626=CARTESIAN_POINT('',(4.065E0,-4.2E-1,4.5E0));
#627=LINE('',#626,#625);
#628=DIRECTION('',(0.E0,1.E0,0.E0));
#629=VECTOR('',#628,1.E0);
#630=CARTESIAN_POINT('',(4.065E0,-1.12E0,-3.9E0));
#631=LINE('',#630,#629);
#632=DIRECTION('',(0.E0,0.E0,1.E0));
#633=VECTOR('',#632,7.8E0);
#634=CARTESIAN_POINT('',(3.765E0,-4.2E-1,-3.9E0));
#635=LINE('',#634,#633);
#636=DIRECTION('',(0.E0,0.E0,-1.E0));
#637=VECTOR('',#636,7.8E0);
#638=CARTESIAN_POINT('',(4.065E0,-1.2E-1,3.9E0));
#639=LINE('',#638,#637);
#640=DIRECTION('',(1.E0,0.E0,0.E0));
#641=VECTOR('',#640,1.35E-1);
#642=CARTESIAN_POINT('',(3.63E0,-4.2E-1,-3.9E0));
#643=LINE('',#642,#641);
#644=CARTESIAN_POINT('',(3.765E0,-1.2E-1,-3.9E0));
#645=DIRECTION('',(0.E0,0.E0,1.E0));
#646=DIRECTION('',(0.E0,-1.E0,0.E0));
#647=AXIS2_PLACEMENT_3D('',#644,#645,#646);
#649=CARTESIAN_POINT('',(3.765E0,-1.12E0,-3.9E0));
#650=DIRECTION('',(0.E0,0.E0,-1.E0));
#651=DIRECTION('',(1.E0,0.E0,0.E0));
#652=AXIS2_PLACEMENT_3D('',#649,#650,#651);
#654=DIRECTION('',(-5.735764363510E-1,8.191520442890E-1,0.E0));
#655=VECTOR('',#654,1.064604473595E0);
#656=CARTESIAN_POINT('',(3.519254386713E0,-1.292072930905E0,-3.9E0));
#657=LINE('',#656,#655);
#658=DIRECTION('',(-1.E0,7.879990477279E-13,0.E0));
#659=VECTOR('',#658,9.362234662474E-2);
#660=CARTESIAN_POINT('',(2.908622346625E0,-4.200000000001E-1,-3.9E0));
#661=LINE('',#660,#659);
#662=DIRECTION('',(0.E0,1.E0,0.E0));
#663=VECTOR('',#662,3.52E0);
#664=CARTESIAN_POINT('',(2.815E0,-4.2E-1,-3.9E0));
#665=LINE('',#664,#663);
#666=DIRECTION('',(1.E0,0.E0,0.E0));
#667=VECTOR('',#666,8.15E-1);
#668=CARTESIAN_POINT('',(2.815E0,3.1E0,-3.9E0));
#669=LINE('',#668,#667);
#670=DIRECTION('',(0.E0,-1.E0,0.E0));
#671=VECTOR('',#670,3.52E0);
#672=CARTESIAN_POINT('',(3.63E0,3.1E0,-3.9E0));
#673=LINE('',#672,#671);
#674=CARTESIAN_POINT('',(-3.735E0,-1.2E-1,-3.9E0));
#675=DIRECTION('',(0.E0,0.E0,1.E0));
#676=DIRECTION('',(-1.E0,0.E0,0.E0));
#677=AXIS2_PLACEMENT_3D('',#674,#675,#676);
#679=DIRECTION('',(1.E0,0.E0,0.E0));
#680=VECTOR('',#679,8.15E-1);
#681=CARTESIAN_POINT('',(-3.6E0,3.1E0,-3.9E0));
#682=LINE('',#681,#680);
#683=DIRECTION('',(-1.E0,-7.879990477279E-13,0.E0));
#684=VECTOR('',#683,9.362234662474E-2);
#685=CARTESIAN_POINT('',(-2.785E0,-4.2E-1,-3.9E0));
#686=LINE('',#685,#684);
#687=DIRECTION('',(-5.735764363510E-1,-8.191520442890E-1,0.E0));
#688=VECTOR('',#687,1.064604473595E0);
#689=CARTESIAN_POINT('',(-2.878622346625E0,-4.200000000001E-1,-3.9E0));
#690=LINE('',#689,#688);
#691=CARTESIAN_POINT('',(-3.735E0,-1.12E0,-3.9E0));
#692=DIRECTION('',(0.E0,0.E0,-1.E0));
#693=DIRECTION('',(8.191520442926E-1,-5.735764363459E-1,0.E0));
#694=AXIS2_PLACEMENT_3D('',#691,#692,#693);
#696=DIRECTION('',(0.E0,0.E0,-1.E0));
#697=VECTOR('',#696,6.E-1);
#698=CARTESIAN_POINT('',(4.065E0,-1.12E0,-3.9E0));
#699=LINE('',#698,#697);
#700=DIRECTION('',(0.E0,0.E0,1.E0));
#701=VECTOR('',#700,6.E-1);
#702=CARTESIAN_POINT('',(3.519254386713E0,-1.292072930905E0,-4.5E0));
#703=LINE('',#702,#701);
#704=DIRECTION('',(5.735764363510E-1,-8.191520442890E-1,0.E0));
#705=VECTOR('',#704,1.064604473595E0);
#706=CARTESIAN_POINT('',(2.908622346625E0,-4.200000000001E-1,-4.5E0));
#707=LINE('',#706,#705);
#708=CARTESIAN_POINT('',(3.765E0,-1.12E0,-4.5E0));
#709=DIRECTION('',(0.E0,0.E0,1.E0));
#710=DIRECTION('',(-8.191520442926E-1,-5.735764363459E-1,0.E0));
#711=AXIS2_PLACEMENT_3D('',#708,#709,#710);
#713=DIRECTION('',(0.E0,1.E0,0.E0));
#714=VECTOR('',#713,7.E-1);
#715=CARTESIAN_POINT('',(4.065E0,-1.12E0,-4.5E0));
#716=LINE('',#715,#714);
#717=DIRECTION('',(1.E0,0.E0,-1.059177610655E-13));
#718=VECTOR('',#717,1.341687604822E-1);
#719=CARTESIAN_POINT('',(3.930831239518E0,-4.2E-1,-4.5E0));
#720=LINE('',#719,#718);
#721=DIRECTION('',(0.E0,0.E0,1.E0));
#722=VECTOR('',#721,2.5E-1);
#723=CARTESIAN_POINT('',(4.065E0,-4.2E-1,-4.5E0));
#724=LINE('',#723,#722);
#725=CARTESIAN_POINT('',(3.765E0,-4.2E-1,-4.25E0));
#726=DIRECTION('',(0.E0,1.E0,0.E0));
#727=DIRECTION('',(1.E0,0.E0,0.E0));
#728=AXIS2_PLACEMENT_3D('',#725,#726,#727);
#730=DIRECTION('',(0.E0,1.E0,0.E0));
#731=VECTOR('',#730,6.85E0);
#732=CARTESIAN_POINT('',(4.065E0,-4.2E-1,-4.25E0));
#733=LINE('',#732,#731);
#734=DIRECTION('',(0.E0,-1.E0,0.E0));
#735=VECTOR('',#734,6.85E0);
#736=CARTESIAN_POINT('',(3.765E0,6.43E0,-4.55E0));
#737=LINE('',#736,#735);
#738=CARTESIAN_POINT('',(3.765E0,6.43E0,-4.25E0));
#739=DIRECTION('',(0.E0,0.E0,1.E0));
#740=DIRECTION('',(1.E0,0.E0,0.E0));
#741=AXIS2_PLACEMENT_3D('',#738,#739,#740);
#743=CARTESIAN_POINT('',(3.765E0,6.43E0,-4.25E0));
#744=DIRECTION('',(-1.E0,0.E0,0.E0));
#745=DIRECTION('',(0.E0,1.E0,0.E0));
#746=AXIS2_PLACEMENT_3D('',#743,#744,#745);
#748=CARTESIAN_POINT('',(3.765E0,6.43E0,-4.25E0));
#749=DIRECTION('',(0.E0,-1.E0,0.E0));
#750=DIRECTION('',(0.E0,0.E0,-1.E0));
#751=AXIS2_PLACEMENT_3D('',#748,#749,#750);
#753=DIRECTION('',(0.E0,0.E0,1.E0));
#754=VECTOR('',#753,8.5E0);
#755=CARTESIAN_POINT('',(4.065E0,6.43E0,-4.25E0));
#756=LINE('',#755,#754);
#757=DIRECTION('',(0.E0,0.E0,-1.E0));
#758=VECTOR('',#757,8.5E0);
#759=CARTESIAN_POINT('',(3.765E0,6.73E0,4.25E0));
#760=LINE('',#759,#758);
#761=CARTESIAN_POINT('',(3.765E0,6.43E0,4.25E0));
#762=DIRECTION('',(-1.E0,0.E0,0.E0));
#763=DIRECTION('',(0.E0,0.E0,1.E0));
#764=AXIS2_PLACEMENT_3D('',#761,#762,#763);
#766=CARTESIAN_POINT('',(3.765E0,6.43E0,4.25E0));
#767=DIRECTION('',(0.E0,0.E0,-1.E0));
#768=DIRECTION('',(0.E0,1.E0,0.E0));
#769=AXIS2_PLACEMENT_3D('',#766,#767,#768);
#771=CARTESIAN_POINT('',(3.765E0,6.43E0,4.25E0));
#772=DIRECTION('',(0.E0,-1.E0,0.E0));
#773=DIRECTION('',(1.E0,0.E0,0.E0));
#774=AXIS2_PLACEMENT_3D('',#771,#772,#773);
#776=DIRECTION('',(1.E0,0.E0,0.E0));
#777=VECTOR('',#776,7.5E0);
#778=CARTESIAN_POINT('',(-3.735E0,6.73E0,4.25E0));
#779=LINE('',#778,#777);
#780=DIRECTION('',(-1.E0,0.E0,0.E0));
#781=VECTOR('',#780,7.5E0);
#782=CARTESIAN_POINT('',(3.765E0,6.43E0,4.55E0));
#783=LINE('',#782,#781);
#784=DIRECTION('',(4.227875868832E-8,-1.E0,-9.470409139976E-9));
#785=VECTOR('',#784,1.699998339414E0);
#786=CARTESIAN_POINT('',(-1.341466015746E0,8.729998339414E0,2.100000016100E0));
#787=LINE('',#786,#785);
#788=CARTESIAN_POINT('',(1.5E-2,7.03E0,0.E0));
#789=DIRECTION('',(0.E0,-1.E0,0.E0));
#790=DIRECTION('',(-5.425863986500E-1,0.E0,8.4E-1));
#791=AXIS2_PLACEMENT_3D('',#788,#789,#790);
#793=DIRECTION('',(-4.226572204498E-8,1.E0,-9.478893342001E-9));
#794=VECTOR('',#793,1.699998339414E0);
#795=CARTESIAN_POINT('',(-1.341465943872E0,7.03E0,-2.1E0));
#796=LINE('',#795,#794);
#797=CARTESIAN_POINT('',(1.5E-2,8.729996888815E0,0.E0));
#798=DIRECTION('',(0.E0,-1.E0,0.E0));
#799=DIRECTION('',(-5.425863986500E-1,0.E0,8.4E-1));
#800=AXIS2_PLACEMENT_3D('',#797,#798,#799);
#802=CARTESIAN_POINT('',(1.5E-2,8.729996888815E0,0.E0));
#803=DIRECTION('',(0.E0,-1.E0,0.E0));
#804=DIRECTION('',(-1.E0,0.E0,0.E0));
#805=AXIS2_PLACEMENT_3D('',#802,#803,#804);
#807=CARTESIAN_POINT('',(-1.341466015724E0,8.729998339414E0,-2.100000016114E0));
#808=CARTESIAN_POINT('',(-1.334796884026E0,8.752614642287E0,-2.077383713242E0));
#809=CARTESIAN_POINT('',(-1.321433294648E0,8.797586182559E0,-2.032414358933E0));
#810=CARTESIAN_POINT('',(-1.301320746677E0,8.864252131493E0,-1.965748439993E0));
#811=CARTESIAN_POINT('',(-1.287884841230E0,8.908170819947E0,-1.921827485593E0));
#812=CARTESIAN_POINT('',(-1.281148723462E0,8.929998471639E0,-1.899999833901E0));
#814=CARTESIAN_POINT('',(1.5E-2,8.929997137710E0,0.E0));
#815=DIRECTION('',(0.E0,1.E0,0.E0));
#816=DIRECTION('',(-5.635426694269E-1,0.E0,-8.260869565216E-1));
#817=AXIS2_PLACEMENT_3D('',#814,#815,#816);
#819=CARTESIAN_POINT('',(1.5E-2,8.929997137710E0,0.E0));
#820=DIRECTION('',(0.E0,1.E0,0.E0));
#821=DIRECTION('',(-1.E0,0.E0,0.E0));
#822=AXIS2_PLACEMENT_3D('',#819,#820,#821);
#824=DIRECTION('',(1.E0,1.008541550023E-10,9.636142451293E-12));
#825=VECTOR('',#824,2.712932031503E0);
#826=CARTESIAN_POINT('',(-1.341466015724E0,8.729998339414E0,-2.100000016114E0));
#827=LINE('',#826,#825);
#828=CARTESIAN_POINT('',(1.371466015779E0,8.729998339688E0,-2.100000016088E0));
#829=CARTESIAN_POINT('',(1.364906761273E0,8.752242027927E0,-2.077756327849E0));
#830=CARTESIAN_POINT('',(1.351693298076E0,8.796717284413E0,-2.033283256995E0));
#831=CARTESIAN_POINT('',(1.331584224446E0,8.863383782047E0,-1.966616789363E0));
#832=CARTESIAN_POINT('',(1.317999601021E0,8.907798953817E0,-1.922199351954E0));
#833=CARTESIAN_POINT('',(1.311148723499E0,8.929998471891E0,-1.899999833880E0));
#835=DIRECTION('',(1.E0,0.E0,0.E0));
#836=VECTOR('',#835,2.712931887754E0);
#837=CARTESIAN_POINT('',(-1.341465943872E0,7.03E0,-2.1E0));
#838=LINE('',#837,#836);
#839=DIRECTION('',(-4.229292775343E-8,-1.E0,9.463515561036E-9));
#840=VECTOR('',#839,1.699998339688E0);
#841=CARTESIAN_POINT('',(1.371466015779E0,8.729998339688E0,-2.100000016088E0));
#842=LINE('',#841,#840);
#843=CARTESIAN_POINT('',(1.5E-2,7.03E0,0.E0));
#844=DIRECTION('',(0.E0,-1.E0,0.E0));
#845=DIRECTION('',(5.425863986500E-1,0.E0,-8.4E-1));
#846=AXIS2_PLACEMENT_3D('',#843,#844,#845);
#848=DIRECTION('',(4.228877329482E-8,1.E0,9.469668814893E-9));
#849=VECTOR('',#848,1.699998339688E0);
#850=CARTESIAN_POINT('',(1.371465943882E0,7.03E0,2.1E0));
#851=LINE('',#850,#849);
#852=CARTESIAN_POINT('',(1.5E-2,8.929997138213E0,0.E0));
#853=DIRECTION('',(0.E0,1.E0,0.E0));
#854=DIRECTION('',(5.635426694268E-1,0.E0,8.260869565217E-1));
#855=AXIS2_PLACEMENT_3D('',#852,#853,#854);
#857=CARTESIAN_POINT('',(1.5E-2,8.929997138213E0,0.E0));
#858=DIRECTION('',(0.E0,1.E0,0.E0));
#859=DIRECTION('',(1.E0,0.E0,0.E0));
#860=AXIS2_PLACEMENT_3D('',#857,#858,#859);
#862=CARTESIAN_POINT('',(1.5E-2,8.729996889362E0,0.E0));
#863=DIRECTION('',(0.E0,-1.E0,0.E0));
#864=DIRECTION('',(5.425863986500E-1,0.E0,-8.4E-1));
#865=AXIS2_PLACEMENT_3D('',#862,#863,#864);
#867=CARTESIAN_POINT('',(1.5E-2,8.729996889362E0,0.E0));
#868=DIRECTION('',(0.E0,-1.E0,0.E0));
#869=DIRECTION('',(1.E0,0.E0,0.E0));
#870=AXIS2_PLACEMENT_3D('',#867,#868,#869);
#872=CARTESIAN_POINT('',(1.371466015772E0,8.729998339688E0,2.100000016098E0));
#873=CARTESIAN_POINT('',(1.364796884118E0,8.752614642379E0,2.077383713407E0));
#874=CARTESIAN_POINT('',(1.351433296027E0,8.797586182217E0,2.032414359188E0));
#875=CARTESIAN_POINT('',(1.331320747979E0,8.864252131157E0,1.965748440247E0));
#876=CARTESIAN_POINT('',(1.317884841302E0,8.908170820011E0,1.921827485776E0));
#877=CARTESIAN_POINT('',(1.311148723468E0,8.929998471891E0,1.899999833897E0));
#879=DIRECTION('',(1.244181784216E-7,-1.E0,4.563593842094E-8));
#880=VECTOR('',#879,3.599998350758E0);
#881=CARTESIAN_POINT('',(1.311148275594E0,1.252999682265E1,-1.899999998169E0));
#882=LINE('',#881,#880);
#883=DIRECTION('',(-1.244310604686E-7,1.E0,4.564651120300E-8));
#884=VECTOR('',#883,3.599998350758E0);
#885=CARTESIAN_POINT('',(1.311148723468E0,8.929998471891E0,1.899999833897E0));
#886=LINE('',#885,#884);
#887=CARTESIAN_POINT('',(1.5E-2,1.252999404954E1,0.E0));
#888=DIRECTION('',(0.E0,-1.E0,0.E0));
#889=DIRECTION('',(5.635426694268E-1,0.E0,-8.260869565217E-1));
#890=AXIS2_PLACEMENT_3D('',#887,#888,#889);
#892=CARTESIAN_POINT('',(1.5E-2,1.252999404954E1,0.E0));
#893=DIRECTION('',(0.E0,-1.E0,0.E0));
#894=DIRECTION('',(1.E0,0.E0,0.E0));
#895=AXIS2_PLACEMENT_3D('',#892,#893,#894);
#897=CARTESIAN_POINT('',(1.311148275516E0,1.252999682265E1,1.899999998224E0));
#898=CARTESIAN_POINT('',(1.302368078510E0,1.255844833314E1,1.871548487733E0));
#899=CARTESIAN_POINT('',(1.284761341588E0,1.261490613821E1,1.815095018630E0));
#900=CARTESIAN_POINT('',(1.258214419528E0,1.269823604346E1,1.731764676300E0));
#901=CARTESIAN_POINT('',(1.240462199639E0,1.275289725362E1,1.677100295721E0));
#902=CARTESIAN_POINT('',(1.231550969857E0,1.277999997126E1,1.649997578090E0));
#904=CARTESIAN_POINT('',(1.5E-2,1.278E1,0.E0));
#905=DIRECTION('',(0.E0,-1.E0,0.E0));
#906=DIRECTION('',(-5.934379955436E-1,0.E0,8.048797086803E-1));
#907=AXIS2_PLACEMENT_3D('',#904,#905,#906);
#909=CARTESIAN_POINT('',(1.5E-2,1.278E1,0.E0));
#910=DIRECTION('',(0.E0,-1.E0,0.E0));
#911=DIRECTION('',(-1.E0,0.E0,0.E0));
#912=AXIS2_PLACEMENT_3D('',#909,#910,#911);
#914=DIRECTION('',(1.E0,1.241134357227E-14,-2.623484251540E-11));
#915=VECTOR('',#914,2.433102112916E0);
#916=CARTESIAN_POINT('',(-1.201551056544E0,1.277999997126E1,-1.649997578120E0));
#917=LINE('',#916,#915);
#918=CARTESIAN_POINT('',(1.5E-2,1.278E1,0.E0));
#919=DIRECTION('',(0.E0,-1.E0,0.E0));
#920=DIRECTION('',(5.934380776725E-1,0.E0,-8.048796481265E-1));
#921=AXIS2_PLACEMENT_3D('',#918,#919,#920);
#923=CARTESIAN_POINT('',(1.5E-2,1.278E1,0.E0));
#924=DIRECTION('',(0.E0,-1.E0,0.E0));
#925=DIRECTION('',(1.E0,0.E0,0.E0));
#926=AXIS2_PLACEMENT_3D('',#923,#924,#925);
#928=DIRECTION('',(-1.E0,-1.241134445616E-14,4.349300136982E-11));
#929=VECTOR('',#928,2.433101939638E0);
#930=CARTESIAN_POINT('',(1.231550969857E0,1.277999997126E1,1.649997578090E0));
#931=LINE('',#930,#929);
#932=DIRECTION('',(0.E0,1.E0,0.E0));
#933=VECTOR('',#932,3.52E0);
#934=CARTESIAN_POINT('',(-2.785E0,-4.2E-1,-3.9E0));
#935=LINE('',#934,#933);
#936=DIRECTION('',(0.E0,0.E0,-1.E0));
#937=VECTOR('',#936,2.E-1);
#938=CARTESIAN_POINT('',(-2.785E0,3.1E0,-3.9E0));
#939=LINE('',#938,#937);
#940=DIRECTION('',(0.E0,-1.E0,0.E0));
#941=VECTOR('',#940,3.52E0);
#942=CARTESIAN_POINT('',(-2.785E0,3.1E0,-4.1E0));
#943=LINE('',#942,#941);
#944=DIRECTION('',(0.E0,0.E0,1.E0));
#945=VECTOR('',#944,2.E-1);
#946=CARTESIAN_POINT('',(-2.785E0,-4.2E-1,-4.1E0));
#947=LINE('',#946,#945);
#948=DIRECTION('',(0.E0,0.E0,1.E0));
#949=VECTOR('',#948,2.E-1);
#950=CARTESIAN_POINT('',(-2.785E0,-4.2E-1,3.9E0));
#951=LINE('',#950,#949);
#952=DIRECTION('',(0.E0,0.E0,-1.E0));
#953=VECTOR('',#952,2.E-1);
#954=CARTESIAN_POINT('',(-2.785E0,3.1E0,4.1E0));
#955=LINE('',#954,#953);
#956=DIRECTION('',(-1.E0,0.E0,0.E0));
#957=VECTOR('',#956,5.6E0);
#958=CARTESIAN_POINT('',(2.815E0,-4.2E-1,-4.1E0));
#959=LINE('',#958,#957);
#960=DIRECTION('',(1.E0,0.E0,0.E0));
#961=VECTOR('',#960,5.6E0);
#962=CARTESIAN_POINT('',(-2.785E0,3.1E0,-4.1E0));
#963=LINE('',#962,#961);
#964=DIRECTION('',(0.E0,-1.E0,0.E0));
#965=VECTOR('',#964,3.52E0);
#966=CARTESIAN_POINT('',(2.815E0,3.1E0,-4.1E0));
#967=LINE('',#966,#965);
#968=DIRECTION('',(0.E0,0.E0,-1.E0));
#969=VECTOR('',#968,2.E-1);
#970=CARTESIAN_POINT('',(2.815E0,-4.2E-1,-3.9E0));
#971=LINE('',#970,#969);
#972=DIRECTION('',(0.E0,0.E0,1.E0));
#973=VECTOR('',#972,2.E-1);
#974=CARTESIAN_POINT('',(2.815E0,3.1E0,-4.1E0));
#975=LINE('',#974,#973);
#976=DIRECTION('',(0.E0,1.E0,0.E0));
#977=VECTOR('',#976,3.52E0);
#978=CARTESIAN_POINT('',(2.815E0,-4.2E-1,3.9E0));
#979=LINE('',#978,#977);
#980=DIRECTION('',(0.E0,0.E0,1.E0));
#981=VECTOR('',#980,2.E-1);
#982=CARTESIAN_POINT('',(2.815E0,3.1E0,3.9E0));
#983=LINE('',#982,#981);
#984=DIRECTION('',(0.E0,-1.E0,0.E0));
#985=VECTOR('',#984,3.52E0);
#986=CARTESIAN_POINT('',(2.815E0,3.1E0,4.1E0));
#987=LINE('',#986,#985);
#988=DIRECTION('',(0.E0,0.E0,-1.E0));
#989=VECTOR('',#988,2.E-1);
#990=CARTESIAN_POINT('',(2.815E0,-4.2E-1,4.1E0));
#991=LINE('',#990,#989);
#992=DIRECTION('',(1.E0,0.E0,0.E0));
#993=VECTOR('',#992,5.6E0);
#994=CARTESIAN_POINT('',(-2.785E0,-4.2E-1,4.1E0));
#995=LINE('',#994,#993);
#996=DIRECTION('',(-1.E0,0.E0,0.E0));
#997=VECTOR('',#996,5.6E0);
#998=CARTESIAN_POINT('',(2.815E0,3.1E0,4.1E0));
#999=LINE('',#998,#997);
#1000=DIRECTION('',(0.E0,-1.E0,0.E0));
#1001=VECTOR('',#1000,3.52E0);
#1002=CARTESIAN_POINT('',(-2.785E0,3.1E0,4.1E0));
#1003=LINE('',#1002,#1001);
#1004=DIRECTION('',(0.E0,-1.E0,0.E0));
#1005=VECTOR('',#1004,8.129529426061E-1);
#1006=CARTESIAN_POINT('',(-2.235E0,4.5E-1,4.1E0));
#1007=LINE('',#1006,#1005);
#1008=DIRECTION('',(0.E0,9.612616959383E-1,-2.756373558170E-1));
#1009=VECTOR('',#1008,7.255910557086E-1);
#1010=CARTESIAN_POINT('',(-2.235E0,-3.629529426061E-1,4.1E0));
#1011=LINE('',#1010,#1009);
#1012=DIRECTION('',(0.E0,5.E-1,8.660254037844E-1));
#1013=VECTOR('',#1012,2.309401076758E-1);
#1014=CARTESIAN_POINT('',(-2.235E0,3.345299461621E-1,3.9E0));
#1015=LINE('',#1014,#1013);
#1016=DIRECTION('',(1.E0,0.E0,0.E0));
#1017=VECTOR('',#1016,4.5E0);
#1018=CARTESIAN_POINT('',(-2.235E0,-3.629529426061E-1,4.1E0));
#1019=LINE('',#1018,#1017);
#1020=DIRECTION('',(-1.E0,0.E0,0.E0));
#1021=VECTOR('',#1020,4.5E0);
#1022=CARTESIAN_POINT('',(2.265E0,3.345299461621E-1,3.9E0));
#1023=LINE('',#1022,#1021);
#1024=DIRECTION('',(0.E0,1.E0,0.E0));
#1025=VECTOR('',#1024,8.129529426061E-1);
#1026=CARTESIAN_POINT('',(2.265E0,-3.629529426061E-1,4.1E0));
#1027=LINE('',#1026,#1025);
#1028=DIRECTION('',(0.E0,-5.E-1,-8.660254037844E-1));
#1029=VECTOR('',#1028,2.309401076758E-1);
#1030=CARTESIAN_POINT('',(2.265E0,4.5E-1,4.1E0));
#1031=LINE('',#1030,#1029);
#1032=DIRECTION('',(0.E0,-9.612616959383E-1,2.756373558170E-1));
#1033=VECTOR('',#1032,7.255910557086E-1);
#1034=CARTESIAN_POINT('',(2.265E0,3.345299461621E-1,3.9E0));
#1035=LINE('',#1034,#1033);
#1036=DIRECTION('',(-1.E0,0.E0,0.E0));
#1037=VECTOR('',#1036,4.5E0);
#1038=CARTESIAN_POINT('',(2.265E0,4.5E-1,4.1E0));
#1039=LINE('',#1038,#1037);
#1040=DIRECTION('',(0.E0,1.E0,0.E0));
#1041=VECTOR('',#1040,8.129529426061E-1);
#1042=CARTESIAN_POINT('',(-2.235E0,-3.629529426061E-1,-4.1E0));
#1043=LINE('',#1042,#1041);
#1044=DIRECTION('',(0.E0,-5.E-1,8.660254037844E-1));
#1045=VECTOR('',#1044,2.309401076758E-1);
#1046=CARTESIAN_POINT('',(-2.235E0,4.5E-1,-4.1E0));
#1047=LINE('',#1046,#1045);
#1048=DIRECTION('',(0.E0,-9.612616959383E-1,-2.756373558170E-1));
#1049=VECTOR('',#1048,7.255910557086E-1);
#1050=CARTESIAN_POINT('',(-2.235E0,3.345299461621E-1,-3.9E0));
#1051=LINE('',#1050,#1049);
#1052=DIRECTION('',(1.E0,0.E0,0.E0));
#1053=VECTOR('',#1052,4.5E0);
#1054=CARTESIAN_POINT('',(-2.235E0,4.5E-1,-4.1E0));
#1055=LINE('',#1054,#1053);
#1056=DIRECTION('',(-1.E0,0.E0,0.E0));
#1057=VECTOR('',#1056,4.5E0);
#1058=CARTESIAN_POINT('',(2.265E0,3.345299461621E-1,-3.9E0));
#1059=LINE('',#1058,#1057);
#1060=DIRECTION('',(0.E0,-1.E0,0.E0));
#1061=VECTOR('',#1060,8.129529426061E-1);
#1062=CARTESIAN_POINT('',(2.265E0,4.5E-1,-4.1E0));
#1063=LINE('',#1062,#1061);
#1064=DIRECTION('',(0.E0,9.612616959383E-1,2.756373558170E-1));
#1065=VECTOR('',#1064,7.255910557086E-1);
#1066=CARTESIAN_POINT('',(2.265E0,-3.629529426061E-1,-4.1E0));
#1067=LINE('',#1066,#1065);
#1068=DIRECTION('',(0.E0,5.E-1,-8.660254037844E-1));
#1069=VECTOR('',#1068,2.309401076758E-1);
#1070=CARTESIAN_POINT('',(2.265E0,3.345299461621E-1,-3.9E0));
#1071=LINE('',#1070,#1069);
#1072=DIRECTION('',(-1.E0,0.E0,0.E0));
#1073=VECTOR('',#1072,4.5E0);
#1074=CARTESIAN_POINT('',(2.265E0,-3.629529426061E-1,-4.1E0));
#1075=LINE('',#1074,#1073);
#1076=DIRECTION('',(0.E0,-1.E0,0.E0));
#1077=VECTOR('',#1076,3.52E0);
#1078=CARTESIAN_POINT('',(-3.6E0,3.1E0,-3.9E0));
#1079=LINE('',#1078,#1077);
#1080=DIRECTION('',(0.E0,0.E0,1.E0));
#1081=VECTOR('',#1080,7.8E0);
#1082=CARTESIAN_POINT('',(-3.6E0,-4.2E-1,-3.9E0));
#1083=LINE('',#1082,#1081);
#1084=DIRECTION('',(0.E0,0.E0,-1.E0));
#1085=VECTOR('',#1084,7.8E0);
#1086=CARTESIAN_POINT('',(-3.6E0,3.1E0,3.9E0));
#1087=LINE('',#1086,#1085);
#1088=DIRECTION('',(0.E0,1.E0,0.E0));
#1089=VECTOR('',#1088,8.129529426061E-1);
#1090=CARTESIAN_POINT('',(-3.6E0,-3.629529426061E-1,7.5E-1));
#1091=LINE('',#1090,#1089);
#1092=DIRECTION('',(8.660254037845E-1,-5.E-1,0.E0));
#1093=VECTOR('',#1092,2.309401076758E-1);
#1094=CARTESIAN_POINT('',(-3.6E0,4.5E-1,7.5E-1));
#1095=LINE('',#1094,#1093);
#1096=DIRECTION('',(-2.756373558170E-1,-9.612616959383E-1,0.E0));
#1097=VECTOR('',#1096,7.255910557087E-1);
#1098=CARTESIAN_POINT('',(-3.4E0,3.345299461621E-1,7.5E-1));
#1099=LINE('',#1098,#1097);
#1100=DIRECTION('',(0.E0,-1.E0,0.E0));
#1101=VECTOR('',#1100,8.129529426061E-1);
#1102=CARTESIAN_POINT('',(-3.6E0,4.5E-1,-7.5E-1));
#1103=LINE('',#1102,#1101);
#1104=DIRECTION('',(2.756373558170E-1,9.612616959383E-1,0.E0));
#1105=VECTOR('',#1104,7.255910557087E-1);
#1106=CARTESIAN_POINT('',(-3.6E0,-3.629529426061E-1,-7.5E-1));
#1107=LINE('',#1106,#1105);
#1108=DIRECTION('',(-8.660254037845E-1,5.E-1,0.E0));
#1109=VECTOR('',#1108,2.309401076758E-1);
#1110=CARTESIAN_POINT('',(-3.4E0,3.345299461621E-1,-7.5E-1));
#1111=LINE('',#1110,#1109);
#1112=DIRECTION('',(0.E0,0.E0,1.E0));
#1113=VECTOR('',#1112,1.5E0);
#1114=CARTESIAN_POINT('',(-3.6E0,-3.629529426061E-1,-7.5E-1));
#1115=LINE('',#1114,#1113);
#1116=DIRECTION('',(0.E0,0.E0,-1.E0));
#1117=VECTOR('',#1116,1.5E0);
#1118=CARTESIAN_POINT('',(-3.4E0,3.345299461621E-1,7.5E-1));
#1119=LINE('',#1118,#1117);
#1120=DIRECTION('',(0.E0,0.E0,1.E0));
#1121=VECTOR('',#1120,7.8E0);
#1122=CARTESIAN_POINT('',(3.63E0,3.1E0,-3.9E0));
#1123=LINE('',#1122,#1121);
#1124=DIRECTION('',(0.E0,-1.E0,0.E0));
#1125=VECTOR('',#1124,3.52E0);
#1126=CARTESIAN_POINT('',(3.63E0,3.1E0,3.9E0));
#1127=LINE('',#1126,#1125);
#1128=DIRECTION('',(0.E0,0.E0,-1.E0));
#1129=VECTOR('',#1128,7.8E0);
#1130=CARTESIAN_POINT('',(3.63E0,-4.2E-1,3.9E0));
#1131=LINE('',#1130,#1129);
#1132=DIRECTION('',(0.E0,-1.E0,0.E0));
#1133=VECTOR('',#1132,8.129529426061E-1);
#1134=CARTESIAN_POINT('',(3.63E0,4.5E-1,7.5E-1));
#1135=LINE('',#1134,#1133);
#1136=DIRECTION('',(-2.756373558170E-1,9.612616959383E-1,0.E0));
#1137=VECTOR('',#1136,7.255910557087E-1);
#1138=CARTESIAN_POINT('',(3.63E0,-3.629529426061E-1,7.5E-1));
#1139=LINE('',#1138,#1137);
#1140=DIRECTION('',(8.660254037845E-1,5.E-1,0.E0));
#1141=VECTOR('',#1140,2.309401076758E-1);
#1142=CARTESIAN_POINT('',(3.43E0,3.345299461621E-1,7.5E-1));
#1143=LINE('',#1142,#1141);
#1144=DIRECTION('',(0.E0,0.E0,-1.E0));
#1145=VECTOR('',#1144,1.5E0);
#1146=CARTESIAN_POINT('',(3.63E0,-3.629529426061E-1,7.5E-1));
#1147=LINE('',#1146,#1145);
#1148=DIRECTION('',(0.E0,0.E0,1.E0));
#1149=VECTOR('',#1148,1.5E0);
#1150=CARTESIAN_POINT('',(3.43E0,3.345299461621E-1,-7.5E-1));
#1151=LINE('',#1150,#1149);
#1152=DIRECTION('',(0.E0,1.E0,0.E0));
#1153=VECTOR('',#1152,8.129529426061E-1);
#1154=CARTESIAN_POINT('',(3.63E0,-3.629529426061E-1,-7.5E-1));
#1155=LINE('',#1154,#1153);
#1156=DIRECTION('',(-8.660254037845E-1,-5.E-1,0.E0));
#1157=VECTOR('',#1156,2.309401076758E-1);
#1158=CARTESIAN_POINT('',(3.63E0,4.5E-1,-7.5E-1));
#1159=LINE('',#1158,#1157);
#1160=DIRECTION('',(2.756373558170E-1,-9.612616959383E-1,0.E0));
#1161=VECTOR('',#1160,7.255910557087E-1);
#1162=CARTESIAN_POINT('',(3.43E0,3.345299461621E-1,-7.5E-1));
#1163=LINE('',#1162,#1161);
#1164=CARTESIAN_POINT('',(1.5E-2,1.252999404961E1,0.E0));
#1165=DIRECTION('',(0.E0,-1.E0,0.E0));
#1166=DIRECTION('',(-5.635426694269E-1,0.E0,8.260869565216E-1));
#1167=AXIS2_PLACEMENT_3D('',#1164,#1165,#1166);
#1169=CARTESIAN_POINT('',(1.5E-2,1.252999404961E1,0.E0));
#1170=DIRECTION('',(0.E0,-1.E0,0.E0));
#1171=DIRECTION('',(-1.E0,0.E0,0.E0));
#1172=AXIS2_PLACEMENT_3D('',#1169,#1170,#1171);
#1174=CARTESIAN_POINT('',(-1.281148275531E0,1.252999682268E1,
-1.899999998219E0));
#1175=CARTESIAN_POINT('',(-1.272368078530E0,1.255844833315E1,
-1.871548487754E0));
#1176=CARTESIAN_POINT('',(-1.254761353338E0,1.261490613815E1,
-1.815095018675E0));
#1177=CARTESIAN_POINT('',(-1.228214379217E0,1.269823604341E1,
-1.731764676332E0));
#1178=CARTESIAN_POINT('',(-1.210462286338E0,1.275289725359E1,
-1.677100295783E0));
#1179=CARTESIAN_POINT('',(-1.201551056544E0,1.277999997126E1,
-1.649997578120E0));
#1181=DIRECTION('',(-1.E0,1.389607231892E-11,-2.056041727369E-11));
#1182=VECTOR('',#1181,2.592296551101E0);
#1183=CARTESIAN_POINT('',(1.311148275516E0,1.252999682265E1,1.899999998224E0));
#1184=LINE('',#1183,#1182);
#1185=CARTESIAN_POINT('',(-1.281148275585E0,1.252999682269E1,1.899999998171E0));
#1186=CARTESIAN_POINT('',(-1.272563306685E0,1.255781571245E1,1.872181108407E0));
#1187=CARTESIAN_POINT('',(-1.255226049372E0,1.261343144553E1,1.816569711335E0));
#1188=CARTESIAN_POINT('',(-1.228687002200E0,1.269676266787E1,1.733238051834E0));
#1189=CARTESIAN_POINT('',(-1.210669556223E0,1.275226659667E1,1.677730952781E0));
#1190=CARTESIAN_POINT('',(-1.201550969782E0,1.277999997126E1,1.649997578196E0));
#1192=DIRECTION('',(-1.E0,-9.707032557246E-11,-3.489948807272E-12));
#1193=VECTOR('',#1192,2.592297446947E0);
#1194=CARTESIAN_POINT('',(1.311148723468E0,8.929998471891E0,1.899999833897E0));
#1195=LINE('',#1194,#1193);
#1196=DIRECTION('',(-1.E0,-1.008541550017E-10,4.639072435628E-13));
#1197=VECTOR('',#1196,2.712932031519E0);
#1198=CARTESIAN_POINT('',(1.371466015772E0,8.729998339688E0,2.100000016098E0));
#1199=LINE('',#1198,#1197);
#1200=CARTESIAN_POINT('',(-1.341466015746E0,8.729998339414E0,2.100000016100E0));
#1201=CARTESIAN_POINT('',(-1.334906761249E0,8.752242027651E0,2.077756327863E0));
#1202=CARTESIAN_POINT('',(-1.321693296854E0,8.796717284324E0,2.033283257173E0));
#1203=CARTESIAN_POINT('',(-1.301584223247E0,8.863383781945E0,1.966616789544E0));
#1204=CARTESIAN_POINT('',(-1.287999600993E0,8.907798953564E0,1.922199351963E0));
#1205=CARTESIAN_POINT('',(-1.281148723479E0,8.929998471639E0,1.899999833888E0));
#1207=DIRECTION('',(-1.E0,0.E0,0.E0));
#1208=VECTOR('',#1207,2.712931887754E0);
#1209=CARTESIAN_POINT('',(1.371465943882E0,7.03E0,2.1E0));
#1210=LINE('',#1209,#1208);
#1211=DIRECTION('',(-1.244149356337E-7,-1.E0,-4.563421917447E-8));
#1212=VECTOR('',#1211,3.599998351046E0);
#1213=CARTESIAN_POINT('',(-1.281148275585E0,1.252999682269E1,1.899999998171E0));
#1214=LINE('',#1213,#1212);
#1215=DIRECTION('',(1.244255641737E-7,1.E0,-4.564415814226E-8));
#1216=VECTOR('',#1215,3.599998351046E0);
#1217=CARTESIAN_POINT('',(-1.281148723462E0,8.929998471639E0,
-1.899999833901E0));
#1218=LINE('',#1217,#1216);
#1219=DIRECTION('',(1.E0,9.707101081612E-11,8.031747490634E-12));
#1220=VECTOR('',#1219,2.592297446962E0);
#1221=CARTESIAN_POINT('',(-1.281148723462E0,8.929998471639E0,
-1.899999833901E0));
#1222=LINE('',#1221,#1220);
#1223=DIRECTION('',(1.E0,-1.389607231880E-11,1.944680937730E-11));
#1224=VECTOR('',#1223,2.592296551124E0);
#1225=CARTESIAN_POINT('',(-1.281148275531E0,1.252999682268E1,
-1.899999998219E0));
#1226=LINE('',#1225,#1224);
#1227=CARTESIAN_POINT('',(1.311148275594E0,1.252999682265E1,-1.899999998169E0));
#1228=CARTESIAN_POINT('',(1.302563306695E0,1.255781571241E1,-1.872181108404E0));
#1229=CARTESIAN_POINT('',(1.285226060766E0,1.261343144552E1,-1.816569711359E0));
#1230=CARTESIAN_POINT('',(1.258686961593E0,1.269676266784E1,-1.733238051867E0));
#1231=CARTESIAN_POINT('',(1.240669642812E0,1.275226659667E1,-1.677730952772E0));
#1232=CARTESIAN_POINT('',(1.231551056371E0,1.277999997126E1,-1.649997578184E0));
#1234=DIRECTION('',(0.E0,0.E0,1.E0));
#1235=VECTOR('',#1234,8.5E0);
#1236=CARTESIAN_POINT('',(-3.735E0,6.73E0,-4.25E0));
#1237=LINE('',#1236,#1235);
#1238=DIRECTION('',(0.E0,0.E0,-1.E0));
#1239=VECTOR('',#1238,8.5E0);
#1240=CARTESIAN_POINT('',(-4.035E0,6.43E0,4.25E0));
#1241=LINE('',#1240,#1239);
#1242=CARTESIAN_POINT('',(-3.735E0,6.43E0,4.25E0));
#1243=DIRECTION('',(1.E0,0.E0,0.E0));
#1244=DIRECTION('',(0.E0,1.E0,0.E0));
#1245=AXIS2_PLACEMENT_3D('',#1242,#1243,#1244);
#1247=CARTESIAN_POINT('',(-3.735E0,6.43E0,4.25E0));
#1248=DIRECTION('',(0.E0,-1.E0,0.E0));
#1249=DIRECTION('',(0.E0,0.E0,1.E0));
#1250=AXIS2_PLACEMENT_3D('',#1247,#1248,#1249);
#1252=CARTESIAN_POINT('',(-3.735E0,6.43E0,4.25E0));
#1253=DIRECTION('',(0.E0,0.E0,-1.E0));
#1254=DIRECTION('',(-1.E0,0.E0,0.E0));
#1255=AXIS2_PLACEMENT_3D('',#1252,#1253,#1254);
#1257=CARTESIAN_POINT('',(-3.735E0,6.43E0,-4.25E0));
#1258=DIRECTION('',(1.E0,0.E0,0.E0));
#1259=DIRECTION('',(0.E0,0.E0,-1.E0));
#1260=AXIS2_PLACEMENT_3D('',#1257,#1258,#1259);
#1262=CARTESIAN_POINT('',(-3.735E0,6.43E0,-4.25E0));
#1263=DIRECTION('',(0.E0,0.E0,1.E0));
#1264=DIRECTION('',(0.E0,1.E0,0.E0));
#1265=AXIS2_PLACEMENT_3D('',#1262,#1263,#1264);
#1267=CARTESIAN_POINT('',(-3.735E0,6.43E0,-4.25E0));
#1268=DIRECTION('',(0.E0,-1.E0,0.E0));
#1269=DIRECTION('',(-1.E0,0.E0,0.E0));
#1270=AXIS2_PLACEMENT_3D('',#1267,#1268,#1269);
#1272=DIRECTION('',(1.E0,0.E0,0.E0));
#1273=VECTOR('',#1272,7.5E0);
#1274=CARTESIAN_POINT('',(-3.735E0,6.43E0,-4.55E0));
#1275=LINE('',#1274,#1273);
#1276=DIRECTION('',(-1.E0,0.E0,0.E0));
#1277=VECTOR('',#1276,7.5E0);
#1278=CARTESIAN_POINT('',(3.765E0,6.73E0,-4.25E0));
#1279=LINE('',#1278,#1277);
#1280=DIRECTION('',(0.E0,1.E0,0.E0));
#1281=VECTOR('',#1280,6.85E0);
#1282=CARTESIAN_POINT('',(-3.735E0,-4.2E-1,-4.55E0));
#1283=LINE('',#1282,#1281);
#1284=DIRECTION('',(0.E0,-1.E0,0.E0));
#1285=VECTOR('',#1284,6.85E0);
#1286=CARTESIAN_POINT('',(-4.035E0,6.43E0,-4.25E0));
#1287=LINE('',#1286,#1285);
#1288=CARTESIAN_POINT('',(-3.735E0,-4.2E-1,-4.25E0));
#1289=DIRECTION('',(0.E0,1.E0,0.E0));
#1290=DIRECTION('',(-5.527707983926E-1,0.E0,-8.333333333333E-1));
#1291=AXIS2_PLACEMENT_3D('',#1288,#1289,#1290);
#1293=DIRECTION('',(-1.E0,0.E0,-1.059177610655E-13));
#1294=VECTOR('',#1293,1.341687604822E-1);
#1295=CARTESIAN_POINT('',(-3.900831239518E0,-4.2E-1,-4.5E0));
#1296=LINE('',#1295,#1294);
#1297=CARTESIAN_POINT('',(-3.735E0,-1.12E0,-4.5E0));
#1298=DIRECTION('',(0.E0,0.E0,1.E0));
#1299=DIRECTION('',(-1.E0,0.E0,0.E0));
#1300=AXIS2_PLACEMENT_3D('',#1297,#1298,#1299);
#1302=DIRECTION('',(5.735764363510E-1,8.191520442890E-1,0.E0));
#1303=VECTOR('',#1302,1.064604473595E0);
#1304=CARTESIAN_POINT('',(-3.489254386713E0,-1.292072930905E0,-4.5E0));
#1305=LINE('',#1304,#1303);
#1306=DIRECTION('',(-1.E0,7.195425112498E-14,1.390210436830E-14));
#1307=VECTOR('',#1306,1.022208892893E0);
#1308=CARTESIAN_POINT('',(-2.878622346625E0,-4.200000000001E-1,-4.5E0));
#1309=LINE('',#1308,#1307);
#1310=DIRECTION('',(0.E0,0.E0,-1.E0));
#1311=VECTOR('',#1310,6.E-1);
#1312=CARTESIAN_POINT('',(-3.489254386713E0,-1.292072930905E0,-3.9E0));
#1313=LINE('',#1312,#1311);
#1314=DIRECTION('',(0.E0,0.E0,1.E0));
#1315=VECTOR('',#1314,6.E-1);
#1316=CARTESIAN_POINT('',(-4.035E0,-1.12E0,-4.5E0));
#1317=LINE('',#1316,#1315);
#1318=DIRECTION('',(0.E0,0.E0,-1.E0));
#1319=VECTOR('',#1318,6.E-1);
#1320=CARTESIAN_POINT('',(-2.878622346625E0,-4.200000000001E-1,-3.9E0));
#1321=LINE('',#1320,#1319);
#1322=DIRECTION('',(-1.E0,0.E0,0.E0));
#1323=VECTOR('',#1322,7.5E0);
#1324=CARTESIAN_POINT('',(3.765E0,-4.2E-1,4.55E0));
#1325=LINE('',#1324,#1323);
#1326=DIRECTION('',(0.E0,1.E0,0.E0));
#1327=VECTOR('',#1326,6.85E0);
#1328=CARTESIAN_POINT('',(3.765E0,-4.2E-1,4.55E0));
#1329=LINE('',#1328,#1327);
#1330=DIRECTION('',(0.E0,-1.E0,0.E0));
#1331=VECTOR('',#1330,6.85E0);
#1332=CARTESIAN_POINT('',(4.065E0,6.43E0,4.25E0));
#1333=LINE('',#1332,#1331);
#1334=CARTESIAN_POINT('',(3.765E0,-4.2E-1,4.25E0));
#1335=DIRECTION('',(0.E0,1.E0,0.E0));
#1336=DIRECTION('',(5.527707983926E-1,0.E0,8.333333333333E-1));
#1337=AXIS2_PLACEMENT_3D('',#1334,#1335,#1336);
#1339=DIRECTION('',(1.E0,0.E0,1.059177610655E-13));
#1340=VECTOR('',#1339,1.341687604822E-1);
#1341=CARTESIAN_POINT('',(3.930831239518E0,-4.2E-1,4.5E0));
#1342=LINE('',#1341,#1340);
#1343=CARTESIAN_POINT('',(3.765E0,-1.12E0,4.5E0));
#1344=DIRECTION('',(0.E0,0.E0,-1.E0));
#1345=DIRECTION('',(1.E0,0.E0,0.E0));
#1346=AXIS2_PLACEMENT_3D('',#1343,#1344,#1345);
#1348=DIRECTION('',(-5.735764363510E-1,8.191520442890E-1,0.E0));
#1349=VECTOR('',#1348,1.064604473595E0);
#1350=CARTESIAN_POINT('',(3.519254386713E0,-1.292072930905E0,4.5E0));
#1351=LINE('',#1350,#1349);
#1352=DIRECTION('',(1.E0,7.195425112498E-14,-1.390210436830E-14));
#1353=VECTOR('',#1352,1.022208892893E0);
#1354=CARTESIAN_POINT('',(2.908622346625E0,-4.200000000001E-1,4.5E0));
#1355=LINE('',#1354,#1353);
#1356=DIRECTION('',(0.E0,0.E0,1.E0));
#1357=VECTOR('',#1356,6.E-1);
#1358=CARTESIAN_POINT('',(3.519254386713E0,-1.292072930905E0,3.9E0));
#1359=LINE('',#1358,#1357);
#1360=DIRECTION('',(0.E0,0.E0,-1.E0));
#1361=VECTOR('',#1360,6.E-1);
#1362=CARTESIAN_POINT('',(4.065E0,-1.12E0,4.5E0));
#1363=LINE('',#1362,#1361);
#1364=DIRECTION('',(0.E0,0.E0,1.E0));
#1365=VECTOR('',#1364,6.E-1);
#1366=CARTESIAN_POINT('',(2.908622346625E0,-4.200000000001E-1,3.9E0));
#1367=LINE('',#1366,#1365);
#1368=DIRECTION('',(0.E0,0.E0,1.E0));
#1369=VECTOR('',#1368,6.E-1);
#1370=CARTESIAN_POINT('',(-4.035E0,-1.12E0,3.9E0));
#1371=LINE('',#1370,#1369);
#1372=DIRECTION('',(0.E0,0.E0,-1.E0));
#1373=VECTOR('',#1372,6.E-1);
#1374=CARTESIAN_POINT('',(-3.489254386713E0,-1.292072930905E0,4.5E0));
#1375=LINE('',#1374,#1373);
#1376=CARTESIAN_POINT('',(-4.035E0,-1.2E-1,-3.9E0));
#1377=CARTESIAN_POINT('',(-4.035E0,-1.2E-1,3.9E0));
#1378=VERTEX_POINT('',#1376);
#1379=VERTEX_POINT('',#1377);
#1380=CARTESIAN_POINT('',(-4.035E0,-1.12E0,-3.9E0));
#1381=VERTEX_POINT('',#1380);
#1382=CARTESIAN_POINT('',(-4.035E0,-1.12E0,-4.5E0));
#1383=VERTEX_POINT('',#1382);
#1384=CARTESIAN_POINT('',(-4.035E0,-4.2E-1,-4.5E0));
#1385=VERTEX_POINT('',#1384);
#1386=CARTESIAN_POINT('',(-4.035E0,-4.2E-1,-4.25E0));
#1387=VERTEX_POINT('',#1386);
#1388=CARTESIAN_POINT('',(-4.035E0,6.43E0,-4.25E0));
#1389=VERTEX_POINT('',#1388);
#1390=CARTESIAN_POINT('',(-4.035E0,6.43E0,4.25E0));
#1391=VERTEX_POINT('',#1390);
#1392=CARTESIAN_POINT('',(-4.035E0,-4.2E-1,4.25E0));
#1393=VERTEX_POINT('',#1392);
#1394=CARTESIAN_POINT('',(-4.035E0,-4.2E-1,4.5E0));
#1395=VERTEX_POINT('',#1394);
#1396=CARTESIAN_POINT('',(-4.035E0,-1.12E0,4.5E0));
#1397=VERTEX_POINT('',#1396);
#1398=CARTESIAN_POINT('',(-4.035E0,-1.12E0,3.9E0));
#1399=VERTEX_POINT('',#1398);
#1400=CARTESIAN_POINT('',(-3.735E0,-4.2E-1,3.9E0));
#1401=CARTESIAN_POINT('',(-3.735E0,-4.2E-1,-3.9E0));
#1402=VERTEX_POINT('',#1400);
#1403=VERTEX_POINT('',#1401);
#1404=CARTESIAN_POINT('',(-3.900831239518E0,-4.2E-1,4.5E0));
#1405=CARTESIAN_POINT('',(-3.735E0,-4.2E-1,4.55E0));
#1406=VERTEX_POINT('',#1404);
#1407=VERTEX_POINT('',#1405);
#1408=CARTESIAN_POINT('',(3.765E0,-4.2E-1,4.55E0));
#1409=VERTEX_POINT('',#1408);
#1410=CARTESIAN_POINT('',(3.930831239518E0,-4.2E-1,4.5E0));
#1411=VERTEX_POINT('',#1410);
#1412=CARTESIAN_POINT('',(2.908622346625E0,-4.200000000001E-1,4.5E0));
#1413=VERTEX_POINT('',#1412);
#1414=CARTESIAN_POINT('',(2.908622346625E0,-4.200000000001E-1,3.9E0));
#1415=VERTEX_POINT('',#1414);
#1416=CARTESIAN_POINT('',(2.815E0,-4.2E-1,3.9E0));
#1417=VERTEX_POINT('',#1416);
#1418=CARTESIAN_POINT('',(2.815E0,-4.2E-1,4.1E0));
#1419=VERTEX_POINT('',#1418);
#1420=CARTESIAN_POINT('',(-2.785E0,-4.2E-1,4.1E0));
#1421=VERTEX_POINT('',#1420);
#1422=CARTESIAN_POINT('',(-2.785E0,-4.2E-1,3.9E0));
#1423=VERTEX_POINT('',#1422);
#1424=CARTESIAN_POINT('',(-2.878622346625E0,-4.200000000001E-1,3.9E0));
#1425=VERTEX_POINT('',#1424);
#1426=CARTESIAN_POINT('',(-2.878622346625E0,-4.200000000001E-1,4.5E0));
#1427=VERTEX_POINT('',#1426);
#1428=CARTESIAN_POINT('',(-3.735E0,-4.2E-1,-4.55E0));
#1429=CARTESIAN_POINT('',(-3.900831239518E0,-4.2E-1,-4.5E0));
#1430=VERTEX_POINT('',#1428);
#1431=VERTEX_POINT('',#1429);
#1432=CARTESIAN_POINT('',(-2.878622346625E0,-4.200000000001E-1,-4.5E0));
#1433=VERTEX_POINT('',#1432);
#1434=CARTESIAN_POINT('',(-2.878622346625E0,-4.200000000001E-1,-3.9E0));
#1435=VERTEX_POINT('',#1434);
#1436=CARTESIAN_POINT('',(-2.785E0,-4.2E-1,-3.9E0));
#1437=VERTEX_POINT('',#1436);
#1438=CARTESIAN_POINT('',(-2.785E0,-4.2E-1,-4.1E0));
#1439=VERTEX_POINT('',#1438);
#1440=CARTESIAN_POINT('',(2.815E0,-4.2E-1,-4.1E0));
#1441=VERTEX_POINT('',#1440);
#1442=CARTESIAN_POINT('',(2.815E0,-4.2E-1,-3.9E0));
#1443=VERTEX_POINT('',#1442);
#1444=CARTESIAN_POINT('',(2.908622346625E0,-4.200000000001E-1,-3.9E0));
#1445=VERTEX_POINT('',#1444);
#1446=CARTESIAN_POINT('',(2.908622346625E0,-4.200000000001E-1,-4.5E0));
#1447=VERTEX_POINT('',#1446);
#1448=CARTESIAN_POINT('',(3.930831239518E0,-4.2E-1,-4.5E0));
#1449=VERTEX_POINT('',#1448);
#1450=CARTESIAN_POINT('',(3.765E0,-4.2E-1,-4.55E0));
#1451=VERTEX_POINT('',#1450);
#1452=CARTESIAN_POINT('',(3.765E0,-4.2E-1,-3.9E0));
#1453=CARTESIAN_POINT('',(3.765E0,-4.2E-1,3.9E0));
#1454=VERTEX_POINT('',#1452);
#1455=VERTEX_POINT('',#1453);
#1456=CARTESIAN_POINT('',(3.63E0,-4.2E-1,-3.9E0));
#1457=VERTEX_POINT('',#1456);
#1458=CARTESIAN_POINT('',(3.63E0,-4.2E-1,3.9E0));
#1459=VERTEX_POINT('',#1458);
#1460=CARTESIAN_POINT('',(-3.6E0,-4.2E-1,3.9E0));
#1461=VERTEX_POINT('',#1460);
#1462=CARTESIAN_POINT('',(-3.6E0,-4.2E-1,-3.9E0));
#1463=VERTEX_POINT('',#1462);
#1464=CARTESIAN_POINT('',(-3.735E0,6.43E0,4.55E0));
#1465=VERTEX_POINT('',#1464);
#1466=CARTESIAN_POINT('',(-3.489254386713E0,-1.292072930905E0,4.5E0));
#1467=VERTEX_POINT('',#1466);
#1468=CARTESIAN_POINT('',(-3.489254386713E0,-1.292072930905E0,3.9E0));
#1469=VERTEX_POINT('',#1468);
#1470=CARTESIAN_POINT('',(4.065E0,-1.2E-1,3.9E0));
#1471=CARTESIAN_POINT('',(4.065E0,-1.12E0,3.9E0));
#1472=VERTEX_POINT('',#1470);
#1473=VERTEX_POINT('',#1471);
#1474=CARTESIAN_POINT('',(3.63E0,3.1E0,3.9E0));
#1475=VERTEX_POINT('',#1474);
#1476=CARTESIAN_POINT('',(2.815E0,3.1E0,3.9E0));
#1477=VERTEX_POINT('',#1476);
#1478=CARTESIAN_POINT('',(3.519254386713E0,-1.292072930905E0,3.9E0));
#1479=VERTEX_POINT('',#1478);
#1480=CARTESIAN_POINT('',(-2.785E0,3.1E0,3.9E0));
#1481=VERTEX_POINT('',#1480);
#1482=CARTESIAN_POINT('',(-3.6E0,3.1E0,3.9E0));
#1483=VERTEX_POINT('',#1482);
#1484=CARTESIAN_POINT('',(4.065E0,-1.2E-1,-3.9E0));
#1485=VERTEX_POINT('',#1484);
#1486=CARTESIAN_POINT('',(4.065E0,-1.12E0,4.5E0));
#1487=VERTEX_POINT('',#1486);
#1488=CARTESIAN_POINT('',(4.065E0,-4.2E-1,4.5E0));
#1489=VERTEX_POINT('',#1488);
#1490=CARTESIAN_POINT('',(4.065E0,-4.2E-1,4.25E0));
#1491=VERTEX_POINT('',#1490);
#1492=CARTESIAN_POINT('',(4.065E0,6.43E0,4.25E0));
#1493=VERTEX_POINT('',#1492);
#1494=CARTESIAN_POINT('',(4.065E0,6.43E0,-4.25E0));
#1495=VERTEX_POINT('',#1494);
#1496=CARTESIAN_POINT('',(4.065E0,-4.2E-1,-4.25E0));
#1497=VERTEX_POINT('',#1496);
#1498=CARTESIAN_POINT('',(4.065E0,-4.2E-1,-4.5E0));
#1499=VERTEX_POINT('',#1498);
#1500=CARTESIAN_POINT('',(4.065E0,-1.12E0,-4.5E0));
#1501=VERTEX_POINT('',#1500);
#1502=CARTESIAN_POINT('',(4.065E0,-1.12E0,-3.9E0));
#1503=VERTEX_POINT('',#1502);
#1504=CARTESIAN_POINT('',(3.519254386712E0,-1.292072930904E0,-3.9E0));
#1505=VERTEX_POINT('',#1504);
#1506=CARTESIAN_POINT('',(2.815E0,3.1E0,-3.9E0));
#1507=VERTEX_POINT('',#1506);
#1508=CARTESIAN_POINT('',(3.63E0,3.1E0,-3.9E0));
#1509=VERTEX_POINT('',#1508);
#1510=CARTESIAN_POINT('',(-3.6E0,3.1E0,-3.9E0));
#1511=VERTEX_POINT('',#1510);
#1512=CARTESIAN_POINT('',(-2.785E0,3.1E0,-3.9E0));
#1513=VERTEX_POINT('',#1512);
#1514=CARTESIAN_POINT('',(-3.489254386713E0,-1.292072930905E0,-3.9E0));
#1515=VERTEX_POINT('',#1514);
#1516=CARTESIAN_POINT('',(3.519254386712E0,-1.292072930904E0,-4.5E0));
#1517=VERTEX_POINT('',#1516);
#1518=CARTESIAN_POINT('',(3.765E0,6.43E0,-4.55E0));
#1519=VERTEX_POINT('',#1518);
#1520=CARTESIAN_POINT('',(3.765E0,6.73E0,-4.25E0));
#1521=VERTEX_POINT('',#1520);
#1522=CARTESIAN_POINT('',(3.765E0,6.73E0,4.25E0));
#1523=VERTEX_POINT('',#1522);
#1524=CARTESIAN_POINT('',(3.765E0,6.43E0,4.55E0));
#1525=VERTEX_POINT('',#1524);
#1526=CARTESIAN_POINT('',(-3.735E0,6.73E0,4.25E0));
#1527=VERTEX_POINT('',#1526);
#1528=CARTESIAN_POINT('',(-3.735E0,6.73E0,-4.25E0));
#1529=VERTEX_POINT('',#1528);
#1530=CARTESIAN_POINT('',(1.371465996625E0,7.03E0,2.1E0));
#1531=CARTESIAN_POINT('',(1.371465996625E0,7.03E0,-2.1E0));
#1532=VERTEX_POINT('',#1530);
#1533=VERTEX_POINT('',#1531);
#1534=CARTESIAN_POINT('',(-1.341465943872E0,7.03E0,2.1E0));
#1535=VERTEX_POINT('',#1534);
#1536=CARTESIAN_POINT('',(-1.341465996625E0,7.03E0,-2.1E0));
#1537=VERTEX_POINT('',#1536);
#1538=CARTESIAN_POINT('',(-2.485E0,8.729996888815E0,0.E0));
#1539=CARTESIAN_POINT('',(-1.341465996625E0,8.729996888815E0,-2.1E0));
#1540=VERTEX_POINT('',#1538);
#1541=VERTEX_POINT('',#1539);
#1542=CARTESIAN_POINT('',(-1.341465996625E0,8.729996888815E0,2.1E0));
#1543=VERTEX_POINT('',#1542);
#1544=VERTEX_POINT('',#812);
#1545=CARTESIAN_POINT('',(-2.285E0,8.929997137710E0,0.E0));
#1546=VERTEX_POINT('',#1545);
#1547=CARTESIAN_POINT('',(-1.281148139682E0,8.929997137710E0,1.9E0));
#1548=VERTEX_POINT('',#1547);
#1549=CARTESIAN_POINT('',(1.371466015779E0,8.729998339688E0,-2.100000016088E0));
#1550=VERTEX_POINT('',#1549);
#1551=VERTEX_POINT('',#833);
#1552=CARTESIAN_POINT('',(2.515E0,8.729996889362E0,0.E0));
#1553=CARTESIAN_POINT('',(1.371465996625E0,8.729996889362E0,2.1E0));
#1554=VERTEX_POINT('',#1552);
#1555=VERTEX_POINT('',#1553);
#1556=CARTESIAN_POINT('',(1.311148139682E0,8.929997138213E0,1.9E0));
#1557=CARTESIAN_POINT('',(2.315E0,8.929997138213E0,0.E0));
#1558=VERTEX_POINT('',#1556);
#1559=VERTEX_POINT('',#1557);
#1560=CARTESIAN_POINT('',(2.315E0,1.252999404954E1,0.E0));
#1561=CARTESIAN_POINT('',(1.311148139682E0,1.252999404954E1,1.9E0));
#1562=VERTEX_POINT('',#1560);
#1563=VERTEX_POINT('',#1561);
#1564=CARTESIAN_POINT('',(1.311148139682E0,1.252999404954E1,-1.9E0));
#1565=VERTEX_POINT('',#1564);
#1566=CARTESIAN_POINT('',(2.064994696342E0,1.278E1,0.E0));
#1567=CARTESIAN_POINT('',(1.231544743401E0,1.278E1,1.649999134040E0));
#1568=VERTEX_POINT('',#1566);
#1569=VERTEX_POINT('',#1567);
#1570=CARTESIAN_POINT('',(1.231544911836E0,1.278E1,-1.649999009853E0));
#1571=VERTEX_POINT('',#1570);
#1572=CARTESIAN_POINT('',(-1.201544743513E0,1.278E1,1.649999134044E0));
#1573=CARTESIAN_POINT('',(-2.034994696412E0,1.278E1,0.E0));
#1574=VERTEX_POINT('',#1572);
#1575=VERTEX_POINT('',#1573);
#1576=CARTESIAN_POINT('',(-1.201544911948E0,1.278E1,-1.649999009857E0));
#1577=VERTEX_POINT('',#1576);
#1578=CARTESIAN_POINT('',(-2.785E0,3.1E0,-4.1E0));
#1579=VERTEX_POINT('',#1578);
#1580=CARTESIAN_POINT('',(-2.785E0,3.1E0,4.1E0));
#1581=VERTEX_POINT('',#1580);
#1582=CARTESIAN_POINT('',(2.815E0,3.1E0,4.1E0));
#1583=VERTEX_POINT('',#1582);
#1584=CARTESIAN_POINT('',(2.815E0,3.1E0,-4.1E0));
#1585=VERTEX_POINT('',#1584);
#1586=CARTESIAN_POINT('',(-2.235E0,4.5E-1,-4.1E0));
#1587=CARTESIAN_POINT('',(-2.235E0,-3.629529426061E-1,-4.1E0));
#1588=VERTEX_POINT('',#1586);
#1589=VERTEX_POINT('',#1587);
#1590=CARTESIAN_POINT('',(2.265E0,-3.629529426061E-1,-4.1E0));
#1591=VERTEX_POINT('',#1590);
#1592=CARTESIAN_POINT('',(2.265E0,4.5E-1,-4.1E0));
#1593=VERTEX_POINT('',#1592);
#1594=CARTESIAN_POINT('',(-2.235E0,4.5E-1,4.1E0));
#1595=CARTESIAN_POINT('',(-2.235E0,-3.629529426061E-1,4.1E0));
#1596=VERTEX_POINT('',#1594);
#1597=VERTEX_POINT('',#1595);
#1598=CARTESIAN_POINT('',(2.265E0,4.5E-1,4.1E0));
#1599=VERTEX_POINT('',#1598);
#1600=CARTESIAN_POINT('',(2.265E0,-3.629529426061E-1,4.1E0));
#1601=VERTEX_POINT('',#1600);
#1602=CARTESIAN_POINT('',(-2.235E0,3.345299461621E-1,3.9E0));
#1603=VERTEX_POINT('',#1602);
#1604=CARTESIAN_POINT('',(2.265E0,3.345299461621E-1,3.9E0));
#1605=VERTEX_POINT('',#1604);
#1606=CARTESIAN_POINT('',(-2.235E0,3.345299461621E-1,-3.9E0));
#1607=VERTEX_POINT('',#1606);
#1608=CARTESIAN_POINT('',(2.265E0,3.345299461621E-1,-3.9E0));
#1609=VERTEX_POINT('',#1608);
#1610=CARTESIAN_POINT('',(-3.6E0,4.5E-1,7.5E-1));
#1611=CARTESIAN_POINT('',(-3.6E0,-3.629529426061E-1,7.5E-1));
#1612=VERTEX_POINT('',#1610);
#1613=VERTEX_POINT('',#1611);
#1614=CARTESIAN_POINT('',(-3.6E0,-3.629529426061E-1,-7.5E-1));
#1615=VERTEX_POINT('',#1614);
#1616=CARTESIAN_POINT('',(-3.6E0,4.5E-1,-7.5E-1));
#1617=VERTEX_POINT('',#1616);
#1618=CARTESIAN_POINT('',(-3.4E0,3.345299461621E-1,7.5E-1));
#1619=VERTEX_POINT('',#1618);
#1620=CARTESIAN_POINT('',(-3.4E0,3.345299461621E-1,-7.5E-1));
#1621=VERTEX_POINT('',#1620);
#1622=CARTESIAN_POINT('',(3.63E0,4.5E-1,7.5E-1));
#1623=CARTESIAN_POINT('',(3.63E0,-3.629529426061E-1,7.5E-1));
#1624=VERTEX_POINT('',#1622);
#1625=VERTEX_POINT('',#1623);
#1626=CARTESIAN_POINT('',(3.63E0,4.5E-1,-7.5E-1));
#1627=CARTESIAN_POINT('',(3.63E0,-3.629529426061E-1,-7.5E-1));
#1628=VERTEX_POINT('',#1626);
#1629=VERTEX_POINT('',#1627);
#1630=CARTESIAN_POINT('',(3.43E0,3.345299461621E-1,7.5E-1));
#1631=VERTEX_POINT('',#1630);
#1632=CARTESIAN_POINT('',(3.43E0,3.345299461621E-1,-7.5E-1));
#1633=VERTEX_POINT('',#1632);
#1634=VERTEX_POINT('',#1185);
#1635=CARTESIAN_POINT('',(-2.285000000004E0,1.252999404961E1,0.E0));
#1636=CARTESIAN_POINT('',(-1.281148139684E0,1.252999404961E1,
-1.900000000003E0));
#1637=VERTEX_POINT('',#1635);
#1638=VERTEX_POINT('',#1636);
#1639=CARTESIAN_POINT('',(-3.735E0,6.43E0,-4.55E0));
#1640=VERTEX_POINT('',#1639);
#1641=CARTESIAN_POINT('',(-3.489254386712E0,-1.292072930904E0,-4.5E0));
#1642=VERTEX_POINT('',#1641);
#1643=CARTESIAN_POINT('',(3.519254386712E0,-1.292072930904E0,4.5E0));
#1644=VERTEX_POINT('',#1643);
#1645=CARTESIAN_POINT('',(-4.035E0,-4.2E-1,0.E0));
#1646=DIRECTION('',(1.E0,0.E0,0.E0));
#1647=DIRECTION('',(0.E0,0.E0,-1.E0));
#1648=AXIS2_PLACEMENT_3D('',#1645,#1646,#1647);
#1649=PLANE('',#1648);
#1651=ORIENTED_EDGE('',*,*,#1650,.F.);
#1653=ORIENTED_EDGE('',*,*,#1652,.T.);
#1655=ORIENTED_EDGE('',*,*,#1654,.F.);
#1657=ORIENTED_EDGE('',*,*,#1656,.T.);
#1659=ORIENTED_EDGE('',*,*,#1658,.T.);
#1661=ORIENTED_EDGE('',*,*,#1660,.F.);
#1663=ORIENTED_EDGE('',*,*,#1662,.F.);
#1665=ORIENTED_EDGE('',*,*,#1664,.F.);
#1667=ORIENTED_EDGE('',*,*,#1666,.F.);
#1669=ORIENTED_EDGE('',*,*,#1668,.F.);
#1671=ORIENTED_EDGE('',*,*,#1670,.F.);
#1673=ORIENTED_EDGE('',*,*,#1672,.T.);
#1674=EDGE_LOOP('',(#1651,#1653,#1655,#1657,#1659,#1661,#1663,#1665,#1667,#1669,
#1671,#1673));
#1675=FACE_OUTER_BOUND('',#1674,.F.);
#1676=ADVANCED_FACE('',(#1675),#1649,.F.);
#1677=CARTESIAN_POINT('',(-3.735E0,-1.2E-1,-4.527661845247E0));
#1678=DIRECTION('',(0.E0,0.E0,1.E0));
#1679=DIRECTION('',(-1.E0,0.E0,0.E0));
#1680=AXIS2_PLACEMENT_3D('',#1677,#1678,#1679);
#1681=CYLINDRICAL_SURFACE('',#1680,3.E-1);
#1683=ORIENTED_EDGE('',*,*,#1682,.T.);
#1685=ORIENTED_EDGE('',*,*,#1684,.F.);
#1686=ORIENTED_EDGE('',*,*,#1650,.T.);
#1688=ORIENTED_EDGE('',*,*,#1687,.F.);
#1689=EDGE_LOOP('',(#1683,#1685,#1686,#1688));
#1690=FACE_OUTER_BOUND('',#1689,.F.);
#1691=ADVANCED_FACE('',(#1690),#1681,.T.);
#1692=CARTESIAN_POINT('',(-4.035E0,-4.2E-1,4.55E0));
#1693=DIRECTION('',(0.E0,-1.E0,0.E0));
#1694=DIRECTION('',(0.E0,0.E0,-1.E0));
#1695=AXIS2_PLACEMENT_3D('',#1692,#1693,#1694);
#1696=PLANE('',#1695);
#1698=ORIENTED_EDGE('',*,*,#1697,.T.);
#1700=ORIENTED_EDGE('',*,*,#1699,.F.);
#1702=ORIENTED_EDGE('',*,*,#1701,.T.);
#1704=ORIENTED_EDGE('',*,*,#1703,.F.);
#1706=ORIENTED_EDGE('',*,*,#1705,.F.);
#1708=ORIENTED_EDGE('',*,*,#1707,.F.);
#1710=ORIENTED_EDGE('',*,*,#1709,.F.);
#1712=ORIENTED_EDGE('',*,*,#1711,.F.);
#1714=ORIENTED_EDGE('',*,*,#1713,.F.);
#1716=ORIENTED_EDGE('',*,*,#1715,.F.);
#1718=ORIENTED_EDGE('',*,*,#1717,.T.);
#1720=ORIENTED_EDGE('',*,*,#1719,.T.);
#1721=EDGE_LOOP('',(#1698,#1700,#1702,#1704,#1706,#1708,#1710,#1712,#1714,#1716,
#1718,#1720));
#1722=FACE_OUTER_BOUND('',#1721,.F.);
#1723=ADVANCED_FACE('',(#1722),#1696,.T.);
#1724=CARTESIAN_POINT('',(-4.035E0,-4.2E-1,4.55E0));
#1725=DIRECTION('',(0.E0,-1.E0,0.E0));
#1726=DIRECTION('',(0.E0,0.E0,-1.E0));
#1727=AXIS2_PLACEMENT_3D('',#1724,#1725,#1726);
#1728=PLANE('',#1727);
#1730=ORIENTED_EDGE('',*,*,#1729,.T.);
#1732=ORIENTED_EDGE('',*,*,#1731,.F.);
#1734=ORIENTED_EDGE('',*,*,#1733,.F.);
#1736=ORIENTED_EDGE('',*,*,#1735,.F.);
#1738=ORIENTED_EDGE('',*,*,#1737,.F.);
#1740=ORIENTED_EDGE('',*,*,#1739,.F.);
#1742=ORIENTED_EDGE('',*,*,#1741,.F.);
#1744=ORIENTED_EDGE('',*,*,#1743,.F.);
#1746=ORIENTED_EDGE('',*,*,#1745,.T.);
#1748=ORIENTED_EDGE('',*,*,#1747,.T.);
#1750=ORIENTED_EDGE('',*,*,#1749,.T.);
#1752=ORIENTED_EDGE('',*,*,#1751,.T.);
#1753=EDGE_LOOP('',(#1730,#1732,#1734,#1736,#1738,#1740,#1742,#1744,#1746,#1748,
#1750,#1752));
#1754=FACE_OUTER_BOUND('',#1753,.F.);
#1755=ADVANCED_FACE('',(#1754),#1728,.T.);
#1756=CARTESIAN_POINT('',(-4.035E0,-4.2E-1,4.55E0));
#1757=DIRECTION('',(0.E0,-1.E0,0.E0));
#1758=DIRECTION('',(0.E0,0.E0,-1.E0));
#1759=AXIS2_PLACEMENT_3D('',#1756,#1757,#1758);
#1760=PLANE('',#1759);
#1762=ORIENTED_EDGE('',*,*,#1761,.F.);
#1764=ORIENTED_EDGE('',*,*,#1763,.F.);
#1766=ORIENTED_EDGE('',*,*,#1765,.F.);
#1768=ORIENTED_EDGE('',*,*,#1767,.T.);
#1769=EDGE_LOOP('',(#1762,#1764,#1766,#1768));
#1770=FACE_OUTER_BOUND('',#1769,.F.);
#1771=ADVANCED_FACE('',(#1770),#1760,.T.);
#1772=CARTESIAN_POINT('',(-4.035E0,-4.2E-1,4.55E0));
#1773=DIRECTION('',(0.E0,-1.E0,0.E0));
#1774=DIRECTION('',(0.E0,0.E0,-1.E0));
#1775=AXIS2_PLACEMENT_3D('',#1772,#1773,#1774);
#1776=PLANE('',#1775);
#1777=ORIENTED_EDGE('',*,*,#1682,.F.);
#1779=ORIENTED_EDGE('',*,*,#1778,.F.);
#1781=ORIENTED_EDGE('',*,*,#1780,.F.);
#1783=ORIENTED_EDGE('',*,*,#1782,.T.);
#1784=EDGE_LOOP('',(#1777,#1779,#1781,#1783));
#1785=FACE_OUTER_BOUND('',#1784,.F.);
#1786=ADVANCED_FACE('',(#1785),#1776,.T.);
#1787=CARTESIAN_POINT('',(-3.735E0,-1.156936100620E0,4.25E0));
#1788=DIRECTION('',(0.E0,1.E0,0.E0));
#1789=DIRECTION('',(-1.E0,0.E0,0.E0));
#1790=AXIS2_PLACEMENT_3D('',#1787,#1788,#1789);
#1791=CYLINDRICAL_SURFACE('',#1790,3.E-1);
#1792=ORIENTED_EDGE('',*,*,#1697,.F.);
#1794=ORIENTED_EDGE('',*,*,#1793,.F.);
#1795=ORIENTED_EDGE('',*,*,#1664,.T.);
#1797=ORIENTED_EDGE('',*,*,#1796,.F.);
#1799=ORIENTED_EDGE('',*,*,#1798,.T.);
#1800=EDGE_LOOP('',(#1792,#1794,#1795,#1797,#1799));
#1801=FACE_OUTER_BOUND('',#1800,.F.);
#1802=ADVANCED_FACE('',(#1801),#1791,.T.);
#1803=CARTESIAN_POINT('',(-4.035E0,-4.2E-1,4.55E0));
#1804=DIRECTION('',(0.E0,-1.E0,0.E0));
#1805=DIRECTION('',(0.E0,0.E0,-1.E0));
#1806=AXIS2_PLACEMENT_3D('',#1803,#1804,#1805);
#1807=PLANE('',#1806);
#1809=ORIENTED_EDGE('',*,*,#1808,.T.);
#1810=ORIENTED_EDGE('',*,*,#1666,.T.);
#1811=ORIENTED_EDGE('',*,*,#1793,.T.);
#1812=EDGE_LOOP('',(#1809,#1810,#1811));
#1813=FACE_OUTER_BOUND('',#1812,.F.);
#1814=ADVANCED_FACE('',(#1813),#1807,.F.);
#1815=CARTESIAN_POINT('',(4.065E0,-4.2E-1,4.5E0));
#1816=DIRECTION('',(0.E0,0.E0,1.E0));
#1817=DIRECTION('',(1.E0,0.E0,0.E0));
#1818=AXIS2_PLACEMENT_3D('',#1815,#1816,#1817);
#1819=PLANE('',#1818);
#1820=ORIENTED_EDGE('',*,*,#1808,.F.);
#1821=ORIENTED_EDGE('',*,*,#1719,.F.);
#1823=ORIENTED_EDGE('',*,*,#1822,.T.);
#1825=ORIENTED_EDGE('',*,*,#1824,.T.);
#1826=ORIENTED_EDGE('',*,*,#1668,.T.);
#1827=EDGE_LOOP('',(#1820,#1821,#1823,#1825,#1826));
#1828=FACE_OUTER_BOUND('',#1827,.F.);
#1829=ADVANCED_FACE('',(#1828),#1819,.T.);
#1830=CARTESIAN_POINT('',(-3.489254386713E0,-1.292072930905E0,3.9E0));
#1831=DIRECTION('',(-8.191520442890E-1,5.735764363510E-1,0.E0));
#1832=DIRECTION('',(5.735764363510E-1,8.191520442890E-1,0.E0));
#1833=AXIS2_PLACEMENT_3D('',#1830,#1831,#1832);
#1834=PLANE('',#1833);
#1835=ORIENTED_EDGE('',*,*,#1717,.F.);
#1837=ORIENTED_EDGE('',*,*,#1836,.F.);
#1839=ORIENTED_EDGE('',*,*,#1838,.F.);
#1840=ORIENTED_EDGE('',*,*,#1822,.F.);
#1841=EDGE_LOOP('',(#1835,#1837,#1839,#1840));
#1842=FACE_OUTER_BOUND('',#1841,.F.);
#1843=ADVANCED_FACE('',(#1842),#1834,.F.);
#1844=CARTESIAN_POINT('',(3.63E0,-4.2E-1,3.9E0));
#1845=DIRECTION('',(0.E0,0.E0,1.E0));
#1846=DIRECTION('',(-1.E0,0.E0,0.E0));
#1847=AXIS2_PLACEMENT_3D('',#1844,#1845,#1846);
#1848=PLANE('',#1847);
#1850=ORIENTED_EDGE('',*,*,#1849,.F.);
#1852=ORIENTED_EDGE('',*,*,#1851,.T.);
#1853=ORIENTED_EDGE('',*,*,#1767,.F.);
#1855=ORIENTED_EDGE('',*,*,#1854,.F.);
#1857=ORIENTED_EDGE('',*,*,#1856,.T.);
#1859=ORIENTED_EDGE('',*,*,#1858,.F.);
#1860=ORIENTED_EDGE('',*,*,#1707,.T.);
#1862=ORIENTED_EDGE('',*,*,#1861,.T.);
#1864=ORIENTED_EDGE('',*,*,#1863,.T.);
#1865=EDGE_LOOP('',(#1850,#1852,#1853,#1855,#1857,#1859,#1860,#1862,#1864));
#1866=FACE_OUTER_BOUND('',#1865,.F.);
#1867=ADVANCED_FACE('',(#1866),#1848,.F.);
#1868=CARTESIAN_POINT('',(3.63E0,-4.2E-1,3.9E0));
#1869=DIRECTION('',(0.E0,0.E0,1.E0));
#1870=DIRECTION('',(-1.E0,0.E0,0.E0));
#1871=AXIS2_PLACEMENT_3D('',#1868,#1869,#1870);
#1872=PLANE('',#1871);
#1873=ORIENTED_EDGE('',*,*,#1778,.T.);
#1874=ORIENTED_EDGE('',*,*,#1687,.T.);
#1875=ORIENTED_EDGE('',*,*,#1672,.F.);
#1877=ORIENTED_EDGE('',*,*,#1876,.T.);
#1878=ORIENTED_EDGE('',*,*,#1836,.T.);
#1879=ORIENTED_EDGE('',*,*,#1715,.T.);
#1881=ORIENTED_EDGE('',*,*,#1880,.T.);
#1883=ORIENTED_EDGE('',*,*,#1882,.T.);
#1885=ORIENTED_EDGE('',*,*,#1884,.T.);
#1886=EDGE_LOOP('',(#1873,#1874,#1875,#1877,#1878,#1879,#1881,#1883,#1885));
#1887=FACE_OUTER_BOUND('',#1886,.F.);
#1888=ADVANCED_FACE('',(#1887),#1872,.F.);
#1889=CARTESIAN_POINT('',(4.065E0,-4.2E-1,0.E0));
#1890=DIRECTION('',(1.E0,0.E0,0.E0));
#1891=DIRECTION('',(0.E0,0.E0,-1.E0));
#1892=AXIS2_PLACEMENT_3D('',#1889,#1890,#1891);
#1893=PLANE('',#1892);
#1895=ORIENTED_EDGE('',*,*,#1894,.F.);
#1896=ORIENTED_EDGE('',*,*,#1849,.T.);
#1898=ORIENTED_EDGE('',*,*,#1897,.F.);
#1900=ORIENTED_EDGE('',*,*,#1899,.T.);
#1902=ORIENTED_EDGE('',*,*,#1901,.T.);
#1904=ORIENTED_EDGE('',*,*,#1903,.F.);
#1906=ORIENTED_EDGE('',*,*,#1905,.F.);
#1908=ORIENTED_EDGE('',*,*,#1907,.F.);
#1910=ORIENTED_EDGE('',*,*,#1909,.F.);
#1912=ORIENTED_EDGE('',*,*,#1911,.F.);
#1914=ORIENTED_EDGE('',*,*,#1913,.F.);
#1916=ORIENTED_EDGE('',*,*,#1915,.T.);
#1917=EDGE_LOOP('',(#1895,#1896,#1898,#1900,#1902,#1904,#1906,#1908,#1910,#1912,
#1914,#1916));
#1918=FACE_OUTER_BOUND('',#1917,.F.);
#1919=ADVANCED_FACE('',(#1918),#1893,.T.);
#1920=CARTESIAN_POINT('',(3.765E0,-1.2E-1,4.530156148475E0));
#1921=DIRECTION('',(0.E0,0.E0,-1.E0));
#1922=DIRECTION('',(1.E0,0.E0,0.E0));
#1923=AXIS2_PLACEMENT_3D('',#1920,#1921,#1922);
#1924=CYLINDRICAL_SURFACE('',#1923,3.E-1);
#1925=ORIENTED_EDGE('',*,*,#1761,.T.);
#1926=ORIENTED_EDGE('',*,*,#1851,.F.);
#1927=ORIENTED_EDGE('',*,*,#1894,.T.);
#1929=ORIENTED_EDGE('',*,*,#1928,.F.);
#1930=EDGE_LOOP('',(#1925,#1926,#1927,#1929));
#1931=FACE_OUTER_BOUND('',#1930,.F.);
#1932=ADVANCED_FACE('',(#1931),#1924,.T.);
#1933=CARTESIAN_POINT('',(-3.6E0,-4.2E-1,-3.9E0));
#1934=DIRECTION('',(0.E0,0.E0,-1.E0));
#1935=DIRECTION('',(1.E0,0.E0,0.E0));
#1936=AXIS2_PLACEMENT_3D('',#1933,#1934,#1935);
#1937=PLANE('',#1936);
#1938=ORIENTED_EDGE('',*,*,#1763,.T.);
#1939=ORIENTED_EDGE('',*,*,#1928,.T.);
#1940=ORIENTED_EDGE('',*,*,#1915,.F.);
#1942=ORIENTED_EDGE('',*,*,#1941,.T.);
#1944=ORIENTED_EDGE('',*,*,#1943,.T.);
#1945=ORIENTED_EDGE('',*,*,#1743,.T.);
#1947=ORIENTED_EDGE('',*,*,#1946,.T.);
#1949=ORIENTED_EDGE('',*,*,#1948,.T.);
#1951=ORIENTED_EDGE('',*,*,#1950,.T.);
#1952=EDGE_LOOP('',(#1938,#1939,#1940,#1942,#1944,#1945,#1947,#1949,#1951));
#1953=FACE_OUTER_BOUND('',#1952,.F.);
#1954=ADVANCED_FACE('',(#1953),#1937,.F.);
#1955=CARTESIAN_POINT('',(-3.6E0,-4.2E-1,-3.9E0));
#1956=DIRECTION('',(0.E0,0.E0,-1.E0));
#1957=DIRECTION('',(1.E0,0.E0,0.E0));
#1958=AXIS2_PLACEMENT_3D('',#1955,#1956,#1957);
#1959=PLANE('',#1958);
#1960=ORIENTED_EDGE('',*,*,#1652,.F.);
#1961=ORIENTED_EDGE('',*,*,#1684,.T.);
#1962=ORIENTED_EDGE('',*,*,#1782,.F.);
#1964=ORIENTED_EDGE('',*,*,#1963,.F.);
#1966=ORIENTED_EDGE('',*,*,#1965,.T.);
#1968=ORIENTED_EDGE('',*,*,#1967,.F.);
#1969=ORIENTED_EDGE('',*,*,#1735,.T.);
#1971=ORIENTED_EDGE('',*,*,#1970,.T.);
#1973=ORIENTED_EDGE('',*,*,#1972,.T.);
#1974=EDGE_LOOP('',(#1960,#1961,#1962,#1964,#1966,#1968,#1969,#1971,#1973));
#1975=FACE_OUTER_BOUND('',#1974,.F.);
#1976=ADVANCED_FACE('',(#1975),#1959,.F.);
#1977=CARTESIAN_POINT('',(3.765E0,-1.12E0,-3.9E0));
#1978=DIRECTION('',(0.E0,0.E0,-1.E0));
#1979=DIRECTION('',(-1.E0,0.E0,0.E0));
#1980=AXIS2_PLACEMENT_3D('',#1977,#1978,#1979);
#1981=CYLINDRICAL_SURFACE('',#1980,3.E-1);
#1982=ORIENTED_EDGE('',*,*,#1941,.F.);
#1983=ORIENTED_EDGE('',*,*,#1913,.T.);
#1985=ORIENTED_EDGE('',*,*,#1984,.F.);
#1987=ORIENTED_EDGE('',*,*,#1986,.T.);
#1988=EDGE_LOOP('',(#1982,#1983,#1985,#1987));
#1989=FACE_OUTER_BOUND('',#1988,.F.);
#1990=ADVANCED_FACE('',(#1989),#1981,.T.);
#1991=CARTESIAN_POINT('',(-4.035E0,-4.2E-1,-4.5E0));
#1992=DIRECTION('',(0.E0,0.E0,-1.E0));
#1993=DIRECTION('',(-1.E0,0.E0,0.E0));
#1994=AXIS2_PLACEMENT_3D('',#1991,#1992,#1993);
#1995=PLANE('',#1994);
#1997=ORIENTED_EDGE('',*,*,#1996,.F.);
#1998=ORIENTED_EDGE('',*,*,#1747,.F.);
#2000=ORIENTED_EDGE('',*,*,#1999,.T.);
#2001=ORIENTED_EDGE('',*,*,#1984,.T.);
#2002=ORIENTED_EDGE('',*,*,#1911,.T.);
#2003=EDGE_LOOP('',(#1997,#1998,#2000,#2001,#2002));
#2004=FACE_OUTER_BOUND('',#2003,.F.);
#2005=ADVANCED_FACE('',(#2004),#1995,.T.);
#2006=CARTESIAN_POINT('',(-4.035E0,-4.2E-1,4.55E0));
#2007=DIRECTION('',(0.E0,-1.E0,0.E0));
#2008=DIRECTION('',(0.E0,0.E0,-1.E0));
#2009=AXIS2_PLACEMENT_3D('',#2006,#2007,#2008);
#2010=PLANE('',#2009);
#2011=ORIENTED_EDGE('',*,*,#1996,.T.);
#2012=ORIENTED_EDGE('',*,*,#1909,.T.);
#2014=ORIENTED_EDGE('',*,*,#2013,.T.);
#2015=EDGE_LOOP('',(#2011,#2012,#2014));
#2016=FACE_OUTER_BOUND('',#2015,.F.);
#2017=ADVANCED_FACE('',(#2016),#2010,.F.);
#2018=CARTESIAN_POINT('',(3.765E0,-1.156936100620E0,-4.25E0));
#2019=DIRECTION('',(0.E0,1.E0,0.E0));
#2020=DIRECTION('',(1.E0,0.E0,0.E0));
#2021=AXIS2_PLACEMENT_3D('',#2018,#2019,#2020);
#2022=CYLINDRICAL_SURFACE('',#2021,3.E-1);
#2023=ORIENTED_EDGE('',*,*,#1749,.F.);
#2024=ORIENTED_EDGE('',*,*,#2013,.F.);
#2025=ORIENTED_EDGE('',*,*,#1907,.T.);
#2027=ORIENTED_EDGE('',*,*,#2026,.F.);
#2029=ORIENTED_EDGE('',*,*,#2028,.T.);
#2030=EDGE_LOOP('',(#2023,#2024,#2025,#2027,#2029));
#2031=FACE_OUTER_BOUND('',#2030,.F.);
#2032=ADVANCED_FACE('',(#2031),#2022,.T.);
#2033=CARTESIAN_POINT('',(3.765E0,6.43E0,-4.25E0));
#2034=DIRECTION('',(1.E0,0.E0,0.E0));
#2035=DIRECTION('',(0.E0,0.E0,-1.E0));
#2036=AXIS2_PLACEMENT_3D('',#2033,#2034,#2035);
#2037=SPHERICAL_SURFACE('',#2036,3.E-1);
#2039=ORIENTED_EDGE('',*,*,#2038,.T.);
#2041=ORIENTED_EDGE('',*,*,#2040,.T.);
#2042=ORIENTED_EDGE('',*,*,#2026,.T.);
#2043=EDGE_LOOP('',(#2039,#2041,#2042));
#2044=FACE_OUTER_BOUND('',#2043,.F.);
#2045=ADVANCED_FACE('',(#2044),#2037,.T.);
#2046=CARTESIAN_POINT('',(3.765E0,6.43E0,-4.577661844961E0));
#2047=DIRECTION('',(0.E0,0.E0,1.E0));
#2048=DIRECTION('',(1.E0,0.E0,0.E0));
#2049=AXIS2_PLACEMENT_3D('',#2046,#2047,#2048);
#2050=CYLINDRICAL_SURFACE('',#2049,3.E-1);
#2051=ORIENTED_EDGE('',*,*,#1905,.T.);
#2053=ORIENTED_EDGE('',*,*,#2052,.F.);
#2055=ORIENTED_EDGE('',*,*,#2054,.T.);
#2056=ORIENTED_EDGE('',*,*,#2038,.F.);
#2057=EDGE_LOOP('',(#2051,#2053,#2055,#2056));
#2058=FACE_OUTER_BOUND('',#2057,.F.);
#2059=ADVANCED_FACE('',(#2058),#2050,.T.);
#2060=CARTESIAN_POINT('',(3.765E0,6.43E0,4.25E0));
#2061=DIRECTION('',(1.E0,0.E0,0.E0));
#2062=DIRECTION('',(0.E0,0.E0,-1.E0));
#2063=AXIS2_PLACEMENT_3D('',#2060,#2061,#2062);
#2064=SPHERICAL_SURFACE('',#2063,3.E-1);
#2066=ORIENTED_EDGE('',*,*,#2065,.T.);
#2067=ORIENTED_EDGE('',*,*,#2052,.T.);
#2069=ORIENTED_EDGE('',*,*,#2068,.T.);
#2070=EDGE_LOOP('',(#2066,#2067,#2069));
#2071=FACE_OUTER_BOUND('',#2070,.F.);
#2072=ADVANCED_FACE('',(#2071),#2064,.T.);
#2073=CARTESIAN_POINT('',(4.094276069985E0,6.43E0,4.25E0));
#2074=DIRECTION('',(-1.E0,0.E0,0.E0));
#2075=DIRECTION('',(0.E0,0.E0,1.E0));
#2076=AXIS2_PLACEMENT_3D('',#2073,#2074,#2075);
#2077=CYLINDRICAL_SURFACE('',#2076,3.E-1);
#2079=ORIENTED_EDGE('',*,*,#2078,.T.);
#2080=ORIENTED_EDGE('',*,*,#2065,.F.);
#2082=ORIENTED_EDGE('',*,*,#2081,.T.);
#2084=ORIENTED_EDGE('',*,*,#2083,.F.);
#2085=EDGE_LOOP('',(#2079,#2080,#2082,#2084));
#2086=FACE_OUTER_BOUND('',#2085,.F.);
#2087=ADVANCED_FACE('',(#2086),#2077,.T.);
#2088=CARTESIAN_POINT('',(1.5E-2,6.73E0,0.E0));
#2089=DIRECTION('',(0.E0,-1.E0,0.E0));
#2090=DIRECTION('',(0.E0,0.E0,1.E0));
#2091=AXIS2_PLACEMENT_3D('',#2088,#2089,#2090);
#2092=CYLINDRICAL_SURFACE('',#2091,2.5E0);
#2094=ORIENTED_EDGE('',*,*,#2093,.F.);
#2096=ORIENTED_EDGE('',*,*,#2095,.F.);
#2098=ORIENTED_EDGE('',*,*,#2097,.T.);
#2100=ORIENTED_EDGE('',*,*,#2099,.T.);
#2102=ORIENTED_EDGE('',*,*,#2101,.T.);
#2103=EDGE_LOOP('',(#2094,#2096,#2098,#2100,#2102));
#2104=FACE_OUTER_BOUND('',#2103,.F.);
#2105=ADVANCED_FACE('',(#2104),#2092,.T.);
#2106=CARTESIAN_POINT('',(1.5E-2,8.829997013262E0,0.E0));
#2107=DIRECTION('',(0.E0,-1.E0,0.E0));
#2108=DIRECTION('',(-1.E0,0.E0,0.E0));
#2109=AXIS2_PLACEMENT_3D('',#2106,#2107,#2108);
#2110=CONICAL_SURFACE('',#2109,2.4E0,4.499996434847E1);
#2111=ORIENTED_EDGE('',*,*,#2095,.T.);
#2112=ORIENTED_EDGE('',*,*,#2093,.T.);
#2114=ORIENTED_EDGE('',*,*,#2113,.T.);
#2116=ORIENTED_EDGE('',*,*,#2115,.T.);
#2118=ORIENTED_EDGE('',*,*,#2117,.T.);
#2120=ORIENTED_EDGE('',*,*,#2119,.F.);
#2121=EDGE_LOOP('',(#2111,#2112,#2114,#2116,#2118,#2120));
#2122=FACE_OUTER_BOUND('',#2121,.F.);
#2123=ADVANCED_FACE('',(#2122),#2110,.T.);
#2124=CARTESIAN_POINT('',(1.5E-2,8.83E0,-2.E0));
#2125=DIRECTION('',(0.E0,7.071067811865E-1,-7.071067811865E-1));
#2126=DIRECTION('',(-1.E0,0.E0,0.E0));
#2127=AXIS2_PLACEMENT_3D('',#2124,#2125,#2126);
#2128=PLANE('',#2127);
#2130=ORIENTED_EDGE('',*,*,#2129,.T.);
#2132=ORIENTED_EDGE('',*,*,#2131,.T.);
#2134=ORIENTED_EDGE('',*,*,#2133,.F.);
#2135=ORIENTED_EDGE('',*,*,#2113,.F.);
#2136=EDGE_LOOP('',(#2130,#2132,#2134,#2135));
#2137=FACE_OUTER_BOUND('',#2136,.F.);
#2138=ADVANCED_FACE('',(#2137),#2128,.T.);
#2139=CARTESIAN_POINT('',(-1.341465996625E0,6.73E0,-2.1E0));
#2140=DIRECTION('',(0.E0,0.E0,-1.E0));
#2141=DIRECTION('',(1.E0,0.E0,0.E0));
#2142=AXIS2_PLACEMENT_3D('',#2139,#2140,#2141);
#2143=PLANE('',#2142);
#2144=ORIENTED_EDGE('',*,*,#2129,.F.);
#2145=ORIENTED_EDGE('',*,*,#2101,.F.);
#2147=ORIENTED_EDGE('',*,*,#2146,.T.);
#2149=ORIENTED_EDGE('',*,*,#2148,.F.);
#2150=EDGE_LOOP('',(#2144,#2145,#2147,#2149));
#2151=FACE_OUTER_BOUND('',#2150,.F.);
#2152=ADVANCED_FACE('',(#2151),#2143,.T.);
#2153=CARTESIAN_POINT('',(1.5E-2,6.73E0,0.E0));
#2154=DIRECTION('',(0.E0,-1.E0,0.E0));
#2155=DIRECTION('',(0.E0,0.E0,1.E0));
#2156=AXIS2_PLACEMENT_3D('',#2153,#2154,#2155);
#2157=CYLINDRICAL_SURFACE('',#2156,2.5E0);
#2159=ORIENTED_EDGE('',*,*,#2158,.F.);
#2161=ORIENTED_EDGE('',*,*,#2160,.F.);
#2162=ORIENTED_EDGE('',*,*,#2148,.T.);
#2164=ORIENTED_EDGE('',*,*,#2163,.T.);
#2166=ORIENTED_EDGE('',*,*,#2165,.T.);
#2167=EDGE_LOOP('',(#2159,#2161,#2162,#2164,#2166));
#2168=FACE_OUTER_BOUND('',#2167,.F.);
#2169=ADVANCED_FACE('',(#2168),#2157,.T.);
#2170=CARTESIAN_POINT('',(1.5E-2,8.829997013788E0,0.E0));
#2171=DIRECTION('',(0.E0,-1.E0,0.E0));
#2172=DIRECTION('',(-1.E0,0.E0,0.E0));
#2173=AXIS2_PLACEMENT_3D('',#2170,#2171,#2172);
#2174=CONICAL_SURFACE('',#2173,2.4E0,4.499996435474E1);
#2176=ORIENTED_EDGE('',*,*,#2175,.T.);
#2178=ORIENTED_EDGE('',*,*,#2177,.T.);
#2179=ORIENTED_EDGE('',*,*,#2131,.F.);
#2180=ORIENTED_EDGE('',*,*,#2160,.T.);
#2181=ORIENTED_EDGE('',*,*,#2158,.T.);
#2183=ORIENTED_EDGE('',*,*,#2182,.T.);
#2184=EDGE_LOOP('',(#2176,#2178,#2179,#2180,#2181,#2183));
#2185=FACE_OUTER_BOUND('',#2184,.F.);
#2186=ADVANCED_FACE('',(#2185),#2174,.T.);
#2187=CARTESIAN_POINT('',(1.5E-2,8.93E0,0.E0));
#2188=DIRECTION('',(0.E0,1.E0,0.E0));
#2189=DIRECTION('',(0.E0,0.E0,1.E0));
#2190=AXIS2_PLACEMENT_3D('',#2187,#2188,#2189);
#2191=CYLINDRICAL_SURFACE('',#2190,2.3E0);
#2193=ORIENTED_EDGE('',*,*,#2192,.F.);
#2195=ORIENTED_EDGE('',*,*,#2194,.F.);
#2197=ORIENTED_EDGE('',*,*,#2196,.T.);
#2198=ORIENTED_EDGE('',*,*,#2177,.F.);
#2199=ORIENTED_EDGE('',*,*,#2175,.F.);
#2201=ORIENTED_EDGE('',*,*,#2200,.T.);
#2202=EDGE_LOOP('',(#2193,#2195,#2197,#2198,#2199,#2201));
#2203=FACE_OUTER_BOUND('',#2202,.F.);
#2204=ADVANCED_FACE('',(#2203),#2191,.T.);
#2205=CARTESIAN_POINT('',(1.5E-2,1.265499702477E1,0.E0));
#2206=DIRECTION('',(0.E0,-1.E0,0.E0));
#2207=DIRECTION('',(-1.E0,0.E0,0.E0));
#2208=AXIS2_PLACEMENT_3D('',#2205,#2206,#2207);
#2209=CONICAL_SURFACE('',#2208,2.174997348171E0,4.499992588349E1);
#2211=ORIENTED_EDGE('',*,*,#2210,.F.);
#2213=ORIENTED_EDGE('',*,*,#2212,.F.);
#2215=ORIENTED_EDGE('',*,*,#2214,.F.);
#2216=ORIENTED_EDGE('',*,*,#2194,.T.);
#2217=ORIENTED_EDGE('',*,*,#2192,.T.);
#2219=ORIENTED_EDGE('',*,*,#2218,.T.);
#2220=EDGE_LOOP('',(#2211,#2213,#2215,#2216,#2217,#2219));
#2221=FACE_OUTER_BOUND('',#2220,.F.);
#2222=ADVANCED_FACE('',(#2221),#2209,.T.);
#2223=CARTESIAN_POINT('',(-4.035E0,1.278E1,0.E0));
#2224=DIRECTION('',(0.E0,1.E0,0.E0));
#2225=DIRECTION('',(0.E0,0.E0,1.E0));
#2226=AXIS2_PLACEMENT_3D('',#2223,#2224,#2225);
#2227=PLANE('',#2226);
#2229=ORIENTED_EDGE('',*,*,#2228,.T.);
#2231=ORIENTED_EDGE('',*,*,#2230,.T.);
#2233=ORIENTED_EDGE('',*,*,#2232,.T.);
#2234=ORIENTED_EDGE('',*,*,#2212,.T.);
#2235=ORIENTED_EDGE('',*,*,#2210,.T.);
#2237=ORIENTED_EDGE('',*,*,#2236,.T.);
#2238=EDGE_LOOP('',(#2229,#2231,#2233,#2234,#2235,#2237));
#2239=FACE_OUTER_BOUND('',#2238,.F.);
#2240=ADVANCED_FACE('',(#2239),#2227,.T.);
#2241=CARTESIAN_POINT('',(-2.785E0,-4.2E-1,4.1E0));
#2242=DIRECTION('',(-1.E0,0.E0,0.E0));
#2243=DIRECTION('',(0.E0,0.E0,-1.E0));
#2244=AXIS2_PLACEMENT_3D('',#2241,#2242,#2243);
#2245=PLANE('',#2244);
#2246=ORIENTED_EDGE('',*,*,#1967,.T.);
#2248=ORIENTED_EDGE('',*,*,#2247,.T.);
#2250=ORIENTED_EDGE('',*,*,#2249,.T.);
#2251=ORIENTED_EDGE('',*,*,#1737,.T.);
#2252=EDGE_LOOP('',(#2246,#2248,#2250,#2251));
#2253=FACE_OUTER_BOUND('',#2252,.F.);
#2254=ADVANCED_FACE('',(#2253),#2245,.F.);
#2255=CARTESIAN_POINT('',(-2.785E0,-4.2E-1,4.1E0));
#2256=DIRECTION('',(-1.E0,0.E0,0.E0));
#2257=DIRECTION('',(0.E0,0.E0,-1.E0));
#2258=AXIS2_PLACEMENT_3D('',#2255,#2256,#2257);
#2259=PLANE('',#2258);
#2260=ORIENTED_EDGE('',*,*,#1880,.F.);
#2261=ORIENTED_EDGE('',*,*,#1713,.T.);
#2263=ORIENTED_EDGE('',*,*,#2262,.F.);
#2265=ORIENTED_EDGE('',*,*,#2264,.T.);
#2266=EDGE_LOOP('',(#2260,#2261,#2263,#2265));
#2267=FACE_OUTER_BOUND('',#2266,.F.);
#2268=ADVANCED_FACE('',(#2267),#2259,.F.);
#2269=CARTESIAN_POINT('',(-2.785E0,-4.2E-1,-4.1E0));
#2270=DIRECTION('',(0.E0,0.E0,-1.E0));
#2271=DIRECTION('',(1.E0,0.E0,0.E0));
#2272=AXIS2_PLACEMENT_3D('',#2269,#2270,#2271);
#2273=PLANE('',#2272);
#2274=ORIENTED_EDGE('',*,*,#1739,.T.);
#2275=ORIENTED_EDGE('',*,*,#2249,.F.);
#2277=ORIENTED_EDGE('',*,*,#2276,.T.);
#2279=ORIENTED_EDGE('',*,*,#2278,.T.);
#2280=EDGE_LOOP('',(#2274,#2275,#2277,#2279));
#2281=FACE_OUTER_BOUND('',#2280,.F.);
#2282=ADVANCED_FACE('',(#2281),#2273,.F.);
#2283=CARTESIAN_POINT('',(2.815E0,-4.2E-1,-4.1E0));
#2284=DIRECTION('',(1.E0,0.E0,0.E0));
#2285=DIRECTION('',(0.E0,0.E0,1.E0));
#2286=AXIS2_PLACEMENT_3D('',#2283,#2284,#2285);
#2287=PLANE('',#2286);
#2288=ORIENTED_EDGE('',*,*,#1946,.F.);
#2289=ORIENTED_EDGE('',*,*,#1741,.T.);
#2290=ORIENTED_EDGE('',*,*,#2278,.F.);
#2292=ORIENTED_EDGE('',*,*,#2291,.T.);
#2293=EDGE_LOOP('',(#2288,#2289,#2290,#2292));
#2294=FACE_OUTER_BOUND('',#2293,.F.);
#2295=ADVANCED_FACE('',(#2294),#2287,.F.);
#2296=CARTESIAN_POINT('',(2.815E0,-4.2E-1,-4.1E0));
#2297=DIRECTION('',(1.E0,0.E0,0.E0));
#2298=DIRECTION('',(0.E0,0.E0,1.E0));
#2299=AXIS2_PLACEMENT_3D('',#2296,#2297,#2298);
#2300=PLANE('',#2299);
#2301=ORIENTED_EDGE('',*,*,#1858,.T.);
#2303=ORIENTED_EDGE('',*,*,#2302,.T.);
#2305=ORIENTED_EDGE('',*,*,#2304,.T.);
#2306=ORIENTED_EDGE('',*,*,#1709,.T.);
#2307=EDGE_LOOP('',(#2301,#2303,#2305,#2306));
#2308=FACE_OUTER_BOUND('',#2307,.F.);
#2309=ADVANCED_FACE('',(#2308),#2300,.F.);
#2310=CARTESIAN_POINT('',(2.815E0,-4.2E-1,4.1E0));
#2311=DIRECTION('',(0.E0,0.E0,1.E0));
#2312=DIRECTION('',(-1.E0,0.E0,0.E0));
#2313=AXIS2_PLACEMENT_3D('',#2310,#2311,#2312);
#2314=PLANE('',#2313);
#2315=ORIENTED_EDGE('',*,*,#1711,.T.);
#2316=ORIENTED_EDGE('',*,*,#2304,.F.);
#2318=ORIENTED_EDGE('',*,*,#2317,.T.);
#2319=ORIENTED_EDGE('',*,*,#2262,.T.);
#2320=EDGE_LOOP('',(#2315,#2316,#2318,#2319));
#2321=FACE_OUTER_BOUND('',#2320,.F.);
#2322=ADVANCED_FACE('',(#2321),#2314,.F.);
#2323=CARTESIAN_POINT('',(-2.235E0,-4.2E-1,0.E0));
#2324=DIRECTION('',(-1.E0,0.E0,0.E0));
#2325=DIRECTION('',(0.E0,0.E0,1.E0));
#2326=AXIS2_PLACEMENT_3D('',#2323,#2324,#2325);
#2327=PLANE('',#2326);
#2329=ORIENTED_EDGE('',*,*,#2328,.T.);
#2331=ORIENTED_EDGE('',*,*,#2330,.T.);
#2333=ORIENTED_EDGE('',*,*,#2332,.T.);
#2334=EDGE_LOOP('',(#2329,#2331,#2333));
#2335=FACE_OUTER_BOUND('',#2334,.F.);
#2336=ADVANCED_FACE('',(#2335),#2327,.T.);
#2337=CARTESIAN_POINT('',(-2.235E0,3.345299461621E-1,3.9E0));
#2338=DIRECTION('',(0.E0,2.756373558170E-1,9.612616959383E-1));
#2339=DIRECTION('',(0.E0,-9.612616959383E-1,2.756373558170E-1));
#2340=AXIS2_PLACEMENT_3D('',#2337,#2338,#2339);
#2341=PLANE('',#2340);
#2343=ORIENTED_EDGE('',*,*,#2342,.T.);
#2345=ORIENTED_EDGE('',*,*,#2344,.F.);
#2347=ORIENTED_EDGE('',*,*,#2346,.T.);
#2348=ORIENTED_EDGE('',*,*,#2330,.F.);
#2349=EDGE_LOOP('',(#2343,#2345,#2347,#2348));
#2350=FACE_OUTER_BOUND('',#2349,.F.);
#2351=ADVANCED_FACE('',(#2350),#2341,.F.);
#2352=CARTESIAN_POINT('',(2.265E0,-4.2E-1,0.E0));
#2353=DIRECTION('',(-1.E0,0.E0,0.E0));
#2354=DIRECTION('',(0.E0,0.E0,1.E0));
#2355=AXIS2_PLACEMENT_3D('',#2352,#2353,#2354);
#2356=PLANE('',#2355);
#2358=ORIENTED_EDGE('',*,*,#2357,.T.);
#2360=ORIENTED_EDGE('',*,*,#2359,.T.);
#2361=ORIENTED_EDGE('',*,*,#2344,.T.);
#2362=EDGE_LOOP('',(#2358,#2360,#2361));
#2363=FACE_OUTER_BOUND('',#2362,.F.);
#2364=ADVANCED_FACE('',(#2363),#2356,.F.);
#2365=CARTESIAN_POINT('',(-2.235E0,4.5E-1,4.1E0));
#2366=DIRECTION('',(0.E0,-8.660254037844E-1,5.E-1));
#2367=DIRECTION('',(0.E0,-5.E-1,-8.660254037844E-1));
#2368=AXIS2_PLACEMENT_3D('',#2365,#2366,#2367);
#2369=PLANE('',#2368);
#2371=ORIENTED_EDGE('',*,*,#2370,.T.);
#2372=ORIENTED_EDGE('',*,*,#2332,.F.);
#2373=ORIENTED_EDGE('',*,*,#2346,.F.);
#2374=ORIENTED_EDGE('',*,*,#2359,.F.);
#2375=EDGE_LOOP('',(#2371,#2372,#2373,#2374));
#2376=FACE_OUTER_BOUND('',#2375,.F.);
#2377=ADVANCED_FACE('',(#2376),#2369,.F.);
#2378=CARTESIAN_POINT('',(-2.235E0,-4.2E-1,0.E0));
#2379=DIRECTION('',(1.E0,0.E0,0.E0));
#2380=DIRECTION('',(0.E0,0.E0,-1.E0));
#2381=AXIS2_PLACEMENT_3D('',#2378,#2379,#2380);
#2382=PLANE('',#2381);
#2384=ORIENTED_EDGE('',*,*,#2383,.T.);
#2386=ORIENTED_EDGE('',*,*,#2385,.T.);
#2388=ORIENTED_EDGE('',*,*,#2387,.T.);
#2389=EDGE_LOOP('',(#2384,#2386,#2388));
#2390=FACE_OUTER_BOUND('',#2389,.F.);
#2391=ADVANCED_FACE('',(#2390),#2382,.F.);
#2392=CARTESIAN_POINT('',(-2.235E0,4.5E-1,-4.1E0));
#2393=DIRECTION('',(0.E0,8.660254037844E-1,5.E-1));
#2394=DIRECTION('',(0.E0,-5.E-1,8.660254037844E-1));
#2395=AXIS2_PLACEMENT_3D('',#2392,#2393,#2394);
#2396=PLANE('',#2395);
#2398=ORIENTED_EDGE('',*,*,#2397,.T.);
#2400=ORIENTED_EDGE('',*,*,#2399,.F.);
#2402=ORIENTED_EDGE('',*,*,#2401,.T.);
#2403=ORIENTED_EDGE('',*,*,#2385,.F.);
#2404=EDGE_LOOP('',(#2398,#2400,#2402,#2403));
#2405=FACE_OUTER_BOUND('',#2404,.F.);
#2406=ADVANCED_FACE('',(#2405),#2396,.T.);
#2407=CARTESIAN_POINT('',(2.265E0,-4.2E-1,0.E0));
#2408=DIRECTION('',(1.E0,0.E0,0.E0));
#2409=DIRECTION('',(0.E0,0.E0,-1.E0));
#2410=AXIS2_PLACEMENT_3D('',#2407,#2408,#2409);
#2411=PLANE('',#2410);
#2413=ORIENTED_EDGE('',*,*,#2412,.T.);
#2415=ORIENTED_EDGE('',*,*,#2414,.T.);
#2416=ORIENTED_EDGE('',*,*,#2399,.T.);
#2417=EDGE_LOOP('',(#2413,#2415,#2416));
#2418=FACE_OUTER_BOUND('',#2417,.F.);
#2419=ADVANCED_FACE('',(#2418),#2411,.T.);
#2420=CARTESIAN_POINT('',(-2.235E0,3.345299461621E-1,-3.9E0));
#2421=DIRECTION('',(0.E0,-2.756373558170E-1,9.612616959383E-1));
#2422=DIRECTION('',(0.E0,-9.612616959383E-1,-2.756373558170E-1));
#2423=AXIS2_PLACEMENT_3D('',#2420,#2421,#2422);
#2424=PLANE('',#2423);
#2426=ORIENTED_EDGE('',*,*,#2425,.T.);
#2427=ORIENTED_EDGE('',*,*,#2387,.F.);
#2428=ORIENTED_EDGE('',*,*,#2401,.F.);
#2429=ORIENTED_EDGE('',*,*,#2414,.F.);
#2430=EDGE_LOOP('',(#2426,#2427,#2428,#2429));
#2431=FACE_OUTER_BOUND('',#2430,.F.);
#2432=ADVANCED_FACE('',(#2431),#2424,.T.);
#2433=CARTESIAN_POINT('',(-3.6E0,-4.2E-1,3.9E0));
#2434=DIRECTION('',(-1.E0,0.E0,0.E0));
#2435=DIRECTION('',(0.E0,0.E0,-1.E0));
#2436=AXIS2_PLACEMENT_3D('',#2433,#2434,#2435);
#2437=PLANE('',#2436);
#2438=ORIENTED_EDGE('',*,*,#1963,.T.);
#2439=ORIENTED_EDGE('',*,*,#1780,.T.);
#2440=ORIENTED_EDGE('',*,*,#1884,.F.);
#2442=ORIENTED_EDGE('',*,*,#2441,.T.);
#2443=EDGE_LOOP('',(#2438,#2439,#2440,#2442));
#2444=FACE_OUTER_BOUND('',#2443,.F.);
#2445=ADVANCED_FACE('',(#2444),#2437,.F.);
#2446=CARTESIAN_POINT('',(1.5E-2,-4.2E-1,7.5E-1));
#2447=DIRECTION('',(0.E0,0.E0,-1.E0));
#2448=DIRECTION('',(-1.E0,0.E0,0.E0));
#2449=AXIS2_PLACEMENT_3D('',#2446,#2447,#2448);
#2450=PLANE('',#2449);
#2452=ORIENTED_EDGE('',*,*,#2451,.T.);
#2454=ORIENTED_EDGE('',*,*,#2453,.T.);
#2456=ORIENTED_EDGE('',*,*,#2455,.T.);
#2457=EDGE_LOOP('',(#2452,#2454,#2456));
#2458=FACE_OUTER_BOUND('',#2457,.F.);
#2459=ADVANCED_FACE('',(#2458),#2450,.F.);
#2460=CARTESIAN_POINT('',(1.5E-2,-4.2E-1,-7.5E-1));
#2461=DIRECTION('',(0.E0,0.E0,-1.E0));
#2462=DIRECTION('',(-1.E0,0.E0,0.E0));
#2463=AXIS2_PLACEMENT_3D('',#2460,#2461,#2462);
#2464=PLANE('',#2463);
#2466=ORIENTED_EDGE('',*,*,#2465,.T.);
#2468=ORIENTED_EDGE('',*,*,#2467,.T.);
#2470=ORIENTED_EDGE('',*,*,#2469,.T.);
#2471=EDGE_LOOP('',(#2466,#2468,#2470));
#2472=FACE_OUTER_BOUND('',#2471,.F.);
#2473=ADVANCED_FACE('',(#2472),#2464,.T.);
#2474=CARTESIAN_POINT('',(-3.4E0,3.345299461621E-1,7.5E-1));
#2475=DIRECTION('',(9.612616959383E-1,-2.756373558170E-1,0.E0));
#2476=DIRECTION('',(-2.756373558170E-1,-9.612616959383E-1,0.E0));
#2477=AXIS2_PLACEMENT_3D('',#2474,#2475,#2476);
#2478=PLANE('',#2477);
#2480=ORIENTED_EDGE('',*,*,#2479,.T.);
#2481=ORIENTED_EDGE('',*,*,#2455,.F.);
#2483=ORIENTED_EDGE('',*,*,#2482,.T.);
#2484=ORIENTED_EDGE('',*,*,#2467,.F.);
#2485=EDGE_LOOP('',(#2480,#2481,#2483,#2484));
#2486=FACE_OUTER_BOUND('',#2485,.F.);
#2487=ADVANCED_FACE('',(#2486),#2478,.T.);
#2488=CARTESIAN_POINT('',(3.63E0,-4.2E-1,-3.9E0));
#2489=DIRECTION('',(1.E0,0.E0,0.E0));
#2490=DIRECTION('',(0.E0,0.E0,1.E0));
#2491=AXIS2_PLACEMENT_3D('',#2488,#2489,#2490);
#2492=PLANE('',#2491);
#2493=ORIENTED_EDGE('',*,*,#1950,.F.);
#2495=ORIENTED_EDGE('',*,*,#2494,.T.);
#2496=ORIENTED_EDGE('',*,*,#1854,.T.);
#2497=ORIENTED_EDGE('',*,*,#1765,.T.);
#2498=EDGE_LOOP('',(#2493,#2495,#2496,#2497));
#2499=FACE_OUTER_BOUND('',#2498,.F.);
#2500=ADVANCED_FACE('',(#2499),#2492,.F.);
#2501=CARTESIAN_POINT('',(1.5E-2,-4.2E-1,7.5E-1));
#2502=DIRECTION('',(0.E0,0.E0,1.E0));
#2503=DIRECTION('',(1.E0,0.E0,0.E0));
#2504=AXIS2_PLACEMENT_3D('',#2501,#2502,#2503);
#2505=PLANE('',#2504);
#2507=ORIENTED_EDGE('',*,*,#2506,.T.);
#2509=ORIENTED_EDGE('',*,*,#2508,.T.);
#2511=ORIENTED_EDGE('',*,*,#2510,.T.);
#2512=EDGE_LOOP('',(#2507,#2509,#2511));
#2513=FACE_OUTER_BOUND('',#2512,.F.);
#2514=ADVANCED_FACE('',(#2513),#2505,.T.);
#2515=CARTESIAN_POINT('',(3.43E0,3.345299461621E-1,7.5E-1));
#2516=DIRECTION('',(9.612616959383E-1,2.756373558170E-1,0.E0));
#2517=DIRECTION('',(2.756373558170E-1,-9.612616959383E-1,0.E0));
#2518=AXIS2_PLACEMENT_3D('',#2515,#2516,#2517);
#2519=PLANE('',#2518);
#2521=ORIENTED_EDGE('',*,*,#2520,.T.);
#2523=ORIENTED_EDGE('',*,*,#2522,.F.);
#2525=ORIENTED_EDGE('',*,*,#2524,.T.);
#2526=ORIENTED_EDGE('',*,*,#2508,.F.);
#2527=EDGE_LOOP('',(#2521,#2523,#2525,#2526));
#2528=FACE_OUTER_BOUND('',#2527,.F.);
#2529=ADVANCED_FACE('',(#2528),#2519,.F.);
#2530=CARTESIAN_POINT('',(1.5E-2,-4.2E-1,-7.5E-1));
#2531=DIRECTION('',(0.E0,0.E0,1.E0));
#2532=DIRECTION('',(1.E0,0.E0,0.E0));
#2533=AXIS2_PLACEMENT_3D('',#2530,#2531,#2532);
#2534=PLANE('',#2533);
#2536=ORIENTED_EDGE('',*,*,#2535,.T.);
#2538=ORIENTED_EDGE('',*,*,#2537,.T.);
#2539=ORIENTED_EDGE('',*,*,#2522,.T.);
#2540=EDGE_LOOP('',(#2536,#2538,#2539));
#2541=FACE_OUTER_BOUND('',#2540,.F.);
#2542=ADVANCED_FACE('',(#2541),#2534,.F.);
#2543=CARTESIAN_POINT('',(1.5E-2,1.265499702481E1,0.E0));
#2544=DIRECTION('',(0.E0,-1.E0,0.E0));
#2545=DIRECTION('',(-1.E0,0.E0,0.E0));
#2546=AXIS2_PLACEMENT_3D('',#2543,#2544,#2545);
#2547=CONICAL_SURFACE('',#2546,2.174997348208E0,4.499992588445E1);
#2548=ORIENTED_EDGE('',*,*,#2230,.F.);
#2549=ORIENTED_EDGE('',*,*,#2228,.F.);
#2551=ORIENTED_EDGE('',*,*,#2550,.F.);
#2553=ORIENTED_EDGE('',*,*,#2552,.T.);
#2555=ORIENTED_EDGE('',*,*,#2554,.T.);
#2557=ORIENTED_EDGE('',*,*,#2556,.T.);
#2558=EDGE_LOOP('',(#2548,#2549,#2551,#2553,#2555,#2557));
#2559=FACE_OUTER_BOUND('',#2558,.F.);
#2560=ADVANCED_FACE('',(#2559),#2547,.T.);
#2561=CARTESIAN_POINT('',(1.5E-2,1.2655E1,1.775E0));
#2562=DIRECTION('',(0.E0,7.071067811865E-1,7.071067811865E-1));
#2563=DIRECTION('',(-1.E0,0.E0,0.E0));
#2564=AXIS2_PLACEMENT_3D('',#2561,#2562,#2563);
#2565=PLANE('',#2564);
#2566=ORIENTED_EDGE('',*,*,#2236,.F.);
#2567=ORIENTED_EDGE('',*,*,#2218,.F.);
#2569=ORIENTED_EDGE('',*,*,#2568,.T.);
#2570=ORIENTED_EDGE('',*,*,#2550,.T.);
#2571=EDGE_LOOP('',(#2566,#2567,#2569,#2570));
#2572=FACE_OUTER_BOUND('',#2571,.F.);
#2573=ADVANCED_FACE('',(#2572),#2565,.T.);
#2574=CARTESIAN_POINT('',(-1.281148139682E0,8.93E0,1.9E0));
#2575=DIRECTION('',(0.E0,0.E0,1.E0));
#2576=DIRECTION('',(1.E0,0.E0,0.E0));
#2577=AXIS2_PLACEMENT_3D('',#2574,#2575,#2576);
#2578=PLANE('',#2577);
#2579=ORIENTED_EDGE('',*,*,#2568,.F.);
#2580=ORIENTED_EDGE('',*,*,#2200,.F.);
#2582=ORIENTED_EDGE('',*,*,#2581,.T.);
#2584=ORIENTED_EDGE('',*,*,#2583,.F.);
#2585=EDGE_LOOP('',(#2579,#2580,#2582,#2584));
#2586=FACE_OUTER_BOUND('',#2585,.F.);
#2587=ADVANCED_FACE('',(#2586),#2578,.T.);
#2588=CARTESIAN_POINT('',(1.5E-2,8.83E0,2.E0));
#2589=DIRECTION('',(0.E0,7.071067811865E-1,7.071067811865E-1));
#2590=DIRECTION('',(-1.E0,0.E0,0.E0));
#2591=AXIS2_PLACEMENT_3D('',#2588,#2589,#2590);
#2592=PLANE('',#2591);
#2593=ORIENTED_EDGE('',*,*,#2581,.F.);
#2594=ORIENTED_EDGE('',*,*,#2182,.F.);
#2596=ORIENTED_EDGE('',*,*,#2595,.T.);
#2597=ORIENTED_EDGE('',*,*,#2119,.T.);
#2598=EDGE_LOOP('',(#2593,#2594,#2596,#2597));
#2599=FACE_OUTER_BOUND('',#2598,.F.);
#2600=ADVANCED_FACE('',(#2599),#2592,.T.);
#2601=CARTESIAN_POINT('',(1.371465996625E0,6.73E0,2.1E0));
#2602=DIRECTION('',(0.E0,0.E0,1.E0));
#2603=DIRECTION('',(-1.E0,0.E0,0.E0));
#2604=AXIS2_PLACEMENT_3D('',#2601,#2602,#2603);
#2605=PLANE('',#2604);
#2606=ORIENTED_EDGE('',*,*,#2595,.F.);
#2607=ORIENTED_EDGE('',*,*,#2165,.F.);
#2609=ORIENTED_EDGE('',*,*,#2608,.T.);
#2610=ORIENTED_EDGE('',*,*,#2097,.F.);
#2611=EDGE_LOOP('',(#2606,#2607,#2609,#2610));
#2612=FACE_OUTER_BOUND('',#2611,.F.);
#2613=ADVANCED_FACE('',(#2612),#2605,.T.);
#2614=CARTESIAN_POINT('',(1.5E-2,8.93E0,0.E0));
#2615=DIRECTION('',(0.E0,1.E0,0.E0));
#2616=DIRECTION('',(0.E0,0.E0,1.E0));
#2617=AXIS2_PLACEMENT_3D('',#2614,#2615,#2616);
#2618=CYLINDRICAL_SURFACE('',#2617,2.3E0);
#2619=ORIENTED_EDGE('',*,*,#2554,.F.);
#2620=ORIENTED_EDGE('',*,*,#2552,.F.);
#2621=ORIENTED_EDGE('',*,*,#2583,.T.);
#2622=ORIENTED_EDGE('',*,*,#2117,.F.);
#2623=ORIENTED_EDGE('',*,*,#2115,.F.);
#2625=ORIENTED_EDGE('',*,*,#2624,.T.);
#2626=EDGE_LOOP('',(#2619,#2620,#2621,#2622,#2623,#2625));
#2627=FACE_OUTER_BOUND('',#2626,.F.);
#2628=ADVANCED_FACE('',(#2627),#2618,.T.);
#2629=CARTESIAN_POINT('',(1.311148139682E0,8.93E0,-1.9E0));
#2630=DIRECTION('',(0.E0,0.E0,-1.E0));
#2631=DIRECTION('',(-1.E0,0.E0,0.E0));
#2632=AXIS2_PLACEMENT_3D('',#2629,#2630,#2631);
#2633=PLANE('',#2632);
#2635=ORIENTED_EDGE('',*,*,#2634,.F.);
#2636=ORIENTED_EDGE('',*,*,#2624,.F.);
#2637=ORIENTED_EDGE('',*,*,#2133,.T.);
#2638=ORIENTED_EDGE('',*,*,#2196,.F.);
#2639=EDGE_LOOP('',(#2635,#2636,#2637,#2638));
#2640=FACE_OUTER_BOUND('',#2639,.F.);
#2641=ADVANCED_FACE('',(#2640),#2633,.T.);
#2642=CARTESIAN_POINT('',(1.5E-2,1.2655E1,-1.775E0));
#2643=DIRECTION('',(0.E0,7.071067811865E-1,-7.071067811865E-1));
#2644=DIRECTION('',(-1.E0,0.E0,0.E0));
#2645=AXIS2_PLACEMENT_3D('',#2642,#2643,#2644);
#2646=PLANE('',#2645);
#2647=ORIENTED_EDGE('',*,*,#2634,.T.);
#2648=ORIENTED_EDGE('',*,*,#2214,.T.);
#2649=ORIENTED_EDGE('',*,*,#2232,.F.);
#2650=ORIENTED_EDGE('',*,*,#2556,.F.);
#2651=EDGE_LOOP('',(#2647,#2648,#2649,#2650));
#2652=FACE_OUTER_BOUND('',#2651,.F.);
#2653=ADVANCED_FACE('',(#2652),#2646,.T.);
#2654=CARTESIAN_POINT('',(-3.735E0,6.43E0,4.580156148163E0));
#2655=DIRECTION('',(0.E0,0.E0,-1.E0));
#2656=DIRECTION('',(-1.E0,0.E0,0.E0));
#2657=AXIS2_PLACEMENT_3D('',#2654,#2655,#2656);
#2658=CYLINDRICAL_SURFACE('',#2657,3.E-1);
#2660=ORIENTED_EDGE('',*,*,#2659,.T.);
#2662=ORIENTED_EDGE('',*,*,#2661,.F.);
#2663=ORIENTED_EDGE('',*,*,#1662,.T.);
#2665=ORIENTED_EDGE('',*,*,#2664,.F.);
#2666=EDGE_LOOP('',(#2660,#2662,#2663,#2665));
#2667=FACE_OUTER_BOUND('',#2666,.F.);
#2668=ADVANCED_FACE('',(#2667),#2658,.T.);
#2669=CARTESIAN_POINT('',(-3.735E0,6.43E0,4.25E0));
#2670=DIRECTION('',(-1.E0,0.E0,0.E0));
#2671=DIRECTION('',(0.E0,-1.E0,0.E0));
#2672=AXIS2_PLACEMENT_3D('',#2669,#2670,#2671);
#2673=SPHERICAL_SURFACE('',#2672,3.E-1);
#2674=ORIENTED_EDGE('',*,*,#2083,.T.);
#2675=ORIENTED_EDGE('',*,*,#1796,.T.);
#2676=ORIENTED_EDGE('',*,*,#2661,.T.);
#2677=EDGE_LOOP('',(#2674,#2675,#2676));
#2678=FACE_OUTER_BOUND('',#2677,.F.);
#2679=ADVANCED_FACE('',(#2678),#2673,.T.);
#2680=CARTESIAN_POINT('',(-3.735E0,6.43E0,-4.25E0));
#2681=DIRECTION('',(-1.E0,0.E0,0.E0));
#2682=DIRECTION('',(0.E0,0.E0,1.E0));
#2683=AXIS2_PLACEMENT_3D('',#2680,#2681,#2682);
#2684=SPHERICAL_SURFACE('',#2683,3.E-1);
#2686=ORIENTED_EDGE('',*,*,#2685,.T.);
#2687=ORIENTED_EDGE('',*,*,#2664,.T.);
#2689=ORIENTED_EDGE('',*,*,#2688,.T.);
#2690=EDGE_LOOP('',(#2686,#2687,#2689));
#2691=FACE_OUTER_BOUND('',#2690,.F.);
#2692=ADVANCED_FACE('',(#2691),#2684,.T.);
#2693=CARTESIAN_POINT('',(4.094276069985E0,6.43E0,-4.25E0));
#2694=DIRECTION('',(-1.E0,0.E0,0.E0));
#2695=DIRECTION('',(0.E0,1.E0,0.E0));
#2696=AXIS2_PLACEMENT_3D('',#2693,#2694,#2695);
#2697=CYLINDRICAL_SURFACE('',#2696,3.E-1);
#2699=ORIENTED_EDGE('',*,*,#2698,.T.);
#2700=ORIENTED_EDGE('',*,*,#2040,.F.);
#2702=ORIENTED_EDGE('',*,*,#2701,.T.);
#2703=ORIENTED_EDGE('',*,*,#2685,.F.);
#2704=EDGE_LOOP('',(#2699,#2700,#2702,#2703));
#2705=FACE_OUTER_BOUND('',#2704,.F.);
#2706=ADVANCED_FACE('',(#2705),#2697,.T.);
#2707=CARTESIAN_POINT('',(-4.035E0,-4.2E-1,-4.55E0));
#2708=DIRECTION('',(0.E0,0.E0,-1.E0));
#2709=DIRECTION('',(0.E0,1.E0,0.E0));
#2710=AXIS2_PLACEMENT_3D('',#2707,#2708,#2709);
#2711=PLANE('',#2710);
#2713=ORIENTED_EDGE('',*,*,#2712,.F.);
#2714=ORIENTED_EDGE('',*,*,#1751,.F.);
#2715=ORIENTED_EDGE('',*,*,#2028,.F.);
#2716=ORIENTED_EDGE('',*,*,#2698,.F.);
#2717=EDGE_LOOP('',(#2713,#2714,#2715,#2716));
#2718=FACE_OUTER_BOUND('',#2717,.F.);
#2719=ADVANCED_FACE('',(#2718),#2711,.T.);
#2720=CARTESIAN_POINT('',(-3.735E0,6.771081952867E0,-4.25E0));
#2721=DIRECTION('',(0.E0,-1.E0,0.E0));
#2722=DIRECTION('',(-1.E0,0.E0,0.E0));
#2723=AXIS2_PLACEMENT_3D('',#2720,#2721,#2722);
#2724=CYLINDRICAL_SURFACE('',#2723,3.E-1);
#2725=ORIENTED_EDGE('',*,*,#1729,.F.);
#2726=ORIENTED_EDGE('',*,*,#2712,.T.);
#2727=ORIENTED_EDGE('',*,*,#2688,.F.);
#2728=ORIENTED_EDGE('',*,*,#1660,.T.);
#2730=ORIENTED_EDGE('',*,*,#2729,.F.);
#2731=EDGE_LOOP('',(#2725,#2726,#2727,#2728,#2730));
#2732=FACE_OUTER_BOUND('',#2731,.F.);
#2733=ADVANCED_FACE('',(#2732),#2724,.T.);
#2734=CARTESIAN_POINT('',(-4.035E0,-4.2E-1,4.55E0));
#2735=DIRECTION('',(0.E0,-1.E0,0.E0));
#2736=DIRECTION('',(0.E0,0.E0,-1.E0));
#2737=AXIS2_PLACEMENT_3D('',#2734,#2735,#2736);
#2738=PLANE('',#2737);
#2739=ORIENTED_EDGE('',*,*,#1658,.F.);
#2741=ORIENTED_EDGE('',*,*,#2740,.F.);
#2742=ORIENTED_EDGE('',*,*,#2729,.T.);
#2743=EDGE_LOOP('',(#2739,#2741,#2742));
#2744=FACE_OUTER_BOUND('',#2743,.F.);
#2745=ADVANCED_FACE('',(#2744),#2738,.F.);
#2746=CARTESIAN_POINT('',(4.065E0,-4.2E-1,-4.5E0));
#2747=DIRECTION('',(0.E0,0.E0,1.E0));
#2748=DIRECTION('',(1.E0,0.E0,0.E0));
#2749=AXIS2_PLACEMENT_3D('',#2746,#2747,#2748);
#2750=PLANE('',#2749);
#2751=ORIENTED_EDGE('',*,*,#2740,.T.);
#2752=ORIENTED_EDGE('',*,*,#1656,.F.);
#2754=ORIENTED_EDGE('',*,*,#2753,.T.);
#2756=ORIENTED_EDGE('',*,*,#2755,.T.);
#2757=ORIENTED_EDGE('',*,*,#1731,.T.);
#2758=EDGE_LOOP('',(#2751,#2752,#2754,#2756,#2757));
#2759=FACE_OUTER_BOUND('',#2758,.F.);
#2760=ADVANCED_FACE('',(#2759),#2750,.F.);
#2761=CARTESIAN_POINT('',(-3.735E0,-1.12E0,-3.9E0));
#2762=DIRECTION('',(0.E0,0.E0,1.E0));
#2763=DIRECTION('',(1.E0,0.E0,0.E0));
#2764=AXIS2_PLACEMENT_3D('',#2761,#2762,#2763);
#2765=CYLINDRICAL_SURFACE('',#2764,3.E-1);
#2766=ORIENTED_EDGE('',*,*,#1972,.F.);
#2768=ORIENTED_EDGE('',*,*,#2767,.T.);
#2769=ORIENTED_EDGE('',*,*,#2753,.F.);
#2770=ORIENTED_EDGE('',*,*,#1654,.T.);
#2771=EDGE_LOOP('',(#2766,#2768,#2769,#2770));
#2772=FACE_OUTER_BOUND('',#2771,.F.);
#2773=ADVANCED_FACE('',(#2772),#2765,.T.);
#2774=CARTESIAN_POINT('',(-3.489254386713E0,-1.292072930905E0,-3.9E0));
#2775=DIRECTION('',(8.191520442890E-1,-5.735764363510E-1,0.E0));
#2776=DIRECTION('',(5.735764363510E-1,8.191520442890E-1,0.E0));
#2777=AXIS2_PLACEMENT_3D('',#2774,#2775,#2776);
#2778=PLANE('',#2777);
#2779=ORIENTED_EDGE('',*,*,#1733,.T.);
#2780=ORIENTED_EDGE('',*,*,#2755,.F.);
#2781=ORIENTED_EDGE('',*,*,#2767,.F.);
#2782=ORIENTED_EDGE('',*,*,#1970,.F.);
#2783=EDGE_LOOP('',(#2779,#2780,#2781,#2782));
#2784=FACE_OUTER_BOUND('',#2783,.F.);
#2785=ADVANCED_FACE('',(#2784),#2778,.T.);
#2786=CARTESIAN_POINT('',(-4.035E0,6.73E0,4.55E0));
#2787=DIRECTION('',(0.E0,0.E0,1.E0));
#2788=DIRECTION('',(0.E0,-1.E0,0.E0));
#2789=AXIS2_PLACEMENT_3D('',#2786,#2787,#2788);
#2790=PLANE('',#2789);
#2791=ORIENTED_EDGE('',*,*,#1798,.F.);
#2792=ORIENTED_EDGE('',*,*,#2081,.F.);
#2794=ORIENTED_EDGE('',*,*,#2793,.F.);
#2795=ORIENTED_EDGE('',*,*,#1699,.T.);
#2796=EDGE_LOOP('',(#2791,#2792,#2794,#2795));
#2797=FACE_OUTER_BOUND('',#2796,.F.);
#2798=ADVANCED_FACE('',(#2797),#2790,.T.);
#2799=CARTESIAN_POINT('',(3.765E0,6.771081952867E0,4.25E0));
#2800=DIRECTION('',(0.E0,-1.E0,0.E0));
#2801=DIRECTION('',(1.E0,0.E0,0.E0));
#2802=AXIS2_PLACEMENT_3D('',#2799,#2800,#2801);
#2803=CYLINDRICAL_SURFACE('',#2802,3.E-1);
#2804=ORIENTED_EDGE('',*,*,#1701,.F.);
#2805=ORIENTED_EDGE('',*,*,#2793,.T.);
#2806=ORIENTED_EDGE('',*,*,#2068,.F.);
#2807=ORIENTED_EDGE('',*,*,#1903,.T.);
#2809=ORIENTED_EDGE('',*,*,#2808,.F.);
#2810=EDGE_LOOP('',(#2804,#2805,#2806,#2807,#2809));
#2811=FACE_OUTER_BOUND('',#2810,.F.);
#2812=ADVANCED_FACE('',(#2811),#2803,.T.);
#2813=CARTESIAN_POINT('',(-4.035E0,-4.2E-1,4.55E0));
#2814=DIRECTION('',(0.E0,-1.E0,0.E0));
#2815=DIRECTION('',(0.E0,0.E0,-1.E0));
#2816=AXIS2_PLACEMENT_3D('',#2813,#2814,#2815);
#2817=PLANE('',#2816);
#2818=ORIENTED_EDGE('',*,*,#1901,.F.);
#2820=ORIENTED_EDGE('',*,*,#2819,.F.);
#2821=ORIENTED_EDGE('',*,*,#2808,.T.);
#2822=EDGE_LOOP('',(#2818,#2820,#2821));
#2823=FACE_OUTER_BOUND('',#2822,.F.);
#2824=ADVANCED_FACE('',(#2823),#2817,.F.);
#2825=CARTESIAN_POINT('',(-4.035E0,-4.2E-1,4.5E0));
#2826=DIRECTION('',(0.E0,0.E0,-1.E0));
#2827=DIRECTION('',(-1.E0,0.E0,0.E0));
#2828=AXIS2_PLACEMENT_3D('',#2825,#2826,#2827);
#2829=PLANE('',#2828);
#2830=ORIENTED_EDGE('',*,*,#2819,.T.);
#2831=ORIENTED_EDGE('',*,*,#1899,.F.);
#2833=ORIENTED_EDGE('',*,*,#2832,.T.);
#2835=ORIENTED_EDGE('',*,*,#2834,.T.);
#2836=ORIENTED_EDGE('',*,*,#1703,.T.);
#2837=EDGE_LOOP('',(#2830,#2831,#2833,#2835,#2836));
#2838=FACE_OUTER_BOUND('',#2837,.F.);
#2839=ADVANCED_FACE('',(#2838),#2829,.F.);
#2840=CARTESIAN_POINT('',(3.765E0,-1.12E0,3.9E0));
#2841=DIRECTION('',(0.E0,0.E0,-1.E0));
#2842=DIRECTION('',(-1.E0,0.E0,0.E0));
#2843=AXIS2_PLACEMENT_3D('',#2840,#2841,#2842);
#2844=CYLINDRICAL_SURFACE('',#2843,3.E-1);
#2845=ORIENTED_EDGE('',*,*,#1863,.F.);
#2847=ORIENTED_EDGE('',*,*,#2846,.T.);
#2848=ORIENTED_EDGE('',*,*,#2832,.F.);
#2849=ORIENTED_EDGE('',*,*,#1897,.T.);
#2850=EDGE_LOOP('',(#2845,#2847,#2848,#2849));
#2851=FACE_OUTER_BOUND('',#2850,.F.);
#2852=ADVANCED_FACE('',(#2851),#2844,.T.);
#2853=CARTESIAN_POINT('',(3.519254386713E0,-1.292072930905E0,3.9E0));
#2854=DIRECTION('',(-8.191520442890E-1,-5.735764363510E-1,0.E0));
#2855=DIRECTION('',(-5.735764363510E-1,8.191520442890E-1,0.E0));
#2856=AXIS2_PLACEMENT_3D('',#2853,#2854,#2855);
#2857=PLANE('',#2856);
#2858=ORIENTED_EDGE('',*,*,#1705,.T.);
#2859=ORIENTED_EDGE('',*,*,#2834,.F.);
#2860=ORIENTED_EDGE('',*,*,#2846,.F.);
#2861=ORIENTED_EDGE('',*,*,#1861,.F.);
#2862=EDGE_LOOP('',(#2858,#2859,#2860,#2861));
#2863=FACE_OUTER_BOUND('',#2862,.F.);
#2864=ADVANCED_FACE('',(#2863),#2857,.T.);
#2865=CARTESIAN_POINT('',(3.519254386713E0,-1.292072930905E0,-3.9E0));
#2866=DIRECTION('',(8.191520442890E-1,5.735764363510E-1,0.E0));
#2867=DIRECTION('',(-5.735764363510E-1,8.191520442890E-1,0.E0));
#2868=AXIS2_PLACEMENT_3D('',#2865,#2866,#2867);
#2869=PLANE('',#2868);
#2870=ORIENTED_EDGE('',*,*,#1745,.F.);
#2871=ORIENTED_EDGE('',*,*,#1943,.F.);
#2872=ORIENTED_EDGE('',*,*,#1986,.F.);
#2873=ORIENTED_EDGE('',*,*,#1999,.F.);
#2874=EDGE_LOOP('',(#2870,#2871,#2872,#2873));
#2875=FACE_OUTER_BOUND('',#2874,.F.);
#2876=ADVANCED_FACE('',(#2875),#2869,.F.);
#2877=CARTESIAN_POINT('',(-3.735E0,-1.12E0,3.9E0));
#2878=DIRECTION('',(0.E0,0.E0,1.E0));
#2879=DIRECTION('',(1.E0,0.E0,0.E0));
#2880=AXIS2_PLACEMENT_3D('',#2877,#2878,#2879);
#2881=CYLINDRICAL_SURFACE('',#2880,3.E-1);
#2882=ORIENTED_EDGE('',*,*,#1876,.F.);
#2883=ORIENTED_EDGE('',*,*,#1670,.T.);
#2884=ORIENTED_EDGE('',*,*,#1824,.F.);
#2885=ORIENTED_EDGE('',*,*,#1838,.T.);
#2886=EDGE_LOOP('',(#2882,#2883,#2884,#2885));
#2887=FACE_OUTER_BOUND('',#2886,.F.);
#2888=ADVANCED_FACE('',(#2887),#2881,.T.);
#2889=OPEN_SHELL('',(#1676,#1691,#1723,#1755,#1771,#1786,#1802,#1814,#1829,
#1843,#1867,#1888,#1919,#1932,#1954,#1976,#1990,#2005,#2017,#2032,#2045,#2059,
#2072,#2087,#2105,#2123,#2138,#2152,#2169,#2186,#2204,#2222,#2240,#2254,#2268,
#2282,#2295,#2309,#2322,#2336,#2351,#2364,#2377,#2391,#2406,#2419,#2432,#2445,
#2459,#2473,#2487,#2500,#2514,#2529,#2542,#2560,#2573,#2587,#2600,#2613,#2628,
#2641,#2653,#2668,#2679,#2692,#2706,#2719,#2733,#2745,#2760,#2773,#2785,#2798,
#2812,#2824,#2839,#2852,#2864,#2876,#2888));
#2890=CARTESIAN_POINT('',(-2.535E0,3.83E0,7.842920367321E0));
#2891=DIRECTION('',(0.E0,-1.E0,0.E0));
#2892=DIRECTION('',(1.E0,0.E0,9.135549459773E-14));
#2893=AXIS2_PLACEMENT_3D('',#2890,#2891,#2892);
#2895=DIRECTION('',(1.E0,0.E0,0.E0));
#2896=VECTOR('',#2895,7.E-1);
#2897=CARTESIAN_POINT('',(-2.885E0,3.929999999999E0,4.950000000001E0));
#2898=LINE('',#2897,#2896);
#2899=DIRECTION('',(-1.E0,0.E0,0.E0));
#2900=VECTOR('',#2899,7.E-1);
#2901=CARTESIAN_POINT('',(-2.185E0,3.83E0,5.050000000001E0));
#2902=LINE('',#2901,#2900);
#2903=DIRECTION('',(1.E0,0.E0,0.E0));
#2904=VECTOR('',#2903,7.000000000001E-1);
#2905=CARTESIAN_POINT('',(2.215E0,3.929999999999E0,4.950000000001E0));
#2906=LINE('',#2905,#2904);
#2907=DIRECTION('',(-1.E0,0.E0,0.E0));
#2908=VECTOR('',#2907,7.000000000001E-1);
#2909=CARTESIAN_POINT('',(2.915E0,3.83E0,5.050000000001E0));
#2910=LINE('',#2909,#2908);
#2911=DIRECTION('',(0.E0,0.E0,-1.E0));
#2912=VECTOR('',#2911,4.E-1);
#2913=CARTESIAN_POINT('',(2.915E0,3.929999999999E0,4.950000000001E0));
#2914=LINE('',#2913,#2912);
#2915=CARTESIAN_POINT('',(2.915E0,3.93E0,5.05E0));
#2916=DIRECTION('',(-1.E0,0.E0,0.E0));
#2917=DIRECTION('',(0.E0,0.E0,-1.E0));
#2918=AXIS2_PLACEMENT_3D('',#2915,#2916,#2917);
#2920=CARTESIAN_POINT('',(2.915E0,3.93E0,5.05E0));
#2921=DIRECTION('',(1.E0,0.E0,0.E0));
#2922=DIRECTION('',(0.E0,-1.E0,0.E0));
#2923=AXIS2_PLACEMENT_3D('',#2920,#2921,#2922);
#2925=DIRECTION('',(1.E0,0.E0,0.E0));
#2926=VECTOR('',#2925,3.499999999999E-1);
#2927=CARTESIAN_POINT('',(2.915E0,3.929999999999E0,4.950000000001E0));
#2928=LINE('',#2927,#2926);
#2929=DIRECTION('',(0.E0,0.E0,-1.E0));
#2930=VECTOR('',#2929,4.E-1);
#2931=CARTESIAN_POINT('',(3.265E0,6.73E0,4.950000000001E0));
#2932=LINE('',#2931,#2930);
#2933=DIRECTION('',(0.E0,0.E0,1.E0));
#2934=VECTOR('',#2933,4.E-1);
#2935=CARTESIAN_POINT('',(3.265E0,3.929999999999E0,4.55E0));
#2936=LINE('',#2935,#2934);
#2937=DIRECTION('',(0.E0,1.E0,0.E0));
#2938=VECTOR('',#2937,2.8E0);
#2939=CARTESIAN_POINT('',(3.265E0,3.929999999999E0,4.950000000001E0));
#2940=LINE('',#2939,#2938);
#2941=DIRECTION('',(0.E0,-1.E0,0.E0));
#2942=VECTOR('',#2941,4.E-1);
#2943=CARTESIAN_POINT('',(3.265E0,7.129999999999E0,4.550000000001E0));
#2944=LINE('',#2943,#2942);
#2945=CARTESIAN_POINT('',(3.265E0,6.73E0,4.55E0));
#2946=DIRECTION('',(-1.E0,0.E0,0.E0));
#2947=DIRECTION('',(0.E0,0.E0,1.E0));
#2948=AXIS2_PLACEMENT_3D('',#2945,#2946,#2947);
#2950=DIRECTION('',(1.E0,6.679101716145E-13,0.E0));
#2951=VECTOR('',#2950,5.E-1);
#2952=CARTESIAN_POINT('',(3.265E0,7.129999999999E0,4.550000000001E0));
#2953=LINE('',#2952,#2951);
#2954=DIRECTION('',(1.E0,0.E0,0.E0));
#2955=VECTOR('',#2954,1.25E0);
#2956=CARTESIAN_POINT('',(2.015E0,7.129999999999E0,4.550000000001E0));
#2957=LINE('',#2956,#2955);
#2958=DIRECTION('',(-1.E0,0.E0,0.E0));
#2959=VECTOR('',#2958,1.25E0);
#2960=CARTESIAN_POINT('',(3.265E0,6.73E0,4.950000000001E0));
#2961=LINE('',#2960,#2959);
#2962=CARTESIAN_POINT('',(2.015E0,6.73E0,4.55E0));
#2963=DIRECTION('',(1.E0,0.E0,0.E0));
#2964=DIRECTION('',(0.E0,1.E0,0.E0));
#2965=AXIS2_PLACEMENT_3D('',#2962,#2963,#2964);
#2967=DIRECTION('',(0.E0,0.E0,-1.E0));
#2968=VECTOR('',#2967,4.E-1);
#2969=CARTESIAN_POINT('',(2.015E0,6.73E0,4.950000000001E0));
#2970=LINE('',#2969,#2968);
#2971=DIRECTION('',(1.E0,0.E0,0.E0));
#2972=VECTOR('',#2971,4.E0);
#2973=CARTESIAN_POINT('',(-1.985E0,7.129999999999E0,4.550000000001E0));
#2974=LINE('',#2973,#2972);
#2975=DIRECTION('',(0.E0,-1.E0,0.E0));
#2976=VECTOR('',#2975,4.E-1);
#2977=CARTESIAN_POINT('',(2.015E0,7.129999999999E0,4.550000000001E0));
#2978=LINE('',#2977,#2976);
#2979=DIRECTION('',(0.E0,-1.E0,0.E0));
#2980=VECTOR('',#2979,4.E-1);
#2981=CARTESIAN_POINT('',(-1.985E0,7.129999999999E0,4.550000000001E0));
#2982=LINE('',#2981,#2980);
#2983=CARTESIAN_POINT('',(-1.985E0,6.73E0,4.55E0));
#2984=DIRECTION('',(-1.E0,0.E0,0.E0));
#2985=DIRECTION('',(0.E0,0.E0,1.E0));
#2986=AXIS2_PLACEMENT_3D('',#2983,#2984,#2985);
#2988=DIRECTION('',(0.E0,0.E0,-1.E0));
#2989=VECTOR('',#2988,4.E-1);
#2990=CARTESIAN_POINT('',(-1.985E0,6.73E0,4.950000000001E0));
#2991=LINE('',#2990,#2989);
#2992=DIRECTION('',(0.E0,0.E0,1.E0));
#2993=VECTOR('',#2992,4.E-1);
#2994=CARTESIAN_POINT('',(-1.985E0,5.829999999999E0,4.55E0));
#2995=LINE('',#2994,#2993);
#2996=DIRECTION('',(0.E0,1.E0,0.E0));
#2997=VECTOR('',#2996,9.E-1);
#2998=CARTESIAN_POINT('',(-1.985E0,5.829999999999E0,4.950000000001E0));
#2999=LINE('',#2998,#2997);
#3000=DIRECTION('',(1.E0,0.E0,0.E0));
#3001=VECTOR('',#3000,3.499999999999E-1);
#3002=CARTESIAN_POINT('',(2.915E0,3.929999999999E0,4.550000000001E0));
#3003=LINE('',#3002,#3001);
#3004=DIRECTION('',(0.E0,1.E0,0.E0));
#3005=VECTOR('',#3004,2.8E0);
#3006=CARTESIAN_POINT('',(3.265E0,3.929999999999E0,4.55E0));
#3007=LINE('',#3006,#3005);
#3008=DIRECTION('',(0.E0,-1.E0,0.E0));
#3009=VECTOR('',#3008,9.E-1);
#3010=CARTESIAN_POINT('',(2.015E0,6.73E0,4.550000000001E0));
#3011=LINE('',#3010,#3009);
#3012=DIRECTION('',(-1.E0,0.E0,0.E0));
#3013=VECTOR('',#3012,4.E0);
#3014=CARTESIAN_POINT('',(2.015E0,5.829999999999E0,4.55E0));
#3015=LINE('',#3014,#3013);
#3016=DIRECTION('',(0.E0,1.E0,0.E0));
#3017=VECTOR('',#3016,9.E-1);
#3018=CARTESIAN_POINT('',(-1.985E0,5.829999999999E0,4.55E0));
#3019=LINE('',#3018,#3017);
#3020=DIRECTION('',(0.E0,-1.E0,0.E0));
#3021=VECTOR('',#3020,2.8E0);
#3022=CARTESIAN_POINT('',(-3.235E0,6.73E0,4.550000000001E0));
#3023=LINE('',#3022,#3021);
#3024=DIRECTION('',(1.E0,0.E0,0.E0));
#3025=VECTOR('',#3024,3.5E-1);
#3026=CARTESIAN_POINT('',(-3.235E0,3.929999999999E0,4.55E0));
#3027=LINE('',#3026,#3025);
#3028=DIRECTION('',(1.E0,0.E0,0.E0));
#3029=VECTOR('',#3028,7.E-1);
#3030=CARTESIAN_POINT('',(-2.185E0,3.929999999999E0,4.550000000001E0));
#3031=LINE('',#3030,#3029);
#3032=DIRECTION('',(0.E0,-1.E0,0.E0));
#3033=VECTOR('',#3032,3.599999999999E0);
#3034=CARTESIAN_POINT('',(-1.485E0,3.929999999999E0,4.55E0));
#3035=LINE('',#3034,#3033);
#3036=DIRECTION('',(1.E0,0.E0,0.E0));
#3037=VECTOR('',#3036,3.E0);
#3038=CARTESIAN_POINT('',(-1.485E0,3.3E-1,4.55E0));
#3039=LINE('',#3038,#3037);
#3040=DIRECTION('',(0.E0,1.E0,0.E0));
#3041=VECTOR('',#3040,3.599999999999E0);
#3042=CARTESIAN_POINT('',(1.515E0,3.3E-1,4.55E0));
#3043=LINE('',#3042,#3041);
#3044=DIRECTION('',(1.E0,0.E0,0.E0));
#3045=VECTOR('',#3044,7.E-1);
#3046=CARTESIAN_POINT('',(1.515E0,3.929999999999E0,4.55E0));
#3047=LINE('',#3046,#3045);
#3048=DIRECTION('',(-1.E0,0.E0,0.E0));
#3049=VECTOR('',#3048,7.000000000001E-1);
#3050=CARTESIAN_POINT('',(2.915E0,3.929999999999E0,4.550000000001E0));
#3051=LINE('',#3050,#3049);
#3052=DIRECTION('',(1.E0,0.E0,0.E0));
#3053=VECTOR('',#3052,7.000000000001E-1);
#3054=CARTESIAN_POINT('',(2.215E0,3.429999999999E0,5.050000000001E0));
#3055=LINE('',#3054,#3053);
#3056=CARTESIAN_POINT('',(2.215E0,3.93E0,5.05E0));
#3057=DIRECTION('',(-1.E0,0.E0,0.E0));
#3058=DIRECTION('',(0.E0,0.E0,-1.E0));
#3059=AXIS2_PLACEMENT_3D('',#3056,#3057,#3058);
#3061=DIRECTION('',(0.E0,-1.E0,0.E0));
#3062=VECTOR('',#3061,4.E-1);
#3063=CARTESIAN_POINT('',(2.215E0,3.83E0,5.050000000001E0));
#3064=LINE('',#3063,#3062);
#3065=CARTESIAN_POINT('',(2.215E0,3.93E0,5.05E0));
#3066=DIRECTION('',(1.E0,0.E0,0.E0));
#3067=DIRECTION('',(0.E0,-1.E0,0.E0));
#3068=AXIS2_PLACEMENT_3D('',#3065,#3066,#3067);
#3070=DIRECTION('',(0.E0,0.E0,-1.E0));
#3071=VECTOR('',#3070,4.E-1);
#3072=CARTESIAN_POINT('',(2.215E0,3.929999999999E0,4.950000000001E0));
#3073=LINE('',#3072,#3071);
#3074=DIRECTION('',(0.E0,0.E0,1.E0));
#3075=VECTOR('',#3074,4.E-1);
#3076=CARTESIAN_POINT('',(1.515E0,3.929999999999E0,4.55E0));
#3077=LINE('',#3076,#3075);
#3078=DIRECTION('',(1.E0,0.E0,0.E0));
#3079=VECTOR('',#3078,7.E-1);
#3080=CARTESIAN_POINT('',(1.515E0,3.929999999999E0,4.950000000001E0));
#3081=LINE('',#3080,#3079);
#3082=DIRECTION('',(0.E0,1.E0,0.E0));
#3083=VECTOR('',#3082,3.599999999999E0);
#3084=CARTESIAN_POINT('',(1.515E0,3.3E-1,4.950000000001E0));
#3085=LINE('',#3084,#3083);
#3086=DIRECTION('',(0.E0,0.E0,1.E0));
#3087=VECTOR('',#3086,4.E-1);
#3088=CARTESIAN_POINT('',(1.515E0,3.3E-1,4.55E0));
#3089=LINE('',#3088,#3087);
#3090=DIRECTION('',(1.E0,0.E0,0.E0));
#3091=VECTOR('',#3090,3.E0);
#3092=CARTESIAN_POINT('',(-1.485E0,3.3E-1,4.950000000001E0));
#3093=LINE('',#3092,#3091);
#3094=DIRECTION('',(0.E0,0.E0,1.E0));
#3095=VECTOR('',#3094,4.E-1);
#3096=CARTESIAN_POINT('',(-1.485E0,3.3E-1,4.55E0));
#3097=LINE('',#3096,#3095);
#3098=DIRECTION('',(0.E0,-1.E0,0.E0));
#3099=VECTOR('',#3098,3.599999999999E0);
#3100=CARTESIAN_POINT('',(-1.485E0,3.929999999999E0,4.950000000001E0));
#3101=LINE('',#3100,#3099);
#3102=DIRECTION('',(0.E0,0.E0,1.E0));
#3103=VECTOR('',#3102,4.E-1);
#3104=CARTESIAN_POINT('',(-1.485E0,3.929999999999E0,4.55E0));
#3105=LINE('',#3104,#3103);
#3106=DIRECTION('',(1.E0,0.E0,0.E0));
#3107=VECTOR('',#3106,7.E-1);
#3108=CARTESIAN_POINT('',(-2.185E0,3.929999999999E0,4.950000000001E0));
#3109=LINE('',#3108,#3107);
#3110=DIRECTION('',(0.E0,0.E0,-1.E0));
#3111=VECTOR('',#3110,4.E-1);
#3112=CARTESIAN_POINT('',(-2.185E0,3.929999999999E0,4.950000000001E0));
#3113=LINE('',#3112,#3111);
#3114=CARTESIAN_POINT('',(-2.185E0,3.93E0,5.05E0));
#3115=DIRECTION('',(-1.E0,0.E0,0.E0));
#3116=DIRECTION('',(0.E0,0.E0,-1.E0));
#3117=AXIS2_PLACEMENT_3D('',#3114,#3115,#3116);
#3119=CARTESIAN_POINT('',(-2.185E0,3.93E0,5.05E0));
#3120=DIRECTION('',(1.E0,0.E0,0.E0));
#3121=DIRECTION('',(0.E0,-1.E0,0.E0));
#3122=AXIS2_PLACEMENT_3D('',#3119,#3120,#3121);
#3124=DIRECTION('',(-1.E0,0.E0,0.E0));
#3125=VECTOR('',#3124,7.E-1);
#3126=CARTESIAN_POINT('',(-2.185E0,3.929999999999E0,4.550000000001E0));
#3127=LINE('',#3126,#3125);
#3128=DIRECTION('',(1.E0,0.E0,0.E0));
#3129=VECTOR('',#3128,7.E-1);
#3130=CARTESIAN_POINT('',(-2.885E0,3.429999999999E0,5.050000000001E0));
#3131=LINE('',#3130,#3129);
#3132=CARTESIAN_POINT('',(-2.885E0,3.93E0,5.05E0));
#3133=DIRECTION('',(-1.E0,0.E0,0.E0));
#3134=DIRECTION('',(0.E0,0.E0,-1.E0));
#3135=AXIS2_PLACEMENT_3D('',#3132,#3133,#3134);
#3137=DIRECTION('',(0.E0,-1.E0,0.E0));
#3138=VECTOR('',#3137,4.E-1);
#3139=CARTESIAN_POINT('',(-2.885E0,3.83E0,5.050000000001E0));
#3140=LINE('',#3139,#3138);
#3141=CARTESIAN_POINT('',(-2.885E0,3.93E0,5.05E0));
#3142=DIRECTION('',(1.E0,0.E0,0.E0));
#3143=DIRECTION('',(0.E0,-1.E0,0.E0));
#3144=AXIS2_PLACEMENT_3D('',#3141,#3142,#3143);
#3146=DIRECTION('',(0.E0,0.E0,-1.E0));
#3147=VECTOR('',#3146,4.E-1);
#3148=CARTESIAN_POINT('',(-2.885E0,3.929999999999E0,4.950000000001E0));
#3149=LINE('',#3148,#3147);
#3150=DIRECTION('',(0.E0,0.E0,1.E0));
#3151=VECTOR('',#3150,4.E-1);
#3152=CARTESIAN_POINT('',(-3.235E0,3.929999999999E0,4.55E0));
#3153=LINE('',#3152,#3151);
#3154=DIRECTION('',(1.E0,0.E0,0.E0));
#3155=VECTOR('',#3154,3.5E-1);
#3156=CARTESIAN_POINT('',(-3.235E0,3.929999999999E0,4.950000000001E0));
#3157=LINE('',#3156,#3155);
#3158=DIRECTION('',(0.E0,-1.E0,0.E0));
#3159=VECTOR('',#3158,2.8E0);
#3160=CARTESIAN_POINT('',(-3.235E0,6.73E0,4.950000000001E0));
#3161=LINE('',#3160,#3159);
#3162=CARTESIAN_POINT('',(-3.235E0,6.73E0,4.55E0));
#3163=DIRECTION('',(1.E0,0.E0,0.E0));
#3164=DIRECTION('',(0.E0,1.E0,0.E0));
#3165=AXIS2_PLACEMENT_3D('',#3162,#3163,#3164);
#3167=DIRECTION('',(0.E0,0.E0,-1.E0));
#3168=VECTOR('',#3167,4.E-1);
#3169=CARTESIAN_POINT('',(-3.235E0,6.73E0,4.950000000001E0));
#3170=LINE('',#3169,#3168);
#3171=DIRECTION('',(0.E0,-1.E0,0.E0));
#3172=VECTOR('',#3171,4.E-1);
#3173=CARTESIAN_POINT('',(-3.235E0,7.129999999999E0,4.550000000001E0));
#3174=LINE('',#3173,#3172);
#3175=DIRECTION('',(0.E0,1.E0,0.E0));
#3176=VECTOR('',#3175,4.E-1);
#3177=CARTESIAN_POINT('',(-3.735E0,6.73E0,4.55E0));
#3178=LINE('',#3177,#3176);
#3179=DIRECTION('',(1.E0,0.E0,0.E0));
#3180=VECTOR('',#3179,5.E-1);
#3181=CARTESIAN_POINT('',(-3.735E0,7.129999999999E0,4.55E0));
#3182=LINE('',#3181,#3180);
#3183=DIRECTION('',(1.E0,0.E0,0.E0));
#3184=VECTOR('',#3183,1.25E0);
#3185=CARTESIAN_POINT('',(2.015E0,6.73E0,4.550000000001E0));
#3186=LINE('',#3185,#3184);
#3187=DIRECTION('',(1.E0,6.643574579357E-13,0.E0));
#3188=VECTOR('',#3187,5.E-1);
#3189=CARTESIAN_POINT('',(3.265E0,6.73E0,4.550000000001E0));
#3190=LINE('',#3189,#3188);
#3191=DIRECTION('',(0.E0,0.E0,-1.E0));
#3192=VECTOR('',#3191,9.100000000001E0);
#3193=CARTESIAN_POINT('',(3.765E0,6.73E0,4.55E0));
#3194=LINE('',#3193,#3192);
#3195=DIRECTION('',(-1.E0,-4.452734477430E-14,0.E0));
#3196=VECTOR('',#3195,7.5E0);
#3197=CARTESIAN_POINT('',(3.765E0,6.73E0,-4.55E0));
#3198=LINE('',#3197,#3196);
#3199=DIRECTION('',(0.E0,0.E0,1.E0));
#3200=VECTOR('',#3199,9.100000000001E0);
#3201=CARTESIAN_POINT('',(-3.735E0,6.73E0,-4.55E0));
#3202=LINE('',#3201,#3200);
#3203=DIRECTION('',(1.E0,0.E0,0.E0));
#3204=VECTOR('',#3203,5.E-1);
#3205=CARTESIAN_POINT('',(-3.735E0,6.73E0,4.55E0));
#3206=LINE('',#3205,#3204);
#3207=DIRECTION('',(1.E0,0.E0,0.E0));
#3208=VECTOR('',#3207,1.25E0);
#3209=CARTESIAN_POINT('',(-3.235E0,6.73E0,4.550000000001E0));
#3210=LINE('',#3209,#3208);
#3211=DIRECTION('',(1.E0,0.E0,0.E0));
#3212=VECTOR('',#3211,4.E0);
#3213=CARTESIAN_POINT('',(-1.985E0,6.73E0,4.550000000001E0));
#3214=LINE('',#3213,#3212);
#3215=DIRECTION('',(0.E0,3.660075905357E-14,-1.E0));
#3216=VECTOR('',#3215,9.100000000001E0);
#3217=CARTESIAN_POINT('',(3.765E0,7.13E0,4.55E0));
#3218=LINE('',#3217,#3216);
#3219=DIRECTION('',(0.E0,1.E0,0.E0));
#3220=VECTOR('',#3219,4.E-1);
#3221=CARTESIAN_POINT('',(3.765E0,6.73E0,4.55E0));
#3222=LINE('',#3221,#3220);
#3223=DIRECTION('',(-1.E0,-4.440892098501E-14,0.E0));
#3224=VECTOR('',#3223,7.5E0);
#3225=CARTESIAN_POINT('',(3.765E0,7.13E0,-4.55E0));
#3226=LINE('',#3225,#3224);
#3227=DIRECTION('',(0.E0,1.E0,0.E0));
#3228=VECTOR('',#3227,4.000000000003E-1);
#3229=CARTESIAN_POINT('',(3.765E0,6.73E0,-4.55E0));
#3230=LINE('',#3229,#3228);
#3231=DIRECTION('',(0.E0,-3.669836107772E-14,1.E0));
#3232=VECTOR('',#3231,9.100000000001E0);
#3233=CARTESIAN_POINT('',(-3.735E0,7.13E0,-4.55E0));
#3234=LINE('',#3233,#3232);
#3235=DIRECTION('',(0.E0,1.E0,0.E0));
#3236=VECTOR('',#3235,4.000000000003E-1);
#3237=CARTESIAN_POINT('',(-3.735E0,6.73E0,-4.55E0));
#3238=LINE('',#3237,#3236);
#3239=DIRECTION('',(1.E0,0.E0,0.E0));
#3240=VECTOR('',#3239,1.25E0);
#3241=CARTESIAN_POINT('',(-3.235E0,7.129999999999E0,4.550000000001E0));
#3242=LINE('',#3241,#3240);
#3243=DIRECTION('',(-1.E0,0.E0,0.E0));
#3244=VECTOR('',#3243,1.25E0);
#3245=CARTESIAN_POINT('',(-1.985E0,6.73E0,4.950000000001E0));
#3246=LINE('',#3245,#3244);
#3247=DIRECTION('',(0.E0,0.E0,1.E0));
#3248=VECTOR('',#3247,2.792920367320E0);
#3249=CARTESIAN_POINT('',(-2.885E0,3.83E0,5.050000000001E0));
#3250=LINE('',#3249,#3248);
#3251=DIRECTION('',(0.E0,-1.E0,0.E0));
#3252=VECTOR('',#3251,4.E-1);
#3253=CARTESIAN_POINT('',(-2.185E0,3.83E0,7.842920367321E0));
#3254=LINE('',#3253,#3252);
#3255=DIRECTION('',(0.E0,1.E0,0.E0));
#3256=VECTOR('',#3255,4.E-1);
#3257=CARTESIAN_POINT('',(-2.885E0,3.429999999999E0,7.842920367321E0));
#3258=LINE('',#3257,#3256);
#3259=DIRECTION('',(0.E0,-1.E0,0.E0));
#3260=VECTOR('',#3259,4.E-1);
#3261=CARTESIAN_POINT('',(-2.185E0,3.83E0,5.050000000001E0));
#3262=LINE('',#3261,#3260);
#3263=DIRECTION('',(0.E0,0.E0,-1.E0));
#3264=VECTOR('',#3263,2.792920367321E0);
#3265=CARTESIAN_POINT('',(-2.185E0,3.83E0,7.842920367321E0));
#3266=LINE('',#3265,#3264);
#3267=DIRECTION('',(0.E0,0.E0,1.E0));
#3268=VECTOR('',#3267,2.792920367320E0);
#3269=CARTESIAN_POINT('',(-2.885E0,3.429999999999E0,5.050000000001E0));
#3270=LINE('',#3269,#3268);
#3271=CARTESIAN_POINT('',(-2.535E0,3.43E0,7.842920367321E0));
#3272=DIRECTION('',(0.E0,1.E0,0.E0));
#3273=DIRECTION('',(-1.E0,0.E0,-1.065814103640E-13));
#3274=AXIS2_PLACEMENT_3D('',#3271,#3272,#3273);
#3276=DIRECTION('',(0.E0,0.E0,-1.E0));
#3277=VECTOR('',#3276,2.792920367321E0);
#3278=CARTESIAN_POINT('',(-2.185E0,3.429999999999E0,7.842920367321E0));
#3279=LINE('',#3278,#3277);
#3280=DIRECTION('',(0.E0,0.E0,1.E0));
#3281=VECTOR('',#3280,2.792920367320E0);
#3282=CARTESIAN_POINT('',(2.215E0,3.83E0,5.050000000001E0));
#3283=LINE('',#3282,#3281);
#3284=CARTESIAN_POINT('',(2.565E0,3.83E0,7.842920367321E0));
#3285=DIRECTION('',(0.E0,-1.E0,0.E0));
#3286=DIRECTION('',(1.E0,0.E0,-1.700227260569E-12));
#3287=AXIS2_PLACEMENT_3D('',#3284,#3285,#3286);
#3289=DIRECTION('',(0.E0,-1.E0,0.E0));
#3290=VECTOR('',#3289,4.E-1);
#3291=CARTESIAN_POINT('',(2.915E0,3.83E0,5.050000000001E0));
#3292=LINE('',#3291,#3290);
#3293=DIRECTION('',(1.192539935204E-14,0.E0,-1.E0));
#3294=VECTOR('',#3293,2.792920367320E0);
#3295=CARTESIAN_POINT('',(2.915E0,3.83E0,7.842920367321E0));
#3296=LINE('',#3295,#3294);
#3297=DIRECTION('',(0.E0,0.E0,1.E0));
#3298=VECTOR('',#3297,2.792920367320E0);
#3299=CARTESIAN_POINT('',(2.215E0,3.429999999999E0,5.050000000001E0));
#3300=LINE('',#3299,#3298);
#3301=CARTESIAN_POINT('',(2.565E0,3.43E0,7.842920367321E0));
#3302=DIRECTION('',(0.E0,1.E0,0.E0));
#3303=DIRECTION('',(-1.E0,0.E0,-9.643079985316E-14));
#3304=AXIS2_PLACEMENT_3D('',#3301,#3302,#3303);
#3306=DIRECTION('',(1.192539935204E-14,0.E0,-1.E0));
#3307=VECTOR('',#3306,2.792920367320E0);
#3308=CARTESIAN_POINT('',(2.915E0,3.429999999999E0,7.842920367321E0));
#3309=LINE('',#3308,#3307);
#3310=DIRECTION('',(0.E0,-1.E0,0.E0));
#3311=VECTOR('',#3310,4.E-1);
#3312=CARTESIAN_POINT('',(2.915E0,3.83E0,7.842920367321E0));
#3313=LINE('',#3312,#3311);
#3314=DIRECTION('',(0.E0,1.E0,0.E0));
#3315=VECTOR('',#3314,4.E-1);
#3316=CARTESIAN_POINT('',(2.215E0,3.429999999999E0,7.842920367321E0));
#3317=LINE('',#3316,#3315);
#3318=DIRECTION('',(0.E0,-1.E0,0.E0));
#3319=VECTOR('',#3318,9.E-1);
#3320=CARTESIAN_POINT('',(2.015E0,6.73E0,4.950000000001E0));
#3321=LINE('',#3320,#3319);
#3322=DIRECTION('',(-1.E0,0.E0,0.E0));
#3323=VECTOR('',#3322,4.E0);
#3324=CARTESIAN_POINT('',(2.015E0,5.829999999999E0,4.950000000001E0));
#3325=LINE('',#3324,#3323);
#3326=DIRECTION('',(0.E0,0.E0,1.E0));
#3327=VECTOR('',#3326,4.E-1);
#3328=CARTESIAN_POINT('',(2.015E0,5.829999999999E0,4.55E0));
#3329=LINE('',#3328,#3327);
#3330=CARTESIAN_POINT('',(-2.185E0,3.83E0,5.050000000001E0));
#3331=CARTESIAN_POINT('',(-2.885E0,3.83E0,5.050000000001E0));
#3332=VERTEX_POINT('',#3330);
#3333=VERTEX_POINT('',#3331);
#3334=CARTESIAN_POINT('',(-2.185E0,3.83E0,7.842920367321E0));
#3335=VERTEX_POINT('',#3334);
#3336=CARTESIAN_POINT('',(-2.885E0,3.83E0,7.842920367321E0));
#3337=VERTEX_POINT('',#3336);
#3338=CARTESIAN_POINT('',(-2.885E0,3.929999999999E0,4.950000000001E0));
#3339=CARTESIAN_POINT('',(-2.185E0,3.929999999999E0,4.950000000001E0));
#3340=VERTEX_POINT('',#3338);
#3341=VERTEX_POINT('',#3339);
#3342=CARTESIAN_POINT('',(2.215E0,3.929999999999E0,4.950000000001E0));
#3343=CARTESIAN_POINT('',(2.915E0,3.929999999999E0,4.950000000001E0));
#3344=VERTEX_POINT('',#3342);
#3345=VERTEX_POINT('',#3343);
#3346=CARTESIAN_POINT('',(1.515E0,3.929999999999E0,4.950000000001E0));
#3347=VERTEX_POINT('',#3346);
#3348=CARTESIAN_POINT('',(1.515E0,3.3E-1,4.950000000001E0));
#3349=VERTEX_POINT('',#3348);
#3350=CARTESIAN_POINT('',(-1.485E0,3.3E-1,4.950000000001E0));
#3351=VERTEX_POINT('',#3350);
#3352=CARTESIAN_POINT('',(-1.485E0,3.929999999999E0,4.950000000001E0));
#3353=VERTEX_POINT('',#3352);
#3354=CARTESIAN_POINT('',(-3.235E0,3.929999999999E0,4.950000000001E0));
#3355=VERTEX_POINT('',#3354);
#3356=CARTESIAN_POINT('',(-3.235E0,6.73E0,4.950000000001E0));
#3357=VERTEX_POINT('',#3356);
#3358=CARTESIAN_POINT('',(-1.985E0,6.73E0,4.950000000001E0));
#3359=VERTEX_POINT('',#3358);
#3360=CARTESIAN_POINT('',(-1.985E0,5.829999999999E0,4.950000000001E0));
#3361=VERTEX_POINT('',#3360);
#3362=CARTESIAN_POINT('',(2.015E0,5.829999999999E0,4.950000000001E0));
#3363=VERTEX_POINT('',#3362);
#3364=CARTESIAN_POINT('',(2.015E0,6.73E0,4.950000000001E0));
#3365=VERTEX_POINT('',#3364);
#3366=CARTESIAN_POINT('',(3.265E0,6.73E0,4.950000000001E0));
#3367=VERTEX_POINT('',#3366);
#3368=CARTESIAN_POINT('',(3.265E0,3.929999999999E0,4.950000000001E0));
#3369=VERTEX_POINT('',#3368);
#3370=CARTESIAN_POINT('',(2.915E0,3.83E0,5.05E0));
#3371=VERTEX_POINT('',#3370);
#3372=CARTESIAN_POINT('',(2.215E0,3.83E0,5.050000000001E0));
#3373=VERTEX_POINT('',#3372);
#3374=CARTESIAN_POINT('',(2.915E0,3.929999999999E0,4.550000000001E0));
#3375=VERTEX_POINT('',#3374);
#3376=CARTESIAN_POINT('',(2.915E0,3.43E0,5.05E0));
#3377=VERTEX_POINT('',#3376);
#3378=CARTESIAN_POINT('',(3.265E0,3.929999999999E0,4.55E0));
#3379=VERTEX_POINT('',#3378);
#3380=CARTESIAN_POINT('',(3.265E0,6.73E0,4.550000000001E0));
#3381=VERTEX_POINT('',#3380);
#3382=CARTESIAN_POINT('',(3.265E0,7.129999999999E0,4.550000000001E0));
#3383=VERTEX_POINT('',#3382);
#3384=CARTESIAN_POINT('',(3.765E0,7.13E0,4.55E0));
#3385=VERTEX_POINT('',#3384);
#3386=CARTESIAN_POINT('',(3.765E0,6.73E0,4.55E0));
#3387=VERTEX_POINT('',#3386);
#3388=CARTESIAN_POINT('',(2.015E0,7.129999999999E0,4.550000000001E0));
#3389=VERTEX_POINT('',#3388);
#3390=CARTESIAN_POINT('',(-1.985E0,7.129999999999E0,4.550000000001E0));
#3391=VERTEX_POINT('',#3390);
#3392=CARTESIAN_POINT('',(-3.235E0,7.129999999999E0,4.550000000001E0));
#3393=VERTEX_POINT('',#3392);
#3394=CARTESIAN_POINT('',(-3.735E0,7.129999999999E0,4.55E0));
#3395=VERTEX_POINT('',#3394);
#3396=CARTESIAN_POINT('',(-3.735E0,7.13E0,-4.55E0));
#3397=VERTEX_POINT('',#3396);
#3398=CARTESIAN_POINT('',(3.765E0,7.13E0,-4.55E0));
#3399=VERTEX_POINT('',#3398);
#3400=CARTESIAN_POINT('',(2.015E0,6.73E0,4.550000000001E0));
#3401=VERTEX_POINT('',#3400);
#3402=CARTESIAN_POINT('',(-1.985E0,6.73E0,4.550000000001E0));
#3403=VERTEX_POINT('',#3402);
#3404=CARTESIAN_POINT('',(-1.985E0,5.829999999999E0,4.55E0));
#3405=VERTEX_POINT('',#3404);
#3406=CARTESIAN_POINT('',(2.215E0,3.929999999999E0,4.550000000001E0));
#3407=VERTEX_POINT('',#3406);
#3408=CARTESIAN_POINT('',(2.015E0,5.829999999999E0,4.55E0));
#3409=VERTEX_POINT('',#3408);
#3410=CARTESIAN_POINT('',(-3.235E0,6.73E0,4.550000000001E0));
#3411=VERTEX_POINT('',#3410);
#3412=CARTESIAN_POINT('',(-3.235E0,3.929999999999E0,4.55E0));
#3413=VERTEX_POINT('',#3412);
#3414=CARTESIAN_POINT('',(-2.885E0,3.929999999999E0,4.550000000001E0));
#3415=VERTEX_POINT('',#3414);
#3416=CARTESIAN_POINT('',(-2.185E0,3.929999999999E0,4.550000000001E0));
#3417=VERTEX_POINT('',#3416);
#3418=CARTESIAN_POINT('',(-1.485E0,3.929999999999E0,4.55E0));
#3419=VERTEX_POINT('',#3418);
#3420=CARTESIAN_POINT('',(-1.485E0,3.3E-1,4.55E0));
#3421=VERTEX_POINT('',#3420);
#3422=CARTESIAN_POINT('',(1.515E0,3.3E-1,4.55E0));
#3423=VERTEX_POINT('',#3422);
#3424=CARTESIAN_POINT('',(1.515E0,3.929999999999E0,4.55E0));
#3425=VERTEX_POINT('',#3424);
#3426=CARTESIAN_POINT('',(2.215E0,3.43E0,5.05E0));
#3427=VERTEX_POINT('',#3426);
#3428=CARTESIAN_POINT('',(-2.185E0,3.43E0,5.05E0));
#3429=VERTEX_POINT('',#3428);
#3430=CARTESIAN_POINT('',(-2.885E0,3.43E0,5.05E0));
#3431=VERTEX_POINT('',#3430);
#3432=CARTESIAN_POINT('',(-3.735E0,6.73E0,4.55E0));
#3433=VERTEX_POINT('',#3432);
#3434=CARTESIAN_POINT('',(3.765E0,6.73E0,-4.55E0));
#3435=VERTEX_POINT('',#3434);
#3436=CARTESIAN_POINT('',(-3.735E0,6.73E0,-4.55E0));
#3437=VERTEX_POINT('',#3436);
#3438=CARTESIAN_POINT('',(-2.885E0,3.429999999999E0,7.842920367321E0));
#3439=VERTEX_POINT('',#3438);
#3440=CARTESIAN_POINT('',(-2.185E0,3.429999999999E0,7.842920367321E0));
#3441=VERTEX_POINT('',#3440);
#3442=CARTESIAN_POINT('',(2.215E0,3.83E0,7.842920367321E0));
#3443=VERTEX_POINT('',#3442);
#3444=CARTESIAN_POINT('',(2.215E0,3.429999999999E0,7.842920367321E0));
#3445=VERTEX_POINT('',#3444);
#3446=CARTESIAN_POINT('',(2.915E0,3.83E0,7.842920367321E0));
#3447=VERTEX_POINT('',#3446);
#3448=CARTESIAN_POINT('',(2.915E0,3.429999999999E0,7.842920367321E0));
#3449=VERTEX_POINT('',#3448);
#3450=CARTESIAN_POINT('',(3.765E0,3.83E0,1.692920367321E0));
#3451=DIRECTION('',(0.E0,-1.E0,0.E0));
#3452=DIRECTION('',(-1.E0,0.E0,0.E0));
#3453=AXIS2_PLACEMENT_3D('',#3450,#3451,#3452);
#3454=PLANE('',#3453);
#3456=ORIENTED_EDGE('',*,*,#3455,.F.);
#3458=ORIENTED_EDGE('',*,*,#3457,.F.);
#3460=ORIENTED_EDGE('',*,*,#3459,.T.);
#3462=ORIENTED_EDGE('',*,*,#3461,.F.);
#3463=EDGE_LOOP('',(#3456,#3458,#3460,#3462));
#3464=FACE_OUTER_BOUND('',#3463,.F.);
#3465=ADVANCED_FACE('',(#3464),#3454,.F.);
#3466=CARTESIAN_POINT('',(-2.885E0,3.93E0,5.05E0));
#3467=DIRECTION('',(1.E0,0.E0,0.E0));
#3468=DIRECTION('',(0.E0,-1.E0,0.E0));
#3469=AXIS2_PLACEMENT_3D('',#3466,#3467,#3468);
#3470=CYLINDRICAL_SURFACE('',#3469,1.E-1);
#3472=ORIENTED_EDGE('',*,*,#3471,.T.);
#3474=ORIENTED_EDGE('',*,*,#3473,.F.);
#3475=ORIENTED_EDGE('',*,*,#3455,.T.);
#3477=ORIENTED_EDGE('',*,*,#3476,.F.);
#3478=EDGE_LOOP('',(#3472,#3474,#3475,#3477));
#3479=FACE_OUTER_BOUND('',#3478,.F.);
#3480=ADVANCED_FACE('',(#3479),#3470,.F.);
#3481=CARTESIAN_POINT('',(3.765E0,6.929999999999E0,4.950000000001E0));
#3482=DIRECTION('',(0.E0,0.E0,-1.E0));
#3483=DIRECTION('',(-1.E0,0.E0,0.E0));
#3484=AXIS2_PLACEMENT_3D('',#3481,#3482,#3483);
#3485=PLANE('',#3484);
#3487=ORIENTED_EDGE('',*,*,#3486,.F.);
#3489=ORIENTED_EDGE('',*,*,#3488,.F.);
#3491=ORIENTED_EDGE('',*,*,#3490,.F.);
#3493=ORIENTED_EDGE('',*,*,#3492,.F.);
#3495=ORIENTED_EDGE('',*,*,#3494,.F.);
#3497=ORIENTED_EDGE('',*,*,#3496,.F.);
#3498=ORIENTED_EDGE('',*,*,#3471,.F.);
#3500=ORIENTED_EDGE('',*,*,#3499,.F.);
#3502=ORIENTED_EDGE('',*,*,#3501,.F.);
#3504=ORIENTED_EDGE('',*,*,#3503,.F.);
#3506=ORIENTED_EDGE('',*,*,#3505,.F.);
#3508=ORIENTED_EDGE('',*,*,#3507,.F.);
#3510=ORIENTED_EDGE('',*,*,#3509,.F.);
#3512=ORIENTED_EDGE('',*,*,#3511,.F.);
#3514=ORIENTED_EDGE('',*,*,#3513,.F.);
#3516=ORIENTED_EDGE('',*,*,#3515,.F.);
#3517=EDGE_LOOP('',(#3487,#3489,#3491,#3493,#3495,#3497,#3498,#3500,#3502,#3504,
#3506,#3508,#3510,#3512,#3514,#3516));
#3518=FACE_OUTER_BOUND('',#3517,.F.);
#3519=ADVANCED_FACE('',(#3518),#3485,.F.);
#3520=CARTESIAN_POINT('',(2.215E0,3.93E0,5.05E0));
#3521=DIRECTION('',(1.E0,0.E0,0.E0));
#3522=DIRECTION('',(0.E0,-1.E0,0.E0));
#3523=AXIS2_PLACEMENT_3D('',#3520,#3521,#3522);
#3524=CYLINDRICAL_SURFACE('',#3523,1.E-1);
#3525=ORIENTED_EDGE('',*,*,#3486,.T.);
#3527=ORIENTED_EDGE('',*,*,#3526,.F.);
#3529=ORIENTED_EDGE('',*,*,#3528,.T.);
#3531=ORIENTED_EDGE('',*,*,#3530,.F.);
#3532=EDGE_LOOP('',(#3525,#3527,#3529,#3531));
#3533=FACE_OUTER_BOUND('',#3532,.F.);
#3534=ADVANCED_FACE('',(#3533),#3524,.F.);
#3535=CARTESIAN_POINT('',(2.915E0,3.63E0,6.267920367321E0));
#3536=DIRECTION('',(-1.E0,0.E0,0.E0));
#3537=DIRECTION('',(0.E0,0.E0,1.E0));
#3538=AXIS2_PLACEMENT_3D('',#3535,#3536,#3537);
#3539=PLANE('',#3538);
#3541=ORIENTED_EDGE('',*,*,#3540,.T.);
#3543=ORIENTED_EDGE('',*,*,#3542,.T.);
#3545=ORIENTED_EDGE('',*,*,#3544,.F.);
#3546=ORIENTED_EDGE('',*,*,#3526,.T.);
#3547=EDGE_LOOP('',(#3541,#3543,#3545,#3546));
#3548=FACE_OUTER_BOUND('',#3547,.F.);
#3549=ADVANCED_FACE('',(#3548),#3539,.F.);
#3550=CARTESIAN_POINT('',(3.09E0,3.93E0,4.75E0));
#3551=DIRECTION('',(0.E0,1.E0,0.E0));
#3552=DIRECTION('',(-1.E0,0.E0,0.E0));
#3553=AXIS2_PLACEMENT_3D('',#3550,#3551,#3552);
#3554=PLANE('',#3553);
#3555=ORIENTED_EDGE('',*,*,#3540,.F.);
#3556=ORIENTED_EDGE('',*,*,#3515,.T.);
#3558=ORIENTED_EDGE('',*,*,#3557,.F.);
#3560=ORIENTED_EDGE('',*,*,#3559,.F.);
#3561=EDGE_LOOP('',(#3555,#3556,#3558,#3560));
#3562=FACE_OUTER_BOUND('',#3561,.F.);
#3563=ADVANCED_FACE('',(#3562),#3554,.F.);
#3564=CARTESIAN_POINT('',(3.265E0,5.429999999999E0,4.75E0));
#3565=DIRECTION('',(-1.E0,0.E0,0.E0));
#3566=DIRECTION('',(0.E0,-1.E0,0.E0));
#3567=AXIS2_PLACEMENT_3D('',#3564,#3565,#3566);
#3568=PLANE('',#3567);
#3570=ORIENTED_EDGE('',*,*,#3569,.T.);
#3572=ORIENTED_EDGE('',*,*,#3571,.F.);
#3573=ORIENTED_EDGE('',*,*,#3557,.T.);
#3574=ORIENTED_EDGE('',*,*,#3513,.T.);
#3575=EDGE_LOOP('',(#3570,#3572,#3573,#3574));
#3576=FACE_OUTER_BOUND('',#3575,.F.);
#3577=ADVANCED_FACE('',(#3576),#3568,.F.);
#3578=CARTESIAN_POINT('',(3.265E0,5.429999999999E0,4.75E0));
#3579=DIRECTION('',(-1.E0,0.E0,0.E0));
#3580=DIRECTION('',(0.E0,-1.E0,0.E0));
#3581=AXIS2_PLACEMENT_3D('',#3578,#3579,#3580);
#3582=PLANE('',#3581);
#3584=ORIENTED_EDGE('',*,*,#3583,.T.);
#3585=ORIENTED_EDGE('',*,*,#3569,.F.);
#3587=ORIENTED_EDGE('',*,*,#3586,.T.);
#3588=EDGE_LOOP('',(#3584,#3585,#3587));
#3589=FACE_OUTER_BOUND('',#3588,.F.);
#3590=ADVANCED_FACE('',(#3589),#3582,.F.);
#3591=CARTESIAN_POINT('',(3.515E0,6.929999999999E0,4.55E0));
#3592=DIRECTION('',(0.E0,0.E0,-1.E0));
#3593=DIRECTION('',(-1.E0,0.E0,0.E0));
#3594=AXIS2_PLACEMENT_3D('',#3591,#3592,#3593);
#3595=PLANE('',#3594);
#3596=ORIENTED_EDGE('',*,*,#3583,.F.);
#3598=ORIENTED_EDGE('',*,*,#3597,.T.);
#3600=ORIENTED_EDGE('',*,*,#3599,.F.);
#3602=ORIENTED_EDGE('',*,*,#3601,.F.);
#3603=EDGE_LOOP('',(#3596,#3598,#3600,#3602));
#3604=FACE_OUTER_BOUND('',#3603,.F.);
#3605=ADVANCED_FACE('',(#3604),#3595,.F.);
#3606=CARTESIAN_POINT('',(3.765E0,7.129999999999E0,4.55E0));
#3607=DIRECTION('',(0.E0,-1.E0,0.E0));
#3608=DIRECTION('',(-1.E0,0.E0,0.E0));
#3609=AXIS2_PLACEMENT_3D('',#3606,#3607,#3608);
#3610=PLANE('',#3609);
#3612=ORIENTED_EDGE('',*,*,#3611,.F.);
#3614=ORIENTED_EDGE('',*,*,#3613,.F.);
#3616=ORIENTED_EDGE('',*,*,#3615,.F.);
#3618=ORIENTED_EDGE('',*,*,#3617,.F.);
#3620=ORIENTED_EDGE('',*,*,#3619,.F.);
#3622=ORIENTED_EDGE('',*,*,#3621,.F.);
#3624=ORIENTED_EDGE('',*,*,#3623,.F.);
#3625=ORIENTED_EDGE('',*,*,#3597,.F.);
#3626=EDGE_LOOP('',(#3612,#3614,#3616,#3618,#3620,#3622,#3624,#3625));
#3627=FACE_OUTER_BOUND('',#3626,.F.);
#3628=ADVANCED_FACE('',(#3627),#3610,.F.);
#3629=CARTESIAN_POINT('',(-3.235E0,6.73E0,4.55E0));
#3630=DIRECTION('',(1.E0,0.E0,0.E0));
#3631=DIRECTION('',(0.E0,0.E0,-1.E0));
#3632=AXIS2_PLACEMENT_3D('',#3629,#3630,#3631);
#3633=CYLINDRICAL_SURFACE('',#3632,4.E-1);
#3634=ORIENTED_EDGE('',*,*,#3611,.T.);
#3635=ORIENTED_EDGE('',*,*,#3586,.F.);
#3636=ORIENTED_EDGE('',*,*,#3511,.T.);
#3638=ORIENTED_EDGE('',*,*,#3637,.F.);
#3639=EDGE_LOOP('',(#3634,#3635,#3636,#3638));
#3640=FACE_OUTER_BOUND('',#3639,.F.);
#3641=ADVANCED_FACE('',(#3640),#3633,.T.);
#3642=CARTESIAN_POINT('',(2.015E0,6.379999999999E0,4.75E0));
#3643=DIRECTION('',(1.E0,0.E0,0.E0));
#3644=DIRECTION('',(0.E0,1.E0,0.E0));
#3645=AXIS2_PLACEMENT_3D('',#3642,#3643,#3644);
#3646=PLANE('',#3645);
#3648=ORIENTED_EDGE('',*,*,#3647,.F.);
#3649=ORIENTED_EDGE('',*,*,#3637,.T.);
#3651=ORIENTED_EDGE('',*,*,#3650,.T.);
#3652=EDGE_LOOP('',(#3648,#3649,#3651));
#3653=FACE_OUTER_BOUND('',#3652,.F.);
#3654=ADVANCED_FACE('',(#3653),#3646,.F.);
#3655=CARTESIAN_POINT('',(1.5E-2,6.929999999999E0,4.55E0));
#3656=DIRECTION('',(0.E0,0.E0,-1.E0));
#3657=DIRECTION('',(-1.E0,0.E0,0.E0));
#3658=AXIS2_PLACEMENT_3D('',#3655,#3656,#3657);
#3659=PLANE('',#3658);
#3661=ORIENTED_EDGE('',*,*,#3660,.F.);
#3662=ORIENTED_EDGE('',*,*,#3613,.T.);
#3663=ORIENTED_EDGE('',*,*,#3647,.T.);
#3665=ORIENTED_EDGE('',*,*,#3664,.F.);
#3666=EDGE_LOOP('',(#3661,#3662,#3663,#3665));
#3667=FACE_OUTER_BOUND('',#3666,.F.);
#3668=ADVANCED_FACE('',(#3667),#3659,.F.);
#3669=CARTESIAN_POINT('',(-1.985E0,6.379999999999E0,4.75E0));
#3670=DIRECTION('',(-1.E0,0.E0,0.E0));
#3671=DIRECTION('',(0.E0,-1.E0,0.E0));
#3672=AXIS2_PLACEMENT_3D('',#3669,#3670,#3671);
#3673=PLANE('',#3672);
#3674=ORIENTED_EDGE('',*,*,#3660,.T.);
#3676=ORIENTED_EDGE('',*,*,#3675,.F.);
#3678=ORIENTED_EDGE('',*,*,#3677,.T.);
#3679=EDGE_LOOP('',(#3674,#3676,#3678));
#3680=FACE_OUTER_BOUND('',#3679,.F.);
#3681=ADVANCED_FACE('',(#3680),#3673,.F.);
#3682=CARTESIAN_POINT('',(-1.985E0,6.379999999999E0,4.75E0));
#3683=DIRECTION('',(-1.E0,0.E0,0.E0));
#3684=DIRECTION('',(0.E0,-1.E0,0.E0));
#3685=AXIS2_PLACEMENT_3D('',#3682,#3683,#3684);
#3686=PLANE('',#3685);
#3687=ORIENTED_EDGE('',*,*,#3675,.T.);
#3689=ORIENTED_EDGE('',*,*,#3688,.F.);
#3691=ORIENTED_EDGE('',*,*,#3690,.T.);
#3692=ORIENTED_EDGE('',*,*,#3505,.T.);
#3693=EDGE_LOOP('',(#3687,#3689,#3691,#3692));
#3694=FACE_OUTER_BOUND('',#3693,.F.);
#3695=ADVANCED_FACE('',(#3694),#3686,.F.);
#3696=CARTESIAN_POINT('',(3.765E0,6.929999999999E0,4.55E0));
#3697=DIRECTION('',(0.E0,0.E0,-1.E0));
#3698=DIRECTION('',(-1.E0,0.E0,0.E0));
#3699=AXIS2_PLACEMENT_3D('',#3696,#3697,#3698);
#3700=PLANE('',#3699);
#3702=ORIENTED_EDGE('',*,*,#3701,.F.);
#3703=ORIENTED_EDGE('',*,*,#3559,.T.);
#3704=ORIENTED_EDGE('',*,*,#3571,.T.);
#3706=ORIENTED_EDGE('',*,*,#3705,.F.);
#3708=ORIENTED_EDGE('',*,*,#3707,.T.);
#3710=ORIENTED_EDGE('',*,*,#3709,.T.);
#3711=ORIENTED_EDGE('',*,*,#3688,.T.);
#3713=ORIENTED_EDGE('',*,*,#3712,.F.);
#3715=ORIENTED_EDGE('',*,*,#3714,.T.);
#3717=ORIENTED_EDGE('',*,*,#3716,.T.);
#3719=ORIENTED_EDGE('',*,*,#3718,.F.);
#3721=ORIENTED_EDGE('',*,*,#3720,.T.);
#3723=ORIENTED_EDGE('',*,*,#3722,.T.);
#3725=ORIENTED_EDGE('',*,*,#3724,.T.);
#3727=ORIENTED_EDGE('',*,*,#3726,.T.);
#3729=ORIENTED_EDGE('',*,*,#3728,.T.);
#3730=EDGE_LOOP('',(#3702,#3703,#3704,#3706,#3708,#3710,#3711,#3713,#3715,#3717,
#3719,#3721,#3723,#3725,#3727,#3729));
#3731=FACE_OUTER_BOUND('',#3730,.F.);
#3732=ADVANCED_FACE('',(#3731),#3700,.T.);
#3733=CARTESIAN_POINT('',(2.215E0,3.93E0,5.05E0));
#3734=DIRECTION('',(1.E0,0.E0,0.E0));
#3735=DIRECTION('',(0.E0,-1.E0,0.E0));
#3736=AXIS2_PLACEMENT_3D('',#3733,#3734,#3735);
#3737=CYLINDRICAL_SURFACE('',#3736,5.E-1);
#3738=ORIENTED_EDGE('',*,*,#3701,.T.);
#3740=ORIENTED_EDGE('',*,*,#3739,.F.);
#3742=ORIENTED_EDGE('',*,*,#3741,.T.);
#3743=ORIENTED_EDGE('',*,*,#3542,.F.);
#3744=EDGE_LOOP('',(#3738,#3740,#3742,#3743));
#3745=FACE_OUTER_BOUND('',#3744,.F.);
#3746=ADVANCED_FACE('',(#3745),#3737,.T.);
#3747=CARTESIAN_POINT('',(2.215E0,3.63E0,6.267920367321E0));
#3748=DIRECTION('',(1.E0,0.E0,0.E0));
#3749=DIRECTION('',(0.E0,0.E0,-1.E0));
#3750=AXIS2_PLACEMENT_3D('',#3747,#3748,#3749);
#3751=PLANE('',#3750);
#3753=ORIENTED_EDGE('',*,*,#3752,.F.);
#3754=ORIENTED_EDGE('',*,*,#3530,.T.);
#3756=ORIENTED_EDGE('',*,*,#3755,.T.);
#3757=ORIENTED_EDGE('',*,*,#3739,.T.);
#3758=EDGE_LOOP('',(#3753,#3754,#3756,#3757));
#3759=FACE_OUTER_BOUND('',#3758,.F.);
#3760=ADVANCED_FACE('',(#3759),#3751,.F.);
#3761=CARTESIAN_POINT('',(1.865E0,3.93E0,4.75E0));
#3762=DIRECTION('',(0.E0,1.E0,0.E0));
#3763=DIRECTION('',(-1.E0,0.E0,0.E0));
#3764=AXIS2_PLACEMENT_3D('',#3761,#3762,#3763);
#3765=PLANE('',#3764);
#3766=ORIENTED_EDGE('',*,*,#3752,.T.);
#3767=ORIENTED_EDGE('',*,*,#3728,.F.);
#3769=ORIENTED_EDGE('',*,*,#3768,.T.);
#3770=ORIENTED_EDGE('',*,*,#3488,.T.);
#3771=EDGE_LOOP('',(#3766,#3767,#3769,#3770));
#3772=FACE_OUTER_BOUND('',#3771,.F.);
#3773=ADVANCED_FACE('',(#3772),#3765,.F.);
#3774=CARTESIAN_POINT('',(1.515E0,2.129999999999E0,4.75E0));
#3775=DIRECTION('',(-1.E0,0.E0,0.E0));
#3776=DIRECTION('',(0.E0,-1.E0,0.E0));
#3777=AXIS2_PLACEMENT_3D('',#3774,#3775,#3776);
#3778=PLANE('',#3777);
#3779=ORIENTED_EDGE('',*,*,#3490,.T.);
#3780=ORIENTED_EDGE('',*,*,#3768,.F.);
#3781=ORIENTED_EDGE('',*,*,#3726,.F.);
#3783=ORIENTED_EDGE('',*,*,#3782,.T.);
#3784=EDGE_LOOP('',(#3779,#3780,#3781,#3783));
#3785=FACE_OUTER_BOUND('',#3784,.F.);
#3786=ADVANCED_FACE('',(#3785),#3778,.F.);
#3787=CARTESIAN_POINT('',(1.5E-2,3.3E-1,4.75E0));
#3788=DIRECTION('',(0.E0,1.E0,0.E0));
#3789=DIRECTION('',(-1.E0,0.E0,0.E0));
#3790=AXIS2_PLACEMENT_3D('',#3787,#3788,#3789);
#3791=PLANE('',#3790);
#3792=ORIENTED_EDGE('',*,*,#3492,.T.);
#3793=ORIENTED_EDGE('',*,*,#3782,.F.);
#3794=ORIENTED_EDGE('',*,*,#3724,.F.);
#3796=ORIENTED_EDGE('',*,*,#3795,.T.);
#3797=EDGE_LOOP('',(#3792,#3793,#3794,#3796));
#3798=FACE_OUTER_BOUND('',#3797,.F.);
#3799=ADVANCED_FACE('',(#3798),#3791,.F.);
#3800=CARTESIAN_POINT('',(-1.485E0,2.129999999999E0,4.75E0));
#3801=DIRECTION('',(1.E0,0.E0,0.E0));
#3802=DIRECTION('',(0.E0,1.E0,0.E0));
#3803=AXIS2_PLACEMENT_3D('',#3800,#3801,#3802);
#3804=PLANE('',#3803);
#3805=ORIENTED_EDGE('',*,*,#3494,.T.);
#3806=ORIENTED_EDGE('',*,*,#3795,.F.);
#3807=ORIENTED_EDGE('',*,*,#3722,.F.);
#3809=ORIENTED_EDGE('',*,*,#3808,.T.);
#3810=EDGE_LOOP('',(#3805,#3806,#3807,#3809));
#3811=FACE_OUTER_BOUND('',#3810,.F.);
#3812=ADVANCED_FACE('',(#3811),#3804,.F.);
#3813=CARTESIAN_POINT('',(-1.835E0,3.93E0,4.75E0));
#3814=DIRECTION('',(0.E0,1.E0,0.E0));
#3815=DIRECTION('',(-1.E0,0.E0,0.E0));
#3816=AXIS2_PLACEMENT_3D('',#3813,#3814,#3815);
#3817=PLANE('',#3816);
#3819=ORIENTED_EDGE('',*,*,#3818,.F.);
#3820=ORIENTED_EDGE('',*,*,#3496,.T.);
#3821=ORIENTED_EDGE('',*,*,#3808,.F.);
#3822=ORIENTED_EDGE('',*,*,#3720,.F.);
#3823=EDGE_LOOP('',(#3819,#3820,#3821,#3822));
#3824=FACE_OUTER_BOUND('',#3823,.F.);
#3825=ADVANCED_FACE('',(#3824),#3817,.F.);
#3826=CARTESIAN_POINT('',(-2.185E0,3.63E0,6.267920367321E0));
#3827=DIRECTION('',(-1.E0,0.E0,0.E0));
#3828=DIRECTION('',(0.E0,0.E0,1.E0));
#3829=AXIS2_PLACEMENT_3D('',#3826,#3827,#3828);
#3830=PLANE('',#3829);
#3831=ORIENTED_EDGE('',*,*,#3818,.T.);
#3833=ORIENTED_EDGE('',*,*,#3832,.T.);
#3835=ORIENTED_EDGE('',*,*,#3834,.F.);
#3836=ORIENTED_EDGE('',*,*,#3473,.T.);
#3837=EDGE_LOOP('',(#3831,#3833,#3835,#3836));
#3838=FACE_OUTER_BOUND('',#3837,.F.);
#3839=ADVANCED_FACE('',(#3838),#3830,.F.);
#3840=CARTESIAN_POINT('',(-2.885E0,3.93E0,5.05E0));
#3841=DIRECTION('',(1.E0,0.E0,0.E0));
#3842=DIRECTION('',(0.E0,-1.E0,0.E0));
#3843=AXIS2_PLACEMENT_3D('',#3840,#3841,#3842);
#3844=CYLINDRICAL_SURFACE('',#3843,5.E-1);
#3845=ORIENTED_EDGE('',*,*,#3718,.T.);
#3847=ORIENTED_EDGE('',*,*,#3846,.F.);
#3849=ORIENTED_EDGE('',*,*,#3848,.T.);
#3850=ORIENTED_EDGE('',*,*,#3832,.F.);
#3851=EDGE_LOOP('',(#3845,#3847,#3849,#3850));
#3852=FACE_OUTER_BOUND('',#3851,.F.);
#3853=ADVANCED_FACE('',(#3852),#3844,.T.);
#3854=CARTESIAN_POINT('',(-2.885E0,3.63E0,6.267920367321E0));
#3855=DIRECTION('',(1.E0,0.E0,0.E0));
#3856=DIRECTION('',(0.E0,0.E0,-1.E0));
#3857=AXIS2_PLACEMENT_3D('',#3854,#3855,#3856);
#3858=PLANE('',#3857);
#3860=ORIENTED_EDGE('',*,*,#3859,.F.);
#3861=ORIENTED_EDGE('',*,*,#3476,.T.);
#3863=ORIENTED_EDGE('',*,*,#3862,.T.);
#3864=ORIENTED_EDGE('',*,*,#3846,.T.);
#3865=EDGE_LOOP('',(#3860,#3861,#3863,#3864));
#3866=FACE_OUTER_BOUND('',#3865,.F.);
#3867=ADVANCED_FACE('',(#3866),#3858,.F.);
#3868=CARTESIAN_POINT('',(-3.06E0,3.93E0,4.75E0));
#3869=DIRECTION('',(0.E0,1.E0,0.E0));
#3870=DIRECTION('',(-1.E0,0.E0,0.E0));
#3871=AXIS2_PLACEMENT_3D('',#3868,#3869,#3870);
#3872=PLANE('',#3871);
#3873=ORIENTED_EDGE('',*,*,#3859,.T.);
#3874=ORIENTED_EDGE('',*,*,#3716,.F.);
#3876=ORIENTED_EDGE('',*,*,#3875,.T.);
#3877=ORIENTED_EDGE('',*,*,#3499,.T.);
#3878=EDGE_LOOP('',(#3873,#3874,#3876,#3877));
#3879=FACE_OUTER_BOUND('',#3878,.F.);
#3880=ADVANCED_FACE('',(#3879),#3872,.F.);
#3881=CARTESIAN_POINT('',(-3.235E0,5.429999999999E0,4.75E0));
#3882=DIRECTION('',(1.E0,0.E0,0.E0));
#3883=DIRECTION('',(0.E0,1.E0,0.E0));
#3884=AXIS2_PLACEMENT_3D('',#3881,#3882,#3883);
#3885=PLANE('',#3884);
#3887=ORIENTED_EDGE('',*,*,#3886,.F.);
#3888=ORIENTED_EDGE('',*,*,#3501,.T.);
#3889=ORIENTED_EDGE('',*,*,#3875,.F.);
#3890=ORIENTED_EDGE('',*,*,#3714,.F.);
#3891=EDGE_LOOP('',(#3887,#3888,#3889,#3890));
#3892=FACE_OUTER_BOUND('',#3891,.F.);
#3893=ADVANCED_FACE('',(#3892),#3885,.F.);
#3894=CARTESIAN_POINT('',(-3.235E0,5.429999999999E0,4.75E0));
#3895=DIRECTION('',(1.E0,0.E0,0.E0));
#3896=DIRECTION('',(0.E0,1.E0,0.E0));
#3897=AXIS2_PLACEMENT_3D('',#3894,#3895,#3896);
#3898=PLANE('',#3897);
#3900=ORIENTED_EDGE('',*,*,#3899,.F.);
#3902=ORIENTED_EDGE('',*,*,#3901,.T.);
#3903=ORIENTED_EDGE('',*,*,#3886,.T.);
#3904=EDGE_LOOP('',(#3900,#3902,#3903));
#3905=FACE_OUTER_BOUND('',#3904,.F.);
#3906=ADVANCED_FACE('',(#3905),#3898,.F.);
#3907=CARTESIAN_POINT('',(-3.485E0,6.929999999999E0,4.55E0));
#3908=DIRECTION('',(0.E0,0.E0,-1.E0));
#3909=DIRECTION('',(-1.E0,0.E0,0.E0));
#3910=AXIS2_PLACEMENT_3D('',#3907,#3908,#3909);
#3911=PLANE('',#3910);
#3912=ORIENTED_EDGE('',*,*,#3899,.T.);
#3914=ORIENTED_EDGE('',*,*,#3913,.F.);
#3916=ORIENTED_EDGE('',*,*,#3915,.T.);
#3917=ORIENTED_EDGE('',*,*,#3617,.T.);
#3918=EDGE_LOOP('',(#3912,#3914,#3916,#3917));
#3919=FACE_OUTER_BOUND('',#3918,.F.);
#3920=ADVANCED_FACE('',(#3919),#3911,.F.);
#3921=CARTESIAN_POINT('',(3.765E0,6.73E0,4.55E0));
#3922=DIRECTION('',(0.E0,-1.E0,0.E0));
#3923=DIRECTION('',(-1.E0,0.E0,0.E0));
#3924=AXIS2_PLACEMENT_3D('',#3921,#3922,#3923);
#3925=PLANE('',#3924);
#3926=ORIENTED_EDGE('',*,*,#3705,.T.);
#3927=ORIENTED_EDGE('',*,*,#3601,.T.);
#3929=ORIENTED_EDGE('',*,*,#3928,.T.);
#3931=ORIENTED_EDGE('',*,*,#3930,.T.);
#3933=ORIENTED_EDGE('',*,*,#3932,.T.);
#3934=ORIENTED_EDGE('',*,*,#3913,.T.);
#3935=ORIENTED_EDGE('',*,*,#3712,.T.);
#3936=ORIENTED_EDGE('',*,*,#3664,.T.);
#3937=EDGE_LOOP('',(#3926,#3927,#3929,#3931,#3933,#3934,#3935,#3936));
#3938=FACE_OUTER_BOUND('',#3937,.F.);
#3939=ADVANCED_FACE('',(#3938),#3925,.T.);
#3940=CARTESIAN_POINT('',(3.765E0,6.929999999999E0,0.E0));
#3941=DIRECTION('',(-1.E0,0.E0,0.E0));
#3942=DIRECTION('',(0.E0,0.E0,1.E0));
#3943=AXIS2_PLACEMENT_3D('',#3940,#3941,#3942);
#3944=PLANE('',#3943);
#3945=ORIENTED_EDGE('',*,*,#3623,.T.);
#3947=ORIENTED_EDGE('',*,*,#3946,.F.);
#3948=ORIENTED_EDGE('',*,*,#3928,.F.);
#3949=ORIENTED_EDGE('',*,*,#3599,.T.);
#3950=EDGE_LOOP('',(#3945,#3947,#3948,#3949));
#3951=FACE_OUTER_BOUND('',#3950,.F.);
#3952=ADVANCED_FACE('',(#3951),#3944,.F.);
#3953=CARTESIAN_POINT('',(1.5E-2,6.93E0,-4.55E0));
#3954=DIRECTION('',(0.E0,0.E0,1.E0));
#3955=DIRECTION('',(1.E0,0.E0,0.E0));
#3956=AXIS2_PLACEMENT_3D('',#3953,#3954,#3955);
#3957=PLANE('',#3956);
#3958=ORIENTED_EDGE('',*,*,#3621,.T.);
#3960=ORIENTED_EDGE('',*,*,#3959,.F.);
#3961=ORIENTED_EDGE('',*,*,#3930,.F.);
#3962=ORIENTED_EDGE('',*,*,#3946,.T.);
#3963=EDGE_LOOP('',(#3958,#3960,#3961,#3962));
#3964=FACE_OUTER_BOUND('',#3963,.F.);
#3965=ADVANCED_FACE('',(#3964),#3957,.F.);
#3966=CARTESIAN_POINT('',(-3.735E0,6.929999999999E0,0.E0));
#3967=DIRECTION('',(1.E0,0.E0,0.E0));
#3968=DIRECTION('',(0.E0,0.E0,-1.E0));
#3969=AXIS2_PLACEMENT_3D('',#3966,#3967,#3968);
#3970=PLANE('',#3969);
#3971=ORIENTED_EDGE('',*,*,#3619,.T.);
#3972=ORIENTED_EDGE('',*,*,#3915,.F.);
#3973=ORIENTED_EDGE('',*,*,#3932,.F.);
#3974=ORIENTED_EDGE('',*,*,#3959,.T.);
#3975=EDGE_LOOP('',(#3971,#3972,#3973,#3974));
#3976=FACE_OUTER_BOUND('',#3975,.F.);
#3977=ADVANCED_FACE('',(#3976),#3970,.F.);
#3978=CARTESIAN_POINT('',(-3.235E0,6.73E0,4.55E0));
#3979=DIRECTION('',(1.E0,0.E0,0.E0));
#3980=DIRECTION('',(0.E0,0.E0,-1.E0));
#3981=AXIS2_PLACEMENT_3D('',#3978,#3979,#3980);
#3982=CYLINDRICAL_SURFACE('',#3981,4.E-1);
#3983=ORIENTED_EDGE('',*,*,#3615,.T.);
#3984=ORIENTED_EDGE('',*,*,#3677,.F.);
#3985=ORIENTED_EDGE('',*,*,#3503,.T.);
#3986=ORIENTED_EDGE('',*,*,#3901,.F.);
#3987=EDGE_LOOP('',(#3983,#3984,#3985,#3986));
#3988=FACE_OUTER_BOUND('',#3987,.F.);
#3989=ADVANCED_FACE('',(#3988),#3982,.T.);
#3990=CARTESIAN_POINT('',(-2.885E0,3.63E0,6.267920367321E0));
#3991=DIRECTION('',(1.E0,0.E0,0.E0));
#3992=DIRECTION('',(0.E0,0.E0,-1.E0));
#3993=AXIS2_PLACEMENT_3D('',#3990,#3991,#3992);
#3994=PLANE('',#3993);
#3995=ORIENTED_EDGE('',*,*,#3862,.F.);
#3996=ORIENTED_EDGE('',*,*,#3461,.T.);
#3998=ORIENTED_EDGE('',*,*,#3997,.F.);
#4000=ORIENTED_EDGE('',*,*,#3999,.F.);
#4001=EDGE_LOOP('',(#3995,#3996,#3998,#4000));
#4002=FACE_OUTER_BOUND('',#4001,.F.);
#4003=ADVANCED_FACE('',(#4002),#3994,.F.);
#4004=CARTESIAN_POINT('',(-2.535E0,3.63E0,7.842920367321E0));
#4005=DIRECTION('',(0.E0,-1.E0,0.E0));
#4006=DIRECTION('',(1.E0,0.E0,9.389314722544E-14));
#4007=AXIS2_PLACEMENT_3D('',#4004,#4005,#4006);
#4008=CYLINDRICAL_SURFACE('',#4007,3.5E-1);
#4009=ORIENTED_EDGE('',*,*,#3459,.F.);
#4011=ORIENTED_EDGE('',*,*,#4010,.T.);
#4013=ORIENTED_EDGE('',*,*,#4012,.F.);
#4014=ORIENTED_EDGE('',*,*,#3997,.T.);
#4015=EDGE_LOOP('',(#4009,#4011,#4013,#4014));
#4016=FACE_OUTER_BOUND('',#4015,.F.);
#4017=ADVANCED_FACE('',(#4016),#4008,.T.);
#4018=CARTESIAN_POINT('',(-2.185E0,3.63E0,6.267920367321E0));
#4019=DIRECTION('',(-1.E0,0.E0,0.E0));
#4020=DIRECTION('',(0.E0,0.E0,1.E0));
#4021=AXIS2_PLACEMENT_3D('',#4018,#4019,#4020);
#4022=PLANE('',#4021);
#4023=ORIENTED_EDGE('',*,*,#3834,.T.);
#4025=ORIENTED_EDGE('',*,*,#4024,.F.);
#4026=ORIENTED_EDGE('',*,*,#4010,.F.);
#4027=ORIENTED_EDGE('',*,*,#3457,.T.);
#4028=EDGE_LOOP('',(#4023,#4025,#4026,#4027));
#4029=FACE_OUTER_BOUND('',#4028,.F.);
#4030=ADVANCED_FACE('',(#4029),#4022,.F.);
#4031=CARTESIAN_POINT('',(3.765E0,3.43E0,1.692920367321E0));
#4032=DIRECTION('',(0.E0,-1.E0,0.E0));
#4033=DIRECTION('',(-1.E0,0.E0,0.E0));
#4034=AXIS2_PLACEMENT_3D('',#4031,#4032,#4033);
#4035=PLANE('',#4034);
#4036=ORIENTED_EDGE('',*,*,#3848,.F.);
#4037=ORIENTED_EDGE('',*,*,#3999,.T.);
#4038=ORIENTED_EDGE('',*,*,#4012,.T.);
#4039=ORIENTED_EDGE('',*,*,#4024,.T.);
#4040=EDGE_LOOP('',(#4036,#4037,#4038,#4039));
#4041=FACE_OUTER_BOUND('',#4040,.F.);
#4042=ADVANCED_FACE('',(#4041),#4035,.T.);
#4043=CARTESIAN_POINT('',(2.215E0,3.63E0,6.267920367321E0));
#4044=DIRECTION('',(1.E0,0.E0,0.E0));
#4045=DIRECTION('',(0.E0,0.E0,-1.E0));
#4046=AXIS2_PLACEMENT_3D('',#4043,#4044,#4045);
#4047=PLANE('',#4046);
#4048=ORIENTED_EDGE('',*,*,#3755,.F.);
#4050=ORIENTED_EDGE('',*,*,#4049,.T.);
#4052=ORIENTED_EDGE('',*,*,#4051,.F.);
#4054=ORIENTED_EDGE('',*,*,#4053,.F.);
#4055=EDGE_LOOP('',(#4048,#4050,#4052,#4054));
#4056=FACE_OUTER_BOUND('',#4055,.F.);
#4057=ADVANCED_FACE('',(#4056),#4047,.F.);
#4058=CARTESIAN_POINT('',(3.765E0,3.83E0,1.692920367321E0));
#4059=DIRECTION('',(0.E0,-1.E0,0.E0));
#4060=DIRECTION('',(-1.E0,0.E0,0.E0));
#4061=AXIS2_PLACEMENT_3D('',#4058,#4059,#4060);
#4062=PLANE('',#4061);
#4063=ORIENTED_EDGE('',*,*,#3528,.F.);
#4065=ORIENTED_EDGE('',*,*,#4064,.F.);
#4067=ORIENTED_EDGE('',*,*,#4066,.T.);
#4068=ORIENTED_EDGE('',*,*,#4049,.F.);
#4069=EDGE_LOOP('',(#4063,#4065,#4067,#4068));
#4070=FACE_OUTER_BOUND('',#4069,.F.);
#4071=ADVANCED_FACE('',(#4070),#4062,.F.);
#4072=CARTESIAN_POINT('',(2.915E0,3.63E0,6.267920367321E0));
#4073=DIRECTION('',(-1.E0,0.E0,0.E0));
#4074=DIRECTION('',(0.E0,0.E0,1.E0));
#4075=AXIS2_PLACEMENT_3D('',#4072,#4073,#4074);
#4076=PLANE('',#4075);
#4077=ORIENTED_EDGE('',*,*,#3544,.T.);
#4079=ORIENTED_EDGE('',*,*,#4078,.F.);
#4081=ORIENTED_EDGE('',*,*,#4080,.F.);
#4082=ORIENTED_EDGE('',*,*,#4064,.T.);
#4083=EDGE_LOOP('',(#4077,#4079,#4081,#4082));
#4084=FACE_OUTER_BOUND('',#4083,.F.);
#4085=ADVANCED_FACE('',(#4084),#4076,.F.);
#4086=CARTESIAN_POINT('',(3.765E0,3.43E0,1.692920367321E0));
#4087=DIRECTION('',(0.E0,-1.E0,0.E0));
#4088=DIRECTION('',(-1.E0,0.E0,0.E0));
#4089=AXIS2_PLACEMENT_3D('',#4086,#4087,#4088);
#4090=PLANE('',#4089);
#4091=ORIENTED_EDGE('',*,*,#3741,.F.);
#4092=ORIENTED_EDGE('',*,*,#4053,.T.);
#4094=ORIENTED_EDGE('',*,*,#4093,.T.);
#4095=ORIENTED_EDGE('',*,*,#4078,.T.);
#4096=EDGE_LOOP('',(#4091,#4092,#4094,#4095));
#4097=FACE_OUTER_BOUND('',#4096,.F.);
#4098=ADVANCED_FACE('',(#4097),#4090,.T.);
#4099=CARTESIAN_POINT('',(2.565E0,3.63E0,7.842920367321E0));
#4100=DIRECTION('',(0.E0,-1.E0,0.E0));
#4101=DIRECTION('',(1.E0,0.E0,8.881784197001E-14));
#4102=AXIS2_PLACEMENT_3D('',#4099,#4100,#4101);
#4103=CYLINDRICAL_SURFACE('',#4102,3.5E-1);
#4104=ORIENTED_EDGE('',*,*,#4066,.F.);
#4105=ORIENTED_EDGE('',*,*,#4080,.T.);
#4106=ORIENTED_EDGE('',*,*,#4093,.F.);
#4107=ORIENTED_EDGE('',*,*,#4051,.T.);
#4108=EDGE_LOOP('',(#4104,#4105,#4106,#4107));
#4109=FACE_OUTER_BOUND('',#4108,.F.);
#4110=ADVANCED_FACE('',(#4109),#4103,.T.);
#4111=CARTESIAN_POINT('',(2.015E0,6.379999999999E0,4.75E0));
#4112=DIRECTION('',(1.E0,0.E0,0.E0));
#4113=DIRECTION('',(0.E0,1.E0,0.E0));
#4114=AXIS2_PLACEMENT_3D('',#4111,#4112,#4113);
#4115=PLANE('',#4114);
#4116=ORIENTED_EDGE('',*,*,#3650,.F.);
#4117=ORIENTED_EDGE('',*,*,#3509,.T.);
#4119=ORIENTED_EDGE('',*,*,#4118,.F.);
#4120=ORIENTED_EDGE('',*,*,#3707,.F.);
#4121=EDGE_LOOP('',(#4116,#4117,#4119,#4120));
#4122=FACE_OUTER_BOUND('',#4121,.F.);
#4123=ADVANCED_FACE('',(#4122),#4115,.F.);
#4124=CARTESIAN_POINT('',(1.5E-2,5.83E0,4.75E0));
#4125=DIRECTION('',(0.E0,-1.E0,0.E0));
#4126=DIRECTION('',(1.E0,0.E0,0.E0));
#4127=AXIS2_PLACEMENT_3D('',#4124,#4125,#4126);
#4128=PLANE('',#4127);
#4129=ORIENTED_EDGE('',*,*,#3507,.T.);
#4130=ORIENTED_EDGE('',*,*,#3690,.F.);
#4131=ORIENTED_EDGE('',*,*,#3709,.F.);
#4132=ORIENTED_EDGE('',*,*,#4118,.T.);
#4133=EDGE_LOOP('',(#4129,#4130,#4131,#4132));
#4134=FACE_OUTER_BOUND('',#4133,.F.);
#4135=ADVANCED_FACE('',(#4134),#4128,.F.);
#4136=OPEN_SHELL('',(#3465,#3480,#3519,#3534,#3549,#3563,#3577,#3590,#3605,
#3628,#3641,#3654,#3668,#3681,#3695,#3732,#3746,#3760,#3773,#3786,#3799,#3812,
#3825,#3839,#3853,#3867,#3880,#3893,#3906,#3920,#3939,#3952,#3965,#3977,#3989,
#4003,#4017,#4030,#4042,#4057,#4071,#4085,#4098,#4110,#4123,#4135));
#4137=CARTESIAN_POINT('',(-2.81E0,-1.45E0,2.525E0));
#4138=DIRECTION('',(1.E0,0.E0,0.E0));
#4139=DIRECTION('',(0.E0,-1.E0,0.E0));
#4140=AXIS2_PLACEMENT_3D('',#4137,#4138,#4139);
#4142=DIRECTION('',(0.E0,8.660254037844E-1,-5.E-1));
#4143=VECTOR('',#4142,3.464101615138E-1);
#4144=CARTESIAN_POINT('',(-2.81E0,-3.E-1,1.148205080757E0));
#4145=LINE('',#4144,#4143);
#4146=DIRECTION('',(0.E0,-1.942890293094E-14,1.E0));
#4147=VECTOR('',#4146,5.E-2);
#4148=CARTESIAN_POINT('',(-2.81E0,0.E0,9.75E-1));
#4149=LINE('',#4148,#4147);
#4150=DIRECTION('',(0.E0,1.E0,0.E0));
#4151=VECTOR('',#4150,1.2E0);
#4152=CARTESIAN_POINT('',(-2.81E0,0.E0,1.025E0));
#4153=LINE('',#4152,#4151);
#4154=DIRECTION('',(0.E0,0.E0,-1.E0));
#4155=VECTOR('',#4154,3.5E-1);
#4156=CARTESIAN_POINT('',(-2.81E0,1.2E0,1.025E0));
#4157=LINE('',#4156,#4155);
#4158=DIRECTION('',(0.E0,1.E0,0.E0));
#4159=VECTOR('',#4158,3.5E-1);
#4160=CARTESIAN_POINT('',(-2.81E0,1.2E0,6.75E-1));
#4161=LINE('',#4160,#4159);
#4162=DIRECTION('',(0.E0,0.E0,1.E0));
#4163=VECTOR('',#4162,1.344754218857E-1);
#4164=CARTESIAN_POINT('',(-2.81E0,1.55E0,6.75E-1));
#4165=LINE('',#4164,#4163);
#4166=CARTESIAN_POINT('',(-2.81E0,-3.3E0,2.025E0));
#4167=DIRECTION('',(1.E0,0.E0,0.E0));
#4168=DIRECTION('',(0.E0,9.7E-1,-2.431049156229E-1));
#4169=AXIS2_PLACEMENT_3D('',#4166,#4167,#4168);
#4171=DIRECTION('',(0.E0,0.E0,1.E0));
#4172=VECTOR('',#4171,1.344754218856E-1);
#4173=CARTESIAN_POINT('',(-2.81E0,1.55E0,3.240524578114E0));
#4174=LINE('',#4173,#4172);
#4175=DIRECTION('',(0.E0,-1.E0,0.E0));
#4176=VECTOR('',#4175,3.5E-1);
#4177=CARTESIAN_POINT('',(-2.81E0,1.55E0,3.375E0));
#4178=LINE('',#4177,#4176);
#4179=DIRECTION('',(0.E0,0.E0,-1.E0));
#4180=VECTOR('',#4179,3.5E-1);
#4181=CARTESIAN_POINT('',(-2.81E0,1.2E0,3.375E0));
#4182=LINE('',#4181,#4180);
#4183=DIRECTION('',(0.E0,-1.E0,0.E0));
#4184=VECTOR('',#4183,1.2E0);
#4185=CARTESIAN_POINT('',(-2.81E0,1.2E0,3.025E0));
#4186=LINE('',#4185,#4184);
#4187=DIRECTION('',(0.E0,0.E0,1.E0));
#4188=VECTOR('',#4187,5.E-2);
#4189=CARTESIAN_POINT('',(-2.81E0,0.E0,3.025E0));
#4190=LINE('',#4189,#4188);
#4191=DIRECTION('',(0.E0,-8.660254037844E-1,-5.E-1));
#4192=VECTOR('',#4191,3.464101615138E-1);
#4193=CARTESIAN_POINT('',(-2.81E0,0.E0,3.075E0));
#4194=LINE('',#4193,#4192);
#4195=DIRECTION('',(0.E0,3.521897425290E-14,-1.E0));
#4196=VECTOR('',#4195,2.679491924310E-2);
#4197=CARTESIAN_POINT('',(-2.81E0,-3.E-1,2.901794919243E0));
#4198=LINE('',#4197,#4196);
#4199=DIRECTION('',(0.E0,0.E0,-1.E0));
#4200=VECTOR('',#4199,1.035E1);
#4201=CARTESIAN_POINT('',(-2.81E0,-1.8E0,1.2875E1));
#4202=LINE('',#4201,#4200);
#4203=DIRECTION('',(1.E0,0.E0,0.E0));
#4204=VECTOR('',#4203,5.E-1);
#4205=CARTESIAN_POINT('',(-2.81E0,-1.8E0,2.525E0));
#4206=LINE('',#4205,#4204);
#4207=DIRECTION('',(-1.E0,0.E0,0.E0));
#4208=VECTOR('',#4207,5.E-1);
#4209=CARTESIAN_POINT('',(-2.31E0,-1.45E0,2.175E0));
#4210=LINE('',#4209,#4208);
#4211=DIRECTION('',(0.E0,0.E0,-1.E0));
#4212=VECTOR('',#4211,1.035E1);
#4213=CARTESIAN_POINT('',(-2.31E0,-1.8E0,1.2875E1));
#4214=LINE('',#4213,#4212);
#4215=DIRECTION('',(1.E0,0.E0,0.E0));
#4216=VECTOR('',#4215,5.E-1);
#4217=CARTESIAN_POINT('',(-2.81E0,-1.1E0,1.2875E1));
#4218=LINE('',#4217,#4216);
#4219=DIRECTION('',(0.E0,-1.E0,0.E0));
#4220=VECTOR('',#4219,7.E-1);
#4221=CARTESIAN_POINT('',(-2.31E0,-1.1E0,1.2875E1));
#4222=LINE('',#4221,#4220);
#4223=DIRECTION('',(-1.E0,0.E0,0.E0));
#4224=VECTOR('',#4223,5.E-1);
#4225=CARTESIAN_POINT('',(-2.31E0,-1.8E0,1.2875E1));
#4226=LINE('',#4225,#4224);
#4227=DIRECTION('',(0.E0,1.E0,0.E0));
#4228=VECTOR('',#4227,7.E-1);
#4229=CARTESIAN_POINT('',(-2.81E0,-1.8E0,1.2875E1));
#4230=LINE('',#4229,#4228);
#4231=DIRECTION('',(0.E0,0.E0,-1.E0));
#4232=VECTOR('',#4231,1.E1);
#4233=CARTESIAN_POINT('',(-2.81E0,-1.1E0,1.2875E1));
#4234=LINE('',#4233,#4232);
#4235=DIRECTION('',(-1.E0,0.E0,0.E0));
#4236=VECTOR('',#4235,5.E-1);
#4237=CARTESIAN_POINT('',(-2.31E0,-1.1E0,2.875E0));
#4238=LINE('',#4237,#4236);
#4239=DIRECTION('',(0.E0,1.E0,0.E0));
#4240=VECTOR('',#4239,8.E-1);
#4241=CARTESIAN_POINT('',(-2.81E0,-1.1E0,2.875E0));
#4242=LINE('',#4241,#4240);
#4243=DIRECTION('',(1.E0,0.E0,0.E0));
#4244=VECTOR('',#4243,5.E-1);
#4245=CARTESIAN_POINT('',(-2.81E0,-3.E-1,2.875E0));
#4246=LINE('',#4245,#4244);
#4247=CARTESIAN_POINT('',(-2.31E0,-1.45E0,2.525E0));
#4248=DIRECTION('',(-1.E0,0.E0,0.E0));
#4249=DIRECTION('',(0.E0,0.E0,-1.E0));
#4250=AXIS2_PLACEMENT_3D('',#4247,#4248,#4249);
#4252=DIRECTION('',(0.E0,0.E0,-1.E0));
#4253=VECTOR('',#4252,1.E1);
#4254=CARTESIAN_POINT('',(-2.31E0,-1.1E0,1.2875E1));
#4255=LINE('',#4254,#4253);
#4256=DIRECTION('',(0.E0,1.E0,0.E0));
#4257=VECTOR('',#4256,8.E-1);
#4258=CARTESIAN_POINT('',(-2.31E0,-1.1E0,2.875E0));
#4259=LINE('',#4258,#4257);
#4260=DIRECTION('',(0.E0,-3.521897425290E-14,1.E0));
#4261=VECTOR('',#4260,2.679491924310E-2);
#4262=CARTESIAN_POINT('',(-2.31E0,-3.E-1,2.875E0));
#4263=LINE('',#4262,#4261);
#4264=DIRECTION('',(0.E0,8.660254037844E-1,5.E-1));
#4265=VECTOR('',#4264,3.464101615138E-1);
#4266=CARTESIAN_POINT('',(-2.31E0,-3.E-1,2.901794919243E0));
#4267=LINE('',#4266,#4265);
#4268=DIRECTION('',(0.E0,0.E0,-1.E0));
#4269=VECTOR('',#4268,5.E-2);
#4270=CARTESIAN_POINT('',(-2.31E0,0.E0,3.075E0));
#4271=LINE('',#4270,#4269);
#4272=DIRECTION('',(0.E0,1.E0,0.E0));
#4273=VECTOR('',#4272,1.2E0);
#4274=CARTESIAN_POINT('',(-2.31E0,0.E0,3.025E0));
#4275=LINE('',#4274,#4273);
#4276=DIRECTION('',(0.E0,0.E0,1.E0));
#4277=VECTOR('',#4276,3.5E-1);
#4278=CARTESIAN_POINT('',(-2.31E0,1.2E0,3.025E0));
#4279=LINE('',#4278,#4277);
#4280=DIRECTION('',(0.E0,1.E0,0.E0));
#4281=VECTOR('',#4280,3.5E-1);
#4282=CARTESIAN_POINT('',(-2.31E0,1.2E0,3.375E0));
#4283=LINE('',#4282,#4281);
#4284=DIRECTION('',(0.E0,0.E0,-1.E0));
#4285=VECTOR('',#4284,1.344754218856E-1);
#4286=CARTESIAN_POINT('',(-2.31E0,1.55E0,3.375E0));
#4287=LINE('',#4286,#4285);
#4288=CARTESIAN_POINT('',(-2.31E0,-3.3E0,2.025E0));
#4289=DIRECTION('',(-1.E0,0.E0,0.E0));
#4290=DIRECTION('',(0.E0,9.7E-1,2.431049156229E-1));
#4291=AXIS2_PLACEMENT_3D('',#4288,#4289,#4290);
#4293=DIRECTION('',(0.E0,0.E0,-1.E0));
#4294=VECTOR('',#4293,1.344754218857E-1);
#4295=CARTESIAN_POINT('',(-2.31E0,1.55E0,8.094754218857E-1));
#4296=LINE('',#4295,#4294);
#4297=DIRECTION('',(0.E0,-1.E0,0.E0));
#4298=VECTOR('',#4297,3.5E-1);
#4299=CARTESIAN_POINT('',(-2.31E0,1.55E0,6.75E-1));
#4300=LINE('',#4299,#4298);
#4301=DIRECTION('',(0.E0,0.E0,1.E0));
#4302=VECTOR('',#4301,3.5E-1);
#4303=CARTESIAN_POINT('',(-2.31E0,1.2E0,6.75E-1));
#4304=LINE('',#4303,#4302);
#4305=DIRECTION('',(0.E0,-1.E0,0.E0));
#4306=VECTOR('',#4305,1.2E0);
#4307=CARTESIAN_POINT('',(-2.31E0,1.2E0,1.025E0));
#4308=LINE('',#4307,#4306);
#4309=DIRECTION('',(0.E0,1.942890293094E-14,-1.E0));
#4310=VECTOR('',#4309,5.E-2);
#4311=CARTESIAN_POINT('',(-2.31E0,0.E0,1.025E0));
#4312=LINE('',#4311,#4310);
#4313=DIRECTION('',(0.E0,-8.660254037844E-1,5.E-1));
#4314=VECTOR('',#4313,3.464101615138E-1);
#4315=CARTESIAN_POINT('',(-2.31E0,0.E0,9.75E-1));
#4316=LINE('',#4315,#4314);
#4317=DIRECTION('',(0.E0,0.E0,1.E0));
#4318=VECTOR('',#4317,1.026794919243E0);
#4319=CARTESIAN_POINT('',(-2.31E0,-3.E-1,1.148205080757E0));
#4320=LINE('',#4319,#4318);
#4321=DIRECTION('',(0.E0,-1.E0,0.E0));
#4322=VECTOR('',#4321,1.15E0);
#4323=CARTESIAN_POINT('',(-2.31E0,-3.E-1,2.175E0));
#4324=LINE('',#4323,#4322);
#4325=DIRECTION('',(1.E0,0.E0,0.E0));
#4326=VECTOR('',#4325,5.E-1);
#4327=CARTESIAN_POINT('',(-2.81E0,0.E0,3.075E0));
#4328=LINE('',#4327,#4326);
#4329=DIRECTION('',(-1.E0,0.E0,0.E0));
#4330=VECTOR('',#4329,5.E-1);
#4331=CARTESIAN_POINT('',(-2.31E0,-3.E-1,2.901794919243E0));
#4332=LINE('',#4331,#4330);
#4333=DIRECTION('',(-1.E0,0.E0,0.E0));
#4334=VECTOR('',#4333,5.E-1);
#4335=CARTESIAN_POINT('',(-2.31E0,0.E0,9.75E-1));
#4336=LINE('',#4335,#4334);
#4337=DIRECTION('',(-1.E0,0.E0,0.E0));
#4338=VECTOR('',#4337,5.E-1);
#4339=CARTESIAN_POINT('',(-2.31E0,-3.E-1,1.148205080757E0));
#4340=LINE('',#4339,#4338);
#4341=DIRECTION('',(0.E0,0.E0,1.E0));
#4342=VECTOR('',#4341,1.026794919243E0);
#4343=CARTESIAN_POINT('',(-2.81E0,-3.E-1,1.148205080757E0));
#4344=LINE('',#4343,#4342);
#4345=DIRECTION('',(-1.E0,0.E0,0.E0));
#4346=VECTOR('',#4345,5.E-1);
#4347=CARTESIAN_POINT('',(-2.31E0,-3.E-1,2.175E0));
#4348=LINE('',#4347,#4346);
#4349=DIRECTION('',(0.E0,-1.E0,0.E0));
#4350=VECTOR('',#4349,1.15E0);
#4351=CARTESIAN_POINT('',(-2.81E0,-3.E-1,2.175E0));
#4352=LINE('',#4351,#4350);
#4353=CARTESIAN_POINT('',(-2.81E0,-1.8E0,2.525E0));
#4354=CARTESIAN_POINT('',(-2.81E0,-1.45E0,2.175E0));
#4355=VERTEX_POINT('',#4353);
#4356=VERTEX_POINT('',#4354);
#4357=CARTESIAN_POINT('',(-2.81E0,-3.E-1,2.175E0));
#4358=VERTEX_POINT('',#4357);
#4359=CARTESIAN_POINT('',(-2.81E0,-3.E-1,1.148205080757E0));
#4360=VERTEX_POINT('',#4359);
#4361=CARTESIAN_POINT('',(-2.81E0,0.E0,9.75E-1));
#4362=VERTEX_POINT('',#4361);
#4363=CARTESIAN_POINT('',(-2.81E0,0.E0,1.025E0));
#4364=VERTEX_POINT('',#4363);
#4365=CARTESIAN_POINT('',(-2.81E0,1.2E0,1.025E0));
#4366=VERTEX_POINT('',#4365);
#4367=CARTESIAN_POINT('',(-2.81E0,1.2E0,6.75E-1));
#4368=VERTEX_POINT('',#4367);
#4369=CARTESIAN_POINT('',(-2.81E0,1.55E0,6.75E-1));
#4370=VERTEX_POINT('',#4369);
#4371=CARTESIAN_POINT('',(-2.81E0,1.55E0,8.094754218857E-1));
#4372=VERTEX_POINT('',#4371);
#4373=CARTESIAN_POINT('',(-2.81E0,1.55E0,3.240524578114E0));
#4374=VERTEX_POINT('',#4373);
#4375=CARTESIAN_POINT('',(-2.81E0,1.55E0,3.375E0));
#4376=VERTEX_POINT('',#4375);
#4377=CARTESIAN_POINT('',(-2.81E0,1.2E0,3.375E0));
#4378=VERTEX_POINT('',#4377);
#4379=CARTESIAN_POINT('',(-2.81E0,1.2E0,3.025E0));
#4380=VERTEX_POINT('',#4379);
#4381=CARTESIAN_POINT('',(-2.81E0,0.E0,3.025E0));
#4382=VERTEX_POINT('',#4381);
#4383=CARTESIAN_POINT('',(-2.81E0,0.E0,3.075E0));
#4384=VERTEX_POINT('',#4383);
#4385=CARTESIAN_POINT('',(-2.81E0,-3.E-1,2.901794919243E0));
#4386=VERTEX_POINT('',#4385);
#4387=CARTESIAN_POINT('',(-2.81E0,-3.E-1,2.875E0));
#4388=VERTEX_POINT('',#4387);
#4389=CARTESIAN_POINT('',(-2.81E0,-1.1E0,2.875E0));
#4390=VERTEX_POINT('',#4389);
#4391=CARTESIAN_POINT('',(-2.81E0,-1.1E0,1.2875E1));
#4392=VERTEX_POINT('',#4391);
#4393=CARTESIAN_POINT('',(-2.81E0,-1.8E0,1.2875E1));
#4394=VERTEX_POINT('',#4393);
#4395=CARTESIAN_POINT('',(-2.31E0,-1.8E0,2.525E0));
#4396=VERTEX_POINT('',#4395);
#4397=CARTESIAN_POINT('',(-2.31E0,-1.45E0,2.175E0));
#4398=VERTEX_POINT('',#4397);
#4399=CARTESIAN_POINT('',(-2.31E0,-1.8E0,1.2875E1));
#4400=VERTEX_POINT('',#4399);
#4401=CARTESIAN_POINT('',(-2.31E0,-1.1E0,1.2875E1));
#4402=VERTEX_POINT('',#4401);
#4403=CARTESIAN_POINT('',(-2.31E0,-1.1E0,2.875E0));
#4404=VERTEX_POINT('',#4403);
#4405=CARTESIAN_POINT('',(-2.31E0,-3.E-1,2.875E0));
#4406=VERTEX_POINT('',#4405);
#4407=CARTESIAN_POINT('',(-2.31E0,-3.E-1,2.901794919243E0));
#4408=VERTEX_POINT('',#4407);
#4409=CARTESIAN_POINT('',(-2.31E0,-3.E-1,2.175E0));
#4410=VERTEX_POINT('',#4409);
#4411=CARTESIAN_POINT('',(-2.31E0,-3.E-1,1.148205080757E0));
#4412=VERTEX_POINT('',#4411);
#4413=CARTESIAN_POINT('',(-2.31E0,0.E0,3.075E0));
#4414=VERTEX_POINT('',#4413);
#4415=CARTESIAN_POINT('',(-2.31E0,0.E0,3.025E0));
#4416=VERTEX_POINT('',#4415);
#4417=CARTESIAN_POINT('',(-2.31E0,1.2E0,3.025E0));
#4418=VERTEX_POINT('',#4417);
#4419=CARTESIAN_POINT('',(-2.31E0,1.2E0,3.375E0));
#4420=VERTEX_POINT('',#4419);
#4421=CARTESIAN_POINT('',(-2.31E0,1.55E0,3.375E0));
#4422=VERTEX_POINT('',#4421);
#4423=CARTESIAN_POINT('',(-2.31E0,1.55E0,3.240524578114E0));
#4424=VERTEX_POINT('',#4423);
#4425=CARTESIAN_POINT('',(-2.31E0,1.55E0,8.094754218857E-1));
#4426=VERTEX_POINT('',#4425);
#4427=CARTESIAN_POINT('',(-2.31E0,1.55E0,6.75E-1));
#4428=VERTEX_POINT('',#4427);
#4429=CARTESIAN_POINT('',(-2.31E0,1.2E0,6.75E-1));
#4430=VERTEX_POINT('',#4429);
#4431=CARTESIAN_POINT('',(-2.31E0,1.2E0,1.025E0));
#4432=VERTEX_POINT('',#4431);
#4433=CARTESIAN_POINT('',(-2.31E0,0.E0,1.025E0));
#4434=VERTEX_POINT('',#4433);
#4435=CARTESIAN_POINT('',(-2.31E0,0.E0,9.75E-1));
#4436=VERTEX_POINT('',#4435);
#4437=CARTESIAN_POINT('',(-2.81E0,-3.E-1,2.025E0));
#4438=DIRECTION('',(1.E0,0.E0,0.E0));
#4439=DIRECTION('',(0.E0,0.E0,-1.E0));
#4440=AXIS2_PLACEMENT_3D('',#4437,#4438,#4439);
#4441=PLANE('',#4440);
#4443=ORIENTED_EDGE('',*,*,#4442,.T.);
#4445=ORIENTED_EDGE('',*,*,#4444,.F.);
#4447=ORIENTED_EDGE('',*,*,#4446,.F.);
#4449=ORIENTED_EDGE('',*,*,#4448,.T.);
#4451=ORIENTED_EDGE('',*,*,#4450,.T.);
#4453=ORIENTED_EDGE('',*,*,#4452,.T.);
#4455=ORIENTED_EDGE('',*,*,#4454,.T.);
#4457=ORIENTED_EDGE('',*,*,#4456,.T.);
#4459=ORIENTED_EDGE('',*,*,#4458,.T.);
#4461=ORIENTED_EDGE('',*,*,#4460,.T.);
#4463=ORIENTED_EDGE('',*,*,#4462,.T.);
#4465=ORIENTED_EDGE('',*,*,#4464,.T.);
#4467=ORIENTED_EDGE('',*,*,#4466,.T.);
#4469=ORIENTED_EDGE('',*,*,#4468,.T.);
#4471=ORIENTED_EDGE('',*,*,#4470,.T.);
#4473=ORIENTED_EDGE('',*,*,#4472,.T.);
#4475=ORIENTED_EDGE('',*,*,#4474,.T.);
#4477=ORIENTED_EDGE('',*,*,#4476,.F.);
#4479=ORIENTED_EDGE('',*,*,#4478,.F.);
#4481=ORIENTED_EDGE('',*,*,#4480,.F.);
#4483=ORIENTED_EDGE('',*,*,#4482,.T.);
#4484=EDGE_LOOP('',(#4443,#4445,#4447,#4449,#4451,#4453,#4455,#4457,#4459,#4461,
#4463,#4465,#4467,#4469,#4471,#4473,#4475,#4477,#4479,#4481,#4483));
#4485=FACE_OUTER_BOUND('',#4484,.F.);
#4486=ADVANCED_FACE('',(#4485),#4441,.F.);
#4487=CARTESIAN_POINT('',(-1.6582E0,-1.45E0,2.525E0));
#4488=DIRECTION('',(-1.E0,0.E0,0.E0));
#4489=DIRECTION('',(0.E0,0.E0,-1.E0));
#4490=AXIS2_PLACEMENT_3D('',#4487,#4488,#4489);
#4491=CYLINDRICAL_SURFACE('',#4490,3.5E-1);
#4492=ORIENTED_EDGE('',*,*,#4442,.F.);
#4494=ORIENTED_EDGE('',*,*,#4493,.T.);
#4496=ORIENTED_EDGE('',*,*,#4495,.F.);
#4498=ORIENTED_EDGE('',*,*,#4497,.T.);
#4499=EDGE_LOOP('',(#4492,#4494,#4496,#4498));
#4500=FACE_OUTER_BOUND('',#4499,.F.);
#4501=ADVANCED_FACE('',(#4500),#4491,.T.);
#4502=CARTESIAN_POINT('',(-2.81E0,-1.8E0,2.875E0));
#4503=DIRECTION('',(0.E0,-1.E0,0.E0));
#4504=DIRECTION('',(0.E0,0.E0,-1.E0));
#4505=AXIS2_PLACEMENT_3D('',#4502,#4503,#4504);
#4506=PLANE('',#4505);
#4507=ORIENTED_EDGE('',*,*,#4493,.F.);
#4508=ORIENTED_EDGE('',*,*,#4482,.F.);
#4510=ORIENTED_EDGE('',*,*,#4509,.F.);
#4512=ORIENTED_EDGE('',*,*,#4511,.T.);
#4513=EDGE_LOOP('',(#4507,#4508,#4510,#4512));
#4514=FACE_OUTER_BOUND('',#4513,.F.);
#4515=ADVANCED_FACE('',(#4514),#4506,.T.);
#4516=CARTESIAN_POINT('',(-2.81E0,-3.E-1,1.2875E1));
#4517=DIRECTION('',(0.E0,0.E0,1.E0));
#4518=DIRECTION('',(0.E0,-1.E0,0.E0));
#4519=AXIS2_PLACEMENT_3D('',#4516,#4517,#4518);
#4520=PLANE('',#4519);
#4522=ORIENTED_EDGE('',*,*,#4521,.T.);
#4524=ORIENTED_EDGE('',*,*,#4523,.T.);
#4525=ORIENTED_EDGE('',*,*,#4509,.T.);
#4526=ORIENTED_EDGE('',*,*,#4480,.T.);
#4527=EDGE_LOOP('',(#4522,#4524,#4525,#4526));
#4528=FACE_OUTER_BOUND('',#4527,.F.);
#4529=ADVANCED_FACE('',(#4528),#4520,.T.);
#4530=CARTESIAN_POINT('',(-2.31E0,-1.1E0,2.875E0));
#4531=DIRECTION('',(0.E0,1.E0,0.E0));
#4532=DIRECTION('',(-1.E0,0.E0,0.E0));
#4533=AXIS2_PLACEMENT_3D('',#4530,#4531,#4532);
#4534=PLANE('',#4533);
#4536=ORIENTED_EDGE('',*,*,#4535,.F.);
#4538=ORIENTED_EDGE('',*,*,#4537,.F.);
#4539=ORIENTED_EDGE('',*,*,#4521,.F.);
#4540=ORIENTED_EDGE('',*,*,#4478,.T.);
#4541=EDGE_LOOP('',(#4536,#4538,#4539,#4540));
#4542=FACE_OUTER_BOUND('',#4541,.F.);
#4543=ADVANCED_FACE('',(#4542),#4534,.T.);
#4544=CARTESIAN_POINT('',(-2.81E0,-3.E-1,2.875E0));
#4545=DIRECTION('',(0.E0,0.E0,1.E0));
#4546=DIRECTION('',(0.E0,-1.E0,0.E0));
#4547=AXIS2_PLACEMENT_3D('',#4544,#4545,#4546);
#4548=PLANE('',#4547);
#4549=ORIENTED_EDGE('',*,*,#4535,.T.);
#4550=ORIENTED_EDGE('',*,*,#4476,.T.);
#4552=ORIENTED_EDGE('',*,*,#4551,.T.);
#4554=ORIENTED_EDGE('',*,*,#4553,.F.);
#4555=EDGE_LOOP('',(#4549,#4550,#4552,#4554));
#4556=FACE_OUTER_BOUND('',#4555,.F.);
#4557=ADVANCED_FACE('',(#4556),#4548,.T.);
#4558=CARTESIAN_POINT('',(-2.31E0,-3.E-1,2.025E0));
#4559=DIRECTION('',(1.E0,0.E0,0.E0));
#4560=DIRECTION('',(0.E0,0.E0,-1.E0));
#4561=AXIS2_PLACEMENT_3D('',#4558,#4559,#4560);
#4562=PLANE('',#4561);
#4563=ORIENTED_EDGE('',*,*,#4495,.T.);
#4564=ORIENTED_EDGE('',*,*,#4511,.F.);
#4565=ORIENTED_EDGE('',*,*,#4523,.F.);
#4566=ORIENTED_EDGE('',*,*,#4537,.T.);
#4567=ORIENTED_EDGE('',*,*,#4553,.T.);
#4569=ORIENTED_EDGE('',*,*,#4568,.T.);
#4571=ORIENTED_EDGE('',*,*,#4570,.T.);
#4573=ORIENTED_EDGE('',*,*,#4572,.T.);
#4575=ORIENTED_EDGE('',*,*,#4574,.T.);
#4577=ORIENTED_EDGE('',*,*,#4576,.T.);
#4579=ORIENTED_EDGE('',*,*,#4578,.T.);
#4581=ORIENTED_EDGE('',*,*,#4580,.T.);
#4583=ORIENTED_EDGE('',*,*,#4582,.T.);
#4585=ORIENTED_EDGE('',*,*,#4584,.T.);
#4587=ORIENTED_EDGE('',*,*,#4586,.T.);
#4589=ORIENTED_EDGE('',*,*,#4588,.T.);
#4591=ORIENTED_EDGE('',*,*,#4590,.T.);
#4593=ORIENTED_EDGE('',*,*,#4592,.T.);
#4595=ORIENTED_EDGE('',*,*,#4594,.T.);
#4597=ORIENTED_EDGE('',*,*,#4596,.T.);
#4599=ORIENTED_EDGE('',*,*,#4598,.T.);
#4600=EDGE_LOOP('',(#4563,#4564,#4565,#4566,#4567,#4569,#4571,#4573,#4575,#4577,
#4579,#4581,#4583,#4585,#4587,#4589,#4591,#4593,#4595,#4597,#4599));
#4601=FACE_OUTER_BOUND('',#4600,.F.);
#4602=ADVANCED_FACE('',(#4601),#4562,.T.);
#4603=CARTESIAN_POINT('',(-2.81E0,0.E0,3.075E0));
#4604=DIRECTION('',(0.E0,-5.E-1,8.660254037844E-1));
#4605=DIRECTION('',(0.E0,-8.660254037844E-1,-5.E-1));
#4606=AXIS2_PLACEMENT_3D('',#4603,#4604,#4605);
#4607=PLANE('',#4606);
#4608=ORIENTED_EDGE('',*,*,#4472,.F.);
#4610=ORIENTED_EDGE('',*,*,#4609,.T.);
#4611=ORIENTED_EDGE('',*,*,#4570,.F.);
#4613=ORIENTED_EDGE('',*,*,#4612,.T.);
#4614=EDGE_LOOP('',(#4608,#4610,#4611,#4613));
#4615=FACE_OUTER_BOUND('',#4614,.F.);
#4616=ADVANCED_FACE('',(#4615),#4607,.T.);
#4617=CARTESIAN_POINT('',(-2.81E0,-3.E-1,1.148205080757E0));
#4618=DIRECTION('',(0.E0,-5.E-1,-8.660254037844E-1));
#4619=DIRECTION('',(0.E0,8.660254037844E-1,-5.E-1));
#4620=AXIS2_PLACEMENT_3D('',#4617,#4618,#4619);
#4621=PLANE('',#4620);
#4622=ORIENTED_EDGE('',*,*,#4448,.F.);
#4624=ORIENTED_EDGE('',*,*,#4623,.F.);
#4625=ORIENTED_EDGE('',*,*,#4594,.F.);
#4627=ORIENTED_EDGE('',*,*,#4626,.T.);
#4628=EDGE_LOOP('',(#4622,#4624,#4625,#4627));
#4629=FACE_OUTER_BOUND('',#4628,.F.);
#4630=ADVANCED_FACE('',(#4629),#4621,.T.);
#4631=CARTESIAN_POINT('',(-2.81E0,-3.E-1,2.901794919243E0));
#4632=DIRECTION('',(0.E0,-1.E0,0.E0));
#4633=DIRECTION('',(0.E0,0.E0,-1.E0));
#4634=AXIS2_PLACEMENT_3D('',#4631,#4632,#4633);
#4635=PLANE('',#4634);
#4637=ORIENTED_EDGE('',*,*,#4636,.F.);
#4638=ORIENTED_EDGE('',*,*,#4596,.F.);
#4639=ORIENTED_EDGE('',*,*,#4623,.T.);
#4640=ORIENTED_EDGE('',*,*,#4446,.T.);
#4641=EDGE_LOOP('',(#4637,#4638,#4639,#4640));
#4642=FACE_OUTER_BOUND('',#4641,.F.);
#4643=ADVANCED_FACE('',(#4642),#4635,.T.);
#4644=CARTESIAN_POINT('',(-2.81E0,-1.8E0,2.175E0));
#4645=DIRECTION('',(0.E0,0.E0,-1.E0));
#4646=DIRECTION('',(0.E0,1.E0,0.E0));
#4647=AXIS2_PLACEMENT_3D('',#4644,#4645,#4646);
#4648=PLANE('',#4647);
#4649=ORIENTED_EDGE('',*,*,#4497,.F.);
#4650=ORIENTED_EDGE('',*,*,#4598,.F.);
#4651=ORIENTED_EDGE('',*,*,#4636,.T.);
#4652=ORIENTED_EDGE('',*,*,#4444,.T.);
#4653=EDGE_LOOP('',(#4649,#4650,#4651,#4652));
#4654=FACE_OUTER_BOUND('',#4653,.F.);
#4655=ADVANCED_FACE('',(#4654),#4648,.T.);
#4656=OPEN_SHELL('',(#4486,#4501,#4515,#4529,#4543,#4557,#4602,#4616,#4630,
#4643,#4655));
#4657=CARTESIAN_POINT('',(-2.7E-1,-1.45E0,2.525E0));
#4658=DIRECTION('',(1.E0,0.E0,0.E0));
#4659=DIRECTION('',(0.E0,-1.E0,0.E0));
#4660=AXIS2_PLACEMENT_3D('',#4657,#4658,#4659);
#4662=DIRECTION('',(0.E0,8.660254037844E-1,-5.E-1));
#4663=VECTOR('',#4662,3.464101615138E-1);
#4664=CARTESIAN_POINT('',(-2.7E-1,-3.E-1,1.148205080757E0));
#4665=LINE('',#4664,#4663);
#4666=DIRECTION('',(0.E0,-1.942890293094E-14,1.E0));
#4667=VECTOR('',#4666,5.E-2);
#4668=CARTESIAN_POINT('',(-2.7E-1,0.E0,9.75E-1));
#4669=LINE('',#4668,#4667);
#4670=DIRECTION('',(0.E0,1.E0,0.E0));
#4671=VECTOR('',#4670,1.2E0);
#4672=CARTESIAN_POINT('',(-2.7E-1,0.E0,1.025E0));
#4673=LINE('',#4672,#4671);
#4674=DIRECTION('',(0.E0,0.E0,-1.E0));
#4675=VECTOR('',#4674,3.5E-1);
#4676=CARTESIAN_POINT('',(-2.7E-1,1.2E0,1.025E0));
#4677=LINE('',#4676,#4675);
#4678=DIRECTION('',(0.E0,1.E0,0.E0));
#4679=VECTOR('',#4678,3.5E-1);
#4680=CARTESIAN_POINT('',(-2.7E-1,1.2E0,6.75E-1));
#4681=LINE('',#4680,#4679);
#4682=DIRECTION('',(0.E0,0.E0,1.E0));
#4683=VECTOR('',#4682,1.344754218857E-1);
#4684=CARTESIAN_POINT('',(-2.7E-1,1.55E0,6.75E-1));
#4685=LINE('',#4684,#4683);
#4686=CARTESIAN_POINT('',(-2.7E-1,-3.3E0,2.025E0));
#4687=DIRECTION('',(1.E0,0.E0,0.E0));
#4688=DIRECTION('',(0.E0,9.7E-1,-2.431049156229E-1));
#4689=AXIS2_PLACEMENT_3D('',#4686,#4687,#4688);
#4691=DIRECTION('',(0.E0,0.E0,1.E0));
#4692=VECTOR('',#4691,1.344754218856E-1);
#4693=CARTESIAN_POINT('',(-2.7E-1,1.55E0,3.240524578114E0));
#4694=LINE('',#4693,#4692);
#4695=DIRECTION('',(0.E0,-1.E0,0.E0));
#4696=VECTOR('',#4695,3.5E-1);
#4697=CARTESIAN_POINT('',(-2.7E-1,1.55E0,3.375E0));
#4698=LINE('',#4697,#4696);
#4699=DIRECTION('',(0.E0,0.E0,-1.E0));
#4700=VECTOR('',#4699,3.5E-1);
#4701=CARTESIAN_POINT('',(-2.7E-1,1.2E0,3.375E0));
#4702=LINE('',#4701,#4700);
#4703=DIRECTION('',(0.E0,-1.E0,0.E0));
#4704=VECTOR('',#4703,1.2E0);
#4705=CARTESIAN_POINT('',(-2.7E-1,1.2E0,3.025E0));
#4706=LINE('',#4705,#4704);
#4707=DIRECTION('',(0.E0,0.E0,1.E0));
#4708=VECTOR('',#4707,5.E-2);
#4709=CARTESIAN_POINT('',(-2.7E-1,0.E0,3.025E0));
#4710=LINE('',#4709,#4708);
#4711=DIRECTION('',(0.E0,-8.660254037844E-1,-5.E-1));
#4712=VECTOR('',#4711,3.464101615138E-1);
#4713=CARTESIAN_POINT('',(-2.7E-1,0.E0,3.075E0));
#4714=LINE('',#4713,#4712);
#4715=DIRECTION('',(0.E0,3.521897425290E-14,-1.E0));
#4716=VECTOR('',#4715,2.679491924310E-2);
#4717=CARTESIAN_POINT('',(-2.7E-1,-3.E-1,2.901794919243E0));
#4718=LINE('',#4717,#4716);
#4719=DIRECTION('',(0.E0,0.E0,-1.E0));
#4720=VECTOR('',#4719,1.035E1);
#4721=CARTESIAN_POINT('',(-2.7E-1,-1.8E0,1.2875E1));
#4722=LINE('',#4721,#4720);
#4723=DIRECTION('',(1.E0,0.E0,0.E0));
#4724=VECTOR('',#4723,5.E-1);
#4725=CARTESIAN_POINT('',(-2.7E-1,-1.8E0,2.525E0));
#4726=LINE('',#4725,#4724);
#4727=DIRECTION('',(-1.E0,0.E0,0.E0));
#4728=VECTOR('',#4727,5.E-1);
#4729=CARTESIAN_POINT('',(2.3E-1,-1.45E0,2.175E0));
#4730=LINE('',#4729,#4728);
#4731=DIRECTION('',(0.E0,0.E0,-1.E0));
#4732=VECTOR('',#4731,1.035E1);
#4733=CARTESIAN_POINT('',(2.3E-1,-1.8E0,1.2875E1));
#4734=LINE('',#4733,#4732);
#4735=DIRECTION('',(1.E0,0.E0,0.E0));
#4736=VECTOR('',#4735,5.E-1);
#4737=CARTESIAN_POINT('',(-2.7E-1,-1.1E0,1.2875E1));
#4738=LINE('',#4737,#4736);
#4739=DIRECTION('',(0.E0,-1.E0,0.E0));
#4740=VECTOR('',#4739,7.E-1);
#4741=CARTESIAN_POINT('',(2.3E-1,-1.1E0,1.2875E1));
#4742=LINE('',#4741,#4740);
#4743=DIRECTION('',(-1.E0,0.E0,0.E0));
#4744=VECTOR('',#4743,5.E-1);
#4745=CARTESIAN_POINT('',(2.3E-1,-1.8E0,1.2875E1));
#4746=LINE('',#4745,#4744);
#4747=DIRECTION('',(0.E0,1.E0,0.E0));
#4748=VECTOR('',#4747,7.E-1);
#4749=CARTESIAN_POINT('',(-2.7E-1,-1.8E0,1.2875E1));
#4750=LINE('',#4749,#4748);
#4751=DIRECTION('',(0.E0,0.E0,-1.E0));
#4752=VECTOR('',#4751,1.E1);
#4753=CARTESIAN_POINT('',(-2.7E-1,-1.1E0,1.2875E1));
#4754=LINE('',#4753,#4752);
#4755=DIRECTION('',(-1.E0,0.E0,0.E0));
#4756=VECTOR('',#4755,5.E-1);
#4757=CARTESIAN_POINT('',(2.3E-1,-1.1E0,2.875E0));
#4758=LINE('',#4757,#4756);
#4759=DIRECTION('',(0.E0,1.E0,0.E0));
#4760=VECTOR('',#4759,8.E-1);
#4761=CARTESIAN_POINT('',(-2.7E-1,-1.1E0,2.875E0));
#4762=LINE('',#4761,#4760);
#4763=DIRECTION('',(1.E0,0.E0,0.E0));
#4764=VECTOR('',#4763,5.E-1);
#4765=CARTESIAN_POINT('',(-2.7E-1,-3.E-1,2.875E0));
#4766=LINE('',#4765,#4764);
#4767=CARTESIAN_POINT('',(2.3E-1,-1.45E0,2.525E0));
#4768=DIRECTION('',(-1.E0,0.E0,0.E0));
#4769=DIRECTION('',(0.E0,0.E0,-1.E0));
#4770=AXIS2_PLACEMENT_3D('',#4767,#4768,#4769);
#4772=DIRECTION('',(0.E0,0.E0,-1.E0));
#4773=VECTOR('',#4772,1.E1);
#4774=CARTESIAN_POINT('',(2.3E-1,-1.1E0,1.2875E1));
#4775=LINE('',#4774,#4773);
#4776=DIRECTION('',(0.E0,1.E0,0.E0));
#4777=VECTOR('',#4776,8.E-1);
#4778=CARTESIAN_POINT('',(2.3E-1,-1.1E0,2.875E0));
#4779=LINE('',#4778,#4777);
#4780=DIRECTION('',(0.E0,-3.521897425290E-14,1.E0));
#4781=VECTOR('',#4780,2.679491924310E-2);
#4782=CARTESIAN_POINT('',(2.3E-1,-3.E-1,2.875E0));
#4783=LINE('',#4782,#4781);
#4784=DIRECTION('',(0.E0,8.660254037844E-1,5.E-1));
#4785=VECTOR('',#4784,3.464101615138E-1);
#4786=CARTESIAN_POINT('',(2.3E-1,-3.E-1,2.901794919243E0));
#4787=LINE('',#4786,#4785);
#4788=DIRECTION('',(0.E0,0.E0,-1.E0));
#4789=VECTOR('',#4788,5.E-2);
#4790=CARTESIAN_POINT('',(2.3E-1,0.E0,3.075E0));
#4791=LINE('',#4790,#4789);
#4792=DIRECTION('',(0.E0,1.E0,0.E0));
#4793=VECTOR('',#4792,1.2E0);
#4794=CARTESIAN_POINT('',(2.3E-1,0.E0,3.025E0));
#4795=LINE('',#4794,#4793);
#4796=DIRECTION('',(0.E0,0.E0,1.E0));
#4797=VECTOR('',#4796,3.5E-1);
#4798=CARTESIAN_POINT('',(2.3E-1,1.2E0,3.025E0));
#4799=LINE('',#4798,#4797);
#4800=DIRECTION('',(0.E0,1.E0,0.E0));
#4801=VECTOR('',#4800,3.5E-1);
#4802=CARTESIAN_POINT('',(2.3E-1,1.2E0,3.375E0));
#4803=LINE('',#4802,#4801);
#4804=DIRECTION('',(0.E0,0.E0,-1.E0));
#4805=VECTOR('',#4804,1.344754218856E-1);
#4806=CARTESIAN_POINT('',(2.3E-1,1.55E0,3.375E0));
#4807=LINE('',#4806,#4805);
#4808=CARTESIAN_POINT('',(2.3E-1,-3.3E0,2.025E0));
#4809=DIRECTION('',(-1.E0,0.E0,0.E0));
#4810=DIRECTION('',(0.E0,9.7E-1,2.431049156229E-1));
#4811=AXIS2_PLACEMENT_3D('',#4808,#4809,#4810);
#4813=DIRECTION('',(0.E0,0.E0,-1.E0));
#4814=VECTOR('',#4813,1.344754218857E-1);
#4815=CARTESIAN_POINT('',(2.3E-1,1.55E0,8.094754218857E-1));
#4816=LINE('',#4815,#4814);
#4817=DIRECTION('',(0.E0,-1.E0,0.E0));
#4818=VECTOR('',#4817,3.5E-1);
#4819=CARTESIAN_POINT('',(2.3E-1,1.55E0,6.75E-1));
#4820=LINE('',#4819,#4818);
#4821=DIRECTION('',(0.E0,0.E0,1.E0));
#4822=VECTOR('',#4821,3.5E-1);
#4823=CARTESIAN_POINT('',(2.3E-1,1.2E0,6.75E-1));
#4824=LINE('',#4823,#4822);
#4825=DIRECTION('',(0.E0,-1.E0,0.E0));
#4826=VECTOR('',#4825,1.2E0);
#4827=CARTESIAN_POINT('',(2.3E-1,1.2E0,1.025E0));
#4828=LINE('',#4827,#4826);
#4829=DIRECTION('',(0.E0,1.942890293094E-14,-1.E0));
#4830=VECTOR('',#4829,5.E-2);
#4831=CARTESIAN_POINT('',(2.3E-1,0.E0,1.025E0));
#4832=LINE('',#4831,#4830);
#4833=DIRECTION('',(0.E0,-8.660254037844E-1,5.E-1));
#4834=VECTOR('',#4833,3.464101615138E-1);
#4835=CARTESIAN_POINT('',(2.3E-1,0.E0,9.75E-1));
#4836=LINE('',#4835,#4834);
#4837=DIRECTION('',(0.E0,0.E0,1.E0));
#4838=VECTOR('',#4837,1.026794919243E0);
#4839=CARTESIAN_POINT('',(2.3E-1,-3.E-1,1.148205080757E0));
#4840=LINE('',#4839,#4838);
#4841=DIRECTION('',(0.E0,-1.E0,0.E0));
#4842=VECTOR('',#4841,1.15E0);
#4843=CARTESIAN_POINT('',(2.3E-1,-3.E-1,2.175E0));
#4844=LINE('',#4843,#4842);
#4845=DIRECTION('',(1.E0,0.E0,0.E0));
#4846=VECTOR('',#4845,5.E-1);
#4847=CARTESIAN_POINT('',(-2.7E-1,0.E0,3.075E0));
#4848=LINE('',#4847,#4846);
#4849=DIRECTION('',(-1.E0,0.E0,0.E0));
#4850=VECTOR('',#4849,5.E-1);
#4851=CARTESIAN_POINT('',(2.3E-1,-3.E-1,2.901794919243E0));
#4852=LINE('',#4851,#4850);
#4853=DIRECTION('',(-1.E0,0.E0,0.E0));
#4854=VECTOR('',#4853,5.E-1);
#4855=CARTESIAN_POINT('',(2.3E-1,0.E0,9.75E-1));
#4856=LINE('',#4855,#4854);
#4857=DIRECTION('',(-1.E0,0.E0,0.E0));
#4858=VECTOR('',#4857,5.E-1);
#4859=CARTESIAN_POINT('',(2.3E-1,-3.E-1,1.148205080757E0));
#4860=LINE('',#4859,#4858);
#4861=DIRECTION('',(0.E0,0.E0,1.E0));
#4862=VECTOR('',#4861,1.026794919243E0);
#4863=CARTESIAN_POINT('',(-2.7E-1,-3.E-1,1.148205080757E0));
#4864=LINE('',#4863,#4862);
#4865=DIRECTION('',(-1.E0,0.E0,0.E0));
#4866=VECTOR('',#4865,5.E-1);
#4867=CARTESIAN_POINT('',(2.3E-1,-3.E-1,2.175E0));
#4868=LINE('',#4867,#4866);
#4869=DIRECTION('',(0.E0,-1.E0,0.E0));
#4870=VECTOR('',#4869,1.15E0);
#4871=CARTESIAN_POINT('',(-2.7E-1,-3.E-1,2.175E0));
#4872=LINE('',#4871,#4870);
#4873=CARTESIAN_POINT('',(-2.7E-1,-1.8E0,2.525E0));
#4874=CARTESIAN_POINT('',(-2.7E-1,-1.45E0,2.175E0));
#4875=VERTEX_POINT('',#4873);
#4876=VERTEX_POINT('',#4874);
#4877=CARTESIAN_POINT('',(-2.7E-1,-3.E-1,2.175E0));
#4878=VERTEX_POINT('',#4877);
#4879=CARTESIAN_POINT('',(-2.7E-1,-3.E-1,1.148205080757E0));
#4880=VERTEX_POINT('',#4879);
#4881=CARTESIAN_POINT('',(-2.7E-1,0.E0,9.75E-1));
#4882=VERTEX_POINT('',#4881);
#4883=CARTESIAN_POINT('',(-2.7E-1,0.E0,1.025E0));
#4884=VERTEX_POINT('',#4883);
#4885=CARTESIAN_POINT('',(-2.7E-1,1.2E0,1.025E0));
#4886=VERTEX_POINT('',#4885);
#4887=CARTESIAN_POINT('',(-2.7E-1,1.2E0,6.75E-1));
#4888=VERTEX_POINT('',#4887);
#4889=CARTESIAN_POINT('',(-2.7E-1,1.55E0,6.75E-1));
#4890=VERTEX_POINT('',#4889);
#4891=CARTESIAN_POINT('',(-2.7E-1,1.55E0,8.094754218857E-1));
#4892=VERTEX_POINT('',#4891);
#4893=CARTESIAN_POINT('',(-2.7E-1,1.55E0,3.240524578114E0));
#4894=VERTEX_POINT('',#4893);
#4895=CARTESIAN_POINT('',(-2.7E-1,1.55E0,3.375E0));
#4896=VERTEX_POINT('',#4895);
#4897=CARTESIAN_POINT('',(-2.7E-1,1.2E0,3.375E0));
#4898=VERTEX_POINT('',#4897);
#4899=CARTESIAN_POINT('',(-2.7E-1,1.2E0,3.025E0));
#4900=VERTEX_POINT('',#4899);
#4901=CARTESIAN_POINT('',(-2.7E-1,0.E0,3.025E0));
#4902=VERTEX_POINT('',#4901);
#4903=CARTESIAN_POINT('',(-2.7E-1,0.E0,3.075E0));
#4904=VERTEX_POINT('',#4903);
#4905=CARTESIAN_POINT('',(-2.7E-1,-3.E-1,2.901794919243E0));
#4906=VERTEX_POINT('',#4905);
#4907=CARTESIAN_POINT('',(-2.7E-1,-3.E-1,2.875E0));
#4908=VERTEX_POINT('',#4907);
#4909=CARTESIAN_POINT('',(-2.7E-1,-1.1E0,2.875E0));
#4910=VERTEX_POINT('',#4909);
#4911=CARTESIAN_POINT('',(-2.7E-1,-1.1E0,1.2875E1));
#4912=VERTEX_POINT('',#4911);
#4913=CARTESIAN_POINT('',(-2.7E-1,-1.8E0,1.2875E1));
#4914=VERTEX_POINT('',#4913);
#4915=CARTESIAN_POINT('',(2.3E-1,-1.8E0,2.525E0));
#4916=VERTEX_POINT('',#4915);
#4917=CARTESIAN_POINT('',(2.3E-1,-1.45E0,2.175E0));
#4918=VERTEX_POINT('',#4917);
#4919=CARTESIAN_POINT('',(2.3E-1,-1.8E0,1.2875E1));
#4920=VERTEX_POINT('',#4919);
#4921=CARTESIAN_POINT('',(2.3E-1,-1.1E0,1.2875E1));
#4922=VERTEX_POINT('',#4921);
#4923=CARTESIAN_POINT('',(2.3E-1,-1.1E0,2.875E0));
#4924=VERTEX_POINT('',#4923);
#4925=CARTESIAN_POINT('',(2.3E-1,-3.E-1,2.875E0));
#4926=VERTEX_POINT('',#4925);
#4927=CARTESIAN_POINT('',(2.3E-1,-3.E-1,2.901794919243E0));
#4928=VERTEX_POINT('',#4927);
#4929=CARTESIAN_POINT('',(2.3E-1,-3.E-1,2.175E0));
#4930=VERTEX_POINT('',#4929);
#4931=CARTESIAN_POINT('',(2.3E-1,-3.E-1,1.148205080757E0));
#4932=VERTEX_POINT('',#4931);
#4933=CARTESIAN_POINT('',(2.3E-1,0.E0,3.075E0));
#4934=VERTEX_POINT('',#4933);
#4935=CARTESIAN_POINT('',(2.3E-1,0.E0,3.025E0));
#4936=VERTEX_POINT('',#4935);
#4937=CARTESIAN_POINT('',(2.3E-1,1.2E0,3.025E0));
#4938=VERTEX_POINT('',#4937);
#4939=CARTESIAN_POINT('',(2.3E-1,1.2E0,3.375E0));
#4940=VERTEX_POINT('',#4939);
#4941=CARTESIAN_POINT('',(2.3E-1,1.55E0,3.375E0));
#4942=VERTEX_POINT('',#4941);
#4943=CARTESIAN_POINT('',(2.3E-1,1.55E0,3.240524578114E0));
#4944=VERTEX_POINT('',#4943);
#4945=CARTESIAN_POINT('',(2.3E-1,1.55E0,8.094754218857E-1));
#4946=VERTEX_POINT('',#4945);
#4947=CARTESIAN_POINT('',(2.3E-1,1.55E0,6.75E-1));
#4948=VERTEX_POINT('',#4947);
#4949=CARTESIAN_POINT('',(2.3E-1,1.2E0,6.75E-1));
#4950=VERTEX_POINT('',#4949);
#4951=CARTESIAN_POINT('',(2.3E-1,1.2E0,1.025E0));
#4952=VERTEX_POINT('',#4951);
#4953=CARTESIAN_POINT('',(2.3E-1,0.E0,1.025E0));
#4954=VERTEX_POINT('',#4953);
#4955=CARTESIAN_POINT('',(2.3E-1,0.E0,9.75E-1));
#4956=VERTEX_POINT('',#4955);
#4957=CARTESIAN_POINT('',(-2.7E-1,-3.E-1,2.025E0));
#4958=DIRECTION('',(1.E0,0.E0,0.E0));
#4959=DIRECTION('',(0.E0,0.E0,-1.E0));
#4960=AXIS2_PLACEMENT_3D('',#4957,#4958,#4959);
#4961=PLANE('',#4960);
#4963=ORIENTED_EDGE('',*,*,#4962,.T.);
#4965=ORIENTED_EDGE('',*,*,#4964,.F.);
#4967=ORIENTED_EDGE('',*,*,#4966,.F.);
#4969=ORIENTED_EDGE('',*,*,#4968,.T.);
#4971=ORIENTED_EDGE('',*,*,#4970,.T.);
#4973=ORIENTED_EDGE('',*,*,#4972,.T.);
#4975=ORIENTED_EDGE('',*,*,#4974,.T.);
#4977=ORIENTED_EDGE('',*,*,#4976,.T.);
#4979=ORIENTED_EDGE('',*,*,#4978,.T.);
#4981=ORIENTED_EDGE('',*,*,#4980,.T.);
#4983=ORIENTED_EDGE('',*,*,#4982,.T.);
#4985=ORIENTED_EDGE('',*,*,#4984,.T.);
#4987=ORIENTED_EDGE('',*,*,#4986,.T.);
#4989=ORIENTED_EDGE('',*,*,#4988,.T.);
#4991=ORIENTED_EDGE('',*,*,#4990,.T.);
#4993=ORIENTED_EDGE('',*,*,#4992,.T.);
#4995=ORIENTED_EDGE('',*,*,#4994,.T.);
#4997=ORIENTED_EDGE('',*,*,#4996,.F.);
#4999=ORIENTED_EDGE('',*,*,#4998,.F.);
#5001=ORIENTED_EDGE('',*,*,#5000,.F.);
#5003=ORIENTED_EDGE('',*,*,#5002,.T.);
#5004=EDGE_LOOP('',(#4963,#4965,#4967,#4969,#4971,#4973,#4975,#4977,#4979,#4981,
#4983,#4985,#4987,#4989,#4991,#4993,#4995,#4997,#4999,#5001,#5003));
#5005=FACE_OUTER_BOUND('',#5004,.F.);
#5006=ADVANCED_FACE('',(#5005),#4961,.F.);
#5007=CARTESIAN_POINT('',(8.818E-1,-1.45E0,2.525E0));
#5008=DIRECTION('',(-1.E0,0.E0,0.E0));
#5009=DIRECTION('',(0.E0,0.E0,-1.E0));
#5010=AXIS2_PLACEMENT_3D('',#5007,#5008,#5009);
#5011=CYLINDRICAL_SURFACE('',#5010,3.5E-1);
#5012=ORIENTED_EDGE('',*,*,#4962,.F.);
#5014=ORIENTED_EDGE('',*,*,#5013,.T.);
#5016=ORIENTED_EDGE('',*,*,#5015,.F.);
#5018=ORIENTED_EDGE('',*,*,#5017,.T.);
#5019=EDGE_LOOP('',(#5012,#5014,#5016,#5018));
#5020=FACE_OUTER_BOUND('',#5019,.F.);
#5021=ADVANCED_FACE('',(#5020),#5011,.T.);
#5022=CARTESIAN_POINT('',(-2.7E-1,-1.8E0,2.875E0));
#5023=DIRECTION('',(0.E0,-1.E0,0.E0));
#5024=DIRECTION('',(0.E0,0.E0,-1.E0));
#5025=AXIS2_PLACEMENT_3D('',#5022,#5023,#5024);
#5026=PLANE('',#5025);
#5027=ORIENTED_EDGE('',*,*,#5013,.F.);
#5028=ORIENTED_EDGE('',*,*,#5002,.F.);
#5030=ORIENTED_EDGE('',*,*,#5029,.F.);
#5032=ORIENTED_EDGE('',*,*,#5031,.T.);
#5033=EDGE_LOOP('',(#5027,#5028,#5030,#5032));
#5034=FACE_OUTER_BOUND('',#5033,.F.);
#5035=ADVANCED_FACE('',(#5034),#5026,.T.);
#5036=CARTESIAN_POINT('',(-2.7E-1,-3.E-1,1.2875E1));
#5037=DIRECTION('',(0.E0,0.E0,1.E0));
#5038=DIRECTION('',(0.E0,-1.E0,0.E0));
#5039=AXIS2_PLACEMENT_3D('',#5036,#5037,#5038);
#5040=PLANE('',#5039);
#5042=ORIENTED_EDGE('',*,*,#5041,.T.);
#5044=ORIENTED_EDGE('',*,*,#5043,.T.);
#5045=ORIENTED_EDGE('',*,*,#5029,.T.);
#5046=ORIENTED_EDGE('',*,*,#5000,.T.);
#5047=EDGE_LOOP('',(#5042,#5044,#5045,#5046));
#5048=FACE_OUTER_BOUND('',#5047,.F.);
#5049=ADVANCED_FACE('',(#5048),#5040,.T.);
#5050=CARTESIAN_POINT('',(2.3E-1,-1.1E0,2.875E0));
#5051=DIRECTION('',(0.E0,1.E0,0.E0));
#5052=DIRECTION('',(-1.E0,0.E0,0.E0));
#5053=AXIS2_PLACEMENT_3D('',#5050,#5051,#5052);
#5054=PLANE('',#5053);
#5056=ORIENTED_EDGE('',*,*,#5055,.F.);
#5058=ORIENTED_EDGE('',*,*,#5057,.F.);
#5059=ORIENTED_EDGE('',*,*,#5041,.F.);
#5060=ORIENTED_EDGE('',*,*,#4998,.T.);
#5061=EDGE_LOOP('',(#5056,#5058,#5059,#5060));
#5062=FACE_OUTER_BOUND('',#5061,.F.);
#5063=ADVANCED_FACE('',(#5062),#5054,.T.);
#5064=CARTESIAN_POINT('',(-2.7E-1,-3.E-1,2.875E0));
#5065=DIRECTION('',(0.E0,0.E0,1.E0));
#5066=DIRECTION('',(0.E0,-1.E0,0.E0));
#5067=AXIS2_PLACEMENT_3D('',#5064,#5065,#5066);
#5068=PLANE('',#5067);
#5069=ORIENTED_EDGE('',*,*,#5055,.T.);
#5070=ORIENTED_EDGE('',*,*,#4996,.T.);
#5072=ORIENTED_EDGE('',*,*,#5071,.T.);
#5074=ORIENTED_EDGE('',*,*,#5073,.F.);
#5075=EDGE_LOOP('',(#5069,#5070,#5072,#5074));
#5076=FACE_OUTER_BOUND('',#5075,.F.);
#5077=ADVANCED_FACE('',(#5076),#5068,.T.);
#5078=CARTESIAN_POINT('',(2.3E-1,-3.E-1,2.025E0));
#5079=DIRECTION('',(1.E0,0.E0,0.E0));
#5080=DIRECTION('',(0.E0,0.E0,-1.E0));
#5081=AXIS2_PLACEMENT_3D('',#5078,#5079,#5080);
#5082=PLANE('',#5081);
#5083=ORIENTED_EDGE('',*,*,#5015,.T.);
#5084=ORIENTED_EDGE('',*,*,#5031,.F.);
#5085=ORIENTED_EDGE('',*,*,#5043,.F.);
#5086=ORIENTED_EDGE('',*,*,#5057,.T.);
#5087=ORIENTED_EDGE('',*,*,#5073,.T.);
#5089=ORIENTED_EDGE('',*,*,#5088,.T.);
#5091=ORIENTED_EDGE('',*,*,#5090,.T.);
#5093=ORIENTED_EDGE('',*,*,#5092,.T.);
#5095=ORIENTED_EDGE('',*,*,#5094,.T.);
#5097=ORIENTED_EDGE('',*,*,#5096,.T.);
#5099=ORIENTED_EDGE('',*,*,#5098,.T.);
#5101=ORIENTED_EDGE('',*,*,#5100,.T.);
#5103=ORIENTED_EDGE('',*,*,#5102,.T.);
#5105=ORIENTED_EDGE('',*,*,#5104,.T.);
#5107=ORIENTED_EDGE('',*,*,#5106,.T.);
#5109=ORIENTED_EDGE('',*,*,#5108,.T.);
#5111=ORIENTED_EDGE('',*,*,#5110,.T.);
#5113=ORIENTED_EDGE('',*,*,#5112,.T.);
#5115=ORIENTED_EDGE('',*,*,#5114,.T.);
#5117=ORIENTED_EDGE('',*,*,#5116,.T.);
#5119=ORIENTED_EDGE('',*,*,#5118,.T.);
#5120=EDGE_LOOP('',(#5083,#5084,#5085,#5086,#5087,#5089,#5091,#5093,#5095,#5097,
#5099,#5101,#5103,#5105,#5107,#5109,#5111,#5113,#5115,#5117,#5119));
#5121=FACE_OUTER_BOUND('',#5120,.F.);
#5122=ADVANCED_FACE('',(#5121),#5082,.T.);
#5123=CARTESIAN_POINT('',(-2.7E-1,0.E0,3.075E0));
#5124=DIRECTION('',(0.E0,-5.E-1,8.660254037844E-1));
#5125=DIRECTION('',(0.E0,-8.660254037844E-1,-5.E-1));
#5126=AXIS2_PLACEMENT_3D('',#5123,#5124,#5125);
#5127=PLANE('',#5126);
#5128=ORIENTED_EDGE('',*,*,#4992,.F.);
#5130=ORIENTED_EDGE('',*,*,#5129,.T.);
#5131=ORIENTED_EDGE('',*,*,#5090,.F.);
#5133=ORIENTED_EDGE('',*,*,#5132,.T.);
#5134=EDGE_LOOP('',(#5128,#5130,#5131,#5133));
#5135=FACE_OUTER_BOUND('',#5134,.F.);
#5136=ADVANCED_FACE('',(#5135),#5127,.T.);
#5137=CARTESIAN_POINT('',(-2.7E-1,-3.E-1,1.148205080757E0));
#5138=DIRECTION('',(0.E0,-5.E-1,-8.660254037844E-1));
#5139=DIRECTION('',(0.E0,8.660254037844E-1,-5.E-1));
#5140=AXIS2_PLACEMENT_3D('',#5137,#5138,#5139);
#5141=PLANE('',#5140);
#5142=ORIENTED_EDGE('',*,*,#4968,.F.);
#5144=ORIENTED_EDGE('',*,*,#5143,.F.);
#5145=ORIENTED_EDGE('',*,*,#5114,.F.);
#5147=ORIENTED_EDGE('',*,*,#5146,.T.);
#5148=EDGE_LOOP('',(#5142,#5144,#5145,#5147));
#5149=FACE_OUTER_BOUND('',#5148,.F.);
#5150=ADVANCED_FACE('',(#5149),#5141,.T.);
#5151=CARTESIAN_POINT('',(-2.7E-1,-3.E-1,2.901794919243E0));
#5152=DIRECTION('',(0.E0,-1.E0,0.E0));
#5153=DIRECTION('',(0.E0,0.E0,-1.E0));
#5154=AXIS2_PLACEMENT_3D('',#5151,#5152,#5153);
#5155=PLANE('',#5154);
#5157=ORIENTED_EDGE('',*,*,#5156,.F.);
#5158=ORIENTED_EDGE('',*,*,#5116,.F.);
#5159=ORIENTED_EDGE('',*,*,#5143,.T.);
#5160=ORIENTED_EDGE('',*,*,#4966,.T.);
#5161=EDGE_LOOP('',(#5157,#5158,#5159,#5160));
#5162=FACE_OUTER_BOUND('',#5161,.F.);
#5163=ADVANCED_FACE('',(#5162),#5155,.T.);
#5164=CARTESIAN_POINT('',(-2.7E-1,-1.8E0,2.175E0));
#5165=DIRECTION('',(0.E0,0.E0,-1.E0));
#5166=DIRECTION('',(0.E0,1.E0,0.E0));
#5167=AXIS2_PLACEMENT_3D('',#5164,#5165,#5166);
#5168=PLANE('',#5167);
#5169=ORIENTED_EDGE('',*,*,#5017,.F.);
#5170=ORIENTED_EDGE('',*,*,#5118,.F.);
#5171=ORIENTED_EDGE('',*,*,#5156,.T.);
#5172=ORIENTED_EDGE('',*,*,#4964,.T.);
#5173=EDGE_LOOP('',(#5169,#5170,#5171,#5172));
#5174=FACE_OUTER_BOUND('',#5173,.F.);
#5175=ADVANCED_FACE('',(#5174),#5168,.T.);
#5176=OPEN_SHELL('',(#5006,#5021,#5035,#5049,#5063,#5077,#5122,#5136,#5150,
#5163,#5175));
#5177=CARTESIAN_POINT('',(2.27E0,-1.45E0,2.525E0));
#5178=DIRECTION('',(1.E0,0.E0,0.E0));
#5179=DIRECTION('',(0.E0,-1.E0,0.E0));
#5180=AXIS2_PLACEMENT_3D('',#5177,#5178,#5179);
#5182=DIRECTION('',(0.E0,8.660254037844E-1,-5.E-1));
#5183=VECTOR('',#5182,3.464101615138E-1);
#5184=CARTESIAN_POINT('',(2.27E0,-3.E-1,1.148205080757E0));
#5185=LINE('',#5184,#5183);
#5186=DIRECTION('',(0.E0,-1.942890293094E-14,1.E0));
#5187=VECTOR('',#5186,5.E-2);
#5188=CARTESIAN_POINT('',(2.27E0,0.E0,9.75E-1));
#5189=LINE('',#5188,#5187);
#5190=DIRECTION('',(0.E0,1.E0,0.E0));
#5191=VECTOR('',#5190,1.2E0);
#5192=CARTESIAN_POINT('',(2.27E0,0.E0,1.025E0));
#5193=LINE('',#5192,#5191);
#5194=DIRECTION('',(0.E0,0.E0,-1.E0));
#5195=VECTOR('',#5194,3.5E-1);
#5196=CARTESIAN_POINT('',(2.27E0,1.2E0,1.025E0));
#5197=LINE('',#5196,#5195);
#5198=DIRECTION('',(0.E0,1.E0,0.E0));
#5199=VECTOR('',#5198,3.5E-1);
#5200=CARTESIAN_POINT('',(2.27E0,1.2E0,6.75E-1));
#5201=LINE('',#5200,#5199);
#5202=DIRECTION('',(0.E0,0.E0,1.E0));
#5203=VECTOR('',#5202,1.344754218857E-1);
#5204=CARTESIAN_POINT('',(2.27E0,1.55E0,6.75E-1));
#5205=LINE('',#5204,#5203);
#5206=CARTESIAN_POINT('',(2.27E0,-3.3E0,2.025E0));
#5207=DIRECTION('',(1.E0,0.E0,0.E0));
#5208=DIRECTION('',(0.E0,9.7E-1,-2.431049156229E-1));
#5209=AXIS2_PLACEMENT_3D('',#5206,#5207,#5208);
#5211=DIRECTION('',(0.E0,0.E0,1.E0));
#5212=VECTOR('',#5211,1.344754218856E-1);
#5213=CARTESIAN_POINT('',(2.27E0,1.55E0,3.240524578114E0));
#5214=LINE('',#5213,#5212);
#5215=DIRECTION('',(0.E0,-1.E0,0.E0));
#5216=VECTOR('',#5215,3.5E-1);
#5217=CARTESIAN_POINT('',(2.27E0,1.55E0,3.375E0));
#5218=LINE('',#5217,#5216);
#5219=DIRECTION('',(0.E0,0.E0,-1.E0));
#5220=VECTOR('',#5219,3.5E-1);
#5221=CARTESIAN_POINT('',(2.27E0,1.2E0,3.375E0));
#5222=LINE('',#5221,#5220);
#5223=DIRECTION('',(0.E0,-1.E0,0.E0));
#5224=VECTOR('',#5223,1.2E0);
#5225=CARTESIAN_POINT('',(2.27E0,1.2E0,3.025E0));
#5226=LINE('',#5225,#5224);
#5227=DIRECTION('',(0.E0,0.E0,1.E0));
#5228=VECTOR('',#5227,5.E-2);
#5229=CARTESIAN_POINT('',(2.27E0,0.E0,3.025E0));
#5230=LINE('',#5229,#5228);
#5231=DIRECTION('',(0.E0,-8.660254037844E-1,-5.E-1));
#5232=VECTOR('',#5231,3.464101615138E-1);
#5233=CARTESIAN_POINT('',(2.27E0,0.E0,3.075E0));
#5234=LINE('',#5233,#5232);
#5235=DIRECTION('',(0.E0,3.521897425290E-14,-1.E0));
#5236=VECTOR('',#5235,2.679491924310E-2);
#5237=CARTESIAN_POINT('',(2.27E0,-3.E-1,2.901794919243E0));
#5238=LINE('',#5237,#5236);
#5239=DIRECTION('',(0.E0,0.E0,-1.E0));
#5240=VECTOR('',#5239,1.035E1);
#5241=CARTESIAN_POINT('',(2.27E0,-1.8E0,1.2875E1));
#5242=LINE('',#5241,#5240);
#5243=DIRECTION('',(1.E0,0.E0,0.E0));
#5244=VECTOR('',#5243,5.E-1);
#5245=CARTESIAN_POINT('',(2.27E0,-1.8E0,2.525E0));
#5246=LINE('',#5245,#5244);
#5247=DIRECTION('',(-1.E0,0.E0,0.E0));
#5248=VECTOR('',#5247,5.E-1);
#5249=CARTESIAN_POINT('',(2.77E0,-1.45E0,2.175E0));
#5250=LINE('',#5249,#5248);
#5251=DIRECTION('',(0.E0,0.E0,-1.E0));
#5252=VECTOR('',#5251,1.035E1);
#5253=CARTESIAN_POINT('',(2.77E0,-1.8E0,1.2875E1));
#5254=LINE('',#5253,#5252);
#5255=DIRECTION('',(1.E0,0.E0,0.E0));
#5256=VECTOR('',#5255,5.E-1);
#5257=CARTESIAN_POINT('',(2.27E0,-1.1E0,1.2875E1));
#5258=LINE('',#5257,#5256);
#5259=DIRECTION('',(0.E0,-1.E0,0.E0));
#5260=VECTOR('',#5259,7.E-1);
#5261=CARTESIAN_POINT('',(2.77E0,-1.1E0,1.2875E1));
#5262=LINE('',#5261,#5260);
#5263=DIRECTION('',(-1.E0,0.E0,0.E0));
#5264=VECTOR('',#5263,5.E-1);
#5265=CARTESIAN_POINT('',(2.77E0,-1.8E0,1.2875E1));
#5266=LINE('',#5265,#5264);
#5267=DIRECTION('',(0.E0,1.E0,0.E0));
#5268=VECTOR('',#5267,7.E-1);
#5269=CARTESIAN_POINT('',(2.27E0,-1.8E0,1.2875E1));
#5270=LINE('',#5269,#5268);
#5271=DIRECTION('',(0.E0,0.E0,-1.E0));
#5272=VECTOR('',#5271,1.E1);
#5273=CARTESIAN_POINT('',(2.27E0,-1.1E0,1.2875E1));
#5274=LINE('',#5273,#5272);
#5275=DIRECTION('',(-1.E0,0.E0,0.E0));
#5276=VECTOR('',#5275,5.E-1);
#5277=CARTESIAN_POINT('',(2.77E0,-1.1E0,2.875E0));
#5278=LINE('',#5277,#5276);
#5279=DIRECTION('',(0.E0,1.E0,0.E0));
#5280=VECTOR('',#5279,8.E-1);
#5281=CARTESIAN_POINT('',(2.27E0,-1.1E0,2.875E0));
#5282=LINE('',#5281,#5280);
#5283=DIRECTION('',(1.E0,0.E0,0.E0));
#5284=VECTOR('',#5283,5.E-1);
#5285=CARTESIAN_POINT('',(2.27E0,-3.E-1,2.875E0));
#5286=LINE('',#5285,#5284);
#5287=CARTESIAN_POINT('',(2.77E0,-1.45E0,2.525E0));
#5288=DIRECTION('',(-1.E0,0.E0,0.E0));
#5289=DIRECTION('',(0.E0,0.E0,-1.E0));
#5290=AXIS2_PLACEMENT_3D('',#5287,#5288,#5289);
#5292=DIRECTION('',(0.E0,0.E0,-1.E0));
#5293=VECTOR('',#5292,1.E1);
#5294=CARTESIAN_POINT('',(2.77E0,-1.1E0,1.2875E1));
#5295=LINE('',#5294,#5293);
#5296=DIRECTION('',(0.E0,1.E0,0.E0));
#5297=VECTOR('',#5296,8.E-1);
#5298=CARTESIAN_POINT('',(2.77E0,-1.1E0,2.875E0));
#5299=LINE('',#5298,#5297);
#5300=DIRECTION('',(0.E0,-3.521897425290E-14,1.E0));
#5301=VECTOR('',#5300,2.679491924310E-2);
#5302=CARTESIAN_POINT('',(2.77E0,-3.E-1,2.875E0));
#5303=LINE('',#5302,#5301);
#5304=DIRECTION('',(0.E0,8.660254037844E-1,5.E-1));
#5305=VECTOR('',#5304,3.464101615138E-1);
#5306=CARTESIAN_POINT('',(2.77E0,-3.E-1,2.901794919243E0));
#5307=LINE('',#5306,#5305);
#5308=DIRECTION('',(0.E0,0.E0,-1.E0));
#5309=VECTOR('',#5308,5.E-2);
#5310=CARTESIAN_POINT('',(2.77E0,0.E0,3.075E0));
#5311=LINE('',#5310,#5309);
#5312=DIRECTION('',(0.E0,1.E0,0.E0));
#5313=VECTOR('',#5312,1.2E0);
#5314=CARTESIAN_POINT('',(2.77E0,0.E0,3.025E0));
#5315=LINE('',#5314,#5313);
#5316=DIRECTION('',(0.E0,0.E0,1.E0));
#5317=VECTOR('',#5316,3.5E-1);
#5318=CARTESIAN_POINT('',(2.77E0,1.2E0,3.025E0));
#5319=LINE('',#5318,#5317);
#5320=DIRECTION('',(0.E0,1.E0,0.E0));
#5321=VECTOR('',#5320,3.5E-1);
#5322=CARTESIAN_POINT('',(2.77E0,1.2E0,3.375E0));
#5323=LINE('',#5322,#5321);
#5324=DIRECTION('',(0.E0,0.E0,-1.E0));
#5325=VECTOR('',#5324,1.344754218856E-1);
#5326=CARTESIAN_POINT('',(2.77E0,1.55E0,3.375E0));
#5327=LINE('',#5326,#5325);
#5328=CARTESIAN_POINT('',(2.77E0,-3.3E0,2.025E0));
#5329=DIRECTION('',(-1.E0,0.E0,0.E0));
#5330=DIRECTION('',(0.E0,9.7E-1,2.431049156229E-1));
#5331=AXIS2_PLACEMENT_3D('',#5328,#5329,#5330);
#5333=DIRECTION('',(0.E0,0.E0,-1.E0));
#5334=VECTOR('',#5333,1.344754218857E-1);
#5335=CARTESIAN_POINT('',(2.77E0,1.55E0,8.094754218857E-1));
#5336=LINE('',#5335,#5334);
#5337=DIRECTION('',(0.E0,-1.E0,0.E0));
#5338=VECTOR('',#5337,3.5E-1);
#5339=CARTESIAN_POINT('',(2.77E0,1.55E0,6.75E-1));
#5340=LINE('',#5339,#5338);
#5341=DIRECTION('',(0.E0,0.E0,1.E0));
#5342=VECTOR('',#5341,3.5E-1);
#5343=CARTESIAN_POINT('',(2.77E0,1.2E0,6.75E-1));
#5344=LINE('',#5343,#5342);
#5345=DIRECTION('',(0.E0,-1.E0,0.E0));
#5346=VECTOR('',#5345,1.2E0);
#5347=CARTESIAN_POINT('',(2.77E0,1.2E0,1.025E0));
#5348=LINE('',#5347,#5346);
#5349=DIRECTION('',(0.E0,1.942890293094E-14,-1.E0));
#5350=VECTOR('',#5349,5.E-2);
#5351=CARTESIAN_POINT('',(2.77E0,0.E0,1.025E0));
#5352=LINE('',#5351,#5350);
#5353=DIRECTION('',(0.E0,-8.660254037844E-1,5.E-1));
#5354=VECTOR('',#5353,3.464101615138E-1);
#5355=CARTESIAN_POINT('',(2.77E0,0.E0,9.75E-1));
#5356=LINE('',#5355,#5354);
#5357=DIRECTION('',(0.E0,0.E0,1.E0));
#5358=VECTOR('',#5357,1.026794919243E0);
#5359=CARTESIAN_POINT('',(2.77E0,-3.E-1,1.148205080757E0));
#5360=LINE('',#5359,#5358);
#5361=DIRECTION('',(0.E0,-1.E0,0.E0));
#5362=VECTOR('',#5361,1.15E0);
#5363=CARTESIAN_POINT('',(2.77E0,-3.E-1,2.175E0));
#5364=LINE('',#5363,#5362);
#5365=DIRECTION('',(1.E0,0.E0,0.E0));
#5366=VECTOR('',#5365,5.E-1);
#5367=CARTESIAN_POINT('',(2.27E0,0.E0,3.075E0));
#5368=LINE('',#5367,#5366);
#5369=DIRECTION('',(-1.E0,0.E0,0.E0));
#5370=VECTOR('',#5369,5.E-1);
#5371=CARTESIAN_POINT('',(2.77E0,-3.E-1,2.901794919243E0));
#5372=LINE('',#5371,#5370);
#5373=DIRECTION('',(-1.E0,0.E0,0.E0));
#5374=VECTOR('',#5373,5.E-1);
#5375=CARTESIAN_POINT('',(2.77E0,0.E0,9.75E-1));
#5376=LINE('',#5375,#5374);
#5377=DIRECTION('',(-1.E0,0.E0,0.E0));
#5378=VECTOR('',#5377,5.E-1);
#5379=CARTESIAN_POINT('',(2.77E0,-3.E-1,1.148205080757E0));
#5380=LINE('',#5379,#5378);
#5381=DIRECTION('',(0.E0,0.E0,1.E0));
#5382=VECTOR('',#5381,1.026794919243E0);
#5383=CARTESIAN_POINT('',(2.27E0,-3.E-1,1.148205080757E0));
#5384=LINE('',#5383,#5382);
#5385=DIRECTION('',(-1.E0,0.E0,0.E0));
#5386=VECTOR('',#5385,5.E-1);
#5387=CARTESIAN_POINT('',(2.77E0,-3.E-1,2.175E0));
#5388=LINE('',#5387,#5386);
#5389=DIRECTION('',(0.E0,-1.E0,0.E0));
#5390=VECTOR('',#5389,1.15E0);
#5391=CARTESIAN_POINT('',(2.27E0,-3.E-1,2.175E0));
#5392=LINE('',#5391,#5390);
#5393=CARTESIAN_POINT('',(2.27E0,-1.8E0,2.525E0));
#5394=CARTESIAN_POINT('',(2.27E0,-1.45E0,2.175E0));
#5395=VERTEX_POINT('',#5393);
#5396=VERTEX_POINT('',#5394);
#5397=CARTESIAN_POINT('',(2.27E0,-3.E-1,2.175E0));
#5398=VERTEX_POINT('',#5397);
#5399=CARTESIAN_POINT('',(2.27E0,-3.E-1,1.148205080757E0));
#5400=VERTEX_POINT('',#5399);
#5401=CARTESIAN_POINT('',(2.27E0,0.E0,9.75E-1));
#5402=VERTEX_POINT('',#5401);
#5403=CARTESIAN_POINT('',(2.27E0,0.E0,1.025E0));
#5404=VERTEX_POINT('',#5403);
#5405=CARTESIAN_POINT('',(2.27E0,1.2E0,1.025E0));
#5406=VERTEX_POINT('',#5405);
#5407=CARTESIAN_POINT('',(2.27E0,1.2E0,6.75E-1));
#5408=VERTEX_POINT('',#5407);
#5409=CARTESIAN_POINT('',(2.27E0,1.55E0,6.75E-1));
#5410=VERTEX_POINT('',#5409);
#5411=CARTESIAN_POINT('',(2.27E0,1.55E0,8.094754218857E-1));
#5412=VERTEX_POINT('',#5411);
#5413=CARTESIAN_POINT('',(2.27E0,1.55E0,3.240524578114E0));
#5414=VERTEX_POINT('',#5413);
#5415=CARTESIAN_POINT('',(2.27E0,1.55E0,3.375E0));
#5416=VERTEX_POINT('',#5415);
#5417=CARTESIAN_POINT('',(2.27E0,1.2E0,3.375E0));
#5418=VERTEX_POINT('',#5417);
#5419=CARTESIAN_POINT('',(2.27E0,1.2E0,3.025E0));
#5420=VERTEX_POINT('',#5419);
#5421=CARTESIAN_POINT('',(2.27E0,0.E0,3.025E0));
#5422=VERTEX_POINT('',#5421);
#5423=CARTESIAN_POINT('',(2.27E0,0.E0,3.075E0));
#5424=VERTEX_POINT('',#5423);
#5425=CARTESIAN_POINT('',(2.27E0,-3.E-1,2.901794919243E0));
#5426=VERTEX_POINT('',#5425);
#5427=CARTESIAN_POINT('',(2.27E0,-3.E-1,2.875E0));
#5428=VERTEX_POINT('',#5427);
#5429=CARTESIAN_POINT('',(2.27E0,-1.1E0,2.875E0));
#5430=VERTEX_POINT('',#5429);
#5431=CARTESIAN_POINT('',(2.27E0,-1.1E0,1.2875E1));
#5432=VERTEX_POINT('',#5431);
#5433=CARTESIAN_POINT('',(2.27E0,-1.8E0,1.2875E1));
#5434=VERTEX_POINT('',#5433);
#5435=CARTESIAN_POINT('',(2.77E0,-1.8E0,2.525E0));
#5436=VERTEX_POINT('',#5435);
#5437=CARTESIAN_POINT('',(2.77E0,-1.45E0,2.175E0));
#5438=VERTEX_POINT('',#5437);
#5439=CARTESIAN_POINT('',(2.77E0,-1.8E0,1.2875E1));
#5440=VERTEX_POINT('',#5439);
#5441=CARTESIAN_POINT('',(2.77E0,-1.1E0,1.2875E1));
#5442=VERTEX_POINT('',#5441);
#5443=CARTESIAN_POINT('',(2.77E0,-1.1E0,2.875E0));
#5444=VERTEX_POINT('',#5443);
#5445=CARTESIAN_POINT('',(2.77E0,-3.E-1,2.875E0));
#5446=VERTEX_POINT('',#5445);
#5447=CARTESIAN_POINT('',(2.77E0,-3.E-1,2.901794919243E0));
#5448=VERTEX_POINT('',#5447);
#5449=CARTESIAN_POINT('',(2.77E0,-3.E-1,2.175E0));
#5450=VERTEX_POINT('',#5449);
#5451=CARTESIAN_POINT('',(2.77E0,-3.E-1,1.148205080757E0));
#5452=VERTEX_POINT('',#5451);
#5453=CARTESIAN_POINT('',(2.77E0,0.E0,3.075E0));
#5454=VERTEX_POINT('',#5453);
#5455=CARTESIAN_POINT('',(2.77E0,0.E0,3.025E0));
#5456=VERTEX_POINT('',#5455);
#5457=CARTESIAN_POINT('',(2.77E0,1.2E0,3.025E0));
#5458=VERTEX_POINT('',#5457);
#5459=CARTESIAN_POINT('',(2.77E0,1.2E0,3.375E0));
#5460=VERTEX_POINT('',#5459);
#5461=CARTESIAN_POINT('',(2.77E0,1.55E0,3.375E0));
#5462=VERTEX_POINT('',#5461);
#5463=CARTESIAN_POINT('',(2.77E0,1.55E0,3.240524578114E0));
#5464=VERTEX_POINT('',#5463);
#5465=CARTESIAN_POINT('',(2.77E0,1.55E0,8.094754218857E-1));
#5466=VERTEX_POINT('',#5465);
#5467=CARTESIAN_POINT('',(2.77E0,1.55E0,6.75E-1));
#5468=VERTEX_POINT('',#5467);
#5469=CARTESIAN_POINT('',(2.77E0,1.2E0,6.75E-1));
#5470=VERTEX_POINT('',#5469);
#5471=CARTESIAN_POINT('',(2.77E0,1.2E0,1.025E0));
#5472=VERTEX_POINT('',#5471);
#5473=CARTESIAN_POINT('',(2.77E0,0.E0,1.025E0));
#5474=VERTEX_POINT('',#5473);
#5475=CARTESIAN_POINT('',(2.77E0,0.E0,9.75E-1));
#5476=VERTEX_POINT('',#5475);
#5477=CARTESIAN_POINT('',(2.27E0,-3.E-1,2.025E0));
#5478=DIRECTION('',(1.E0,0.E0,0.E0));
#5479=DIRECTION('',(0.E0,0.E0,-1.E0));
#5480=AXIS2_PLACEMENT_3D('',#5477,#5478,#5479);
#5481=PLANE('',#5480);
#5483=ORIENTED_EDGE('',*,*,#5482,.T.);
#5485=ORIENTED_EDGE('',*,*,#5484,.F.);
#5487=ORIENTED_EDGE('',*,*,#5486,.F.);
#5489=ORIENTED_EDGE('',*,*,#5488,.T.);
#5491=ORIENTED_EDGE('',*,*,#5490,.T.);
#5493=ORIENTED_EDGE('',*,*,#5492,.T.);
#5495=ORIENTED_EDGE('',*,*,#5494,.T.);
#5497=ORIENTED_EDGE('',*,*,#5496,.T.);
#5499=ORIENTED_EDGE('',*,*,#5498,.T.);
#5501=ORIENTED_EDGE('',*,*,#5500,.T.);
#5503=ORIENTED_EDGE('',*,*,#5502,.T.);
#5505=ORIENTED_EDGE('',*,*,#5504,.T.);
#5507=ORIENTED_EDGE('',*,*,#5506,.T.);
#5509=ORIENTED_EDGE('',*,*,#5508,.T.);
#5511=ORIENTED_EDGE('',*,*,#5510,.T.);
#5513=ORIENTED_EDGE('',*,*,#5512,.T.);
#5515=ORIENTED_EDGE('',*,*,#5514,.T.);
#5517=ORIENTED_EDGE('',*,*,#5516,.F.);
#5519=ORIENTED_EDGE('',*,*,#5518,.F.);
#5521=ORIENTED_EDGE('',*,*,#5520,.F.);
#5523=ORIENTED_EDGE('',*,*,#5522,.T.);
#5524=EDGE_LOOP('',(#5483,#5485,#5487,#5489,#5491,#5493,#5495,#5497,#5499,#5501,
#5503,#5505,#5507,#5509,#5511,#5513,#5515,#5517,#5519,#5521,#5523));
#5525=FACE_OUTER_BOUND('',#5524,.F.);
#5526=ADVANCED_FACE('',(#5525),#5481,.F.);
#5527=CARTESIAN_POINT('',(3.4218E0,-1.45E0,2.525E0));
#5528=DIRECTION('',(-1.E0,0.E0,0.E0));
#5529=DIRECTION('',(0.E0,0.E0,-1.E0));
#5530=AXIS2_PLACEMENT_3D('',#5527,#5528,#5529);
#5531=CYLINDRICAL_SURFACE('',#5530,3.5E-1);
#5532=ORIENTED_EDGE('',*,*,#5482,.F.);
#5534=ORIENTED_EDGE('',*,*,#5533,.T.);
#5536=ORIENTED_EDGE('',*,*,#5535,.F.);
#5538=ORIENTED_EDGE('',*,*,#5537,.T.);
#5539=EDGE_LOOP('',(#5532,#5534,#5536,#5538));
#5540=FACE_OUTER_BOUND('',#5539,.F.);
#5541=ADVANCED_FACE('',(#5540),#5531,.T.);
#5542=CARTESIAN_POINT('',(2.27E0,-1.8E0,2.875E0));
#5543=DIRECTION('',(0.E0,-1.E0,0.E0));
#5544=DIRECTION('',(0.E0,0.E0,-1.E0));
#5545=AXIS2_PLACEMENT_3D('',#5542,#5543,#5544);
#5546=PLANE('',#5545);
#5547=ORIENTED_EDGE('',*,*,#5533,.F.);
#5548=ORIENTED_EDGE('',*,*,#5522,.F.);
#5550=ORIENTED_EDGE('',*,*,#5549,.F.);
#5552=ORIENTED_EDGE('',*,*,#5551,.T.);
#5553=EDGE_LOOP('',(#5547,#5548,#5550,#5552));
#5554=FACE_OUTER_BOUND('',#5553,.F.);
#5555=ADVANCED_FACE('',(#5554),#5546,.T.);
#5556=CARTESIAN_POINT('',(2.27E0,-3.E-1,1.2875E1));
#5557=DIRECTION('',(0.E0,0.E0,1.E0));
#5558=DIRECTION('',(0.E0,-1.E0,0.E0));
#5559=AXIS2_PLACEMENT_3D('',#5556,#5557,#5558);
#5560=PLANE('',#5559);
#5562=ORIENTED_EDGE('',*,*,#5561,.T.);
#5564=ORIENTED_EDGE('',*,*,#5563,.T.);
#5565=ORIENTED_EDGE('',*,*,#5549,.T.);
#5566=ORIENTED_EDGE('',*,*,#5520,.T.);
#5567=EDGE_LOOP('',(#5562,#5564,#5565,#5566));
#5568=FACE_OUTER_BOUND('',#5567,.F.);
#5569=ADVANCED_FACE('',(#5568),#5560,.T.);
#5570=CARTESIAN_POINT('',(2.77E0,-1.1E0,2.875E0));
#5571=DIRECTION('',(0.E0,1.E0,0.E0));
#5572=DIRECTION('',(-1.E0,0.E0,0.E0));
#5573=AXIS2_PLACEMENT_3D('',#5570,#5571,#5572);
#5574=PLANE('',#5573);
#5576=ORIENTED_EDGE('',*,*,#5575,.F.);
#5578=ORIENTED_EDGE('',*,*,#5577,.F.);
#5579=ORIENTED_EDGE('',*,*,#5561,.F.);
#5580=ORIENTED_EDGE('',*,*,#5518,.T.);
#5581=EDGE_LOOP('',(#5576,#5578,#5579,#5580));
#5582=FACE_OUTER_BOUND('',#5581,.F.);
#5583=ADVANCED_FACE('',(#5582),#5574,.T.);
#5584=CARTESIAN_POINT('',(2.27E0,-3.E-1,2.875E0));
#5585=DIRECTION('',(0.E0,0.E0,1.E0));
#5586=DIRECTION('',(0.E0,-1.E0,0.E0));
#5587=AXIS2_PLACEMENT_3D('',#5584,#5585,#5586);
#5588=PLANE('',#5587);
#5589=ORIENTED_EDGE('',*,*,#5575,.T.);
#5590=ORIENTED_EDGE('',*,*,#5516,.T.);
#5592=ORIENTED_EDGE('',*,*,#5591,.T.);
#5594=ORIENTED_EDGE('',*,*,#5593,.F.);
#5595=EDGE_LOOP('',(#5589,#5590,#5592,#5594));
#5596=FACE_OUTER_BOUND('',#5595,.F.);
#5597=ADVANCED_FACE('',(#5596),#5588,.T.);
#5598=CARTESIAN_POINT('',(2.77E0,-3.E-1,2.025E0));
#5599=DIRECTION('',(1.E0,0.E0,0.E0));
#5600=DIRECTION('',(0.E0,0.E0,-1.E0));
#5601=AXIS2_PLACEMENT_3D('',#5598,#5599,#5600);
#5602=PLANE('',#5601);
#5603=ORIENTED_EDGE('',*,*,#5535,.T.);
#5604=ORIENTED_EDGE('',*,*,#5551,.F.);
#5605=ORIENTED_EDGE('',*,*,#5563,.F.);
#5606=ORIENTED_EDGE('',*,*,#5577,.T.);
#5607=ORIENTED_EDGE('',*,*,#5593,.T.);
#5609=ORIENTED_EDGE('',*,*,#5608,.T.);
#5611=ORIENTED_EDGE('',*,*,#5610,.T.);
#5613=ORIENTED_EDGE('',*,*,#5612,.T.);
#5615=ORIENTED_EDGE('',*,*,#5614,.T.);
#5617=ORIENTED_EDGE('',*,*,#5616,.T.);
#5619=ORIENTED_EDGE('',*,*,#5618,.T.);
#5621=ORIENTED_EDGE('',*,*,#5620,.T.);
#5623=ORIENTED_EDGE('',*,*,#5622,.T.);
#5625=ORIENTED_EDGE('',*,*,#5624,.T.);
#5627=ORIENTED_EDGE('',*,*,#5626,.T.);
#5629=ORIENTED_EDGE('',*,*,#5628,.T.);
#5631=ORIENTED_EDGE('',*,*,#5630,.T.);
#5633=ORIENTED_EDGE('',*,*,#5632,.T.);
#5635=ORIENTED_EDGE('',*,*,#5634,.T.);
#5637=ORIENTED_EDGE('',*,*,#5636,.T.);
#5639=ORIENTED_EDGE('',*,*,#5638,.T.);
#5640=EDGE_LOOP('',(#5603,#5604,#5605,#5606,#5607,#5609,#5611,#5613,#5615,#5617,
#5619,#5621,#5623,#5625,#5627,#5629,#5631,#5633,#5635,#5637,#5639));
#5641=FACE_OUTER_BOUND('',#5640,.F.);
#5642=ADVANCED_FACE('',(#5641),#5602,.T.);
#5643=CARTESIAN_POINT('',(2.27E0,0.E0,3.075E0));
#5644=DIRECTION('',(0.E0,-5.E-1,8.660254037844E-1));
#5645=DIRECTION('',(0.E0,-8.660254037844E-1,-5.E-1));
#5646=AXIS2_PLACEMENT_3D('',#5643,#5644,#5645);
#5647=PLANE('',#5646);
#5648=ORIENTED_EDGE('',*,*,#5512,.F.);
#5650=ORIENTED_EDGE('',*,*,#5649,.T.);
#5651=ORIENTED_EDGE('',*,*,#5610,.F.);
#5653=ORIENTED_EDGE('',*,*,#5652,.T.);
#5654=EDGE_LOOP('',(#5648,#5650,#5651,#5653));
#5655=FACE_OUTER_BOUND('',#5654,.F.);
#5656=ADVANCED_FACE('',(#5655),#5647,.T.);
#5657=CARTESIAN_POINT('',(2.27E0,-3.E-1,1.148205080757E0));
#5658=DIRECTION('',(0.E0,-5.E-1,-8.660254037844E-1));
#5659=DIRECTION('',(0.E0,8.660254037844E-1,-5.E-1));
#5660=AXIS2_PLACEMENT_3D('',#5657,#5658,#5659);
#5661=PLANE('',#5660);
#5662=ORIENTED_EDGE('',*,*,#5488,.F.);
#5664=ORIENTED_EDGE('',*,*,#5663,.F.);
#5665=ORIENTED_EDGE('',*,*,#5634,.F.);
#5667=ORIENTED_EDGE('',*,*,#5666,.T.);
#5668=EDGE_LOOP('',(#5662,#5664,#5665,#5667));
#5669=FACE_OUTER_BOUND('',#5668,.F.);
#5670=ADVANCED_FACE('',(#5669),#5661,.T.);
#5671=CARTESIAN_POINT('',(2.27E0,-3.E-1,2.901794919243E0));
#5672=DIRECTION('',(0.E0,-1.E0,0.E0));
#5673=DIRECTION('',(0.E0,0.E0,-1.E0));
#5674=AXIS2_PLACEMENT_3D('',#5671,#5672,#5673);
#5675=PLANE('',#5674);
#5677=ORIENTED_EDGE('',*,*,#5676,.F.);
#5678=ORIENTED_EDGE('',*,*,#5636,.F.);
#5679=ORIENTED_EDGE('',*,*,#5663,.T.);
#5680=ORIENTED_EDGE('',*,*,#5486,.T.);
#5681=EDGE_LOOP('',(#5677,#5678,#5679,#5680));
#5682=FACE_OUTER_BOUND('',#5681,.F.);
#5683=ADVANCED_FACE('',(#5682),#5675,.T.);
#5684=CARTESIAN_POINT('',(2.27E0,-1.8E0,2.175E0));
#5685=DIRECTION('',(0.E0,0.E0,-1.E0));
#5686=DIRECTION('',(0.E0,1.E0,0.E0));
#5687=AXIS2_PLACEMENT_3D('',#5684,#5685,#5686);
#5688=PLANE('',#5687);
#5689=ORIENTED_EDGE('',*,*,#5537,.F.);
#5690=ORIENTED_EDGE('',*,*,#5638,.F.);
#5691=ORIENTED_EDGE('',*,*,#5676,.T.);
#5692=ORIENTED_EDGE('',*,*,#5484,.T.);
#5693=EDGE_LOOP('',(#5689,#5690,#5691,#5692));
#5694=FACE_OUTER_BOUND('',#5693,.F.);
#5695=ADVANCED_FACE('',(#5694),#5688,.T.);
#5696=OPEN_SHELL('',(#5526,#5541,#5555,#5569,#5583,#5597,#5642,#5656,#5670,
#5683,#5695));
#5697=DIRECTION('',(0.E0,0.E0,1.E0));
#5698=VECTOR('',#5697,1.264E1);
#5699=CARTESIAN_POINT('',(-2.27E0,-4.44E0,-2.925E0));
#5700=LINE('',#5699,#5698);
#5701=DIRECTION('',(0.E0,8.660254037844E-1,5.E-1));
#5702=VECTOR('',#5701,3.464101615138E-1);
#5703=CARTESIAN_POINT('',(-2.27E0,-3.E-1,-1.198205080757E0));
#5704=LINE('',#5703,#5702);
#5705=DIRECTION('',(0.E0,-1.942890293094E-14,-1.E0));
#5706=VECTOR('',#5705,5.E-2);
#5707=CARTESIAN_POINT('',(-2.27E0,0.E0,-1.025E0));
#5708=LINE('',#5707,#5706);
#5709=DIRECTION('',(0.E0,1.E0,0.E0));
#5710=VECTOR('',#5709,1.2E0);
#5711=CARTESIAN_POINT('',(-2.27E0,0.E0,-1.075E0));
#5712=LINE('',#5711,#5710);
#5713=DIRECTION('',(0.E0,0.E0,1.E0));
#5714=VECTOR('',#5713,3.5E-1);
#5715=CARTESIAN_POINT('',(-2.27E0,1.2E0,-1.075E0));
#5716=LINE('',#5715,#5714);
#5717=DIRECTION('',(0.E0,1.E0,0.E0));
#5718=VECTOR('',#5717,3.5E-1);
#5719=CARTESIAN_POINT('',(-2.27E0,1.2E0,-7.25E-1));
#5720=LINE('',#5719,#5718);
#5721=DIRECTION('',(0.E0,0.E0,-1.E0));
#5722=VECTOR('',#5721,1.344754218857E-1);
#5723=CARTESIAN_POINT('',(-2.27E0,1.55E0,-7.25E-1));
#5724=LINE('',#5723,#5722);
#5725=CARTESIAN_POINT('',(-2.27E0,-3.3E0,-2.075E0));
#5726=DIRECTION('',(-1.E0,0.E0,0.E0));
#5727=DIRECTION('',(0.E0,9.7E-1,2.431049156229E-1));
#5728=AXIS2_PLACEMENT_3D('',#5725,#5726,#5727);
#5730=DIRECTION('',(0.E0,0.E0,-1.E0));
#5731=VECTOR('',#5730,1.344754218856E-1);
#5732=CARTESIAN_POINT('',(-2.27E0,1.55E0,-3.290524578114E0));
#5733=LINE('',#5732,#5731);
#5734=DIRECTION('',(0.E0,-1.E0,0.E0));
#5735=VECTOR('',#5734,3.5E-1);
#5736=CARTESIAN_POINT('',(-2.27E0,1.55E0,-3.425E0));
#5737=LINE('',#5736,#5735);
#5738=DIRECTION('',(0.E0,0.E0,1.E0));
#5739=VECTOR('',#5738,3.5E-1);
#5740=CARTESIAN_POINT('',(-2.27E0,1.2E0,-3.425E0));
#5741=LINE('',#5740,#5739);
#5742=DIRECTION('',(0.E0,-1.E0,0.E0));
#5743=VECTOR('',#5742,1.2E0);
#5744=CARTESIAN_POINT('',(-2.27E0,1.2E0,-3.075E0));
#5745=LINE('',#5744,#5743);
#5746=DIRECTION('',(0.E0,0.E0,-1.E0));
#5747=VECTOR('',#5746,5.E-2);
#5748=CARTESIAN_POINT('',(-2.27E0,0.E0,-3.075E0));
#5749=LINE('',#5748,#5747);
#5750=DIRECTION('',(0.E0,-8.660254037844E-1,5.E-1));
#5751=VECTOR('',#5750,3.464101615138E-1);
#5752=CARTESIAN_POINT('',(-2.27E0,0.E0,-3.125E0));
#5753=LINE('',#5752,#5751);
#5754=DIRECTION('',(0.E0,3.521897425290E-14,1.E0));
#5755=VECTOR('',#5754,2.679491924310E-2);
#5756=CARTESIAN_POINT('',(-2.27E0,-3.E-1,-2.951794919243E0));
#5757=LINE('',#5756,#5755);
#5758=DIRECTION('',(0.E0,0.E0,1.E0));
#5759=VECTOR('',#5758,1.264E1);
#5760=CARTESIAN_POINT('',(-2.77E0,-4.44E0,-2.925E0));
#5761=LINE('',#5760,#5759);
#5762=DIRECTION('',(1.E0,0.E0,0.E0));
#5763=VECTOR('',#5762,5.E-1);
#5764=CARTESIAN_POINT('',(-2.77E0,-4.44E0,9.715E0));
#5765=LINE('',#5764,#5763);
#5766=DIRECTION('',(0.E0,-1.E0,0.E0));
#5767=VECTOR('',#5766,3.44E0);
#5768=CARTESIAN_POINT('',(-2.77E0,-3.E-1,-2.225E0));
#5769=LINE('',#5768,#5767);
#5770=DIRECTION('',(0.E0,0.E0,1.E0));
#5771=VECTOR('',#5770,1.194E1);
#5772=CARTESIAN_POINT('',(-2.77E0,-3.74E0,-2.225E0));
#5773=LINE('',#5772,#5771);
#5774=DIRECTION('',(0.E0,1.E0,0.E0));
#5775=VECTOR('',#5774,4.14E0);
#5776=CARTESIAN_POINT('',(-2.77E0,-4.44E0,-2.925E0));
#5777=LINE('',#5776,#5775);
#5778=DIRECTION('',(0.E0,-3.521897425290E-14,-1.E0));
#5779=VECTOR('',#5778,2.679491924310E-2);
#5780=CARTESIAN_POINT('',(-2.77E0,-3.E-1,-2.925E0));
#5781=LINE('',#5780,#5779);
#5782=DIRECTION('',(0.E0,8.660254037844E-1,-5.E-1));
#5783=VECTOR('',#5782,3.464101615138E-1);
#5784=CARTESIAN_POINT('',(-2.77E0,-3.E-1,-2.951794919243E0));
#5785=LINE('',#5784,#5783);
#5786=DIRECTION('',(0.E0,0.E0,1.E0));
#5787=VECTOR('',#5786,5.E-2);
#5788=CARTESIAN_POINT('',(-2.77E0,0.E0,-3.125E0));
#5789=LINE('',#5788,#5787);
#5790=DIRECTION('',(0.E0,1.E0,0.E0));
#5791=VECTOR('',#5790,1.2E0);
#5792=CARTESIAN_POINT('',(-2.77E0,0.E0,-3.075E0));
#5793=LINE('',#5792,#5791);
#5794=DIRECTION('',(0.E0,0.E0,-1.E0));
#5795=VECTOR('',#5794,3.5E-1);
#5796=CARTESIAN_POINT('',(-2.77E0,1.2E0,-3.075E0));
#5797=LINE('',#5796,#5795);
#5798=DIRECTION('',(0.E0,1.E0,0.E0));
#5799=VECTOR('',#5798,3.5E-1);
#5800=CARTESIAN_POINT('',(-2.77E0,1.2E0,-3.425E0));
#5801=LINE('',#5800,#5799);
#5802=DIRECTION('',(0.E0,0.E0,1.E0));
#5803=VECTOR('',#5802,1.344754218856E-1);
#5804=CARTESIAN_POINT('',(-2.77E0,1.55E0,-3.425E0));
#5805=LINE('',#5804,#5803);
#5806=CARTESIAN_POINT('',(-2.77E0,-3.3E0,-2.075E0));
#5807=DIRECTION('',(1.E0,0.E0,0.E0));
#5808=DIRECTION('',(0.E0,9.7E-1,-2.431049156229E-1));
#5809=AXIS2_PLACEMENT_3D('',#5806,#5807,#5808);
#5811=DIRECTION('',(0.E0,0.E0,1.E0));
#5812=VECTOR('',#5811,1.344754218857E-1);
#5813=CARTESIAN_POINT('',(-2.77E0,1.55E0,-8.594754218857E-1));
#5814=LINE('',#5813,#5812);
#5815=DIRECTION('',(0.E0,-1.E0,0.E0));
#5816=VECTOR('',#5815,3.5E-1);
#5817=CARTESIAN_POINT('',(-2.77E0,1.55E0,-7.25E-1));
#5818=LINE('',#5817,#5816);
#5819=DIRECTION('',(0.E0,0.E0,-1.E0));
#5820=VECTOR('',#5819,3.5E-1);
#5821=CARTESIAN_POINT('',(-2.77E0,1.2E0,-7.25E-1));
#5822=LINE('',#5821,#5820);
#5823=DIRECTION('',(0.E0,-1.E0,0.E0));
#5824=VECTOR('',#5823,1.2E0);
#5825=CARTESIAN_POINT('',(-2.77E0,1.2E0,-1.075E0));
#5826=LINE('',#5825,#5824);
#5827=DIRECTION('',(0.E0,1.942890293094E-14,1.E0));
#5828=VECTOR('',#5827,5.E-2);
#5829=CARTESIAN_POINT('',(-2.77E0,0.E0,-1.075E0));
#5830=LINE('',#5829,#5828);
#5831=DIRECTION('',(0.E0,-8.660254037844E-1,-5.E-1));
#5832=VECTOR('',#5831,3.464101615138E-1);
#5833=CARTESIAN_POINT('',(-2.77E0,0.E0,-1.025E0));
#5834=LINE('',#5833,#5832);
#5835=DIRECTION('',(0.E0,0.E0,-1.E0));
#5836=VECTOR('',#5835,1.026794919243E0);
#5837=CARTESIAN_POINT('',(-2.77E0,-3.E-1,-1.198205080757E0));
#5838=LINE('',#5837,#5836);
#5839=DIRECTION('',(1.E0,0.E0,0.E0));
#5840=VECTOR('',#5839,5.E-1);
#5841=CARTESIAN_POINT('',(-2.77E0,-3.E-1,-2.225E0));
#5842=LINE('',#5841,#5840);
#5843=DIRECTION('',(0.E0,-1.E0,0.E0));
#5844=VECTOR('',#5843,3.44E0);
#5845=CARTESIAN_POINT('',(-2.27E0,-3.E-1,-2.225E0));
#5846=LINE('',#5845,#5844);
#5847=DIRECTION('',(1.E0,0.E0,0.E0));
#5848=VECTOR('',#5847,5.E-1);
#5849=CARTESIAN_POINT('',(-2.77E0,-3.74E0,-2.225E0));
#5850=LINE('',#5849,#5848);
#5851=DIRECTION('',(0.E0,0.E0,1.E0));
#5852=VECTOR('',#5851,1.194E1);
#5853=CARTESIAN_POINT('',(-2.27E0,-3.74E0,-2.225E0));
#5854=LINE('',#5853,#5852);
#5855=DIRECTION('',(1.E0,0.E0,0.E0));
#5856=VECTOR('',#5855,5.E-1);
#5857=CARTESIAN_POINT('',(-2.77E0,-3.74E0,9.715E0));
#5858=LINE('',#5857,#5856);
#5859=DIRECTION('',(0.E0,-1.E0,0.E0));
#5860=VECTOR('',#5859,7.E-1);
#5861=CARTESIAN_POINT('',(-2.27E0,-3.74E0,9.715E0));
#5862=LINE('',#5861,#5860);
#5863=DIRECTION('',(0.E0,1.E0,0.E0));
#5864=VECTOR('',#5863,7.E-1);
#5865=CARTESIAN_POINT('',(-2.77E0,-4.44E0,9.715E0));
#5866=LINE('',#5865,#5864);
#5867=DIRECTION('',(1.E0,0.E0,0.E0));
#5868=VECTOR('',#5867,5.E-1);
#5869=CARTESIAN_POINT('',(-2.77E0,-3.E-1,-1.198205080757E0));
#5870=LINE('',#5869,#5868);
#5871=DIRECTION('',(0.E0,0.E0,-1.E0));
#5872=VECTOR('',#5871,1.026794919243E0);
#5873=CARTESIAN_POINT('',(-2.27E0,-3.E-1,-1.198205080757E0));
#5874=LINE('',#5873,#5872);
#5875=DIRECTION('',(1.E0,0.E0,0.E0));
#5876=VECTOR('',#5875,5.E-1);
#5877=CARTESIAN_POINT('',(-2.77E0,0.E0,-1.025E0));
#5878=LINE('',#5877,#5876);
#5879=DIRECTION('',(-1.E0,0.E0,0.E0));
#5880=VECTOR('',#5879,5.E-1);
#5881=CARTESIAN_POINT('',(-2.27E0,-3.E-1,-2.925E0));
#5882=LINE('',#5881,#5880);
#5883=DIRECTION('',(1.E0,0.E0,0.E0));
#5884=VECTOR('',#5883,5.E-1);
#5885=CARTESIAN_POINT('',(-2.77E0,-4.44E0,-2.925E0));
#5886=LINE('',#5885,#5884);
#5887=DIRECTION('',(0.E0,1.E0,0.E0));
#5888=VECTOR('',#5887,4.14E0);
#5889=CARTESIAN_POINT('',(-2.27E0,-4.44E0,-2.925E0));
#5890=LINE('',#5889,#5888);
#5891=DIRECTION('',(-1.E0,0.E0,0.E0));
#5892=VECTOR('',#5891,5.E-1);
#5893=CARTESIAN_POINT('',(-2.27E0,0.E0,-3.125E0));
#5894=LINE('',#5893,#5892);
#5895=DIRECTION('',(1.E0,0.E0,0.E0));
#5896=VECTOR('',#5895,5.E-1);
#5897=CARTESIAN_POINT('',(-2.77E0,-3.E-1,-2.951794919243E0));
#5898=LINE('',#5897,#5896);
#5899=CARTESIAN_POINT('',(-2.27E0,-4.44E0,-2.925E0));
#5900=CARTESIAN_POINT('',(-2.27E0,-4.44E0,9.715E0));
#5901=VERTEX_POINT('',#5899);
#5902=VERTEX_POINT('',#5900);
#5903=CARTESIAN_POINT('',(-2.27E0,-3.74E0,9.715E0));
#5904=VERTEX_POINT('',#5903);
#5905=CARTESIAN_POINT('',(-2.27E0,-3.74E0,-2.225E0));
#5906=VERTEX_POINT('',#5905);
#5907=CARTESIAN_POINT('',(-2.27E0,-3.E-1,-2.225E0));
#5908=VERTEX_POINT('',#5907);
#5909=CARTESIAN_POINT('',(-2.27E0,-3.E-1,-1.198205080757E0));
#5910=VERTEX_POINT('',#5909);
#5911=CARTESIAN_POINT('',(-2.27E0,0.E0,-1.025E0));
#5912=VERTEX_POINT('',#5911);
#5913=CARTESIAN_POINT('',(-2.27E0,0.E0,-1.075E0));
#5914=VERTEX_POINT('',#5913);
#5915=CARTESIAN_POINT('',(-2.27E0,1.2E0,-1.075E0));
#5916=VERTEX_POINT('',#5915);
#5917=CARTESIAN_POINT('',(-2.27E0,1.2E0,-7.25E-1));
#5918=VERTEX_POINT('',#5917);
#5919=CARTESIAN_POINT('',(-2.27E0,1.55E0,-7.25E-1));
#5920=VERTEX_POINT('',#5919);
#5921=CARTESIAN_POINT('',(-2.27E0,1.55E0,-8.594754218857E-1));
#5922=VERTEX_POINT('',#5921);
#5923=CARTESIAN_POINT('',(-2.27E0,1.55E0,-3.290524578114E0));
#5924=VERTEX_POINT('',#5923);
#5925=CARTESIAN_POINT('',(-2.27E0,1.55E0,-3.425E0));
#5926=VERTEX_POINT('',#5925);
#5927=CARTESIAN_POINT('',(-2.27E0,1.2E0,-3.425E0));
#5928=VERTEX_POINT('',#5927);
#5929=CARTESIAN_POINT('',(-2.27E0,1.2E0,-3.075E0));
#5930=VERTEX_POINT('',#5929);
#5931=CARTESIAN_POINT('',(-2.27E0,0.E0,-3.075E0));
#5932=VERTEX_POINT('',#5931);
#5933=CARTESIAN_POINT('',(-2.27E0,0.E0,-3.125E0));
#5934=VERTEX_POINT('',#5933);
#5935=CARTESIAN_POINT('',(-2.27E0,-3.E-1,-2.951794919243E0));
#5936=VERTEX_POINT('',#5935);
#5937=CARTESIAN_POINT('',(-2.27E0,-3.E-1,-2.925E0));
#5938=VERTEX_POINT('',#5937);
#5939=CARTESIAN_POINT('',(-2.77E0,-4.44E0,-2.925E0));
#5940=CARTESIAN_POINT('',(-2.77E0,-4.44E0,9.715E0));
#5941=VERTEX_POINT('',#5939);
#5942=VERTEX_POINT('',#5940);
#5943=CARTESIAN_POINT('',(-2.77E0,-3.E-1,-2.225E0));
#5944=CARTESIAN_POINT('',(-2.77E0,-3.74E0,-2.225E0));
#5945=VERTEX_POINT('',#5943);
#5946=VERTEX_POINT('',#5944);
#5947=CARTESIAN_POINT('',(-2.77E0,-3.74E0,9.715E0));
#5948=VERTEX_POINT('',#5947);
#5949=CARTESIAN_POINT('',(-2.77E0,-3.E-1,-2.925E0));
#5950=VERTEX_POINT('',#5949);
#5951=CARTESIAN_POINT('',(-2.77E0,-3.E-1,-2.951794919243E0));
#5952=VERTEX_POINT('',#5951);
#5953=CARTESIAN_POINT('',(-2.77E0,0.E0,-3.125E0));
#5954=VERTEX_POINT('',#5953);
#5955=CARTESIAN_POINT('',(-2.77E0,0.E0,-3.075E0));
#5956=VERTEX_POINT('',#5955);
#5957=CARTESIAN_POINT('',(-2.77E0,1.2E0,-3.075E0));
#5958=VERTEX_POINT('',#5957);
#5959=CARTESIAN_POINT('',(-2.77E0,1.2E0,-3.425E0));
#5960=VERTEX_POINT('',#5959);
#5961=CARTESIAN_POINT('',(-2.77E0,1.55E0,-3.425E0));
#5962=VERTEX_POINT('',#5961);
#5963=CARTESIAN_POINT('',(-2.77E0,1.55E0,-3.290524578114E0));
#5964=VERTEX_POINT('',#5963);
#5965=CARTESIAN_POINT('',(-2.77E0,1.55E0,-8.594754218857E-1));
#5966=VERTEX_POINT('',#5965);
#5967=CARTESIAN_POINT('',(-2.77E0,1.55E0,-7.25E-1));
#5968=VERTEX_POINT('',#5967);
#5969=CARTESIAN_POINT('',(-2.77E0,1.2E0,-7.25E-1));
#5970=VERTEX_POINT('',#5969);
#5971=CARTESIAN_POINT('',(-2.77E0,1.2E0,-1.075E0));
#5972=VERTEX_POINT('',#5971);
#5973=CARTESIAN_POINT('',(-2.77E0,0.E0,-1.075E0));
#5974=VERTEX_POINT('',#5973);
#5975=CARTESIAN_POINT('',(-2.77E0,0.E0,-1.025E0));
#5976=VERTEX_POINT('',#5975);
#5977=CARTESIAN_POINT('',(-2.77E0,-3.E-1,-1.198205080757E0));
#5978=VERTEX_POINT('',#5977);
#5979=CARTESIAN_POINT('',(-2.27E0,-3.E-1,-2.075E0));
#5980=DIRECTION('',(-1.E0,0.E0,0.E0));
#5981=DIRECTION('',(0.E0,0.E0,1.E0));
#5982=AXIS2_PLACEMENT_3D('',#5979,#5980,#5981);
#5983=PLANE('',#5982);
#5985=ORIENTED_EDGE('',*,*,#5984,.T.);
#5987=ORIENTED_EDGE('',*,*,#5986,.F.);
#5989=ORIENTED_EDGE('',*,*,#5988,.F.);
#5991=ORIENTED_EDGE('',*,*,#5990,.F.);
#5993=ORIENTED_EDGE('',*,*,#5992,.F.);
#5995=ORIENTED_EDGE('',*,*,#5994,.T.);
#5997=ORIENTED_EDGE('',*,*,#5996,.T.);
#5999=ORIENTED_EDGE('',*,*,#5998,.T.);
#6001=ORIENTED_EDGE('',*,*,#6000,.T.);
#6003=ORIENTED_EDGE('',*,*,#6002,.T.);
#6005=ORIENTED_EDGE('',*,*,#6004,.T.);
#6007=ORIENTED_EDGE('',*,*,#6006,.T.);
#6009=ORIENTED_EDGE('',*,*,#6008,.T.);
#6011=ORIENTED_EDGE('',*,*,#6010,.T.);
#6013=ORIENTED_EDGE('',*,*,#6012,.T.);
#6015=ORIENTED_EDGE('',*,*,#6014,.T.);
#6017=ORIENTED_EDGE('',*,*,#6016,.T.);
#6019=ORIENTED_EDGE('',*,*,#6018,.T.);
#6021=ORIENTED_EDGE('',*,*,#6020,.T.);
#6023=ORIENTED_EDGE('',*,*,#6022,.F.);
#6024=EDGE_LOOP('',(#5985,#5987,#5989,#5991,#5993,#5995,#5997,#5999,#6001,#6003,
#6005,#6007,#6009,#6011,#6013,#6015,#6017,#6019,#6021,#6023));
#6025=FACE_OUTER_BOUND('',#6024,.F.);
#6026=ADVANCED_FACE('',(#6025),#5983,.F.);
#6027=CARTESIAN_POINT('',(-2.27E0,-4.44E0,-2.925E0));
#6028=DIRECTION('',(0.E0,-1.E0,0.E0));
#6029=DIRECTION('',(0.E0,0.E0,1.E0));
#6030=AXIS2_PLACEMENT_3D('',#6027,#6028,#6029);
#6031=PLANE('',#6030);
#6033=ORIENTED_EDGE('',*,*,#6032,.T.);
#6035=ORIENTED_EDGE('',*,*,#6034,.T.);
#6036=ORIENTED_EDGE('',*,*,#5984,.F.);
#6038=ORIENTED_EDGE('',*,*,#6037,.F.);
#6039=EDGE_LOOP('',(#6033,#6035,#6036,#6038));
#6040=FACE_OUTER_BOUND('',#6039,.F.);
#6041=ADVANCED_FACE('',(#6040),#6031,.T.);
#6042=CARTESIAN_POINT('',(-2.77E0,-3.E-1,-2.075E0));
#6043=DIRECTION('',(-1.E0,0.E0,0.E0));
#6044=DIRECTION('',(0.E0,0.E0,1.E0));
#6045=AXIS2_PLACEMENT_3D('',#6042,#6043,#6044);
#6046=PLANE('',#6045);
#6048=ORIENTED_EDGE('',*,*,#6047,.T.);
#6050=ORIENTED_EDGE('',*,*,#6049,.T.);
#6052=ORIENTED_EDGE('',*,*,#6051,.F.);
#6053=ORIENTED_EDGE('',*,*,#6032,.F.);
#6055=ORIENTED_EDGE('',*,*,#6054,.T.);
#6057=ORIENTED_EDGE('',*,*,#6056,.T.);
#6059=ORIENTED_EDGE('',*,*,#6058,.T.);
#6061=ORIENTED_EDGE('',*,*,#6060,.T.);
#6063=ORIENTED_EDGE('',*,*,#6062,.T.);
#6065=ORIENTED_EDGE('',*,*,#6064,.T.);
#6067=ORIENTED_EDGE('',*,*,#6066,.T.);
#6069=ORIENTED_EDGE('',*,*,#6068,.T.);
#6071=ORIENTED_EDGE('',*,*,#6070,.T.);
#6073=ORIENTED_EDGE('',*,*,#6072,.T.);
#6075=ORIENTED_EDGE('',*,*,#6074,.T.);
#6077=ORIENTED_EDGE('',*,*,#6076,.T.);
#6079=ORIENTED_EDGE('',*,*,#6078,.T.);
#6081=ORIENTED_EDGE('',*,*,#6080,.T.);
#6083=ORIENTED_EDGE('',*,*,#6082,.T.);
#6085=ORIENTED_EDGE('',*,*,#6084,.T.);
#6086=EDGE_LOOP('',(#6048,#6050,#6052,#6053,#6055,#6057,#6059,#6061,#6063,#6065,
#6067,#6069,#6071,#6073,#6075,#6077,#6079,#6081,#6083,#6085));
#6087=FACE_OUTER_BOUND('',#6086,.F.);
#6088=ADVANCED_FACE('',(#6087),#6046,.T.);
#6089=CARTESIAN_POINT('',(-2.27E0,-4.44E0,-2.225E0));
#6090=DIRECTION('',(0.E0,0.E0,1.E0));
#6091=DIRECTION('',(0.E0,1.E0,0.E0));
#6092=AXIS2_PLACEMENT_3D('',#6089,#6090,#6091);
#6093=PLANE('',#6092);
#6095=ORIENTED_EDGE('',*,*,#6094,.F.);
#6096=ORIENTED_EDGE('',*,*,#6047,.F.);
#6098=ORIENTED_EDGE('',*,*,#6097,.T.);
#6099=ORIENTED_EDGE('',*,*,#5990,.T.);
#6100=EDGE_LOOP('',(#6095,#6096,#6098,#6099));
#6101=FACE_OUTER_BOUND('',#6100,.F.);
#6102=ADVANCED_FACE('',(#6101),#6093,.T.);
#6103=CARTESIAN_POINT('',(-2.77E0,-3.74E0,-2.925E0));
#6104=DIRECTION('',(0.E0,1.E0,0.E0));
#6105=DIRECTION('',(1.E0,0.E0,0.E0));
#6106=AXIS2_PLACEMENT_3D('',#6103,#6104,#6105);
#6107=PLANE('',#6106);
#6108=ORIENTED_EDGE('',*,*,#6049,.F.);
#6109=ORIENTED_EDGE('',*,*,#6094,.T.);
#6110=ORIENTED_EDGE('',*,*,#5988,.T.);
#6112=ORIENTED_EDGE('',*,*,#6111,.F.);
#6113=EDGE_LOOP('',(#6108,#6109,#6110,#6112));
#6114=FACE_OUTER_BOUND('',#6113,.F.);
#6115=ADVANCED_FACE('',(#6114),#6107,.T.);
#6116=CARTESIAN_POINT('',(-2.27E0,-3.E-1,9.715E0));
#6117=DIRECTION('',(0.E0,0.E0,-1.E0));
#6118=DIRECTION('',(0.E0,-1.E0,0.E0));
#6119=AXIS2_PLACEMENT_3D('',#6116,#6117,#6118);
#6120=PLANE('',#6119);
#6121=ORIENTED_EDGE('',*,*,#6111,.T.);
#6122=ORIENTED_EDGE('',*,*,#5986,.T.);
#6123=ORIENTED_EDGE('',*,*,#6034,.F.);
#6124=ORIENTED_EDGE('',*,*,#6051,.T.);
#6125=EDGE_LOOP('',(#6121,#6122,#6123,#6124));
#6126=FACE_OUTER_BOUND('',#6125,.F.);
#6127=ADVANCED_FACE('',(#6126),#6120,.F.);
#6128=CARTESIAN_POINT('',(-2.27E0,-3.E-1,-2.951794919243E0));
#6129=DIRECTION('',(0.E0,-1.E0,0.E0));
#6130=DIRECTION('',(0.E0,0.E0,1.E0));
#6131=AXIS2_PLACEMENT_3D('',#6128,#6129,#6130);
#6132=PLANE('',#6131);
#6133=ORIENTED_EDGE('',*,*,#6097,.F.);
#6134=ORIENTED_EDGE('',*,*,#6084,.F.);
#6136=ORIENTED_EDGE('',*,*,#6135,.T.);
#6137=ORIENTED_EDGE('',*,*,#5992,.T.);
#6138=EDGE_LOOP('',(#6133,#6134,#6136,#6137));
#6139=FACE_OUTER_BOUND('',#6138,.F.);
#6140=ADVANCED_FACE('',(#6139),#6132,.T.);
#6141=CARTESIAN_POINT('',(-2.27E0,-3.E-1,-1.198205080757E0));
#6142=DIRECTION('',(0.E0,-5.E-1,8.660254037844E-1));
#6143=DIRECTION('',(0.E0,8.660254037844E-1,5.E-1));
#6144=AXIS2_PLACEMENT_3D('',#6141,#6142,#6143);
#6145=PLANE('',#6144);
#6146=ORIENTED_EDGE('',*,*,#5994,.F.);
#6147=ORIENTED_EDGE('',*,*,#6135,.F.);
#6148=ORIENTED_EDGE('',*,*,#6082,.F.);
#6150=ORIENTED_EDGE('',*,*,#6149,.T.);
#6151=EDGE_LOOP('',(#6146,#6147,#6148,#6150));
#6152=FACE_OUTER_BOUND('',#6151,.F.);
#6153=ADVANCED_FACE('',(#6152),#6145,.T.);
#6154=CARTESIAN_POINT('',(-2.27E0,-3.E-1,-2.925E0));
#6155=DIRECTION('',(0.E0,0.E0,-1.E0));
#6156=DIRECTION('',(0.E0,-1.E0,0.E0));
#6157=AXIS2_PLACEMENT_3D('',#6154,#6155,#6156);
#6158=PLANE('',#6157);
#6160=ORIENTED_EDGE('',*,*,#6159,.T.);
#6161=ORIENTED_EDGE('',*,*,#6054,.F.);
#6162=ORIENTED_EDGE('',*,*,#6037,.T.);
#6163=ORIENTED_EDGE('',*,*,#6022,.T.);
#6164=EDGE_LOOP('',(#6160,#6161,#6162,#6163));
#6165=FACE_OUTER_BOUND('',#6164,.F.);
#6166=ADVANCED_FACE('',(#6165),#6158,.T.);
#6167=CARTESIAN_POINT('',(-2.27E0,0.E0,-3.125E0));
#6168=DIRECTION('',(0.E0,-5.E-1,-8.660254037844E-1));
#6169=DIRECTION('',(0.E0,-8.660254037844E-1,5.E-1));
#6170=AXIS2_PLACEMENT_3D('',#6167,#6168,#6169);
#6171=PLANE('',#6170);
#6172=ORIENTED_EDGE('',*,*,#6018,.F.);
#6174=ORIENTED_EDGE('',*,*,#6173,.T.);
#6175=ORIENTED_EDGE('',*,*,#6058,.F.);
#6177=ORIENTED_EDGE('',*,*,#6176,.T.);
#6178=EDGE_LOOP('',(#6172,#6174,#6175,#6177));
#6179=FACE_OUTER_BOUND('',#6178,.F.);
#6180=ADVANCED_FACE('',(#6179),#6171,.T.);
#6181=OPEN_SHELL('',(#6026,#6041,#6088,#6102,#6115,#6127,#6140,#6153,#6166,
#6180));
#6182=DIRECTION('',(0.E0,0.E0,1.E0));
#6183=VECTOR('',#6182,1.264E1);
#6184=CARTESIAN_POINT('',(2.7E-1,-4.44E0,-2.925E0));
#6185=LINE('',#6184,#6183);
#6186=DIRECTION('',(0.E0,8.660254037844E-1,5.E-1));
#6187=VECTOR('',#6186,3.464101615138E-1);
#6188=CARTESIAN_POINT('',(2.7E-1,-3.E-1,-1.198205080757E0));
#6189=LINE('',#6188,#6187);
#6190=DIRECTION('',(0.E0,-1.942890293094E-14,-1.E0));
#6191=VECTOR('',#6190,5.E-2);
#6192=CARTESIAN_POINT('',(2.7E-1,0.E0,-1.025E0));
#6193=LINE('',#6192,#6191);
#6194=DIRECTION('',(0.E0,1.E0,0.E0));
#6195=VECTOR('',#6194,1.2E0);
#6196=CARTESIAN_POINT('',(2.7E-1,0.E0,-1.075E0));
#6197=LINE('',#6196,#6195);
#6198=DIRECTION('',(0.E0,0.E0,1.E0));
#6199=VECTOR('',#6198,3.5E-1);
#6200=CARTESIAN_POINT('',(2.7E-1,1.2E0,-1.075E0));
#6201=LINE('',#6200,#6199);
#6202=DIRECTION('',(0.E0,1.E0,0.E0));
#6203=VECTOR('',#6202,3.5E-1);
#6204=CARTESIAN_POINT('',(2.7E-1,1.2E0,-7.25E-1));
#6205=LINE('',#6204,#6203);
#6206=DIRECTION('',(0.E0,0.E0,-1.E0));
#6207=VECTOR('',#6206,1.344754218857E-1);
#6208=CARTESIAN_POINT('',(2.7E-1,1.55E0,-7.25E-1));
#6209=LINE('',#6208,#6207);
#6210=CARTESIAN_POINT('',(2.7E-1,-3.3E0,-2.075E0));
#6211=DIRECTION('',(-1.E0,0.E0,0.E0));
#6212=DIRECTION('',(0.E0,9.7E-1,2.431049156229E-1));
#6213=AXIS2_PLACEMENT_3D('',#6210,#6211,#6212);
#6215=DIRECTION('',(0.E0,0.E0,-1.E0));
#6216=VECTOR('',#6215,1.344754218856E-1);
#6217=CARTESIAN_POINT('',(2.7E-1,1.55E0,-3.290524578114E0));
#6218=LINE('',#6217,#6216);
#6219=DIRECTION('',(0.E0,-1.E0,0.E0));
#6220=VECTOR('',#6219,3.5E-1);
#6221=CARTESIAN_POINT('',(2.7E-1,1.55E0,-3.425E0));
#6222=LINE('',#6221,#6220);
#6223=DIRECTION('',(0.E0,0.E0,1.E0));
#6224=VECTOR('',#6223,3.5E-1);
#6225=CARTESIAN_POINT('',(2.7E-1,1.2E0,-3.425E0));
#6226=LINE('',#6225,#6224);
#6227=DIRECTION('',(0.E0,-1.E0,0.E0));
#6228=VECTOR('',#6227,1.2E0);
#6229=CARTESIAN_POINT('',(2.7E-1,1.2E0,-3.075E0));
#6230=LINE('',#6229,#6228);
#6231=DIRECTION('',(0.E0,0.E0,-1.E0));
#6232=VECTOR('',#6231,5.E-2);
#6233=CARTESIAN_POINT('',(2.7E-1,0.E0,-3.075E0));
#6234=LINE('',#6233,#6232);
#6235=DIRECTION('',(0.E0,-8.660254037844E-1,5.E-1));
#6236=VECTOR('',#6235,3.464101615138E-1);
#6237=CARTESIAN_POINT('',(2.7E-1,0.E0,-3.125E0));
#6238=LINE('',#6237,#6236);
#6239=DIRECTION('',(0.E0,3.521897425290E-14,1.E0));
#6240=VECTOR('',#6239,2.679491924310E-2);
#6241=CARTESIAN_POINT('',(2.7E-1,-3.E-1,-2.951794919243E0));
#6242=LINE('',#6241,#6240);
#6243=DIRECTION('',(0.E0,0.E0,1.E0));
#6244=VECTOR('',#6243,1.264E1);
#6245=CARTESIAN_POINT('',(-2.3E-1,-4.44E0,-2.925E0));
#6246=LINE('',#6245,#6244);
#6247=DIRECTION('',(1.E0,0.E0,0.E0));
#6248=VECTOR('',#6247,5.E-1);
#6249=CARTESIAN_POINT('',(-2.3E-1,-4.44E0,9.715E0));
#6250=LINE('',#6249,#6248);
#6251=DIRECTION('',(0.E0,-1.E0,0.E0));
#6252=VECTOR('',#6251,3.44E0);
#6253=CARTESIAN_POINT('',(-2.3E-1,-3.E-1,-2.225E0));
#6254=LINE('',#6253,#6252);
#6255=DIRECTION('',(0.E0,0.E0,1.E0));
#6256=VECTOR('',#6255,1.194E1);
#6257=CARTESIAN_POINT('',(-2.3E-1,-3.74E0,-2.225E0));
#6258=LINE('',#6257,#6256);
#6259=DIRECTION('',(0.E0,1.E0,0.E0));
#6260=VECTOR('',#6259,4.14E0);
#6261=CARTESIAN_POINT('',(-2.3E-1,-4.44E0,-2.925E0));
#6262=LINE('',#6261,#6260);
#6263=DIRECTION('',(0.E0,-3.521897425290E-14,-1.E0));
#6264=VECTOR('',#6263,2.679491924310E-2);
#6265=CARTESIAN_POINT('',(-2.3E-1,-3.E-1,-2.925E0));
#6266=LINE('',#6265,#6264);
#6267=DIRECTION('',(0.E0,8.660254037844E-1,-5.E-1));
#6268=VECTOR('',#6267,3.464101615138E-1);
#6269=CARTESIAN_POINT('',(-2.3E-1,-3.E-1,-2.951794919243E0));
#6270=LINE('',#6269,#6268);
#6271=DIRECTION('',(0.E0,0.E0,1.E0));
#6272=VECTOR('',#6271,5.E-2);
#6273=CARTESIAN_POINT('',(-2.3E-1,0.E0,-3.125E0));
#6274=LINE('',#6273,#6272);
#6275=DIRECTION('',(0.E0,1.E0,0.E0));
#6276=VECTOR('',#6275,1.2E0);
#6277=CARTESIAN_POINT('',(-2.3E-1,0.E0,-3.075E0));
#6278=LINE('',#6277,#6276);
#6279=DIRECTION('',(0.E0,0.E0,-1.E0));
#6280=VECTOR('',#6279,3.5E-1);
#6281=CARTESIAN_POINT('',(-2.3E-1,1.2E0,-3.075E0));
#6282=LINE('',#6281,#6280);
#6283=DIRECTION('',(0.E0,1.E0,0.E0));
#6284=VECTOR('',#6283,3.5E-1);
#6285=CARTESIAN_POINT('',(-2.3E-1,1.2E0,-3.425E0));
#6286=LINE('',#6285,#6284);
#6287=DIRECTION('',(0.E0,0.E0,1.E0));
#6288=VECTOR('',#6287,1.344754218856E-1);
#6289=CARTESIAN_POINT('',(-2.3E-1,1.55E0,-3.425E0));
#6290=LINE('',#6289,#6288);
#6291=CARTESIAN_POINT('',(-2.3E-1,-3.3E0,-2.075E0));
#6292=DIRECTION('',(1.E0,0.E0,0.E0));
#6293=DIRECTION('',(0.E0,9.7E-1,-2.431049156229E-1));
#6294=AXIS2_PLACEMENT_3D('',#6291,#6292,#6293);
#6296=DIRECTION('',(0.E0,0.E0,1.E0));
#6297=VECTOR('',#6296,1.344754218857E-1);
#6298=CARTESIAN_POINT('',(-2.3E-1,1.55E0,-8.594754218857E-1));
#6299=LINE('',#6298,#6297);
#6300=DIRECTION('',(0.E0,-1.E0,0.E0));
#6301=VECTOR('',#6300,3.5E-1);
#6302=CARTESIAN_POINT('',(-2.3E-1,1.55E0,-7.25E-1));
#6303=LINE('',#6302,#6301);
#6304=DIRECTION('',(0.E0,0.E0,-1.E0));
#6305=VECTOR('',#6304,3.5E-1);
#6306=CARTESIAN_POINT('',(-2.3E-1,1.2E0,-7.25E-1));
#6307=LINE('',#6306,#6305);
#6308=DIRECTION('',(0.E0,-1.E0,0.E0));
#6309=VECTOR('',#6308,1.2E0);
#6310=CARTESIAN_POINT('',(-2.3E-1,1.2E0,-1.075E0));
#6311=LINE('',#6310,#6309);
#6312=DIRECTION('',(0.E0,1.942890293094E-14,1.E0));
#6313=VECTOR('',#6312,5.E-2);
#6314=CARTESIAN_POINT('',(-2.3E-1,0.E0,-1.075E0));
#6315=LINE('',#6314,#6313);
#6316=DIRECTION('',(0.E0,-8.660254037844E-1,-5.E-1));
#6317=VECTOR('',#6316,3.464101615138E-1);
#6318=CARTESIAN_POINT('',(-2.3E-1,0.E0,-1.025E0));
#6319=LINE('',#6318,#6317);
#6320=DIRECTION('',(0.E0,0.E0,-1.E0));
#6321=VECTOR('',#6320,1.026794919243E0);
#6322=CARTESIAN_POINT('',(-2.3E-1,-3.E-1,-1.198205080757E0));
#6323=LINE('',#6322,#6321);
#6324=DIRECTION('',(1.E0,0.E0,0.E0));
#6325=VECTOR('',#6324,5.E-1);
#6326=CARTESIAN_POINT('',(-2.3E-1,-3.E-1,-2.225E0));
#6327=LINE('',#6326,#6325);
#6328=DIRECTION('',(0.E0,-1.E0,0.E0));
#6329=VECTOR('',#6328,3.44E0);
#6330=CARTESIAN_POINT('',(2.7E-1,-3.E-1,-2.225E0));
#6331=LINE('',#6330,#6329);
#6332=DIRECTION('',(1.E0,0.E0,0.E0));
#6333=VECTOR('',#6332,5.E-1);
#6334=CARTESIAN_POINT('',(-2.3E-1,-3.74E0,-2.225E0));
#6335=LINE('',#6334,#6333);
#6336=DIRECTION('',(0.E0,0.E0,1.E0));
#6337=VECTOR('',#6336,1.194E1);
#6338=CARTESIAN_POINT('',(2.7E-1,-3.74E0,-2.225E0));
#6339=LINE('',#6338,#6337);
#6340=DIRECTION('',(1.E0,0.E0,0.E0));
#6341=VECTOR('',#6340,5.E-1);
#6342=CARTESIAN_POINT('',(-2.3E-1,-3.74E0,9.715E0));
#6343=LINE('',#6342,#6341);
#6344=DIRECTION('',(0.E0,-1.E0,0.E0));
#6345=VECTOR('',#6344,7.E-1);
#6346=CARTESIAN_POINT('',(2.7E-1,-3.74E0,9.715E0));
#6347=LINE('',#6346,#6345);
#6348=DIRECTION('',(0.E0,1.E0,0.E0));
#6349=VECTOR('',#6348,7.E-1);
#6350=CARTESIAN_POINT('',(-2.3E-1,-4.44E0,9.715E0));
#6351=LINE('',#6350,#6349);
#6352=DIRECTION('',(1.E0,0.E0,0.E0));
#6353=VECTOR('',#6352,5.E-1);
#6354=CARTESIAN_POINT('',(-2.3E-1,-3.E-1,-1.198205080757E0));
#6355=LINE('',#6354,#6353);
#6356=DIRECTION('',(0.E0,0.E0,-1.E0));
#6357=VECTOR('',#6356,1.026794919243E0);
#6358=CARTESIAN_POINT('',(2.7E-1,-3.E-1,-1.198205080757E0));
#6359=LINE('',#6358,#6357);
#6360=DIRECTION('',(1.E0,0.E0,0.E0));
#6361=VECTOR('',#6360,5.E-1);
#6362=CARTESIAN_POINT('',(-2.3E-1,0.E0,-1.025E0));
#6363=LINE('',#6362,#6361);
#6364=DIRECTION('',(-1.E0,0.E0,0.E0));
#6365=VECTOR('',#6364,5.E-1);
#6366=CARTESIAN_POINT('',(2.7E-1,-3.E-1,-2.925E0));
#6367=LINE('',#6366,#6365);
#6368=DIRECTION('',(1.E0,0.E0,0.E0));
#6369=VECTOR('',#6368,5.E-1);
#6370=CARTESIAN_POINT('',(-2.3E-1,-4.44E0,-2.925E0));
#6371=LINE('',#6370,#6369);
#6372=DIRECTION('',(0.E0,1.E0,0.E0));
#6373=VECTOR('',#6372,4.14E0);
#6374=CARTESIAN_POINT('',(2.7E-1,-4.44E0,-2.925E0));
#6375=LINE('',#6374,#6373);
#6376=DIRECTION('',(-1.E0,0.E0,0.E0));
#6377=VECTOR('',#6376,5.E-1);
#6378=CARTESIAN_POINT('',(2.7E-1,0.E0,-3.125E0));
#6379=LINE('',#6378,#6377);
#6380=DIRECTION('',(1.E0,0.E0,0.E0));
#6381=VECTOR('',#6380,5.E-1);
#6382=CARTESIAN_POINT('',(-2.3E-1,-3.E-1,-2.951794919243E0));
#6383=LINE('',#6382,#6381);
#6384=CARTESIAN_POINT('',(2.7E-1,-4.44E0,-2.925E0));
#6385=CARTESIAN_POINT('',(2.7E-1,-4.44E0,9.715E0));
#6386=VERTEX_POINT('',#6384);
#6387=VERTEX_POINT('',#6385);
#6388=CARTESIAN_POINT('',(2.7E-1,-3.74E0,9.715E0));
#6389=VERTEX_POINT('',#6388);
#6390=CARTESIAN_POINT('',(2.7E-1,-3.74E0,-2.225E0));
#6391=VERTEX_POINT('',#6390);
#6392=CARTESIAN_POINT('',(2.7E-1,-3.E-1,-2.225E0));
#6393=VERTEX_POINT('',#6392);
#6394=CARTESIAN_POINT('',(2.7E-1,-3.E-1,-1.198205080757E0));
#6395=VERTEX_POINT('',#6394);
#6396=CARTESIAN_POINT('',(2.7E-1,0.E0,-1.025E0));
#6397=VERTEX_POINT('',#6396);
#6398=CARTESIAN_POINT('',(2.7E-1,0.E0,-1.075E0));
#6399=VERTEX_POINT('',#6398);
#6400=CARTESIAN_POINT('',(2.7E-1,1.2E0,-1.075E0));
#6401=VERTEX_POINT('',#6400);
#6402=CARTESIAN_POINT('',(2.7E-1,1.2E0,-7.25E-1));
#6403=VERTEX_POINT('',#6402);
#6404=CARTESIAN_POINT('',(2.7E-1,1.55E0,-7.25E-1));
#6405=VERTEX_POINT('',#6404);
#6406=CARTESIAN_POINT('',(2.7E-1,1.55E0,-8.594754218857E-1));
#6407=VERTEX_POINT('',#6406);
#6408=CARTESIAN_POINT('',(2.7E-1,1.55E0,-3.290524578114E0));
#6409=VERTEX_POINT('',#6408);
#6410=CARTESIAN_POINT('',(2.7E-1,1.55E0,-3.425E0));
#6411=VERTEX_POINT('',#6410);
#6412=CARTESIAN_POINT('',(2.7E-1,1.2E0,-3.425E0));
#6413=VERTEX_POINT('',#6412);
#6414=CARTESIAN_POINT('',(2.7E-1,1.2E0,-3.075E0));
#6415=VERTEX_POINT('',#6414);
#6416=CARTESIAN_POINT('',(2.7E-1,0.E0,-3.075E0));
#6417=VERTEX_POINT('',#6416);
#6418=CARTESIAN_POINT('',(2.7E-1,0.E0,-3.125E0));
#6419=VERTEX_POINT('',#6418);
#6420=CARTESIAN_POINT('',(2.7E-1,-3.E-1,-2.951794919243E0));
#6421=VERTEX_POINT('',#6420);
#6422=CARTESIAN_POINT('',(2.7E-1,-3.E-1,-2.925E0));
#6423=VERTEX_POINT('',#6422);
#6424=CARTESIAN_POINT('',(-2.3E-1,-4.44E0,-2.925E0));
#6425=CARTESIAN_POINT('',(-2.3E-1,-4.44E0,9.715E0));
#6426=VERTEX_POINT('',#6424);
#6427=VERTEX_POINT('',#6425);
#6428=CARTESIAN_POINT('',(-2.3E-1,-3.E-1,-2.225E0));
#6429=CARTESIAN_POINT('',(-2.3E-1,-3.74E0,-2.225E0));
#6430=VERTEX_POINT('',#6428);
#6431=VERTEX_POINT('',#6429);
#6432=CARTESIAN_POINT('',(-2.3E-1,-3.74E0,9.715E0));
#6433=VERTEX_POINT('',#6432);
#6434=CARTESIAN_POINT('',(-2.3E-1,-3.E-1,-2.925E0));
#6435=VERTEX_POINT('',#6434);
#6436=CARTESIAN_POINT('',(-2.3E-1,-3.E-1,-2.951794919243E0));
#6437=VERTEX_POINT('',#6436);
#6438=CARTESIAN_POINT('',(-2.3E-1,0.E0,-3.125E0));
#6439=VERTEX_POINT('',#6438);
#6440=CARTESIAN_POINT('',(-2.3E-1,0.E0,-3.075E0));
#6441=VERTEX_POINT('',#6440);
#6442=CARTESIAN_POINT('',(-2.3E-1,1.2E0,-3.075E0));
#6443=VERTEX_POINT('',#6442);
#6444=CARTESIAN_POINT('',(-2.3E-1,1.2E0,-3.425E0));
#6445=VERTEX_POINT('',#6444);
#6446=CARTESIAN_POINT('',(-2.3E-1,1.55E0,-3.425E0));
#6447=VERTEX_POINT('',#6446);
#6448=CARTESIAN_POINT('',(-2.3E-1,1.55E0,-3.290524578114E0));
#6449=VERTEX_POINT('',#6448);
#6450=CARTESIAN_POINT('',(-2.3E-1,1.55E0,-8.594754218857E-1));
#6451=VERTEX_POINT('',#6450);
#6452=CARTESIAN_POINT('',(-2.3E-1,1.55E0,-7.25E-1));
#6453=VERTEX_POINT('',#6452);
#6454=CARTESIAN_POINT('',(-2.3E-1,1.2E0,-7.25E-1));
#6455=VERTEX_POINT('',#6454);
#6456=CARTESIAN_POINT('',(-2.3E-1,1.2E0,-1.075E0));
#6457=VERTEX_POINT('',#6456);
#6458=CARTESIAN_POINT('',(-2.3E-1,0.E0,-1.075E0));
#6459=VERTEX_POINT('',#6458);
#6460=CARTESIAN_POINT('',(-2.3E-1,0.E0,-1.025E0));
#6461=VERTEX_POINT('',#6460);
#6462=CARTESIAN_POINT('',(-2.3E-1,-3.E-1,-1.198205080757E0));
#6463=VERTEX_POINT('',#6462);
#6464=CARTESIAN_POINT('',(2.7E-1,-3.E-1,-2.075E0));
#6465=DIRECTION('',(-1.E0,0.E0,0.E0));
#6466=DIRECTION('',(0.E0,0.E0,1.E0));
#6467=AXIS2_PLACEMENT_3D('',#6464,#6465,#6466);
#6468=PLANE('',#6467);
#6470=ORIENTED_EDGE('',*,*,#6469,.T.);
#6472=ORIENTED_EDGE('',*,*,#6471,.F.);
#6474=ORIENTED_EDGE('',*,*,#6473,.F.);
#6476=ORIENTED_EDGE('',*,*,#6475,.F.);
#6478=ORIENTED_EDGE('',*,*,#6477,.F.);
#6480=ORIENTED_EDGE('',*,*,#6479,.T.);
#6482=ORIENTED_EDGE('',*,*,#6481,.T.);
#6484=ORIENTED_EDGE('',*,*,#6483,.T.);
#6486=ORIENTED_EDGE('',*,*,#6485,.T.);
#6488=ORIENTED_EDGE('',*,*,#6487,.T.);
#6490=ORIENTED_EDGE('',*,*,#6489,.T.);
#6492=ORIENTED_EDGE('',*,*,#6491,.T.);
#6494=ORIENTED_EDGE('',*,*,#6493,.T.);
#6496=ORIENTED_EDGE('',*,*,#6495,.T.);
#6498=ORIENTED_EDGE('',*,*,#6497,.T.);
#6500=ORIENTED_EDGE('',*,*,#6499,.T.);
#6502=ORIENTED_EDGE('',*,*,#6501,.T.);
#6504=ORIENTED_EDGE('',*,*,#6503,.T.);
#6506=ORIENTED_EDGE('',*,*,#6505,.T.);
#6508=ORIENTED_EDGE('',*,*,#6507,.F.);
#6509=EDGE_LOOP('',(#6470,#6472,#6474,#6476,#6478,#6480,#6482,#6484,#6486,#6488,
#6490,#6492,#6494,#6496,#6498,#6500,#6502,#6504,#6506,#6508));
#6510=FACE_OUTER_BOUND('',#6509,.F.);
#6511=ADVANCED_FACE('',(#6510),#6468,.F.);
#6512=CARTESIAN_POINT('',(2.7E-1,-4.44E0,-2.925E0));
#6513=DIRECTION('',(0.E0,-1.E0,0.E0));
#6514=DIRECTION('',(0.E0,0.E0,1.E0));
#6515=AXIS2_PLACEMENT_3D('',#6512,#6513,#6514);
#6516=PLANE('',#6515);
#6518=ORIENTED_EDGE('',*,*,#6517,.T.);
#6520=ORIENTED_EDGE('',*,*,#6519,.T.);
#6521=ORIENTED_EDGE('',*,*,#6469,.F.);
#6523=ORIENTED_EDGE('',*,*,#6522,.F.);
#6524=EDGE_LOOP('',(#6518,#6520,#6521,#6523));
#6525=FACE_OUTER_BOUND('',#6524,.F.);
#6526=ADVANCED_FACE('',(#6525),#6516,.T.);
#6527=CARTESIAN_POINT('',(-2.3E-1,-3.E-1,-2.075E0));
#6528=DIRECTION('',(-1.E0,0.E0,0.E0));
#6529=DIRECTION('',(0.E0,0.E0,1.E0));
#6530=AXIS2_PLACEMENT_3D('',#6527,#6528,#6529);
#6531=PLANE('',#6530);
#6533=ORIENTED_EDGE('',*,*,#6532,.T.);
#6535=ORIENTED_EDGE('',*,*,#6534,.T.);
#6537=ORIENTED_EDGE('',*,*,#6536,.F.);
#6538=ORIENTED_EDGE('',*,*,#6517,.F.);
#6540=ORIENTED_EDGE('',*,*,#6539,.T.);
#6542=ORIENTED_EDGE('',*,*,#6541,.T.);
#6544=ORIENTED_EDGE('',*,*,#6543,.T.);
#6546=ORIENTED_EDGE('',*,*,#6545,.T.);
#6548=ORIENTED_EDGE('',*,*,#6547,.T.);
#6550=ORIENTED_EDGE('',*,*,#6549,.T.);
#6552=ORIENTED_EDGE('',*,*,#6551,.T.);
#6554=ORIENTED_EDGE('',*,*,#6553,.T.);
#6556=ORIENTED_EDGE('',*,*,#6555,.T.);
#6558=ORIENTED_EDGE('',*,*,#6557,.T.);
#6560=ORIENTED_EDGE('',*,*,#6559,.T.);
#6562=ORIENTED_EDGE('',*,*,#6561,.T.);
#6564=ORIENTED_EDGE('',*,*,#6563,.T.);
#6566=ORIENTED_EDGE('',*,*,#6565,.T.);
#6568=ORIENTED_EDGE('',*,*,#6567,.T.);
#6570=ORIENTED_EDGE('',*,*,#6569,.T.);
#6571=EDGE_LOOP('',(#6533,#6535,#6537,#6538,#6540,#6542,#6544,#6546,#6548,#6550,
#6552,#6554,#6556,#6558,#6560,#6562,#6564,#6566,#6568,#6570));
#6572=FACE_OUTER_BOUND('',#6571,.F.);
#6573=ADVANCED_FACE('',(#6572),#6531,.T.);
#6574=CARTESIAN_POINT('',(2.7E-1,-4.44E0,-2.225E0));
#6575=DIRECTION('',(0.E0,0.E0,1.E0));
#6576=DIRECTION('',(0.E0,1.E0,0.E0));
#6577=AXIS2_PLACEMENT_3D('',#6574,#6575,#6576);
#6578=PLANE('',#6577);
#6580=ORIENTED_EDGE('',*,*,#6579,.F.);
#6581=ORIENTED_EDGE('',*,*,#6532,.F.);
#6583=ORIENTED_EDGE('',*,*,#6582,.T.);
#6584=ORIENTED_EDGE('',*,*,#6475,.T.);
#6585=EDGE_LOOP('',(#6580,#6581,#6583,#6584));
#6586=FACE_OUTER_BOUND('',#6585,.F.);
#6587=ADVANCED_FACE('',(#6586),#6578,.T.);
#6588=CARTESIAN_POINT('',(-2.3E-1,-3.74E0,-2.925E0));
#6589=DIRECTION('',(0.E0,1.E0,0.E0));
#6590=DIRECTION('',(1.E0,0.E0,0.E0));
#6591=AXIS2_PLACEMENT_3D('',#6588,#6589,#6590);
#6592=PLANE('',#6591);
#6593=ORIENTED_EDGE('',*,*,#6534,.F.);
#6594=ORIENTED_EDGE('',*,*,#6579,.T.);
#6595=ORIENTED_EDGE('',*,*,#6473,.T.);
#6597=ORIENTED_EDGE('',*,*,#6596,.F.);
#6598=EDGE_LOOP('',(#6593,#6594,#6595,#6597));
#6599=FACE_OUTER_BOUND('',#6598,.F.);
#6600=ADVANCED_FACE('',(#6599),#6592,.T.);
#6601=CARTESIAN_POINT('',(2.7E-1,-3.E-1,9.715E0));
#6602=DIRECTION('',(0.E0,0.E0,-1.E0));
#6603=DIRECTION('',(0.E0,-1.E0,0.E0));
#6604=AXIS2_PLACEMENT_3D('',#6601,#6602,#6603);
#6605=PLANE('',#6604);
#6606=ORIENTED_EDGE('',*,*,#6596,.T.);
#6607=ORIENTED_EDGE('',*,*,#6471,.T.);
#6608=ORIENTED_EDGE('',*,*,#6519,.F.);
#6609=ORIENTED_EDGE('',*,*,#6536,.T.);
#6610=EDGE_LOOP('',(#6606,#6607,#6608,#6609));
#6611=FACE_OUTER_BOUND('',#6610,.F.);
#6612=ADVANCED_FACE('',(#6611),#6605,.F.);
#6613=CARTESIAN_POINT('',(2.7E-1,-3.E-1,-2.951794919243E0));
#6614=DIRECTION('',(0.E0,-1.E0,0.E0));
#6615=DIRECTION('',(0.E0,0.E0,1.E0));
#6616=AXIS2_PLACEMENT_3D('',#6613,#6614,#6615);
#6617=PLANE('',#6616);
#6618=ORIENTED_EDGE('',*,*,#6582,.F.);
#6619=ORIENTED_EDGE('',*,*,#6569,.F.);
#6621=ORIENTED_EDGE('',*,*,#6620,.T.);
#6622=ORIENTED_EDGE('',*,*,#6477,.T.);
#6623=EDGE_LOOP('',(#6618,#6619,#6621,#6622));
#6624=FACE_OUTER_BOUND('',#6623,.F.);
#6625=ADVANCED_FACE('',(#6624),#6617,.T.);
#6626=CARTESIAN_POINT('',(2.7E-1,-3.E-1,-1.198205080757E0));
#6627=DIRECTION('',(0.E0,-5.E-1,8.660254037844E-1));
#6628=DIRECTION('',(0.E0,8.660254037844E-1,5.E-1));
#6629=AXIS2_PLACEMENT_3D('',#6626,#6627,#6628);
#6630=PLANE('',#6629);
#6631=ORIENTED_EDGE('',*,*,#6479,.F.);
#6632=ORIENTED_EDGE('',*,*,#6620,.F.);
#6633=ORIENTED_EDGE('',*,*,#6567,.F.);
#6635=ORIENTED_EDGE('',*,*,#6634,.T.);
#6636=EDGE_LOOP('',(#6631,#6632,#6633,#6635));
#6637=FACE_OUTER_BOUND('',#6636,.F.);
#6638=ADVANCED_FACE('',(#6637),#6630,.T.);
#6639=CARTESIAN_POINT('',(2.7E-1,-3.E-1,-2.925E0));
#6640=DIRECTION('',(0.E0,0.E0,-1.E0));
#6641=DIRECTION('',(0.E0,-1.E0,0.E0));
#6642=AXIS2_PLACEMENT_3D('',#6639,#6640,#6641);
#6643=PLANE('',#6642);
#6645=ORIENTED_EDGE('',*,*,#6644,.T.);
#6646=ORIENTED_EDGE('',*,*,#6539,.F.);
#6647=ORIENTED_EDGE('',*,*,#6522,.T.);
#6648=ORIENTED_EDGE('',*,*,#6507,.T.);
#6649=EDGE_LOOP('',(#6645,#6646,#6647,#6648));
#6650=FACE_OUTER_BOUND('',#6649,.F.);
#6651=ADVANCED_FACE('',(#6650),#6643,.T.);
#6652=CARTESIAN_POINT('',(2.7E-1,0.E0,-3.125E0));
#6653=DIRECTION('',(0.E0,-5.E-1,-8.660254037844E-1));
#6654=DIRECTION('',(0.E0,-8.660254037844E-1,5.E-1));
#6655=AXIS2_PLACEMENT_3D('',#6652,#6653,#6654);
#6656=PLANE('',#6655);
#6657=ORIENTED_EDGE('',*,*,#6503,.F.);
#6659=ORIENTED_EDGE('',*,*,#6658,.T.);
#6660=ORIENTED_EDGE('',*,*,#6543,.F.);
#6662=ORIENTED_EDGE('',*,*,#6661,.T.);
#6663=EDGE_LOOP('',(#6657,#6659,#6660,#6662));
#6664=FACE_OUTER_BOUND('',#6663,.F.);
#6665=ADVANCED_FACE('',(#6664),#6656,.T.);
#6666=OPEN_SHELL('',(#6511,#6526,#6573,#6587,#6600,#6612,#6625,#6638,#6651,
#6665));
#6667=DIRECTION('',(0.E0,0.E0,1.E0));
#6668=VECTOR('',#6667,1.264E1);
#6669=CARTESIAN_POINT('',(2.81E0,-4.44E0,-2.925E0));
#6670=LINE('',#6669,#6668);
#6671=DIRECTION('',(0.E0,8.660254037844E-1,5.E-1));
#6672=VECTOR('',#6671,3.464101615138E-1);
#6673=CARTESIAN_POINT('',(2.81E0,-3.E-1,-1.198205080757E0));
#6674=LINE('',#6673,#6672);
#6675=DIRECTION('',(0.E0,-1.942890293094E-14,-1.E0));
#6676=VECTOR('',#6675,5.E-2);
#6677=CARTESIAN_POINT('',(2.81E0,0.E0,-1.025E0));
#6678=LINE('',#6677,#6676);
#6679=DIRECTION('',(0.E0,1.E0,0.E0));
#6680=VECTOR('',#6679,1.2E0);
#6681=CARTESIAN_POINT('',(2.81E0,0.E0,-1.075E0));
#6682=LINE('',#6681,#6680);
#6683=DIRECTION('',(0.E0,0.E0,1.E0));
#6684=VECTOR('',#6683,3.5E-1);
#6685=CARTESIAN_POINT('',(2.81E0,1.2E0,-1.075E0));
#6686=LINE('',#6685,#6684);
#6687=DIRECTION('',(0.E0,1.E0,0.E0));
#6688=VECTOR('',#6687,3.5E-1);
#6689=CARTESIAN_POINT('',(2.81E0,1.2E0,-7.25E-1));
#6690=LINE('',#6689,#6688);
#6691=DIRECTION('',(0.E0,0.E0,-1.E0));
#6692=VECTOR('',#6691,1.344754218857E-1);
#6693=CARTESIAN_POINT('',(2.81E0,1.55E0,-7.25E-1));
#6694=LINE('',#6693,#6692);
#6695=CARTESIAN_POINT('',(2.81E0,-3.3E0,-2.075E0));
#6696=DIRECTION('',(-1.E0,0.E0,0.E0));
#6697=DIRECTION('',(0.E0,9.7E-1,2.431049156229E-1));
#6698=AXIS2_PLACEMENT_3D('',#6695,#6696,#6697);
#6700=DIRECTION('',(0.E0,0.E0,-1.E0));
#6701=VECTOR('',#6700,1.344754218856E-1);
#6702=CARTESIAN_POINT('',(2.81E0,1.55E0,-3.290524578114E0));
#6703=LINE('',#6702,#6701);
#6704=DIRECTION('',(0.E0,-1.E0,0.E0));
#6705=VECTOR('',#6704,3.5E-1);
#6706=CARTESIAN_POINT('',(2.81E0,1.55E0,-3.425E0));
#6707=LINE('',#6706,#6705);
#6708=DIRECTION('',(0.E0,0.E0,1.E0));
#6709=VECTOR('',#6708,3.5E-1);
#6710=CARTESIAN_POINT('',(2.81E0,1.2E0,-3.425E0));
#6711=LINE('',#6710,#6709);
#6712=DIRECTION('',(0.E0,-1.E0,0.E0));
#6713=VECTOR('',#6712,1.2E0);
#6714=CARTESIAN_POINT('',(2.81E0,1.2E0,-3.075E0));
#6715=LINE('',#6714,#6713);
#6716=DIRECTION('',(0.E0,0.E0,-1.E0));
#6717=VECTOR('',#6716,5.E-2);
#6718=CARTESIAN_POINT('',(2.81E0,0.E0,-3.075E0));
#6719=LINE('',#6718,#6717);
#6720=DIRECTION('',(0.E0,-8.660254037844E-1,5.E-1));
#6721=VECTOR('',#6720,3.464101615138E-1);
#6722=CARTESIAN_POINT('',(2.81E0,0.E0,-3.125E0));
#6723=LINE('',#6722,#6721);
#6724=DIRECTION('',(0.E0,3.521897425290E-14,1.E0));
#6725=VECTOR('',#6724,2.679491924310E-2);
#6726=CARTESIAN_POINT('',(2.81E0,-3.E-1,-2.951794919243E0));
#6727=LINE('',#6726,#6725);
#6728=DIRECTION('',(0.E0,0.E0,1.E0));
#6729=VECTOR('',#6728,1.264E1);
#6730=CARTESIAN_POINT('',(2.31E0,-4.44E0,-2.925E0));
#6731=LINE('',#6730,#6729);
#6732=DIRECTION('',(1.E0,0.E0,0.E0));
#6733=VECTOR('',#6732,5.E-1);
#6734=CARTESIAN_POINT('',(2.31E0,-4.44E0,9.715E0));
#6735=LINE('',#6734,#6733);
#6736=DIRECTION('',(0.E0,-1.E0,0.E0));
#6737=VECTOR('',#6736,3.44E0);
#6738=CARTESIAN_POINT('',(2.31E0,-3.E-1,-2.225E0));
#6739=LINE('',#6738,#6737);
#6740=DIRECTION('',(0.E0,0.E0,1.E0));
#6741=VECTOR('',#6740,1.194E1);
#6742=CARTESIAN_POINT('',(2.31E0,-3.74E0,-2.225E0));
#6743=LINE('',#6742,#6741);
#6744=DIRECTION('',(0.E0,1.E0,0.E0));
#6745=VECTOR('',#6744,4.14E0);
#6746=CARTESIAN_POINT('',(2.31E0,-4.44E0,-2.925E0));
#6747=LINE('',#6746,#6745);
#6748=DIRECTION('',(0.E0,-3.521897425290E-14,-1.E0));
#6749=VECTOR('',#6748,2.679491924310E-2);
#6750=CARTESIAN_POINT('',(2.31E0,-3.E-1,-2.925E0));
#6751=LINE('',#6750,#6749);
#6752=DIRECTION('',(0.E0,8.660254037844E-1,-5.E-1));
#6753=VECTOR('',#6752,3.464101615138E-1);
#6754=CARTESIAN_POINT('',(2.31E0,-3.E-1,-2.951794919243E0));
#6755=LINE('',#6754,#6753);
#6756=DIRECTION('',(0.E0,0.E0,1.E0));
#6757=VECTOR('',#6756,5.E-2);
#6758=CARTESIAN_POINT('',(2.31E0,0.E0,-3.125E0));
#6759=LINE('',#6758,#6757);
#6760=DIRECTION('',(0.E0,1.E0,0.E0));
#6761=VECTOR('',#6760,1.2E0);
#6762=CARTESIAN_POINT('',(2.31E0,0.E0,-3.075E0));
#6763=LINE('',#6762,#6761);
#6764=DIRECTION('',(0.E0,0.E0,-1.E0));
#6765=VECTOR('',#6764,3.5E-1);
#6766=CARTESIAN_POINT('',(2.31E0,1.2E0,-3.075E0));
#6767=LINE('',#6766,#6765);
#6768=DIRECTION('',(0.E0,1.E0,0.E0));
#6769=VECTOR('',#6768,3.5E-1);
#6770=CARTESIAN_POINT('',(2.31E0,1.2E0,-3.425E0));
#6771=LINE('',#6770,#6769);
#6772=DIRECTION('',(0.E0,0.E0,1.E0));
#6773=VECTOR('',#6772,1.344754218856E-1);
#6774=CARTESIAN_POINT('',(2.31E0,1.55E0,-3.425E0));
#6775=LINE('',#6774,#6773);
#6776=CARTESIAN_POINT('',(2.31E0,-3.3E0,-2.075E0));
#6777=DIRECTION('',(1.E0,0.E0,0.E0));
#6778=DIRECTION('',(0.E0,9.7E-1,-2.431049156229E-1));
#6779=AXIS2_PLACEMENT_3D('',#6776,#6777,#6778);
#6781=DIRECTION('',(0.E0,0.E0,1.E0));
#6782=VECTOR('',#6781,1.344754218857E-1);
#6783=CARTESIAN_POINT('',(2.31E0,1.55E0,-8.594754218857E-1));
#6784=LINE('',#6783,#6782);
#6785=DIRECTION('',(0.E0,-1.E0,0.E0));
#6786=VECTOR('',#6785,3.5E-1);
#6787=CARTESIAN_POINT('',(2.31E0,1.55E0,-7.25E-1));
#6788=LINE('',#6787,#6786);
#6789=DIRECTION('',(0.E0,0.E0,-1.E0));
#6790=VECTOR('',#6789,3.5E-1);
#6791=CARTESIAN_POINT('',(2.31E0,1.2E0,-7.25E-1));
#6792=LINE('',#6791,#6790);
#6793=DIRECTION('',(0.E0,-1.E0,0.E0));
#6794=VECTOR('',#6793,1.2E0);
#6795=CARTESIAN_POINT('',(2.31E0,1.2E0,-1.075E0));
#6796=LINE('',#6795,#6794);
#6797=DIRECTION('',(0.E0,1.942890293094E-14,1.E0));
#6798=VECTOR('',#6797,5.E-2);
#6799=CARTESIAN_POINT('',(2.31E0,0.E0,-1.075E0));
#6800=LINE('',#6799,#6798);
#6801=DIRECTION('',(0.E0,-8.660254037844E-1,-5.E-1));
#6802=VECTOR('',#6801,3.464101615138E-1);
#6803=CARTESIAN_POINT('',(2.31E0,0.E0,-1.025E0));
#6804=LINE('',#6803,#6802);
#6805=DIRECTION('',(0.E0,0.E0,-1.E0));
#6806=VECTOR('',#6805,1.026794919243E0);
#6807=CARTESIAN_POINT('',(2.31E0,-3.E-1,-1.198205080757E0));
#6808=LINE('',#6807,#6806);
#6809=DIRECTION('',(1.E0,0.E0,0.E0));
#6810=VECTOR('',#6809,5.E-1);
#6811=CARTESIAN_POINT('',(2.31E0,-3.E-1,-2.225E0));
#6812=LINE('',#6811,#6810);
#6813=DIRECTION('',(0.E0,-1.E0,0.E0));
#6814=VECTOR('',#6813,3.44E0);
#6815=CARTESIAN_POINT('',(2.81E0,-3.E-1,-2.225E0));
#6816=LINE('',#6815,#6814);
#6817=DIRECTION('',(1.E0,0.E0,0.E0));
#6818=VECTOR('',#6817,5.E-1);
#6819=CARTESIAN_POINT('',(2.31E0,-3.74E0,-2.225E0));
#6820=LINE('',#6819,#6818);
#6821=DIRECTION('',(0.E0,0.E0,1.E0));
#6822=VECTOR('',#6821,1.194E1);
#6823=CARTESIAN_POINT('',(2.81E0,-3.74E0,-2.225E0));
#6824=LINE('',#6823,#6822);
#6825=DIRECTION('',(1.E0,0.E0,0.E0));
#6826=VECTOR('',#6825,5.E-1);
#6827=CARTESIAN_POINT('',(2.31E0,-3.74E0,9.715E0));
#6828=LINE('',#6827,#6826);
#6829=DIRECTION('',(0.E0,-1.E0,0.E0));
#6830=VECTOR('',#6829,7.E-1);
#6831=CARTESIAN_POINT('',(2.81E0,-3.74E0,9.715E0));
#6832=LINE('',#6831,#6830);
#6833=DIRECTION('',(0.E0,1.E0,0.E0));
#6834=VECTOR('',#6833,7.E-1);
#6835=CARTESIAN_POINT('',(2.31E0,-4.44E0,9.715E0));
#6836=LINE('',#6835,#6834);
#6837=DIRECTION('',(1.E0,0.E0,0.E0));
#6838=VECTOR('',#6837,5.E-1);
#6839=CARTESIAN_POINT('',(2.31E0,-3.E-1,-1.198205080757E0));
#6840=LINE('',#6839,#6838);
#6841=DIRECTION('',(0.E0,0.E0,-1.E0));
#6842=VECTOR('',#6841,1.026794919243E0);
#6843=CARTESIAN_POINT('',(2.81E0,-3.E-1,-1.198205080757E0));
#6844=LINE('',#6843,#6842);
#6845=DIRECTION('',(1.E0,0.E0,0.E0));
#6846=VECTOR('',#6845,5.E-1);
#6847=CARTESIAN_POINT('',(2.31E0,0.E0,-1.025E0));
#6848=LINE('',#6847,#6846);
#6849=DIRECTION('',(-1.E0,0.E0,0.E0));
#6850=VECTOR('',#6849,5.E-1);
#6851=CARTESIAN_POINT('',(2.81E0,-3.E-1,-2.925E0));
#6852=LINE('',#6851,#6850);
#6853=DIRECTION('',(1.E0,0.E0,0.E0));
#6854=VECTOR('',#6853,5.E-1);
#6855=CARTESIAN_POINT('',(2.31E0,-4.44E0,-2.925E0));
#6856=LINE('',#6855,#6854);
#6857=DIRECTION('',(0.E0,1.E0,0.E0));
#6858=VECTOR('',#6857,4.14E0);
#6859=CARTESIAN_POINT('',(2.81E0,-4.44E0,-2.925E0));
#6860=LINE('',#6859,#6858);
#6861=DIRECTION('',(-1.E0,0.E0,0.E0));
#6862=VECTOR('',#6861,5.E-1);
#6863=CARTESIAN_POINT('',(2.81E0,0.E0,-3.125E0));
#6864=LINE('',#6863,#6862);
#6865=DIRECTION('',(1.E0,0.E0,0.E0));
#6866=VECTOR('',#6865,5.E-1);
#6867=CARTESIAN_POINT('',(2.31E0,-3.E-1,-2.951794919243E0));
#6868=LINE('',#6867,#6866);
#6869=CARTESIAN_POINT('',(2.81E0,-4.44E0,-2.925E0));
#6870=CARTESIAN_POINT('',(2.81E0,-4.44E0,9.715E0));
#6871=VERTEX_POINT('',#6869);
#6872=VERTEX_POINT('',#6870);
#6873=CARTESIAN_POINT('',(2.81E0,-3.74E0,9.715E0));
#6874=VERTEX_POINT('',#6873);
#6875=CARTESIAN_POINT('',(2.81E0,-3.74E0,-2.225E0));
#6876=VERTEX_POINT('',#6875);
#6877=CARTESIAN_POINT('',(2.81E0,-3.E-1,-2.225E0));
#6878=VERTEX_POINT('',#6877);
#6879=CARTESIAN_POINT('',(2.81E0,-3.E-1,-1.198205080757E0));
#6880=VERTEX_POINT('',#6879);
#6881=CARTESIAN_POINT('',(2.81E0,0.E0,-1.025E0));
#6882=VERTEX_POINT('',#6881);
#6883=CARTESIAN_POINT('',(2.81E0,0.E0,-1.075E0));
#6884=VERTEX_POINT('',#6883);
#6885=CARTESIAN_POINT('',(2.81E0,1.2E0,-1.075E0));
#6886=VERTEX_POINT('',#6885);
#6887=CARTESIAN_POINT('',(2.81E0,1.2E0,-7.25E-1));
#6888=VERTEX_POINT('',#6887);
#6889=CARTESIAN_POINT('',(2.81E0,1.55E0,-7.25E-1));
#6890=VERTEX_POINT('',#6889);
#6891=CARTESIAN_POINT('',(2.81E0,1.55E0,-8.594754218857E-1));
#6892=VERTEX_POINT('',#6891);
#6893=CARTESIAN_POINT('',(2.81E0,1.55E0,-3.290524578114E0));
#6894=VERTEX_POINT('',#6893);
#6895=CARTESIAN_POINT('',(2.81E0,1.55E0,-3.425E0));
#6896=VERTEX_POINT('',#6895);
#6897=CARTESIAN_POINT('',(2.81E0,1.2E0,-3.425E0));
#6898=VERTEX_POINT('',#6897);
#6899=CARTESIAN_POINT('',(2.81E0,1.2E0,-3.075E0));
#6900=VERTEX_POINT('',#6899);
#6901=CARTESIAN_POINT('',(2.81E0,0.E0,-3.075E0));
#6902=VERTEX_POINT('',#6901);
#6903=CARTESIAN_POINT('',(2.81E0,0.E0,-3.125E0));
#6904=VERTEX_POINT('',#6903);
#6905=CARTESIAN_POINT('',(2.81E0,-3.E-1,-2.951794919243E0));
#6906=VERTEX_POINT('',#6905);
#6907=CARTESIAN_POINT('',(2.81E0,-3.E-1,-2.925E0));
#6908=VERTEX_POINT('',#6907);
#6909=CARTESIAN_POINT('',(2.31E0,-4.44E0,-2.925E0));
#6910=CARTESIAN_POINT('',(2.31E0,-4.44E0,9.715E0));
#6911=VERTEX_POINT('',#6909);
#6912=VERTEX_POINT('',#6910);
#6913=CARTESIAN_POINT('',(2.31E0,-3.E-1,-2.225E0));
#6914=CARTESIAN_POINT('',(2.31E0,-3.74E0,-2.225E0));
#6915=VERTEX_POINT('',#6913);
#6916=VERTEX_POINT('',#6914);
#6917=CARTESIAN_POINT('',(2.31E0,-3.74E0,9.715E0));
#6918=VERTEX_POINT('',#6917);
#6919=CARTESIAN_POINT('',(2.31E0,-3.E-1,-2.925E0));
#6920=VERTEX_POINT('',#6919);
#6921=CARTESIAN_POINT('',(2.31E0,-3.E-1,-2.951794919243E0));
#6922=VERTEX_POINT('',#6921);
#6923=CARTESIAN_POINT('',(2.31E0,0.E0,-3.125E0));
#6924=VERTEX_POINT('',#6923);
#6925=CARTESIAN_POINT('',(2.31E0,0.E0,-3.075E0));
#6926=VERTEX_POINT('',#6925);
#6927=CARTESIAN_POINT('',(2.31E0,1.2E0,-3.075E0));
#6928=VERTEX_POINT('',#6927);
#6929=CARTESIAN_POINT('',(2.31E0,1.2E0,-3.425E0));
#6930=VERTEX_POINT('',#6929);
#6931=CARTESIAN_POINT('',(2.31E0,1.55E0,-3.425E0));
#6932=VERTEX_POINT('',#6931);
#6933=CARTESIAN_POINT('',(2.31E0,1.55E0,-3.290524578114E0));
#6934=VERTEX_POINT('',#6933);
#6935=CARTESIAN_POINT('',(2.31E0,1.55E0,-8.594754218857E-1));
#6936=VERTEX_POINT('',#6935);
#6937=CARTESIAN_POINT('',(2.31E0,1.55E0,-7.25E-1));
#6938=VERTEX_POINT('',#6937);
#6939=CARTESIAN_POINT('',(2.31E0,1.2E0,-7.25E-1));
#6940=VERTEX_POINT('',#6939);
#6941=CARTESIAN_POINT('',(2.31E0,1.2E0,-1.075E0));
#6942=VERTEX_POINT('',#6941);
#6943=CARTESIAN_POINT('',(2.31E0,0.E0,-1.075E0));
#6944=VERTEX_POINT('',#6943);
#6945=CARTESIAN_POINT('',(2.31E0,0.E0,-1.025E0));
#6946=VERTEX_POINT('',#6945);
#6947=CARTESIAN_POINT('',(2.31E0,-3.E-1,-1.198205080757E0));
#6948=VERTEX_POINT('',#6947);
#6949=CARTESIAN_POINT('',(2.81E0,-3.E-1,-2.075E0));
#6950=DIRECTION('',(-1.E0,0.E0,0.E0));
#6951=DIRECTION('',(0.E0,0.E0,1.E0));
#6952=AXIS2_PLACEMENT_3D('',#6949,#6950,#6951);
#6953=PLANE('',#6952);
#6955=ORIENTED_EDGE('',*,*,#6954,.T.);
#6957=ORIENTED_EDGE('',*,*,#6956,.F.);
#6959=ORIENTED_EDGE('',*,*,#6958,.F.);
#6961=ORIENTED_EDGE('',*,*,#6960,.F.);
#6963=ORIENTED_EDGE('',*,*,#6962,.F.);
#6965=ORIENTED_EDGE('',*,*,#6964,.T.);
#6967=ORIENTED_EDGE('',*,*,#6966,.T.);
#6969=ORIENTED_EDGE('',*,*,#6968,.T.);
#6971=ORIENTED_EDGE('',*,*,#6970,.T.);
#6973=ORIENTED_EDGE('',*,*,#6972,.T.);
#6975=ORIENTED_EDGE('',*,*,#6974,.T.);
#6977=ORIENTED_EDGE('',*,*,#6976,.T.);
#6979=ORIENTED_EDGE('',*,*,#6978,.T.);
#6981=ORIENTED_EDGE('',*,*,#6980,.T.);
#6983=ORIENTED_EDGE('',*,*,#6982,.T.);
#6985=ORIENTED_EDGE('',*,*,#6984,.T.);
#6987=ORIENTED_EDGE('',*,*,#6986,.T.);
#6989=ORIENTED_EDGE('',*,*,#6988,.T.);
#6991=ORIENTED_EDGE('',*,*,#6990,.T.);
#6993=ORIENTED_EDGE('',*,*,#6992,.F.);
#6994=EDGE_LOOP('',(#6955,#6957,#6959,#6961,#6963,#6965,#6967,#6969,#6971,#6973,
#6975,#6977,#6979,#6981,#6983,#6985,#6987,#6989,#6991,#6993));
#6995=FACE_OUTER_BOUND('',#6994,.F.);
#6996=ADVANCED_FACE('',(#6995),#6953,.F.);
#6997=CARTESIAN_POINT('',(2.81E0,-4.44E0,-2.925E0));
#6998=DIRECTION('',(0.E0,-1.E0,0.E0));
#6999=DIRECTION('',(0.E0,0.E0,1.E0));
#7000=AXIS2_PLACEMENT_3D('',#6997,#6998,#6999);
#7001=PLANE('',#7000);
#7003=ORIENTED_EDGE('',*,*,#7002,.T.);
#7005=ORIENTED_EDGE('',*,*,#7004,.T.);
#7006=ORIENTED_EDGE('',*,*,#6954,.F.);
#7008=ORIENTED_EDGE('',*,*,#7007,.F.);
#7009=EDGE_LOOP('',(#7003,#7005,#7006,#7008));
#7010=FACE_OUTER_BOUND('',#7009,.F.);
#7011=ADVANCED_FACE('',(#7010),#7001,.T.);
#7012=CARTESIAN_POINT('',(2.31E0,-3.E-1,-2.075E0));
#7013=DIRECTION('',(-1.E0,0.E0,0.E0));
#7014=DIRECTION('',(0.E0,0.E0,1.E0));
#7015=AXIS2_PLACEMENT_3D('',#7012,#7013,#7014);
#7016=PLANE('',#7015);
#7018=ORIENTED_EDGE('',*,*,#7017,.T.);
#7020=ORIENTED_EDGE('',*,*,#7019,.T.);
#7022=ORIENTED_EDGE('',*,*,#7021,.F.);
#7023=ORIENTED_EDGE('',*,*,#7002,.F.);
#7025=ORIENTED_EDGE('',*,*,#7024,.T.);
#7027=ORIENTED_EDGE('',*,*,#7026,.T.);
#7029=ORIENTED_EDGE('',*,*,#7028,.T.);
#7031=ORIENTED_EDGE('',*,*,#7030,.T.);
#7033=ORIENTED_EDGE('',*,*,#7032,.T.);
#7035=ORIENTED_EDGE('',*,*,#7034,.T.);
#7037=ORIENTED_EDGE('',*,*,#7036,.T.);
#7039=ORIENTED_EDGE('',*,*,#7038,.T.);
#7041=ORIENTED_EDGE('',*,*,#7040,.T.);
#7043=ORIENTED_EDGE('',*,*,#7042,.T.);
#7045=ORIENTED_EDGE('',*,*,#7044,.T.);
#7047=ORIENTED_EDGE('',*,*,#7046,.T.);
#7049=ORIENTED_EDGE('',*,*,#7048,.T.);
#7051=ORIENTED_EDGE('',*,*,#7050,.T.);
#7053=ORIENTED_EDGE('',*,*,#7052,.T.);
#7055=ORIENTED_EDGE('',*,*,#7054,.T.);
#7056=EDGE_LOOP('',(#7018,#7020,#7022,#7023,#7025,#7027,#7029,#7031,#7033,#7035,
#7037,#7039,#7041,#7043,#7045,#7047,#7049,#7051,#7053,#7055));
#7057=FACE_OUTER_BOUND('',#7056,.F.);
#7058=ADVANCED_FACE('',(#7057),#7016,.T.);
#7059=CARTESIAN_POINT('',(2.81E0,-4.44E0,-2.225E0));
#7060=DIRECTION('',(0.E0,0.E0,1.E0));
#7061=DIRECTION('',(0.E0,1.E0,0.E0));
#7062=AXIS2_PLACEMENT_3D('',#7059,#7060,#7061);
#7063=PLANE('',#7062);
#7065=ORIENTED_EDGE('',*,*,#7064,.F.);
#7066=ORIENTED_EDGE('',*,*,#7017,.F.);
#7068=ORIENTED_EDGE('',*,*,#7067,.T.);
#7069=ORIENTED_EDGE('',*,*,#6960,.T.);
#7070=EDGE_LOOP('',(#7065,#7066,#7068,#7069));
#7071=FACE_OUTER_BOUND('',#7070,.F.);
#7072=ADVANCED_FACE('',(#7071),#7063,.T.);
#7073=CARTESIAN_POINT('',(2.31E0,-3.74E0,-2.925E0));
#7074=DIRECTION('',(0.E0,1.E0,0.E0));
#7075=DIRECTION('',(1.E0,0.E0,0.E0));
#7076=AXIS2_PLACEMENT_3D('',#7073,#7074,#7075);
#7077=PLANE('',#7076);
#7078=ORIENTED_EDGE('',*,*,#7019,.F.);
#7079=ORIENTED_EDGE('',*,*,#7064,.T.);
#7080=ORIENTED_EDGE('',*,*,#6958,.T.);
#7082=ORIENTED_EDGE('',*,*,#7081,.F.);
#7083=EDGE_LOOP('',(#7078,#7079,#7080,#7082));
#7084=FACE_OUTER_BOUND('',#7083,.F.);
#7085=ADVANCED_FACE('',(#7084),#7077,.T.);
#7086=CARTESIAN_POINT('',(2.81E0,-3.E-1,9.715E0));
#7087=DIRECTION('',(0.E0,0.E0,-1.E0));
#7088=DIRECTION('',(0.E0,-1.E0,0.E0));
#7089=AXIS2_PLACEMENT_3D('',#7086,#7087,#7088);
#7090=PLANE('',#7089);
#7091=ORIENTED_EDGE('',*,*,#7081,.T.);
#7092=ORIENTED_EDGE('',*,*,#6956,.T.);
#7093=ORIENTED_EDGE('',*,*,#7004,.F.);
#7094=ORIENTED_EDGE('',*,*,#7021,.T.);
#7095=EDGE_LOOP('',(#7091,#7092,#7093,#7094));
#7096=FACE_OUTER_BOUND('',#7095,.F.);
#7097=ADVANCED_FACE('',(#7096),#7090,.F.);
#7098=CARTESIAN_POINT('',(2.81E0,-3.E-1,-2.951794919243E0));
#7099=DIRECTION('',(0.E0,-1.E0,0.E0));
#7100=DIRECTION('',(0.E0,0.E0,1.E0));
#7101=AXIS2_PLACEMENT_3D('',#7098,#7099,#7100);
#7102=PLANE('',#7101);
#7103=ORIENTED_EDGE('',*,*,#7067,.F.);
#7104=ORIENTED_EDGE('',*,*,#7054,.F.);
#7106=ORIENTED_EDGE('',*,*,#7105,.T.);
#7107=ORIENTED_EDGE('',*,*,#6962,.T.);
#7108=EDGE_LOOP('',(#7103,#7104,#7106,#7107));
#7109=FACE_OUTER_BOUND('',#7108,.F.);
#7110=ADVANCED_FACE('',(#7109),#7102,.T.);
#7111=CARTESIAN_POINT('',(2.81E0,-3.E-1,-1.198205080757E0));
#7112=DIRECTION('',(0.E0,-5.E-1,8.660254037844E-1));
#7113=DIRECTION('',(0.E0,8.660254037844E-1,5.E-1));
#7114=AXIS2_PLACEMENT_3D('',#7111,#7112,#7113);
#7115=PLANE('',#7114);
#7116=ORIENTED_EDGE('',*,*,#6964,.F.);
#7117=ORIENTED_EDGE('',*,*,#7105,.F.);
#7118=ORIENTED_EDGE('',*,*,#7052,.F.);
#7120=ORIENTED_EDGE('',*,*,#7119,.T.);
#7121=EDGE_LOOP('',(#7116,#7117,#7118,#7120));
#7122=FACE_OUTER_BOUND('',#7121,.F.);
#7123=ADVANCED_FACE('',(#7122),#7115,.T.);
#7124=CARTESIAN_POINT('',(2.81E0,-3.E-1,-2.925E0));
#7125=DIRECTION('',(0.E0,0.E0,-1.E0));
#7126=DIRECTION('',(0.E0,-1.E0,0.E0));
#7127=AXIS2_PLACEMENT_3D('',#7124,#7125,#7126);
#7128=PLANE('',#7127);
#7130=ORIENTED_EDGE('',*,*,#7129,.T.);
#7131=ORIENTED_EDGE('',*,*,#7024,.F.);
#7132=ORIENTED_EDGE('',*,*,#7007,.T.);
#7133=ORIENTED_EDGE('',*,*,#6992,.T.);
#7134=EDGE_LOOP('',(#7130,#7131,#7132,#7133));
#7135=FACE_OUTER_BOUND('',#7134,.F.);
#7136=ADVANCED_FACE('',(#7135),#7128,.T.);
#7137=CARTESIAN_POINT('',(2.81E0,0.E0,-3.125E0));
#7138=DIRECTION('',(0.E0,-5.E-1,-8.660254037844E-1));
#7139=DIRECTION('',(0.E0,-8.660254037844E-1,5.E-1));
#7140=AXIS2_PLACEMENT_3D('',#7137,#7138,#7139);
#7141=PLANE('',#7140);
#7142=ORIENTED_EDGE('',*,*,#6988,.F.);
#7144=ORIENTED_EDGE('',*,*,#7143,.T.);
#7145=ORIENTED_EDGE('',*,*,#7028,.F.);
#7147=ORIENTED_EDGE('',*,*,#7146,.T.);
#7148=EDGE_LOOP('',(#7142,#7144,#7145,#7147));
#7149=FACE_OUTER_BOUND('',#7148,.F.);
#7150=ADVANCED_FACE('',(#7149),#7141,.T.);
#7151=OPEN_SHELL('',(#6996,#7011,#7058,#7072,#7085,#7097,#7110,#7123,#7136,
#7150));
#7152=DIRECTION('',(3.118400338389E-1,-9.501346185122E-1,0.E0));
#7153=VECTOR('',#7152,6.328952819156E0);
#7154=CARTESIAN_POINT('',(-2.706523325006E0,1.659237695004E1,0.E0));
#7155=LINE('',#7154,#7153);
#7156=CARTESIAN_POINT('',(8.813448863049E-2,1.079901596597E1,0.E0));
#7157=DIRECTION('',(2.588190451025E-1,-9.659258262891E-1,0.E0));
#7158=DIRECTION('',(-9.659258262891E-1,-2.588190451025E-1,0.E0));
#7159=AXIS2_PLACEMENT_3D('',#7156,#7157,#7158);
#7161=DIRECTION('',(2.050059180346E-1,-9.787607335661E-1,0.E0));
#7162=VECTOR('',#7161,6.328952819156E0);
#7163=CARTESIAN_POINT('',(-3.883013419125E-1,1.721354265829E1,0.E0));
#7164=LINE('',#7163,#7162);
#7165=CARTESIAN_POINT('',(8.813448863049E-2,1.079901596597E1,0.E0));
#7166=DIRECTION('',(2.588190451025E-1,-9.659258262891E-1,0.E0));
#7167=DIRECTION('',(9.659258262891E-1,2.588190451025E-1,0.E0));
#7168=AXIS2_PLACEMENT_3D('',#7165,#7166,#7167);
#7170=CARTESIAN_POINT('',(-1.564614326594E0,1.696715851653E1,0.E0));
#7171=DIRECTION('',(0.E0,0.E0,-1.E0));
#7172=DIRECTION('',(-2.588190451025E-1,9.659258262891E-1,0.E0));
#7173=AXIS2_PLACEMENT_3D('',#7170,#7171,#7172);
#7175=CARTESIAN_POINT('',(-1.547412333459E0,1.690295980416E1,0.E0));
#7176=DIRECTION('',(2.588190451025E-1,-9.659258262891E-1,0.E0));
#7177=DIRECTION('',(9.659258262891E-1,2.588190451025E-1,0.E0));
#7178=AXIS2_PLACEMENT_3D('',#7175,#7176,#7177);
#7180=CARTESIAN_POINT('',(-1.564614326594E0,1.696715851653E1,0.E0));
#7181=DIRECTION('',(0.E0,0.E0,1.E0));
#7182=DIRECTION('',(-2.588190451025E-1,9.659258262891E-1,0.E0));
#7183=AXIS2_PLACEMENT_3D('',#7180,#7181,#7182);
#7185=CARTESIAN_POINT('',(-1.547412333459E0,1.690295980416E1,0.E0));
#7186=DIRECTION('',(2.588190451025E-1,-9.659258262891E-1,0.E0));
#7187=DIRECTION('',(-9.659258262891E-1,-2.588190451025E-1,0.E0));
#7188=AXIS2_PLACEMENT_3D('',#7185,#7186,#7187);
#7190=CARTESIAN_POINT('',(-3.883013419125E-1,1.721354265829E1,0.E0));
#7191=CARTESIAN_POINT('',(9.091714409762E-1,1.101901215430E1,0.E0));
#7192=VERTEX_POINT('',#7190);
#7193=VERTEX_POINT('',#7191);
#7194=CARTESIAN_POINT('',(-2.706523325005E0,1.659237695004E1,0.E0));
#7195=VERTEX_POINT('',#7194);
#7196=CARTESIAN_POINT('',(-7.329024637152E-1,1.057901977763E1,0.E0));
#7197=VERTEX_POINT('',#7196);
#7198=CARTESIAN_POINT('',(-1.875673192153E0,1.812804600695E1,0.E0));
#7199=VERTEX_POINT('',#7198);
#7200=CARTESIAN_POINT('',(-7.296389224143E-1,1.385098788506E1,0.E0));
#7201=DIRECTION('',(-2.588190451025E-1,9.659258262891E-1,0.E0));
#7202=DIRECTION('',(9.659258262891E-1,2.588190451025E-1,0.E0));
#7203=AXIS2_PLACEMENT_3D('',#7200,#7201,#7202);
#7204=CONICAL_SURFACE('',#7203,1.025E0,3.170154515080E0);
#7206=ORIENTED_EDGE('',*,*,#7205,.F.);
#7208=ORIENTED_EDGE('',*,*,#7207,.F.);
#7210=ORIENTED_EDGE('',*,*,#7209,.T.);
#7212=ORIENTED_EDGE('',*,*,#7211,.T.);
#7213=EDGE_LOOP('',(#7206,#7208,#7210,#7212));
#7214=FACE_OUTER_BOUND('',#7213,.F.);
#7215=ADVANCED_FACE('',(#7214),#7204,.T.);
#7216=CARTESIAN_POINT('',(-7.296389224143E-1,1.385098788506E1,0.E0));
#7217=DIRECTION('',(-2.588190451025E-1,9.659258262891E-1,0.E0));
#7218=DIRECTION('',(9.659258262891E-1,2.588190451025E-1,0.E0));
#7219=AXIS2_PLACEMENT_3D('',#7216,#7217,#7218);
#7220=CONICAL_SURFACE('',#7219,1.025E0,3.170154515080E0);
#7221=ORIENTED_EDGE('',*,*,#7205,.T.);
#7223=ORIENTED_EDGE('',*,*,#7222,.T.);
#7224=ORIENTED_EDGE('',*,*,#7209,.F.);
#7226=ORIENTED_EDGE('',*,*,#7225,.F.);
#7227=EDGE_LOOP('',(#7221,#7223,#7224,#7226));
#7228=FACE_OUTER_BOUND('',#7227,.F.);
#7229=ADVANCED_FACE('',(#7228),#7220,.T.);
#7230=CARTESIAN_POINT('',(-1.564614326594E0,1.696715851653E1,0.E0));
#7231=DIRECTION('',(-2.588190451025E-1,9.659258262891E-1,0.E0));
#7232=DIRECTION('',(9.659258262891E-1,2.588190451025E-1,0.E0));
#7233=AXIS2_PLACEMENT_3D('',#7230,#7231,#7232);
#7234=SPHERICAL_SURFACE('',#7233,1.201839166959E0);
#7236=ORIENTED_EDGE('',*,*,#7235,.T.);
#7237=ORIENTED_EDGE('',*,*,#7225,.T.);
#7239=ORIENTED_EDGE('',*,*,#7238,.F.);
#7240=EDGE_LOOP('',(#7236,#7237,#7239));
#7241=FACE_OUTER_BOUND('',#7240,.F.);
#7242=ADVANCED_FACE('',(#7241),#7234,.T.);
#7243=CARTESIAN_POINT('',(-1.564614326594E0,1.696715851653E1,0.E0));
#7244=DIRECTION('',(-2.588190451025E-1,9.659258262891E-1,0.E0));
#7245=DIRECTION('',(9.659258262891E-1,2.588190451025E-1,0.E0));
#7246=AXIS2_PLACEMENT_3D('',#7243,#7244,#7245);
#7247=SPHERICAL_SURFACE('',#7246,1.201839166959E0);
#7248=ORIENTED_EDGE('',*,*,#7235,.F.);
#7249=ORIENTED_EDGE('',*,*,#7238,.T.);
#7250=ORIENTED_EDGE('',*,*,#7207,.T.);
#7251=EDGE_LOOP('',(#7248,#7249,#7250));
#7252=FACE_OUTER_BOUND('',#7251,.F.);
#7253=ADVANCED_FACE('',(#7252),#7247,.T.);
#7254=OPEN_SHELL('',(#7215,#7229,#7242,#7253));
#7255=SHELL_BASED_SURFACE_MODEL('',(#453,#2889,#4136,#4656,#5176,#5696,#6181,
#6666,#7151,#7254));
#7257=DIMENSIONAL_EXPONENTS(0.E0,0.E0,0.E0,0.E0,0.E0,0.E0,0.E0);
#7259=PLANE_ANGLE_MEASURE_WITH_UNIT(PLANE_ANGLE_MEASURE(1.745329251994E-2),
#7258);
#7260=(CONVERSION_BASED_UNIT('DEGREE',#7259)NAMED_UNIT(*)PLANE_ANGLE_UNIT());
#7262=UNCERTAINTY_MEASURE_WITH_UNIT(LENGTH_MEASURE(1.200313597717E-3),#7256,
'closure',
'Maximum model space distance between geometric entities at asserted connectivities');
#7263=(GEOMETRIC_REPRESENTATION_CONTEXT(3)GLOBAL_UNCERTAINTY_ASSIGNED_CONTEXT((
#7262))GLOBAL_UNIT_ASSIGNED_CONTEXT((#7256,#7260,#7261))REPRESENTATION_CONTEXT(
'ID1','3'));
#7265=APPLICATION_CONTEXT(
'CONFIGURATION CONTROLLED 3D DESIGNS OF MECHANICAL PARTS AND ASSEMBLIES');
#7266=APPLICATION_PROTOCOL_DEFINITION('international standard',
'config_control_design',1994,#7265);
#7267=DESIGN_CONTEXT('',#7265,'design');
#7268=MECHANICAL_CONTEXT('',#7265,'mechanical');
#7269=PRODUCT('TL46W005000','TL46W005000','NOT SPECIFIED',(#7268));
#7270=PRODUCT_DEFINITION_FORMATION_WITH_SPECIFIED_SOURCE('1','LAST_VERSION',
#7269,.MADE.);
#7274=PRODUCT_CATEGORY('part','');
#7275=PRODUCT_RELATED_PRODUCT_CATEGORY('detail','',(#7269));
#7276=PRODUCT_CATEGORY_RELATIONSHIP('','',#7274,#7275);
#7277=SECURITY_CLASSIFICATION_LEVEL('unclassified');
#7278=SECURITY_CLASSIFICATION('','',#7277);
#7279=CC_DESIGN_SECURITY_CLASSIFICATION(#7278,(#7270));
#7280=APPROVAL_STATUS('approved');
#7281=APPROVAL(#7280,'');
#7282=CC_DESIGN_APPROVAL(#7281,(#7278,#7270,#7271));
#7283=CALENDAR_DATE(114,12,12);
#7284=COORDINATED_UNIVERSAL_TIME_OFFSET(1,0,.AHEAD.);
#7285=LOCAL_TIME(11,31,5.7E1,#7284);
#7286=DATE_AND_TIME(#7283,#7285);
#7287=APPROVAL_DATE_TIME(#7286,#7281);
#7288=DATE_TIME_ROLE('creation_date');
#7289=CC_DESIGN_DATE_AND_TIME_ASSIGNMENT(#7286,#7288,(#7271));
#7290=DATE_TIME_ROLE('classification_date');
#7291=CC_DESIGN_DATE_AND_TIME_ASSIGNMENT(#7286,#7290,(#7278));
#7292=PERSON('UNSPECIFIED','UNSPECIFIED',$,$,$,$);
#7293=ORGANIZATION('UNSPECIFIED','UNSPECIFIED','UNSPECIFIED');
#7294=PERSON_AND_ORGANIZATION(#7292,#7293);
#7295=APPROVAL_ROLE('approver');
#7296=APPROVAL_PERSON_ORGANIZATION(#7294,#7281,#7295);
#7297=PERSON_AND_ORGANIZATION_ROLE('creator');
#7298=CC_DESIGN_PERSON_AND_ORGANIZATION_ASSIGNMENT(#7294,#7297,(#7270,#7271));
#7299=PERSON_AND_ORGANIZATION_ROLE('design_supplier');
#7300=CC_DESIGN_PERSON_AND_ORGANIZATION_ASSIGNMENT(#7294,#7299,(#7270));
#7301=PERSON_AND_ORGANIZATION_ROLE('classification_officer');
#7302=CC_DESIGN_PERSON_AND_ORGANIZATION_ASSIGNMENT(#7294,#7301,(#7278));
#7303=PERSON_AND_ORGANIZATION_ROLE('design_owner');
#7304=CC_DESIGN_PERSON_AND_ORGANIZATION_ASSIGNMENT(#7294,#7303,(#7269));
#129=CIRCLE('',#128,5.E-1);
#134=CIRCLE('',#133,5.E-1);
#155=CIRCLE('',#154,5.E-1);
#160=CIRCLE('',#159,5.E-1);
#254=EDGE_CURVE('',#183,#184,#4,.T.);
#256=EDGE_CURVE('',#186,#184,#56,.T.);
#258=EDGE_CURVE('',#188,#186,#32,.T.);
#260=EDGE_CURVE('',#183,#188,#24,.T.);
#271=EDGE_CURVE('',#183,#198,#8,.T.);
#273=EDGE_CURVE('',#198,#200,#12,.T.);
#275=EDGE_CURVE('',#202,#200,#80,.T.);
#277=EDGE_CURVE('',#202,#204,#16,.T.);
#279=EDGE_CURVE('',#204,#184,#20,.T.);
#290=EDGE_CURVE('',#206,#188,#52,.T.);
#292=EDGE_CURVE('',#206,#198,#28,.T.);
#304=EDGE_CURVE('',#186,#208,#36,.T.);
#306=EDGE_CURVE('',#208,#210,#40,.T.);
#308=EDGE_CURVE('',#210,#212,#44,.T.);
#310=EDGE_CURVE('',#212,#206,#48,.T.);
#323=EDGE_CURVE('',#204,#208,#60,.T.);
#334=EDGE_CURVE('',#220,#219,#64,.T.);
#336=EDGE_CURVE('',#219,#222,#68,.T.);
#338=EDGE_CURVE('',#222,#214,#72,.T.);
#340=EDGE_CURVE('',#214,#202,#76,.T.);
#343=EDGE_CURVE('',#200,#224,#84,.T.);
#345=EDGE_CURVE('',#224,#226,#88,.T.);
#347=EDGE_CURVE('',#226,#220,#92,.T.);
#357=EDGE_CURVE('',#210,#216,#96,.T.);
#359=EDGE_CURVE('',#216,#230,#100,.T.);
#361=EDGE_CURVE('',#230,#232,#104,.T.);
#363=EDGE_CURVE('',#232,#234,#108,.T.);
#365=EDGE_CURVE('',#234,#236,#112,.T.);
#367=EDGE_CURVE('',#236,#228,#116,.T.);
#369=EDGE_CURVE('',#228,#212,#120,.T.);
#380=EDGE_CURVE('',#192,#191,#124,.T.);
#382=EDGE_CURVE('',#238,#191,#142,.T.);
#384=EDGE_CURVE('',#238,#240,#129,.T.);
#386=EDGE_CURVE('',#240,#242,#134,.T.);
#388=EDGE_CURVE('',#192,#242,#172,.T.);
#398=EDGE_CURVE('',#191,#196,#138,.T.);
#400=EDGE_CURVE('',#244,#196,#164,.T.);
#402=EDGE_CURVE('',#238,#244,#176,.T.);
#413=EDGE_CURVE('',#196,#194,#146,.T.);
#415=EDGE_CURVE('',#194,#246,#150,.T.);
#417=EDGE_CURVE('',#246,#248,#155,.T.);
#419=EDGE_CURVE('',#248,#244,#160,.T.);
#430=EDGE_CURVE('',#194,#192,#168,.T.);
#433=EDGE_CURVE('',#246,#242,#180,.T.);
#482=CIRCLE('',#481,3.E-1);
#487=CIRCLE('',#486,3.E-1);
#500=CIRCLE('',#499,3.E-1);
#513=CIRCLE('',#512,3.E-1);
#546=CIRCLE('',#545,3.E-1);
#555=CIRCLE('',#554,3.E-1);
#564=CIRCLE('',#563,3.E-1);
#581=CIRCLE('',#580,3.E-1);
#590=CIRCLE('',#589,3.E-1);
#595=CIRCLE('',#594,3.E-1);
#648=CIRCLE('',#647,3.E-1);
#653=CIRCLE('',#652,3.E-1);
#678=CIRCLE('',#677,3.E-1);
#695=CIRCLE('',#694,3.E-1);
#712=CIRCLE('',#711,3.E-1);
#729=CIRCLE('',#728,3.E-1);
#742=CIRCLE('',#741,3.E-1);
#747=CIRCLE('',#746,3.E-1);
#752=CIRCLE('',#751,3.E-1);
#765=CIRCLE('',#764,3.E-1);
#770=CIRCLE('',#769,3.E-1);
#775=CIRCLE('',#774,3.E-1);
#792=CIRCLE('',#791,2.5E0);
#801=CIRCLE('',#800,2.5E0);
#806=CIRCLE('',#805,2.5E0);
#813=B_SPLINE_CURVE_WITH_KNOTS('',3,(#807,#808,#809,#810,#811,#812),
.UNSPECIFIED.,.F.,.F.,(4,1,1,4),(0.E0,3.333333333333E-1,6.666666666667E-1,1.E0),
.UNSPECIFIED.);
#818=CIRCLE('',#817,2.3E0);
#823=CIRCLE('',#822,2.3E0);
#834=B_SPLINE_CURVE_WITH_KNOTS('',3,(#828,#829,#830,#831,#832,#833),
.UNSPECIFIED.,.F.,.F.,(4,1,1,4),(0.E0,3.333333333333E-1,6.666666666667E-1,1.E0),
.UNSPECIFIED.);
#847=CIRCLE('',#846,2.5E0);
#856=CIRCLE('',#855,2.3E0);
#861=CIRCLE('',#860,2.3E0);
#866=CIRCLE('',#865,2.5E0);
#871=CIRCLE('',#870,2.5E0);
#878=B_SPLINE_CURVE_WITH_KNOTS('',3,(#872,#873,#874,#875,#876,#877),
.UNSPECIFIED.,.F.,.F.,(4,1,1,4),(0.E0,3.333333333333E-1,6.666666666667E-1,1.E0),
.UNSPECIFIED.);
#891=CIRCLE('',#890,2.3E0);
#896=CIRCLE('',#895,2.3E0);
#903=B_SPLINE_CURVE_WITH_KNOTS('',3,(#897,#898,#899,#900,#901,#902),
.UNSPECIFIED.,.F.,.F.,(4,1,1,4),(0.E0,3.333333333333E-1,6.666666666667E-1,1.E0),
.UNSPECIFIED.);
#908=CIRCLE('',#907,2.049994696412E0);
#913=CIRCLE('',#912,2.049994696412E0);
#922=CIRCLE('',#921,2.049994696342E0);
#927=CIRCLE('',#926,2.049994696342E0);
#1168=CIRCLE('',#1167,2.300000000004E0);
#1173=CIRCLE('',#1172,2.300000000004E0);
#1180=B_SPLINE_CURVE_WITH_KNOTS('',3,(#1174,#1175,#1176,#1177,#1178,#1179),
.UNSPECIFIED.,.F.,.F.,(4,1,1,4),(0.E0,3.333333333333E-1,6.666666666667E-1,1.E0),
.UNSPECIFIED.);
#1191=B_SPLINE_CURVE_WITH_KNOTS('',3,(#1185,#1186,#1187,#1188,#1189,#1190),
.UNSPECIFIED.,.F.,.F.,(4,1,1,4),(0.E0,3.333333333333E-1,6.666666666667E-1,1.E0),
.UNSPECIFIED.);
#1206=B_SPLINE_CURVE_WITH_KNOTS('',3,(#1200,#1201,#1202,#1203,#1204,#1205),
.UNSPECIFIED.,.F.,.F.,(4,1,1,4),(0.E0,3.333333333333E-1,6.666666666667E-1,1.E0),
.UNSPECIFIED.);
#1233=B_SPLINE_CURVE_WITH_KNOTS('',3,(#1227,#1228,#1229,#1230,#1231,#1232),
.UNSPECIFIED.,.F.,.F.,(4,1,1,4),(0.E0,3.333333333333E-1,6.666666666667E-1,1.E0),
.UNSPECIFIED.);
#1246=CIRCLE('',#1245,3.E-1);
#1251=CIRCLE('',#1250,3.E-1);
#1256=CIRCLE('',#1255,3.E-1);
#1261=CIRCLE('',#1260,3.E-1);
#1266=CIRCLE('',#1265,3.E-1);
#1271=CIRCLE('',#1270,3.E-1);
#1292=CIRCLE('',#1291,3.E-1);
#1301=CIRCLE('',#1300,3.E-1);
#1338=CIRCLE('',#1337,3.E-1);
#1347=CIRCLE('',#1346,3.E-1);
#1650=EDGE_CURVE('',#1378,#1379,#477,.T.);
#1652=EDGE_CURVE('',#1378,#1381,#457,.T.);
#1654=EDGE_CURVE('',#1383,#1381,#1317,.T.);
#1656=EDGE_CURVE('',#1383,#1385,#461,.T.);
#1658=EDGE_CURVE('',#1385,#1387,#465,.T.);
#1660=EDGE_CURVE('',#1389,#1387,#1287,.T.);
#1662=EDGE_CURVE('',#1391,#1389,#1241,.T.);
#1664=EDGE_CURVE('',#1393,#1391,#529,.T.);
#1666=EDGE_CURVE('',#1395,#1393,#541,.T.);
#1668=EDGE_CURVE('',#1397,#1395,#559,.T.);
#1670=EDGE_CURVE('',#1399,#1397,#1371,.T.);
#1672=EDGE_CURVE('',#1399,#1379,#469,.T.);
#1682=EDGE_CURVE('',#1402,#1403,#473,.T.);
#1684=EDGE_CURVE('',#1378,#1403,#678,.T.);
#1687=EDGE_CURVE('',#1402,#1379,#590,.T.);
#1697=EDGE_CURVE('',#1406,#1407,#482,.T.);
#1699=EDGE_CURVE('',#1409,#1407,#1325,.T.);
#1701=EDGE_CURVE('',#1409,#1411,#487,.T.);
#1703=EDGE_CURVE('',#1413,#1411,#1355,.T.);
#1705=EDGE_CURVE('',#1415,#1413,#1367,.T.);
#1707=EDGE_CURVE('',#1417,#1415,#572,.T.);
#1709=EDGE_CURVE('',#1419,#1417,#991,.T.);
#1711=EDGE_CURVE('',#1421,#1419,#995,.T.);
#1713=EDGE_CURVE('',#1423,#1421,#951,.T.);
#1715=EDGE_CURVE('',#1425,#1423,#603,.T.);
#1717=EDGE_CURVE('',#1425,#1427,#491,.T.);
#1719=EDGE_CURVE('',#1427,#1406,#495,.T.);
#1729=EDGE_CURVE('',#1430,#1431,#500,.T.);
#1731=EDGE_CURVE('',#1433,#1431,#1309,.T.);
#1733=EDGE_CURVE('',#1435,#1433,#1321,.T.);
#1735=EDGE_CURVE('',#1437,#1435,#686,.T.);
#1737=EDGE_CURVE('',#1439,#1437,#947,.T.);
#1739=EDGE_CURVE('',#1441,#1439,#959,.T.);
#1741=EDGE_CURVE('',#1443,#1441,#971,.T.);
#1743=EDGE_CURVE('',#1445,#1443,#661,.T.);
#1745=EDGE_CURVE('',#1445,#1447,#504,.T.);
#1747=EDGE_CURVE('',#1447,#1449,#508,.T.);
#1749=EDGE_CURVE('',#1449,#1451,#513,.T.);
#1751=EDGE_CURVE('',#1451,#1430,#517,.T.);
#1761=EDGE_CURVE('',#1454,#1455,#635,.T.);
#1763=EDGE_CURVE('',#1457,#1454,#643,.T.);
#1765=EDGE_CURVE('',#1459,#1457,#1131,.T.);
#1767=EDGE_CURVE('',#1459,#1455,#521,.T.);
#1778=EDGE_CURVE('',#1461,#1402,#585,.T.);
#1780=EDGE_CURVE('',#1463,#1461,#1083,.T.);
#1782=EDGE_CURVE('',#1463,#1403,#525,.T.);
#1793=EDGE_CURVE('',#1393,#1406,#546,.T.);
#1796=EDGE_CURVE('',#1465,#1391,#1251,.T.);
#1798=EDGE_CURVE('',#1465,#1407,#533,.T.);
#1808=EDGE_CURVE('',#1406,#1395,#537,.T.);
#1822=EDGE_CURVE('',#1427,#1467,#550,.T.);
#1824=EDGE_CURVE('',#1467,#1397,#555,.T.);
#1836=EDGE_CURVE('',#1469,#1425,#599,.T.);
#1838=EDGE_CURVE('',#1467,#1469,#1375,.T.);
#1849=EDGE_CURVE('',#1472,#1473,#619,.T.);
#1851=EDGE_CURVE('',#1472,#1455,#564,.T.);
#1854=EDGE_CURVE('',#1475,#1459,#1127,.T.);
#1856=EDGE_CURVE('',#1475,#1477,#568,.T.);
#1858=EDGE_CURVE('',#1417,#1477,#979,.T.);
#1861=EDGE_CURVE('',#1415,#1479,#576,.T.);
#1863=EDGE_CURVE('',#1479,#1473,#581,.T.);
#1876=EDGE_CURVE('',#1399,#1469,#595,.T.);
#1880=EDGE_CURVE('',#1423,#1481,#607,.T.);
#1882=EDGE_CURVE('',#1481,#1483,#611,.T.);
#1884=EDGE_CURVE('',#1483,#1461,#615,.T.);
#1894=EDGE_CURVE('',#1472,#1485,#639,.T.);
#1897=EDGE_CURVE('',#1487,#1473,#1363,.T.);
#1899=EDGE_CURVE('',#1487,#1489,#623,.T.);
#1901=EDGE_CURVE('',#1489,#1491,#627,.T.);
#1903=EDGE_CURVE('',#1493,#1491,#1333,.T.);
#1905=EDGE_CURVE('',#1495,#1493,#756,.T.);
#1907=EDGE_CURVE('',#1497,#1495,#733,.T.);
#1909=EDGE_CURVE('',#1499,#1497,#724,.T.);
#1911=EDGE_CURVE('',#1501,#1499,#716,.T.);
#1913=EDGE_CURVE('',#1503,#1501,#699,.T.);
#1915=EDGE_CURVE('',#1503,#1485,#631,.T.);
#1928=EDGE_CURVE('',#1454,#1485,#648,.T.);
#1941=EDGE_CURVE('',#1503,#1505,#653,.T.);
#1943=EDGE_CURVE('',#1505,#1445,#657,.T.);
#1946=EDGE_CURVE('',#1443,#1507,#665,.T.);
#1948=EDGE_CURVE('',#1507,#1509,#669,.T.);
#1950=EDGE_CURVE('',#1509,#1457,#673,.T.);
#1963=EDGE_CURVE('',#1511,#1463,#1079,.T.);
#1965=EDGE_CURVE('',#1511,#1513,#682,.T.);
#1967=EDGE_CURVE('',#1437,#1513,#935,.T.);
#1970=EDGE_CURVE('',#1435,#1515,#690,.T.);
#1972=EDGE_CURVE('',#1515,#1381,#695,.T.);
#1984=EDGE_CURVE('',#1517,#1501,#712,.T.);
#1986=EDGE_CURVE('',#1517,#1505,#703,.T.);
#1996=EDGE_CURVE('',#1449,#1499,#720,.T.);
#1999=EDGE_CURVE('',#1447,#1517,#707,.T.);
#2013=EDGE_CURVE('',#1497,#1449,#729,.T.);
#2026=EDGE_CURVE('',#1519,#1495,#752,.T.);
#2028=EDGE_CURVE('',#1519,#1451,#737,.T.);
#2038=EDGE_CURVE('',#1495,#1521,#742,.T.);
#2040=EDGE_CURVE('',#1521,#1519,#747,.T.);
#2052=EDGE_CURVE('',#1523,#1493,#770,.T.);
#2054=EDGE_CURVE('',#1523,#1521,#760,.T.);
#2065=EDGE_CURVE('',#1525,#1523,#765,.T.);
#2068=EDGE_CURVE('',#1493,#1525,#775,.T.);
#2078=EDGE_CURVE('',#1527,#1523,#779,.T.);
#2081=EDGE_CURVE('',#1525,#1465,#783,.T.);
#2083=EDGE_CURVE('',#1527,#1465,#1246,.T.);
#2093=EDGE_CURVE('',#1540,#1541,#806,.T.);
#2095=EDGE_CURVE('',#1543,#1540,#801,.T.);
#2097=EDGE_CURVE('',#1543,#1535,#787,.T.);
#2099=EDGE_CURVE('',#1535,#1537,#792,.T.);
#2101=EDGE_CURVE('',#1537,#1541,#796,.T.);
#2113=EDGE_CURVE('',#1541,#1544,#813,.T.);
#2115=EDGE_CURVE('',#1544,#1546,#818,.T.);
#2117=EDGE_CURVE('',#1546,#1548,#823,.T.);
#2119=EDGE_CURVE('',#1543,#1548,#1206,.T.);
#2129=EDGE_CURVE('',#1541,#1550,#827,.T.);
#2131=EDGE_CURVE('',#1550,#1551,#834,.T.);
#2133=EDGE_CURVE('',#1544,#1551,#1222,.T.);
#2146=EDGE_CURVE('',#1537,#1533,#838,.T.);
#2148=EDGE_CURVE('',#1550,#1533,#842,.T.);
#2158=EDGE_CURVE('',#1554,#1555,#871,.T.);
#2160=EDGE_CURVE('',#1550,#1554,#866,.T.);
#2163=EDGE_CURVE('',#1533,#1532,#847,.T.);
#2165=EDGE_CURVE('',#1532,#1555,#851,.T.);
#2175=EDGE_CURVE('',#1558,#1559,#856,.T.);
#2177=EDGE_CURVE('',#1559,#1551,#861,.T.);
#2182=EDGE_CURVE('',#1555,#1558,#878,.T.);
#2192=EDGE_CURVE('',#1562,#1563,#896,.T.);
#2194=EDGE_CURVE('',#1565,#1562,#891,.T.);
#2196=EDGE_CURVE('',#1565,#1551,#882,.T.);
#2200=EDGE_CURVE('',#1558,#1563,#886,.T.);
#2210=EDGE_CURVE('',#1568,#1569,#927,.T.);
#2212=EDGE_CURVE('',#1571,#1568,#922,.T.);
#2214=EDGE_CURVE('',#1565,#1571,#1233,.T.);
#2218=EDGE_CURVE('',#1563,#1569,#903,.T.);
#2228=EDGE_CURVE('',#1574,#1575,#908,.T.);
#2230=EDGE_CURVE('',#1575,#1577,#913,.T.);
#2232=EDGE_CURVE('',#1577,#1571,#917,.T.);
#2236=EDGE_CURVE('',#1569,#1574,#931,.T.);
#2247=EDGE_CURVE('',#1513,#1579,#939,.T.);
#2249=EDGE_CURVE('',#1579,#1439,#943,.T.);
#2262=EDGE_CURVE('',#1581,#1421,#1003,.T.);
#2264=EDGE_CURVE('',#1581,#1481,#955,.T.);
#2276=EDGE_CURVE('',#1579,#1585,#963,.T.);
#2278=EDGE_CURVE('',#1585,#1441,#967,.T.);
#2291=EDGE_CURVE('',#1585,#1507,#975,.T.);
#2302=EDGE_CURVE('',#1477,#1583,#983,.T.);
#2304=EDGE_CURVE('',#1583,#1419,#987,.T.);
#2317=EDGE_CURVE('',#1583,#1581,#999,.T.);
#2328=EDGE_CURVE('',#1596,#1597,#1007,.T.);
#2330=EDGE_CURVE('',#1597,#1603,#1011,.T.);
#2332=EDGE_CURVE('',#1603,#1596,#1015,.T.);
#2342=EDGE_CURVE('',#1597,#1601,#1019,.T.);
#2344=EDGE_CURVE('',#1605,#1601,#1035,.T.);
#2346=EDGE_CURVE('',#1605,#1603,#1023,.T.);
#2357=EDGE_CURVE('',#1601,#1599,#1027,.T.);
#2359=EDGE_CURVE('',#1599,#1605,#1031,.T.);
#2370=EDGE_CURVE('',#1599,#1596,#1039,.T.);
#2383=EDGE_CURVE('',#1589,#1588,#1043,.T.);
#2385=EDGE_CURVE('',#1588,#1607,#1047,.T.);
#2387=EDGE_CURVE('',#1607,#1589,#1051,.T.);
#2397=EDGE_CURVE('',#1588,#1593,#1055,.T.);
#2399=EDGE_CURVE('',#1609,#1593,#1071,.T.);
#2401=EDGE_CURVE('',#1609,#1607,#1059,.T.);
#2412=EDGE_CURVE('',#1593,#1591,#1063,.T.);
#2414=EDGE_CURVE('',#1591,#1609,#1067,.T.);
#2425=EDGE_CURVE('',#1591,#1589,#1075,.T.);
#2441=EDGE_CURVE('',#1483,#1511,#1087,.T.);
#2451=EDGE_CURVE('',#1613,#1612,#1091,.T.);
#2453=EDGE_CURVE('',#1612,#1619,#1095,.T.);
#2455=EDGE_CURVE('',#1619,#1613,#1099,.T.);
#2465=EDGE_CURVE('',#1617,#1615,#1103,.T.);
#2467=EDGE_CURVE('',#1615,#1621,#1107,.T.);
#2469=EDGE_CURVE('',#1621,#1617,#1111,.T.);
#2479=EDGE_CURVE('',#1615,#1613,#1115,.T.);
#2482=EDGE_CURVE('',#1619,#1621,#1119,.T.);
#2494=EDGE_CURVE('',#1509,#1475,#1123,.T.);
#2506=EDGE_CURVE('',#1624,#1625,#1135,.T.);
#2508=EDGE_CURVE('',#1625,#1631,#1139,.T.);
#2510=EDGE_CURVE('',#1631,#1624,#1143,.T.);
#2520=EDGE_CURVE('',#1625,#1629,#1147,.T.);
#2522=EDGE_CURVE('',#1633,#1629,#1163,.T.);
#2524=EDGE_CURVE('',#1633,#1631,#1151,.T.);
#2535=EDGE_CURVE('',#1629,#1628,#1155,.T.);
#2537=EDGE_CURVE('',#1628,#1633,#1159,.T.);
#2550=EDGE_CURVE('',#1634,#1574,#1191,.T.);
#2552=EDGE_CURVE('',#1634,#1637,#1168,.T.);
#2554=EDGE_CURVE('',#1637,#1638,#1173,.T.);
#2556=EDGE_CURVE('',#1638,#1577,#1180,.T.);
#2568=EDGE_CURVE('',#1563,#1634,#1184,.T.);
#2581=EDGE_CURVE('',#1558,#1548,#1195,.T.);
#2583=EDGE_CURVE('',#1634,#1548,#1214,.T.);
#2595=EDGE_CURVE('',#1555,#1543,#1199,.T.);
#2608=EDGE_CURVE('',#1532,#1535,#1210,.T.);
#2624=EDGE_CURVE('',#1544,#1638,#1218,.T.);
#2634=EDGE_CURVE('',#1638,#1565,#1226,.T.);
#2659=EDGE_CURVE('',#1529,#1527,#1237,.T.);
#2661=EDGE_CURVE('',#1391,#1527,#1256,.T.);
#2664=EDGE_CURVE('',#1529,#1389,#1266,.T.);
#2685=EDGE_CURVE('',#1640,#1529,#1261,.T.);
#2688=EDGE_CURVE('',#1389,#1640,#1271,.T.);
#2698=EDGE_CURVE('',#1640,#1519,#1275,.T.);
#2701=EDGE_CURVE('',#1521,#1529,#1279,.T.);
#2712=EDGE_CURVE('',#1430,#1640,#1283,.T.);
#2729=EDGE_CURVE('',#1431,#1387,#1292,.T.);
#2740=EDGE_CURVE('',#1431,#1385,#1296,.T.);
#2753=EDGE_CURVE('',#1383,#1642,#1301,.T.);
#2755=EDGE_CURVE('',#1642,#1433,#1305,.T.);
#2767=EDGE_CURVE('',#1515,#1642,#1313,.T.);
#2793=EDGE_CURVE('',#1409,#1525,#1329,.T.);
#2808=EDGE_CURVE('',#1411,#1491,#1338,.T.);
#2819=EDGE_CURVE('',#1411,#1489,#1342,.T.);
#2832=EDGE_CURVE('',#1487,#1644,#1347,.T.);
#2834=EDGE_CURVE('',#1644,#1413,#1351,.T.);
#2846=EDGE_CURVE('',#1479,#1644,#1359,.T.);
#2894=CIRCLE('',#2893,3.5E-1);
#2919=CIRCLE('',#2918,5.E-1);
#2924=CIRCLE('',#2923,1.E-1);
#2949=CIRCLE('',#2948,4.E-1);
#2966=CIRCLE('',#2965,4.E-1);
#2987=CIRCLE('',#2986,4.E-1);
#3060=CIRCLE('',#3059,1.E-1);
#3069=CIRCLE('',#3068,5.E-1);
#3118=CIRCLE('',#3117,5.E-1);
#3123=CIRCLE('',#3122,1.E-1);
#3136=CIRCLE('',#3135,1.E-1);
#3145=CIRCLE('',#3144,5.E-1);
#3166=CIRCLE('',#3165,4.E-1);
#3275=CIRCLE('',#3274,3.5E-1);
#3288=CIRCLE('',#3287,3.5E-1);
#3305=CIRCLE('',#3304,3.5E-1);
#3455=EDGE_CURVE('',#3332,#3333,#2902,.T.);
#3457=EDGE_CURVE('',#3335,#3332,#3266,.T.);
#3459=EDGE_CURVE('',#3335,#3337,#2894,.T.);
#3461=EDGE_CURVE('',#3333,#3337,#3250,.T.);
#3471=EDGE_CURVE('',#3340,#3341,#2898,.T.);
#3473=EDGE_CURVE('',#3332,#3341,#3123,.T.);
#3476=EDGE_CURVE('',#3340,#3333,#3136,.T.);
#3486=EDGE_CURVE('',#3344,#3345,#2906,.T.);
#3488=EDGE_CURVE('',#3347,#3344,#3081,.T.);
#3490=EDGE_CURVE('',#3349,#3347,#3085,.T.);
#3492=EDGE_CURVE('',#3351,#3349,#3093,.T.);
#3494=EDGE_CURVE('',#3353,#3351,#3101,.T.);
#3496=EDGE_CURVE('',#3341,#3353,#3109,.T.);
#3499=EDGE_CURVE('',#3355,#3340,#3157,.T.);
#3501=EDGE_CURVE('',#3357,#3355,#3161,.T.);
#3503=EDGE_CURVE('',#3359,#3357,#3246,.T.);
#3505=EDGE_CURVE('',#3361,#3359,#2999,.T.);
#3507=EDGE_CURVE('',#3363,#3361,#3325,.T.);
#3509=EDGE_CURVE('',#3365,#3363,#3321,.T.);
#3511=EDGE_CURVE('',#3367,#3365,#2961,.T.);
#3513=EDGE_CURVE('',#3369,#3367,#2940,.T.);
#3515=EDGE_CURVE('',#3345,#3369,#2928,.T.);
#3526=EDGE_CURVE('',#3371,#3345,#2924,.T.);
#3528=EDGE_CURVE('',#3371,#3373,#2910,.T.);
#3530=EDGE_CURVE('',#3344,#3373,#3060,.T.);
#3540=EDGE_CURVE('',#3345,#3375,#2914,.T.);
#3542=EDGE_CURVE('',#3375,#3377,#2919,.T.);
#3544=EDGE_CURVE('',#3371,#3377,#3292,.T.);
#3557=EDGE_CURVE('',#3379,#3369,#2936,.T.);
#3559=EDGE_CURVE('',#3375,#3379,#3003,.T.);
#3569=EDGE_CURVE('',#3367,#3381,#2932,.T.);
#3571=EDGE_CURVE('',#3379,#3381,#3007,.T.);
#3583=EDGE_CURVE('',#3383,#3381,#2944,.T.);
#3586=EDGE_CURVE('',#3367,#3383,#2949,.T.);
#3597=EDGE_CURVE('',#3383,#3385,#2953,.T.);
#3599=EDGE_CURVE('',#3387,#3385,#3222,.T.);
#3601=EDGE_CURVE('',#3381,#3387,#3190,.T.);
#3611=EDGE_CURVE('',#3389,#3383,#2957,.T.);
#3613=EDGE_CURVE('',#3391,#3389,#2974,.T.);
#3615=EDGE_CURVE('',#3393,#3391,#3242,.T.);
#3617=EDGE_CURVE('',#3395,#3393,#3182,.T.);
#3619=EDGE_CURVE('',#3397,#3395,#3234,.T.);
#3621=EDGE_CURVE('',#3399,#3397,#3226,.T.);
#3623=EDGE_CURVE('',#3385,#3399,#3218,.T.);
#3637=EDGE_CURVE('',#3389,#3365,#2966,.T.);
#3647=EDGE_CURVE('',#3389,#3401,#2978,.T.);
#3650=EDGE_CURVE('',#3365,#3401,#2970,.T.);
#3660=EDGE_CURVE('',#3391,#3403,#2982,.T.);
#3664=EDGE_CURVE('',#3403,#3401,#3214,.T.);
#3675=EDGE_CURVE('',#3359,#3403,#2991,.T.);
#3677=EDGE_CURVE('',#3359,#3391,#2987,.T.);
#3688=EDGE_CURVE('',#3405,#3403,#3019,.T.);
#3690=EDGE_CURVE('',#3405,#3361,#2995,.T.);
#3701=EDGE_CURVE('',#3375,#3407,#3051,.T.);
#3705=EDGE_CURVE('',#3401,#3381,#3186,.T.);
#3707=EDGE_CURVE('',#3401,#3409,#3011,.T.);
#3709=EDGE_CURVE('',#3409,#3405,#3015,.T.);
#3712=EDGE_CURVE('',#3411,#3403,#3210,.T.);
#3714=EDGE_CURVE('',#3411,#3413,#3023,.T.);
#3716=EDGE_CURVE('',#3413,#3415,#3027,.T.);
#3718=EDGE_CURVE('',#3417,#3415,#3127,.T.);
#3720=EDGE_CURVE('',#3417,#3419,#3031,.T.);
#3722=EDGE_CURVE('',#3419,#3421,#3035,.T.);
#3724=EDGE_CURVE('',#3421,#3423,#3039,.T.);
#3726=EDGE_CURVE('',#3423,#3425,#3043,.T.);
#3728=EDGE_CURVE('',#3425,#3407,#3047,.T.);
#3739=EDGE_CURVE('',#3427,#3407,#3069,.T.);
#3741=EDGE_CURVE('',#3427,#3377,#3055,.T.);
#3752=EDGE_CURVE('',#3344,#3407,#3073,.T.);
#3755=EDGE_CURVE('',#3373,#3427,#3064,.T.);
#3768=EDGE_CURVE('',#3425,#3347,#3077,.T.);
#3782=EDGE_CURVE('',#3423,#3349,#3089,.T.);
#3795=EDGE_CURVE('',#3421,#3351,#3097,.T.);
#3808=EDGE_CURVE('',#3419,#3353,#3105,.T.);
#3818=EDGE_CURVE('',#3341,#3417,#3113,.T.);
#3832=EDGE_CURVE('',#3417,#3429,#3118,.T.);
#3834=EDGE_CURVE('',#3332,#3429,#3262,.T.);
#3846=EDGE_CURVE('',#3431,#3415,#3145,.T.);
#3848=EDGE_CURVE('',#3431,#3429,#3131,.T.);
#3859=EDGE_CURVE('',#3340,#3415,#3149,.T.);
#3862=EDGE_CURVE('',#3333,#3431,#3140,.T.);
#3875=EDGE_CURVE('',#3413,#3355,#3153,.T.);
#3886=EDGE_CURVE('',#3357,#3411,#3170,.T.);
#3899=EDGE_CURVE('',#3393,#3411,#3174,.T.);
#3901=EDGE_CURVE('',#3393,#3357,#3166,.T.);
#3913=EDGE_CURVE('',#3433,#3411,#3206,.T.);
#3915=EDGE_CURVE('',#3433,#3395,#3178,.T.);
#3928=EDGE_CURVE('',#3387,#3435,#3194,.T.);
#3930=EDGE_CURVE('',#3435,#3437,#3198,.T.);
#3932=EDGE_CURVE('',#3437,#3433,#3202,.T.);
#3946=EDGE_CURVE('',#3435,#3399,#3230,.T.);
#3959=EDGE_CURVE('',#3437,#3397,#3238,.T.);
#3997=EDGE_CURVE('',#3439,#3337,#3258,.T.);
#3999=EDGE_CURVE('',#3431,#3439,#3270,.T.);
#4010=EDGE_CURVE('',#3335,#3441,#3254,.T.);
#4012=EDGE_CURVE('',#3439,#3441,#3275,.T.);
#4024=EDGE_CURVE('',#3441,#3429,#3279,.T.);
#4049=EDGE_CURVE('',#3373,#3443,#3283,.T.);
#4051=EDGE_CURVE('',#3445,#3443,#3317,.T.);
#4053=EDGE_CURVE('',#3427,#3445,#3300,.T.);
#4064=EDGE_CURVE('',#3447,#3371,#3296,.T.);
#4066=EDGE_CURVE('',#3447,#3443,#3288,.T.);
#4078=EDGE_CURVE('',#3449,#3377,#3309,.T.);
#4080=EDGE_CURVE('',#3447,#3449,#3313,.T.);
#4093=EDGE_CURVE('',#3445,#3449,#3305,.T.);
#4118=EDGE_CURVE('',#3409,#3363,#3329,.T.);
#4141=CIRCLE('',#4140,3.5E-1);
#4170=CIRCLE('',#4169,5.E0);
#4251=CIRCLE('',#4250,3.5E-1);
#4292=CIRCLE('',#4291,5.E0);
#4442=EDGE_CURVE('',#4355,#4356,#4141,.T.);
#4444=EDGE_CURVE('',#4358,#4356,#4352,.T.);
#4446=EDGE_CURVE('',#4360,#4358,#4344,.T.);
#4448=EDGE_CURVE('',#4360,#4362,#4145,.T.);
#4450=EDGE_CURVE('',#4362,#4364,#4149,.T.);
#4452=EDGE_CURVE('',#4364,#4366,#4153,.T.);
#4454=EDGE_CURVE('',#4366,#4368,#4157,.T.);
#4456=EDGE_CURVE('',#4368,#4370,#4161,.T.);
#4458=EDGE_CURVE('',#4370,#4372,#4165,.T.);
#4460=EDGE_CURVE('',#4372,#4374,#4170,.T.);
#4462=EDGE_CURVE('',#4374,#4376,#4174,.T.);
#4464=EDGE_CURVE('',#4376,#4378,#4178,.T.);
#4466=EDGE_CURVE('',#4378,#4380,#4182,.T.);
#4468=EDGE_CURVE('',#4380,#4382,#4186,.T.);
#4470=EDGE_CURVE('',#4382,#4384,#4190,.T.);
#4472=EDGE_CURVE('',#4384,#4386,#4194,.T.);
#4474=EDGE_CURVE('',#4386,#4388,#4198,.T.);
#4476=EDGE_CURVE('',#4390,#4388,#4242,.T.);
#4478=EDGE_CURVE('',#4392,#4390,#4234,.T.);
#4480=EDGE_CURVE('',#4394,#4392,#4230,.T.);
#4482=EDGE_CURVE('',#4394,#4355,#4202,.T.);
#4493=EDGE_CURVE('',#4355,#4396,#4206,.T.);
#4495=EDGE_CURVE('',#4398,#4396,#4251,.T.);
#4497=EDGE_CURVE('',#4398,#4356,#4210,.T.);
#4509=EDGE_CURVE('',#4400,#4394,#4226,.T.);
#4511=EDGE_CURVE('',#4400,#4396,#4214,.T.);
#4521=EDGE_CURVE('',#4392,#4402,#4218,.T.);
#4523=EDGE_CURVE('',#4402,#4400,#4222,.T.);
#4535=EDGE_CURVE('',#4404,#4390,#4238,.T.);
#4537=EDGE_CURVE('',#4402,#4404,#4255,.T.);
#4551=EDGE_CURVE('',#4388,#4406,#4246,.T.);
#4553=EDGE_CURVE('',#4404,#4406,#4259,.T.);
#4568=EDGE_CURVE('',#4406,#4408,#4263,.T.);
#4570=EDGE_CURVE('',#4408,#4414,#4267,.T.);
#4572=EDGE_CURVE('',#4414,#4416,#4271,.T.);
#4574=EDGE_CURVE('',#4416,#4418,#4275,.T.);
#4576=EDGE_CURVE('',#4418,#4420,#4279,.T.);
#4578=EDGE_CURVE('',#4420,#4422,#4283,.T.);
#4580=EDGE_CURVE('',#4422,#4424,#4287,.T.);
#4582=EDGE_CURVE('',#4424,#4426,#4292,.T.);
#4584=EDGE_CURVE('',#4426,#4428,#4296,.T.);
#4586=EDGE_CURVE('',#4428,#4430,#4300,.T.);
#4588=EDGE_CURVE('',#4430,#4432,#4304,.T.);
#4590=EDGE_CURVE('',#4432,#4434,#4308,.T.);
#4592=EDGE_CURVE('',#4434,#4436,#4312,.T.);
#4594=EDGE_CURVE('',#4436,#4412,#4316,.T.);
#4596=EDGE_CURVE('',#4412,#4410,#4320,.T.);
#4598=EDGE_CURVE('',#4410,#4398,#4324,.T.);
#4609=EDGE_CURVE('',#4384,#4414,#4328,.T.);
#4612=EDGE_CURVE('',#4408,#4386,#4332,.T.);
#4623=EDGE_CURVE('',#4412,#4360,#4340,.T.);
#4626=EDGE_CURVE('',#4436,#4362,#4336,.T.);
#4636=EDGE_CURVE('',#4410,#4358,#4348,.T.);
#4661=CIRCLE('',#4660,3.5E-1);
#4690=CIRCLE('',#4689,5.E0);
#4771=CIRCLE('',#4770,3.5E-1);
#4812=CIRCLE('',#4811,5.E0);
#4962=EDGE_CURVE('',#4875,#4876,#4661,.T.);
#4964=EDGE_CURVE('',#4878,#4876,#4872,.T.);
#4966=EDGE_CURVE('',#4880,#4878,#4864,.T.);
#4968=EDGE_CURVE('',#4880,#4882,#4665,.T.);
#4970=EDGE_CURVE('',#4882,#4884,#4669,.T.);
#4972=EDGE_CURVE('',#4884,#4886,#4673,.T.);
#4974=EDGE_CURVE('',#4886,#4888,#4677,.T.);
#4976=EDGE_CURVE('',#4888,#4890,#4681,.T.);
#4978=EDGE_CURVE('',#4890,#4892,#4685,.T.);
#4980=EDGE_CURVE('',#4892,#4894,#4690,.T.);
#4982=EDGE_CURVE('',#4894,#4896,#4694,.T.);
#4984=EDGE_CURVE('',#4896,#4898,#4698,.T.);
#4986=EDGE_CURVE('',#4898,#4900,#4702,.T.);
#4988=EDGE_CURVE('',#4900,#4902,#4706,.T.);
#4990=EDGE_CURVE('',#4902,#4904,#4710,.T.);
#4992=EDGE_CURVE('',#4904,#4906,#4714,.T.);
#4994=EDGE_CURVE('',#4906,#4908,#4718,.T.);
#4996=EDGE_CURVE('',#4910,#4908,#4762,.T.);
#4998=EDGE_CURVE('',#4912,#4910,#4754,.T.);
#5000=EDGE_CURVE('',#4914,#4912,#4750,.T.);
#5002=EDGE_CURVE('',#4914,#4875,#4722,.T.);
#5013=EDGE_CURVE('',#4875,#4916,#4726,.T.);
#5015=EDGE_CURVE('',#4918,#4916,#4771,.T.);
#5017=EDGE_CURVE('',#4918,#4876,#4730,.T.);
#5029=EDGE_CURVE('',#4920,#4914,#4746,.T.);
#5031=EDGE_CURVE('',#4920,#4916,#4734,.T.);
#5041=EDGE_CURVE('',#4912,#4922,#4738,.T.);
#5043=EDGE_CURVE('',#4922,#4920,#4742,.T.);
#5055=EDGE_CURVE('',#4924,#4910,#4758,.T.);
#5057=EDGE_CURVE('',#4922,#4924,#4775,.T.);
#5071=EDGE_CURVE('',#4908,#4926,#4766,.T.);
#5073=EDGE_CURVE('',#4924,#4926,#4779,.T.);
#5088=EDGE_CURVE('',#4926,#4928,#4783,.T.);
#5090=EDGE_CURVE('',#4928,#4934,#4787,.T.);
#5092=EDGE_CURVE('',#4934,#4936,#4791,.T.);
#5094=EDGE_CURVE('',#4936,#4938,#4795,.T.);
#5096=EDGE_CURVE('',#4938,#4940,#4799,.T.);
#5098=EDGE_CURVE('',#4940,#4942,#4803,.T.);
#5100=EDGE_CURVE('',#4942,#4944,#4807,.T.);
#5102=EDGE_CURVE('',#4944,#4946,#4812,.T.);
#5104=EDGE_CURVE('',#4946,#4948,#4816,.T.);
#5106=EDGE_CURVE('',#4948,#4950,#4820,.T.);
#5108=EDGE_CURVE('',#4950,#4952,#4824,.T.);
#5110=EDGE_CURVE('',#4952,#4954,#4828,.T.);
#5112=EDGE_CURVE('',#4954,#4956,#4832,.T.);
#5114=EDGE_CURVE('',#4956,#4932,#4836,.T.);
#5116=EDGE_CURVE('',#4932,#4930,#4840,.T.);
#5118=EDGE_CURVE('',#4930,#4918,#4844,.T.);
#5129=EDGE_CURVE('',#4904,#4934,#4848,.T.);
#5132=EDGE_CURVE('',#4928,#4906,#4852,.T.);
#5143=EDGE_CURVE('',#4932,#4880,#4860,.T.);
#5146=EDGE_CURVE('',#4956,#4882,#4856,.T.);
#5156=EDGE_CURVE('',#4930,#4878,#4868,.T.);
#5181=CIRCLE('',#5180,3.5E-1);
#5210=CIRCLE('',#5209,5.E0);
#5291=CIRCLE('',#5290,3.5E-1);
#5332=CIRCLE('',#5331,5.E0);
#5482=EDGE_CURVE('',#5395,#5396,#5181,.T.);
#5484=EDGE_CURVE('',#5398,#5396,#5392,.T.);
#5486=EDGE_CURVE('',#5400,#5398,#5384,.T.);
#5488=EDGE_CURVE('',#5400,#5402,#5185,.T.);
#5490=EDGE_CURVE('',#5402,#5404,#5189,.T.);
#5492=EDGE_CURVE('',#5404,#5406,#5193,.T.);
#5494=EDGE_CURVE('',#5406,#5408,#5197,.T.);
#5496=EDGE_CURVE('',#5408,#5410,#5201,.T.);
#5498=EDGE_CURVE('',#5410,#5412,#5205,.T.);
#5500=EDGE_CURVE('',#5412,#5414,#5210,.T.);
#5502=EDGE_CURVE('',#5414,#5416,#5214,.T.);
#5504=EDGE_CURVE('',#5416,#5418,#5218,.T.);
#5506=EDGE_CURVE('',#5418,#5420,#5222,.T.);
#5508=EDGE_CURVE('',#5420,#5422,#5226,.T.);
#5510=EDGE_CURVE('',#5422,#5424,#5230,.T.);
#5512=EDGE_CURVE('',#5424,#5426,#5234,.T.);
#5514=EDGE_CURVE('',#5426,#5428,#5238,.T.);
#5516=EDGE_CURVE('',#5430,#5428,#5282,.T.);
#5518=EDGE_CURVE('',#5432,#5430,#5274,.T.);
#5520=EDGE_CURVE('',#5434,#5432,#5270,.T.);
#5522=EDGE_CURVE('',#5434,#5395,#5242,.T.);
#5533=EDGE_CURVE('',#5395,#5436,#5246,.T.);
#5535=EDGE_CURVE('',#5438,#5436,#5291,.T.);
#5537=EDGE_CURVE('',#5438,#5396,#5250,.T.);
#5549=EDGE_CURVE('',#5440,#5434,#5266,.T.);
#5551=EDGE_CURVE('',#5440,#5436,#5254,.T.);
#5561=EDGE_CURVE('',#5432,#5442,#5258,.T.);
#5563=EDGE_CURVE('',#5442,#5440,#5262,.T.);
#5575=EDGE_CURVE('',#5444,#5430,#5278,.T.);
#5577=EDGE_CURVE('',#5442,#5444,#5295,.T.);
#5591=EDGE_CURVE('',#5428,#5446,#5286,.T.);
#5593=EDGE_CURVE('',#5444,#5446,#5299,.T.);
#5608=EDGE_CURVE('',#5446,#5448,#5303,.T.);
#5610=EDGE_CURVE('',#5448,#5454,#5307,.T.);
#5612=EDGE_CURVE('',#5454,#5456,#5311,.T.);
#5614=EDGE_CURVE('',#5456,#5458,#5315,.T.);
#5616=EDGE_CURVE('',#5458,#5460,#5319,.T.);
#5618=EDGE_CURVE('',#5460,#5462,#5323,.T.);
#5620=EDGE_CURVE('',#5462,#5464,#5327,.T.);
#5622=EDGE_CURVE('',#5464,#5466,#5332,.T.);
#5624=EDGE_CURVE('',#5466,#5468,#5336,.T.);
#5626=EDGE_CURVE('',#5468,#5470,#5340,.T.);
#5628=EDGE_CURVE('',#5470,#5472,#5344,.T.);
#5630=EDGE_CURVE('',#5472,#5474,#5348,.T.);
#5632=EDGE_CURVE('',#5474,#5476,#5352,.T.);
#5634=EDGE_CURVE('',#5476,#5452,#5356,.T.);
#5636=EDGE_CURVE('',#5452,#5450,#5360,.T.);
#5638=EDGE_CURVE('',#5450,#5438,#5364,.T.);
#5649=EDGE_CURVE('',#5424,#5454,#5368,.T.);
#5652=EDGE_CURVE('',#5448,#5426,#5372,.T.);
#5663=EDGE_CURVE('',#5452,#5400,#5380,.T.);
#5666=EDGE_CURVE('',#5476,#5402,#5376,.T.);
#5676=EDGE_CURVE('',#5450,#5398,#5388,.T.);
#5729=CIRCLE('',#5728,5.E0);
#5810=CIRCLE('',#5809,5.E0);
#5984=EDGE_CURVE('',#5901,#5902,#5700,.T.);
#5986=EDGE_CURVE('',#5904,#5902,#5862,.T.);
#5988=EDGE_CURVE('',#5906,#5904,#5854,.T.);
#5990=EDGE_CURVE('',#5908,#5906,#5846,.T.);
#5992=EDGE_CURVE('',#5910,#5908,#5874,.T.);
#5994=EDGE_CURVE('',#5910,#5912,#5704,.T.);
#5996=EDGE_CURVE('',#5912,#5914,#5708,.T.);
#5998=EDGE_CURVE('',#5914,#5916,#5712,.T.);
#6000=EDGE_CURVE('',#5916,#5918,#5716,.T.);
#6002=EDGE_CURVE('',#5918,#5920,#5720,.T.);
#6004=EDGE_CURVE('',#5920,#5922,#5724,.T.);
#6006=EDGE_CURVE('',#5922,#5924,#5729,.T.);
#6008=EDGE_CURVE('',#5924,#5926,#5733,.T.);
#6010=EDGE_CURVE('',#5926,#5928,#5737,.T.);
#6012=EDGE_CURVE('',#5928,#5930,#5741,.T.);
#6014=EDGE_CURVE('',#5930,#5932,#5745,.T.);
#6016=EDGE_CURVE('',#5932,#5934,#5749,.T.);
#6018=EDGE_CURVE('',#5934,#5936,#5753,.T.);
#6020=EDGE_CURVE('',#5936,#5938,#5757,.T.);
#6022=EDGE_CURVE('',#5901,#5938,#5890,.T.);
#6032=EDGE_CURVE('',#5941,#5942,#5761,.T.);
#6034=EDGE_CURVE('',#5942,#5902,#5765,.T.);
#6037=EDGE_CURVE('',#5941,#5901,#5886,.T.);
#6047=EDGE_CURVE('',#5945,#5946,#5769,.T.);
#6049=EDGE_CURVE('',#5946,#5948,#5773,.T.);
#6051=EDGE_CURVE('',#5942,#5948,#5866,.T.);
#6054=EDGE_CURVE('',#5941,#5950,#5777,.T.);
#6056=EDGE_CURVE('',#5950,#5952,#5781,.T.);
#6058=EDGE_CURVE('',#5952,#5954,#5785,.T.);
#6060=EDGE_CURVE('',#5954,#5956,#5789,.T.);
#6062=EDGE_CURVE('',#5956,#5958,#5793,.T.);
#6064=EDGE_CURVE('',#5958,#5960,#5797,.T.);
#6066=EDGE_CURVE('',#5960,#5962,#5801,.T.);
#6068=EDGE_CURVE('',#5962,#5964,#5805,.T.);
#6070=EDGE_CURVE('',#5964,#5966,#5810,.T.);
#6072=EDGE_CURVE('',#5966,#5968,#5814,.T.);
#6074=EDGE_CURVE('',#5968,#5970,#5818,.T.);
#6076=EDGE_CURVE('',#5970,#5972,#5822,.T.);
#6078=EDGE_CURVE('',#5972,#5974,#5826,.T.);
#6080=EDGE_CURVE('',#5974,#5976,#5830,.T.);
#6082=EDGE_CURVE('',#5976,#5978,#5834,.T.);
#6084=EDGE_CURVE('',#5978,#5945,#5838,.T.);
#6094=EDGE_CURVE('',#5946,#5906,#5850,.T.);
#6097=EDGE_CURVE('',#5945,#5908,#5842,.T.);
#6111=EDGE_CURVE('',#5948,#5904,#5858,.T.);
#6135=EDGE_CURVE('',#5978,#5910,#5870,.T.);
#6149=EDGE_CURVE('',#5976,#5912,#5878,.T.);
#6159=EDGE_CURVE('',#5938,#5950,#5882,.T.);
#6173=EDGE_CURVE('',#5934,#5954,#5894,.T.);
#6176=EDGE_CURVE('',#5952,#5936,#5898,.T.);
#6214=CIRCLE('',#6213,5.E0);
#6295=CIRCLE('',#6294,5.E0);
#6469=EDGE_CURVE('',#6386,#6387,#6185,.T.);
#6471=EDGE_CURVE('',#6389,#6387,#6347,.T.);
#6473=EDGE_CURVE('',#6391,#6389,#6339,.T.);
#6475=EDGE_CURVE('',#6393,#6391,#6331,.T.);
#6477=EDGE_CURVE('',#6395,#6393,#6359,.T.);
#6479=EDGE_CURVE('',#6395,#6397,#6189,.T.);
#6481=EDGE_CURVE('',#6397,#6399,#6193,.T.);
#6483=EDGE_CURVE('',#6399,#6401,#6197,.T.);
#6485=EDGE_CURVE('',#6401,#6403,#6201,.T.);
#6487=EDGE_CURVE('',#6403,#6405,#6205,.T.);
#6489=EDGE_CURVE('',#6405,#6407,#6209,.T.);
#6491=EDGE_CURVE('',#6407,#6409,#6214,.T.);
#6493=EDGE_CURVE('',#6409,#6411,#6218,.T.);
#6495=EDGE_CURVE('',#6411,#6413,#6222,.T.);
#6497=EDGE_CURVE('',#6413,#6415,#6226,.T.);
#6499=EDGE_CURVE('',#6415,#6417,#6230,.T.);
#6501=EDGE_CURVE('',#6417,#6419,#6234,.T.);
#6503=EDGE_CURVE('',#6419,#6421,#6238,.T.);
#6505=EDGE_CURVE('',#6421,#6423,#6242,.T.);
#6507=EDGE_CURVE('',#6386,#6423,#6375,.T.);
#6517=EDGE_CURVE('',#6426,#6427,#6246,.T.);
#6519=EDGE_CURVE('',#6427,#6387,#6250,.T.);
#6522=EDGE_CURVE('',#6426,#6386,#6371,.T.);
#6532=EDGE_CURVE('',#6430,#6431,#6254,.T.);
#6534=EDGE_CURVE('',#6431,#6433,#6258,.T.);
#6536=EDGE_CURVE('',#6427,#6433,#6351,.T.);
#6539=EDGE_CURVE('',#6426,#6435,#6262,.T.);
#6541=EDGE_CURVE('',#6435,#6437,#6266,.T.);
#6543=EDGE_CURVE('',#6437,#6439,#6270,.T.);
#6545=EDGE_CURVE('',#6439,#6441,#6274,.T.);
#6547=EDGE_CURVE('',#6441,#6443,#6278,.T.);
#6549=EDGE_CURVE('',#6443,#6445,#6282,.T.);
#6551=EDGE_CURVE('',#6445,#6447,#6286,.T.);
#6553=EDGE_CURVE('',#6447,#6449,#6290,.T.);
#6555=EDGE_CURVE('',#6449,#6451,#6295,.T.);
#6557=EDGE_CURVE('',#6451,#6453,#6299,.T.);
#6559=EDGE_CURVE('',#6453,#6455,#6303,.T.);
#6561=EDGE_CURVE('',#6455,#6457,#6307,.T.);
#6563=EDGE_CURVE('',#6457,#6459,#6311,.T.);
#6565=EDGE_CURVE('',#6459,#6461,#6315,.T.);
#6567=EDGE_CURVE('',#6461,#6463,#6319,.T.);
#6569=EDGE_CURVE('',#6463,#6430,#6323,.T.);
#6579=EDGE_CURVE('',#6431,#6391,#6335,.T.);
#6582=EDGE_CURVE('',#6430,#6393,#6327,.T.);
#6596=EDGE_CURVE('',#6433,#6389,#6343,.T.);
#6620=EDGE_CURVE('',#6463,#6395,#6355,.T.);
#6634=EDGE_CURVE('',#6461,#6397,#6363,.T.);
#6644=EDGE_CURVE('',#6423,#6435,#6367,.T.);
#6658=EDGE_CURVE('',#6419,#6439,#6379,.T.);
#6661=EDGE_CURVE('',#6437,#6421,#6383,.T.);
#6699=CIRCLE('',#6698,5.E0);
#6780=CIRCLE('',#6779,5.E0);
#6954=EDGE_CURVE('',#6871,#6872,#6670,.T.);
#6956=EDGE_CURVE('',#6874,#6872,#6832,.T.);
#6958=EDGE_CURVE('',#6876,#6874,#6824,.T.);
#6960=EDGE_CURVE('',#6878,#6876,#6816,.T.);
#6962=EDGE_CURVE('',#6880,#6878,#6844,.T.);
#6964=EDGE_CURVE('',#6880,#6882,#6674,.T.);
#6966=EDGE_CURVE('',#6882,#6884,#6678,.T.);
#6968=EDGE_CURVE('',#6884,#6886,#6682,.T.);
#6970=EDGE_CURVE('',#6886,#6888,#6686,.T.);
#6972=EDGE_CURVE('',#6888,#6890,#6690,.T.);
#6974=EDGE_CURVE('',#6890,#6892,#6694,.T.);
#6976=EDGE_CURVE('',#6892,#6894,#6699,.T.);
#6978=EDGE_CURVE('',#6894,#6896,#6703,.T.);
#6980=EDGE_CURVE('',#6896,#6898,#6707,.T.);
#6982=EDGE_CURVE('',#6898,#6900,#6711,.T.);
#6984=EDGE_CURVE('',#6900,#6902,#6715,.T.);
#6986=EDGE_CURVE('',#6902,#6904,#6719,.T.);
#6988=EDGE_CURVE('',#6904,#6906,#6723,.T.);
#6990=EDGE_CURVE('',#6906,#6908,#6727,.T.);
#6992=EDGE_CURVE('',#6871,#6908,#6860,.T.);
#7002=EDGE_CURVE('',#6911,#6912,#6731,.T.);
#7004=EDGE_CURVE('',#6912,#6872,#6735,.T.);
#7007=EDGE_CURVE('',#6911,#6871,#6856,.T.);
#7017=EDGE_CURVE('',#6915,#6916,#6739,.T.);
#7019=EDGE_CURVE('',#6916,#6918,#6743,.T.);
#7021=EDGE_CURVE('',#6912,#6918,#6836,.T.);
#7024=EDGE_CURVE('',#6911,#6920,#6747,.T.);
#7026=EDGE_CURVE('',#6920,#6922,#6751,.T.);
#7028=EDGE_CURVE('',#6922,#6924,#6755,.T.);
#7030=EDGE_CURVE('',#6924,#6926,#6759,.T.);
#7032=EDGE_CURVE('',#6926,#6928,#6763,.T.);
#7034=EDGE_CURVE('',#6928,#6930,#6767,.T.);
#7036=EDGE_CURVE('',#6930,#6932,#6771,.T.);
#7038=EDGE_CURVE('',#6932,#6934,#6775,.T.);
#7040=EDGE_CURVE('',#6934,#6936,#6780,.T.);
#7042=EDGE_CURVE('',#6936,#6938,#6784,.T.);
#7044=EDGE_CURVE('',#6938,#6940,#6788,.T.);
#7046=EDGE_CURVE('',#6940,#6942,#6792,.T.);
#7048=EDGE_CURVE('',#6942,#6944,#6796,.T.);
#7050=EDGE_CURVE('',#6944,#6946,#6800,.T.);
#7052=EDGE_CURVE('',#6946,#6948,#6804,.T.);
#7054=EDGE_CURVE('',#6948,#6915,#6808,.T.);
#7064=EDGE_CURVE('',#6916,#6876,#6820,.T.);
#7067=EDGE_CURVE('',#6915,#6878,#6812,.T.);
#7081=EDGE_CURVE('',#6918,#6874,#6828,.T.);
#7105=EDGE_CURVE('',#6948,#6880,#6840,.T.);
#7119=EDGE_CURVE('',#6946,#6882,#6848,.T.);
#7129=EDGE_CURVE('',#6908,#6920,#6852,.T.);
#7143=EDGE_CURVE('',#6904,#6924,#6864,.T.);
#7146=EDGE_CURVE('',#6922,#6906,#6868,.T.);
#7160=CIRCLE('',#7159,8.5E-1);
#7169=CIRCLE('',#7168,8.5E-1);
#7174=CIRCLE('',#7173,1.201839166959E0);
#7179=CIRCLE('',#7178,1.199999999999E0);
#7184=CIRCLE('',#7183,1.201839166959E0);
#7189=CIRCLE('',#7188,1.199999999999E0);
#7205=EDGE_CURVE('',#7192,#7193,#7164,.T.);
#7207=EDGE_CURVE('',#7195,#7192,#7189,.T.);
#7209=EDGE_CURVE('',#7195,#7197,#7155,.T.);
#7211=EDGE_CURVE('',#7197,#7193,#7160,.T.);
#7222=EDGE_CURVE('',#7193,#7197,#7169,.T.);
#7225=EDGE_CURVE('',#7192,#7195,#7179,.T.);
#7235=EDGE_CURVE('',#7199,#7192,#7174,.T.);
#7238=EDGE_CURVE('',#7199,#7195,#7184,.T.);
#7256=(LENGTH_UNIT()NAMED_UNIT(*)SI_UNIT(.MILLI.,.METRE.));
#7258=(NAMED_UNIT(*)PLANE_ANGLE_UNIT()SI_UNIT($,.RADIAN.));
#7261=(NAMED_UNIT(*)SI_UNIT($,.STERADIAN.)SOLID_ANGLE_UNIT());
#7264=MANIFOLD_SURFACE_SHAPE_REPRESENTATION('',(#7255),#7263);
#7271=PRODUCT_DEFINITION('design','',#7270,#7267);
#7272=PRODUCT_DEFINITION_SHAPE('','SHAPE FOR TL46W005000.',#7271);
#7273=SHAPE_DEFINITION_REPRESENTATION(#7272,#7264);
ENDSEC;
END-ISO-10303-21;
