ISO-10303-21;
HEADER;
FILE_DESCRIPTION((''),'2;1');
FILE_NAME('TL4_WW_SW0001','2015-09-07T',('brevel'),(''),
'CREO PARAMETRIC BY PTC INC, 2014440','CREO PARAMETRIC BY PTC INC, 2014440','');
FILE_SCHEMA(('CONFIG_CONTROL_DESIGN'));
ENDSEC;
DATA;
#1=DIRECTION('',(1.E0,0.E0,0.E0));
#2=VECTOR('',#1,7.85E-1);
#3=CARTESIAN_POINT('',(2.815E0,0.E0,3.9E0));
#4=LINE('',#3,#2);
#5=DIRECTION('',(-1.E0,0.E0,0.E0));
#6=VECTOR('',#5,6.703714272290E-1);
#7=CARTESIAN_POINT('',(3.6E0,-4.5E-1,3.9E0));
#8=LINE('',#7,#6);
#9=DIRECTION('',(5.735764363510E-1,-8.191520442890E-1,0.E0));
#10=VECTOR('',#9,1.027981235932E0);
#11=CARTESIAN_POINT('',(2.929628572771E0,-4.5E-1,3.9E0));
#12=LINE('',#11,#10);
#13=CARTESIAN_POINT('',(3.765E0,-1.12E0,3.9E0));
#14=DIRECTION('',(0.E0,0.E0,1.E0));
#15=DIRECTION('',(-8.191520442910E-1,-5.735764363481E-1,0.E0));
#16=AXIS2_PLACEMENT_3D('',#13,#14,#15);
#18=CARTESIAN_POINT('',(3.765E0,-1.2E-1,3.9E0));
#19=DIRECTION('',(0.E0,0.E0,-1.E0));
#20=DIRECTION('',(1.E0,0.E0,0.E0));
#21=AXIS2_PLACEMENT_3D('',#18,#19,#20);
#23=DIRECTION('',(0.E0,1.E0,0.E0));
#24=VECTOR('',#23,3.52E0);
#25=CARTESIAN_POINT('',(3.63E0,-4.2E-1,3.9E0));
#26=LINE('',#25,#24);
#27=DIRECTION('',(-1.E0,0.E0,0.E0));
#28=VECTOR('',#27,8.15E-1);
#29=CARTESIAN_POINT('',(3.63E0,3.1E0,3.9E0));
#30=LINE('',#29,#28);
#31=DIRECTION('',(0.E0,-1.E0,0.E0));
#32=VECTOR('',#31,2.E-1);
#33=CARTESIAN_POINT('',(2.815E0,3.1E0,3.9E0));
#34=LINE('',#33,#32);
#35=DIRECTION('',(1.E0,0.E0,0.E0));
#36=VECTOR('',#35,7.85E-1);
#37=CARTESIAN_POINT('',(2.815E0,2.9E0,3.9E0));
#38=LINE('',#37,#36);
#39=DIRECTION('',(0.E0,-1.E0,0.E0));
#40=VECTOR('',#39,2.4E0);
#41=CARTESIAN_POINT('',(3.6E0,2.9E0,3.9E0));
#42=LINE('',#41,#40);
#43=DIRECTION('',(-1.E0,0.E0,0.E0));
#44=VECTOR('',#43,7.85E-1);
#45=CARTESIAN_POINT('',(3.6E0,5.E-1,3.9E0));
#46=LINE('',#45,#44);
#47=DIRECTION('',(0.E0,-1.E0,0.E0));
#48=VECTOR('',#47,5.E-1);
#49=CARTESIAN_POINT('',(2.815E0,5.E-1,3.9E0));
#50=LINE('',#49,#48);
#51=DIRECTION('',(0.E0,1.E0,0.E0));
#52=VECTOR('',#51,4.5E-1);
#53=CARTESIAN_POINT('',(3.6E0,-4.5E-1,3.9E0));
#54=LINE('',#53,#52);
#55=DIRECTION('',(0.E0,0.E0,-1.E0));
#56=VECTOR('',#55,3.15E0);
#57=CARTESIAN_POINT('',(3.6E0,0.E0,3.9E0));
#58=LINE('',#57,#56);
#59=DIRECTION('',(0.E0,-1.E0,0.E0));
#60=VECTOR('',#59,2.583305092909E-1);
#61=CARTESIAN_POINT('',(3.6E0,0.E0,7.5E-1));
#62=LINE('',#61,#60);
#63=DIRECTION('',(0.E0,0.E0,-1.E0));
#64=VECTOR('',#63,1.5E0);
#65=CARTESIAN_POINT('',(3.6E0,-2.583305092909E-1,7.5E-1));
#66=LINE('',#65,#64);
#67=DIRECTION('',(0.E0,1.E0,0.E0));
#68=VECTOR('',#67,2.583305092909E-1);
#69=CARTESIAN_POINT('',(3.6E0,-2.583305092909E-1,-7.5E-1));
#70=LINE('',#69,#68);
#71=DIRECTION('',(0.E0,0.E0,-1.E0));
#72=VECTOR('',#71,3.15E0);
#73=CARTESIAN_POINT('',(3.6E0,0.E0,-7.5E-1));
#74=LINE('',#73,#72);
#75=DIRECTION('',(0.E0,0.E0,1.E0));
#76=VECTOR('',#75,7.8E0);
#77=CARTESIAN_POINT('',(3.63E0,-4.2E-1,-3.9E0));
#78=LINE('',#77,#76);
#79=DIRECTION('',(1.E0,0.E0,0.E0));
#80=VECTOR('',#79,1.35E-1);
#81=CARTESIAN_POINT('',(3.63E0,-4.2E-1,3.9E0));
#82=LINE('',#81,#80);
#83=DIRECTION('',(0.E0,0.E0,1.E0));
#84=VECTOR('',#83,7.8E0);
#85=CARTESIAN_POINT('',(3.765E0,-4.2E-1,-3.9E0));
#86=LINE('',#85,#84);
#87=DIRECTION('',(0.E0,0.E0,-1.E0));
#88=VECTOR('',#87,7.8E0);
#89=CARTESIAN_POINT('',(4.065E0,-1.2E-1,3.9E0));
#90=LINE('',#89,#88);
#91=DIRECTION('',(0.E0,-1.E0,0.E0));
#92=VECTOR('',#91,1.E0);
#93=CARTESIAN_POINT('',(4.065E0,-1.2E-1,3.9E0));
#94=LINE('',#93,#92);
#95=DIRECTION('',(0.E0,1.E0,0.E0));
#96=VECTOR('',#95,7.E-1);
#97=CARTESIAN_POINT('',(4.065E0,-1.12E0,4.5E0));
#98=LINE('',#97,#96);
#99=DIRECTION('',(0.E0,0.E0,-1.E0));
#100=VECTOR('',#99,2.5E-1);
#101=CARTESIAN_POINT('',(4.065E0,-4.2E-1,4.5E0));
#102=LINE('',#101,#100);
#103=DIRECTION('',(0.E0,1.E0,0.E0));
#104=VECTOR('',#103,1.E0);
#105=CARTESIAN_POINT('',(4.065E0,-1.12E0,-3.9E0));
#106=LINE('',#105,#104);
#107=DIRECTION('',(0.E0,0.E0,1.E0));
#108=VECTOR('',#107,6.E-1);
#109=CARTESIAN_POINT('',(3.519254386713E0,-1.292072930905E0,3.9E0));
#110=LINE('',#109,#108);
#111=DIRECTION('',(0.E0,0.E0,-1.E0));
#112=VECTOR('',#111,6.E-1);
#113=CARTESIAN_POINT('',(4.065E0,-1.12E0,4.5E0));
#114=LINE('',#113,#112);
#115=DIRECTION('',(-2.176037128265E-13,0.E0,1.E0));
#116=VECTOR('',#115,4.E-1);
#117=CARTESIAN_POINT('',(2.908622346625E0,-4.2E-1,4.1E0));
#118=LINE('',#117,#116);
#119=DIRECTION('',(1.E0,0.E0,0.E0));
#120=VECTOR('',#119,5.829257145542E0);
#121=CARTESIAN_POINT('',(-2.899628572771E0,-4.5E-1,4.1E0));
#122=LINE('',#121,#120);
#123=DIRECTION('',(-4.352074256531E-13,0.E0,-1.E0));
#124=VECTOR('',#123,2.E-1);
#125=CARTESIAN_POINT('',(2.929628572771E0,-4.5E-1,4.1E0));
#126=LINE('',#125,#124);
#127=DIRECTION('',(0.E0,0.E0,-1.E0));
#128=VECTOR('',#127,7.8E0);
#129=CARTESIAN_POINT('',(3.6E0,-4.5E-1,3.9E0));
#130=LINE('',#129,#128);
#131=DIRECTION('',(-1.E0,0.E0,0.E0));
#132=VECTOR('',#131,6.703714272290E-1);
#133=CARTESIAN_POINT('',(3.6E0,-4.5E-1,-3.9E0));
#134=LINE('',#133,#132);
#135=DIRECTION('',(-1.E0,0.E0,0.E0));
#136=VECTOR('',#135,5.829257145542E0);
#137=CARTESIAN_POINT('',(2.929628572771E0,-4.5E-1,-4.1E0));
#138=LINE('',#137,#136);
#139=DIRECTION('',(4.329869796038E-13,0.E0,1.E0));
#140=VECTOR('',#139,2.E-1);
#141=CARTESIAN_POINT('',(-2.899628572771E0,-4.5E-1,-4.1E0));
#142=LINE('',#141,#140);
#143=DIRECTION('',(-1.E0,0.E0,0.E0));
#144=VECTOR('',#143,7.003714272290E-1);
#145=CARTESIAN_POINT('',(-2.899628572771E0,-4.5E-1,-3.9E0));
#146=LINE('',#145,#144);
#147=DIRECTION('',(0.E0,0.E0,1.E0));
#148=VECTOR('',#147,7.8E0);
#149=CARTESIAN_POINT('',(-3.6E0,-4.5E-1,-3.9E0));
#150=LINE('',#149,#148);
#151=DIRECTION('',(-1.E0,0.E0,0.E0));
#152=VECTOR('',#151,7.003714272290E-1);
#153=CARTESIAN_POINT('',(-2.899628572771E0,-4.5E-1,3.9E0));
#154=LINE('',#153,#152);
#155=DIRECTION('',(0.E0,1.E0,0.E0));
#156=VECTOR('',#155,3.E-2);
#157=CARTESIAN_POINT('',(-3.6E0,-4.5E-1,3.9E0));
#158=LINE('',#157,#156);
#159=DIRECTION('',(-1.E0,0.E0,0.E0));
#160=VECTOR('',#159,1.35E-1);
#161=CARTESIAN_POINT('',(-3.6E0,-4.2E-1,3.9E0));
#162=LINE('',#161,#160);
#163=CARTESIAN_POINT('',(-3.735E0,-1.2E-1,3.9E0));
#164=DIRECTION('',(0.E0,0.E0,-1.E0));
#165=DIRECTION('',(0.E0,-1.E0,0.E0));
#166=AXIS2_PLACEMENT_3D('',#163,#164,#165);
#168=CARTESIAN_POINT('',(-3.735E0,-1.12E0,3.9E0));
#169=DIRECTION('',(0.E0,0.E0,1.E0));
#170=DIRECTION('',(-1.E0,0.E0,0.E0));
#171=AXIS2_PLACEMENT_3D('',#168,#169,#170);
#173=DIRECTION('',(5.735764363510E-1,8.191520442890E-1,0.E0));
#174=VECTOR('',#173,1.027981235932E0);
#175=CARTESIAN_POINT('',(-3.489254386713E0,-1.292072930905E0,3.9E0));
#176=LINE('',#175,#174);
#177=DIRECTION('',(0.E0,0.E0,1.E0));
#178=VECTOR('',#177,7.8E0);
#179=CARTESIAN_POINT('',(-3.6E0,-4.2E-1,-3.9E0));
#180=LINE('',#179,#178);
#181=DIRECTION('',(0.E0,1.E0,0.E0));
#182=VECTOR('',#181,3.E-2);
#183=CARTESIAN_POINT('',(-3.6E0,-4.5E-1,-3.9E0));
#184=LINE('',#183,#182);
#185=DIRECTION('',(-1.E0,0.E0,0.E0));
#186=VECTOR('',#185,1.35E-1);
#187=CARTESIAN_POINT('',(-3.6E0,-4.2E-1,-3.9E0));
#188=LINE('',#187,#186);
#189=DIRECTION('',(-5.735764363510E-1,-8.191520442890E-1,0.E0));
#190=VECTOR('',#189,1.027981235932E0);
#191=CARTESIAN_POINT('',(-2.899628572771E0,-4.5E-1,-3.9E0));
#192=LINE('',#191,#190);
#193=CARTESIAN_POINT('',(-3.735E0,-1.12E0,-3.9E0));
#194=DIRECTION('',(0.E0,0.E0,-1.E0));
#195=DIRECTION('',(8.191520442910E-1,-5.735764363481E-1,0.E0));
#196=AXIS2_PLACEMENT_3D('',#193,#194,#195);
#198=CARTESIAN_POINT('',(-3.735E0,-1.2E-1,-3.9E0));
#199=DIRECTION('',(0.E0,0.E0,1.E0));
#200=DIRECTION('',(-1.E0,0.E0,0.E0));
#201=AXIS2_PLACEMENT_3D('',#198,#199,#200);
#203=DIRECTION('',(2.176037128265E-13,0.E0,-1.E0));
#204=VECTOR('',#203,4.E-1);
#205=CARTESIAN_POINT('',(-2.878622346625E0,-4.2E-1,-4.1E0));
#206=LINE('',#205,#204);
#207=DIRECTION('',(-1.E0,0.E0,0.E0));
#208=VECTOR('',#207,5.787244693250E0);
#209=CARTESIAN_POINT('',(2.908622346625E0,-4.2E-1,-4.1E0));
#210=LINE('',#209,#208);
#211=DIRECTION('',(-5.735764363493E-1,-8.191520442902E-1,0.E0));
#212=VECTOR('',#211,3.662323766273E-2);
#213=CARTESIAN_POINT('',(-2.878622346625E0,-4.2E-1,-4.1E0));
#214=LINE('',#213,#212);
#215=DIRECTION('',(-5.735764363492E-1,8.191520442903E-1,0.E0));
#216=VECTOR('',#215,3.662323766273E-2);
#217=CARTESIAN_POINT('',(2.929628572771E0,-4.5E-1,-4.1E0));
#218=LINE('',#217,#216);
#219=DIRECTION('',(-2.176037128265E-13,0.E0,-1.E0));
#220=VECTOR('',#219,4.E-1);
#221=CARTESIAN_POINT('',(2.908622346625E0,-4.2E-1,-4.1E0));
#222=LINE('',#221,#220);
#223=DIRECTION('',(1.E0,4.002285515405E-14,1.390210436830E-14));
#224=VECTOR('',#223,1.022208892893E0);
#225=CARTESIAN_POINT('',(2.908622346625E0,-4.2E-1,-4.5E0));
#226=LINE('',#225,#224);
#227=CARTESIAN_POINT('',(3.765E0,-4.2E-1,-4.25E0));
#228=DIRECTION('',(0.E0,1.E0,0.E0));
#229=DIRECTION('',(5.527707983925E-1,0.E0,-8.333333333334E-1));
#230=AXIS2_PLACEMENT_3D('',#227,#228,#229);
#232=CARTESIAN_POINT('',(-3.735E0,-4.2E-1,-4.25E0));
#233=DIRECTION('',(0.E0,1.E0,0.E0));
#234=DIRECTION('',(0.E0,0.E0,-1.E0));
#235=AXIS2_PLACEMENT_3D('',#232,#233,#234);
#237=DIRECTION('',(-4.352074256531E-13,0.E0,1.E0));
#238=VECTOR('',#237,2.E-1);
#239=CARTESIAN_POINT('',(2.929628572771E0,-4.5E-1,-4.1E0));
#240=LINE('',#239,#238);
#241=DIRECTION('',(-1.E0,0.E0,0.E0));
#242=VECTOR('',#241,7.85E-1);
#243=CARTESIAN_POINT('',(3.6E0,0.E0,-3.9E0));
#244=LINE('',#243,#242);
#245=DIRECTION('',(0.E0,1.E0,0.E0));
#246=VECTOR('',#245,5.E-1);
#247=CARTESIAN_POINT('',(2.815E0,0.E0,-3.9E0));
#248=LINE('',#247,#246);
#249=DIRECTION('',(1.E0,0.E0,0.E0));
#250=VECTOR('',#249,7.85E-1);
#251=CARTESIAN_POINT('',(2.815E0,5.E-1,-3.9E0));
#252=LINE('',#251,#250);
#253=DIRECTION('',(0.E0,1.E0,0.E0));
#254=VECTOR('',#253,2.4E0);
#255=CARTESIAN_POINT('',(3.6E0,5.E-1,-3.9E0));
#256=LINE('',#255,#254);
#257=DIRECTION('',(-1.E0,0.E0,0.E0));
#258=VECTOR('',#257,7.85E-1);
#259=CARTESIAN_POINT('',(3.6E0,2.9E0,-3.9E0));
#260=LINE('',#259,#258);
#261=DIRECTION('',(0.E0,1.E0,0.E0));
#262=VECTOR('',#261,2.E-1);
#263=CARTESIAN_POINT('',(2.815E0,2.9E0,-3.9E0));
#264=LINE('',#263,#262);
#265=DIRECTION('',(1.E0,0.E0,0.E0));
#266=VECTOR('',#265,8.15E-1);
#267=CARTESIAN_POINT('',(2.815E0,3.1E0,-3.9E0));
#268=LINE('',#267,#266);
#269=DIRECTION('',(0.E0,-1.E0,0.E0));
#270=VECTOR('',#269,3.52E0);
#271=CARTESIAN_POINT('',(3.63E0,3.1E0,-3.9E0));
#272=LINE('',#271,#270);
#273=DIRECTION('',(1.E0,0.E0,0.E0));
#274=VECTOR('',#273,1.35E-1);
#275=CARTESIAN_POINT('',(3.63E0,-4.2E-1,-3.9E0));
#276=LINE('',#275,#274);
#277=CARTESIAN_POINT('',(3.765E0,-1.2E-1,-3.9E0));
#278=DIRECTION('',(0.E0,0.E0,1.E0));
#279=DIRECTION('',(0.E0,-1.E0,0.E0));
#280=AXIS2_PLACEMENT_3D('',#277,#278,#279);
#282=CARTESIAN_POINT('',(3.765E0,-1.12E0,-3.9E0));
#283=DIRECTION('',(0.E0,0.E0,-1.E0));
#284=DIRECTION('',(1.E0,0.E0,0.E0));
#285=AXIS2_PLACEMENT_3D('',#282,#283,#284);
#287=DIRECTION('',(-5.735764363510E-1,8.191520442890E-1,0.E0));
#288=VECTOR('',#287,1.027981235932E0);
#289=CARTESIAN_POINT('',(3.519254386713E0,-1.292072930905E0,-3.9E0));
#290=LINE('',#289,#288);
#291=DIRECTION('',(0.E0,1.E0,0.E0));
#292=VECTOR('',#291,4.5E-1);
#293=CARTESIAN_POINT('',(3.6E0,-4.5E-1,-3.9E0));
#294=LINE('',#293,#292);
#295=DIRECTION('',(0.E0,0.E0,-1.E0));
#296=VECTOR('',#295,6.E-1);
#297=CARTESIAN_POINT('',(4.065E0,-1.12E0,-3.9E0));
#298=LINE('',#297,#296);
#299=DIRECTION('',(0.E0,0.E0,1.E0));
#300=VECTOR('',#299,6.E-1);
#301=CARTESIAN_POINT('',(3.519254386713E0,-1.292072930905E0,-4.5E0));
#302=LINE('',#301,#300);
#303=DIRECTION('',(5.735764363510E-1,-8.191520442890E-1,0.E0));
#304=VECTOR('',#303,1.064604473595E0);
#305=CARTESIAN_POINT('',(2.908622346625E0,-4.2E-1,-4.5E0));
#306=LINE('',#305,#304);
#307=CARTESIAN_POINT('',(3.765E0,-1.12E0,-4.5E0));
#308=DIRECTION('',(0.E0,0.E0,1.E0));
#309=DIRECTION('',(-8.191520442910E-1,-5.735764363481E-1,0.E0));
#310=AXIS2_PLACEMENT_3D('',#307,#308,#309);
#312=DIRECTION('',(0.E0,1.E0,0.E0));
#313=VECTOR('',#312,7.E-1);
#314=CARTESIAN_POINT('',(4.065E0,-1.12E0,-4.5E0));
#315=LINE('',#314,#313);
#316=DIRECTION('',(1.E0,0.E0,-1.059177610655E-13));
#317=VECTOR('',#316,1.341687604822E-1);
#318=CARTESIAN_POINT('',(3.930831239518E0,-4.2E-1,-4.5E0));
#319=LINE('',#318,#317);
#320=DIRECTION('',(0.E0,0.E0,1.E0));
#321=VECTOR('',#320,2.5E-1);
#322=CARTESIAN_POINT('',(4.065E0,-4.2E-1,-4.5E0));
#323=LINE('',#322,#321);
#324=CARTESIAN_POINT('',(3.765E0,-4.2E-1,-4.25E0));
#325=DIRECTION('',(0.E0,1.E0,0.E0));
#326=DIRECTION('',(1.E0,0.E0,0.E0));
#327=AXIS2_PLACEMENT_3D('',#324,#325,#326);
#329=DIRECTION('',(0.E0,1.E0,0.E0));
#330=VECTOR('',#329,6.85E0);
#331=CARTESIAN_POINT('',(4.065E0,-4.2E-1,-4.25E0));
#332=LINE('',#331,#330);
#333=DIRECTION('',(0.E0,-1.E0,0.E0));
#334=VECTOR('',#333,6.85E0);
#335=CARTESIAN_POINT('',(3.765E0,6.43E0,-4.55E0));
#336=LINE('',#335,#334);
#337=CARTESIAN_POINT('',(3.765E0,6.43E0,-4.25E0));
#338=DIRECTION('',(-1.E0,0.E0,0.E0));
#339=DIRECTION('',(0.E0,1.E0,0.E0));
#340=AXIS2_PLACEMENT_3D('',#337,#338,#339);
#342=CARTESIAN_POINT('',(3.765E0,6.43E0,-4.25E0));
#343=DIRECTION('',(0.E0,-1.E0,1.271777482068E-14));
#344=DIRECTION('',(0.E0,-1.184237892934E-14,-1.E0));
#345=AXIS2_PLACEMENT_3D('',#342,#343,#344);
#347=CARTESIAN_POINT('',(3.765E0,6.43E0,-4.25E0));
#348=DIRECTION('',(0.E0,0.E0,1.E0));
#349=DIRECTION('',(1.E0,0.E0,0.E0));
#350=AXIS2_PLACEMENT_3D('',#347,#348,#349);
#352=DIRECTION('',(-1.E0,0.E0,0.E0));
#353=VECTOR('',#352,7.5E0);
#354=CARTESIAN_POINT('',(3.765E0,6.73E0,-4.25E0));
#355=LINE('',#354,#353);
#356=DIRECTION('',(1.E0,0.E0,0.E0));
#357=VECTOR('',#356,7.5E0);
#358=CARTESIAN_POINT('',(-3.735E0,6.43E0,-4.55E0));
#359=LINE('',#358,#357);
#360=DIRECTION('',(-1.E0,-5.329070518201E-14,0.E0));
#361=VECTOR('',#360,5.E-2);
#362=CARTESIAN_POINT('',(-3.685E0,6.73E0,-2.2E0));
#363=LINE('',#362,#361);
#364=DIRECTION('',(0.E0,0.E0,-1.E0));
#365=VECTOR('',#364,2.25E-1);
#366=CARTESIAN_POINT('',(-3.685E0,6.73E0,-2.2E0));
#367=LINE('',#366,#365);
#368=DIRECTION('',(0.E0,9.902680687421E-1,1.391731009563E-1));
#369=VECTOR('',#368,1.694640437598E-2);
#370=CARTESIAN_POINT('',(-3.685E0,7.113218516866E0,-2.425E0));
#371=LINE('',#370,#369);
#372=DIRECTION('',(0.E0,-1.E0,0.E0));
#373=VECTOR('',#372,4.E-1);
#374=CARTESIAN_POINT('',(-3.685E0,7.13E0,-2.2E0));
#375=LINE('',#374,#373);
#376=DIRECTION('',(1.E0,0.E0,0.E0));
#377=VECTOR('',#376,7.45E0);
#378=CARTESIAN_POINT('',(-3.685E0,6.73E0,-2.425E0));
#379=LINE('',#378,#377);
#380=DIRECTION('',(1.E0,-1.776356839400E-14,0.E0));
#381=VECTOR('',#380,5.E-2);
#382=CARTESIAN_POINT('',(3.765E0,6.73E0,-2.425E0));
#383=LINE('',#382,#381);
#384=DIRECTION('',(0.E0,-1.E0,0.E0));
#385=VECTOR('',#384,3.832185168665E-1);
#386=CARTESIAN_POINT('',(-3.685E0,7.113218516866E0,-2.425E0));
#387=LINE('',#386,#385);
#388=DIRECTION('',(0.E0,0.E0,-1.E0));
#389=VECTOR('',#388,4.95E0);
#390=CARTESIAN_POINT('',(3.765E0,6.73E0,2.525E0));
#391=LINE('',#390,#389);
#392=DIRECTION('',(0.E0,0.E0,-1.E0));
#393=VECTOR('',#392,1.825E0);
#394=CARTESIAN_POINT('',(3.765E0,6.73E0,-2.425E0));
#395=LINE('',#394,#393);
#396=DIRECTION('',(0.E0,0.E0,1.E0));
#397=VECTOR('',#396,8.5E0);
#398=CARTESIAN_POINT('',(4.065E0,6.43E0,-4.25E0));
#399=LINE('',#398,#397);
#400=DIRECTION('',(0.E0,0.E0,-1.E0));
#401=VECTOR('',#400,1.725E0);
#402=CARTESIAN_POINT('',(3.765E0,6.73E0,4.25E0));
#403=LINE('',#402,#401);
#404=CARTESIAN_POINT('',(3.765E0,6.43E0,4.25E0));
#405=DIRECTION('',(-1.E0,0.E0,0.E0));
#406=DIRECTION('',(0.E0,0.E0,1.E0));
#407=AXIS2_PLACEMENT_3D('',#404,#405,#406);
#409=CARTESIAN_POINT('',(3.765E0,6.43E0,4.25E0));
#410=DIRECTION('',(0.E0,0.E0,-1.E0));
#411=DIRECTION('',(0.E0,1.E0,0.E0));
#412=AXIS2_PLACEMENT_3D('',#409,#410,#411);
#414=CARTESIAN_POINT('',(3.765E0,6.43E0,4.25E0));
#415=DIRECTION('',(0.E0,-1.E0,0.E0));
#416=DIRECTION('',(1.E0,0.E0,0.E0));
#417=AXIS2_PLACEMENT_3D('',#414,#415,#416);
#419=DIRECTION('',(-1.E0,0.E0,0.E0));
#420=VECTOR('',#419,7.5E0);
#421=CARTESIAN_POINT('',(3.765E0,6.43E0,4.55E0));
#422=LINE('',#421,#420);
#423=DIRECTION('',(1.E0,0.E0,0.E0));
#424=VECTOR('',#423,7.5E0);
#425=CARTESIAN_POINT('',(-3.735E0,6.73E0,4.25E0));
#426=LINE('',#425,#424);
#427=DIRECTION('',(0.E0,1.E0,0.E0));
#428=VECTOR('',#427,6.85E0);
#429=CARTESIAN_POINT('',(3.765E0,-4.2E-1,4.55E0));
#430=LINE('',#429,#428);
#431=DIRECTION('',(0.E0,-1.E0,0.E0));
#432=VECTOR('',#431,6.85E0);
#433=CARTESIAN_POINT('',(4.065E0,6.43E0,4.25E0));
#434=LINE('',#433,#432);
#435=DIRECTION('',(2.187139358512E-13,0.E0,1.E0));
#436=VECTOR('',#435,4.E-1);
#437=CARTESIAN_POINT('',(-2.878622346625E0,-4.2E-1,4.1E0));
#438=LINE('',#437,#436);
#439=DIRECTION('',(-1.E0,4.002285515405E-14,-1.390210436830E-14));
#440=VECTOR('',#439,1.022208892893E0);
#441=CARTESIAN_POINT('',(-2.878622346625E0,-4.2E-1,4.5E0));
#442=LINE('',#441,#440);
#443=CARTESIAN_POINT('',(-3.735E0,-4.2E-1,4.25E0));
#444=DIRECTION('',(0.E0,1.E0,0.E0));
#445=DIRECTION('',(-5.527707983925E-1,0.E0,8.333333333334E-1));
#446=AXIS2_PLACEMENT_3D('',#443,#444,#445);
#448=DIRECTION('',(1.E0,0.E0,0.E0));
#449=VECTOR('',#448,7.5E0);
#450=CARTESIAN_POINT('',(-3.735E0,-4.2E-1,4.55E0));
#451=LINE('',#450,#449);
#452=CARTESIAN_POINT('',(3.765E0,-4.2E-1,4.25E0));
#453=DIRECTION('',(0.E0,1.E0,0.E0));
#454=DIRECTION('',(0.E0,0.E0,1.E0));
#455=AXIS2_PLACEMENT_3D('',#452,#453,#454);
#457=DIRECTION('',(1.E0,0.E0,0.E0));
#458=VECTOR('',#457,5.787244693250E0);
#459=CARTESIAN_POINT('',(-2.878622346625E0,-4.2E-1,4.1E0));
#460=LINE('',#459,#458);
#461=DIRECTION('',(5.735764363492E-1,-8.191520442903E-1,0.E0));
#462=VECTOR('',#461,3.662323766273E-2);
#463=CARTESIAN_POINT('',(2.908622346625E0,-4.2E-1,4.1E0));
#464=LINE('',#463,#462);
#465=DIRECTION('',(5.735764363493E-1,8.191520442902E-1,-2.425177227310E-14));
#466=VECTOR('',#465,3.662323766273E-2);
#467=CARTESIAN_POINT('',(-2.899628572771E0,-4.5E-1,4.1E0));
#468=LINE('',#467,#466);
#469=DIRECTION('',(4.352074256531E-13,0.E0,-1.E0));
#470=VECTOR('',#469,2.E-1);
#471=CARTESIAN_POINT('',(-2.899628572771E0,-4.5E-1,4.1E0));
#472=LINE('',#471,#470);
#473=DIRECTION('',(0.E0,0.E0,1.E0));
#474=VECTOR('',#473,6.E-1);
#475=CARTESIAN_POINT('',(-4.035E0,-1.12E0,3.9E0));
#476=LINE('',#475,#474);
#477=DIRECTION('',(0.E0,0.E0,-1.E0));
#478=VECTOR('',#477,6.E-1);
#479=CARTESIAN_POINT('',(-3.489254386713E0,-1.292072930905E0,4.5E0));
#480=LINE('',#479,#478);
#481=DIRECTION('',(0.E0,0.E0,1.E0));
#482=VECTOR('',#481,1.3E0);
#483=CARTESIAN_POINT('',(-4.035E0,2.3E-1,-2.2E0));
#484=LINE('',#483,#482);
#485=DIRECTION('',(0.E0,1.E0,0.E0));
#486=VECTOR('',#485,3.6E0);
#487=CARTESIAN_POINT('',(-4.035E0,2.3E-1,-9.E-1));
#488=LINE('',#487,#486);
#489=DIRECTION('',(0.E0,0.E0,1.E0));
#490=VECTOR('',#489,6.E-1);
#491=CARTESIAN_POINT('',(-4.035E0,3.83E0,-9.E-1));
#492=LINE('',#491,#490);
#493=DIRECTION('',(0.E0,0.E0,1.E0));
#494=VECTOR('',#493,6.E-1);
#495=CARTESIAN_POINT('',(-4.035E0,3.83E0,4.E-1));
#496=LINE('',#495,#494);
#497=DIRECTION('',(0.E0,-1.E0,0.E0));
#498=VECTOR('',#497,3.6E0);
#499=CARTESIAN_POINT('',(-4.035E0,3.83E0,1.E0));
#500=LINE('',#499,#498);
#501=DIRECTION('',(0.E0,0.E0,1.E0));
#502=VECTOR('',#501,1.3E0);
#503=CARTESIAN_POINT('',(-4.035E0,2.3E-1,1.E0));
#504=LINE('',#503,#502);
#505=DIRECTION('',(0.E0,1.E0,0.E0));
#506=VECTOR('',#505,6.2E0);
#507=CARTESIAN_POINT('',(-4.035E0,2.3E-1,2.3E0));
#508=LINE('',#507,#506);
#509=DIRECTION('',(0.E0,1.E0,0.E0));
#510=VECTOR('',#509,1.E0);
#511=CARTESIAN_POINT('',(-4.035E0,-1.12E0,3.9E0));
#512=LINE('',#511,#510);
#513=DIRECTION('',(0.E0,-1.E0,0.E0));
#514=VECTOR('',#513,1.E0);
#515=CARTESIAN_POINT('',(-4.035E0,-1.2E-1,-3.9E0));
#516=LINE('',#515,#514);
#517=DIRECTION('',(0.E0,1.E0,0.E0));
#518=VECTOR('',#517,7.E-1);
#519=CARTESIAN_POINT('',(-4.035E0,-1.12E0,-4.5E0));
#520=LINE('',#519,#518);
#521=DIRECTION('',(0.E0,0.E0,1.E0));
#522=VECTOR('',#521,2.5E-1);
#523=CARTESIAN_POINT('',(-4.035E0,-4.2E-1,-4.5E0));
#524=LINE('',#523,#522);
#525=DIRECTION('',(0.E0,1.E0,0.E0));
#526=VECTOR('',#525,6.2E0);
#527=CARTESIAN_POINT('',(-4.035E0,2.3E-1,-2.2E0));
#528=LINE('',#527,#526);
#529=DIRECTION('',(0.E0,1.E0,0.E0));
#530=VECTOR('',#529,3.E-1);
#531=CARTESIAN_POINT('',(-4.035E0,6.43E0,-2.2E0));
#532=LINE('',#531,#530);
#533=DIRECTION('',(1.E0,0.E0,0.E0));
#534=VECTOR('',#533,3.E-1);
#535=CARTESIAN_POINT('',(-4.035E0,6.73E0,-2.2E0));
#536=LINE('',#535,#534);
#537=CARTESIAN_POINT('',(-4.035E0,6.73E0,-2.2E0));
#538=DIRECTION('',(0.E0,0.E0,1.E0));
#539=DIRECTION('',(-2.220446049250E-14,1.E0,0.E0));
#540=AXIS2_PLACEMENT_3D('',#537,#538,#539);
#542=DIRECTION('',(0.E0,-1.E0,0.E0));
#543=VECTOR('',#542,6.5E0);
#544=CARTESIAN_POINT('',(-4.435E0,6.73E0,-2.2E0));
#545=LINE('',#544,#543);
#546=DIRECTION('',(0.E0,1.E0,0.E0));
#547=VECTOR('',#546,3.E-1);
#548=CARTESIAN_POINT('',(-4.035E0,6.43E0,2.3E0));
#549=LINE('',#548,#547);
#550=DIRECTION('',(0.E0,0.E0,-1.E0));
#551=VECTOR('',#550,4.5E0);
#552=CARTESIAN_POINT('',(-4.035E0,6.73E0,2.3E0));
#553=LINE('',#552,#551);
#554=DIRECTION('',(0.E0,0.E0,1.E0));
#555=VECTOR('',#554,4.5E0);
#556=CARTESIAN_POINT('',(-3.735E0,6.73E0,-2.2E0));
#557=LINE('',#556,#555);
#558=DIRECTION('',(0.E0,0.E0,1.E0));
#559=VECTOR('',#558,1.95E0);
#560=CARTESIAN_POINT('',(-3.735E0,6.73E0,2.3E0));
#561=LINE('',#560,#559);
#562=DIRECTION('',(0.E0,0.E0,-1.E0));
#563=VECTOR('',#562,1.95E0);
#564=CARTESIAN_POINT('',(-4.035E0,6.43E0,4.25E0));
#565=LINE('',#564,#563);
#566=DIRECTION('',(0.E0,0.E0,-1.E0));
#567=VECTOR('',#566,4.5E0);
#568=CARTESIAN_POINT('',(-4.035E0,6.43E0,2.3E0));
#569=LINE('',#568,#567);
#570=DIRECTION('',(0.E0,0.E0,-1.E0));
#571=VECTOR('',#570,2.05E0);
#572=CARTESIAN_POINT('',(-4.035E0,6.43E0,-2.2E0));
#573=LINE('',#572,#571);
#574=DIRECTION('',(0.E0,0.E0,1.E0));
#575=VECTOR('',#574,2.05E0);
#576=CARTESIAN_POINT('',(-3.735E0,6.73E0,-4.25E0));
#577=LINE('',#576,#575);
#578=DIRECTION('',(0.E0,1.E0,0.E0));
#579=VECTOR('',#578,6.5E0);
#580=CARTESIAN_POINT('',(-4.435E0,2.3E-1,2.3E0));
#581=LINE('',#580,#579);
#582=CARTESIAN_POINT('',(-4.035E0,6.73E0,2.3E0));
#583=DIRECTION('',(0.E0,0.E0,-1.E0));
#584=DIRECTION('',(-1.E0,2.220446049250E-14,0.E0));
#585=AXIS2_PLACEMENT_3D('',#582,#583,#584);
#587=DIRECTION('',(0.E0,-1.E0,0.E0));
#588=VECTOR('',#587,4.E-1);
#589=CARTESIAN_POINT('',(-3.685E0,7.13E0,2.3E0));
#590=LINE('',#589,#588);
#591=DIRECTION('',(-1.E0,0.E0,0.E0));
#592=VECTOR('',#591,5.E-2);
#593=CARTESIAN_POINT('',(-3.685E0,6.73E0,2.3E0));
#594=LINE('',#593,#592);
#595=DIRECTION('',(-1.E0,0.E0,0.E0));
#596=VECTOR('',#595,3.E-1);
#597=CARTESIAN_POINT('',(-3.735E0,6.73E0,2.3E0));
#598=LINE('',#597,#596);
#599=DIRECTION('',(0.E0,0.E0,1.E0));
#600=VECTOR('',#599,1.3E0);
#601=CARTESIAN_POINT('',(-4.435E0,2.3E-1,1.E0));
#602=LINE('',#601,#600);
#603=DIRECTION('',(1.E0,0.E0,0.E0));
#604=VECTOR('',#603,4.E-1);
#605=CARTESIAN_POINT('',(-4.435E0,2.3E-1,2.3E0));
#606=LINE('',#605,#604);
#607=DIRECTION('',(-1.E0,0.E0,0.E0));
#608=VECTOR('',#607,4.E-1);
#609=CARTESIAN_POINT('',(-4.035E0,3.83E0,1.E0));
#610=LINE('',#609,#608);
#611=DIRECTION('',(0.E0,-1.E0,0.E0));
#612=VECTOR('',#611,3.6E0);
#613=CARTESIAN_POINT('',(-4.435E0,3.83E0,1.E0));
#614=LINE('',#613,#612);
#615=DIRECTION('',(1.E0,0.E0,0.E0));
#616=VECTOR('',#615,4.E-1);
#617=CARTESIAN_POINT('',(-4.435E0,2.3E-1,1.E0));
#618=LINE('',#617,#616);
#619=DIRECTION('',(-1.E0,0.E0,0.E0));
#620=VECTOR('',#619,4.E-1);
#621=CARTESIAN_POINT('',(-4.035E0,3.83E0,4.E-1));
#622=LINE('',#621,#620);
#623=DIRECTION('',(0.E0,0.E0,1.E0));
#624=VECTOR('',#623,6.E-1);
#625=CARTESIAN_POINT('',(-4.435E0,3.83E0,4.E-1));
#626=LINE('',#625,#624);
#627=CARTESIAN_POINT('',(-4.435E0,3.83E0,4.E-1));
#628=DIRECTION('',(0.E0,0.E0,-1.E0));
#629=DIRECTION('',(1.E0,0.E0,0.E0));
#630=AXIS2_PLACEMENT_3D('',#627,#628,#629);
#632=DIRECTION('',(1.E0,0.E0,0.E0));
#633=VECTOR('',#632,3.05E0);
#634=CARTESIAN_POINT('',(-7.485E0,3.83E0,4.E-1));
#635=LINE('',#634,#633);
#636=DIRECTION('',(0.E0,0.E0,-1.E0));
#637=VECTOR('',#636,7.E-1);
#638=CARTESIAN_POINT('',(-4.035E0,3.83E0,4.E-1));
#639=LINE('',#638,#637);
#640=DIRECTION('',(0.E0,0.E0,1.E0));
#641=VECTOR('',#640,7.E-1);
#642=CARTESIAN_POINT('',(-4.435E0,3.43E0,-3.E-1));
#643=LINE('',#642,#641);
#644=CARTESIAN_POINT('',(-4.435E0,3.83E0,-3.E-1));
#645=DIRECTION('',(0.E0,0.E0,1.E0));
#646=DIRECTION('',(0.E0,-1.E0,0.E0));
#647=AXIS2_PLACEMENT_3D('',#644,#645,#646);
#649=DIRECTION('',(-1.E0,0.E0,0.E0));
#650=VECTOR('',#649,4.E-1);
#651=CARTESIAN_POINT('',(-4.035E0,3.83E0,-3.E-1));
#652=LINE('',#651,#650);
#653=DIRECTION('',(-1.E0,0.E0,0.E0));
#654=VECTOR('',#653,3.05E0);
#655=CARTESIAN_POINT('',(-4.435E0,3.83E0,-3.E-1));
#656=LINE('',#655,#654);
#657=DIRECTION('',(-1.E0,0.E0,0.E0));
#658=VECTOR('',#657,4.E-1);
#659=CARTESIAN_POINT('',(-4.035E0,3.83E0,-9.E-1));
#660=LINE('',#659,#658);
#661=DIRECTION('',(0.E0,0.E0,1.E0));
#662=VECTOR('',#661,6.E-1);
#663=CARTESIAN_POINT('',(-4.435E0,3.83E0,-9.E-1));
#664=LINE('',#663,#662);
#665=DIRECTION('',(-1.E0,0.E0,0.E0));
#666=VECTOR('',#665,4.E-1);
#667=CARTESIAN_POINT('',(-4.035E0,2.3E-1,-2.2E0));
#668=LINE('',#667,#666);
#669=DIRECTION('',(0.E0,0.E0,1.E0));
#670=VECTOR('',#669,1.3E0);
#671=CARTESIAN_POINT('',(-4.435E0,2.3E-1,-2.2E0));
#672=LINE('',#671,#670);
#673=DIRECTION('',(1.E0,0.E0,0.E0));
#674=VECTOR('',#673,4.E-1);
#675=CARTESIAN_POINT('',(-4.435E0,2.3E-1,-9.E-1));
#676=LINE('',#675,#674);
#677=DIRECTION('',(0.E0,-1.E0,0.E0));
#678=VECTOR('',#677,3.6E0);
#679=CARTESIAN_POINT('',(-4.435E0,3.83E0,-9.E-1));
#680=LINE('',#679,#678);
#681=DIRECTION('',(0.E0,0.E0,-1.E0));
#682=VECTOR('',#681,4.5E0);
#683=CARTESIAN_POINT('',(-4.435E0,6.73E0,2.3E0));
#684=LINE('',#683,#682);
#685=DIRECTION('',(0.E0,0.E0,1.E0));
#686=VECTOR('',#685,4.5E0);
#687=CARTESIAN_POINT('',(-4.035E0,7.13E0,-2.2E0));
#688=LINE('',#687,#686);
#689=DIRECTION('',(-1.E0,0.E0,-2.671892734095E-14));
#690=VECTOR('',#689,2.144079638364E0);
#691=CARTESIAN_POINT('',(-1.540920361636E0,7.13E0,2.522641516353E0));
#692=LINE('',#691,#690);
#693=DIRECTION('',(0.E0,3.590348246025E-14,-1.E0));
#694=VECTOR('',#693,2.226415163529E-1);
#695=CARTESIAN_POINT('',(-3.685E0,7.13E0,2.522641516353E0));
#696=LINE('',#695,#694);
#697=DIRECTION('',(-1.E0,0.E0,0.E0));
#698=VECTOR('',#697,3.5E-1);
#699=CARTESIAN_POINT('',(-3.685E0,7.13E0,2.3E0));
#700=LINE('',#699,#698);
#701=DIRECTION('',(1.E0,0.E0,0.E0));
#702=VECTOR('',#701,3.5E-1);
#703=CARTESIAN_POINT('',(-4.035E0,7.13E0,-2.2E0));
#704=LINE('',#703,#702);
#705=DIRECTION('',(0.E0,-4.388203411808E-14,-1.E0));
#706=VECTOR('',#705,2.226415163529E-1);
#707=CARTESIAN_POINT('',(-3.685E0,7.13E0,-2.2E0));
#708=LINE('',#707,#706);
#709=CARTESIAN_POINT('',(6.5E-2,7.13E0,5.E-2));
#710=DIRECTION('',(0.E0,1.E0,0.E0));
#711=DIRECTION('',(-5.446791569415E-1,0.E0,-8.386445110972E-1));
#712=AXIS2_PLACEMENT_3D('',#709,#710,#711);
#714=DIRECTION('',(7.861653717165E-14,9.902680687421E-1,-1.391731009563E-1));
#715=VECTOR('',#714,1.694640437598E-2);
#716=CARTESIAN_POINT('',(-3.685E0,7.113218516866E0,2.525E0));
#717=LINE('',#716,#715);
#718=DIRECTION('',(1.E0,0.E0,0.E0));
#719=VECTOR('',#718,7.5E0);
#720=CARTESIAN_POINT('',(-3.685E0,7.113218516866E0,2.525E0));
#721=LINE('',#720,#719);
#722=DIRECTION('',(0.E0,-1.E0,0.E0));
#723=VECTOR('',#722,3.832185168665E-1);
#724=CARTESIAN_POINT('',(3.815E0,7.113218516866E0,2.525E0));
#725=LINE('',#724,#723);
#726=DIRECTION('',(-1.E0,0.E0,0.E0));
#727=VECTOR('',#726,5.E-2);
#728=CARTESIAN_POINT('',(3.815E0,6.73E0,2.525E0));
#729=LINE('',#728,#727);
#730=DIRECTION('',(1.E0,0.E0,0.E0));
#731=VECTOR('',#730,7.45E0);
#732=CARTESIAN_POINT('',(-3.685E0,6.73E0,2.525E0));
#733=LINE('',#732,#731);
#734=DIRECTION('',(0.E0,-1.184237892933E-14,-1.E0));
#735=VECTOR('',#734,2.25E-1);
#736=CARTESIAN_POINT('',(-3.685E0,6.73E0,2.525E0));
#737=LINE('',#736,#735);
#738=DIRECTION('',(0.E0,-1.E0,0.E0));
#739=VECTOR('',#738,3.832185168665E-1);
#740=CARTESIAN_POINT('',(-3.685E0,7.113218516866E0,2.525E0));
#741=LINE('',#740,#739);
#742=DIRECTION('',(0.E0,9.902680687421E-1,-1.391731009562E-1));
#743=VECTOR('',#742,1.694640437598E-2);
#744=CARTESIAN_POINT('',(3.815E0,7.113218516866E0,2.525E0));
#745=LINE('',#744,#743);
#746=DIRECTION('',(0.E0,-1.E0,0.E0));
#747=VECTOR('',#746,3.832185168665E-1);
#748=CARTESIAN_POINT('',(3.815E0,7.113218516866E0,-2.425E0));
#749=LINE('',#748,#747);
#750=DIRECTION('',(0.E0,0.E0,1.E0));
#751=VECTOR('',#750,4.95E0);
#752=CARTESIAN_POINT('',(3.815E0,6.73E0,-2.425E0));
#753=LINE('',#752,#751);
#754=DIRECTION('',(-1.E0,0.E0,2.651180387319E-14));
#755=VECTOR('',#754,2.144079638364E0);
#756=CARTESIAN_POINT('',(3.815E0,7.13E0,2.522641516353E0));
#757=LINE('',#756,#755);
#758=CARTESIAN_POINT('',(6.5E-2,7.13E0,5.E-2));
#759=DIRECTION('',(0.E0,1.E0,0.E0));
#760=DIRECTION('',(5.446791569415E-1,0.E0,8.386445110972E-1));
#761=AXIS2_PLACEMENT_3D('',#758,#759,#760);
#763=DIRECTION('',(0.E0,0.E0,1.E0));
#764=VECTOR('',#763,4.945283032706E0);
#765=CARTESIAN_POINT('',(3.815E0,7.13E0,-2.422641516353E0));
#766=LINE('',#765,#764);
#767=CARTESIAN_POINT('',(1.670920361636E0,7.13E0,2.522641516353E0));
#768=CARTESIAN_POINT('',(1.667682947786E0,7.207759364897E0,2.511713150304E0));
#769=CARTESIAN_POINT('',(1.661131519098E0,7.363288072029E0,2.489855015984E0));
#770=CARTESIAN_POINT('',(1.651327562557E0,7.596621422908E0,2.457062152087E0));
#771=CARTESIAN_POINT('',(1.644806757892E0,7.752203847127E0,2.435196468322E0));
#772=CARTESIAN_POINT('',(1.641507383250E0,7.83E0,2.424262932061E0));
#774=CARTESIAN_POINT('',(1.641507383250E0,7.83E0,-2.324262932061E0));
#775=CARTESIAN_POINT('',(1.644806757892E0,7.752203847127E0,-2.335196468323E0));
#776=CARTESIAN_POINT('',(1.651327562557E0,7.596621422908E0,-2.357062152087E0));
#777=CARTESIAN_POINT('',(1.661131519098E0,7.363288072029E0,-2.389855015984E0));
#778=CARTESIAN_POINT('',(1.667682947786E0,7.207759364897E0,-2.411713150304E0));
#779=CARTESIAN_POINT('',(1.670920361636E0,7.13E0,-2.422641516353E0));
#781=DIRECTION('',(-1.E0,0.E0,0.E0));
#782=VECTOR('',#781,3.153014766500E0);
#783=CARTESIAN_POINT('',(1.641507383250E0,7.83E0,2.424262932061E0));
#784=LINE('',#783,#782);
#785=CARTESIAN_POINT('',(6.5E-2,7.83E0,5.E-2));
#786=DIRECTION('',(0.E0,-1.E0,0.E0));
#787=DIRECTION('',(-5.531604853508E-1,0.E0,8.330747130039E-1));
#788=AXIS2_PLACEMENT_3D('',#785,#786,#787);
#790=CARTESIAN_POINT('',(6.5E-2,7.83E0,5.E-2));
#791=DIRECTION('',(0.E0,-1.E0,0.E0));
#792=DIRECTION('',(5.531604853508E-1,0.E0,-8.330747130039E-1));
#793=AXIS2_PLACEMENT_3D('',#790,#791,#792);
#795=CARTESIAN_POINT('',(-1.511507383250E0,7.83E0,2.424262932061E0));
#796=CARTESIAN_POINT('',(-1.514806757892E0,7.752203847127E0,2.435196468322E0));
#797=CARTESIAN_POINT('',(-1.521327562557E0,7.596621422909E0,2.457062152087E0));
#798=CARTESIAN_POINT('',(-1.531131519098E0,7.363288072030E0,2.489855015984E0));
#799=CARTESIAN_POINT('',(-1.537682947786E0,7.207759364897E0,2.511713150304E0));
#800=CARTESIAN_POINT('',(-1.540920361636E0,7.13E0,2.522641516353E0));
#802=CARTESIAN_POINT('',(-1.540920361636E0,7.13E0,-2.422641516353E0));
#803=CARTESIAN_POINT('',(-1.537682947786E0,7.207759364896E0,-2.411713150305E0));
#804=CARTESIAN_POINT('',(-1.531131519098E0,7.363288072027E0,-2.389855015984E0));
#805=CARTESIAN_POINT('',(-1.521327562557E0,7.596621422906E0,-2.357062152088E0));
#806=CARTESIAN_POINT('',(-1.514806757892E0,7.752203847126E0,-2.335196468323E0));
#807=CARTESIAN_POINT('',(-1.511507383250E0,7.83E0,-2.324262932061E0));
#809=DIRECTION('',(-1.E0,0.E0,2.630468040543E-14));
#810=VECTOR('',#809,2.144079638364E0);
#811=CARTESIAN_POINT('',(-1.540920361636E0,7.13E0,-2.422641516353E0));
#812=LINE('',#811,#810);
#813=DIRECTION('',(1.E0,0.E0,0.E0));
#814=VECTOR('',#813,7.5E0);
#815=CARTESIAN_POINT('',(-3.685E0,7.113218516866E0,-2.425E0));
#816=LINE('',#815,#814);
#817=DIRECTION('',(0.E0,9.902680687421E-1,1.391731009563E-1));
#818=VECTOR('',#817,1.694640437598E-2);
#819=CARTESIAN_POINT('',(3.815E0,7.113218516866E0,-2.425E0));
#820=LINE('',#819,#818);
#821=DIRECTION('',(-1.E0,0.E0,-2.651180387319E-14));
#822=VECTOR('',#821,2.144079638364E0);
#823=CARTESIAN_POINT('',(3.815E0,7.13E0,-2.422641516353E0));
#824=LINE('',#823,#822);
#825=DIRECTION('',(-1.E0,0.E0,0.E0));
#826=VECTOR('',#825,3.153014766500E0);
#827=CARTESIAN_POINT('',(1.641507383250E0,7.83E0,-2.324262932061E0));
#828=LINE('',#827,#826);
#829=CARTESIAN_POINT('',(1.5E-2,7.83E0,0.E0));
#830=DIRECTION('',(0.E0,-1.E0,0.E0));
#831=DIRECTION('',(5.425863986500E-1,0.E0,-8.4E-1));
#832=AXIS2_PLACEMENT_3D('',#829,#830,#831);
#834=DIRECTION('',(0.E0,-1.E0,0.E0));
#835=VECTOR('',#834,8.E-1);
#836=CARTESIAN_POINT('',(2.514873730932E0,7.83E0,2.512626906826E-2));
#837=LINE('',#836,#835);
#838=CARTESIAN_POINT('',(1.5E-2,7.03E0,0.E0));
#839=DIRECTION('',(0.E0,-1.E0,0.E0));
#840=DIRECTION('',(9.999494923727E-1,0.E0,1.005050762730E-2));
#841=AXIS2_PLACEMENT_3D('',#838,#839,#840);
#843=DIRECTION('',(-6.594088830525E-8,1.E0,-1.554312234475E-14));
#844=VECTOR('',#843,8.E-1);
#845=CARTESIAN_POINT('',(1.371465996625E0,7.03E0,2.1E0));
#846=LINE('',#845,#844);
#847=DIRECTION('',(7.786189009562E-8,1.E0,1.844947552176E-8));
#848=VECTOR('',#847,8.999983394145E-1);
#849=CARTESIAN_POINT('',(1.371465943872E0,7.83E0,2.1E0));
#850=LINE('',#849,#848);
#851=DIRECTION('',(-7.789525087879E-8,-1.E0,1.842770869570E-8));
#852=VECTOR('',#851,8.999983394142E-1);
#853=CARTESIAN_POINT('',(1.371466013978E0,8.729998339414E0,-2.100000016585E0));
#854=LINE('',#853,#852);
#855=DIRECTION('',(-1.E0,0.E0,0.E0));
#856=VECTOR('',#855,2.712931887754E0);
#857=CARTESIAN_POINT('',(1.371465943872E0,7.83E0,2.1E0));
#858=LINE('',#857,#856);
#859=CARTESIAN_POINT('',(1.5E-2,7.83E0,0.E0));
#860=DIRECTION('',(0.E0,-1.E0,0.E0));
#861=DIRECTION('',(-5.425863986500E-1,0.E0,8.4E-1));
#862=AXIS2_PLACEMENT_3D('',#859,#860,#861);
#864=DIRECTION('',(-7.788549296358E-8,1.E0,-1.843766222795E-8));
#865=VECTOR('',#864,8.999983396878E-1);
#866=CARTESIAN_POINT('',(-1.341465943882E0,7.83E0,-2.1E0));
#867=LINE('',#866,#865);
#868=DIRECTION('',(7.791875999436E-8,-1.E0,-1.841560526306E-8));
#869=VECTOR('',#868,8.999983396881E-1);
#870=CARTESIAN_POINT('',(-1.341466014008E0,8.729998339688E0,2.100000016574E0));
#871=LINE('',#870,#869);
#872=DIRECTION('',(1.E0,0.E0,0.E0));
#873=VECTOR('',#872,2.712931887754E0);
#874=CARTESIAN_POINT('',(-1.341465943882E0,7.83E0,-2.1E0));
#875=LINE('',#874,#873);
#876=DIRECTION('',(1.E0,-1.008541551342E-10,3.301860628861E-12));
#877=VECTOR('',#876,2.712932027956E0);
#878=CARTESIAN_POINT('',(-1.341466013978E0,8.729998339688E0,-2.100000016594E0));
#879=LINE('',#878,#877);
#880=CARTESIAN_POINT('',(1.371466013978E0,8.729998339414E0,-2.100000016585E0));
#881=CARTESIAN_POINT('',(1.364906759578E0,8.752242027380E0,-2.077756328619E0));
#882=CARTESIAN_POINT('',(1.351693316597E0,8.796717287271E0,-2.033283254126E0));
#883=CARTESIAN_POINT('',(1.331584241293E0,8.863383784723E0,-1.966616786387E0));
#884=CARTESIAN_POINT('',(1.317999597886E0,8.907798952998E0,-1.922199353480E0));
#885=CARTESIAN_POINT('',(1.311148720234E0,8.929998471639E0,-1.899999834839E0));
#887=DIRECTION('',(1.E0,-9.707169630348E-11,3.137048042336E-12));
#888=VECTOR('',#887,2.592297440468E0);
#889=CARTESIAN_POINT('',(-1.281148720235E0,8.929998471891E0,-1.899999834847E0));
#890=LINE('',#889,#888);
#891=DIRECTION('',(1.E0,1.389607238159E-11,2.876168001694E-11));
#892=VECTOR('',#891,2.592296539410E0);
#893=CARTESIAN_POINT('',(-1.281148269656E0,1.252999682265E1,-1.899999999914E0));
#894=LINE('',#893,#892);
#895=CARTESIAN_POINT('',(1.311148269754E0,1.252999682269E1,-1.899999999840E0));
#896=CARTESIAN_POINT('',(1.302563301214E0,1.255781571154E1,-1.872181110988E0));
#897=CARTESIAN_POINT('',(1.285226109456E0,1.261343145555E1,-1.816569700974E0));
#898=CARTESIAN_POINT('',(1.258687076364E0,1.269676267786E1,-1.733238040530E0));
#899=CARTESIAN_POINT('',(1.240669520925E0,1.275226659514E1,-1.677730957609E0));
#900=CARTESIAN_POINT('',(1.231550934105E0,1.277999997126E1,-1.649997581494E0));
#902=CARTESIAN_POINT('',(1.499999999999E-2,1.278E1,0.E0));
#903=DIRECTION('',(0.E0,-1.E0,0.E0));
#904=DIRECTION('',(5.934379718070E-1,0.E0,-8.048797261812E-1));
#905=AXIS2_PLACEMENT_3D('',#902,#903,#904);
#907=CARTESIAN_POINT('',(1.499999999999E-2,1.278E1,0.E0));
#908=DIRECTION('',(0.E0,-1.E0,0.E0));
#909=DIRECTION('',(1.E0,0.E0,0.E0));
#910=AXIS2_PLACEMENT_3D('',#907,#908,#909);
#912=DIRECTION('',(-1.E0,1.241134414082E-14,4.227066538667E-11));
#913=VECTOR('',#912,2.433102001457E0);
#914=CARTESIAN_POINT('',(1.231551000848E0,1.277999997126E1,1.649997581366E0));
#915=LINE('',#914,#913);
#916=CARTESIAN_POINT('',(1.5E-2,1.278E1,0.E0));
#917=DIRECTION('',(0.E0,-1.E0,0.E0));
#918=DIRECTION('',(-5.934380348554E-1,0.E0,8.048796796956E-1));
#919=AXIS2_PLACEMENT_3D('',#916,#917,#918);
#921=CARTESIAN_POINT('',(1.5E-2,1.278E1,0.E0));
#922=DIRECTION('',(0.E0,-1.E0,0.E0));
#923=DIRECTION('',(-1.E0,0.E0,0.E0));
#924=AXIS2_PLACEMENT_3D('',#921,#922,#923);
#926=DIRECTION('',(1.E0,-1.387150303383E-14,-6.122479895622E-11));
#927=VECTOR('',#926,2.433101868363E0);
#928=CARTESIAN_POINT('',(-1.201550934258E0,1.277999997126E1,-1.649997581345E0));
#929=LINE('',#928,#927);
#930=CARTESIAN_POINT('',(1.499999999999E-2,1.252999404961E1,0.E0));
#931=DIRECTION('',(0.E0,-1.E0,0.E0));
#932=DIRECTION('',(5.635426694269E-1,0.E0,-8.260869565216E-1));
#933=AXIS2_PLACEMENT_3D('',#930,#931,#932);
#935=CARTESIAN_POINT('',(1.499999999999E-2,1.252999404961E1,0.E0));
#936=DIRECTION('',(0.E0,-1.E0,0.E0));
#937=DIRECTION('',(1.E0,0.E0,0.E0));
#938=AXIS2_PLACEMENT_3D('',#935,#936,#937);
#940=CARTESIAN_POINT('',(1.311148269650E0,1.252999682268E1,1.899999999916E0));
#941=CARTESIAN_POINT('',(1.302290179610E0,1.255870073945E1,1.871296083154E0));
#942=CARTESIAN_POINT('',(1.284576441832E0,1.261549459986E1,1.814506556608E0));
#943=CARTESIAN_POINT('',(1.258024839367E0,1.269882376513E1,1.731176953331E0));
#944=CARTESIAN_POINT('',(1.240379494462E0,1.275314888801E1,1.676848664611E0));
#945=CARTESIAN_POINT('',(1.231551000848E0,1.277999997126E1,1.649997581366E0));
#947=DIRECTION('',(1.251332064059E-7,-1.E0,4.583362037871E-8));
#948=VECTOR('',#947,3.599998351046E0);
#949=CARTESIAN_POINT('',(1.311148269754E0,1.252999682269E1,-1.899999999840E0));
#950=LINE('',#949,#948);
#951=DIRECTION('',(-1.251557570195E-7,1.E0,4.584983883248E-8));
#952=VECTOR('',#951,3.599998351046E0);
#953=CARTESIAN_POINT('',(1.311148720211E0,8.929998471639E0,1.899999834856E0));
#954=LINE('',#953,#952);
#955=CARTESIAN_POINT('',(1.5E-2,8.729996888815E0,0.E0));
#956=DIRECTION('',(0.E0,-1.E0,0.E0));
#957=DIRECTION('',(5.425863986500E-1,0.E0,-8.4E-1));
#958=AXIS2_PLACEMENT_3D('',#955,#956,#957);
#960=CARTESIAN_POINT('',(1.5E-2,8.729996888815E0,0.E0));
#961=DIRECTION('',(0.E0,-1.E0,0.E0));
#962=DIRECTION('',(1.E0,0.E0,0.E0));
#963=AXIS2_PLACEMENT_3D('',#960,#961,#962);
#965=CARTESIAN_POINT('',(1.371466013948E0,8.729998339414E0,2.100000016605E0));
#966=CARTESIAN_POINT('',(1.364757386993E0,8.752748578326E0,2.077249777693E0));
#967=CARTESIAN_POINT('',(1.351339984035E0,8.797898529891E0,2.032102011499E0));
#968=CARTESIAN_POINT('',(1.331225740839E0,8.864564223457E0,1.965436347648E0));
#969=CARTESIAN_POINT('',(1.317843586478E0,8.908304490804E0,1.921693815691E0));
#970=CARTESIAN_POINT('',(1.311148720211E0,8.929998471639E0,1.899999834856E0));
#972=CARTESIAN_POINT('',(1.5E-2,8.929997137710E0,0.E0));
#973=DIRECTION('',(0.E0,1.E0,0.E0));
#974=DIRECTION('',(5.635426694269E-1,0.E0,8.260869565216E-1));
#975=AXIS2_PLACEMENT_3D('',#972,#973,#974);
#977=CARTESIAN_POINT('',(1.5E-2,8.929997137710E0,0.E0));
#978=DIRECTION('',(0.E0,1.E0,0.E0));
#979=DIRECTION('',(1.E0,0.E0,0.E0));
#980=AXIS2_PLACEMENT_3D('',#977,#978,#979);
#982=DIRECTION('',(-1.E0,1.008541551342E-10,-1.123608226789E-11));
#983=VECTOR('',#982,2.712932027956E0);
#984=CARTESIAN_POINT('',(1.371466013948E0,8.729998339414E0,2.100000016605E0));
#985=LINE('',#984,#983);
#986=CARTESIAN_POINT('',(-1.341466014008E0,8.729998339688E0,2.100000016574E0));
#987=CARTESIAN_POINT('',(-1.334906759599E0,8.752242027656E0,2.077756328606E0));
#988=CARTESIAN_POINT('',(-1.321693317814E0,8.796717287360E0,2.033283253947E0));
#989=CARTESIAN_POINT('',(-1.301584242494E0,8.863383784827E0,1.966616786205E0));
#990=CARTESIAN_POINT('',(-1.287999597918E0,8.907798953252E0,1.922199353468E0));
#991=CARTESIAN_POINT('',(-1.281148720257E0,8.929998471891E0,1.899999834830E0));
#993=CARTESIAN_POINT('',(1.5E-2,8.929997138213E0,0.E0));
#994=DIRECTION('',(0.E0,1.E0,0.E0));
#995=DIRECTION('',(-5.635426694268E-1,0.E0,-8.260869565217E-1));
#996=AXIS2_PLACEMENT_3D('',#993,#994,#995);
#998=CARTESIAN_POINT('',(1.5E-2,8.929997138213E0,0.E0));
#999=DIRECTION('',(0.E0,1.E0,0.E0));
#1000=DIRECTION('',(-1.E0,0.E0,0.E0));
#1001=AXIS2_PLACEMENT_3D('',#998,#999,#1000);
#1003=CARTESIAN_POINT('',(1.5E-2,8.729996889362E0,0.E0));
#1004=DIRECTION('',(0.E0,-1.E0,0.E0));
#1005=DIRECTION('',(-5.425863986500E-1,0.E0,8.4E-1));
#1006=AXIS2_PLACEMENT_3D('',#1003,#1004,#1005);
#1008=CARTESIAN_POINT('',(1.5E-2,8.729996889362E0,0.E0));
#1009=DIRECTION('',(0.E0,-1.E0,0.E0));
#1010=DIRECTION('',(-1.E0,0.E0,0.E0));
#1011=AXIS2_PLACEMENT_3D('',#1008,#1009,#1010);
#1013=CARTESIAN_POINT('',(-1.341466013978E0,8.729998339688E0,
-2.100000016594E0));
#1014=CARTESIAN_POINT('',(-1.334757387125E0,8.752748578224E0,
-2.077249778057E0));
#1015=CARTESIAN_POINT('',(-1.321339985534E0,8.797898529102E0,
-2.032102012198E0));
#1016=CARTESIAN_POINT('',(-1.301225742288E0,8.864564222678E0,
-1.965436348349E0));
#1017=CARTESIAN_POINT('',(-1.287843586626E0,8.908304490682E0,
-1.921693816056E0));
#1018=CARTESIAN_POINT('',(-1.281148720235E0,8.929998471891E0,
-1.899999834847E0));
#1020=DIRECTION('',(-1.251356577894E-7,-1.E0,-4.583510635489E-8));
#1021=VECTOR('',#1020,3.599998350758E0);
#1022=CARTESIAN_POINT('',(-1.281148269769E0,1.252999682265E1,1.899999999836E0));
#1023=LINE('',#1022,#1021);
#1024=DIRECTION('',(1.251608493782E-7,1.E0,-4.585207217414E-8));
#1025=VECTOR('',#1024,3.599998350758E0);
#1026=CARTESIAN_POINT('',(-1.281148720235E0,8.929998471891E0,
-1.899999834847E0));
#1027=LINE('',#1026,#1025);
#1028=CARTESIAN_POINT('',(1.5E-2,1.252999404954E1,0.E0));
#1029=DIRECTION('',(0.E0,-1.E0,0.E0));
#1030=DIRECTION('',(-5.635426694268E-1,0.E0,8.260869565217E-1));
#1031=AXIS2_PLACEMENT_3D('',#1028,#1029,#1030);
#1033=CARTESIAN_POINT('',(1.5E-2,1.252999404954E1,0.E0));
#1034=DIRECTION('',(0.E0,-1.E0,0.E0));
#1035=DIRECTION('',(-1.E0,0.E0,0.E0));
#1036=AXIS2_PLACEMENT_3D('',#1033,#1034,#1035);
#1038=CARTESIAN_POINT('',(-1.281148269656E0,1.252999682265E1,
-1.899999999914E0));
#1039=CARTESIAN_POINT('',(-1.272290179602E0,1.255870073946E1,
-1.871296083107E0));
#1040=CARTESIAN_POINT('',(-1.254576432767E0,1.261549459996E1,
-1.814506556523E0));
#1041=CARTESIAN_POINT('',(-1.228024870258E0,1.269882376521E1,
-1.731176953256E0));
#1042=CARTESIAN_POINT('',(-1.210379427855E0,1.275314888806E1,
-1.676848664544E0));
#1043=CARTESIAN_POINT('',(-1.201550934258E0,1.277999997126E1,
-1.649997581345E0));
#1045=DIRECTION('',(-1.E0,-1.389744287046E-11,-3.065055636773E-11));
#1046=VECTOR('',#1045,2.592296539420E0);
#1047=CARTESIAN_POINT('',(1.311148269650E0,1.252999682268E1,1.899999999916E0));
#1048=LINE('',#1047,#1046);
#1049=CARTESIAN_POINT('',(-1.281148269769E0,1.252999682265E1,1.899999999836E0));
#1050=CARTESIAN_POINT('',(-1.272563301229E0,1.255781571150E1,1.872181110981E0));
#1051=CARTESIAN_POINT('',(-1.255226118201E0,1.261343145555E1,1.816569700989E0));
#1052=CARTESIAN_POINT('',(-1.228687045206E0,1.269676267784E1,1.733238040557E0));
#1053=CARTESIAN_POINT('',(-1.210669587426E0,1.275226659514E1,1.677730957581E0));
#1054=CARTESIAN_POINT('',(-1.201551000609E0,1.277999997126E1,1.649997581468E0));
#1056=DIRECTION('',(-1.E0,9.707169630348E-11,-1.019078073910E-11));
#1057=VECTOR('',#1056,2.592297440468E0);
#1058=CARTESIAN_POINT('',(1.311148720211E0,8.929998471639E0,1.899999834856E0));
#1059=LINE('',#1058,#1057);
#1060=DIRECTION('',(0.E0,0.E0,1.E0));
#1061=VECTOR('',#1060,7.E-1);
#1062=CARTESIAN_POINT('',(-4.435E0,3.83E0,-3.E-1));
#1063=LINE('',#1062,#1061);
#1064=CARTESIAN_POINT('',(-7.485E0,3.83E0,5.E-2));
#1065=DIRECTION('',(0.E0,-1.E0,0.E0));
#1066=DIRECTION('',(0.E0,0.E0,1.E0));
#1067=AXIS2_PLACEMENT_3D('',#1064,#1065,#1066);
#1069=CARTESIAN_POINT('',(-7.485E0,3.83E0,5.E-2));
#1070=DIRECTION('',(0.E0,-1.E0,0.E0));
#1071=DIRECTION('',(-1.E0,0.E0,0.E0));
#1072=AXIS2_PLACEMENT_3D('',#1069,#1070,#1071);
#1074=DIRECTION('',(0.E0,1.E0,0.E0));
#1075=VECTOR('',#1074,4.E-1);
#1076=CARTESIAN_POINT('',(-7.485E0,3.43E0,-3.E-1));
#1077=LINE('',#1076,#1075);
#1078=DIRECTION('',(0.E0,-1.E0,0.E0));
#1079=VECTOR('',#1078,4.E-1);
#1080=CARTESIAN_POINT('',(-7.485E0,3.83E0,4.E-1));
#1081=LINE('',#1080,#1079);
#1082=DIRECTION('',(-1.E0,0.E0,0.E0));
#1083=VECTOR('',#1082,3.05E0);
#1084=CARTESIAN_POINT('',(-4.435E0,3.43E0,-3.E-1));
#1085=LINE('',#1084,#1083);
#1086=CARTESIAN_POINT('',(-7.485E0,3.43E0,5.E-2));
#1087=DIRECTION('',(0.E0,1.E0,0.E0));
#1088=DIRECTION('',(0.E0,0.E0,-1.E0));
#1089=AXIS2_PLACEMENT_3D('',#1086,#1087,#1088);
#1091=CARTESIAN_POINT('',(-7.485E0,3.43E0,5.E-2));
#1092=DIRECTION('',(0.E0,1.E0,0.E0));
#1093=DIRECTION('',(-1.E0,0.E0,0.E0));
#1094=AXIS2_PLACEMENT_3D('',#1091,#1092,#1093);
#1096=DIRECTION('',(1.E0,0.E0,0.E0));
#1097=VECTOR('',#1096,3.05E0);
#1098=CARTESIAN_POINT('',(-7.485E0,3.43E0,4.E-1));
#1099=LINE('',#1098,#1097);
#1100=CARTESIAN_POINT('',(-4.435E0,5.73E0,5.E-2));
#1101=DIRECTION('',(1.E0,0.E0,0.E0));
#1102=DIRECTION('',(0.E0,0.E0,-1.E0));
#1103=AXIS2_PLACEMENT_3D('',#1100,#1101,#1102);
#1105=CARTESIAN_POINT('',(-4.035E0,5.73E0,5.E-2));
#1106=DIRECTION('',(0.E0,-1.E0,0.E0));
#1107=DIRECTION('',(-1.E0,0.E0,0.E0));
#1108=AXIS2_PLACEMENT_3D('',#1105,#1106,#1107);
#1110=CARTESIAN_POINT('',(-4.435E0,5.73E0,5.E-2));
#1111=DIRECTION('',(1.E0,0.E0,0.E0));
#1112=DIRECTION('',(0.E0,0.E0,1.E0));
#1113=AXIS2_PLACEMENT_3D('',#1110,#1111,#1112);
#1115=CARTESIAN_POINT('',(-4.035E0,5.73E0,5.E-2));
#1116=DIRECTION('',(0.E0,1.E0,0.E0));
#1117=DIRECTION('',(-1.E0,0.E0,0.E0));
#1118=AXIS2_PLACEMENT_3D('',#1115,#1116,#1117);
#1120=CARTESIAN_POINT('',(-4.435E0,1.23E0,-1.55E0));
#1121=DIRECTION('',(1.E0,0.E0,0.E0));
#1122=DIRECTION('',(0.E0,0.E0,1.E0));
#1123=AXIS2_PLACEMENT_3D('',#1120,#1121,#1122);
#1125=CARTESIAN_POINT('',(-3.855768987597E0,1.23E0,-1.55E0));
#1126=DIRECTION('',(0.E0,1.E0,0.E0));
#1127=DIRECTION('',(-8.527746846449E-1,0.E0,-5.222789840964E-1));
#1128=AXIS2_PLACEMENT_3D('',#1125,#1126,#1127);
#1130=CARTESIAN_POINT('',(-4.435E0,1.23E0,-1.55E0));
#1131=DIRECTION('',(1.E0,0.E0,0.E0));
#1132=DIRECTION('',(0.E0,0.E0,-1.E0));
#1133=AXIS2_PLACEMENT_3D('',#1130,#1131,#1132);
#1135=CARTESIAN_POINT('',(-3.855768987597E0,1.23E0,-1.55E0));
#1136=DIRECTION('',(0.E0,-1.E0,0.E0));
#1137=DIRECTION('',(-8.527746846449E-1,0.E0,5.222789840964E-1));
#1138=AXIS2_PLACEMENT_3D('',#1135,#1136,#1137);
#1140=CARTESIAN_POINT('',(-3.855768987597E0,1.23E0,1.65E0));
#1141=DIRECTION('',(0.E0,1.E0,0.E0));
#1142=DIRECTION('',(-8.527746846449E-1,0.E0,-5.222789840964E-1));
#1143=AXIS2_PLACEMENT_3D('',#1140,#1141,#1142);
#1145=CARTESIAN_POINT('',(-4.435E0,1.23E0,1.65E0));
#1146=DIRECTION('',(1.E0,0.E0,0.E0));
#1147=DIRECTION('',(0.E0,0.E0,1.E0));
#1148=AXIS2_PLACEMENT_3D('',#1145,#1146,#1147);
#1150=CARTESIAN_POINT('',(-4.435E0,1.23E0,1.65E0));
#1151=DIRECTION('',(1.E0,0.E0,0.E0));
#1152=DIRECTION('',(0.E0,0.E0,-1.E0));
#1153=AXIS2_PLACEMENT_3D('',#1150,#1151,#1152);
#1155=CARTESIAN_POINT('',(-3.855768987597E0,1.23E0,1.65E0));
#1156=DIRECTION('',(0.E0,-1.E0,0.E0));
#1157=DIRECTION('',(-8.527746846449E-1,0.E0,5.222789840964E-1));
#1158=AXIS2_PLACEMENT_3D('',#1155,#1156,#1157);
#1160=CARTESIAN_POINT('',(-3.735E0,6.43E0,4.25E0));
#1161=DIRECTION('',(0.E0,0.E0,-1.E0));
#1162=DIRECTION('',(-1.E0,0.E0,0.E0));
#1163=AXIS2_PLACEMENT_3D('',#1160,#1161,#1162);
#1165=CARTESIAN_POINT('',(-3.735E0,6.43E0,4.25E0));
#1166=DIRECTION('',(1.E0,0.E0,0.E0));
#1167=DIRECTION('',(0.E0,1.E0,0.E0));
#1168=AXIS2_PLACEMENT_3D('',#1165,#1166,#1167);
#1170=CARTESIAN_POINT('',(-3.735E0,6.43E0,4.25E0));
#1171=DIRECTION('',(0.E0,-1.E0,0.E0));
#1172=DIRECTION('',(0.E0,0.E0,1.E0));
#1173=AXIS2_PLACEMENT_3D('',#1170,#1171,#1172);
#1175=DIRECTION('',(0.E0,1.E0,0.E0));
#1176=VECTOR('',#1175,6.85E0);
#1177=CARTESIAN_POINT('',(-4.035E0,-4.2E-1,4.25E0));
#1178=LINE('',#1177,#1176);
#1179=DIRECTION('',(0.E0,-1.E0,0.E0));
#1180=VECTOR('',#1179,6.85E0);
#1181=CARTESIAN_POINT('',(-3.735E0,6.43E0,4.55E0));
#1182=LINE('',#1181,#1180);
#1183=DIRECTION('',(-1.E0,0.E0,1.059177610655E-13));
#1184=VECTOR('',#1183,1.341687604822E-1);
#1185=CARTESIAN_POINT('',(-3.900831239518E0,-4.2E-1,4.5E0));
#1186=LINE('',#1185,#1184);
#1187=DIRECTION('',(0.E0,0.E0,-1.E0));
#1188=VECTOR('',#1187,2.5E-1);
#1189=CARTESIAN_POINT('',(-4.035E0,-4.2E-1,4.5E0));
#1190=LINE('',#1189,#1188);
#1191=CARTESIAN_POINT('',(-3.735E0,-4.2E-1,4.25E0));
#1192=DIRECTION('',(0.E0,1.E0,0.E0));
#1193=DIRECTION('',(-1.E0,0.E0,0.E0));
#1194=AXIS2_PLACEMENT_3D('',#1191,#1192,#1193);
#1196=DIRECTION('',(-5.735764363510E-1,-8.191520442890E-1,0.E0));
#1197=VECTOR('',#1196,1.064604473595E0);
#1198=CARTESIAN_POINT('',(-2.878622346625E0,-4.2E-1,4.5E0));
#1199=LINE('',#1198,#1197);
#1200=CARTESIAN_POINT('',(-3.735E0,-1.12E0,4.5E0));
#1201=DIRECTION('',(0.E0,0.E0,-1.E0));
#1202=DIRECTION('',(8.191520442910E-1,-5.735764363481E-1,0.E0));
#1203=AXIS2_PLACEMENT_3D('',#1200,#1201,#1202);
#1205=DIRECTION('',(0.E0,1.E0,0.E0));
#1206=VECTOR('',#1205,7.E-1);
#1207=CARTESIAN_POINT('',(-4.035E0,-1.12E0,4.5E0));
#1208=LINE('',#1207,#1206);
#1209=CARTESIAN_POINT('',(-3.735E0,6.43E0,-4.25E0));
#1210=DIRECTION('',(1.E0,0.E0,0.E0));
#1211=DIRECTION('',(0.E0,0.E0,-1.E0));
#1212=AXIS2_PLACEMENT_3D('',#1209,#1210,#1211);
#1214=CARTESIAN_POINT('',(-3.735E0,6.43E0,-4.25E0));
#1215=DIRECTION('',(0.E0,0.E0,1.E0));
#1216=DIRECTION('',(0.E0,1.E0,0.E0));
#1217=AXIS2_PLACEMENT_3D('',#1214,#1215,#1216);
#1219=CARTESIAN_POINT('',(-3.735E0,6.43E0,-4.25E0));
#1220=DIRECTION('',(0.E0,-1.E0,0.E0));
#1221=DIRECTION('',(-1.E0,0.E0,0.E0));
#1222=AXIS2_PLACEMENT_3D('',#1219,#1220,#1221);
#1224=DIRECTION('',(0.E0,1.E0,0.E0));
#1225=VECTOR('',#1224,6.85E0);
#1226=CARTESIAN_POINT('',(-3.735E0,-4.2E-1,-4.55E0));
#1227=LINE('',#1226,#1225);
#1228=DIRECTION('',(0.E0,-1.E0,0.E0));
#1229=VECTOR('',#1228,6.85E0);
#1230=CARTESIAN_POINT('',(-4.035E0,6.43E0,-4.25E0));
#1231=LINE('',#1230,#1229);
#1232=DIRECTION('',(1.E0,0.E0,0.E0));
#1233=VECTOR('',#1232,7.5E0);
#1234=CARTESIAN_POINT('',(-3.735E0,-4.2E-1,-4.55E0));
#1235=LINE('',#1234,#1233);
#1236=CARTESIAN_POINT('',(-3.735E0,-4.2E-1,-4.25E0));
#1237=DIRECTION('',(0.E0,1.E0,0.E0));
#1238=DIRECTION('',(-5.527707983926E-1,0.E0,-8.333333333333E-1));
#1239=AXIS2_PLACEMENT_3D('',#1236,#1237,#1238);
#1241=DIRECTION('',(-1.E0,0.E0,-1.059177610655E-13));
#1242=VECTOR('',#1241,1.341687604822E-1);
#1243=CARTESIAN_POINT('',(-3.900831239518E0,-4.2E-1,-4.5E0));
#1244=LINE('',#1243,#1242);
#1245=CARTESIAN_POINT('',(-3.735E0,-1.12E0,-4.5E0));
#1246=DIRECTION('',(0.E0,0.E0,1.E0));
#1247=DIRECTION('',(-1.E0,0.E0,0.E0));
#1248=AXIS2_PLACEMENT_3D('',#1245,#1246,#1247);
#1250=DIRECTION('',(5.735764363510E-1,8.191520442890E-1,0.E0));
#1251=VECTOR('',#1250,1.064604473595E0);
#1252=CARTESIAN_POINT('',(-3.489254386713E0,-1.292072930905E0,-4.5E0));
#1253=LINE('',#1252,#1251);
#1254=DIRECTION('',(-1.E0,3.991424496367E-14,1.390210436830E-14));
#1255=VECTOR('',#1254,1.022208892893E0);
#1256=CARTESIAN_POINT('',(-2.878622346625E0,-4.2E-1,-4.5E0));
#1257=LINE('',#1256,#1255);
#1258=DIRECTION('',(0.E0,0.E0,-1.E0));
#1259=VECTOR('',#1258,6.E-1);
#1260=CARTESIAN_POINT('',(-3.489254386713E0,-1.292072930905E0,-3.9E0));
#1261=LINE('',#1260,#1259);
#1262=DIRECTION('',(0.E0,0.E0,1.E0));
#1263=VECTOR('',#1262,6.E-1);
#1264=CARTESIAN_POINT('',(-4.035E0,-1.12E0,-4.5E0));
#1265=LINE('',#1264,#1263);
#1266=DIRECTION('',(0.E0,0.E0,-1.E0));
#1267=VECTOR('',#1266,7.8E0);
#1268=CARTESIAN_POINT('',(-3.735E0,-4.2E-1,3.9E0));
#1269=LINE('',#1268,#1267);
#1270=DIRECTION('',(0.E0,0.E0,1.E0));
#1271=VECTOR('',#1270,7.8E0);
#1272=CARTESIAN_POINT('',(-4.035E0,-1.2E-1,-3.9E0));
#1273=LINE('',#1272,#1271);
#1274=DIRECTION('',(1.E0,0.E0,1.059177610655E-13));
#1275=VECTOR('',#1274,1.341687604822E-1);
#1276=CARTESIAN_POINT('',(3.930831239518E0,-4.2E-1,4.5E0));
#1277=LINE('',#1276,#1275);
#1278=CARTESIAN_POINT('',(3.765E0,-1.12E0,4.5E0));
#1279=DIRECTION('',(0.E0,0.E0,-1.E0));
#1280=DIRECTION('',(1.E0,0.E0,0.E0));
#1281=AXIS2_PLACEMENT_3D('',#1278,#1279,#1280);
#1283=DIRECTION('',(-5.735764363510E-1,8.191520442890E-1,0.E0));
#1284=VECTOR('',#1283,1.064604473595E0);
#1285=CARTESIAN_POINT('',(3.519254386713E0,-1.292072930905E0,4.5E0));
#1286=LINE('',#1285,#1284);
#1287=DIRECTION('',(1.E0,3.996855005886E-14,-1.390210436830E-14));
#1288=VECTOR('',#1287,1.022208892893E0);
#1289=CARTESIAN_POINT('',(2.908622346625E0,-4.2E-1,4.5E0));
#1290=LINE('',#1289,#1288);
#1291=CARTESIAN_POINT('',(3.765E0,-4.2E-1,4.25E0));
#1292=DIRECTION('',(0.E0,1.E0,0.E0));
#1293=DIRECTION('',(5.527707983926E-1,0.E0,8.333333333333E-1));
#1294=AXIS2_PLACEMENT_3D('',#1291,#1292,#1293);
#1296=DIRECTION('',(0.E0,0.E0,1.E0));
#1297=VECTOR('',#1296,1.E0);
#1298=CARTESIAN_POINT('',(-3.15E0,-4.5E-1,-5.E-1));
#1299=LINE('',#1298,#1297);
#1300=CARTESIAN_POINT('',(-3.15E0,-8.E-1,0.E0));
#1301=DIRECTION('',(1.E0,0.E0,0.E0));
#1302=DIRECTION('',(0.E0,0.E0,1.E0));
#1303=AXIS2_PLACEMENT_3D('',#1300,#1301,#1302);
#1305=CARTESIAN_POINT('',(-3.15E0,-8.E-1,0.E0));
#1306=DIRECTION('',(1.E0,0.E0,0.E0));
#1307=DIRECTION('',(0.E0,-1.E0,0.E0));
#1308=AXIS2_PLACEMENT_3D('',#1305,#1306,#1307);
#1310=DIRECTION('',(1.E0,0.E0,0.E0));
#1311=VECTOR('',#1310,6.3E0);
#1312=CARTESIAN_POINT('',(-3.15E0,-4.5E-1,5.E-1));
#1313=LINE('',#1312,#1311);
#1314=DIRECTION('',(0.E0,1.E0,0.E0));
#1315=VECTOR('',#1314,3.5E-1);
#1316=CARTESIAN_POINT('',(-3.15E0,-8.E-1,5.E-1));
#1317=LINE('',#1316,#1315);
#1318=DIRECTION('',(0.E0,0.E0,-1.E0));
#1319=VECTOR('',#1318,1.E0);
#1320=CARTESIAN_POINT('',(3.15E0,-4.5E-1,5.E-1));
#1321=LINE('',#1320,#1319);
#1322=DIRECTION('',(0.E0,-1.E0,0.E0));
#1323=VECTOR('',#1322,3.5E-1);
#1324=CARTESIAN_POINT('',(3.15E0,-4.5E-1,-5.E-1));
#1325=LINE('',#1324,#1323);
#1326=CARTESIAN_POINT('',(3.15E0,-8.E-1,0.E0));
#1327=DIRECTION('',(-1.E0,0.E0,0.E0));
#1328=DIRECTION('',(0.E0,0.E0,-1.E0));
#1329=AXIS2_PLACEMENT_3D('',#1326,#1327,#1328);
#1331=CARTESIAN_POINT('',(3.15E0,-8.E-1,0.E0));
#1332=DIRECTION('',(-1.E0,0.E0,0.E0));
#1333=DIRECTION('',(0.E0,-1.E0,0.E0));
#1334=AXIS2_PLACEMENT_3D('',#1331,#1332,#1333);
#1336=DIRECTION('',(0.E0,1.E0,0.E0));
#1337=VECTOR('',#1336,3.5E-1);
#1338=CARTESIAN_POINT('',(3.15E0,-8.E-1,5.E-1));
#1339=LINE('',#1338,#1337);
#1340=DIRECTION('',(-1.E0,0.E0,0.E0));
#1341=VECTOR('',#1340,6.3E0);
#1342=CARTESIAN_POINT('',(3.15E0,-4.5E-1,-5.E-1));
#1343=LINE('',#1342,#1341);
#1344=DIRECTION('',(0.E0,-1.E0,0.E0));
#1345=VECTOR('',#1344,3.5E-1);
#1346=CARTESIAN_POINT('',(-3.15E0,-4.5E-1,-5.E-1));
#1347=LINE('',#1346,#1345);
#1348=DIRECTION('',(1.E0,0.E0,0.E0));
#1349=VECTOR('',#1348,6.3E0);
#1350=CARTESIAN_POINT('',(-3.15E0,-8.E-1,5.E-1));
#1351=LINE('',#1350,#1349);
#1352=DIRECTION('',(-1.E0,0.E0,0.E0));
#1353=VECTOR('',#1352,6.3E0);
#1354=CARTESIAN_POINT('',(3.15E0,-8.E-1,-5.E-1));
#1355=LINE('',#1354,#1353);
#1356=DIRECTION('',(0.E0,0.E0,-1.E0));
#1357=VECTOR('',#1356,7.E-1);
#1358=CARTESIAN_POINT('',(-2.27E0,-4.5E-1,-2.225E0));
#1359=LINE('',#1358,#1357);
#1360=DIRECTION('',(0.E0,-1.E0,0.E0));
#1361=VECTOR('',#1360,7.E-1);
#1362=CARTESIAN_POINT('',(-2.27E0,-4.5E-1,-2.925E0));
#1363=LINE('',#1362,#1361);
#1364=DIRECTION('',(0.E0,1.E0,0.E0));
#1365=VECTOR('',#1364,7.E-1);
#1366=CARTESIAN_POINT('',(-2.27E0,-1.15E0,-2.225E0));
#1367=LINE('',#1366,#1365);
#1368=DIRECTION('',(-1.E0,0.E0,0.E0));
#1369=VECTOR('',#1368,5.E-1);
#1370=CARTESIAN_POINT('',(-2.27E0,-4.5E-1,-2.925E0));
#1371=LINE('',#1370,#1369);
#1372=DIRECTION('',(1.E0,0.E0,0.E0));
#1373=VECTOR('',#1372,1.42E1);
#1374=CARTESIAN_POINT('',(-1.697E1,-1.65E0,-2.925E0));
#1375=LINE('',#1374,#1373);
#1376=CARTESIAN_POINT('',(-2.77E0,-1.15E0,-2.925E0));
#1377=DIRECTION('',(0.E0,0.E0,1.E0));
#1378=DIRECTION('',(0.E0,-1.E0,0.E0));
#1379=AXIS2_PLACEMENT_3D('',#1376,#1377,#1378);
#1381=DIRECTION('',(0.E0,0.E0,1.E0));
#1382=VECTOR('',#1381,7.E-1);
#1383=CARTESIAN_POINT('',(-2.77E0,-4.5E-1,-2.925E0));
#1384=LINE('',#1383,#1382);
#1385=DIRECTION('',(0.E0,-1.E0,0.E0));
#1386=VECTOR('',#1385,7.E-1);
#1387=CARTESIAN_POINT('',(-2.77E0,-4.5E-1,-2.225E0));
#1388=LINE('',#1387,#1386);
#1389=DIRECTION('',(0.E0,1.E0,0.E0));
#1390=VECTOR('',#1389,7.E-1);
#1391=CARTESIAN_POINT('',(-2.77E0,-1.15E0,-2.925E0));
#1392=LINE('',#1391,#1390);
#1393=DIRECTION('',(1.E0,0.E0,0.E0));
#1394=VECTOR('',#1393,5.E-1);
#1395=CARTESIAN_POINT('',(-2.77E0,-4.5E-1,-2.225E0));
#1396=LINE('',#1395,#1394);
#1397=CARTESIAN_POINT('',(-2.77E0,-1.15E0,-2.225E0));
#1398=DIRECTION('',(0.E0,0.E0,-1.E0));
#1399=DIRECTION('',(1.E0,0.E0,0.E0));
#1400=AXIS2_PLACEMENT_3D('',#1397,#1398,#1399);
#1402=DIRECTION('',(1.E0,0.E0,0.E0));
#1403=VECTOR('',#1402,1.42E1);
#1404=CARTESIAN_POINT('',(-1.697E1,-1.15E0,-2.225E0));
#1405=LINE('',#1404,#1403);
#1406=DIRECTION('',(0.E0,0.E0,1.E0));
#1407=VECTOR('',#1406,7.E-1);
#1408=CARTESIAN_POINT('',(-2.77E0,-1.65E0,-2.925E0));
#1409=LINE('',#1408,#1407);
#1410=DIRECTION('',(0.E0,0.E0,-1.E0));
#1411=VECTOR('',#1410,7.E-1);
#1412=CARTESIAN_POINT('',(-2.27E0,-1.15E0,-2.225E0));
#1413=LINE('',#1412,#1411);
#1414=DIRECTION('',(1.E0,0.E0,0.E0));
#1415=VECTOR('',#1414,1.42E1);
#1416=CARTESIAN_POINT('',(-1.697E1,-1.65E0,-2.225E0));
#1417=LINE('',#1416,#1415);
#1418=DIRECTION('',(0.E0,1.E0,0.E0));
#1419=VECTOR('',#1418,5.E-1);
#1420=CARTESIAN_POINT('',(-1.697E1,-1.65E0,-2.925E0));
#1421=LINE('',#1420,#1419);
#1422=DIRECTION('',(0.E0,0.E0,1.E0));
#1423=VECTOR('',#1422,7.E-1);
#1424=CARTESIAN_POINT('',(-1.697E1,-1.15E0,-2.925E0));
#1425=LINE('',#1424,#1423);
#1426=DIRECTION('',(0.E0,-1.E0,0.E0));
#1427=VECTOR('',#1426,5.E-1);
#1428=CARTESIAN_POINT('',(-1.697E1,-1.15E0,-2.225E0));
#1429=LINE('',#1428,#1427);
#1430=DIRECTION('',(0.E0,0.E0,-1.E0));
#1431=VECTOR('',#1430,7.E-1);
#1432=CARTESIAN_POINT('',(-1.697E1,-1.65E0,-2.225E0));
#1433=LINE('',#1432,#1431);
#1434=DIRECTION('',(0.E0,0.E0,1.E0));
#1435=VECTOR('',#1434,7.E-1);
#1436=CARTESIAN_POINT('',(-2.77E0,-1.15E0,-2.925E0));
#1437=LINE('',#1436,#1435);
#1438=DIRECTION('',(1.E0,0.E0,0.E0));
#1439=VECTOR('',#1438,1.42E1);
#1440=CARTESIAN_POINT('',(-1.697E1,-1.15E0,-2.925E0));
#1441=LINE('',#1440,#1439);
#1442=DIRECTION('',(0.E0,0.E0,-1.E0));
#1443=VECTOR('',#1442,7.E-1);
#1444=CARTESIAN_POINT('',(-2.27E0,-4.5E-1,2.875E0));
#1445=LINE('',#1444,#1443);
#1446=DIRECTION('',(0.E0,-1.E0,0.E0));
#1447=VECTOR('',#1446,7.E-1);
#1448=CARTESIAN_POINT('',(-2.27E0,-4.5E-1,2.175E0));
#1449=LINE('',#1448,#1447);
#1450=DIRECTION('',(0.E0,1.E0,0.E0));
#1451=VECTOR('',#1450,7.E-1);
#1452=CARTESIAN_POINT('',(-2.27E0,-1.15E0,2.875E0));
#1453=LINE('',#1452,#1451);
#1454=DIRECTION('',(-1.E0,0.E0,0.E0));
#1455=VECTOR('',#1454,5.E-1);
#1456=CARTESIAN_POINT('',(-2.27E0,-4.5E-1,2.175E0));
#1457=LINE('',#1456,#1455);
#1458=DIRECTION('',(1.E0,0.E0,0.E0));
#1459=VECTOR('',#1458,1.42E1);
#1460=CARTESIAN_POINT('',(-1.697E1,-1.65E0,2.175E0));
#1461=LINE('',#1460,#1459);
#1462=CARTESIAN_POINT('',(-2.77E0,-1.15E0,2.175E0));
#1463=DIRECTION('',(0.E0,0.E0,1.E0));
#1464=DIRECTION('',(0.E0,-1.E0,0.E0));
#1465=AXIS2_PLACEMENT_3D('',#1462,#1463,#1464);
#1467=DIRECTION('',(0.E0,0.E0,1.E0));
#1468=VECTOR('',#1467,7.E-1);
#1469=CARTESIAN_POINT('',(-2.77E0,-4.5E-1,2.175E0));
#1470=LINE('',#1469,#1468);
#1471=DIRECTION('',(0.E0,-1.E0,0.E0));
#1472=VECTOR('',#1471,7.E-1);
#1473=CARTESIAN_POINT('',(-2.77E0,-4.5E-1,2.875E0));
#1474=LINE('',#1473,#1472);
#1475=DIRECTION('',(0.E0,1.E0,0.E0));
#1476=VECTOR('',#1475,7.E-1);
#1477=CARTESIAN_POINT('',(-2.77E0,-1.15E0,2.175E0));
#1478=LINE('',#1477,#1476);
#1479=DIRECTION('',(1.E0,0.E0,0.E0));
#1480=VECTOR('',#1479,5.E-1);
#1481=CARTESIAN_POINT('',(-2.77E0,-4.5E-1,2.875E0));
#1482=LINE('',#1481,#1480);
#1483=CARTESIAN_POINT('',(-2.77E0,-1.15E0,2.875E0));
#1484=DIRECTION('',(0.E0,0.E0,-1.E0));
#1485=DIRECTION('',(1.E0,0.E0,0.E0));
#1486=AXIS2_PLACEMENT_3D('',#1483,#1484,#1485);
#1488=DIRECTION('',(1.E0,0.E0,0.E0));
#1489=VECTOR('',#1488,1.42E1);
#1490=CARTESIAN_POINT('',(-1.697E1,-1.15E0,2.875E0));
#1491=LINE('',#1490,#1489);
#1492=DIRECTION('',(0.E0,0.E0,-1.E0));
#1493=VECTOR('',#1492,7.E-1);
#1494=CARTESIAN_POINT('',(-2.27E0,-1.15E0,2.875E0));
#1495=LINE('',#1494,#1493);
#1496=DIRECTION('',(0.E0,0.E0,1.E0));
#1497=VECTOR('',#1496,7.E-1);
#1498=CARTESIAN_POINT('',(-2.77E0,-1.65E0,2.175E0));
#1499=LINE('',#1498,#1497);
#1500=DIRECTION('',(1.E0,0.E0,0.E0));
#1501=VECTOR('',#1500,1.42E1);
#1502=CARTESIAN_POINT('',(-1.697E1,-1.65E0,2.875E0));
#1503=LINE('',#1502,#1501);
#1504=DIRECTION('',(0.E0,0.E0,1.E0));
#1505=VECTOR('',#1504,7.E-1);
#1506=CARTESIAN_POINT('',(-1.697E1,-1.15E0,2.175E0));
#1507=LINE('',#1506,#1505);
#1508=DIRECTION('',(0.E0,-1.E0,0.E0));
#1509=VECTOR('',#1508,5.E-1);
#1510=CARTESIAN_POINT('',(-1.697E1,-1.15E0,2.875E0));
#1511=LINE('',#1510,#1509);
#1512=DIRECTION('',(0.E0,0.E0,-1.E0));
#1513=VECTOR('',#1512,7.E-1);
#1514=CARTESIAN_POINT('',(-1.697E1,-1.65E0,2.875E0));
#1515=LINE('',#1514,#1513);
#1516=DIRECTION('',(0.E0,1.E0,0.E0));
#1517=VECTOR('',#1516,5.E-1);
#1518=CARTESIAN_POINT('',(-1.697E1,-1.65E0,2.175E0));
#1519=LINE('',#1518,#1517);
#1520=DIRECTION('',(0.E0,0.E0,1.E0));
#1521=VECTOR('',#1520,7.E-1);
#1522=CARTESIAN_POINT('',(-2.77E0,-1.15E0,2.175E0));
#1523=LINE('',#1522,#1521);
#1524=DIRECTION('',(1.E0,0.E0,0.E0));
#1525=VECTOR('',#1524,1.42E1);
#1526=CARTESIAN_POINT('',(-1.697E1,-1.15E0,2.175E0));
#1527=LINE('',#1526,#1525);
#1528=DIRECTION('',(0.E0,0.E0,-1.E0));
#1529=VECTOR('',#1528,7.E-1);
#1530=CARTESIAN_POINT('',(2.81E0,-4.5E-1,2.925E0));
#1531=LINE('',#1530,#1529);
#1532=DIRECTION('',(0.E0,-1.E0,0.E0));
#1533=VECTOR('',#1532,5.78E0);
#1534=CARTESIAN_POINT('',(2.81E0,-4.5E-1,2.225E0));
#1535=LINE('',#1534,#1533);
#1536=DIRECTION('',(0.E0,1.E0,0.E0));
#1537=VECTOR('',#1536,5.78E0);
#1538=CARTESIAN_POINT('',(2.81E0,-6.23E0,2.925E0));
#1539=LINE('',#1538,#1537);
#1540=DIRECTION('',(-1.E0,0.E0,0.E0));
#1541=VECTOR('',#1540,5.E-1);
#1542=CARTESIAN_POINT('',(2.81E0,-4.5E-1,2.225E0));
#1543=LINE('',#1542,#1541);
#1544=DIRECTION('',(1.E0,0.E0,0.E0));
#1545=VECTOR('',#1544,1.15E1);
#1546=CARTESIAN_POINT('',(-9.19E0,-6.73E0,2.225E0));
#1547=LINE('',#1546,#1545);
#1548=CARTESIAN_POINT('',(2.31E0,-6.23E0,2.225E0));
#1549=DIRECTION('',(0.E0,0.E0,1.E0));
#1550=DIRECTION('',(0.E0,-1.E0,0.E0));
#1551=AXIS2_PLACEMENT_3D('',#1548,#1549,#1550);
#1553=DIRECTION('',(0.E0,0.E0,1.E0));
#1554=VECTOR('',#1553,7.E-1);
#1555=CARTESIAN_POINT('',(2.31E0,-4.5E-1,2.225E0));
#1556=LINE('',#1555,#1554);
#1557=DIRECTION('',(0.E0,-1.E0,0.E0));
#1558=VECTOR('',#1557,5.78E0);
#1559=CARTESIAN_POINT('',(2.31E0,-4.5E-1,2.925E0));
#1560=LINE('',#1559,#1558);
#1561=DIRECTION('',(0.E0,1.E0,0.E0));
#1562=VECTOR('',#1561,5.78E0);
#1563=CARTESIAN_POINT('',(2.31E0,-6.23E0,2.225E0));
#1564=LINE('',#1563,#1562);
#1565=DIRECTION('',(1.E0,0.E0,0.E0));
#1566=VECTOR('',#1565,5.E-1);
#1567=CARTESIAN_POINT('',(2.31E0,-4.5E-1,2.925E0));
#1568=LINE('',#1567,#1566);
#1569=CARTESIAN_POINT('',(2.31E0,-6.23E0,2.925E0));
#1570=DIRECTION('',(0.E0,0.E0,-1.E0));
#1571=DIRECTION('',(1.E0,0.E0,0.E0));
#1572=AXIS2_PLACEMENT_3D('',#1569,#1570,#1571);
#1574=DIRECTION('',(1.E0,0.E0,0.E0));
#1575=VECTOR('',#1574,1.15E1);
#1576=CARTESIAN_POINT('',(-9.19E0,-6.23E0,2.925E0));
#1577=LINE('',#1576,#1575);
#1578=DIRECTION('',(0.E0,0.E0,-1.E0));
#1579=VECTOR('',#1578,7.E-1);
#1580=CARTESIAN_POINT('',(2.81E0,-6.23E0,2.925E0));
#1581=LINE('',#1580,#1579);
#1582=DIRECTION('',(0.E0,0.E0,1.E0));
#1583=VECTOR('',#1582,7.E-1);
#1584=CARTESIAN_POINT('',(2.31E0,-6.73E0,2.225E0));
#1585=LINE('',#1584,#1583);
#1586=DIRECTION('',(1.E0,0.E0,0.E0));
#1587=VECTOR('',#1586,1.15E1);
#1588=CARTESIAN_POINT('',(-9.19E0,-6.73E0,2.925E0));
#1589=LINE('',#1588,#1587);
#1590=DIRECTION('',(0.E0,0.E0,1.E0));
#1591=VECTOR('',#1590,7.E-1);
#1592=CARTESIAN_POINT('',(-9.19E0,-6.23E0,2.225E0));
#1593=LINE('',#1592,#1591);
#1594=DIRECTION('',(0.E0,-1.E0,0.E0));
#1595=VECTOR('',#1594,5.E-1);
#1596=CARTESIAN_POINT('',(-9.19E0,-6.23E0,2.925E0));
#1597=LINE('',#1596,#1595);
#1598=DIRECTION('',(0.E0,0.E0,-1.E0));
#1599=VECTOR('',#1598,7.E-1);
#1600=CARTESIAN_POINT('',(-9.19E0,-6.73E0,2.925E0));
#1601=LINE('',#1600,#1599);
#1602=DIRECTION('',(0.E0,1.E0,0.E0));
#1603=VECTOR('',#1602,5.E-1);
#1604=CARTESIAN_POINT('',(-9.19E0,-6.73E0,2.225E0));
#1605=LINE('',#1604,#1603);
#1606=DIRECTION('',(0.E0,0.E0,1.E0));
#1607=VECTOR('',#1606,7.E-1);
#1608=CARTESIAN_POINT('',(2.31E0,-6.23E0,2.225E0));
#1609=LINE('',#1608,#1607);
#1610=DIRECTION('',(1.E0,0.E0,0.E0));
#1611=VECTOR('',#1610,1.15E1);
#1612=CARTESIAN_POINT('',(-9.19E0,-6.23E0,2.225E0));
#1613=LINE('',#1612,#1611);
#1614=DIRECTION('',(0.E0,0.E0,-1.E0));
#1615=VECTOR('',#1614,7.E-1);
#1616=CARTESIAN_POINT('',(2.81E0,-4.5E-1,-2.225E0));
#1617=LINE('',#1616,#1615);
#1618=DIRECTION('',(0.E0,-1.E0,0.E0));
#1619=VECTOR('',#1618,5.78E0);
#1620=CARTESIAN_POINT('',(2.81E0,-4.5E-1,-2.925E0));
#1621=LINE('',#1620,#1619);
#1622=DIRECTION('',(0.E0,1.E0,0.E0));
#1623=VECTOR('',#1622,5.78E0);
#1624=CARTESIAN_POINT('',(2.81E0,-6.23E0,-2.225E0));
#1625=LINE('',#1624,#1623);
#1626=DIRECTION('',(-1.E0,0.E0,0.E0));
#1627=VECTOR('',#1626,5.E-1);
#1628=CARTESIAN_POINT('',(2.81E0,-4.5E-1,-2.925E0));
#1629=LINE('',#1628,#1627);
#1630=DIRECTION('',(1.E0,0.E0,0.E0));
#1631=VECTOR('',#1630,1.05E1);
#1632=CARTESIAN_POINT('',(-8.19E0,-6.73E0,-2.925E0));
#1633=LINE('',#1632,#1631);
#1634=CARTESIAN_POINT('',(2.31E0,-6.23E0,-2.925E0));
#1635=DIRECTION('',(0.E0,0.E0,1.E0));
#1636=DIRECTION('',(0.E0,-1.E0,0.E0));
#1637=AXIS2_PLACEMENT_3D('',#1634,#1635,#1636);
#1639=DIRECTION('',(0.E0,0.E0,1.E0));
#1640=VECTOR('',#1639,7.E-1);
#1641=CARTESIAN_POINT('',(2.31E0,-4.5E-1,-2.925E0));
#1642=LINE('',#1641,#1640);
#1643=DIRECTION('',(0.E0,-1.E0,0.E0));
#1644=VECTOR('',#1643,5.78E0);
#1645=CARTESIAN_POINT('',(2.31E0,-4.5E-1,-2.225E0));
#1646=LINE('',#1645,#1644);
#1647=DIRECTION('',(0.E0,1.E0,0.E0));
#1648=VECTOR('',#1647,5.78E0);
#1649=CARTESIAN_POINT('',(2.31E0,-6.23E0,-2.925E0));
#1650=LINE('',#1649,#1648);
#1651=DIRECTION('',(1.E0,0.E0,0.E0));
#1652=VECTOR('',#1651,5.E-1);
#1653=CARTESIAN_POINT('',(2.31E0,-4.5E-1,-2.225E0));
#1654=LINE('',#1653,#1652);
#1655=CARTESIAN_POINT('',(2.31E0,-6.23E0,-2.225E0));
#1656=DIRECTION('',(0.E0,0.E0,-1.E0));
#1657=DIRECTION('',(1.E0,0.E0,0.E0));
#1658=AXIS2_PLACEMENT_3D('',#1655,#1656,#1657);
#1660=DIRECTION('',(1.E0,0.E0,0.E0));
#1661=VECTOR('',#1660,1.05E1);
#1662=CARTESIAN_POINT('',(-8.19E0,-6.23E0,-2.225E0));
#1663=LINE('',#1662,#1661);
#1664=DIRECTION('',(0.E0,0.E0,1.E0));
#1665=VECTOR('',#1664,7.E-1);
#1666=CARTESIAN_POINT('',(2.31E0,-6.73E0,-2.925E0));
#1667=LINE('',#1666,#1665);
#1668=DIRECTION('',(0.E0,0.E0,-1.E0));
#1669=VECTOR('',#1668,7.E-1);
#1670=CARTESIAN_POINT('',(2.81E0,-6.23E0,-2.225E0));
#1671=LINE('',#1670,#1669);
#1672=DIRECTION('',(1.E0,0.E0,0.E0));
#1673=VECTOR('',#1672,1.05E1);
#1674=CARTESIAN_POINT('',(-8.19E0,-6.73E0,-2.225E0));
#1675=LINE('',#1674,#1673);
#1676=DIRECTION('',(0.E0,1.E0,0.E0));
#1677=VECTOR('',#1676,5.E-1);
#1678=CARTESIAN_POINT('',(-8.19E0,-6.73E0,-2.925E0));
#1679=LINE('',#1678,#1677);
#1680=DIRECTION('',(0.E0,0.E0,1.E0));
#1681=VECTOR('',#1680,7.E-1);
#1682=CARTESIAN_POINT('',(-8.19E0,-6.23E0,-2.925E0));
#1683=LINE('',#1682,#1681);
#1684=DIRECTION('',(0.E0,-1.E0,0.E0));
#1685=VECTOR('',#1684,5.E-1);
#1686=CARTESIAN_POINT('',(-8.19E0,-6.23E0,-2.225E0));
#1687=LINE('',#1686,#1685);
#1688=DIRECTION('',(0.E0,0.E0,-1.E0));
#1689=VECTOR('',#1688,7.E-1);
#1690=CARTESIAN_POINT('',(-8.19E0,-6.73E0,-2.225E0));
#1691=LINE('',#1690,#1689);
#1692=DIRECTION('',(0.E0,0.E0,1.E0));
#1693=VECTOR('',#1692,7.E-1);
#1694=CARTESIAN_POINT('',(2.31E0,-6.23E0,-2.925E0));
#1695=LINE('',#1694,#1693);
#1696=DIRECTION('',(1.E0,0.E0,0.E0));
#1697=VECTOR('',#1696,1.05E1);
#1698=CARTESIAN_POINT('',(-8.19E0,-6.23E0,-2.925E0));
#1699=LINE('',#1698,#1697);
#1700=DIRECTION('',(0.E0,0.E0,-1.E0));
#1701=VECTOR('',#1700,7.E-1);
#1702=CARTESIAN_POINT('',(2.7E-1,-4.5E-1,-2.225E0));
#1703=LINE('',#1702,#1701);
#1704=DIRECTION('',(-1.E0,0.E0,0.E0));
#1705=VECTOR('',#1704,5.E-1);
#1706=CARTESIAN_POINT('',(2.7E-1,-4.5E-1,-2.925E0));
#1707=LINE('',#1706,#1705);
#1708=DIRECTION('',(0.E0,1.E0,0.E0));
#1709=VECTOR('',#1708,3.49E0);
#1710=CARTESIAN_POINT('',(2.7E-1,-3.94E0,-2.925E0));
#1711=LINE('',#1710,#1709);
#1712=DIRECTION('',(0.E0,0.E0,1.E0));
#1713=VECTOR('',#1712,7.E-1);
#1714=CARTESIAN_POINT('',(-2.3E-1,-4.5E-1,-2.925E0));
#1715=LINE('',#1714,#1713);
#1716=DIRECTION('',(0.E0,-1.E0,0.E0));
#1717=VECTOR('',#1716,3.49E0);
#1718=CARTESIAN_POINT('',(-2.3E-1,-4.5E-1,-2.225E0));
#1719=LINE('',#1718,#1717);
#1720=DIRECTION('',(0.E0,0.E0,-1.E0));
#1721=VECTOR('',#1720,7.E-1);
#1722=CARTESIAN_POINT('',(-2.3E-1,-3.94E0,-2.225E0));
#1723=LINE('',#1722,#1721);
#1724=DIRECTION('',(0.E0,1.E0,0.E0));
#1725=VECTOR('',#1724,3.49E0);
#1726=CARTESIAN_POINT('',(-2.3E-1,-3.94E0,-2.925E0));
#1727=LINE('',#1726,#1725);
#1728=DIRECTION('',(1.E0,0.E0,0.E0));
#1729=VECTOR('',#1728,5.E-1);
#1730=CARTESIAN_POINT('',(-2.3E-1,-4.5E-1,-2.225E0));
#1731=LINE('',#1730,#1729);
#1732=DIRECTION('',(0.E0,-1.E0,0.E0));
#1733=VECTOR('',#1732,3.49E0);
#1734=CARTESIAN_POINT('',(2.7E-1,-4.5E-1,-2.225E0));
#1735=LINE('',#1734,#1733);
#1736=DIRECTION('',(-1.E0,0.E0,0.E0));
#1737=VECTOR('',#1736,5.E-1);
#1738=CARTESIAN_POINT('',(2.7E-1,-3.94E0,-2.225E0));
#1739=LINE('',#1738,#1737);
#1740=DIRECTION('',(0.E0,1.E0,0.E0));
#1741=VECTOR('',#1740,5.E-1);
#1742=CARTESIAN_POINT('',(-2.3E-1,-4.44E0,-2.225E0));
#1743=LINE('',#1742,#1741);
#1744=CARTESIAN_POINT('',(-2.3E-1,-3.94E0,-2.225E0));
#1745=DIRECTION('',(0.E0,0.E0,-1.E0));
#1746=DIRECTION('',(1.E0,0.E0,0.E0));
#1747=AXIS2_PLACEMENT_3D('',#1744,#1745,#1746);
#1749=DIRECTION('',(-1.E0,0.E0,0.E0));
#1750=VECTOR('',#1749,1.356E1);
#1751=CARTESIAN_POINT('',(-2.3E-1,-4.44E0,-2.225E0));
#1752=LINE('',#1751,#1750);
#1753=CARTESIAN_POINT('',(-1.379E1,-4.44E0,-2.575E0));
#1754=DIRECTION('',(0.E0,1.E0,0.E0));
#1755=DIRECTION('',(-1.015061051086E-14,0.E0,-1.E0));
#1756=AXIS2_PLACEMENT_3D('',#1753,#1754,#1755);
#1758=DIRECTION('',(0.E0,0.E0,1.E0));
#1759=VECTOR('',#1758,7.E-1);
#1760=CARTESIAN_POINT('',(-2.3E-1,-4.44E0,-2.925E0));
#1761=LINE('',#1760,#1759);
#1762=DIRECTION('',(0.E0,0.E0,-1.E0));
#1763=VECTOR('',#1762,7.E-1);
#1764=CARTESIAN_POINT('',(2.7E-1,-3.94E0,-2.225E0));
#1765=LINE('',#1764,#1763);
#1766=CARTESIAN_POINT('',(-2.3E-1,-3.94E0,-2.925E0));
#1767=DIRECTION('',(0.E0,0.E0,1.E0));
#1768=DIRECTION('',(0.E0,-1.E0,0.E0));
#1769=AXIS2_PLACEMENT_3D('',#1766,#1767,#1768);
#1771=DIRECTION('',(-1.E0,0.E0,0.E0));
#1772=VECTOR('',#1771,5.E-1);
#1773=CARTESIAN_POINT('',(2.7E-1,-3.94E0,-2.925E0));
#1774=LINE('',#1773,#1772);
#1775=DIRECTION('',(0.E0,1.E0,0.E0));
#1776=VECTOR('',#1775,5.E-1);
#1777=CARTESIAN_POINT('',(-2.3E-1,-4.44E0,-2.925E0));
#1778=LINE('',#1777,#1776);
#1779=DIRECTION('',(1.E0,0.E0,0.E0));
#1780=VECTOR('',#1779,1.356E1);
#1781=CARTESIAN_POINT('',(-1.379E1,-4.44E0,-2.925E0));
#1782=LINE('',#1781,#1780);
#1783=DIRECTION('',(-1.E0,0.E0,0.E0));
#1784=VECTOR('',#1783,1.356E1);
#1785=CARTESIAN_POINT('',(-2.3E-1,-3.94E0,-2.225E0));
#1786=LINE('',#1785,#1784);
#1787=CARTESIAN_POINT('',(-1.379E1,-3.94E0,-2.575E0));
#1788=DIRECTION('',(0.E0,-1.E0,0.E0));
#1789=DIRECTION('',(0.E0,0.E0,1.E0));
#1790=AXIS2_PLACEMENT_3D('',#1787,#1788,#1789);
#1792=DIRECTION('',(1.E0,0.E0,0.E0));
#1793=VECTOR('',#1792,1.356E1);
#1794=CARTESIAN_POINT('',(-1.379E1,-3.94E0,-2.925E0));
#1795=LINE('',#1794,#1793);
#1796=DIRECTION('',(0.E0,1.E0,0.E0));
#1797=VECTOR('',#1796,5.E-1);
#1798=CARTESIAN_POINT('',(-1.379E1,-4.44E0,-2.925E0));
#1799=LINE('',#1798,#1797);
#1800=DIRECTION('',(0.E0,-1.E0,0.E0));
#1801=VECTOR('',#1800,5.E-1);
#1802=CARTESIAN_POINT('',(-1.379E1,-3.94E0,-2.225E0));
#1803=LINE('',#1802,#1801);
#1804=DIRECTION('',(0.E0,0.E0,1.E0));
#1805=VECTOR('',#1804,7.E-1);
#1806=CARTESIAN_POINT('',(-2.3E-1,-4.5E-1,2.175E0));
#1807=LINE('',#1806,#1805);
#1808=DIRECTION('',(1.E0,0.E0,0.E0));
#1809=VECTOR('',#1808,5.E-1);
#1810=CARTESIAN_POINT('',(-2.3E-1,-4.5E-1,2.875E0));
#1811=LINE('',#1810,#1809);
#1812=DIRECTION('',(0.E0,1.E0,0.E0));
#1813=VECTOR('',#1812,3.24E0);
#1814=CARTESIAN_POINT('',(-2.3E-1,-3.69E0,2.875E0));
#1815=LINE('',#1814,#1813);
#1816=DIRECTION('',(0.E0,0.E0,-1.E0));
#1817=VECTOR('',#1816,7.E-1);
#1818=CARTESIAN_POINT('',(2.7E-1,-4.5E-1,2.875E0));
#1819=LINE('',#1818,#1817);
#1820=DIRECTION('',(0.E0,-1.E0,0.E0));
#1821=VECTOR('',#1820,3.24E0);
#1822=CARTESIAN_POINT('',(2.7E-1,-4.5E-1,2.175E0));
#1823=LINE('',#1822,#1821);
#1824=DIRECTION('',(0.E0,1.E0,0.E0));
#1825=VECTOR('',#1824,3.24E0);
#1826=CARTESIAN_POINT('',(2.7E-1,-3.69E0,2.875E0));
#1827=LINE('',#1826,#1825);
#1828=DIRECTION('',(-1.E0,0.E0,0.E0));
#1829=VECTOR('',#1828,5.E-1);
#1830=CARTESIAN_POINT('',(2.7E-1,-4.5E-1,2.175E0));
#1831=LINE('',#1830,#1829);
#1832=DIRECTION('',(0.E0,-1.E0,0.E0));
#1833=VECTOR('',#1832,3.24E0);
#1834=CARTESIAN_POINT('',(-2.3E-1,-4.5E-1,2.175E0));
#1835=LINE('',#1834,#1833);
#1836=DIRECTION('',(1.E0,0.E0,0.E0));
#1837=VECTOR('',#1836,5.E-1);
#1838=CARTESIAN_POINT('',(-2.3E-1,-3.69E0,2.175E0));
#1839=LINE('',#1838,#1837);
#1840=DIRECTION('',(0.E0,-1.E0,0.E0));
#1841=VECTOR('',#1840,5.E-1);
#1842=CARTESIAN_POINT('',(-2.3E-1,-3.69E0,2.175E0));
#1843=LINE('',#1842,#1841);
#1844=CARTESIAN_POINT('',(-2.3E-1,-3.69E0,2.175E0));
#1845=DIRECTION('',(0.E0,0.E0,1.E0));
#1846=DIRECTION('',(0.E0,-1.E0,0.E0));
#1847=AXIS2_PLACEMENT_3D('',#1844,#1845,#1846);
#1849=DIRECTION('',(-1.E0,0.E0,0.E0));
#1850=VECTOR('',#1849,1.381E1);
#1851=CARTESIAN_POINT('',(-2.3E-1,-3.69E0,2.175E0));
#1852=LINE('',#1851,#1850);
#1853=DIRECTION('',(0.E0,0.E0,1.E0));
#1854=VECTOR('',#1853,7.E-1);
#1855=CARTESIAN_POINT('',(-2.3E-1,-3.69E0,2.175E0));
#1856=LINE('',#1855,#1854);
#1857=CARTESIAN_POINT('',(-1.404E1,-3.69E0,2.525E0));
#1858=DIRECTION('',(0.E0,-1.E0,0.E0));
#1859=DIRECTION('',(0.E0,0.E0,1.E0));
#1860=AXIS2_PLACEMENT_3D('',#1857,#1858,#1859);
#1862=DIRECTION('',(0.E0,-1.E0,0.E0));
#1863=VECTOR('',#1862,5.E-1);
#1864=CARTESIAN_POINT('',(-2.3E-1,-3.69E0,2.875E0));
#1865=LINE('',#1864,#1863);
#1866=DIRECTION('',(1.E0,0.E0,0.E0));
#1867=VECTOR('',#1866,1.381E1);
#1868=CARTESIAN_POINT('',(-1.404E1,-3.69E0,2.875E0));
#1869=LINE('',#1868,#1867);
#1870=DIRECTION('',(1.E0,0.E0,0.E0));
#1871=VECTOR('',#1870,5.E-1);
#1872=CARTESIAN_POINT('',(-2.3E-1,-3.69E0,2.875E0));
#1873=LINE('',#1872,#1871);
#1874=CARTESIAN_POINT('',(-2.3E-1,-3.69E0,2.875E0));
#1875=DIRECTION('',(0.E0,0.E0,-1.E0));
#1876=DIRECTION('',(1.E0,0.E0,0.E0));
#1877=AXIS2_PLACEMENT_3D('',#1874,#1875,#1876);
#1879=DIRECTION('',(0.E0,0.E0,-1.E0));
#1880=VECTOR('',#1879,7.E-1);
#1881=CARTESIAN_POINT('',(2.7E-1,-3.69E0,2.875E0));
#1882=LINE('',#1881,#1880);
#1883=DIRECTION('',(0.E0,0.E0,1.E0));
#1884=VECTOR('',#1883,7.E-1);
#1885=CARTESIAN_POINT('',(-2.3E-1,-4.19E0,2.175E0));
#1886=LINE('',#1885,#1884);
#1887=DIRECTION('',(-1.E0,0.E0,0.E0));
#1888=VECTOR('',#1887,1.381E1);
#1889=CARTESIAN_POINT('',(-2.3E-1,-4.19E0,2.175E0));
#1890=LINE('',#1889,#1888);
#1891=CARTESIAN_POINT('',(-1.404E1,-4.19E0,2.525E0));
#1892=DIRECTION('',(0.E0,1.E0,0.E0));
#1893=DIRECTION('',(0.E0,0.E0,-1.E0));
#1894=AXIS2_PLACEMENT_3D('',#1891,#1892,#1893);
#1896=DIRECTION('',(1.E0,0.E0,0.E0));
#1897=VECTOR('',#1896,1.381E1);
#1898=CARTESIAN_POINT('',(-1.404E1,-4.19E0,2.875E0));
#1899=LINE('',#1898,#1897);
#1900=DIRECTION('',(0.E0,-1.E0,0.E0));
#1901=VECTOR('',#1900,5.E-1);
#1902=CARTESIAN_POINT('',(-1.404E1,-3.69E0,2.875E0));
#1903=LINE('',#1902,#1901);
#1904=DIRECTION('',(0.E0,1.E0,0.E0));
#1905=VECTOR('',#1904,5.E-1);
#1906=CARTESIAN_POINT('',(-1.404E1,-4.19E0,2.175E0));
#1907=LINE('',#1906,#1905);
#1908=CARTESIAN_POINT('',(2.815E0,3.1E0,3.9E0));
#1909=CARTESIAN_POINT('',(3.63E0,3.1E0,3.9E0));
#1910=VERTEX_POINT('',#1908);
#1911=VERTEX_POINT('',#1909);
#1912=CARTESIAN_POINT('',(3.63E0,3.1E0,-3.9E0));
#1913=CARTESIAN_POINT('',(2.815E0,3.1E0,-3.9E0));
#1914=VERTEX_POINT('',#1912);
#1915=VERTEX_POINT('',#1913);
#1916=CARTESIAN_POINT('',(2.815E0,0.E0,3.9E0));
#1917=CARTESIAN_POINT('',(2.815E0,5.E-1,3.9E0));
#1918=VERTEX_POINT('',#1916);
#1919=VERTEX_POINT('',#1917);
#1920=CARTESIAN_POINT('',(2.815E0,2.9E0,3.9E0));
#1921=VERTEX_POINT('',#1920);
#1922=CARTESIAN_POINT('',(3.6E0,0.E0,-3.9E0));
#1923=CARTESIAN_POINT('',(2.815E0,0.E0,-3.9E0));
#1924=VERTEX_POINT('',#1922);
#1925=VERTEX_POINT('',#1923);
#1926=CARTESIAN_POINT('',(3.6E0,0.E0,-7.5E-1));
#1927=VERTEX_POINT('',#1926);
#1928=CARTESIAN_POINT('',(3.6E0,0.E0,3.9E0));
#1929=CARTESIAN_POINT('',(3.6E0,0.E0,7.5E-1));
#1930=VERTEX_POINT('',#1928);
#1931=VERTEX_POINT('',#1929);
#1932=CARTESIAN_POINT('',(3.6E0,2.9E0,3.9E0));
#1933=VERTEX_POINT('',#1932);
#1934=CARTESIAN_POINT('',(2.815E0,2.9E0,-3.9E0));
#1935=CARTESIAN_POINT('',(3.6E0,2.9E0,-3.9E0));
#1936=VERTEX_POINT('',#1934);
#1937=VERTEX_POINT('',#1935);
#1938=CARTESIAN_POINT('',(3.6E0,5.E-1,3.9E0));
#1939=VERTEX_POINT('',#1938);
#1940=CARTESIAN_POINT('',(3.6E0,-4.5E-1,3.9E0));
#1941=VERTEX_POINT('',#1940);
#1942=CARTESIAN_POINT('',(2.929628572771E0,-4.5E-1,3.9E0));
#1943=VERTEX_POINT('',#1942);
#1944=CARTESIAN_POINT('',(3.519254386713E0,-1.292072930905E0,3.9E0));
#1945=VERTEX_POINT('',#1944);
#1946=CARTESIAN_POINT('',(4.065E0,-1.12E0,3.9E0));
#1947=VERTEX_POINT('',#1946);
#1948=CARTESIAN_POINT('',(4.065E0,-1.2E-1,3.9E0));
#1949=VERTEX_POINT('',#1948);
#1950=CARTESIAN_POINT('',(3.765E0,-4.2E-1,3.9E0));
#1951=VERTEX_POINT('',#1950);
#1952=CARTESIAN_POINT('',(3.63E0,-4.2E-1,3.9E0));
#1953=VERTEX_POINT('',#1952);
#1954=CARTESIAN_POINT('',(3.6E0,-2.583305092909E-1,7.5E-1));
#1955=VERTEX_POINT('',#1954);
#1956=CARTESIAN_POINT('',(3.6E0,-2.583305092909E-1,-7.5E-1));
#1957=VERTEX_POINT('',#1956);
#1958=CARTESIAN_POINT('',(3.6E0,-4.5E-1,-3.9E0));
#1959=VERTEX_POINT('',#1958);
#1960=CARTESIAN_POINT('',(3.63E0,-4.2E-1,-3.9E0));
#1961=VERTEX_POINT('',#1960);
#1962=CARTESIAN_POINT('',(3.765E0,-4.2E-1,-3.9E0));
#1963=VERTEX_POINT('',#1962);
#1964=CARTESIAN_POINT('',(4.065E0,-1.2E-1,-3.9E0));
#1965=VERTEX_POINT('',#1964);
#1966=CARTESIAN_POINT('',(4.065E0,-1.12E0,4.5E0));
#1967=VERTEX_POINT('',#1966);
#1968=CARTESIAN_POINT('',(4.065E0,-4.2E-1,4.5E0));
#1969=VERTEX_POINT('',#1968);
#1970=CARTESIAN_POINT('',(4.065E0,-4.2E-1,4.25E0));
#1971=VERTEX_POINT('',#1970);
#1972=CARTESIAN_POINT('',(4.065E0,6.43E0,4.25E0));
#1973=VERTEX_POINT('',#1972);
#1974=CARTESIAN_POINT('',(4.065E0,6.43E0,-4.25E0));
#1975=VERTEX_POINT('',#1974);
#1976=CARTESIAN_POINT('',(4.065E0,-4.2E-1,-4.25E0));
#1977=VERTEX_POINT('',#1976);
#1978=CARTESIAN_POINT('',(4.065E0,-4.2E-1,-4.5E0));
#1979=VERTEX_POINT('',#1978);
#1980=CARTESIAN_POINT('',(4.065E0,-1.12E0,-4.5E0));
#1981=VERTEX_POINT('',#1980);
#1982=CARTESIAN_POINT('',(4.065E0,-1.12E0,-3.9E0));
#1983=VERTEX_POINT('',#1982);
#1984=CARTESIAN_POINT('',(3.519254386713E0,-1.292072930905E0,4.5E0));
#1985=VERTEX_POINT('',#1984);
#1986=CARTESIAN_POINT('',(2.929628572771E0,-4.5E-1,4.1E0));
#1987=VERTEX_POINT('',#1986);
#1988=CARTESIAN_POINT('',(2.908622346625E0,-4.2E-1,4.1E0));
#1989=VERTEX_POINT('',#1988);
#1990=CARTESIAN_POINT('',(2.908622346625E0,-4.2E-1,4.5E0));
#1991=VERTEX_POINT('',#1990);
#1992=CARTESIAN_POINT('',(-2.899628572771E0,-4.5E-1,3.9E0));
#1993=CARTESIAN_POINT('',(-3.6E0,-4.5E-1,3.9E0));
#1994=VERTEX_POINT('',#1992);
#1995=VERTEX_POINT('',#1993);
#1996=CARTESIAN_POINT('',(-2.899628572771E0,-4.5E-1,4.1E0));
#1997=VERTEX_POINT('',#1996);
#1998=CARTESIAN_POINT('',(2.929628572771E0,-4.5E-1,-3.9E0));
#1999=VERTEX_POINT('',#1998);
#2000=CARTESIAN_POINT('',(2.929628572771E0,-4.5E-1,-4.1E0));
#2001=VERTEX_POINT('',#2000);
#2002=CARTESIAN_POINT('',(-2.899628572771E0,-4.5E-1,-4.1E0));
#2003=VERTEX_POINT('',#2002);
#2004=CARTESIAN_POINT('',(-2.899628572771E0,-4.5E-1,-3.9E0));
#2005=VERTEX_POINT('',#2004);
#2006=CARTESIAN_POINT('',(-3.6E0,-4.5E-1,-3.9E0));
#2007=VERTEX_POINT('',#2006);
#2008=CARTESIAN_POINT('',(-3.15E0,-4.5E-1,5.E-1));
#2009=CARTESIAN_POINT('',(-3.15E0,-4.5E-1,-5.E-1));
#2010=VERTEX_POINT('',#2008);
#2011=VERTEX_POINT('',#2009);
#2012=CARTESIAN_POINT('',(3.15E0,-4.5E-1,-5.E-1));
#2013=VERTEX_POINT('',#2012);
#2014=CARTESIAN_POINT('',(3.15E0,-4.5E-1,5.E-1));
#2015=VERTEX_POINT('',#2014);
#2016=CARTESIAN_POINT('',(-2.27E0,-4.5E-1,-2.225E0));
#2017=CARTESIAN_POINT('',(-2.27E0,-4.5E-1,-2.925E0));
#2018=VERTEX_POINT('',#2016);
#2019=VERTEX_POINT('',#2017);
#2020=CARTESIAN_POINT('',(-2.77E0,-4.5E-1,-2.225E0));
#2021=VERTEX_POINT('',#2020);
#2022=CARTESIAN_POINT('',(-2.77E0,-4.5E-1,-2.925E0));
#2023=VERTEX_POINT('',#2022);
#2024=CARTESIAN_POINT('',(-2.27E0,-4.5E-1,2.875E0));
#2025=CARTESIAN_POINT('',(-2.27E0,-4.5E-1,2.175E0));
#2026=VERTEX_POINT('',#2024);
#2027=VERTEX_POINT('',#2025);
#2028=CARTESIAN_POINT('',(-2.77E0,-4.5E-1,2.875E0));
#2029=VERTEX_POINT('',#2028);
#2030=CARTESIAN_POINT('',(-2.77E0,-4.5E-1,2.175E0));
#2031=VERTEX_POINT('',#2030);
#2032=CARTESIAN_POINT('',(2.81E0,-4.5E-1,2.925E0));
#2033=CARTESIAN_POINT('',(2.81E0,-4.5E-1,2.225E0));
#2034=VERTEX_POINT('',#2032);
#2035=VERTEX_POINT('',#2033);
#2036=CARTESIAN_POINT('',(2.31E0,-4.5E-1,2.925E0));
#2037=VERTEX_POINT('',#2036);
#2038=CARTESIAN_POINT('',(2.31E0,-4.5E-1,2.225E0));
#2039=VERTEX_POINT('',#2038);
#2040=CARTESIAN_POINT('',(2.81E0,-4.5E-1,-2.225E0));
#2041=CARTESIAN_POINT('',(2.81E0,-4.5E-1,-2.925E0));
#2042=VERTEX_POINT('',#2040);
#2043=VERTEX_POINT('',#2041);
#2044=CARTESIAN_POINT('',(2.31E0,-4.5E-1,-2.225E0));
#2045=VERTEX_POINT('',#2044);
#2046=CARTESIAN_POINT('',(2.31E0,-4.5E-1,-2.925E0));
#2047=VERTEX_POINT('',#2046);
#2048=CARTESIAN_POINT('',(2.7E-1,-4.5E-1,-2.225E0));
#2049=CARTESIAN_POINT('',(2.7E-1,-4.5E-1,-2.925E0));
#2050=VERTEX_POINT('',#2048);
#2051=VERTEX_POINT('',#2049);
#2052=CARTESIAN_POINT('',(-2.3E-1,-4.5E-1,-2.225E0));
#2053=VERTEX_POINT('',#2052);
#2054=CARTESIAN_POINT('',(-2.3E-1,-4.5E-1,-2.925E0));
#2055=VERTEX_POINT('',#2054);
#2056=CARTESIAN_POINT('',(-2.3E-1,-4.5E-1,2.175E0));
#2057=CARTESIAN_POINT('',(-2.3E-1,-4.5E-1,2.875E0));
#2058=VERTEX_POINT('',#2056);
#2059=VERTEX_POINT('',#2057);
#2060=CARTESIAN_POINT('',(2.7E-1,-4.5E-1,2.175E0));
#2061=VERTEX_POINT('',#2060);
#2062=CARTESIAN_POINT('',(2.7E-1,-4.5E-1,2.875E0));
#2063=VERTEX_POINT('',#2062);
#2064=CARTESIAN_POINT('',(-3.6E0,-4.2E-1,3.9E0));
#2065=VERTEX_POINT('',#2064);
#2066=CARTESIAN_POINT('',(-3.735E0,-4.2E-1,3.9E0));
#2067=VERTEX_POINT('',#2066);
#2068=CARTESIAN_POINT('',(-4.035E0,-1.2E-1,3.9E0));
#2069=VERTEX_POINT('',#2068);
#2070=CARTESIAN_POINT('',(-4.035E0,-1.12E0,3.9E0));
#2071=VERTEX_POINT('',#2070);
#2072=CARTESIAN_POINT('',(-3.489254386713E0,-1.292072930904E0,3.9E0));
#2073=VERTEX_POINT('',#2072);
#2074=CARTESIAN_POINT('',(-3.6E0,-4.2E-1,-3.9E0));
#2075=VERTEX_POINT('',#2074);
#2076=CARTESIAN_POINT('',(-3.735E0,-4.2E-1,-3.9E0));
#2077=VERTEX_POINT('',#2076);
#2078=CARTESIAN_POINT('',(-3.489254386713E0,-1.292072930905E0,-3.9E0));
#2079=VERTEX_POINT('',#2078);
#2080=CARTESIAN_POINT('',(-4.035E0,-1.12E0,-3.9E0));
#2081=VERTEX_POINT('',#2080);
#2082=CARTESIAN_POINT('',(-4.035E0,-1.2E-1,-3.9E0));
#2083=VERTEX_POINT('',#2082);
#2084=CARTESIAN_POINT('',(-2.878622346625E0,-4.2E-1,-4.1E0));
#2085=VERTEX_POINT('',#2084);
#2086=CARTESIAN_POINT('',(-2.878622346625E0,-4.2E-1,-4.5E0));
#2087=VERTEX_POINT('',#2086);
#2088=CARTESIAN_POINT('',(-3.489254386713E0,-1.292072930905E0,-4.5E0));
#2089=VERTEX_POINT('',#2088);
#2090=CARTESIAN_POINT('',(2.908622346625E0,-4.2E-1,-4.1E0));
#2091=VERTEX_POINT('',#2090);
#2092=CARTESIAN_POINT('',(2.908622346625E0,-4.2E-1,-4.5E0));
#2093=VERTEX_POINT('',#2092);
#2094=CARTESIAN_POINT('',(3.930831239518E0,-4.2E-1,-4.5E0));
#2095=VERTEX_POINT('',#2094);
#2096=CARTESIAN_POINT('',(3.765E0,-4.2E-1,-4.55E0));
#2097=VERTEX_POINT('',#2096);
#2098=CARTESIAN_POINT('',(-3.735E0,-4.2E-1,-4.55E0));
#2099=VERTEX_POINT('',#2098);
#2100=CARTESIAN_POINT('',(-3.900831239518E0,-4.2E-1,-4.5E0));
#2101=VERTEX_POINT('',#2100);
#2102=CARTESIAN_POINT('',(3.519254386713E0,-1.292072930905E0,-3.9E0));
#2103=VERTEX_POINT('',#2102);
#2104=CARTESIAN_POINT('',(3.519254386713E0,-1.292072930905E0,-4.5E0));
#2105=VERTEX_POINT('',#2104);
#2106=CARTESIAN_POINT('',(2.815E0,5.E-1,-3.9E0));
#2107=VERTEX_POINT('',#2106);
#2108=CARTESIAN_POINT('',(3.6E0,5.E-1,-3.9E0));
#2109=VERTEX_POINT('',#2108);
#2110=CARTESIAN_POINT('',(3.765E0,6.43E0,-4.55E0));
#2111=VERTEX_POINT('',#2110);
#2112=CARTESIAN_POINT('',(3.765E0,6.73E0,-4.25E0));
#2113=VERTEX_POINT('',#2112);
#2114=CARTESIAN_POINT('',(-3.735E0,6.73E0,-4.25E0));
#2115=VERTEX_POINT('',#2114);
#2116=CARTESIAN_POINT('',(-3.735E0,6.43E0,-4.55E0));
#2117=VERTEX_POINT('',#2116);
#2118=CARTESIAN_POINT('',(-3.685E0,6.73E0,-2.2E0));
#2119=CARTESIAN_POINT('',(-3.685E0,6.73E0,-2.425E0));
#2120=VERTEX_POINT('',#2118);
#2121=VERTEX_POINT('',#2119);
#2122=CARTESIAN_POINT('',(-3.735E0,6.73E0,-2.2E0));
#2123=VERTEX_POINT('',#2122);
#2124=CARTESIAN_POINT('',(3.765E0,6.73E0,-2.425E0));
#2125=VERTEX_POINT('',#2124);
#2126=CARTESIAN_POINT('',(-3.685E0,7.113218516866E0,-2.425E0));
#2127=VERTEX_POINT('',#2126);
#2128=CARTESIAN_POINT('',(-3.685E0,7.13E0,-2.422641516353E0));
#2129=VERTEX_POINT('',#2128);
#2130=CARTESIAN_POINT('',(-3.685E0,7.13E0,-2.2E0));
#2131=VERTEX_POINT('',#2130);
#2132=CARTESIAN_POINT('',(3.815E0,6.73E0,-2.425E0));
#2133=VERTEX_POINT('',#2132);
#2134=CARTESIAN_POINT('',(3.815E0,7.113218516866E0,-2.425E0));
#2135=VERTEX_POINT('',#2134);
#2136=CARTESIAN_POINT('',(3.765E0,6.73E0,2.525E0));
#2137=VERTEX_POINT('',#2136);
#2138=CARTESIAN_POINT('',(3.815E0,6.73E0,2.525E0));
#2139=VERTEX_POINT('',#2138);
#2140=CARTESIAN_POINT('',(3.765E0,6.73E0,4.25E0));
#2141=VERTEX_POINT('',#2140);
#2142=CARTESIAN_POINT('',(3.765E0,6.43E0,4.55E0));
#2143=VERTEX_POINT('',#2142);
#2144=CARTESIAN_POINT('',(-3.735E0,6.43E0,4.55E0));
#2145=VERTEX_POINT('',#2144);
#2146=CARTESIAN_POINT('',(-3.735E0,6.73E0,4.25E0));
#2147=VERTEX_POINT('',#2146);
#2148=CARTESIAN_POINT('',(3.765E0,-4.2E-1,4.55E0));
#2149=VERTEX_POINT('',#2148);
#2150=CARTESIAN_POINT('',(-3.735E0,-4.2E-1,4.55E0));
#2151=VERTEX_POINT('',#2150);
#2152=CARTESIAN_POINT('',(3.930831239518E0,-4.2E-1,4.5E0));
#2153=VERTEX_POINT('',#2152);
#2154=CARTESIAN_POINT('',(-2.878622346625E0,-4.2E-1,4.1E0));
#2155=VERTEX_POINT('',#2154);
#2156=CARTESIAN_POINT('',(-2.878622346625E0,-4.2E-1,4.5E0));
#2157=VERTEX_POINT('',#2156);
#2158=CARTESIAN_POINT('',(-3.900831239518E0,-4.2E-1,4.5E0));
#2159=VERTEX_POINT('',#2158);
#2160=CARTESIAN_POINT('',(-3.489254386713E0,-1.292072930905E0,4.5E0));
#2161=VERTEX_POINT('',#2160);
#2162=CARTESIAN_POINT('',(-4.035E0,-1.12E0,4.5E0));
#2163=VERTEX_POINT('',#2162);
#2164=CARTESIAN_POINT('',(-4.035E0,2.3E-1,-2.2E0));
#2165=CARTESIAN_POINT('',(-4.035E0,6.43E0,-2.2E0));
#2166=VERTEX_POINT('',#2164);
#2167=VERTEX_POINT('',#2165);
#2168=CARTESIAN_POINT('',(-4.035E0,2.3E-1,-9.E-1));
#2169=VERTEX_POINT('',#2168);
#2170=CARTESIAN_POINT('',(-4.035E0,3.83E0,-9.E-1));
#2171=VERTEX_POINT('',#2170);
#2172=CARTESIAN_POINT('',(-4.035E0,3.83E0,-3.E-1));
#2173=VERTEX_POINT('',#2172);
#2174=CARTESIAN_POINT('',(-4.035E0,3.83E0,4.E-1));
#2175=VERTEX_POINT('',#2174);
#2176=CARTESIAN_POINT('',(-4.035E0,3.83E0,1.E0));
#2177=VERTEX_POINT('',#2176);
#2178=CARTESIAN_POINT('',(-4.035E0,2.3E-1,1.E0));
#2179=VERTEX_POINT('',#2178);
#2180=CARTESIAN_POINT('',(-4.035E0,2.3E-1,2.3E0));
#2181=VERTEX_POINT('',#2180);
#2182=CARTESIAN_POINT('',(-4.035E0,6.43E0,2.3E0));
#2183=VERTEX_POINT('',#2182);
#2184=CARTESIAN_POINT('',(-4.035E0,6.43E0,4.25E0));
#2185=VERTEX_POINT('',#2184);
#2186=CARTESIAN_POINT('',(-4.035E0,-4.2E-1,4.25E0));
#2187=VERTEX_POINT('',#2186);
#2188=CARTESIAN_POINT('',(-4.035E0,-4.2E-1,4.5E0));
#2189=VERTEX_POINT('',#2188);
#2190=CARTESIAN_POINT('',(-4.035E0,-1.12E0,-4.5E0));
#2191=VERTEX_POINT('',#2190);
#2192=CARTESIAN_POINT('',(-4.035E0,-4.2E-1,-4.5E0));
#2193=VERTEX_POINT('',#2192);
#2194=CARTESIAN_POINT('',(-4.035E0,-4.2E-1,-4.25E0));
#2195=VERTEX_POINT('',#2194);
#2196=CARTESIAN_POINT('',(-4.035E0,6.43E0,-4.25E0));
#2197=VERTEX_POINT('',#2196);
#2198=CARTESIAN_POINT('',(-4.035E0,6.73E0,-2.2E0));
#2199=VERTEX_POINT('',#2198);
#2200=CARTESIAN_POINT('',(-4.035E0,7.13E0,-2.2E0));
#2201=VERTEX_POINT('',#2200);
#2202=CARTESIAN_POINT('',(-4.435E0,6.73E0,-2.2E0));
#2203=VERTEX_POINT('',#2202);
#2204=CARTESIAN_POINT('',(-4.435E0,2.3E-1,-2.2E0));
#2205=VERTEX_POINT('',#2204);
#2206=CARTESIAN_POINT('',(-4.035E0,6.73E0,2.3E0));
#2207=VERTEX_POINT('',#2206);
#2208=CARTESIAN_POINT('',(-3.735E0,6.73E0,2.3E0));
#2209=VERTEX_POINT('',#2208);
#2210=CARTESIAN_POINT('',(-4.435E0,2.3E-1,2.3E0));
#2211=VERTEX_POINT('',#2210);
#2212=CARTESIAN_POINT('',(-4.435E0,6.73E0,2.3E0));
#2213=VERTEX_POINT('',#2212);
#2214=CARTESIAN_POINT('',(-4.035E0,7.13E0,2.3E0));
#2215=VERTEX_POINT('',#2214);
#2216=CARTESIAN_POINT('',(-3.685E0,7.13E0,2.3E0));
#2217=VERTEX_POINT('',#2216);
#2218=CARTESIAN_POINT('',(-3.685E0,6.73E0,2.3E0));
#2219=VERTEX_POINT('',#2218);
#2220=CARTESIAN_POINT('',(-4.435E0,2.3E-1,1.E0));
#2221=VERTEX_POINT('',#2220);
#2222=CARTESIAN_POINT('',(-4.435E0,3.83E0,1.E0));
#2223=VERTEX_POINT('',#2222);
#2224=CARTESIAN_POINT('',(-4.435E0,3.83E0,4.E-1));
#2225=VERTEX_POINT('',#2224);
#2226=CARTESIAN_POINT('',(-4.435E0,3.43E0,4.E-1));
#2227=VERTEX_POINT('',#2226);
#2228=CARTESIAN_POINT('',(-7.485E0,3.43E0,4.E-1));
#2229=VERTEX_POINT('',#2228);
#2230=CARTESIAN_POINT('',(-7.485E0,3.83E0,4.E-1));
#2231=VERTEX_POINT('',#2230);
#2232=CARTESIAN_POINT('',(-4.435E0,3.43E0,-3.E-1));
#2233=VERTEX_POINT('',#2232);
#2234=CARTESIAN_POINT('',(-4.435E0,3.83E0,-3.E-1));
#2235=VERTEX_POINT('',#2234);
#2236=CARTESIAN_POINT('',(-7.485E0,3.83E0,-3.E-1));
#2237=VERTEX_POINT('',#2236);
#2238=CARTESIAN_POINT('',(-7.485E0,3.43E0,-3.E-1));
#2239=VERTEX_POINT('',#2238);
#2240=CARTESIAN_POINT('',(-4.435E0,3.83E0,-9.E-1));
#2241=VERTEX_POINT('',#2240);
#2242=CARTESIAN_POINT('',(-4.435E0,2.3E-1,-9.E-1));
#2243=VERTEX_POINT('',#2242);
#2244=CARTESIAN_POINT('',(-4.435E0,5.73E0,3.5E-1));
#2245=CARTESIAN_POINT('',(-4.435E0,5.73E0,-2.5E-1));
#2246=VERTEX_POINT('',#2244);
#2247=VERTEX_POINT('',#2245);
#2248=CARTESIAN_POINT('',(-4.435E0,1.23E0,-1.904748083124E0));
#2249=CARTESIAN_POINT('',(-4.435E0,1.23E0,-1.195251916876E0));
#2250=VERTEX_POINT('',#2248);
#2251=VERTEX_POINT('',#2249);
#2252=CARTESIAN_POINT('',(-4.435E0,1.23E0,1.295251916876E0));
#2253=CARTESIAN_POINT('',(-4.435E0,1.23E0,2.004748083124E0));
#2254=VERTEX_POINT('',#2252);
#2255=VERTEX_POINT('',#2253);
#2256=CARTESIAN_POINT('',(-1.540920361636E0,7.13E0,2.522641516353E0));
#2257=CARTESIAN_POINT('',(-3.685E0,7.13E0,2.522641516353E0));
#2258=VERTEX_POINT('',#2256);
#2259=VERTEX_POINT('',#2257);
#2260=CARTESIAN_POINT('',(-1.540920361636E0,7.13E0,-2.422641516353E0));
#2261=VERTEX_POINT('',#2260);
#2262=CARTESIAN_POINT('',(-3.685E0,7.113218516866E0,2.525E0));
#2263=CARTESIAN_POINT('',(3.815E0,7.113218516866E0,2.525E0));
#2264=VERTEX_POINT('',#2262);
#2265=VERTEX_POINT('',#2263);
#2266=VERTEX_POINT('',#795);
#2267=CARTESIAN_POINT('',(1.641507383250E0,7.83E0,2.424262932061E0));
#2268=VERTEX_POINT('',#2267);
#2269=VERTEX_POINT('',#767);
#2270=CARTESIAN_POINT('',(3.815E0,7.13E0,2.522641516353E0));
#2271=VERTEX_POINT('',#2270);
#2272=CARTESIAN_POINT('',(-3.685E0,6.73E0,2.525E0));
#2273=VERTEX_POINT('',#2272);
#2274=CARTESIAN_POINT('',(3.815E0,7.13E0,-2.422641516353E0));
#2275=VERTEX_POINT('',#2274);
#2276=CARTESIAN_POINT('',(1.670920361637E0,7.13E0,-2.422641516353E0));
#2277=VERTEX_POINT('',#2276);
#2278=CARTESIAN_POINT('',(1.641507383250E0,7.83E0,-2.324262932061E0));
#2279=VERTEX_POINT('',#2278);
#2280=CARTESIAN_POINT('',(-1.511507383250E0,7.83E0,-2.324262932061E0));
#2281=VERTEX_POINT('',#2280);
#2282=CARTESIAN_POINT('',(2.514873730932E0,7.83E0,2.512626906826E-2));
#2283=CARTESIAN_POINT('',(1.371465996625E0,7.83E0,-2.1E0));
#2284=VERTEX_POINT('',#2282);
#2285=VERTEX_POINT('',#2283);
#2286=CARTESIAN_POINT('',(-1.341465943882E0,7.83E0,-2.1E0));
#2287=VERTEX_POINT('',#2286);
#2288=CARTESIAN_POINT('',(-1.341465996625E0,7.83E0,2.1E0));
#2289=VERTEX_POINT('',#2288);
#2290=CARTESIAN_POINT('',(1.371465943872E0,7.83E0,2.1E0));
#2291=VERTEX_POINT('',#2290);
#2292=CARTESIAN_POINT('',(2.514873730932E0,7.03E0,2.512626906826E-2));
#2293=VERTEX_POINT('',#2292);
#2294=CARTESIAN_POINT('',(1.371465996625E0,7.03E0,2.1E0));
#2295=VERTEX_POINT('',#2294);
#2296=CARTESIAN_POINT('',(1.371466013948E0,8.729998339414E0,2.100000016605E0));
#2297=VERTEX_POINT('',#2296);
#2298=CARTESIAN_POINT('',(2.515E0,8.729996888815E0,0.E0));
#2299=VERTEX_POINT('',#2298);
#2300=CARTESIAN_POINT('',(1.371465996625E0,8.729996888815E0,-2.1E0));
#2301=VERTEX_POINT('',#2300);
#2302=CARTESIAN_POINT('',(-1.341466014008E0,8.729998339688E0,2.100000016574E0));
#2303=VERTEX_POINT('',#2302);
#2304=CARTESIAN_POINT('',(-1.341466013978E0,8.729998339688E0,
-2.100000016594E0));
#2305=VERTEX_POINT('',#2304);
#2306=CARTESIAN_POINT('',(-2.485E0,8.729996889362E0,0.E0));
#2307=VERTEX_POINT('',#2306);
#2308=CARTESIAN_POINT('',(-1.281148720235E0,8.929998471891E0,
-1.899999834847E0));
#2309=CARTESIAN_POINT('',(1.311148720234E0,8.929998471639E0,-1.899999834839E0));
#2310=VERTEX_POINT('',#2308);
#2311=VERTEX_POINT('',#2309);
#2312=CARTESIAN_POINT('',(-1.281148269656E0,1.252999682265E1,
-1.899999999914E0));
#2313=CARTESIAN_POINT('',(1.311148269754E0,1.252999682269E1,-1.899999999840E0));
#2314=VERTEX_POINT('',#2312);
#2315=VERTEX_POINT('',#2313);
#2316=CARTESIAN_POINT('',(-1.201550934258E0,1.277999997126E1,
-1.649997581345E0));
#2317=CARTESIAN_POINT('',(1.231550934105E0,1.277999997126E1,-1.649997581494E0));
#2318=VERTEX_POINT('',#2316);
#2319=VERTEX_POINT('',#2317);
#2320=CARTESIAN_POINT('',(2.064994696412E0,1.278E1,0.E0));
#2321=VERTEX_POINT('',#2320);
#2322=CARTESIAN_POINT('',(1.231544824175E0,1.278E1,1.649999074572E0));
#2323=VERTEX_POINT('',#2322);
#2324=CARTESIAN_POINT('',(-1.201551000609E0,1.277999997126E1,1.649997581468E0));
#2325=VERTEX_POINT('',#2324);
#2326=CARTESIAN_POINT('',(-2.034994696342E0,1.278E1,0.E0));
#2327=VERTEX_POINT('',#2326);
#2328=CARTESIAN_POINT('',(2.315000000004E0,1.252999404961E1,0.E0));
#2329=CARTESIAN_POINT('',(1.311148139684E0,1.252999404961E1,1.900000000003E0));
#2330=VERTEX_POINT('',#2328);
#2331=VERTEX_POINT('',#2329);
#2332=CARTESIAN_POINT('',(1.311148139682E0,8.929997137710E0,1.9E0));
#2333=CARTESIAN_POINT('',(2.315E0,8.929997137710E0,0.E0));
#2334=VERTEX_POINT('',#2332);
#2335=VERTEX_POINT('',#2333);
#2336=VERTEX_POINT('',#991);
#2337=CARTESIAN_POINT('',(-2.285E0,8.929997138213E0,0.E0));
#2338=VERTEX_POINT('',#2337);
#2339=CARTESIAN_POINT('',(-2.285E0,1.252999404954E1,0.E0));
#2340=VERTEX_POINT('',#2339);
#2341=CARTESIAN_POINT('',(-1.281148139682E0,1.252999404954E1,1.9E0));
#2342=VERTEX_POINT('',#2341);
#2343=CARTESIAN_POINT('',(-7.835E0,3.83E0,5.E-2));
#2344=VERTEX_POINT('',#2343);
#2345=CARTESIAN_POINT('',(-7.835E0,3.43E0,5.E-2));
#2346=VERTEX_POINT('',#2345);
#2347=CARTESIAN_POINT('',(-4.535E0,5.73E0,5.E-2));
#2348=VERTEX_POINT('',#2347);
#2349=CARTESIAN_POINT('',(-4.535E0,1.23E0,-1.55E0));
#2350=VERTEX_POINT('',#2349);
#2351=CARTESIAN_POINT('',(-4.535E0,1.23E0,1.65E0));
#2352=VERTEX_POINT('',#2351);
#2353=CARTESIAN_POINT('',(-3.15E0,-8.E-1,5.E-1));
#2354=VERTEX_POINT('',#2353);
#2355=CARTESIAN_POINT('',(-3.15E0,-1.3E0,0.E0));
#2356=VERTEX_POINT('',#2355);
#2357=CARTESIAN_POINT('',(-3.15E0,-8.E-1,-5.E-1));
#2358=VERTEX_POINT('',#2357);
#2359=CARTESIAN_POINT('',(3.15E0,-8.E-1,5.E-1));
#2360=VERTEX_POINT('',#2359);
#2361=CARTESIAN_POINT('',(3.15E0,-8.E-1,-5.E-1));
#2362=VERTEX_POINT('',#2361);
#2363=CARTESIAN_POINT('',(3.15E0,-1.3E0,0.E0));
#2364=VERTEX_POINT('',#2363);
#2365=CARTESIAN_POINT('',(-2.27E0,-1.15E0,-2.925E0));
#2366=VERTEX_POINT('',#2365);
#2367=CARTESIAN_POINT('',(-2.27E0,-1.15E0,-2.225E0));
#2368=VERTEX_POINT('',#2367);
#2369=CARTESIAN_POINT('',(-2.77E0,-1.15E0,-2.925E0));
#2370=VERTEX_POINT('',#2369);
#2371=CARTESIAN_POINT('',(-1.697E1,-1.15E0,-2.925E0));
#2372=VERTEX_POINT('',#2371);
#2373=CARTESIAN_POINT('',(-1.697E1,-1.65E0,-2.925E0));
#2374=VERTEX_POINT('',#2373);
#2375=CARTESIAN_POINT('',(-2.77E0,-1.65E0,-2.925E0));
#2376=VERTEX_POINT('',#2375);
#2377=CARTESIAN_POINT('',(-2.77E0,-1.15E0,-2.225E0));
#2378=VERTEX_POINT('',#2377);
#2379=CARTESIAN_POINT('',(-2.77E0,-1.65E0,-2.225E0));
#2380=VERTEX_POINT('',#2379);
#2381=CARTESIAN_POINT('',(-1.697E1,-1.65E0,-2.225E0));
#2382=VERTEX_POINT('',#2381);
#2383=CARTESIAN_POINT('',(-1.697E1,-1.15E0,-2.225E0));
#2384=VERTEX_POINT('',#2383);
#2385=CARTESIAN_POINT('',(-2.27E0,-1.15E0,2.175E0));
#2386=VERTEX_POINT('',#2385);
#2387=CARTESIAN_POINT('',(-2.27E0,-1.15E0,2.875E0));
#2388=VERTEX_POINT('',#2387);
#2389=CARTESIAN_POINT('',(-2.77E0,-1.15E0,2.175E0));
#2390=VERTEX_POINT('',#2389);
#2391=CARTESIAN_POINT('',(-1.697E1,-1.15E0,2.175E0));
#2392=VERTEX_POINT('',#2391);
#2393=CARTESIAN_POINT('',(-1.697E1,-1.65E0,2.175E0));
#2394=VERTEX_POINT('',#2393);
#2395=CARTESIAN_POINT('',(-2.77E0,-1.65E0,2.175E0));
#2396=VERTEX_POINT('',#2395);
#2397=CARTESIAN_POINT('',(-2.77E0,-1.15E0,2.875E0));
#2398=VERTEX_POINT('',#2397);
#2399=CARTESIAN_POINT('',(-2.77E0,-1.65E0,2.875E0));
#2400=VERTEX_POINT('',#2399);
#2401=CARTESIAN_POINT('',(-1.697E1,-1.65E0,2.875E0));
#2402=VERTEX_POINT('',#2401);
#2403=CARTESIAN_POINT('',(-1.697E1,-1.15E0,2.875E0));
#2404=VERTEX_POINT('',#2403);
#2405=CARTESIAN_POINT('',(2.81E0,-6.23E0,2.225E0));
#2406=VERTEX_POINT('',#2405);
#2407=CARTESIAN_POINT('',(2.81E0,-6.23E0,2.925E0));
#2408=VERTEX_POINT('',#2407);
#2409=CARTESIAN_POINT('',(2.31E0,-6.23E0,2.225E0));
#2410=VERTEX_POINT('',#2409);
#2411=CARTESIAN_POINT('',(-9.19E0,-6.23E0,2.225E0));
#2412=VERTEX_POINT('',#2411);
#2413=CARTESIAN_POINT('',(-9.19E0,-6.73E0,2.225E0));
#2414=VERTEX_POINT('',#2413);
#2415=CARTESIAN_POINT('',(2.31E0,-6.73E0,2.225E0));
#2416=VERTEX_POINT('',#2415);
#2417=CARTESIAN_POINT('',(2.31E0,-6.23E0,2.925E0));
#2418=VERTEX_POINT('',#2417);
#2419=CARTESIAN_POINT('',(2.31E0,-6.73E0,2.925E0));
#2420=VERTEX_POINT('',#2419);
#2421=CARTESIAN_POINT('',(-9.19E0,-6.73E0,2.925E0));
#2422=VERTEX_POINT('',#2421);
#2423=CARTESIAN_POINT('',(-9.19E0,-6.23E0,2.925E0));
#2424=VERTEX_POINT('',#2423);
#2425=CARTESIAN_POINT('',(2.81E0,-6.23E0,-2.925E0));
#2426=VERTEX_POINT('',#2425);
#2427=CARTESIAN_POINT('',(2.81E0,-6.23E0,-2.225E0));
#2428=VERTEX_POINT('',#2427);
#2429=CARTESIAN_POINT('',(2.31E0,-6.23E0,-2.925E0));
#2430=VERTEX_POINT('',#2429);
#2431=CARTESIAN_POINT('',(-8.19E0,-6.23E0,-2.925E0));
#2432=VERTEX_POINT('',#2431);
#2433=CARTESIAN_POINT('',(-8.19E0,-6.73E0,-2.925E0));
#2434=VERTEX_POINT('',#2433);
#2435=CARTESIAN_POINT('',(2.31E0,-6.73E0,-2.925E0));
#2436=VERTEX_POINT('',#2435);
#2437=CARTESIAN_POINT('',(2.31E0,-6.23E0,-2.225E0));
#2438=VERTEX_POINT('',#2437);
#2439=CARTESIAN_POINT('',(2.31E0,-6.73E0,-2.225E0));
#2440=VERTEX_POINT('',#2439);
#2441=CARTESIAN_POINT('',(-8.19E0,-6.73E0,-2.225E0));
#2442=VERTEX_POINT('',#2441);
#2443=CARTESIAN_POINT('',(-8.19E0,-6.23E0,-2.225E0));
#2444=VERTEX_POINT('',#2443);
#2445=CARTESIAN_POINT('',(2.7E-1,-3.94E0,-2.925E0));
#2446=VERTEX_POINT('',#2445);
#2447=CARTESIAN_POINT('',(2.7E-1,-3.94E0,-2.225E0));
#2448=VERTEX_POINT('',#2447);
#2449=CARTESIAN_POINT('',(-2.3E-1,-3.94E0,-2.925E0));
#2450=VERTEX_POINT('',#2449);
#2451=CARTESIAN_POINT('',(-2.3E-1,-3.94E0,-2.225E0));
#2452=VERTEX_POINT('',#2451);
#2453=CARTESIAN_POINT('',(-2.3E-1,-4.44E0,-2.225E0));
#2454=VERTEX_POINT('',#2453);
#2455=CARTESIAN_POINT('',(-1.379E1,-4.44E0,-2.225E0));
#2456=VERTEX_POINT('',#2455);
#2457=CARTESIAN_POINT('',(-1.379E1,-3.94E0,-2.225E0));
#2458=VERTEX_POINT('',#2457);
#2459=CARTESIAN_POINT('',(-2.3E-1,-4.44E0,-2.925E0));
#2460=VERTEX_POINT('',#2459);
#2461=CARTESIAN_POINT('',(-1.379E1,-4.44E0,-2.925E0));
#2462=VERTEX_POINT('',#2461);
#2463=CARTESIAN_POINT('',(-1.379E1,-3.94E0,-2.925E0));
#2464=VERTEX_POINT('',#2463);
#2465=CARTESIAN_POINT('',(-2.3E-1,-3.69E0,2.875E0));
#2466=VERTEX_POINT('',#2465);
#2467=CARTESIAN_POINT('',(-2.3E-1,-3.69E0,2.175E0));
#2468=VERTEX_POINT('',#2467);
#2469=CARTESIAN_POINT('',(2.7E-1,-3.69E0,2.875E0));
#2470=VERTEX_POINT('',#2469);
#2471=CARTESIAN_POINT('',(2.7E-1,-3.69E0,2.175E0));
#2472=VERTEX_POINT('',#2471);
#2473=CARTESIAN_POINT('',(-2.3E-1,-4.19E0,2.175E0));
#2474=VERTEX_POINT('',#2473);
#2475=CARTESIAN_POINT('',(-1.404E1,-3.69E0,2.175E0));
#2476=VERTEX_POINT('',#2475);
#2477=CARTESIAN_POINT('',(-1.404E1,-4.19E0,2.175E0));
#2478=VERTEX_POINT('',#2477);
#2479=CARTESIAN_POINT('',(-1.404E1,-3.69E0,2.875E0));
#2480=VERTEX_POINT('',#2479);
#2481=CARTESIAN_POINT('',(-2.3E-1,-4.19E0,2.875E0));
#2482=VERTEX_POINT('',#2481);
#2483=CARTESIAN_POINT('',(-1.404E1,-4.19E0,2.875E0));
#2484=VERTEX_POINT('',#2483);
#2485=CARTESIAN_POINT('',(3.63E0,-4.2E-1,3.9E0));
#2486=DIRECTION('',(0.E0,0.E0,1.E0));
#2487=DIRECTION('',(-1.E0,0.E0,0.E0));
#2488=AXIS2_PLACEMENT_3D('',#2485,#2486,#2487);
#2489=PLANE('',#2488);
#2491=ORIENTED_EDGE('',*,*,#2490,.T.);
#2493=ORIENTED_EDGE('',*,*,#2492,.F.);
#2495=ORIENTED_EDGE('',*,*,#2494,.T.);
#2497=ORIENTED_EDGE('',*,*,#2496,.T.);
#2499=ORIENTED_EDGE('',*,*,#2498,.T.);
#2501=ORIENTED_EDGE('',*,*,#2500,.F.);
#2503=ORIENTED_EDGE('',*,*,#2502,.T.);
#2505=ORIENTED_EDGE('',*,*,#2504,.F.);
#2507=ORIENTED_EDGE('',*,*,#2506,.T.);
#2509=ORIENTED_EDGE('',*,*,#2508,.T.);
#2511=ORIENTED_EDGE('',*,*,#2510,.T.);
#2513=ORIENTED_EDGE('',*,*,#2512,.T.);
#2515=ORIENTED_EDGE('',*,*,#2514,.T.);
#2517=ORIENTED_EDGE('',*,*,#2516,.T.);
#2519=ORIENTED_EDGE('',*,*,#2518,.T.);
#2520=EDGE_LOOP('',(#2491,#2493,#2495,#2497,#2499,#2501,#2503,#2505,#2507,#2509,
#2511,#2513,#2515,#2517,#2519));
#2521=FACE_OUTER_BOUND('',#2520,.F.);
#2522=ADVANCED_FACE('',(#2521),#2489,.F.);
#2523=CARTESIAN_POINT('',(3.6E0,0.E0,-4.1E0));
#2524=DIRECTION('',(1.E0,0.E0,0.E0));
#2525=DIRECTION('',(0.E0,0.E0,1.E0));
#2526=AXIS2_PLACEMENT_3D('',#2523,#2524,#2525);
#2527=PLANE('',#2526);
#2528=ORIENTED_EDGE('',*,*,#2492,.T.);
#2530=ORIENTED_EDGE('',*,*,#2529,.T.);
#2532=ORIENTED_EDGE('',*,*,#2531,.T.);
#2534=ORIENTED_EDGE('',*,*,#2533,.T.);
#2536=ORIENTED_EDGE('',*,*,#2535,.T.);
#2538=ORIENTED_EDGE('',*,*,#2537,.T.);
#2540=ORIENTED_EDGE('',*,*,#2539,.F.);
#2542=ORIENTED_EDGE('',*,*,#2541,.F.);
#2543=EDGE_LOOP('',(#2528,#2530,#2532,#2534,#2536,#2538,#2540,#2542));
#2544=FACE_OUTER_BOUND('',#2543,.F.);
#2545=ADVANCED_FACE('',(#2544),#2527,.T.);
#2546=CARTESIAN_POINT('',(4.065E0,-4.2E-1,-4.55E0));
#2547=DIRECTION('',(0.E0,-1.E0,0.E0));
#2548=DIRECTION('',(0.E0,0.E0,1.E0));
#2549=AXIS2_PLACEMENT_3D('',#2546,#2547,#2548);
#2550=PLANE('',#2549);
#2552=ORIENTED_EDGE('',*,*,#2551,.F.);
#2554=ORIENTED_EDGE('',*,*,#2553,.F.);
#2556=ORIENTED_EDGE('',*,*,#2555,.T.);
#2557=ORIENTED_EDGE('',*,*,#2504,.T.);
#2558=EDGE_LOOP('',(#2552,#2554,#2556,#2557));
#2559=FACE_OUTER_BOUND('',#2558,.F.);
#2560=ADVANCED_FACE('',(#2559),#2550,.T.);
#2561=CARTESIAN_POINT('',(3.765E0,-1.2E-1,4.527661845247E0));
#2562=DIRECTION('',(0.E0,0.E0,-1.E0));
#2563=DIRECTION('',(1.E0,0.E0,0.E0));
#2564=AXIS2_PLACEMENT_3D('',#2561,#2562,#2563);
#2565=CYLINDRICAL_SURFACE('',#2564,3.E-1);
#2566=ORIENTED_EDGE('',*,*,#2551,.T.);
#2567=ORIENTED_EDGE('',*,*,#2502,.F.);
#2569=ORIENTED_EDGE('',*,*,#2568,.T.);
#2571=ORIENTED_EDGE('',*,*,#2570,.F.);
#2572=EDGE_LOOP('',(#2566,#2567,#2569,#2571));
#2573=FACE_OUTER_BOUND('',#2572,.F.);
#2574=ADVANCED_FACE('',(#2573),#2565,.T.);
#2575=CARTESIAN_POINT('',(4.065E0,-4.2E-1,0.E0));
#2576=DIRECTION('',(-1.E0,0.E0,0.E0));
#2577=DIRECTION('',(0.E0,0.E0,1.E0));
#2578=AXIS2_PLACEMENT_3D('',#2575,#2576,#2577);
#2579=PLANE('',#2578);
#2580=ORIENTED_EDGE('',*,*,#2568,.F.);
#2581=ORIENTED_EDGE('',*,*,#2500,.T.);
#2583=ORIENTED_EDGE('',*,*,#2582,.F.);
#2585=ORIENTED_EDGE('',*,*,#2584,.T.);
#2587=ORIENTED_EDGE('',*,*,#2586,.T.);
#2589=ORIENTED_EDGE('',*,*,#2588,.F.);
#2591=ORIENTED_EDGE('',*,*,#2590,.F.);
#2593=ORIENTED_EDGE('',*,*,#2592,.F.);
#2595=ORIENTED_EDGE('',*,*,#2594,.F.);
#2597=ORIENTED_EDGE('',*,*,#2596,.F.);
#2599=ORIENTED_EDGE('',*,*,#2598,.F.);
#2601=ORIENTED_EDGE('',*,*,#2600,.T.);
#2602=EDGE_LOOP('',(#2580,#2581,#2583,#2585,#2587,#2589,#2591,#2593,#2595,#2597,
#2599,#2601));
#2603=FACE_OUTER_BOUND('',#2602,.F.);
#2604=ADVANCED_FACE('',(#2603),#2579,.F.);
#2605=CARTESIAN_POINT('',(3.765E0,-1.12E0,3.9E0));
#2606=DIRECTION('',(0.E0,0.E0,-1.E0));
#2607=DIRECTION('',(-1.E0,0.E0,0.E0));
#2608=AXIS2_PLACEMENT_3D('',#2605,#2606,#2607);
#2609=CYLINDRICAL_SURFACE('',#2608,3.E-1);
#2610=ORIENTED_EDGE('',*,*,#2498,.F.);
#2612=ORIENTED_EDGE('',*,*,#2611,.T.);
#2614=ORIENTED_EDGE('',*,*,#2613,.F.);
#2615=ORIENTED_EDGE('',*,*,#2582,.T.);
#2616=EDGE_LOOP('',(#2610,#2612,#2614,#2615));
#2617=FACE_OUTER_BOUND('',#2616,.F.);
#2618=ADVANCED_FACE('',(#2617),#2609,.T.);
#2619=CARTESIAN_POINT('',(3.519254386713E0,-1.292072930905E0,3.9E0));
#2620=DIRECTION('',(-8.191520442890E-1,-5.735764363510E-1,0.E0));
#2621=DIRECTION('',(-5.735764363510E-1,8.191520442890E-1,0.E0));
#2622=AXIS2_PLACEMENT_3D('',#2619,#2620,#2621);
#2623=PLANE('',#2622);
#2625=ORIENTED_EDGE('',*,*,#2624,.F.);
#2627=ORIENTED_EDGE('',*,*,#2626,.F.);
#2629=ORIENTED_EDGE('',*,*,#2628,.T.);
#2631=ORIENTED_EDGE('',*,*,#2630,.F.);
#2632=ORIENTED_EDGE('',*,*,#2611,.F.);
#2633=ORIENTED_EDGE('',*,*,#2496,.F.);
#2634=EDGE_LOOP('',(#2625,#2627,#2629,#2631,#2632,#2633));
#2635=FACE_OUTER_BOUND('',#2634,.F.);
#2636=ADVANCED_FACE('',(#2635),#2623,.T.);
#2637=CARTESIAN_POINT('',(0.E0,-4.5E-1,0.E0));
#2638=DIRECTION('',(0.E0,-1.E0,0.E0));
#2639=DIRECTION('',(0.E0,0.E0,-1.E0));
#2640=AXIS2_PLACEMENT_3D('',#2637,#2638,#2639);
#2641=PLANE('',#2640);
#2643=ORIENTED_EDGE('',*,*,#2642,.F.);
#2645=ORIENTED_EDGE('',*,*,#2644,.F.);
#2647=ORIENTED_EDGE('',*,*,#2646,.T.);
#2648=ORIENTED_EDGE('',*,*,#2624,.T.);
#2649=ORIENTED_EDGE('',*,*,#2494,.F.);
#2650=ORIENTED_EDGE('',*,*,#2541,.T.);
#2652=ORIENTED_EDGE('',*,*,#2651,.T.);
#2654=ORIENTED_EDGE('',*,*,#2653,.F.);
#2656=ORIENTED_EDGE('',*,*,#2655,.T.);
#2658=ORIENTED_EDGE('',*,*,#2657,.T.);
#2660=ORIENTED_EDGE('',*,*,#2659,.T.);
#2662=ORIENTED_EDGE('',*,*,#2661,.T.);
#2663=EDGE_LOOP('',(#2643,#2645,#2647,#2648,#2649,#2650,#2652,#2654,#2656,#2658,
#2660,#2662));
#2664=FACE_OUTER_BOUND('',#2663,.F.);
#2665=ADVANCED_FACE('',(#2664),#2641,.T.);
#2666=CARTESIAN_POINT('',(3.63E0,-4.2E-1,3.9E0));
#2667=DIRECTION('',(0.E0,0.E0,1.E0));
#2668=DIRECTION('',(-1.E0,0.E0,0.E0));
#2669=AXIS2_PLACEMENT_3D('',#2666,#2667,#2668);
#2670=PLANE('',#2669);
#2671=ORIENTED_EDGE('',*,*,#2642,.T.);
#2673=ORIENTED_EDGE('',*,*,#2672,.T.);
#2675=ORIENTED_EDGE('',*,*,#2674,.T.);
#2677=ORIENTED_EDGE('',*,*,#2676,.T.);
#2679=ORIENTED_EDGE('',*,*,#2678,.F.);
#2681=ORIENTED_EDGE('',*,*,#2680,.T.);
#2683=ORIENTED_EDGE('',*,*,#2682,.T.);
#2684=EDGE_LOOP('',(#2671,#2673,#2675,#2677,#2679,#2681,#2683));
#2685=FACE_OUTER_BOUND('',#2684,.F.);
#2686=ADVANCED_FACE('',(#2685),#2670,.F.);
#2687=CARTESIAN_POINT('',(-3.6E0,0.E0,4.1E0));
#2688=DIRECTION('',(-1.E0,0.E0,0.E0));
#2689=DIRECTION('',(0.E0,0.E0,-1.E0));
#2690=AXIS2_PLACEMENT_3D('',#2687,#2688,#2689);
#2691=PLANE('',#2690);
#2693=ORIENTED_EDGE('',*,*,#2692,.T.);
#2694=ORIENTED_EDGE('',*,*,#2672,.F.);
#2695=ORIENTED_EDGE('',*,*,#2661,.F.);
#2697=ORIENTED_EDGE('',*,*,#2696,.T.);
#2698=EDGE_LOOP('',(#2693,#2694,#2695,#2697));
#2699=FACE_OUTER_BOUND('',#2698,.F.);
#2700=ADVANCED_FACE('',(#2699),#2691,.T.);
#2701=CARTESIAN_POINT('',(4.065E0,-4.2E-1,-4.55E0));
#2702=DIRECTION('',(0.E0,-1.E0,0.E0));
#2703=DIRECTION('',(0.E0,0.E0,1.E0));
#2704=AXIS2_PLACEMENT_3D('',#2701,#2702,#2703);
#2705=PLANE('',#2704);
#2707=ORIENTED_EDGE('',*,*,#2706,.T.);
#2709=ORIENTED_EDGE('',*,*,#2708,.F.);
#2710=ORIENTED_EDGE('',*,*,#2674,.F.);
#2711=ORIENTED_EDGE('',*,*,#2692,.F.);
#2712=EDGE_LOOP('',(#2707,#2709,#2710,#2711));
#2713=FACE_OUTER_BOUND('',#2712,.F.);
#2714=ADVANCED_FACE('',(#2713),#2705,.T.);
#2715=CARTESIAN_POINT('',(-3.6E0,-4.2E-1,-3.9E0));
#2716=DIRECTION('',(0.E0,0.E0,-1.E0));
#2717=DIRECTION('',(1.E0,0.E0,0.E0));
#2718=AXIS2_PLACEMENT_3D('',#2715,#2716,#2717);
#2719=PLANE('',#2718);
#2720=ORIENTED_EDGE('',*,*,#2659,.F.);
#2722=ORIENTED_EDGE('',*,*,#2721,.T.);
#2724=ORIENTED_EDGE('',*,*,#2723,.T.);
#2726=ORIENTED_EDGE('',*,*,#2725,.F.);
#2728=ORIENTED_EDGE('',*,*,#2727,.T.);
#2729=ORIENTED_EDGE('',*,*,#2706,.F.);
#2730=ORIENTED_EDGE('',*,*,#2696,.F.);
#2731=EDGE_LOOP('',(#2720,#2722,#2724,#2726,#2728,#2729,#2730));
#2732=FACE_OUTER_BOUND('',#2731,.F.);
#2733=ADVANCED_FACE('',(#2732),#2719,.F.);
#2734=CARTESIAN_POINT('',(-3.489254386713E0,-1.292072930905E0,-3.9E0));
#2735=DIRECTION('',(8.191520442890E-1,-5.735764363510E-1,0.E0));
#2736=DIRECTION('',(5.735764363510E-1,8.191520442890E-1,0.E0));
#2737=AXIS2_PLACEMENT_3D('',#2734,#2735,#2736);
#2738=PLANE('',#2737);
#2739=ORIENTED_EDGE('',*,*,#2657,.F.);
#2741=ORIENTED_EDGE('',*,*,#2740,.F.);
#2743=ORIENTED_EDGE('',*,*,#2742,.T.);
#2745=ORIENTED_EDGE('',*,*,#2744,.F.);
#2747=ORIENTED_EDGE('',*,*,#2746,.F.);
#2748=ORIENTED_EDGE('',*,*,#2721,.F.);
#2749=EDGE_LOOP('',(#2739,#2741,#2743,#2745,#2747,#2748));
#2750=FACE_OUTER_BOUND('',#2749,.F.);
#2751=ADVANCED_FACE('',(#2750),#2738,.T.);
#2752=CARTESIAN_POINT('',(-3.6E0,0.E0,-4.1E0));
#2753=DIRECTION('',(0.E0,0.E0,-1.E0));
#2754=DIRECTION('',(1.E0,0.E0,0.E0));
#2755=AXIS2_PLACEMENT_3D('',#2752,#2753,#2754);
#2756=PLANE('',#2755);
#2758=ORIENTED_EDGE('',*,*,#2757,.T.);
#2759=ORIENTED_EDGE('',*,*,#2740,.T.);
#2760=ORIENTED_EDGE('',*,*,#2655,.F.);
#2762=ORIENTED_EDGE('',*,*,#2761,.T.);
#2763=EDGE_LOOP('',(#2758,#2759,#2760,#2762));
#2764=FACE_OUTER_BOUND('',#2763,.F.);
#2765=ADVANCED_FACE('',(#2764),#2756,.T.);
#2766=CARTESIAN_POINT('',(4.065E0,-4.2E-1,-4.55E0));
#2767=DIRECTION('',(0.E0,-1.E0,0.E0));
#2768=DIRECTION('',(0.E0,0.E0,1.E0));
#2769=AXIS2_PLACEMENT_3D('',#2766,#2767,#2768);
#2770=PLANE('',#2769);
#2771=ORIENTED_EDGE('',*,*,#2757,.F.);
#2773=ORIENTED_EDGE('',*,*,#2772,.T.);
#2775=ORIENTED_EDGE('',*,*,#2774,.T.);
#2777=ORIENTED_EDGE('',*,*,#2776,.T.);
#2779=ORIENTED_EDGE('',*,*,#2778,.F.);
#2781=ORIENTED_EDGE('',*,*,#2780,.T.);
#2783=ORIENTED_EDGE('',*,*,#2782,.F.);
#2784=ORIENTED_EDGE('',*,*,#2742,.F.);
#2785=EDGE_LOOP('',(#2771,#2773,#2775,#2777,#2779,#2781,#2783,#2784));
#2786=FACE_OUTER_BOUND('',#2785,.F.);
#2787=ADVANCED_FACE('',(#2786),#2770,.T.);
#2788=CARTESIAN_POINT('',(3.519254386713E0,-1.292072930905E0,-3.9E0));
#2789=DIRECTION('',(8.191520442890E-1,5.735764363510E-1,0.E0));
#2790=DIRECTION('',(-5.735764363510E-1,8.191520442890E-1,0.E0));
#2791=AXIS2_PLACEMENT_3D('',#2788,#2789,#2790);
#2792=PLANE('',#2791);
#2793=ORIENTED_EDGE('',*,*,#2653,.T.);
#2795=ORIENTED_EDGE('',*,*,#2794,.F.);
#2797=ORIENTED_EDGE('',*,*,#2796,.F.);
#2799=ORIENTED_EDGE('',*,*,#2798,.F.);
#2800=ORIENTED_EDGE('',*,*,#2772,.F.);
#2801=ORIENTED_EDGE('',*,*,#2761,.F.);
#2802=EDGE_LOOP('',(#2793,#2795,#2797,#2799,#2800,#2801));
#2803=FACE_OUTER_BOUND('',#2802,.F.);
#2804=ADVANCED_FACE('',(#2803),#2792,.F.);
#2805=CARTESIAN_POINT('',(-3.6E0,-4.2E-1,-3.9E0));
#2806=DIRECTION('',(0.E0,0.E0,-1.E0));
#2807=DIRECTION('',(1.E0,0.E0,0.E0));
#2808=AXIS2_PLACEMENT_3D('',#2805,#2806,#2807);
#2809=PLANE('',#2808);
#2811=ORIENTED_EDGE('',*,*,#2810,.T.);
#2813=ORIENTED_EDGE('',*,*,#2812,.T.);
#2815=ORIENTED_EDGE('',*,*,#2814,.T.);
#2817=ORIENTED_EDGE('',*,*,#2816,.T.);
#2819=ORIENTED_EDGE('',*,*,#2818,.T.);
#2821=ORIENTED_EDGE('',*,*,#2820,.T.);
#2823=ORIENTED_EDGE('',*,*,#2822,.T.);
#2825=ORIENTED_EDGE('',*,*,#2824,.T.);
#2826=ORIENTED_EDGE('',*,*,#2553,.T.);
#2827=ORIENTED_EDGE('',*,*,#2570,.T.);
#2828=ORIENTED_EDGE('',*,*,#2600,.F.);
#2830=ORIENTED_EDGE('',*,*,#2829,.T.);
#2831=ORIENTED_EDGE('',*,*,#2794,.T.);
#2832=ORIENTED_EDGE('',*,*,#2651,.F.);
#2833=ORIENTED_EDGE('',*,*,#2539,.T.);
#2834=EDGE_LOOP('',(#2811,#2813,#2815,#2817,#2819,#2821,#2823,#2825,#2826,#2827,
#2828,#2830,#2831,#2832,#2833));
#2835=FACE_OUTER_BOUND('',#2834,.F.);
#2836=ADVANCED_FACE('',(#2835),#2809,.F.);
#2837=CARTESIAN_POINT('',(3.765E0,-1.12E0,-3.9E0));
#2838=DIRECTION('',(0.E0,0.E0,-1.E0));
#2839=DIRECTION('',(-1.E0,0.E0,0.E0));
#2840=AXIS2_PLACEMENT_3D('',#2837,#2838,#2839);
#2841=CYLINDRICAL_SURFACE('',#2840,3.E-1);
#2842=ORIENTED_EDGE('',*,*,#2829,.F.);
#2843=ORIENTED_EDGE('',*,*,#2598,.T.);
#2845=ORIENTED_EDGE('',*,*,#2844,.F.);
#2846=ORIENTED_EDGE('',*,*,#2796,.T.);
#2847=EDGE_LOOP('',(#2842,#2843,#2845,#2846));
#2848=FACE_OUTER_BOUND('',#2847,.F.);
#2849=ADVANCED_FACE('',(#2848),#2841,.T.);
#2850=CARTESIAN_POINT('',(-4.035E0,-4.2E-1,-4.5E0));
#2851=DIRECTION('',(0.E0,0.E0,-1.E0));
#2852=DIRECTION('',(-1.E0,0.E0,0.E0));
#2853=AXIS2_PLACEMENT_3D('',#2850,#2851,#2852);
#2854=PLANE('',#2853);
#2856=ORIENTED_EDGE('',*,*,#2855,.F.);
#2857=ORIENTED_EDGE('',*,*,#2774,.F.);
#2858=ORIENTED_EDGE('',*,*,#2798,.T.);
#2859=ORIENTED_EDGE('',*,*,#2844,.T.);
#2860=ORIENTED_EDGE('',*,*,#2596,.T.);
#2861=EDGE_LOOP('',(#2856,#2857,#2858,#2859,#2860));
#2862=FACE_OUTER_BOUND('',#2861,.F.);
#2863=ADVANCED_FACE('',(#2862),#2854,.T.);
#2864=CARTESIAN_POINT('',(4.065E0,-4.2E-1,-4.55E0));
#2865=DIRECTION('',(0.E0,-1.E0,0.E0));
#2866=DIRECTION('',(0.E0,0.E0,1.E0));
#2867=AXIS2_PLACEMENT_3D('',#2864,#2865,#2866);
#2868=PLANE('',#2867);
#2869=ORIENTED_EDGE('',*,*,#2855,.T.);
#2870=ORIENTED_EDGE('',*,*,#2594,.T.);
#2872=ORIENTED_EDGE('',*,*,#2871,.T.);
#2873=EDGE_LOOP('',(#2869,#2870,#2872));
#2874=FACE_OUTER_BOUND('',#2873,.F.);
#2875=ADVANCED_FACE('',(#2874),#2868,.F.);
#2876=CARTESIAN_POINT('',(3.765E0,-1.156936100620E0,-4.25E0));
#2877=DIRECTION('',(0.E0,1.E0,0.E0));
#2878=DIRECTION('',(1.E0,0.E0,0.E0));
#2879=AXIS2_PLACEMENT_3D('',#2876,#2877,#2878);
#2880=CYLINDRICAL_SURFACE('',#2879,3.E-1);
#2881=ORIENTED_EDGE('',*,*,#2776,.F.);
#2882=ORIENTED_EDGE('',*,*,#2871,.F.);
#2883=ORIENTED_EDGE('',*,*,#2592,.T.);
#2885=ORIENTED_EDGE('',*,*,#2884,.F.);
#2887=ORIENTED_EDGE('',*,*,#2886,.T.);
#2888=EDGE_LOOP('',(#2881,#2882,#2883,#2885,#2887));
#2889=FACE_OUTER_BOUND('',#2888,.F.);
#2890=ADVANCED_FACE('',(#2889),#2880,.T.);
#2891=CARTESIAN_POINT('',(3.765E0,6.43E0,-4.25E0));
#2892=DIRECTION('',(1.E0,0.E0,0.E0));
#2893=DIRECTION('',(0.E0,-1.E0,0.E0));
#2894=AXIS2_PLACEMENT_3D('',#2891,#2892,#2893);
#2895=SPHERICAL_SURFACE('',#2894,3.E-1);
#2897=ORIENTED_EDGE('',*,*,#2896,.T.);
#2898=ORIENTED_EDGE('',*,*,#2884,.T.);
#2900=ORIENTED_EDGE('',*,*,#2899,.T.);
#2901=EDGE_LOOP('',(#2897,#2898,#2900));
#2902=FACE_OUTER_BOUND('',#2901,.F.);
#2903=ADVANCED_FACE('',(#2902),#2895,.T.);
#2904=CARTESIAN_POINT('',(-4.064276069985E0,6.43E0,-4.25E0));
#2905=DIRECTION('',(1.E0,0.E0,0.E0));
#2906=DIRECTION('',(0.E0,0.E0,-1.E0));
#2907=AXIS2_PLACEMENT_3D('',#2904,#2905,#2906);
#2908=CYLINDRICAL_SURFACE('',#2907,3.E-1);
#2910=ORIENTED_EDGE('',*,*,#2909,.T.);
#2912=ORIENTED_EDGE('',*,*,#2911,.F.);
#2914=ORIENTED_EDGE('',*,*,#2913,.T.);
#2915=ORIENTED_EDGE('',*,*,#2896,.F.);
#2916=EDGE_LOOP('',(#2910,#2912,#2914,#2915));
#2917=FACE_OUTER_BOUND('',#2916,.F.);
#2918=ADVANCED_FACE('',(#2917),#2908,.T.);
#2919=CARTESIAN_POINT('',(4.065E0,6.73E0,4.55E0));
#2920=DIRECTION('',(0.E0,1.E0,0.E0));
#2921=DIRECTION('',(0.E0,0.E0,-1.E0));
#2922=AXIS2_PLACEMENT_3D('',#2919,#2920,#2921);
#2923=PLANE('',#2922);
#2925=ORIENTED_EDGE('',*,*,#2924,.F.);
#2927=ORIENTED_EDGE('',*,*,#2926,.T.);
#2929=ORIENTED_EDGE('',*,*,#2928,.F.);
#2930=ORIENTED_EDGE('',*,*,#2909,.F.);
#2932=ORIENTED_EDGE('',*,*,#2931,.F.);
#2934=ORIENTED_EDGE('',*,*,#2933,.F.);
#2935=EDGE_LOOP('',(#2925,#2927,#2929,#2930,#2932,#2934));
#2936=FACE_OUTER_BOUND('',#2935,.F.);
#2937=ADVANCED_FACE('',(#2936),#2923,.T.);
#2938=CARTESIAN_POINT('',(-3.685E0,6.73E0,-2.5E0));
#2939=DIRECTION('',(-1.E0,0.E0,0.E0));
#2940=DIRECTION('',(0.E0,0.E0,1.E0));
#2941=AXIS2_PLACEMENT_3D('',#2938,#2939,#2940);
#2942=PLANE('',#2941);
#2943=ORIENTED_EDGE('',*,*,#2924,.T.);
#2945=ORIENTED_EDGE('',*,*,#2944,.F.);
#2947=ORIENTED_EDGE('',*,*,#2946,.T.);
#2949=ORIENTED_EDGE('',*,*,#2948,.F.);
#2951=ORIENTED_EDGE('',*,*,#2950,.T.);
#2952=EDGE_LOOP('',(#2943,#2945,#2947,#2949,#2951));
#2953=FACE_OUTER_BOUND('',#2952,.F.);
#2954=ADVANCED_FACE('',(#2953),#2942,.T.);
#2955=CARTESIAN_POINT('',(4.98E0,6.73E0,-2.425E0));
#2956=DIRECTION('',(0.E0,0.E0,1.E0));
#2957=DIRECTION('',(0.E0,1.E0,0.E0));
#2958=AXIS2_PLACEMENT_3D('',#2955,#2956,#2957);
#2959=PLANE('',#2958);
#2960=ORIENTED_EDGE('',*,*,#2933,.T.);
#2962=ORIENTED_EDGE('',*,*,#2961,.T.);
#2964=ORIENTED_EDGE('',*,*,#2963,.F.);
#2966=ORIENTED_EDGE('',*,*,#2965,.F.);
#2967=ORIENTED_EDGE('',*,*,#2944,.T.);
#2968=EDGE_LOOP('',(#2960,#2962,#2964,#2966,#2967));
#2969=FACE_OUTER_BOUND('',#2968,.F.);
#2970=ADVANCED_FACE('',(#2969),#2959,.F.);
#2971=CARTESIAN_POINT('',(3.765E0,6.43E0,-4.580156148163E0));
#2972=DIRECTION('',(0.E0,0.E0,1.E0));
#2973=DIRECTION('',(1.E0,0.E0,0.E0));
#2974=AXIS2_PLACEMENT_3D('',#2971,#2972,#2973);
#2975=CYLINDRICAL_SURFACE('',#2974,3.E-1);
#2977=ORIENTED_EDGE('',*,*,#2976,.T.);
#2978=ORIENTED_EDGE('',*,*,#2931,.T.);
#2979=ORIENTED_EDGE('',*,*,#2899,.F.);
#2980=ORIENTED_EDGE('',*,*,#2590,.T.);
#2982=ORIENTED_EDGE('',*,*,#2981,.F.);
#2984=ORIENTED_EDGE('',*,*,#2983,.T.);
#2985=EDGE_LOOP('',(#2977,#2978,#2979,#2980,#2982,#2984));
#2986=FACE_OUTER_BOUND('',#2985,.F.);
#2987=ADVANCED_FACE('',(#2986),#2975,.T.);
#2988=CARTESIAN_POINT('',(3.765E0,6.43E0,4.25E0));
#2989=DIRECTION('',(1.E0,0.E0,0.E0));
#2990=DIRECTION('',(0.E0,0.E0,-1.E0));
#2991=AXIS2_PLACEMENT_3D('',#2988,#2989,#2990);
#2992=SPHERICAL_SURFACE('',#2991,3.E-1);
#2994=ORIENTED_EDGE('',*,*,#2993,.T.);
#2995=ORIENTED_EDGE('',*,*,#2981,.T.);
#2997=ORIENTED_EDGE('',*,*,#2996,.T.);
#2998=EDGE_LOOP('',(#2994,#2995,#2997));
#2999=FACE_OUTER_BOUND('',#2998,.F.);
#3000=ADVANCED_FACE('',(#2999),#2992,.T.);
#3001=CARTESIAN_POINT('',(-4.064276069985E0,6.43E0,4.25E0));
#3002=DIRECTION('',(1.E0,0.E0,0.E0));
#3003=DIRECTION('',(0.E0,1.E0,0.E0));
#3004=AXIS2_PLACEMENT_3D('',#3001,#3002,#3003);
#3005=CYLINDRICAL_SURFACE('',#3004,3.E-1);
#3007=ORIENTED_EDGE('',*,*,#3006,.T.);
#3009=ORIENTED_EDGE('',*,*,#3008,.F.);
#3011=ORIENTED_EDGE('',*,*,#3010,.T.);
#3012=ORIENTED_EDGE('',*,*,#2993,.F.);
#3013=EDGE_LOOP('',(#3007,#3009,#3011,#3012));
#3014=FACE_OUTER_BOUND('',#3013,.F.);
#3015=ADVANCED_FACE('',(#3014),#3005,.T.);
#3016=CARTESIAN_POINT('',(4.065E0,-4.2E-1,4.55E0));
#3017=DIRECTION('',(0.E0,0.E0,1.E0));
#3018=DIRECTION('',(0.E0,1.E0,0.E0));
#3019=AXIS2_PLACEMENT_3D('',#3016,#3017,#3018);
#3020=PLANE('',#3019);
#3022=ORIENTED_EDGE('',*,*,#3021,.F.);
#3024=ORIENTED_EDGE('',*,*,#3023,.F.);
#3026=ORIENTED_EDGE('',*,*,#3025,.F.);
#3027=ORIENTED_EDGE('',*,*,#3006,.F.);
#3028=EDGE_LOOP('',(#3022,#3024,#3026,#3027));
#3029=FACE_OUTER_BOUND('',#3028,.F.);
#3030=ADVANCED_FACE('',(#3029),#3020,.T.);
#3031=CARTESIAN_POINT('',(3.765E0,6.771081952867E0,4.25E0));
#3032=DIRECTION('',(0.E0,-1.E0,0.E0));
#3033=DIRECTION('',(1.E0,0.E0,0.E0));
#3034=AXIS2_PLACEMENT_3D('',#3031,#3032,#3033);
#3035=CYLINDRICAL_SURFACE('',#3034,3.E-1);
#3037=ORIENTED_EDGE('',*,*,#3036,.F.);
#3038=ORIENTED_EDGE('',*,*,#3021,.T.);
#3039=ORIENTED_EDGE('',*,*,#2996,.F.);
#3040=ORIENTED_EDGE('',*,*,#2588,.T.);
#3042=ORIENTED_EDGE('',*,*,#3041,.F.);
#3043=EDGE_LOOP('',(#3037,#3038,#3039,#3040,#3042));
#3044=FACE_OUTER_BOUND('',#3043,.F.);
#3045=ADVANCED_FACE('',(#3044),#3035,.T.);
#3046=CARTESIAN_POINT('',(4.065E0,-4.2E-1,-4.55E0));
#3047=DIRECTION('',(0.E0,-1.E0,0.E0));
#3048=DIRECTION('',(0.E0,0.E0,1.E0));
#3049=AXIS2_PLACEMENT_3D('',#3046,#3047,#3048);
#3050=PLANE('',#3049);
#3052=ORIENTED_EDGE('',*,*,#3051,.F.);
#3054=ORIENTED_EDGE('',*,*,#3053,.T.);
#3056=ORIENTED_EDGE('',*,*,#3055,.T.);
#3058=ORIENTED_EDGE('',*,*,#3057,.T.);
#3059=ORIENTED_EDGE('',*,*,#3023,.T.);
#3060=ORIENTED_EDGE('',*,*,#3036,.T.);
#3062=ORIENTED_EDGE('',*,*,#3061,.F.);
#3063=ORIENTED_EDGE('',*,*,#2628,.F.);
#3064=EDGE_LOOP('',(#3052,#3054,#3056,#3058,#3059,#3060,#3062,#3063));
#3065=FACE_OUTER_BOUND('',#3064,.F.);
#3066=ADVANCED_FACE('',(#3065),#3050,.T.);
#3067=CARTESIAN_POINT('',(3.6E0,0.E0,4.1E0));
#3068=DIRECTION('',(0.E0,0.E0,1.E0));
#3069=DIRECTION('',(-1.E0,0.E0,0.E0));
#3070=AXIS2_PLACEMENT_3D('',#3067,#3068,#3069);
#3071=PLANE('',#3070);
#3072=ORIENTED_EDGE('',*,*,#3051,.T.);
#3073=ORIENTED_EDGE('',*,*,#2626,.T.);
#3074=ORIENTED_EDGE('',*,*,#2646,.F.);
#3076=ORIENTED_EDGE('',*,*,#3075,.T.);
#3077=EDGE_LOOP('',(#3072,#3073,#3074,#3076));
#3078=FACE_OUTER_BOUND('',#3077,.F.);
#3079=ADVANCED_FACE('',(#3078),#3071,.T.);
#3080=CARTESIAN_POINT('',(-3.489254386713E0,-1.292072930905E0,3.9E0));
#3081=DIRECTION('',(-8.191520442890E-1,5.735764363510E-1,0.E0));
#3082=DIRECTION('',(5.735764363510E-1,8.191520442890E-1,0.E0));
#3083=AXIS2_PLACEMENT_3D('',#3080,#3081,#3082);
#3084=PLANE('',#3083);
#3085=ORIENTED_EDGE('',*,*,#2644,.T.);
#3086=ORIENTED_EDGE('',*,*,#2682,.F.);
#3088=ORIENTED_EDGE('',*,*,#3087,.F.);
#3090=ORIENTED_EDGE('',*,*,#3089,.F.);
#3091=ORIENTED_EDGE('',*,*,#3053,.F.);
#3092=ORIENTED_EDGE('',*,*,#3075,.F.);
#3093=EDGE_LOOP('',(#3085,#3086,#3088,#3090,#3091,#3092));
#3094=FACE_OUTER_BOUND('',#3093,.F.);
#3095=ADVANCED_FACE('',(#3094),#3084,.F.);
#3096=CARTESIAN_POINT('',(-3.735E0,-1.12E0,3.9E0));
#3097=DIRECTION('',(0.E0,0.E0,1.E0));
#3098=DIRECTION('',(1.E0,0.E0,0.E0));
#3099=AXIS2_PLACEMENT_3D('',#3096,#3097,#3098);
#3100=CYLINDRICAL_SURFACE('',#3099,3.E-1);
#3101=ORIENTED_EDGE('',*,*,#2680,.F.);
#3103=ORIENTED_EDGE('',*,*,#3102,.T.);
#3105=ORIENTED_EDGE('',*,*,#3104,.F.);
#3106=ORIENTED_EDGE('',*,*,#3087,.T.);
#3107=EDGE_LOOP('',(#3101,#3103,#3105,#3106));
#3108=FACE_OUTER_BOUND('',#3107,.F.);
#3109=ADVANCED_FACE('',(#3108),#3100,.T.);
#3110=CARTESIAN_POINT('',(-4.035E0,-4.2E-1,0.E0));
#3111=DIRECTION('',(-1.E0,0.E0,0.E0));
#3112=DIRECTION('',(0.E0,0.E0,1.E0));
#3113=AXIS2_PLACEMENT_3D('',#3110,#3111,#3112);
#3114=PLANE('',#3113);
#3116=ORIENTED_EDGE('',*,*,#3115,.F.);
#3118=ORIENTED_EDGE('',*,*,#3117,.T.);
#3120=ORIENTED_EDGE('',*,*,#3119,.T.);
#3122=ORIENTED_EDGE('',*,*,#3121,.T.);
#3124=ORIENTED_EDGE('',*,*,#3123,.F.);
#3126=ORIENTED_EDGE('',*,*,#3125,.T.);
#3128=ORIENTED_EDGE('',*,*,#3127,.T.);
#3130=ORIENTED_EDGE('',*,*,#3129,.T.);
#3132=ORIENTED_EDGE('',*,*,#3131,.T.);
#3134=ORIENTED_EDGE('',*,*,#3133,.F.);
#3136=ORIENTED_EDGE('',*,*,#3135,.F.);
#3138=ORIENTED_EDGE('',*,*,#3137,.F.);
#3140=ORIENTED_EDGE('',*,*,#3139,.F.);
#3141=ORIENTED_EDGE('',*,*,#3102,.F.);
#3142=ORIENTED_EDGE('',*,*,#2678,.T.);
#3144=ORIENTED_EDGE('',*,*,#3143,.F.);
#3145=ORIENTED_EDGE('',*,*,#2725,.T.);
#3147=ORIENTED_EDGE('',*,*,#3146,.F.);
#3149=ORIENTED_EDGE('',*,*,#3148,.T.);
#3151=ORIENTED_EDGE('',*,*,#3150,.T.);
#3153=ORIENTED_EDGE('',*,*,#3152,.F.);
#3155=ORIENTED_EDGE('',*,*,#3154,.F.);
#3156=EDGE_LOOP('',(#3116,#3118,#3120,#3122,#3124,#3126,#3128,#3130,#3132,#3134,
#3136,#3138,#3140,#3141,#3142,#3144,#3145,#3147,#3149,#3151,#3153,#3155));
#3157=FACE_OUTER_BOUND('',#3156,.F.);
#3158=ADVANCED_FACE('',(#3157),#3114,.T.);
#3159=CARTESIAN_POINT('',(-3.685E0,7.13E0,-2.2E0));
#3160=DIRECTION('',(0.E0,0.E0,-1.E0));
#3161=DIRECTION('',(-1.E0,0.E0,0.E0));
#3162=AXIS2_PLACEMENT_3D('',#3159,#3160,#3161);
#3163=PLANE('',#3162);
#3164=ORIENTED_EDGE('',*,*,#3115,.T.);
#3166=ORIENTED_EDGE('',*,*,#3165,.T.);
#3168=ORIENTED_EDGE('',*,*,#3167,.T.);
#3169=ORIENTED_EDGE('',*,*,#2926,.F.);
#3170=ORIENTED_EDGE('',*,*,#2950,.F.);
#3172=ORIENTED_EDGE('',*,*,#3171,.F.);
#3174=ORIENTED_EDGE('',*,*,#3173,.T.);
#3176=ORIENTED_EDGE('',*,*,#3175,.T.);
#3178=ORIENTED_EDGE('',*,*,#3177,.F.);
#3179=EDGE_LOOP('',(#3164,#3166,#3168,#3169,#3170,#3172,#3174,#3176,#3178));
#3180=FACE_OUTER_BOUND('',#3179,.F.);
#3181=ADVANCED_FACE('',(#3180),#3163,.T.);
#3182=CARTESIAN_POINT('',(-4.035E0,6.73E0,-2.2E0));
#3183=DIRECTION('',(1.E0,0.E0,0.E0));
#3184=DIRECTION('',(0.E0,0.E0,1.E0));
#3185=AXIS2_PLACEMENT_3D('',#3182,#3183,#3184);
#3186=PLANE('',#3185);
#3188=ORIENTED_EDGE('',*,*,#3187,.F.);
#3190=ORIENTED_EDGE('',*,*,#3189,.T.);
#3192=ORIENTED_EDGE('',*,*,#3191,.T.);
#3193=ORIENTED_EDGE('',*,*,#3165,.F.);
#3194=EDGE_LOOP('',(#3188,#3190,#3192,#3193));
#3195=FACE_OUTER_BOUND('',#3194,.F.);
#3196=ADVANCED_FACE('',(#3195),#3186,.T.);
#3197=CARTESIAN_POINT('',(-3.735E0,6.43E0,4.577661844961E0));
#3198=DIRECTION('',(0.E0,0.E0,-1.E0));
#3199=DIRECTION('',(-1.E0,0.E0,0.E0));
#3200=AXIS2_PLACEMENT_3D('',#3197,#3198,#3199);
#3201=CYLINDRICAL_SURFACE('',#3200,3.E-1);
#3203=ORIENTED_EDGE('',*,*,#3202,.T.);
#3205=ORIENTED_EDGE('',*,*,#3204,.T.);
#3207=ORIENTED_EDGE('',*,*,#3206,.F.);
#3208=ORIENTED_EDGE('',*,*,#3133,.T.);
#3209=ORIENTED_EDGE('',*,*,#3187,.T.);
#3210=ORIENTED_EDGE('',*,*,#3154,.T.);
#3212=ORIENTED_EDGE('',*,*,#3211,.F.);
#3213=ORIENTED_EDGE('',*,*,#2928,.T.);
#3214=EDGE_LOOP('',(#3203,#3205,#3207,#3208,#3209,#3210,#3212,#3213));
#3215=FACE_OUTER_BOUND('',#3214,.F.);
#3216=ADVANCED_FACE('',(#3215),#3201,.T.);
#3217=CARTESIAN_POINT('',(6.5E-2,6.73E0,5.E-2));
#3218=DIRECTION('',(0.E0,1.E0,0.E0));
#3219=DIRECTION('',(0.E0,0.E0,1.E0));
#3220=AXIS2_PLACEMENT_3D('',#3217,#3218,#3219);
#3221=PLANE('',#3220);
#3222=ORIENTED_EDGE('',*,*,#3202,.F.);
#3223=ORIENTED_EDGE('',*,*,#3167,.F.);
#3224=ORIENTED_EDGE('',*,*,#3191,.F.);
#3226=ORIENTED_EDGE('',*,*,#3225,.F.);
#3227=EDGE_LOOP('',(#3222,#3223,#3224,#3226));
#3228=FACE_OUTER_BOUND('',#3227,.F.);
#3229=ADVANCED_FACE('',(#3228),#3221,.F.);
#3230=CARTESIAN_POINT('',(-4.435E0,7.13E0,2.3E0));
#3231=DIRECTION('',(0.E0,0.E0,1.E0));
#3232=DIRECTION('',(1.E0,0.E0,0.E0));
#3233=AXIS2_PLACEMENT_3D('',#3230,#3231,#3232);
#3234=PLANE('',#3233);
#3235=ORIENTED_EDGE('',*,*,#3131,.F.);
#3237=ORIENTED_EDGE('',*,*,#3236,.F.);
#3239=ORIENTED_EDGE('',*,*,#3238,.T.);
#3241=ORIENTED_EDGE('',*,*,#3240,.T.);
#3243=ORIENTED_EDGE('',*,*,#3242,.F.);
#3245=ORIENTED_EDGE('',*,*,#3244,.T.);
#3247=ORIENTED_EDGE('',*,*,#3246,.T.);
#3248=ORIENTED_EDGE('',*,*,#3225,.T.);
#3249=ORIENTED_EDGE('',*,*,#3189,.F.);
#3250=EDGE_LOOP('',(#3235,#3237,#3239,#3241,#3243,#3245,#3247,#3248,#3249));
#3251=FACE_OUTER_BOUND('',#3250,.F.);
#3252=ADVANCED_FACE('',(#3251),#3234,.T.);
#3253=CARTESIAN_POINT('',(6.5E-2,2.3E-1,5.E-2));
#3254=DIRECTION('',(0.E0,-1.E0,0.E0));
#3255=DIRECTION('',(-1.E0,0.E0,0.E0));
#3256=AXIS2_PLACEMENT_3D('',#3253,#3254,#3255);
#3257=PLANE('',#3256);
#3258=ORIENTED_EDGE('',*,*,#3129,.F.);
#3260=ORIENTED_EDGE('',*,*,#3259,.F.);
#3262=ORIENTED_EDGE('',*,*,#3261,.T.);
#3263=ORIENTED_EDGE('',*,*,#3236,.T.);
#3264=EDGE_LOOP('',(#3258,#3260,#3262,#3263));
#3265=FACE_OUTER_BOUND('',#3264,.F.);
#3266=ADVANCED_FACE('',(#3265),#3257,.T.);
#3267=CARTESIAN_POINT('',(-4.435E0,2.3E-1,1.E0));
#3268=DIRECTION('',(0.E0,0.E0,1.E0));
#3269=DIRECTION('',(0.E0,1.E0,0.E0));
#3270=AXIS2_PLACEMENT_3D('',#3267,#3268,#3269);
#3271=PLANE('',#3270);
#3272=ORIENTED_EDGE('',*,*,#3127,.F.);
#3274=ORIENTED_EDGE('',*,*,#3273,.T.);
#3276=ORIENTED_EDGE('',*,*,#3275,.T.);
#3277=ORIENTED_EDGE('',*,*,#3259,.T.);
#3278=EDGE_LOOP('',(#3272,#3274,#3276,#3277));
#3279=FACE_OUTER_BOUND('',#3278,.F.);
#3280=ADVANCED_FACE('',(#3279),#3271,.F.);
#3281=CARTESIAN_POINT('',(-4.435E0,3.83E0,1.E0));
#3282=DIRECTION('',(0.E0,1.E0,0.E0));
#3283=DIRECTION('',(0.E0,0.E0,-1.E0));
#3284=AXIS2_PLACEMENT_3D('',#3281,#3282,#3283);
#3285=PLANE('',#3284);
#3286=ORIENTED_EDGE('',*,*,#3125,.F.);
#3288=ORIENTED_EDGE('',*,*,#3287,.T.);
#3290=ORIENTED_EDGE('',*,*,#3289,.T.);
#3291=ORIENTED_EDGE('',*,*,#3273,.F.);
#3292=EDGE_LOOP('',(#3286,#3288,#3290,#3291));
#3293=FACE_OUTER_BOUND('',#3292,.F.);
#3294=ADVANCED_FACE('',(#3293),#3285,.F.);
#3295=CARTESIAN_POINT('',(-4.435E0,3.83E0,4.E-1));
#3296=DIRECTION('',(0.E0,0.E0,-1.E0));
#3297=DIRECTION('',(0.E0,-1.E0,0.E0));
#3298=AXIS2_PLACEMENT_3D('',#3295,#3296,#3297);
#3299=PLANE('',#3298);
#3301=ORIENTED_EDGE('',*,*,#3300,.T.);
#3303=ORIENTED_EDGE('',*,*,#3302,.F.);
#3305=ORIENTED_EDGE('',*,*,#3304,.F.);
#3307=ORIENTED_EDGE('',*,*,#3306,.T.);
#3308=ORIENTED_EDGE('',*,*,#3287,.F.);
#3309=EDGE_LOOP('',(#3301,#3303,#3305,#3307,#3308));
#3310=FACE_OUTER_BOUND('',#3309,.F.);
#3311=ADVANCED_FACE('',(#3310),#3299,.F.);
#3312=CARTESIAN_POINT('',(-4.435E0,3.83E0,4.229983046481E-1));
#3313=DIRECTION('',(0.E0,0.E0,-1.E0));
#3314=DIRECTION('',(1.E0,0.E0,0.E0));
#3315=AXIS2_PLACEMENT_3D('',#3312,#3313,#3314);
#3316=CYLINDRICAL_SURFACE('',#3315,4.E-1);
#3317=ORIENTED_EDGE('',*,*,#3123,.T.);
#3319=ORIENTED_EDGE('',*,*,#3318,.F.);
#3321=ORIENTED_EDGE('',*,*,#3320,.T.);
#3322=ORIENTED_EDGE('',*,*,#3300,.F.);
#3323=EDGE_LOOP('',(#3317,#3319,#3321,#3322));
#3324=FACE_OUTER_BOUND('',#3323,.F.);
#3325=ADVANCED_FACE('',(#3324),#3316,.T.);
#3326=CARTESIAN_POINT('',(-4.435E0,3.43E0,-3.E-1));
#3327=DIRECTION('',(0.E0,0.E0,1.E0));
#3328=DIRECTION('',(0.E0,1.E0,0.E0));
#3329=AXIS2_PLACEMENT_3D('',#3326,#3327,#3328);
#3330=PLANE('',#3329);
#3331=ORIENTED_EDGE('',*,*,#3318,.T.);
#3333=ORIENTED_EDGE('',*,*,#3332,.T.);
#3335=ORIENTED_EDGE('',*,*,#3334,.T.);
#3337=ORIENTED_EDGE('',*,*,#3336,.F.);
#3339=ORIENTED_EDGE('',*,*,#3338,.F.);
#3340=EDGE_LOOP('',(#3331,#3333,#3335,#3337,#3339));
#3341=FACE_OUTER_BOUND('',#3340,.F.);
#3342=ADVANCED_FACE('',(#3341),#3330,.F.);
#3343=CARTESIAN_POINT('',(-4.435E0,3.83E0,-3.E-1));
#3344=DIRECTION('',(0.E0,1.E0,0.E0));
#3345=DIRECTION('',(0.E0,0.E0,-1.E0));
#3346=AXIS2_PLACEMENT_3D('',#3343,#3344,#3345);
#3347=PLANE('',#3346);
#3348=ORIENTED_EDGE('',*,*,#3121,.F.);
#3350=ORIENTED_EDGE('',*,*,#3349,.T.);
#3352=ORIENTED_EDGE('',*,*,#3351,.T.);
#3353=ORIENTED_EDGE('',*,*,#3332,.F.);
#3354=EDGE_LOOP('',(#3348,#3350,#3352,#3353));
#3355=FACE_OUTER_BOUND('',#3354,.F.);
#3356=ADVANCED_FACE('',(#3355),#3347,.F.);
#3357=CARTESIAN_POINT('',(-4.435E0,3.83E0,-9.E-1));
#3358=DIRECTION('',(0.E0,0.E0,-1.E0));
#3359=DIRECTION('',(0.E0,-1.E0,0.E0));
#3360=AXIS2_PLACEMENT_3D('',#3357,#3358,#3359);
#3361=PLANE('',#3360);
#3362=ORIENTED_EDGE('',*,*,#3119,.F.);
#3364=ORIENTED_EDGE('',*,*,#3363,.F.);
#3366=ORIENTED_EDGE('',*,*,#3365,.F.);
#3367=ORIENTED_EDGE('',*,*,#3349,.F.);
#3368=EDGE_LOOP('',(#3362,#3364,#3366,#3367));
#3369=FACE_OUTER_BOUND('',#3368,.F.);
#3370=ADVANCED_FACE('',(#3369),#3361,.F.);
#3371=CARTESIAN_POINT('',(6.5E-2,2.3E-1,5.E-2));
#3372=DIRECTION('',(0.E0,-1.E0,0.E0));
#3373=DIRECTION('',(-1.E0,0.E0,0.E0));
#3374=AXIS2_PLACEMENT_3D('',#3371,#3372,#3373);
#3375=PLANE('',#3374);
#3376=ORIENTED_EDGE('',*,*,#3117,.F.);
#3377=ORIENTED_EDGE('',*,*,#3177,.T.);
#3379=ORIENTED_EDGE('',*,*,#3378,.T.);
#3380=ORIENTED_EDGE('',*,*,#3363,.T.);
#3381=EDGE_LOOP('',(#3376,#3377,#3379,#3380));
#3382=FACE_OUTER_BOUND('',#3381,.F.);
#3383=ADVANCED_FACE('',(#3382),#3375,.T.);
#3384=CARTESIAN_POINT('',(-4.435E0,7.13E0,-2.2E0));
#3385=DIRECTION('',(-1.E0,0.E0,0.E0));
#3386=DIRECTION('',(0.E0,0.E0,1.E0));
#3387=AXIS2_PLACEMENT_3D('',#3384,#3385,#3386);
#3388=PLANE('',#3387);
#3390=ORIENTED_EDGE('',*,*,#3389,.F.);
#3391=ORIENTED_EDGE('',*,*,#3238,.F.);
#3392=ORIENTED_EDGE('',*,*,#3261,.F.);
#3393=ORIENTED_EDGE('',*,*,#3275,.F.);
#3394=ORIENTED_EDGE('',*,*,#3289,.F.);
#3396=ORIENTED_EDGE('',*,*,#3395,.F.);
#3397=ORIENTED_EDGE('',*,*,#3351,.F.);
#3398=ORIENTED_EDGE('',*,*,#3365,.T.);
#3399=ORIENTED_EDGE('',*,*,#3378,.F.);
#3400=ORIENTED_EDGE('',*,*,#3175,.F.);
#3401=EDGE_LOOP('',(#3390,#3391,#3392,#3393,#3394,#3396,#3397,#3398,#3399,
#3400));
#3402=FACE_OUTER_BOUND('',#3401,.F.);
#3403=ADVANCED_FACE('',(#3402),#3388,.T.);
#3404=CARTESIAN_POINT('',(-4.035E0,6.73E0,-2.222998304648E0));
#3405=DIRECTION('',(0.E0,0.E0,1.E0));
#3406=DIRECTION('',(0.E0,1.E0,0.E0));
#3407=AXIS2_PLACEMENT_3D('',#3404,#3405,#3406);
#3408=CYLINDRICAL_SURFACE('',#3407,4.E-1);
#3409=ORIENTED_EDGE('',*,*,#3240,.F.);
#3410=ORIENTED_EDGE('',*,*,#3389,.T.);
#3411=ORIENTED_EDGE('',*,*,#3173,.F.);
#3413=ORIENTED_EDGE('',*,*,#3412,.T.);
#3414=EDGE_LOOP('',(#3409,#3410,#3411,#3413));
#3415=FACE_OUTER_BOUND('',#3414,.F.);
#3416=ADVANCED_FACE('',(#3415),#3408,.T.);
#3417=CARTESIAN_POINT('',(6.5E-2,7.13E0,5.E-2));
#3418=DIRECTION('',(0.E0,1.E0,0.E0));
#3419=DIRECTION('',(0.E0,0.E0,1.E0));
#3420=AXIS2_PLACEMENT_3D('',#3417,#3418,#3419);
#3421=PLANE('',#3420);
#3423=ORIENTED_EDGE('',*,*,#3422,.T.);
#3425=ORIENTED_EDGE('',*,*,#3424,.T.);
#3426=ORIENTED_EDGE('',*,*,#3242,.T.);
#3427=ORIENTED_EDGE('',*,*,#3412,.F.);
#3428=ORIENTED_EDGE('',*,*,#3171,.T.);
#3429=ORIENTED_EDGE('',*,*,#2948,.T.);
#3431=ORIENTED_EDGE('',*,*,#3430,.F.);
#3433=ORIENTED_EDGE('',*,*,#3432,.T.);
#3434=EDGE_LOOP('',(#3423,#3425,#3426,#3427,#3428,#3429,#3431,#3433));
#3435=FACE_OUTER_BOUND('',#3434,.F.);
#3436=ADVANCED_FACE('',(#3435),#3421,.T.);
#3437=CARTESIAN_POINT('',(4.98E0,7.113218516866E0,2.525E0));
#3438=DIRECTION('',(0.E0,1.391731009601E-1,9.902680687416E-1));
#3439=DIRECTION('',(0.E0,9.902680687416E-1,-1.391731009601E-1));
#3440=AXIS2_PLACEMENT_3D('',#3437,#3438,#3439);
#3441=PLANE('',#3440);
#3443=ORIENTED_EDGE('',*,*,#3442,.F.);
#3445=ORIENTED_EDGE('',*,*,#3444,.T.);
#3446=ORIENTED_EDGE('',*,*,#3422,.F.);
#3448=ORIENTED_EDGE('',*,*,#3447,.F.);
#3450=ORIENTED_EDGE('',*,*,#3449,.F.);
#3452=ORIENTED_EDGE('',*,*,#3451,.F.);
#3454=ORIENTED_EDGE('',*,*,#3453,.F.);
#3456=ORIENTED_EDGE('',*,*,#3455,.F.);
#3457=EDGE_LOOP('',(#3443,#3445,#3446,#3448,#3450,#3452,#3454,#3456));
#3458=FACE_OUTER_BOUND('',#3457,.F.);
#3459=ADVANCED_FACE('',(#3458),#3441,.T.);
#3460=CARTESIAN_POINT('',(4.98E0,6.73E0,2.525E0));
#3461=DIRECTION('',(0.E0,0.E0,1.E0));
#3462=DIRECTION('',(0.E0,1.E0,0.E0));
#3463=AXIS2_PLACEMENT_3D('',#3460,#3461,#3462);
#3464=PLANE('',#3463);
#3466=ORIENTED_EDGE('',*,*,#3465,.F.);
#3468=ORIENTED_EDGE('',*,*,#3467,.F.);
#3469=ORIENTED_EDGE('',*,*,#3442,.T.);
#3471=ORIENTED_EDGE('',*,*,#3470,.T.);
#3473=ORIENTED_EDGE('',*,*,#3472,.T.);
#3474=EDGE_LOOP('',(#3466,#3468,#3469,#3471,#3473));
#3475=FACE_OUTER_BOUND('',#3474,.F.);
#3476=ADVANCED_FACE('',(#3475),#3464,.T.);
#3477=CARTESIAN_POINT('',(4.065E0,6.73E0,4.55E0));
#3478=DIRECTION('',(0.E0,1.E0,0.E0));
#3479=DIRECTION('',(0.E0,0.E0,-1.E0));
#3480=AXIS2_PLACEMENT_3D('',#3477,#3478,#3479);
#3481=PLANE('',#3480);
#3483=ORIENTED_EDGE('',*,*,#3482,.F.);
#3484=ORIENTED_EDGE('',*,*,#3465,.T.);
#3485=ORIENTED_EDGE('',*,*,#2983,.F.);
#3486=ORIENTED_EDGE('',*,*,#3010,.F.);
#3487=ORIENTED_EDGE('',*,*,#3204,.F.);
#3488=ORIENTED_EDGE('',*,*,#3246,.F.);
#3489=EDGE_LOOP('',(#3483,#3484,#3485,#3486,#3487,#3488));
#3490=FACE_OUTER_BOUND('',#3489,.F.);
#3491=ADVANCED_FACE('',(#3490),#3481,.T.);
#3492=CARTESIAN_POINT('',(-3.685E0,6.73E0,-2.5E0));
#3493=DIRECTION('',(-1.E0,0.E0,0.E0));
#3494=DIRECTION('',(0.E0,0.E0,1.E0));
#3495=AXIS2_PLACEMENT_3D('',#3492,#3493,#3494);
#3496=PLANE('',#3495);
#3497=ORIENTED_EDGE('',*,*,#3482,.T.);
#3498=ORIENTED_EDGE('',*,*,#3244,.F.);
#3499=ORIENTED_EDGE('',*,*,#3424,.F.);
#3500=ORIENTED_EDGE('',*,*,#3444,.F.);
#3501=ORIENTED_EDGE('',*,*,#3467,.T.);
#3502=EDGE_LOOP('',(#3497,#3498,#3499,#3500,#3501));
#3503=FACE_OUTER_BOUND('',#3502,.F.);
#3504=ADVANCED_FACE('',(#3503),#3496,.T.);
#3505=CARTESIAN_POINT('',(3.815E0,6.73E0,2.6E0));
#3506=DIRECTION('',(1.E0,0.E0,0.E0));
#3507=DIRECTION('',(0.E0,0.E0,-1.E0));
#3508=AXIS2_PLACEMENT_3D('',#3505,#3506,#3507);
#3509=PLANE('',#3508);
#3510=ORIENTED_EDGE('',*,*,#3470,.F.);
#3511=ORIENTED_EDGE('',*,*,#3455,.T.);
#3513=ORIENTED_EDGE('',*,*,#3512,.F.);
#3515=ORIENTED_EDGE('',*,*,#3514,.F.);
#3516=ORIENTED_EDGE('',*,*,#2963,.T.);
#3518=ORIENTED_EDGE('',*,*,#3517,.T.);
#3519=EDGE_LOOP('',(#3510,#3511,#3513,#3515,#3516,#3518));
#3520=FACE_OUTER_BOUND('',#3519,.F.);
#3521=ADVANCED_FACE('',(#3520),#3509,.T.);
#3522=CARTESIAN_POINT('',(6.5E-2,7.13E0,5.E-2));
#3523=DIRECTION('',(0.E0,1.E0,0.E0));
#3524=DIRECTION('',(0.E0,0.E0,1.E0));
#3525=AXIS2_PLACEMENT_3D('',#3522,#3523,#3524);
#3526=PLANE('',#3525);
#3527=ORIENTED_EDGE('',*,*,#3453,.T.);
#3529=ORIENTED_EDGE('',*,*,#3528,.T.);
#3531=ORIENTED_EDGE('',*,*,#3530,.F.);
#3532=ORIENTED_EDGE('',*,*,#3512,.T.);
#3533=EDGE_LOOP('',(#3527,#3529,#3531,#3532));
#3534=FACE_OUTER_BOUND('',#3533,.F.);
#3535=ADVANCED_FACE('',(#3534),#3526,.T.);
#3536=CARTESIAN_POINT('',(6.5E-2,7.48E0,5.E-2));
#3537=DIRECTION('',(0.E0,-1.E0,0.E0));
#3538=DIRECTION('',(0.E0,0.E0,-1.E0));
#3539=AXIS2_PLACEMENT_3D('',#3536,#3537,#3538);
#3540=CONICAL_SURFACE('',#3539,2.899189292146E0,8.E0);
#3541=ORIENTED_EDGE('',*,*,#3451,.T.);
#3543=ORIENTED_EDGE('',*,*,#3542,.F.);
#3545=ORIENTED_EDGE('',*,*,#3544,.T.);
#3546=ORIENTED_EDGE('',*,*,#3528,.F.);
#3547=EDGE_LOOP('',(#3541,#3543,#3545,#3546));
#3548=FACE_OUTER_BOUND('',#3547,.F.);
#3549=ADVANCED_FACE('',(#3548),#3540,.T.);
#3550=CARTESIAN_POINT('',(6.5E-2,7.83E0,5.E-2));
#3551=DIRECTION('',(0.E0,1.E0,0.E0));
#3552=DIRECTION('',(0.E0,0.E0,1.E0));
#3553=AXIS2_PLACEMENT_3D('',#3550,#3551,#3552);
#3554=PLANE('',#3553);
#3555=ORIENTED_EDGE('',*,*,#3449,.T.);
#3557=ORIENTED_EDGE('',*,*,#3556,.T.);
#3559=ORIENTED_EDGE('',*,*,#3558,.F.);
#3560=ORIENTED_EDGE('',*,*,#3542,.T.);
#3561=EDGE_LOOP('',(#3555,#3557,#3559,#3560));
#3562=FACE_OUTER_BOUND('',#3561,.F.);
#3563=ADVANCED_FACE('',(#3562),#3554,.T.);
#3564=CARTESIAN_POINT('',(6.5E-2,7.48E0,5.E-2));
#3565=DIRECTION('',(0.E0,-1.E0,0.E0));
#3566=DIRECTION('',(0.E0,0.E0,-1.E0));
#3567=AXIS2_PLACEMENT_3D('',#3564,#3565,#3566);
#3568=CONICAL_SURFACE('',#3567,2.899189292146E0,8.E0);
#3569=ORIENTED_EDGE('',*,*,#3447,.T.);
#3570=ORIENTED_EDGE('',*,*,#3432,.F.);
#3572=ORIENTED_EDGE('',*,*,#3571,.T.);
#3573=ORIENTED_EDGE('',*,*,#3556,.F.);
#3574=EDGE_LOOP('',(#3569,#3570,#3572,#3573));
#3575=FACE_OUTER_BOUND('',#3574,.F.);
#3576=ADVANCED_FACE('',(#3575),#3568,.T.);
#3577=CARTESIAN_POINT('',(4.98E0,7.113218516866E0,-2.425E0));
#3578=DIRECTION('',(0.E0,-1.391731009601E-1,9.902680687416E-1));
#3579=DIRECTION('',(0.E0,9.902680687416E-1,1.391731009601E-1));
#3580=AXIS2_PLACEMENT_3D('',#3577,#3578,#3579);
#3581=PLANE('',#3580);
#3582=ORIENTED_EDGE('',*,*,#3430,.T.);
#3583=ORIENTED_EDGE('',*,*,#2946,.F.);
#3584=ORIENTED_EDGE('',*,*,#2965,.T.);
#3585=ORIENTED_EDGE('',*,*,#3514,.T.);
#3586=ORIENTED_EDGE('',*,*,#3530,.T.);
#3587=ORIENTED_EDGE('',*,*,#3544,.F.);
#3588=ORIENTED_EDGE('',*,*,#3558,.T.);
#3589=ORIENTED_EDGE('',*,*,#3571,.F.);
#3590=EDGE_LOOP('',(#3582,#3583,#3584,#3585,#3586,#3587,#3588,#3589));
#3591=FACE_OUTER_BOUND('',#3590,.F.);
#3592=ADVANCED_FACE('',(#3591),#3581,.F.);
#3593=CARTESIAN_POINT('',(1.5E-2,6.73E0,0.E0));
#3594=DIRECTION('',(0.E0,-1.E0,0.E0));
#3595=DIRECTION('',(0.E0,0.E0,-1.E0));
#3596=AXIS2_PLACEMENT_3D('',#3593,#3594,#3595);
#3597=CYLINDRICAL_SURFACE('',#3596,2.5E0);
#3599=ORIENTED_EDGE('',*,*,#3598,.T.);
#3601=ORIENTED_EDGE('',*,*,#3600,.T.);
#3603=ORIENTED_EDGE('',*,*,#3602,.T.);
#3605=ORIENTED_EDGE('',*,*,#3604,.T.);
#3607=ORIENTED_EDGE('',*,*,#3606,.T.);
#3609=ORIENTED_EDGE('',*,*,#3608,.F.);
#3611=ORIENTED_EDGE('',*,*,#3610,.F.);
#3613=ORIENTED_EDGE('',*,*,#3612,.T.);
#3614=EDGE_LOOP('',(#3599,#3601,#3603,#3605,#3607,#3609,#3611,#3613));
#3615=FACE_OUTER_BOUND('',#3614,.F.);
#3616=ADVANCED_FACE('',(#3615),#3597,.T.);
#3617=CARTESIAN_POINT('',(1.371465996625E0,6.73E0,2.1E0));
#3618=DIRECTION('',(0.E0,0.E0,1.E0));
#3619=DIRECTION('',(-1.E0,0.E0,0.E0));
#3620=AXIS2_PLACEMENT_3D('',#3617,#3618,#3619);
#3621=PLANE('',#3620);
#3623=ORIENTED_EDGE('',*,*,#3622,.T.);
#3625=ORIENTED_EDGE('',*,*,#3624,.F.);
#3627=ORIENTED_EDGE('',*,*,#3626,.F.);
#3628=ORIENTED_EDGE('',*,*,#3606,.F.);
#3629=EDGE_LOOP('',(#3623,#3625,#3627,#3628));
#3630=FACE_OUTER_BOUND('',#3629,.F.);
#3631=ADVANCED_FACE('',(#3630),#3621,.T.);
#3632=CARTESIAN_POINT('',(1.5E-2,6.73E0,0.E0));
#3633=DIRECTION('',(0.E0,-1.E0,0.E0));
#3634=DIRECTION('',(0.E0,0.E0,-1.E0));
#3635=AXIS2_PLACEMENT_3D('',#3632,#3633,#3634);
#3636=CYLINDRICAL_SURFACE('',#3635,2.5E0);
#3638=ORIENTED_EDGE('',*,*,#3637,.T.);
#3640=ORIENTED_EDGE('',*,*,#3639,.T.);
#3642=ORIENTED_EDGE('',*,*,#3641,.F.);
#3644=ORIENTED_EDGE('',*,*,#3643,.F.);
#3645=ORIENTED_EDGE('',*,*,#3624,.T.);
#3646=EDGE_LOOP('',(#3638,#3640,#3642,#3644,#3645));
#3647=FACE_OUTER_BOUND('',#3646,.F.);
#3648=ADVANCED_FACE('',(#3647),#3636,.T.);
#3649=CARTESIAN_POINT('',(-1.341465996625E0,6.73E0,-2.1E0));
#3650=DIRECTION('',(0.E0,0.E0,-1.E0));
#3651=DIRECTION('',(1.E0,0.E0,0.E0));
#3652=AXIS2_PLACEMENT_3D('',#3649,#3650,#3651);
#3653=PLANE('',#3652);
#3655=ORIENTED_EDGE('',*,*,#3654,.T.);
#3656=ORIENTED_EDGE('',*,*,#3612,.F.);
#3658=ORIENTED_EDGE('',*,*,#3657,.F.);
#3659=ORIENTED_EDGE('',*,*,#3639,.F.);
#3660=EDGE_LOOP('',(#3655,#3656,#3658,#3659));
#3661=FACE_OUTER_BOUND('',#3660,.F.);
#3662=ADVANCED_FACE('',(#3661),#3653,.T.);
#3663=CARTESIAN_POINT('',(1.5E-2,8.83E0,-2.E0));
#3664=DIRECTION('',(0.E0,7.071067811865E-1,-7.071067811865E-1));
#3665=DIRECTION('',(1.E0,0.E0,0.E0));
#3666=AXIS2_PLACEMENT_3D('',#3663,#3664,#3665);
#3667=PLANE('',#3666);
#3669=ORIENTED_EDGE('',*,*,#3668,.F.);
#3671=ORIENTED_EDGE('',*,*,#3670,.F.);
#3672=ORIENTED_EDGE('',*,*,#3657,.T.);
#3674=ORIENTED_EDGE('',*,*,#3673,.T.);
#3675=EDGE_LOOP('',(#3669,#3671,#3672,#3674));
#3676=FACE_OUTER_BOUND('',#3675,.F.);
#3677=ADVANCED_FACE('',(#3676),#3667,.T.);
#3678=CARTESIAN_POINT('',(1.311148139682E0,8.93E0,-1.9E0));
#3679=DIRECTION('',(0.E0,0.E0,-1.E0));
#3680=DIRECTION('',(-1.E0,0.E0,0.E0));
#3681=AXIS2_PLACEMENT_3D('',#3678,#3679,#3680);
#3682=PLANE('',#3681);
#3684=ORIENTED_EDGE('',*,*,#3683,.F.);
#3686=ORIENTED_EDGE('',*,*,#3685,.F.);
#3687=ORIENTED_EDGE('',*,*,#3668,.T.);
#3689=ORIENTED_EDGE('',*,*,#3688,.F.);
#3690=EDGE_LOOP('',(#3684,#3686,#3687,#3689));
#3691=FACE_OUTER_BOUND('',#3690,.F.);
#3692=ADVANCED_FACE('',(#3691),#3682,.T.);
#3693=CARTESIAN_POINT('',(1.5E-2,1.2655E1,-1.775E0));
#3694=DIRECTION('',(0.E0,7.071067811865E-1,-7.071067811865E-1));
#3695=DIRECTION('',(1.E0,0.E0,0.E0));
#3696=AXIS2_PLACEMENT_3D('',#3693,#3694,#3695);
#3697=PLANE('',#3696);
#3699=ORIENTED_EDGE('',*,*,#3698,.F.);
#3701=ORIENTED_EDGE('',*,*,#3700,.F.);
#3702=ORIENTED_EDGE('',*,*,#3683,.T.);
#3704=ORIENTED_EDGE('',*,*,#3703,.T.);
#3705=EDGE_LOOP('',(#3699,#3701,#3702,#3704));
#3706=FACE_OUTER_BOUND('',#3705,.F.);
#3707=ADVANCED_FACE('',(#3706),#3697,.T.);
#3708=CARTESIAN_POINT('',(4.065E0,1.278E1,0.E0));
#3709=DIRECTION('',(0.E0,1.E0,0.E0));
#3710=DIRECTION('',(0.E0,0.E0,-1.E0));
#3711=AXIS2_PLACEMENT_3D('',#3708,#3709,#3710);
#3712=PLANE('',#3711);
#3714=ORIENTED_EDGE('',*,*,#3713,.T.);
#3716=ORIENTED_EDGE('',*,*,#3715,.T.);
#3718=ORIENTED_EDGE('',*,*,#3717,.T.);
#3720=ORIENTED_EDGE('',*,*,#3719,.T.);
#3722=ORIENTED_EDGE('',*,*,#3721,.T.);
#3723=ORIENTED_EDGE('',*,*,#3698,.T.);
#3724=EDGE_LOOP('',(#3714,#3716,#3718,#3720,#3722,#3723));
#3725=FACE_OUTER_BOUND('',#3724,.F.);
#3726=ADVANCED_FACE('',(#3725),#3712,.T.);
#3727=CARTESIAN_POINT('',(1.499999999999E-2,1.265499702481E1,0.E0));
#3728=DIRECTION('',(0.E0,-1.E0,0.E0));
#3729=DIRECTION('',(1.E0,0.E0,0.E0));
#3730=AXIS2_PLACEMENT_3D('',#3727,#3728,#3729);
#3731=CONICAL_SURFACE('',#3730,2.174997348208E0,4.499992588445E1);
#3732=ORIENTED_EDGE('',*,*,#3715,.F.);
#3733=ORIENTED_EDGE('',*,*,#3713,.F.);
#3734=ORIENTED_EDGE('',*,*,#3703,.F.);
#3736=ORIENTED_EDGE('',*,*,#3735,.T.);
#3738=ORIENTED_EDGE('',*,*,#3737,.T.);
#3740=ORIENTED_EDGE('',*,*,#3739,.T.);
#3741=EDGE_LOOP('',(#3732,#3733,#3734,#3736,#3738,#3740));
#3742=FACE_OUTER_BOUND('',#3741,.F.);
#3743=ADVANCED_FACE('',(#3742),#3731,.T.);
#3744=CARTESIAN_POINT('',(1.5E-2,8.93E0,0.E0));
#3745=DIRECTION('',(0.E0,1.E0,0.E0));
#3746=DIRECTION('',(0.E0,0.E0,-1.E0));
#3747=AXIS2_PLACEMENT_3D('',#3744,#3745,#3746);
#3748=CYLINDRICAL_SURFACE('',#3747,2.3E0);
#3749=ORIENTED_EDGE('',*,*,#3737,.F.);
#3750=ORIENTED_EDGE('',*,*,#3735,.F.);
#3751=ORIENTED_EDGE('',*,*,#3688,.T.);
#3753=ORIENTED_EDGE('',*,*,#3752,.F.);
#3755=ORIENTED_EDGE('',*,*,#3754,.F.);
#3757=ORIENTED_EDGE('',*,*,#3756,.T.);
#3758=EDGE_LOOP('',(#3749,#3750,#3751,#3753,#3755,#3757));
#3759=FACE_OUTER_BOUND('',#3758,.F.);
#3760=ADVANCED_FACE('',(#3759),#3748,.T.);
#3761=CARTESIAN_POINT('',(1.5E-2,8.829997013262E0,0.E0));
#3762=DIRECTION('',(0.E0,-1.E0,0.E0));
#3763=DIRECTION('',(1.E0,0.E0,0.E0));
#3764=AXIS2_PLACEMENT_3D('',#3761,#3762,#3763);
#3765=CONICAL_SURFACE('',#3764,2.4E0,4.499996434847E1);
#3766=ORIENTED_EDGE('',*,*,#3610,.T.);
#3767=ORIENTED_EDGE('',*,*,#3608,.T.);
#3769=ORIENTED_EDGE('',*,*,#3768,.T.);
#3770=ORIENTED_EDGE('',*,*,#3754,.T.);
#3771=ORIENTED_EDGE('',*,*,#3752,.T.);
#3772=ORIENTED_EDGE('',*,*,#3673,.F.);
#3773=EDGE_LOOP('',(#3766,#3767,#3769,#3770,#3771,#3772));
#3774=FACE_OUTER_BOUND('',#3773,.F.);
#3775=ADVANCED_FACE('',(#3774),#3765,.T.);
#3776=CARTESIAN_POINT('',(1.5E-2,8.83E0,2.E0));
#3777=DIRECTION('',(0.E0,7.071067811865E-1,7.071067811865E-1));
#3778=DIRECTION('',(1.E0,0.E0,0.E0));
#3779=AXIS2_PLACEMENT_3D('',#3776,#3777,#3778);
#3780=PLANE('',#3779);
#3781=ORIENTED_EDGE('',*,*,#3626,.T.);
#3783=ORIENTED_EDGE('',*,*,#3782,.T.);
#3785=ORIENTED_EDGE('',*,*,#3784,.F.);
#3786=ORIENTED_EDGE('',*,*,#3768,.F.);
#3787=EDGE_LOOP('',(#3781,#3783,#3785,#3786));
#3788=FACE_OUTER_BOUND('',#3787,.F.);
#3789=ADVANCED_FACE('',(#3788),#3780,.T.);
#3790=CARTESIAN_POINT('',(1.5E-2,8.829997013788E0,0.E0));
#3791=DIRECTION('',(0.E0,-1.E0,0.E0));
#3792=DIRECTION('',(1.E0,0.E0,0.E0));
#3793=AXIS2_PLACEMENT_3D('',#3790,#3791,#3792);
#3794=CONICAL_SURFACE('',#3793,2.4E0,4.499996435474E1);
#3796=ORIENTED_EDGE('',*,*,#3795,.T.);
#3798=ORIENTED_EDGE('',*,*,#3797,.T.);
#3799=ORIENTED_EDGE('',*,*,#3782,.F.);
#3800=ORIENTED_EDGE('',*,*,#3643,.T.);
#3801=ORIENTED_EDGE('',*,*,#3641,.T.);
#3802=ORIENTED_EDGE('',*,*,#3670,.T.);
#3803=EDGE_LOOP('',(#3796,#3798,#3799,#3800,#3801,#3802));
#3804=FACE_OUTER_BOUND('',#3803,.F.);
#3805=ADVANCED_FACE('',(#3804),#3794,.T.);
#3806=CARTESIAN_POINT('',(1.5E-2,8.93E0,0.E0));
#3807=DIRECTION('',(0.E0,1.E0,0.E0));
#3808=DIRECTION('',(0.E0,0.E0,-1.E0));
#3809=AXIS2_PLACEMENT_3D('',#3806,#3807,#3808);
#3810=CYLINDRICAL_SURFACE('',#3809,2.3E0);
#3812=ORIENTED_EDGE('',*,*,#3811,.F.);
#3814=ORIENTED_EDGE('',*,*,#3813,.F.);
#3816=ORIENTED_EDGE('',*,*,#3815,.T.);
#3817=ORIENTED_EDGE('',*,*,#3797,.F.);
#3818=ORIENTED_EDGE('',*,*,#3795,.F.);
#3819=ORIENTED_EDGE('',*,*,#3685,.T.);
#3820=EDGE_LOOP('',(#3812,#3814,#3816,#3817,#3818,#3819));
#3821=FACE_OUTER_BOUND('',#3820,.F.);
#3822=ADVANCED_FACE('',(#3821),#3810,.T.);
#3823=CARTESIAN_POINT('',(1.5E-2,1.265499702477E1,0.E0));
#3824=DIRECTION('',(0.E0,-1.E0,0.E0));
#3825=DIRECTION('',(1.E0,0.E0,0.E0));
#3826=AXIS2_PLACEMENT_3D('',#3823,#3824,#3825);
#3827=CONICAL_SURFACE('',#3826,2.174997348171E0,4.499992588349E1);
#3828=ORIENTED_EDGE('',*,*,#3721,.F.);
#3829=ORIENTED_EDGE('',*,*,#3719,.F.);
#3831=ORIENTED_EDGE('',*,*,#3830,.F.);
#3832=ORIENTED_EDGE('',*,*,#3813,.T.);
#3833=ORIENTED_EDGE('',*,*,#3811,.T.);
#3834=ORIENTED_EDGE('',*,*,#3700,.T.);
#3835=EDGE_LOOP('',(#3828,#3829,#3831,#3832,#3833,#3834));
#3836=FACE_OUTER_BOUND('',#3835,.F.);
#3837=ADVANCED_FACE('',(#3836),#3827,.T.);
#3838=CARTESIAN_POINT('',(1.5E-2,1.2655E1,1.775E0));
#3839=DIRECTION('',(0.E0,7.071067811865E-1,7.071067811865E-1));
#3840=DIRECTION('',(1.E0,0.E0,0.E0));
#3841=AXIS2_PLACEMENT_3D('',#3838,#3839,#3840);
#3842=PLANE('',#3841);
#3844=ORIENTED_EDGE('',*,*,#3843,.T.);
#3845=ORIENTED_EDGE('',*,*,#3830,.T.);
#3846=ORIENTED_EDGE('',*,*,#3717,.F.);
#3847=ORIENTED_EDGE('',*,*,#3739,.F.);
#3848=EDGE_LOOP('',(#3844,#3845,#3846,#3847));
#3849=FACE_OUTER_BOUND('',#3848,.F.);
#3850=ADVANCED_FACE('',(#3849),#3842,.T.);
#3851=CARTESIAN_POINT('',(-1.281148139682E0,8.93E0,1.9E0));
#3852=DIRECTION('',(0.E0,0.E0,1.E0));
#3853=DIRECTION('',(1.E0,0.E0,0.E0));
#3854=AXIS2_PLACEMENT_3D('',#3851,#3852,#3853);
#3855=PLANE('',#3854);
#3856=ORIENTED_EDGE('',*,*,#3843,.F.);
#3857=ORIENTED_EDGE('',*,*,#3756,.F.);
#3858=ORIENTED_EDGE('',*,*,#3784,.T.);
#3859=ORIENTED_EDGE('',*,*,#3815,.F.);
#3860=EDGE_LOOP('',(#3856,#3857,#3858,#3859));
#3861=FACE_OUTER_BOUND('',#3860,.F.);
#3862=ADVANCED_FACE('',(#3861),#3855,.T.);
#3863=CARTESIAN_POINT('',(-4.435E0,3.83E0,-3.E-1));
#3864=DIRECTION('',(0.E0,1.E0,0.E0));
#3865=DIRECTION('',(0.E0,0.E0,-1.E0));
#3866=AXIS2_PLACEMENT_3D('',#3863,#3864,#3865);
#3867=PLANE('',#3866);
#3868=ORIENTED_EDGE('',*,*,#3395,.T.);
#3869=ORIENTED_EDGE('',*,*,#3306,.F.);
#3871=ORIENTED_EDGE('',*,*,#3870,.T.);
#3873=ORIENTED_EDGE('',*,*,#3872,.T.);
#3874=ORIENTED_EDGE('',*,*,#3334,.F.);
#3875=EDGE_LOOP('',(#3868,#3869,#3871,#3873,#3874));
#3876=FACE_OUTER_BOUND('',#3875,.F.);
#3877=ADVANCED_FACE('',(#3876),#3867,.T.);
#3878=CARTESIAN_POINT('',(-7.485E0,3.43E0,5.E-2));
#3879=DIRECTION('',(0.E0,-1.E0,0.E0));
#3880=DIRECTION('',(-1.E0,0.E0,0.E0));
#3881=AXIS2_PLACEMENT_3D('',#3878,#3879,#3880);
#3882=CYLINDRICAL_SURFACE('',#3881,3.5E-1);
#3884=ORIENTED_EDGE('',*,*,#3883,.F.);
#3886=ORIENTED_EDGE('',*,*,#3885,.F.);
#3887=ORIENTED_EDGE('',*,*,#3336,.T.);
#3888=ORIENTED_EDGE('',*,*,#3872,.F.);
#3889=ORIENTED_EDGE('',*,*,#3870,.F.);
#3890=ORIENTED_EDGE('',*,*,#3304,.T.);
#3891=EDGE_LOOP('',(#3884,#3886,#3887,#3888,#3889,#3890));
#3892=FACE_OUTER_BOUND('',#3891,.F.);
#3893=ADVANCED_FACE('',(#3892),#3882,.T.);
#3894=CARTESIAN_POINT('',(-4.435E0,3.43E0,4.E-1));
#3895=DIRECTION('',(0.E0,1.E0,0.E0));
#3896=DIRECTION('',(0.E0,0.E0,-1.E0));
#3897=AXIS2_PLACEMENT_3D('',#3894,#3895,#3896);
#3898=PLANE('',#3897);
#3899=ORIENTED_EDGE('',*,*,#3320,.F.);
#3900=ORIENTED_EDGE('',*,*,#3338,.T.);
#3901=ORIENTED_EDGE('',*,*,#3885,.T.);
#3902=ORIENTED_EDGE('',*,*,#3883,.T.);
#3903=ORIENTED_EDGE('',*,*,#3302,.T.);
#3904=EDGE_LOOP('',(#3899,#3900,#3901,#3902,#3903));
#3905=FACE_OUTER_BOUND('',#3904,.F.);
#3906=ADVANCED_FACE('',(#3905),#3898,.F.);
#3907=CARTESIAN_POINT('',(-4.035E0,5.73E0,5.E-2));
#3908=DIRECTION('',(-1.E0,0.E0,0.E0));
#3909=DIRECTION('',(0.E0,0.E0,1.E0));
#3910=AXIS2_PLACEMENT_3D('',#3907,#3908,#3909);
#3911=SPHERICAL_SURFACE('',#3910,5.E-1);
#3913=ORIENTED_EDGE('',*,*,#3912,.T.);
#3915=ORIENTED_EDGE('',*,*,#3914,.F.);
#3917=ORIENTED_EDGE('',*,*,#3916,.T.);
#3918=EDGE_LOOP('',(#3913,#3915,#3917));
#3919=FACE_OUTER_BOUND('',#3918,.F.);
#3920=ADVANCED_FACE('',(#3919),#3911,.T.);
#3921=CARTESIAN_POINT('',(-4.035E0,5.73E0,5.E-2));
#3922=DIRECTION('',(-1.E0,0.E0,0.E0));
#3923=DIRECTION('',(0.E0,0.E0,1.E0));
#3924=AXIS2_PLACEMENT_3D('',#3921,#3922,#3923);
#3925=SPHERICAL_SURFACE('',#3924,5.E-1);
#3927=ORIENTED_EDGE('',*,*,#3926,.T.);
#3928=ORIENTED_EDGE('',*,*,#3916,.F.);
#3929=ORIENTED_EDGE('',*,*,#3914,.T.);
#3930=EDGE_LOOP('',(#3927,#3928,#3929));
#3931=FACE_OUTER_BOUND('',#3930,.F.);
#3932=ADVANCED_FACE('',(#3931),#3925,.T.);
#3933=CARTESIAN_POINT('',(-3.855768987597E0,1.23E0,-1.55E0));
#3934=DIRECTION('',(1.E0,0.E0,0.E0));
#3935=DIRECTION('',(0.E0,0.E0,1.E0));
#3936=AXIS2_PLACEMENT_3D('',#3933,#3934,#3935);
#3937=SPHERICAL_SURFACE('',#3936,6.792310124029E-1);
#3939=ORIENTED_EDGE('',*,*,#3938,.T.);
#3941=ORIENTED_EDGE('',*,*,#3940,.T.);
#3943=ORIENTED_EDGE('',*,*,#3942,.F.);
#3944=EDGE_LOOP('',(#3939,#3941,#3943));
#3945=FACE_OUTER_BOUND('',#3944,.F.);
#3946=ADVANCED_FACE('',(#3945),#3937,.T.);
#3947=CARTESIAN_POINT('',(-3.855768987597E0,1.23E0,-1.55E0));
#3948=DIRECTION('',(1.E0,0.E0,0.E0));
#3949=DIRECTION('',(0.E0,0.E0,1.E0));
#3950=AXIS2_PLACEMENT_3D('',#3947,#3948,#3949);
#3951=SPHERICAL_SURFACE('',#3950,6.792310124029E-1);
#3953=ORIENTED_EDGE('',*,*,#3952,.T.);
#3954=ORIENTED_EDGE('',*,*,#3942,.T.);
#3955=ORIENTED_EDGE('',*,*,#3940,.F.);
#3956=EDGE_LOOP('',(#3953,#3954,#3955));
#3957=FACE_OUTER_BOUND('',#3956,.F.);
#3958=ADVANCED_FACE('',(#3957),#3951,.T.);
#3959=CARTESIAN_POINT('',(-3.855768987597E0,1.23E0,1.65E0));
#3960=DIRECTION('',(-1.E0,0.E0,0.E0));
#3961=DIRECTION('',(0.E0,0.E0,-1.E0));
#3962=AXIS2_PLACEMENT_3D('',#3959,#3960,#3961);
#3963=SPHERICAL_SURFACE('',#3962,6.792310124029E-1);
#3965=ORIENTED_EDGE('',*,*,#3964,.T.);
#3967=ORIENTED_EDGE('',*,*,#3966,.F.);
#3969=ORIENTED_EDGE('',*,*,#3968,.T.);
#3970=EDGE_LOOP('',(#3965,#3967,#3969));
#3971=FACE_OUTER_BOUND('',#3970,.F.);
#3972=ADVANCED_FACE('',(#3971),#3963,.T.);
#3973=CARTESIAN_POINT('',(-3.855768987597E0,1.23E0,1.65E0));
#3974=DIRECTION('',(-1.E0,0.E0,0.E0));
#3975=DIRECTION('',(0.E0,0.E0,-1.E0));
#3976=AXIS2_PLACEMENT_3D('',#3973,#3974,#3975);
#3977=SPHERICAL_SURFACE('',#3976,6.792310124029E-1);
#3978=ORIENTED_EDGE('',*,*,#3964,.F.);
#3980=ORIENTED_EDGE('',*,*,#3979,.T.);
#3981=ORIENTED_EDGE('',*,*,#3966,.T.);
#3982=EDGE_LOOP('',(#3978,#3980,#3981));
#3983=FACE_OUTER_BOUND('',#3982,.F.);
#3984=ADVANCED_FACE('',(#3983),#3977,.T.);
#3985=CARTESIAN_POINT('',(-3.735E0,6.43E0,4.25E0));
#3986=DIRECTION('',(-1.E0,0.E0,0.E0));
#3987=DIRECTION('',(0.E0,0.E0,1.E0));
#3988=AXIS2_PLACEMENT_3D('',#3985,#3986,#3987);
#3989=SPHERICAL_SURFACE('',#3988,3.E-1);
#3990=ORIENTED_EDGE('',*,*,#3206,.T.);
#3991=ORIENTED_EDGE('',*,*,#3008,.T.);
#3993=ORIENTED_EDGE('',*,*,#3992,.T.);
#3994=EDGE_LOOP('',(#3990,#3991,#3993));
#3995=FACE_OUTER_BOUND('',#3994,.F.);
#3996=ADVANCED_FACE('',(#3995),#3989,.T.);
#3997=CARTESIAN_POINT('',(-3.735E0,-1.156936100620E0,4.25E0));
#3998=DIRECTION('',(0.E0,1.E0,0.E0));
#3999=DIRECTION('',(-1.E0,0.E0,0.E0));
#4000=AXIS2_PLACEMENT_3D('',#3997,#3998,#3999);
#4001=CYLINDRICAL_SURFACE('',#4000,3.E-1);
#4002=ORIENTED_EDGE('',*,*,#3057,.F.);
#4004=ORIENTED_EDGE('',*,*,#4003,.F.);
#4005=ORIENTED_EDGE('',*,*,#3135,.T.);
#4006=ORIENTED_EDGE('',*,*,#3992,.F.);
#4007=ORIENTED_EDGE('',*,*,#3025,.T.);
#4008=EDGE_LOOP('',(#4002,#4004,#4005,#4006,#4007));
#4009=FACE_OUTER_BOUND('',#4008,.F.);
#4010=ADVANCED_FACE('',(#4009),#4001,.T.);
#4011=CARTESIAN_POINT('',(4.065E0,-4.2E-1,-4.55E0));
#4012=DIRECTION('',(0.E0,-1.E0,0.E0));
#4013=DIRECTION('',(0.E0,0.E0,1.E0));
#4014=AXIS2_PLACEMENT_3D('',#4011,#4012,#4013);
#4015=PLANE('',#4014);
#4017=ORIENTED_EDGE('',*,*,#4016,.T.);
#4018=ORIENTED_EDGE('',*,*,#3137,.T.);
#4019=ORIENTED_EDGE('',*,*,#4003,.T.);
#4020=EDGE_LOOP('',(#4017,#4018,#4019));
#4021=FACE_OUTER_BOUND('',#4020,.F.);
#4022=ADVANCED_FACE('',(#4021),#4015,.F.);
#4023=CARTESIAN_POINT('',(4.065E0,-4.2E-1,4.5E0));
#4024=DIRECTION('',(0.E0,0.E0,1.E0));
#4025=DIRECTION('',(1.E0,0.E0,0.E0));
#4026=AXIS2_PLACEMENT_3D('',#4023,#4024,#4025);
#4027=PLANE('',#4026);
#4028=ORIENTED_EDGE('',*,*,#4016,.F.);
#4029=ORIENTED_EDGE('',*,*,#3055,.F.);
#4030=ORIENTED_EDGE('',*,*,#3089,.T.);
#4031=ORIENTED_EDGE('',*,*,#3104,.T.);
#4032=ORIENTED_EDGE('',*,*,#3139,.T.);
#4033=EDGE_LOOP('',(#4028,#4029,#4030,#4031,#4032));
#4034=FACE_OUTER_BOUND('',#4033,.F.);
#4035=ADVANCED_FACE('',(#4034),#4027,.T.);
#4036=CARTESIAN_POINT('',(-3.735E0,6.43E0,-4.25E0));
#4037=DIRECTION('',(-1.E0,0.E0,0.E0));
#4038=DIRECTION('',(0.E0,0.E0,1.E0));
#4039=AXIS2_PLACEMENT_3D('',#4036,#4037,#4038);
#4040=SPHERICAL_SURFACE('',#4039,3.E-1);
#4041=ORIENTED_EDGE('',*,*,#2911,.T.);
#4042=ORIENTED_EDGE('',*,*,#3211,.T.);
#4044=ORIENTED_EDGE('',*,*,#4043,.T.);
#4045=EDGE_LOOP('',(#4041,#4042,#4044));
#4046=FACE_OUTER_BOUND('',#4045,.F.);
#4047=ADVANCED_FACE('',(#4046),#4040,.T.);
#4048=CARTESIAN_POINT('',(-3.735E0,6.771081952867E0,-4.25E0));
#4049=DIRECTION('',(0.E0,-1.E0,0.E0));
#4050=DIRECTION('',(-1.E0,0.E0,0.E0));
#4051=AXIS2_PLACEMENT_3D('',#4048,#4049,#4050);
#4052=CYLINDRICAL_SURFACE('',#4051,3.E-1);
#4053=ORIENTED_EDGE('',*,*,#2780,.F.);
#4055=ORIENTED_EDGE('',*,*,#4054,.T.);
#4056=ORIENTED_EDGE('',*,*,#4043,.F.);
#4057=ORIENTED_EDGE('',*,*,#3152,.T.);
#4059=ORIENTED_EDGE('',*,*,#4058,.F.);
#4060=EDGE_LOOP('',(#4053,#4055,#4056,#4057,#4059));
#4061=FACE_OUTER_BOUND('',#4060,.F.);
#4062=ADVANCED_FACE('',(#4061),#4052,.T.);
#4063=CARTESIAN_POINT('',(4.065E0,6.73E0,-4.55E0));
#4064=DIRECTION('',(0.E0,0.E0,-1.E0));
#4065=DIRECTION('',(0.E0,-1.E0,0.E0));
#4066=AXIS2_PLACEMENT_3D('',#4063,#4064,#4065);
#4067=PLANE('',#4066);
#4068=ORIENTED_EDGE('',*,*,#2886,.F.);
#4069=ORIENTED_EDGE('',*,*,#2913,.F.);
#4070=ORIENTED_EDGE('',*,*,#4054,.F.);
#4071=ORIENTED_EDGE('',*,*,#2778,.T.);
#4072=EDGE_LOOP('',(#4068,#4069,#4070,#4071));
#4073=FACE_OUTER_BOUND('',#4072,.F.);
#4074=ADVANCED_FACE('',(#4073),#4067,.T.);
#4075=CARTESIAN_POINT('',(4.065E0,-4.2E-1,-4.55E0));
#4076=DIRECTION('',(0.E0,-1.E0,0.E0));
#4077=DIRECTION('',(0.E0,0.E0,1.E0));
#4078=AXIS2_PLACEMENT_3D('',#4075,#4076,#4077);
#4079=PLANE('',#4078);
#4080=ORIENTED_EDGE('',*,*,#3150,.F.);
#4082=ORIENTED_EDGE('',*,*,#4081,.F.);
#4083=ORIENTED_EDGE('',*,*,#4058,.T.);
#4084=EDGE_LOOP('',(#4080,#4082,#4083));
#4085=FACE_OUTER_BOUND('',#4084,.F.);
#4086=ADVANCED_FACE('',(#4085),#4079,.F.);
#4087=CARTESIAN_POINT('',(4.065E0,-4.2E-1,-4.5E0));
#4088=DIRECTION('',(0.E0,0.E0,1.E0));
#4089=DIRECTION('',(1.E0,0.E0,0.E0));
#4090=AXIS2_PLACEMENT_3D('',#4087,#4088,#4089);
#4091=PLANE('',#4090);
#4092=ORIENTED_EDGE('',*,*,#4081,.T.);
#4093=ORIENTED_EDGE('',*,*,#3148,.F.);
#4095=ORIENTED_EDGE('',*,*,#4094,.T.);
#4096=ORIENTED_EDGE('',*,*,#2744,.T.);
#4097=ORIENTED_EDGE('',*,*,#2782,.T.);
#4098=EDGE_LOOP('',(#4092,#4093,#4095,#4096,#4097));
#4099=FACE_OUTER_BOUND('',#4098,.F.);
#4100=ADVANCED_FACE('',(#4099),#4091,.F.);
#4101=CARTESIAN_POINT('',(-3.735E0,-1.12E0,-3.9E0));
#4102=DIRECTION('',(0.E0,0.E0,1.E0));
#4103=DIRECTION('',(1.E0,0.E0,0.E0));
#4104=AXIS2_PLACEMENT_3D('',#4101,#4102,#4103);
#4105=CYLINDRICAL_SURFACE('',#4104,3.E-1);
#4106=ORIENTED_EDGE('',*,*,#2723,.F.);
#4107=ORIENTED_EDGE('',*,*,#2746,.T.);
#4108=ORIENTED_EDGE('',*,*,#4094,.F.);
#4109=ORIENTED_EDGE('',*,*,#3146,.T.);
#4110=EDGE_LOOP('',(#4106,#4107,#4108,#4109));
#4111=FACE_OUTER_BOUND('',#4110,.F.);
#4112=ADVANCED_FACE('',(#4111),#4105,.T.);
#4113=CARTESIAN_POINT('',(-3.735E0,-1.2E-1,-4.530156148475E0));
#4114=DIRECTION('',(0.E0,0.E0,1.E0));
#4115=DIRECTION('',(-1.E0,0.E0,0.E0));
#4116=AXIS2_PLACEMENT_3D('',#4113,#4114,#4115);
#4117=CYLINDRICAL_SURFACE('',#4116,3.E-1);
#4118=ORIENTED_EDGE('',*,*,#2708,.T.);
#4119=ORIENTED_EDGE('',*,*,#2727,.F.);
#4120=ORIENTED_EDGE('',*,*,#3143,.T.);
#4121=ORIENTED_EDGE('',*,*,#2676,.F.);
#4122=EDGE_LOOP('',(#4118,#4119,#4120,#4121));
#4123=FACE_OUTER_BOUND('',#4122,.F.);
#4124=ADVANCED_FACE('',(#4123),#4117,.T.);
#4125=CARTESIAN_POINT('',(-4.035E0,-4.2E-1,4.5E0));
#4126=DIRECTION('',(0.E0,0.E0,-1.E0));
#4127=DIRECTION('',(-1.E0,0.E0,0.E0));
#4128=AXIS2_PLACEMENT_3D('',#4125,#4126,#4127);
#4129=PLANE('',#4128);
#4131=ORIENTED_EDGE('',*,*,#4130,.T.);
#4132=ORIENTED_EDGE('',*,*,#2584,.F.);
#4133=ORIENTED_EDGE('',*,*,#2613,.T.);
#4134=ORIENTED_EDGE('',*,*,#2630,.T.);
#4135=ORIENTED_EDGE('',*,*,#3061,.T.);
#4136=EDGE_LOOP('',(#4131,#4132,#4133,#4134,#4135));
#4137=FACE_OUTER_BOUND('',#4136,.F.);
#4138=ADVANCED_FACE('',(#4137),#4129,.F.);
#4139=CARTESIAN_POINT('',(4.065E0,-4.2E-1,-4.55E0));
#4140=DIRECTION('',(0.E0,-1.E0,0.E0));
#4141=DIRECTION('',(0.E0,0.E0,1.E0));
#4142=AXIS2_PLACEMENT_3D('',#4139,#4140,#4141);
#4143=PLANE('',#4142);
#4144=ORIENTED_EDGE('',*,*,#2586,.F.);
#4145=ORIENTED_EDGE('',*,*,#4130,.F.);
#4146=ORIENTED_EDGE('',*,*,#3041,.T.);
#4147=EDGE_LOOP('',(#4144,#4145,#4146));
#4148=FACE_OUTER_BOUND('',#4147,.F.);
#4149=ADVANCED_FACE('',(#4148),#4143,.F.);
#4150=CARTESIAN_POINT('',(-3.15E0,0.E0,0.E0));
#4151=DIRECTION('',(1.E0,0.E0,0.E0));
#4152=DIRECTION('',(0.E0,1.E0,0.E0));
#4153=AXIS2_PLACEMENT_3D('',#4150,#4151,#4152);
#4154=PLANE('',#4153);
#4156=ORIENTED_EDGE('',*,*,#4155,.T.);
#4158=ORIENTED_EDGE('',*,*,#4157,.F.);
#4160=ORIENTED_EDGE('',*,*,#4159,.T.);
#4162=ORIENTED_EDGE('',*,*,#4161,.T.);
#4164=ORIENTED_EDGE('',*,*,#4163,.F.);
#4165=EDGE_LOOP('',(#4156,#4158,#4160,#4162,#4164));
#4166=FACE_OUTER_BOUND('',#4165,.F.);
#4167=ADVANCED_FACE('',(#4166),#4154,.F.);
#4168=CARTESIAN_POINT('',(-3.15E0,0.E0,5.E-1));
#4169=DIRECTION('',(0.E0,0.E0,1.E0));
#4170=DIRECTION('',(0.E0,-1.E0,0.E0));
#4171=AXIS2_PLACEMENT_3D('',#4168,#4169,#4170);
#4172=PLANE('',#4171);
#4174=ORIENTED_EDGE('',*,*,#4173,.T.);
#4176=ORIENTED_EDGE('',*,*,#4175,.F.);
#4178=ORIENTED_EDGE('',*,*,#4177,.F.);
#4179=ORIENTED_EDGE('',*,*,#4157,.T.);
#4180=EDGE_LOOP('',(#4174,#4176,#4178,#4179));
#4181=FACE_OUTER_BOUND('',#4180,.F.);
#4182=ADVANCED_FACE('',(#4181),#4172,.T.);
#4183=CARTESIAN_POINT('',(3.15E0,0.E0,0.E0));
#4184=DIRECTION('',(1.E0,0.E0,0.E0));
#4185=DIRECTION('',(0.E0,1.E0,0.E0));
#4186=AXIS2_PLACEMENT_3D('',#4183,#4184,#4185);
#4187=PLANE('',#4186);
#4189=ORIENTED_EDGE('',*,*,#4188,.T.);
#4191=ORIENTED_EDGE('',*,*,#4190,.T.);
#4193=ORIENTED_EDGE('',*,*,#4192,.T.);
#4195=ORIENTED_EDGE('',*,*,#4194,.T.);
#4196=ORIENTED_EDGE('',*,*,#4175,.T.);
#4197=EDGE_LOOP('',(#4189,#4191,#4193,#4195,#4196));
#4198=FACE_OUTER_BOUND('',#4197,.F.);
#4199=ADVANCED_FACE('',(#4198),#4187,.T.);
#4200=CARTESIAN_POINT('',(-3.15E0,-8.E-1,-5.E-1));
#4201=DIRECTION('',(0.E0,0.E0,-1.E0));
#4202=DIRECTION('',(0.E0,1.E0,0.E0));
#4203=AXIS2_PLACEMENT_3D('',#4200,#4201,#4202);
#4204=PLANE('',#4203);
#4206=ORIENTED_EDGE('',*,*,#4205,.T.);
#4207=ORIENTED_EDGE('',*,*,#4163,.T.);
#4209=ORIENTED_EDGE('',*,*,#4208,.F.);
#4210=ORIENTED_EDGE('',*,*,#4190,.F.);
#4211=EDGE_LOOP('',(#4206,#4207,#4209,#4210));
#4212=FACE_OUTER_BOUND('',#4211,.F.);
#4213=ADVANCED_FACE('',(#4212),#4204,.T.);
#4214=CARTESIAN_POINT('',(-3.15E0,-8.E-1,0.E0));
#4215=DIRECTION('',(1.E0,0.E0,0.E0));
#4216=DIRECTION('',(0.E0,1.E0,0.E0));
#4217=AXIS2_PLACEMENT_3D('',#4214,#4215,#4216);
#4218=CYLINDRICAL_SURFACE('',#4217,5.E-1);
#4219=ORIENTED_EDGE('',*,*,#4161,.F.);
#4220=ORIENTED_EDGE('',*,*,#4159,.F.);
#4221=ORIENTED_EDGE('',*,*,#4177,.T.);
#4222=ORIENTED_EDGE('',*,*,#4194,.F.);
#4223=ORIENTED_EDGE('',*,*,#4192,.F.);
#4224=ORIENTED_EDGE('',*,*,#4208,.T.);
#4225=EDGE_LOOP('',(#4219,#4220,#4221,#4222,#4223,#4224));
#4226=FACE_OUTER_BOUND('',#4225,.F.);
#4227=ADVANCED_FACE('',(#4226),#4218,.T.);
#4228=CARTESIAN_POINT('',(-2.27E0,-3.E-1,-2.075E0));
#4229=DIRECTION('',(-1.E0,0.E0,0.E0));
#4230=DIRECTION('',(0.E0,0.E0,1.E0));
#4231=AXIS2_PLACEMENT_3D('',#4228,#4229,#4230);
#4232=PLANE('',#4231);
#4234=ORIENTED_EDGE('',*,*,#4233,.T.);
#4236=ORIENTED_EDGE('',*,*,#4235,.T.);
#4238=ORIENTED_EDGE('',*,*,#4237,.F.);
#4240=ORIENTED_EDGE('',*,*,#4239,.T.);
#4241=EDGE_LOOP('',(#4234,#4236,#4238,#4240));
#4242=FACE_OUTER_BOUND('',#4241,.F.);
#4243=ADVANCED_FACE('',(#4242),#4232,.F.);
#4244=CARTESIAN_POINT('',(-2.27E0,-3.E-1,-2.925E0));
#4245=DIRECTION('',(0.E0,0.E0,-1.E0));
#4246=DIRECTION('',(0.E0,-1.E0,0.E0));
#4247=AXIS2_PLACEMENT_3D('',#4244,#4245,#4246);
#4248=PLANE('',#4247);
#4250=ORIENTED_EDGE('',*,*,#4249,.T.);
#4252=ORIENTED_EDGE('',*,*,#4251,.F.);
#4254=ORIENTED_EDGE('',*,*,#4253,.F.);
#4256=ORIENTED_EDGE('',*,*,#4255,.F.);
#4258=ORIENTED_EDGE('',*,*,#4257,.T.);
#4260=ORIENTED_EDGE('',*,*,#4259,.T.);
#4261=ORIENTED_EDGE('',*,*,#4235,.F.);
#4262=EDGE_LOOP('',(#4250,#4252,#4254,#4256,#4258,#4260,#4261));
#4263=FACE_OUTER_BOUND('',#4262,.F.);
#4264=ADVANCED_FACE('',(#4263),#4248,.T.);
#4265=CARTESIAN_POINT('',(-2.77E0,-3.E-1,-2.075E0));
#4266=DIRECTION('',(-1.E0,0.E0,0.E0));
#4267=DIRECTION('',(0.E0,0.E0,1.E0));
#4268=AXIS2_PLACEMENT_3D('',#4265,#4266,#4267);
#4269=PLANE('',#4268);
#4271=ORIENTED_EDGE('',*,*,#4270,.T.);
#4273=ORIENTED_EDGE('',*,*,#4272,.T.);
#4275=ORIENTED_EDGE('',*,*,#4274,.F.);
#4276=ORIENTED_EDGE('',*,*,#4251,.T.);
#4277=EDGE_LOOP('',(#4271,#4273,#4275,#4276));
#4278=FACE_OUTER_BOUND('',#4277,.F.);
#4279=ADVANCED_FACE('',(#4278),#4269,.T.);
#4280=CARTESIAN_POINT('',(-2.27E0,-1.4E0,-2.225E0));
#4281=DIRECTION('',(0.E0,0.E0,1.E0));
#4282=DIRECTION('',(0.E0,1.E0,0.E0));
#4283=AXIS2_PLACEMENT_3D('',#4280,#4281,#4282);
#4284=PLANE('',#4283);
#4286=ORIENTED_EDGE('',*,*,#4285,.T.);
#4287=ORIENTED_EDGE('',*,*,#4239,.F.);
#4289=ORIENTED_EDGE('',*,*,#4288,.T.);
#4291=ORIENTED_EDGE('',*,*,#4290,.F.);
#4293=ORIENTED_EDGE('',*,*,#4292,.F.);
#4295=ORIENTED_EDGE('',*,*,#4294,.T.);
#4296=ORIENTED_EDGE('',*,*,#4272,.F.);
#4297=EDGE_LOOP('',(#4286,#4287,#4289,#4291,#4293,#4295,#4296));
#4298=FACE_OUTER_BOUND('',#4297,.F.);
#4299=ADVANCED_FACE('',(#4298),#4284,.T.);
#4300=CARTESIAN_POINT('',(-2.77E0,-1.15E0,2.79472E0));
#4301=DIRECTION('',(0.E0,0.E0,-1.E0));
#4302=DIRECTION('',(1.E0,0.E0,0.E0));
#4303=AXIS2_PLACEMENT_3D('',#4300,#4301,#4302);
#4304=CYLINDRICAL_SURFACE('',#4303,5.E-1);
#4305=ORIENTED_EDGE('',*,*,#4259,.F.);
#4307=ORIENTED_EDGE('',*,*,#4306,.T.);
#4308=ORIENTED_EDGE('',*,*,#4288,.F.);
#4309=ORIENTED_EDGE('',*,*,#4237,.T.);
#4310=EDGE_LOOP('',(#4305,#4307,#4308,#4309));
#4311=FACE_OUTER_BOUND('',#4310,.F.);
#4312=ADVANCED_FACE('',(#4311),#4304,.T.);
#4313=CARTESIAN_POINT('',(-2.27E0,-1.65E0,-2.925E0));
#4314=DIRECTION('',(0.E0,-1.E0,0.E0));
#4315=DIRECTION('',(0.E0,0.E0,1.E0));
#4316=AXIS2_PLACEMENT_3D('',#4313,#4314,#4315);
#4317=PLANE('',#4316);
#4318=ORIENTED_EDGE('',*,*,#4306,.F.);
#4319=ORIENTED_EDGE('',*,*,#4257,.F.);
#4321=ORIENTED_EDGE('',*,*,#4320,.F.);
#4322=ORIENTED_EDGE('',*,*,#4290,.T.);
#4323=EDGE_LOOP('',(#4318,#4319,#4321,#4322));
#4324=FACE_OUTER_BOUND('',#4323,.F.);
#4325=ADVANCED_FACE('',(#4324),#4317,.T.);
#4326=CARTESIAN_POINT('',(-1.697E1,-3.E-1,-2.075E0));
#4327=DIRECTION('',(-1.E0,0.E0,0.E0));
#4328=DIRECTION('',(0.E0,1.E0,0.E0));
#4329=AXIS2_PLACEMENT_3D('',#4326,#4327,#4328);
#4330=PLANE('',#4329);
#4331=ORIENTED_EDGE('',*,*,#4255,.T.);
#4333=ORIENTED_EDGE('',*,*,#4332,.T.);
#4334=ORIENTED_EDGE('',*,*,#4292,.T.);
#4335=ORIENTED_EDGE('',*,*,#4320,.T.);
#4336=EDGE_LOOP('',(#4331,#4333,#4334,#4335));
#4337=FACE_OUTER_BOUND('',#4336,.F.);
#4338=ADVANCED_FACE('',(#4337),#4330,.T.);
#4339=CARTESIAN_POINT('',(-2.27E0,-1.15E0,-2.225E0));
#4340=DIRECTION('',(0.E0,1.E0,0.E0));
#4341=DIRECTION('',(0.E0,0.E0,-1.E0));
#4342=AXIS2_PLACEMENT_3D('',#4339,#4340,#4341);
#4343=PLANE('',#4342);
#4344=ORIENTED_EDGE('',*,*,#4274,.T.);
#4345=ORIENTED_EDGE('',*,*,#4294,.F.);
#4346=ORIENTED_EDGE('',*,*,#4332,.F.);
#4347=ORIENTED_EDGE('',*,*,#4253,.T.);
#4348=EDGE_LOOP('',(#4344,#4345,#4346,#4347));
#4349=FACE_OUTER_BOUND('',#4348,.F.);
#4350=ADVANCED_FACE('',(#4349),#4343,.T.);
#4351=CARTESIAN_POINT('',(-2.27E0,-3.E-1,2.025E0));
#4352=DIRECTION('',(-1.E0,0.E0,0.E0));
#4353=DIRECTION('',(0.E0,0.E0,1.E0));
#4354=AXIS2_PLACEMENT_3D('',#4351,#4352,#4353);
#4355=PLANE('',#4354);
#4357=ORIENTED_EDGE('',*,*,#4356,.T.);
#4359=ORIENTED_EDGE('',*,*,#4358,.T.);
#4361=ORIENTED_EDGE('',*,*,#4360,.F.);
#4363=ORIENTED_EDGE('',*,*,#4362,.T.);
#4364=EDGE_LOOP('',(#4357,#4359,#4361,#4363));
#4365=FACE_OUTER_BOUND('',#4364,.F.);
#4366=ADVANCED_FACE('',(#4365),#4355,.F.);
#4367=CARTESIAN_POINT('',(-2.27E0,-3.E-1,2.175E0));
#4368=DIRECTION('',(0.E0,0.E0,-1.E0));
#4369=DIRECTION('',(0.E0,-1.E0,0.E0));
#4370=AXIS2_PLACEMENT_3D('',#4367,#4368,#4369);
#4371=PLANE('',#4370);
#4373=ORIENTED_EDGE('',*,*,#4372,.T.);
#4375=ORIENTED_EDGE('',*,*,#4374,.F.);
#4377=ORIENTED_EDGE('',*,*,#4376,.F.);
#4379=ORIENTED_EDGE('',*,*,#4378,.F.);
#4381=ORIENTED_EDGE('',*,*,#4380,.T.);
#4383=ORIENTED_EDGE('',*,*,#4382,.T.);
#4384=ORIENTED_EDGE('',*,*,#4358,.F.);
#4385=EDGE_LOOP('',(#4373,#4375,#4377,#4379,#4381,#4383,#4384));
#4386=FACE_OUTER_BOUND('',#4385,.F.);
#4387=ADVANCED_FACE('',(#4386),#4371,.T.);
#4388=CARTESIAN_POINT('',(-2.77E0,-3.E-1,2.025E0));
#4389=DIRECTION('',(-1.E0,0.E0,0.E0));
#4390=DIRECTION('',(0.E0,0.E0,1.E0));
#4391=AXIS2_PLACEMENT_3D('',#4388,#4389,#4390);
#4392=PLANE('',#4391);
#4394=ORIENTED_EDGE('',*,*,#4393,.T.);
#4396=ORIENTED_EDGE('',*,*,#4395,.T.);
#4398=ORIENTED_EDGE('',*,*,#4397,.F.);
#4399=ORIENTED_EDGE('',*,*,#4374,.T.);
#4400=EDGE_LOOP('',(#4394,#4396,#4398,#4399));
#4401=FACE_OUTER_BOUND('',#4400,.F.);
#4402=ADVANCED_FACE('',(#4401),#4392,.T.);
#4403=CARTESIAN_POINT('',(-2.27E0,-1.4E0,2.875E0));
#4404=DIRECTION('',(0.E0,0.E0,1.E0));
#4405=DIRECTION('',(0.E0,1.E0,0.E0));
#4406=AXIS2_PLACEMENT_3D('',#4403,#4404,#4405);
#4407=PLANE('',#4406);
#4409=ORIENTED_EDGE('',*,*,#4408,.T.);
#4410=ORIENTED_EDGE('',*,*,#4362,.F.);
#4412=ORIENTED_EDGE('',*,*,#4411,.T.);
#4414=ORIENTED_EDGE('',*,*,#4413,.F.);
#4416=ORIENTED_EDGE('',*,*,#4415,.F.);
#4418=ORIENTED_EDGE('',*,*,#4417,.T.);
#4419=ORIENTED_EDGE('',*,*,#4395,.F.);
#4420=EDGE_LOOP('',(#4409,#4410,#4412,#4414,#4416,#4418,#4419));
#4421=FACE_OUTER_BOUND('',#4420,.F.);
#4422=ADVANCED_FACE('',(#4421),#4407,.T.);
#4423=CARTESIAN_POINT('',(-2.77E0,-1.15E0,6.89472E0));
#4424=DIRECTION('',(0.E0,0.E0,-1.E0));
#4425=DIRECTION('',(1.E0,0.E0,0.E0));
#4426=AXIS2_PLACEMENT_3D('',#4423,#4424,#4425);
#4427=CYLINDRICAL_SURFACE('',#4426,5.E-1);
#4428=ORIENTED_EDGE('',*,*,#4411,.F.);
#4429=ORIENTED_EDGE('',*,*,#4360,.T.);
#4430=ORIENTED_EDGE('',*,*,#4382,.F.);
#4432=ORIENTED_EDGE('',*,*,#4431,.T.);
#4433=EDGE_LOOP('',(#4428,#4429,#4430,#4432));
#4434=FACE_OUTER_BOUND('',#4433,.F.);
#4435=ADVANCED_FACE('',(#4434),#4427,.T.);
#4436=CARTESIAN_POINT('',(-2.27E0,-1.65E0,2.175E0));
#4437=DIRECTION('',(0.E0,-1.E0,0.E0));
#4438=DIRECTION('',(0.E0,0.E0,1.E0));
#4439=AXIS2_PLACEMENT_3D('',#4436,#4437,#4438);
#4440=PLANE('',#4439);
#4441=ORIENTED_EDGE('',*,*,#4431,.F.);
#4442=ORIENTED_EDGE('',*,*,#4380,.F.);
#4444=ORIENTED_EDGE('',*,*,#4443,.F.);
#4445=ORIENTED_EDGE('',*,*,#4413,.T.);
#4446=EDGE_LOOP('',(#4441,#4442,#4444,#4445));
#4447=FACE_OUTER_BOUND('',#4446,.F.);
#4448=ADVANCED_FACE('',(#4447),#4440,.T.);
#4449=CARTESIAN_POINT('',(-1.697E1,-3.E-1,2.025E0));
#4450=DIRECTION('',(-1.E0,0.E0,0.E0));
#4451=DIRECTION('',(0.E0,1.E0,0.E0));
#4452=AXIS2_PLACEMENT_3D('',#4449,#4450,#4451);
#4453=PLANE('',#4452);
#4455=ORIENTED_EDGE('',*,*,#4454,.T.);
#4456=ORIENTED_EDGE('',*,*,#4415,.T.);
#4457=ORIENTED_EDGE('',*,*,#4443,.T.);
#4458=ORIENTED_EDGE('',*,*,#4378,.T.);
#4459=EDGE_LOOP('',(#4455,#4456,#4457,#4458));
#4460=FACE_OUTER_BOUND('',#4459,.F.);
#4461=ADVANCED_FACE('',(#4460),#4453,.T.);
#4462=CARTESIAN_POINT('',(-2.27E0,-1.15E0,2.875E0));
#4463=DIRECTION('',(0.E0,1.E0,0.E0));
#4464=DIRECTION('',(0.E0,0.E0,-1.E0));
#4465=AXIS2_PLACEMENT_3D('',#4462,#4463,#4464);
#4466=PLANE('',#4465);
#4467=ORIENTED_EDGE('',*,*,#4397,.T.);
#4468=ORIENTED_EDGE('',*,*,#4417,.F.);
#4469=ORIENTED_EDGE('',*,*,#4454,.F.);
#4470=ORIENTED_EDGE('',*,*,#4376,.T.);
#4471=EDGE_LOOP('',(#4467,#4468,#4469,#4470));
#4472=FACE_OUTER_BOUND('',#4471,.F.);
#4473=ADVANCED_FACE('',(#4472),#4466,.T.);
#4474=CARTESIAN_POINT('',(2.81E0,-3.E-1,2.075E0));
#4475=DIRECTION('',(-1.E0,0.E0,0.E0));
#4476=DIRECTION('',(0.E0,0.E0,1.E0));
#4477=AXIS2_PLACEMENT_3D('',#4474,#4475,#4476);
#4478=PLANE('',#4477);
#4480=ORIENTED_EDGE('',*,*,#4479,.T.);
#4482=ORIENTED_EDGE('',*,*,#4481,.T.);
#4484=ORIENTED_EDGE('',*,*,#4483,.F.);
#4486=ORIENTED_EDGE('',*,*,#4485,.T.);
#4487=EDGE_LOOP('',(#4480,#4482,#4484,#4486));
#4488=FACE_OUTER_BOUND('',#4487,.F.);
#4489=ADVANCED_FACE('',(#4488),#4478,.F.);
#4490=CARTESIAN_POINT('',(2.81E0,-3.E-1,2.225E0));
#4491=DIRECTION('',(0.E0,0.E0,-1.E0));
#4492=DIRECTION('',(0.E0,-1.E0,0.E0));
#4493=AXIS2_PLACEMENT_3D('',#4490,#4491,#4492);
#4494=PLANE('',#4493);
#4496=ORIENTED_EDGE('',*,*,#4495,.T.);
#4498=ORIENTED_EDGE('',*,*,#4497,.F.);
#4500=ORIENTED_EDGE('',*,*,#4499,.F.);
#4502=ORIENTED_EDGE('',*,*,#4501,.F.);
#4504=ORIENTED_EDGE('',*,*,#4503,.T.);
#4506=ORIENTED_EDGE('',*,*,#4505,.T.);
#4507=ORIENTED_EDGE('',*,*,#4481,.F.);
#4508=EDGE_LOOP('',(#4496,#4498,#4500,#4502,#4504,#4506,#4507));
#4509=FACE_OUTER_BOUND('',#4508,.F.);
#4510=ADVANCED_FACE('',(#4509),#4494,.T.);
#4511=CARTESIAN_POINT('',(2.31E0,-3.E-1,2.075E0));
#4512=DIRECTION('',(-1.E0,0.E0,0.E0));
#4513=DIRECTION('',(0.E0,0.E0,1.E0));
#4514=AXIS2_PLACEMENT_3D('',#4511,#4512,#4513);
#4515=PLANE('',#4514);
#4517=ORIENTED_EDGE('',*,*,#4516,.T.);
#4519=ORIENTED_EDGE('',*,*,#4518,.T.);
#4521=ORIENTED_EDGE('',*,*,#4520,.F.);
#4522=ORIENTED_EDGE('',*,*,#4497,.T.);
#4523=EDGE_LOOP('',(#4517,#4519,#4521,#4522));
#4524=FACE_OUTER_BOUND('',#4523,.F.);
#4525=ADVANCED_FACE('',(#4524),#4515,.T.);
#4526=CARTESIAN_POINT('',(2.81E0,-6.48E0,2.925E0));
#4527=DIRECTION('',(0.E0,0.E0,1.E0));
#4528=DIRECTION('',(0.E0,1.E0,0.E0));
#4529=AXIS2_PLACEMENT_3D('',#4526,#4527,#4528);
#4530=PLANE('',#4529);
#4532=ORIENTED_EDGE('',*,*,#4531,.T.);
#4533=ORIENTED_EDGE('',*,*,#4485,.F.);
#4535=ORIENTED_EDGE('',*,*,#4534,.T.);
#4537=ORIENTED_EDGE('',*,*,#4536,.F.);
#4539=ORIENTED_EDGE('',*,*,#4538,.F.);
#4541=ORIENTED_EDGE('',*,*,#4540,.T.);
#4542=ORIENTED_EDGE('',*,*,#4518,.F.);
#4543=EDGE_LOOP('',(#4532,#4533,#4535,#4537,#4539,#4541,#4542));
#4544=FACE_OUTER_BOUND('',#4543,.F.);
#4545=ADVANCED_FACE('',(#4544),#4530,.T.);
#4546=CARTESIAN_POINT('',(2.31E0,-6.23E0,6.94472E0));
#4547=DIRECTION('',(0.E0,0.E0,-1.E0));
#4548=DIRECTION('',(1.E0,0.E0,0.E0));
#4549=AXIS2_PLACEMENT_3D('',#4546,#4547,#4548);
#4550=CYLINDRICAL_SURFACE('',#4549,5.E-1);
#4551=ORIENTED_EDGE('',*,*,#4534,.F.);
#4552=ORIENTED_EDGE('',*,*,#4483,.T.);
#4553=ORIENTED_EDGE('',*,*,#4505,.F.);
#4555=ORIENTED_EDGE('',*,*,#4554,.T.);
#4556=EDGE_LOOP('',(#4551,#4552,#4553,#4555));
#4557=FACE_OUTER_BOUND('',#4556,.F.);
#4558=ADVANCED_FACE('',(#4557),#4550,.T.);
#4559=CARTESIAN_POINT('',(2.81E0,-6.73E0,2.225E0));
#4560=DIRECTION('',(0.E0,-1.E0,0.E0));
#4561=DIRECTION('',(0.E0,0.E0,1.E0));
#4562=AXIS2_PLACEMENT_3D('',#4559,#4560,#4561);
#4563=PLANE('',#4562);
#4564=ORIENTED_EDGE('',*,*,#4554,.F.);
#4565=ORIENTED_EDGE('',*,*,#4503,.F.);
#4567=ORIENTED_EDGE('',*,*,#4566,.F.);
#4568=ORIENTED_EDGE('',*,*,#4536,.T.);
#4569=EDGE_LOOP('',(#4564,#4565,#4567,#4568));
#4570=FACE_OUTER_BOUND('',#4569,.F.);
#4571=ADVANCED_FACE('',(#4570),#4563,.T.);
#4572=CARTESIAN_POINT('',(-9.19E0,-3.E-1,2.075E0));
#4573=DIRECTION('',(-1.E0,0.E0,0.E0));
#4574=DIRECTION('',(0.E0,1.E0,0.E0));
#4575=AXIS2_PLACEMENT_3D('',#4572,#4573,#4574);
#4576=PLANE('',#4575);
#4578=ORIENTED_EDGE('',*,*,#4577,.T.);
#4579=ORIENTED_EDGE('',*,*,#4538,.T.);
#4580=ORIENTED_EDGE('',*,*,#4566,.T.);
#4581=ORIENTED_EDGE('',*,*,#4501,.T.);
#4582=EDGE_LOOP('',(#4578,#4579,#4580,#4581));
#4583=FACE_OUTER_BOUND('',#4582,.F.);
#4584=ADVANCED_FACE('',(#4583),#4576,.T.);
#4585=CARTESIAN_POINT('',(2.81E0,-6.23E0,2.925E0));
#4586=DIRECTION('',(0.E0,1.E0,0.E0));
#4587=DIRECTION('',(0.E0,0.E0,-1.E0));
#4588=AXIS2_PLACEMENT_3D('',#4585,#4586,#4587);
#4589=PLANE('',#4588);
#4590=ORIENTED_EDGE('',*,*,#4520,.T.);
#4591=ORIENTED_EDGE('',*,*,#4540,.F.);
#4592=ORIENTED_EDGE('',*,*,#4577,.F.);
#4593=ORIENTED_EDGE('',*,*,#4499,.T.);
#4594=EDGE_LOOP('',(#4590,#4591,#4592,#4593));
#4595=FACE_OUTER_BOUND('',#4594,.F.);
#4596=ADVANCED_FACE('',(#4595),#4589,.T.);
#4597=CARTESIAN_POINT('',(2.81E0,-3.E-1,-2.075E0));
#4598=DIRECTION('',(-1.E0,0.E0,0.E0));
#4599=DIRECTION('',(0.E0,0.E0,1.E0));
#4600=AXIS2_PLACEMENT_3D('',#4597,#4598,#4599);
#4601=PLANE('',#4600);
#4603=ORIENTED_EDGE('',*,*,#4602,.T.);
#4605=ORIENTED_EDGE('',*,*,#4604,.T.);
#4607=ORIENTED_EDGE('',*,*,#4606,.F.);
#4609=ORIENTED_EDGE('',*,*,#4608,.T.);
#4610=EDGE_LOOP('',(#4603,#4605,#4607,#4609));
#4611=FACE_OUTER_BOUND('',#4610,.F.);
#4612=ADVANCED_FACE('',(#4611),#4601,.F.);
#4613=CARTESIAN_POINT('',(2.81E0,-3.E-1,-2.925E0));
#4614=DIRECTION('',(0.E0,0.E0,-1.E0));
#4615=DIRECTION('',(0.E0,-1.E0,0.E0));
#4616=AXIS2_PLACEMENT_3D('',#4613,#4614,#4615);
#4617=PLANE('',#4616);
#4619=ORIENTED_EDGE('',*,*,#4618,.T.);
#4621=ORIENTED_EDGE('',*,*,#4620,.F.);
#4623=ORIENTED_EDGE('',*,*,#4622,.F.);
#4625=ORIENTED_EDGE('',*,*,#4624,.F.);
#4627=ORIENTED_EDGE('',*,*,#4626,.T.);
#4629=ORIENTED_EDGE('',*,*,#4628,.T.);
#4630=ORIENTED_EDGE('',*,*,#4604,.F.);
#4631=EDGE_LOOP('',(#4619,#4621,#4623,#4625,#4627,#4629,#4630));
#4632=FACE_OUTER_BOUND('',#4631,.F.);
#4633=ADVANCED_FACE('',(#4632),#4617,.T.);
#4634=CARTESIAN_POINT('',(2.31E0,-3.E-1,-2.075E0));
#4635=DIRECTION('',(-1.E0,0.E0,0.E0));
#4636=DIRECTION('',(0.E0,0.E0,1.E0));
#4637=AXIS2_PLACEMENT_3D('',#4634,#4635,#4636);
#4638=PLANE('',#4637);
#4640=ORIENTED_EDGE('',*,*,#4639,.T.);
#4642=ORIENTED_EDGE('',*,*,#4641,.T.);
#4644=ORIENTED_EDGE('',*,*,#4643,.F.);
#4645=ORIENTED_EDGE('',*,*,#4620,.T.);
#4646=EDGE_LOOP('',(#4640,#4642,#4644,#4645));
#4647=FACE_OUTER_BOUND('',#4646,.F.);
#4648=ADVANCED_FACE('',(#4647),#4638,.T.);
#4649=CARTESIAN_POINT('',(2.81E0,-6.48E0,-2.225E0));
#4650=DIRECTION('',(0.E0,0.E0,1.E0));
#4651=DIRECTION('',(0.E0,1.E0,0.E0));
#4652=AXIS2_PLACEMENT_3D('',#4649,#4650,#4651);
#4653=PLANE('',#4652);
#4655=ORIENTED_EDGE('',*,*,#4654,.T.);
#4656=ORIENTED_EDGE('',*,*,#4608,.F.);
#4658=ORIENTED_EDGE('',*,*,#4657,.T.);
#4660=ORIENTED_EDGE('',*,*,#4659,.F.);
#4662=ORIENTED_EDGE('',*,*,#4661,.F.);
#4664=ORIENTED_EDGE('',*,*,#4663,.T.);
#4665=ORIENTED_EDGE('',*,*,#4641,.F.);
#4666=EDGE_LOOP('',(#4655,#4656,#4658,#4660,#4662,#4664,#4665));
#4667=FACE_OUTER_BOUND('',#4666,.F.);
#4668=ADVANCED_FACE('',(#4667),#4653,.T.);
#4669=CARTESIAN_POINT('',(2.31E0,-6.23E0,2.79472E0));
#4670=DIRECTION('',(0.E0,0.E0,-1.E0));
#4671=DIRECTION('',(1.E0,0.E0,0.E0));
#4672=AXIS2_PLACEMENT_3D('',#4669,#4670,#4671);
#4673=CYLINDRICAL_SURFACE('',#4672,5.E-1);
#4674=ORIENTED_EDGE('',*,*,#4628,.F.);
#4676=ORIENTED_EDGE('',*,*,#4675,.T.);
#4677=ORIENTED_EDGE('',*,*,#4657,.F.);
#4678=ORIENTED_EDGE('',*,*,#4606,.T.);
#4679=EDGE_LOOP('',(#4674,#4676,#4677,#4678));
#4680=FACE_OUTER_BOUND('',#4679,.F.);
#4681=ADVANCED_FACE('',(#4680),#4673,.T.);
#4682=CARTESIAN_POINT('',(2.81E0,-6.73E0,-2.925E0));
#4683=DIRECTION('',(0.E0,-1.E0,0.E0));
#4684=DIRECTION('',(0.E0,0.E0,1.E0));
#4685=AXIS2_PLACEMENT_3D('',#4682,#4683,#4684);
#4686=PLANE('',#4685);
#4687=ORIENTED_EDGE('',*,*,#4675,.F.);
#4688=ORIENTED_EDGE('',*,*,#4626,.F.);
#4690=ORIENTED_EDGE('',*,*,#4689,.F.);
#4691=ORIENTED_EDGE('',*,*,#4659,.T.);
#4692=EDGE_LOOP('',(#4687,#4688,#4690,#4691));
#4693=FACE_OUTER_BOUND('',#4692,.F.);
#4694=ADVANCED_FACE('',(#4693),#4686,.T.);
#4695=CARTESIAN_POINT('',(-8.19E0,-3.E-1,-2.075E0));
#4696=DIRECTION('',(-1.E0,0.E0,0.E0));
#4697=DIRECTION('',(0.E0,1.E0,0.E0));
#4698=AXIS2_PLACEMENT_3D('',#4695,#4696,#4697);
#4699=PLANE('',#4698);
#4700=ORIENTED_EDGE('',*,*,#4624,.T.);
#4702=ORIENTED_EDGE('',*,*,#4701,.T.);
#4703=ORIENTED_EDGE('',*,*,#4661,.T.);
#4704=ORIENTED_EDGE('',*,*,#4689,.T.);
#4705=EDGE_LOOP('',(#4700,#4702,#4703,#4704));
#4706=FACE_OUTER_BOUND('',#4705,.F.);
#4707=ADVANCED_FACE('',(#4706),#4699,.T.);
#4708=CARTESIAN_POINT('',(2.81E0,-6.23E0,-2.225E0));
#4709=DIRECTION('',(0.E0,1.E0,0.E0));
#4710=DIRECTION('',(0.E0,0.E0,-1.E0));
#4711=AXIS2_PLACEMENT_3D('',#4708,#4709,#4710);
#4712=PLANE('',#4711);
#4713=ORIENTED_EDGE('',*,*,#4643,.T.);
#4714=ORIENTED_EDGE('',*,*,#4663,.F.);
#4715=ORIENTED_EDGE('',*,*,#4701,.F.);
#4716=ORIENTED_EDGE('',*,*,#4622,.T.);
#4717=EDGE_LOOP('',(#4713,#4714,#4715,#4716));
#4718=FACE_OUTER_BOUND('',#4717,.F.);
#4719=ADVANCED_FACE('',(#4718),#4712,.T.);
#4720=CARTESIAN_POINT('',(2.7E-1,-3.E-1,-2.075E0));
#4721=DIRECTION('',(-1.E0,0.E0,0.E0));
#4722=DIRECTION('',(0.E0,0.E0,1.E0));
#4723=AXIS2_PLACEMENT_3D('',#4720,#4721,#4722);
#4724=PLANE('',#4723);
#4726=ORIENTED_EDGE('',*,*,#4725,.T.);
#4728=ORIENTED_EDGE('',*,*,#4727,.F.);
#4730=ORIENTED_EDGE('',*,*,#4729,.F.);
#4732=ORIENTED_EDGE('',*,*,#4731,.F.);
#4733=EDGE_LOOP('',(#4726,#4728,#4730,#4732));
#4734=FACE_OUTER_BOUND('',#4733,.F.);
#4735=ADVANCED_FACE('',(#4734),#4724,.F.);
#4736=CARTESIAN_POINT('',(2.E-2,-9.025E0,-2.925E0));
#4737=DIRECTION('',(0.E0,0.E0,1.E0));
#4738=DIRECTION('',(0.E0,-1.E0,0.E0));
#4739=AXIS2_PLACEMENT_3D('',#4736,#4737,#4738);
#4740=PLANE('',#4739);
#4742=ORIENTED_EDGE('',*,*,#4741,.T.);
#4744=ORIENTED_EDGE('',*,*,#4743,.F.);
#4746=ORIENTED_EDGE('',*,*,#4745,.F.);
#4747=ORIENTED_EDGE('',*,*,#4727,.T.);
#4748=EDGE_LOOP('',(#4742,#4744,#4746,#4747));
#4749=FACE_OUTER_BOUND('',#4748,.F.);
#4750=ADVANCED_FACE('',(#4749),#4740,.F.);
#4751=CARTESIAN_POINT('',(-2.3E-1,-3.E-1,-2.075E0));
#4752=DIRECTION('',(-1.E0,0.E0,0.E0));
#4753=DIRECTION('',(0.E0,0.E0,1.E0));
#4754=AXIS2_PLACEMENT_3D('',#4751,#4752,#4753);
#4755=PLANE('',#4754);
#4757=ORIENTED_EDGE('',*,*,#4756,.T.);
#4759=ORIENTED_EDGE('',*,*,#4758,.T.);
#4761=ORIENTED_EDGE('',*,*,#4760,.T.);
#4762=ORIENTED_EDGE('',*,*,#4743,.T.);
#4763=EDGE_LOOP('',(#4757,#4759,#4761,#4762));
#4764=FACE_OUTER_BOUND('',#4763,.F.);
#4765=ADVANCED_FACE('',(#4764),#4755,.T.);
#4766=CARTESIAN_POINT('',(2.E-2,-9.025E0,-2.225E0));
#4767=DIRECTION('',(0.E0,0.E0,-1.E0));
#4768=DIRECTION('',(0.E0,1.E0,0.E0));
#4769=AXIS2_PLACEMENT_3D('',#4766,#4767,#4768);
#4770=PLANE('',#4769);
#4772=ORIENTED_EDGE('',*,*,#4771,.T.);
#4773=ORIENTED_EDGE('',*,*,#4731,.T.);
#4775=ORIENTED_EDGE('',*,*,#4774,.T.);
#4776=ORIENTED_EDGE('',*,*,#4758,.F.);
#4777=EDGE_LOOP('',(#4772,#4773,#4775,#4776));
#4778=FACE_OUTER_BOUND('',#4777,.F.);
#4779=ADVANCED_FACE('',(#4778),#4770,.F.);
#4780=CARTESIAN_POINT('',(2.E-2,-9.025E0,-2.225E0));
#4781=DIRECTION('',(0.E0,0.E0,-1.E0));
#4782=DIRECTION('',(0.E0,1.E0,0.E0));
#4783=AXIS2_PLACEMENT_3D('',#4780,#4781,#4782);
#4784=PLANE('',#4783);
#4786=ORIENTED_EDGE('',*,*,#4785,.T.);
#4787=ORIENTED_EDGE('',*,*,#4774,.F.);
#4789=ORIENTED_EDGE('',*,*,#4788,.T.);
#4790=EDGE_LOOP('',(#4786,#4787,#4789));
#4791=FACE_OUTER_BOUND('',#4790,.F.);
#4792=ADVANCED_FACE('',(#4791),#4784,.F.);
#4793=CARTESIAN_POINT('',(-5.065E0,-4.19E0,-2.225E0));
#4794=DIRECTION('',(0.E0,0.E0,-1.E0));
#4795=DIRECTION('',(1.E0,0.E0,0.E0));
#4796=AXIS2_PLACEMENT_3D('',#4793,#4794,#4795);
#4797=PLANE('',#4796);
#4798=ORIENTED_EDGE('',*,*,#4785,.F.);
#4800=ORIENTED_EDGE('',*,*,#4799,.T.);
#4802=ORIENTED_EDGE('',*,*,#4801,.F.);
#4804=ORIENTED_EDGE('',*,*,#4803,.F.);
#4805=EDGE_LOOP('',(#4798,#4800,#4802,#4804));
#4806=FACE_OUTER_BOUND('',#4805,.F.);
#4807=ADVANCED_FACE('',(#4806),#4797,.F.);
#4808=CARTESIAN_POINT('',(3.66E0,-4.44E0,-2.075E0));
#4809=DIRECTION('',(0.E0,1.E0,0.E0));
#4810=DIRECTION('',(0.E0,0.E0,1.E0));
#4811=AXIS2_PLACEMENT_3D('',#4808,#4809,#4810);
#4812=PLANE('',#4811);
#4814=ORIENTED_EDGE('',*,*,#4813,.F.);
#4816=ORIENTED_EDGE('',*,*,#4815,.F.);
#4818=ORIENTED_EDGE('',*,*,#4817,.T.);
#4819=ORIENTED_EDGE('',*,*,#4799,.F.);
#4820=EDGE_LOOP('',(#4814,#4816,#4818,#4819));
#4821=FACE_OUTER_BOUND('',#4820,.F.);
#4822=ADVANCED_FACE('',(#4821),#4812,.F.);
#4823=CARTESIAN_POINT('',(-2.3E-1,-3.94E0,-2.925E0));
#4824=DIRECTION('',(0.E0,0.E0,1.E0));
#4825=DIRECTION('',(-1.E0,0.E0,0.E0));
#4826=AXIS2_PLACEMENT_3D('',#4823,#4824,#4825);
#4827=CYLINDRICAL_SURFACE('',#4826,5.E-1);
#4828=ORIENTED_EDGE('',*,*,#4813,.T.);
#4829=ORIENTED_EDGE('',*,*,#4788,.F.);
#4830=ORIENTED_EDGE('',*,*,#4729,.T.);
#4832=ORIENTED_EDGE('',*,*,#4831,.F.);
#4833=EDGE_LOOP('',(#4828,#4829,#4830,#4832));
#4834=FACE_OUTER_BOUND('',#4833,.F.);
#4835=ADVANCED_FACE('',(#4834),#4827,.T.);
#4836=CARTESIAN_POINT('',(2.E-2,-9.025E0,-2.925E0));
#4837=DIRECTION('',(0.E0,0.E0,1.E0));
#4838=DIRECTION('',(0.E0,-1.E0,0.E0));
#4839=AXIS2_PLACEMENT_3D('',#4836,#4837,#4838);
#4840=PLANE('',#4839);
#4842=ORIENTED_EDGE('',*,*,#4841,.F.);
#4843=ORIENTED_EDGE('',*,*,#4831,.T.);
#4844=ORIENTED_EDGE('',*,*,#4745,.T.);
#4845=EDGE_LOOP('',(#4842,#4843,#4844));
#4846=FACE_OUTER_BOUND('',#4845,.F.);
#4847=ADVANCED_FACE('',(#4846),#4840,.F.);
#4848=CARTESIAN_POINT('',(-5.065E0,-4.19E0,-2.925E0));
#4849=DIRECTION('',(0.E0,0.E0,1.E0));
#4850=DIRECTION('',(-1.E0,0.E0,0.E0));
#4851=AXIS2_PLACEMENT_3D('',#4848,#4849,#4850);
#4852=PLANE('',#4851);
#4853=ORIENTED_EDGE('',*,*,#4841,.T.);
#4855=ORIENTED_EDGE('',*,*,#4854,.F.);
#4857=ORIENTED_EDGE('',*,*,#4856,.F.);
#4858=ORIENTED_EDGE('',*,*,#4815,.T.);
#4859=EDGE_LOOP('',(#4853,#4855,#4857,#4858));
#4860=FACE_OUTER_BOUND('',#4859,.F.);
#4861=ADVANCED_FACE('',(#4860),#4852,.F.);
#4862=CARTESIAN_POINT('',(3.66E0,-3.94E0,-2.075E0));
#4863=DIRECTION('',(0.E0,1.E0,0.E0));
#4864=DIRECTION('',(0.E0,0.E0,1.E0));
#4865=AXIS2_PLACEMENT_3D('',#4862,#4863,#4864);
#4866=PLANE('',#4865);
#4867=ORIENTED_EDGE('',*,*,#4760,.F.);
#4868=ORIENTED_EDGE('',*,*,#4803,.T.);
#4870=ORIENTED_EDGE('',*,*,#4869,.T.);
#4871=ORIENTED_EDGE('',*,*,#4854,.T.);
#4872=EDGE_LOOP('',(#4867,#4868,#4870,#4871));
#4873=FACE_OUTER_BOUND('',#4872,.F.);
#4874=ADVANCED_FACE('',(#4873),#4866,.T.);
#4875=CARTESIAN_POINT('',(-1.379E1,-4.19E0,-2.575E0));
#4876=DIRECTION('',(0.E0,1.E0,0.E0));
#4877=DIRECTION('',(0.E0,0.E0,-1.E0));
#4878=AXIS2_PLACEMENT_3D('',#4875,#4876,#4877);
#4879=CYLINDRICAL_SURFACE('',#4878,3.5E-1);
#4880=ORIENTED_EDGE('',*,*,#4817,.F.);
#4881=ORIENTED_EDGE('',*,*,#4856,.T.);
#4882=ORIENTED_EDGE('',*,*,#4869,.F.);
#4883=ORIENTED_EDGE('',*,*,#4801,.T.);
#4884=EDGE_LOOP('',(#4880,#4881,#4882,#4883));
#4885=FACE_OUTER_BOUND('',#4884,.F.);
#4886=ADVANCED_FACE('',(#4885),#4879,.T.);
#4887=CARTESIAN_POINT('',(-2.3E-1,-3.E-1,2.025E0));
#4888=DIRECTION('',(1.E0,0.E0,0.E0));
#4889=DIRECTION('',(0.E0,0.E0,-1.E0));
#4890=AXIS2_PLACEMENT_3D('',#4887,#4888,#4889);
#4891=PLANE('',#4890);
#4893=ORIENTED_EDGE('',*,*,#4892,.T.);
#4895=ORIENTED_EDGE('',*,*,#4894,.F.);
#4897=ORIENTED_EDGE('',*,*,#4896,.F.);
#4899=ORIENTED_EDGE('',*,*,#4898,.F.);
#4900=EDGE_LOOP('',(#4893,#4895,#4897,#4899));
#4901=FACE_OUTER_BOUND('',#4900,.F.);
#4902=ADVANCED_FACE('',(#4901),#4891,.F.);
#4903=CARTESIAN_POINT('',(2.E-2,-9.025E0,2.875E0));
#4904=DIRECTION('',(0.E0,0.E0,-1.E0));
#4905=DIRECTION('',(0.E0,-1.E0,0.E0));
#4906=AXIS2_PLACEMENT_3D('',#4903,#4904,#4905);
#4907=PLANE('',#4906);
#4909=ORIENTED_EDGE('',*,*,#4908,.T.);
#4911=ORIENTED_EDGE('',*,*,#4910,.F.);
#4913=ORIENTED_EDGE('',*,*,#4912,.F.);
#4914=ORIENTED_EDGE('',*,*,#4894,.T.);
#4915=EDGE_LOOP('',(#4909,#4911,#4913,#4914));
#4916=FACE_OUTER_BOUND('',#4915,.F.);
#4917=ADVANCED_FACE('',(#4916),#4907,.F.);
#4918=CARTESIAN_POINT('',(2.7E-1,-3.E-1,2.025E0));
#4919=DIRECTION('',(1.E0,0.E0,0.E0));
#4920=DIRECTION('',(0.E0,0.E0,-1.E0));
#4921=AXIS2_PLACEMENT_3D('',#4918,#4919,#4920);
#4922=PLANE('',#4921);
#4924=ORIENTED_EDGE('',*,*,#4923,.T.);
#4926=ORIENTED_EDGE('',*,*,#4925,.T.);
#4928=ORIENTED_EDGE('',*,*,#4927,.F.);
#4929=ORIENTED_EDGE('',*,*,#4910,.T.);
#4930=EDGE_LOOP('',(#4924,#4926,#4928,#4929));
#4931=FACE_OUTER_BOUND('',#4930,.F.);
#4932=ADVANCED_FACE('',(#4931),#4922,.T.);
#4933=CARTESIAN_POINT('',(2.E-2,-9.025E0,2.175E0));
#4934=DIRECTION('',(0.E0,0.E0,1.E0));
#4935=DIRECTION('',(0.E0,1.E0,0.E0));
#4936=AXIS2_PLACEMENT_3D('',#4933,#4934,#4935);
#4937=PLANE('',#4936);
#4939=ORIENTED_EDGE('',*,*,#4938,.T.);
#4940=ORIENTED_EDGE('',*,*,#4898,.T.);
#4942=ORIENTED_EDGE('',*,*,#4941,.T.);
#4943=ORIENTED_EDGE('',*,*,#4925,.F.);
#4944=EDGE_LOOP('',(#4939,#4940,#4942,#4943));
#4945=FACE_OUTER_BOUND('',#4944,.F.);
#4946=ADVANCED_FACE('',(#4945),#4937,.F.);
#4947=CARTESIAN_POINT('',(-5.315E0,-3.94E0,2.175E0));
#4948=DIRECTION('',(0.E0,0.E0,1.E0));
#4949=DIRECTION('',(1.E0,0.E0,0.E0));
#4950=AXIS2_PLACEMENT_3D('',#4947,#4948,#4949);
#4951=PLANE('',#4950);
#4952=ORIENTED_EDGE('',*,*,#4941,.F.);
#4954=ORIENTED_EDGE('',*,*,#4953,.T.);
#4956=ORIENTED_EDGE('',*,*,#4955,.T.);
#4957=EDGE_LOOP('',(#4952,#4954,#4956));
#4958=FACE_OUTER_BOUND('',#4957,.F.);
#4959=ADVANCED_FACE('',(#4958),#4951,.F.);
#4960=CARTESIAN_POINT('',(-5.315E0,-3.94E0,2.175E0));
#4961=DIRECTION('',(0.E0,0.E0,1.E0));
#4962=DIRECTION('',(1.E0,0.E0,0.E0));
#4963=AXIS2_PLACEMENT_3D('',#4960,#4961,#4962);
#4964=PLANE('',#4963);
#4965=ORIENTED_EDGE('',*,*,#4953,.F.);
#4967=ORIENTED_EDGE('',*,*,#4966,.T.);
#4969=ORIENTED_EDGE('',*,*,#4968,.F.);
#4971=ORIENTED_EDGE('',*,*,#4970,.F.);
#4972=EDGE_LOOP('',(#4965,#4967,#4969,#4971));
#4973=FACE_OUTER_BOUND('',#4972,.F.);
#4974=ADVANCED_FACE('',(#4973),#4964,.F.);
#4975=CARTESIAN_POINT('',(3.41E0,-3.69E0,2.025E0));
#4976=DIRECTION('',(0.E0,-1.E0,0.E0));
#4977=DIRECTION('',(0.E0,0.E0,-1.E0));
#4978=AXIS2_PLACEMENT_3D('',#4975,#4976,#4977);
#4979=PLANE('',#4978);
#4980=ORIENTED_EDGE('',*,*,#4896,.T.);
#4982=ORIENTED_EDGE('',*,*,#4981,.F.);
#4984=ORIENTED_EDGE('',*,*,#4983,.T.);
#4985=ORIENTED_EDGE('',*,*,#4966,.F.);
#4986=EDGE_LOOP('',(#4980,#4982,#4984,#4985));
#4987=FACE_OUTER_BOUND('',#4986,.F.);
#4988=ADVANCED_FACE('',(#4987),#4979,.F.);
#4989=CARTESIAN_POINT('',(-5.315E0,-3.94E0,2.875E0));
#4990=DIRECTION('',(0.E0,0.E0,-1.E0));
#4991=DIRECTION('',(-1.E0,0.E0,0.E0));
#4992=AXIS2_PLACEMENT_3D('',#4989,#4990,#4991);
#4993=PLANE('',#4992);
#4995=ORIENTED_EDGE('',*,*,#4994,.T.);
#4997=ORIENTED_EDGE('',*,*,#4996,.F.);
#4999=ORIENTED_EDGE('',*,*,#4998,.F.);
#5000=ORIENTED_EDGE('',*,*,#4981,.T.);
#5001=EDGE_LOOP('',(#4995,#4997,#4999,#5000));
#5002=FACE_OUTER_BOUND('',#5001,.F.);
#5003=ADVANCED_FACE('',(#5002),#4993,.F.);
#5004=CARTESIAN_POINT('',(-5.315E0,-3.94E0,2.875E0));
#5005=DIRECTION('',(0.E0,0.E0,-1.E0));
#5006=DIRECTION('',(-1.E0,0.E0,0.E0));
#5007=AXIS2_PLACEMENT_3D('',#5004,#5005,#5006);
#5008=PLANE('',#5007);
#5009=ORIENTED_EDGE('',*,*,#4912,.T.);
#5011=ORIENTED_EDGE('',*,*,#5010,.T.);
#5012=ORIENTED_EDGE('',*,*,#4994,.F.);
#5013=EDGE_LOOP('',(#5009,#5011,#5012));
#5014=FACE_OUTER_BOUND('',#5013,.F.);
#5015=ADVANCED_FACE('',(#5014),#5008,.F.);
#5016=CARTESIAN_POINT('',(-2.3E-1,-3.69E0,2.175E0));
#5017=DIRECTION('',(0.E0,0.E0,1.E0));
#5018=DIRECTION('',(0.E0,-1.E0,0.E0));
#5019=AXIS2_PLACEMENT_3D('',#5016,#5017,#5018);
#5020=CYLINDRICAL_SURFACE('',#5019,5.E-1);
#5021=ORIENTED_EDGE('',*,*,#4927,.T.);
#5022=ORIENTED_EDGE('',*,*,#4955,.F.);
#5024=ORIENTED_EDGE('',*,*,#5023,.T.);
#5025=ORIENTED_EDGE('',*,*,#5010,.F.);
#5026=EDGE_LOOP('',(#5021,#5022,#5024,#5025));
#5027=FACE_OUTER_BOUND('',#5026,.F.);
#5028=ADVANCED_FACE('',(#5027),#5020,.T.);
#5029=CARTESIAN_POINT('',(3.41E0,-4.19E0,2.025E0));
#5030=DIRECTION('',(0.E0,-1.E0,0.E0));
#5031=DIRECTION('',(0.E0,0.E0,-1.E0));
#5032=AXIS2_PLACEMENT_3D('',#5029,#5030,#5031);
#5033=PLANE('',#5032);
#5034=ORIENTED_EDGE('',*,*,#5023,.F.);
#5035=ORIENTED_EDGE('',*,*,#4970,.T.);
#5037=ORIENTED_EDGE('',*,*,#5036,.T.);
#5038=ORIENTED_EDGE('',*,*,#4996,.T.);
#5039=EDGE_LOOP('',(#5034,#5035,#5037,#5038));
#5040=FACE_OUTER_BOUND('',#5039,.F.);
#5041=ADVANCED_FACE('',(#5040),#5033,.T.);
#5042=CARTESIAN_POINT('',(-1.404E1,-3.94E0,2.525E0));
#5043=DIRECTION('',(0.E0,-1.E0,0.E0));
#5044=DIRECTION('',(0.E0,0.E0,1.E0));
#5045=AXIS2_PLACEMENT_3D('',#5042,#5043,#5044);
#5046=CYLINDRICAL_SURFACE('',#5045,3.5E-1);
#5047=ORIENTED_EDGE('',*,*,#4983,.F.);
#5048=ORIENTED_EDGE('',*,*,#4998,.T.);
#5049=ORIENTED_EDGE('',*,*,#5036,.F.);
#5050=ORIENTED_EDGE('',*,*,#4968,.T.);
#5051=EDGE_LOOP('',(#5047,#5048,#5049,#5050));
#5052=FACE_OUTER_BOUND('',#5051,.F.);
#5053=ADVANCED_FACE('',(#5052),#5046,.T.);
#5054=OPEN_SHELL('',(#2522,#2545,#2560,#2574,#2604,#2618,#2636,#2665,#2686,
#2700,#2714,#2733,#2751,#2765,#2787,#2804,#2836,#2849,#2863,#2875,#2890,#2903,
#2918,#2937,#2954,#2970,#2987,#3000,#3015,#3030,#3045,#3066,#3079,#3095,#3109,
#3158,#3181,#3196,#3216,#3229,#3252,#3266,#3280,#3294,#3311,#3325,#3342,#3356,
#3370,#3383,#3403,#3416,#3436,#3459,#3476,#3491,#3504,#3521,#3535,#3549,#3563,
#3576,#3592,#3616,#3631,#3648,#3662,#3677,#3692,#3707,#3726,#3743,#3760,#3775,
#3789,#3805,#3822,#3837,#3850,#3862,#3877,#3893,#3906,#3920,#3932,#3946,#3958,
#3972,#3984,#3996,#4010,#4022,#4035,#4047,#4062,#4074,#4086,#4100,#4112,#4124,
#4138,#4149,#4167,#4182,#4199,#4213,#4227,#4243,#4264,#4279,#4299,#4312,#4325,
#4338,#4350,#4366,#4387,#4402,#4422,#4435,#4448,#4461,#4473,#4489,#4510,#4525,
#4545,#4558,#4571,#4584,#4596,#4612,#4633,#4648,#4668,#4681,#4694,#4707,#4719,
#4735,#4750,#4765,#4779,#4792,#4807,#4822,#4835,#4847,#4861,#4874,#4886,#4902,
#4917,#4932,#4946,#4959,#4974,#4988,#5003,#5015,#5028,#5041,#5053));
#5055=DIRECTION('',(1.535005856247E-1,-9.881485567529E-1,0.E0));
#5056=VECTOR('',#5055,6.328952819156E0);
#5057=CARTESIAN_POINT('',(-3.713596585416E-1,1.709879104471E1,0.E0));
#5058=LINE('',#5057,#5056);
#5059=CARTESIAN_POINT('',(-2.312871550338E-1,1.066812051351E1,0.E0));
#5060=DIRECTION('',(2.079116908178E-1,-9.781476007338E-1,0.E0));
#5061=DIRECTION('',(9.781476007338E-1,2.079116908178E-1,0.E0));
#5062=AXIS2_PLACEMENT_3D('',#5059,#5060,#5061);
#5064=DIRECTION('',(2.616864640912E-1,-9.651529384048E-1,0.E0));
#5065=VECTOR('',#5064,6.328952819156E0);
#5066=CARTESIAN_POINT('',(-2.718913900303E0,1.659980298675E1,0.E0));
#5067=LINE('',#5066,#5065);
#5068=CARTESIAN_POINT('',(-2.312871550338E-1,1.066812051351E1,0.E0));
#5069=DIRECTION('',(2.079116908178E-1,-9.781476007338E-1,0.E0));
#5070=DIRECTION('',(-9.781476007338E-1,-2.079116908178E-1,0.E0));
#5071=AXIS2_PLACEMENT_3D('',#5068,#5069,#5070);
#5073=CARTESIAN_POINT('',(-1.558955296821E0,1.691430802875E1,0.E0));
#5074=DIRECTION('',(0.E0,0.E0,1.E0));
#5075=DIRECTION('',(-2.079116908178E-1,9.781476007338E-1,0.E0));
#5076=AXIS2_PLACEMENT_3D('',#5073,#5074,#5075);
#5078=CARTESIAN_POINT('',(-1.545136779423E0,1.684929701573E1,0.E0));
#5079=DIRECTION('',(2.079116908178E-1,-9.781476007338E-1,0.E0));
#5080=DIRECTION('',(-9.781476007338E-1,-2.079116908178E-1,0.E0));
#5081=AXIS2_PLACEMENT_3D('',#5078,#5079,#5080);
#5083=CARTESIAN_POINT('',(-1.558955296821E0,1.691430802875E1,0.E0));
#5084=DIRECTION('',(0.E0,0.E0,-1.E0));
#5085=DIRECTION('',(-2.079116908178E-1,9.781476007338E-1,0.E0));
#5086=AXIS2_PLACEMENT_3D('',#5083,#5084,#5085);
#5088=CARTESIAN_POINT('',(-1.545136779423E0,1.684929701573E1,0.E0));
#5089=DIRECTION('',(2.079116908178E-1,-9.781476007338E-1,0.E0));
#5090=DIRECTION('',(9.781476007338E-1,2.079116908178E-1,0.E0));
#5091=AXIS2_PLACEMENT_3D('',#5088,#5089,#5090);
#5093=CARTESIAN_POINT('',(6.001383055900E-1,1.084484545071E1,0.E0));
#5094=CARTESIAN_POINT('',(-1.062712615658E0,1.049139557631E1,0.E0));
#5095=VERTEX_POINT('',#5093);
#5096=VERTEX_POINT('',#5094);
#5097=CARTESIAN_POINT('',(-3.713596585416E-1,1.709879104471E1,0.E0));
#5098=VERTEX_POINT('',#5097);
#5099=CARTESIAN_POINT('',(-2.718913900303E0,1.659980298675E1,0.E0));
#5100=VERTEX_POINT('',#5099);
#5101=CARTESIAN_POINT('',(-1.808831710115E0,1.808988412638E1,0.E0));
#5102=VERTEX_POINT('',#5101);
#5103=CARTESIAN_POINT('',(-8.882119672276E-1,1.375870876462E1,0.E0));
#5104=DIRECTION('',(-2.079116908178E-1,9.781476007338E-1,0.E0));
#5105=DIRECTION('',(9.781476007338E-1,2.079116908178E-1,0.E0));
#5106=AXIS2_PLACEMENT_3D('',#5103,#5104,#5105);
#5107=CONICAL_SURFACE('',#5106,1.025E0,3.170154515080E0);
#5109=ORIENTED_EDGE('',*,*,#5108,.T.);
#5111=ORIENTED_EDGE('',*,*,#5110,.T.);
#5113=ORIENTED_EDGE('',*,*,#5112,.F.);
#5115=ORIENTED_EDGE('',*,*,#5114,.F.);
#5116=EDGE_LOOP('',(#5109,#5111,#5113,#5115));
#5117=FACE_OUTER_BOUND('',#5116,.F.);
#5118=ADVANCED_FACE('',(#5117),#5107,.T.);
#5119=CARTESIAN_POINT('',(-8.882119672276E-1,1.375870876462E1,0.E0));
#5120=DIRECTION('',(-2.079116908178E-1,9.781476007338E-1,0.E0));
#5121=DIRECTION('',(9.781476007338E-1,2.079116908178E-1,0.E0));
#5122=AXIS2_PLACEMENT_3D('',#5119,#5120,#5121);
#5123=CONICAL_SURFACE('',#5122,1.025E0,3.170154515080E0);
#5124=ORIENTED_EDGE('',*,*,#5108,.F.);
#5126=ORIENTED_EDGE('',*,*,#5125,.F.);
#5127=ORIENTED_EDGE('',*,*,#5112,.T.);
#5129=ORIENTED_EDGE('',*,*,#5128,.T.);
#5130=EDGE_LOOP('',(#5124,#5126,#5127,#5129));
#5131=FACE_OUTER_BOUND('',#5130,.F.);
#5132=ADVANCED_FACE('',(#5131),#5123,.T.);
#5133=CARTESIAN_POINT('',(-1.558955296821E0,1.691430802875E1,0.E0));
#5134=DIRECTION('',(-2.079116908178E-1,9.781476007338E-1,0.E0));
#5135=DIRECTION('',(9.781476007338E-1,2.079116908178E-1,0.E0));
#5136=AXIS2_PLACEMENT_3D('',#5133,#5134,#5135);
#5137=SPHERICAL_SURFACE('',#5136,1.201839166959E0);
#5139=ORIENTED_EDGE('',*,*,#5138,.F.);
#5141=ORIENTED_EDGE('',*,*,#5140,.T.);
#5142=ORIENTED_EDGE('',*,*,#5125,.T.);
#5143=EDGE_LOOP('',(#5139,#5141,#5142));
#5144=FACE_OUTER_BOUND('',#5143,.F.);
#5145=ADVANCED_FACE('',(#5144),#5137,.T.);
#5146=CARTESIAN_POINT('',(-1.558955296821E0,1.691430802875E1,0.E0));
#5147=DIRECTION('',(-2.079116908178E-1,9.781476007338E-1,0.E0));
#5148=DIRECTION('',(9.781476007338E-1,2.079116908178E-1,0.E0));
#5149=AXIS2_PLACEMENT_3D('',#5146,#5147,#5148);
#5150=SPHERICAL_SURFACE('',#5149,1.201839166959E0);
#5151=ORIENTED_EDGE('',*,*,#5138,.T.);
#5152=ORIENTED_EDGE('',*,*,#5114,.T.);
#5153=ORIENTED_EDGE('',*,*,#5140,.F.);
#5154=EDGE_LOOP('',(#5151,#5152,#5153));
#5155=FACE_OUTER_BOUND('',#5154,.F.);
#5156=ADVANCED_FACE('',(#5155),#5150,.T.);
#5157=OPEN_SHELL('',(#5118,#5132,#5145,#5156));
#5158=SHELL_BASED_SURFACE_MODEL('',(#5054,#5157));
#5160=DIMENSIONAL_EXPONENTS(0.E0,0.E0,0.E0,0.E0,0.E0,0.E0,0.E0);
#5162=PLANE_ANGLE_MEASURE_WITH_UNIT(PLANE_ANGLE_MEASURE(1.745329251994E-2),
#5161);
#5163=(CONVERSION_BASED_UNIT('DEGREE',#5162)NAMED_UNIT(*)PLANE_ANGLE_UNIT());
#5165=UNCERTAINTY_MEASURE_WITH_UNIT(LENGTH_MEASURE(1.200313597717E-3),#5159,
'closure',
'Maximum model space distance between geometric entities at asserted connectivities');
#5166=(GEOMETRIC_REPRESENTATION_CONTEXT(3)GLOBAL_UNCERTAINTY_ASSIGNED_CONTEXT((
#5165))GLOBAL_UNIT_ASSIGNED_CONTEXT((#5159,#5163,#5164))REPRESENTATION_CONTEXT(
'ID1','3'));
#5168=APPLICATION_CONTEXT(
'CONFIGURATION CONTROLLED 3D DESIGNS OF MECHANICAL PARTS AND ASSEMBLIES');
#5169=APPLICATION_PROTOCOL_DEFINITION('international standard',
'config_control_design',1994,#5168);
#5170=DESIGN_CONTEXT('',#5168,'design');
#5171=MECHANICAL_CONTEXT('',#5168,'mechanical');
#5172=PRODUCT('TL4_WW_SW0001','TL4_WW_SW0001','NOT SPECIFIED',(#5171));
#5173=PRODUCT_DEFINITION_FORMATION_WITH_SPECIFIED_SOURCE('1','LAST_VERSION',
#5172,.MADE.);
#5177=PRODUCT_CATEGORY('part','');
#5178=PRODUCT_RELATED_PRODUCT_CATEGORY('detail','',(#5172));
#5179=PRODUCT_CATEGORY_RELATIONSHIP('','',#5177,#5178);
#5180=SECURITY_CLASSIFICATION_LEVEL('unclassified');
#5181=SECURITY_CLASSIFICATION('','',#5180);
#5182=CC_DESIGN_SECURITY_CLASSIFICATION(#5181,(#5173));
#5183=APPROVAL_STATUS('approved');
#5184=APPROVAL(#5183,'');
#5185=CC_DESIGN_APPROVAL(#5184,(#5181,#5173,#5174));
#5186=CALENDAR_DATE(115,7,9);
#5187=COORDINATED_UNIVERSAL_TIME_OFFSET(2,0,.AHEAD.);
#5188=LOCAL_TIME(11,50,1.E1,#5187);
#5189=DATE_AND_TIME(#5186,#5188);
#5190=APPROVAL_DATE_TIME(#5189,#5184);
#5191=DATE_TIME_ROLE('creation_date');
#5192=CC_DESIGN_DATE_AND_TIME_ASSIGNMENT(#5189,#5191,(#5174));
#5193=DATE_TIME_ROLE('classification_date');
#5194=CC_DESIGN_DATE_AND_TIME_ASSIGNMENT(#5189,#5193,(#5181));
#5195=PERSON('UNSPECIFIED','UNSPECIFIED',$,$,$,$);
#5196=ORGANIZATION('UNSPECIFIED','UNSPECIFIED','UNSPECIFIED');
#5197=PERSON_AND_ORGANIZATION(#5195,#5196);
#5198=APPROVAL_ROLE('approver');
#5199=APPROVAL_PERSON_ORGANIZATION(#5197,#5184,#5198);
#5200=PERSON_AND_ORGANIZATION_ROLE('creator');
#5201=CC_DESIGN_PERSON_AND_ORGANIZATION_ASSIGNMENT(#5197,#5200,(#5173,#5174));
#5202=PERSON_AND_ORGANIZATION_ROLE('design_supplier');
#5203=CC_DESIGN_PERSON_AND_ORGANIZATION_ASSIGNMENT(#5197,#5202,(#5173));
#5204=PERSON_AND_ORGANIZATION_ROLE('classification_officer');
#5205=CC_DESIGN_PERSON_AND_ORGANIZATION_ASSIGNMENT(#5197,#5204,(#5181));
#5206=PERSON_AND_ORGANIZATION_ROLE('design_owner');
#5207=CC_DESIGN_PERSON_AND_ORGANIZATION_ASSIGNMENT(#5197,#5206,(#5172));
#17=CIRCLE('',#16,3.E-1);
#22=CIRCLE('',#21,3.E-1);
#167=CIRCLE('',#166,3.E-1);
#172=CIRCLE('',#171,3.E-1);
#197=CIRCLE('',#196,3.E-1);
#202=CIRCLE('',#201,3.E-1);
#231=CIRCLE('',#230,3.E-1);
#236=CIRCLE('',#235,3.E-1);
#281=CIRCLE('',#280,3.E-1);
#286=CIRCLE('',#285,3.E-1);
#311=CIRCLE('',#310,3.E-1);
#328=CIRCLE('',#327,3.E-1);
#341=CIRCLE('',#340,3.E-1);
#346=CIRCLE('',#345,3.E-1);
#351=CIRCLE('',#350,3.E-1);
#408=CIRCLE('',#407,3.E-1);
#413=CIRCLE('',#412,3.E-1);
#418=CIRCLE('',#417,3.E-1);
#447=CIRCLE('',#446,3.E-1);
#456=CIRCLE('',#455,3.E-1);
#541=CIRCLE('',#540,4.E-1);
#586=CIRCLE('',#585,4.E-1);
#631=CIRCLE('',#630,4.E-1);
#648=CIRCLE('',#647,4.E-1);
#713=CIRCLE('',#712,2.948378584292E0);
#762=CIRCLE('',#761,2.948378584292E0);
#773=B_SPLINE_CURVE_WITH_KNOTS('',3,(#767,#768,#769,#770,#771,#772),
.UNSPECIFIED.,.F.,.F.,(4,1,1,4),(0.E0,3.333333333333E-1,6.666666666667E-1,1.E0),
.UNSPECIFIED.);
#780=B_SPLINE_CURVE_WITH_KNOTS('',3,(#774,#775,#776,#777,#778,#779),
.UNSPECIFIED.,.F.,.F.,(4,1,1,4),(0.E0,3.333333333333E-1,6.666666666667E-1,1.E0),
.UNSPECIFIED.);
#789=CIRCLE('',#788,2.85E0);
#794=CIRCLE('',#793,2.85E0);
#801=B_SPLINE_CURVE_WITH_KNOTS('',3,(#795,#796,#797,#798,#799,#800),
.UNSPECIFIED.,.F.,.F.,(4,1,1,4),(0.E0,3.333333333333E-1,6.666666666667E-1,1.E0),
.UNSPECIFIED.);
#808=B_SPLINE_CURVE_WITH_KNOTS('',3,(#802,#803,#804,#805,#806,#807),
.UNSPECIFIED.,.F.,.F.,(4,1,1,4),(0.E0,3.333333333333E-1,6.666666666667E-1,1.E0),
.UNSPECIFIED.);
#833=CIRCLE('',#832,2.5E0);
#842=CIRCLE('',#841,2.5E0);
#863=CIRCLE('',#862,2.5E0);
#886=B_SPLINE_CURVE_WITH_KNOTS('',3,(#880,#881,#882,#883,#884,#885),
.UNSPECIFIED.,.F.,.F.,(4,1,1,4),(0.E0,3.333333333333E-1,6.666666666667E-1,1.E0),
.UNSPECIFIED.);
#901=B_SPLINE_CURVE_WITH_KNOTS('',3,(#895,#896,#897,#898,#899,#900),
.UNSPECIFIED.,.F.,.F.,(4,1,1,4),(0.E0,3.333333333333E-1,6.666666666667E-1,1.E0),
.UNSPECIFIED.);
#906=CIRCLE('',#905,2.049994696412E0);
#911=CIRCLE('',#910,2.049994696412E0);
#920=CIRCLE('',#919,2.049994696342E0);
#925=CIRCLE('',#924,2.049994696342E0);
#934=CIRCLE('',#933,2.300000000004E0);
#939=CIRCLE('',#938,2.300000000004E0);
#946=B_SPLINE_CURVE_WITH_KNOTS('',3,(#940,#941,#942,#943,#944,#945),
.UNSPECIFIED.,.F.,.F.,(4,1,1,4),(0.E0,3.333333333333E-1,6.666666666667E-1,1.E0),
.UNSPECIFIED.);
#959=CIRCLE('',#958,2.5E0);
#964=CIRCLE('',#963,2.5E0);
#971=B_SPLINE_CURVE_WITH_KNOTS('',3,(#965,#966,#967,#968,#969,#970),
.UNSPECIFIED.,.F.,.F.,(4,1,1,4),(0.E0,3.333333333333E-1,6.666666666667E-1,1.E0),
.UNSPECIFIED.);
#976=CIRCLE('',#975,2.3E0);
#981=CIRCLE('',#980,2.3E0);
#992=B_SPLINE_CURVE_WITH_KNOTS('',3,(#986,#987,#988,#989,#990,#991),
.UNSPECIFIED.,.F.,.F.,(4,1,1,4),(0.E0,3.333333333333E-1,6.666666666667E-1,1.E0),
.UNSPECIFIED.);
#997=CIRCLE('',#996,2.3E0);
#1002=CIRCLE('',#1001,2.3E0);
#1007=CIRCLE('',#1006,2.5E0);
#1012=CIRCLE('',#1011,2.5E0);
#1019=B_SPLINE_CURVE_WITH_KNOTS('',3,(#1013,#1014,#1015,#1016,#1017,#1018),
.UNSPECIFIED.,.F.,.F.,(4,1,1,4),(0.E0,3.333333333333E-1,6.666666666667E-1,1.E0),
.UNSPECIFIED.);
#1032=CIRCLE('',#1031,2.3E0);
#1037=CIRCLE('',#1036,2.3E0);
#1044=B_SPLINE_CURVE_WITH_KNOTS('',3,(#1038,#1039,#1040,#1041,#1042,#1043),
.UNSPECIFIED.,.F.,.F.,(4,1,1,4),(0.E0,3.333333333333E-1,6.666666666667E-1,1.E0),
.UNSPECIFIED.);
#1055=B_SPLINE_CURVE_WITH_KNOTS('',3,(#1049,#1050,#1051,#1052,#1053,#1054),
.UNSPECIFIED.,.F.,.F.,(4,1,1,4),(0.E0,3.333333333333E-1,6.666666666667E-1,1.E0),
.UNSPECIFIED.);
#1068=CIRCLE('',#1067,3.5E-1);
#1073=CIRCLE('',#1072,3.5E-1);
#1090=CIRCLE('',#1089,3.5E-1);
#1095=CIRCLE('',#1094,3.5E-1);
#1104=CIRCLE('',#1103,3.E-1);
#1109=CIRCLE('',#1108,5.E-1);
#1114=CIRCLE('',#1113,3.E-1);
#1119=CIRCLE('',#1118,5.E-1);
#1124=CIRCLE('',#1123,3.547480831244E-1);
#1129=CIRCLE('',#1128,6.792310124029E-1);
#1134=CIRCLE('',#1133,3.547480831244E-1);
#1139=CIRCLE('',#1138,6.792310124029E-1);
#1144=CIRCLE('',#1143,6.792310124029E-1);
#1149=CIRCLE('',#1148,3.547480831244E-1);
#1154=CIRCLE('',#1153,3.547480831244E-1);
#1159=CIRCLE('',#1158,6.792310124029E-1);
#1164=CIRCLE('',#1163,3.E-1);
#1169=CIRCLE('',#1168,3.E-1);
#1174=CIRCLE('',#1173,3.E-1);
#1195=CIRCLE('',#1194,3.E-1);
#1204=CIRCLE('',#1203,3.E-1);
#1213=CIRCLE('',#1212,3.E-1);
#1218=CIRCLE('',#1217,3.E-1);
#1223=CIRCLE('',#1222,3.E-1);
#1240=CIRCLE('',#1239,3.E-1);
#1249=CIRCLE('',#1248,3.E-1);
#1282=CIRCLE('',#1281,3.E-1);
#1295=CIRCLE('',#1294,3.E-1);
#1304=CIRCLE('',#1303,5.E-1);
#1309=CIRCLE('',#1308,5.E-1);
#1330=CIRCLE('',#1329,5.E-1);
#1335=CIRCLE('',#1334,5.E-1);
#1380=CIRCLE('',#1379,5.E-1);
#1401=CIRCLE('',#1400,5.E-1);
#1466=CIRCLE('',#1465,5.E-1);
#1487=CIRCLE('',#1486,5.E-1);
#1552=CIRCLE('',#1551,5.E-1);
#1573=CIRCLE('',#1572,5.E-1);
#1638=CIRCLE('',#1637,5.E-1);
#1659=CIRCLE('',#1658,5.E-1);
#1748=CIRCLE('',#1747,5.E-1);
#1757=CIRCLE('',#1756,3.5E-1);
#1770=CIRCLE('',#1769,5.E-1);
#1791=CIRCLE('',#1790,3.5E-1);
#1848=CIRCLE('',#1847,5.E-1);
#1861=CIRCLE('',#1860,3.5E-1);
#1878=CIRCLE('',#1877,5.E-1);
#1895=CIRCLE('',#1894,3.5E-1);
#2490=EDGE_CURVE('',#1918,#1930,#4,.T.);
#2492=EDGE_CURVE('',#1941,#1930,#54,.T.);
#2494=EDGE_CURVE('',#1941,#1943,#8,.T.);
#2496=EDGE_CURVE('',#1943,#1945,#12,.T.);
#2498=EDGE_CURVE('',#1945,#1947,#17,.T.);
#2500=EDGE_CURVE('',#1949,#1947,#94,.T.);
#2502=EDGE_CURVE('',#1949,#1951,#22,.T.);
#2504=EDGE_CURVE('',#1953,#1951,#82,.T.);
#2506=EDGE_CURVE('',#1953,#1911,#26,.T.);
#2508=EDGE_CURVE('',#1911,#1910,#30,.T.);
#2510=EDGE_CURVE('',#1910,#1921,#34,.T.);
#2512=EDGE_CURVE('',#1921,#1933,#38,.T.);
#2514=EDGE_CURVE('',#1933,#1939,#42,.T.);
#2516=EDGE_CURVE('',#1939,#1919,#46,.T.);
#2518=EDGE_CURVE('',#1919,#1918,#50,.T.);
#2529=EDGE_CURVE('',#1930,#1931,#58,.T.);
#2531=EDGE_CURVE('',#1931,#1955,#62,.T.);
#2533=EDGE_CURVE('',#1955,#1957,#66,.T.);
#2535=EDGE_CURVE('',#1957,#1927,#70,.T.);
#2537=EDGE_CURVE('',#1927,#1924,#74,.T.);
#2539=EDGE_CURVE('',#1959,#1924,#294,.T.);
#2541=EDGE_CURVE('',#1941,#1959,#130,.T.);
#2551=EDGE_CURVE('',#1963,#1951,#86,.T.);
#2553=EDGE_CURVE('',#1961,#1963,#276,.T.);
#2555=EDGE_CURVE('',#1961,#1953,#78,.T.);
#2568=EDGE_CURVE('',#1949,#1965,#90,.T.);
#2570=EDGE_CURVE('',#1963,#1965,#281,.T.);
#2582=EDGE_CURVE('',#1967,#1947,#114,.T.);
#2584=EDGE_CURVE('',#1967,#1969,#98,.T.);
#2586=EDGE_CURVE('',#1969,#1971,#102,.T.);
#2588=EDGE_CURVE('',#1973,#1971,#434,.T.);
#2590=EDGE_CURVE('',#1975,#1973,#399,.T.);
#2592=EDGE_CURVE('',#1977,#1975,#332,.T.);
#2594=EDGE_CURVE('',#1979,#1977,#323,.T.);
#2596=EDGE_CURVE('',#1981,#1979,#315,.T.);
#2598=EDGE_CURVE('',#1983,#1981,#298,.T.);
#2600=EDGE_CURVE('',#1983,#1965,#106,.T.);
#2611=EDGE_CURVE('',#1945,#1985,#110,.T.);
#2613=EDGE_CURVE('',#1967,#1985,#1282,.T.);
#2624=EDGE_CURVE('',#1987,#1943,#126,.T.);
#2626=EDGE_CURVE('',#1989,#1987,#464,.T.);
#2628=EDGE_CURVE('',#1989,#1991,#118,.T.);
#2630=EDGE_CURVE('',#1985,#1991,#1286,.T.);
#2642=EDGE_CURVE('',#1994,#1995,#154,.T.);
#2644=EDGE_CURVE('',#1997,#1994,#472,.T.);
#2646=EDGE_CURVE('',#1997,#1987,#122,.T.);
#2651=EDGE_CURVE('',#1959,#1999,#134,.T.);
#2653=EDGE_CURVE('',#2001,#1999,#240,.T.);
#2655=EDGE_CURVE('',#2001,#2003,#138,.T.);
#2657=EDGE_CURVE('',#2003,#2005,#142,.T.);
#2659=EDGE_CURVE('',#2005,#2007,#146,.T.);
#2661=EDGE_CURVE('',#2007,#1995,#150,.T.);
#2672=EDGE_CURVE('',#1995,#2065,#158,.T.);
#2674=EDGE_CURVE('',#2065,#2067,#162,.T.);
#2676=EDGE_CURVE('',#2067,#2069,#167,.T.);
#2678=EDGE_CURVE('',#2071,#2069,#512,.T.);
#2680=EDGE_CURVE('',#2071,#2073,#172,.T.);
#2682=EDGE_CURVE('',#2073,#1994,#176,.T.);
#2692=EDGE_CURVE('',#2075,#2065,#180,.T.);
#2696=EDGE_CURVE('',#2007,#2075,#184,.T.);
#2706=EDGE_CURVE('',#2075,#2077,#188,.T.);
#2708=EDGE_CURVE('',#2067,#2077,#1269,.T.);
#2721=EDGE_CURVE('',#2005,#2079,#192,.T.);
#2723=EDGE_CURVE('',#2079,#2081,#197,.T.);
#2725=EDGE_CURVE('',#2083,#2081,#516,.T.);
#2727=EDGE_CURVE('',#2083,#2077,#202,.T.);
#2740=EDGE_CURVE('',#2085,#2003,#214,.T.);
#2742=EDGE_CURVE('',#2085,#2087,#206,.T.);
#2744=EDGE_CURVE('',#2089,#2087,#1253,.T.);
#2746=EDGE_CURVE('',#2079,#2089,#1261,.T.);
#2757=EDGE_CURVE('',#2091,#2085,#210,.T.);
#2761=EDGE_CURVE('',#2001,#2091,#218,.T.);
#2772=EDGE_CURVE('',#2091,#2093,#222,.T.);
#2774=EDGE_CURVE('',#2093,#2095,#226,.T.);
#2776=EDGE_CURVE('',#2095,#2097,#231,.T.);
#2778=EDGE_CURVE('',#2099,#2097,#1235,.T.);
#2780=EDGE_CURVE('',#2099,#2101,#236,.T.);
#2782=EDGE_CURVE('',#2087,#2101,#1257,.T.);
#2794=EDGE_CURVE('',#2103,#1999,#290,.T.);
#2796=EDGE_CURVE('',#2105,#2103,#302,.T.);
#2798=EDGE_CURVE('',#2093,#2105,#306,.T.);
#2810=EDGE_CURVE('',#1924,#1925,#244,.T.);
#2812=EDGE_CURVE('',#1925,#2107,#248,.T.);
#2814=EDGE_CURVE('',#2107,#2109,#252,.T.);
#2816=EDGE_CURVE('',#2109,#1937,#256,.T.);
#2818=EDGE_CURVE('',#1937,#1936,#260,.T.);
#2820=EDGE_CURVE('',#1936,#1915,#264,.T.);
#2822=EDGE_CURVE('',#1915,#1914,#268,.T.);
#2824=EDGE_CURVE('',#1914,#1961,#272,.T.);
#2829=EDGE_CURVE('',#1983,#2103,#286,.T.);
#2844=EDGE_CURVE('',#2105,#1981,#311,.T.);
#2855=EDGE_CURVE('',#2095,#1979,#319,.T.);
#2871=EDGE_CURVE('',#1977,#2095,#328,.T.);
#2884=EDGE_CURVE('',#2111,#1975,#346,.T.);
#2886=EDGE_CURVE('',#2111,#2097,#336,.T.);
#2896=EDGE_CURVE('',#2113,#2111,#341,.T.);
#2899=EDGE_CURVE('',#1975,#2113,#351,.T.);
#2909=EDGE_CURVE('',#2113,#2115,#355,.T.);
#2911=EDGE_CURVE('',#2117,#2115,#1213,.T.);
#2913=EDGE_CURVE('',#2117,#2111,#359,.T.);
#2924=EDGE_CURVE('',#2120,#2121,#367,.T.);
#2926=EDGE_CURVE('',#2120,#2123,#363,.T.);
#2928=EDGE_CURVE('',#2115,#2123,#577,.T.);
#2931=EDGE_CURVE('',#2125,#2113,#395,.T.);
#2933=EDGE_CURVE('',#2121,#2125,#379,.T.);
#2944=EDGE_CURVE('',#2127,#2121,#387,.T.);
#2946=EDGE_CURVE('',#2127,#2129,#371,.T.);
#2948=EDGE_CURVE('',#2131,#2129,#708,.T.);
#2950=EDGE_CURVE('',#2131,#2120,#375,.T.);
#2961=EDGE_CURVE('',#2125,#2133,#383,.T.);
#2963=EDGE_CURVE('',#2135,#2133,#749,.T.);
#2965=EDGE_CURVE('',#2127,#2135,#816,.T.);
#2976=EDGE_CURVE('',#2137,#2125,#391,.T.);
#2981=EDGE_CURVE('',#2141,#1973,#413,.T.);
#2983=EDGE_CURVE('',#2141,#2137,#403,.T.);
#2993=EDGE_CURVE('',#2143,#2141,#408,.T.);
#2996=EDGE_CURVE('',#1973,#2143,#418,.T.);
#3006=EDGE_CURVE('',#2143,#2145,#422,.T.);
#3008=EDGE_CURVE('',#2147,#2145,#1169,.T.);
#3010=EDGE_CURVE('',#2147,#2141,#426,.T.);
#3021=EDGE_CURVE('',#2149,#2143,#430,.T.);
#3023=EDGE_CURVE('',#2151,#2149,#451,.T.);
#3025=EDGE_CURVE('',#2145,#2151,#1182,.T.);
#3036=EDGE_CURVE('',#2149,#2153,#456,.T.);
#3041=EDGE_CURVE('',#2153,#1971,#1295,.T.);
#3051=EDGE_CURVE('',#2155,#1989,#460,.T.);
#3053=EDGE_CURVE('',#2155,#2157,#438,.T.);
#3055=EDGE_CURVE('',#2157,#2159,#442,.T.);
#3057=EDGE_CURVE('',#2159,#2151,#447,.T.);
#3061=EDGE_CURVE('',#1991,#2153,#1290,.T.);
#3075=EDGE_CURVE('',#1997,#2155,#468,.T.);
#3087=EDGE_CURVE('',#2161,#2073,#480,.T.);
#3089=EDGE_CURVE('',#2157,#2161,#1199,.T.);
#3102=EDGE_CURVE('',#2071,#2163,#476,.T.);
#3104=EDGE_CURVE('',#2161,#2163,#1204,.T.);
#3115=EDGE_CURVE('',#2166,#2167,#528,.T.);
#3117=EDGE_CURVE('',#2166,#2169,#484,.T.);
#3119=EDGE_CURVE('',#2169,#2171,#488,.T.);
#3121=EDGE_CURVE('',#2171,#2173,#492,.T.);
#3123=EDGE_CURVE('',#2175,#2173,#639,.T.);
#3125=EDGE_CURVE('',#2175,#2177,#496,.T.);
#3127=EDGE_CURVE('',#2177,#2179,#500,.T.);
#3129=EDGE_CURVE('',#2179,#2181,#504,.T.);
#3131=EDGE_CURVE('',#2181,#2183,#508,.T.);
#3133=EDGE_CURVE('',#2185,#2183,#565,.T.);
#3135=EDGE_CURVE('',#2187,#2185,#1178,.T.);
#3137=EDGE_CURVE('',#2189,#2187,#1190,.T.);
#3139=EDGE_CURVE('',#2163,#2189,#1208,.T.);
#3143=EDGE_CURVE('',#2083,#2069,#1273,.T.);
#3146=EDGE_CURVE('',#2191,#2081,#1265,.T.);
#3148=EDGE_CURVE('',#2191,#2193,#520,.T.);
#3150=EDGE_CURVE('',#2193,#2195,#524,.T.);
#3152=EDGE_CURVE('',#2197,#2195,#1231,.T.);
#3154=EDGE_CURVE('',#2167,#2197,#573,.T.);
#3165=EDGE_CURVE('',#2167,#2199,#532,.T.);
#3167=EDGE_CURVE('',#2199,#2123,#536,.T.);
#3171=EDGE_CURVE('',#2201,#2131,#704,.T.);
#3173=EDGE_CURVE('',#2201,#2203,#541,.T.);
#3175=EDGE_CURVE('',#2203,#2205,#545,.T.);
#3177=EDGE_CURVE('',#2166,#2205,#668,.T.);
#3187=EDGE_CURVE('',#2183,#2167,#569,.T.);
#3189=EDGE_CURVE('',#2183,#2207,#549,.T.);
#3191=EDGE_CURVE('',#2207,#2199,#553,.T.);
#3202=EDGE_CURVE('',#2123,#2209,#557,.T.);
#3204=EDGE_CURVE('',#2209,#2147,#561,.T.);
#3206=EDGE_CURVE('',#2185,#2147,#1164,.T.);
#3211=EDGE_CURVE('',#2115,#2197,#1218,.T.);
#3225=EDGE_CURVE('',#2209,#2207,#598,.T.);
#3236=EDGE_CURVE('',#2211,#2181,#606,.T.);
#3238=EDGE_CURVE('',#2211,#2213,#581,.T.);
#3240=EDGE_CURVE('',#2213,#2215,#586,.T.);
#3242=EDGE_CURVE('',#2217,#2215,#700,.T.);
#3244=EDGE_CURVE('',#2217,#2219,#590,.T.);
#3246=EDGE_CURVE('',#2219,#2209,#594,.T.);
#3259=EDGE_CURVE('',#2221,#2179,#618,.T.);
#3261=EDGE_CURVE('',#2221,#2211,#602,.T.);
#3273=EDGE_CURVE('',#2177,#2223,#610,.T.);
#3275=EDGE_CURVE('',#2223,#2221,#614,.T.);
#3287=EDGE_CURVE('',#2175,#2225,#622,.T.);
#3289=EDGE_CURVE('',#2225,#2223,#626,.T.);
#3300=EDGE_CURVE('',#2175,#2227,#631,.T.);
#3302=EDGE_CURVE('',#2229,#2227,#1099,.T.);
#3304=EDGE_CURVE('',#2231,#2229,#1081,.T.);
#3306=EDGE_CURVE('',#2231,#2225,#635,.T.);
#3318=EDGE_CURVE('',#2233,#2173,#648,.T.);
#3320=EDGE_CURVE('',#2233,#2227,#643,.T.);
#3332=EDGE_CURVE('',#2173,#2235,#652,.T.);
#3334=EDGE_CURVE('',#2235,#2237,#656,.T.);
#3336=EDGE_CURVE('',#2239,#2237,#1077,.T.);
#3338=EDGE_CURVE('',#2233,#2239,#1085,.T.);
#3349=EDGE_CURVE('',#2171,#2241,#660,.T.);
#3351=EDGE_CURVE('',#2241,#2235,#664,.T.);
#3363=EDGE_CURVE('',#2243,#2169,#676,.T.);
#3365=EDGE_CURVE('',#2241,#2243,#680,.T.);
#3378=EDGE_CURVE('',#2205,#2243,#672,.T.);
#3389=EDGE_CURVE('',#2213,#2203,#684,.T.);
#3395=EDGE_CURVE('',#2235,#2225,#1063,.T.);
#3412=EDGE_CURVE('',#2201,#2215,#688,.T.);
#3422=EDGE_CURVE('',#2258,#2259,#692,.T.);
#3424=EDGE_CURVE('',#2259,#2217,#696,.T.);
#3430=EDGE_CURVE('',#2261,#2129,#812,.T.);
#3432=EDGE_CURVE('',#2261,#2258,#713,.T.);
#3442=EDGE_CURVE('',#2264,#2265,#721,.T.);
#3444=EDGE_CURVE('',#2264,#2259,#717,.T.);
#3447=EDGE_CURVE('',#2266,#2258,#801,.T.);
#3449=EDGE_CURVE('',#2268,#2266,#784,.T.);
#3451=EDGE_CURVE('',#2269,#2268,#773,.T.);
#3453=EDGE_CURVE('',#2271,#2269,#757,.T.);
#3455=EDGE_CURVE('',#2265,#2271,#745,.T.);
#3465=EDGE_CURVE('',#2273,#2137,#733,.T.);
#3467=EDGE_CURVE('',#2264,#2273,#741,.T.);
#3470=EDGE_CURVE('',#2265,#2139,#725,.T.);
#3472=EDGE_CURVE('',#2139,#2137,#729,.T.);
#3482=EDGE_CURVE('',#2273,#2219,#737,.T.);
#3512=EDGE_CURVE('',#2275,#2271,#766,.T.);
#3514=EDGE_CURVE('',#2135,#2275,#820,.T.);
#3517=EDGE_CURVE('',#2133,#2139,#753,.T.);
#3528=EDGE_CURVE('',#2269,#2277,#762,.T.);
#3530=EDGE_CURVE('',#2275,#2277,#824,.T.);
#3542=EDGE_CURVE('',#2279,#2268,#794,.T.);
#3544=EDGE_CURVE('',#2279,#2277,#780,.T.);
#3556=EDGE_CURVE('',#2266,#2281,#789,.T.);
#3558=EDGE_CURVE('',#2279,#2281,#828,.T.);
#3571=EDGE_CURVE('',#2261,#2281,#808,.T.);
#3598=EDGE_CURVE('',#2285,#2284,#833,.T.);
#3600=EDGE_CURVE('',#2284,#2293,#837,.T.);
#3602=EDGE_CURVE('',#2293,#2295,#842,.T.);
#3604=EDGE_CURVE('',#2295,#2291,#846,.T.);
#3606=EDGE_CURVE('',#2291,#2297,#850,.T.);
#3608=EDGE_CURVE('',#2299,#2297,#964,.T.);
#3610=EDGE_CURVE('',#2301,#2299,#959,.T.);
#3612=EDGE_CURVE('',#2301,#2285,#854,.T.);
#3622=EDGE_CURVE('',#2291,#2289,#858,.T.);
#3624=EDGE_CURVE('',#2303,#2289,#871,.T.);
#3626=EDGE_CURVE('',#2297,#2303,#985,.T.);
#3637=EDGE_CURVE('',#2289,#2287,#863,.T.);
#3639=EDGE_CURVE('',#2287,#2305,#867,.T.);
#3641=EDGE_CURVE('',#2307,#2305,#1012,.T.);
#3643=EDGE_CURVE('',#2303,#2307,#1007,.T.);
#3654=EDGE_CURVE('',#2287,#2285,#875,.T.);
#3657=EDGE_CURVE('',#2305,#2301,#879,.T.);
#3668=EDGE_CURVE('',#2310,#2311,#890,.T.);
#3670=EDGE_CURVE('',#2305,#2310,#1019,.T.);
#3673=EDGE_CURVE('',#2301,#2311,#886,.T.);
#3683=EDGE_CURVE('',#2314,#2315,#894,.T.);
#3685=EDGE_CURVE('',#2310,#2314,#1027,.T.);
#3688=EDGE_CURVE('',#2315,#2311,#950,.T.);
#3698=EDGE_CURVE('',#2318,#2319,#929,.T.);
#3700=EDGE_CURVE('',#2314,#2318,#1044,.T.);
#3703=EDGE_CURVE('',#2315,#2319,#901,.T.);
#3713=EDGE_CURVE('',#2319,#2321,#906,.T.);
#3715=EDGE_CURVE('',#2321,#2323,#911,.T.);
#3717=EDGE_CURVE('',#2323,#2325,#915,.T.);
#3719=EDGE_CURVE('',#2325,#2327,#920,.T.);
#3721=EDGE_CURVE('',#2327,#2318,#925,.T.);
#3735=EDGE_CURVE('',#2315,#2330,#934,.T.);
#3737=EDGE_CURVE('',#2330,#2331,#939,.T.);
#3739=EDGE_CURVE('',#2331,#2323,#946,.T.);
#3752=EDGE_CURVE('',#2335,#2311,#981,.T.);
#3754=EDGE_CURVE('',#2334,#2335,#976,.T.);
#3756=EDGE_CURVE('',#2334,#2331,#954,.T.);
#3768=EDGE_CURVE('',#2297,#2334,#971,.T.);
#3782=EDGE_CURVE('',#2303,#2336,#992,.T.);
#3784=EDGE_CURVE('',#2334,#2336,#1059,.T.);
#3795=EDGE_CURVE('',#2310,#2338,#997,.T.);
#3797=EDGE_CURVE('',#2338,#2336,#1002,.T.);
#3811=EDGE_CURVE('',#2340,#2314,#1037,.T.);
#3813=EDGE_CURVE('',#2342,#2340,#1032,.T.);
#3815=EDGE_CURVE('',#2342,#2336,#1023,.T.);
#3830=EDGE_CURVE('',#2342,#2325,#1055,.T.);
#3843=EDGE_CURVE('',#2331,#2342,#1048,.T.);
#3870=EDGE_CURVE('',#2231,#2344,#1068,.T.);
#3872=EDGE_CURVE('',#2344,#2237,#1073,.T.);
#3883=EDGE_CURVE('',#2346,#2229,#1095,.T.);
#3885=EDGE_CURVE('',#2239,#2346,#1090,.T.);
#3912=EDGE_CURVE('',#2247,#2246,#1104,.T.);
#3914=EDGE_CURVE('',#2348,#2246,#1119,.T.);
#3916=EDGE_CURVE('',#2348,#2247,#1109,.T.);
#3926=EDGE_CURVE('',#2246,#2247,#1114,.T.);
#3938=EDGE_CURVE('',#2251,#2250,#1124,.T.);
#3940=EDGE_CURVE('',#2250,#2350,#1129,.T.);
#3942=EDGE_CURVE('',#2251,#2350,#1139,.T.);
#3952=EDGE_CURVE('',#2250,#2251,#1134,.T.);
#3964=EDGE_CURVE('',#2254,#2352,#1144,.T.);
#3966=EDGE_CURVE('',#2255,#2352,#1159,.T.);
#3968=EDGE_CURVE('',#2255,#2254,#1149,.T.);
#3979=EDGE_CURVE('',#2254,#2255,#1154,.T.);
#3992=EDGE_CURVE('',#2145,#2185,#1174,.T.);
#4003=EDGE_CURVE('',#2187,#2159,#1195,.T.);
#4016=EDGE_CURVE('',#2159,#2189,#1186,.T.);
#4043=EDGE_CURVE('',#2197,#2117,#1223,.T.);
#4054=EDGE_CURVE('',#2099,#2117,#1227,.T.);
#4058=EDGE_CURVE('',#2101,#2195,#1240,.T.);
#4081=EDGE_CURVE('',#2101,#2193,#1244,.T.);
#4094=EDGE_CURVE('',#2191,#2089,#1249,.T.);
#4130=EDGE_CURVE('',#2153,#1969,#1277,.T.);
#4155=EDGE_CURVE('',#2011,#2010,#1299,.T.);
#4157=EDGE_CURVE('',#2354,#2010,#1317,.T.);
#4159=EDGE_CURVE('',#2354,#2356,#1304,.T.);
#4161=EDGE_CURVE('',#2356,#2358,#1309,.T.);
#4163=EDGE_CURVE('',#2011,#2358,#1347,.T.);
#4173=EDGE_CURVE('',#2010,#2015,#1313,.T.);
#4175=EDGE_CURVE('',#2360,#2015,#1339,.T.);
#4177=EDGE_CURVE('',#2354,#2360,#1351,.T.);
#4188=EDGE_CURVE('',#2015,#2013,#1321,.T.);
#4190=EDGE_CURVE('',#2013,#2362,#1325,.T.);
#4192=EDGE_CURVE('',#2362,#2364,#1330,.T.);
#4194=EDGE_CURVE('',#2364,#2360,#1335,.T.);
#4205=EDGE_CURVE('',#2013,#2011,#1343,.T.);
#4208=EDGE_CURVE('',#2362,#2358,#1355,.T.);
#4233=EDGE_CURVE('',#2018,#2019,#1359,.T.);
#4235=EDGE_CURVE('',#2019,#2366,#1363,.T.);
#4237=EDGE_CURVE('',#2368,#2366,#1413,.T.);
#4239=EDGE_CURVE('',#2368,#2018,#1367,.T.);
#4249=EDGE_CURVE('',#2019,#2023,#1371,.T.);
#4251=EDGE_CURVE('',#2370,#2023,#1392,.T.);
#4253=EDGE_CURVE('',#2372,#2370,#1441,.T.);
#4255=EDGE_CURVE('',#2374,#2372,#1421,.T.);
#4257=EDGE_CURVE('',#2374,#2376,#1375,.T.);
#4259=EDGE_CURVE('',#2376,#2366,#1380,.T.);
#4270=EDGE_CURVE('',#2023,#2021,#1384,.T.);
#4272=EDGE_CURVE('',#2021,#2378,#1388,.T.);
#4274=EDGE_CURVE('',#2370,#2378,#1437,.T.);
#4285=EDGE_CURVE('',#2021,#2018,#1396,.T.);
#4288=EDGE_CURVE('',#2368,#2380,#1401,.T.);
#4290=EDGE_CURVE('',#2382,#2380,#1417,.T.);
#4292=EDGE_CURVE('',#2384,#2382,#1429,.T.);
#4294=EDGE_CURVE('',#2384,#2378,#1405,.T.);
#4306=EDGE_CURVE('',#2376,#2380,#1409,.T.);
#4320=EDGE_CURVE('',#2382,#2374,#1433,.T.);
#4332=EDGE_CURVE('',#2372,#2384,#1425,.T.);
#4356=EDGE_CURVE('',#2026,#2027,#1445,.T.);
#4358=EDGE_CURVE('',#2027,#2386,#1449,.T.);
#4360=EDGE_CURVE('',#2388,#2386,#1495,.T.);
#4362=EDGE_CURVE('',#2388,#2026,#1453,.T.);
#4372=EDGE_CURVE('',#2027,#2031,#1457,.T.);
#4374=EDGE_CURVE('',#2390,#2031,#1478,.T.);
#4376=EDGE_CURVE('',#2392,#2390,#1527,.T.);
#4378=EDGE_CURVE('',#2394,#2392,#1519,.T.);
#4380=EDGE_CURVE('',#2394,#2396,#1461,.T.);
#4382=EDGE_CURVE('',#2396,#2386,#1466,.T.);
#4393=EDGE_CURVE('',#2031,#2029,#1470,.T.);
#4395=EDGE_CURVE('',#2029,#2398,#1474,.T.);
#4397=EDGE_CURVE('',#2390,#2398,#1523,.T.);
#4408=EDGE_CURVE('',#2029,#2026,#1482,.T.);
#4411=EDGE_CURVE('',#2388,#2400,#1487,.T.);
#4413=EDGE_CURVE('',#2402,#2400,#1503,.T.);
#4415=EDGE_CURVE('',#2404,#2402,#1511,.T.);
#4417=EDGE_CURVE('',#2404,#2398,#1491,.T.);
#4431=EDGE_CURVE('',#2396,#2400,#1499,.T.);
#4443=EDGE_CURVE('',#2402,#2394,#1515,.T.);
#4454=EDGE_CURVE('',#2392,#2404,#1507,.T.);
#4479=EDGE_CURVE('',#2034,#2035,#1531,.T.);
#4481=EDGE_CURVE('',#2035,#2406,#1535,.T.);
#4483=EDGE_CURVE('',#2408,#2406,#1581,.T.);
#4485=EDGE_CURVE('',#2408,#2034,#1539,.T.);
#4495=EDGE_CURVE('',#2035,#2039,#1543,.T.);
#4497=EDGE_CURVE('',#2410,#2039,#1564,.T.);
#4499=EDGE_CURVE('',#2412,#2410,#1613,.T.);
#4501=EDGE_CURVE('',#2414,#2412,#1605,.T.);
#4503=EDGE_CURVE('',#2414,#2416,#1547,.T.);
#4505=EDGE_CURVE('',#2416,#2406,#1552,.T.);
#4516=EDGE_CURVE('',#2039,#2037,#1556,.T.);
#4518=EDGE_CURVE('',#2037,#2418,#1560,.T.);
#4520=EDGE_CURVE('',#2410,#2418,#1609,.T.);
#4531=EDGE_CURVE('',#2037,#2034,#1568,.T.);
#4534=EDGE_CURVE('',#2408,#2420,#1573,.T.);
#4536=EDGE_CURVE('',#2422,#2420,#1589,.T.);
#4538=EDGE_CURVE('',#2424,#2422,#1597,.T.);
#4540=EDGE_CURVE('',#2424,#2418,#1577,.T.);
#4554=EDGE_CURVE('',#2416,#2420,#1585,.T.);
#4566=EDGE_CURVE('',#2422,#2414,#1601,.T.);
#4577=EDGE_CURVE('',#2412,#2424,#1593,.T.);
#4602=EDGE_CURVE('',#2042,#2043,#1617,.T.);
#4604=EDGE_CURVE('',#2043,#2426,#1621,.T.);
#4606=EDGE_CURVE('',#2428,#2426,#1671,.T.);
#4608=EDGE_CURVE('',#2428,#2042,#1625,.T.);
#4618=EDGE_CURVE('',#2043,#2047,#1629,.T.);
#4620=EDGE_CURVE('',#2430,#2047,#1650,.T.);
#4622=EDGE_CURVE('',#2432,#2430,#1699,.T.);
#4624=EDGE_CURVE('',#2434,#2432,#1679,.T.);
#4626=EDGE_CURVE('',#2434,#2436,#1633,.T.);
#4628=EDGE_CURVE('',#2436,#2426,#1638,.T.);
#4639=EDGE_CURVE('',#2047,#2045,#1642,.T.);
#4641=EDGE_CURVE('',#2045,#2438,#1646,.T.);
#4643=EDGE_CURVE('',#2430,#2438,#1695,.T.);
#4654=EDGE_CURVE('',#2045,#2042,#1654,.T.);
#4657=EDGE_CURVE('',#2428,#2440,#1659,.T.);
#4659=EDGE_CURVE('',#2442,#2440,#1675,.T.);
#4661=EDGE_CURVE('',#2444,#2442,#1687,.T.);
#4663=EDGE_CURVE('',#2444,#2438,#1663,.T.);
#4675=EDGE_CURVE('',#2436,#2440,#1667,.T.);
#4689=EDGE_CURVE('',#2442,#2434,#1691,.T.);
#4701=EDGE_CURVE('',#2432,#2444,#1683,.T.);
#4725=EDGE_CURVE('',#2050,#2051,#1703,.T.);
#4727=EDGE_CURVE('',#2446,#2051,#1711,.T.);
#4729=EDGE_CURVE('',#2448,#2446,#1765,.T.);
#4731=EDGE_CURVE('',#2050,#2448,#1735,.T.);
#4741=EDGE_CURVE('',#2051,#2055,#1707,.T.);
#4743=EDGE_CURVE('',#2450,#2055,#1727,.T.);
#4745=EDGE_CURVE('',#2446,#2450,#1774,.T.);
#4756=EDGE_CURVE('',#2055,#2053,#1715,.T.);
#4758=EDGE_CURVE('',#2053,#2452,#1719,.T.);
#4760=EDGE_CURVE('',#2452,#2450,#1723,.T.);
#4771=EDGE_CURVE('',#2053,#2050,#1731,.T.);
#4774=EDGE_CURVE('',#2448,#2452,#1739,.T.);
#4785=EDGE_CURVE('',#2454,#2452,#1743,.T.);
#4788=EDGE_CURVE('',#2448,#2454,#1748,.T.);
#4799=EDGE_CURVE('',#2454,#2456,#1752,.T.);
#4801=EDGE_CURVE('',#2458,#2456,#1803,.T.);
#4803=EDGE_CURVE('',#2452,#2458,#1786,.T.);
#4813=EDGE_CURVE('',#2460,#2454,#1761,.T.);
#4815=EDGE_CURVE('',#2462,#2460,#1782,.T.);
#4817=EDGE_CURVE('',#2462,#2456,#1757,.T.);
#4831=EDGE_CURVE('',#2460,#2446,#1770,.T.);
#4841=EDGE_CURVE('',#2460,#2450,#1778,.T.);
#4854=EDGE_CURVE('',#2464,#2450,#1795,.T.);
#4856=EDGE_CURVE('',#2462,#2464,#1799,.T.);
#4869=EDGE_CURVE('',#2458,#2464,#1791,.T.);
#4892=EDGE_CURVE('',#2058,#2059,#1807,.T.);
#4894=EDGE_CURVE('',#2466,#2059,#1815,.T.);
#4896=EDGE_CURVE('',#2468,#2466,#1856,.T.);
#4898=EDGE_CURVE('',#2058,#2468,#1835,.T.);
#4908=EDGE_CURVE('',#2059,#2063,#1811,.T.);
#4910=EDGE_CURVE('',#2470,#2063,#1827,.T.);
#4912=EDGE_CURVE('',#2466,#2470,#1873,.T.);
#4923=EDGE_CURVE('',#2063,#2061,#1819,.T.);
#4925=EDGE_CURVE('',#2061,#2472,#1823,.T.);
#4927=EDGE_CURVE('',#2470,#2472,#1882,.T.);
#4938=EDGE_CURVE('',#2061,#2058,#1831,.T.);
#4941=EDGE_CURVE('',#2468,#2472,#1839,.T.);
#4953=EDGE_CURVE('',#2468,#2474,#1843,.T.);
#4955=EDGE_CURVE('',#2474,#2472,#1848,.T.);
#4966=EDGE_CURVE('',#2468,#2476,#1852,.T.);
#4968=EDGE_CURVE('',#2478,#2476,#1907,.T.);
#4970=EDGE_CURVE('',#2474,#2478,#1890,.T.);
#4981=EDGE_CURVE('',#2480,#2466,#1869,.T.);
#4983=EDGE_CURVE('',#2480,#2476,#1861,.T.);
#4994=EDGE_CURVE('',#2466,#2482,#1865,.T.);
#4996=EDGE_CURVE('',#2484,#2482,#1899,.T.);
#4998=EDGE_CURVE('',#2480,#2484,#1903,.T.);
#5010=EDGE_CURVE('',#2470,#2482,#1878,.T.);
#5023=EDGE_CURVE('',#2474,#2482,#1886,.T.);
#5036=EDGE_CURVE('',#2478,#2484,#1895,.T.);
#5063=CIRCLE('',#5062,8.5E-1);
#5072=CIRCLE('',#5071,8.5E-1);
#5077=CIRCLE('',#5076,1.201839166959E0);
#5082=CIRCLE('',#5081,1.2E0);
#5087=CIRCLE('',#5086,1.201839166959E0);
#5092=CIRCLE('',#5091,1.2E0);
#5108=EDGE_CURVE('',#5098,#5095,#5058,.T.);
#5110=EDGE_CURVE('',#5095,#5096,#5063,.T.);
#5112=EDGE_CURVE('',#5100,#5096,#5067,.T.);
#5114=EDGE_CURVE('',#5098,#5100,#5092,.T.);
#5125=EDGE_CURVE('',#5100,#5098,#5082,.T.);
#5128=EDGE_CURVE('',#5096,#5095,#5072,.T.);
#5138=EDGE_CURVE('',#5102,#5098,#5087,.T.);
#5140=EDGE_CURVE('',#5102,#5100,#5077,.T.);
#5159=(LENGTH_UNIT()NAMED_UNIT(*)SI_UNIT(.MILLI.,.METRE.));
#5161=(NAMED_UNIT(*)PLANE_ANGLE_UNIT()SI_UNIT($,.RADIAN.));
#5164=(NAMED_UNIT(*)SI_UNIT($,.STERADIAN.)SOLID_ANGLE_UNIT());
#5167=MANIFOLD_SURFACE_SHAPE_REPRESENTATION('',(#5158),#5166);
#5174=PRODUCT_DEFINITION('design','',#5173,#5170);
#5175=PRODUCT_DEFINITION_SHAPE('','SHAPE FOR TL4_WW_SW0001.',#5174);
#5176=SHAPE_DEFINITION_REPRESENTATION(#5175,#5167);
ENDSEC;
END-ISO-10303-21;
