ISO-10303-21;
HEADER;
FILE_DESCRIPTION(('FreeCAD Model'),'2;1');
FILE_NAME('Open CASCADE Shape Model','2026-02-27T13:00:16',(''),(''),
  'Open CASCADE STEP processor 7.8','FreeCAD','Unknown');
FILE_SCHEMA(('AUTOMOTIVE_DESIGN { 1 0 10303 214 1 1 1 1 }'));
ENDSEC;
DATA;
#1 = APPLICATION_PROTOCOL_DEFINITION('international standard',
  'automotive_design',2000,#2);
#2 = APPLICATION_CONTEXT(
  'core data for automotive mechanical design processes');
#3 = SHAPE_DEFINITION_REPRESENTATION(#4,#10);
#4 = PRODUCT_DEFINITION_SHAPE('','',#5);
#5 = PRODUCT_DEFINITION('design','',#6,#9);
#6 = PRODUCT_DEFINITION_FORMATION('','',#7);
#7 = PRODUCT('Body','Body','',(#8));
#8 = PRODUCT_CONTEXT('',#2,'mechanical');
#9 = PRODUCT_DEFINITION_CONTEXT('part definition',#2,'design');
#10 = ADVANCED_BREP_SHAPE_REPRESENTATION('',(#11,#15),#3927);
#11 = AXIS2_PLACEMENT_3D('',#12,#13,#14);
#12 = CARTESIAN_POINT('',(0.,0.,0.));
#13 = DIRECTION('',(0.,0.,1.));
#14 = DIRECTION('',(1.,0.,-0.));
#15 = MANIFOLD_SOLID_BREP('',#16);
#16 = CLOSED_SHELL('',(#17,#57,#88,#119,#136,#153,#184,#215,#246,#277,
    #333,#357,#406,#462,#518,#535,#566,#597,#742,#768,#911,#930,#1011,
    #1097,#1121,#1145,#1162,#1186,#1210,#1227,#1244,#1261,#1273,#1354,
    #1378,#1457,#1474,#1555,#1579,#1658,#1675,#1756,#1780,#1859,#1876,
    #1957,#1981,#2055,#2072,#2089,#2106,#2123,#2147,#2171,#2195,#2219,
    #2243,#2267,#2284,#2308,#2332,#2356,#2380,#2404,#2428,#2445,#2508,
    #2571,#2588,#2605,#2622,#2639,#2656,#2673,#2685,#2702,#2719,#2736,
    #2753,#2770,#2787,#2799,#2816,#2833,#2850,#2867,#2884,#2901,#2913,
    #2930,#2947,#2964,#2981,#2998,#3015,#3027,#3051,#3073,#3104,#3126,
    #3157,#3179,#3203,#3227,#3258,#3289,#3313,#3337,#3361,#3385,#3409,
    #3426,#3457,#3474,#3498,#3522,#3539,#3555,#3604,#3653,#3670,#3719,
    #3768,#3785,#3801,#3818,#3835,#3852,#3869,#3881,#3898,#3915));
#17 = ADVANCED_FACE('',(#18),#52,.F.);
#18 = FACE_BOUND('',#19,.F.);
#19 = EDGE_LOOP('',(#20,#30,#38,#46));
#20 = ORIENTED_EDGE('',*,*,#21,.T.);
#21 = EDGE_CURVE('',#22,#24,#26,.T.);
#22 = VERTEX_POINT('',#23);
#23 = CARTESIAN_POINT('',(1.3,11.,0.));
#24 = VERTEX_POINT('',#25);
#25 = CARTESIAN_POINT('',(1.3,11.,9.8));
#26 = LINE('',#27,#28);
#27 = CARTESIAN_POINT('',(1.3,11.,0.));
#28 = VECTOR('',#29,1.);
#29 = DIRECTION('',(0.,0.,1.));
#30 = ORIENTED_EDGE('',*,*,#31,.T.);
#31 = EDGE_CURVE('',#24,#32,#34,.T.);
#32 = VERTEX_POINT('',#33);
#33 = CARTESIAN_POINT('',(1.3,6.,9.8));
#34 = LINE('',#35,#36);
#35 = CARTESIAN_POINT('',(1.3,11.,9.8));
#36 = VECTOR('',#37,1.);
#37 = DIRECTION('',(0.,-1.,0.));
#38 = ORIENTED_EDGE('',*,*,#39,.F.);
#39 = EDGE_CURVE('',#40,#32,#42,.T.);
#40 = VERTEX_POINT('',#41);
#41 = CARTESIAN_POINT('',(1.3,6.,0.));
#42 = LINE('',#43,#44);
#43 = CARTESIAN_POINT('',(1.3,6.,0.));
#44 = VECTOR('',#45,1.);
#45 = DIRECTION('',(0.,0.,1.));
#46 = ORIENTED_EDGE('',*,*,#47,.F.);
#47 = EDGE_CURVE('',#22,#40,#48,.T.);
#48 = LINE('',#49,#50);
#49 = CARTESIAN_POINT('',(1.3,11.,0.));
#50 = VECTOR('',#51,1.);
#51 = DIRECTION('',(0.,-1.,0.));
#52 = PLANE('',#53);
#53 = AXIS2_PLACEMENT_3D('',#54,#55,#56);
#54 = CARTESIAN_POINT('',(1.3,11.,0.));
#55 = DIRECTION('',(1.,0.,0.));
#56 = DIRECTION('',(0.,-1.,0.));
#57 = ADVANCED_FACE('',(#58),#83,.F.);
#58 = FACE_BOUND('',#59,.F.);
#59 = EDGE_LOOP('',(#60,#68,#76,#82));
#60 = ORIENTED_EDGE('',*,*,#61,.F.);
#61 = EDGE_CURVE('',#62,#22,#64,.T.);
#62 = VERTEX_POINT('',#63);
#63 = CARTESIAN_POINT('',(1.8,11.,0.));
#64 = LINE('',#65,#66);
#65 = CARTESIAN_POINT('',(6.3,11.,0.));
#66 = VECTOR('',#67,1.);
#67 = DIRECTION('',(-1.,0.,0.));
#68 = ORIENTED_EDGE('',*,*,#69,.F.);
#69 = EDGE_CURVE('',#70,#62,#72,.T.);
#70 = VERTEX_POINT('',#71);
#71 = CARTESIAN_POINT('',(1.8,11.,9.8));
#72 = LINE('',#73,#74);
#73 = CARTESIAN_POINT('',(1.8,11.,0.));
#74 = VECTOR('',#75,1.);
#75 = DIRECTION('',(-0.,-0.,-1.));
#76 = ORIENTED_EDGE('',*,*,#77,.T.);
#77 = EDGE_CURVE('',#70,#24,#78,.T.);
#78 = LINE('',#79,#80);
#79 = CARTESIAN_POINT('',(6.3,11.,9.8));
#80 = VECTOR('',#81,1.);
#81 = DIRECTION('',(-1.,0.,0.));
#82 = ORIENTED_EDGE('',*,*,#21,.F.);
#83 = PLANE('',#84);
#84 = AXIS2_PLACEMENT_3D('',#85,#86,#87);
#85 = CARTESIAN_POINT('',(6.3,11.,0.));
#86 = DIRECTION('',(0.,-1.,0.));
#87 = DIRECTION('',(-1.,0.,0.));
#88 = ADVANCED_FACE('',(#89),#114,.F.);
#89 = FACE_BOUND('',#90,.F.);
#90 = EDGE_LOOP('',(#91,#99,#100,#108));
#91 = ORIENTED_EDGE('',*,*,#92,.F.);
#92 = EDGE_CURVE('',#40,#93,#95,.T.);
#93 = VERTEX_POINT('',#94);
#94 = CARTESIAN_POINT('',(1.8,6.,0.));
#95 = LINE('',#96,#97);
#96 = CARTESIAN_POINT('',(1.3,6.,0.));
#97 = VECTOR('',#98,1.);
#98 = DIRECTION('',(1.,0.,0.));
#99 = ORIENTED_EDGE('',*,*,#39,.T.);
#100 = ORIENTED_EDGE('',*,*,#101,.T.);
#101 = EDGE_CURVE('',#32,#102,#104,.T.);
#102 = VERTEX_POINT('',#103);
#103 = CARTESIAN_POINT('',(1.8,6.,9.8));
#104 = LINE('',#105,#106);
#105 = CARTESIAN_POINT('',(1.3,6.,9.8));
#106 = VECTOR('',#107,1.);
#107 = DIRECTION('',(1.,0.,0.));
#108 = ORIENTED_EDGE('',*,*,#109,.F.);
#109 = EDGE_CURVE('',#93,#102,#110,.T.);
#110 = LINE('',#111,#112);
#111 = CARTESIAN_POINT('',(1.8,6.,0.));
#112 = VECTOR('',#113,1.);
#113 = DIRECTION('',(0.,0.,1.));
#114 = PLANE('',#115);
#115 = AXIS2_PLACEMENT_3D('',#116,#117,#118);
#116 = CARTESIAN_POINT('',(1.3,6.,0.));
#117 = DIRECTION('',(0.,1.,0.));
#118 = DIRECTION('',(1.,0.,0.));
#119 = ADVANCED_FACE('',(#120),#131,.F.);
#120 = FACE_BOUND('',#121,.F.);
#121 = EDGE_LOOP('',(#122,#123,#124,#125));
#122 = ORIENTED_EDGE('',*,*,#61,.T.);
#123 = ORIENTED_EDGE('',*,*,#47,.T.);
#124 = ORIENTED_EDGE('',*,*,#92,.T.);
#125 = ORIENTED_EDGE('',*,*,#126,.T.);
#126 = EDGE_CURVE('',#93,#62,#127,.T.);
#127 = LINE('',#128,#129);
#128 = CARTESIAN_POINT('',(1.8,5.5,0.));
#129 = VECTOR('',#130,1.);
#130 = DIRECTION('',(0.,1.,0.));
#131 = PLANE('',#132);
#132 = AXIS2_PLACEMENT_3D('',#133,#134,#135);
#133 = CARTESIAN_POINT('',(3.8,8.5,0.));
#134 = DIRECTION('',(0.,0.,1.));
#135 = DIRECTION('',(1.,0.,0.));
#136 = ADVANCED_FACE('',(#137),#148,.T.);
#137 = FACE_BOUND('',#138,.T.);
#138 = EDGE_LOOP('',(#139,#140,#141,#142));
#139 = ORIENTED_EDGE('',*,*,#77,.T.);
#140 = ORIENTED_EDGE('',*,*,#31,.T.);
#141 = ORIENTED_EDGE('',*,*,#101,.T.);
#142 = ORIENTED_EDGE('',*,*,#143,.T.);
#143 = EDGE_CURVE('',#102,#70,#144,.T.);
#144 = LINE('',#145,#146);
#145 = CARTESIAN_POINT('',(1.8,5.5,9.8));
#146 = VECTOR('',#147,1.);
#147 = DIRECTION('',(0.,1.,0.));
#148 = PLANE('',#149);
#149 = AXIS2_PLACEMENT_3D('',#150,#151,#152);
#150 = CARTESIAN_POINT('',(3.8,8.5,9.8));
#151 = DIRECTION('',(0.,0.,1.));
#152 = DIRECTION('',(1.,0.,0.));
#153 = ADVANCED_FACE('',(#154),#179,.T.);
#154 = FACE_BOUND('',#155,.T.);
#155 = EDGE_LOOP('',(#156,#164,#165,#173));
#156 = ORIENTED_EDGE('',*,*,#157,.F.);
#157 = EDGE_CURVE('',#62,#158,#160,.T.);
#158 = VERTEX_POINT('',#159);
#159 = CARTESIAN_POINT('',(1.8,11.7,0.));
#160 = LINE('',#161,#162);
#161 = CARTESIAN_POINT('',(1.8,5.5,0.));
#162 = VECTOR('',#163,1.);
#163 = DIRECTION('',(0.,1.,0.));
#164 = ORIENTED_EDGE('',*,*,#69,.F.);
#165 = ORIENTED_EDGE('',*,*,#166,.T.);
#166 = EDGE_CURVE('',#70,#167,#169,.T.);
#167 = VERTEX_POINT('',#168);
#168 = CARTESIAN_POINT('',(1.8,11.7,9.8));
#169 = LINE('',#170,#171);
#170 = CARTESIAN_POINT('',(1.8,5.5,9.8));
#171 = VECTOR('',#172,1.);
#172 = DIRECTION('',(0.,1.,0.));
#173 = ORIENTED_EDGE('',*,*,#174,.F.);
#174 = EDGE_CURVE('',#158,#167,#175,.T.);
#175 = LINE('',#176,#177);
#176 = CARTESIAN_POINT('',(1.8,11.7,0.));
#177 = VECTOR('',#178,1.);
#178 = DIRECTION('',(0.,0.,1.));
#179 = PLANE('',#180);
#180 = AXIS2_PLACEMENT_3D('',#181,#182,#183);
#181 = CARTESIAN_POINT('',(1.8,5.5,0.));
#182 = DIRECTION('',(-1.,0.,0.));
#183 = DIRECTION('',(0.,1.,0.));
#184 = ADVANCED_FACE('',(#185),#210,.T.);
#185 = FACE_BOUND('',#186,.T.);
#186 = EDGE_LOOP('',(#187,#195,#203,#209));
#187 = ORIENTED_EDGE('',*,*,#188,.F.);
#188 = EDGE_CURVE('',#189,#93,#191,.T.);
#189 = VERTEX_POINT('',#190);
#190 = CARTESIAN_POINT('',(1.8,5.5,0.));
#191 = LINE('',#192,#193);
#192 = CARTESIAN_POINT('',(1.8,5.5,0.));
#193 = VECTOR('',#194,1.);
#194 = DIRECTION('',(0.,1.,0.));
#195 = ORIENTED_EDGE('',*,*,#196,.T.);
#196 = EDGE_CURVE('',#189,#197,#199,.T.);
#197 = VERTEX_POINT('',#198);
#198 = CARTESIAN_POINT('',(1.8,5.5,9.8));
#199 = LINE('',#200,#201);
#200 = CARTESIAN_POINT('',(1.8,5.5,0.));
#201 = VECTOR('',#202,1.);
#202 = DIRECTION('',(0.,0.,1.));
#203 = ORIENTED_EDGE('',*,*,#204,.T.);
#204 = EDGE_CURVE('',#197,#102,#205,.T.);
#205 = LINE('',#206,#207);
#206 = CARTESIAN_POINT('',(1.8,5.5,9.8));
#207 = VECTOR('',#208,1.);
#208 = DIRECTION('',(0.,1.,0.));
#209 = ORIENTED_EDGE('',*,*,#109,.F.);
#210 = PLANE('',#211);
#211 = AXIS2_PLACEMENT_3D('',#212,#213,#214);
#212 = CARTESIAN_POINT('',(1.8,5.5,0.));
#213 = DIRECTION('',(-1.,0.,0.));
#214 = DIRECTION('',(0.,1.,0.));
#215 = ADVANCED_FACE('',(#216),#241,.F.);
#216 = FACE_BOUND('',#217,.F.);
#217 = EDGE_LOOP('',(#218,#226,#227,#235));
#218 = ORIENTED_EDGE('',*,*,#219,.T.);
#219 = EDGE_CURVE('',#220,#62,#222,.T.);
#220 = VERTEX_POINT('',#221);
#221 = CARTESIAN_POINT('',(3.,11.,0.));
#222 = LINE('',#223,#224);
#223 = CARTESIAN_POINT('',(6.3,11.,0.));
#224 = VECTOR('',#225,1.);
#225 = DIRECTION('',(-1.,0.,0.));
#226 = ORIENTED_EDGE('',*,*,#126,.F.);
#227 = ORIENTED_EDGE('',*,*,#228,.T.);
#228 = EDGE_CURVE('',#93,#229,#231,.T.);
#229 = VERTEX_POINT('',#230);
#230 = CARTESIAN_POINT('',(3.,6.,0.));
#231 = LINE('',#232,#233);
#232 = CARTESIAN_POINT('',(1.3,6.,0.));
#233 = VECTOR('',#234,1.);
#234 = DIRECTION('',(1.,0.,0.));
#235 = ORIENTED_EDGE('',*,*,#236,.F.);
#236 = EDGE_CURVE('',#220,#229,#237,.T.);
#237 = LINE('',#238,#239);
#238 = CARTESIAN_POINT('',(3.,15.2,0.));
#239 = VECTOR('',#240,1.);
#240 = DIRECTION('',(0.,-1.,0.));
#241 = PLANE('',#242);
#242 = AXIS2_PLACEMENT_3D('',#243,#244,#245);
#243 = CARTESIAN_POINT('',(3.8,8.5,0.));
#244 = DIRECTION('',(0.,0.,1.));
#245 = DIRECTION('',(1.,0.,0.));
#246 = ADVANCED_FACE('',(#247),#272,.T.);
#247 = FACE_BOUND('',#248,.T.);
#248 = EDGE_LOOP('',(#249,#257,#258,#266));
#249 = ORIENTED_EDGE('',*,*,#250,.T.);
#250 = EDGE_CURVE('',#251,#70,#253,.T.);
#251 = VERTEX_POINT('',#252);
#252 = CARTESIAN_POINT('',(3.,11.,9.8));
#253 = LINE('',#254,#255);
#254 = CARTESIAN_POINT('',(6.3,11.,9.8));
#255 = VECTOR('',#256,1.);
#256 = DIRECTION('',(-1.,0.,0.));
#257 = ORIENTED_EDGE('',*,*,#143,.F.);
#258 = ORIENTED_EDGE('',*,*,#259,.T.);
#259 = EDGE_CURVE('',#102,#260,#262,.T.);
#260 = VERTEX_POINT('',#261);
#261 = CARTESIAN_POINT('',(3.,6.,9.8));
#262 = LINE('',#263,#264);
#263 = CARTESIAN_POINT('',(1.3,6.,9.8));
#264 = VECTOR('',#265,1.);
#265 = DIRECTION('',(1.,0.,0.));
#266 = ORIENTED_EDGE('',*,*,#267,.F.);
#267 = EDGE_CURVE('',#251,#260,#268,.T.);
#268 = LINE('',#269,#270);
#269 = CARTESIAN_POINT('',(3.,15.2,9.8));
#270 = VECTOR('',#271,1.);
#271 = DIRECTION('',(0.,-1.,0.));
#272 = PLANE('',#273);
#273 = AXIS2_PLACEMENT_3D('',#274,#275,#276);
#274 = CARTESIAN_POINT('',(3.8,8.5,9.8));
#275 = DIRECTION('',(0.,0.,1.));
#276 = DIRECTION('',(1.,0.,0.));
#277 = ADVANCED_FACE('',(#278),#328,.F.);
#278 = FACE_BOUND('',#279,.F.);
#279 = EDGE_LOOP('',(#280,#281,#289,#297,#305,#313,#321,#327));
#280 = ORIENTED_EDGE('',*,*,#219,.F.);
#281 = ORIENTED_EDGE('',*,*,#282,.F.);
#282 = EDGE_CURVE('',#283,#220,#285,.T.);
#283 = VERTEX_POINT('',#284);
#284 = CARTESIAN_POINT('',(3.,15.,-1.33226762955E-15));
#285 = LINE('',#286,#287);
#286 = CARTESIAN_POINT('',(3.,15.2,0.));
#287 = VECTOR('',#288,1.);
#288 = DIRECTION('',(0.,-1.,0.));
#289 = ORIENTED_EDGE('',*,*,#290,.F.);
#290 = EDGE_CURVE('',#291,#283,#293,.T.);
#291 = VERTEX_POINT('',#292);
#292 = CARTESIAN_POINT('',(1.15,15.,-2.6645352591E-15));
#293 = LINE('',#294,#295);
#294 = CARTESIAN_POINT('',(0.,15.,-2.6645352591E-15));
#295 = VECTOR('',#296,1.);
#296 = DIRECTION('',(1.,0.,0.));
#297 = ORIENTED_EDGE('',*,*,#298,.F.);
#298 = EDGE_CURVE('',#299,#291,#301,.T.);
#299 = VERTEX_POINT('',#300);
#300 = CARTESIAN_POINT('',(0.75,15.,-2.6645352591E-15));
#301 = LINE('',#302,#303);
#302 = CARTESIAN_POINT('',(0.75,15.,-2.6645352591E-15));
#303 = VECTOR('',#304,1.);
#304 = DIRECTION('',(1.,0.,0.));
#305 = ORIENTED_EDGE('',*,*,#306,.F.);
#306 = EDGE_CURVE('',#307,#299,#309,.T.);
#307 = VERTEX_POINT('',#308);
#308 = CARTESIAN_POINT('',(0.,15.,-2.6645352591E-15));
#309 = LINE('',#310,#311);
#310 = CARTESIAN_POINT('',(0.,15.,-2.6645352591E-15));
#311 = VECTOR('',#312,1.);
#312 = DIRECTION('',(1.,0.,0.));
#313 = ORIENTED_EDGE('',*,*,#314,.F.);
#314 = EDGE_CURVE('',#315,#307,#317,.T.);
#315 = VERTEX_POINT('',#316);
#316 = CARTESIAN_POINT('',(0.,11.7,0.));
#317 = LINE('',#318,#319);
#318 = CARTESIAN_POINT('',(0.,11.7,0.));
#319 = VECTOR('',#320,1.);
#320 = DIRECTION('',(0.,1.,0.));
#321 = ORIENTED_EDGE('',*,*,#322,.F.);
#322 = EDGE_CURVE('',#158,#315,#323,.T.);
#323 = LINE('',#324,#325);
#324 = CARTESIAN_POINT('',(1.8,11.7,0.));
#325 = VECTOR('',#326,1.);
#326 = DIRECTION('',(-1.,0.,0.));
#327 = ORIENTED_EDGE('',*,*,#157,.F.);
#328 = PLANE('',#329);
#329 = AXIS2_PLACEMENT_3D('',#330,#331,#332);
#330 = CARTESIAN_POINT('',(1.75,8.6,0.));
#331 = DIRECTION('',(0.,0.,1.));
#332 = DIRECTION('',(1.,0.,0.));
#333 = ADVANCED_FACE('',(#334),#352,.T.);
#334 = FACE_BOUND('',#335,.T.);
#335 = EDGE_LOOP('',(#336,#337,#345,#351));
#336 = ORIENTED_EDGE('',*,*,#174,.T.);
#337 = ORIENTED_EDGE('',*,*,#338,.T.);
#338 = EDGE_CURVE('',#167,#339,#341,.T.);
#339 = VERTEX_POINT('',#340);
#340 = CARTESIAN_POINT('',(0.,11.7,9.8));
#341 = LINE('',#342,#343);
#342 = CARTESIAN_POINT('',(1.8,11.7,9.8));
#343 = VECTOR('',#344,1.);
#344 = DIRECTION('',(-1.,0.,0.));
#345 = ORIENTED_EDGE('',*,*,#346,.F.);
#346 = EDGE_CURVE('',#315,#339,#347,.T.);
#347 = LINE('',#348,#349);
#348 = CARTESIAN_POINT('',(0.,11.7,0.));
#349 = VECTOR('',#350,1.);
#350 = DIRECTION('',(0.,0.,1.));
#351 = ORIENTED_EDGE('',*,*,#322,.F.);
#352 = PLANE('',#353);
#353 = AXIS2_PLACEMENT_3D('',#354,#355,#356);
#354 = CARTESIAN_POINT('',(1.8,11.7,0.));
#355 = DIRECTION('',(0.,-1.,0.));
#356 = DIRECTION('',(-1.,0.,0.));
#357 = ADVANCED_FACE('',(#358),#401,.T.);
#358 = FACE_BOUND('',#359,.T.);
#359 = EDGE_LOOP('',(#360,#361,#369,#377,#385,#393,#399,#400));
#360 = ORIENTED_EDGE('',*,*,#250,.F.);
#361 = ORIENTED_EDGE('',*,*,#362,.F.);
#362 = EDGE_CURVE('',#363,#251,#365,.T.);
#363 = VERTEX_POINT('',#364);
#364 = CARTESIAN_POINT('',(3.,15.,9.8));
#365 = LINE('',#366,#367);
#366 = CARTESIAN_POINT('',(3.,15.2,9.8));
#367 = VECTOR('',#368,1.);
#368 = DIRECTION('',(0.,-1.,0.));
#369 = ORIENTED_EDGE('',*,*,#370,.F.);
#370 = EDGE_CURVE('',#371,#363,#373,.T.);
#371 = VERTEX_POINT('',#372);
#372 = CARTESIAN_POINT('',(1.15,15.,9.8));
#373 = LINE('',#374,#375);
#374 = CARTESIAN_POINT('',(0.,15.,9.8));
#375 = VECTOR('',#376,1.);
#376 = DIRECTION('',(1.,0.,0.));
#377 = ORIENTED_EDGE('',*,*,#378,.F.);
#378 = EDGE_CURVE('',#379,#371,#381,.T.);
#379 = VERTEX_POINT('',#380);
#380 = CARTESIAN_POINT('',(0.75,15.,9.8));
#381 = LINE('',#382,#383);
#382 = CARTESIAN_POINT('',(0.75,15.,9.8));
#383 = VECTOR('',#384,1.);
#384 = DIRECTION('',(1.,0.,0.));
#385 = ORIENTED_EDGE('',*,*,#386,.F.);
#386 = EDGE_CURVE('',#387,#379,#389,.T.);
#387 = VERTEX_POINT('',#388);
#388 = CARTESIAN_POINT('',(0.,15.,9.8));
#389 = LINE('',#390,#391);
#390 = CARTESIAN_POINT('',(0.,15.,9.8));
#391 = VECTOR('',#392,1.);
#392 = DIRECTION('',(1.,0.,0.));
#393 = ORIENTED_EDGE('',*,*,#394,.F.);
#394 = EDGE_CURVE('',#339,#387,#395,.T.);
#395 = LINE('',#396,#397);
#396 = CARTESIAN_POINT('',(0.,11.7,9.8));
#397 = VECTOR('',#398,1.);
#398 = DIRECTION('',(0.,1.,0.));
#399 = ORIENTED_EDGE('',*,*,#338,.F.);
#400 = ORIENTED_EDGE('',*,*,#166,.F.);
#401 = PLANE('',#402);
#402 = AXIS2_PLACEMENT_3D('',#403,#404,#405);
#403 = CARTESIAN_POINT('',(1.75,8.6,9.8));
#404 = DIRECTION('',(0.,0.,1.));
#405 = DIRECTION('',(1.,0.,0.));
#406 = ADVANCED_FACE('',(#407),#457,.F.);
#407 = FACE_BOUND('',#408,.F.);
#408 = EDGE_LOOP('',(#409,#419,#427,#435,#443,#449,#450,#451));
#409 = ORIENTED_EDGE('',*,*,#410,.F.);
#410 = EDGE_CURVE('',#411,#413,#415,.T.);
#411 = VERTEX_POINT('',#412);
#412 = CARTESIAN_POINT('',(0.,2.,0.));
#413 = VERTEX_POINT('',#414);
#414 = CARTESIAN_POINT('',(0.,5.5,0.));
#415 = LINE('',#416,#417);
#416 = CARTESIAN_POINT('',(0.,2.,0.));
#417 = VECTOR('',#418,1.);
#418 = DIRECTION('',(0.,1.,0.));
#419 = ORIENTED_EDGE('',*,*,#420,.F.);
#420 = EDGE_CURVE('',#421,#411,#423,.T.);
#421 = VERTEX_POINT('',#422);
#422 = CARTESIAN_POINT('',(0.75,2.,0.));
#423 = LINE('',#424,#425);
#424 = CARTESIAN_POINT('',(3.,2.,0.));
#425 = VECTOR('',#426,1.);
#426 = DIRECTION('',(-1.,0.,0.));
#427 = ORIENTED_EDGE('',*,*,#428,.F.);
#428 = EDGE_CURVE('',#429,#421,#431,.T.);
#429 = VERTEX_POINT('',#430);
#430 = CARTESIAN_POINT('',(1.15,2.,0.));
#431 = LINE('',#432,#433);
#432 = CARTESIAN_POINT('',(3.,2.,0.));
#433 = VECTOR('',#434,1.);
#434 = DIRECTION('',(-1.,0.,0.));
#435 = ORIENTED_EDGE('',*,*,#436,.F.);
#436 = EDGE_CURVE('',#437,#429,#439,.T.);
#437 = VERTEX_POINT('',#438);
#438 = CARTESIAN_POINT('',(3.,2.,0.));
#439 = LINE('',#440,#441);
#440 = CARTESIAN_POINT('',(3.,2.,0.));
#441 = VECTOR('',#442,1.);
#442 = DIRECTION('',(-1.,0.,0.));
#443 = ORIENTED_EDGE('',*,*,#444,.F.);
#444 = EDGE_CURVE('',#229,#437,#445,.T.);
#445 = LINE('',#446,#447);
#446 = CARTESIAN_POINT('',(3.,15.2,0.));
#447 = VECTOR('',#448,1.);
#448 = DIRECTION('',(0.,-1.,0.));
#449 = ORIENTED_EDGE('',*,*,#228,.F.);
#450 = ORIENTED_EDGE('',*,*,#188,.F.);
#451 = ORIENTED_EDGE('',*,*,#452,.F.);
#452 = EDGE_CURVE('',#413,#189,#453,.T.);
#453 = LINE('',#454,#455);
#454 = CARTESIAN_POINT('',(0.,5.5,0.));
#455 = VECTOR('',#456,1.);
#456 = DIRECTION('',(1.,0.,0.));
#457 = PLANE('',#458);
#458 = AXIS2_PLACEMENT_3D('',#459,#460,#461);
#459 = CARTESIAN_POINT('',(1.75,8.6,0.));
#460 = DIRECTION('',(0.,0.,1.));
#461 = DIRECTION('',(1.,0.,0.));
#462 = ADVANCED_FACE('',(#463),#513,.T.);
#463 = FACE_BOUND('',#464,.T.);
#464 = EDGE_LOOP('',(#465,#475,#483,#491,#499,#505,#506,#507));
#465 = ORIENTED_EDGE('',*,*,#466,.F.);
#466 = EDGE_CURVE('',#467,#469,#471,.T.);
#467 = VERTEX_POINT('',#468);
#468 = CARTESIAN_POINT('',(0.,2.,9.8));
#469 = VERTEX_POINT('',#470);
#470 = CARTESIAN_POINT('',(0.,5.5,9.8));
#471 = LINE('',#472,#473);
#472 = CARTESIAN_POINT('',(0.,2.,9.8));
#473 = VECTOR('',#474,1.);
#474 = DIRECTION('',(0.,1.,0.));
#475 = ORIENTED_EDGE('',*,*,#476,.F.);
#476 = EDGE_CURVE('',#477,#467,#479,.T.);
#477 = VERTEX_POINT('',#478);
#478 = CARTESIAN_POINT('',(0.75,2.,9.8));
#479 = LINE('',#480,#481);
#480 = CARTESIAN_POINT('',(3.,2.,9.8));
#481 = VECTOR('',#482,1.);
#482 = DIRECTION('',(-1.,0.,0.));
#483 = ORIENTED_EDGE('',*,*,#484,.F.);
#484 = EDGE_CURVE('',#485,#477,#487,.T.);
#485 = VERTEX_POINT('',#486);
#486 = CARTESIAN_POINT('',(1.15,2.,9.8));
#487 = LINE('',#488,#489);
#488 = CARTESIAN_POINT('',(3.,2.,9.8));
#489 = VECTOR('',#490,1.);
#490 = DIRECTION('',(-1.,0.,0.));
#491 = ORIENTED_EDGE('',*,*,#492,.F.);
#492 = EDGE_CURVE('',#493,#485,#495,.T.);
#493 = VERTEX_POINT('',#494);
#494 = CARTESIAN_POINT('',(3.,2.,9.8));
#495 = LINE('',#496,#497);
#496 = CARTESIAN_POINT('',(3.,2.,9.8));
#497 = VECTOR('',#498,1.);
#498 = DIRECTION('',(-1.,0.,0.));
#499 = ORIENTED_EDGE('',*,*,#500,.F.);
#500 = EDGE_CURVE('',#260,#493,#501,.T.);
#501 = LINE('',#502,#503);
#502 = CARTESIAN_POINT('',(3.,15.2,9.8));
#503 = VECTOR('',#504,1.);
#504 = DIRECTION('',(0.,-1.,0.));
#505 = ORIENTED_EDGE('',*,*,#259,.F.);
#506 = ORIENTED_EDGE('',*,*,#204,.F.);
#507 = ORIENTED_EDGE('',*,*,#508,.F.);
#508 = EDGE_CURVE('',#469,#197,#509,.T.);
#509 = LINE('',#510,#511);
#510 = CARTESIAN_POINT('',(0.,5.5,9.8));
#511 = VECTOR('',#512,1.);
#512 = DIRECTION('',(1.,0.,0.));
#513 = PLANE('',#514);
#514 = AXIS2_PLACEMENT_3D('',#515,#516,#517);
#515 = CARTESIAN_POINT('',(1.75,8.6,9.8));
#516 = DIRECTION('',(0.,0.,1.));
#517 = DIRECTION('',(1.,0.,0.));
#518 = ADVANCED_FACE('',(#519),#530,.T.);
#519 = FACE_BOUND('',#520,.T.);
#520 = EDGE_LOOP('',(#521,#527,#528,#529));
#521 = ORIENTED_EDGE('',*,*,#522,.T.);
#522 = EDGE_CURVE('',#413,#469,#523,.T.);
#523 = LINE('',#524,#525);
#524 = CARTESIAN_POINT('',(0.,5.5,0.));
#525 = VECTOR('',#526,1.);
#526 = DIRECTION('',(0.,0.,1.));
#527 = ORIENTED_EDGE('',*,*,#508,.T.);
#528 = ORIENTED_EDGE('',*,*,#196,.F.);
#529 = ORIENTED_EDGE('',*,*,#452,.F.);
#530 = PLANE('',#531);
#531 = AXIS2_PLACEMENT_3D('',#532,#533,#534);
#532 = CARTESIAN_POINT('',(0.,5.5,0.));
#533 = DIRECTION('',(0.,1.,0.));
#534 = DIRECTION('',(1.,0.,0.));
#535 = ADVANCED_FACE('',(#536),#561,.F.);
#536 = FACE_BOUND('',#537,.F.);
#537 = EDGE_LOOP('',(#538,#546,#547,#555));
#538 = ORIENTED_EDGE('',*,*,#539,.T.);
#539 = EDGE_CURVE('',#540,#220,#542,.T.);
#540 = VERTEX_POINT('',#541);
#541 = CARTESIAN_POINT('',(6.3,11.,0.));
#542 = LINE('',#543,#544);
#543 = CARTESIAN_POINT('',(6.3,11.,0.));
#544 = VECTOR('',#545,1.);
#545 = DIRECTION('',(-1.,0.,0.));
#546 = ORIENTED_EDGE('',*,*,#236,.T.);
#547 = ORIENTED_EDGE('',*,*,#548,.T.);
#548 = EDGE_CURVE('',#229,#549,#551,.T.);
#549 = VERTEX_POINT('',#550);
#550 = CARTESIAN_POINT('',(6.3,6.,0.));
#551 = LINE('',#552,#553);
#552 = CARTESIAN_POINT('',(1.3,6.,0.));
#553 = VECTOR('',#554,1.);
#554 = DIRECTION('',(1.,0.,0.));
#555 = ORIENTED_EDGE('',*,*,#556,.T.);
#556 = EDGE_CURVE('',#549,#540,#557,.T.);
#557 = LINE('',#558,#559);
#558 = CARTESIAN_POINT('',(6.3,6.,0.));
#559 = VECTOR('',#560,1.);
#560 = DIRECTION('',(0.,1.,0.));
#561 = PLANE('',#562);
#562 = AXIS2_PLACEMENT_3D('',#563,#564,#565);
#563 = CARTESIAN_POINT('',(3.8,8.5,0.));
#564 = DIRECTION('',(0.,0.,1.));
#565 = DIRECTION('',(1.,0.,0.));
#566 = ADVANCED_FACE('',(#567),#592,.T.);
#567 = FACE_BOUND('',#568,.T.);
#568 = EDGE_LOOP('',(#569,#577,#578,#586));
#569 = ORIENTED_EDGE('',*,*,#570,.T.);
#570 = EDGE_CURVE('',#571,#251,#573,.T.);
#571 = VERTEX_POINT('',#572);
#572 = CARTESIAN_POINT('',(6.3,11.,9.8));
#573 = LINE('',#574,#575);
#574 = CARTESIAN_POINT('',(6.3,11.,9.8));
#575 = VECTOR('',#576,1.);
#576 = DIRECTION('',(-1.,0.,0.));
#577 = ORIENTED_EDGE('',*,*,#267,.T.);
#578 = ORIENTED_EDGE('',*,*,#579,.T.);
#579 = EDGE_CURVE('',#260,#580,#582,.T.);
#580 = VERTEX_POINT('',#581);
#581 = CARTESIAN_POINT('',(6.3,6.,9.8));
#582 = LINE('',#583,#584);
#583 = CARTESIAN_POINT('',(1.3,6.,9.8));
#584 = VECTOR('',#585,1.);
#585 = DIRECTION('',(1.,0.,0.));
#586 = ORIENTED_EDGE('',*,*,#587,.T.);
#587 = EDGE_CURVE('',#580,#571,#588,.T.);
#588 = LINE('',#589,#590);
#589 = CARTESIAN_POINT('',(6.3,6.,9.8));
#590 = VECTOR('',#591,1.);
#591 = DIRECTION('',(0.,1.,0.));
#592 = PLANE('',#593);
#593 = AXIS2_PLACEMENT_3D('',#594,#595,#596);
#594 = CARTESIAN_POINT('',(3.8,8.5,9.8));
#595 = DIRECTION('',(0.,0.,1.));
#596 = DIRECTION('',(1.,0.,0.));
#597 = ADVANCED_FACE('',(#598),#737,.T.);
#598 = FACE_BOUND('',#599,.T.);
#599 = EDGE_LOOP('',(#600,#601,#602,#603,#611,#619,#627,#635,#643,#651,
    #659,#667,#675,#683,#691,#699,#707,#715,#723,#731));
#600 = ORIENTED_EDGE('',*,*,#314,.F.);
#601 = ORIENTED_EDGE('',*,*,#346,.T.);
#602 = ORIENTED_EDGE('',*,*,#394,.T.);
#603 = ORIENTED_EDGE('',*,*,#604,.F.);
#604 = EDGE_CURVE('',#605,#387,#607,.T.);
#605 = VERTEX_POINT('',#606);
#606 = CARTESIAN_POINT('',(0.,15.,8.3));
#607 = LINE('',#608,#609);
#608 = CARTESIAN_POINT('',(0.,15.,8.3));
#609 = VECTOR('',#610,1.);
#610 = DIRECTION('',(0.,4.440892098501E-16,1.));
#611 = ORIENTED_EDGE('',*,*,#612,.F.);
#612 = EDGE_CURVE('',#613,#605,#615,.T.);
#613 = VERTEX_POINT('',#614);
#614 = CARTESIAN_POINT('',(0.,15.2,8.3));
#615 = LINE('',#616,#617);
#616 = CARTESIAN_POINT('',(0.,17.,8.3));
#617 = VECTOR('',#618,1.);
#618 = DIRECTION('',(0.,-1.,4.440892098501E-16));
#619 = ORIENTED_EDGE('',*,*,#620,.F.);
#620 = EDGE_CURVE('',#621,#613,#623,.T.);
#621 = VERTEX_POINT('',#622);
#622 = CARTESIAN_POINT('',(0.,15.2,7.5));
#623 = LINE('',#624,#625);
#624 = CARTESIAN_POINT('',(0.,15.2,0.));
#625 = VECTOR('',#626,1.);
#626 = DIRECTION('',(0.,0.,1.));
#627 = ORIENTED_EDGE('',*,*,#628,.F.);
#628 = EDGE_CURVE('',#629,#621,#631,.T.);
#629 = VERTEX_POINT('',#630);
#630 = CARTESIAN_POINT('',(0.,15.,7.5));
#631 = LINE('',#632,#633);
#632 = CARTESIAN_POINT('',(0.,15.,7.5));
#633 = VECTOR('',#634,1.);
#634 = DIRECTION('',(0.,1.,-4.440892098501E-16));
#635 = ORIENTED_EDGE('',*,*,#636,.F.);
#636 = EDGE_CURVE('',#637,#629,#639,.T.);
#637 = VERTEX_POINT('',#638);
#638 = CARTESIAN_POINT('',(0.,15.,6.3));
#639 = LINE('',#640,#641);
#640 = CARTESIAN_POINT('',(0.,15.,6.3));
#641 = VECTOR('',#642,1.);
#642 = DIRECTION('',(0.,4.440892098501E-16,1.));
#643 = ORIENTED_EDGE('',*,*,#644,.F.);
#644 = EDGE_CURVE('',#645,#637,#647,.T.);
#645 = VERTEX_POINT('',#646);
#646 = CARTESIAN_POINT('',(0.,15.2,6.3));
#647 = LINE('',#648,#649);
#648 = CARTESIAN_POINT('',(0.,17.,6.3));
#649 = VECTOR('',#650,1.);
#650 = DIRECTION('',(0.,-1.,4.440892098501E-16));
#651 = ORIENTED_EDGE('',*,*,#652,.F.);
#652 = EDGE_CURVE('',#653,#645,#655,.T.);
#653 = VERTEX_POINT('',#654);
#654 = CARTESIAN_POINT('',(0.,15.2,5.5));
#655 = LINE('',#656,#657);
#656 = CARTESIAN_POINT('',(0.,15.2,0.));
#657 = VECTOR('',#658,1.);
#658 = DIRECTION('',(0.,0.,1.));
#659 = ORIENTED_EDGE('',*,*,#660,.F.);
#660 = EDGE_CURVE('',#661,#653,#663,.T.);
#661 = VERTEX_POINT('',#662);
#662 = CARTESIAN_POINT('',(0.,15.,5.5));
#663 = LINE('',#664,#665);
#664 = CARTESIAN_POINT('',(0.,15.,5.5));
#665 = VECTOR('',#666,1.);
#666 = DIRECTION('',(0.,1.,-4.440892098501E-16));
#667 = ORIENTED_EDGE('',*,*,#668,.F.);
#668 = EDGE_CURVE('',#669,#661,#671,.T.);
#669 = VERTEX_POINT('',#670);
#670 = CARTESIAN_POINT('',(0.,15.,4.3));
#671 = LINE('',#672,#673);
#672 = CARTESIAN_POINT('',(0.,15.,4.3));
#673 = VECTOR('',#674,1.);
#674 = DIRECTION('',(0.,4.440892098501E-16,1.));
#675 = ORIENTED_EDGE('',*,*,#676,.F.);
#676 = EDGE_CURVE('',#677,#669,#679,.T.);
#677 = VERTEX_POINT('',#678);
#678 = CARTESIAN_POINT('',(0.,15.2,4.3));
#679 = LINE('',#680,#681);
#680 = CARTESIAN_POINT('',(0.,17.,4.3));
#681 = VECTOR('',#682,1.);
#682 = DIRECTION('',(0.,-1.,4.440892098501E-16));
#683 = ORIENTED_EDGE('',*,*,#684,.F.);
#684 = EDGE_CURVE('',#685,#677,#687,.T.);
#685 = VERTEX_POINT('',#686);
#686 = CARTESIAN_POINT('',(0.,15.2,3.5));
#687 = LINE('',#688,#689);
#688 = CARTESIAN_POINT('',(0.,15.2,0.));
#689 = VECTOR('',#690,1.);
#690 = DIRECTION('',(0.,0.,1.));
#691 = ORIENTED_EDGE('',*,*,#692,.F.);
#692 = EDGE_CURVE('',#693,#685,#695,.T.);
#693 = VERTEX_POINT('',#694);
#694 = CARTESIAN_POINT('',(0.,15.,3.5));
#695 = LINE('',#696,#697);
#696 = CARTESIAN_POINT('',(0.,15.,3.5));
#697 = VECTOR('',#698,1.);
#698 = DIRECTION('',(0.,1.,-4.440892098501E-16));
#699 = ORIENTED_EDGE('',*,*,#700,.F.);
#700 = EDGE_CURVE('',#701,#693,#703,.T.);
#701 = VERTEX_POINT('',#702);
#702 = CARTESIAN_POINT('',(0.,15.,2.3));
#703 = LINE('',#704,#705);
#704 = CARTESIAN_POINT('',(0.,15.,2.3));
#705 = VECTOR('',#706,1.);
#706 = DIRECTION('',(0.,4.440892098501E-16,1.));
#707 = ORIENTED_EDGE('',*,*,#708,.F.);
#708 = EDGE_CURVE('',#709,#701,#711,.T.);
#709 = VERTEX_POINT('',#710);
#710 = CARTESIAN_POINT('',(0.,15.2,2.3));
#711 = LINE('',#712,#713);
#712 = CARTESIAN_POINT('',(0.,17.,2.3));
#713 = VECTOR('',#714,1.);
#714 = DIRECTION('',(0.,-1.,4.440892098501E-16));
#715 = ORIENTED_EDGE('',*,*,#716,.F.);
#716 = EDGE_CURVE('',#717,#709,#719,.T.);
#717 = VERTEX_POINT('',#718);
#718 = CARTESIAN_POINT('',(0.,15.2,1.5));
#719 = LINE('',#720,#721);
#720 = CARTESIAN_POINT('',(0.,15.2,0.));
#721 = VECTOR('',#722,1.);
#722 = DIRECTION('',(0.,0.,1.));
#723 = ORIENTED_EDGE('',*,*,#724,.F.);
#724 = EDGE_CURVE('',#725,#717,#727,.T.);
#725 = VERTEX_POINT('',#726);
#726 = CARTESIAN_POINT('',(0.,15.,1.5));
#727 = LINE('',#728,#729);
#728 = CARTESIAN_POINT('',(0.,15.,1.5));
#729 = VECTOR('',#730,1.);
#730 = DIRECTION('',(0.,1.,-4.440892098501E-16));
#731 = ORIENTED_EDGE('',*,*,#732,.F.);
#732 = EDGE_CURVE('',#307,#725,#733,.T.);
#733 = LINE('',#734,#735);
#734 = CARTESIAN_POINT('',(0.,15.,-2.6645352591E-15));
#735 = VECTOR('',#736,1.);
#736 = DIRECTION('',(0.,4.440892098501E-16,1.));
#737 = PLANE('',#738);
#738 = AXIS2_PLACEMENT_3D('',#739,#740,#741);
#739 = CARTESIAN_POINT('',(0.,11.7,0.));
#740 = DIRECTION('',(-1.,0.,0.));
#741 = DIRECTION('',(0.,1.,0.));
#742 = ADVANCED_FACE('',(#743),#763,.T.);
#743 = FACE_BOUND('',#744,.F.);
#744 = EDGE_LOOP('',(#745,#746,#747,#748,#749,#757));
#745 = ORIENTED_EDGE('',*,*,#732,.F.);
#746 = ORIENTED_EDGE('',*,*,#306,.T.);
#747 = ORIENTED_EDGE('',*,*,#298,.T.);
#748 = ORIENTED_EDGE('',*,*,#290,.T.);
#749 = ORIENTED_EDGE('',*,*,#750,.F.);
#750 = EDGE_CURVE('',#751,#283,#753,.T.);
#751 = VERTEX_POINT('',#752);
#752 = CARTESIAN_POINT('',(3.,15.,1.5));
#753 = LINE('',#754,#755);
#754 = CARTESIAN_POINT('',(3.,15.,-1.287858708565E-15));
#755 = VECTOR('',#756,1.);
#756 = DIRECTION('',(0.,-4.440892098501E-16,-1.));
#757 = ORIENTED_EDGE('',*,*,#758,.F.);
#758 = EDGE_CURVE('',#725,#751,#759,.T.);
#759 = LINE('',#760,#761);
#760 = CARTESIAN_POINT('',(0.,15.,1.5));
#761 = VECTOR('',#762,1.);
#762 = DIRECTION('',(1.,0.,0.));
#763 = PLANE('',#764);
#764 = AXIS2_PLACEMENT_3D('',#765,#766,#767);
#765 = CARTESIAN_POINT('',(0.,15.,-2.6645352591E-15));
#766 = DIRECTION('',(0.,1.,-4.440892098501E-16));
#767 = DIRECTION('',(-0.,-4.440892098501E-16,-1.));
#768 = ADVANCED_FACE('',(#769),#906,.T.);
#769 = FACE_BOUND('',#770,.T.);
#770 = EDGE_LOOP('',(#771,#772,#773,#781,#789,#797,#805,#813,#821,#829,
    #837,#845,#853,#861,#869,#877,#885,#893,#899,#900));
#771 = ORIENTED_EDGE('',*,*,#282,.F.);
#772 = ORIENTED_EDGE('',*,*,#750,.F.);
#773 = ORIENTED_EDGE('',*,*,#774,.F.);
#774 = EDGE_CURVE('',#775,#751,#777,.T.);
#775 = VERTEX_POINT('',#776);
#776 = CARTESIAN_POINT('',(3.,15.2,1.5));
#777 = LINE('',#778,#779);
#778 = CARTESIAN_POINT('',(3.,15.1,1.5));
#779 = VECTOR('',#780,1.);
#780 = DIRECTION('',(0.,-1.,4.440892098501E-16));
#781 = ORIENTED_EDGE('',*,*,#782,.T.);
#782 = EDGE_CURVE('',#775,#783,#785,.T.);
#783 = VERTEX_POINT('',#784);
#784 = CARTESIAN_POINT('',(3.,15.2,2.3));
#785 = LINE('',#786,#787);
#786 = CARTESIAN_POINT('',(3.,15.2,0.));
#787 = VECTOR('',#788,1.);
#788 = DIRECTION('',(0.,0.,1.));
#789 = ORIENTED_EDGE('',*,*,#790,.F.);
#790 = EDGE_CURVE('',#791,#783,#793,.T.);
#791 = VERTEX_POINT('',#792);
#792 = CARTESIAN_POINT('',(3.,15.,2.3));
#793 = LINE('',#794,#795);
#794 = CARTESIAN_POINT('',(3.,16.1,2.3));
#795 = VECTOR('',#796,1.);
#796 = DIRECTION('',(0.,1.,-4.440892098501E-16));
#797 = ORIENTED_EDGE('',*,*,#798,.F.);
#798 = EDGE_CURVE('',#799,#791,#801,.T.);
#799 = VERTEX_POINT('',#800);
#800 = CARTESIAN_POINT('',(3.,15.,3.5));
#801 = LINE('',#802,#803);
#802 = CARTESIAN_POINT('',(3.,15.,1.15));
#803 = VECTOR('',#804,1.);
#804 = DIRECTION('',(0.,-4.440892098501E-16,-1.));
#805 = ORIENTED_EDGE('',*,*,#806,.F.);
#806 = EDGE_CURVE('',#807,#799,#809,.T.);
#807 = VERTEX_POINT('',#808);
#808 = CARTESIAN_POINT('',(3.,15.2,3.5));
#809 = LINE('',#810,#811);
#810 = CARTESIAN_POINT('',(3.,15.1,3.5));
#811 = VECTOR('',#812,1.);
#812 = DIRECTION('',(0.,-1.,4.440892098501E-16));
#813 = ORIENTED_EDGE('',*,*,#814,.T.);
#814 = EDGE_CURVE('',#807,#815,#817,.T.);
#815 = VERTEX_POINT('',#816);
#816 = CARTESIAN_POINT('',(3.,15.2,4.3));
#817 = LINE('',#818,#819);
#818 = CARTESIAN_POINT('',(3.,15.2,0.));
#819 = VECTOR('',#820,1.);
#820 = DIRECTION('',(0.,0.,1.));
#821 = ORIENTED_EDGE('',*,*,#822,.F.);
#822 = EDGE_CURVE('',#823,#815,#825,.T.);
#823 = VERTEX_POINT('',#824);
#824 = CARTESIAN_POINT('',(3.,15.,4.3));
#825 = LINE('',#826,#827);
#826 = CARTESIAN_POINT('',(3.,16.1,4.3));
#827 = VECTOR('',#828,1.);
#828 = DIRECTION('',(0.,1.,-4.440892098501E-16));
#829 = ORIENTED_EDGE('',*,*,#830,.F.);
#830 = EDGE_CURVE('',#831,#823,#833,.T.);
#831 = VERTEX_POINT('',#832);
#832 = CARTESIAN_POINT('',(3.,15.,5.5));
#833 = LINE('',#834,#835);
#834 = CARTESIAN_POINT('',(3.,15.,2.15));
#835 = VECTOR('',#836,1.);
#836 = DIRECTION('',(0.,-4.440892098501E-16,-1.));
#837 = ORIENTED_EDGE('',*,*,#838,.F.);
#838 = EDGE_CURVE('',#839,#831,#841,.T.);
#839 = VERTEX_POINT('',#840);
#840 = CARTESIAN_POINT('',(3.,15.2,5.5));
#841 = LINE('',#842,#843);
#842 = CARTESIAN_POINT('',(3.,15.1,5.5));
#843 = VECTOR('',#844,1.);
#844 = DIRECTION('',(0.,-1.,4.440892098501E-16));
#845 = ORIENTED_EDGE('',*,*,#846,.T.);
#846 = EDGE_CURVE('',#839,#847,#849,.T.);
#847 = VERTEX_POINT('',#848);
#848 = CARTESIAN_POINT('',(3.,15.2,6.3));
#849 = LINE('',#850,#851);
#850 = CARTESIAN_POINT('',(3.,15.2,0.));
#851 = VECTOR('',#852,1.);
#852 = DIRECTION('',(0.,0.,1.));
#853 = ORIENTED_EDGE('',*,*,#854,.F.);
#854 = EDGE_CURVE('',#855,#847,#857,.T.);
#855 = VERTEX_POINT('',#856);
#856 = CARTESIAN_POINT('',(3.,15.,6.3));
#857 = LINE('',#858,#859);
#858 = CARTESIAN_POINT('',(3.,16.1,6.3));
#859 = VECTOR('',#860,1.);
#860 = DIRECTION('',(0.,1.,-4.440892098501E-16));
#861 = ORIENTED_EDGE('',*,*,#862,.F.);
#862 = EDGE_CURVE('',#863,#855,#865,.T.);
#863 = VERTEX_POINT('',#864);
#864 = CARTESIAN_POINT('',(3.,15.,7.5));
#865 = LINE('',#866,#867);
#866 = CARTESIAN_POINT('',(3.,15.,3.15));
#867 = VECTOR('',#868,1.);
#868 = DIRECTION('',(0.,-4.440892098501E-16,-1.));
#869 = ORIENTED_EDGE('',*,*,#870,.F.);
#870 = EDGE_CURVE('',#871,#863,#873,.T.);
#871 = VERTEX_POINT('',#872);
#872 = CARTESIAN_POINT('',(3.,15.2,7.5));
#873 = LINE('',#874,#875);
#874 = CARTESIAN_POINT('',(3.,15.1,7.5));
#875 = VECTOR('',#876,1.);
#876 = DIRECTION('',(0.,-1.,4.440892098501E-16));
#877 = ORIENTED_EDGE('',*,*,#878,.T.);
#878 = EDGE_CURVE('',#871,#879,#881,.T.);
#879 = VERTEX_POINT('',#880);
#880 = CARTESIAN_POINT('',(3.,15.2,8.3));
#881 = LINE('',#882,#883);
#882 = CARTESIAN_POINT('',(3.,15.2,0.));
#883 = VECTOR('',#884,1.);
#884 = DIRECTION('',(0.,0.,1.));
#885 = ORIENTED_EDGE('',*,*,#886,.F.);
#886 = EDGE_CURVE('',#887,#879,#889,.T.);
#887 = VERTEX_POINT('',#888);
#888 = CARTESIAN_POINT('',(3.,15.,8.3));
#889 = LINE('',#890,#891);
#890 = CARTESIAN_POINT('',(3.,16.1,8.3));
#891 = VECTOR('',#892,1.);
#892 = DIRECTION('',(0.,1.,-4.440892098501E-16));
#893 = ORIENTED_EDGE('',*,*,#894,.F.);
#894 = EDGE_CURVE('',#363,#887,#895,.T.);
#895 = LINE('',#896,#897);
#896 = CARTESIAN_POINT('',(3.,15.,4.15));
#897 = VECTOR('',#898,1.);
#898 = DIRECTION('',(0.,-4.440892098501E-16,-1.));
#899 = ORIENTED_EDGE('',*,*,#362,.T.);
#900 = ORIENTED_EDGE('',*,*,#901,.F.);
#901 = EDGE_CURVE('',#220,#251,#902,.T.);
#902 = LINE('',#903,#904);
#903 = CARTESIAN_POINT('',(3.,11.,0.));
#904 = VECTOR('',#905,1.);
#905 = DIRECTION('',(0.,0.,1.));
#906 = PLANE('',#907);
#907 = AXIS2_PLACEMENT_3D('',#908,#909,#910);
#908 = CARTESIAN_POINT('',(3.,15.2,0.));
#909 = DIRECTION('',(1.,0.,0.));
#910 = DIRECTION('',(0.,-1.,0.));
#911 = ADVANCED_FACE('',(#912),#925,.T.);
#912 = FACE_BOUND('',#913,.F.);
#913 = EDGE_LOOP('',(#914,#915,#921,#922,#923,#924));
#914 = ORIENTED_EDGE('',*,*,#604,.F.);
#915 = ORIENTED_EDGE('',*,*,#916,.T.);
#916 = EDGE_CURVE('',#605,#887,#917,.T.);
#917 = LINE('',#918,#919);
#918 = CARTESIAN_POINT('',(0.,15.,8.3));
#919 = VECTOR('',#920,1.);
#920 = DIRECTION('',(1.,0.,0.));
#921 = ORIENTED_EDGE('',*,*,#894,.F.);
#922 = ORIENTED_EDGE('',*,*,#370,.F.);
#923 = ORIENTED_EDGE('',*,*,#378,.F.);
#924 = ORIENTED_EDGE('',*,*,#386,.F.);
#925 = PLANE('',#926);
#926 = AXIS2_PLACEMENT_3D('',#927,#928,#929);
#927 = CARTESIAN_POINT('',(0.,15.,8.3));
#928 = DIRECTION('',(0.,1.,-4.440892098501E-16));
#929 = DIRECTION('',(-0.,-4.440892098501E-16,-1.));
#930 = ADVANCED_FACE('',(#931),#1006,.T.);
#931 = FACE_BOUND('',#932,.T.);
#932 = EDGE_LOOP('',(#933,#941,#949,#957,#965,#973,#981,#989,#997,#1003,
    #1004,#1005));
#933 = ORIENTED_EDGE('',*,*,#934,.T.);
#934 = EDGE_CURVE('',#411,#935,#937,.T.);
#935 = VERTEX_POINT('',#936);
#936 = CARTESIAN_POINT('',(0.,2.,1.5));
#937 = LINE('',#938,#939);
#938 = CARTESIAN_POINT('',(0.,2.,0.));
#939 = VECTOR('',#940,1.);
#940 = DIRECTION('',(0.,0.,1.));
#941 = ORIENTED_EDGE('',*,*,#942,.T.);
#942 = EDGE_CURVE('',#935,#943,#945,.T.);
#943 = VERTEX_POINT('',#944);
#944 = CARTESIAN_POINT('',(0.,2.,2.3));
#945 = LINE('',#946,#947);
#946 = CARTESIAN_POINT('',(0.,2.,0.));
#947 = VECTOR('',#948,1.);
#948 = DIRECTION('',(0.,0.,1.));
#949 = ORIENTED_EDGE('',*,*,#950,.T.);
#950 = EDGE_CURVE('',#943,#951,#953,.T.);
#951 = VERTEX_POINT('',#952);
#952 = CARTESIAN_POINT('',(0.,2.,3.5));
#953 = LINE('',#954,#955);
#954 = CARTESIAN_POINT('',(0.,2.,0.));
#955 = VECTOR('',#956,1.);
#956 = DIRECTION('',(0.,0.,1.));
#957 = ORIENTED_EDGE('',*,*,#958,.T.);
#958 = EDGE_CURVE('',#951,#959,#961,.T.);
#959 = VERTEX_POINT('',#960);
#960 = CARTESIAN_POINT('',(0.,2.,4.3));
#961 = LINE('',#962,#963);
#962 = CARTESIAN_POINT('',(0.,2.,0.));
#963 = VECTOR('',#964,1.);
#964 = DIRECTION('',(0.,0.,1.));
#965 = ORIENTED_EDGE('',*,*,#966,.T.);
#966 = EDGE_CURVE('',#959,#967,#969,.T.);
#967 = VERTEX_POINT('',#968);
#968 = CARTESIAN_POINT('',(0.,2.,5.5));
#969 = LINE('',#970,#971);
#970 = CARTESIAN_POINT('',(0.,2.,0.));
#971 = VECTOR('',#972,1.);
#972 = DIRECTION('',(0.,0.,1.));
#973 = ORIENTED_EDGE('',*,*,#974,.T.);
#974 = EDGE_CURVE('',#967,#975,#977,.T.);
#975 = VERTEX_POINT('',#976);
#976 = CARTESIAN_POINT('',(0.,2.,6.3));
#977 = LINE('',#978,#979);
#978 = CARTESIAN_POINT('',(0.,2.,0.));
#979 = VECTOR('',#980,1.);
#980 = DIRECTION('',(0.,0.,1.));
#981 = ORIENTED_EDGE('',*,*,#982,.T.);
#982 = EDGE_CURVE('',#975,#983,#985,.T.);
#983 = VERTEX_POINT('',#984);
#984 = CARTESIAN_POINT('',(0.,2.,7.5));
#985 = LINE('',#986,#987);
#986 = CARTESIAN_POINT('',(0.,2.,0.));
#987 = VECTOR('',#988,1.);
#988 = DIRECTION('',(0.,0.,1.));
#989 = ORIENTED_EDGE('',*,*,#990,.T.);
#990 = EDGE_CURVE('',#983,#991,#993,.T.);
#991 = VERTEX_POINT('',#992);
#992 = CARTESIAN_POINT('',(0.,2.,8.3));
#993 = LINE('',#994,#995);
#994 = CARTESIAN_POINT('',(0.,2.,0.));
#995 = VECTOR('',#996,1.);
#996 = DIRECTION('',(0.,0.,1.));
#997 = ORIENTED_EDGE('',*,*,#998,.T.);
#998 = EDGE_CURVE('',#991,#467,#999,.T.);
#999 = LINE('',#1000,#1001);
#1000 = CARTESIAN_POINT('',(0.,2.,0.));
#1001 = VECTOR('',#1002,1.);
#1002 = DIRECTION('',(0.,0.,1.));
#1003 = ORIENTED_EDGE('',*,*,#466,.T.);
#1004 = ORIENTED_EDGE('',*,*,#522,.F.);
#1005 = ORIENTED_EDGE('',*,*,#410,.F.);
#1006 = PLANE('',#1007);
#1007 = AXIS2_PLACEMENT_3D('',#1008,#1009,#1010);
#1008 = CARTESIAN_POINT('',(0.,2.,0.));
#1009 = DIRECTION('',(-1.,0.,0.));
#1010 = DIRECTION('',(0.,1.,0.));
#1011 = ADVANCED_FACE('',(#1012),#1092,.T.);
#1012 = FACE_BOUND('',#1013,.T.);
#1013 = EDGE_LOOP('',(#1014,#1015,#1021,#1022,#1030,#1038,#1046,#1054,
    #1062,#1070,#1078,#1086));
#1014 = ORIENTED_EDGE('',*,*,#444,.F.);
#1015 = ORIENTED_EDGE('',*,*,#1016,.F.);
#1016 = EDGE_CURVE('',#260,#229,#1017,.T.);
#1017 = LINE('',#1018,#1019);
#1018 = CARTESIAN_POINT('',(3.,6.,0.));
#1019 = VECTOR('',#1020,1.);
#1020 = DIRECTION('',(0.,0.,-1.));
#1021 = ORIENTED_EDGE('',*,*,#500,.T.);
#1022 = ORIENTED_EDGE('',*,*,#1023,.F.);
#1023 = EDGE_CURVE('',#1024,#493,#1026,.T.);
#1024 = VERTEX_POINT('',#1025);
#1025 = CARTESIAN_POINT('',(3.,2.,8.3));
#1026 = LINE('',#1027,#1028);
#1027 = CARTESIAN_POINT('',(3.,2.,0.));
#1028 = VECTOR('',#1029,1.);
#1029 = DIRECTION('',(0.,0.,1.));
#1030 = ORIENTED_EDGE('',*,*,#1031,.F.);
#1031 = EDGE_CURVE('',#1032,#1024,#1034,.T.);
#1032 = VERTEX_POINT('',#1033);
#1033 = CARTESIAN_POINT('',(3.,2.,7.5));
#1034 = LINE('',#1035,#1036);
#1035 = CARTESIAN_POINT('',(3.,2.,0.));
#1036 = VECTOR('',#1037,1.);
#1037 = DIRECTION('',(0.,0.,1.));
#1038 = ORIENTED_EDGE('',*,*,#1039,.F.);
#1039 = EDGE_CURVE('',#1040,#1032,#1042,.T.);
#1040 = VERTEX_POINT('',#1041);
#1041 = CARTESIAN_POINT('',(3.,2.,6.3));
#1042 = LINE('',#1043,#1044);
#1043 = CARTESIAN_POINT('',(3.,2.,0.));
#1044 = VECTOR('',#1045,1.);
#1045 = DIRECTION('',(0.,0.,1.));
#1046 = ORIENTED_EDGE('',*,*,#1047,.F.);
#1047 = EDGE_CURVE('',#1048,#1040,#1050,.T.);
#1048 = VERTEX_POINT('',#1049);
#1049 = CARTESIAN_POINT('',(3.,2.,5.5));
#1050 = LINE('',#1051,#1052);
#1051 = CARTESIAN_POINT('',(3.,2.,0.));
#1052 = VECTOR('',#1053,1.);
#1053 = DIRECTION('',(0.,0.,1.));
#1054 = ORIENTED_EDGE('',*,*,#1055,.F.);
#1055 = EDGE_CURVE('',#1056,#1048,#1058,.T.);
#1056 = VERTEX_POINT('',#1057);
#1057 = CARTESIAN_POINT('',(3.,2.,4.3));
#1058 = LINE('',#1059,#1060);
#1059 = CARTESIAN_POINT('',(3.,2.,0.));
#1060 = VECTOR('',#1061,1.);
#1061 = DIRECTION('',(0.,0.,1.));
#1062 = ORIENTED_EDGE('',*,*,#1063,.F.);
#1063 = EDGE_CURVE('',#1064,#1056,#1066,.T.);
#1064 = VERTEX_POINT('',#1065);
#1065 = CARTESIAN_POINT('',(3.,2.,3.5));
#1066 = LINE('',#1067,#1068);
#1067 = CARTESIAN_POINT('',(3.,2.,0.));
#1068 = VECTOR('',#1069,1.);
#1069 = DIRECTION('',(0.,0.,1.));
#1070 = ORIENTED_EDGE('',*,*,#1071,.F.);
#1071 = EDGE_CURVE('',#1072,#1064,#1074,.T.);
#1072 = VERTEX_POINT('',#1073);
#1073 = CARTESIAN_POINT('',(3.,2.,2.3));
#1074 = LINE('',#1075,#1076);
#1075 = CARTESIAN_POINT('',(3.,2.,0.));
#1076 = VECTOR('',#1077,1.);
#1077 = DIRECTION('',(0.,0.,1.));
#1078 = ORIENTED_EDGE('',*,*,#1079,.F.);
#1079 = EDGE_CURVE('',#1080,#1072,#1082,.T.);
#1080 = VERTEX_POINT('',#1081);
#1081 = CARTESIAN_POINT('',(3.,2.,1.5));
#1082 = LINE('',#1083,#1084);
#1083 = CARTESIAN_POINT('',(3.,2.,0.));
#1084 = VECTOR('',#1085,1.);
#1085 = DIRECTION('',(0.,0.,1.));
#1086 = ORIENTED_EDGE('',*,*,#1087,.F.);
#1087 = EDGE_CURVE('',#437,#1080,#1088,.T.);
#1088 = LINE('',#1089,#1090);
#1089 = CARTESIAN_POINT('',(3.,2.,0.));
#1090 = VECTOR('',#1091,1.);
#1091 = DIRECTION('',(0.,0.,1.));
#1092 = PLANE('',#1093);
#1093 = AXIS2_PLACEMENT_3D('',#1094,#1095,#1096);
#1094 = CARTESIAN_POINT('',(3.,15.2,0.));
#1095 = DIRECTION('',(1.,0.,0.));
#1096 = DIRECTION('',(0.,-1.,0.));
#1097 = ADVANCED_FACE('',(#1098),#1116,.T.);
#1098 = FACE_BOUND('',#1099,.T.);
#1099 = EDGE_LOOP('',(#1100,#1101,#1102,#1110));
#1100 = ORIENTED_EDGE('',*,*,#436,.F.);
#1101 = ORIENTED_EDGE('',*,*,#1087,.T.);
#1102 = ORIENTED_EDGE('',*,*,#1103,.F.);
#1103 = EDGE_CURVE('',#1104,#1080,#1106,.T.);
#1104 = VERTEX_POINT('',#1105);
#1105 = CARTESIAN_POINT('',(1.15,2.,1.5));
#1106 = LINE('',#1107,#1108);
#1107 = CARTESIAN_POINT('',(0.,2.,1.5));
#1108 = VECTOR('',#1109,1.);
#1109 = DIRECTION('',(1.,0.,0.));
#1110 = ORIENTED_EDGE('',*,*,#1111,.F.);
#1111 = EDGE_CURVE('',#429,#1104,#1112,.T.);
#1112 = LINE('',#1113,#1114);
#1113 = CARTESIAN_POINT('',(1.15,2.,0.));
#1114 = VECTOR('',#1115,1.);
#1115 = DIRECTION('',(0.,0.,1.));
#1116 = PLANE('',#1117);
#1117 = AXIS2_PLACEMENT_3D('',#1118,#1119,#1120);
#1118 = CARTESIAN_POINT('',(3.,2.,0.));
#1119 = DIRECTION('',(0.,-1.,0.));
#1120 = DIRECTION('',(-1.,0.,0.));
#1121 = ADVANCED_FACE('',(#1122),#1140,.T.);
#1122 = FACE_BOUND('',#1123,.T.);
#1123 = EDGE_LOOP('',(#1124,#1132,#1133,#1134));
#1124 = ORIENTED_EDGE('',*,*,#1125,.F.);
#1125 = EDGE_CURVE('',#421,#1126,#1128,.T.);
#1126 = VERTEX_POINT('',#1127);
#1127 = CARTESIAN_POINT('',(0.75,2.,1.5));
#1128 = LINE('',#1129,#1130);
#1129 = CARTESIAN_POINT('',(0.75,2.,0.));
#1130 = VECTOR('',#1131,1.);
#1131 = DIRECTION('',(0.,0.,1.));
#1132 = ORIENTED_EDGE('',*,*,#428,.F.);
#1133 = ORIENTED_EDGE('',*,*,#1111,.T.);
#1134 = ORIENTED_EDGE('',*,*,#1135,.F.);
#1135 = EDGE_CURVE('',#1126,#1104,#1136,.T.);
#1136 = LINE('',#1137,#1138);
#1137 = CARTESIAN_POINT('',(0.,2.,1.5));
#1138 = VECTOR('',#1139,1.);
#1139 = DIRECTION('',(1.,0.,0.));
#1140 = PLANE('',#1141);
#1141 = AXIS2_PLACEMENT_3D('',#1142,#1143,#1144);
#1142 = CARTESIAN_POINT('',(0.,2.,0.));
#1143 = DIRECTION('',(0.,-1.,0.));
#1144 = DIRECTION('',(0.,0.,1.));
#1145 = ADVANCED_FACE('',(#1146),#1157,.T.);
#1146 = FACE_BOUND('',#1147,.T.);
#1147 = EDGE_LOOP('',(#1148,#1149,#1150,#1156));
#1148 = ORIENTED_EDGE('',*,*,#420,.F.);
#1149 = ORIENTED_EDGE('',*,*,#1125,.T.);
#1150 = ORIENTED_EDGE('',*,*,#1151,.F.);
#1151 = EDGE_CURVE('',#935,#1126,#1152,.T.);
#1152 = LINE('',#1153,#1154);
#1153 = CARTESIAN_POINT('',(0.,2.,1.5));
#1154 = VECTOR('',#1155,1.);
#1155 = DIRECTION('',(1.,0.,0.));
#1156 = ORIENTED_EDGE('',*,*,#934,.F.);
#1157 = PLANE('',#1158);
#1158 = AXIS2_PLACEMENT_3D('',#1159,#1160,#1161);
#1159 = CARTESIAN_POINT('',(3.,2.,0.));
#1160 = DIRECTION('',(0.,-1.,0.));
#1161 = DIRECTION('',(-1.,0.,0.));
#1162 = ADVANCED_FACE('',(#1163),#1181,.T.);
#1163 = FACE_BOUND('',#1164,.T.);
#1164 = EDGE_LOOP('',(#1165,#1173,#1174,#1175));
#1165 = ORIENTED_EDGE('',*,*,#1166,.T.);
#1166 = EDGE_CURVE('',#1167,#1024,#1169,.T.);
#1167 = VERTEX_POINT('',#1168);
#1168 = CARTESIAN_POINT('',(1.15,2.,8.3));
#1169 = LINE('',#1170,#1171);
#1170 = CARTESIAN_POINT('',(0.,2.,8.3));
#1171 = VECTOR('',#1172,1.);
#1172 = DIRECTION('',(1.,0.,0.));
#1173 = ORIENTED_EDGE('',*,*,#1023,.T.);
#1174 = ORIENTED_EDGE('',*,*,#492,.T.);
#1175 = ORIENTED_EDGE('',*,*,#1176,.F.);
#1176 = EDGE_CURVE('',#1167,#485,#1177,.T.);
#1177 = LINE('',#1178,#1179);
#1178 = CARTESIAN_POINT('',(1.15,2.,0.));
#1179 = VECTOR('',#1180,1.);
#1180 = DIRECTION('',(0.,0.,1.));
#1181 = PLANE('',#1182);
#1182 = AXIS2_PLACEMENT_3D('',#1183,#1184,#1185);
#1183 = CARTESIAN_POINT('',(3.,2.,0.));
#1184 = DIRECTION('',(0.,-1.,0.));
#1185 = DIRECTION('',(-1.,0.,0.));
#1186 = ADVANCED_FACE('',(#1187),#1205,.T.);
#1187 = FACE_BOUND('',#1188,.T.);
#1188 = EDGE_LOOP('',(#1189,#1197,#1203,#1204));
#1189 = ORIENTED_EDGE('',*,*,#1190,.F.);
#1190 = EDGE_CURVE('',#1191,#477,#1193,.T.);
#1191 = VERTEX_POINT('',#1192);
#1192 = CARTESIAN_POINT('',(0.75,2.,8.3));
#1193 = LINE('',#1194,#1195);
#1194 = CARTESIAN_POINT('',(0.75,2.,0.));
#1195 = VECTOR('',#1196,1.);
#1196 = DIRECTION('',(0.,0.,1.));
#1197 = ORIENTED_EDGE('',*,*,#1198,.T.);
#1198 = EDGE_CURVE('',#1191,#1167,#1199,.T.);
#1199 = LINE('',#1200,#1201);
#1200 = CARTESIAN_POINT('',(0.,2.,8.3));
#1201 = VECTOR('',#1202,1.);
#1202 = DIRECTION('',(1.,0.,0.));
#1203 = ORIENTED_EDGE('',*,*,#1176,.T.);
#1204 = ORIENTED_EDGE('',*,*,#484,.T.);
#1205 = PLANE('',#1206);
#1206 = AXIS2_PLACEMENT_3D('',#1207,#1208,#1209);
#1207 = CARTESIAN_POINT('',(0.,2.,8.3));
#1208 = DIRECTION('',(0.,-1.,0.));
#1209 = DIRECTION('',(0.,0.,1.));
#1210 = ADVANCED_FACE('',(#1211),#1222,.T.);
#1211 = FACE_BOUND('',#1212,.T.);
#1212 = EDGE_LOOP('',(#1213,#1219,#1220,#1221));
#1213 = ORIENTED_EDGE('',*,*,#1214,.T.);
#1214 = EDGE_CURVE('',#991,#1191,#1215,.T.);
#1215 = LINE('',#1216,#1217);
#1216 = CARTESIAN_POINT('',(0.,2.,8.3));
#1217 = VECTOR('',#1218,1.);
#1218 = DIRECTION('',(1.,0.,0.));
#1219 = ORIENTED_EDGE('',*,*,#1190,.T.);
#1220 = ORIENTED_EDGE('',*,*,#476,.T.);
#1221 = ORIENTED_EDGE('',*,*,#998,.F.);
#1222 = PLANE('',#1223);
#1223 = AXIS2_PLACEMENT_3D('',#1224,#1225,#1226);
#1224 = CARTESIAN_POINT('',(3.,2.,0.));
#1225 = DIRECTION('',(0.,-1.,0.));
#1226 = DIRECTION('',(-1.,0.,0.));
#1227 = ADVANCED_FACE('',(#1228),#1239,.F.);
#1228 = FACE_BOUND('',#1229,.F.);
#1229 = EDGE_LOOP('',(#1230,#1231,#1237,#1238));
#1230 = ORIENTED_EDGE('',*,*,#539,.F.);
#1231 = ORIENTED_EDGE('',*,*,#1232,.T.);
#1232 = EDGE_CURVE('',#540,#571,#1233,.T.);
#1233 = LINE('',#1234,#1235);
#1234 = CARTESIAN_POINT('',(6.3,11.,0.));
#1235 = VECTOR('',#1236,1.);
#1236 = DIRECTION('',(0.,0.,1.));
#1237 = ORIENTED_EDGE('',*,*,#570,.T.);
#1238 = ORIENTED_EDGE('',*,*,#901,.F.);
#1239 = PLANE('',#1240);
#1240 = AXIS2_PLACEMENT_3D('',#1241,#1242,#1243);
#1241 = CARTESIAN_POINT('',(6.3,11.,0.));
#1242 = DIRECTION('',(0.,-1.,0.));
#1243 = DIRECTION('',(-1.,0.,0.));
#1244 = ADVANCED_FACE('',(#1245),#1256,.F.);
#1245 = FACE_BOUND('',#1246,.F.);
#1246 = EDGE_LOOP('',(#1247,#1253,#1254,#1255));
#1247 = ORIENTED_EDGE('',*,*,#1248,.T.);
#1248 = EDGE_CURVE('',#549,#580,#1249,.T.);
#1249 = LINE('',#1250,#1251);
#1250 = CARTESIAN_POINT('',(6.3,6.,0.));
#1251 = VECTOR('',#1252,1.);
#1252 = DIRECTION('',(0.,0.,1.));
#1253 = ORIENTED_EDGE('',*,*,#587,.T.);
#1254 = ORIENTED_EDGE('',*,*,#1232,.F.);
#1255 = ORIENTED_EDGE('',*,*,#556,.F.);
#1256 = PLANE('',#1257);
#1257 = AXIS2_PLACEMENT_3D('',#1258,#1259,#1260);
#1258 = CARTESIAN_POINT('',(6.3,6.,0.));
#1259 = DIRECTION('',(-1.,0.,0.));
#1260 = DIRECTION('',(0.,1.,0.));
#1261 = ADVANCED_FACE('',(#1262),#1268,.F.);
#1262 = FACE_BOUND('',#1263,.F.);
#1263 = EDGE_LOOP('',(#1264,#1265,#1266,#1267));
#1264 = ORIENTED_EDGE('',*,*,#548,.F.);
#1265 = ORIENTED_EDGE('',*,*,#1016,.F.);
#1266 = ORIENTED_EDGE('',*,*,#579,.T.);
#1267 = ORIENTED_EDGE('',*,*,#1248,.F.);
#1268 = PLANE('',#1269);
#1269 = AXIS2_PLACEMENT_3D('',#1270,#1271,#1272);
#1270 = CARTESIAN_POINT('',(1.3,6.,0.));
#1271 = DIRECTION('',(0.,1.,0.));
#1272 = DIRECTION('',(1.,0.,0.));
#1273 = ADVANCED_FACE('',(#1274),#1349,.T.);
#1274 = FACE_BOUND('',#1275,.F.);
#1275 = EDGE_LOOP('',(#1276,#1277,#1278,#1279,#1287,#1295,#1303,#1311,
    #1319,#1327,#1335,#1343));
#1276 = ORIENTED_EDGE('',*,*,#724,.F.);
#1277 = ORIENTED_EDGE('',*,*,#758,.T.);
#1278 = ORIENTED_EDGE('',*,*,#774,.F.);
#1279 = ORIENTED_EDGE('',*,*,#1280,.F.);
#1280 = EDGE_CURVE('',#1281,#775,#1283,.T.);
#1281 = VERTEX_POINT('',#1282);
#1282 = CARTESIAN_POINT('',(1.15,15.2,1.5));
#1283 = LINE('',#1284,#1285);
#1284 = CARTESIAN_POINT('',(0.,15.2,1.5));
#1285 = VECTOR('',#1286,1.);
#1286 = DIRECTION('',(1.,0.,0.));
#1287 = ORIENTED_EDGE('',*,*,#1288,.T.);
#1288 = EDGE_CURVE('',#1281,#1289,#1291,.T.);
#1289 = VERTEX_POINT('',#1290);
#1290 = CARTESIAN_POINT('',(1.15,15.532651553101,1.5));
#1291 = LINE('',#1292,#1293);
#1292 = CARTESIAN_POINT('',(1.15,15.,1.5));
#1293 = VECTOR('',#1294,1.);
#1294 = DIRECTION('',(0.,1.,-4.440892098501E-16));
#1295 = ORIENTED_EDGE('',*,*,#1296,.T.);
#1296 = EDGE_CURVE('',#1289,#1297,#1299,.T.);
#1297 = VERTEX_POINT('',#1298);
#1298 = CARTESIAN_POINT('',(0.4,16.182651553101,1.5));
#1299 = LINE('',#1300,#1301);
#1300 = CARTESIAN_POINT('',(0.953448036618,15.702996588032,1.5));
#1301 = VECTOR('',#1302,1.);
#1302 = DIRECTION('',(-0.75568908279,0.654930538418,-2.908475853127E-16)
  );
#1303 = ORIENTED_EDGE('',*,*,#1304,.T.);
#1304 = EDGE_CURVE('',#1297,#1305,#1307,.T.);
#1305 = VERTEX_POINT('',#1306);
#1306 = CARTESIAN_POINT('',(0.4,17.,1.5));
#1307 = LINE('',#1308,#1309);
#1308 = CARTESIAN_POINT('',(0.4,15.59132577655,1.5));
#1309 = VECTOR('',#1310,1.);
#1310 = DIRECTION('',(0.,1.,-4.440892098501E-16));
#1311 = ORIENTED_EDGE('',*,*,#1312,.F.);
#1312 = EDGE_CURVE('',#1313,#1305,#1315,.T.);
#1313 = VERTEX_POINT('',#1314);
#1314 = CARTESIAN_POINT('',(0.,17.,1.5));
#1315 = LINE('',#1316,#1317);
#1316 = CARTESIAN_POINT('',(0.,17.,1.5));
#1317 = VECTOR('',#1318,1.);
#1318 = DIRECTION('',(1.,0.,0.));
#1319 = ORIENTED_EDGE('',*,*,#1320,.F.);
#1320 = EDGE_CURVE('',#1321,#1313,#1323,.T.);
#1321 = VERTEX_POINT('',#1322);
#1322 = CARTESIAN_POINT('',(0.,16.,1.5));
#1323 = LINE('',#1324,#1325);
#1324 = CARTESIAN_POINT('',(0.,15.,1.5));
#1325 = VECTOR('',#1326,1.);
#1326 = DIRECTION('',(0.,1.,-4.440892098501E-16));
#1327 = ORIENTED_EDGE('',*,*,#1328,.T.);
#1328 = EDGE_CURVE('',#1321,#1329,#1331,.T.);
#1329 = VERTEX_POINT('',#1330);
#1330 = CARTESIAN_POINT('',(0.75,15.35,1.5));
#1331 = LINE('',#1332,#1333);
#1332 = CARTESIAN_POINT('',(0.247461928934,15.785532994924,1.5));
#1333 = VECTOR('',#1334,1.);
#1334 = DIRECTION('',(0.75568908279,-0.654930538418,2.908475853127E-16)
  );
#1335 = ORIENTED_EDGE('',*,*,#1336,.T.);
#1336 = EDGE_CURVE('',#1329,#1337,#1339,.T.);
#1337 = VERTEX_POINT('',#1338);
#1338 = CARTESIAN_POINT('',(0.75,15.2,1.5));
#1339 = LINE('',#1340,#1341);
#1340 = CARTESIAN_POINT('',(0.75,15.175,1.5));
#1341 = VECTOR('',#1342,1.);
#1342 = DIRECTION('',(0.,-1.,4.440892098501E-16));
#1343 = ORIENTED_EDGE('',*,*,#1344,.F.);
#1344 = EDGE_CURVE('',#717,#1337,#1345,.T.);
#1345 = LINE('',#1346,#1347);
#1346 = CARTESIAN_POINT('',(0.,15.2,1.5));
#1347 = VECTOR('',#1348,1.);
#1348 = DIRECTION('',(1.,0.,0.));
#1349 = PLANE('',#1350);
#1350 = AXIS2_PLACEMENT_3D('',#1351,#1352,#1353);
#1351 = CARTESIAN_POINT('',(0.,15.,1.5));
#1352 = DIRECTION('',(-0.,-4.440892098501E-16,-1.));
#1353 = DIRECTION('',(0.,-1.,4.440892098501E-16));
#1354 = ADVANCED_FACE('',(#1355),#1373,.T.);
#1355 = FACE_BOUND('',#1356,.T.);
#1356 = EDGE_LOOP('',(#1357,#1358,#1359,#1367));
#1357 = ORIENTED_EDGE('',*,*,#1344,.F.);
#1358 = ORIENTED_EDGE('',*,*,#716,.T.);
#1359 = ORIENTED_EDGE('',*,*,#1360,.F.);
#1360 = EDGE_CURVE('',#1361,#709,#1363,.T.);
#1361 = VERTEX_POINT('',#1362);
#1362 = CARTESIAN_POINT('',(0.75,15.2,2.3));
#1363 = LINE('',#1364,#1365);
#1364 = CARTESIAN_POINT('',(0.,15.2,2.3));
#1365 = VECTOR('',#1366,1.);
#1366 = DIRECTION('',(-1.,0.,0.));
#1367 = ORIENTED_EDGE('',*,*,#1368,.T.);
#1368 = EDGE_CURVE('',#1361,#1337,#1369,.T.);
#1369 = LINE('',#1370,#1371);
#1370 = CARTESIAN_POINT('',(0.75,15.2,-1.409983241274E-15));
#1371 = VECTOR('',#1372,1.);
#1372 = DIRECTION('',(0.,0.,-1.));
#1373 = PLANE('',#1374);
#1374 = AXIS2_PLACEMENT_3D('',#1375,#1376,#1377);
#1375 = CARTESIAN_POINT('',(0.,15.2,0.));
#1376 = DIRECTION('',(0.,1.,0.));
#1377 = DIRECTION('',(1.,0.,0.));
#1378 = ADVANCED_FACE('',(#1379),#1452,.T.);
#1379 = FACE_BOUND('',#1380,.F.);
#1380 = EDGE_LOOP('',(#1381,#1391,#1399,#1407,#1415,#1423,#1429,#1430,
    #1436,#1437,#1438,#1446));
#1381 = ORIENTED_EDGE('',*,*,#1382,.F.);
#1382 = EDGE_CURVE('',#1383,#1385,#1387,.T.);
#1383 = VERTEX_POINT('',#1384);
#1384 = CARTESIAN_POINT('',(0.,17.,2.3));
#1385 = VERTEX_POINT('',#1386);
#1386 = CARTESIAN_POINT('',(0.,16.,2.3));
#1387 = LINE('',#1388,#1389);
#1388 = CARTESIAN_POINT('',(0.,17.,2.3));
#1389 = VECTOR('',#1390,1.);
#1390 = DIRECTION('',(0.,-1.,4.440892098501E-16));
#1391 = ORIENTED_EDGE('',*,*,#1392,.T.);
#1392 = EDGE_CURVE('',#1383,#1393,#1395,.T.);
#1393 = VERTEX_POINT('',#1394);
#1394 = CARTESIAN_POINT('',(0.4,17.,2.3));
#1395 = LINE('',#1396,#1397);
#1396 = CARTESIAN_POINT('',(0.,17.,2.3));
#1397 = VECTOR('',#1398,1.);
#1398 = DIRECTION('',(1.,0.,0.));
#1399 = ORIENTED_EDGE('',*,*,#1400,.T.);
#1400 = EDGE_CURVE('',#1393,#1401,#1403,.T.);
#1401 = VERTEX_POINT('',#1402);
#1402 = CARTESIAN_POINT('',(0.4,16.182651553101,2.3));
#1403 = LINE('',#1404,#1405);
#1404 = CARTESIAN_POINT('',(0.4,16.59132577655,2.3));
#1405 = VECTOR('',#1406,1.);
#1406 = DIRECTION('',(0.,-1.,4.440892098501E-16));
#1407 = ORIENTED_EDGE('',*,*,#1408,.T.);
#1408 = EDGE_CURVE('',#1401,#1409,#1411,.T.);
#1409 = VERTEX_POINT('',#1410);
#1410 = CARTESIAN_POINT('',(1.15,15.532651553101,2.3));
#1411 = LINE('',#1412,#1413);
#1412 = CARTESIAN_POINT('',(0.45852417875,16.131930598184,2.3));
#1413 = VECTOR('',#1414,1.);
#1414 = DIRECTION('',(0.75568908279,-0.654930538418,2.908475853127E-16)
  );
#1415 = ORIENTED_EDGE('',*,*,#1416,.T.);
#1416 = EDGE_CURVE('',#1409,#1417,#1419,.T.);
#1417 = VERTEX_POINT('',#1418);
#1418 = CARTESIAN_POINT('',(1.15,15.2,2.3));
#1419 = LINE('',#1420,#1421);
#1420 = CARTESIAN_POINT('',(1.15,16.,2.3));
#1421 = VECTOR('',#1422,1.);
#1422 = DIRECTION('',(0.,-1.,4.440892098501E-16));
#1423 = ORIENTED_EDGE('',*,*,#1424,.F.);
#1424 = EDGE_CURVE('',#783,#1417,#1425,.T.);
#1425 = LINE('',#1426,#1427);
#1426 = CARTESIAN_POINT('',(0.,15.2,2.3));
#1427 = VECTOR('',#1428,1.);
#1428 = DIRECTION('',(-1.,0.,0.));
#1429 = ORIENTED_EDGE('',*,*,#790,.F.);
#1430 = ORIENTED_EDGE('',*,*,#1431,.F.);
#1431 = EDGE_CURVE('',#701,#791,#1432,.T.);
#1432 = LINE('',#1433,#1434);
#1433 = CARTESIAN_POINT('',(0.,15.,2.3));
#1434 = VECTOR('',#1435,1.);
#1435 = DIRECTION('',(1.,0.,0.));
#1436 = ORIENTED_EDGE('',*,*,#708,.F.);
#1437 = ORIENTED_EDGE('',*,*,#1360,.F.);
#1438 = ORIENTED_EDGE('',*,*,#1439,.T.);
#1439 = EDGE_CURVE('',#1361,#1440,#1442,.T.);
#1440 = VERTEX_POINT('',#1441);
#1441 = CARTESIAN_POINT('',(0.75,15.35,2.3));
#1442 = LINE('',#1443,#1444);
#1443 = CARTESIAN_POINT('',(0.75,16.175,2.3));
#1444 = VECTOR('',#1445,1.);
#1445 = DIRECTION('',(0.,1.,-4.440892098501E-16));
#1446 = ORIENTED_EDGE('',*,*,#1447,.T.);
#1447 = EDGE_CURVE('',#1440,#1385,#1448,.T.);
#1448 = LINE('',#1449,#1450);
#1449 = CARTESIAN_POINT('',(-0.247461928934,16.214467005076,2.3));
#1450 = VECTOR('',#1451,1.);
#1451 = DIRECTION('',(-0.75568908279,0.654930538418,-2.908475853127E-16)
  );
#1452 = PLANE('',#1453);
#1453 = AXIS2_PLACEMENT_3D('',#1454,#1455,#1456);
#1454 = CARTESIAN_POINT('',(0.,17.,2.3));
#1455 = DIRECTION('',(0.,4.440892098501E-16,1.));
#1456 = DIRECTION('',(0.,1.,-4.440892098501E-16));
#1457 = ADVANCED_FACE('',(#1458),#1469,.T.);
#1458 = FACE_BOUND('',#1459,.F.);
#1459 = EDGE_LOOP('',(#1460,#1461,#1462,#1463));
#1460 = ORIENTED_EDGE('',*,*,#700,.F.);
#1461 = ORIENTED_EDGE('',*,*,#1431,.T.);
#1462 = ORIENTED_EDGE('',*,*,#798,.F.);
#1463 = ORIENTED_EDGE('',*,*,#1464,.F.);
#1464 = EDGE_CURVE('',#693,#799,#1465,.T.);
#1465 = LINE('',#1466,#1467);
#1466 = CARTESIAN_POINT('',(0.,15.,3.5));
#1467 = VECTOR('',#1468,1.);
#1468 = DIRECTION('',(1.,0.,0.));
#1469 = PLANE('',#1470);
#1470 = AXIS2_PLACEMENT_3D('',#1471,#1472,#1473);
#1471 = CARTESIAN_POINT('',(0.,15.,2.3));
#1472 = DIRECTION('',(0.,1.,-4.440892098501E-16));
#1473 = DIRECTION('',(-0.,-4.440892098501E-16,-1.));
#1474 = ADVANCED_FACE('',(#1475),#1550,.T.);
#1475 = FACE_BOUND('',#1476,.F.);
#1476 = EDGE_LOOP('',(#1477,#1478,#1479,#1480,#1488,#1496,#1504,#1512,
    #1520,#1528,#1536,#1544));
#1477 = ORIENTED_EDGE('',*,*,#692,.F.);
#1478 = ORIENTED_EDGE('',*,*,#1464,.T.);
#1479 = ORIENTED_EDGE('',*,*,#806,.F.);
#1480 = ORIENTED_EDGE('',*,*,#1481,.F.);
#1481 = EDGE_CURVE('',#1482,#807,#1484,.T.);
#1482 = VERTEX_POINT('',#1483);
#1483 = CARTESIAN_POINT('',(1.15,15.2,3.5));
#1484 = LINE('',#1485,#1486);
#1485 = CARTESIAN_POINT('',(0.,15.2,3.5));
#1486 = VECTOR('',#1487,1.);
#1487 = DIRECTION('',(1.,0.,0.));
#1488 = ORIENTED_EDGE('',*,*,#1489,.T.);
#1489 = EDGE_CURVE('',#1482,#1490,#1492,.T.);
#1490 = VERTEX_POINT('',#1491);
#1491 = CARTESIAN_POINT('',(1.15,15.532651553101,3.5));
#1492 = LINE('',#1493,#1494);
#1493 = CARTESIAN_POINT('',(1.15,15.,3.5));
#1494 = VECTOR('',#1495,1.);
#1495 = DIRECTION('',(0.,1.,-4.440892098501E-16));
#1496 = ORIENTED_EDGE('',*,*,#1497,.T.);
#1497 = EDGE_CURVE('',#1490,#1498,#1500,.T.);
#1498 = VERTEX_POINT('',#1499);
#1499 = CARTESIAN_POINT('',(0.4,16.182651553101,3.5));
#1500 = LINE('',#1501,#1502);
#1501 = CARTESIAN_POINT('',(0.953448036618,15.702996588032,3.5));
#1502 = VECTOR('',#1503,1.);
#1503 = DIRECTION('',(-0.75568908279,0.654930538418,-2.908475853127E-16)
  );
#1504 = ORIENTED_EDGE('',*,*,#1505,.T.);
#1505 = EDGE_CURVE('',#1498,#1506,#1508,.T.);
#1506 = VERTEX_POINT('',#1507);
#1507 = CARTESIAN_POINT('',(0.4,17.,3.5));
#1508 = LINE('',#1509,#1510);
#1509 = CARTESIAN_POINT('',(0.4,15.59132577655,3.5));
#1510 = VECTOR('',#1511,1.);
#1511 = DIRECTION('',(0.,1.,-4.440892098501E-16));
#1512 = ORIENTED_EDGE('',*,*,#1513,.F.);
#1513 = EDGE_CURVE('',#1514,#1506,#1516,.T.);
#1514 = VERTEX_POINT('',#1515);
#1515 = CARTESIAN_POINT('',(0.,17.,3.5));
#1516 = LINE('',#1517,#1518);
#1517 = CARTESIAN_POINT('',(0.,17.,3.5));
#1518 = VECTOR('',#1519,1.);
#1519 = DIRECTION('',(1.,0.,0.));
#1520 = ORIENTED_EDGE('',*,*,#1521,.F.);
#1521 = EDGE_CURVE('',#1522,#1514,#1524,.T.);
#1522 = VERTEX_POINT('',#1523);
#1523 = CARTESIAN_POINT('',(0.,16.,3.5));
#1524 = LINE('',#1525,#1526);
#1525 = CARTESIAN_POINT('',(0.,15.,3.5));
#1526 = VECTOR('',#1527,1.);
#1527 = DIRECTION('',(0.,1.,-4.440892098501E-16));
#1528 = ORIENTED_EDGE('',*,*,#1529,.T.);
#1529 = EDGE_CURVE('',#1522,#1530,#1532,.T.);
#1530 = VERTEX_POINT('',#1531);
#1531 = CARTESIAN_POINT('',(0.75,15.35,3.5));
#1532 = LINE('',#1533,#1534);
#1533 = CARTESIAN_POINT('',(0.247461928934,15.785532994924,3.5));
#1534 = VECTOR('',#1535,1.);
#1535 = DIRECTION('',(0.75568908279,-0.654930538418,2.908475853127E-16)
  );
#1536 = ORIENTED_EDGE('',*,*,#1537,.T.);
#1537 = EDGE_CURVE('',#1530,#1538,#1540,.T.);
#1538 = VERTEX_POINT('',#1539);
#1539 = CARTESIAN_POINT('',(0.75,15.2,3.5));
#1540 = LINE('',#1541,#1542);
#1541 = CARTESIAN_POINT('',(0.75,15.175,3.5));
#1542 = VECTOR('',#1543,1.);
#1543 = DIRECTION('',(0.,-1.,4.440892098501E-16));
#1544 = ORIENTED_EDGE('',*,*,#1545,.F.);
#1545 = EDGE_CURVE('',#685,#1538,#1546,.T.);
#1546 = LINE('',#1547,#1548);
#1547 = CARTESIAN_POINT('',(0.,15.2,3.5));
#1548 = VECTOR('',#1549,1.);
#1549 = DIRECTION('',(1.,0.,0.));
#1550 = PLANE('',#1551);
#1551 = AXIS2_PLACEMENT_3D('',#1552,#1553,#1554);
#1552 = CARTESIAN_POINT('',(0.,15.,3.5));
#1553 = DIRECTION('',(-0.,-4.440892098501E-16,-1.));
#1554 = DIRECTION('',(0.,-1.,4.440892098501E-16));
#1555 = ADVANCED_FACE('',(#1556),#1574,.T.);
#1556 = FACE_BOUND('',#1557,.T.);
#1557 = EDGE_LOOP('',(#1558,#1559,#1560,#1568));
#1558 = ORIENTED_EDGE('',*,*,#1545,.F.);
#1559 = ORIENTED_EDGE('',*,*,#684,.T.);
#1560 = ORIENTED_EDGE('',*,*,#1561,.F.);
#1561 = EDGE_CURVE('',#1562,#677,#1564,.T.);
#1562 = VERTEX_POINT('',#1563);
#1563 = CARTESIAN_POINT('',(0.75,15.2,4.3));
#1564 = LINE('',#1565,#1566);
#1565 = CARTESIAN_POINT('',(0.,15.2,4.3));
#1566 = VECTOR('',#1567,1.);
#1567 = DIRECTION('',(-1.,0.,0.));
#1568 = ORIENTED_EDGE('',*,*,#1569,.T.);
#1569 = EDGE_CURVE('',#1562,#1538,#1570,.T.);
#1570 = LINE('',#1571,#1572);
#1571 = CARTESIAN_POINT('',(0.75,15.2,-1.409983241274E-15));
#1572 = VECTOR('',#1573,1.);
#1573 = DIRECTION('',(0.,0.,-1.));
#1574 = PLANE('',#1575);
#1575 = AXIS2_PLACEMENT_3D('',#1576,#1577,#1578);
#1576 = CARTESIAN_POINT('',(0.,15.2,0.));
#1577 = DIRECTION('',(0.,1.,0.));
#1578 = DIRECTION('',(1.,0.,0.));
#1579 = ADVANCED_FACE('',(#1580),#1653,.T.);
#1580 = FACE_BOUND('',#1581,.F.);
#1581 = EDGE_LOOP('',(#1582,#1592,#1600,#1608,#1616,#1624,#1630,#1631,
    #1637,#1638,#1639,#1647));
#1582 = ORIENTED_EDGE('',*,*,#1583,.F.);
#1583 = EDGE_CURVE('',#1584,#1586,#1588,.T.);
#1584 = VERTEX_POINT('',#1585);
#1585 = CARTESIAN_POINT('',(0.,17.,4.3));
#1586 = VERTEX_POINT('',#1587);
#1587 = CARTESIAN_POINT('',(0.,16.,4.3));
#1588 = LINE('',#1589,#1590);
#1589 = CARTESIAN_POINT('',(0.,17.,4.3));
#1590 = VECTOR('',#1591,1.);
#1591 = DIRECTION('',(0.,-1.,4.440892098501E-16));
#1592 = ORIENTED_EDGE('',*,*,#1593,.T.);
#1593 = EDGE_CURVE('',#1584,#1594,#1596,.T.);
#1594 = VERTEX_POINT('',#1595);
#1595 = CARTESIAN_POINT('',(0.4,17.,4.3));
#1596 = LINE('',#1597,#1598);
#1597 = CARTESIAN_POINT('',(0.,17.,4.3));
#1598 = VECTOR('',#1599,1.);
#1599 = DIRECTION('',(1.,0.,0.));
#1600 = ORIENTED_EDGE('',*,*,#1601,.T.);
#1601 = EDGE_CURVE('',#1594,#1602,#1604,.T.);
#1602 = VERTEX_POINT('',#1603);
#1603 = CARTESIAN_POINT('',(0.4,16.182651553101,4.3));
#1604 = LINE('',#1605,#1606);
#1605 = CARTESIAN_POINT('',(0.4,16.59132577655,4.3));
#1606 = VECTOR('',#1607,1.);
#1607 = DIRECTION('',(0.,-1.,4.440892098501E-16));
#1608 = ORIENTED_EDGE('',*,*,#1609,.T.);
#1609 = EDGE_CURVE('',#1602,#1610,#1612,.T.);
#1610 = VERTEX_POINT('',#1611);
#1611 = CARTESIAN_POINT('',(1.15,15.532651553101,4.3));
#1612 = LINE('',#1613,#1614);
#1613 = CARTESIAN_POINT('',(0.45852417875,16.131930598184,4.3));
#1614 = VECTOR('',#1615,1.);
#1615 = DIRECTION('',(0.75568908279,-0.654930538418,2.908475853127E-16)
  );
#1616 = ORIENTED_EDGE('',*,*,#1617,.T.);
#1617 = EDGE_CURVE('',#1610,#1618,#1620,.T.);
#1618 = VERTEX_POINT('',#1619);
#1619 = CARTESIAN_POINT('',(1.15,15.2,4.3));
#1620 = LINE('',#1621,#1622);
#1621 = CARTESIAN_POINT('',(1.15,16.,4.3));
#1622 = VECTOR('',#1623,1.);
#1623 = DIRECTION('',(0.,-1.,4.440892098501E-16));
#1624 = ORIENTED_EDGE('',*,*,#1625,.F.);
#1625 = EDGE_CURVE('',#815,#1618,#1626,.T.);
#1626 = LINE('',#1627,#1628);
#1627 = CARTESIAN_POINT('',(0.,15.2,4.3));
#1628 = VECTOR('',#1629,1.);
#1629 = DIRECTION('',(-1.,0.,0.));
#1630 = ORIENTED_EDGE('',*,*,#822,.F.);
#1631 = ORIENTED_EDGE('',*,*,#1632,.F.);
#1632 = EDGE_CURVE('',#669,#823,#1633,.T.);
#1633 = LINE('',#1634,#1635);
#1634 = CARTESIAN_POINT('',(0.,15.,4.3));
#1635 = VECTOR('',#1636,1.);
#1636 = DIRECTION('',(1.,0.,0.));
#1637 = ORIENTED_EDGE('',*,*,#676,.F.);
#1638 = ORIENTED_EDGE('',*,*,#1561,.F.);
#1639 = ORIENTED_EDGE('',*,*,#1640,.T.);
#1640 = EDGE_CURVE('',#1562,#1641,#1643,.T.);
#1641 = VERTEX_POINT('',#1642);
#1642 = CARTESIAN_POINT('',(0.75,15.35,4.3));
#1643 = LINE('',#1644,#1645);
#1644 = CARTESIAN_POINT('',(0.75,16.175,4.3));
#1645 = VECTOR('',#1646,1.);
#1646 = DIRECTION('',(0.,1.,-4.440892098501E-16));
#1647 = ORIENTED_EDGE('',*,*,#1648,.T.);
#1648 = EDGE_CURVE('',#1641,#1586,#1649,.T.);
#1649 = LINE('',#1650,#1651);
#1650 = CARTESIAN_POINT('',(-0.247461928934,16.214467005076,4.3));
#1651 = VECTOR('',#1652,1.);
#1652 = DIRECTION('',(-0.75568908279,0.654930538418,-2.908475853127E-16)
  );
#1653 = PLANE('',#1654);
#1654 = AXIS2_PLACEMENT_3D('',#1655,#1656,#1657);
#1655 = CARTESIAN_POINT('',(0.,17.,4.3));
#1656 = DIRECTION('',(0.,4.440892098501E-16,1.));
#1657 = DIRECTION('',(0.,1.,-4.440892098501E-16));
#1658 = ADVANCED_FACE('',(#1659),#1670,.T.);
#1659 = FACE_BOUND('',#1660,.F.);
#1660 = EDGE_LOOP('',(#1661,#1662,#1663,#1664));
#1661 = ORIENTED_EDGE('',*,*,#668,.F.);
#1662 = ORIENTED_EDGE('',*,*,#1632,.T.);
#1663 = ORIENTED_EDGE('',*,*,#830,.F.);
#1664 = ORIENTED_EDGE('',*,*,#1665,.F.);
#1665 = EDGE_CURVE('',#661,#831,#1666,.T.);
#1666 = LINE('',#1667,#1668);
#1667 = CARTESIAN_POINT('',(0.,15.,5.5));
#1668 = VECTOR('',#1669,1.);
#1669 = DIRECTION('',(1.,0.,0.));
#1670 = PLANE('',#1671);
#1671 = AXIS2_PLACEMENT_3D('',#1672,#1673,#1674);
#1672 = CARTESIAN_POINT('',(0.,15.,4.3));
#1673 = DIRECTION('',(0.,1.,-4.440892098501E-16));
#1674 = DIRECTION('',(-0.,-4.440892098501E-16,-1.));
#1675 = ADVANCED_FACE('',(#1676),#1751,.T.);
#1676 = FACE_BOUND('',#1677,.F.);
#1677 = EDGE_LOOP('',(#1678,#1679,#1680,#1681,#1689,#1697,#1705,#1713,
    #1721,#1729,#1737,#1745));
#1678 = ORIENTED_EDGE('',*,*,#660,.F.);
#1679 = ORIENTED_EDGE('',*,*,#1665,.T.);
#1680 = ORIENTED_EDGE('',*,*,#838,.F.);
#1681 = ORIENTED_EDGE('',*,*,#1682,.F.);
#1682 = EDGE_CURVE('',#1683,#839,#1685,.T.);
#1683 = VERTEX_POINT('',#1684);
#1684 = CARTESIAN_POINT('',(1.15,15.2,5.5));
#1685 = LINE('',#1686,#1687);
#1686 = CARTESIAN_POINT('',(0.,15.2,5.5));
#1687 = VECTOR('',#1688,1.);
#1688 = DIRECTION('',(1.,0.,0.));
#1689 = ORIENTED_EDGE('',*,*,#1690,.T.);
#1690 = EDGE_CURVE('',#1683,#1691,#1693,.T.);
#1691 = VERTEX_POINT('',#1692);
#1692 = CARTESIAN_POINT('',(1.15,15.532651553101,5.5));
#1693 = LINE('',#1694,#1695);
#1694 = CARTESIAN_POINT('',(1.15,15.,5.5));
#1695 = VECTOR('',#1696,1.);
#1696 = DIRECTION('',(0.,1.,-4.440892098501E-16));
#1697 = ORIENTED_EDGE('',*,*,#1698,.T.);
#1698 = EDGE_CURVE('',#1691,#1699,#1701,.T.);
#1699 = VERTEX_POINT('',#1700);
#1700 = CARTESIAN_POINT('',(0.4,16.182651553101,5.5));
#1701 = LINE('',#1702,#1703);
#1702 = CARTESIAN_POINT('',(0.953448036618,15.702996588032,5.5));
#1703 = VECTOR('',#1704,1.);
#1704 = DIRECTION('',(-0.75568908279,0.654930538418,-2.908475853127E-16)
  );
#1705 = ORIENTED_EDGE('',*,*,#1706,.T.);
#1706 = EDGE_CURVE('',#1699,#1707,#1709,.T.);
#1707 = VERTEX_POINT('',#1708);
#1708 = CARTESIAN_POINT('',(0.4,17.,5.5));
#1709 = LINE('',#1710,#1711);
#1710 = CARTESIAN_POINT('',(0.4,15.59132577655,5.5));
#1711 = VECTOR('',#1712,1.);
#1712 = DIRECTION('',(0.,1.,-4.440892098501E-16));
#1713 = ORIENTED_EDGE('',*,*,#1714,.F.);
#1714 = EDGE_CURVE('',#1715,#1707,#1717,.T.);
#1715 = VERTEX_POINT('',#1716);
#1716 = CARTESIAN_POINT('',(0.,17.,5.5));
#1717 = LINE('',#1718,#1719);
#1718 = CARTESIAN_POINT('',(0.,17.,5.5));
#1719 = VECTOR('',#1720,1.);
#1720 = DIRECTION('',(1.,0.,0.));
#1721 = ORIENTED_EDGE('',*,*,#1722,.F.);
#1722 = EDGE_CURVE('',#1723,#1715,#1725,.T.);
#1723 = VERTEX_POINT('',#1724);
#1724 = CARTESIAN_POINT('',(0.,16.,5.5));
#1725 = LINE('',#1726,#1727);
#1726 = CARTESIAN_POINT('',(0.,15.,5.5));
#1727 = VECTOR('',#1728,1.);
#1728 = DIRECTION('',(0.,1.,-4.440892098501E-16));
#1729 = ORIENTED_EDGE('',*,*,#1730,.T.);
#1730 = EDGE_CURVE('',#1723,#1731,#1733,.T.);
#1731 = VERTEX_POINT('',#1732);
#1732 = CARTESIAN_POINT('',(0.75,15.35,5.5));
#1733 = LINE('',#1734,#1735);
#1734 = CARTESIAN_POINT('',(0.247461928934,15.785532994924,5.5));
#1735 = VECTOR('',#1736,1.);
#1736 = DIRECTION('',(0.75568908279,-0.654930538418,2.908475853127E-16)
  );
#1737 = ORIENTED_EDGE('',*,*,#1738,.T.);
#1738 = EDGE_CURVE('',#1731,#1739,#1741,.T.);
#1739 = VERTEX_POINT('',#1740);
#1740 = CARTESIAN_POINT('',(0.75,15.2,5.5));
#1741 = LINE('',#1742,#1743);
#1742 = CARTESIAN_POINT('',(0.75,15.175,5.5));
#1743 = VECTOR('',#1744,1.);
#1744 = DIRECTION('',(0.,-1.,4.440892098501E-16));
#1745 = ORIENTED_EDGE('',*,*,#1746,.F.);
#1746 = EDGE_CURVE('',#653,#1739,#1747,.T.);
#1747 = LINE('',#1748,#1749);
#1748 = CARTESIAN_POINT('',(0.,15.2,5.5));
#1749 = VECTOR('',#1750,1.);
#1750 = DIRECTION('',(1.,0.,0.));
#1751 = PLANE('',#1752);
#1752 = AXIS2_PLACEMENT_3D('',#1753,#1754,#1755);
#1753 = CARTESIAN_POINT('',(0.,15.,5.5));
#1754 = DIRECTION('',(-0.,-4.440892098501E-16,-1.));
#1755 = DIRECTION('',(0.,-1.,4.440892098501E-16));
#1756 = ADVANCED_FACE('',(#1757),#1775,.T.);
#1757 = FACE_BOUND('',#1758,.T.);
#1758 = EDGE_LOOP('',(#1759,#1760,#1761,#1769));
#1759 = ORIENTED_EDGE('',*,*,#1746,.F.);
#1760 = ORIENTED_EDGE('',*,*,#652,.T.);
#1761 = ORIENTED_EDGE('',*,*,#1762,.F.);
#1762 = EDGE_CURVE('',#1763,#645,#1765,.T.);
#1763 = VERTEX_POINT('',#1764);
#1764 = CARTESIAN_POINT('',(0.75,15.2,6.3));
#1765 = LINE('',#1766,#1767);
#1766 = CARTESIAN_POINT('',(0.,15.2,6.3));
#1767 = VECTOR('',#1768,1.);
#1768 = DIRECTION('',(-1.,0.,0.));
#1769 = ORIENTED_EDGE('',*,*,#1770,.T.);
#1770 = EDGE_CURVE('',#1763,#1739,#1771,.T.);
#1771 = LINE('',#1772,#1773);
#1772 = CARTESIAN_POINT('',(0.75,15.2,-1.409983241274E-15));
#1773 = VECTOR('',#1774,1.);
#1774 = DIRECTION('',(0.,0.,-1.));
#1775 = PLANE('',#1776);
#1776 = AXIS2_PLACEMENT_3D('',#1777,#1778,#1779);
#1777 = CARTESIAN_POINT('',(0.,15.2,0.));
#1778 = DIRECTION('',(0.,1.,0.));
#1779 = DIRECTION('',(1.,0.,0.));
#1780 = ADVANCED_FACE('',(#1781),#1854,.T.);
#1781 = FACE_BOUND('',#1782,.F.);
#1782 = EDGE_LOOP('',(#1783,#1793,#1801,#1809,#1817,#1825,#1831,#1832,
    #1838,#1839,#1840,#1848));
#1783 = ORIENTED_EDGE('',*,*,#1784,.F.);
#1784 = EDGE_CURVE('',#1785,#1787,#1789,.T.);
#1785 = VERTEX_POINT('',#1786);
#1786 = CARTESIAN_POINT('',(0.,17.,6.3));
#1787 = VERTEX_POINT('',#1788);
#1788 = CARTESIAN_POINT('',(0.,16.,6.3));
#1789 = LINE('',#1790,#1791);
#1790 = CARTESIAN_POINT('',(0.,17.,6.3));
#1791 = VECTOR('',#1792,1.);
#1792 = DIRECTION('',(0.,-1.,4.440892098501E-16));
#1793 = ORIENTED_EDGE('',*,*,#1794,.T.);
#1794 = EDGE_CURVE('',#1785,#1795,#1797,.T.);
#1795 = VERTEX_POINT('',#1796);
#1796 = CARTESIAN_POINT('',(0.4,17.,6.3));
#1797 = LINE('',#1798,#1799);
#1798 = CARTESIAN_POINT('',(0.,17.,6.3));
#1799 = VECTOR('',#1800,1.);
#1800 = DIRECTION('',(1.,0.,0.));
#1801 = ORIENTED_EDGE('',*,*,#1802,.T.);
#1802 = EDGE_CURVE('',#1795,#1803,#1805,.T.);
#1803 = VERTEX_POINT('',#1804);
#1804 = CARTESIAN_POINT('',(0.4,16.182651553101,6.3));
#1805 = LINE('',#1806,#1807);
#1806 = CARTESIAN_POINT('',(0.4,16.59132577655,6.3));
#1807 = VECTOR('',#1808,1.);
#1808 = DIRECTION('',(0.,-1.,4.440892098501E-16));
#1809 = ORIENTED_EDGE('',*,*,#1810,.T.);
#1810 = EDGE_CURVE('',#1803,#1811,#1813,.T.);
#1811 = VERTEX_POINT('',#1812);
#1812 = CARTESIAN_POINT('',(1.15,15.532651553101,6.3));
#1813 = LINE('',#1814,#1815);
#1814 = CARTESIAN_POINT('',(0.45852417875,16.131930598184,6.3));
#1815 = VECTOR('',#1816,1.);
#1816 = DIRECTION('',(0.75568908279,-0.654930538418,2.908475853127E-16)
  );
#1817 = ORIENTED_EDGE('',*,*,#1818,.T.);
#1818 = EDGE_CURVE('',#1811,#1819,#1821,.T.);
#1819 = VERTEX_POINT('',#1820);
#1820 = CARTESIAN_POINT('',(1.15,15.2,6.3));
#1821 = LINE('',#1822,#1823);
#1822 = CARTESIAN_POINT('',(1.15,16.,6.3));
#1823 = VECTOR('',#1824,1.);
#1824 = DIRECTION('',(0.,-1.,4.440892098501E-16));
#1825 = ORIENTED_EDGE('',*,*,#1826,.F.);
#1826 = EDGE_CURVE('',#847,#1819,#1827,.T.);
#1827 = LINE('',#1828,#1829);
#1828 = CARTESIAN_POINT('',(0.,15.2,6.3));
#1829 = VECTOR('',#1830,1.);
#1830 = DIRECTION('',(-1.,0.,0.));
#1831 = ORIENTED_EDGE('',*,*,#854,.F.);
#1832 = ORIENTED_EDGE('',*,*,#1833,.F.);
#1833 = EDGE_CURVE('',#637,#855,#1834,.T.);
#1834 = LINE('',#1835,#1836);
#1835 = CARTESIAN_POINT('',(0.,15.,6.3));
#1836 = VECTOR('',#1837,1.);
#1837 = DIRECTION('',(1.,0.,0.));
#1838 = ORIENTED_EDGE('',*,*,#644,.F.);
#1839 = ORIENTED_EDGE('',*,*,#1762,.F.);
#1840 = ORIENTED_EDGE('',*,*,#1841,.T.);
#1841 = EDGE_CURVE('',#1763,#1842,#1844,.T.);
#1842 = VERTEX_POINT('',#1843);
#1843 = CARTESIAN_POINT('',(0.75,15.35,6.3));
#1844 = LINE('',#1845,#1846);
#1845 = CARTESIAN_POINT('',(0.75,16.175,6.3));
#1846 = VECTOR('',#1847,1.);
#1847 = DIRECTION('',(0.,1.,-4.440892098501E-16));
#1848 = ORIENTED_EDGE('',*,*,#1849,.T.);
#1849 = EDGE_CURVE('',#1842,#1787,#1850,.T.);
#1850 = LINE('',#1851,#1852);
#1851 = CARTESIAN_POINT('',(-0.247461928934,16.214467005076,6.3));
#1852 = VECTOR('',#1853,1.);
#1853 = DIRECTION('',(-0.75568908279,0.654930538418,-2.908475853127E-16)
  );
#1854 = PLANE('',#1855);
#1855 = AXIS2_PLACEMENT_3D('',#1856,#1857,#1858);
#1856 = CARTESIAN_POINT('',(0.,17.,6.3));
#1857 = DIRECTION('',(0.,4.440892098501E-16,1.));
#1858 = DIRECTION('',(0.,1.,-4.440892098501E-16));
#1859 = ADVANCED_FACE('',(#1860),#1871,.T.);
#1860 = FACE_BOUND('',#1861,.F.);
#1861 = EDGE_LOOP('',(#1862,#1863,#1864,#1865));
#1862 = ORIENTED_EDGE('',*,*,#636,.F.);
#1863 = ORIENTED_EDGE('',*,*,#1833,.T.);
#1864 = ORIENTED_EDGE('',*,*,#862,.F.);
#1865 = ORIENTED_EDGE('',*,*,#1866,.F.);
#1866 = EDGE_CURVE('',#629,#863,#1867,.T.);
#1867 = LINE('',#1868,#1869);
#1868 = CARTESIAN_POINT('',(0.,15.,7.5));
#1869 = VECTOR('',#1870,1.);
#1870 = DIRECTION('',(1.,0.,0.));
#1871 = PLANE('',#1872);
#1872 = AXIS2_PLACEMENT_3D('',#1873,#1874,#1875);
#1873 = CARTESIAN_POINT('',(0.,15.,6.3));
#1874 = DIRECTION('',(0.,1.,-4.440892098501E-16));
#1875 = DIRECTION('',(-0.,-4.440892098501E-16,-1.));
#1876 = ADVANCED_FACE('',(#1877),#1952,.T.);
#1877 = FACE_BOUND('',#1878,.F.);
#1878 = EDGE_LOOP('',(#1879,#1880,#1881,#1882,#1890,#1898,#1906,#1914,
    #1922,#1930,#1938,#1946));
#1879 = ORIENTED_EDGE('',*,*,#628,.F.);
#1880 = ORIENTED_EDGE('',*,*,#1866,.T.);
#1881 = ORIENTED_EDGE('',*,*,#870,.F.);
#1882 = ORIENTED_EDGE('',*,*,#1883,.F.);
#1883 = EDGE_CURVE('',#1884,#871,#1886,.T.);
#1884 = VERTEX_POINT('',#1885);
#1885 = CARTESIAN_POINT('',(1.15,15.2,7.5));
#1886 = LINE('',#1887,#1888);
#1887 = CARTESIAN_POINT('',(0.,15.2,7.5));
#1888 = VECTOR('',#1889,1.);
#1889 = DIRECTION('',(1.,0.,0.));
#1890 = ORIENTED_EDGE('',*,*,#1891,.T.);
#1891 = EDGE_CURVE('',#1884,#1892,#1894,.T.);
#1892 = VERTEX_POINT('',#1893);
#1893 = CARTESIAN_POINT('',(1.15,15.532651553101,7.5));
#1894 = LINE('',#1895,#1896);
#1895 = CARTESIAN_POINT('',(1.15,15.,7.5));
#1896 = VECTOR('',#1897,1.);
#1897 = DIRECTION('',(0.,1.,-4.440892098501E-16));
#1898 = ORIENTED_EDGE('',*,*,#1899,.T.);
#1899 = EDGE_CURVE('',#1892,#1900,#1902,.T.);
#1900 = VERTEX_POINT('',#1901);
#1901 = CARTESIAN_POINT('',(0.4,16.182651553101,7.5));
#1902 = LINE('',#1903,#1904);
#1903 = CARTESIAN_POINT('',(0.953448036618,15.702996588032,7.5));
#1904 = VECTOR('',#1905,1.);
#1905 = DIRECTION('',(-0.75568908279,0.654930538418,-2.908475853127E-16)
  );
#1906 = ORIENTED_EDGE('',*,*,#1907,.T.);
#1907 = EDGE_CURVE('',#1900,#1908,#1910,.T.);
#1908 = VERTEX_POINT('',#1909);
#1909 = CARTESIAN_POINT('',(0.4,17.,7.5));
#1910 = LINE('',#1911,#1912);
#1911 = CARTESIAN_POINT('',(0.4,15.59132577655,7.5));
#1912 = VECTOR('',#1913,1.);
#1913 = DIRECTION('',(0.,1.,-4.440892098501E-16));
#1914 = ORIENTED_EDGE('',*,*,#1915,.F.);
#1915 = EDGE_CURVE('',#1916,#1908,#1918,.T.);
#1916 = VERTEX_POINT('',#1917);
#1917 = CARTESIAN_POINT('',(0.,17.,7.5));
#1918 = LINE('',#1919,#1920);
#1919 = CARTESIAN_POINT('',(0.,17.,7.5));
#1920 = VECTOR('',#1921,1.);
#1921 = DIRECTION('',(1.,0.,0.));
#1922 = ORIENTED_EDGE('',*,*,#1923,.F.);
#1923 = EDGE_CURVE('',#1924,#1916,#1926,.T.);
#1924 = VERTEX_POINT('',#1925);
#1925 = CARTESIAN_POINT('',(0.,16.,7.5));
#1926 = LINE('',#1927,#1928);
#1927 = CARTESIAN_POINT('',(0.,15.,7.5));
#1928 = VECTOR('',#1929,1.);
#1929 = DIRECTION('',(0.,1.,-4.440892098501E-16));
#1930 = ORIENTED_EDGE('',*,*,#1931,.T.);
#1931 = EDGE_CURVE('',#1924,#1932,#1934,.T.);
#1932 = VERTEX_POINT('',#1933);
#1933 = CARTESIAN_POINT('',(0.75,15.35,7.5));
#1934 = LINE('',#1935,#1936);
#1935 = CARTESIAN_POINT('',(0.247461928934,15.785532994924,7.5));
#1936 = VECTOR('',#1937,1.);
#1937 = DIRECTION('',(0.75568908279,-0.654930538418,2.908475853127E-16)
  );
#1938 = ORIENTED_EDGE('',*,*,#1939,.T.);
#1939 = EDGE_CURVE('',#1932,#1940,#1942,.T.);
#1940 = VERTEX_POINT('',#1941);
#1941 = CARTESIAN_POINT('',(0.75,15.2,7.5));
#1942 = LINE('',#1943,#1944);
#1943 = CARTESIAN_POINT('',(0.75,15.175,7.5));
#1944 = VECTOR('',#1945,1.);
#1945 = DIRECTION('',(0.,-1.,4.440892098501E-16));
#1946 = ORIENTED_EDGE('',*,*,#1947,.F.);
#1947 = EDGE_CURVE('',#621,#1940,#1948,.T.);
#1948 = LINE('',#1949,#1950);
#1949 = CARTESIAN_POINT('',(0.,15.2,7.5));
#1950 = VECTOR('',#1951,1.);
#1951 = DIRECTION('',(1.,0.,0.));
#1952 = PLANE('',#1953);
#1953 = AXIS2_PLACEMENT_3D('',#1954,#1955,#1956);
#1954 = CARTESIAN_POINT('',(0.,15.,7.5));
#1955 = DIRECTION('',(-0.,-4.440892098501E-16,-1.));
#1956 = DIRECTION('',(0.,-1.,4.440892098501E-16));
#1957 = ADVANCED_FACE('',(#1958),#1976,.T.);
#1958 = FACE_BOUND('',#1959,.T.);
#1959 = EDGE_LOOP('',(#1960,#1961,#1962,#1970));
#1960 = ORIENTED_EDGE('',*,*,#1947,.F.);
#1961 = ORIENTED_EDGE('',*,*,#620,.T.);
#1962 = ORIENTED_EDGE('',*,*,#1963,.F.);
#1963 = EDGE_CURVE('',#1964,#613,#1966,.T.);
#1964 = VERTEX_POINT('',#1965);
#1965 = CARTESIAN_POINT('',(0.75,15.2,8.3));
#1966 = LINE('',#1967,#1968);
#1967 = CARTESIAN_POINT('',(0.,15.2,8.3));
#1968 = VECTOR('',#1969,1.);
#1969 = DIRECTION('',(-1.,0.,0.));
#1970 = ORIENTED_EDGE('',*,*,#1971,.T.);
#1971 = EDGE_CURVE('',#1964,#1940,#1972,.T.);
#1972 = LINE('',#1973,#1974);
#1973 = CARTESIAN_POINT('',(0.75,15.2,-1.409983241274E-15));
#1974 = VECTOR('',#1975,1.);
#1975 = DIRECTION('',(0.,0.,-1.));
#1976 = PLANE('',#1977);
#1977 = AXIS2_PLACEMENT_3D('',#1978,#1979,#1980);
#1978 = CARTESIAN_POINT('',(0.,15.2,0.));
#1979 = DIRECTION('',(0.,1.,0.));
#1980 = DIRECTION('',(1.,0.,0.));
#1981 = ADVANCED_FACE('',(#1982),#2050,.T.);
#1982 = FACE_BOUND('',#1983,.F.);
#1983 = EDGE_LOOP('',(#1984,#1994,#2002,#2010,#2018,#2026,#2032,#2033,
    #2034,#2035,#2036,#2044));
#1984 = ORIENTED_EDGE('',*,*,#1985,.F.);
#1985 = EDGE_CURVE('',#1986,#1988,#1990,.T.);
#1986 = VERTEX_POINT('',#1987);
#1987 = CARTESIAN_POINT('',(0.,17.,8.3));
#1988 = VERTEX_POINT('',#1989);
#1989 = CARTESIAN_POINT('',(0.,16.,8.3));
#1990 = LINE('',#1991,#1992);
#1991 = CARTESIAN_POINT('',(0.,17.,8.3));
#1992 = VECTOR('',#1993,1.);
#1993 = DIRECTION('',(0.,-1.,4.440892098501E-16));
#1994 = ORIENTED_EDGE('',*,*,#1995,.T.);
#1995 = EDGE_CURVE('',#1986,#1996,#1998,.T.);
#1996 = VERTEX_POINT('',#1997);
#1997 = CARTESIAN_POINT('',(0.4,17.,8.3));
#1998 = LINE('',#1999,#2000);
#1999 = CARTESIAN_POINT('',(0.,17.,8.3));
#2000 = VECTOR('',#2001,1.);
#2001 = DIRECTION('',(1.,0.,0.));
#2002 = ORIENTED_EDGE('',*,*,#2003,.T.);
#2003 = EDGE_CURVE('',#1996,#2004,#2006,.T.);
#2004 = VERTEX_POINT('',#2005);
#2005 = CARTESIAN_POINT('',(0.4,16.182651553101,8.3));
#2006 = LINE('',#2007,#2008);
#2007 = CARTESIAN_POINT('',(0.4,16.59132577655,8.3));
#2008 = VECTOR('',#2009,1.);
#2009 = DIRECTION('',(0.,-1.,4.440892098501E-16));
#2010 = ORIENTED_EDGE('',*,*,#2011,.T.);
#2011 = EDGE_CURVE('',#2004,#2012,#2014,.T.);
#2012 = VERTEX_POINT('',#2013);
#2013 = CARTESIAN_POINT('',(1.15,15.532651553101,8.3));
#2014 = LINE('',#2015,#2016);
#2015 = CARTESIAN_POINT('',(0.45852417875,16.131930598184,8.3));
#2016 = VECTOR('',#2017,1.);
#2017 = DIRECTION('',(0.75568908279,-0.654930538418,2.908475853127E-16)
  );
#2018 = ORIENTED_EDGE('',*,*,#2019,.T.);
#2019 = EDGE_CURVE('',#2012,#2020,#2022,.T.);
#2020 = VERTEX_POINT('',#2021);
#2021 = CARTESIAN_POINT('',(1.15,15.2,8.3));
#2022 = LINE('',#2023,#2024);
#2023 = CARTESIAN_POINT('',(1.15,16.,8.3));
#2024 = VECTOR('',#2025,1.);
#2025 = DIRECTION('',(0.,-1.,4.440892098501E-16));
#2026 = ORIENTED_EDGE('',*,*,#2027,.F.);
#2027 = EDGE_CURVE('',#879,#2020,#2028,.T.);
#2028 = LINE('',#2029,#2030);
#2029 = CARTESIAN_POINT('',(0.,15.2,8.3));
#2030 = VECTOR('',#2031,1.);
#2031 = DIRECTION('',(-1.,0.,0.));
#2032 = ORIENTED_EDGE('',*,*,#886,.F.);
#2033 = ORIENTED_EDGE('',*,*,#916,.F.);
#2034 = ORIENTED_EDGE('',*,*,#612,.F.);
#2035 = ORIENTED_EDGE('',*,*,#1963,.F.);
#2036 = ORIENTED_EDGE('',*,*,#2037,.T.);
#2037 = EDGE_CURVE('',#1964,#2038,#2040,.T.);
#2038 = VERTEX_POINT('',#2039);
#2039 = CARTESIAN_POINT('',(0.75,15.35,8.3));
#2040 = LINE('',#2041,#2042);
#2041 = CARTESIAN_POINT('',(0.75,16.175,8.3));
#2042 = VECTOR('',#2043,1.);
#2043 = DIRECTION('',(0.,1.,-4.440892098501E-16));
#2044 = ORIENTED_EDGE('',*,*,#2045,.T.);
#2045 = EDGE_CURVE('',#2038,#1988,#2046,.T.);
#2046 = LINE('',#2047,#2048);
#2047 = CARTESIAN_POINT('',(-0.247461928934,16.214467005076,8.3));
#2048 = VECTOR('',#2049,1.);
#2049 = DIRECTION('',(-0.75568908279,0.654930538418,-2.908475853127E-16)
  );
#2050 = PLANE('',#2051);
#2051 = AXIS2_PLACEMENT_3D('',#2052,#2053,#2054);
#2052 = CARTESIAN_POINT('',(0.,17.,8.3));
#2053 = DIRECTION('',(0.,4.440892098501E-16,1.));
#2054 = DIRECTION('',(0.,1.,-4.440892098501E-16));
#2055 = ADVANCED_FACE('',(#2056),#2067,.T.);
#2056 = FACE_BOUND('',#2057,.T.);
#2057 = EDGE_LOOP('',(#2058,#2059,#2065,#2066));
#2058 = ORIENTED_EDGE('',*,*,#1883,.F.);
#2059 = ORIENTED_EDGE('',*,*,#2060,.T.);
#2060 = EDGE_CURVE('',#1884,#2020,#2061,.T.);
#2061 = LINE('',#2062,#2063);
#2062 = CARTESIAN_POINT('',(1.15,15.2,-1.33226762955E-15));
#2063 = VECTOR('',#2064,1.);
#2064 = DIRECTION('',(0.,0.,1.));
#2065 = ORIENTED_EDGE('',*,*,#2027,.F.);
#2066 = ORIENTED_EDGE('',*,*,#878,.F.);
#2067 = PLANE('',#2068);
#2068 = AXIS2_PLACEMENT_3D('',#2069,#2070,#2071);
#2069 = CARTESIAN_POINT('',(0.,15.2,0.));
#2070 = DIRECTION('',(0.,1.,0.));
#2071 = DIRECTION('',(1.,0.,0.));
#2072 = ADVANCED_FACE('',(#2073),#2084,.T.);
#2073 = FACE_BOUND('',#2074,.T.);
#2074 = EDGE_LOOP('',(#2075,#2076,#2082,#2083));
#2075 = ORIENTED_EDGE('',*,*,#1682,.F.);
#2076 = ORIENTED_EDGE('',*,*,#2077,.T.);
#2077 = EDGE_CURVE('',#1683,#1819,#2078,.T.);
#2078 = LINE('',#2079,#2080);
#2079 = CARTESIAN_POINT('',(1.15,15.2,-1.33226762955E-15));
#2080 = VECTOR('',#2081,1.);
#2081 = DIRECTION('',(0.,0.,1.));
#2082 = ORIENTED_EDGE('',*,*,#1826,.F.);
#2083 = ORIENTED_EDGE('',*,*,#846,.F.);
#2084 = PLANE('',#2085);
#2085 = AXIS2_PLACEMENT_3D('',#2086,#2087,#2088);
#2086 = CARTESIAN_POINT('',(0.,15.2,0.));
#2087 = DIRECTION('',(0.,1.,0.));
#2088 = DIRECTION('',(1.,0.,0.));
#2089 = ADVANCED_FACE('',(#2090),#2101,.T.);
#2090 = FACE_BOUND('',#2091,.T.);
#2091 = EDGE_LOOP('',(#2092,#2093,#2099,#2100));
#2092 = ORIENTED_EDGE('',*,*,#1481,.F.);
#2093 = ORIENTED_EDGE('',*,*,#2094,.T.);
#2094 = EDGE_CURVE('',#1482,#1618,#2095,.T.);
#2095 = LINE('',#2096,#2097);
#2096 = CARTESIAN_POINT('',(1.15,15.2,-1.33226762955E-15));
#2097 = VECTOR('',#2098,1.);
#2098 = DIRECTION('',(0.,0.,1.));
#2099 = ORIENTED_EDGE('',*,*,#1625,.F.);
#2100 = ORIENTED_EDGE('',*,*,#814,.F.);
#2101 = PLANE('',#2102);
#2102 = AXIS2_PLACEMENT_3D('',#2103,#2104,#2105);
#2103 = CARTESIAN_POINT('',(0.,15.2,0.));
#2104 = DIRECTION('',(0.,1.,0.));
#2105 = DIRECTION('',(1.,0.,0.));
#2106 = ADVANCED_FACE('',(#2107),#2118,.T.);
#2107 = FACE_BOUND('',#2108,.T.);
#2108 = EDGE_LOOP('',(#2109,#2110,#2116,#2117));
#2109 = ORIENTED_EDGE('',*,*,#1280,.F.);
#2110 = ORIENTED_EDGE('',*,*,#2111,.T.);
#2111 = EDGE_CURVE('',#1281,#1417,#2112,.T.);
#2112 = LINE('',#2113,#2114);
#2113 = CARTESIAN_POINT('',(1.15,15.2,-1.33226762955E-15));
#2114 = VECTOR('',#2115,1.);
#2115 = DIRECTION('',(0.,0.,1.));
#2116 = ORIENTED_EDGE('',*,*,#1424,.F.);
#2117 = ORIENTED_EDGE('',*,*,#782,.F.);
#2118 = PLANE('',#2119);
#2119 = AXIS2_PLACEMENT_3D('',#2120,#2121,#2122);
#2120 = CARTESIAN_POINT('',(0.,15.2,0.));
#2121 = DIRECTION('',(0.,1.,0.));
#2122 = DIRECTION('',(1.,0.,0.));
#2123 = ADVANCED_FACE('',(#2124),#2142,.T.);
#2124 = FACE_BOUND('',#2125,.T.);
#2125 = EDGE_LOOP('',(#2126,#2127,#2135,#2141));
#2126 = ORIENTED_EDGE('',*,*,#1151,.T.);
#2127 = ORIENTED_EDGE('',*,*,#2128,.T.);
#2128 = EDGE_CURVE('',#1126,#2129,#2131,.T.);
#2129 = VERTEX_POINT('',#2130);
#2130 = CARTESIAN_POINT('',(0.75,2.,2.3));
#2131 = LINE('',#2132,#2133);
#2132 = CARTESIAN_POINT('',(0.75,2.,0.));
#2133 = VECTOR('',#2134,1.);
#2134 = DIRECTION('',(0.,0.,1.));
#2135 = ORIENTED_EDGE('',*,*,#2136,.F.);
#2136 = EDGE_CURVE('',#943,#2129,#2137,.T.);
#2137 = LINE('',#2138,#2139);
#2138 = CARTESIAN_POINT('',(0.,2.,2.3));
#2139 = VECTOR('',#2140,1.);
#2140 = DIRECTION('',(1.,0.,0.));
#2141 = ORIENTED_EDGE('',*,*,#942,.F.);
#2142 = PLANE('',#2143);
#2143 = AXIS2_PLACEMENT_3D('',#2144,#2145,#2146);
#2144 = CARTESIAN_POINT('',(3.,2.,0.));
#2145 = DIRECTION('',(0.,-1.,0.));
#2146 = DIRECTION('',(-1.,0.,0.));
#2147 = ADVANCED_FACE('',(#2148),#2166,.T.);
#2148 = FACE_BOUND('',#2149,.T.);
#2149 = EDGE_LOOP('',(#2150,#2151,#2159,#2165));
#2150 = ORIENTED_EDGE('',*,*,#2136,.T.);
#2151 = ORIENTED_EDGE('',*,*,#2152,.T.);
#2152 = EDGE_CURVE('',#2129,#2153,#2155,.T.);
#2153 = VERTEX_POINT('',#2154);
#2154 = CARTESIAN_POINT('',(0.75,2.,3.5));
#2155 = LINE('',#2156,#2157);
#2156 = CARTESIAN_POINT('',(0.75,2.,0.));
#2157 = VECTOR('',#2158,1.);
#2158 = DIRECTION('',(0.,0.,1.));
#2159 = ORIENTED_EDGE('',*,*,#2160,.F.);
#2160 = EDGE_CURVE('',#951,#2153,#2161,.T.);
#2161 = LINE('',#2162,#2163);
#2162 = CARTESIAN_POINT('',(0.,2.,3.5));
#2163 = VECTOR('',#2164,1.);
#2164 = DIRECTION('',(1.,0.,0.));
#2165 = ORIENTED_EDGE('',*,*,#950,.F.);
#2166 = PLANE('',#2167);
#2167 = AXIS2_PLACEMENT_3D('',#2168,#2169,#2170);
#2168 = CARTESIAN_POINT('',(3.,2.,0.));
#2169 = DIRECTION('',(0.,-1.,0.));
#2170 = DIRECTION('',(-1.,0.,0.));
#2171 = ADVANCED_FACE('',(#2172),#2190,.T.);
#2172 = FACE_BOUND('',#2173,.T.);
#2173 = EDGE_LOOP('',(#2174,#2175,#2183,#2189));
#2174 = ORIENTED_EDGE('',*,*,#2160,.T.);
#2175 = ORIENTED_EDGE('',*,*,#2176,.T.);
#2176 = EDGE_CURVE('',#2153,#2177,#2179,.T.);
#2177 = VERTEX_POINT('',#2178);
#2178 = CARTESIAN_POINT('',(0.75,2.,4.3));
#2179 = LINE('',#2180,#2181);
#2180 = CARTESIAN_POINT('',(0.75,2.,0.));
#2181 = VECTOR('',#2182,1.);
#2182 = DIRECTION('',(0.,0.,1.));
#2183 = ORIENTED_EDGE('',*,*,#2184,.F.);
#2184 = EDGE_CURVE('',#959,#2177,#2185,.T.);
#2185 = LINE('',#2186,#2187);
#2186 = CARTESIAN_POINT('',(0.,2.,4.3));
#2187 = VECTOR('',#2188,1.);
#2188 = DIRECTION('',(1.,0.,0.));
#2189 = ORIENTED_EDGE('',*,*,#958,.F.);
#2190 = PLANE('',#2191);
#2191 = AXIS2_PLACEMENT_3D('',#2192,#2193,#2194);
#2192 = CARTESIAN_POINT('',(3.,2.,0.));
#2193 = DIRECTION('',(0.,-1.,0.));
#2194 = DIRECTION('',(-1.,0.,0.));
#2195 = ADVANCED_FACE('',(#2196),#2214,.T.);
#2196 = FACE_BOUND('',#2197,.T.);
#2197 = EDGE_LOOP('',(#2198,#2199,#2207,#2213));
#2198 = ORIENTED_EDGE('',*,*,#2184,.T.);
#2199 = ORIENTED_EDGE('',*,*,#2200,.T.);
#2200 = EDGE_CURVE('',#2177,#2201,#2203,.T.);
#2201 = VERTEX_POINT('',#2202);
#2202 = CARTESIAN_POINT('',(0.75,2.,5.5));
#2203 = LINE('',#2204,#2205);
#2204 = CARTESIAN_POINT('',(0.75,2.,0.));
#2205 = VECTOR('',#2206,1.);
#2206 = DIRECTION('',(0.,0.,1.));
#2207 = ORIENTED_EDGE('',*,*,#2208,.F.);
#2208 = EDGE_CURVE('',#967,#2201,#2209,.T.);
#2209 = LINE('',#2210,#2211);
#2210 = CARTESIAN_POINT('',(0.,2.,5.5));
#2211 = VECTOR('',#2212,1.);
#2212 = DIRECTION('',(1.,0.,0.));
#2213 = ORIENTED_EDGE('',*,*,#966,.F.);
#2214 = PLANE('',#2215);
#2215 = AXIS2_PLACEMENT_3D('',#2216,#2217,#2218);
#2216 = CARTESIAN_POINT('',(3.,2.,0.));
#2217 = DIRECTION('',(0.,-1.,0.));
#2218 = DIRECTION('',(-1.,0.,0.));
#2219 = ADVANCED_FACE('',(#2220),#2238,.T.);
#2220 = FACE_BOUND('',#2221,.T.);
#2221 = EDGE_LOOP('',(#2222,#2223,#2231,#2237));
#2222 = ORIENTED_EDGE('',*,*,#2208,.T.);
#2223 = ORIENTED_EDGE('',*,*,#2224,.T.);
#2224 = EDGE_CURVE('',#2201,#2225,#2227,.T.);
#2225 = VERTEX_POINT('',#2226);
#2226 = CARTESIAN_POINT('',(0.75,2.,6.3));
#2227 = LINE('',#2228,#2229);
#2228 = CARTESIAN_POINT('',(0.75,2.,0.));
#2229 = VECTOR('',#2230,1.);
#2230 = DIRECTION('',(0.,0.,1.));
#2231 = ORIENTED_EDGE('',*,*,#2232,.F.);
#2232 = EDGE_CURVE('',#975,#2225,#2233,.T.);
#2233 = LINE('',#2234,#2235);
#2234 = CARTESIAN_POINT('',(0.,2.,6.3));
#2235 = VECTOR('',#2236,1.);
#2236 = DIRECTION('',(1.,0.,0.));
#2237 = ORIENTED_EDGE('',*,*,#974,.F.);
#2238 = PLANE('',#2239);
#2239 = AXIS2_PLACEMENT_3D('',#2240,#2241,#2242);
#2240 = CARTESIAN_POINT('',(3.,2.,0.));
#2241 = DIRECTION('',(0.,-1.,0.));
#2242 = DIRECTION('',(-1.,0.,0.));
#2243 = ADVANCED_FACE('',(#2244),#2262,.T.);
#2244 = FACE_BOUND('',#2245,.T.);
#2245 = EDGE_LOOP('',(#2246,#2247,#2255,#2261));
#2246 = ORIENTED_EDGE('',*,*,#2232,.T.);
#2247 = ORIENTED_EDGE('',*,*,#2248,.T.);
#2248 = EDGE_CURVE('',#2225,#2249,#2251,.T.);
#2249 = VERTEX_POINT('',#2250);
#2250 = CARTESIAN_POINT('',(0.75,2.,7.5));
#2251 = LINE('',#2252,#2253);
#2252 = CARTESIAN_POINT('',(0.75,2.,0.));
#2253 = VECTOR('',#2254,1.);
#2254 = DIRECTION('',(0.,0.,1.));
#2255 = ORIENTED_EDGE('',*,*,#2256,.F.);
#2256 = EDGE_CURVE('',#983,#2249,#2257,.T.);
#2257 = LINE('',#2258,#2259);
#2258 = CARTESIAN_POINT('',(0.,2.,7.5));
#2259 = VECTOR('',#2260,1.);
#2260 = DIRECTION('',(1.,0.,0.));
#2261 = ORIENTED_EDGE('',*,*,#982,.F.);
#2262 = PLANE('',#2263);
#2263 = AXIS2_PLACEMENT_3D('',#2264,#2265,#2266);
#2264 = CARTESIAN_POINT('',(3.,2.,0.));
#2265 = DIRECTION('',(0.,-1.,0.));
#2266 = DIRECTION('',(-1.,0.,0.));
#2267 = ADVANCED_FACE('',(#2268),#2279,.T.);
#2268 = FACE_BOUND('',#2269,.T.);
#2269 = EDGE_LOOP('',(#2270,#2271,#2277,#2278));
#2270 = ORIENTED_EDGE('',*,*,#2256,.T.);
#2271 = ORIENTED_EDGE('',*,*,#2272,.T.);
#2272 = EDGE_CURVE('',#2249,#1191,#2273,.T.);
#2273 = LINE('',#2274,#2275);
#2274 = CARTESIAN_POINT('',(0.75,2.,0.));
#2275 = VECTOR('',#2276,1.);
#2276 = DIRECTION('',(0.,0.,1.));
#2277 = ORIENTED_EDGE('',*,*,#1214,.F.);
#2278 = ORIENTED_EDGE('',*,*,#990,.F.);
#2279 = PLANE('',#2280);
#2280 = AXIS2_PLACEMENT_3D('',#2281,#2282,#2283);
#2281 = CARTESIAN_POINT('',(3.,2.,0.));
#2282 = DIRECTION('',(0.,-1.,0.));
#2283 = DIRECTION('',(-1.,0.,0.));
#2284 = ADVANCED_FACE('',(#2285),#2303,.T.);
#2285 = FACE_BOUND('',#2286,.T.);
#2286 = EDGE_LOOP('',(#2287,#2288,#2289,#2297));
#2287 = ORIENTED_EDGE('',*,*,#1103,.T.);
#2288 = ORIENTED_EDGE('',*,*,#1079,.T.);
#2289 = ORIENTED_EDGE('',*,*,#2290,.F.);
#2290 = EDGE_CURVE('',#2291,#1072,#2293,.T.);
#2291 = VERTEX_POINT('',#2292);
#2292 = CARTESIAN_POINT('',(1.15,2.,2.3));
#2293 = LINE('',#2294,#2295);
#2294 = CARTESIAN_POINT('',(0.,2.,2.3));
#2295 = VECTOR('',#2296,1.);
#2296 = DIRECTION('',(1.,0.,0.));
#2297 = ORIENTED_EDGE('',*,*,#2298,.F.);
#2298 = EDGE_CURVE('',#1104,#2291,#2299,.T.);
#2299 = LINE('',#2300,#2301);
#2300 = CARTESIAN_POINT('',(1.15,2.,0.));
#2301 = VECTOR('',#2302,1.);
#2302 = DIRECTION('',(0.,0.,1.));
#2303 = PLANE('',#2304);
#2304 = AXIS2_PLACEMENT_3D('',#2305,#2306,#2307);
#2305 = CARTESIAN_POINT('',(3.,2.,0.));
#2306 = DIRECTION('',(0.,-1.,0.));
#2307 = DIRECTION('',(-1.,0.,0.));
#2308 = ADVANCED_FACE('',(#2309),#2327,.T.);
#2309 = FACE_BOUND('',#2310,.T.);
#2310 = EDGE_LOOP('',(#2311,#2312,#2313,#2321));
#2311 = ORIENTED_EDGE('',*,*,#2290,.T.);
#2312 = ORIENTED_EDGE('',*,*,#1071,.T.);
#2313 = ORIENTED_EDGE('',*,*,#2314,.F.);
#2314 = EDGE_CURVE('',#2315,#1064,#2317,.T.);
#2315 = VERTEX_POINT('',#2316);
#2316 = CARTESIAN_POINT('',(1.15,2.,3.5));
#2317 = LINE('',#2318,#2319);
#2318 = CARTESIAN_POINT('',(0.,2.,3.5));
#2319 = VECTOR('',#2320,1.);
#2320 = DIRECTION('',(1.,0.,0.));
#2321 = ORIENTED_EDGE('',*,*,#2322,.F.);
#2322 = EDGE_CURVE('',#2291,#2315,#2323,.T.);
#2323 = LINE('',#2324,#2325);
#2324 = CARTESIAN_POINT('',(1.15,2.,0.));
#2325 = VECTOR('',#2326,1.);
#2326 = DIRECTION('',(0.,0.,1.));
#2327 = PLANE('',#2328);
#2328 = AXIS2_PLACEMENT_3D('',#2329,#2330,#2331);
#2329 = CARTESIAN_POINT('',(3.,2.,0.));
#2330 = DIRECTION('',(0.,-1.,0.));
#2331 = DIRECTION('',(-1.,0.,0.));
#2332 = ADVANCED_FACE('',(#2333),#2351,.T.);
#2333 = FACE_BOUND('',#2334,.T.);
#2334 = EDGE_LOOP('',(#2335,#2336,#2337,#2345));
#2335 = ORIENTED_EDGE('',*,*,#2314,.T.);
#2336 = ORIENTED_EDGE('',*,*,#1063,.T.);
#2337 = ORIENTED_EDGE('',*,*,#2338,.F.);
#2338 = EDGE_CURVE('',#2339,#1056,#2341,.T.);
#2339 = VERTEX_POINT('',#2340);
#2340 = CARTESIAN_POINT('',(1.15,2.,4.3));
#2341 = LINE('',#2342,#2343);
#2342 = CARTESIAN_POINT('',(0.,2.,4.3));
#2343 = VECTOR('',#2344,1.);
#2344 = DIRECTION('',(1.,0.,0.));
#2345 = ORIENTED_EDGE('',*,*,#2346,.F.);
#2346 = EDGE_CURVE('',#2315,#2339,#2347,.T.);
#2347 = LINE('',#2348,#2349);
#2348 = CARTESIAN_POINT('',(1.15,2.,0.));
#2349 = VECTOR('',#2350,1.);
#2350 = DIRECTION('',(0.,0.,1.));
#2351 = PLANE('',#2352);
#2352 = AXIS2_PLACEMENT_3D('',#2353,#2354,#2355);
#2353 = CARTESIAN_POINT('',(3.,2.,0.));
#2354 = DIRECTION('',(0.,-1.,0.));
#2355 = DIRECTION('',(-1.,0.,0.));
#2356 = ADVANCED_FACE('',(#2357),#2375,.T.);
#2357 = FACE_BOUND('',#2358,.T.);
#2358 = EDGE_LOOP('',(#2359,#2360,#2361,#2369));
#2359 = ORIENTED_EDGE('',*,*,#2338,.T.);
#2360 = ORIENTED_EDGE('',*,*,#1055,.T.);
#2361 = ORIENTED_EDGE('',*,*,#2362,.F.);
#2362 = EDGE_CURVE('',#2363,#1048,#2365,.T.);
#2363 = VERTEX_POINT('',#2364);
#2364 = CARTESIAN_POINT('',(1.15,2.,5.5));
#2365 = LINE('',#2366,#2367);
#2366 = CARTESIAN_POINT('',(0.,2.,5.5));
#2367 = VECTOR('',#2368,1.);
#2368 = DIRECTION('',(1.,0.,0.));
#2369 = ORIENTED_EDGE('',*,*,#2370,.F.);
#2370 = EDGE_CURVE('',#2339,#2363,#2371,.T.);
#2371 = LINE('',#2372,#2373);
#2372 = CARTESIAN_POINT('',(1.15,2.,0.));
#2373 = VECTOR('',#2374,1.);
#2374 = DIRECTION('',(0.,0.,1.));
#2375 = PLANE('',#2376);
#2376 = AXIS2_PLACEMENT_3D('',#2377,#2378,#2379);
#2377 = CARTESIAN_POINT('',(3.,2.,0.));
#2378 = DIRECTION('',(0.,-1.,0.));
#2379 = DIRECTION('',(-1.,0.,0.));
#2380 = ADVANCED_FACE('',(#2381),#2399,.T.);
#2381 = FACE_BOUND('',#2382,.T.);
#2382 = EDGE_LOOP('',(#2383,#2384,#2385,#2393));
#2383 = ORIENTED_EDGE('',*,*,#2362,.T.);
#2384 = ORIENTED_EDGE('',*,*,#1047,.T.);
#2385 = ORIENTED_EDGE('',*,*,#2386,.F.);
#2386 = EDGE_CURVE('',#2387,#1040,#2389,.T.);
#2387 = VERTEX_POINT('',#2388);
#2388 = CARTESIAN_POINT('',(1.15,2.,6.3));
#2389 = LINE('',#2390,#2391);
#2390 = CARTESIAN_POINT('',(0.,2.,6.3));
#2391 = VECTOR('',#2392,1.);
#2392 = DIRECTION('',(1.,0.,0.));
#2393 = ORIENTED_EDGE('',*,*,#2394,.F.);
#2394 = EDGE_CURVE('',#2363,#2387,#2395,.T.);
#2395 = LINE('',#2396,#2397);
#2396 = CARTESIAN_POINT('',(1.15,2.,0.));
#2397 = VECTOR('',#2398,1.);
#2398 = DIRECTION('',(0.,0.,1.));
#2399 = PLANE('',#2400);
#2400 = AXIS2_PLACEMENT_3D('',#2401,#2402,#2403);
#2401 = CARTESIAN_POINT('',(3.,2.,0.));
#2402 = DIRECTION('',(0.,-1.,0.));
#2403 = DIRECTION('',(-1.,0.,0.));
#2404 = ADVANCED_FACE('',(#2405),#2423,.T.);
#2405 = FACE_BOUND('',#2406,.T.);
#2406 = EDGE_LOOP('',(#2407,#2408,#2409,#2417));
#2407 = ORIENTED_EDGE('',*,*,#2386,.T.);
#2408 = ORIENTED_EDGE('',*,*,#1039,.T.);
#2409 = ORIENTED_EDGE('',*,*,#2410,.F.);
#2410 = EDGE_CURVE('',#2411,#1032,#2413,.T.);
#2411 = VERTEX_POINT('',#2412);
#2412 = CARTESIAN_POINT('',(1.15,2.,7.5));
#2413 = LINE('',#2414,#2415);
#2414 = CARTESIAN_POINT('',(0.,2.,7.5));
#2415 = VECTOR('',#2416,1.);
#2416 = DIRECTION('',(1.,0.,0.));
#2417 = ORIENTED_EDGE('',*,*,#2418,.F.);
#2418 = EDGE_CURVE('',#2387,#2411,#2419,.T.);
#2419 = LINE('',#2420,#2421);
#2420 = CARTESIAN_POINT('',(1.15,2.,0.));
#2421 = VECTOR('',#2422,1.);
#2422 = DIRECTION('',(0.,0.,1.));
#2423 = PLANE('',#2424);
#2424 = AXIS2_PLACEMENT_3D('',#2425,#2426,#2427);
#2425 = CARTESIAN_POINT('',(3.,2.,0.));
#2426 = DIRECTION('',(0.,-1.,0.));
#2427 = DIRECTION('',(-1.,0.,0.));
#2428 = ADVANCED_FACE('',(#2429),#2440,.T.);
#2429 = FACE_BOUND('',#2430,.T.);
#2430 = EDGE_LOOP('',(#2431,#2432,#2433,#2434));
#2431 = ORIENTED_EDGE('',*,*,#2410,.T.);
#2432 = ORIENTED_EDGE('',*,*,#1031,.T.);
#2433 = ORIENTED_EDGE('',*,*,#1166,.F.);
#2434 = ORIENTED_EDGE('',*,*,#2435,.F.);
#2435 = EDGE_CURVE('',#2411,#1167,#2436,.T.);
#2436 = LINE('',#2437,#2438);
#2437 = CARTESIAN_POINT('',(1.15,2.,0.));
#2438 = VECTOR('',#2439,1.);
#2439 = DIRECTION('',(0.,0.,1.));
#2440 = PLANE('',#2441);
#2441 = AXIS2_PLACEMENT_3D('',#2442,#2443,#2444);
#2442 = CARTESIAN_POINT('',(3.,2.,0.));
#2443 = DIRECTION('',(0.,-1.,0.));
#2444 = DIRECTION('',(-1.,0.,0.));
#2445 = ADVANCED_FACE('',(#2446),#2503,.T.);
#2446 = FACE_BOUND('',#2447,.T.);
#2447 = EDGE_LOOP('',(#2448,#2456,#2457,#2465,#2473,#2481,#2489,#2497));
#2448 = ORIENTED_EDGE('',*,*,#2449,.F.);
#2449 = EDGE_CURVE('',#1126,#2450,#2452,.T.);
#2450 = VERTEX_POINT('',#2451);
#2451 = CARTESIAN_POINT('',(0.75,1.65,1.5));
#2452 = LINE('',#2453,#2454);
#2453 = CARTESIAN_POINT('',(0.75,1.825,1.5));
#2454 = VECTOR('',#2455,1.);
#2455 = DIRECTION('',(-0.,-1.,-0.));
#2456 = ORIENTED_EDGE('',*,*,#1135,.T.);
#2457 = ORIENTED_EDGE('',*,*,#2458,.F.);
#2458 = EDGE_CURVE('',#2459,#1104,#2461,.T.);
#2459 = VERTEX_POINT('',#2460);
#2460 = CARTESIAN_POINT('',(1.15,1.467348446899,1.5));
#2461 = LINE('',#2462,#2463);
#2462 = CARTESIAN_POINT('',(1.15,2.,1.5));
#2463 = VECTOR('',#2464,1.);
#2464 = DIRECTION('',(0.,1.,0.));
#2465 = ORIENTED_EDGE('',*,*,#2466,.F.);
#2466 = EDGE_CURVE('',#2467,#2459,#2469,.T.);
#2467 = VERTEX_POINT('',#2468);
#2468 = CARTESIAN_POINT('',(0.4,0.817348446899,1.5));
#2469 = LINE('',#2470,#2471);
#2470 = CARTESIAN_POINT('',(0.953448036618,1.297003411968,1.5));
#2471 = VECTOR('',#2472,1.);
#2472 = DIRECTION('',(0.75568908279,0.654930538418,0.));
#2473 = ORIENTED_EDGE('',*,*,#2474,.F.);
#2474 = EDGE_CURVE('',#2475,#2467,#2477,.T.);
#2475 = VERTEX_POINT('',#2476);
#2476 = CARTESIAN_POINT('',(0.4,0.,1.5));
#2477 = LINE('',#2478,#2479);
#2478 = CARTESIAN_POINT('',(0.4,1.40867422345,1.5));
#2479 = VECTOR('',#2480,1.);
#2480 = DIRECTION('',(0.,1.,0.));
#2481 = ORIENTED_EDGE('',*,*,#2482,.F.);
#2482 = EDGE_CURVE('',#2483,#2475,#2485,.T.);
#2483 = VERTEX_POINT('',#2484);
#2484 = CARTESIAN_POINT('',(0.,0.,1.5));
#2485 = LINE('',#2486,#2487);
#2486 = CARTESIAN_POINT('',(0.,0.,1.5));
#2487 = VECTOR('',#2488,1.);
#2488 = DIRECTION('',(1.,0.,0.));
#2489 = ORIENTED_EDGE('',*,*,#2490,.F.);
#2490 = EDGE_CURVE('',#2491,#2483,#2493,.T.);
#2491 = VERTEX_POINT('',#2492);
#2492 = CARTESIAN_POINT('',(0.,1.,1.5));
#2493 = LINE('',#2494,#2495);
#2494 = CARTESIAN_POINT('',(0.,2.,1.5));
#2495 = VECTOR('',#2496,1.);
#2496 = DIRECTION('',(0.,-1.,0.));
#2497 = ORIENTED_EDGE('',*,*,#2498,.F.);
#2498 = EDGE_CURVE('',#2450,#2491,#2499,.T.);
#2499 = LINE('',#2500,#2501);
#2500 = CARTESIAN_POINT('',(0.247461928934,1.214467005076,1.5));
#2501 = VECTOR('',#2502,1.);
#2502 = DIRECTION('',(-0.75568908279,-0.654930538418,-0.));
#2503 = PLANE('',#2504);
#2504 = AXIS2_PLACEMENT_3D('',#2505,#2506,#2507);
#2505 = CARTESIAN_POINT('',(0.,2.,1.5));
#2506 = DIRECTION('',(0.,0.,-1.));
#2507 = DIRECTION('',(0.,-1.,0.));
#2508 = ADVANCED_FACE('',(#2509),#2566,.T.);
#2509 = FACE_BOUND('',#2510,.T.);
#2510 = EDGE_LOOP('',(#2511,#2521,#2529,#2537,#2545,#2551,#2552,#2560));
#2511 = ORIENTED_EDGE('',*,*,#2512,.F.);
#2512 = EDGE_CURVE('',#2513,#2515,#2517,.T.);
#2513 = VERTEX_POINT('',#2514);
#2514 = CARTESIAN_POINT('',(0.,0.,8.3));
#2515 = VERTEX_POINT('',#2516);
#2516 = CARTESIAN_POINT('',(0.,1.,8.3));
#2517 = LINE('',#2518,#2519);
#2518 = CARTESIAN_POINT('',(0.,0.,8.3));
#2519 = VECTOR('',#2520,1.);
#2520 = DIRECTION('',(0.,1.,0.));
#2521 = ORIENTED_EDGE('',*,*,#2522,.T.);
#2522 = EDGE_CURVE('',#2513,#2523,#2525,.T.);
#2523 = VERTEX_POINT('',#2524);
#2524 = CARTESIAN_POINT('',(0.4,0.,8.3));
#2525 = LINE('',#2526,#2527);
#2526 = CARTESIAN_POINT('',(0.,0.,8.3));
#2527 = VECTOR('',#2528,1.);
#2528 = DIRECTION('',(1.,0.,0.));
#2529 = ORIENTED_EDGE('',*,*,#2530,.F.);
#2530 = EDGE_CURVE('',#2531,#2523,#2533,.T.);
#2531 = VERTEX_POINT('',#2532);
#2532 = CARTESIAN_POINT('',(0.4,0.817348446899,8.3));
#2533 = LINE('',#2534,#2535);
#2534 = CARTESIAN_POINT('',(0.4,0.40867422345,8.3));
#2535 = VECTOR('',#2536,1.);
#2536 = DIRECTION('',(0.,-1.,0.));
#2537 = ORIENTED_EDGE('',*,*,#2538,.F.);
#2538 = EDGE_CURVE('',#2539,#2531,#2541,.T.);
#2539 = VERTEX_POINT('',#2540);
#2540 = CARTESIAN_POINT('',(1.15,1.467348446899,8.3));
#2541 = LINE('',#2542,#2543);
#2542 = CARTESIAN_POINT('',(0.45852417875,0.868069401816,8.3));
#2543 = VECTOR('',#2544,1.);
#2544 = DIRECTION('',(-0.75568908279,-0.654930538418,0.));
#2545 = ORIENTED_EDGE('',*,*,#2546,.F.);
#2546 = EDGE_CURVE('',#1167,#2539,#2547,.T.);
#2547 = LINE('',#2548,#2549);
#2548 = CARTESIAN_POINT('',(1.15,1.,8.3));
#2549 = VECTOR('',#2550,1.);
#2550 = DIRECTION('',(0.,-1.,0.));
#2551 = ORIENTED_EDGE('',*,*,#1198,.F.);
#2552 = ORIENTED_EDGE('',*,*,#2553,.F.);
#2553 = EDGE_CURVE('',#2554,#1191,#2556,.T.);
#2554 = VERTEX_POINT('',#2555);
#2555 = CARTESIAN_POINT('',(0.75,1.65,8.3));
#2556 = LINE('',#2557,#2558);
#2557 = CARTESIAN_POINT('',(0.75,0.825,8.3));
#2558 = VECTOR('',#2559,1.);
#2559 = DIRECTION('',(0.,1.,0.));
#2560 = ORIENTED_EDGE('',*,*,#2561,.F.);
#2561 = EDGE_CURVE('',#2515,#2554,#2562,.T.);
#2562 = LINE('',#2563,#2564);
#2563 = CARTESIAN_POINT('',(-0.247461928934,0.785532994924,8.3));
#2564 = VECTOR('',#2565,1.);
#2565 = DIRECTION('',(0.75568908279,0.654930538418,0.));
#2566 = PLANE('',#2567);
#2567 = AXIS2_PLACEMENT_3D('',#2568,#2569,#2570);
#2568 = CARTESIAN_POINT('',(0.,0.,8.3));
#2569 = DIRECTION('',(0.,0.,1.));
#2570 = DIRECTION('',(0.,1.,0.));
#2571 = ADVANCED_FACE('',(#2572),#2583,.T.);
#2572 = FACE_BOUND('',#2573,.F.);
#2573 = EDGE_LOOP('',(#2574,#2575,#2581,#2582));
#2574 = ORIENTED_EDGE('',*,*,#1336,.F.);
#2575 = ORIENTED_EDGE('',*,*,#2576,.T.);
#2576 = EDGE_CURVE('',#1329,#1440,#2577,.T.);
#2577 = LINE('',#2578,#2579);
#2578 = CARTESIAN_POINT('',(0.75,15.35,-2.819966482548E-15));
#2579 = VECTOR('',#2580,1.);
#2580 = DIRECTION('',(0.,4.440892098501E-16,1.));
#2581 = ORIENTED_EDGE('',*,*,#1439,.F.);
#2582 = ORIENTED_EDGE('',*,*,#1368,.T.);
#2583 = PLANE('',#2584);
#2584 = AXIS2_PLACEMENT_3D('',#2585,#2586,#2587);
#2585 = CARTESIAN_POINT('',(0.75,15.35,-2.819966482548E-15));
#2586 = DIRECTION('',(-1.,0.,0.));
#2587 = DIRECTION('',(0.,1.,-4.440892098501E-16));
#2588 = ADVANCED_FACE('',(#2589),#2600,.T.);
#2589 = FACE_BOUND('',#2590,.F.);
#2590 = EDGE_LOOP('',(#2591,#2592,#2598,#2599));
#2591 = ORIENTED_EDGE('',*,*,#1328,.F.);
#2592 = ORIENTED_EDGE('',*,*,#2593,.T.);
#2593 = EDGE_CURVE('',#1321,#1385,#2594,.T.);
#2594 = LINE('',#2595,#2596);
#2595 = CARTESIAN_POINT('',(0.,16.,-3.10862446895E-15));
#2596 = VECTOR('',#2597,1.);
#2597 = DIRECTION('',(0.,4.440892098501E-16,1.));
#2598 = ORIENTED_EDGE('',*,*,#1447,.F.);
#2599 = ORIENTED_EDGE('',*,*,#2576,.F.);
#2600 = PLANE('',#2601);
#2601 = AXIS2_PLACEMENT_3D('',#2602,#2603,#2604);
#2602 = CARTESIAN_POINT('',(0.,16.,-3.10862446895E-15));
#2603 = DIRECTION('',(-0.654930538418,-0.75568908279,3.355933676684E-16)
  );
#2604 = DIRECTION('',(-0.75568908279,0.654930538418,-2.908475853127E-16)
  );
#2605 = ADVANCED_FACE('',(#2606),#2617,.T.);
#2606 = FACE_BOUND('',#2607,.F.);
#2607 = EDGE_LOOP('',(#2608,#2609,#2615,#2616));
#2608 = ORIENTED_EDGE('',*,*,#1320,.T.);
#2609 = ORIENTED_EDGE('',*,*,#2610,.T.);
#2610 = EDGE_CURVE('',#1313,#1383,#2611,.T.);
#2611 = LINE('',#2612,#2613);
#2612 = CARTESIAN_POINT('',(0.,17.,-3.552713678801E-15));
#2613 = VECTOR('',#2614,1.);
#2614 = DIRECTION('',(0.,4.440892098501E-16,1.));
#2615 = ORIENTED_EDGE('',*,*,#1382,.T.);
#2616 = ORIENTED_EDGE('',*,*,#2593,.F.);
#2617 = PLANE('',#2618);
#2618 = AXIS2_PLACEMENT_3D('',#2619,#2620,#2621);
#2619 = CARTESIAN_POINT('',(0.,17.,-3.552713678801E-15));
#2620 = DIRECTION('',(-1.,0.,0.));
#2621 = DIRECTION('',(0.,1.,-4.440892098501E-16));
#2622 = ADVANCED_FACE('',(#2623),#2634,.T.);
#2623 = FACE_BOUND('',#2624,.F.);
#2624 = EDGE_LOOP('',(#2625,#2626,#2632,#2633));
#2625 = ORIENTED_EDGE('',*,*,#1312,.T.);
#2626 = ORIENTED_EDGE('',*,*,#2627,.T.);
#2627 = EDGE_CURVE('',#1305,#1393,#2628,.T.);
#2628 = LINE('',#2629,#2630);
#2629 = CARTESIAN_POINT('',(0.4,17.,-3.552713678801E-15));
#2630 = VECTOR('',#2631,1.);
#2631 = DIRECTION('',(0.,4.440892098501E-16,1.));
#2632 = ORIENTED_EDGE('',*,*,#1392,.F.);
#2633 = ORIENTED_EDGE('',*,*,#2610,.F.);
#2634 = PLANE('',#2635);
#2635 = AXIS2_PLACEMENT_3D('',#2636,#2637,#2638);
#2636 = CARTESIAN_POINT('',(0.4,17.,-3.552713678801E-15));
#2637 = DIRECTION('',(0.,1.,-4.440892098501E-16));
#2638 = DIRECTION('',(1.,0.,0.));
#2639 = ADVANCED_FACE('',(#2640),#2651,.T.);
#2640 = FACE_BOUND('',#2641,.F.);
#2641 = EDGE_LOOP('',(#2642,#2643,#2649,#2650));
#2642 = ORIENTED_EDGE('',*,*,#1304,.F.);
#2643 = ORIENTED_EDGE('',*,*,#2644,.T.);
#2644 = EDGE_CURVE('',#1297,#1401,#2645,.T.);
#2645 = LINE('',#2646,#2647);
#2646 = CARTESIAN_POINT('',(0.4,16.182651553101,-3.189738052845E-15));
#2647 = VECTOR('',#2648,1.);
#2648 = DIRECTION('',(0.,4.440892098501E-16,1.));
#2649 = ORIENTED_EDGE('',*,*,#1400,.F.);
#2650 = ORIENTED_EDGE('',*,*,#2627,.F.);
#2651 = PLANE('',#2652);
#2652 = AXIS2_PLACEMENT_3D('',#2653,#2654,#2655);
#2653 = CARTESIAN_POINT('',(0.4,16.182651553101,-3.189738052845E-15));
#2654 = DIRECTION('',(1.,0.,0.));
#2655 = DIRECTION('',(0.,-1.,4.440892098501E-16));
#2656 = ADVANCED_FACE('',(#2657),#2668,.T.);
#2657 = FACE_BOUND('',#2658,.F.);
#2658 = EDGE_LOOP('',(#2659,#2660,#2666,#2667));
#2659 = ORIENTED_EDGE('',*,*,#1296,.F.);
#2660 = ORIENTED_EDGE('',*,*,#2661,.T.);
#2661 = EDGE_CURVE('',#1289,#1409,#2662,.T.);
#2662 = LINE('',#2663,#2664);
#2663 = CARTESIAN_POINT('',(1.15,15.532651553101,-2.901080066442E-15));
#2664 = VECTOR('',#2665,1.);
#2665 = DIRECTION('',(0.,4.440892098501E-16,1.));
#2666 = ORIENTED_EDGE('',*,*,#1408,.F.);
#2667 = ORIENTED_EDGE('',*,*,#2644,.F.);
#2668 = PLANE('',#2669);
#2669 = AXIS2_PLACEMENT_3D('',#2670,#2671,#2672);
#2670 = CARTESIAN_POINT('',(1.15,15.532651553101,-2.901080066442E-15));
#2671 = DIRECTION('',(0.654930538418,0.75568908279,-3.355933676684E-16)
  );
#2672 = DIRECTION('',(0.75568908279,-0.654930538418,2.908475853127E-16)
  );
#2673 = ADVANCED_FACE('',(#2674),#2680,.T.);
#2674 = FACE_BOUND('',#2675,.F.);
#2675 = EDGE_LOOP('',(#2676,#2677,#2678,#2679));
#2676 = ORIENTED_EDGE('',*,*,#1288,.F.);
#2677 = ORIENTED_EDGE('',*,*,#2111,.T.);
#2678 = ORIENTED_EDGE('',*,*,#1416,.F.);
#2679 = ORIENTED_EDGE('',*,*,#2661,.F.);
#2680 = PLANE('',#2681);
#2681 = AXIS2_PLACEMENT_3D('',#2682,#2683,#2684);
#2682 = CARTESIAN_POINT('',(1.15,15.,-2.6645352591E-15));
#2683 = DIRECTION('',(1.,0.,0.));
#2684 = DIRECTION('',(0.,-1.,4.440892098501E-16));
#2685 = ADVANCED_FACE('',(#2686),#2697,.T.);
#2686 = FACE_BOUND('',#2687,.F.);
#2687 = EDGE_LOOP('',(#2688,#2689,#2695,#2696));
#2688 = ORIENTED_EDGE('',*,*,#1537,.F.);
#2689 = ORIENTED_EDGE('',*,*,#2690,.T.);
#2690 = EDGE_CURVE('',#1530,#1641,#2691,.T.);
#2691 = LINE('',#2692,#2693);
#2692 = CARTESIAN_POINT('',(0.75,15.35,-2.819966482548E-15));
#2693 = VECTOR('',#2694,1.);
#2694 = DIRECTION('',(0.,4.440892098501E-16,1.));
#2695 = ORIENTED_EDGE('',*,*,#1640,.F.);
#2696 = ORIENTED_EDGE('',*,*,#1569,.T.);
#2697 = PLANE('',#2698);
#2698 = AXIS2_PLACEMENT_3D('',#2699,#2700,#2701);
#2699 = CARTESIAN_POINT('',(0.75,15.35,-2.819966482548E-15));
#2700 = DIRECTION('',(-1.,0.,0.));
#2701 = DIRECTION('',(0.,1.,-4.440892098501E-16));
#2702 = ADVANCED_FACE('',(#2703),#2714,.T.);
#2703 = FACE_BOUND('',#2704,.F.);
#2704 = EDGE_LOOP('',(#2705,#2706,#2712,#2713));
#2705 = ORIENTED_EDGE('',*,*,#1529,.F.);
#2706 = ORIENTED_EDGE('',*,*,#2707,.T.);
#2707 = EDGE_CURVE('',#1522,#1586,#2708,.T.);
#2708 = LINE('',#2709,#2710);
#2709 = CARTESIAN_POINT('',(0.,16.,-3.10862446895E-15));
#2710 = VECTOR('',#2711,1.);
#2711 = DIRECTION('',(0.,4.440892098501E-16,1.));
#2712 = ORIENTED_EDGE('',*,*,#1648,.F.);
#2713 = ORIENTED_EDGE('',*,*,#2690,.F.);
#2714 = PLANE('',#2715);
#2715 = AXIS2_PLACEMENT_3D('',#2716,#2717,#2718);
#2716 = CARTESIAN_POINT('',(0.,16.,-3.10862446895E-15));
#2717 = DIRECTION('',(-0.654930538418,-0.75568908279,3.355933676684E-16)
  );
#2718 = DIRECTION('',(-0.75568908279,0.654930538418,-2.908475853127E-16)
  );
#2719 = ADVANCED_FACE('',(#2720),#2731,.T.);
#2720 = FACE_BOUND('',#2721,.F.);
#2721 = EDGE_LOOP('',(#2722,#2723,#2729,#2730));
#2722 = ORIENTED_EDGE('',*,*,#1521,.T.);
#2723 = ORIENTED_EDGE('',*,*,#2724,.T.);
#2724 = EDGE_CURVE('',#1514,#1584,#2725,.T.);
#2725 = LINE('',#2726,#2727);
#2726 = CARTESIAN_POINT('',(0.,17.,-3.552713678801E-15));
#2727 = VECTOR('',#2728,1.);
#2728 = DIRECTION('',(0.,4.440892098501E-16,1.));
#2729 = ORIENTED_EDGE('',*,*,#1583,.T.);
#2730 = ORIENTED_EDGE('',*,*,#2707,.F.);
#2731 = PLANE('',#2732);
#2732 = AXIS2_PLACEMENT_3D('',#2733,#2734,#2735);
#2733 = CARTESIAN_POINT('',(0.,17.,-3.552713678801E-15));
#2734 = DIRECTION('',(-1.,0.,0.));
#2735 = DIRECTION('',(0.,1.,-4.440892098501E-16));
#2736 = ADVANCED_FACE('',(#2737),#2748,.T.);
#2737 = FACE_BOUND('',#2738,.F.);
#2738 = EDGE_LOOP('',(#2739,#2740,#2746,#2747));
#2739 = ORIENTED_EDGE('',*,*,#1513,.T.);
#2740 = ORIENTED_EDGE('',*,*,#2741,.T.);
#2741 = EDGE_CURVE('',#1506,#1594,#2742,.T.);
#2742 = LINE('',#2743,#2744);
#2743 = CARTESIAN_POINT('',(0.4,17.,-3.552713678801E-15));
#2744 = VECTOR('',#2745,1.);
#2745 = DIRECTION('',(0.,4.440892098501E-16,1.));
#2746 = ORIENTED_EDGE('',*,*,#1593,.F.);
#2747 = ORIENTED_EDGE('',*,*,#2724,.F.);
#2748 = PLANE('',#2749);
#2749 = AXIS2_PLACEMENT_3D('',#2750,#2751,#2752);
#2750 = CARTESIAN_POINT('',(0.4,17.,-3.552713678801E-15));
#2751 = DIRECTION('',(0.,1.,-4.440892098501E-16));
#2752 = DIRECTION('',(1.,0.,0.));
#2753 = ADVANCED_FACE('',(#2754),#2765,.T.);
#2754 = FACE_BOUND('',#2755,.F.);
#2755 = EDGE_LOOP('',(#2756,#2757,#2763,#2764));
#2756 = ORIENTED_EDGE('',*,*,#1505,.F.);
#2757 = ORIENTED_EDGE('',*,*,#2758,.T.);
#2758 = EDGE_CURVE('',#1498,#1602,#2759,.T.);
#2759 = LINE('',#2760,#2761);
#2760 = CARTESIAN_POINT('',(0.4,16.182651553101,-3.189738052845E-15));
#2761 = VECTOR('',#2762,1.);
#2762 = DIRECTION('',(0.,4.440892098501E-16,1.));
#2763 = ORIENTED_EDGE('',*,*,#1601,.F.);
#2764 = ORIENTED_EDGE('',*,*,#2741,.F.);
#2765 = PLANE('',#2766);
#2766 = AXIS2_PLACEMENT_3D('',#2767,#2768,#2769);
#2767 = CARTESIAN_POINT('',(0.4,16.182651553101,-3.189738052845E-15));
#2768 = DIRECTION('',(1.,0.,0.));
#2769 = DIRECTION('',(0.,-1.,4.440892098501E-16));
#2770 = ADVANCED_FACE('',(#2771),#2782,.T.);
#2771 = FACE_BOUND('',#2772,.F.);
#2772 = EDGE_LOOP('',(#2773,#2774,#2780,#2781));
#2773 = ORIENTED_EDGE('',*,*,#1497,.F.);
#2774 = ORIENTED_EDGE('',*,*,#2775,.T.);
#2775 = EDGE_CURVE('',#1490,#1610,#2776,.T.);
#2776 = LINE('',#2777,#2778);
#2777 = CARTESIAN_POINT('',(1.15,15.532651553101,-2.901080066442E-15));
#2778 = VECTOR('',#2779,1.);
#2779 = DIRECTION('',(0.,4.440892098501E-16,1.));
#2780 = ORIENTED_EDGE('',*,*,#1609,.F.);
#2781 = ORIENTED_EDGE('',*,*,#2758,.F.);
#2782 = PLANE('',#2783);
#2783 = AXIS2_PLACEMENT_3D('',#2784,#2785,#2786);
#2784 = CARTESIAN_POINT('',(1.15,15.532651553101,-2.901080066442E-15));
#2785 = DIRECTION('',(0.654930538418,0.75568908279,-3.355933676684E-16)
  );
#2786 = DIRECTION('',(0.75568908279,-0.654930538418,2.908475853127E-16)
  );
#2787 = ADVANCED_FACE('',(#2788),#2794,.T.);
#2788 = FACE_BOUND('',#2789,.F.);
#2789 = EDGE_LOOP('',(#2790,#2791,#2792,#2793));
#2790 = ORIENTED_EDGE('',*,*,#1489,.F.);
#2791 = ORIENTED_EDGE('',*,*,#2094,.T.);
#2792 = ORIENTED_EDGE('',*,*,#1617,.F.);
#2793 = ORIENTED_EDGE('',*,*,#2775,.F.);
#2794 = PLANE('',#2795);
#2795 = AXIS2_PLACEMENT_3D('',#2796,#2797,#2798);
#2796 = CARTESIAN_POINT('',(1.15,15.,-2.6645352591E-15));
#2797 = DIRECTION('',(1.,0.,0.));
#2798 = DIRECTION('',(0.,-1.,4.440892098501E-16));
#2799 = ADVANCED_FACE('',(#2800),#2811,.T.);
#2800 = FACE_BOUND('',#2801,.F.);
#2801 = EDGE_LOOP('',(#2802,#2803,#2809,#2810));
#2802 = ORIENTED_EDGE('',*,*,#1738,.F.);
#2803 = ORIENTED_EDGE('',*,*,#2804,.T.);
#2804 = EDGE_CURVE('',#1731,#1842,#2805,.T.);
#2805 = LINE('',#2806,#2807);
#2806 = CARTESIAN_POINT('',(0.75,15.35,-2.819966482548E-15));
#2807 = VECTOR('',#2808,1.);
#2808 = DIRECTION('',(0.,4.440892098501E-16,1.));
#2809 = ORIENTED_EDGE('',*,*,#1841,.F.);
#2810 = ORIENTED_EDGE('',*,*,#1770,.T.);
#2811 = PLANE('',#2812);
#2812 = AXIS2_PLACEMENT_3D('',#2813,#2814,#2815);
#2813 = CARTESIAN_POINT('',(0.75,15.35,-2.819966482548E-15));
#2814 = DIRECTION('',(-1.,0.,0.));
#2815 = DIRECTION('',(0.,1.,-4.440892098501E-16));
#2816 = ADVANCED_FACE('',(#2817),#2828,.T.);
#2817 = FACE_BOUND('',#2818,.F.);
#2818 = EDGE_LOOP('',(#2819,#2820,#2826,#2827));
#2819 = ORIENTED_EDGE('',*,*,#1730,.F.);
#2820 = ORIENTED_EDGE('',*,*,#2821,.T.);
#2821 = EDGE_CURVE('',#1723,#1787,#2822,.T.);
#2822 = LINE('',#2823,#2824);
#2823 = CARTESIAN_POINT('',(0.,16.,-3.10862446895E-15));
#2824 = VECTOR('',#2825,1.);
#2825 = DIRECTION('',(0.,4.440892098501E-16,1.));
#2826 = ORIENTED_EDGE('',*,*,#1849,.F.);
#2827 = ORIENTED_EDGE('',*,*,#2804,.F.);
#2828 = PLANE('',#2829);
#2829 = AXIS2_PLACEMENT_3D('',#2830,#2831,#2832);
#2830 = CARTESIAN_POINT('',(0.,16.,-3.10862446895E-15));
#2831 = DIRECTION('',(-0.654930538418,-0.75568908279,3.355933676684E-16)
  );
#2832 = DIRECTION('',(-0.75568908279,0.654930538418,-2.908475853127E-16)
  );
#2833 = ADVANCED_FACE('',(#2834),#2845,.T.);
#2834 = FACE_BOUND('',#2835,.F.);
#2835 = EDGE_LOOP('',(#2836,#2837,#2843,#2844));
#2836 = ORIENTED_EDGE('',*,*,#1722,.T.);
#2837 = ORIENTED_EDGE('',*,*,#2838,.T.);
#2838 = EDGE_CURVE('',#1715,#1785,#2839,.T.);
#2839 = LINE('',#2840,#2841);
#2840 = CARTESIAN_POINT('',(0.,17.,-3.552713678801E-15));
#2841 = VECTOR('',#2842,1.);
#2842 = DIRECTION('',(0.,4.440892098501E-16,1.));
#2843 = ORIENTED_EDGE('',*,*,#1784,.T.);
#2844 = ORIENTED_EDGE('',*,*,#2821,.F.);
#2845 = PLANE('',#2846);
#2846 = AXIS2_PLACEMENT_3D('',#2847,#2848,#2849);
#2847 = CARTESIAN_POINT('',(0.,17.,-3.552713678801E-15));
#2848 = DIRECTION('',(-1.,0.,0.));
#2849 = DIRECTION('',(0.,1.,-4.440892098501E-16));
#2850 = ADVANCED_FACE('',(#2851),#2862,.T.);
#2851 = FACE_BOUND('',#2852,.F.);
#2852 = EDGE_LOOP('',(#2853,#2854,#2860,#2861));
#2853 = ORIENTED_EDGE('',*,*,#1714,.T.);
#2854 = ORIENTED_EDGE('',*,*,#2855,.T.);
#2855 = EDGE_CURVE('',#1707,#1795,#2856,.T.);
#2856 = LINE('',#2857,#2858);
#2857 = CARTESIAN_POINT('',(0.4,17.,-3.552713678801E-15));
#2858 = VECTOR('',#2859,1.);
#2859 = DIRECTION('',(0.,4.440892098501E-16,1.));
#2860 = ORIENTED_EDGE('',*,*,#1794,.F.);
#2861 = ORIENTED_EDGE('',*,*,#2838,.F.);
#2862 = PLANE('',#2863);
#2863 = AXIS2_PLACEMENT_3D('',#2864,#2865,#2866);
#2864 = CARTESIAN_POINT('',(0.4,17.,-3.552713678801E-15));
#2865 = DIRECTION('',(0.,1.,-4.440892098501E-16));
#2866 = DIRECTION('',(1.,0.,0.));
#2867 = ADVANCED_FACE('',(#2868),#2879,.T.);
#2868 = FACE_BOUND('',#2869,.F.);
#2869 = EDGE_LOOP('',(#2870,#2871,#2877,#2878));
#2870 = ORIENTED_EDGE('',*,*,#1706,.F.);
#2871 = ORIENTED_EDGE('',*,*,#2872,.T.);
#2872 = EDGE_CURVE('',#1699,#1803,#2873,.T.);
#2873 = LINE('',#2874,#2875);
#2874 = CARTESIAN_POINT('',(0.4,16.182651553101,-3.189738052845E-15));
#2875 = VECTOR('',#2876,1.);
#2876 = DIRECTION('',(0.,4.440892098501E-16,1.));
#2877 = ORIENTED_EDGE('',*,*,#1802,.F.);
#2878 = ORIENTED_EDGE('',*,*,#2855,.F.);
#2879 = PLANE('',#2880);
#2880 = AXIS2_PLACEMENT_3D('',#2881,#2882,#2883);
#2881 = CARTESIAN_POINT('',(0.4,16.182651553101,-3.189738052845E-15));
#2882 = DIRECTION('',(1.,0.,0.));
#2883 = DIRECTION('',(0.,-1.,4.440892098501E-16));
#2884 = ADVANCED_FACE('',(#2885),#2896,.T.);
#2885 = FACE_BOUND('',#2886,.F.);
#2886 = EDGE_LOOP('',(#2887,#2888,#2894,#2895));
#2887 = ORIENTED_EDGE('',*,*,#1698,.F.);
#2888 = ORIENTED_EDGE('',*,*,#2889,.T.);
#2889 = EDGE_CURVE('',#1691,#1811,#2890,.T.);
#2890 = LINE('',#2891,#2892);
#2891 = CARTESIAN_POINT('',(1.15,15.532651553101,-2.901080066442E-15));
#2892 = VECTOR('',#2893,1.);
#2893 = DIRECTION('',(0.,4.440892098501E-16,1.));
#2894 = ORIENTED_EDGE('',*,*,#1810,.F.);
#2895 = ORIENTED_EDGE('',*,*,#2872,.F.);
#2896 = PLANE('',#2897);
#2897 = AXIS2_PLACEMENT_3D('',#2898,#2899,#2900);
#2898 = CARTESIAN_POINT('',(1.15,15.532651553101,-2.901080066442E-15));
#2899 = DIRECTION('',(0.654930538418,0.75568908279,-3.355933676684E-16)
  );
#2900 = DIRECTION('',(0.75568908279,-0.654930538418,2.908475853127E-16)
  );
#2901 = ADVANCED_FACE('',(#2902),#2908,.T.);
#2902 = FACE_BOUND('',#2903,.F.);
#2903 = EDGE_LOOP('',(#2904,#2905,#2906,#2907));
#2904 = ORIENTED_EDGE('',*,*,#1690,.F.);
#2905 = ORIENTED_EDGE('',*,*,#2077,.T.);
#2906 = ORIENTED_EDGE('',*,*,#1818,.F.);
#2907 = ORIENTED_EDGE('',*,*,#2889,.F.);
#2908 = PLANE('',#2909);
#2909 = AXIS2_PLACEMENT_3D('',#2910,#2911,#2912);
#2910 = CARTESIAN_POINT('',(1.15,15.,-2.6645352591E-15));
#2911 = DIRECTION('',(1.,0.,0.));
#2912 = DIRECTION('',(0.,-1.,4.440892098501E-16));
#2913 = ADVANCED_FACE('',(#2914),#2925,.T.);
#2914 = FACE_BOUND('',#2915,.F.);
#2915 = EDGE_LOOP('',(#2916,#2917,#2923,#2924));
#2916 = ORIENTED_EDGE('',*,*,#1939,.F.);
#2917 = ORIENTED_EDGE('',*,*,#2918,.T.);
#2918 = EDGE_CURVE('',#1932,#2038,#2919,.T.);
#2919 = LINE('',#2920,#2921);
#2920 = CARTESIAN_POINT('',(0.75,15.35,-2.819966482548E-15));
#2921 = VECTOR('',#2922,1.);
#2922 = DIRECTION('',(0.,4.440892098501E-16,1.));
#2923 = ORIENTED_EDGE('',*,*,#2037,.F.);
#2924 = ORIENTED_EDGE('',*,*,#1971,.T.);
#2925 = PLANE('',#2926);
#2926 = AXIS2_PLACEMENT_3D('',#2927,#2928,#2929);
#2927 = CARTESIAN_POINT('',(0.75,15.35,-2.819966482548E-15));
#2928 = DIRECTION('',(-1.,0.,0.));
#2929 = DIRECTION('',(0.,1.,-4.440892098501E-16));
#2930 = ADVANCED_FACE('',(#2931),#2942,.T.);
#2931 = FACE_BOUND('',#2932,.F.);
#2932 = EDGE_LOOP('',(#2933,#2934,#2940,#2941));
#2933 = ORIENTED_EDGE('',*,*,#1931,.F.);
#2934 = ORIENTED_EDGE('',*,*,#2935,.T.);
#2935 = EDGE_CURVE('',#1924,#1988,#2936,.T.);
#2936 = LINE('',#2937,#2938);
#2937 = CARTESIAN_POINT('',(0.,16.,-3.10862446895E-15));
#2938 = VECTOR('',#2939,1.);
#2939 = DIRECTION('',(0.,4.440892098501E-16,1.));
#2940 = ORIENTED_EDGE('',*,*,#2045,.F.);
#2941 = ORIENTED_EDGE('',*,*,#2918,.F.);
#2942 = PLANE('',#2943);
#2943 = AXIS2_PLACEMENT_3D('',#2944,#2945,#2946);
#2944 = CARTESIAN_POINT('',(0.,16.,-3.10862446895E-15));
#2945 = DIRECTION('',(-0.654930538418,-0.75568908279,3.355933676684E-16)
  );
#2946 = DIRECTION('',(-0.75568908279,0.654930538418,-2.908475853127E-16)
  );
#2947 = ADVANCED_FACE('',(#2948),#2959,.T.);
#2948 = FACE_BOUND('',#2949,.F.);
#2949 = EDGE_LOOP('',(#2950,#2951,#2957,#2958));
#2950 = ORIENTED_EDGE('',*,*,#1923,.T.);
#2951 = ORIENTED_EDGE('',*,*,#2952,.T.);
#2952 = EDGE_CURVE('',#1916,#1986,#2953,.T.);
#2953 = LINE('',#2954,#2955);
#2954 = CARTESIAN_POINT('',(0.,17.,-3.552713678801E-15));
#2955 = VECTOR('',#2956,1.);
#2956 = DIRECTION('',(0.,4.440892098501E-16,1.));
#2957 = ORIENTED_EDGE('',*,*,#1985,.T.);
#2958 = ORIENTED_EDGE('',*,*,#2935,.F.);
#2959 = PLANE('',#2960);
#2960 = AXIS2_PLACEMENT_3D('',#2961,#2962,#2963);
#2961 = CARTESIAN_POINT('',(0.,17.,-3.552713678801E-15));
#2962 = DIRECTION('',(-1.,0.,0.));
#2963 = DIRECTION('',(0.,1.,-4.440892098501E-16));
#2964 = ADVANCED_FACE('',(#2965),#2976,.T.);
#2965 = FACE_BOUND('',#2966,.F.);
#2966 = EDGE_LOOP('',(#2967,#2968,#2974,#2975));
#2967 = ORIENTED_EDGE('',*,*,#1915,.T.);
#2968 = ORIENTED_EDGE('',*,*,#2969,.T.);
#2969 = EDGE_CURVE('',#1908,#1996,#2970,.T.);
#2970 = LINE('',#2971,#2972);
#2971 = CARTESIAN_POINT('',(0.4,17.,-3.552713678801E-15));
#2972 = VECTOR('',#2973,1.);
#2973 = DIRECTION('',(0.,4.440892098501E-16,1.));
#2974 = ORIENTED_EDGE('',*,*,#1995,.F.);
#2975 = ORIENTED_EDGE('',*,*,#2952,.F.);
#2976 = PLANE('',#2977);
#2977 = AXIS2_PLACEMENT_3D('',#2978,#2979,#2980);
#2978 = CARTESIAN_POINT('',(0.4,17.,-3.552713678801E-15));
#2979 = DIRECTION('',(0.,1.,-4.440892098501E-16));
#2980 = DIRECTION('',(1.,0.,0.));
#2981 = ADVANCED_FACE('',(#2982),#2993,.T.);
#2982 = FACE_BOUND('',#2983,.F.);
#2983 = EDGE_LOOP('',(#2984,#2985,#2991,#2992));
#2984 = ORIENTED_EDGE('',*,*,#1907,.F.);
#2985 = ORIENTED_EDGE('',*,*,#2986,.T.);
#2986 = EDGE_CURVE('',#1900,#2004,#2987,.T.);
#2987 = LINE('',#2988,#2989);
#2988 = CARTESIAN_POINT('',(0.4,16.182651553101,-3.189738052845E-15));
#2989 = VECTOR('',#2990,1.);
#2990 = DIRECTION('',(0.,4.440892098501E-16,1.));
#2991 = ORIENTED_EDGE('',*,*,#2003,.F.);
#2992 = ORIENTED_EDGE('',*,*,#2969,.F.);
#2993 = PLANE('',#2994);
#2994 = AXIS2_PLACEMENT_3D('',#2995,#2996,#2997);
#2995 = CARTESIAN_POINT('',(0.4,16.182651553101,-3.189738052845E-15));
#2996 = DIRECTION('',(1.,0.,0.));
#2997 = DIRECTION('',(0.,-1.,4.440892098501E-16));
#2998 = ADVANCED_FACE('',(#2999),#3010,.T.);
#2999 = FACE_BOUND('',#3000,.F.);
#3000 = EDGE_LOOP('',(#3001,#3002,#3008,#3009));
#3001 = ORIENTED_EDGE('',*,*,#1899,.F.);
#3002 = ORIENTED_EDGE('',*,*,#3003,.T.);
#3003 = EDGE_CURVE('',#1892,#2012,#3004,.T.);
#3004 = LINE('',#3005,#3006);
#3005 = CARTESIAN_POINT('',(1.15,15.532651553101,-2.901080066442E-15));
#3006 = VECTOR('',#3007,1.);
#3007 = DIRECTION('',(0.,4.440892098501E-16,1.));
#3008 = ORIENTED_EDGE('',*,*,#2011,.F.);
#3009 = ORIENTED_EDGE('',*,*,#2986,.F.);
#3010 = PLANE('',#3011);
#3011 = AXIS2_PLACEMENT_3D('',#3012,#3013,#3014);
#3012 = CARTESIAN_POINT('',(1.15,15.532651553101,-2.901080066442E-15));
#3013 = DIRECTION('',(0.654930538418,0.75568908279,-3.355933676684E-16)
  );
#3014 = DIRECTION('',(0.75568908279,-0.654930538418,2.908475853127E-16)
  );
#3015 = ADVANCED_FACE('',(#3016),#3022,.T.);
#3016 = FACE_BOUND('',#3017,.F.);
#3017 = EDGE_LOOP('',(#3018,#3019,#3020,#3021));
#3018 = ORIENTED_EDGE('',*,*,#1891,.F.);
#3019 = ORIENTED_EDGE('',*,*,#2060,.T.);
#3020 = ORIENTED_EDGE('',*,*,#2019,.F.);
#3021 = ORIENTED_EDGE('',*,*,#3003,.F.);
#3022 = PLANE('',#3023);
#3023 = AXIS2_PLACEMENT_3D('',#3024,#3025,#3026);
#3024 = CARTESIAN_POINT('',(1.15,15.,-2.6645352591E-15));
#3025 = DIRECTION('',(1.,0.,0.));
#3026 = DIRECTION('',(0.,-1.,4.440892098501E-16));
#3027 = ADVANCED_FACE('',(#3028),#3046,.T.);
#3028 = FACE_BOUND('',#3029,.T.);
#3029 = EDGE_LOOP('',(#3030,#3031,#3039,#3045));
#3030 = ORIENTED_EDGE('',*,*,#2449,.T.);
#3031 = ORIENTED_EDGE('',*,*,#3032,.T.);
#3032 = EDGE_CURVE('',#2450,#3033,#3035,.T.);
#3033 = VERTEX_POINT('',#3034);
#3034 = CARTESIAN_POINT('',(0.75,1.65,2.3));
#3035 = LINE('',#3036,#3037);
#3036 = CARTESIAN_POINT('',(0.75,1.65,0.));
#3037 = VECTOR('',#3038,1.);
#3038 = DIRECTION('',(0.,0.,1.));
#3039 = ORIENTED_EDGE('',*,*,#3040,.T.);
#3040 = EDGE_CURVE('',#3033,#2129,#3041,.T.);
#3041 = LINE('',#3042,#3043);
#3042 = CARTESIAN_POINT('',(0.75,0.825,2.3));
#3043 = VECTOR('',#3044,1.);
#3044 = DIRECTION('',(0.,1.,0.));
#3045 = ORIENTED_EDGE('',*,*,#2128,.F.);
#3046 = PLANE('',#3047);
#3047 = AXIS2_PLACEMENT_3D('',#3048,#3049,#3050);
#3048 = CARTESIAN_POINT('',(0.75,1.65,0.));
#3049 = DIRECTION('',(-1.,0.,0.));
#3050 = DIRECTION('',(0.,1.,0.));
#3051 = ADVANCED_FACE('',(#3052),#3068,.T.);
#3052 = FACE_BOUND('',#3053,.T.);
#3053 = EDGE_LOOP('',(#3054,#3055,#3061,#3062));
#3054 = ORIENTED_EDGE('',*,*,#2152,.F.);
#3055 = ORIENTED_EDGE('',*,*,#3056,.T.);
#3056 = EDGE_CURVE('',#2129,#2291,#3057,.T.);
#3057 = LINE('',#3058,#3059);
#3058 = CARTESIAN_POINT('',(0.,2.,2.3));
#3059 = VECTOR('',#3060,1.);
#3060 = DIRECTION('',(1.,0.,0.));
#3061 = ORIENTED_EDGE('',*,*,#2322,.T.);
#3062 = ORIENTED_EDGE('',*,*,#3063,.F.);
#3063 = EDGE_CURVE('',#2153,#2315,#3064,.T.);
#3064 = LINE('',#3065,#3066);
#3065 = CARTESIAN_POINT('',(0.,2.,3.5));
#3066 = VECTOR('',#3067,1.);
#3067 = DIRECTION('',(1.,0.,0.));
#3068 = PLANE('',#3069);
#3069 = AXIS2_PLACEMENT_3D('',#3070,#3071,#3072);
#3070 = CARTESIAN_POINT('',(0.,2.,2.3));
#3071 = DIRECTION('',(0.,-1.,0.));
#3072 = DIRECTION('',(0.,0.,1.));
#3073 = ADVANCED_FACE('',(#3074),#3099,.T.);
#3074 = FACE_BOUND('',#3075,.T.);
#3075 = EDGE_LOOP('',(#3076,#3084,#3092,#3098));
#3076 = ORIENTED_EDGE('',*,*,#3077,.T.);
#3077 = EDGE_CURVE('',#2153,#3078,#3080,.T.);
#3078 = VERTEX_POINT('',#3079);
#3079 = CARTESIAN_POINT('',(0.75,1.65,3.5));
#3080 = LINE('',#3081,#3082);
#3081 = CARTESIAN_POINT('',(0.75,1.825,3.5));
#3082 = VECTOR('',#3083,1.);
#3083 = DIRECTION('',(-0.,-1.,-0.));
#3084 = ORIENTED_EDGE('',*,*,#3085,.T.);
#3085 = EDGE_CURVE('',#3078,#3086,#3088,.T.);
#3086 = VERTEX_POINT('',#3087);
#3087 = CARTESIAN_POINT('',(0.75,1.65,4.3));
#3088 = LINE('',#3089,#3090);
#3089 = CARTESIAN_POINT('',(0.75,1.65,0.));
#3090 = VECTOR('',#3091,1.);
#3091 = DIRECTION('',(0.,0.,1.));
#3092 = ORIENTED_EDGE('',*,*,#3093,.T.);
#3093 = EDGE_CURVE('',#3086,#2177,#3094,.T.);
#3094 = LINE('',#3095,#3096);
#3095 = CARTESIAN_POINT('',(0.75,0.825,4.3));
#3096 = VECTOR('',#3097,1.);
#3097 = DIRECTION('',(0.,1.,0.));
#3098 = ORIENTED_EDGE('',*,*,#2176,.F.);
#3099 = PLANE('',#3100);
#3100 = AXIS2_PLACEMENT_3D('',#3101,#3102,#3103);
#3101 = CARTESIAN_POINT('',(0.75,1.65,0.));
#3102 = DIRECTION('',(-1.,0.,0.));
#3103 = DIRECTION('',(0.,1.,0.));
#3104 = ADVANCED_FACE('',(#3105),#3121,.T.);
#3105 = FACE_BOUND('',#3106,.T.);
#3106 = EDGE_LOOP('',(#3107,#3108,#3114,#3115));
#3107 = ORIENTED_EDGE('',*,*,#2200,.F.);
#3108 = ORIENTED_EDGE('',*,*,#3109,.T.);
#3109 = EDGE_CURVE('',#2177,#2339,#3110,.T.);
#3110 = LINE('',#3111,#3112);
#3111 = CARTESIAN_POINT('',(0.,2.,4.3));
#3112 = VECTOR('',#3113,1.);
#3113 = DIRECTION('',(1.,0.,0.));
#3114 = ORIENTED_EDGE('',*,*,#2370,.T.);
#3115 = ORIENTED_EDGE('',*,*,#3116,.F.);
#3116 = EDGE_CURVE('',#2201,#2363,#3117,.T.);
#3117 = LINE('',#3118,#3119);
#3118 = CARTESIAN_POINT('',(0.,2.,5.5));
#3119 = VECTOR('',#3120,1.);
#3120 = DIRECTION('',(1.,0.,0.));
#3121 = PLANE('',#3122);
#3122 = AXIS2_PLACEMENT_3D('',#3123,#3124,#3125);
#3123 = CARTESIAN_POINT('',(0.,2.,4.3));
#3124 = DIRECTION('',(0.,-1.,0.));
#3125 = DIRECTION('',(0.,0.,1.));
#3126 = ADVANCED_FACE('',(#3127),#3152,.T.);
#3127 = FACE_BOUND('',#3128,.T.);
#3128 = EDGE_LOOP('',(#3129,#3137,#3145,#3151));
#3129 = ORIENTED_EDGE('',*,*,#3130,.T.);
#3130 = EDGE_CURVE('',#2201,#3131,#3133,.T.);
#3131 = VERTEX_POINT('',#3132);
#3132 = CARTESIAN_POINT('',(0.75,1.65,5.5));
#3133 = LINE('',#3134,#3135);
#3134 = CARTESIAN_POINT('',(0.75,1.825,5.5));
#3135 = VECTOR('',#3136,1.);
#3136 = DIRECTION('',(-0.,-1.,-0.));
#3137 = ORIENTED_EDGE('',*,*,#3138,.T.);
#3138 = EDGE_CURVE('',#3131,#3139,#3141,.T.);
#3139 = VERTEX_POINT('',#3140);
#3140 = CARTESIAN_POINT('',(0.75,1.65,6.3));
#3141 = LINE('',#3142,#3143);
#3142 = CARTESIAN_POINT('',(0.75,1.65,0.));
#3143 = VECTOR('',#3144,1.);
#3144 = DIRECTION('',(0.,0.,1.));
#3145 = ORIENTED_EDGE('',*,*,#3146,.T.);
#3146 = EDGE_CURVE('',#3139,#2225,#3147,.T.);
#3147 = LINE('',#3148,#3149);
#3148 = CARTESIAN_POINT('',(0.75,0.825,6.3));
#3149 = VECTOR('',#3150,1.);
#3150 = DIRECTION('',(0.,1.,0.));
#3151 = ORIENTED_EDGE('',*,*,#2224,.F.);
#3152 = PLANE('',#3153);
#3153 = AXIS2_PLACEMENT_3D('',#3154,#3155,#3156);
#3154 = CARTESIAN_POINT('',(0.75,1.65,0.));
#3155 = DIRECTION('',(-1.,0.,0.));
#3156 = DIRECTION('',(0.,1.,0.));
#3157 = ADVANCED_FACE('',(#3158),#3174,.T.);
#3158 = FACE_BOUND('',#3159,.T.);
#3159 = EDGE_LOOP('',(#3160,#3161,#3167,#3168));
#3160 = ORIENTED_EDGE('',*,*,#2248,.F.);
#3161 = ORIENTED_EDGE('',*,*,#3162,.T.);
#3162 = EDGE_CURVE('',#2225,#2387,#3163,.T.);
#3163 = LINE('',#3164,#3165);
#3164 = CARTESIAN_POINT('',(0.,2.,6.3));
#3165 = VECTOR('',#3166,1.);
#3166 = DIRECTION('',(1.,0.,0.));
#3167 = ORIENTED_EDGE('',*,*,#2418,.T.);
#3168 = ORIENTED_EDGE('',*,*,#3169,.F.);
#3169 = EDGE_CURVE('',#2249,#2411,#3170,.T.);
#3170 = LINE('',#3171,#3172);
#3171 = CARTESIAN_POINT('',(0.,2.,7.5));
#3172 = VECTOR('',#3173,1.);
#3173 = DIRECTION('',(1.,0.,0.));
#3174 = PLANE('',#3175);
#3175 = AXIS2_PLACEMENT_3D('',#3176,#3177,#3178);
#3176 = CARTESIAN_POINT('',(0.,2.,6.3));
#3177 = DIRECTION('',(0.,-1.,0.));
#3178 = DIRECTION('',(0.,0.,1.));
#3179 = ADVANCED_FACE('',(#3180),#3198,.T.);
#3180 = FACE_BOUND('',#3181,.T.);
#3181 = EDGE_LOOP('',(#3182,#3190,#3196,#3197));
#3182 = ORIENTED_EDGE('',*,*,#3183,.T.);
#3183 = EDGE_CURVE('',#2249,#3184,#3186,.T.);
#3184 = VERTEX_POINT('',#3185);
#3185 = CARTESIAN_POINT('',(0.75,1.65,7.5));
#3186 = LINE('',#3187,#3188);
#3187 = CARTESIAN_POINT('',(0.75,1.825,7.5));
#3188 = VECTOR('',#3189,1.);
#3189 = DIRECTION('',(-0.,-1.,-0.));
#3190 = ORIENTED_EDGE('',*,*,#3191,.T.);
#3191 = EDGE_CURVE('',#3184,#2554,#3192,.T.);
#3192 = LINE('',#3193,#3194);
#3193 = CARTESIAN_POINT('',(0.75,1.65,0.));
#3194 = VECTOR('',#3195,1.);
#3195 = DIRECTION('',(0.,0.,1.));
#3196 = ORIENTED_EDGE('',*,*,#2553,.T.);
#3197 = ORIENTED_EDGE('',*,*,#2272,.F.);
#3198 = PLANE('',#3199);
#3199 = AXIS2_PLACEMENT_3D('',#3200,#3201,#3202);
#3200 = CARTESIAN_POINT('',(0.75,1.65,0.));
#3201 = DIRECTION('',(-1.,0.,0.));
#3202 = DIRECTION('',(0.,1.,0.));
#3203 = ADVANCED_FACE('',(#3204),#3222,.T.);
#3204 = FACE_BOUND('',#3205,.T.);
#3205 = EDGE_LOOP('',(#3206,#3207,#3208,#3216));
#3206 = ORIENTED_EDGE('',*,*,#2458,.T.);
#3207 = ORIENTED_EDGE('',*,*,#2298,.T.);
#3208 = ORIENTED_EDGE('',*,*,#3209,.T.);
#3209 = EDGE_CURVE('',#2291,#3210,#3212,.T.);
#3210 = VERTEX_POINT('',#3211);
#3211 = CARTESIAN_POINT('',(1.15,1.467348446899,2.3));
#3212 = LINE('',#3213,#3214);
#3213 = CARTESIAN_POINT('',(1.15,1.,2.3));
#3214 = VECTOR('',#3215,1.);
#3215 = DIRECTION('',(0.,-1.,0.));
#3216 = ORIENTED_EDGE('',*,*,#3217,.F.);
#3217 = EDGE_CURVE('',#2459,#3210,#3218,.T.);
#3218 = LINE('',#3219,#3220);
#3219 = CARTESIAN_POINT('',(1.15,1.467348446899,0.));
#3220 = VECTOR('',#3221,1.);
#3221 = DIRECTION('',(0.,0.,1.));
#3222 = PLANE('',#3223);
#3223 = AXIS2_PLACEMENT_3D('',#3224,#3225,#3226);
#3224 = CARTESIAN_POINT('',(1.15,2.,0.));
#3225 = DIRECTION('',(1.,0.,0.));
#3226 = DIRECTION('',(0.,-1.,0.));
#3227 = ADVANCED_FACE('',(#3228),#3253,.T.);
#3228 = FACE_BOUND('',#3229,.T.);
#3229 = EDGE_LOOP('',(#3230,#3238,#3239,#3247));
#3230 = ORIENTED_EDGE('',*,*,#3231,.T.);
#3231 = EDGE_CURVE('',#3232,#2315,#3234,.T.);
#3232 = VERTEX_POINT('',#3233);
#3233 = CARTESIAN_POINT('',(1.15,1.467348446899,3.5));
#3234 = LINE('',#3235,#3236);
#3235 = CARTESIAN_POINT('',(1.15,2.,3.5));
#3236 = VECTOR('',#3237,1.);
#3237 = DIRECTION('',(0.,1.,0.));
#3238 = ORIENTED_EDGE('',*,*,#2346,.T.);
#3239 = ORIENTED_EDGE('',*,*,#3240,.T.);
#3240 = EDGE_CURVE('',#2339,#3241,#3243,.T.);
#3241 = VERTEX_POINT('',#3242);
#3242 = CARTESIAN_POINT('',(1.15,1.467348446899,4.3));
#3243 = LINE('',#3244,#3245);
#3244 = CARTESIAN_POINT('',(1.15,1.,4.3));
#3245 = VECTOR('',#3246,1.);
#3246 = DIRECTION('',(0.,-1.,0.));
#3247 = ORIENTED_EDGE('',*,*,#3248,.F.);
#3248 = EDGE_CURVE('',#3232,#3241,#3249,.T.);
#3249 = LINE('',#3250,#3251);
#3250 = CARTESIAN_POINT('',(1.15,1.467348446899,0.));
#3251 = VECTOR('',#3252,1.);
#3252 = DIRECTION('',(0.,0.,1.));
#3253 = PLANE('',#3254);
#3254 = AXIS2_PLACEMENT_3D('',#3255,#3256,#3257);
#3255 = CARTESIAN_POINT('',(1.15,2.,0.));
#3256 = DIRECTION('',(1.,0.,0.));
#3257 = DIRECTION('',(0.,-1.,0.));
#3258 = ADVANCED_FACE('',(#3259),#3284,.T.);
#3259 = FACE_BOUND('',#3260,.T.);
#3260 = EDGE_LOOP('',(#3261,#3269,#3270,#3278));
#3261 = ORIENTED_EDGE('',*,*,#3262,.T.);
#3262 = EDGE_CURVE('',#3263,#2363,#3265,.T.);
#3263 = VERTEX_POINT('',#3264);
#3264 = CARTESIAN_POINT('',(1.15,1.467348446899,5.5));
#3265 = LINE('',#3266,#3267);
#3266 = CARTESIAN_POINT('',(1.15,2.,5.5));
#3267 = VECTOR('',#3268,1.);
#3268 = DIRECTION('',(0.,1.,0.));
#3269 = ORIENTED_EDGE('',*,*,#2394,.T.);
#3270 = ORIENTED_EDGE('',*,*,#3271,.T.);
#3271 = EDGE_CURVE('',#2387,#3272,#3274,.T.);
#3272 = VERTEX_POINT('',#3273);
#3273 = CARTESIAN_POINT('',(1.15,1.467348446899,6.3));
#3274 = LINE('',#3275,#3276);
#3275 = CARTESIAN_POINT('',(1.15,1.,6.3));
#3276 = VECTOR('',#3277,1.);
#3277 = DIRECTION('',(0.,-1.,0.));
#3278 = ORIENTED_EDGE('',*,*,#3279,.F.);
#3279 = EDGE_CURVE('',#3263,#3272,#3280,.T.);
#3280 = LINE('',#3281,#3282);
#3281 = CARTESIAN_POINT('',(1.15,1.467348446899,0.));
#3282 = VECTOR('',#3283,1.);
#3283 = DIRECTION('',(0.,0.,1.));
#3284 = PLANE('',#3285);
#3285 = AXIS2_PLACEMENT_3D('',#3286,#3287,#3288);
#3286 = CARTESIAN_POINT('',(1.15,2.,0.));
#3287 = DIRECTION('',(1.,0.,0.));
#3288 = DIRECTION('',(0.,-1.,0.));
#3289 = ADVANCED_FACE('',(#3290),#3308,.T.);
#3290 = FACE_BOUND('',#3291,.T.);
#3291 = EDGE_LOOP('',(#3292,#3300,#3301,#3302));
#3292 = ORIENTED_EDGE('',*,*,#3293,.T.);
#3293 = EDGE_CURVE('',#3294,#2411,#3296,.T.);
#3294 = VERTEX_POINT('',#3295);
#3295 = CARTESIAN_POINT('',(1.15,1.467348446899,7.5));
#3296 = LINE('',#3297,#3298);
#3297 = CARTESIAN_POINT('',(1.15,2.,7.5));
#3298 = VECTOR('',#3299,1.);
#3299 = DIRECTION('',(0.,1.,0.));
#3300 = ORIENTED_EDGE('',*,*,#2435,.T.);
#3301 = ORIENTED_EDGE('',*,*,#2546,.T.);
#3302 = ORIENTED_EDGE('',*,*,#3303,.F.);
#3303 = EDGE_CURVE('',#3294,#2539,#3304,.T.);
#3304 = LINE('',#3305,#3306);
#3305 = CARTESIAN_POINT('',(1.15,1.467348446899,0.));
#3306 = VECTOR('',#3307,1.);
#3307 = DIRECTION('',(0.,0.,1.));
#3308 = PLANE('',#3309);
#3309 = AXIS2_PLACEMENT_3D('',#3310,#3311,#3312);
#3310 = CARTESIAN_POINT('',(1.15,2.,0.));
#3311 = DIRECTION('',(1.,0.,0.));
#3312 = DIRECTION('',(0.,-1.,0.));
#3313 = ADVANCED_FACE('',(#3314),#3332,.T.);
#3314 = FACE_BOUND('',#3315,.T.);
#3315 = EDGE_LOOP('',(#3316,#3317,#3325,#3331));
#3316 = ORIENTED_EDGE('',*,*,#2498,.T.);
#3317 = ORIENTED_EDGE('',*,*,#3318,.T.);
#3318 = EDGE_CURVE('',#2491,#3319,#3321,.T.);
#3319 = VERTEX_POINT('',#3320);
#3320 = CARTESIAN_POINT('',(0.,1.,2.3));
#3321 = LINE('',#3322,#3323);
#3322 = CARTESIAN_POINT('',(0.,1.,0.));
#3323 = VECTOR('',#3324,1.);
#3324 = DIRECTION('',(0.,0.,1.));
#3325 = ORIENTED_EDGE('',*,*,#3326,.T.);
#3326 = EDGE_CURVE('',#3319,#3033,#3327,.T.);
#3327 = LINE('',#3328,#3329);
#3328 = CARTESIAN_POINT('',(-0.247461928934,0.785532994924,2.3));
#3329 = VECTOR('',#3330,1.);
#3330 = DIRECTION('',(0.75568908279,0.654930538418,0.));
#3331 = ORIENTED_EDGE('',*,*,#3032,.F.);
#3332 = PLANE('',#3333);
#3333 = AXIS2_PLACEMENT_3D('',#3334,#3335,#3336);
#3334 = CARTESIAN_POINT('',(0.,1.,0.));
#3335 = DIRECTION('',(-0.654930538418,0.75568908279,0.));
#3336 = DIRECTION('',(0.75568908279,0.654930538418,0.));
#3337 = ADVANCED_FACE('',(#3338),#3356,.T.);
#3338 = FACE_BOUND('',#3339,.T.);
#3339 = EDGE_LOOP('',(#3340,#3341,#3349,#3355));
#3340 = ORIENTED_EDGE('',*,*,#2490,.T.);
#3341 = ORIENTED_EDGE('',*,*,#3342,.T.);
#3342 = EDGE_CURVE('',#2483,#3343,#3345,.T.);
#3343 = VERTEX_POINT('',#3344);
#3344 = CARTESIAN_POINT('',(0.,0.,2.3));
#3345 = LINE('',#3346,#3347);
#3346 = CARTESIAN_POINT('',(0.,0.,0.));
#3347 = VECTOR('',#3348,1.);
#3348 = DIRECTION('',(0.,0.,1.));
#3349 = ORIENTED_EDGE('',*,*,#3350,.T.);
#3350 = EDGE_CURVE('',#3343,#3319,#3351,.T.);
#3351 = LINE('',#3352,#3353);
#3352 = CARTESIAN_POINT('',(0.,0.,2.3));
#3353 = VECTOR('',#3354,1.);
#3354 = DIRECTION('',(0.,1.,0.));
#3355 = ORIENTED_EDGE('',*,*,#3318,.F.);
#3356 = PLANE('',#3357);
#3357 = AXIS2_PLACEMENT_3D('',#3358,#3359,#3360);
#3358 = CARTESIAN_POINT('',(0.,0.,0.));
#3359 = DIRECTION('',(-1.,0.,0.));
#3360 = DIRECTION('',(0.,1.,0.));
#3361 = ADVANCED_FACE('',(#3362),#3380,.T.);
#3362 = FACE_BOUND('',#3363,.T.);
#3363 = EDGE_LOOP('',(#3364,#3365,#3373,#3379));
#3364 = ORIENTED_EDGE('',*,*,#2482,.T.);
#3365 = ORIENTED_EDGE('',*,*,#3366,.T.);
#3366 = EDGE_CURVE('',#2475,#3367,#3369,.T.);
#3367 = VERTEX_POINT('',#3368);
#3368 = CARTESIAN_POINT('',(0.4,0.,2.3));
#3369 = LINE('',#3370,#3371);
#3370 = CARTESIAN_POINT('',(0.4,0.,0.));
#3371 = VECTOR('',#3372,1.);
#3372 = DIRECTION('',(0.,0.,1.));
#3373 = ORIENTED_EDGE('',*,*,#3374,.F.);
#3374 = EDGE_CURVE('',#3343,#3367,#3375,.T.);
#3375 = LINE('',#3376,#3377);
#3376 = CARTESIAN_POINT('',(0.,0.,2.3));
#3377 = VECTOR('',#3378,1.);
#3378 = DIRECTION('',(1.,0.,0.));
#3379 = ORIENTED_EDGE('',*,*,#3342,.F.);
#3380 = PLANE('',#3381);
#3381 = AXIS2_PLACEMENT_3D('',#3382,#3383,#3384);
#3382 = CARTESIAN_POINT('',(0.4,0.,0.));
#3383 = DIRECTION('',(0.,-1.,0.));
#3384 = DIRECTION('',(-1.,0.,0.));
#3385 = ADVANCED_FACE('',(#3386),#3404,.T.);
#3386 = FACE_BOUND('',#3387,.T.);
#3387 = EDGE_LOOP('',(#3388,#3389,#3397,#3403));
#3388 = ORIENTED_EDGE('',*,*,#2474,.T.);
#3389 = ORIENTED_EDGE('',*,*,#3390,.T.);
#3390 = EDGE_CURVE('',#2467,#3391,#3393,.T.);
#3391 = VERTEX_POINT('',#3392);
#3392 = CARTESIAN_POINT('',(0.4,0.817348446899,2.3));
#3393 = LINE('',#3394,#3395);
#3394 = CARTESIAN_POINT('',(0.4,0.817348446899,0.));
#3395 = VECTOR('',#3396,1.);
#3396 = DIRECTION('',(0.,0.,1.));
#3397 = ORIENTED_EDGE('',*,*,#3398,.T.);
#3398 = EDGE_CURVE('',#3391,#3367,#3399,.T.);
#3399 = LINE('',#3400,#3401);
#3400 = CARTESIAN_POINT('',(0.4,0.40867422345,2.3));
#3401 = VECTOR('',#3402,1.);
#3402 = DIRECTION('',(0.,-1.,0.));
#3403 = ORIENTED_EDGE('',*,*,#3366,.F.);
#3404 = PLANE('',#3405);
#3405 = AXIS2_PLACEMENT_3D('',#3406,#3407,#3408);
#3406 = CARTESIAN_POINT('',(0.4,0.817348446899,0.));
#3407 = DIRECTION('',(1.,0.,0.));
#3408 = DIRECTION('',(0.,-1.,0.));
#3409 = ADVANCED_FACE('',(#3410),#3421,.T.);
#3410 = FACE_BOUND('',#3411,.T.);
#3411 = EDGE_LOOP('',(#3412,#3413,#3414,#3420));
#3412 = ORIENTED_EDGE('',*,*,#2466,.T.);
#3413 = ORIENTED_EDGE('',*,*,#3217,.T.);
#3414 = ORIENTED_EDGE('',*,*,#3415,.T.);
#3415 = EDGE_CURVE('',#3210,#3391,#3416,.T.);
#3416 = LINE('',#3417,#3418);
#3417 = CARTESIAN_POINT('',(0.45852417875,0.868069401816,2.3));
#3418 = VECTOR('',#3419,1.);
#3419 = DIRECTION('',(-0.75568908279,-0.654930538418,0.));
#3420 = ORIENTED_EDGE('',*,*,#3390,.F.);
#3421 = PLANE('',#3422);
#3422 = AXIS2_PLACEMENT_3D('',#3423,#3424,#3425);
#3423 = CARTESIAN_POINT('',(1.15,1.467348446899,0.));
#3424 = DIRECTION('',(0.654930538418,-0.75568908279,0.));
#3425 = DIRECTION('',(-0.75568908279,-0.654930538418,0.));
#3426 = ADVANCED_FACE('',(#3427),#3452,.T.);
#3427 = FACE_BOUND('',#3428,.T.);
#3428 = EDGE_LOOP('',(#3429,#3439,#3445,#3446));
#3429 = ORIENTED_EDGE('',*,*,#3430,.T.);
#3430 = EDGE_CURVE('',#3431,#3433,#3435,.T.);
#3431 = VERTEX_POINT('',#3432);
#3432 = CARTESIAN_POINT('',(0.,1.,7.5));
#3433 = VERTEX_POINT('',#3434);
#3434 = CARTESIAN_POINT('',(0.,0.,7.5));
#3435 = LINE('',#3436,#3437);
#3436 = CARTESIAN_POINT('',(0.,2.,7.5));
#3437 = VECTOR('',#3438,1.);
#3438 = DIRECTION('',(0.,-1.,0.));
#3439 = ORIENTED_EDGE('',*,*,#3440,.T.);
#3440 = EDGE_CURVE('',#3433,#2513,#3441,.T.);
#3441 = LINE('',#3442,#3443);
#3442 = CARTESIAN_POINT('',(0.,0.,0.));
#3443 = VECTOR('',#3444,1.);
#3444 = DIRECTION('',(0.,0.,1.));
#3445 = ORIENTED_EDGE('',*,*,#2512,.T.);
#3446 = ORIENTED_EDGE('',*,*,#3447,.F.);
#3447 = EDGE_CURVE('',#3431,#2515,#3448,.T.);
#3448 = LINE('',#3449,#3450);
#3449 = CARTESIAN_POINT('',(0.,1.,0.));
#3450 = VECTOR('',#3451,1.);
#3451 = DIRECTION('',(0.,0.,1.));
#3452 = PLANE('',#3453);
#3453 = AXIS2_PLACEMENT_3D('',#3454,#3455,#3456);
#3454 = CARTESIAN_POINT('',(0.,0.,0.));
#3455 = DIRECTION('',(-1.,0.,0.));
#3456 = DIRECTION('',(0.,1.,0.));
#3457 = ADVANCED_FACE('',(#3458),#3469,.T.);
#3458 = FACE_BOUND('',#3459,.T.);
#3459 = EDGE_LOOP('',(#3460,#3466,#3467,#3468));
#3460 = ORIENTED_EDGE('',*,*,#3461,.T.);
#3461 = EDGE_CURVE('',#3184,#3431,#3462,.T.);
#3462 = LINE('',#3463,#3464);
#3463 = CARTESIAN_POINT('',(0.247461928934,1.214467005076,7.5));
#3464 = VECTOR('',#3465,1.);
#3465 = DIRECTION('',(-0.75568908279,-0.654930538418,-0.));
#3466 = ORIENTED_EDGE('',*,*,#3447,.T.);
#3467 = ORIENTED_EDGE('',*,*,#2561,.T.);
#3468 = ORIENTED_EDGE('',*,*,#3191,.F.);
#3469 = PLANE('',#3470);
#3470 = AXIS2_PLACEMENT_3D('',#3471,#3472,#3473);
#3471 = CARTESIAN_POINT('',(0.,1.,0.));
#3472 = DIRECTION('',(-0.654930538418,0.75568908279,0.));
#3473 = DIRECTION('',(0.75568908279,0.654930538418,0.));
#3474 = ADVANCED_FACE('',(#3475),#3493,.T.);
#3475 = FACE_BOUND('',#3476,.T.);
#3476 = EDGE_LOOP('',(#3477,#3485,#3486,#3487));
#3477 = ORIENTED_EDGE('',*,*,#3478,.T.);
#3478 = EDGE_CURVE('',#3479,#3294,#3481,.T.);
#3479 = VERTEX_POINT('',#3480);
#3480 = CARTESIAN_POINT('',(0.4,0.817348446899,7.5));
#3481 = LINE('',#3482,#3483);
#3482 = CARTESIAN_POINT('',(0.953448036618,1.297003411968,7.5));
#3483 = VECTOR('',#3484,1.);
#3484 = DIRECTION('',(0.75568908279,0.654930538418,0.));
#3485 = ORIENTED_EDGE('',*,*,#3303,.T.);
#3486 = ORIENTED_EDGE('',*,*,#2538,.T.);
#3487 = ORIENTED_EDGE('',*,*,#3488,.F.);
#3488 = EDGE_CURVE('',#3479,#2531,#3489,.T.);
#3489 = LINE('',#3490,#3491);
#3490 = CARTESIAN_POINT('',(0.4,0.817348446899,0.));
#3491 = VECTOR('',#3492,1.);
#3492 = DIRECTION('',(0.,0.,1.));
#3493 = PLANE('',#3494);
#3494 = AXIS2_PLACEMENT_3D('',#3495,#3496,#3497);
#3495 = CARTESIAN_POINT('',(1.15,1.467348446899,0.));
#3496 = DIRECTION('',(0.654930538418,-0.75568908279,0.));
#3497 = DIRECTION('',(-0.75568908279,-0.654930538418,0.));
#3498 = ADVANCED_FACE('',(#3499),#3517,.T.);
#3499 = FACE_BOUND('',#3500,.T.);
#3500 = EDGE_LOOP('',(#3501,#3509,#3510,#3511));
#3501 = ORIENTED_EDGE('',*,*,#3502,.T.);
#3502 = EDGE_CURVE('',#3503,#3479,#3505,.T.);
#3503 = VERTEX_POINT('',#3504);
#3504 = CARTESIAN_POINT('',(0.4,0.,7.5));
#3505 = LINE('',#3506,#3507);
#3506 = CARTESIAN_POINT('',(0.4,1.40867422345,7.5));
#3507 = VECTOR('',#3508,1.);
#3508 = DIRECTION('',(0.,1.,0.));
#3509 = ORIENTED_EDGE('',*,*,#3488,.T.);
#3510 = ORIENTED_EDGE('',*,*,#2530,.T.);
#3511 = ORIENTED_EDGE('',*,*,#3512,.F.);
#3512 = EDGE_CURVE('',#3503,#2523,#3513,.T.);
#3513 = LINE('',#3514,#3515);
#3514 = CARTESIAN_POINT('',(0.4,0.,0.));
#3515 = VECTOR('',#3516,1.);
#3516 = DIRECTION('',(0.,0.,1.));
#3517 = PLANE('',#3518);
#3518 = AXIS2_PLACEMENT_3D('',#3519,#3520,#3521);
#3519 = CARTESIAN_POINT('',(0.4,0.817348446899,0.));
#3520 = DIRECTION('',(1.,0.,0.));
#3521 = DIRECTION('',(0.,-1.,0.));
#3522 = ADVANCED_FACE('',(#3523),#3534,.T.);
#3523 = FACE_BOUND('',#3524,.T.);
#3524 = EDGE_LOOP('',(#3525,#3531,#3532,#3533));
#3525 = ORIENTED_EDGE('',*,*,#3526,.T.);
#3526 = EDGE_CURVE('',#3433,#3503,#3527,.T.);
#3527 = LINE('',#3528,#3529);
#3528 = CARTESIAN_POINT('',(0.,0.,7.5));
#3529 = VECTOR('',#3530,1.);
#3530 = DIRECTION('',(1.,0.,0.));
#3531 = ORIENTED_EDGE('',*,*,#3512,.T.);
#3532 = ORIENTED_EDGE('',*,*,#2522,.F.);
#3533 = ORIENTED_EDGE('',*,*,#3440,.F.);
#3534 = PLANE('',#3535);
#3535 = AXIS2_PLACEMENT_3D('',#3536,#3537,#3538);
#3536 = CARTESIAN_POINT('',(0.4,0.,0.));
#3537 = DIRECTION('',(0.,-1.,0.));
#3538 = DIRECTION('',(-1.,0.,0.));
#3539 = ADVANCED_FACE('',(#3540),#3550,.T.);
#3540 = FACE_BOUND('',#3541,.T.);
#3541 = EDGE_LOOP('',(#3542,#3543,#3544,#3545,#3546,#3547,#3548,#3549));
#3542 = ORIENTED_EDGE('',*,*,#3350,.F.);
#3543 = ORIENTED_EDGE('',*,*,#3374,.T.);
#3544 = ORIENTED_EDGE('',*,*,#3398,.F.);
#3545 = ORIENTED_EDGE('',*,*,#3415,.F.);
#3546 = ORIENTED_EDGE('',*,*,#3209,.F.);
#3547 = ORIENTED_EDGE('',*,*,#3056,.F.);
#3548 = ORIENTED_EDGE('',*,*,#3040,.F.);
#3549 = ORIENTED_EDGE('',*,*,#3326,.F.);
#3550 = PLANE('',#3551);
#3551 = AXIS2_PLACEMENT_3D('',#3552,#3553,#3554);
#3552 = CARTESIAN_POINT('',(0.,0.,2.3));
#3553 = DIRECTION('',(0.,0.,1.));
#3554 = DIRECTION('',(0.,1.,0.));
#3555 = ADVANCED_FACE('',(#3556),#3599,.T.);
#3556 = FACE_BOUND('',#3557,.T.);
#3557 = EDGE_LOOP('',(#3558,#3559,#3560,#3561,#3569,#3577,#3585,#3593));
#3558 = ORIENTED_EDGE('',*,*,#3077,.F.);
#3559 = ORIENTED_EDGE('',*,*,#3063,.T.);
#3560 = ORIENTED_EDGE('',*,*,#3231,.F.);
#3561 = ORIENTED_EDGE('',*,*,#3562,.F.);
#3562 = EDGE_CURVE('',#3563,#3232,#3565,.T.);
#3563 = VERTEX_POINT('',#3564);
#3564 = CARTESIAN_POINT('',(0.4,0.817348446899,3.5));
#3565 = LINE('',#3566,#3567);
#3566 = CARTESIAN_POINT('',(0.953448036618,1.297003411968,3.5));
#3567 = VECTOR('',#3568,1.);
#3568 = DIRECTION('',(0.75568908279,0.654930538418,0.));
#3569 = ORIENTED_EDGE('',*,*,#3570,.F.);
#3570 = EDGE_CURVE('',#3571,#3563,#3573,.T.);
#3571 = VERTEX_POINT('',#3572);
#3572 = CARTESIAN_POINT('',(0.4,0.,3.5));
#3573 = LINE('',#3574,#3575);
#3574 = CARTESIAN_POINT('',(0.4,1.40867422345,3.5));
#3575 = VECTOR('',#3576,1.);
#3576 = DIRECTION('',(0.,1.,0.));
#3577 = ORIENTED_EDGE('',*,*,#3578,.F.);
#3578 = EDGE_CURVE('',#3579,#3571,#3581,.T.);
#3579 = VERTEX_POINT('',#3580);
#3580 = CARTESIAN_POINT('',(0.,0.,3.5));
#3581 = LINE('',#3582,#3583);
#3582 = CARTESIAN_POINT('',(0.,0.,3.5));
#3583 = VECTOR('',#3584,1.);
#3584 = DIRECTION('',(1.,0.,0.));
#3585 = ORIENTED_EDGE('',*,*,#3586,.F.);
#3586 = EDGE_CURVE('',#3587,#3579,#3589,.T.);
#3587 = VERTEX_POINT('',#3588);
#3588 = CARTESIAN_POINT('',(0.,1.,3.5));
#3589 = LINE('',#3590,#3591);
#3590 = CARTESIAN_POINT('',(0.,2.,3.5));
#3591 = VECTOR('',#3592,1.);
#3592 = DIRECTION('',(0.,-1.,0.));
#3593 = ORIENTED_EDGE('',*,*,#3594,.F.);
#3594 = EDGE_CURVE('',#3078,#3587,#3595,.T.);
#3595 = LINE('',#3596,#3597);
#3596 = CARTESIAN_POINT('',(0.247461928934,1.214467005076,3.5));
#3597 = VECTOR('',#3598,1.);
#3598 = DIRECTION('',(-0.75568908279,-0.654930538418,-0.));
#3599 = PLANE('',#3600);
#3600 = AXIS2_PLACEMENT_3D('',#3601,#3602,#3603);
#3601 = CARTESIAN_POINT('',(0.,2.,3.5));
#3602 = DIRECTION('',(0.,0.,-1.));
#3603 = DIRECTION('',(0.,-1.,0.));
#3604 = ADVANCED_FACE('',(#3605),#3648,.T.);
#3605 = FACE_BOUND('',#3606,.T.);
#3606 = EDGE_LOOP('',(#3607,#3617,#3625,#3633,#3639,#3640,#3641,#3642));
#3607 = ORIENTED_EDGE('',*,*,#3608,.F.);
#3608 = EDGE_CURVE('',#3609,#3611,#3613,.T.);
#3609 = VERTEX_POINT('',#3610);
#3610 = CARTESIAN_POINT('',(0.,0.,4.3));
#3611 = VERTEX_POINT('',#3612);
#3612 = CARTESIAN_POINT('',(0.,1.,4.3));
#3613 = LINE('',#3614,#3615);
#3614 = CARTESIAN_POINT('',(0.,0.,4.3));
#3615 = VECTOR('',#3616,1.);
#3616 = DIRECTION('',(0.,1.,0.));
#3617 = ORIENTED_EDGE('',*,*,#3618,.T.);
#3618 = EDGE_CURVE('',#3609,#3619,#3621,.T.);
#3619 = VERTEX_POINT('',#3620);
#3620 = CARTESIAN_POINT('',(0.4,0.,4.3));
#3621 = LINE('',#3622,#3623);
#3622 = CARTESIAN_POINT('',(0.,0.,4.3));
#3623 = VECTOR('',#3624,1.);
#3624 = DIRECTION('',(1.,0.,0.));
#3625 = ORIENTED_EDGE('',*,*,#3626,.F.);
#3626 = EDGE_CURVE('',#3627,#3619,#3629,.T.);
#3627 = VERTEX_POINT('',#3628);
#3628 = CARTESIAN_POINT('',(0.4,0.817348446899,4.3));
#3629 = LINE('',#3630,#3631);
#3630 = CARTESIAN_POINT('',(0.4,0.40867422345,4.3));
#3631 = VECTOR('',#3632,1.);
#3632 = DIRECTION('',(0.,-1.,0.));
#3633 = ORIENTED_EDGE('',*,*,#3634,.F.);
#3634 = EDGE_CURVE('',#3241,#3627,#3635,.T.);
#3635 = LINE('',#3636,#3637);
#3636 = CARTESIAN_POINT('',(0.45852417875,0.868069401816,4.3));
#3637 = VECTOR('',#3638,1.);
#3638 = DIRECTION('',(-0.75568908279,-0.654930538418,0.));
#3639 = ORIENTED_EDGE('',*,*,#3240,.F.);
#3640 = ORIENTED_EDGE('',*,*,#3109,.F.);
#3641 = ORIENTED_EDGE('',*,*,#3093,.F.);
#3642 = ORIENTED_EDGE('',*,*,#3643,.F.);
#3643 = EDGE_CURVE('',#3611,#3086,#3644,.T.);
#3644 = LINE('',#3645,#3646);
#3645 = CARTESIAN_POINT('',(-0.247461928934,0.785532994924,4.3));
#3646 = VECTOR('',#3647,1.);
#3647 = DIRECTION('',(0.75568908279,0.654930538418,0.));
#3648 = PLANE('',#3649);
#3649 = AXIS2_PLACEMENT_3D('',#3650,#3651,#3652);
#3650 = CARTESIAN_POINT('',(0.,0.,4.3));
#3651 = DIRECTION('',(0.,0.,1.));
#3652 = DIRECTION('',(0.,1.,0.));
#3653 = ADVANCED_FACE('',(#3654),#3665,.T.);
#3654 = FACE_BOUND('',#3655,.T.);
#3655 = EDGE_LOOP('',(#3656,#3657,#3663,#3664));
#3656 = ORIENTED_EDGE('',*,*,#3594,.T.);
#3657 = ORIENTED_EDGE('',*,*,#3658,.T.);
#3658 = EDGE_CURVE('',#3587,#3611,#3659,.T.);
#3659 = LINE('',#3660,#3661);
#3660 = CARTESIAN_POINT('',(0.,1.,0.));
#3661 = VECTOR('',#3662,1.);
#3662 = DIRECTION('',(0.,0.,1.));
#3663 = ORIENTED_EDGE('',*,*,#3643,.T.);
#3664 = ORIENTED_EDGE('',*,*,#3085,.F.);
#3665 = PLANE('',#3666);
#3666 = AXIS2_PLACEMENT_3D('',#3667,#3668,#3669);
#3667 = CARTESIAN_POINT('',(0.,1.,0.));
#3668 = DIRECTION('',(-0.654930538418,0.75568908279,0.));
#3669 = DIRECTION('',(0.75568908279,0.654930538418,0.));
#3670 = ADVANCED_FACE('',(#3671),#3714,.T.);
#3671 = FACE_BOUND('',#3672,.T.);
#3672 = EDGE_LOOP('',(#3673,#3674,#3675,#3676,#3684,#3692,#3700,#3708));
#3673 = ORIENTED_EDGE('',*,*,#3130,.F.);
#3674 = ORIENTED_EDGE('',*,*,#3116,.T.);
#3675 = ORIENTED_EDGE('',*,*,#3262,.F.);
#3676 = ORIENTED_EDGE('',*,*,#3677,.F.);
#3677 = EDGE_CURVE('',#3678,#3263,#3680,.T.);
#3678 = VERTEX_POINT('',#3679);
#3679 = CARTESIAN_POINT('',(0.4,0.817348446899,5.5));
#3680 = LINE('',#3681,#3682);
#3681 = CARTESIAN_POINT('',(0.953448036618,1.297003411968,5.5));
#3682 = VECTOR('',#3683,1.);
#3683 = DIRECTION('',(0.75568908279,0.654930538418,0.));
#3684 = ORIENTED_EDGE('',*,*,#3685,.F.);
#3685 = EDGE_CURVE('',#3686,#3678,#3688,.T.);
#3686 = VERTEX_POINT('',#3687);
#3687 = CARTESIAN_POINT('',(0.4,0.,5.5));
#3688 = LINE('',#3689,#3690);
#3689 = CARTESIAN_POINT('',(0.4,1.40867422345,5.5));
#3690 = VECTOR('',#3691,1.);
#3691 = DIRECTION('',(0.,1.,0.));
#3692 = ORIENTED_EDGE('',*,*,#3693,.F.);
#3693 = EDGE_CURVE('',#3694,#3686,#3696,.T.);
#3694 = VERTEX_POINT('',#3695);
#3695 = CARTESIAN_POINT('',(0.,0.,5.5));
#3696 = LINE('',#3697,#3698);
#3697 = CARTESIAN_POINT('',(0.,0.,5.5));
#3698 = VECTOR('',#3699,1.);
#3699 = DIRECTION('',(1.,0.,0.));
#3700 = ORIENTED_EDGE('',*,*,#3701,.F.);
#3701 = EDGE_CURVE('',#3702,#3694,#3704,.T.);
#3702 = VERTEX_POINT('',#3703);
#3703 = CARTESIAN_POINT('',(0.,1.,5.5));
#3704 = LINE('',#3705,#3706);
#3705 = CARTESIAN_POINT('',(0.,2.,5.5));
#3706 = VECTOR('',#3707,1.);
#3707 = DIRECTION('',(0.,-1.,0.));
#3708 = ORIENTED_EDGE('',*,*,#3709,.F.);
#3709 = EDGE_CURVE('',#3131,#3702,#3710,.T.);
#3710 = LINE('',#3711,#3712);
#3711 = CARTESIAN_POINT('',(0.247461928934,1.214467005076,5.5));
#3712 = VECTOR('',#3713,1.);
#3713 = DIRECTION('',(-0.75568908279,-0.654930538418,-0.));
#3714 = PLANE('',#3715);
#3715 = AXIS2_PLACEMENT_3D('',#3716,#3717,#3718);
#3716 = CARTESIAN_POINT('',(0.,2.,5.5));
#3717 = DIRECTION('',(0.,0.,-1.));
#3718 = DIRECTION('',(0.,-1.,0.));
#3719 = ADVANCED_FACE('',(#3720),#3763,.T.);
#3720 = FACE_BOUND('',#3721,.T.);
#3721 = EDGE_LOOP('',(#3722,#3732,#3740,#3748,#3754,#3755,#3756,#3757));
#3722 = ORIENTED_EDGE('',*,*,#3723,.F.);
#3723 = EDGE_CURVE('',#3724,#3726,#3728,.T.);
#3724 = VERTEX_POINT('',#3725);
#3725 = CARTESIAN_POINT('',(0.,0.,6.3));
#3726 = VERTEX_POINT('',#3727);
#3727 = CARTESIAN_POINT('',(0.,1.,6.3));
#3728 = LINE('',#3729,#3730);
#3729 = CARTESIAN_POINT('',(0.,0.,6.3));
#3730 = VECTOR('',#3731,1.);
#3731 = DIRECTION('',(0.,1.,0.));
#3732 = ORIENTED_EDGE('',*,*,#3733,.T.);
#3733 = EDGE_CURVE('',#3724,#3734,#3736,.T.);
#3734 = VERTEX_POINT('',#3735);
#3735 = CARTESIAN_POINT('',(0.4,0.,6.3));
#3736 = LINE('',#3737,#3738);
#3737 = CARTESIAN_POINT('',(0.,0.,6.3));
#3738 = VECTOR('',#3739,1.);
#3739 = DIRECTION('',(1.,0.,0.));
#3740 = ORIENTED_EDGE('',*,*,#3741,.F.);
#3741 = EDGE_CURVE('',#3742,#3734,#3744,.T.);
#3742 = VERTEX_POINT('',#3743);
#3743 = CARTESIAN_POINT('',(0.4,0.817348446899,6.3));
#3744 = LINE('',#3745,#3746);
#3745 = CARTESIAN_POINT('',(0.4,0.40867422345,6.3));
#3746 = VECTOR('',#3747,1.);
#3747 = DIRECTION('',(0.,-1.,0.));
#3748 = ORIENTED_EDGE('',*,*,#3749,.F.);
#3749 = EDGE_CURVE('',#3272,#3742,#3750,.T.);
#3750 = LINE('',#3751,#3752);
#3751 = CARTESIAN_POINT('',(0.45852417875,0.868069401816,6.3));
#3752 = VECTOR('',#3753,1.);
#3753 = DIRECTION('',(-0.75568908279,-0.654930538418,0.));
#3754 = ORIENTED_EDGE('',*,*,#3271,.F.);
#3755 = ORIENTED_EDGE('',*,*,#3162,.F.);
#3756 = ORIENTED_EDGE('',*,*,#3146,.F.);
#3757 = ORIENTED_EDGE('',*,*,#3758,.F.);
#3758 = EDGE_CURVE('',#3726,#3139,#3759,.T.);
#3759 = LINE('',#3760,#3761);
#3760 = CARTESIAN_POINT('',(-0.247461928934,0.785532994924,6.3));
#3761 = VECTOR('',#3762,1.);
#3762 = DIRECTION('',(0.75568908279,0.654930538418,0.));
#3763 = PLANE('',#3764);
#3764 = AXIS2_PLACEMENT_3D('',#3765,#3766,#3767);
#3765 = CARTESIAN_POINT('',(0.,0.,6.3));
#3766 = DIRECTION('',(0.,0.,1.));
#3767 = DIRECTION('',(0.,1.,0.));
#3768 = ADVANCED_FACE('',(#3769),#3780,.T.);
#3769 = FACE_BOUND('',#3770,.T.);
#3770 = EDGE_LOOP('',(#3771,#3772,#3778,#3779));
#3771 = ORIENTED_EDGE('',*,*,#3709,.T.);
#3772 = ORIENTED_EDGE('',*,*,#3773,.T.);
#3773 = EDGE_CURVE('',#3702,#3726,#3774,.T.);
#3774 = LINE('',#3775,#3776);
#3775 = CARTESIAN_POINT('',(0.,1.,0.));
#3776 = VECTOR('',#3777,1.);
#3777 = DIRECTION('',(0.,0.,1.));
#3778 = ORIENTED_EDGE('',*,*,#3758,.T.);
#3779 = ORIENTED_EDGE('',*,*,#3138,.F.);
#3780 = PLANE('',#3781);
#3781 = AXIS2_PLACEMENT_3D('',#3782,#3783,#3784);
#3782 = CARTESIAN_POINT('',(0.,1.,0.));
#3783 = DIRECTION('',(-0.654930538418,0.75568908279,0.));
#3784 = DIRECTION('',(0.75568908279,0.654930538418,0.));
#3785 = ADVANCED_FACE('',(#3786),#3796,.T.);
#3786 = FACE_BOUND('',#3787,.T.);
#3787 = EDGE_LOOP('',(#3788,#3789,#3790,#3791,#3792,#3793,#3794,#3795));
#3788 = ORIENTED_EDGE('',*,*,#3183,.F.);
#3789 = ORIENTED_EDGE('',*,*,#3169,.T.);
#3790 = ORIENTED_EDGE('',*,*,#3293,.F.);
#3791 = ORIENTED_EDGE('',*,*,#3478,.F.);
#3792 = ORIENTED_EDGE('',*,*,#3502,.F.);
#3793 = ORIENTED_EDGE('',*,*,#3526,.F.);
#3794 = ORIENTED_EDGE('',*,*,#3430,.F.);
#3795 = ORIENTED_EDGE('',*,*,#3461,.F.);
#3796 = PLANE('',#3797);
#3797 = AXIS2_PLACEMENT_3D('',#3798,#3799,#3800);
#3798 = CARTESIAN_POINT('',(0.,2.,7.5));
#3799 = DIRECTION('',(0.,0.,-1.));
#3800 = DIRECTION('',(0.,-1.,0.));
#3801 = ADVANCED_FACE('',(#3802),#3813,.T.);
#3802 = FACE_BOUND('',#3803,.T.);
#3803 = EDGE_LOOP('',(#3804,#3805,#3806,#3807));
#3804 = ORIENTED_EDGE('',*,*,#3562,.T.);
#3805 = ORIENTED_EDGE('',*,*,#3248,.T.);
#3806 = ORIENTED_EDGE('',*,*,#3634,.T.);
#3807 = ORIENTED_EDGE('',*,*,#3808,.F.);
#3808 = EDGE_CURVE('',#3563,#3627,#3809,.T.);
#3809 = LINE('',#3810,#3811);
#3810 = CARTESIAN_POINT('',(0.4,0.817348446899,0.));
#3811 = VECTOR('',#3812,1.);
#3812 = DIRECTION('',(0.,0.,1.));
#3813 = PLANE('',#3814);
#3814 = AXIS2_PLACEMENT_3D('',#3815,#3816,#3817);
#3815 = CARTESIAN_POINT('',(1.15,1.467348446899,0.));
#3816 = DIRECTION('',(0.654930538418,-0.75568908279,0.));
#3817 = DIRECTION('',(-0.75568908279,-0.654930538418,0.));
#3818 = ADVANCED_FACE('',(#3819),#3830,.T.);
#3819 = FACE_BOUND('',#3820,.T.);
#3820 = EDGE_LOOP('',(#3821,#3822,#3823,#3824));
#3821 = ORIENTED_EDGE('',*,*,#3677,.T.);
#3822 = ORIENTED_EDGE('',*,*,#3279,.T.);
#3823 = ORIENTED_EDGE('',*,*,#3749,.T.);
#3824 = ORIENTED_EDGE('',*,*,#3825,.F.);
#3825 = EDGE_CURVE('',#3678,#3742,#3826,.T.);
#3826 = LINE('',#3827,#3828);
#3827 = CARTESIAN_POINT('',(0.4,0.817348446899,0.));
#3828 = VECTOR('',#3829,1.);
#3829 = DIRECTION('',(0.,0.,1.));
#3830 = PLANE('',#3831);
#3831 = AXIS2_PLACEMENT_3D('',#3832,#3833,#3834);
#3832 = CARTESIAN_POINT('',(1.15,1.467348446899,0.));
#3833 = DIRECTION('',(0.654930538418,-0.75568908279,0.));
#3834 = DIRECTION('',(-0.75568908279,-0.654930538418,0.));
#3835 = ADVANCED_FACE('',(#3836),#3847,.T.);
#3836 = FACE_BOUND('',#3837,.T.);
#3837 = EDGE_LOOP('',(#3838,#3839,#3845,#3846));
#3838 = ORIENTED_EDGE('',*,*,#3586,.T.);
#3839 = ORIENTED_EDGE('',*,*,#3840,.T.);
#3840 = EDGE_CURVE('',#3579,#3609,#3841,.T.);
#3841 = LINE('',#3842,#3843);
#3842 = CARTESIAN_POINT('',(0.,0.,0.));
#3843 = VECTOR('',#3844,1.);
#3844 = DIRECTION('',(0.,0.,1.));
#3845 = ORIENTED_EDGE('',*,*,#3608,.T.);
#3846 = ORIENTED_EDGE('',*,*,#3658,.F.);
#3847 = PLANE('',#3848);
#3848 = AXIS2_PLACEMENT_3D('',#3849,#3850,#3851);
#3849 = CARTESIAN_POINT('',(0.,0.,0.));
#3850 = DIRECTION('',(-1.,0.,0.));
#3851 = DIRECTION('',(0.,1.,0.));
#3852 = ADVANCED_FACE('',(#3853),#3864,.T.);
#3853 = FACE_BOUND('',#3854,.T.);
#3854 = EDGE_LOOP('',(#3855,#3856,#3862,#3863));
#3855 = ORIENTED_EDGE('',*,*,#3578,.T.);
#3856 = ORIENTED_EDGE('',*,*,#3857,.T.);
#3857 = EDGE_CURVE('',#3571,#3619,#3858,.T.);
#3858 = LINE('',#3859,#3860);
#3859 = CARTESIAN_POINT('',(0.4,0.,0.));
#3860 = VECTOR('',#3861,1.);
#3861 = DIRECTION('',(0.,0.,1.));
#3862 = ORIENTED_EDGE('',*,*,#3618,.F.);
#3863 = ORIENTED_EDGE('',*,*,#3840,.F.);
#3864 = PLANE('',#3865);
#3865 = AXIS2_PLACEMENT_3D('',#3866,#3867,#3868);
#3866 = CARTESIAN_POINT('',(0.4,0.,0.));
#3867 = DIRECTION('',(0.,-1.,0.));
#3868 = DIRECTION('',(-1.,0.,0.));
#3869 = ADVANCED_FACE('',(#3870),#3876,.T.);
#3870 = FACE_BOUND('',#3871,.T.);
#3871 = EDGE_LOOP('',(#3872,#3873,#3874,#3875));
#3872 = ORIENTED_EDGE('',*,*,#3570,.T.);
#3873 = ORIENTED_EDGE('',*,*,#3808,.T.);
#3874 = ORIENTED_EDGE('',*,*,#3626,.T.);
#3875 = ORIENTED_EDGE('',*,*,#3857,.F.);
#3876 = PLANE('',#3877);
#3877 = AXIS2_PLACEMENT_3D('',#3878,#3879,#3880);
#3878 = CARTESIAN_POINT('',(0.4,0.817348446899,0.));
#3879 = DIRECTION('',(1.,0.,0.));
#3880 = DIRECTION('',(0.,-1.,0.));
#3881 = ADVANCED_FACE('',(#3882),#3893,.T.);
#3882 = FACE_BOUND('',#3883,.T.);
#3883 = EDGE_LOOP('',(#3884,#3885,#3891,#3892));
#3884 = ORIENTED_EDGE('',*,*,#3701,.T.);
#3885 = ORIENTED_EDGE('',*,*,#3886,.T.);
#3886 = EDGE_CURVE('',#3694,#3724,#3887,.T.);
#3887 = LINE('',#3888,#3889);
#3888 = CARTESIAN_POINT('',(0.,0.,0.));
#3889 = VECTOR('',#3890,1.);
#3890 = DIRECTION('',(0.,0.,1.));
#3891 = ORIENTED_EDGE('',*,*,#3723,.T.);
#3892 = ORIENTED_EDGE('',*,*,#3773,.F.);
#3893 = PLANE('',#3894);
#3894 = AXIS2_PLACEMENT_3D('',#3895,#3896,#3897);
#3895 = CARTESIAN_POINT('',(0.,0.,0.));
#3896 = DIRECTION('',(-1.,0.,0.));
#3897 = DIRECTION('',(0.,1.,0.));
#3898 = ADVANCED_FACE('',(#3899),#3910,.T.);
#3899 = FACE_BOUND('',#3900,.T.);
#3900 = EDGE_LOOP('',(#3901,#3902,#3908,#3909));
#3901 = ORIENTED_EDGE('',*,*,#3693,.T.);
#3902 = ORIENTED_EDGE('',*,*,#3903,.T.);
#3903 = EDGE_CURVE('',#3686,#3734,#3904,.T.);
#3904 = LINE('',#3905,#3906);
#3905 = CARTESIAN_POINT('',(0.4,0.,0.));
#3906 = VECTOR('',#3907,1.);
#3907 = DIRECTION('',(0.,0.,1.));
#3908 = ORIENTED_EDGE('',*,*,#3733,.F.);
#3909 = ORIENTED_EDGE('',*,*,#3886,.F.);
#3910 = PLANE('',#3911);
#3911 = AXIS2_PLACEMENT_3D('',#3912,#3913,#3914);
#3912 = CARTESIAN_POINT('',(0.4,0.,0.));
#3913 = DIRECTION('',(0.,-1.,0.));
#3914 = DIRECTION('',(-1.,0.,0.));
#3915 = ADVANCED_FACE('',(#3916),#3922,.T.);
#3916 = FACE_BOUND('',#3917,.T.);
#3917 = EDGE_LOOP('',(#3918,#3919,#3920,#3921));
#3918 = ORIENTED_EDGE('',*,*,#3685,.T.);
#3919 = ORIENTED_EDGE('',*,*,#3825,.T.);
#3920 = ORIENTED_EDGE('',*,*,#3741,.T.);
#3921 = ORIENTED_EDGE('',*,*,#3903,.F.);
#3922 = PLANE('',#3923);
#3923 = AXIS2_PLACEMENT_3D('',#3924,#3925,#3926);
#3924 = CARTESIAN_POINT('',(0.4,0.817348446899,0.));
#3925 = DIRECTION('',(1.,0.,0.));
#3926 = DIRECTION('',(0.,-1.,0.));
#3927 = ( GEOMETRIC_REPRESENTATION_CONTEXT(3) 
GLOBAL_UNCERTAINTY_ASSIGNED_CONTEXT((#3931)) 
GLOBAL_UNIT_ASSIGNED_CONTEXT((#3928,#3929,#3930)) REPRESENTATION_CONTEXT
('Context #1','3D Context with UNIT and UNCERTAINTY') );
#3928 = ( LENGTH_UNIT() NAMED_UNIT(*) SI_UNIT(.MILLI.,.METRE.) );
#3929 = ( NAMED_UNIT(*) PLANE_ANGLE_UNIT() SI_UNIT($,.RADIAN.) );
#3930 = ( NAMED_UNIT(*) SI_UNIT($,.STERADIAN.) SOLID_ANGLE_UNIT() );
#3931 = UNCERTAINTY_MEASURE_WITH_UNIT(LENGTH_MEASURE(5.E-06),#3928,
  'distance_accuracy_value','confusion accuracy');
#3932 = PRODUCT_RELATED_PRODUCT_CATEGORY('part',$,(#7));
#3933 = MECHANICAL_DESIGN_GEOMETRIC_PRESENTATION_REPRESENTATION('',(
    #3934),#3927);
#3934 = STYLED_ITEM('color',(#3935),#15);
#3935 = PRESENTATION_STYLE_ASSIGNMENT((#3936,#3942));
#3936 = SURFACE_STYLE_USAGE(.BOTH.,#3937);
#3937 = SURFACE_SIDE_STYLE('',(#3938));
#3938 = SURFACE_STYLE_FILL_AREA(#3939);
#3939 = FILL_AREA_STYLE('',(#3940));
#3940 = FILL_AREA_STYLE_COLOUR('',#3941);
#3941 = COLOUR_RGB('',0.678430976034,0.709803998361,0.741176010593);
#3942 = CURVE_STYLE('',#3943,POSITIVE_LENGTH_MEASURE(0.1),#3944);
#3943 = DRAUGHTING_PRE_DEFINED_CURVE_FONT('continuous');
#3944 = COLOUR_RGB('',9.803921802644E-02,9.803921802644E-02,
  9.803921802644E-02);
ENDSEC;
END-ISO-10303-21;
