
/tmp/arduino_build_443235/n1.ino.elf:     file format elf32-avr


Disassembly of section .text:

00000000 <__vectors>:
__vectors():
       0:	0c 94 e7 00 	jmp	0x1ce	; 0x1ce <__dtors_end>
       4:	0c 94 c2 09 	jmp	0x1384	; 0x1384 <__vector_1>
       8:	0c 94 9b 09 	jmp	0x1336	; 0x1336 <__vector_2>
       c:	0c 94 74 09 	jmp	0x12e8	; 0x12e8 <__vector_3>
      10:	0c 94 0f 01 	jmp	0x21e	; 0x21e <__bad_interrupt>
      14:	0c 94 0f 01 	jmp	0x21e	; 0x21e <__bad_interrupt>
      18:	0c 94 0f 01 	jmp	0x21e	; 0x21e <__bad_interrupt>
      1c:	0c 94 0f 01 	jmp	0x21e	; 0x21e <__bad_interrupt>
      20:	0c 94 0f 01 	jmp	0x21e	; 0x21e <__bad_interrupt>
      24:	0c 94 0f 01 	jmp	0x21e	; 0x21e <__bad_interrupt>
      28:	0c 94 0f 01 	jmp	0x21e	; 0x21e <__bad_interrupt>
      2c:	0c 94 0f 01 	jmp	0x21e	; 0x21e <__bad_interrupt>
      30:	0c 94 0f 01 	jmp	0x21e	; 0x21e <__bad_interrupt>
      34:	0c 94 0f 01 	jmp	0x21e	; 0x21e <__bad_interrupt>
      38:	0c 94 0f 01 	jmp	0x21e	; 0x21e <__bad_interrupt>
      3c:	0c 94 0f 01 	jmp	0x21e	; 0x21e <__bad_interrupt>
      40:	0c 94 0f 01 	jmp	0x21e	; 0x21e <__bad_interrupt>
      44:	0c 94 0f 01 	jmp	0x21e	; 0x21e <__bad_interrupt>
      48:	0c 94 2a 09 	jmp	0x1254	; 0x1254 <__vector_18>
      4c:	0c 94 0f 01 	jmp	0x21e	; 0x21e <__bad_interrupt>
      50:	0c 94 f8 08 	jmp	0x11f0	; 0x11f0 <__vector_20>
      54:	0c 94 d2 08 	jmp	0x11a4	; 0x11a4 <__vector_21>
      58:	0c 94 0f 01 	jmp	0x21e	; 0x21e <__bad_interrupt>
      5c:	0c 94 0f 01 	jmp	0x21e	; 0x21e <__bad_interrupt>
      60:	0c 94 0f 01 	jmp	0x21e	; 0x21e <__bad_interrupt>
      64:	0c 94 0f 01 	jmp	0x21e	; 0x21e <__bad_interrupt>
      68:	0c 94 e9 09 	jmp	0x13d2	; 0x13d2 <__vector_26>
      6c:	0c 94 0f 01 	jmp	0x21e	; 0x21e <__bad_interrupt>
      70:	0c 94 a0 08 	jmp	0x1140	; 0x1140 <__vector_28>
      74:	0c 94 7a 08 	jmp	0x10f4	; 0x10f4 <__vector_29>
      78:	0c 94 0f 01 	jmp	0x21e	; 0x21e <__bad_interrupt>

0000007c <__trampolines_end>:
__trampolines_start():
      7c:	00 00       	nop
      7e:	21 00       	.word	0x0021	; ????
      80:	24 00       	.word	0x0024	; ????
      82:	27 00       	.word	0x0027	; ????
      84:	2a 00       	.word	0x002a	; ????

00000086 <port_to_output_PGM>:
      86:	00 00 22 00 25 00 28 00 2b 00                       ..".%.(.+.

00000090 <port_to_input_PGM>:
      90:	00 00 20 00 23 00 26 00 29 00                       .. .#.&.).

0000009a <digital_pin_to_port_PGM>:
      9a:	02 02 02 02 02 02 02 02 04 04 04 04 04 04 04 04     ................
      aa:	03 03 03 03 03 03 03 03 01 01 01 01 01 01 01 01     ................

000000ba <digital_pin_to_bit_mask_PGM>:
      ba:	01 02 04 08 10 20 40 80 01 02 04 08 10 20 40 80     ..... @...... @.
      ca:	01 02 04 08 10 20 40 80 01 02 04 08 10 20 40 80     ..... @...... @.

000000da <digital_pin_to_timer_PGM>:
      da:	00 00 00 02 03 00 00 00 00 00 00 00 05 04 09 08     ................
	...

000000fa <M590_COMMAND_SEND_SMS>:
      fa:	43 4d 47 53 3d 22 00                                CMGS=".

00000101 <M590::queueSMS()::__c>:
     101:	53 4d 53 3a 20 00                                   SMS: .

00000107 <Parser::sendSystemRestarted()::__c>:
     107:	4c 65 20 73 79 73 74 c3 a8 6d 65 20 61 20 72 65     Le syst..me a re
     117:	64 c3 a9 6d 61 72 72 c3 a9 20 21 20 25 64 2f 25     d..marr.. ! %d/%
     127:	64 2f 25 64 2c 20 25 64 68 25 30 32 64 3a 25 30     d/%d, %dh%02d:%0
     137:	32 64 00                                            2d.

0000013a <M590_COMMAND_INPUT_PIN>:
     13a:	43 50 49 4e 3d 00                                   CPIN=.

00000140 <M590_COMMAND_PREFIX>:
     140:	41 54 2b 00                                         AT+.

00000144 <M590_RESPONSE_PREFIX>:
     144:	2b 00                                               +.

00000146 <M590_AT>:
     146:	41 54 00                                            AT.

00000149 <M590_ERROR_NOT_RESPONDING>:
     149:	0a 54 68 65 20 4d 35 39 30 20 64 69 64 20 6e 6f     .The M590 did no
     159:	74 20 72 65 73 70 6f 6e 64 20 74 6f 20 61 6e 20     t respond to an 
     169:	22 41 54 22 2e 20 50 6c 65 61 73 65 20 63 68 65     "AT". Please che
     179:	63 6b 20 73 65 72 69 61 6c 20 63 6f 6e 6e 65 63     ck serial connec
     189:	74 69 6f 6e 2c 20 70 6f 77 65 72 20 73 75 70 70     tion, power supp
     199:	6c 79 20 61 6e 64 20 4f 4e 4f 46 46 20 70 69 6e     ly and ONOFF pin
     1a9:	2e 00                                               ..

000001ab <M590_RESPONSE_OK>:
     1ab:	4f 4b 0d 0a 00                                      OK...

000001b0 <Ration::Ration()::__c>:
     1b0:	49 6e 69 74 69 61 6c 69 7a 65 64 20 72 61 74 69     Initialized rati
     1c0:	6f 6e 20 77 69 74 68 20 00 00                       on with ..

000001ca <__ctors_start>:
__ctors_start():
     1ca:	16 0b       	sbc	r17, r22

000001cc <__ctors_end>:
__dtors_start():
     1cc:	4f 10       	cpse	r4, r15

000001ce <__dtors_end>:
__dtors_end():
     1ce:	11 24       	eor	r1, r1
     1d0:	1f be       	out	0x3f, r1	; 63
     1d2:	cf ef       	ldi	r28, 0xFF	; 255
     1d4:	d0 e1       	ldi	r29, 0x10	; 16
     1d6:	de bf       	out	0x3e, r29	; 62
     1d8:	cd bf       	out	0x3d, r28	; 61

000001da <__do_clear_bss>:
__do_clear_bss():
/home/jenkins/workspace/avr-gcc-staging/label/debian7-x86_64/gcc-build/avr/avr5/libgcc/../../../../gcc/libgcc/config/avr/lib1funcs.S:2441
     1da:	23 e0       	ldi	r18, 0x03	; 3
/home/jenkins/workspace/avr-gcc-staging/label/debian7-x86_64/gcc-build/avr/avr5/libgcc/../../../../gcc/libgcc/config/avr/lib1funcs.S:2442
     1dc:	a8 e7       	ldi	r26, 0x78	; 120
/home/jenkins/workspace/avr-gcc-staging/label/debian7-x86_64/gcc-build/avr/avr5/libgcc/../../../../gcc/libgcc/config/avr/lib1funcs.S:2443
     1de:	b1 e0       	ldi	r27, 0x01	; 1
/home/jenkins/workspace/avr-gcc-staging/label/debian7-x86_64/gcc-build/avr/avr5/libgcc/../../../../gcc/libgcc/config/avr/lib1funcs.S:2444
     1e0:	01 c0       	rjmp	.+2      	; 0x1e4 <.do_clear_bss_start>

000001e2 <.do_clear_bss_loop>:
/home/jenkins/workspace/avr-gcc-staging/label/debian7-x86_64/gcc-build/avr/avr5/libgcc/../../../../gcc/libgcc/config/avr/lib1funcs.S:2446
     1e2:	1d 92       	st	X+, r1

000001e4 <.do_clear_bss_start>:
/home/jenkins/workspace/avr-gcc-staging/label/debian7-x86_64/gcc-build/avr/avr5/libgcc/../../../../gcc/libgcc/config/avr/lib1funcs.S:2448
     1e4:	aa 3d       	cpi	r26, 0xDA	; 218
/home/jenkins/workspace/avr-gcc-staging/label/debian7-x86_64/gcc-build/avr/avr5/libgcc/../../../../gcc/libgcc/config/avr/lib1funcs.S:2449
     1e6:	b2 07       	cpc	r27, r18
/home/jenkins/workspace/avr-gcc-staging/label/debian7-x86_64/gcc-build/avr/avr5/libgcc/../../../../gcc/libgcc/config/avr/lib1funcs.S:2450
     1e8:	e1 f7       	brne	.-8      	; 0x1e2 <.do_clear_bss_loop>

000001ea <__do_copy_data>:
__do_copy_data():
/home/jenkins/workspace/avr-gcc-staging/label/debian7-x86_64/gcc-build/avr/avr5/libgcc/../../../../gcc/libgcc/config/avr/lib1funcs.S:2409
     1ea:	11 e0       	ldi	r17, 0x01	; 1
/home/jenkins/workspace/avr-gcc-staging/label/debian7-x86_64/gcc-build/avr/avr5/libgcc/../../../../gcc/libgcc/config/avr/lib1funcs.S:2410
     1ec:	a0 e0       	ldi	r26, 0x00	; 0
/home/jenkins/workspace/avr-gcc-staging/label/debian7-x86_64/gcc-build/avr/avr5/libgcc/../../../../gcc/libgcc/config/avr/lib1funcs.S:2411
     1ee:	b1 e0       	ldi	r27, 0x01	; 1
/home/jenkins/workspace/avr-gcc-staging/label/debian7-x86_64/gcc-build/avr/avr5/libgcc/../../../../gcc/libgcc/config/avr/lib1funcs.S:2412
     1f0:	e4 e0       	ldi	r30, 0x04	; 4
/home/jenkins/workspace/avr-gcc-staging/label/debian7-x86_64/gcc-build/avr/avr5/libgcc/../../../../gcc/libgcc/config/avr/lib1funcs.S:2413
     1f2:	fb e2       	ldi	r31, 0x2B	; 43
/home/jenkins/workspace/avr-gcc-staging/label/debian7-x86_64/gcc-build/avr/avr5/libgcc/../../../../gcc/libgcc/config/avr/lib1funcs.S:2414
     1f4:	02 c0       	rjmp	.+4      	; 0x1fa <__do_copy_data+0x10>
/home/jenkins/workspace/avr-gcc-staging/label/debian7-x86_64/gcc-build/avr/avr5/libgcc/../../../../gcc/libgcc/config/avr/lib1funcs.S:2417
     1f6:	05 90       	lpm	r0, Z+
/home/jenkins/workspace/avr-gcc-staging/label/debian7-x86_64/gcc-build/avr/avr5/libgcc/../../../../gcc/libgcc/config/avr/lib1funcs.S:2422
     1f8:	0d 92       	st	X+, r0
/home/jenkins/workspace/avr-gcc-staging/label/debian7-x86_64/gcc-build/avr/avr5/libgcc/../../../../gcc/libgcc/config/avr/lib1funcs.S:2424
     1fa:	a8 37       	cpi	r26, 0x78	; 120
/home/jenkins/workspace/avr-gcc-staging/label/debian7-x86_64/gcc-build/avr/avr5/libgcc/../../../../gcc/libgcc/config/avr/lib1funcs.S:2425
     1fc:	b1 07       	cpc	r27, r17
/home/jenkins/workspace/avr-gcc-staging/label/debian7-x86_64/gcc-build/avr/avr5/libgcc/../../../../gcc/libgcc/config/avr/lib1funcs.S:2426
     1fe:	d9 f7       	brne	.-10     	; 0x1f6 <__do_copy_data+0xc>

00000200 <__do_global_ctors>:
__do_global_ctors():
/home/jenkins/workspace/avr-gcc-staging/label/debian7-x86_64/gcc-build/avr/avr5/libgcc/../../../../gcc/libgcc/config/avr/lib1funcs.S:2466
     200:	10 e0       	ldi	r17, 0x00	; 0
/home/jenkins/workspace/avr-gcc-staging/label/debian7-x86_64/gcc-build/avr/avr5/libgcc/../../../../gcc/libgcc/config/avr/lib1funcs.S:2467
     202:	c6 ee       	ldi	r28, 0xE6	; 230
/home/jenkins/workspace/avr-gcc-staging/label/debian7-x86_64/gcc-build/avr/avr5/libgcc/../../../../gcc/libgcc/config/avr/lib1funcs.S:2468
     204:	d0 e0       	ldi	r29, 0x00	; 0
/home/jenkins/workspace/avr-gcc-staging/label/debian7-x86_64/gcc-build/avr/avr5/libgcc/../../../../gcc/libgcc/config/avr/lib1funcs.S:2472
     206:	04 c0       	rjmp	.+8      	; 0x210 <__do_global_ctors+0x10>
/home/jenkins/workspace/avr-gcc-staging/label/debian7-x86_64/gcc-build/avr/avr5/libgcc/../../../../gcc/libgcc/config/avr/lib1funcs.S:2474
     208:	21 97       	sbiw	r28, 0x01	; 1
/home/jenkins/workspace/avr-gcc-staging/label/debian7-x86_64/gcc-build/avr/avr5/libgcc/../../../../gcc/libgcc/config/avr/lib1funcs.S:2480
     20a:	fe 01       	movw	r30, r28
/home/jenkins/workspace/avr-gcc-staging/label/debian7-x86_64/gcc-build/avr/avr5/libgcc/../../../../gcc/libgcc/config/avr/lib1funcs.S:2481
     20c:	0e 94 7d 13 	call	0x26fa	; 0x26fa <__tablejump2__>
/home/jenkins/workspace/avr-gcc-staging/label/debian7-x86_64/gcc-build/avr/avr5/libgcc/../../../../gcc/libgcc/config/avr/lib1funcs.S:2483
     210:	c5 3e       	cpi	r28, 0xE5	; 229
/home/jenkins/workspace/avr-gcc-staging/label/debian7-x86_64/gcc-build/avr/avr5/libgcc/../../../../gcc/libgcc/config/avr/lib1funcs.S:2484
     212:	d1 07       	cpc	r29, r17
/home/jenkins/workspace/avr-gcc-staging/label/debian7-x86_64/gcc-build/avr/avr5/libgcc/../../../../gcc/libgcc/config/avr/lib1funcs.S:2489
     214:	c9 f7       	brne	.-14     	; 0x208 <__do_global_ctors+0x8>
     216:	0e 94 65 0d 	call	0x1aca	; 0x1aca <main>
     21a:	0c 94 75 15 	jmp	0x2aea	; 0x2aea <__do_global_dtors>

0000021e <__bad_interrupt>:
__vector_22():
     21e:	0c 94 00 00 	jmp	0	; 0x0 <__vectors>

00000222 <TwoWire::onRequestService()>:
onRequestService():
/home/user/.arduino15/packages/MightyCore/hardware/avr/3.0.3/libraries/Wire/src/Wire.cpp:366
  // !!! this will kill any pending pre-master sendTo() activity
  txBufferIndex = 0;
  txBufferLength = 0;
  // alert user program
  user_onRequest();
}
     222:	08 95       	ret

00000224 <TwoWire::onReceiveService(unsigned char*, int)>:
onReceiveService():
/home/user/.arduino15/packages/MightyCore/hardware/avr/3.0.3/libraries/Wire/src/Wire.cpp:351
  // set rx iterator vars
  rxBufferIndex = 0;
  rxBufferLength = numBytes;
  // alert user program
  user_onReceive(numBytes);
}
     224:	08 95       	ret

00000226 <TwoWire::available()>:
available():
/home/user/.arduino15/packages/MightyCore/hardware/avr/3.0.3/libraries/Wire/src/Wire.cpp:290
// must be called in:
// slave rx event callback
// or after requestFrom(address, numBytes)
int TwoWire::available(void)
{
  return rxBufferLength - rxBufferIndex;
     226:	80 91 ba 02 	lds	r24, 0x02BA	; 0x8002ba <TwoWire::rxBufferLength>
     22a:	90 91 bb 02 	lds	r25, 0x02BB	; 0x8002bb <TwoWire::rxBufferIndex>
/home/user/.arduino15/packages/MightyCore/hardware/avr/3.0.3/libraries/Wire/src/Wire.cpp:291
}
     22e:	89 1b       	sub	r24, r25
     230:	99 0b       	sbc	r25, r25
     232:	08 95       	ret

00000234 <Print::print(char)>:
print():
/home/user/.arduino15/packages/MightyCore/hardware/avr/3.0.3/cores/MCUdude_corefiles/Print.cpp:69
  return write(str);
}

size_t Print::print(char c)
{
  return write(c);
     234:	dc 01       	movw	r26, r24
     236:	ed 91       	ld	r30, X+
     238:	fc 91       	ld	r31, X
     23a:	01 90       	ld	r0, Z+
     23c:	f0 81       	ld	r31, Z
     23e:	e0 2d       	mov	r30, r0
     240:	09 94       	ijmp

00000242 <Print::print(__FlashStringHelper const*)>:
/home/user/.arduino15/packages/MightyCore/hardware/avr/3.0.3/cores/MCUdude_corefiles/Print.cpp:45
  }
  return n;
}

size_t Print::print(const __FlashStringHelper *ifsh)
{
     242:	ef 92       	push	r14
     244:	ff 92       	push	r15
     246:	0f 93       	push	r16
     248:	1f 93       	push	r17
     24a:	cf 93       	push	r28
     24c:	df 93       	push	r29
     24e:	8c 01       	movw	r16, r24
     250:	7b 01       	movw	r14, r22
/home/user/.arduino15/packages/MightyCore/hardware/avr/3.0.3/cores/MCUdude_corefiles/Print.cpp:47
  PGM_P p = reinterpret_cast<PGM_P>(ifsh);
  size_t n = 0;
     252:	d0 e0       	ldi	r29, 0x00	; 0
     254:	c0 e0       	ldi	r28, 0x00	; 0
/home/user/.arduino15/packages/MightyCore/hardware/avr/3.0.3/cores/MCUdude_corefiles/Print.cpp:49
  while (1) {
    unsigned char c = pgm_read_byte(p++);
     256:	f7 01       	movw	r30, r14
     258:	ec 0f       	add	r30, r28
     25a:	fd 1f       	adc	r31, r29
     25c:	64 91       	lpm	r22, Z
/home/user/.arduino15/packages/MightyCore/hardware/avr/3.0.3/cores/MCUdude_corefiles/Print.cpp:50
    if (c == 0) break;
     25e:	66 23       	and	r22, r22
     260:	61 f0       	breq	.+24     	; 0x27a <Print::print(__FlashStringHelper const*)+0x38>
/home/user/.arduino15/packages/MightyCore/hardware/avr/3.0.3/cores/MCUdude_corefiles/Print.cpp:51
    if (write(c)) n++;
     262:	d8 01       	movw	r26, r16
     264:	ed 91       	ld	r30, X+
     266:	fc 91       	ld	r31, X
     268:	01 90       	ld	r0, Z+
     26a:	f0 81       	ld	r31, Z
     26c:	e0 2d       	mov	r30, r0
     26e:	c8 01       	movw	r24, r16
     270:	09 95       	icall
     272:	89 2b       	or	r24, r25
     274:	11 f0       	breq	.+4      	; 0x27a <Print::print(__FlashStringHelper const*)+0x38>
     276:	21 96       	adiw	r28, 0x01	; 1
     278:	ee cf       	rjmp	.-36     	; 0x256 <Print::print(__FlashStringHelper const*)+0x14>
/home/user/.arduino15/packages/MightyCore/hardware/avr/3.0.3/cores/MCUdude_corefiles/Print.cpp:55
    else break;
  }
  return n;
}
     27a:	ce 01       	movw	r24, r28
     27c:	df 91       	pop	r29
     27e:	cf 91       	pop	r28
     280:	1f 91       	pop	r17
     282:	0f 91       	pop	r16
     284:	ff 90       	pop	r15
     286:	ef 90       	pop	r14
     288:	08 95       	ret

0000028a <Print::write(unsigned char const*, unsigned int)>:
write():
/home/user/.arduino15/packages/MightyCore/hardware/avr/3.0.3/cores/MCUdude_corefiles/Print.cpp:35

// Public Methods //////////////////////////////////////////////////////////////

/* default implementation: may be overridden */
size_t Print::write(const uint8_t *buffer, size_t size)
{
     28a:	af 92       	push	r10
     28c:	bf 92       	push	r11
     28e:	cf 92       	push	r12
     290:	df 92       	push	r13
     292:	ef 92       	push	r14
     294:	ff 92       	push	r15
     296:	0f 93       	push	r16
     298:	1f 93       	push	r17
     29a:	cf 93       	push	r28
     29c:	df 93       	push	r29
     29e:	6c 01       	movw	r12, r24
     2a0:	7b 01       	movw	r14, r22
     2a2:	8b 01       	movw	r16, r22
     2a4:	04 0f       	add	r16, r20
     2a6:	15 1f       	adc	r17, r21
     2a8:	eb 01       	movw	r28, r22
     2aa:	5e 01       	movw	r10, r28
     2ac:	ae 18       	sub	r10, r14
     2ae:	bf 08       	sbc	r11, r15
/home/user/.arduino15/packages/MightyCore/hardware/avr/3.0.3/cores/MCUdude_corefiles/Print.cpp:37
  size_t n = 0;
  while (size--) {
     2b0:	c0 17       	cp	r28, r16
     2b2:	d1 07       	cpc	r29, r17
     2b4:	59 f0       	breq	.+22     	; 0x2cc <Print::write(unsigned char const*, unsigned int)+0x42>
/home/user/.arduino15/packages/MightyCore/hardware/avr/3.0.3/cores/MCUdude_corefiles/Print.cpp:38
    if (write(*buffer++)) n++;
     2b6:	69 91       	ld	r22, Y+
     2b8:	d6 01       	movw	r26, r12
     2ba:	ed 91       	ld	r30, X+
     2bc:	fc 91       	ld	r31, X
     2be:	01 90       	ld	r0, Z+
     2c0:	f0 81       	ld	r31, Z
     2c2:	e0 2d       	mov	r30, r0
     2c4:	c6 01       	movw	r24, r12
     2c6:	09 95       	icall
     2c8:	89 2b       	or	r24, r25
     2ca:	79 f7       	brne	.-34     	; 0x2aa <Print::write(unsigned char const*, unsigned int)+0x20>
/home/user/.arduino15/packages/MightyCore/hardware/avr/3.0.3/cores/MCUdude_corefiles/Print.cpp:42
    else break;
  }
  return n;
}
     2cc:	c5 01       	movw	r24, r10
     2ce:	df 91       	pop	r29
     2d0:	cf 91       	pop	r28
     2d2:	1f 91       	pop	r17
     2d4:	0f 91       	pop	r16
     2d6:	ff 90       	pop	r15
     2d8:	ef 90       	pop	r14
     2da:	df 90       	pop	r13
     2dc:	cf 90       	pop	r12
     2de:	bf 90       	pop	r11
     2e0:	af 90       	pop	r10
     2e2:	08 95       	ret

000002e4 <HardwareSerial::availableForWrite()>:
availableForWrite():
/home/user/.arduino15/packages/MightyCore/hardware/avr/3.0.3/cores/MCUdude_corefiles/HardwareSerial.cpp:195
{
  tx_buffer_index_t head;
  tx_buffer_index_t tail;

  TX_BUFFER_ATOMIC {
    head = _tx_buffer_head;
     2e4:	fc 01       	movw	r30, r24
     2e6:	53 8d       	ldd	r21, Z+27	; 0x1b
/home/user/.arduino15/packages/MightyCore/hardware/avr/3.0.3/cores/MCUdude_corefiles/HardwareSerial.cpp:196
    tail = _tx_buffer_tail;
     2e8:	44 8d       	ldd	r20, Z+28	; 0x1c
     2ea:	25 2f       	mov	r18, r21
     2ec:	30 e0       	ldi	r19, 0x00	; 0
     2ee:	84 2f       	mov	r24, r20
     2f0:	90 e0       	ldi	r25, 0x00	; 0
/home/user/.arduino15/packages/MightyCore/hardware/avr/3.0.3/cores/MCUdude_corefiles/HardwareSerial.cpp:198
  }
  if (head >= tail) return SERIAL_TX_BUFFER_SIZE - 1 - head + tail;
     2f2:	82 1b       	sub	r24, r18
     2f4:	93 0b       	sbc	r25, r19
     2f6:	54 17       	cp	r21, r20
     2f8:	10 f0       	brcs	.+4      	; 0x2fe <HardwareSerial::availableForWrite()+0x1a>
     2fa:	cf 96       	adiw	r24, 0x3f	; 63
     2fc:	08 95       	ret
/home/user/.arduino15/packages/MightyCore/hardware/avr/3.0.3/cores/MCUdude_corefiles/HardwareSerial.cpp:199
  return tail - head - 1;
     2fe:	01 97       	sbiw	r24, 0x01	; 1
/home/user/.arduino15/packages/MightyCore/hardware/avr/3.0.3/cores/MCUdude_corefiles/HardwareSerial.cpp:200
}
     300:	08 95       	ret

00000302 <HardwareSerial::read()>:
read():
/home/user/.arduino15/packages/MightyCore/hardware/avr/3.0.3/cores/MCUdude_corefiles/HardwareSerial.cpp:178
    return _rx_buffer[_rx_buffer_tail];
  }
}

int HardwareSerial::read(void)
{
     302:	fc 01       	movw	r30, r24
/home/user/.arduino15/packages/MightyCore/hardware/avr/3.0.3/cores/MCUdude_corefiles/HardwareSerial.cpp:180
  // if the head isn't ahead of the tail, we don't have any characters
  if (_rx_buffer_head == _rx_buffer_tail) {
     304:	91 8d       	ldd	r25, Z+25	; 0x19
     306:	82 8d       	ldd	r24, Z+26	; 0x1a
     308:	98 17       	cp	r25, r24
     30a:	61 f0       	breq	.+24     	; 0x324 <HardwareSerial::read()+0x22>
/home/user/.arduino15/packages/MightyCore/hardware/avr/3.0.3/cores/MCUdude_corefiles/HardwareSerial.cpp:183
    return -1;
  } else {
    unsigned char c = _rx_buffer[_rx_buffer_tail];
     30c:	a2 8d       	ldd	r26, Z+26	; 0x1a
     30e:	ae 0f       	add	r26, r30
     310:	bf 2f       	mov	r27, r31
     312:	b1 1d       	adc	r27, r1
     314:	5d 96       	adiw	r26, 0x1d	; 29
     316:	8c 91       	ld	r24, X
/home/user/.arduino15/packages/MightyCore/hardware/avr/3.0.3/cores/MCUdude_corefiles/HardwareSerial.cpp:184
    _rx_buffer_tail = (rx_buffer_index_t)(_rx_buffer_tail + 1) % SERIAL_RX_BUFFER_SIZE;
     318:	92 8d       	ldd	r25, Z+26	; 0x1a
     31a:	9f 5f       	subi	r25, 0xFF	; 255
     31c:	9f 73       	andi	r25, 0x3F	; 63
     31e:	92 8f       	std	Z+26, r25	; 0x1a
/home/user/.arduino15/packages/MightyCore/hardware/avr/3.0.3/cores/MCUdude_corefiles/HardwareSerial.cpp:185
    return c;
     320:	90 e0       	ldi	r25, 0x00	; 0
     322:	08 95       	ret
/home/user/.arduino15/packages/MightyCore/hardware/avr/3.0.3/cores/MCUdude_corefiles/HardwareSerial.cpp:181

int HardwareSerial::read(void)
{
  // if the head isn't ahead of the tail, we don't have any characters
  if (_rx_buffer_head == _rx_buffer_tail) {
    return -1;
     324:	8f ef       	ldi	r24, 0xFF	; 255
     326:	9f ef       	ldi	r25, 0xFF	; 255
/home/user/.arduino15/packages/MightyCore/hardware/avr/3.0.3/cores/MCUdude_corefiles/HardwareSerial.cpp:187
  } else {
    unsigned char c = _rx_buffer[_rx_buffer_tail];
    _rx_buffer_tail = (rx_buffer_index_t)(_rx_buffer_tail + 1) % SERIAL_RX_BUFFER_SIZE;
    return c;
  }
}
     328:	08 95       	ret

0000032a <HardwareSerial::peek()>:
peek():
/home/user/.arduino15/packages/MightyCore/hardware/avr/3.0.3/cores/MCUdude_corefiles/HardwareSerial.cpp:169
{
  return ((unsigned int)(SERIAL_RX_BUFFER_SIZE + _rx_buffer_head - _rx_buffer_tail)) % SERIAL_RX_BUFFER_SIZE;
}

int HardwareSerial::peek(void)
{
     32a:	fc 01       	movw	r30, r24
/home/user/.arduino15/packages/MightyCore/hardware/avr/3.0.3/cores/MCUdude_corefiles/HardwareSerial.cpp:170
  if (_rx_buffer_head == _rx_buffer_tail) {
     32c:	91 8d       	ldd	r25, Z+25	; 0x19
     32e:	82 8d       	ldd	r24, Z+26	; 0x1a
     330:	98 17       	cp	r25, r24
     332:	31 f0       	breq	.+12     	; 0x340 <HardwareSerial::peek()+0x16>
/home/user/.arduino15/packages/MightyCore/hardware/avr/3.0.3/cores/MCUdude_corefiles/HardwareSerial.cpp:173
    return -1;
  } else {
    return _rx_buffer[_rx_buffer_tail];
     334:	82 8d       	ldd	r24, Z+26	; 0x1a
     336:	e8 0f       	add	r30, r24
     338:	f1 1d       	adc	r31, r1
     33a:	85 8d       	ldd	r24, Z+29	; 0x1d
     33c:	90 e0       	ldi	r25, 0x00	; 0
     33e:	08 95       	ret
/home/user/.arduino15/packages/MightyCore/hardware/avr/3.0.3/cores/MCUdude_corefiles/HardwareSerial.cpp:171
}

int HardwareSerial::peek(void)
{
  if (_rx_buffer_head == _rx_buffer_tail) {
    return -1;
     340:	8f ef       	ldi	r24, 0xFF	; 255
     342:	9f ef       	ldi	r25, 0xFF	; 255
/home/user/.arduino15/packages/MightyCore/hardware/avr/3.0.3/cores/MCUdude_corefiles/HardwareSerial.cpp:175
  } else {
    return _rx_buffer[_rx_buffer_tail];
  }
}
     344:	08 95       	ret

00000346 <HardwareSerial::available()>:
available():
/home/user/.arduino15/packages/MightyCore/hardware/avr/3.0.3/cores/MCUdude_corefiles/HardwareSerial.cpp:164
  // clear any received data
  _rx_buffer_head = _rx_buffer_tail;
}

int HardwareSerial::available(void)
{
     346:	fc 01       	movw	r30, r24
/home/user/.arduino15/packages/MightyCore/hardware/avr/3.0.3/cores/MCUdude_corefiles/HardwareSerial.cpp:165
  return ((unsigned int)(SERIAL_RX_BUFFER_SIZE + _rx_buffer_head - _rx_buffer_tail)) % SERIAL_RX_BUFFER_SIZE;
     348:	91 8d       	ldd	r25, Z+25	; 0x19
     34a:	22 8d       	ldd	r18, Z+26	; 0x1a
     34c:	89 2f       	mov	r24, r25
     34e:	90 e0       	ldi	r25, 0x00	; 0
     350:	80 5c       	subi	r24, 0xC0	; 192
     352:	9f 4f       	sbci	r25, 0xFF	; 255
     354:	82 1b       	sub	r24, r18
     356:	91 09       	sbc	r25, r1
/home/user/.arduino15/packages/MightyCore/hardware/avr/3.0.3/cores/MCUdude_corefiles/HardwareSerial.cpp:166
}
     358:	8f 73       	andi	r24, 0x3F	; 63
     35a:	99 27       	eor	r25, r25
     35c:	08 95       	ret

0000035e <Serial1_available()>:
Serial1_available():
/home/user/.arduino15/packages/MightyCore/hardware/avr/3.0.3/cores/MCUdude_corefiles/HardwareSerial1.cpp:68
HardwareSerial Serial1(&UBRR1H, &UBRR1L, &UCSR1A, &UCSR1B, &UCSR1C, &UDR1);

// Function that can be weakly referenced by serialEventRun to prevent
// pulling in this file if it's not otherwise used.
bool Serial1_available() {
  return Serial1.available();
     35e:	88 ec       	ldi	r24, 0xC8	; 200
     360:	92 e0       	ldi	r25, 0x02	; 2
     362:	0e 94 a3 01 	call	0x346	; 0x346 <HardwareSerial::available()>
     366:	21 e0       	ldi	r18, 0x01	; 1
     368:	89 2b       	or	r24, r25
     36a:	09 f4       	brne	.+2      	; 0x36e <Serial1_available()+0x10>
     36c:	20 e0       	ldi	r18, 0x00	; 0
/home/user/.arduino15/packages/MightyCore/hardware/avr/3.0.3/cores/MCUdude_corefiles/HardwareSerial1.cpp:69
}
     36e:	82 2f       	mov	r24, r18
     370:	08 95       	ret

00000372 <Serial0_available()>:
Serial0_available():
/home/user/.arduino15/packages/MightyCore/hardware/avr/3.0.3/cores/MCUdude_corefiles/HardwareSerial0.cpp:76
#endif

// Function that can be weakly referenced by serialEventRun to prevent
// pulling in this file if it's not otherwise used.
bool Serial0_available() {
  return Serial.available();
     372:	84 e1       	ldi	r24, 0x14	; 20
     374:	92 e0       	ldi	r25, 0x02	; 2
     376:	0e 94 a3 01 	call	0x346	; 0x346 <HardwareSerial::available()>
     37a:	21 e0       	ldi	r18, 0x01	; 1
     37c:	89 2b       	or	r24, r25
     37e:	09 f4       	brne	.+2      	; 0x382 <Serial0_available()+0x10>
     380:	20 e0       	ldi	r18, 0x00	; 0
/home/user/.arduino15/packages/MightyCore/hardware/avr/3.0.3/cores/MCUdude_corefiles/HardwareSerial0.cpp:77
}
     382:	82 2f       	mov	r24, r18
     384:	08 95       	ret

00000386 <HardwareSerial::_tx_udr_empty_irq()>:
_tx_udr_empty_irq():
/home/user/.arduino15/packages/MightyCore/hardware/avr/3.0.3/cores/MCUdude_corefiles/HardwareSerial.cpp:90
#endif

// Actual interrupt handlers //////////////////////////////////////////////////////////////

void HardwareSerial::_tx_udr_empty_irq(void)
{
     386:	fc 01       	movw	r30, r24
/home/user/.arduino15/packages/MightyCore/hardware/avr/3.0.3/cores/MCUdude_corefiles/HardwareSerial.cpp:93
  // If interrupts are enabled, there must be more data in the output
  // buffer. Send the next byte
  unsigned char c = _tx_buffer[_tx_buffer_tail];
     388:	a4 8d       	ldd	r26, Z+28	; 0x1c
     38a:	a8 0f       	add	r26, r24
     38c:	b9 2f       	mov	r27, r25
     38e:	b1 1d       	adc	r27, r1
     390:	a3 5a       	subi	r26, 0xA3	; 163
     392:	bf 4f       	sbci	r27, 0xFF	; 255
     394:	2c 91       	ld	r18, X
/home/user/.arduino15/packages/MightyCore/hardware/avr/3.0.3/cores/MCUdude_corefiles/HardwareSerial.cpp:94
  _tx_buffer_tail = (_tx_buffer_tail + 1) % SERIAL_TX_BUFFER_SIZE;
     396:	84 8d       	ldd	r24, Z+28	; 0x1c
     398:	90 e0       	ldi	r25, 0x00	; 0
     39a:	01 96       	adiw	r24, 0x01	; 1
     39c:	8f 73       	andi	r24, 0x3F	; 63
     39e:	99 27       	eor	r25, r25
     3a0:	84 8f       	std	Z+28, r24	; 0x1c
/home/user/.arduino15/packages/MightyCore/hardware/avr/3.0.3/cores/MCUdude_corefiles/HardwareSerial.cpp:96

  *_udr = c;
     3a2:	a6 89       	ldd	r26, Z+22	; 0x16
     3a4:	b7 89       	ldd	r27, Z+23	; 0x17
     3a6:	2c 93       	st	X, r18
/home/user/.arduino15/packages/MightyCore/hardware/avr/3.0.3/cores/MCUdude_corefiles/HardwareSerial.cpp:104
  // location". This makes sure flush() won't return until the bytes
  // actually got written. Other r/w bits are preserved, and zeroes
  // written to the rest.

  #ifdef MPCM0
    *_ucsra = ((*_ucsra) & ((1 << U2X0) | (1 << MPCM0))) | (1 << TXC0);
     3a8:	a0 89       	ldd	r26, Z+16	; 0x10
     3aa:	b1 89       	ldd	r27, Z+17	; 0x11
     3ac:	8c 91       	ld	r24, X
     3ae:	83 70       	andi	r24, 0x03	; 3
     3b0:	80 64       	ori	r24, 0x40	; 64
     3b2:	8c 93       	st	X, r24
/home/user/.arduino15/packages/MightyCore/hardware/avr/3.0.3/cores/MCUdude_corefiles/HardwareSerial.cpp:109
  #else
    *_ucsra = ((*_ucsra) & ((1 << U2X0) | (1 << TXC0)));
  #endif

  if (_tx_buffer_head == _tx_buffer_tail) {
     3b4:	93 8d       	ldd	r25, Z+27	; 0x1b
     3b6:	84 8d       	ldd	r24, Z+28	; 0x1c
     3b8:	98 13       	cpse	r25, r24
     3ba:	06 c0       	rjmp	.+12     	; 0x3c8 <HardwareSerial::_tx_udr_empty_irq()+0x42>
/home/user/.arduino15/packages/MightyCore/hardware/avr/3.0.3/cores/MCUdude_corefiles/HardwareSerial.cpp:111
    // Buffer empty, so disable interrupts
    *_ucsrb &= ~_BV(UDRIE0);
     3bc:	02 88       	ldd	r0, Z+18	; 0x12
     3be:	f3 89       	ldd	r31, Z+19	; 0x13
     3c0:	e0 2d       	mov	r30, r0
     3c2:	80 81       	ld	r24, Z
     3c4:	8f 7d       	andi	r24, 0xDF	; 223
     3c6:	80 83       	st	Z, r24
/home/user/.arduino15/packages/MightyCore/hardware/avr/3.0.3/cores/MCUdude_corefiles/HardwareSerial.cpp:113
  }
}
     3c8:	08 95       	ret

000003ca <HardwareSerial::write(unsigned char)>:
write():
/home/user/.arduino15/packages/MightyCore/hardware/avr/3.0.3/cores/MCUdude_corefiles/HardwareSerial.cpp:223
  // If we get here, nothing is queued anymore (DRIE is disabled) and
  // the hardware finished tranmission (TXC is set).
}

size_t HardwareSerial::write(uint8_t c)
{
     3ca:	ef 92       	push	r14
     3cc:	ff 92       	push	r15
     3ce:	0f 93       	push	r16
     3d0:	1f 93       	push	r17
     3d2:	cf 93       	push	r28
     3d4:	df 93       	push	r29
     3d6:	ec 01       	movw	r28, r24
/home/user/.arduino15/packages/MightyCore/hardware/avr/3.0.3/cores/MCUdude_corefiles/HardwareSerial.cpp:224
  _written = true;
     3d8:	81 e0       	ldi	r24, 0x01	; 1
     3da:	88 8f       	std	Y+24, r24	; 0x18
/home/user/.arduino15/packages/MightyCore/hardware/avr/3.0.3/cores/MCUdude_corefiles/HardwareSerial.cpp:229
  // If the buffer and the data register is empty, just write the byte
  // to the data register and be done. This shortcut helps
  // significantly improve the effective datarate at high (>
  // 500kbit/s) bitrates, where interrupt overhead becomes a slowdown.
  if (_tx_buffer_head == _tx_buffer_tail && bit_is_set(*_ucsra, UDRE0)) {
     3dc:	9b 8d       	ldd	r25, Y+27	; 0x1b
     3de:	8c 8d       	ldd	r24, Y+28	; 0x1c
     3e0:	98 13       	cpse	r25, r24
     3e2:	1a c0       	rjmp	.+52     	; 0x418 <__LOCK_REGION_LENGTH__+0x18>
     3e4:	e8 89       	ldd	r30, Y+16	; 0x10
     3e6:	f9 89       	ldd	r31, Y+17	; 0x11
     3e8:	80 81       	ld	r24, Z
     3ea:	85 ff       	sbrs	r24, 5
     3ec:	15 c0       	rjmp	.+42     	; 0x418 <__LOCK_REGION_LENGTH__+0x18>
/home/user/.arduino15/packages/MightyCore/hardware/avr/3.0.3/cores/MCUdude_corefiles/HardwareSerial.cpp:238
    // So writing UDR must happen first.
    // Writing UDR and clearing TC must be done atomically, otherwise
    // interrupts might delay the TXC clear so the byte written to UDR
    // is transmitted (setting TXC) before clearing TXC. Then TXC will
    // be cleared when no bytes are left, causing flush() to hang
    ATOMIC_BLOCK(ATOMIC_RESTORESTATE) {
     3ee:	9f b7       	in	r25, 0x3f	; 63
__iCliRetVal():
/home/user/.arduino15/packages/arduino/tools/avr-gcc/7.3.0-atmel3.6.1-arduino7/avr/include/util/atomic.h:50
    return 1;
}

static __inline__ uint8_t __iCliRetVal(void)
{
    cli();
     3f0:	f8 94       	cli
write():
/home/user/.arduino15/packages/MightyCore/hardware/avr/3.0.3/cores/MCUdude_corefiles/HardwareSerial.cpp:239
      *_udr = c;
     3f2:	ee 89       	ldd	r30, Y+22	; 0x16
     3f4:	ff 89       	ldd	r31, Y+23	; 0x17
     3f6:	60 83       	st	Z, r22
/home/user/.arduino15/packages/MightyCore/hardware/avr/3.0.3/cores/MCUdude_corefiles/HardwareSerial.cpp:241
      #ifdef MPCM0
        *_ucsra = ((*_ucsra) & ((1 << U2X0) | (1 << MPCM0))) | (1 << TXC0);
     3f8:	e8 89       	ldd	r30, Y+16	; 0x10
     3fa:	f9 89       	ldd	r31, Y+17	; 0x11
     3fc:	80 81       	ld	r24, Z
     3fe:	83 70       	andi	r24, 0x03	; 3
     400:	80 64       	ori	r24, 0x40	; 64
/home/user/.arduino15/packages/MightyCore/hardware/avr/3.0.3/cores/MCUdude_corefiles/HardwareSerial.cpp:271
  // make atomic to prevent execution of ISR between setting the
  // head pointer and setting the interrupt flag resulting in buffer
  // retransmission
  ATOMIC_BLOCK(ATOMIC_RESTORESTATE) {
    _tx_buffer_head = i;
    *_ucsrb |= _BV(UDRIE0);
     402:	80 83       	st	Z, r24
__iRestore():
/home/user/.arduino15/packages/arduino/tools/avr-gcc/7.3.0-atmel3.6.1-arduino7/avr/include/util/atomic.h:70
    (void)__s;
}

static __inline__ void __iRestore(const  uint8_t *__s)
{
    SREG = *__s;
     404:	9f bf       	out	0x3f, r25	; 63
write():
/home/user/.arduino15/packages/MightyCore/hardware/avr/3.0.3/cores/MCUdude_corefiles/HardwareSerial.cpp:275
  }
  
  return 1;
}
     406:	81 e0       	ldi	r24, 0x01	; 1
     408:	90 e0       	ldi	r25, 0x00	; 0
     40a:	df 91       	pop	r29
     40c:	cf 91       	pop	r28
     40e:	1f 91       	pop	r17
     410:	0f 91       	pop	r16
     412:	ff 90       	pop	r15
     414:	ef 90       	pop	r14
     416:	08 95       	ret
     418:	f6 2e       	mov	r15, r22
/home/user/.arduino15/packages/MightyCore/hardware/avr/3.0.3/cores/MCUdude_corefiles/HardwareSerial.cpp:248
        *_ucsra = ((*_ucsra) & ((1 << U2X0) | (1 << TXC0)));
      #endif
    }
    return 1;
  }
  tx_buffer_index_t i = (_tx_buffer_head + 1) % SERIAL_TX_BUFFER_SIZE;
     41a:	0b 8d       	ldd	r16, Y+27	; 0x1b
     41c:	10 e0       	ldi	r17, 0x00	; 0
     41e:	0f 5f       	subi	r16, 0xFF	; 255
     420:	1f 4f       	sbci	r17, 0xFF	; 255
     422:	0f 73       	andi	r16, 0x3F	; 63
     424:	11 27       	eor	r17, r17
     426:	e0 2e       	mov	r14, r16
/home/user/.arduino15/packages/MightyCore/hardware/avr/3.0.3/cores/MCUdude_corefiles/HardwareSerial.cpp:252

  // If the output buffer is full, there's nothing for it other than to 
  // wait for the interrupt handler to empty it a bit
  while (i == _tx_buffer_tail) {
     428:	8c 8d       	ldd	r24, Y+28	; 0x1c
     42a:	8e 11       	cpse	r24, r14
     42c:	0c c0       	rjmp	.+24     	; 0x446 <__LOCK_REGION_LENGTH__+0x46>
/home/user/.arduino15/packages/MightyCore/hardware/avr/3.0.3/cores/MCUdude_corefiles/HardwareSerial.cpp:253
    if (bit_is_clear(SREG, SREG_I)) {
     42e:	0f b6       	in	r0, 0x3f	; 63
     430:	07 fc       	sbrc	r0, 7
     432:	fa cf       	rjmp	.-12     	; 0x428 <__LOCK_REGION_LENGTH__+0x28>
/home/user/.arduino15/packages/MightyCore/hardware/avr/3.0.3/cores/MCUdude_corefiles/HardwareSerial.cpp:258
      // Interrupts are disabled, so we'll have to poll the data
      // register empty flag ourselves. If it is set, pretend an
      // interrupt has happened and call the handler to free up
      // space for us.
      if(bit_is_set(*_ucsra, UDRE0))
     434:	e8 89       	ldd	r30, Y+16	; 0x10
     436:	f9 89       	ldd	r31, Y+17	; 0x11
     438:	80 81       	ld	r24, Z
     43a:	85 ff       	sbrs	r24, 5
     43c:	f5 cf       	rjmp	.-22     	; 0x428 <__LOCK_REGION_LENGTH__+0x28>
/home/user/.arduino15/packages/MightyCore/hardware/avr/3.0.3/cores/MCUdude_corefiles/HardwareSerial.cpp:259
        _tx_udr_empty_irq();
     43e:	ce 01       	movw	r24, r28
     440:	0e 94 c3 01 	call	0x386	; 0x386 <HardwareSerial::_tx_udr_empty_irq()>
     444:	f1 cf       	rjmp	.-30     	; 0x428 <__LOCK_REGION_LENGTH__+0x28>
/home/user/.arduino15/packages/MightyCore/hardware/avr/3.0.3/cores/MCUdude_corefiles/HardwareSerial.cpp:265
    } else {
      // nop, the interrupt handler will free up space for us
    }
  }

  _tx_buffer[_tx_buffer_head] = c;
     446:	eb 8d       	ldd	r30, Y+27	; 0x1b
     448:	ec 0f       	add	r30, r28
     44a:	fd 2f       	mov	r31, r29
     44c:	f1 1d       	adc	r31, r1
     44e:	e3 5a       	subi	r30, 0xA3	; 163
     450:	ff 4f       	sbci	r31, 0xFF	; 255
     452:	f0 82       	st	Z, r15
/home/user/.arduino15/packages/MightyCore/hardware/avr/3.0.3/cores/MCUdude_corefiles/HardwareSerial.cpp:269
  // make atomic to prevent execution of ISR between setting the
  // head pointer and setting the interrupt flag resulting in buffer
  // retransmission
  ATOMIC_BLOCK(ATOMIC_RESTORESTATE) {
     454:	9f b7       	in	r25, 0x3f	; 63
__iCliRetVal():
/home/user/.arduino15/packages/arduino/tools/avr-gcc/7.3.0-atmel3.6.1-arduino7/avr/include/util/atomic.h:50
    return 1;
}

static __inline__ uint8_t __iCliRetVal(void)
{
    cli();
     456:	f8 94       	cli
write():
/home/user/.arduino15/packages/MightyCore/hardware/avr/3.0.3/cores/MCUdude_corefiles/HardwareSerial.cpp:270
    _tx_buffer_head = i;
     458:	0b 8f       	std	Y+27, r16	; 0x1b
/home/user/.arduino15/packages/MightyCore/hardware/avr/3.0.3/cores/MCUdude_corefiles/HardwareSerial.cpp:271
    *_ucsrb |= _BV(UDRIE0);
     45a:	ea 89       	ldd	r30, Y+18	; 0x12
     45c:	fb 89       	ldd	r31, Y+19	; 0x13
     45e:	80 81       	ld	r24, Z
     460:	80 62       	ori	r24, 0x20	; 32
     462:	cf cf       	rjmp	.-98     	; 0x402 <__LOCK_REGION_LENGTH__+0x2>

00000464 <HardwareSerial::flush()>:
flush():
/home/user/.arduino15/packages/MightyCore/hardware/avr/3.0.3/cores/MCUdude_corefiles/HardwareSerial.cpp:203
  if (head >= tail) return SERIAL_TX_BUFFER_SIZE - 1 - head + tail;
  return tail - head - 1;
}

void HardwareSerial::flush()
{
     464:	cf 93       	push	r28
     466:	df 93       	push	r29
     468:	ec 01       	movw	r28, r24
/home/user/.arduino15/packages/MightyCore/hardware/avr/3.0.3/cores/MCUdude_corefiles/HardwareSerial.cpp:207
  // If we have never written a byte, no need to flush. This special
  // case is needed since there is no way to force the TXC (transmit
  // complete) bit to 1 during initialization
  if (!_written)
     46a:	88 8d       	ldd	r24, Y+24	; 0x18
     46c:	88 23       	and	r24, r24
     46e:	b9 f0       	breq	.+46     	; 0x49e <HardwareSerial::flush()+0x3a>
/home/user/.arduino15/packages/MightyCore/hardware/avr/3.0.3/cores/MCUdude_corefiles/HardwareSerial.cpp:210
    return;

  while (bit_is_set(*_ucsrb, UDRIE0) || bit_is_clear(*_ucsra, TXC0)) {
     470:	aa 89       	ldd	r26, Y+18	; 0x12
     472:	bb 89       	ldd	r27, Y+19	; 0x13
     474:	e8 89       	ldd	r30, Y+16	; 0x10
     476:	f9 89       	ldd	r31, Y+17	; 0x11
     478:	8c 91       	ld	r24, X
     47a:	85 fd       	sbrc	r24, 5
     47c:	03 c0       	rjmp	.+6      	; 0x484 <HardwareSerial::flush()+0x20>
     47e:	80 81       	ld	r24, Z
     480:	86 fd       	sbrc	r24, 6
     482:	0d c0       	rjmp	.+26     	; 0x49e <HardwareSerial::flush()+0x3a>
/home/user/.arduino15/packages/MightyCore/hardware/avr/3.0.3/cores/MCUdude_corefiles/HardwareSerial.cpp:211
    if (bit_is_clear(SREG, SREG_I) && bit_is_set(*_ucsrb, UDRIE0))
     484:	0f b6       	in	r0, 0x3f	; 63
     486:	07 fc       	sbrc	r0, 7
     488:	f7 cf       	rjmp	.-18     	; 0x478 <HardwareSerial::flush()+0x14>
     48a:	8c 91       	ld	r24, X
     48c:	85 ff       	sbrs	r24, 5
     48e:	f2 cf       	rjmp	.-28     	; 0x474 <HardwareSerial::flush()+0x10>
/home/user/.arduino15/packages/MightyCore/hardware/avr/3.0.3/cores/MCUdude_corefiles/HardwareSerial.cpp:215
      // Interrupts are globally disabled, but the DR empty
      // interrupt should be enabled, so poll the DR empty flag to
      // prevent deadlock
      if (bit_is_set(*_ucsra, UDRE0))
     490:	80 81       	ld	r24, Z
     492:	85 ff       	sbrs	r24, 5
     494:	ed cf       	rjmp	.-38     	; 0x470 <HardwareSerial::flush()+0xc>
/home/user/.arduino15/packages/MightyCore/hardware/avr/3.0.3/cores/MCUdude_corefiles/HardwareSerial.cpp:216
        _tx_udr_empty_irq();
     496:	ce 01       	movw	r24, r28
     498:	0e 94 c3 01 	call	0x386	; 0x386 <HardwareSerial::_tx_udr_empty_irq()>
     49c:	e9 cf       	rjmp	.-46     	; 0x470 <HardwareSerial::flush()+0xc>
/home/user/.arduino15/packages/MightyCore/hardware/avr/3.0.3/cores/MCUdude_corefiles/HardwareSerial.cpp:220
  }
  // If we get here, nothing is queued anymore (DRIE is disabled) and
  // the hardware finished tranmission (TXC is set).
}
     49e:	df 91       	pop	r29
     4a0:	cf 91       	pop	r28
     4a2:	08 95       	ret

000004a4 <serialEventRun()>:
serialEventRun():
/home/user/.arduino15/packages/MightyCore/hardware/avr/3.0.3/cores/MCUdude_corefiles/HardwareSerial.cpp:67
#endif

void serialEventRun(void)
{
#if defined(HAVE_HWSERIAL0)
  if (Serial0_available && serialEvent && Serial0_available()) serialEvent();
     4a4:	80 e0       	ldi	r24, 0x00	; 0
     4a6:	90 e0       	ldi	r25, 0x00	; 0
     4a8:	89 2b       	or	r24, r25
     4aa:	29 f0       	breq	.+10     	; 0x4b6 <serialEventRun()+0x12>
     4ac:	0e 94 b9 01 	call	0x372	; 0x372 <Serial0_available()>
     4b0:	81 11       	cpse	r24, r1
     4b2:	0e 94 00 00 	call	0	; 0x0 <__vectors>
/home/user/.arduino15/packages/MightyCore/hardware/avr/3.0.3/cores/MCUdude_corefiles/HardwareSerial.cpp:70
#endif
#if defined(HAVE_HWSERIAL1)
  if (Serial1_available && serialEvent1 && Serial1_available()) serialEvent1();
     4b6:	80 e0       	ldi	r24, 0x00	; 0
     4b8:	90 e0       	ldi	r25, 0x00	; 0
     4ba:	89 2b       	or	r24, r25
     4bc:	29 f0       	breq	.+10     	; 0x4c8 <serialEventRun()+0x24>
     4be:	0e 94 af 01 	call	0x35e	; 0x35e <Serial1_available()>
     4c2:	81 11       	cpse	r24, r1
     4c4:	0c 94 00 00 	jmp	0	; 0x0 <__vectors>
/home/user/.arduino15/packages/MightyCore/hardware/avr/3.0.3/cores/MCUdude_corefiles/HardwareSerial.cpp:78
  if (Serial2_available && serialEvent2 && Serial2_available()) serialEvent2();
#endif
#if defined(HAVE_HWSERIAL3)
  if (Serial3_available && serialEvent3 && Serial3_available()) serialEvent3();
#endif
}
     4c8:	08 95       	ret

000004ca <turnOffPWM>:
turnOffPWM():
/home/user/.arduino15/packages/MightyCore/hardware/avr/3.0.3/cores/MCUdude_corefiles/wiring_digital.c:77
//
//static inline void turnOffPWM(uint8_t timer) __attribute__ ((always_inline));
//static inline void turnOffPWM(uint8_t timer)
static void turnOffPWM(uint8_t timer)
{
  switch (timer)
     4ca:	84 30       	cpi	r24, 0x04	; 4
     4cc:	81 f0       	breq	.+32     	; 0x4ee <turnOffPWM+0x24>
     4ce:	28 f4       	brcc	.+10     	; 0x4da <turnOffPWM+0x10>
     4d0:	82 30       	cpi	r24, 0x02	; 2
     4d2:	e9 f0       	breq	.+58     	; 0x50e <turnOffPWM+0x44>
     4d4:	83 30       	cpi	r24, 0x03	; 3
     4d6:	f9 f0       	breq	.+62     	; 0x516 <turnOffPWM+0x4c>
     4d8:	08 95       	ret
     4da:	88 30       	cpi	r24, 0x08	; 8
     4dc:	71 f0       	breq	.+28     	; 0x4fa <turnOffPWM+0x30>
     4de:	89 30       	cpi	r24, 0x09	; 9
     4e0:	91 f0       	breq	.+36     	; 0x506 <turnOffPWM+0x3c>
     4e2:	85 30       	cpi	r24, 0x05	; 5
     4e4:	b9 f4       	brne	.+46     	; 0x514 <turnOffPWM+0x4a>
/home/user/.arduino15/packages/MightyCore/hardware/avr/3.0.3/cores/MCUdude_corefiles/wiring_digital.c:87
        TCCR1A &= ~_BV(COM1A1);
        break;
    #endif
    #if defined(TCCR1A) && defined(COM1B1)
      case TIMER1B:
        TCCR1A &= ~_BV(COM1B1);
     4e6:	80 91 80 00 	lds	r24, 0x0080	; 0x800080 <__DATA_REGION_ORIGIN__+0x20>
     4ea:	8f 7d       	andi	r24, 0xDF	; 223
     4ec:	03 c0       	rjmp	.+6      	; 0x4f4 <turnOffPWM+0x2a>
/home/user/.arduino15/packages/MightyCore/hardware/avr/3.0.3/cores/MCUdude_corefiles/wiring_digital.c:82
  switch (timer)
  {
    // Timer1
    #if defined(TCCR1A) && defined(COM1A1)
      case TIMER1A:
        TCCR1A &= ~_BV(COM1A1);
     4ee:	80 91 80 00 	lds	r24, 0x0080	; 0x800080 <__DATA_REGION_ORIGIN__+0x20>
     4f2:	8f 77       	andi	r24, 0x7F	; 127
/home/user/.arduino15/packages/MightyCore/hardware/avr/3.0.3/cores/MCUdude_corefiles/wiring_digital.c:87
        break;
    #endif
    #if defined(TCCR1A) && defined(COM1B1)
      case TIMER1B:
        TCCR1A &= ~_BV(COM1B1);
     4f4:	80 93 80 00 	sts	0x0080, r24	; 0x800080 <__DATA_REGION_ORIGIN__+0x20>
     4f8:	08 95       	ret
/home/user/.arduino15/packages/MightyCore/hardware/avr/3.0.3/cores/MCUdude_corefiles/wiring_digital.c:104
        TCCR2 &= ~_BV(COM21);
        break;
    #endif
    #if defined(TCCR2A) && defined(COM2A1)
      case TIMER2A:
        TCCR2A &= ~_BV(COM2A1);
     4fa:	80 91 b0 00 	lds	r24, 0x00B0	; 0x8000b0 <__DATA_REGION_ORIGIN__+0x50>
     4fe:	8f 77       	andi	r24, 0x7F	; 127
/home/user/.arduino15/packages/MightyCore/hardware/avr/3.0.3/cores/MCUdude_corefiles/wiring_digital.c:109
        break;
    #endif
    #if defined(TCCR2A) && defined(COM2B1)
      case TIMER2B:
        TCCR2A &= ~_BV(COM2B1);
     500:	80 93 b0 00 	sts	0x00B0, r24	; 0x8000b0 <__DATA_REGION_ORIGIN__+0x50>
     504:	08 95       	ret
     506:	80 91 b0 00 	lds	r24, 0x00B0	; 0x8000b0 <__DATA_REGION_ORIGIN__+0x50>
     50a:	8f 7d       	andi	r24, 0xDF	; 223
     50c:	f9 cf       	rjmp	.-14     	; 0x500 <turnOffPWM+0x36>
/home/user/.arduino15/packages/MightyCore/hardware/avr/3.0.3/cores/MCUdude_corefiles/wiring_digital.c:176
        TCCR0 &= ~_BV(COM01);
        break;
    #endif
    #if defined(TCCR0A) && defined(COM0A1)
      case TIMER0A:
        TCCR0A &= ~_BV(COM0A1);
     50e:	84 b5       	in	r24, 0x24	; 36
     510:	8f 77       	andi	r24, 0x7F	; 127
/home/user/.arduino15/packages/MightyCore/hardware/avr/3.0.3/cores/MCUdude_corefiles/wiring_digital.c:181
        break;
    #endif
    #if defined(TCCR0A) && defined(COM0B1)
      case TIMER0B:
        TCCR0A &= ~_BV(COM0B1);
     512:	84 bd       	out	0x24, r24	; 36
/home/user/.arduino15/packages/MightyCore/hardware/avr/3.0.3/cores/MCUdude_corefiles/wiring_digital.c:185
        break;
    #endif
  }
}
     514:	08 95       	ret
/home/user/.arduino15/packages/MightyCore/hardware/avr/3.0.3/cores/MCUdude_corefiles/wiring_digital.c:181
        TCCR0A &= ~_BV(COM0A1);
        break;
    #endif
    #if defined(TCCR0A) && defined(COM0B1)
      case TIMER0B:
        TCCR0A &= ~_BV(COM0B1);
     516:	84 b5       	in	r24, 0x24	; 36
     518:	8f 7d       	andi	r24, 0xDF	; 223
     51a:	fb cf       	rjmp	.-10     	; 0x512 <turnOffPWM+0x48>

0000051c <digitalRead>:
digitalRead():
/home/user/.arduino15/packages/MightyCore/hardware/avr/3.0.3/cores/MCUdude_corefiles/wiring_digital.c:215

  SREG = oldSREG;
}

int digitalRead(uint8_t pin)
{
     51c:	cf 93       	push	r28
     51e:	df 93       	push	r29
/home/user/.arduino15/packages/MightyCore/hardware/avr/3.0.3/cores/MCUdude_corefiles/wiring_digital.c:216
  uint8_t timer = digitalPinToTimer(pin);
     520:	28 2f       	mov	r18, r24
     522:	30 e0       	ldi	r19, 0x00	; 0
     524:	f9 01       	movw	r30, r18
     526:	e6 52       	subi	r30, 0x26	; 38
     528:	ff 4f       	sbci	r31, 0xFF	; 255
     52a:	84 91       	lpm	r24, Z
/home/user/.arduino15/packages/MightyCore/hardware/avr/3.0.3/cores/MCUdude_corefiles/wiring_digital.c:217
  uint8_t bit = digitalPinToBitMask(pin);
     52c:	f9 01       	movw	r30, r18
     52e:	e6 54       	subi	r30, 0x46	; 70
     530:	ff 4f       	sbci	r31, 0xFF	; 255
     532:	d4 91       	lpm	r29, Z
/home/user/.arduino15/packages/MightyCore/hardware/avr/3.0.3/cores/MCUdude_corefiles/wiring_digital.c:218
  uint8_t port = digitalPinToPort(pin);
     534:	f9 01       	movw	r30, r18
     536:	e6 56       	subi	r30, 0x66	; 102
     538:	ff 4f       	sbci	r31, 0xFF	; 255
     53a:	c4 91       	lpm	r28, Z
/home/user/.arduino15/packages/MightyCore/hardware/avr/3.0.3/cores/MCUdude_corefiles/wiring_digital.c:220

  if (port == NOT_A_PIN) return LOW;
     53c:	cc 23       	and	r28, r28
     53e:	a1 f0       	breq	.+40     	; 0x568 <digitalRead+0x4c>
/home/user/.arduino15/packages/MightyCore/hardware/avr/3.0.3/cores/MCUdude_corefiles/wiring_digital.c:224

  // If the pin that support PWM output, we need to turn it off
  // before getting a digital reading.
  if (timer != NOT_ON_TIMER) turnOffPWM(timer);
     540:	81 11       	cpse	r24, r1
     542:	0e 94 65 02 	call	0x4ca	; 0x4ca <turnOffPWM>
/home/user/.arduino15/packages/MightyCore/hardware/avr/3.0.3/cores/MCUdude_corefiles/wiring_digital.c:226

  if (*portInputRegister(port) & bit) return HIGH;
     546:	ec 2f       	mov	r30, r28
     548:	f0 e0       	ldi	r31, 0x00	; 0
     54a:	ee 0f       	add	r30, r30
     54c:	ff 1f       	adc	r31, r31
     54e:	e0 57       	subi	r30, 0x70	; 112
     550:	ff 4f       	sbci	r31, 0xFF	; 255
     552:	a5 91       	lpm	r26, Z+
     554:	b4 91       	lpm	r27, Z
     556:	ec 91       	ld	r30, X
     558:	ed 23       	and	r30, r29
     55a:	81 e0       	ldi	r24, 0x01	; 1
     55c:	90 e0       	ldi	r25, 0x00	; 0
     55e:	09 f4       	brne	.+2      	; 0x562 <digitalRead+0x46>
     560:	80 e0       	ldi	r24, 0x00	; 0
/home/user/.arduino15/packages/MightyCore/hardware/avr/3.0.3/cores/MCUdude_corefiles/wiring_digital.c:228
  return LOW;
}
     562:	df 91       	pop	r29
     564:	cf 91       	pop	r28
     566:	08 95       	ret
/home/user/.arduino15/packages/MightyCore/hardware/avr/3.0.3/cores/MCUdude_corefiles/wiring_digital.c:220
{
  uint8_t timer = digitalPinToTimer(pin);
  uint8_t bit = digitalPinToBitMask(pin);
  uint8_t port = digitalPinToPort(pin);

  if (port == NOT_A_PIN) return LOW;
     568:	80 e0       	ldi	r24, 0x00	; 0
     56a:	90 e0       	ldi	r25, 0x00	; 0
     56c:	fa cf       	rjmp	.-12     	; 0x562 <digitalRead+0x46>

0000056e <digitalWrite>:
digitalWrite():
/home/user/.arduino15/packages/MightyCore/hardware/avr/3.0.3/cores/MCUdude_corefiles/wiring_digital.c:188
    #endif
  }
}

void digitalWrite(uint8_t pin, uint8_t val)
{
     56e:	1f 93       	push	r17
     570:	cf 93       	push	r28
     572:	df 93       	push	r29
/home/user/.arduino15/packages/MightyCore/hardware/avr/3.0.3/cores/MCUdude_corefiles/wiring_digital.c:189
  uint8_t timer = digitalPinToTimer(pin);
     574:	28 2f       	mov	r18, r24
     576:	30 e0       	ldi	r19, 0x00	; 0
     578:	f9 01       	movw	r30, r18
     57a:	e6 52       	subi	r30, 0x26	; 38
     57c:	ff 4f       	sbci	r31, 0xFF	; 255
     57e:	84 91       	lpm	r24, Z
/home/user/.arduino15/packages/MightyCore/hardware/avr/3.0.3/cores/MCUdude_corefiles/wiring_digital.c:190
  uint8_t bit = digitalPinToBitMask(pin);
     580:	f9 01       	movw	r30, r18
     582:	e6 54       	subi	r30, 0x46	; 70
     584:	ff 4f       	sbci	r31, 0xFF	; 255
     586:	d4 91       	lpm	r29, Z
/home/user/.arduino15/packages/MightyCore/hardware/avr/3.0.3/cores/MCUdude_corefiles/wiring_digital.c:191
  uint8_t port = digitalPinToPort(pin);
     588:	f9 01       	movw	r30, r18
     58a:	e6 56       	subi	r30, 0x66	; 102
     58c:	ff 4f       	sbci	r31, 0xFF	; 255
     58e:	c4 91       	lpm	r28, Z
/home/user/.arduino15/packages/MightyCore/hardware/avr/3.0.3/cores/MCUdude_corefiles/wiring_digital.c:194
  volatile uint8_t *out;

  if (port == NOT_A_PIN) return;
     590:	cc 23       	and	r28, r28
     592:	a9 f0       	breq	.+42     	; 0x5be <digitalWrite+0x50>
     594:	16 2f       	mov	r17, r22
/home/user/.arduino15/packages/MightyCore/hardware/avr/3.0.3/cores/MCUdude_corefiles/wiring_digital.c:198

  // If the pin that support PWM output, we need to turn it off
  // before doing a digital write.
  if (timer != NOT_ON_TIMER) turnOffPWM(timer);
     596:	81 11       	cpse	r24, r1
     598:	0e 94 65 02 	call	0x4ca	; 0x4ca <turnOffPWM>
/home/user/.arduino15/packages/MightyCore/hardware/avr/3.0.3/cores/MCUdude_corefiles/wiring_digital.c:200

  out = portOutputRegister(port);
     59c:	ec 2f       	mov	r30, r28
     59e:	f0 e0       	ldi	r31, 0x00	; 0
     5a0:	ee 0f       	add	r30, r30
     5a2:	ff 1f       	adc	r31, r31
     5a4:	ea 57       	subi	r30, 0x7A	; 122
     5a6:	ff 4f       	sbci	r31, 0xFF	; 255
     5a8:	a5 91       	lpm	r26, Z+
     5aa:	b4 91       	lpm	r27, Z
/home/user/.arduino15/packages/MightyCore/hardware/avr/3.0.3/cores/MCUdude_corefiles/wiring_digital.c:202

  uint8_t oldSREG = SREG;
     5ac:	8f b7       	in	r24, 0x3f	; 63
/home/user/.arduino15/packages/MightyCore/hardware/avr/3.0.3/cores/MCUdude_corefiles/wiring_digital.c:203
  cli();
     5ae:	f8 94       	cli
/home/user/.arduino15/packages/MightyCore/hardware/avr/3.0.3/cores/MCUdude_corefiles/wiring_digital.c:206

  if (val == LOW) {
    *out &= ~bit;
     5b0:	ec 91       	ld	r30, X
/home/user/.arduino15/packages/MightyCore/hardware/avr/3.0.3/cores/MCUdude_corefiles/wiring_digital.c:205
  out = portOutputRegister(port);

  uint8_t oldSREG = SREG;
  cli();

  if (val == LOW) {
     5b2:	11 11       	cpse	r17, r1
     5b4:	08 c0       	rjmp	.+16     	; 0x5c6 <digitalWrite+0x58>
/home/user/.arduino15/packages/MightyCore/hardware/avr/3.0.3/cores/MCUdude_corefiles/wiring_digital.c:206
    *out &= ~bit;
     5b6:	d0 95       	com	r29
     5b8:	de 23       	and	r29, r30
/home/user/.arduino15/packages/MightyCore/hardware/avr/3.0.3/cores/MCUdude_corefiles/wiring_digital.c:208
  } else {
    *out |= bit;
     5ba:	dc 93       	st	X, r29
/home/user/.arduino15/packages/MightyCore/hardware/avr/3.0.3/cores/MCUdude_corefiles/wiring_digital.c:211
  }

  SREG = oldSREG;
     5bc:	8f bf       	out	0x3f, r24	; 63
/home/user/.arduino15/packages/MightyCore/hardware/avr/3.0.3/cores/MCUdude_corefiles/wiring_digital.c:212
}
     5be:	df 91       	pop	r29
     5c0:	cf 91       	pop	r28
     5c2:	1f 91       	pop	r17
     5c4:	08 95       	ret
/home/user/.arduino15/packages/MightyCore/hardware/avr/3.0.3/cores/MCUdude_corefiles/wiring_digital.c:208
  cli();

  if (val == LOW) {
    *out &= ~bit;
  } else {
    *out |= bit;
     5c6:	de 2b       	or	r29, r30
     5c8:	f8 cf       	rjmp	.-16     	; 0x5ba <digitalWrite+0x4c>

000005ca <pinMode>:
pinMode():
/home/user/.arduino15/packages/MightyCore/hardware/avr/3.0.3/cores/MCUdude_corefiles/wiring_digital.c:30
#define ARDUINO_MAIN
#include "wiring_private.h"
#include "pins_arduino.h"

void pinMode(uint8_t pin, uint8_t mode)
{
     5ca:	cf 93       	push	r28
     5cc:	df 93       	push	r29
/home/user/.arduino15/packages/MightyCore/hardware/avr/3.0.3/cores/MCUdude_corefiles/wiring_digital.c:31
  uint8_t bit = digitalPinToBitMask(pin);
     5ce:	90 e0       	ldi	r25, 0x00	; 0
     5d0:	fc 01       	movw	r30, r24
     5d2:	e6 54       	subi	r30, 0x46	; 70
     5d4:	ff 4f       	sbci	r31, 0xFF	; 255
     5d6:	24 91       	lpm	r18, Z
/home/user/.arduino15/packages/MightyCore/hardware/avr/3.0.3/cores/MCUdude_corefiles/wiring_digital.c:32
  uint8_t port = digitalPinToPort(pin);
     5d8:	86 56       	subi	r24, 0x66	; 102
     5da:	9f 4f       	sbci	r25, 0xFF	; 255
     5dc:	fc 01       	movw	r30, r24
     5de:	84 91       	lpm	r24, Z
/home/user/.arduino15/packages/MightyCore/hardware/avr/3.0.3/cores/MCUdude_corefiles/wiring_digital.c:35
  volatile uint8_t *reg, *out;

  if (port == NOT_A_PIN) return;
     5e0:	88 23       	and	r24, r24
     5e2:	c9 f0       	breq	.+50     	; 0x616 <pinMode+0x4c>
/home/user/.arduino15/packages/MightyCore/hardware/avr/3.0.3/cores/MCUdude_corefiles/wiring_digital.c:38

  // JWS: can I let the optimizer do this?
  reg = portModeRegister(port);
     5e4:	90 e0       	ldi	r25, 0x00	; 0
     5e6:	88 0f       	add	r24, r24
     5e8:	99 1f       	adc	r25, r25
     5ea:	fc 01       	movw	r30, r24
     5ec:	e4 58       	subi	r30, 0x84	; 132
     5ee:	ff 4f       	sbci	r31, 0xFF	; 255
     5f0:	a5 91       	lpm	r26, Z+
     5f2:	b4 91       	lpm	r27, Z
/home/user/.arduino15/packages/MightyCore/hardware/avr/3.0.3/cores/MCUdude_corefiles/wiring_digital.c:39
  out = portOutputRegister(port);
     5f4:	fc 01       	movw	r30, r24
     5f6:	ea 57       	subi	r30, 0x7A	; 122
     5f8:	ff 4f       	sbci	r31, 0xFF	; 255
     5fa:	c5 91       	lpm	r28, Z+
     5fc:	d4 91       	lpm	r29, Z
/home/user/.arduino15/packages/MightyCore/hardware/avr/3.0.3/cores/MCUdude_corefiles/wiring_digital.c:41

  if (mode == INPUT) { 
     5fe:	61 11       	cpse	r22, r1
     600:	0d c0       	rjmp	.+26     	; 0x61c <pinMode+0x52>
/home/user/.arduino15/packages/MightyCore/hardware/avr/3.0.3/cores/MCUdude_corefiles/wiring_digital.c:42
    uint8_t oldSREG = SREG;
     602:	9f b7       	in	r25, 0x3f	; 63
/home/user/.arduino15/packages/MightyCore/hardware/avr/3.0.3/cores/MCUdude_corefiles/wiring_digital.c:43
    cli();
     604:	f8 94       	cli
/home/user/.arduino15/packages/MightyCore/hardware/avr/3.0.3/cores/MCUdude_corefiles/wiring_digital.c:44
    *reg &= ~bit;
     606:	8c 91       	ld	r24, X
     608:	20 95       	com	r18
     60a:	82 23       	and	r24, r18
     60c:	8c 93       	st	X, r24
/home/user/.arduino15/packages/MightyCore/hardware/avr/3.0.3/cores/MCUdude_corefiles/wiring_digital.c:45
    *out &= ~bit;
     60e:	88 81       	ld	r24, Y
     610:	28 23       	and	r18, r24
/home/user/.arduino15/packages/MightyCore/hardware/avr/3.0.3/cores/MCUdude_corefiles/wiring_digital.c:51
    SREG = oldSREG;
  } else if (mode == INPUT_PULLUP) {
    uint8_t oldSREG = SREG;
    cli();
    *reg &= ~bit;
    *out |= bit;
     612:	28 83       	st	Y, r18
/home/user/.arduino15/packages/MightyCore/hardware/avr/3.0.3/cores/MCUdude_corefiles/wiring_digital.c:52
    SREG = oldSREG;
     614:	9f bf       	out	0x3f, r25	; 63
/home/user/.arduino15/packages/MightyCore/hardware/avr/3.0.3/cores/MCUdude_corefiles/wiring_digital.c:59
    uint8_t oldSREG = SREG;
    cli();
    *reg |= bit;
    SREG = oldSREG;
  }
}
     616:	df 91       	pop	r29
     618:	cf 91       	pop	r28
     61a:	08 95       	ret
/home/user/.arduino15/packages/MightyCore/hardware/avr/3.0.3/cores/MCUdude_corefiles/wiring_digital.c:47
    uint8_t oldSREG = SREG;
    cli();
    *reg &= ~bit;
    *out &= ~bit;
    SREG = oldSREG;
  } else if (mode == INPUT_PULLUP) {
     61c:	62 30       	cpi	r22, 0x02	; 2
     61e:	51 f4       	brne	.+20     	; 0x634 <pinMode+0x6a>
/home/user/.arduino15/packages/MightyCore/hardware/avr/3.0.3/cores/MCUdude_corefiles/wiring_digital.c:48
    uint8_t oldSREG = SREG;
     620:	9f b7       	in	r25, 0x3f	; 63
/home/user/.arduino15/packages/MightyCore/hardware/avr/3.0.3/cores/MCUdude_corefiles/wiring_digital.c:49
    cli();
     622:	f8 94       	cli
/home/user/.arduino15/packages/MightyCore/hardware/avr/3.0.3/cores/MCUdude_corefiles/wiring_digital.c:50
    *reg &= ~bit;
     624:	3c 91       	ld	r19, X
     626:	82 2f       	mov	r24, r18
     628:	80 95       	com	r24
     62a:	83 23       	and	r24, r19
     62c:	8c 93       	st	X, r24
/home/user/.arduino15/packages/MightyCore/hardware/avr/3.0.3/cores/MCUdude_corefiles/wiring_digital.c:51
    *out |= bit;
     62e:	e8 81       	ld	r30, Y
     630:	2e 2b       	or	r18, r30
     632:	ef cf       	rjmp	.-34     	; 0x612 <pinMode+0x48>
/home/user/.arduino15/packages/MightyCore/hardware/avr/3.0.3/cores/MCUdude_corefiles/wiring_digital.c:54
    SREG = oldSREG;
  } else {
    uint8_t oldSREG = SREG;
     634:	8f b7       	in	r24, 0x3f	; 63
/home/user/.arduino15/packages/MightyCore/hardware/avr/3.0.3/cores/MCUdude_corefiles/wiring_digital.c:55
    cli();
     636:	f8 94       	cli
/home/user/.arduino15/packages/MightyCore/hardware/avr/3.0.3/cores/MCUdude_corefiles/wiring_digital.c:56
    *reg |= bit;
     638:	ec 91       	ld	r30, X
     63a:	2e 2b       	or	r18, r30
     63c:	2c 93       	st	X, r18
/home/user/.arduino15/packages/MightyCore/hardware/avr/3.0.3/cores/MCUdude_corefiles/wiring_digital.c:57
    SREG = oldSREG;
     63e:	8f bf       	out	0x3f, r24	; 63
     640:	ea cf       	rjmp	.-44     	; 0x616 <pinMode+0x4c>

00000642 <micros>:
micros():
/home/user/.arduino15/packages/MightyCore/hardware/avr/3.0.3/cores/MCUdude_corefiles/wiring.c:237
  unsigned char f; // temporary storage for millis fraction counter
  unsigned char q = 0; // record whether an overflow is flagged
#endif
  // t will be the number where the timer0 counter stopped
  uint8_t t;
  uint8_t oldSREG = SREG;
     642:	3f b7       	in	r19, 0x3f	; 63
/home/user/.arduino15/packages/MightyCore/hardware/avr/3.0.3/cores/MCUdude_corefiles/wiring.c:240

  // Stop all interrupts
  cli();
     644:	f8 94       	cli
/home/user/.arduino15/packages/MightyCore/hardware/avr/3.0.3/cores/MCUdude_corefiles/wiring.c:247
#ifdef CORRECT_EXACT_MICROS
  // combine exact millisec and 8usec counters
  m = timer0_millis;
  f = timer0_fract;
#else
  m = timer0_overflow_count;
     646:	80 91 c6 01 	lds	r24, 0x01C6	; 0x8001c6 <timer0_overflow_count>
     64a:	90 91 c7 01 	lds	r25, 0x01C7	; 0x8001c7 <timer0_overflow_count+0x1>
     64e:	a0 91 c8 01 	lds	r26, 0x01C8	; 0x8001c8 <timer0_overflow_count+0x2>
     652:	b0 91 c9 01 	lds	r27, 0x01C9	; 0x8001c9 <timer0_overflow_count+0x3>
/home/user/.arduino15/packages/MightyCore/hardware/avr/3.0.3/cores/MCUdude_corefiles/wiring.c:252
#endif

  // TCNT0 : The Timer Counter Register
#if defined(TCNT0)
  t = TCNT0;
     656:	26 b5       	in	r18, 0x26	; 38
/home/user/.arduino15/packages/MightyCore/hardware/avr/3.0.3/cores/MCUdude_corefiles/wiring.c:261
  #error TIMER 0 not defined
#endif

  // Timer0 Interrupt Flag Register
#ifdef TIFR0
  if ((TIFR0 & _BV(TOV0)) && (t < 255))
     658:	a8 9b       	sbis	0x15, 0	; 21
     65a:	05 c0       	rjmp	.+10     	; 0x666 <micros+0x24>
     65c:	2f 3f       	cpi	r18, 0xFF	; 255
     65e:	19 f0       	breq	.+6      	; 0x666 <micros+0x24>
/home/user/.arduino15/packages/MightyCore/hardware/avr/3.0.3/cores/MCUdude_corefiles/wiring.c:263
#ifndef CORRECT_EXACT_MICROS
    m++;
     660:	01 96       	adiw	r24, 0x01	; 1
     662:	a1 1d       	adc	r26, r1
     664:	b1 1d       	adc	r27, r1
/home/user/.arduino15/packages/MightyCore/hardware/avr/3.0.3/cores/MCUdude_corefiles/wiring.c:276
#else
    q = 1;
#endif
#endif
  // Restore SREG
  SREG = oldSREG;
     666:	3f bf       	out	0x3f, r19	; 63
/home/user/.arduino15/packages/MightyCore/hardware/avr/3.0.3/cores/MCUdude_corefiles/wiring.c:292
      ((t * MICROSECONDS_PER_TIMER0_OVERFLOW) >> 8);
  return q ? m + MICROSECONDS_PER_TIMER0_OVERFLOW : m;
#elif 1
  /* All power-of-two Megahertz frequencies enter here, as well as 12.8 MHz.
     We only end up here if right shift before multiplication is exact. */
  return ((m << 8) + t) * (MICROSECONDS_PER_TIMER0_OVERFLOW >> 8);
     668:	ba 2f       	mov	r27, r26
     66a:	a9 2f       	mov	r26, r25
     66c:	98 2f       	mov	r25, r24
     66e:	88 27       	eor	r24, r24
     670:	bc 01       	movw	r22, r24
     672:	cd 01       	movw	r24, r26
     674:	62 0f       	add	r22, r18
     676:	71 1d       	adc	r23, r1
     678:	81 1d       	adc	r24, r1
     67a:	91 1d       	adc	r25, r1
     67c:	42 e0       	ldi	r20, 0x02	; 2
     67e:	66 0f       	add	r22, r22
     680:	77 1f       	adc	r23, r23
     682:	88 1f       	adc	r24, r24
     684:	99 1f       	adc	r25, r25
     686:	4a 95       	dec	r20
     688:	d1 f7       	brne	.-12     	; 0x67e <micros+0x3c>
/home/user/.arduino15/packages/MightyCore/hardware/avr/3.0.3/cores/MCUdude_corefiles/wiring.c:393
  // m & t are multiplied by 4 (since it was already multiplied by 256)
  // t is multiplied by 4
  return ((m << 8) + t) * (64 / clockCyclesPerMicrosecond());
#endif
#endif // 0
}
     68a:	08 95       	ret

0000068c <delay>:
delay():
/home/user/.arduino15/packages/MightyCore/hardware/avr/3.0.3/cores/MCUdude_corefiles/wiring.c:396

void delay(unsigned long ms)
{
     68c:	8f 92       	push	r8
     68e:	9f 92       	push	r9
     690:	af 92       	push	r10
     692:	bf 92       	push	r11
     694:	cf 92       	push	r12
     696:	df 92       	push	r13
     698:	ef 92       	push	r14
     69a:	ff 92       	push	r15
     69c:	4b 01       	movw	r8, r22
     69e:	5c 01       	movw	r10, r24
/home/user/.arduino15/packages/MightyCore/hardware/avr/3.0.3/cores/MCUdude_corefiles/wiring.c:397
  unsigned long start = micros();
     6a0:	0e 94 21 03 	call	0x642	; 0x642 <micros>
     6a4:	6b 01       	movw	r12, r22
     6a6:	7c 01       	movw	r14, r24
/home/user/.arduino15/packages/MightyCore/hardware/avr/3.0.3/cores/MCUdude_corefiles/wiring.c:401

  while (ms > 0UL) {
    yield();
    while (ms > 0UL && (micros() - start) >= 1000UL) {
     6a8:	0e 94 21 03 	call	0x642	; 0x642 <micros>
     6ac:	6c 19       	sub	r22, r12
     6ae:	7d 09       	sbc	r23, r13
     6b0:	8e 09       	sbc	r24, r14
     6b2:	9f 09       	sbc	r25, r15
     6b4:	68 3e       	cpi	r22, 0xE8	; 232
     6b6:	73 40       	sbci	r23, 0x03	; 3
     6b8:	81 05       	cpc	r24, r1
     6ba:	91 05       	cpc	r25, r1
     6bc:	a8 f3       	brcs	.-22     	; 0x6a8 <delay+0x1c>
/home/user/.arduino15/packages/MightyCore/hardware/avr/3.0.3/cores/MCUdude_corefiles/wiring.c:402
      ms--;
     6be:	21 e0       	ldi	r18, 0x01	; 1
     6c0:	82 1a       	sub	r8, r18
     6c2:	91 08       	sbc	r9, r1
     6c4:	a1 08       	sbc	r10, r1
     6c6:	b1 08       	sbc	r11, r1
/home/user/.arduino15/packages/MightyCore/hardware/avr/3.0.3/cores/MCUdude_corefiles/wiring.c:403
      start += 1000UL;
     6c8:	88 ee       	ldi	r24, 0xE8	; 232
     6ca:	c8 0e       	add	r12, r24
     6cc:	83 e0       	ldi	r24, 0x03	; 3
     6ce:	d8 1e       	adc	r13, r24
     6d0:	e1 1c       	adc	r14, r1
     6d2:	f1 1c       	adc	r15, r1
/home/user/.arduino15/packages/MightyCore/hardware/avr/3.0.3/cores/MCUdude_corefiles/wiring.c:401
{
  unsigned long start = micros();

  while (ms > 0UL) {
    yield();
    while (ms > 0UL && (micros() - start) >= 1000UL) {
     6d4:	81 14       	cp	r8, r1
     6d6:	91 04       	cpc	r9, r1
     6d8:	a1 04       	cpc	r10, r1
     6da:	b1 04       	cpc	r11, r1
     6dc:	29 f7       	brne	.-54     	; 0x6a8 <delay+0x1c>
/home/user/.arduino15/packages/MightyCore/hardware/avr/3.0.3/cores/MCUdude_corefiles/wiring.c:406
      ms--;
      start += 1000UL;
    }
  }
}
     6de:	ff 90       	pop	r15
     6e0:	ef 90       	pop	r14
     6e2:	df 90       	pop	r13
     6e4:	cf 90       	pop	r12
     6e6:	bf 90       	pop	r11
     6e8:	af 90       	pop	r10
     6ea:	9f 90       	pop	r9
     6ec:	8f 90       	pop	r8
     6ee:	08 95       	ret

000006f0 <millis>:
millis():
/home/user/.arduino15/packages/MightyCore/hardware/avr/3.0.3/cores/MCUdude_corefiles/wiring.c:218
}

unsigned long millis()
{
  unsigned long m;
  uint8_t oldSREG = SREG;
     6f0:	2f b7       	in	r18, 0x3f	; 63
/home/user/.arduino15/packages/MightyCore/hardware/avr/3.0.3/cores/MCUdude_corefiles/wiring.c:222

  // disable interrupts while we read timer0_millis or we might get an
  // inconsistent value (e.g. in the middle of a write to timer0_millis)
  cli();
     6f2:	f8 94       	cli
/home/user/.arduino15/packages/MightyCore/hardware/avr/3.0.3/cores/MCUdude_corefiles/wiring.c:223
  m = timer0_millis;
     6f4:	60 91 c2 01 	lds	r22, 0x01C2	; 0x8001c2 <timer0_millis>
     6f8:	70 91 c3 01 	lds	r23, 0x01C3	; 0x8001c3 <timer0_millis+0x1>
     6fc:	80 91 c4 01 	lds	r24, 0x01C4	; 0x8001c4 <timer0_millis+0x2>
     700:	90 91 c5 01 	lds	r25, 0x01C5	; 0x8001c5 <timer0_millis+0x3>
/home/user/.arduino15/packages/MightyCore/hardware/avr/3.0.3/cores/MCUdude_corefiles/wiring.c:224
  SREG = oldSREG;
     704:	2f bf       	out	0x3f, r18	; 63
/home/user/.arduino15/packages/MightyCore/hardware/avr/3.0.3/cores/MCUdude_corefiles/wiring.c:227

  return m;
}
     706:	08 95       	ret

00000708 <nothing>:
nothing():
/home/user/.arduino15/packages/MightyCore/hardware/avr/3.0.3/cores/MCUdude_corefiles/WInterrupts.c:36

#include "wiring_private.h"

static void nothing(void)
{
}
     708:	08 95       	ret

0000070a <twi_stop>:
twi_stop():
/home/user/.arduino15/packages/MightyCore/hardware/avr/3.0.3/libraries/Wire/src/utility/twi.c:436
 * Output   none
 */
void twi_stop(void)
{
  // send stop condition
  TWCR = _BV(TWEN) | _BV(TWIE) | _BV(TWEA) | _BV(TWINT) | _BV(TWSTO);
     70a:	85 ed       	ldi	r24, 0xD5	; 213
     70c:	80 93 bc 00 	sts	0x00BC, r24	; 0x8000bc <__DATA_REGION_ORIGIN__+0x5c>
/home/user/.arduino15/packages/MightyCore/hardware/avr/3.0.3/libraries/Wire/src/utility/twi.c:456
          return;
        }
      }
    }
  #else
    while(TWCR & _BV(TWSTO)){
     710:	80 91 bc 00 	lds	r24, 0x00BC	; 0x8000bc <__DATA_REGION_ORIGIN__+0x5c>
     714:	84 fd       	sbrc	r24, 4
     716:	fc cf       	rjmp	.-8      	; 0x710 <twi_stop+0x6>
/home/user/.arduino15/packages/MightyCore/hardware/avr/3.0.3/libraries/Wire/src/utility/twi.c:462
      continue;
    }
  #endif

  // update twi state
  twi_state = TWI_READY;
     718:	10 92 b7 02 	sts	0x02B7, r1	; 0x8002b7 <twi_state>
/home/user/.arduino15/packages/MightyCore/hardware/avr/3.0.3/libraries/Wire/src/utility/twi.c:463
}
     71c:	08 95       	ret

0000071e <twi_transmit>:
twi_transmit():
/home/user/.arduino15/packages/MightyCore/hardware/avr/3.0.3/libraries/Wire/src/utility/twi.c:371
uint8_t twi_transmit(const uint8_t* data, uint8_t length)
{
  uint8_t i;

  // ensure data will fit into buffer
  if(TWI_BUFFER_SIZE < (twi_txBufferLength+length)){
     71e:	20 91 9e 01 	lds	r18, 0x019E	; 0x80019e <twi_txBufferLength>
     722:	26 0f       	add	r18, r22
     724:	33 27       	eor	r19, r19
     726:	33 1f       	adc	r19, r19
     728:	21 32       	cpi	r18, 0x21	; 33
     72a:	31 05       	cpc	r19, r1
     72c:	ec f4       	brge	.+58     	; 0x768 <twi_transmit+0x4a>
/home/user/.arduino15/packages/MightyCore/hardware/avr/3.0.3/libraries/Wire/src/utility/twi.c:376
    return 1;
  }

  // ensure we are currently a slave transmitter
  if(TWI_STX != twi_state){
     72e:	20 91 b7 02 	lds	r18, 0x02B7	; 0x8002b7 <twi_state>
     732:	fc 01       	movw	r30, r24
     734:	90 e0       	ldi	r25, 0x00	; 0
     736:	80 e0       	ldi	r24, 0x00	; 0
     738:	24 30       	cpi	r18, 0x04	; 4
     73a:	69 f0       	breq	.+26     	; 0x756 <twi_transmit+0x38>
/home/user/.arduino15/packages/MightyCore/hardware/avr/3.0.3/libraries/Wire/src/utility/twi.c:377
    return 2;
     73c:	82 e0       	ldi	r24, 0x02	; 2
/home/user/.arduino15/packages/MightyCore/hardware/avr/3.0.3/libraries/Wire/src/utility/twi.c:387
    twi_txBuffer[twi_txBufferLength+i] = data[i];
  }
  twi_txBufferLength += length;

  return 0;
}
     73e:	08 95       	ret
/home/user/.arduino15/packages/MightyCore/hardware/avr/3.0.3/libraries/Wire/src/utility/twi.c:382
    return 2;
  }

  // set length and copy data into tx buffer
  for(i = 0; i < length; ++i){
    twi_txBuffer[twi_txBufferLength+i] = data[i];
     740:	a0 91 9e 01 	lds	r26, 0x019E	; 0x80019e <twi_txBufferLength>
     744:	21 91       	ld	r18, Z+
     746:	ac 01       	movw	r20, r24
     748:	42 58       	subi	r20, 0x82	; 130
     74a:	5e 4f       	sbci	r21, 0xFE	; 254
     74c:	a4 0f       	add	r26, r20
     74e:	b5 2f       	mov	r27, r21
     750:	b1 1d       	adc	r27, r1
     752:	2c 93       	st	X, r18
     754:	01 96       	adiw	r24, 0x01	; 1
/home/user/.arduino15/packages/MightyCore/hardware/avr/3.0.3/libraries/Wire/src/utility/twi.c:381
  if(TWI_STX != twi_state){
    return 2;
  }

  // set length and copy data into tx buffer
  for(i = 0; i < length; ++i){
     756:	86 17       	cp	r24, r22
     758:	98 f3       	brcs	.-26     	; 0x740 <twi_transmit+0x22>
/home/user/.arduino15/packages/MightyCore/hardware/avr/3.0.3/libraries/Wire/src/utility/twi.c:384
    twi_txBuffer[twi_txBufferLength+i] = data[i];
  }
  twi_txBufferLength += length;
     75a:	80 91 9e 01 	lds	r24, 0x019E	; 0x80019e <twi_txBufferLength>
     75e:	68 0f       	add	r22, r24
     760:	60 93 9e 01 	sts	0x019E, r22	; 0x80019e <twi_txBufferLength>
     764:	80 e0       	ldi	r24, 0x00	; 0
     766:	08 95       	ret
/home/user/.arduino15/packages/MightyCore/hardware/avr/3.0.3/libraries/Wire/src/utility/twi.c:372
{
  uint8_t i;

  // ensure data will fit into buffer
  if(TWI_BUFFER_SIZE < (twi_txBufferLength+length)){
    return 1;
     768:	81 e0       	ldi	r24, 0x01	; 1
     76a:	08 95       	ret

0000076c <TwoWire::flush()>:
flush():
/home/user/.arduino15/packages/MightyCore/hardware/avr/3.0.3/libraries/Wire/src/Wire.cpp:326
}

void TwoWire::flush(void)
{
  // XXX: to be implemented.
}
     76c:	08 95       	ret

0000076e <TwoWire::peek()>:
peek():
/home/user/.arduino15/packages/MightyCore/hardware/avr/3.0.3/libraries/Wire/src/Wire.cpp:316
// or after requestFrom(address, numBytes)
int TwoWire::peek(void)
{
  int value = -1;

  if(rxBufferIndex < rxBufferLength){
     76e:	e0 91 bb 02 	lds	r30, 0x02BB	; 0x8002bb <TwoWire::rxBufferIndex>
     772:	80 91 ba 02 	lds	r24, 0x02BA	; 0x8002ba <TwoWire::rxBufferLength>
     776:	e8 17       	cp	r30, r24
     778:	30 f4       	brcc	.+12     	; 0x786 <TwoWire::peek()+0x18>
/home/user/.arduino15/packages/MightyCore/hardware/avr/3.0.3/libraries/Wire/src/Wire.cpp:317
    value = rxBuffer[rxBufferIndex];
     77a:	f0 e0       	ldi	r31, 0x00	; 0
     77c:	e4 53       	subi	r30, 0x34	; 52
     77e:	fe 4f       	sbci	r31, 0xFE	; 254
     780:	80 81       	ld	r24, Z
     782:	90 e0       	ldi	r25, 0x00	; 0
     784:	08 95       	ret
/home/user/.arduino15/packages/MightyCore/hardware/avr/3.0.3/libraries/Wire/src/Wire.cpp:314
// must be called in:
// slave rx event callback
// or after requestFrom(address, numBytes)
int TwoWire::peek(void)
{
  int value = -1;
     786:	8f ef       	ldi	r24, 0xFF	; 255
     788:	9f ef       	ldi	r25, 0xFF	; 255
/home/user/.arduino15/packages/MightyCore/hardware/avr/3.0.3/libraries/Wire/src/Wire.cpp:321
  if(rxBufferIndex < rxBufferLength){
    value = rxBuffer[rxBufferIndex];
  }

  return value;
}
     78a:	08 95       	ret

0000078c <TwoWire::read()>:
read():
/home/user/.arduino15/packages/MightyCore/hardware/avr/3.0.3/libraries/Wire/src/Wire.cpp:301
int TwoWire::read(void)
{
  int value = -1;

  // get each successive byte on each call
  if(rxBufferIndex < rxBufferLength){
     78c:	90 91 bb 02 	lds	r25, 0x02BB	; 0x8002bb <TwoWire::rxBufferIndex>
     790:	80 91 ba 02 	lds	r24, 0x02BA	; 0x8002ba <TwoWire::rxBufferLength>
/home/user/.arduino15/packages/MightyCore/hardware/avr/3.0.3/libraries/Wire/src/Wire.cpp:298
// must be called in:
// slave rx event callback
// or after requestFrom(address, numBytes)
int TwoWire::read(void)
{
  int value = -1;
     794:	2f ef       	ldi	r18, 0xFF	; 255
     796:	3f ef       	ldi	r19, 0xFF	; 255
/home/user/.arduino15/packages/MightyCore/hardware/avr/3.0.3/libraries/Wire/src/Wire.cpp:301

  // get each successive byte on each call
  if(rxBufferIndex < rxBufferLength){
     798:	98 17       	cp	r25, r24
     79a:	48 f4       	brcc	.+18     	; 0x7ae <TwoWire::read()+0x22>
/home/user/.arduino15/packages/MightyCore/hardware/avr/3.0.3/libraries/Wire/src/Wire.cpp:302
    value = rxBuffer[rxBufferIndex];
     79c:	e9 2f       	mov	r30, r25
     79e:	f0 e0       	ldi	r31, 0x00	; 0
     7a0:	e4 53       	subi	r30, 0x34	; 52
     7a2:	fe 4f       	sbci	r31, 0xFE	; 254
     7a4:	20 81       	ld	r18, Z
     7a6:	30 e0       	ldi	r19, 0x00	; 0
/home/user/.arduino15/packages/MightyCore/hardware/avr/3.0.3/libraries/Wire/src/Wire.cpp:303
    ++rxBufferIndex;
     7a8:	9f 5f       	subi	r25, 0xFF	; 255
     7aa:	90 93 bb 02 	sts	0x02BB, r25	; 0x8002bb <TwoWire::rxBufferIndex>
/home/user/.arduino15/packages/MightyCore/hardware/avr/3.0.3/libraries/Wire/src/Wire.cpp:307
  }

  return value;
}
     7ae:	c9 01       	movw	r24, r18
     7b0:	08 95       	ret

000007b2 <TwoWire::write(unsigned char const*, unsigned int)>:
write():
/home/user/.arduino15/packages/MightyCore/hardware/avr/3.0.3/libraries/Wire/src/Wire.cpp:271

// must be called in:
// slave tx event callback
// or after beginTransmission(address)
size_t TwoWire::write(const uint8_t *data, size_t quantity)
{
     7b2:	cf 92       	push	r12
     7b4:	df 92       	push	r13
     7b6:	ef 92       	push	r14
     7b8:	ff 92       	push	r15
     7ba:	0f 93       	push	r16
     7bc:	1f 93       	push	r17
     7be:	cf 93       	push	r28
     7c0:	df 93       	push	r29
     7c2:	7c 01       	movw	r14, r24
     7c4:	cb 01       	movw	r24, r22
     7c6:	8a 01       	movw	r16, r20
/home/user/.arduino15/packages/MightyCore/hardware/avr/3.0.3/libraries/Wire/src/Wire.cpp:272
  if(transmitting){
     7c8:	20 91 13 02 	lds	r18, 0x0213	; 0x800213 <TwoWire::transmitting>
     7cc:	22 23       	and	r18, r18
     7ce:	89 f0       	breq	.+34     	; 0x7f2 <TwoWire::write(unsigned char const*, unsigned int)+0x40>
     7d0:	eb 01       	movw	r28, r22
     7d2:	6b 01       	movw	r12, r22
     7d4:	c4 0e       	add	r12, r20
     7d6:	d5 1e       	adc	r13, r21
/home/user/.arduino15/packages/MightyCore/hardware/avr/3.0.3/libraries/Wire/src/Wire.cpp:274
  // in master transmitter mode
    for(size_t i = 0; i < quantity; ++i){
     7d8:	cc 15       	cp	r28, r12
     7da:	dd 05       	cpc	r29, r13
     7dc:	69 f0       	breq	.+26     	; 0x7f8 <TwoWire::write(unsigned char const*, unsigned int)+0x46>
/home/user/.arduino15/packages/MightyCore/hardware/avr/3.0.3/libraries/Wire/src/Wire.cpp:275
      write(data[i]);
     7de:	69 91       	ld	r22, Y+
     7e0:	d7 01       	movw	r26, r14
     7e2:	ed 91       	ld	r30, X+
     7e4:	fc 91       	ld	r31, X
     7e6:	01 90       	ld	r0, Z+
     7e8:	f0 81       	ld	r31, Z
     7ea:	e0 2d       	mov	r30, r0
     7ec:	c7 01       	movw	r24, r14
     7ee:	09 95       	icall
     7f0:	f3 cf       	rjmp	.-26     	; 0x7d8 <TwoWire::write(unsigned char const*, unsigned int)+0x26>
/home/user/.arduino15/packages/MightyCore/hardware/avr/3.0.3/libraries/Wire/src/Wire.cpp:280
    }
  }else{
  // in slave send mode
    // reply to master
    twi_transmit(data, quantity);
     7f2:	64 2f       	mov	r22, r20
     7f4:	0e 94 8f 03 	call	0x71e	; 0x71e <twi_transmit>
/home/user/.arduino15/packages/MightyCore/hardware/avr/3.0.3/libraries/Wire/src/Wire.cpp:283
  }
  return quantity;
}
     7f8:	c8 01       	movw	r24, r16
     7fa:	df 91       	pop	r29
     7fc:	cf 91       	pop	r28
     7fe:	1f 91       	pop	r17
     800:	0f 91       	pop	r16
     802:	ff 90       	pop	r15
     804:	ef 90       	pop	r14
     806:	df 90       	pop	r13
     808:	cf 90       	pop	r12
     80a:	08 95       	ret

0000080c <TwoWire::write(unsigned char)>:
/home/user/.arduino15/packages/MightyCore/hardware/avr/3.0.3/libraries/Wire/src/Wire.cpp:246

// must be called in:
// slave tx event callback
// or after beginTransmission(address)
size_t TwoWire::write(uint8_t data)
{
     80c:	cf 93       	push	r28
     80e:	df 93       	push	r29
     810:	1f 92       	push	r1
     812:	cd b7       	in	r28, 0x3d	; 61
     814:	de b7       	in	r29, 0x3e	; 62
     816:	69 83       	std	Y+1, r22	; 0x01
/home/user/.arduino15/packages/MightyCore/hardware/avr/3.0.3/libraries/Wire/src/Wire.cpp:247
  if(transmitting){
     818:	20 91 13 02 	lds	r18, 0x0213	; 0x800213 <TwoWire::transmitting>
     81c:	22 23       	and	r18, r18
     81e:	f9 f0       	breq	.+62     	; 0x85e <TwoWire::write(unsigned char)+0x52>
/home/user/.arduino15/packages/MightyCore/hardware/avr/3.0.3/libraries/Wire/src/Wire.cpp:250
  // in master transmitter mode
    // don't bother if buffer is full
    if(txBufferLength >= TWI_BUFFER_SIZE){
     820:	20 91 b8 02 	lds	r18, 0x02B8	; 0x8002b8 <TwoWire::txBufferLength>
     824:	20 32       	cpi	r18, 0x20	; 32
     826:	58 f0       	brcs	.+22     	; 0x83e <TwoWire::write(unsigned char)+0x32>
_ZN5Print13setWriteErrorEi():
/home/user/.arduino15/packages/MightyCore/hardware/avr/3.0.3/cores/MCUdude_corefiles/Print.h:44
  private:
    int write_error;
    size_t printNumber(unsigned long, uint8_t);
    size_t printFloat(double, uint8_t);
  protected:
    void setWriteError(int err = 1) { write_error = err; }
     828:	21 e0       	ldi	r18, 0x01	; 1
     82a:	30 e0       	ldi	r19, 0x00	; 0
     82c:	fc 01       	movw	r30, r24
     82e:	33 83       	std	Z+3, r19	; 0x03
     830:	22 83       	std	Z+2, r18	; 0x02
write():
/home/user/.arduino15/packages/MightyCore/hardware/avr/3.0.3/libraries/Wire/src/Wire.cpp:252
      setWriteError();
      return 0;
     832:	90 e0       	ldi	r25, 0x00	; 0
     834:	80 e0       	ldi	r24, 0x00	; 0
/home/user/.arduino15/packages/MightyCore/hardware/avr/3.0.3/libraries/Wire/src/Wire.cpp:265
  // in slave send mode
    // reply to master
    twi_transmit(&data, 1);
  }
  return 1;
}
     836:	0f 90       	pop	r0
     838:	df 91       	pop	r29
     83a:	cf 91       	pop	r28
     83c:	08 95       	ret
/home/user/.arduino15/packages/MightyCore/hardware/avr/3.0.3/libraries/Wire/src/Wire.cpp:255
    if(txBufferLength >= TWI_BUFFER_SIZE){
      setWriteError();
      return 0;
    }
    // put byte in tx buffer
    txBuffer[txBufferIndex] = data;
     83e:	80 91 b9 02 	lds	r24, 0x02B9	; 0x8002b9 <TwoWire::txBufferIndex>
     842:	e8 2f       	mov	r30, r24
     844:	f0 e0       	ldi	r31, 0x00	; 0
     846:	ee 50       	subi	r30, 0x0E	; 14
     848:	fe 4f       	sbci	r31, 0xFE	; 254
     84a:	99 81       	ldd	r25, Y+1	; 0x01
     84c:	90 83       	st	Z, r25
/home/user/.arduino15/packages/MightyCore/hardware/avr/3.0.3/libraries/Wire/src/Wire.cpp:256
    ++txBufferIndex;
     84e:	8f 5f       	subi	r24, 0xFF	; 255
     850:	80 93 b9 02 	sts	0x02B9, r24	; 0x8002b9 <TwoWire::txBufferIndex>
/home/user/.arduino15/packages/MightyCore/hardware/avr/3.0.3/libraries/Wire/src/Wire.cpp:258
    // update amount in buffer
    txBufferLength = txBufferIndex;
     854:	80 93 b8 02 	sts	0x02B8, r24	; 0x8002b8 <TwoWire::txBufferLength>
/home/user/.arduino15/packages/MightyCore/hardware/avr/3.0.3/libraries/Wire/src/Wire.cpp:264
  }else{
  // in slave send mode
    // reply to master
    twi_transmit(&data, 1);
  }
  return 1;
     858:	81 e0       	ldi	r24, 0x01	; 1
     85a:	90 e0       	ldi	r25, 0x00	; 0
     85c:	ec cf       	rjmp	.-40     	; 0x836 <TwoWire::write(unsigned char)+0x2a>
/home/user/.arduino15/packages/MightyCore/hardware/avr/3.0.3/libraries/Wire/src/Wire.cpp:262
    // update amount in buffer
    txBufferLength = txBufferIndex;
  }else{
  // in slave send mode
    // reply to master
    twi_transmit(&data, 1);
     85e:	61 e0       	ldi	r22, 0x01	; 1
     860:	ce 01       	movw	r24, r28
     862:	01 96       	adiw	r24, 0x01	; 1
     864:	0e 94 8f 03 	call	0x71e	; 0x71e <twi_transmit>
     868:	f7 cf       	rjmp	.-18     	; 0x858 <TwoWire::write(unsigned char)+0x4c>

0000086a <Print::availableForWrite()>:
availableForWrite():
/home/user/.arduino15/packages/MightyCore/hardware/avr/3.0.3/cores/MCUdude_corefiles/Print.h:63
      return write((const uint8_t *)buffer, size);
    }

    // default to zero, meaning "a single write may block"
    // should be overriden by subclasses with buffering
    virtual int availableForWrite() { return 0; }
     86a:	90 e0       	ldi	r25, 0x00	; 0
     86c:	80 e0       	ldi	r24, 0x00	; 0
     86e:	08 95       	ret

00000870 <Ration::INT1_isr()>:
INT1_isr():
/tmp/arduino_build_443235/sketch/Ration.cpp:20
    }
}

// **Interrupt Service Routine (ISR) for INT1 (Motor2)**
void Ration::INT1_isr() {
    if (instance) {
     870:	e0 91 65 03 	lds	r30, 0x0365	; 0x800365 <Ration::instance>
     874:	f0 91 66 03 	lds	r31, 0x0366	; 0x800366 <Ration::instance+0x1>
     878:	30 97       	sbiw	r30, 0x00	; 0
     87a:	99 f0       	breq	.+38     	; 0x8a2 <Ration::INT1_isr()+0x32>
/tmp/arduino_build_443235/sketch/Ration.cpp:21
        if (instance->modeBourrageActive)return;
     87c:	86 81       	ldd	r24, Z+6	; 0x06
     87e:	81 11       	cpse	r24, r1
     880:	10 c0       	rjmp	.+32     	; 0x8a2 <Ration::INT1_isr()+0x32>
/tmp/arduino_build_443235/sketch/Ration.cpp:22
        instance->countM2++;
     882:	85 85       	ldd	r24, Z+13	; 0x0d
     884:	96 85       	ldd	r25, Z+14	; 0x0e
     886:	01 96       	adiw	r24, 0x01	; 1
     888:	96 87       	std	Z+14, r25	; 0x0e
     88a:	85 87       	std	Z+13, r24	; 0x0d
/tmp/arduino_build_443235/sketch/Ration.cpp:24
        // Stop Motor2 if it has distributed the required amount
        if (instance->countM2 >= instance->ration_qty) {
     88c:	25 85       	ldd	r18, Z+13	; 0x0d
     88e:	36 85       	ldd	r19, Z+14	; 0x0e
     890:	87 81       	ldd	r24, Z+7	; 0x07
     892:	90 85       	ldd	r25, Z+8	; 0x08
     894:	28 17       	cp	r18, r24
     896:	39 07       	cpc	r19, r25
     898:	20 f0       	brcs	.+8      	; 0x8a2 <Ration::INT1_isr()+0x32>
/tmp/arduino_build_443235/sketch/Ration.cpp:25
            digitalWrite(MOT2_PWM, LOW); // Stop Motor2
     89a:	60 e0       	ldi	r22, 0x00	; 0
     89c:	8d e0       	ldi	r24, 0x0D	; 13
     89e:	0c 94 b7 02 	jmp	0x56e	; 0x56e <digitalWrite>
/tmp/arduino_build_443235/sketch/Ration.cpp:28
        }
    }
}
     8a2:	08 95       	ret

000008a4 <Ration::INT0_isr()>:
INT0_isr():
/tmp/arduino_build_443235/sketch/Ration.cpp:8
// **Static instance pointer**
Ration* Ration::instance = nullptr;

// **Interrupt Service Routine (ISR) for INT0 (Motor1)**
void Ration::INT0_isr() {
    if (instance) {
     8a4:	e0 91 65 03 	lds	r30, 0x0365	; 0x800365 <Ration::instance>
     8a8:	f0 91 66 03 	lds	r31, 0x0366	; 0x800366 <Ration::instance+0x1>
     8ac:	30 97       	sbiw	r30, 0x00	; 0
     8ae:	99 f0       	breq	.+38     	; 0x8d6 <Ration::INT0_isr()+0x32>
/tmp/arduino_build_443235/sketch/Ration.cpp:9
        if (instance->modeBourrageActive)return;
     8b0:	86 81       	ldd	r24, Z+6	; 0x06
     8b2:	81 11       	cpse	r24, r1
     8b4:	10 c0       	rjmp	.+32     	; 0x8d6 <Ration::INT0_isr()+0x32>
/tmp/arduino_build_443235/sketch/Ration.cpp:10
        instance->countM1++;
     8b6:	83 85       	ldd	r24, Z+11	; 0x0b
     8b8:	94 85       	ldd	r25, Z+12	; 0x0c
     8ba:	01 96       	adiw	r24, 0x01	; 1
     8bc:	94 87       	std	Z+12, r25	; 0x0c
     8be:	83 87       	std	Z+11, r24	; 0x0b
/tmp/arduino_build_443235/sketch/Ration.cpp:12
        // Stop Motor1 if it has distributed the required amount
        if (instance->countM1 >= instance->ration_qty) {
     8c0:	23 85       	ldd	r18, Z+11	; 0x0b
     8c2:	34 85       	ldd	r19, Z+12	; 0x0c
     8c4:	87 81       	ldd	r24, Z+7	; 0x07
     8c6:	90 85       	ldd	r25, Z+8	; 0x08
     8c8:	28 17       	cp	r18, r24
     8ca:	39 07       	cpc	r19, r25
     8cc:	20 f0       	brcs	.+8      	; 0x8d6 <Ration::INT0_isr()+0x32>
/tmp/arduino_build_443235/sketch/Ration.cpp:13
            digitalWrite(MOT1_PWM, LOW); // Stop Motor1
     8ce:	60 e0       	ldi	r22, 0x00	; 0
     8d0:	8c e0       	ldi	r24, 0x0C	; 12
     8d2:	0c 94 b7 02 	jmp	0x56e	; 0x56e <digitalWrite>
/tmp/arduino_build_443235/sketch/Ration.cpp:16
        }
    }
}
     8d6:	08 95       	ret

000008d8 <HardwareSerial::write(int)>:
write():
/home/user/.arduino15/packages/MightyCore/hardware/avr/3.0.3/cores/MCUdude_corefiles/HardwareSerial.h:133
    virtual void flush(void);
    virtual size_t write(uint8_t);
    inline size_t write(unsigned long n) { return write((uint8_t)n); }
    inline size_t write(long n) { return write((uint8_t)n); }
    inline size_t write(unsigned int n) { return write((uint8_t)n); }
    inline size_t write(int n) { return write((uint8_t)n); }
     8d8:	dc 01       	movw	r26, r24
     8da:	ed 91       	ld	r30, X+
     8dc:	fc 91       	ld	r31, X
     8de:	01 90       	ld	r0, Z+
     8e0:	f0 81       	ld	r31, Z
     8e2:	e0 2d       	mov	r30, r0
     8e4:	09 94       	ijmp

000008e6 <Horaires::getDate() [clone .constprop.47]>:
getDate():
/tmp/arduino_build_443235/sketch/Horaires.cpp:32
    Wire.write(decToBcd(year_short));
    Wire.endTransmission();
}

// **Get full date and time from DS3231 RTC**
DateTime Horaires::getDate() {
     8e6:	bf 92       	push	r11
     8e8:	cf 92       	push	r12
     8ea:	df 92       	push	r13
     8ec:	ef 92       	push	r14
     8ee:	ff 92       	push	r15
     8f0:	0f 93       	push	r16
     8f2:	1f 93       	push	r17
     8f4:	cf 93       	push	r28
     8f6:	df 93       	push	r29
     8f8:	00 d0       	rcall	.+0      	; 0x8fa <Horaires::getDate() [clone .constprop.47]+0x14>
     8fa:	00 d0       	rcall	.+0      	; 0x8fc <Horaires::getDate() [clone .constprop.47]+0x16>
     8fc:	00 d0       	rcall	.+0      	; 0x8fe <Horaires::getDate() [clone .constprop.47]+0x18>
     8fe:	1f 92       	push	r1
     900:	cd b7       	in	r28, 0x3d	; 61
     902:	de b7       	in	r29, 0x3e	; 62
beginTransmission():
/home/user/.arduino15/packages/MightyCore/hardware/avr/3.0.3/libraries/Wire/src/Wire.cpp:196
}

void TwoWire::beginTransmission(uint8_t address)
{
  // indicate that we are transmitting
  transmitting = 1;
     904:	81 e0       	ldi	r24, 0x01	; 1
     906:	80 93 13 02 	sts	0x0213, r24	; 0x800213 <TwoWire::transmitting>
/home/user/.arduino15/packages/MightyCore/hardware/avr/3.0.3/libraries/Wire/src/Wire.cpp:198
  // set address of targeted slave
  txAddress = address;
     90a:	88 e6       	ldi	r24, 0x68	; 104
     90c:	80 93 12 02 	sts	0x0212, r24	; 0x800212 <TwoWire::txAddress>
/home/user/.arduino15/packages/MightyCore/hardware/avr/3.0.3/libraries/Wire/src/Wire.cpp:200
  // reset tx buffer iterator vars
  txBufferIndex = 0;
     910:	10 92 b9 02 	sts	0x02B9, r1	; 0x8002b9 <TwoWire::txBufferIndex>
/home/user/.arduino15/packages/MightyCore/hardware/avr/3.0.3/libraries/Wire/src/Wire.cpp:201
  txBufferLength = 0;
     914:	10 92 b8 02 	sts	0x02B8, r1	; 0x8002b8 <TwoWire::txBufferLength>
write():
/home/user/.arduino15/packages/MightyCore/hardware/avr/3.0.3/libraries/Wire/src/Wire.h:86
    void onRequest( void (*)(void) );

    inline size_t write(unsigned long n) { return write((uint8_t)n); }
    inline size_t write(long n) { return write((uint8_t)n); }
    inline size_t write(unsigned int n) { return write((uint8_t)n); }
    inline size_t write(int n) { return write((uint8_t)n); }
     918:	60 e0       	ldi	r22, 0x00	; 0
     91a:	8c eb       	ldi	r24, 0xBC	; 188
     91c:	92 e0       	ldi	r25, 0x02	; 2
     91e:	0e 94 06 04 	call	0x80c	; 0x80c <TwoWire::write(unsigned char)>
endTransmission():
/home/user/.arduino15/packages/MightyCore/hardware/avr/3.0.3/libraries/Wire/src/Wire.cpp:225
//  devices will behave oddly if they do not see a STOP.
//
uint8_t TwoWire::endTransmission(uint8_t sendStop)
{
  // transmit buffer (blocking)
  uint8_t ret = twi_writeTo(txAddress, txBuffer, txBufferLength, 1, sendStop);
     922:	80 91 b8 02 	lds	r24, 0x02B8	; 0x8002b8 <TwoWire::txBufferLength>
twi_writeTo():
/home/user/.arduino15/packages/MightyCore/hardware/avr/3.0.3/libraries/Wire/src/utility/twi.c:268
 *          5 .. timeout
 */
uint8_t twi_writeTo(uint8_t address, uint8_t* data, uint8_t length, uint8_t wait, uint8_t sendStop)
{
  // ensure data will fit into buffer
  if(TWI_BUFFER_SIZE < length){
     926:	81 32       	cpi	r24, 0x21	; 33
     928:	f0 f5       	brcc	.+124    	; 0x9a6 <Horaires::getDate() [clone .constprop.47]+0xc0>
/home/user/.arduino15/packages/MightyCore/hardware/avr/3.0.3/libraries/Wire/src/utility/twi.c:282
        twi_handleTimeout(twi_do_reset_on_timeout);
        return (5);
      }
    }
  #else
    while(TWI_READY != twi_state){
     92a:	90 91 b7 02 	lds	r25, 0x02B7	; 0x8002b7 <twi_state>
     92e:	91 11       	cpse	r25, r1
     930:	fc cf       	rjmp	.-8      	; 0x92a <Horaires::getDate() [clone .constprop.47]+0x44>
/home/user/.arduino15/packages/MightyCore/hardware/avr/3.0.3/libraries/Wire/src/utility/twi.c:287
      continue;
    }
  #endif

  twi_state = TWI_MTX;
     932:	92 e0       	ldi	r25, 0x02	; 2
     934:	90 93 b7 02 	sts	0x02B7, r25	; 0x8002b7 <twi_state>
/home/user/.arduino15/packages/MightyCore/hardware/avr/3.0.3/libraries/Wire/src/utility/twi.c:288
  twi_sendStop = sendStop;
     938:	91 e0       	ldi	r25, 0x01	; 1
     93a:	90 93 b6 02 	sts	0x02B6, r25	; 0x8002b6 <twi_sendStop>
/home/user/.arduino15/packages/MightyCore/hardware/avr/3.0.3/libraries/Wire/src/utility/twi.c:290
  // reset error state (0xFF.. no error occurred)
  twi_error = 0xFF;
     93e:	9f ef       	ldi	r25, 0xFF	; 255
     940:	90 93 f1 01 	sts	0x01F1, r25	; 0x8001f1 <twi_error>
/home/user/.arduino15/packages/MightyCore/hardware/avr/3.0.3/libraries/Wire/src/utility/twi.c:293

  // initialize buffer iteration vars
  twi_masterBuffer = data;
     944:	22 ef       	ldi	r18, 0xF2	; 242
     946:	31 e0       	ldi	r19, 0x01	; 1
     948:	30 93 f0 01 	sts	0x01F0, r19	; 0x8001f0 <twi_masterBuffer+0x1>
     94c:	20 93 ef 01 	sts	0x01EF, r18	; 0x8001ef <twi_masterBuffer>
/home/user/.arduino15/packages/MightyCore/hardware/avr/3.0.3/libraries/Wire/src/utility/twi.c:294
  twi_masterBufferIndex = 0;
     950:	10 92 ee 01 	sts	0x01EE, r1	; 0x8001ee <twi_masterBufferIndex>
/home/user/.arduino15/packages/MightyCore/hardware/avr/3.0.3/libraries/Wire/src/utility/twi.c:295
  twi_masterBufferLength = length;
     954:	80 93 ed 01 	sts	0x01ED, r24	; 0x8001ed <twi_masterBufferLength>
/home/user/.arduino15/packages/MightyCore/hardware/avr/3.0.3/libraries/Wire/src/utility/twi.c:298

  // build sla+w, slave device address + w bit
  twi_slarw = TW_WRITE;
     958:	10 92 ec 01 	sts	0x01EC, r1	; 0x8001ec <twi_slarw>
/home/user/.arduino15/packages/MightyCore/hardware/avr/3.0.3/libraries/Wire/src/utility/twi.c:299
  twi_slarw |= address << 1;
     95c:	80 91 ec 01 	lds	r24, 0x01EC	; 0x8001ec <twi_slarw>
     960:	80 6d       	ori	r24, 0xD0	; 208
     962:	80 93 ec 01 	sts	0x01EC, r24	; 0x8001ec <twi_slarw>
/home/user/.arduino15/packages/MightyCore/hardware/avr/3.0.3/libraries/Wire/src/utility/twi.c:304

  // if we're in a repeated start, then we've already sent the START
  // in the ISR. Don't do it again.
  //
  if (true == twi_inRepStart) {
     966:	80 91 b5 02 	lds	r24, 0x02B5	; 0x8002b5 <twi_inRepStart>
     96a:	81 30       	cpi	r24, 0x01	; 1
     96c:	09 f0       	breq	.+2      	; 0x970 <Horaires::getDate() [clone .constprop.47]+0x8a>
     96e:	cd c0       	rjmp	.+410    	; 0xb0a <Horaires::getDate() [clone .constprop.47]+0x224>
/home/user/.arduino15/packages/MightyCore/hardware/avr/3.0.3/libraries/Wire/src/utility/twi.c:311
    // (@@@ we hope), and the TWI statemachine is just waiting for the address byte.
    // We need to remove ourselves from the repeated start state before we enable interrupts,
    // since the ISR is ASYNC, and we could get confused if we hit the ISR before cleaning
    // up. Also, don't enable the START interrupt. There may be one pending from the 
    // repeated start that we sent ourselves, and that would really confuse things.
    twi_inRepStart = false; // Remember, we're dealing with an ASYNC ISR
     970:	10 92 b5 02 	sts	0x02B5, r1	; 0x8002b5 <twi_inRepStart>
/home/user/.arduino15/packages/MightyCore/hardware/avr/3.0.3/libraries/Wire/src/utility/twi.c:322
          return (5);
        }
      } while(TWCR & _BV(TWWC));
    #else
      do {
        TWDR = twi_slarw;
     974:	80 91 ec 01 	lds	r24, 0x01EC	; 0x8001ec <twi_slarw>
     978:	80 93 bb 00 	sts	0x00BB, r24	; 0x8000bb <__DATA_REGION_ORIGIN__+0x5b>
/home/user/.arduino15/packages/MightyCore/hardware/avr/3.0.3/libraries/Wire/src/utility/twi.c:323
      } while(TWCR & _BV(TWWC));
     97c:	80 91 bc 00 	lds	r24, 0x00BC	; 0x8000bc <__DATA_REGION_ORIGIN__+0x5c>
     980:	83 fd       	sbrc	r24, 3
     982:	f8 cf       	rjmp	.-16     	; 0x974 <Horaires::getDate() [clone .constprop.47]+0x8e>
/home/user/.arduino15/packages/MightyCore/hardware/avr/3.0.3/libraries/Wire/src/utility/twi.c:325
    #endif
    TWCR = _BV(TWINT) | _BV(TWEA) | _BV(TWEN) | _BV(TWIE);  // enable INTs, but not START
     984:	85 ec       	ldi	r24, 0xC5	; 197
/home/user/.arduino15/packages/MightyCore/hardware/avr/3.0.3/libraries/Wire/src/utility/twi.c:329
  }
  else
    // send start condition
    TWCR = _BV(TWINT) | _BV(TWEA) | _BV(TWEN) | _BV(TWIE) | _BV(TWSTA); // enable INTs
     986:	80 93 bc 00 	sts	0x00BC, r24	; 0x8000bc <__DATA_REGION_ORIGIN__+0x5c>
/home/user/.arduino15/packages/MightyCore/hardware/avr/3.0.3/libraries/Wire/src/utility/twi.c:341
        twi_handleTimeout(twi_do_reset_on_timeout);
        return (5);
      }
    }
  #else
    while(wait && (TWI_MTX == twi_state)){
     98a:	80 91 b7 02 	lds	r24, 0x02B7	; 0x8002b7 <twi_state>
     98e:	82 30       	cpi	r24, 0x02	; 2
     990:	e1 f3       	breq	.-8      	; 0x98a <Horaires::getDate() [clone .constprop.47]+0xa4>
/home/user/.arduino15/packages/MightyCore/hardware/avr/3.0.3/libraries/Wire/src/utility/twi.c:346
      continue;
    }
  #endif

  if (twi_error == 0xFF)
     992:	80 91 f1 01 	lds	r24, 0x01F1	; 0x8001f1 <twi_error>
     996:	8f 3f       	cpi	r24, 0xFF	; 255
     998:	31 f0       	breq	.+12     	; 0x9a6 <Horaires::getDate() [clone .constprop.47]+0xc0>
/home/user/.arduino15/packages/MightyCore/hardware/avr/3.0.3/libraries/Wire/src/utility/twi.c:348
    return 0; // success
  else if (twi_error == TW_MT_SLA_NACK)
     99a:	80 91 f1 01 	lds	r24, 0x01F1	; 0x8001f1 <twi_error>
     99e:	80 32       	cpi	r24, 0x20	; 32
     9a0:	11 f0       	breq	.+4      	; 0x9a6 <Horaires::getDate() [clone .constprop.47]+0xc0>
/home/user/.arduino15/packages/MightyCore/hardware/avr/3.0.3/libraries/Wire/src/utility/twi.c:350
    return 2; // error: address send, nack received
  else if (twi_error == TW_MT_DATA_NACK)
     9a2:	80 91 f1 01 	lds	r24, 0x01F1	; 0x8001f1 <twi_error>
endTransmission():
/home/user/.arduino15/packages/MightyCore/hardware/avr/3.0.3/libraries/Wire/src/Wire.cpp:227
  // reset tx buffer iterator vars
  txBufferIndex = 0;
     9a6:	10 92 b9 02 	sts	0x02B9, r1	; 0x8002b9 <TwoWire::txBufferIndex>
/home/user/.arduino15/packages/MightyCore/hardware/avr/3.0.3/libraries/Wire/src/Wire.cpp:228
  txBufferLength = 0;
     9aa:	10 92 b8 02 	sts	0x02B8, r1	; 0x8002b8 <TwoWire::txBufferLength>
/home/user/.arduino15/packages/MightyCore/hardware/avr/3.0.3/libraries/Wire/src/Wire.cpp:230
  // indicate that we are done transmitting
  transmitting = 0;
     9ae:	10 92 13 02 	sts	0x0213, r1	; 0x800213 <TwoWire::transmitting>
twi_readFrom():
/home/user/.arduino15/packages/MightyCore/hardware/avr/3.0.3/libraries/Wire/src/utility/twi.c:177
        twi_handleTimeout(twi_do_reset_on_timeout);
        return 0;
      }
    }
  #else
    while(TWI_READY != twi_state){
     9b2:	80 91 b7 02 	lds	r24, 0x02B7	; 0x8002b7 <twi_state>
     9b6:	81 11       	cpse	r24, r1
     9b8:	fc cf       	rjmp	.-8      	; 0x9b2 <Horaires::getDate() [clone .constprop.47]+0xcc>
/home/user/.arduino15/packages/MightyCore/hardware/avr/3.0.3/libraries/Wire/src/utility/twi.c:181
      continue;
    }
  #endif
  twi_state = TWI_MRX;
     9ba:	81 e0       	ldi	r24, 0x01	; 1
     9bc:	80 93 b7 02 	sts	0x02B7, r24	; 0x8002b7 <twi_state>
/home/user/.arduino15/packages/MightyCore/hardware/avr/3.0.3/libraries/Wire/src/utility/twi.c:182
  twi_sendStop = sendStop;
     9c0:	80 93 b6 02 	sts	0x02B6, r24	; 0x8002b6 <twi_sendStop>
/home/user/.arduino15/packages/MightyCore/hardware/avr/3.0.3/libraries/Wire/src/utility/twi.c:184
  // reset error state (0xFF.. no error occurred)
  twi_error = 0xFF;
     9c4:	9f ef       	ldi	r25, 0xFF	; 255
     9c6:	90 93 f1 01 	sts	0x01F1, r25	; 0x8001f1 <twi_error>
/home/user/.arduino15/packages/MightyCore/hardware/avr/3.0.3/libraries/Wire/src/utility/twi.c:187

  // initialize buffer iteration vars
  twi_masterBuffer = data;
     9ca:	2c ec       	ldi	r18, 0xCC	; 204
     9cc:	31 e0       	ldi	r19, 0x01	; 1
     9ce:	30 93 f0 01 	sts	0x01F0, r19	; 0x8001f0 <twi_masterBuffer+0x1>
     9d2:	20 93 ef 01 	sts	0x01EF, r18	; 0x8001ef <twi_masterBuffer>
/home/user/.arduino15/packages/MightyCore/hardware/avr/3.0.3/libraries/Wire/src/utility/twi.c:188
  twi_masterBufferIndex = 0;
     9d6:	10 92 ee 01 	sts	0x01EE, r1	; 0x8001ee <twi_masterBufferIndex>
/home/user/.arduino15/packages/MightyCore/hardware/avr/3.0.3/libraries/Wire/src/utility/twi.c:189
  twi_masterBufferLength = length-1;  // This is not intuitive, read on...
     9da:	96 e0       	ldi	r25, 0x06	; 6
     9dc:	90 93 ed 01 	sts	0x01ED, r25	; 0x8001ed <twi_masterBufferLength>
/home/user/.arduino15/packages/MightyCore/hardware/avr/3.0.3/libraries/Wire/src/utility/twi.c:197
  // Therefore we must actually set NACK when the _next_ to last byte is
  // received, causing that NACK to be sent in response to receiving the last
  // expected byte of data.

  // build sla+w, slave device address + w bit
  twi_slarw = TW_READ;
     9e0:	80 93 ec 01 	sts	0x01EC, r24	; 0x8001ec <twi_slarw>
/home/user/.arduino15/packages/MightyCore/hardware/avr/3.0.3/libraries/Wire/src/utility/twi.c:198
  twi_slarw |= address << 1;
     9e4:	80 91 ec 01 	lds	r24, 0x01EC	; 0x8001ec <twi_slarw>
     9e8:	80 6d       	ori	r24, 0xD0	; 208
     9ea:	80 93 ec 01 	sts	0x01EC, r24	; 0x8001ec <twi_slarw>
/home/user/.arduino15/packages/MightyCore/hardware/avr/3.0.3/libraries/Wire/src/utility/twi.c:200

  if (true == twi_inRepStart) {
     9ee:	80 91 b5 02 	lds	r24, 0x02B5	; 0x8002b5 <twi_inRepStart>
     9f2:	81 30       	cpi	r24, 0x01	; 1
     9f4:	09 f0       	breq	.+2      	; 0x9f8 <Horaires::getDate() [clone .constprop.47]+0x112>
     9f6:	8b c0       	rjmp	.+278    	; 0xb0e <Horaires::getDate() [clone .constprop.47]+0x228>
/home/user/.arduino15/packages/MightyCore/hardware/avr/3.0.3/libraries/Wire/src/utility/twi.c:207
    // (@@@ we hope), and the TWI statemachine is just waiting for the address byte.
    // We need to remove ourselves from the repeated start state before we enable interrupts,
    // since the ISR is ASYNC, and we could get confused if we hit the ISR before cleaning
    // up. Also, don't enable the START interrupt. There may be one pending from the
    // repeated start that we sent ourselves, and that would really confuse things.
    twi_inRepStart = false; // Remember, we're dealing with an ASYNC ISR
     9f8:	10 92 b5 02 	sts	0x02B5, r1	; 0x8002b5 <twi_inRepStart>
/home/user/.arduino15/packages/MightyCore/hardware/avr/3.0.3/libraries/Wire/src/utility/twi.c:219
          return 0;
        }
      } while(TWCR & _BV(TWWC));
    #else
      do {
        TWDR = twi_slarw;
     9fc:	80 91 ec 01 	lds	r24, 0x01EC	; 0x8001ec <twi_slarw>
     a00:	80 93 bb 00 	sts	0x00BB, r24	; 0x8000bb <__DATA_REGION_ORIGIN__+0x5b>
/home/user/.arduino15/packages/MightyCore/hardware/avr/3.0.3/libraries/Wire/src/utility/twi.c:220
      } while(TWCR & _BV(TWWC));
     a04:	80 91 bc 00 	lds	r24, 0x00BC	; 0x8000bc <__DATA_REGION_ORIGIN__+0x5c>
     a08:	83 fd       	sbrc	r24, 3
     a0a:	f8 cf       	rjmp	.-16     	; 0x9fc <Horaires::getDate() [clone .constprop.47]+0x116>
/home/user/.arduino15/packages/MightyCore/hardware/avr/3.0.3/libraries/Wire/src/utility/twi.c:222
    #endif
    TWCR = _BV(TWINT) | _BV(TWEA) | _BV(TWEN) | _BV(TWIE);  // enable INTs, but not START
     a0c:	85 ec       	ldi	r24, 0xC5	; 197
/home/user/.arduino15/packages/MightyCore/hardware/avr/3.0.3/libraries/Wire/src/utility/twi.c:226
  }
  else
    // send start condition
    TWCR = _BV(TWEN) | _BV(TWIE) | _BV(TWEA) | _BV(TWINT) | _BV(TWSTA);
     a0e:	80 93 bc 00 	sts	0x00BC, r24	; 0x8000bc <__DATA_REGION_ORIGIN__+0x5c>
/home/user/.arduino15/packages/MightyCore/hardware/avr/3.0.3/libraries/Wire/src/utility/twi.c:238
        twi_handleTimeout(twi_do_reset_on_timeout);
        return 0;
      }
    }
  #else
    while(TWI_MRX == twi_state){
     a12:	80 91 b7 02 	lds	r24, 0x02B7	; 0x8002b7 <twi_state>
     a16:	81 30       	cpi	r24, 0x01	; 1
     a18:	e1 f3       	breq	.-8      	; 0xa12 <Horaires::getDate() [clone .constprop.47]+0x12c>
/home/user/.arduino15/packages/MightyCore/hardware/avr/3.0.3/libraries/Wire/src/utility/twi.c:243
      continue;
    }
  #endif

  if (twi_masterBufferIndex < length)
     a1a:	80 91 ee 01 	lds	r24, 0x01EE	; 0x8001ee <twi_masterBufferIndex>
     a1e:	87 30       	cpi	r24, 0x07	; 7
     a20:	08 f0       	brcs	.+2      	; 0xa24 <Horaires::getDate() [clone .constprop.47]+0x13e>
     a22:	77 c0       	rjmp	.+238    	; 0xb12 <Horaires::getDate() [clone .constprop.47]+0x22c>
/home/user/.arduino15/packages/MightyCore/hardware/avr/3.0.3/libraries/Wire/src/utility/twi.c:244
    length = twi_masterBufferIndex;
     a24:	80 91 ee 01 	lds	r24, 0x01EE	; 0x8001ee <twi_masterBufferIndex>
requestFrom():
/home/user/.arduino15/packages/MightyCore/hardware/avr/3.0.3/libraries/Wire/src/Wire.cpp:120
    quantity = TWI_BUFFER_SIZE;
  }
  // perform blocking read into buffer
  uint8_t read = twi_readFrom(address, rxBuffer, quantity, sendStop);
  // set rx buffer iterator vars
  rxBufferIndex = 0;
     a28:	10 92 bb 02 	sts	0x02BB, r1	; 0x8002bb <TwoWire::rxBufferIndex>
/home/user/.arduino15/packages/MightyCore/hardware/avr/3.0.3/libraries/Wire/src/Wire.cpp:121
  rxBufferLength = read;
     a2c:	80 93 ba 02 	sts	0x02BA, r24	; 0x8002ba <TwoWire::rxBufferLength>
getDate():
/tmp/arduino_build_443235/sketch/Horaires.cpp:40
    Wire.beginTransmission(DS3231_I2C_ADDRESS);
    Wire.write(0x00);  // Set register pointer to start at Seconds register
    Wire.endTransmission();

    Wire.requestFrom(DS3231_I2C_ADDRESS, 7);  // Request 7 bytes (seconds, minutes, hours, day, date, month, year)
    if (Wire.available() >= 7) {
     a30:	87 30       	cpi	r24, 0x07	; 7
     a32:	08 f4       	brcc	.+2      	; 0xa36 <Horaires::getDate() [clone .constprop.47]+0x150>
     a34:	50 c0       	rjmp	.+160    	; 0xad6 <Horaires::getDate() [clone .constprop.47]+0x1f0>
/tmp/arduino_build_443235/sketch/Horaires.cpp:41
        currentDate.seconds = bcdToDec(Wire.read());
     a36:	8c eb       	ldi	r24, 0xBC	; 188
     a38:	92 e0       	ldi	r25, 0x02	; 2
     a3a:	0e 94 c6 03 	call	0x78c	; 0x78c <TwoWire::read()>
bcdToDec():
/tmp/arduino_build_443235/sketch/Horaires.cpp:188
    EEPROM.update(addr + 2, alarms[alarmNumber].enabled);
}

// **Helper functions to convert BCD and Decimal**
uint8_t Horaires::bcdToDec(uint8_t val) {
    return (val / 16 * 10) + (val % 16);
     a3e:	98 2f       	mov	r25, r24
     a40:	92 95       	swap	r25
     a42:	9f 70       	andi	r25, 0x0F	; 15
     a44:	1a e0       	ldi	r17, 0x0A	; 10
     a46:	8f 70       	andi	r24, 0x0F	; 15
     a48:	b8 2e       	mov	r11, r24
     a4a:	91 9f       	mul	r25, r17
     a4c:	b0 0c       	add	r11, r0
     a4e:	11 24       	eor	r1, r1
getDate():
/tmp/arduino_build_443235/sketch/Horaires.cpp:42
    Wire.endTransmission();

    Wire.requestFrom(DS3231_I2C_ADDRESS, 7);  // Request 7 bytes (seconds, minutes, hours, day, date, month, year)
    if (Wire.available() >= 7) {
        currentDate.seconds = bcdToDec(Wire.read());
        currentDate.minutes = bcdToDec(Wire.read());
     a50:	8c eb       	ldi	r24, 0xBC	; 188
     a52:	92 e0       	ldi	r25, 0x02	; 2
     a54:	0e 94 c6 03 	call	0x78c	; 0x78c <TwoWire::read()>
bcdToDec():
/tmp/arduino_build_443235/sketch/Horaires.cpp:188
    EEPROM.update(addr + 2, alarms[alarmNumber].enabled);
}

// **Helper functions to convert BCD and Decimal**
uint8_t Horaires::bcdToDec(uint8_t val) {
    return (val / 16 * 10) + (val % 16);
     a58:	98 2f       	mov	r25, r24
     a5a:	92 95       	swap	r25
     a5c:	9f 70       	andi	r25, 0x0F	; 15
     a5e:	8f 70       	andi	r24, 0x0F	; 15
     a60:	c8 2e       	mov	r12, r24
     a62:	91 9f       	mul	r25, r17
     a64:	c0 0c       	add	r12, r0
     a66:	11 24       	eor	r1, r1
getDate():
/tmp/arduino_build_443235/sketch/Horaires.cpp:43

    Wire.requestFrom(DS3231_I2C_ADDRESS, 7);  // Request 7 bytes (seconds, minutes, hours, day, date, month, year)
    if (Wire.available() >= 7) {
        currentDate.seconds = bcdToDec(Wire.read());
        currentDate.minutes = bcdToDec(Wire.read());
        currentDate.hours   = bcdToDec(Wire.read());
     a68:	8c eb       	ldi	r24, 0xBC	; 188
     a6a:	92 e0       	ldi	r25, 0x02	; 2
     a6c:	0e 94 c6 03 	call	0x78c	; 0x78c <TwoWire::read()>
bcdToDec():
/tmp/arduino_build_443235/sketch/Horaires.cpp:188
    EEPROM.update(addr + 2, alarms[alarmNumber].enabled);
}

// **Helper functions to convert BCD and Decimal**
uint8_t Horaires::bcdToDec(uint8_t val) {
    return (val / 16 * 10) + (val % 16);
     a70:	98 2f       	mov	r25, r24
     a72:	92 95       	swap	r25
     a74:	9f 70       	andi	r25, 0x0F	; 15
     a76:	8f 70       	andi	r24, 0x0F	; 15
     a78:	d8 2e       	mov	r13, r24
     a7a:	91 9f       	mul	r25, r17
     a7c:	d0 0c       	add	r13, r0
     a7e:	11 24       	eor	r1, r1
getDate():
/tmp/arduino_build_443235/sketch/Horaires.cpp:44
    Wire.requestFrom(DS3231_I2C_ADDRESS, 7);  // Request 7 bytes (seconds, minutes, hours, day, date, month, year)
    if (Wire.available() >= 7) {
        currentDate.seconds = bcdToDec(Wire.read());
        currentDate.minutes = bcdToDec(Wire.read());
        currentDate.hours   = bcdToDec(Wire.read());
        Wire.read(); // Skip day-of-week
     a80:	8c eb       	ldi	r24, 0xBC	; 188
     a82:	92 e0       	ldi	r25, 0x02	; 2
     a84:	0e 94 c6 03 	call	0x78c	; 0x78c <TwoWire::read()>
/tmp/arduino_build_443235/sketch/Horaires.cpp:45
        currentDate.day     = bcdToDec(Wire.read());
     a88:	8c eb       	ldi	r24, 0xBC	; 188
     a8a:	92 e0       	ldi	r25, 0x02	; 2
     a8c:	0e 94 c6 03 	call	0x78c	; 0x78c <TwoWire::read()>
bcdToDec():
/tmp/arduino_build_443235/sketch/Horaires.cpp:188
    EEPROM.update(addr + 2, alarms[alarmNumber].enabled);
}

// **Helper functions to convert BCD and Decimal**
uint8_t Horaires::bcdToDec(uint8_t val) {
    return (val / 16 * 10) + (val % 16);
     a90:	98 2f       	mov	r25, r24
     a92:	92 95       	swap	r25
     a94:	9f 70       	andi	r25, 0x0F	; 15
     a96:	8f 70       	andi	r24, 0x0F	; 15
     a98:	e8 2e       	mov	r14, r24
     a9a:	91 9f       	mul	r25, r17
     a9c:	e0 0c       	add	r14, r0
     a9e:	11 24       	eor	r1, r1
getDate():
/tmp/arduino_build_443235/sketch/Horaires.cpp:46
        currentDate.seconds = bcdToDec(Wire.read());
        currentDate.minutes = bcdToDec(Wire.read());
        currentDate.hours   = bcdToDec(Wire.read());
        Wire.read(); // Skip day-of-week
        currentDate.day     = bcdToDec(Wire.read());
        currentDate.month   = bcdToDec(Wire.read());
     aa0:	8c eb       	ldi	r24, 0xBC	; 188
     aa2:	92 e0       	ldi	r25, 0x02	; 2
     aa4:	0e 94 c6 03 	call	0x78c	; 0x78c <TwoWire::read()>
bcdToDec():
/tmp/arduino_build_443235/sketch/Horaires.cpp:188
    EEPROM.update(addr + 2, alarms[alarmNumber].enabled);
}

// **Helper functions to convert BCD and Decimal**
uint8_t Horaires::bcdToDec(uint8_t val) {
    return (val / 16 * 10) + (val % 16);
     aa8:	98 2f       	mov	r25, r24
     aaa:	92 95       	swap	r25
     aac:	9f 70       	andi	r25, 0x0F	; 15
     aae:	8f 70       	andi	r24, 0x0F	; 15
     ab0:	f8 2e       	mov	r15, r24
     ab2:	91 9f       	mul	r25, r17
     ab4:	f0 0c       	add	r15, r0
     ab6:	11 24       	eor	r1, r1
getDate():
/tmp/arduino_build_443235/sketch/Horaires.cpp:47
        currentDate.minutes = bcdToDec(Wire.read());
        currentDate.hours   = bcdToDec(Wire.read());
        Wire.read(); // Skip day-of-week
        currentDate.day     = bcdToDec(Wire.read());
        currentDate.month   = bcdToDec(Wire.read());
        currentDate.year    = 2000 + bcdToDec(Wire.read()); // DS3231 stores only last 2 digits of year
     ab8:	8c eb       	ldi	r24, 0xBC	; 188
     aba:	92 e0       	ldi	r25, 0x02	; 2
     abc:	0e 94 c6 03 	call	0x78c	; 0x78c <TwoWire::read()>
bcdToDec():
/tmp/arduino_build_443235/sketch/Horaires.cpp:188
    EEPROM.update(addr + 2, alarms[alarmNumber].enabled);
}

// **Helper functions to convert BCD and Decimal**
uint8_t Horaires::bcdToDec(uint8_t val) {
    return (val / 16 * 10) + (val % 16);
     ac0:	98 2f       	mov	r25, r24
     ac2:	92 95       	swap	r25
     ac4:	9f 70       	andi	r25, 0x0F	; 15
     ac6:	08 2f       	mov	r16, r24
     ac8:	0f 70       	andi	r16, 0x0F	; 15
     aca:	91 9f       	mul	r25, r17
     acc:	00 0d       	add	r16, r0
     ace:	11 24       	eor	r1, r1
getDate():
/tmp/arduino_build_443235/sketch/Horaires.cpp:47
        currentDate.minutes = bcdToDec(Wire.read());
        currentDate.hours   = bcdToDec(Wire.read());
        Wire.read(); // Skip day-of-week
        currentDate.day     = bcdToDec(Wire.read());
        currentDate.month   = bcdToDec(Wire.read());
        currentDate.year    = 2000 + bcdToDec(Wire.read()); // DS3231 stores only last 2 digits of year
     ad0:	10 e0       	ldi	r17, 0x00	; 0
     ad2:	00 53       	subi	r16, 0x30	; 48
     ad4:	18 4f       	sbci	r17, 0xF8	; 248
/tmp/arduino_build_443235/sketch/Horaires.cpp:50
    }

    return currentDate;
     ad6:	1f 83       	std	Y+7, r17	; 0x07
     ad8:	0e 83       	std	Y+6, r16	; 0x06
     ada:	70 2f       	mov	r23, r16
/tmp/arduino_build_443235/sketch/Horaires.cpp:51
}
     adc:	2b 2d       	mov	r18, r11
     ade:	3c 2d       	mov	r19, r12
     ae0:	4d 2d       	mov	r20, r13
     ae2:	5e 2d       	mov	r21, r14
     ae4:	6f 2d       	mov	r22, r15
     ae6:	8f 81       	ldd	r24, Y+7	; 0x07
     ae8:	90 e0       	ldi	r25, 0x00	; 0
     aea:	27 96       	adiw	r28, 0x07	; 7
     aec:	0f b6       	in	r0, 0x3f	; 63
     aee:	f8 94       	cli
     af0:	de bf       	out	0x3e, r29	; 62
     af2:	0f be       	out	0x3f, r0	; 63
     af4:	cd bf       	out	0x3d, r28	; 61
     af6:	df 91       	pop	r29
     af8:	cf 91       	pop	r28
     afa:	1f 91       	pop	r17
     afc:	0f 91       	pop	r16
     afe:	ff 90       	pop	r15
     b00:	ef 90       	pop	r14
     b02:	df 90       	pop	r13
     b04:	cf 90       	pop	r12
     b06:	bf 90       	pop	r11
     b08:	08 95       	ret
twi_writeTo():
/home/user/.arduino15/packages/MightyCore/hardware/avr/3.0.3/libraries/Wire/src/utility/twi.c:329
    #endif
    TWCR = _BV(TWINT) | _BV(TWEA) | _BV(TWEN) | _BV(TWIE);  // enable INTs, but not START
  }
  else
    // send start condition
    TWCR = _BV(TWINT) | _BV(TWEA) | _BV(TWEN) | _BV(TWIE) | _BV(TWSTA); // enable INTs
     b0a:	85 ee       	ldi	r24, 0xE5	; 229
     b0c:	3c cf       	rjmp	.-392    	; 0x986 <Horaires::getDate() [clone .constprop.47]+0xa0>
twi_readFrom():
/home/user/.arduino15/packages/MightyCore/hardware/avr/3.0.3/libraries/Wire/src/utility/twi.c:226
    #endif
    TWCR = _BV(TWINT) | _BV(TWEA) | _BV(TWEN) | _BV(TWIE);  // enable INTs, but not START
  }
  else
    // send start condition
    TWCR = _BV(TWEN) | _BV(TWIE) | _BV(TWEA) | _BV(TWINT) | _BV(TWSTA);
     b0e:	85 ee       	ldi	r24, 0xE5	; 229
     b10:	7e cf       	rjmp	.-260    	; 0xa0e <Horaires::getDate() [clone .constprop.47]+0x128>
/home/user/.arduino15/packages/MightyCore/hardware/avr/3.0.3/libraries/Wire/src/utility/twi.c:243
    while(TWI_MRX == twi_state){
      continue;
    }
  #endif

  if (twi_masterBufferIndex < length)
     b12:	87 e0       	ldi	r24, 0x07	; 7
     b14:	89 cf       	rjmp	.-238    	; 0xa28 <Horaires::getDate() [clone .constprop.47]+0x142>

00000b16 <Print::write(char const*) [clone .part.2]>:
_ZN5Print5writeEPKc.part.2():
/home/user/.arduino15/packages/MightyCore/hardware/avr/3.0.3/cores/MCUdude_corefiles/Print.h:54
    void clearWriteError() { setWriteError(0); }

    virtual size_t write(uint8_t) = 0;
    size_t write(const char *str) {
      if (str == NULL) return 0;
      return write((const uint8_t *)str, strlen(str));
     b16:	fb 01       	movw	r30, r22
     b18:	01 90       	ld	r0, Z+
     b1a:	00 20       	and	r0, r0
     b1c:	e9 f7       	brne	.-6      	; 0xb18 <Print::write(char const*) [clone .part.2]+0x2>
     b1e:	31 97       	sbiw	r30, 0x01	; 1
     b20:	af 01       	movw	r20, r30
     b22:	46 1b       	sub	r20, r22
     b24:	57 0b       	sbc	r21, r23
     b26:	dc 01       	movw	r26, r24
     b28:	ed 91       	ld	r30, X+
     b2a:	fc 91       	ld	r31, X
     b2c:	02 80       	ldd	r0, Z+2	; 0x02
     b2e:	f3 81       	ldd	r31, Z+3	; 0x03
     b30:	e0 2d       	mov	r30, r0
     b32:	09 94       	ijmp

00000b34 <Print::printNumber(unsigned long, unsigned char) [clone .constprop.46]>:
printNumber():
/home/user/.arduino15/packages/MightyCore/hardware/avr/3.0.3/cores/MCUdude_corefiles/Print.cpp:232
  return vfprintf_P(&f, (const char *)format, ap);
}

// Private Methods /////////////////////////////////////////////////////////////

size_t Print::printNumber(unsigned long n, uint8_t base)
     b34:	8f 92       	push	r8
     b36:	9f 92       	push	r9
     b38:	af 92       	push	r10
     b3a:	bf 92       	push	r11
     b3c:	0f 93       	push	r16
     b3e:	1f 93       	push	r17
     b40:	cf 93       	push	r28
     b42:	df 93       	push	r29
     b44:	cd b7       	in	r28, 0x3d	; 61
     b46:	de b7       	in	r29, 0x3e	; 62
     b48:	a1 97       	sbiw	r28, 0x21	; 33
     b4a:	0f b6       	in	r0, 0x3f	; 63
     b4c:	f8 94       	cli
     b4e:	de bf       	out	0x3e, r29	; 62
     b50:	0f be       	out	0x3f, r0	; 63
     b52:	cd bf       	out	0x3d, r28	; 61
/home/user/.arduino15/packages/MightyCore/hardware/avr/3.0.3/cores/MCUdude_corefiles/Print.cpp:237
{
  char buf[8 * sizeof(long) + 1]; // Assumes 8-bit chars plus zero byte.
  char *str = &buf[sizeof(buf) - 1];

  *str = '\0';
     b54:	19 a2       	std	Y+33, r1	; 0x21
/home/user/.arduino15/packages/MightyCore/hardware/avr/3.0.3/cores/MCUdude_corefiles/Print.cpp:240

  // prevent crash if called with base == 1
  if (base < 2) base = 10;
     b56:	42 30       	cpi	r20, 0x02	; 2
     b58:	08 f4       	brcc	.+2      	; 0xb5c <Print::printNumber(unsigned long, unsigned char) [clone .constprop.46]+0x28>
     b5a:	4a e0       	ldi	r20, 0x0A	; 10
     b5c:	8e 01       	movw	r16, r28
     b5e:	0f 5d       	subi	r16, 0xDF	; 223
     b60:	1f 4f       	sbci	r17, 0xFF	; 255
/home/user/.arduino15/packages/MightyCore/hardware/avr/3.0.3/cores/MCUdude_corefiles/Print.cpp:243

  do {
    char c = n % base;
     b62:	84 2e       	mov	r8, r20
     b64:	91 2c       	mov	r9, r1
     b66:	b1 2c       	mov	r11, r1
     b68:	a1 2c       	mov	r10, r1
     b6a:	a5 01       	movw	r20, r10
     b6c:	94 01       	movw	r18, r8
     b6e:	0e 94 5b 13 	call	0x26b6	; 0x26b6 <__udivmodsi4>
     b72:	e6 2f       	mov	r30, r22
/home/user/.arduino15/packages/MightyCore/hardware/avr/3.0.3/cores/MCUdude_corefiles/Print.cpp:244
    n /= base;
     b74:	b9 01       	movw	r22, r18
     b76:	ca 01       	movw	r24, r20
/home/user/.arduino15/packages/MightyCore/hardware/avr/3.0.3/cores/MCUdude_corefiles/Print.cpp:246

    *--str = c < 10 ? c + '0' : c + 'A' - 10;
     b78:	ea 30       	cpi	r30, 0x0A	; 10
     b7a:	04 f5       	brge	.+64     	; 0xbbc <Print::printNumber(unsigned long, unsigned char) [clone .constprop.46]+0x88>
     b7c:	e0 5d       	subi	r30, 0xD0	; 208
     b7e:	d8 01       	movw	r26, r16
     b80:	ee 93       	st	-X, r30
     b82:	8d 01       	movw	r16, r26
/home/user/.arduino15/packages/MightyCore/hardware/avr/3.0.3/cores/MCUdude_corefiles/Print.cpp:247
  } while(n);
     b84:	23 2b       	or	r18, r19
     b86:	24 2b       	or	r18, r20
     b88:	25 2b       	or	r18, r21
     b8a:	79 f7       	brne	.-34     	; 0xb6a <Print::printNumber(unsigned long, unsigned char) [clone .constprop.46]+0x36>
/home/user/.arduino15/packages/MightyCore/hardware/avr/3.0.3/cores/MCUdude_corefiles/Print.h:53
    int getWriteError() { return write_error; }
    void clearWriteError() { setWriteError(0); }

    virtual size_t write(uint8_t) = 0;
    size_t write(const char *str) {
      if (str == NULL) return 0;
     b8c:	90 e0       	ldi	r25, 0x00	; 0
     b8e:	80 e0       	ldi	r24, 0x00	; 0
write():
     b90:	10 97       	sbiw	r26, 0x00	; 0
     b92:	29 f0       	breq	.+10     	; 0xb9e <Print::printNumber(unsigned long, unsigned char) [clone .constprop.46]+0x6a>
     b94:	bd 01       	movw	r22, r26
     b96:	88 ec       	ldi	r24, 0xC8	; 200
     b98:	92 e0       	ldi	r25, 0x02	; 2
     b9a:	0e 94 8b 05 	call	0xb16	; 0xb16 <Print::write(char const*) [clone .part.2]>
printNumber():
/home/user/.arduino15/packages/MightyCore/hardware/avr/3.0.3/cores/MCUdude_corefiles/Print.cpp:250

  return write(str);
}
     b9e:	a1 96       	adiw	r28, 0x21	; 33
     ba0:	0f b6       	in	r0, 0x3f	; 63
     ba2:	f8 94       	cli
     ba4:	de bf       	out	0x3e, r29	; 62
     ba6:	0f be       	out	0x3f, r0	; 63
     ba8:	cd bf       	out	0x3d, r28	; 61
     baa:	df 91       	pop	r29
     bac:	cf 91       	pop	r28
     bae:	1f 91       	pop	r17
     bb0:	0f 91       	pop	r16
     bb2:	bf 90       	pop	r11
     bb4:	af 90       	pop	r10
     bb6:	9f 90       	pop	r9
     bb8:	8f 90       	pop	r8
     bba:	08 95       	ret
/home/user/.arduino15/packages/MightyCore/hardware/avr/3.0.3/cores/MCUdude_corefiles/Print.cpp:246

  do {
    char c = n % base;
    n /= base;

    *--str = c < 10 ? c + '0' : c + 'A' - 10;
     bbc:	e9 5c       	subi	r30, 0xC9	; 201
     bbe:	df cf       	rjmp	.-66     	; 0xb7e <Print::printNumber(unsigned long, unsigned char) [clone .constprop.46]+0x4a>

00000bc0 <Print::print(unsigned char, int) [clone .constprop.43]>:
print():
/home/user/.arduino15/packages/MightyCore/hardware/avr/3.0.3/cores/MCUdude_corefiles/Print.cpp:74
  return write(c);
}

size_t Print::print(unsigned char b, int base)
{
  return print((unsigned long) b, base);
     bc0:	68 2f       	mov	r22, r24
     bc2:	70 e0       	ldi	r23, 0x00	; 0
     bc4:	90 e0       	ldi	r25, 0x00	; 0
     bc6:	80 e0       	ldi	r24, 0x00	; 0
/home/user/.arduino15/packages/MightyCore/hardware/avr/3.0.3/cores/MCUdude_corefiles/Print.cpp:106
}

size_t Print::print(unsigned long n, int base)
{
  if (base == 0) return write(n);
  else return printNumber(n, base);
     bc8:	4a e0       	ldi	r20, 0x0A	; 10
     bca:	0c 94 9a 05 	jmp	0xb34	; 0xb34 <Print::printNumber(unsigned long, unsigned char) [clone .constprop.46]>

00000bce <Print::println()>:
write():
/home/user/.arduino15/packages/MightyCore/hardware/avr/3.0.3/cores/MCUdude_corefiles/Print.cpp:127
{
  return x.printTo(*this);
}

size_t Print::println(void)
{
     bce:	60 e3       	ldi	r22, 0x30	; 48
     bd0:	71 e0       	ldi	r23, 0x01	; 1
     bd2:	0c 94 8b 05 	jmp	0xb16	; 0xb16 <Print::write(char const*) [clone .part.2]>

00000bd6 <Print::println(char const*)>:
println():
/home/user/.arduino15/packages/MightyCore/hardware/avr/3.0.3/cores/MCUdude_corefiles/Print.cpp:139
  n += println();
  return n;
}

size_t Print::println(const char c[])
{
     bd6:	0f 93       	push	r16
     bd8:	1f 93       	push	r17
     bda:	cf 93       	push	r28
     bdc:	df 93       	push	r29
     bde:	8c 01       	movw	r16, r24
/home/user/.arduino15/packages/MightyCore/hardware/avr/3.0.3/cores/MCUdude_corefiles/Print.h:53
     be0:	d0 e0       	ldi	r29, 0x00	; 0
     be2:	c0 e0       	ldi	r28, 0x00	; 0
write():
     be4:	61 15       	cp	r22, r1
     be6:	71 05       	cpc	r23, r1
     be8:	19 f0       	breq	.+6      	; 0xbf0 <Print::println(char const*)+0x1a>
     bea:	0e 94 8b 05 	call	0xb16	; 0xb16 <Print::write(char const*) [clone .part.2]>
     bee:	ec 01       	movw	r28, r24
println():
/home/user/.arduino15/packages/MightyCore/hardware/avr/3.0.3/cores/MCUdude_corefiles/Print.cpp:141
  size_t n = print(c);
  n += println();
     bf0:	c8 01       	movw	r24, r16
     bf2:	0e 94 e7 05 	call	0xbce	; 0xbce <Print::println()>
/home/user/.arduino15/packages/MightyCore/hardware/avr/3.0.3/cores/MCUdude_corefiles/Print.cpp:143
  return n;
}
     bf6:	8c 0f       	add	r24, r28
     bf8:	9d 1f       	adc	r25, r29
     bfa:	df 91       	pop	r29
     bfc:	cf 91       	pop	r28
     bfe:	1f 91       	pop	r17
     c00:	0f 91       	pop	r16
     c02:	08 95       	ret

00000c04 <M590::readForResponses(char const*, char const*, unsigned int) [clone .constprop.60]>:
readForResponses():
/tmp/arduino_build_443235/sketch/M590.cpp:430
    return M590_TIMEOUT;
}


//two counters/indexes
m590ResponseCode M590::readForResponses(const char *progmemResponseString, const char *progmemFailString, const unsigned int timeout) {
     c04:	cf 92       	push	r12
     c06:	df 92       	push	r13
     c08:	ef 92       	push	r14
     c0a:	ff 92       	push	r15
     c0c:	0f 93       	push	r16
     c0e:	1f 93       	push	r17
     c10:	cf 93       	push	r28
     c12:	df 93       	push	r29
     c14:	8c 01       	movw	r16, r24
     c16:	7b 01       	movw	r14, r22
/tmp/arduino_build_443235/sketch/M590.cpp:434
    byte passMatched = 0, failMatched = 0;
    byte passResponseLength = strlen_P(progmemResponseString);
    byte failResponseLength = strlen_P(progmemFailString);
    unsigned long startTime = millis();
     c18:	0e 94 78 03 	call	0x6f0	; 0x6f0 <millis>
/tmp/arduino_build_443235/sketch/M590.cpp:431
}


//two counters/indexes
m590ResponseCode M590::readForResponses(const char *progmemResponseString, const char *progmemFailString, const unsigned int timeout) {
    byte passMatched = 0, failMatched = 0;
     c1c:	c0 e0       	ldi	r28, 0x00	; 0
     c1e:	d0 e0       	ldi	r29, 0x00	; 0
/tmp/arduino_build_443235/sketch/M590.cpp:436
    byte passResponseLength = strlen_P(progmemResponseString);
    byte failResponseLength = strlen_P(progmemFailString);
    unsigned long startTime = millis();

    while (millis() < (startTime + timeout)) {
     c20:	9b 01       	movw	r18, r22
     c22:	ac 01       	movw	r20, r24
     c24:	2e 0d       	add	r18, r14
     c26:	3f 1d       	adc	r19, r15
     c28:	41 1d       	adc	r20, r1
     c2a:	51 1d       	adc	r21, r1
     c2c:	69 01       	movw	r12, r18
     c2e:	7a 01       	movw	r14, r20
     c30:	0e 94 78 03 	call	0x6f0	; 0x6f0 <millis>
     c34:	6c 15       	cp	r22, r12
     c36:	7d 05       	cpc	r23, r13
     c38:	8e 05       	cpc	r24, r14
     c3a:	9f 05       	cpc	r25, r15
     c3c:	08 f0       	brcs	.+2      	; 0xc40 <M590::readForResponses(char const*, char const*, unsigned int) [clone .constprop.60]+0x3c>
     c3e:	42 c0       	rjmp	.+132    	; 0xcc4 <M590::readForResponses(char const*, char const*, unsigned int) [clone .constprop.60]+0xc0>
/tmp/arduino_build_443235/sketch/M590.cpp:437
        if (_gsmSerial->available()) {
     c40:	d8 01       	movw	r26, r16
     c42:	1e 96       	adiw	r26, 0x0e	; 14
     c44:	8d 91       	ld	r24, X+
     c46:	9c 91       	ld	r25, X
     c48:	dc 01       	movw	r26, r24
     c4a:	ed 91       	ld	r30, X+
     c4c:	fc 91       	ld	r31, X
     c4e:	00 84       	ldd	r0, Z+8	; 0x08
     c50:	f1 85       	ldd	r31, Z+9	; 0x09
     c52:	e0 2d       	mov	r30, r0
     c54:	09 95       	icall
     c56:	89 2b       	or	r24, r25
     c58:	59 f3       	breq	.-42     	; 0xc30 <M590::readForResponses(char const*, char const*, unsigned int) [clone .constprop.60]+0x2c>
/tmp/arduino_build_443235/sketch/M590.cpp:438
            char c = (char) _gsmSerial->read();
     c5a:	f8 01       	movw	r30, r16
     c5c:	86 85       	ldd	r24, Z+14	; 0x0e
     c5e:	97 85       	ldd	r25, Z+15	; 0x0f
     c60:	dc 01       	movw	r26, r24
     c62:	ed 91       	ld	r30, X+
     c64:	fc 91       	ld	r31, X
     c66:	02 84       	ldd	r0, Z+10	; 0x0a
     c68:	f3 85       	ldd	r31, Z+11	; 0x0b
     c6a:	e0 2d       	mov	r30, r0
     c6c:	09 95       	icall
/tmp/arduino_build_443235/sketch/M590.cpp:441

            //check for pass
            if (c == pgm_read_byte_near(progmemResponseString + passMatched)) {
     c6e:	08 2e       	mov	r0, r24
     c70:	00 0c       	add	r0, r0
     c72:	99 0b       	sbc	r25, r25
     c74:	ed 2f       	mov	r30, r29
     c76:	f0 e0       	ldi	r31, 0x00	; 0
     c78:	e5 55       	subi	r30, 0x55	; 85
     c7a:	fe 4f       	sbci	r31, 0xFE	; 254
     c7c:	e4 91       	lpm	r30, Z
     c7e:	e8 17       	cp	r30, r24
     c80:	19 06       	cpc	r1, r25
     c82:	41 f4       	brne	.+16     	; 0xc94 <M590::readForResponses(char const*, char const*, unsigned int) [clone .constprop.60]+0x90>
/tmp/arduino_build_443235/sketch/M590.cpp:442
                passMatched++;
     c84:	df 5f       	subi	r29, 0xFF	; 255
/tmp/arduino_build_443235/sketch/M590.cpp:443
                if (passMatched == passResponseLength) {
     c86:	d4 30       	cpi	r29, 0x04	; 4
     c88:	31 f4       	brne	.+12     	; 0xc96 <M590::readForResponses(char const*, char const*, unsigned int) [clone .constprop.60]+0x92>
/tmp/arduino_build_443235/sketch/M590.cpp:444
                    return M590_SUCCESS;
     c8a:	90 e0       	ldi	r25, 0x00	; 0
     c8c:	80 e0       	ldi	r24, 0x00	; 0
     c8e:	11 c0       	rjmp	.+34     	; 0xcb2 <M590::readForResponses(char const*, char const*, unsigned int) [clone .constprop.60]+0xae>
/tmp/arduino_build_443235/sketch/M590.cpp:456
                failMatched++;
                if (failMatched == failResponseLength) {
                    return M590_FAILURE;
                }
            } else
                failMatched = 0;
     c90:	c0 e0       	ldi	r28, 0x00	; 0
     c92:	ce cf       	rjmp	.-100    	; 0xc30 <M590::readForResponses(char const*, char const*, unsigned int) [clone .constprop.60]+0x2c>
/tmp/arduino_build_443235/sketch/M590.cpp:447
                passMatched++;
                if (passMatched == passResponseLength) {
                    return M590_SUCCESS;
                }
            } else
                passMatched = 0;
     c94:	d0 e0       	ldi	r29, 0x00	; 0
/tmp/arduino_build_443235/sketch/M590.cpp:450

            //check for fail
            if (c == pgm_read_byte_near(progmemResponseString + failMatched)) {
     c96:	ec 2f       	mov	r30, r28
     c98:	f0 e0       	ldi	r31, 0x00	; 0
     c9a:	e5 55       	subi	r30, 0x55	; 85
     c9c:	fe 4f       	sbci	r31, 0xFE	; 254
     c9e:	e4 91       	lpm	r30, Z
     ca0:	e8 17       	cp	r30, r24
     ca2:	19 06       	cpc	r1, r25
     ca4:	a9 f7       	brne	.-22     	; 0xc90 <M590::readForResponses(char const*, char const*, unsigned int) [clone .constprop.60]+0x8c>
/tmp/arduino_build_443235/sketch/M590.cpp:451
                failMatched++;
     ca6:	cf 5f       	subi	r28, 0xFF	; 255
/tmp/arduino_build_443235/sketch/M590.cpp:452
                if (failMatched == failResponseLength) {
     ca8:	c6 30       	cpi	r28, 0x06	; 6
     caa:	09 f0       	breq	.+2      	; 0xcae <M590::readForResponses(char const*, char const*, unsigned int) [clone .constprop.60]+0xaa>
     cac:	c1 cf       	rjmp	.-126    	; 0xc30 <M590::readForResponses(char const*, char const*, unsigned int) [clone .constprop.60]+0x2c>
/tmp/arduino_build_443235/sketch/M590.cpp:453
                    return M590_FAILURE;
     cae:	81 e0       	ldi	r24, 0x01	; 1
     cb0:	90 e0       	ldi	r25, 0x00	; 0
/tmp/arduino_build_443235/sketch/M590.cpp:461
                failMatched = 0;
        }
    }
    //timeout reached
    return M590_TIMEOUT;
}
     cb2:	df 91       	pop	r29
     cb4:	cf 91       	pop	r28
     cb6:	1f 91       	pop	r17
     cb8:	0f 91       	pop	r16
     cba:	ff 90       	pop	r15
     cbc:	ef 90       	pop	r14
     cbe:	df 90       	pop	r13
     cc0:	cf 90       	pop	r12
     cc2:	08 95       	ret
/tmp/arduino_build_443235/sketch/M590.cpp:460
            } else
                failMatched = 0;
        }
    }
    //timeout reached
    return M590_TIMEOUT;
     cc4:	82 e0       	ldi	r24, 0x02	; 2
     cc6:	90 e0       	ldi	r25, 0x00	; 0
     cc8:	f4 cf       	rjmp	.-24     	; 0xcb2 <M590::readForResponses(char const*, char const*, unsigned int) [clone .constprop.60]+0xae>

00000cca <String::~String()>:
__base_dtor ():
/home/user/.arduino15/packages/MightyCore/hardware/avr/3.0.3/cores/MCUdude_corefiles/WString.cpp:124
  *this = dtostrf(value, (decimalPlaces + 2), decimalPlaces, buf);
}

String::~String()
{
  if(buffer)
     cca:	fc 01       	movw	r30, r24
     ccc:	80 81       	ld	r24, Z
     cce:	91 81       	ldd	r25, Z+1	; 0x01
     cd0:	00 97       	sbiw	r24, 0x00	; 0
     cd2:	11 f0       	breq	.+4      	; 0xcd8 <String::~String()+0xe>
/home/user/.arduino15/packages/MightyCore/hardware/avr/3.0.3/cores/MCUdude_corefiles/WString.cpp:125
    free(buffer);
     cd4:	0c 94 1f 14 	jmp	0x283e	; 0x283e <free>
/home/user/.arduino15/packages/MightyCore/hardware/avr/3.0.3/cores/MCUdude_corefiles/WString.cpp:126
}
     cd8:	08 95       	ret

00000cda <String::reserve(unsigned int)>:
reserve():
/home/user/.arduino15/packages/MightyCore/hardware/avr/3.0.3/cores/MCUdude_corefiles/WString.cpp:147
  buffer = NULL;
  capacity = len = 0;
}

unsigned char String::reserve(unsigned int size)
{
     cda:	0f 93       	push	r16
     cdc:	1f 93       	push	r17
     cde:	cf 93       	push	r28
     ce0:	df 93       	push	r29
     ce2:	ec 01       	movw	r28, r24
/home/user/.arduino15/packages/MightyCore/hardware/avr/3.0.3/cores/MCUdude_corefiles/WString.cpp:148
  if (buffer && capacity >= size) return 1;
     ce4:	88 81       	ld	r24, Y
     ce6:	99 81       	ldd	r25, Y+1	; 0x01
     ce8:	00 97       	sbiw	r24, 0x00	; 0
     cea:	59 f0       	breq	.+22     	; 0xd02 <String::reserve(unsigned int)+0x28>
     cec:	2a 81       	ldd	r18, Y+2	; 0x02
     cee:	3b 81       	ldd	r19, Y+3	; 0x03
     cf0:	26 17       	cp	r18, r22
     cf2:	37 07       	cpc	r19, r23
     cf4:	30 f0       	brcs	.+12     	; 0xd02 <String::reserve(unsigned int)+0x28>
/home/user/.arduino15/packages/MightyCore/hardware/avr/3.0.3/cores/MCUdude_corefiles/WString.cpp:150
  if (changeBuffer(size)) {
    if (len == 0) buffer[0] = 0;
     cf6:	81 e0       	ldi	r24, 0x01	; 1
/home/user/.arduino15/packages/MightyCore/hardware/avr/3.0.3/cores/MCUdude_corefiles/WString.cpp:154
    return 1;
  }
  return 0;
}
     cf8:	df 91       	pop	r29
     cfa:	cf 91       	pop	r28
     cfc:	1f 91       	pop	r17
     cfe:	0f 91       	pop	r16
     d00:	08 95       	ret
     d02:	8b 01       	movw	r16, r22
changeBuffer():
/home/user/.arduino15/packages/MightyCore/hardware/avr/3.0.3/cores/MCUdude_corefiles/WString.cpp:158

unsigned char String::changeBuffer(unsigned int maxStrLen)
{
  char *newbuffer = (char *)realloc(buffer, maxStrLen + 1);
     d04:	6f 5f       	subi	r22, 0xFF	; 255
     d06:	7f 4f       	sbci	r23, 0xFF	; 255
     d08:	0e 94 a8 14 	call	0x2950	; 0x2950 <realloc>
/home/user/.arduino15/packages/MightyCore/hardware/avr/3.0.3/cores/MCUdude_corefiles/WString.cpp:159
  if (newbuffer) {
     d0c:	00 97       	sbiw	r24, 0x00	; 0
     d0e:	59 f0       	breq	.+22     	; 0xd26 <String::reserve(unsigned int)+0x4c>
/home/user/.arduino15/packages/MightyCore/hardware/avr/3.0.3/cores/MCUdude_corefiles/WString.cpp:160
    buffer = newbuffer;
     d10:	99 83       	std	Y+1, r25	; 0x01
     d12:	88 83       	st	Y, r24
/home/user/.arduino15/packages/MightyCore/hardware/avr/3.0.3/cores/MCUdude_corefiles/WString.cpp:161
    capacity = maxStrLen;
     d14:	1b 83       	std	Y+3, r17	; 0x03
     d16:	0a 83       	std	Y+2, r16	; 0x02
reserve():
/home/user/.arduino15/packages/MightyCore/hardware/avr/3.0.3/cores/MCUdude_corefiles/WString.cpp:150

unsigned char String::reserve(unsigned int size)
{
  if (buffer && capacity >= size) return 1;
  if (changeBuffer(size)) {
    if (len == 0) buffer[0] = 0;
     d18:	2c 81       	ldd	r18, Y+4	; 0x04
     d1a:	3d 81       	ldd	r19, Y+5	; 0x05
     d1c:	23 2b       	or	r18, r19
     d1e:	59 f7       	brne	.-42     	; 0xcf6 <String::reserve(unsigned int)+0x1c>
     d20:	fc 01       	movw	r30, r24
     d22:	10 82       	st	Z, r1
     d24:	e8 cf       	rjmp	.-48     	; 0xcf6 <String::reserve(unsigned int)+0x1c>
/home/user/.arduino15/packages/MightyCore/hardware/avr/3.0.3/cores/MCUdude_corefiles/WString.cpp:153
    return 1;
  }
  return 0;
     d26:	80 e0       	ldi	r24, 0x00	; 0
     d28:	e7 cf       	rjmp	.-50     	; 0xcf8 <String::reserve(unsigned int)+0x1e>

00000d2a <String::copy(char const*, unsigned int)>:
copy():
/home/user/.arduino15/packages/MightyCore/hardware/avr/3.0.3/cores/MCUdude_corefiles/WString.cpp:172
/*********************************************/
/*  Copy and Move                            */
/*********************************************/

String & String::copy(const char *cstr, unsigned int length)
{
     d2a:	ef 92       	push	r14
     d2c:	ff 92       	push	r15
     d2e:	0f 93       	push	r16
     d30:	1f 93       	push	r17
     d32:	cf 93       	push	r28
     d34:	df 93       	push	r29
     d36:	ec 01       	movw	r28, r24
     d38:	7b 01       	movw	r14, r22
     d3a:	8a 01       	movw	r16, r20
/home/user/.arduino15/packages/MightyCore/hardware/avr/3.0.3/cores/MCUdude_corefiles/WString.cpp:173
  if (!reserve(length)) {
     d3c:	ba 01       	movw	r22, r20
     d3e:	0e 94 6d 06 	call	0xcda	; 0xcda <String::reserve(unsigned int)>
     d42:	28 81       	ld	r18, Y
     d44:	39 81       	ldd	r19, Y+1	; 0x01
     d46:	81 11       	cpse	r24, r1
     d48:	14 c0       	rjmp	.+40     	; 0xd72 <String::copy(char const*, unsigned int)+0x48>
invalidate():
/home/user/.arduino15/packages/MightyCore/hardware/avr/3.0.3/cores/MCUdude_corefiles/WString.cpp:141
  len = 0;
}

void String::invalidate(void)
{
  if (buffer) free(buffer);
     d4a:	21 15       	cp	r18, r1
     d4c:	31 05       	cpc	r19, r1
     d4e:	19 f0       	breq	.+6      	; 0xd56 <String::copy(char const*, unsigned int)+0x2c>
     d50:	c9 01       	movw	r24, r18
     d52:	0e 94 1f 14 	call	0x283e	; 0x283e <free>
/home/user/.arduino15/packages/MightyCore/hardware/avr/3.0.3/cores/MCUdude_corefiles/WString.cpp:142
  buffer = NULL;
     d56:	19 82       	std	Y+1, r1	; 0x01
     d58:	18 82       	st	Y, r1
/home/user/.arduino15/packages/MightyCore/hardware/avr/3.0.3/cores/MCUdude_corefiles/WString.cpp:143
  capacity = len = 0;
     d5a:	1d 82       	std	Y+5, r1	; 0x05
     d5c:	1c 82       	std	Y+4, r1	; 0x04
     d5e:	1b 82       	std	Y+3, r1	; 0x03
     d60:	1a 82       	std	Y+2, r1	; 0x02
copy():
/home/user/.arduino15/packages/MightyCore/hardware/avr/3.0.3/cores/MCUdude_corefiles/WString.cpp:180
    return *this;
  }
  len = length;
  strcpy(buffer, cstr);
  return *this;
}
     d62:	ce 01       	movw	r24, r28
     d64:	df 91       	pop	r29
     d66:	cf 91       	pop	r28
     d68:	1f 91       	pop	r17
     d6a:	0f 91       	pop	r16
     d6c:	ff 90       	pop	r15
     d6e:	ef 90       	pop	r14
     d70:	08 95       	ret
/home/user/.arduino15/packages/MightyCore/hardware/avr/3.0.3/cores/MCUdude_corefiles/WString.cpp:177
{
  if (!reserve(length)) {
    invalidate();
    return *this;
  }
  len = length;
     d72:	1d 83       	std	Y+5, r17	; 0x05
     d74:	0c 83       	std	Y+4, r16	; 0x04
/home/user/.arduino15/packages/MightyCore/hardware/avr/3.0.3/cores/MCUdude_corefiles/WString.cpp:178
  strcpy(buffer, cstr);
     d76:	b7 01       	movw	r22, r14
     d78:	c9 01       	movw	r24, r18
     d7a:	0e 94 6e 15 	call	0x2adc	; 0x2adc <strcpy>
     d7e:	f1 cf       	rjmp	.-30     	; 0xd62 <String::copy(char const*, unsigned int)+0x38>

00000d80 <String::operator=(String const&)>:
operator=():
/home/user/.arduino15/packages/MightyCore/hardware/avr/3.0.3/cores/MCUdude_corefiles/WString.cpp:216
  rhs.len = 0;
}
#endif

String & String::operator = (const String &rhs)
{
     d80:	cf 93       	push	r28
     d82:	df 93       	push	r29
     d84:	ec 01       	movw	r28, r24
     d86:	fb 01       	movw	r30, r22
/home/user/.arduino15/packages/MightyCore/hardware/avr/3.0.3/cores/MCUdude_corefiles/WString.cpp:217
  if (this == &rhs) return *this;
     d88:	86 17       	cp	r24, r22
     d8a:	97 07       	cpc	r25, r23
     d8c:	49 f0       	breq	.+18     	; 0xda0 <String::operator=(String const&)+0x20>
/home/user/.arduino15/packages/MightyCore/hardware/avr/3.0.3/cores/MCUdude_corefiles/WString.cpp:219
  
  if (rhs.buffer) copy(rhs.buffer, rhs.len);
     d8e:	60 81       	ld	r22, Z
     d90:	71 81       	ldd	r23, Z+1	; 0x01
     d92:	61 15       	cp	r22, r1
     d94:	71 05       	cpc	r23, r1
     d96:	41 f0       	breq	.+16     	; 0xda8 <String::operator=(String const&)+0x28>
     d98:	44 81       	ldd	r20, Z+4	; 0x04
     d9a:	55 81       	ldd	r21, Z+5	; 0x05
     d9c:	0e 94 95 06 	call	0xd2a	; 0xd2a <String::copy(char const*, unsigned int)>
/home/user/.arduino15/packages/MightyCore/hardware/avr/3.0.3/cores/MCUdude_corefiles/WString.cpp:223
  else invalidate();
  
  return *this;
}
     da0:	ce 01       	movw	r24, r28
     da2:	df 91       	pop	r29
     da4:	cf 91       	pop	r28
     da6:	08 95       	ret
invalidate():
/home/user/.arduino15/packages/MightyCore/hardware/avr/3.0.3/cores/MCUdude_corefiles/WString.cpp:141
  len = 0;
}

void String::invalidate(void)
{
  if (buffer) free(buffer);
     da8:	88 81       	ld	r24, Y
     daa:	99 81       	ldd	r25, Y+1	; 0x01
     dac:	00 97       	sbiw	r24, 0x00	; 0
     dae:	11 f0       	breq	.+4      	; 0xdb4 <String::operator=(String const&)+0x34>
     db0:	0e 94 1f 14 	call	0x283e	; 0x283e <free>
/home/user/.arduino15/packages/MightyCore/hardware/avr/3.0.3/cores/MCUdude_corefiles/WString.cpp:142
  buffer = NULL;
     db4:	19 82       	std	Y+1, r1	; 0x01
     db6:	18 82       	st	Y, r1
/home/user/.arduino15/packages/MightyCore/hardware/avr/3.0.3/cores/MCUdude_corefiles/WString.cpp:143
  capacity = len = 0;
     db8:	1d 82       	std	Y+5, r1	; 0x05
     dba:	1c 82       	std	Y+4, r1	; 0x04
     dbc:	1b 82       	std	Y+3, r1	; 0x03
     dbe:	1a 82       	std	Y+2, r1	; 0x02
     dc0:	ef cf       	rjmp	.-34     	; 0xda0 <String::operator=(String const&)+0x20>

00000dc2 <M590::initialize(String) [clone .constprop.14]>:
initialize():
/tmp/arduino_build_443235/sketch/M590.cpp:138

void M590::print(const String s) {
    _gsmSerial->print(s);
}

bool M590::initialize(String pin) {
     dc2:	7f 92       	push	r7
     dc4:	8f 92       	push	r8
     dc6:	9f 92       	push	r9
     dc8:	af 92       	push	r10
     dca:	bf 92       	push	r11
     dcc:	cf 92       	push	r12
     dce:	df 92       	push	r13
     dd0:	ef 92       	push	r14
     dd2:	ff 92       	push	r15
     dd4:	0f 93       	push	r16
     dd6:	1f 93       	push	r17
     dd8:	cf 93       	push	r28
     dda:	df 93       	push	r29
     ddc:	00 d0       	rcall	.+0      	; 0xdde <M590::initialize(String) [clone .constprop.14]+0x1c>
     dde:	00 d0       	rcall	.+0      	; 0xde0 <M590::initialize(String) [clone .constprop.14]+0x1e>
     de0:	00 d0       	rcall	.+0      	; 0xde2 <M590::initialize(String) [clone .constprop.14]+0x20>
     de2:	cd b7       	in	r28, 0x3d	; 61
     de4:	de b7       	in	r29, 0x3e	; 62
     de6:	7c 01       	movw	r14, r24
/tmp/arduino_build_443235/sketch/M590.cpp:139
    delay(1000);
     de8:	68 ee       	ldi	r22, 0xE8	; 232
     dea:	73 e0       	ldi	r23, 0x03	; 3
     dec:	80 e0       	ldi	r24, 0x00	; 0
     dee:	90 e0       	ldi	r25, 0x00	; 0
     df0:	0e 94 46 03 	call	0x68c	; 0x68c <delay>
checkAlive():
/tmp/arduino_build_443235/sketch/M590.cpp:210
    }
    _previousState = _currentState;
}

bool M590::checkAlive(void(*callback)(void)) {
    if (_currentState == M590_STATE_SHUTDOWN) {
     df4:	80 91 7f 03 	lds	r24, 0x037F	; 0x80037f <gsm+0x12>
     df8:	90 91 80 03 	lds	r25, 0x0380	; 0x800380 <gsm+0x13>
     dfc:	89 2b       	or	r24, r25
     dfe:	09 f0       	breq	.+2      	; 0xe02 <M590::initialize(String) [clone .constprop.14]+0x40>
     e00:	6e c0       	rjmp	.+220    	; 0xede <M590::initialize(String) [clone .constprop.14]+0x11c>
sendCommandWithoutPrefix():
/tmp/arduino_build_443235/sketch/M590.cpp:271
    _gsmSerial->print((__FlashStringHelper *) M590_COMMAND_PREFIX);
    sendCommandWithoutPrefix(progmemCommand, params);
}

void M590::sendCommandWithoutPrefix(const char *progmemCommand, const char *params) {
    _gsmSerial->print((__FlashStringHelper *) progmemCommand);
     e02:	66 e4       	ldi	r22, 0x46	; 70
     e04:	71 e0       	ldi	r23, 0x01	; 1
     e06:	80 91 7b 03 	lds	r24, 0x037B	; 0x80037b <gsm+0xe>
     e0a:	90 91 7c 03 	lds	r25, 0x037C	; 0x80037c <gsm+0xf>
     e0e:	0e 94 21 01 	call	0x242	; 0x242 <Print::print(__FlashStringHelper const*)>
/tmp/arduino_build_443235/sketch/M590.cpp:276

    if (params && strlen(params))
        _gsmSerial->print(params);

    _gsmSerial->println(); //terminate with CLRF
     e12:	80 91 7b 03 	lds	r24, 0x037B	; 0x80037b <gsm+0xe>
     e16:	90 91 7c 03 	lds	r25, 0x037C	; 0x80037c <gsm+0xf>
     e1a:	0e 94 e7 05 	call	0xbce	; 0xbce <Print::println()>
readForResponse():
/tmp/arduino_build_443235/sketch/M590.cpp:325
    byte readingData = 0; //state
    byte dataLength = strlen_P(M590_RESPONSE_PREFIX);
    byte matched = 0;
    byte responseLength = strlen_P(progmemResponseString);

    unsigned long startTime = millis();
     e1e:	0e 94 78 03 	call	0x6f0	; 0x6f0 <millis>
initialize():
/tmp/arduino_build_443235/sketch/M590.cpp:322
m590ResponseCode M590::readForResponse(const char *progmemResponseString, char *buffer, const unsigned int max_bytes,
                                       const unsigned int timeout) {
    byte dataMatched = 0, dataRead = 0;
    byte readingData = 0; //state
    byte dataLength = strlen_P(M590_RESPONSE_PREFIX);
    byte matched = 0;
     e22:	00 e0       	ldi	r16, 0x00	; 0
/tmp/arduino_build_443235/sketch/M590.cpp:320
}

m590ResponseCode M590::readForResponse(const char *progmemResponseString, char *buffer, const unsigned int max_bytes,
                                       const unsigned int timeout) {
    byte dataMatched = 0, dataRead = 0;
    byte readingData = 0; //state
     e24:	10 e0       	ldi	r17, 0x00	; 0
/tmp/arduino_build_443235/sketch/M590.cpp:319

}

m590ResponseCode M590::readForResponse(const char *progmemResponseString, char *buffer, const unsigned int max_bytes,
                                       const unsigned int timeout) {
    byte dataMatched = 0, dataRead = 0;
     e26:	71 2c       	mov	r7, r1
readForResponse():
/tmp/arduino_build_443235/sketch/M590.cpp:327
    byte matched = 0;
    byte responseLength = strlen_P(progmemResponseString);

    unsigned long startTime = millis();

    while (millis() < (startTime + timeout)) {
     e28:	4b 01       	movw	r8, r22
     e2a:	5c 01       	movw	r10, r24
     e2c:	28 ee       	ldi	r18, 0xE8	; 232
     e2e:	82 0e       	add	r8, r18
     e30:	23 e0       	ldi	r18, 0x03	; 3
     e32:	92 1e       	adc	r9, r18
     e34:	a1 1c       	adc	r10, r1
     e36:	b1 1c       	adc	r11, r1
/tmp/arduino_build_443235/sketch/M590.cpp:330
        if (_gsmSerial->available()) {
            char c = (char) _gsmSerial->read();
            if (c == pgm_read_byte_near(M590_RESPONSE_PREFIX + dataMatched)) { //check if a return data message begins
     e38:	84 e4       	ldi	r24, 0x44	; 68
     e3a:	c8 2e       	mov	r12, r24
     e3c:	81 e0       	ldi	r24, 0x01	; 1
     e3e:	d8 2e       	mov	r13, r24
/tmp/arduino_build_443235/sketch/M590.cpp:327
    byte matched = 0;
    byte responseLength = strlen_P(progmemResponseString);

    unsigned long startTime = millis();

    while (millis() < (startTime + timeout)) {
     e40:	0e 94 78 03 	call	0x6f0	; 0x6f0 <millis>
     e44:	68 15       	cp	r22, r8
     e46:	79 05       	cpc	r23, r9
     e48:	8a 05       	cpc	r24, r10
     e4a:	9b 05       	cpc	r25, r11
     e4c:	08 f0       	brcs	.+2      	; 0xe50 <M590::initialize(String) [clone .constprop.14]+0x8e>
     e4e:	47 c0       	rjmp	.+142    	; 0xede <M590::initialize(String) [clone .constprop.14]+0x11c>
/tmp/arduino_build_443235/sketch/M590.cpp:328
        if (_gsmSerial->available()) {
     e50:	80 91 7b 03 	lds	r24, 0x037B	; 0x80037b <gsm+0xe>
     e54:	90 91 7c 03 	lds	r25, 0x037C	; 0x80037c <gsm+0xf>
     e58:	dc 01       	movw	r26, r24
     e5a:	ed 91       	ld	r30, X+
     e5c:	fc 91       	ld	r31, X
     e5e:	00 84       	ldd	r0, Z+8	; 0x08
     e60:	f1 85       	ldd	r31, Z+9	; 0x09
     e62:	e0 2d       	mov	r30, r0
     e64:	09 95       	icall
     e66:	89 2b       	or	r24, r25
     e68:	59 f3       	breq	.-42     	; 0xe40 <M590::initialize(String) [clone .constprop.14]+0x7e>
/tmp/arduino_build_443235/sketch/M590.cpp:329
            char c = (char) _gsmSerial->read();
     e6a:	80 91 7b 03 	lds	r24, 0x037B	; 0x80037b <gsm+0xe>
     e6e:	90 91 7c 03 	lds	r25, 0x037C	; 0x80037c <gsm+0xf>
     e72:	dc 01       	movw	r26, r24
     e74:	ed 91       	ld	r30, X+
     e76:	fc 91       	ld	r31, X
     e78:	02 84       	ldd	r0, Z+10	; 0x0a
     e7a:	f3 85       	ldd	r31, Z+11	; 0x0b
     e7c:	e0 2d       	mov	r30, r0
     e7e:	09 95       	icall
/tmp/arduino_build_443235/sketch/M590.cpp:330
            if (c == pgm_read_byte_near(M590_RESPONSE_PREFIX + dataMatched)) { //check if a return data message begins
     e80:	28 2f       	mov	r18, r24
     e82:	08 2e       	mov	r0, r24
     e84:	00 0c       	add	r0, r0
     e86:	33 0b       	sbc	r19, r19
     e88:	f6 01       	movw	r30, r12
     e8a:	94 91       	lpm	r25, Z
     e8c:	92 17       	cp	r25, r18
     e8e:	13 06       	cpc	r1, r19
     e90:	21 f0       	breq	.+8      	; 0xe9a <M590::initialize(String) [clone .constprop.14]+0xd8>
/tmp/arduino_build_443235/sketch/M590.cpp:339
                    dataMatched = 0;
                }
            } else {
                dataMatched = 0;
            }
            if (readingData) { //if in reading return data mode
     e92:	11 23       	and	r17, r17
     e94:	89 f0       	breq	.+34     	; 0xeb8 <M590::initialize(String) [clone .constprop.14]+0xf6>
/tmp/arduino_build_443235/sketch/M590.cpp:341

                if (readingData == 1 && c == ':') //before colon, there is only the command echoed back
     e96:	11 30       	cpi	r17, 0x01	; 1
     e98:	39 f4       	brne	.+14     	; 0xea8 <M590::initialize(String) [clone .constprop.14]+0xe6>
     e9a:	11 e0       	ldi	r17, 0x01	; 1
     e9c:	8a 33       	cpi	r24, 0x3A	; 58
     e9e:	81 f6       	brne	.-96     	; 0xe40 <M590::initialize(String) [clone .constprop.14]+0x7e>
/tmp/arduino_build_443235/sketch/M590.cpp:349
                    //_debugSerial->print(c);
                    if (c == '\r') { //if reached end of return data
                        readingData = 0;
                    } else {
                        buffer[dataRead] = c;
                        dataRead++;
     ea0:	12 e0       	ldi	r17, 0x02	; 2
     ea2:	ce cf       	rjmp	.-100    	; 0xe40 <M590::initialize(String) [clone .constprop.14]+0x7e>
initialize():
/tmp/arduino_build_443235/sketch/M590.cpp:363
                    matched++;
                    if (matched == responseLength) {
                        return M590_SUCCESS;
                    }
                } else
                    matched = 0;
     ea4:	00 e0       	ldi	r16, 0x00	; 0
     ea6:	cc cf       	rjmp	.-104    	; 0xe40 <M590::initialize(String) [clone .constprop.14]+0x7e>
/tmp/arduino_build_443235/sketch/M590.cpp:346
                if (readingData == 1 && c == ':') //before colon, there is only the command echoed back
                    readingData = 2;
                else if (readingData == 2) { //if at actual data
                    //_debugSerial->print(c);
                    if (c == '\r') { //if reached end of return data
                        readingData = 0;
     ea8:	10 e0       	ldi	r17, 0x00	; 0
readForResponse():
/tmp/arduino_build_443235/sketch/M590.cpp:345

                if (readingData == 1 && c == ':') //before colon, there is only the command echoed back
                    readingData = 2;
                else if (readingData == 2) { //if at actual data
                    //_debugSerial->print(c);
                    if (c == '\r') { //if reached end of return data
     eaa:	8d 30       	cpi	r24, 0x0D	; 13
     eac:	49 f2       	breq	.-110    	; 0xe40 <M590::initialize(String) [clone .constprop.14]+0x7e>
/tmp/arduino_build_443235/sketch/M590.cpp:348
                        readingData = 0;
                    } else {
                        buffer[dataRead] = c;
     eae:	e7 2d       	mov	r30, r7
     eb0:	f0 e0       	ldi	r31, 0x00	; 0
     eb2:	80 83       	st	Z, r24
/tmp/arduino_build_443235/sketch/M590.cpp:349
                        dataRead++;
     eb4:	73 94       	inc	r7
     eb6:	f4 cf       	rjmp	.-24     	; 0xea0 <M590::initialize(String) [clone .constprop.14]+0xde>
/tmp/arduino_build_443235/sketch/M590.cpp:357
                            return M590_LENGTH_EXCEEDED;
                        }
                    }
                }
            } else {
                if (c == pgm_read_byte_near(progmemResponseString + matched)) {
     eb8:	e0 2f       	mov	r30, r16
     eba:	f0 e0       	ldi	r31, 0x00	; 0
     ebc:	e5 55       	subi	r30, 0x55	; 85
     ebe:	fe 4f       	sbci	r31, 0xFE	; 254
     ec0:	e4 91       	lpm	r30, Z
     ec2:	e2 17       	cp	r30, r18
     ec4:	13 06       	cpc	r1, r19
     ec6:	71 f7       	brne	.-36     	; 0xea4 <M590::initialize(String) [clone .constprop.14]+0xe2>
/tmp/arduino_build_443235/sketch/M590.cpp:358
                    matched++;
     ec8:	0f 5f       	subi	r16, 0xFF	; 255
/tmp/arduino_build_443235/sketch/M590.cpp:359
                    if (matched == responseLength) {
     eca:	04 30       	cpi	r16, 0x04	; 4
     ecc:	09 f0       	breq	.+2      	; 0xed0 <M590::initialize(String) [clone .constprop.14]+0x10e>
     ece:	b8 cf       	rjmp	.-144    	; 0xe40 <M590::initialize(String) [clone .constprop.14]+0x7e>
checkAlive():
/tmp/arduino_build_443235/sketch/M590.cpp:213

bool M590::checkAlive(void(*callback)(void)) {
    if (_currentState == M590_STATE_SHUTDOWN) {
        sendCommandWithoutPrefix(M590_AT);
        if (readForResponse(M590_RESPONSE_OK) == M590_SUCCESS) {
            _currentState = M590_STATE_STARTUP_DONE;
     ed0:	82 e0       	ldi	r24, 0x02	; 2
     ed2:	90 e0       	ldi	r25, 0x00	; 0
     ed4:	90 93 80 03 	sts	0x0380, r25	; 0x800380 <gsm+0x13>
     ed8:	80 93 7f 03 	sts	0x037F, r24	; 0x80037f <gsm+0x12>
     edc:	10 c0       	rjmp	.+32     	; 0xefe <M590::initialize(String) [clone .constprop.14]+0x13c>
printDebug():
/tmp/arduino_build_443235/sketch/M590.cpp:510
    }
    return matches;
}

void M590::printDebug(const char *progmemString, bool withNewline) {
    if (_debugSerial) {
     ede:	80 91 7d 03 	lds	r24, 0x037D	; 0x80037d <gsm+0x10>
     ee2:	90 91 7e 03 	lds	r25, 0x037E	; 0x80037e <gsm+0x11>
     ee6:	00 97       	sbiw	r24, 0x00	; 0
     ee8:	51 f0       	breq	.+20     	; 0xefe <M590::initialize(String) [clone .constprop.14]+0x13c>
/tmp/arduino_build_443235/sketch/M590.cpp:511
        _debugSerial->print((__FlashStringHelper *) progmemString);
     eea:	69 e4       	ldi	r22, 0x49	; 73
     eec:	71 e0       	ldi	r23, 0x01	; 1
     eee:	0e 94 21 01 	call	0x242	; 0x242 <Print::print(__FlashStringHelper const*)>
/tmp/arduino_build_443235/sketch/M590.cpp:512
        if (withNewline) _debugSerial->println();
     ef2:	80 91 7d 03 	lds	r24, 0x037D	; 0x80037d <gsm+0x10>
     ef6:	90 91 7e 03 	lds	r25, 0x037E	; 0x80037e <gsm+0x11>
     efa:	0e 94 e7 05 	call	0xbce	; 0xbce <Print::println()>
initialize():
/tmp/arduino_build_443235/sketch/M590.cpp:144
    delay(1000);
    if (!checkAlive()) {//checkAlive still gets executed
        printDebug(M590_ERROR_NOT_RESPONDING); //TODO: better error handling
        //return false;
    }
    delay(1000);
     efe:	68 ee       	ldi	r22, 0xE8	; 232
     f00:	73 e0       	ldi	r23, 0x03	; 3
     f02:	80 e0       	ldi	r24, 0x00	; 0
     f04:	90 e0       	ldi	r25, 0x00	; 0
     f06:	0e 94 46 03 	call	0x68c	; 0x68c <delay>
_ZN6String4initEv():
/home/user/.arduino15/packages/MightyCore/hardware/avr/3.0.3/cores/MCUdude_corefiles/WString.cpp:134
/*  Memory Management                        */
/*********************************************/

inline void String::init(void)
{
  buffer = NULL;
     f0a:	1a 82       	std	Y+2, r1	; 0x02
     f0c:	19 82       	std	Y+1, r1	; 0x01
/home/user/.arduino15/packages/MightyCore/hardware/avr/3.0.3/cores/MCUdude_corefiles/WString.cpp:135
  capacity = 0;
     f0e:	1c 82       	std	Y+4, r1	; 0x04
     f10:	1b 82       	std	Y+3, r1	; 0x03
/home/user/.arduino15/packages/MightyCore/hardware/avr/3.0.3/cores/MCUdude_corefiles/WString.cpp:136
  len = 0;
     f12:	1e 82       	std	Y+6, r1	; 0x06
     f14:	1d 82       	std	Y+5, r1	; 0x05
__base_ctor ():
/home/user/.arduino15/packages/MightyCore/hardware/avr/3.0.3/cores/MCUdude_corefiles/WString.cpp:37
}

String::String(const String &value)
{
  init();
  *this = value;
     f16:	b7 01       	movw	r22, r14
     f18:	ce 01       	movw	r24, r28
     f1a:	01 96       	adiw	r24, 0x01	; 1
     f1c:	0e 94 c0 06 	call	0xd80	; 0xd80 <String::operator=(String const&)>
sendPinEntry():
/tmp/arduino_build_443235/sketch/M590.cpp:239
        return required; //returns true, if pin is required
    } else return false;
}

bool M590::sendPinEntry(String pin, void (*callback)(void)) {
    if (_currentState == M590_STATE_PIN_REQUIRED) {
     f20:	80 91 7f 03 	lds	r24, 0x037F	; 0x80037f <gsm+0x12>
     f24:	90 91 80 03 	lds	r25, 0x0380	; 0x800380 <gsm+0x13>
     f28:	03 97       	sbiw	r24, 0x03	; 3
     f2a:	09 f0       	breq	.+2      	; 0xf2e <M590::initialize(String) [clone .constprop.14]+0x16c>
     f2c:	41 c0       	rjmp	.+130    	; 0xfb0 <M590::initialize(String) [clone .constprop.14]+0x1ee>
/tmp/arduino_build_443235/sketch/M590.cpp:240
        _gsmSerial->print((__FlashStringHelper *) M590_COMMAND_PREFIX);
     f2e:	60 e4       	ldi	r22, 0x40	; 64
     f30:	71 e0       	ldi	r23, 0x01	; 1
     f32:	80 91 7b 03 	lds	r24, 0x037B	; 0x80037b <gsm+0xe>
     f36:	90 91 7c 03 	lds	r25, 0x037C	; 0x80037c <gsm+0xf>
     f3a:	0e 94 21 01 	call	0x242	; 0x242 <Print::print(__FlashStringHelper const*)>
/tmp/arduino_build_443235/sketch/M590.cpp:241
        _gsmSerial->print((__FlashStringHelper *) M590_COMMAND_INPUT_PIN);
     f3e:	6a e3       	ldi	r22, 0x3A	; 58
     f40:	71 e0       	ldi	r23, 0x01	; 1
     f42:	80 91 7b 03 	lds	r24, 0x037B	; 0x80037b <gsm+0xe>
     f46:	90 91 7c 03 	lds	r25, 0x037C	; 0x80037c <gsm+0xf>
     f4a:	0e 94 21 01 	call	0x242	; 0x242 <Print::print(__FlashStringHelper const*)>
/tmp/arduino_build_443235/sketch/M590.cpp:242
        _gsmSerial->print('"');
     f4e:	62 e2       	ldi	r22, 0x22	; 34
     f50:	80 91 7b 03 	lds	r24, 0x037B	; 0x80037b <gsm+0xe>
     f54:	90 91 7c 03 	lds	r25, 0x037C	; 0x80037c <gsm+0xf>
     f58:	0e 94 1a 01 	call	0x234	; 0x234 <Print::print(char)>
/tmp/arduino_build_443235/sketch/M590.cpp:243
        _gsmSerial->print(pin);
     f5c:	80 91 7b 03 	lds	r24, 0x037B	; 0x80037b <gsm+0xe>
     f60:	90 91 7c 03 	lds	r25, 0x037C	; 0x80037c <gsm+0xf>
write():
/home/user/.arduino15/packages/MightyCore/hardware/avr/3.0.3/cores/MCUdude_corefiles/Print.h:58
      return write((const uint8_t *)str, strlen(str));
    }
    virtual size_t write(const uint8_t *buffer, size_t size);
    size_t write(const char *buffer, size_t size) {
      return write((const uint8_t *)buffer, size);
     f64:	4d 81       	ldd	r20, Y+5	; 0x05
     f66:	5e 81       	ldd	r21, Y+6	; 0x06
     f68:	69 81       	ldd	r22, Y+1	; 0x01
     f6a:	7a 81       	ldd	r23, Y+2	; 0x02
     f6c:	dc 01       	movw	r26, r24
     f6e:	ed 91       	ld	r30, X+
     f70:	fc 91       	ld	r31, X
     f72:	02 80       	ldd	r0, Z+2	; 0x02
     f74:	f3 81       	ldd	r31, Z+3	; 0x03
     f76:	e0 2d       	mov	r30, r0
     f78:	09 95       	icall
sendPinEntry():
/tmp/arduino_build_443235/sketch/M590.cpp:244
        _gsmSerial->print('"');
     f7a:	62 e2       	ldi	r22, 0x22	; 34
     f7c:	80 91 7b 03 	lds	r24, 0x037B	; 0x80037b <gsm+0xe>
     f80:	90 91 7c 03 	lds	r25, 0x037C	; 0x80037c <gsm+0xf>
     f84:	0e 94 1a 01 	call	0x234	; 0x234 <Print::print(char)>
/tmp/arduino_build_443235/sketch/M590.cpp:245
        _gsmSerial->println();
     f88:	80 91 7b 03 	lds	r24, 0x037B	; 0x80037b <gsm+0xe>
     f8c:	90 91 7c 03 	lds	r25, 0x037C	; 0x80037c <gsm+0xf>
     f90:	0e 94 e7 05 	call	0xbce	; 0xbce <Print::println()>
/tmp/arduino_build_443235/sketch/M590.cpp:246
        bool success = readForResponses(M590_RESPONSE_OK, M590_RESPONSE_FAIL) == M590_SUCCESS;
     f94:	68 ee       	ldi	r22, 0xE8	; 232
     f96:	73 e0       	ldi	r23, 0x03	; 3
     f98:	8d e6       	ldi	r24, 0x6D	; 109
     f9a:	93 e0       	ldi	r25, 0x03	; 3
     f9c:	0e 94 02 06 	call	0xc04	; 0xc04 <M590::readForResponses(char const*, char const*, unsigned int) [clone .constprop.60]>
/tmp/arduino_build_443235/sketch/M590.cpp:247
        if (success) _currentState = M590_STATE_PIN_ENTRY_DONE;
     fa0:	89 2b       	or	r24, r25
     fa2:	31 f4       	brne	.+12     	; 0xfb0 <M590::initialize(String) [clone .constprop.14]+0x1ee>
     fa4:	84 e0       	ldi	r24, 0x04	; 4
     fa6:	90 e0       	ldi	r25, 0x00	; 0
     fa8:	90 93 80 03 	sts	0x0380, r25	; 0x800380 <gsm+0x13>
     fac:	80 93 7f 03 	sts	0x037F, r24	; 0x80037f <gsm+0x12>
initialize():
/tmp/arduino_build_443235/sketch/M590.cpp:145
    if (!checkAlive()) {//checkAlive still gets executed
        printDebug(M590_ERROR_NOT_RESPONDING); //TODO: better error handling
        //return false;
    }
    delay(1000);
    sendPinEntry(pin); //sets state to pin_entry_done, when successful
     fb0:	ce 01       	movw	r24, r28
     fb2:	01 96       	adiw	r24, 0x01	; 1
     fb4:	0e 94 65 06 	call	0xcca	; 0xcca <String::~String()>
/tmp/arduino_build_443235/sketch/M590.cpp:146
    delay(1000);
     fb8:	68 ee       	ldi	r22, 0xE8	; 232
     fba:	73 e0       	ldi	r23, 0x03	; 3
     fbc:	80 e0       	ldi	r24, 0x00	; 0
     fbe:	90 e0       	ldi	r25, 0x00	; 0
     fc0:	0e 94 46 03 	call	0x68c	; 0x68c <delay>
/tmp/arduino_build_443235/sketch/M590.cpp:147
    _gsmSerial->flush();
     fc4:	80 91 7b 03 	lds	r24, 0x037B	; 0x80037b <gsm+0xe>
     fc8:	90 91 7c 03 	lds	r25, 0x037C	; 0x80037c <gsm+0xf>
     fcc:	dc 01       	movw	r26, r24
     fce:	ed 91       	ld	r30, X+
     fd0:	fc 91       	ld	r31, X
     fd2:	06 80       	ldd	r0, Z+6	; 0x06
     fd4:	f7 81       	ldd	r31, Z+7	; 0x07
     fd6:	e0 2d       	mov	r30, r0
     fd8:	09 95       	icall
/tmp/arduino_build_443235/sketch/M590.cpp:148
    _currentState=M590_STATE_CELLULAR_CONNECTING;
     fda:	87 e0       	ldi	r24, 0x07	; 7
     fdc:	90 e0       	ldi	r25, 0x00	; 0
     fde:	90 93 80 03 	sts	0x0380, r25	; 0x800380 <gsm+0x13>
     fe2:	80 93 7f 03 	sts	0x037F, r24	; 0x80037f <gsm+0x12>
/tmp/arduino_build_443235/sketch/M590.cpp:149
}
     fe6:	80 e0       	ldi	r24, 0x00	; 0
     fe8:	26 96       	adiw	r28, 0x06	; 6
     fea:	0f b6       	in	r0, 0x3f	; 63
     fec:	f8 94       	cli
     fee:	de bf       	out	0x3e, r29	; 62
     ff0:	0f be       	out	0x3f, r0	; 63
     ff2:	cd bf       	out	0x3d, r28	; 61
     ff4:	df 91       	pop	r29
     ff6:	cf 91       	pop	r28
     ff8:	1f 91       	pop	r17
     ffa:	0f 91       	pop	r16
     ffc:	ff 90       	pop	r15
     ffe:	ef 90       	pop	r14
    1000:	df 90       	pop	r13
    1002:	cf 90       	pop	r12
    1004:	bf 90       	pop	r11
    1006:	af 90       	pop	r10
    1008:	9f 90       	pop	r9
    100a:	8f 90       	pop	r8
    100c:	7f 90       	pop	r7
    100e:	08 95       	ret

00001010 <String::String(char const*)>:
_ZN6String4initEv():
/home/user/.arduino15/packages/MightyCore/hardware/avr/3.0.3/cores/MCUdude_corefiles/WString.cpp:134
/*  Memory Management                        */
/*********************************************/

inline void String::init(void)
{
  buffer = NULL;
    1010:	fc 01       	movw	r30, r24
    1012:	11 82       	std	Z+1, r1	; 0x01
    1014:	10 82       	st	Z, r1
/home/user/.arduino15/packages/MightyCore/hardware/avr/3.0.3/cores/MCUdude_corefiles/WString.cpp:135
  capacity = 0;
    1016:	13 82       	std	Z+3, r1	; 0x03
    1018:	12 82       	std	Z+2, r1	; 0x02
/home/user/.arduino15/packages/MightyCore/hardware/avr/3.0.3/cores/MCUdude_corefiles/WString.cpp:136
  len = 0;
    101a:	15 82       	std	Z+5, r1	; 0x05
    101c:	14 82       	std	Z+4, r1	; 0x04
__base_ctor ():
/home/user/.arduino15/packages/MightyCore/hardware/avr/3.0.3/cores/MCUdude_corefiles/WString.cpp:31
/*********************************************/

String::String(const char *cstr)
{
  init();
  if (cstr) copy(cstr, strlen(cstr));
    101e:	fb 01       	movw	r30, r22
    1020:	01 90       	ld	r0, Z+
    1022:	00 20       	and	r0, r0
    1024:	e9 f7       	brne	.-6      	; 0x1020 <String::String(char const*)+0x10>
    1026:	31 97       	sbiw	r30, 0x01	; 1
    1028:	af 01       	movw	r20, r30
    102a:	46 1b       	sub	r20, r22
    102c:	57 0b       	sbc	r21, r23
    102e:	0c 94 95 06 	jmp	0xd2a	; 0xd2a <String::copy(char const*, unsigned int)>

00001032 <EERef::update(unsigned char)>:
update():
/home/user/.arduino15/packages/MightyCore/hardware/avr/3.0.3/libraries/EEPROM/src/EEPROM.h:59
    EERef &operator &=( uint8_t in )     { return *this = **this & in; }
    EERef &operator |=( uint8_t in )     { return *this = **this | in; }
    EERef &operator <<=( uint8_t in )    { return *this = **this << in; }
    EERef &operator >>=( uint8_t in )    { return *this = **this >> in; }
    
    EERef &update( uint8_t in )          { return  in != *this ? *this = in : *this; }
    1032:	ff 92       	push	r15
    1034:	0f 93       	push	r16
    1036:	1f 93       	push	r17
    1038:	cf 93       	push	r28
    103a:	df 93       	push	r29
    103c:	ec 01       	movw	r28, r24
    103e:	f6 2e       	mov	r15, r22
operator*():
/home/user/.arduino15/packages/MightyCore/hardware/avr/3.0.3/libraries/EEPROM/src/EEPROM.h:42

    EERef( const int index )
        : index( index )                 {}
    
    //Access/read members.
    uint8_t operator*() const            { return eeprom_read_byte( (uint8_t*) index ); }
    1040:	08 81       	ld	r16, Y
    1042:	19 81       	ldd	r17, Y+1	; 0x01
    1044:	c8 01       	movw	r24, r16
    1046:	0e 94 0e 13 	call	0x261c	; 0x261c <eeprom_read_byte>
update():
/home/user/.arduino15/packages/MightyCore/hardware/avr/3.0.3/libraries/EEPROM/src/EEPROM.h:59
    EERef &operator &=( uint8_t in )     { return *this = **this & in; }
    EERef &operator |=( uint8_t in )     { return *this = **this | in; }
    EERef &operator <<=( uint8_t in )    { return *this = **this << in; }
    EERef &operator >>=( uint8_t in )    { return *this = **this >> in; }
    
    EERef &update( uint8_t in )          { return  in != *this ? *this = in : *this; }
    104a:	f8 16       	cp	r15, r24
    104c:	21 f0       	breq	.+8      	; 0x1056 <EERef::update(unsigned char)+0x24>
_ZN5EERefaSEh():
/home/user/.arduino15/packages/MightyCore/hardware/avr/3.0.3/libraries/EEPROM/src/EEPROM.h:47
    uint8_t operator*() const            { return eeprom_read_byte( (uint8_t*) index ); }
    operator uint8_t() const             { return **this; }
    
    //Assignment/write members.
    EERef &operator=( const EERef &ref ) { return *this = *ref; }
    EERef &operator=( uint8_t in )       { return eeprom_write_byte( (uint8_t*) index, in ), *this;  }
    104e:	6f 2d       	mov	r22, r15
    1050:	c8 01       	movw	r24, r16
    1052:	0e 94 16 13 	call	0x262c	; 0x262c <eeprom_write_byte>
update():
/home/user/.arduino15/packages/MightyCore/hardware/avr/3.0.3/libraries/EEPROM/src/EEPROM.h:59
    EERef &operator &=( uint8_t in )     { return *this = **this & in; }
    EERef &operator |=( uint8_t in )     { return *this = **this | in; }
    EERef &operator <<=( uint8_t in )    { return *this = **this << in; }
    EERef &operator >>=( uint8_t in )    { return *this = **this >> in; }
    
    EERef &update( uint8_t in )          { return  in != *this ? *this = in : *this; }
    1056:	ce 01       	movw	r24, r28
    1058:	df 91       	pop	r29
    105a:	cf 91       	pop	r28
    105c:	1f 91       	pop	r17
    105e:	0f 91       	pop	r16
    1060:	ff 90       	pop	r15
    1062:	08 95       	ret

00001064 <Horaires::saveAlarmToEEPROM(unsigned char) [clone .constprop.34]>:
saveAlarmToEEPROM():
/tmp/arduino_build_443235/sketch/Horaires.cpp:179
        alarms[i].ringing = false; // Reset ringing state on boot
    }
}

// **Save an alarm to EEPROM**
void Horaires::saveAlarmToEEPROM(uint8_t alarmNumber) {
    1064:	cf 92       	push	r12
    1066:	df 92       	push	r13
    1068:	ef 92       	push	r14
    106a:	ff 92       	push	r15
    106c:	0f 93       	push	r16
    106e:	1f 93       	push	r17
    1070:	cf 93       	push	r28
    1072:	df 93       	push	r29
    1074:	00 d0       	rcall	.+0      	; 0x1076 <Horaires::saveAlarmToEEPROM(unsigned char) [clone .constprop.34]+0x12>
    1076:	cd b7       	in	r28, 0x3d	; 61
    1078:	de b7       	in	r29, 0x3e	; 62
/tmp/arduino_build_443235/sketch/Horaires.cpp:181
    uint8_t addr = EEPROM_ALARM_ADDR + (alarmNumber * 3);
    EEPROM.update(addr, alarms[alarmNumber].hours);
    107a:	e8 2e       	mov	r14, r24
    107c:	f1 2c       	mov	r15, r1
    107e:	97 01       	movw	r18, r14
    1080:	22 0f       	add	r18, r18
    1082:	33 1f       	adc	r19, r19
    1084:	22 0f       	add	r18, r18
    1086:	33 1f       	adc	r19, r19
    1088:	a9 01       	movw	r20, r18
    108a:	43 55       	subi	r20, 0x53	; 83
    108c:	5c 4f       	sbci	r21, 0xFC	; 252
    108e:	6a 01       	movw	r12, r20
    1090:	fa 01       	movw	r30, r20
    1092:	62 81       	ldd	r22, Z+2	; 0x02
/tmp/arduino_build_443235/sketch/Horaires.cpp:180
    }
}

// **Save an alarm to EEPROM**
void Horaires::saveAlarmToEEPROM(uint8_t alarmNumber) {
    uint8_t addr = EEPROM_ALARM_ADDR + (alarmNumber * 3);
    1094:	08 2f       	mov	r16, r24
    1096:	00 0f       	add	r16, r16
    1098:	08 0f       	add	r16, r24
    109a:	06 5f       	subi	r16, 0xF6	; 246
/tmp/arduino_build_443235/sketch/Horaires.cpp:181
    EEPROM.update(addr, alarms[alarmNumber].hours);
    109c:	10 e0       	ldi	r17, 0x00	; 0
_ZN5EERefC2Ei():
/home/user/.arduino15/packages/MightyCore/hardware/avr/3.0.3/libraries/EEPROM/src/EEPROM.h:39
***/

struct EERef{

    EERef( const int index )
        : index( index )                 {}
    109e:	1a 83       	std	Y+2, r17	; 0x02
    10a0:	09 83       	std	Y+1, r16	; 0x01
_ZN11EEPROMClass6updateEih.isra.1():
/home/user/.arduino15/packages/MightyCore/hardware/avr/3.0.3/libraries/EEPROM/src/EEPROM.h:122

    //Basic user access methods.
    EERef operator[]( const int idx )    { return idx; }
    uint8_t read( int idx )              { return EERef( idx ); }
    void write( int idx, uint8_t val )   { (EERef( idx )) = val; }
    void update( int idx, uint8_t val )  { EERef( idx ).update( val ); }
    10a2:	ce 01       	movw	r24, r28
    10a4:	01 96       	adiw	r24, 0x01	; 1
    10a6:	0e 94 19 08 	call	0x1032	; 0x1032 <EERef::update(unsigned char)>
saveAlarmToEEPROM():
/tmp/arduino_build_443235/sketch/Horaires.cpp:182
    EEPROM.update(addr + 1, alarms[alarmNumber].minutes);
    10aa:	f6 01       	movw	r30, r12
    10ac:	63 81       	ldd	r22, Z+3	; 0x03
    10ae:	c8 01       	movw	r24, r16
    10b0:	01 96       	adiw	r24, 0x01	; 1
_ZN5EERefC2Ei():
/home/user/.arduino15/packages/MightyCore/hardware/avr/3.0.3/libraries/EEPROM/src/EEPROM.h:39
***/

struct EERef{

    EERef( const int index )
        : index( index )                 {}
    10b2:	9a 83       	std	Y+2, r25	; 0x02
    10b4:	89 83       	std	Y+1, r24	; 0x01
_ZN11EEPROMClass6updateEih.isra.1():
/home/user/.arduino15/packages/MightyCore/hardware/avr/3.0.3/libraries/EEPROM/src/EEPROM.h:122

    //Basic user access methods.
    EERef operator[]( const int idx )    { return idx; }
    uint8_t read( int idx )              { return EERef( idx ); }
    void write( int idx, uint8_t val )   { (EERef( idx )) = val; }
    void update( int idx, uint8_t val )  { EERef( idx ).update( val ); }
    10b6:	ce 01       	movw	r24, r28
    10b8:	01 96       	adiw	r24, 0x01	; 1
    10ba:	0e 94 19 08 	call	0x1032	; 0x1032 <EERef::update(unsigned char)>
saveAlarmToEEPROM():
/tmp/arduino_build_443235/sketch/Horaires.cpp:183
    EEPROM.update(addr + 2, alarms[alarmNumber].enabled);
    10be:	f7 01       	movw	r30, r14
    10c0:	ee 0f       	add	r30, r30
    10c2:	ff 1f       	adc	r31, r31
    10c4:	ee 0f       	add	r30, r30
    10c6:	ff 1f       	adc	r31, r31
    10c8:	ef 54       	subi	r30, 0x4F	; 79
    10ca:	fc 4f       	sbci	r31, 0xFC	; 252
    10cc:	60 81       	ld	r22, Z
    10ce:	0e 5f       	subi	r16, 0xFE	; 254
    10d0:	1f 4f       	sbci	r17, 0xFF	; 255
_ZN5EERefC2Ei():
/home/user/.arduino15/packages/MightyCore/hardware/avr/3.0.3/libraries/EEPROM/src/EEPROM.h:39
***/

struct EERef{

    EERef( const int index )
        : index( index )                 {}
    10d2:	1a 83       	std	Y+2, r17	; 0x02
    10d4:	09 83       	std	Y+1, r16	; 0x01
_ZN11EEPROMClass6updateEih.isra.1():
/home/user/.arduino15/packages/MightyCore/hardware/avr/3.0.3/libraries/EEPROM/src/EEPROM.h:122

    //Basic user access methods.
    EERef operator[]( const int idx )    { return idx; }
    uint8_t read( int idx )              { return EERef( idx ); }
    void write( int idx, uint8_t val )   { (EERef( idx )) = val; }
    void update( int idx, uint8_t val )  { EERef( idx ).update( val ); }
    10d6:	ce 01       	movw	r24, r28
    10d8:	01 96       	adiw	r24, 0x01	; 1
    10da:	0e 94 19 08 	call	0x1032	; 0x1032 <EERef::update(unsigned char)>
saveAlarmToEEPROM():
/tmp/arduino_build_443235/sketch/Horaires.cpp:184
}
    10de:	0f 90       	pop	r0
    10e0:	0f 90       	pop	r0
    10e2:	df 91       	pop	r29
    10e4:	cf 91       	pop	r28
    10e6:	1f 91       	pop	r17
    10e8:	0f 91       	pop	r16
    10ea:	ff 90       	pop	r15
    10ec:	ef 90       	pop	r14
    10ee:	df 90       	pop	r13
    10f0:	cf 90       	pop	r12
    10f2:	08 95       	ret

000010f4 <__vector_29>:
__vector_29():
/home/user/.arduino15/packages/MightyCore/hardware/avr/3.0.3/cores/MCUdude_corefiles/HardwareSerial1.cpp:59
#elif defined(USART1_UDRE_vect)
ISR(USART1_UDRE_vect)
#else
#error "Don't know what the Data Register Empty vector is called for Serial1"
#endif
{
    10f4:	1f 92       	push	r1
    10f6:	0f 92       	push	r0
    10f8:	0f b6       	in	r0, 0x3f	; 63
    10fa:	0f 92       	push	r0
    10fc:	11 24       	eor	r1, r1
    10fe:	2f 93       	push	r18
    1100:	3f 93       	push	r19
    1102:	4f 93       	push	r20
    1104:	5f 93       	push	r21
    1106:	6f 93       	push	r22
    1108:	7f 93       	push	r23
    110a:	8f 93       	push	r24
    110c:	9f 93       	push	r25
    110e:	af 93       	push	r26
    1110:	bf 93       	push	r27
    1112:	ef 93       	push	r30
    1114:	ff 93       	push	r31
/home/user/.arduino15/packages/MightyCore/hardware/avr/3.0.3/cores/MCUdude_corefiles/HardwareSerial1.cpp:60
  Serial1._tx_udr_empty_irq();
    1116:	88 ec       	ldi	r24, 0xC8	; 200
    1118:	92 e0       	ldi	r25, 0x02	; 2
    111a:	0e 94 c3 01 	call	0x386	; 0x386 <HardwareSerial::_tx_udr_empty_irq()>
/home/user/.arduino15/packages/MightyCore/hardware/avr/3.0.3/cores/MCUdude_corefiles/HardwareSerial1.cpp:61
}
    111e:	ff 91       	pop	r31
    1120:	ef 91       	pop	r30
    1122:	bf 91       	pop	r27
    1124:	af 91       	pop	r26
    1126:	9f 91       	pop	r25
    1128:	8f 91       	pop	r24
    112a:	7f 91       	pop	r23
    112c:	6f 91       	pop	r22
    112e:	5f 91       	pop	r21
    1130:	4f 91       	pop	r20
    1132:	3f 91       	pop	r19
    1134:	2f 91       	pop	r18
    1136:	0f 90       	pop	r0
    1138:	0f be       	out	0x3f, r0	; 63
    113a:	0f 90       	pop	r0
    113c:	1f 90       	pop	r1
    113e:	18 95       	reti

00001140 <__vector_28>:
__vector_28():
/home/user/.arduino15/packages/MightyCore/hardware/avr/3.0.3/cores/MCUdude_corefiles/HardwareSerial1.cpp:48
#elif defined(USART1_RXC_vect)
ISR(USART1_RXC_vect)
#else
#error "Don't know what the Data Register Empty vector is called for Serial1"
#endif
{
    1140:	1f 92       	push	r1
    1142:	0f 92       	push	r0
    1144:	0f b6       	in	r0, 0x3f	; 63
    1146:	0f 92       	push	r0
    1148:	11 24       	eor	r1, r1
    114a:	2f 93       	push	r18
    114c:	8f 93       	push	r24
    114e:	9f 93       	push	r25
    1150:	ef 93       	push	r30
    1152:	ff 93       	push	r31
_rx_complete_irq():
/home/user/.arduino15/packages/MightyCore/hardware/avr/3.0.3/cores/MCUdude_corefiles/HardwareSerial_private.h:100

// Actual interrupt handlers //////////////////////////////////////////////////////////////

void HardwareSerial::_rx_complete_irq(void)
{
  if (bit_is_clear(*_ucsra, UPE0)) {
    1154:	e0 91 d8 02 	lds	r30, 0x02D8	; 0x8002d8 <Serial1+0x10>
    1158:	f0 91 d9 02 	lds	r31, 0x02D9	; 0x8002d9 <Serial1+0x11>
    115c:	80 81       	ld	r24, Z
    115e:	e0 91 de 02 	lds	r30, 0x02DE	; 0x8002de <Serial1+0x16>
    1162:	f0 91 df 02 	lds	r31, 0x02DF	; 0x8002df <Serial1+0x17>
    1166:	82 fd       	sbrc	r24, 2
    1168:	1b c0       	rjmp	.+54     	; 0x11a0 <__vector_28+0x60>
/home/user/.arduino15/packages/MightyCore/hardware/avr/3.0.3/cores/MCUdude_corefiles/HardwareSerial_private.h:103
    // No Parity error, read byte and store it in the buffer if there is
    // room
    unsigned char c = *_udr;
    116a:	90 81       	ld	r25, Z
/home/user/.arduino15/packages/MightyCore/hardware/avr/3.0.3/cores/MCUdude_corefiles/HardwareSerial_private.h:104
    rx_buffer_index_t i = (unsigned int)(_rx_buffer_head + 1) % SERIAL_RX_BUFFER_SIZE;
    116c:	80 91 e1 02 	lds	r24, 0x02E1	; 0x8002e1 <Serial1+0x19>
    1170:	8f 5f       	subi	r24, 0xFF	; 255
    1172:	8f 73       	andi	r24, 0x3F	; 63
/home/user/.arduino15/packages/MightyCore/hardware/avr/3.0.3/cores/MCUdude_corefiles/HardwareSerial_private.h:110

    // if we should be storing the received character into the location
    // just before the tail (meaning that the head would advance to the
    // current location of the tail), we're about to overflow the buffer
    // and so we don't write the character or advance the head.
    if (i != _rx_buffer_tail) {
    1174:	20 91 e2 02 	lds	r18, 0x02E2	; 0x8002e2 <Serial1+0x1a>
    1178:	82 17       	cp	r24, r18
    117a:	41 f0       	breq	.+16     	; 0x118c <__vector_28+0x4c>
/home/user/.arduino15/packages/MightyCore/hardware/avr/3.0.3/cores/MCUdude_corefiles/HardwareSerial_private.h:111
      _rx_buffer[_rx_buffer_head] = c;
    117c:	e0 91 e1 02 	lds	r30, 0x02E1	; 0x8002e1 <Serial1+0x19>
    1180:	f0 e0       	ldi	r31, 0x00	; 0
    1182:	e8 53       	subi	r30, 0x38	; 56
    1184:	fd 4f       	sbci	r31, 0xFD	; 253
    1186:	95 8f       	std	Z+29, r25	; 0x1d
/home/user/.arduino15/packages/MightyCore/hardware/avr/3.0.3/cores/MCUdude_corefiles/HardwareSerial_private.h:112
      _rx_buffer_head = i;
    1188:	80 93 e1 02 	sts	0x02E1, r24	; 0x8002e1 <Serial1+0x19>
__vector_28():
/home/user/.arduino15/packages/MightyCore/hardware/avr/3.0.3/cores/MCUdude_corefiles/HardwareSerial1.cpp:50
  Serial1._rx_complete_irq();
}
    118c:	ff 91       	pop	r31
    118e:	ef 91       	pop	r30
    1190:	9f 91       	pop	r25
    1192:	8f 91       	pop	r24
    1194:	2f 91       	pop	r18
    1196:	0f 90       	pop	r0
    1198:	0f be       	out	0x3f, r0	; 63
    119a:	0f 90       	pop	r0
    119c:	1f 90       	pop	r1
    119e:	18 95       	reti
_rx_complete_irq():
/home/user/.arduino15/packages/MightyCore/hardware/avr/3.0.3/cores/MCUdude_corefiles/HardwareSerial_private.h:116
    }
  } else {
    // Parity error, read byte but discard it
    *_udr;
    11a0:	80 81       	ld	r24, Z
    11a2:	f4 cf       	rjmp	.-24     	; 0x118c <__vector_28+0x4c>

000011a4 <__vector_21>:
__vector_21():
/home/user/.arduino15/packages/MightyCore/hardware/avr/3.0.3/cores/MCUdude_corefiles/HardwareSerial0.cpp:63
#elif defined(USART0_UDRE_vect)
ISR(USART0_UDRE_vect)
#else
  #error "Don't know what the Data Register Empty vector is called for Serial"
#endif
{
    11a4:	1f 92       	push	r1
    11a6:	0f 92       	push	r0
    11a8:	0f b6       	in	r0, 0x3f	; 63
    11aa:	0f 92       	push	r0
    11ac:	11 24       	eor	r1, r1
    11ae:	2f 93       	push	r18
    11b0:	3f 93       	push	r19
    11b2:	4f 93       	push	r20
    11b4:	5f 93       	push	r21
    11b6:	6f 93       	push	r22
    11b8:	7f 93       	push	r23
    11ba:	8f 93       	push	r24
    11bc:	9f 93       	push	r25
    11be:	af 93       	push	r26
    11c0:	bf 93       	push	r27
    11c2:	ef 93       	push	r30
    11c4:	ff 93       	push	r31
/home/user/.arduino15/packages/MightyCore/hardware/avr/3.0.3/cores/MCUdude_corefiles/HardwareSerial0.cpp:64
  Serial._tx_udr_empty_irq();
    11c6:	84 e1       	ldi	r24, 0x14	; 20
    11c8:	92 e0       	ldi	r25, 0x02	; 2
    11ca:	0e 94 c3 01 	call	0x386	; 0x386 <HardwareSerial::_tx_udr_empty_irq()>
/home/user/.arduino15/packages/MightyCore/hardware/avr/3.0.3/cores/MCUdude_corefiles/HardwareSerial0.cpp:65
}
    11ce:	ff 91       	pop	r31
    11d0:	ef 91       	pop	r30
    11d2:	bf 91       	pop	r27
    11d4:	af 91       	pop	r26
    11d6:	9f 91       	pop	r25
    11d8:	8f 91       	pop	r24
    11da:	7f 91       	pop	r23
    11dc:	6f 91       	pop	r22
    11de:	5f 91       	pop	r21
    11e0:	4f 91       	pop	r20
    11e2:	3f 91       	pop	r19
    11e4:	2f 91       	pop	r18
    11e6:	0f 90       	pop	r0
    11e8:	0f be       	out	0x3f, r0	; 63
    11ea:	0f 90       	pop	r0
    11ec:	1f 90       	pop	r1
    11ee:	18 95       	reti

000011f0 <__vector_20>:
__vector_20():
/home/user/.arduino15/packages/MightyCore/hardware/avr/3.0.3/cores/MCUdude_corefiles/HardwareSerial0.cpp:50
#elif defined(USART_RX_vect)
  ISR(USART_RX_vect)
#else
  #error "Don't know what the Data Received vector is called for Serial"
#endif
  {
    11f0:	1f 92       	push	r1
    11f2:	0f 92       	push	r0
    11f4:	0f b6       	in	r0, 0x3f	; 63
    11f6:	0f 92       	push	r0
    11f8:	11 24       	eor	r1, r1
    11fa:	2f 93       	push	r18
    11fc:	8f 93       	push	r24
    11fe:	9f 93       	push	r25
    1200:	ef 93       	push	r30
    1202:	ff 93       	push	r31
_rx_complete_irq():
/home/user/.arduino15/packages/MightyCore/hardware/avr/3.0.3/cores/MCUdude_corefiles/HardwareSerial_private.h:100

// Actual interrupt handlers //////////////////////////////////////////////////////////////

void HardwareSerial::_rx_complete_irq(void)
{
  if (bit_is_clear(*_ucsra, UPE0)) {
    1204:	e0 91 24 02 	lds	r30, 0x0224	; 0x800224 <Serial+0x10>
    1208:	f0 91 25 02 	lds	r31, 0x0225	; 0x800225 <Serial+0x11>
    120c:	80 81       	ld	r24, Z
    120e:	e0 91 2a 02 	lds	r30, 0x022A	; 0x80022a <Serial+0x16>
    1212:	f0 91 2b 02 	lds	r31, 0x022B	; 0x80022b <Serial+0x17>
    1216:	82 fd       	sbrc	r24, 2
    1218:	1b c0       	rjmp	.+54     	; 0x1250 <__vector_20+0x60>
/home/user/.arduino15/packages/MightyCore/hardware/avr/3.0.3/cores/MCUdude_corefiles/HardwareSerial_private.h:103
    // No Parity error, read byte and store it in the buffer if there is
    // room
    unsigned char c = *_udr;
    121a:	90 81       	ld	r25, Z
/home/user/.arduino15/packages/MightyCore/hardware/avr/3.0.3/cores/MCUdude_corefiles/HardwareSerial_private.h:104
    rx_buffer_index_t i = (unsigned int)(_rx_buffer_head + 1) % SERIAL_RX_BUFFER_SIZE;
    121c:	80 91 2d 02 	lds	r24, 0x022D	; 0x80022d <Serial+0x19>
    1220:	8f 5f       	subi	r24, 0xFF	; 255
    1222:	8f 73       	andi	r24, 0x3F	; 63
/home/user/.arduino15/packages/MightyCore/hardware/avr/3.0.3/cores/MCUdude_corefiles/HardwareSerial_private.h:110

    // if we should be storing the received character into the location
    // just before the tail (meaning that the head would advance to the
    // current location of the tail), we're about to overflow the buffer
    // and so we don't write the character or advance the head.
    if (i != _rx_buffer_tail) {
    1224:	20 91 2e 02 	lds	r18, 0x022E	; 0x80022e <Serial+0x1a>
    1228:	82 17       	cp	r24, r18
    122a:	41 f0       	breq	.+16     	; 0x123c <__vector_20+0x4c>
/home/user/.arduino15/packages/MightyCore/hardware/avr/3.0.3/cores/MCUdude_corefiles/HardwareSerial_private.h:111
      _rx_buffer[_rx_buffer_head] = c;
    122c:	e0 91 2d 02 	lds	r30, 0x022D	; 0x80022d <Serial+0x19>
    1230:	f0 e0       	ldi	r31, 0x00	; 0
    1232:	ec 5e       	subi	r30, 0xEC	; 236
    1234:	fd 4f       	sbci	r31, 0xFD	; 253
    1236:	95 8f       	std	Z+29, r25	; 0x1d
/home/user/.arduino15/packages/MightyCore/hardware/avr/3.0.3/cores/MCUdude_corefiles/HardwareSerial_private.h:112
      _rx_buffer_head = i;
    1238:	80 93 2d 02 	sts	0x022D, r24	; 0x80022d <Serial+0x19>
__vector_20():
/home/user/.arduino15/packages/MightyCore/hardware/avr/3.0.3/cores/MCUdude_corefiles/HardwareSerial0.cpp:52
    Serial._rx_complete_irq();
  }
    123c:	ff 91       	pop	r31
    123e:	ef 91       	pop	r30
    1240:	9f 91       	pop	r25
    1242:	8f 91       	pop	r24
    1244:	2f 91       	pop	r18
    1246:	0f 90       	pop	r0
    1248:	0f be       	out	0x3f, r0	; 63
    124a:	0f 90       	pop	r0
    124c:	1f 90       	pop	r1
    124e:	18 95       	reti
_rx_complete_irq():
/home/user/.arduino15/packages/MightyCore/hardware/avr/3.0.3/cores/MCUdude_corefiles/HardwareSerial_private.h:116
    }
  } else {
    // Parity error, read byte but discard it
    *_udr;
    1250:	80 81       	ld	r24, Z
    1252:	f4 cf       	rjmp	.-24     	; 0x123c <__vector_20+0x4c>

00001254 <__vector_18>:
__vector_18():
/home/user/.arduino15/packages/MightyCore/hardware/avr/3.0.3/cores/MCUdude_corefiles/wiring.c:159
#if defined(__AVR_ATtiny24__) || defined(__AVR_ATtiny44__) || defined(__AVR_ATtiny84__)
ISR(TIM0_OVF_vect)
#else
ISR(TIMER0_OVF_vect)
#endif
{
    1254:	1f 92       	push	r1
    1256:	0f 92       	push	r0
    1258:	0f b6       	in	r0, 0x3f	; 63
    125a:	0f 92       	push	r0
    125c:	11 24       	eor	r1, r1
    125e:	2f 93       	push	r18
    1260:	3f 93       	push	r19
    1262:	8f 93       	push	r24
    1264:	9f 93       	push	r25
    1266:	af 93       	push	r26
    1268:	bf 93       	push	r27
/home/user/.arduino15/packages/MightyCore/hardware/avr/3.0.3/cores/MCUdude_corefiles/wiring.c:167
  static unsigned char timer0_exact = 0;
#endif

  // copy these to local variables so they can be stored in registers
  // (volatile variables must be read from memory on every access, so this saves time)
  unsigned long m = timer0_millis;
    126a:	80 91 c2 01 	lds	r24, 0x01C2	; 0x8001c2 <timer0_millis>
    126e:	90 91 c3 01 	lds	r25, 0x01C3	; 0x8001c3 <timer0_millis+0x1>
    1272:	a0 91 c4 01 	lds	r26, 0x01C4	; 0x8001c4 <timer0_millis+0x2>
    1276:	b0 91 c5 01 	lds	r27, 0x01C5	; 0x8001c5 <timer0_millis+0x3>
/home/user/.arduino15/packages/MightyCore/hardware/avr/3.0.3/cores/MCUdude_corefiles/wiring.c:168
  unsigned char f = timer0_fract;
    127a:	30 91 c1 01 	lds	r19, 0x01C1	; 0x8001c1 <timer0_fract>
/home/user/.arduino15/packages/MightyCore/hardware/avr/3.0.3/cores/MCUdude_corefiles/wiring.c:170

  f += FRACT_INC FRACT_INC_PLUS;
    127e:	23 e0       	ldi	r18, 0x03	; 3
    1280:	23 0f       	add	r18, r19
/home/user/.arduino15/packages/MightyCore/hardware/avr/3.0.3/cores/MCUdude_corefiles/wiring.c:200
    ++f;
  }
#endif
#endif // CORRECT_EXACT_MILLIS

  if (f >= FRACT_MAX) {
    1282:	2d 37       	cpi	r18, 0x7D	; 125
    1284:	68 f1       	brcs	.+90     	; 0x12e0 <__vector_18+0x8c>
/home/user/.arduino15/packages/MightyCore/hardware/avr/3.0.3/cores/MCUdude_corefiles/wiring.c:201
    f -= FRACT_MAX;
    1286:	26 e8       	ldi	r18, 0x86	; 134
    1288:	23 0f       	add	r18, r19
/home/user/.arduino15/packages/MightyCore/hardware/avr/3.0.3/cores/MCUdude_corefiles/wiring.c:202
    m += MILLIS_INC + 1;
    128a:	02 96       	adiw	r24, 0x02	; 2
    128c:	a1 1d       	adc	r26, r1
    128e:	b1 1d       	adc	r27, r1
/home/user/.arduino15/packages/MightyCore/hardware/avr/3.0.3/cores/MCUdude_corefiles/wiring.c:208
  }
  else {
    m += MILLIS_INC;
  }

  timer0_fract = f;
    1290:	20 93 c1 01 	sts	0x01C1, r18	; 0x8001c1 <timer0_fract>
/home/user/.arduino15/packages/MightyCore/hardware/avr/3.0.3/cores/MCUdude_corefiles/wiring.c:209
  timer0_millis = m;
    1294:	80 93 c2 01 	sts	0x01C2, r24	; 0x8001c2 <timer0_millis>
    1298:	90 93 c3 01 	sts	0x01C3, r25	; 0x8001c3 <timer0_millis+0x1>
    129c:	a0 93 c4 01 	sts	0x01C4, r26	; 0x8001c4 <timer0_millis+0x2>
    12a0:	b0 93 c5 01 	sts	0x01C5, r27	; 0x8001c5 <timer0_millis+0x3>
/home/user/.arduino15/packages/MightyCore/hardware/avr/3.0.3/cores/MCUdude_corefiles/wiring.c:211
#ifndef CORRECT_EXACT_MICROS
  timer0_overflow_count++;
    12a4:	80 91 c6 01 	lds	r24, 0x01C6	; 0x8001c6 <timer0_overflow_count>
    12a8:	90 91 c7 01 	lds	r25, 0x01C7	; 0x8001c7 <timer0_overflow_count+0x1>
    12ac:	a0 91 c8 01 	lds	r26, 0x01C8	; 0x8001c8 <timer0_overflow_count+0x2>
    12b0:	b0 91 c9 01 	lds	r27, 0x01C9	; 0x8001c9 <timer0_overflow_count+0x3>
    12b4:	01 96       	adiw	r24, 0x01	; 1
    12b6:	a1 1d       	adc	r26, r1
    12b8:	b1 1d       	adc	r27, r1
    12ba:	80 93 c6 01 	sts	0x01C6, r24	; 0x8001c6 <timer0_overflow_count>
    12be:	90 93 c7 01 	sts	0x01C7, r25	; 0x8001c7 <timer0_overflow_count+0x1>
    12c2:	a0 93 c8 01 	sts	0x01C8, r26	; 0x8001c8 <timer0_overflow_count+0x2>
    12c6:	b0 93 c9 01 	sts	0x01C9, r27	; 0x8001c9 <timer0_overflow_count+0x3>
/home/user/.arduino15/packages/MightyCore/hardware/avr/3.0.3/cores/MCUdude_corefiles/wiring.c:213
#endif
}
    12ca:	bf 91       	pop	r27
    12cc:	af 91       	pop	r26
    12ce:	9f 91       	pop	r25
    12d0:	8f 91       	pop	r24
    12d2:	3f 91       	pop	r19
    12d4:	2f 91       	pop	r18
    12d6:	0f 90       	pop	r0
    12d8:	0f be       	out	0x3f, r0	; 63
    12da:	0f 90       	pop	r0
    12dc:	1f 90       	pop	r1
    12de:	18 95       	reti
/home/user/.arduino15/packages/MightyCore/hardware/avr/3.0.3/cores/MCUdude_corefiles/wiring.c:205
  if (f >= FRACT_MAX) {
    f -= FRACT_MAX;
    m += MILLIS_INC + 1;
  }
  else {
    m += MILLIS_INC;
    12e0:	01 96       	adiw	r24, 0x01	; 1
    12e2:	a1 1d       	adc	r26, r1
    12e4:	b1 1d       	adc	r27, r1
    12e6:	d4 cf       	rjmp	.-88     	; 0x1290 <__vector_18+0x3c>

000012e8 <__vector_3>:
__vector_3():
/home/user/.arduino15/packages/MightyCore/hardware/avr/3.0.3/cores/MCUdude_corefiles/WInterrupts.c:471
|| defined(__AVR_ATmega324P__)    || defined(__AVR_ATmega324PA__) || defined(__AVR_ATmega324PB__) \
|| defined(__AVR_ATmega644__)     || defined(__AVR_ATmega644P__)  || defined(__AVR_ATmega1284__)  \
|| defined(__AVR_ATmega1284P__)
  IMPLEMENT_ISR(INT0_vect, EXTERNAL_INT_0)
  IMPLEMENT_ISR(INT1_vect, EXTERNAL_INT_1)
  IMPLEMENT_ISR(INT2_vect, EXTERNAL_INT_2)
    12e8:	1f 92       	push	r1
    12ea:	0f 92       	push	r0
    12ec:	0f b6       	in	r0, 0x3f	; 63
    12ee:	0f 92       	push	r0
    12f0:	11 24       	eor	r1, r1
    12f2:	2f 93       	push	r18
    12f4:	3f 93       	push	r19
    12f6:	4f 93       	push	r20
    12f8:	5f 93       	push	r21
    12fa:	6f 93       	push	r22
    12fc:	7f 93       	push	r23
    12fe:	8f 93       	push	r24
    1300:	9f 93       	push	r25
    1302:	af 93       	push	r26
    1304:	bf 93       	push	r27
    1306:	ef 93       	push	r30
    1308:	ff 93       	push	r31
    130a:	e0 91 04 01 	lds	r30, 0x0104	; 0x800104 <__data_start+0x4>
    130e:	f0 91 05 01 	lds	r31, 0x0105	; 0x800105 <__data_start+0x5>
    1312:	09 95       	icall
    1314:	ff 91       	pop	r31
    1316:	ef 91       	pop	r30
    1318:	bf 91       	pop	r27
    131a:	af 91       	pop	r26
    131c:	9f 91       	pop	r25
    131e:	8f 91       	pop	r24
    1320:	7f 91       	pop	r23
    1322:	6f 91       	pop	r22
    1324:	5f 91       	pop	r21
    1326:	4f 91       	pop	r20
    1328:	3f 91       	pop	r19
    132a:	2f 91       	pop	r18
    132c:	0f 90       	pop	r0
    132e:	0f be       	out	0x3f, r0	; 63
    1330:	0f 90       	pop	r0
    1332:	1f 90       	pop	r1
    1334:	18 95       	reti

00001336 <__vector_2>:
__vector_2():
/home/user/.arduino15/packages/MightyCore/hardware/avr/3.0.3/cores/MCUdude_corefiles/WInterrupts.c:470
#elif defined(__AVR_ATmega164A__) || defined(__AVR_ATmega164P__)  || defined(__AVR_ATmega324A__)  \
|| defined(__AVR_ATmega324P__)    || defined(__AVR_ATmega324PA__) || defined(__AVR_ATmega324PB__) \
|| defined(__AVR_ATmega644__)     || defined(__AVR_ATmega644P__)  || defined(__AVR_ATmega1284__)  \
|| defined(__AVR_ATmega1284P__)
  IMPLEMENT_ISR(INT0_vect, EXTERNAL_INT_0)
  IMPLEMENT_ISR(INT1_vect, EXTERNAL_INT_1)
    1336:	1f 92       	push	r1
    1338:	0f 92       	push	r0
    133a:	0f b6       	in	r0, 0x3f	; 63
    133c:	0f 92       	push	r0
    133e:	11 24       	eor	r1, r1
    1340:	2f 93       	push	r18
    1342:	3f 93       	push	r19
    1344:	4f 93       	push	r20
    1346:	5f 93       	push	r21
    1348:	6f 93       	push	r22
    134a:	7f 93       	push	r23
    134c:	8f 93       	push	r24
    134e:	9f 93       	push	r25
    1350:	af 93       	push	r26
    1352:	bf 93       	push	r27
    1354:	ef 93       	push	r30
    1356:	ff 93       	push	r31
    1358:	e0 91 02 01 	lds	r30, 0x0102	; 0x800102 <__data_start+0x2>
    135c:	f0 91 03 01 	lds	r31, 0x0103	; 0x800103 <__data_start+0x3>
    1360:	09 95       	icall
    1362:	ff 91       	pop	r31
    1364:	ef 91       	pop	r30
    1366:	bf 91       	pop	r27
    1368:	af 91       	pop	r26
    136a:	9f 91       	pop	r25
    136c:	8f 91       	pop	r24
    136e:	7f 91       	pop	r23
    1370:	6f 91       	pop	r22
    1372:	5f 91       	pop	r21
    1374:	4f 91       	pop	r20
    1376:	3f 91       	pop	r19
    1378:	2f 91       	pop	r18
    137a:	0f 90       	pop	r0
    137c:	0f be       	out	0x3f, r0	; 63
    137e:	0f 90       	pop	r0
    1380:	1f 90       	pop	r1
    1382:	18 95       	reti

00001384 <__vector_1>:
__vector_1():
/home/user/.arduino15/packages/MightyCore/hardware/avr/3.0.3/cores/MCUdude_corefiles/WInterrupts.c:469
// ATmega164A/P, ATmega324A/P/PA/PB, ATmega644/P, ATmega1284/P
#elif defined(__AVR_ATmega164A__) || defined(__AVR_ATmega164P__)  || defined(__AVR_ATmega324A__)  \
|| defined(__AVR_ATmega324P__)    || defined(__AVR_ATmega324PA__) || defined(__AVR_ATmega324PB__) \
|| defined(__AVR_ATmega644__)     || defined(__AVR_ATmega644P__)  || defined(__AVR_ATmega1284__)  \
|| defined(__AVR_ATmega1284P__)
  IMPLEMENT_ISR(INT0_vect, EXTERNAL_INT_0)
    1384:	1f 92       	push	r1
    1386:	0f 92       	push	r0
    1388:	0f b6       	in	r0, 0x3f	; 63
    138a:	0f 92       	push	r0
    138c:	11 24       	eor	r1, r1
    138e:	2f 93       	push	r18
    1390:	3f 93       	push	r19
    1392:	4f 93       	push	r20
    1394:	5f 93       	push	r21
    1396:	6f 93       	push	r22
    1398:	7f 93       	push	r23
    139a:	8f 93       	push	r24
    139c:	9f 93       	push	r25
    139e:	af 93       	push	r26
    13a0:	bf 93       	push	r27
    13a2:	ef 93       	push	r30
    13a4:	ff 93       	push	r31
    13a6:	e0 91 00 01 	lds	r30, 0x0100	; 0x800100 <__data_start>
    13aa:	f0 91 01 01 	lds	r31, 0x0101	; 0x800101 <__data_start+0x1>
    13ae:	09 95       	icall
    13b0:	ff 91       	pop	r31
    13b2:	ef 91       	pop	r30
    13b4:	bf 91       	pop	r27
    13b6:	af 91       	pop	r26
    13b8:	9f 91       	pop	r25
    13ba:	8f 91       	pop	r24
    13bc:	7f 91       	pop	r23
    13be:	6f 91       	pop	r22
    13c0:	5f 91       	pop	r21
    13c2:	4f 91       	pop	r20
    13c4:	3f 91       	pop	r19
    13c6:	2f 91       	pop	r18
    13c8:	0f 90       	pop	r0
    13ca:	0f be       	out	0x3f, r0	; 63
    13cc:	0f 90       	pop	r0
    13ce:	1f 90       	pop	r1
    13d0:	18 95       	reti

000013d2 <__vector_26>:
__vector_26():
/home/user/.arduino15/packages/MightyCore/hardware/avr/3.0.3/libraries/Wire/src/utility/twi.c:534
  }
  return(flag);
}

ISR(TWI_vect)
{
    13d2:	1f 92       	push	r1
    13d4:	0f 92       	push	r0
    13d6:	0f b6       	in	r0, 0x3f	; 63
    13d8:	0f 92       	push	r0
    13da:	11 24       	eor	r1, r1
    13dc:	2f 93       	push	r18
    13de:	3f 93       	push	r19
    13e0:	4f 93       	push	r20
    13e2:	5f 93       	push	r21
    13e4:	6f 93       	push	r22
    13e6:	7f 93       	push	r23
    13e8:	8f 93       	push	r24
    13ea:	9f 93       	push	r25
    13ec:	af 93       	push	r26
    13ee:	bf 93       	push	r27
    13f0:	ef 93       	push	r30
    13f2:	ff 93       	push	r31
/home/user/.arduino15/packages/MightyCore/hardware/avr/3.0.3/libraries/Wire/src/utility/twi.c:535
  switch(TW_STATUS){
    13f4:	80 91 b9 00 	lds	r24, 0x00B9	; 0x8000b9 <__DATA_REGION_ORIGIN__+0x59>
    13f8:	88 7f       	andi	r24, 0xF8	; 248
    13fa:	80 36       	cpi	r24, 0x60	; 96
    13fc:	09 f4       	brne	.+2      	; 0x1400 <__vector_26+0x2e>
    13fe:	4a c0       	rjmp	.+148    	; 0x1494 <__vector_26+0xc2>
    1400:	f0 f5       	brcc	.+124    	; 0x147e <__vector_26+0xac>
    1402:	88 32       	cpi	r24, 0x28	; 40
    1404:	09 f4       	brne	.+2      	; 0x1408 <__vector_26+0x36>
    1406:	a7 c0       	rjmp	.+334    	; 0x1556 <__vector_26+0x184>
    1408:	18 f5       	brcc	.+70     	; 0x1450 <__vector_26+0x7e>
    140a:	80 31       	cpi	r24, 0x10	; 16
    140c:	09 f4       	brne	.+2      	; 0x1410 <__vector_26+0x3e>
    140e:	9b c0       	rjmp	.+310    	; 0x1546 <__vector_26+0x174>
    1410:	b8 f4       	brcc	.+46     	; 0x1440 <__vector_26+0x6e>
    1412:	88 23       	and	r24, r24
    1414:	09 f4       	brne	.+2      	; 0x1418 <__vector_26+0x46>
    1416:	05 c1       	rjmp	.+522    	; 0x1622 <__vector_26+0x250>
    1418:	88 30       	cpi	r24, 0x08	; 8
    141a:	09 f4       	brne	.+2      	; 0x141e <__vector_26+0x4c>
    141c:	94 c0       	rjmp	.+296    	; 0x1546 <__vector_26+0x174>
/home/user/.arduino15/packages/MightyCore/hardware/avr/3.0.3/libraries/Wire/src/utility/twi.c:696
    case TW_BUS_ERROR: // bus error, illegal stop/start
      twi_error = TW_BUS_ERROR;
      twi_stop();
      break;
  }
}
    141e:	ff 91       	pop	r31
    1420:	ef 91       	pop	r30
    1422:	bf 91       	pop	r27
    1424:	af 91       	pop	r26
    1426:	9f 91       	pop	r25
    1428:	8f 91       	pop	r24
    142a:	7f 91       	pop	r23
    142c:	6f 91       	pop	r22
    142e:	5f 91       	pop	r21
    1430:	4f 91       	pop	r20
    1432:	3f 91       	pop	r19
    1434:	2f 91       	pop	r18
    1436:	0f 90       	pop	r0
    1438:	0f be       	out	0x3f, r0	; 63
    143a:	0f 90       	pop	r0
    143c:	1f 90       	pop	r1
    143e:	18 95       	reti
/home/user/.arduino15/packages/MightyCore/hardware/avr/3.0.3/libraries/Wire/src/utility/twi.c:535
  return(flag);
}

ISR(TWI_vect)
{
  switch(TW_STATUS){
    1440:	88 31       	cpi	r24, 0x18	; 24
    1442:	09 f4       	brne	.+2      	; 0x1446 <__vector_26+0x74>
    1444:	88 c0       	rjmp	.+272    	; 0x1556 <__vector_26+0x184>
    1446:	80 32       	cpi	r24, 0x20	; 32
    1448:	51 f7       	brne	.-44     	; 0x141e <__vector_26+0x4c>
/home/user/.arduino15/packages/MightyCore/hardware/avr/3.0.3/libraries/Wire/src/utility/twi.c:570
    case TW_MT_SLA_NACK:  // address sent, nack received
      twi_error = TW_MT_SLA_NACK;
      twi_stop();
      break;
    case TW_MT_DATA_NACK: // data sent, nack received
      twi_error = TW_MT_DATA_NACK;
    144a:	80 93 f1 01 	sts	0x01F1, r24	; 0x8001f1 <twi_error>
    144e:	14 c0       	rjmp	.+40     	; 0x1478 <__vector_26+0xa6>
/home/user/.arduino15/packages/MightyCore/hardware/avr/3.0.3/libraries/Wire/src/utility/twi.c:535
  return(flag);
}

ISR(TWI_vect)
{
  switch(TW_STATUS){
    1450:	80 34       	cpi	r24, 0x40	; 64
    1452:	09 f4       	brne	.+2      	; 0x1456 <__vector_26+0x84>
    1454:	a5 c0       	rjmp	.+330    	; 0x15a0 <__vector_26+0x1ce>
    1456:	40 f4       	brcc	.+16     	; 0x1468 <__vector_26+0x96>
    1458:	80 33       	cpi	r24, 0x30	; 48
    145a:	b9 f3       	breq	.-18     	; 0x144a <__vector_26+0x78>
    145c:	88 33       	cpi	r24, 0x38	; 56
    145e:	f9 f6       	brne	.-66     	; 0x141e <__vector_26+0x4c>
/home/user/.arduino15/packages/MightyCore/hardware/avr/3.0.3/libraries/Wire/src/utility/twi.c:574
    case TW_MT_DATA_NACK: // data sent, nack received
      twi_error = TW_MT_DATA_NACK;
      twi_stop();
      break;
    case TW_MT_ARB_LOST: // lost bus arbitration
      twi_error = TW_MT_ARB_LOST;
    1460:	80 93 f1 01 	sts	0x01F1, r24	; 0x8001f1 <twi_error>
twi_reply():
/home/user/.arduino15/packages/MightyCore/hardware/avr/3.0.3/libraries/Wire/src/utility/twi.c:421
 */
void twi_reply(uint8_t ack)
{
  // transmit master read ready signal, with or without ack
  if(ack){
    TWCR = _BV(TWEN) | _BV(TWIE) | _BV(TWINT) | _BV(TWEA);
    1464:	85 ec       	ldi	r24, 0xC5	; 197
    1466:	bc c0       	rjmp	.+376    	; 0x15e0 <__vector_26+0x20e>
__vector_26():
/home/user/.arduino15/packages/MightyCore/hardware/avr/3.0.3/libraries/Wire/src/utility/twi.c:535
  return(flag);
}

ISR(TWI_vect)
{
  switch(TW_STATUS){
    1468:	80 35       	cpi	r24, 0x50	; 80
    146a:	09 f4       	brne	.+2      	; 0x146e <__vector_26+0x9c>
    146c:	89 c0       	rjmp	.+274    	; 0x1580 <__vector_26+0x1ae>
    146e:	88 35       	cpi	r24, 0x58	; 88
    1470:	09 f4       	brne	.+2      	; 0x1474 <__vector_26+0xa2>
    1472:	9e c0       	rjmp	.+316    	; 0x15b0 <__vector_26+0x1de>
    1474:	88 34       	cpi	r24, 0x48	; 72
    1476:	99 f6       	brne	.-90     	; 0x141e <__vector_26+0x4c>
/home/user/.arduino15/packages/MightyCore/hardware/avr/3.0.3/libraries/Wire/src/utility/twi.c:693
    // All
    case TW_NO_INFO:   // no state information
      break;
    case TW_BUS_ERROR: // bus error, illegal stop/start
      twi_error = TW_BUS_ERROR;
      twi_stop();
    1478:	0e 94 85 03 	call	0x70a	; 0x70a <twi_stop>
    147c:	d0 cf       	rjmp	.-96     	; 0x141e <__vector_26+0x4c>
/home/user/.arduino15/packages/MightyCore/hardware/avr/3.0.3/libraries/Wire/src/utility/twi.c:535
  return(flag);
}

ISR(TWI_vect)
{
  switch(TW_STATUS){
    147e:	88 39       	cpi	r24, 0x98	; 152
    1480:	09 f4       	brne	.+2      	; 0x1484 <__vector_26+0xb2>
    1482:	94 c0       	rjmp	.+296    	; 0x15ac <__vector_26+0x1da>
    1484:	38 f5       	brcc	.+78     	; 0x14d4 <__vector_26+0x102>
    1486:	88 37       	cpi	r24, 0x78	; 120
    1488:	29 f0       	breq	.+10     	; 0x1494 <__vector_26+0xc2>
    148a:	50 f4       	brcc	.+20     	; 0x14a0 <__vector_26+0xce>
    148c:	88 36       	cpi	r24, 0x68	; 104
    148e:	11 f0       	breq	.+4      	; 0x1494 <__vector_26+0xc2>
    1490:	80 37       	cpi	r24, 0x70	; 112
    1492:	29 f6       	brne	.-118    	; 0x141e <__vector_26+0x4c>
/home/user/.arduino15/packages/MightyCore/hardware/avr/3.0.3/libraries/Wire/src/utility/twi.c:616
    case TW_SR_SLA_ACK:   // addressed, returned ack
    case TW_SR_GCALL_ACK: // addressed generally, returned ack
    case TW_SR_ARB_LOST_SLA_ACK:   // lost arbitration, returned ack
    case TW_SR_ARB_LOST_GCALL_ACK: // lost arbitration, returned ack
      // enter slave receiver mode
      twi_state = TWI_SRX;
    1494:	83 e0       	ldi	r24, 0x03	; 3
    1496:	80 93 b7 02 	sts	0x02B7, r24	; 0x8002b7 <twi_state>
/home/user/.arduino15/packages/MightyCore/hardware/avr/3.0.3/libraries/Wire/src/utility/twi.c:618
      // indicate that rx buffer can be overwritten and ack
      twi_rxBufferIndex = 0;
    149a:	10 92 c0 01 	sts	0x01C0, r1	; 0x8001c0 <twi_rxBufferIndex>
    149e:	57 c0       	rjmp	.+174    	; 0x154e <__vector_26+0x17c>
/home/user/.arduino15/packages/MightyCore/hardware/avr/3.0.3/libraries/Wire/src/utility/twi.c:535
  return(flag);
}

ISR(TWI_vect)
{
  switch(TW_STATUS){
    14a0:	88 38       	cpi	r24, 0x88	; 136
    14a2:	09 f4       	brne	.+2      	; 0x14a6 <__vector_26+0xd4>
    14a4:	83 c0       	rjmp	.+262    	; 0x15ac <__vector_26+0x1da>
    14a6:	80 39       	cpi	r24, 0x90	; 144
    14a8:	19 f0       	breq	.+6      	; 0x14b0 <__vector_26+0xde>
    14aa:	80 38       	cpi	r24, 0x80	; 128
    14ac:	09 f0       	breq	.+2      	; 0x14b0 <__vector_26+0xde>
    14ae:	b7 cf       	rjmp	.-146    	; 0x141e <__vector_26+0x4c>
/home/user/.arduino15/packages/MightyCore/hardware/avr/3.0.3/libraries/Wire/src/utility/twi.c:624
      twi_reply(1);
      break;
    case TW_SR_DATA_ACK:       // data received, returned ack
    case TW_SR_GCALL_DATA_ACK: // data received generally, returned ack
      // if there is still room in the rx buffer
      if(twi_rxBufferIndex < TWI_BUFFER_SIZE){
    14b0:	80 91 c0 01 	lds	r24, 0x01C0	; 0x8001c0 <twi_rxBufferIndex>
    14b4:	80 32       	cpi	r24, 0x20	; 32
    14b6:	08 f0       	brcs	.+2      	; 0x14ba <__vector_26+0xe8>
    14b8:	79 c0       	rjmp	.+242    	; 0x15ac <__vector_26+0x1da>
/home/user/.arduino15/packages/MightyCore/hardware/avr/3.0.3/libraries/Wire/src/utility/twi.c:626
        // put byte in buffer and ack
        twi_rxBuffer[twi_rxBufferIndex++] = TWDR;
    14ba:	e0 91 c0 01 	lds	r30, 0x01C0	; 0x8001c0 <twi_rxBufferIndex>
    14be:	81 e0       	ldi	r24, 0x01	; 1
    14c0:	8e 0f       	add	r24, r30
    14c2:	80 93 c0 01 	sts	0x01C0, r24	; 0x8001c0 <twi_rxBufferIndex>
    14c6:	80 91 bb 00 	lds	r24, 0x00BB	; 0x8000bb <__DATA_REGION_ORIGIN__+0x5b>
    14ca:	f0 e0       	ldi	r31, 0x00	; 0
    14cc:	e0 56       	subi	r30, 0x60	; 96
    14ce:	fe 4f       	sbci	r31, 0xFE	; 254
    14d0:	80 83       	st	Z, r24
    14d2:	3d c0       	rjmp	.+122    	; 0x154e <__vector_26+0x17c>
/home/user/.arduino15/packages/MightyCore/hardware/avr/3.0.3/libraries/Wire/src/utility/twi.c:535
  return(flag);
}

ISR(TWI_vect)
{
  switch(TW_STATUS){
    14d4:	80 3b       	cpi	r24, 0xB0	; 176
    14d6:	39 f0       	breq	.+14     	; 0x14e6 <__vector_26+0x114>
    14d8:	e0 f4       	brcc	.+56     	; 0x1512 <__vector_26+0x140>
    14da:	80 3a       	cpi	r24, 0xA0	; 160
    14dc:	09 f4       	brne	.+2      	; 0x14e0 <__vector_26+0x10e>
    14de:	85 c0       	rjmp	.+266    	; 0x15ea <__vector_26+0x218>
    14e0:	88 3a       	cpi	r24, 0xA8	; 168
    14e2:	09 f0       	breq	.+2      	; 0x14e6 <__vector_26+0x114>
    14e4:	9c cf       	rjmp	.-200    	; 0x141e <__vector_26+0x4c>
/home/user/.arduino15/packages/MightyCore/hardware/avr/3.0.3/libraries/Wire/src/utility/twi.c:655

    // Slave Transmitter
    case TW_ST_SLA_ACK:          // addressed, returned ack
    case TW_ST_ARB_LOST_SLA_ACK: // arbitration lost, returned ack
      // enter slave transmitter mode
      twi_state = TWI_STX;
    14e6:	84 e0       	ldi	r24, 0x04	; 4
    14e8:	80 93 b7 02 	sts	0x02B7, r24	; 0x8002b7 <twi_state>
/home/user/.arduino15/packages/MightyCore/hardware/avr/3.0.3/libraries/Wire/src/utility/twi.c:657
      // ready the tx buffer index for iteration
      twi_txBufferIndex = 0;
    14ec:	10 92 9f 01 	sts	0x019F, r1	; 0x80019f <twi_txBufferIndex>
/home/user/.arduino15/packages/MightyCore/hardware/avr/3.0.3/libraries/Wire/src/utility/twi.c:659
      // set tx buffer length to be zero, to verify if user changes it
      twi_txBufferLength = 0;
    14f0:	10 92 9e 01 	sts	0x019E, r1	; 0x80019e <twi_txBufferLength>
/home/user/.arduino15/packages/MightyCore/hardware/avr/3.0.3/libraries/Wire/src/utility/twi.c:662
      // request for txBuffer to be filled and length to be set
      // note: user must call twi_transmit(bytes, length) to do this
      twi_onSlaveTransmit();
    14f4:	e0 91 b3 02 	lds	r30, 0x02B3	; 0x8002b3 <twi_onSlaveTransmit>
    14f8:	f0 91 b4 02 	lds	r31, 0x02B4	; 0x8002b4 <twi_onSlaveTransmit+0x1>
    14fc:	09 95       	icall
/home/user/.arduino15/packages/MightyCore/hardware/avr/3.0.3/libraries/Wire/src/utility/twi.c:664
      // if they didn't change buffer & length, initialize it
      if(0 == twi_txBufferLength){
    14fe:	80 91 9e 01 	lds	r24, 0x019E	; 0x80019e <twi_txBufferLength>
    1502:	81 11       	cpse	r24, r1
    1504:	0f c0       	rjmp	.+30     	; 0x1524 <__vector_26+0x152>
/home/user/.arduino15/packages/MightyCore/hardware/avr/3.0.3/libraries/Wire/src/utility/twi.c:665
        twi_txBufferLength = 1;
    1506:	81 e0       	ldi	r24, 0x01	; 1
    1508:	80 93 9e 01 	sts	0x019E, r24	; 0x80019e <twi_txBufferLength>
/home/user/.arduino15/packages/MightyCore/hardware/avr/3.0.3/libraries/Wire/src/utility/twi.c:666
        twi_txBuffer[0] = 0x00;
    150c:	10 92 7e 01 	sts	0x017E, r1	; 0x80017e <twi_txBuffer>
    1510:	09 c0       	rjmp	.+18     	; 0x1524 <__vector_26+0x152>
/home/user/.arduino15/packages/MightyCore/hardware/avr/3.0.3/libraries/Wire/src/utility/twi.c:535
  return(flag);
}

ISR(TWI_vect)
{
  switch(TW_STATUS){
    1512:	80 3c       	cpi	r24, 0xC0	; 192
    1514:	09 f4       	brne	.+2      	; 0x1518 <__vector_26+0x146>
    1516:	a6 cf       	rjmp	.-180    	; 0x1464 <__vector_26+0x92>
    1518:	88 3c       	cpi	r24, 0xC8	; 200
    151a:	09 f4       	brne	.+2      	; 0x151e <__vector_26+0x14c>
    151c:	a3 cf       	rjmp	.-186    	; 0x1464 <__vector_26+0x92>
    151e:	88 3b       	cpi	r24, 0xB8	; 184
    1520:	09 f0       	breq	.+2      	; 0x1524 <__vector_26+0x152>
    1522:	7d cf       	rjmp	.-262    	; 0x141e <__vector_26+0x4c>
/home/user/.arduino15/packages/MightyCore/hardware/avr/3.0.3/libraries/Wire/src/utility/twi.c:672
      }
      // transmit first byte from buffer, fall
      /* fall through */
    case TW_ST_DATA_ACK: // byte sent, ack returned
      // copy data to output register
      TWDR = twi_txBuffer[twi_txBufferIndex++];
    1524:	e0 91 9f 01 	lds	r30, 0x019F	; 0x80019f <twi_txBufferIndex>
    1528:	81 e0       	ldi	r24, 0x01	; 1
    152a:	8e 0f       	add	r24, r30
    152c:	80 93 9f 01 	sts	0x019F, r24	; 0x80019f <twi_txBufferIndex>
    1530:	f0 e0       	ldi	r31, 0x00	; 0
    1532:	e2 58       	subi	r30, 0x82	; 130
    1534:	fe 4f       	sbci	r31, 0xFE	; 254
    1536:	80 81       	ld	r24, Z
    1538:	80 93 bb 00 	sts	0x00BB, r24	; 0x8000bb <__DATA_REGION_ORIGIN__+0x5b>
/home/user/.arduino15/packages/MightyCore/hardware/avr/3.0.3/libraries/Wire/src/utility/twi.c:674
      // if there is more to send, ack, otherwise nack
      if(twi_txBufferIndex < twi_txBufferLength){
    153c:	90 91 9f 01 	lds	r25, 0x019F	; 0x80019f <twi_txBufferIndex>
    1540:	80 91 9e 01 	lds	r24, 0x019E	; 0x80019e <twi_txBufferLength>
    1544:	31 c0       	rjmp	.+98     	; 0x15a8 <__vector_26+0x1d6>
/home/user/.arduino15/packages/MightyCore/hardware/avr/3.0.3/libraries/Wire/src/utility/twi.c:540
  switch(TW_STATUS){
    // All Master
    case TW_START:     // sent start condition
    case TW_REP_START: // sent repeated start condition
      // copy device address and r/w bit to output register and ack
      TWDR = twi_slarw;
    1546:	80 91 ec 01 	lds	r24, 0x01EC	; 0x8001ec <twi_slarw>
/home/user/.arduino15/packages/MightyCore/hardware/avr/3.0.3/libraries/Wire/src/utility/twi.c:550
    case TW_MT_SLA_ACK:  // slave receiver acked address
    case TW_MT_DATA_ACK: // slave receiver acked data
      // if there is data to send, send it, otherwise stop
      if(twi_masterBufferIndex < twi_masterBufferLength){
        // copy data to output register and ack
        TWDR = twi_masterBuffer[twi_masterBufferIndex++];
    154a:	80 93 bb 00 	sts	0x00BB, r24	; 0x8000bb <__DATA_REGION_ORIGIN__+0x5b>
twi_reply():
/home/user/.arduino15/packages/MightyCore/hardware/avr/3.0.3/libraries/Wire/src/utility/twi.c:421
 */
void twi_reply(uint8_t ack)
{
  // transmit master read ready signal, with or without ack
  if(ack){
    TWCR = _BV(TWEN) | _BV(TWIE) | _BV(TWINT) | _BV(TWEA);
    154e:	85 ec       	ldi	r24, 0xC5	; 197
/home/user/.arduino15/packages/MightyCore/hardware/avr/3.0.3/libraries/Wire/src/utility/twi.c:423
  }else{
    TWCR = _BV(TWEN) | _BV(TWIE) | _BV(TWINT);
    1550:	80 93 bc 00 	sts	0x00BC, r24	; 0x8000bc <__DATA_REGION_ORIGIN__+0x5c>
    1554:	64 cf       	rjmp	.-312    	; 0x141e <__vector_26+0x4c>
__vector_26():
/home/user/.arduino15/packages/MightyCore/hardware/avr/3.0.3/libraries/Wire/src/utility/twi.c:548

    // Master Transmitter
    case TW_MT_SLA_ACK:  // slave receiver acked address
    case TW_MT_DATA_ACK: // slave receiver acked data
      // if there is data to send, send it, otherwise stop
      if(twi_masterBufferIndex < twi_masterBufferLength){
    1556:	90 91 ee 01 	lds	r25, 0x01EE	; 0x8001ee <twi_masterBufferIndex>
    155a:	80 91 ed 01 	lds	r24, 0x01ED	; 0x8001ed <twi_masterBufferLength>
    155e:	98 17       	cp	r25, r24
    1560:	b8 f5       	brcc	.+110    	; 0x15d0 <__vector_26+0x1fe>
/home/user/.arduino15/packages/MightyCore/hardware/avr/3.0.3/libraries/Wire/src/utility/twi.c:550
        // copy data to output register and ack
        TWDR = twi_masterBuffer[twi_masterBufferIndex++];
    1562:	80 91 ef 01 	lds	r24, 0x01EF	; 0x8001ef <twi_masterBuffer>
    1566:	90 91 f0 01 	lds	r25, 0x01F0	; 0x8001f0 <twi_masterBuffer+0x1>
    156a:	e0 91 ee 01 	lds	r30, 0x01EE	; 0x8001ee <twi_masterBufferIndex>
    156e:	21 e0       	ldi	r18, 0x01	; 1
    1570:	2e 0f       	add	r18, r30
    1572:	20 93 ee 01 	sts	0x01EE, r18	; 0x8001ee <twi_masterBufferIndex>
    1576:	e8 0f       	add	r30, r24
    1578:	f9 2f       	mov	r31, r25
    157a:	f1 1d       	adc	r31, r1
    157c:	80 81       	ld	r24, Z
    157e:	e5 cf       	rjmp	.-54     	; 0x154a <__vector_26+0x178>
/home/user/.arduino15/packages/MightyCore/hardware/avr/3.0.3/libraries/Wire/src/utility/twi.c:581
      break;

    // Master Receiver
    case TW_MR_DATA_ACK: // data received, ack sent
      // put byte into buffer
      twi_masterBuffer[twi_masterBufferIndex++] = TWDR;
    1580:	20 91 ef 01 	lds	r18, 0x01EF	; 0x8001ef <twi_masterBuffer>
    1584:	30 91 f0 01 	lds	r19, 0x01F0	; 0x8001f0 <twi_masterBuffer+0x1>
    1588:	e0 91 ee 01 	lds	r30, 0x01EE	; 0x8001ee <twi_masterBufferIndex>
    158c:	81 e0       	ldi	r24, 0x01	; 1
    158e:	8e 0f       	add	r24, r30
    1590:	80 93 ee 01 	sts	0x01EE, r24	; 0x8001ee <twi_masterBufferIndex>
    1594:	80 91 bb 00 	lds	r24, 0x00BB	; 0x8000bb <__DATA_REGION_ORIGIN__+0x5b>
    1598:	e2 0f       	add	r30, r18
    159a:	f3 2f       	mov	r31, r19
    159c:	f1 1d       	adc	r31, r1
    159e:	80 83       	st	Z, r24
/home/user/.arduino15/packages/MightyCore/hardware/avr/3.0.3/libraries/Wire/src/utility/twi.c:585
      /* fall through */
    case TW_MR_SLA_ACK:  // address sent, ack received
      // ack if more bytes are expected, otherwise nack
      if(twi_masterBufferIndex < twi_masterBufferLength){
    15a0:	90 91 ee 01 	lds	r25, 0x01EE	; 0x8001ee <twi_masterBufferIndex>
    15a4:	80 91 ed 01 	lds	r24, 0x01ED	; 0x8001ed <twi_masterBufferLength>
/home/user/.arduino15/packages/MightyCore/hardware/avr/3.0.3/libraries/Wire/src/utility/twi.c:674
      /* fall through */
    case TW_ST_DATA_ACK: // byte sent, ack returned
      // copy data to output register
      TWDR = twi_txBuffer[twi_txBufferIndex++];
      // if there is more to send, ack, otherwise nack
      if(twi_txBufferIndex < twi_txBufferLength){
    15a8:	98 17       	cp	r25, r24
    15aa:	88 f2       	brcs	.-94     	; 0x154e <__vector_26+0x17c>
twi_reply():
/home/user/.arduino15/packages/MightyCore/hardware/avr/3.0.3/libraries/Wire/src/utility/twi.c:423
{
  // transmit master read ready signal, with or without ack
  if(ack){
    TWCR = _BV(TWEN) | _BV(TWIE) | _BV(TWINT) | _BV(TWEA);
  }else{
    TWCR = _BV(TWEN) | _BV(TWIE) | _BV(TWINT);
    15ac:	85 e8       	ldi	r24, 0x85	; 133
    15ae:	d0 cf       	rjmp	.-96     	; 0x1550 <__vector_26+0x17e>
__vector_26():
/home/user/.arduino15/packages/MightyCore/hardware/avr/3.0.3/libraries/Wire/src/utility/twi.c:593
        twi_reply(0);
      }
      break;
    case TW_MR_DATA_NACK: // data received, nack sent
      // put final byte into buffer
      twi_masterBuffer[twi_masterBufferIndex++] = TWDR;
    15b0:	20 91 ef 01 	lds	r18, 0x01EF	; 0x8001ef <twi_masterBuffer>
    15b4:	30 91 f0 01 	lds	r19, 0x01F0	; 0x8001f0 <twi_masterBuffer+0x1>
    15b8:	e0 91 ee 01 	lds	r30, 0x01EE	; 0x8001ee <twi_masterBufferIndex>
    15bc:	81 e0       	ldi	r24, 0x01	; 1
    15be:	8e 0f       	add	r24, r30
    15c0:	80 93 ee 01 	sts	0x01EE, r24	; 0x8001ee <twi_masterBufferIndex>
    15c4:	80 91 bb 00 	lds	r24, 0x00BB	; 0x8000bb <__DATA_REGION_ORIGIN__+0x5b>
    15c8:	e2 0f       	add	r30, r18
    15ca:	f3 2f       	mov	r31, r19
    15cc:	f1 1d       	adc	r31, r1
    15ce:	80 83       	st	Z, r24
/home/user/.arduino15/packages/MightyCore/hardware/avr/3.0.3/libraries/Wire/src/utility/twi.c:594
  if (twi_sendStop)
    15d0:	80 91 b6 02 	lds	r24, 0x02B6	; 0x8002b6 <twi_sendStop>
    15d4:	81 11       	cpse	r24, r1
    15d6:	50 cf       	rjmp	.-352    	; 0x1478 <__vector_26+0xa6>
/home/user/.arduino15/packages/MightyCore/hardware/avr/3.0.3/libraries/Wire/src/utility/twi.c:597
          twi_stop();
  else {
    twi_inRepStart = true;  // we're going to send the START
    15d8:	81 e0       	ldi	r24, 0x01	; 1
    15da:	80 93 b5 02 	sts	0x02B5, r24	; 0x8002b5 <twi_inRepStart>
/home/user/.arduino15/packages/MightyCore/hardware/avr/3.0.3/libraries/Wire/src/utility/twi.c:601
    // don't enable the interrupt. We'll generate the start, but we
    // avoid handling the interrupt until we're in the next transaction,
    // at the point where we would normally issue the start.
    TWCR = _BV(TWINT) | _BV(TWSTA)| _BV(TWEN) ;
    15de:	84 ea       	ldi	r24, 0xA4	; 164
twi_reply():
/home/user/.arduino15/packages/MightyCore/hardware/avr/3.0.3/libraries/Wire/src/utility/twi.c:421
 */
void twi_reply(uint8_t ack)
{
  // transmit master read ready signal, with or without ack
  if(ack){
    TWCR = _BV(TWEN) | _BV(TWIE) | _BV(TWINT) | _BV(TWEA);
    15e0:	80 93 bc 00 	sts	0x00BC, r24	; 0x8000bc <__DATA_REGION_ORIGIN__+0x5c>
__vector_26():
/home/user/.arduino15/packages/MightyCore/hardware/avr/3.0.3/libraries/Wire/src/utility/twi.c:685
    case TW_ST_DATA_NACK: // received nack, we are done
    case TW_ST_LAST_DATA: // received ack, but we are done already!
      // ack future responses
      twi_reply(1);
      // leave slave receiver state
      twi_state = TWI_READY;
    15e4:	10 92 b7 02 	sts	0x02B7, r1	; 0x8002b7 <twi_state>
    15e8:	1a cf       	rjmp	.-460    	; 0x141e <__vector_26+0x4c>
twi_releaseBus():
/home/user/.arduino15/packages/MightyCore/hardware/avr/3.0.3/libraries/Wire/src/utility/twi.c:474
 * Output   none
 */
void twi_releaseBus(void)
{
  // release bus
  TWCR = _BV(TWEN) | _BV(TWIE) | _BV(TWEA) | _BV(TWINT);
    15ea:	85 ec       	ldi	r24, 0xC5	; 197
    15ec:	80 93 bc 00 	sts	0x00BC, r24	; 0x8000bc <__DATA_REGION_ORIGIN__+0x5c>
/home/user/.arduino15/packages/MightyCore/hardware/avr/3.0.3/libraries/Wire/src/utility/twi.c:477

  // update twi state
  twi_state = TWI_READY;
    15f0:	10 92 b7 02 	sts	0x02B7, r1	; 0x8002b7 <twi_state>
__vector_26():
/home/user/.arduino15/packages/MightyCore/hardware/avr/3.0.3/libraries/Wire/src/utility/twi.c:637
      break;
    case TW_SR_STOP: // stop or repeated start condition received
      // ack future responses and leave slave receiver state
      twi_releaseBus();
      // put a null char after data if there's room
      if(twi_rxBufferIndex < TWI_BUFFER_SIZE){
    15f4:	80 91 c0 01 	lds	r24, 0x01C0	; 0x8001c0 <twi_rxBufferIndex>
    15f8:	80 32       	cpi	r24, 0x20	; 32
    15fa:	30 f4       	brcc	.+12     	; 0x1608 <__vector_26+0x236>
/home/user/.arduino15/packages/MightyCore/hardware/avr/3.0.3/libraries/Wire/src/utility/twi.c:638
        twi_rxBuffer[twi_rxBufferIndex] = '\0';
    15fc:	e0 91 c0 01 	lds	r30, 0x01C0	; 0x8001c0 <twi_rxBufferIndex>
    1600:	f0 e0       	ldi	r31, 0x00	; 0
    1602:	e0 56       	subi	r30, 0x60	; 96
    1604:	fe 4f       	sbci	r31, 0xFE	; 254
    1606:	10 82       	st	Z, r1
/home/user/.arduino15/packages/MightyCore/hardware/avr/3.0.3/libraries/Wire/src/utility/twi.c:641
      }
      // callback to user defined callback
      twi_onSlaveReceive(twi_rxBuffer, twi_rxBufferIndex);
    1608:	60 91 c0 01 	lds	r22, 0x01C0	; 0x8001c0 <twi_rxBufferIndex>
    160c:	70 e0       	ldi	r23, 0x00	; 0
    160e:	e0 91 b1 02 	lds	r30, 0x02B1	; 0x8002b1 <twi_onSlaveReceive>
    1612:	f0 91 b2 02 	lds	r31, 0x02B2	; 0x8002b2 <twi_onSlaveReceive+0x1>
    1616:	80 ea       	ldi	r24, 0xA0	; 160
    1618:	91 e0       	ldi	r25, 0x01	; 1
    161a:	09 95       	icall
/home/user/.arduino15/packages/MightyCore/hardware/avr/3.0.3/libraries/Wire/src/utility/twi.c:643
      // since we submit rx buffer to "wire" library, we can reset it
      twi_rxBufferIndex = 0;
    161c:	10 92 c0 01 	sts	0x01C0, r1	; 0x8001c0 <twi_rxBufferIndex>
    1620:	fe ce       	rjmp	.-516    	; 0x141e <__vector_26+0x4c>
/home/user/.arduino15/packages/MightyCore/hardware/avr/3.0.3/libraries/Wire/src/utility/twi.c:692

    // All
    case TW_NO_INFO:   // no state information
      break;
    case TW_BUS_ERROR: // bus error, illegal stop/start
      twi_error = TW_BUS_ERROR;
    1622:	10 92 f1 01 	sts	0x01F1, r1	; 0x8001f1 <twi_error>
    1626:	28 cf       	rjmp	.-432    	; 0x1478 <__vector_26+0xa6>

00001628 <EEPROMClass::read(int) [clone .isra.0] [clone .lto_priv.66]>:
operator*():
/home/user/.arduino15/packages/MightyCore/hardware/avr/3.0.3/libraries/EEPROM/src/EEPROM.h:42

    EERef( const int index )
        : index( index )                 {}
    
    //Access/read members.
    uint8_t operator*() const            { return eeprom_read_byte( (uint8_t*) index ); }
    1628:	0c 94 0e 13 	jmp	0x261c	; 0x261c <eeprom_read_byte>

0000162c <global constructors keyed to 65535_0_CMDParser.cpp.o.3207>:
_GLOBAL__I_65535_0_CMDParser.cpp.o.3207():
    162c:	cf 92       	push	r12
    162e:	df 92       	push	r13
    1630:	ef 92       	push	r14
    1632:	ff 92       	push	r15
    1634:	0f 93       	push	r16
    1636:	1f 93       	push	r17
    1638:	cf 93       	push	r28
    163a:	df 93       	push	r29
    163c:	cd b7       	in	r28, 0x3d	; 61
    163e:	de b7       	in	r29, 0x3e	; 62
    1640:	28 97       	sbiw	r28, 0x08	; 8
    1642:	0f b6       	in	r0, 0x3f	; 63
    1644:	f8 94       	cli
    1646:	de bf       	out	0x3e, r29	; 62
    1648:	0f be       	out	0x3f, r0	; 63
    164a:	cd bf       	out	0x3d, r28	; 61
    164c:	10 92 cb 02 	sts	0x02CB, r1	; 0x8002cb <Serial1+0x3>
    1650:	10 92 ca 02 	sts	0x02CA, r1	; 0x8002ca <Serial1+0x2>
    1654:	88 ee       	ldi	r24, 0xE8	; 232
    1656:	93 e0       	ldi	r25, 0x03	; 3
    1658:	a0 e0       	ldi	r26, 0x00	; 0
    165a:	b0 e0       	ldi	r27, 0x00	; 0
    165c:	80 93 cc 02 	sts	0x02CC, r24	; 0x8002cc <Serial1+0x4>
    1660:	90 93 cd 02 	sts	0x02CD, r25	; 0x8002cd <Serial1+0x5>
    1664:	a0 93 ce 02 	sts	0x02CE, r26	; 0x8002ce <Serial1+0x6>
    1668:	b0 93 cf 02 	sts	0x02CF, r27	; 0x8002cf <Serial1+0x7>
    166c:	20 e1       	ldi	r18, 0x10	; 16
    166e:	31 e0       	ldi	r19, 0x01	; 1
    1670:	30 93 c9 02 	sts	0x02C9, r19	; 0x8002c9 <Serial1+0x1>
    1674:	20 93 c8 02 	sts	0x02C8, r18	; 0x8002c8 <Serial1>
    1678:	4d ec       	ldi	r20, 0xCD	; 205
    167a:	50 e0       	ldi	r21, 0x00	; 0
    167c:	50 93 d5 02 	sts	0x02D5, r21	; 0x8002d5 <Serial1+0xd>
    1680:	40 93 d4 02 	sts	0x02D4, r20	; 0x8002d4 <Serial1+0xc>
    1684:	4c ec       	ldi	r20, 0xCC	; 204
    1686:	50 e0       	ldi	r21, 0x00	; 0
    1688:	50 93 d7 02 	sts	0x02D7, r21	; 0x8002d7 <Serial1+0xf>
    168c:	40 93 d6 02 	sts	0x02D6, r20	; 0x8002d6 <Serial1+0xe>
    1690:	48 ec       	ldi	r20, 0xC8	; 200
    1692:	50 e0       	ldi	r21, 0x00	; 0
    1694:	50 93 d9 02 	sts	0x02D9, r21	; 0x8002d9 <Serial1+0x11>
    1698:	40 93 d8 02 	sts	0x02D8, r20	; 0x8002d8 <Serial1+0x10>
    169c:	49 ec       	ldi	r20, 0xC9	; 201
    169e:	50 e0       	ldi	r21, 0x00	; 0
    16a0:	50 93 db 02 	sts	0x02DB, r21	; 0x8002db <Serial1+0x13>
    16a4:	40 93 da 02 	sts	0x02DA, r20	; 0x8002da <Serial1+0x12>
    16a8:	4a ec       	ldi	r20, 0xCA	; 202
    16aa:	50 e0       	ldi	r21, 0x00	; 0
    16ac:	50 93 dd 02 	sts	0x02DD, r21	; 0x8002dd <Serial1+0x15>
    16b0:	40 93 dc 02 	sts	0x02DC, r20	; 0x8002dc <Serial1+0x14>
    16b4:	4e ec       	ldi	r20, 0xCE	; 206
    16b6:	50 e0       	ldi	r21, 0x00	; 0
    16b8:	50 93 df 02 	sts	0x02DF, r21	; 0x8002df <Serial1+0x17>
    16bc:	40 93 de 02 	sts	0x02DE, r20	; 0x8002de <Serial1+0x16>
    16c0:	10 92 e1 02 	sts	0x02E1, r1	; 0x8002e1 <Serial1+0x19>
    16c4:	10 92 e2 02 	sts	0x02E2, r1	; 0x8002e2 <Serial1+0x1a>
    16c8:	10 92 e3 02 	sts	0x02E3, r1	; 0x8002e3 <Serial1+0x1b>
    16cc:	10 92 e4 02 	sts	0x02E4, r1	; 0x8002e4 <Serial1+0x1c>
    16d0:	10 92 17 02 	sts	0x0217, r1	; 0x800217 <Serial+0x3>
    16d4:	10 92 16 02 	sts	0x0216, r1	; 0x800216 <Serial+0x2>
    16d8:	80 93 18 02 	sts	0x0218, r24	; 0x800218 <Serial+0x4>
    16dc:	90 93 19 02 	sts	0x0219, r25	; 0x800219 <Serial+0x5>
    16e0:	a0 93 1a 02 	sts	0x021A, r26	; 0x80021a <Serial+0x6>
    16e4:	b0 93 1b 02 	sts	0x021B, r27	; 0x80021b <Serial+0x7>
    16e8:	30 93 15 02 	sts	0x0215, r19	; 0x800215 <Serial+0x1>
    16ec:	20 93 14 02 	sts	0x0214, r18	; 0x800214 <Serial>
    16f0:	25 ec       	ldi	r18, 0xC5	; 197
    16f2:	30 e0       	ldi	r19, 0x00	; 0
    16f4:	30 93 21 02 	sts	0x0221, r19	; 0x800221 <Serial+0xd>
    16f8:	20 93 20 02 	sts	0x0220, r18	; 0x800220 <Serial+0xc>
    16fc:	24 ec       	ldi	r18, 0xC4	; 196
    16fe:	30 e0       	ldi	r19, 0x00	; 0
    1700:	30 93 23 02 	sts	0x0223, r19	; 0x800223 <Serial+0xf>
    1704:	20 93 22 02 	sts	0x0222, r18	; 0x800222 <Serial+0xe>
    1708:	20 ec       	ldi	r18, 0xC0	; 192
    170a:	30 e0       	ldi	r19, 0x00	; 0
    170c:	30 93 25 02 	sts	0x0225, r19	; 0x800225 <Serial+0x11>
    1710:	20 93 24 02 	sts	0x0224, r18	; 0x800224 <Serial+0x10>
    1714:	21 ec       	ldi	r18, 0xC1	; 193
    1716:	30 e0       	ldi	r19, 0x00	; 0
    1718:	30 93 27 02 	sts	0x0227, r19	; 0x800227 <Serial+0x13>
    171c:	20 93 26 02 	sts	0x0226, r18	; 0x800226 <Serial+0x12>
    1720:	22 ec       	ldi	r18, 0xC2	; 194
    1722:	30 e0       	ldi	r19, 0x00	; 0
    1724:	30 93 29 02 	sts	0x0229, r19	; 0x800229 <Serial+0x15>
    1728:	20 93 28 02 	sts	0x0228, r18	; 0x800228 <Serial+0x14>
    172c:	26 ec       	ldi	r18, 0xC6	; 198
    172e:	30 e0       	ldi	r19, 0x00	; 0
    1730:	30 93 2b 02 	sts	0x022B, r19	; 0x80022b <Serial+0x17>
    1734:	20 93 2a 02 	sts	0x022A, r18	; 0x80022a <Serial+0x16>
    1738:	10 92 2d 02 	sts	0x022D, r1	; 0x80022d <Serial+0x19>
    173c:	10 92 2e 02 	sts	0x022E, r1	; 0x80022e <Serial+0x1a>
    1740:	10 92 2f 02 	sts	0x022F, r1	; 0x80022f <Serial+0x1b>
    1744:	10 92 30 02 	sts	0x0230, r1	; 0x800230 <Serial+0x1c>
    1748:	10 92 bf 02 	sts	0x02BF, r1	; 0x8002bf <Wire+0x3>
    174c:	10 92 be 02 	sts	0x02BE, r1	; 0x8002be <Wire+0x2>
    1750:	80 93 c0 02 	sts	0x02C0, r24	; 0x8002c0 <Wire+0x4>
    1754:	90 93 c1 02 	sts	0x02C1, r25	; 0x8002c1 <Wire+0x5>
    1758:	a0 93 c2 02 	sts	0x02C2, r26	; 0x8002c2 <Wire+0x6>
    175c:	b0 93 c3 02 	sts	0x02C3, r27	; 0x8002c3 <Wire+0x7>
    1760:	82 e2       	ldi	r24, 0x22	; 34
    1762:	91 e0       	ldi	r25, 0x01	; 1
    1764:	90 93 bd 02 	sts	0x02BD, r25	; 0x8002bd <Wire+0x1>
    1768:	80 93 bc 02 	sts	0x02BC, r24	; 0x8002bc <Wire>
    176c:	10 92 cd 03 	sts	0x03CD, r1	; 0x8003cd <feeder+0x6>
    1770:	10 92 cf 03 	sts	0x03CF, r1	; 0x8003cf <feeder+0x8>
    1774:	10 92 ce 03 	sts	0x03CE, r1	; 0x8003ce <feeder+0x7>
    1778:	10 92 d3 03 	sts	0x03D3, r1	; 0x8003d3 <feeder+0xc>
    177c:	10 92 d2 03 	sts	0x03D2, r1	; 0x8003d2 <feeder+0xb>
    1780:	10 92 d5 03 	sts	0x03D5, r1	; 0x8003d5 <feeder+0xe>
    1784:	10 92 d4 03 	sts	0x03D4, r1	; 0x8003d4 <feeder+0xd>
    1788:	10 92 c7 03 	sts	0x03C7, r1	; 0x8003c7 <feeder>
    178c:	10 92 c8 03 	sts	0x03C8, r1	; 0x8003c8 <feeder+0x1>
    1790:	10 92 c9 03 	sts	0x03C9, r1	; 0x8003c9 <feeder+0x2>
    1794:	10 92 ca 03 	sts	0x03CA, r1	; 0x8003ca <feeder+0x3>
    1798:	81 e0       	ldi	r24, 0x01	; 1
    179a:	90 e0       	ldi	r25, 0x00	; 0
    179c:	90 93 cc 03 	sts	0x03CC, r25	; 0x8003cc <feeder+0x5>
    17a0:	80 93 cb 03 	sts	0x03CB, r24	; 0x8003cb <feeder+0x4>
    17a4:	61 e0       	ldi	r22, 0x01	; 1
    17a6:	8c e0       	ldi	r24, 0x0C	; 12
    17a8:	0e 94 e5 02 	call	0x5ca	; 0x5ca <pinMode>
    17ac:	61 e0       	ldi	r22, 0x01	; 1
    17ae:	8d e0       	ldi	r24, 0x0D	; 13
    17b0:	0e 94 e5 02 	call	0x5ca	; 0x5ca <pinMode>
    17b4:	60 e0       	ldi	r22, 0x00	; 0
    17b6:	8c e0       	ldi	r24, 0x0C	; 12
    17b8:	0e 94 b7 02 	call	0x56e	; 0x56e <digitalWrite>
    17bc:	60 e0       	ldi	r22, 0x00	; 0
    17be:	8d e0       	ldi	r24, 0x0D	; 13
    17c0:	0e 94 b7 02 	call	0x56e	; 0x56e <digitalWrite>
    17c4:	87 ec       	ldi	r24, 0xC7	; 199
    17c6:	93 e0       	ldi	r25, 0x03	; 3
    17c8:	90 93 66 03 	sts	0x0366, r25	; 0x800366 <Ration::instance+0x1>
    17cc:	80 93 65 03 	sts	0x0365, r24	; 0x800365 <Ration::instance>
    17d0:	60 e0       	ldi	r22, 0x00	; 0
    17d2:	8b e0       	ldi	r24, 0x0B	; 11
    17d4:	0e 94 e5 02 	call	0x5ca	; 0x5ca <pinMode>
    17d8:	60 e0       	ldi	r22, 0x00	; 0
    17da:	8a e0       	ldi	r24, 0x0A	; 10
    17dc:	0e 94 e5 02 	call	0x5ca	; 0x5ca <pinMode>
    17e0:	82 e5       	ldi	r24, 0x52	; 82
    17e2:	94 e0       	ldi	r25, 0x04	; 4
    17e4:	90 93 03 01 	sts	0x0103, r25	; 0x800103 <__data_start+0x3>
    17e8:	80 93 02 01 	sts	0x0102, r24	; 0x800102 <__data_start+0x2>
    17ec:	80 91 69 00 	lds	r24, 0x0069	; 0x800069 <__DATA_REGION_ORIGIN__+0x9>
    17f0:	83 7f       	andi	r24, 0xF3	; 243
    17f2:	88 60       	ori	r24, 0x08	; 8
    17f4:	80 93 69 00 	sts	0x0069, r24	; 0x800069 <__DATA_REGION_ORIGIN__+0x9>
    17f8:	e9 9a       	sbi	0x1d, 1	; 29
    17fa:	88 e3       	ldi	r24, 0x38	; 56
    17fc:	94 e0       	ldi	r25, 0x04	; 4
    17fe:	90 93 01 01 	sts	0x0101, r25	; 0x800101 <__data_start+0x1>
    1802:	80 93 00 01 	sts	0x0100, r24	; 0x800100 <__data_start>
    1806:	80 91 69 00 	lds	r24, 0x0069	; 0x800069 <__DATA_REGION_ORIGIN__+0x9>
    180a:	8c 7f       	andi	r24, 0xFC	; 252
    180c:	82 60       	ori	r24, 0x02	; 2
    180e:	80 93 69 00 	sts	0x0069, r24	; 0x800069 <__DATA_REGION_ORIGIN__+0x9>
    1812:	e8 9a       	sbi	0x1d, 0	; 29
    1814:	90 e0       	ldi	r25, 0x00	; 0
    1816:	80 e0       	ldi	r24, 0x00	; 0
    1818:	0e 94 14 0b 	call	0x1628	; 0x1628 <EEPROMClass::read(int) [clone .isra.0] [clone .lto_priv.66]>
    181c:	90 e0       	ldi	r25, 0x00	; 0
    181e:	90 93 cf 03 	sts	0x03CF, r25	; 0x8003cf <feeder+0x8>
    1822:	80 93 ce 03 	sts	0x03CE, r24	; 0x8003ce <feeder+0x7>
    1826:	81 e0       	ldi	r24, 0x01	; 1
    1828:	90 e0       	ldi	r25, 0x00	; 0
    182a:	0e 94 14 0b 	call	0x1628	; 0x1628 <EEPROMClass::read(int) [clone .isra.0] [clone .lto_priv.66]>
    182e:	90 e0       	ldi	r25, 0x00	; 0
    1830:	90 93 d1 03 	sts	0x03D1, r25	; 0x8003d1 <feeder+0xa>
    1834:	80 93 d0 03 	sts	0x03D0, r24	; 0x8003d0 <feeder+0x9>
    1838:	60 eb       	ldi	r22, 0xB0	; 176
    183a:	71 e0       	ldi	r23, 0x01	; 1
    183c:	88 ec       	ldi	r24, 0xC8	; 200
    183e:	92 e0       	ldi	r25, 0x02	; 2
    1840:	0e 94 21 01 	call	0x242	; 0x242 <Print::print(__FlashStringHelper const*)>
    1844:	60 91 ce 03 	lds	r22, 0x03CE	; 0x8003ce <feeder+0x7>
    1848:	70 91 cf 03 	lds	r23, 0x03CF	; 0x8003cf <feeder+0x8>
    184c:	90 e0       	ldi	r25, 0x00	; 0
    184e:	80 e0       	ldi	r24, 0x00	; 0
    1850:	4a e0       	ldi	r20, 0x0A	; 10
    1852:	0e 94 9a 05 	call	0xb34	; 0xb34 <Print::printNumber(unsigned long, unsigned char) [clone .constprop.46]>
    1856:	88 ec       	ldi	r24, 0xC8	; 200
    1858:	92 e0       	ldi	r25, 0x02	; 2
    185a:	0e 94 e7 05 	call	0xbce	; 0xbce <Print::println()>
    185e:	8f ef       	ldi	r24, 0xFF	; 255
    1860:	80 93 ad 03 	sts	0x03AD, r24	; 0x8003ad <rtc>
    1864:	10 92 ae 03 	sts	0x03AE, r1	; 0x8003ae <rtc+0x1>
    1868:	10 92 bb 02 	sts	0x02BB, r1	; 0x8002bb <TwoWire::rxBufferIndex>
    186c:	10 92 ba 02 	sts	0x02BA, r1	; 0x8002ba <TwoWire::rxBufferLength>
    1870:	10 92 b9 02 	sts	0x02B9, r1	; 0x8002b9 <TwoWire::txBufferIndex>
    1874:	10 92 b8 02 	sts	0x02B8, r1	; 0x8002b8 <TwoWire::txBufferLength>
    1878:	10 92 b7 02 	sts	0x02B7, r1	; 0x8002b7 <twi_state>
    187c:	81 e0       	ldi	r24, 0x01	; 1
    187e:	80 93 b6 02 	sts	0x02B6, r24	; 0x8002b6 <twi_sendStop>
    1882:	10 92 b5 02 	sts	0x02B5, r1	; 0x8002b5 <twi_inRepStart>
    1886:	61 e0       	ldi	r22, 0x01	; 1
    1888:	81 e1       	ldi	r24, 0x11	; 17
    188a:	0e 94 b7 02 	call	0x56e	; 0x56e <digitalWrite>
    188e:	61 e0       	ldi	r22, 0x01	; 1
    1890:	80 e1       	ldi	r24, 0x10	; 16
    1892:	0e 94 b7 02 	call	0x56e	; 0x56e <digitalWrite>
    1896:	80 91 b9 00 	lds	r24, 0x00B9	; 0x8000b9 <__DATA_REGION_ORIGIN__+0x59>
    189a:	8e 7f       	andi	r24, 0xFE	; 254
    189c:	80 93 b9 00 	sts	0x00B9, r24	; 0x8000b9 <__DATA_REGION_ORIGIN__+0x59>
    18a0:	80 91 b9 00 	lds	r24, 0x00B9	; 0x8000b9 <__DATA_REGION_ORIGIN__+0x59>
    18a4:	8d 7f       	andi	r24, 0xFD	; 253
    18a6:	80 93 b9 00 	sts	0x00B9, r24	; 0x8000b9 <__DATA_REGION_ORIGIN__+0x59>
    18aa:	88 e4       	ldi	r24, 0x48	; 72
    18ac:	80 93 b8 00 	sts	0x00B8, r24	; 0x8000b8 <__DATA_REGION_ORIGIN__+0x58>
    18b0:	85 e4       	ldi	r24, 0x45	; 69
    18b2:	80 93 bc 00 	sts	0x00BC, r24	; 0x8000bc <__DATA_REGION_ORIGIN__+0x5c>
    18b6:	81 e1       	ldi	r24, 0x11	; 17
    18b8:	91 e0       	ldi	r25, 0x01	; 1
    18ba:	90 93 b4 02 	sts	0x02B4, r25	; 0x8002b4 <twi_onSlaveTransmit+0x1>
    18be:	80 93 b3 02 	sts	0x02B3, r24	; 0x8002b3 <twi_onSlaveTransmit>
    18c2:	82 e1       	ldi	r24, 0x12	; 18
    18c4:	91 e0       	ldi	r25, 0x01	; 1
    18c6:	90 93 b2 02 	sts	0x02B2, r25	; 0x8002b2 <twi_onSlaveReceive+0x1>
    18ca:	80 93 b1 02 	sts	0x02B1, r24	; 0x8002b1 <twi_onSlaveReceive>
    18ce:	8d ea       	ldi	r24, 0xAD	; 173
    18d0:	c8 2e       	mov	r12, r24
    18d2:	83 e0       	ldi	r24, 0x03	; 3
    18d4:	d8 2e       	mov	r13, r24
    18d6:	76 01       	movw	r14, r12
    18d8:	0b e0       	ldi	r16, 0x0B	; 11
    18da:	10 e0       	ldi	r17, 0x00	; 0
    18dc:	c8 01       	movw	r24, r16
    18de:	01 97       	sbiw	r24, 0x01	; 1
    18e0:	0e 94 14 0b 	call	0x1628	; 0x1628 <EEPROMClass::read(int) [clone .isra.0] [clone .lto_priv.66]>
    18e4:	f7 01       	movw	r30, r14
    18e6:	82 83       	std	Z+2, r24	; 0x02
    18e8:	c8 01       	movw	r24, r16
    18ea:	0e 94 14 0b 	call	0x1628	; 0x1628 <EEPROMClass::read(int) [clone .isra.0] [clone .lto_priv.66]>
    18ee:	f7 01       	movw	r30, r14
    18f0:	83 83       	std	Z+3, r24	; 0x03
    18f2:	c8 01       	movw	r24, r16
    18f4:	01 96       	adiw	r24, 0x01	; 1
    18f6:	0e 94 14 0b 	call	0x1628	; 0x1628 <EEPROMClass::read(int) [clone .isra.0] [clone .lto_priv.66]>
    18fa:	91 e0       	ldi	r25, 0x01	; 1
    18fc:	81 11       	cpse	r24, r1
    18fe:	01 c0       	rjmp	.+2      	; 0x1902 <global constructors keyed to 65535_0_CMDParser.cpp.o.3207+0x2d6>
    1900:	90 e0       	ldi	r25, 0x00	; 0
    1902:	f7 01       	movw	r30, r14
    1904:	94 83       	std	Z+4, r25	; 0x04
    1906:	15 82       	std	Z+5, r1	; 0x05
    1908:	f4 e0       	ldi	r31, 0x04	; 4
    190a:	ef 0e       	add	r14, r31
    190c:	f1 1c       	adc	r15, r1
    190e:	0d 5f       	subi	r16, 0xFD	; 253
    1910:	1f 4f       	sbci	r17, 0xFF	; 255
    1912:	04 31       	cpi	r16, 0x14	; 20
    1914:	11 05       	cpc	r17, r1
    1916:	11 f7       	brne	.-60     	; 0x18dc <global constructors keyed to 65535_0_CMDParser.cpp.o.3207+0x2b0>
    1918:	10 92 ae 03 	sts	0x03AE, r1	; 0x8003ae <rtc+0x1>
    191c:	29 eb       	ldi	r18, 0xB9	; 185
    191e:	33 e0       	ldi	r19, 0x03	; 3
    1920:	80 e0       	ldi	r24, 0x00	; 0
    1922:	f6 01       	movw	r30, r12
    1924:	16 86       	std	Z+14, r1	; 0x0e
    1926:	17 86       	std	Z+15, r1	; 0x0f
    1928:	10 8a       	std	Z+16, r1	; 0x10
    192a:	11 8a       	std	Z+17, r1	; 0x11
    192c:	94 81       	ldd	r25, Z+4	; 0x04
    192e:	91 11       	cpse	r25, r1
    1930:	8f 5f       	subi	r24, 0xFF	; 255
    1932:	f4 e0       	ldi	r31, 0x04	; 4
    1934:	cf 0e       	add	r12, r31
    1936:	d1 1c       	adc	r13, r1
    1938:	2c 15       	cp	r18, r12
    193a:	3d 05       	cpc	r19, r13
    193c:	91 f7       	brne	.-28     	; 0x1922 <global constructors keyed to 65535_0_CMDParser.cpp.o.3207+0x2f6>
    193e:	82 30       	cpi	r24, 0x02	; 2
    1940:	08 f0       	brcs	.+2      	; 0x1944 <global constructors keyed to 65535_0_CMDParser.cpp.o.3207+0x318>
    1942:	65 c0       	rjmp	.+202    	; 0x1a0e <global constructors keyed to 65535_0_CMDParser.cpp.o.3207+0x3e2>
    1944:	80 93 ae 03 	sts	0x03AE, r24	; 0x8003ae <rtc+0x1>
    1948:	63 e3       	ldi	r22, 0x33	; 51
    194a:	71 e0       	ldi	r23, 0x01	; 1
    194c:	8d e6       	ldi	r24, 0x6D	; 109
    194e:	93 e0       	ldi	r25, 0x03	; 3
    1950:	0e 94 08 08 	call	0x1010	; 0x1010 <String::String(char const*)>
    1954:	6e e3       	ldi	r22, 0x3E	; 62
    1956:	71 e0       	ldi	r23, 0x01	; 1
    1958:	83 e7       	ldi	r24, 0x73	; 115
    195a:	93 e0       	ldi	r25, 0x03	; 3
    195c:	0e 94 08 08 	call	0x1010	; 0x1010 <String::String(char const*)>
    1960:	10 92 7a 03 	sts	0x037A, r1	; 0x80037a <gsm+0xd>
    1964:	10 92 79 03 	sts	0x0379, r1	; 0x800379 <gsm+0xc>
    1968:	10 92 80 03 	sts	0x0380, r1	; 0x800380 <gsm+0x13>
    196c:	10 92 7f 03 	sts	0x037F, r1	; 0x80037f <gsm+0x12>
    1970:	10 92 82 03 	sts	0x0382, r1	; 0x800382 <gsm+0x15>
    1974:	10 92 81 03 	sts	0x0381, r1	; 0x800381 <gsm+0x14>
    1978:	10 92 83 03 	sts	0x0383, r1	; 0x800383 <gsm+0x16>
    197c:	10 92 84 03 	sts	0x0384, r1	; 0x800384 <gsm+0x17>
    1980:	10 92 85 03 	sts	0x0385, r1	; 0x800385 <gsm+0x18>
    1984:	10 92 86 03 	sts	0x0386, r1	; 0x800386 <gsm+0x19>
    1988:	10 92 87 03 	sts	0x0387, r1	; 0x800387 <gsm+0x1a>
    198c:	10 92 88 03 	sts	0x0388, r1	; 0x800388 <gsm+0x1b>
    1990:	10 92 8a 03 	sts	0x038A, r1	; 0x80038a <gsm+0x1d>
    1994:	10 92 89 03 	sts	0x0389, r1	; 0x800389 <gsm+0x1c>
    1998:	10 92 ab 03 	sts	0x03AB, r1	; 0x8003ab <gsm+0x3e>
    199c:	10 92 ac 03 	sts	0x03AC, r1	; 0x8003ac <gsm+0x3f>
    19a0:	10 92 7c 03 	sts	0x037C, r1	; 0x80037c <gsm+0xf>
    19a4:	10 92 7b 03 	sts	0x037B, r1	; 0x80037b <gsm+0xe>
    19a8:	62 e3       	ldi	r22, 0x32	; 50
    19aa:	71 e0       	ldi	r23, 0x01	; 1
    19ac:	ce 01       	movw	r24, r28
    19ae:	01 96       	adiw	r24, 0x01	; 1
    19b0:	0e 94 08 08 	call	0x1010	; 0x1010 <String::String(char const*)>
    19b4:	88 e2       	ldi	r24, 0x28	; 40
    19b6:	90 e0       	ldi	r25, 0x00	; 0
    19b8:	0e 94 14 0b 	call	0x1628	; 0x1628 <EEPROMClass::read(int) [clone .isra.0] [clone .lto_priv.66]>
    19bc:	09 e2       	ldi	r16, 0x29	; 41
    19be:	10 e0       	ldi	r17, 0x00	; 0
    19c0:	88 23       	and	r24, r24
    19c2:	39 f1       	breq	.+78     	; 0x1a12 <global constructors keyed to 65535_0_CMDParser.cpp.o.3207+0x3e6>
    19c4:	09 32       	cpi	r16, 0x29	; 41
    19c6:	94 e0       	ldi	r25, 0x04	; 4
    19c8:	19 07       	cpc	r17, r25
    19ca:	19 f1       	breq	.+70     	; 0x1a12 <global constructors keyed to 65535_0_CMDParser.cpp.o.3207+0x3e6>
    19cc:	8f 83       	std	Y+7, r24	; 0x07
    19ce:	18 86       	std	Y+8, r1	; 0x08
    19d0:	ed 80       	ldd	r14, Y+5	; 0x05
    19d2:	fe 80       	ldd	r15, Y+6	; 0x06
    19d4:	ef ef       	ldi	r30, 0xFF	; 255
    19d6:	ee 1a       	sub	r14, r30
    19d8:	fe 0a       	sbc	r15, r30
    19da:	b7 01       	movw	r22, r14
    19dc:	ce 01       	movw	r24, r28
    19de:	01 96       	adiw	r24, 0x01	; 1
    19e0:	0e 94 6d 06 	call	0xcda	; 0xcda <String::reserve(unsigned int)>
    19e4:	88 23       	and	r24, r24
    19e6:	69 f0       	breq	.+26     	; 0x1a02 <global constructors keyed to 65535_0_CMDParser.cpp.o.3207+0x3d6>
    19e8:	29 81       	ldd	r18, Y+1	; 0x01
    19ea:	3a 81       	ldd	r19, Y+2	; 0x02
    19ec:	8d 81       	ldd	r24, Y+5	; 0x05
    19ee:	9e 81       	ldd	r25, Y+6	; 0x06
    19f0:	be 01       	movw	r22, r28
    19f2:	69 5f       	subi	r22, 0xF9	; 249
    19f4:	7f 4f       	sbci	r23, 0xFF	; 255
    19f6:	82 0f       	add	r24, r18
    19f8:	93 1f       	adc	r25, r19
    19fa:	0e 94 6e 15 	call	0x2adc	; 0x2adc <strcpy>
    19fe:	fe 82       	std	Y+6, r15	; 0x06
    1a00:	ed 82       	std	Y+5, r14	; 0x05
    1a02:	c8 01       	movw	r24, r16
    1a04:	0e 94 14 0b 	call	0x1628	; 0x1628 <EEPROMClass::read(int) [clone .isra.0] [clone .lto_priv.66]>
    1a08:	0f 5f       	subi	r16, 0xFF	; 255
    1a0a:	1f 4f       	sbci	r17, 0xFF	; 255
    1a0c:	d9 cf       	rjmp	.-78     	; 0x19c0 <global constructors keyed to 65535_0_CMDParser.cpp.o.3207+0x394>
    1a0e:	82 e0       	ldi	r24, 0x02	; 2
    1a10:	99 cf       	rjmp	.-206    	; 0x1944 <global constructors keyed to 65535_0_CMDParser.cpp.o.3207+0x318>
    1a12:	be 01       	movw	r22, r28
    1a14:	6f 5f       	subi	r22, 0xFF	; 255
    1a16:	7f 4f       	sbci	r23, 0xFF	; 255
    1a18:	8d e6       	ldi	r24, 0x6D	; 109
    1a1a:	93 e0       	ldi	r25, 0x03	; 3
    1a1c:	0e 94 c0 06 	call	0xd80	; 0xd80 <String::operator=(String const&)>
    1a20:	50 e0       	ldi	r21, 0x00	; 0
    1a22:	40 e0       	ldi	r20, 0x00	; 0
    1a24:	62 e3       	ldi	r22, 0x32	; 50
    1a26:	71 e0       	ldi	r23, 0x01	; 1
    1a28:	ce 01       	movw	r24, r28
    1a2a:	01 96       	adiw	r24, 0x01	; 1
    1a2c:	0e 94 95 06 	call	0xd2a	; 0xd2a <String::copy(char const*, unsigned int)>
    1a30:	8c e3       	ldi	r24, 0x3C	; 60
    1a32:	90 e0       	ldi	r25, 0x00	; 0
    1a34:	0e 94 14 0b 	call	0x1628	; 0x1628 <EEPROMClass::read(int) [clone .isra.0] [clone .lto_priv.66]>
    1a38:	0d e3       	ldi	r16, 0x3D	; 61
    1a3a:	10 e0       	ldi	r17, 0x00	; 0
    1a3c:	88 23       	and	r24, r24
    1a3e:	29 f1       	breq	.+74     	; 0x1a8a <global constructors keyed to 65535_0_CMDParser.cpp.o.3207+0x45e>
    1a40:	0d 33       	cpi	r16, 0x3D	; 61
    1a42:	f4 e0       	ldi	r31, 0x04	; 4
    1a44:	1f 07       	cpc	r17, r31
    1a46:	09 f1       	breq	.+66     	; 0x1a8a <global constructors keyed to 65535_0_CMDParser.cpp.o.3207+0x45e>
    1a48:	8f 83       	std	Y+7, r24	; 0x07
    1a4a:	18 86       	std	Y+8, r1	; 0x08
    1a4c:	ed 80       	ldd	r14, Y+5	; 0x05
    1a4e:	fe 80       	ldd	r15, Y+6	; 0x06
    1a50:	8f ef       	ldi	r24, 0xFF	; 255
    1a52:	e8 1a       	sub	r14, r24
    1a54:	f8 0a       	sbc	r15, r24
    1a56:	b7 01       	movw	r22, r14
    1a58:	ce 01       	movw	r24, r28
    1a5a:	01 96       	adiw	r24, 0x01	; 1
    1a5c:	0e 94 6d 06 	call	0xcda	; 0xcda <String::reserve(unsigned int)>
    1a60:	88 23       	and	r24, r24
    1a62:	69 f0       	breq	.+26     	; 0x1a7e <global constructors keyed to 65535_0_CMDParser.cpp.o.3207+0x452>
    1a64:	29 81       	ldd	r18, Y+1	; 0x01
    1a66:	3a 81       	ldd	r19, Y+2	; 0x02
    1a68:	8d 81       	ldd	r24, Y+5	; 0x05
    1a6a:	9e 81       	ldd	r25, Y+6	; 0x06
    1a6c:	be 01       	movw	r22, r28
    1a6e:	69 5f       	subi	r22, 0xF9	; 249
    1a70:	7f 4f       	sbci	r23, 0xFF	; 255
    1a72:	82 0f       	add	r24, r18
    1a74:	93 1f       	adc	r25, r19
    1a76:	0e 94 6e 15 	call	0x2adc	; 0x2adc <strcpy>
    1a7a:	fe 82       	std	Y+6, r15	; 0x06
    1a7c:	ed 82       	std	Y+5, r14	; 0x05
    1a7e:	c8 01       	movw	r24, r16
    1a80:	0e 94 14 0b 	call	0x1628	; 0x1628 <EEPROMClass::read(int) [clone .isra.0] [clone .lto_priv.66]>
    1a84:	0f 5f       	subi	r16, 0xFF	; 255
    1a86:	1f 4f       	sbci	r17, 0xFF	; 255
    1a88:	d9 cf       	rjmp	.-78     	; 0x1a3c <global constructors keyed to 65535_0_CMDParser.cpp.o.3207+0x410>
    1a8a:	be 01       	movw	r22, r28
    1a8c:	6f 5f       	subi	r22, 0xFF	; 255
    1a8e:	7f 4f       	sbci	r23, 0xFF	; 255
    1a90:	83 e7       	ldi	r24, 0x73	; 115
    1a92:	93 e0       	ldi	r25, 0x03	; 3
    1a94:	0e 94 c0 06 	call	0xd80	; 0xd80 <String::operator=(String const&)>
    1a98:	ce 01       	movw	r24, r28
    1a9a:	01 96       	adiw	r24, 0x01	; 1
    1a9c:	0e 94 65 06 	call	0xcca	; 0xcca <String::~String()>
    1aa0:	62 e3       	ldi	r22, 0x32	; 50
    1aa2:	71 e0       	ldi	r23, 0x01	; 1
    1aa4:	87 e6       	ldi	r24, 0x67	; 103
    1aa6:	93 e0       	ldi	r25, 0x03	; 3
    1aa8:	0e 94 08 08 	call	0x1010	; 0x1010 <String::String(char const*)>
    1aac:	28 96       	adiw	r28, 0x08	; 8
    1aae:	0f b6       	in	r0, 0x3f	; 63
    1ab0:	f8 94       	cli
    1ab2:	de bf       	out	0x3e, r29	; 62
    1ab4:	0f be       	out	0x3f, r0	; 63
    1ab6:	cd bf       	out	0x3d, r28	; 61
    1ab8:	df 91       	pop	r29
    1aba:	cf 91       	pop	r28
    1abc:	1f 91       	pop	r17
    1abe:	0f 91       	pop	r16
    1ac0:	ff 90       	pop	r15
    1ac2:	ef 90       	pop	r14
    1ac4:	df 90       	pop	r13
    1ac6:	cf 90       	pop	r12
    1ac8:	08 95       	ret

00001aca <main>:
main():
/home/user/.arduino15/packages/MightyCore/hardware/avr/3.0.3/cores/MCUdude_corefiles/main.cpp:34

//void setupUSB() __attribute__((weak));
//void setupUSB() { }

int main(void)
{
    1aca:	cf 93       	push	r28
    1acc:	df 93       	push	r29
    1ace:	cd b7       	in	r28, 0x3d	; 61
    1ad0:	de b7       	in	r29, 0x3e	; 62
    1ad2:	2e 97       	sbiw	r28, 0x0e	; 14
    1ad4:	0f b6       	in	r0, 0x3f	; 63
    1ad6:	f8 94       	cli
    1ad8:	de bf       	out	0x3e, r29	; 62
    1ada:	0f be       	out	0x3f, r0	; 63
    1adc:	cd bf       	out	0x3d, r28	; 61
init():
/home/user/.arduino15/packages/MightyCore/hardware/avr/3.0.3/cores/MCUdude_corefiles/wiring.c:945

void init()
{
  // this needs to be called before setup() or some functions won't
  // work there
  sei();
    1ade:	78 94       	sei
/home/user/.arduino15/packages/MightyCore/hardware/avr/3.0.3/cores/MCUdude_corefiles/wiring.c:957

  // On the ATmega168, timer 0 is also used for fast hardware pwm
  // (using phase-correct PWM would mean that timer 0 overflowed half as often
  // resulting in different millis() behavior on the ATmega8 and ATmega168)
#if defined(TCCR0A) && defined(WGM01)
  TCCR0A |= _BV(WGM01) | _BV(WGM00);
    1ae0:	84 b5       	in	r24, 0x24	; 36
    1ae2:	83 60       	ori	r24, 0x03	; 3
    1ae4:	84 bd       	out	0x24, r24	; 36
/home/user/.arduino15/packages/MightyCore/hardware/avr/3.0.3/cores/MCUdude_corefiles/wiring.c:972
  #if defined(WGM00) && defined(WGM01) // The ATmega8 doesn't have WGM00 and WGM01
    TCCR0 |= _BV(WGM01) | _BV(WGM00);
  #endif
#elif defined(TCCR0B) && defined(CS01) && defined(CS00)
  // This combination is for the standard 168/328/640/1280/1281/2560/2561
  TCCR0B |= _BV(CS01) | _BV(CS00);
    1ae6:	85 b5       	in	r24, 0x25	; 37
    1ae8:	83 60       	ori	r24, 0x03	; 3
    1aea:	85 bd       	out	0x25, r24	; 37
/home/user/.arduino15/packages/MightyCore/hardware/avr/3.0.3/cores/MCUdude_corefiles/wiring.c:984

// Enable timer 0 overflow interrupt
#if defined(TIMSK) && defined(TOIE0)
  TIMSK |= _BV(TOIE0);
#elif defined(TIMSK0) && defined(TOIE0)
  TIMSK0 |= _BV(TOIE0);
    1aec:	80 91 6e 00 	lds	r24, 0x006E	; 0x80006e <__DATA_REGION_ORIGIN__+0xe>
    1af0:	81 60       	ori	r24, 0x01	; 1
    1af2:	80 93 6e 00 	sts	0x006E, r24	; 0x80006e <__DATA_REGION_ORIGIN__+0xe>
/home/user/.arduino15/packages/MightyCore/hardware/avr/3.0.3/cores/MCUdude_corefiles/wiring.c:995
// this is better for motors as it ensures an even waveform
// note, however, that fast pwm mode can achieve a frequency of up
// 8 MHz (with a 16 MHz clock) at 50% duty cycle

#if defined(TCCR1B) && defined(CS11) && defined(CS10)
  TCCR1B = _BV(CS11); // Set timer 1 prescale factor to 64
    1af6:	12 e0       	ldi	r17, 0x02	; 2
    1af8:	10 93 81 00 	sts	0x0081, r17	; 0x800081 <__DATA_REGION_ORIGIN__+0x21>
/home/user/.arduino15/packages/MightyCore/hardware/avr/3.0.3/cores/MCUdude_corefiles/wiring.c:997
#if F_CPU >= 8000000L
  TCCR1B |= _BV(CS10);
    1afc:	80 91 81 00 	lds	r24, 0x0081	; 0x800081 <__DATA_REGION_ORIGIN__+0x21>
    1b00:	81 60       	ori	r24, 0x01	; 1
    1b02:	80 93 81 00 	sts	0x0081, r24	; 0x800081 <__DATA_REGION_ORIGIN__+0x21>
/home/user/.arduino15/packages/MightyCore/hardware/avr/3.0.3/cores/MCUdude_corefiles/wiring.c:1006
#if F_CPU >= 8000000L
  TCCR1 |= _BV(CS10);
#endif
#endif
#if defined(TCCR1A) && defined(WGM10)
  TCCR1A |= _BV(WGM10); // Put timer 1 in 8-bit phase correct pwm mode
    1b06:	80 91 80 00 	lds	r24, 0x0080	; 0x800080 <__DATA_REGION_ORIGIN__+0x20>
    1b0a:	81 60       	ori	r24, 0x01	; 1
    1b0c:	80 93 80 00 	sts	0x0080, r24	; 0x800080 <__DATA_REGION_ORIGIN__+0x20>
/home/user/.arduino15/packages/MightyCore/hardware/avr/3.0.3/cores/MCUdude_corefiles/wiring.c:1013

// Set timer 2 prescale factor to 64
#if defined(TCCR2) && defined(CS22)
  TCCR2 |= _BV(CS22);
#elif defined(TCCR2B) && defined(CS22)
  TCCR2B |= _BV(CS22);
    1b10:	80 91 b1 00 	lds	r24, 0x00B1	; 0x8000b1 <__DATA_REGION_ORIGIN__+0x51>
    1b14:	84 60       	ori	r24, 0x04	; 4
    1b16:	80 93 b1 00 	sts	0x00B1, r24	; 0x8000b1 <__DATA_REGION_ORIGIN__+0x51>
/home/user/.arduino15/packages/MightyCore/hardware/avr/3.0.3/cores/MCUdude_corefiles/wiring.c:1022

// Configure timer 2 for phase correct pwm (8-bit)
#if defined(TCCR2) && defined(WGM20)
  TCCR2 |= _BV(WGM20);
#elif defined(TCCR2A) && defined(WGM20)
  TCCR2A |= _BV(WGM20);
    1b1a:	80 91 b0 00 	lds	r24, 0x00B0	; 0x8000b0 <__DATA_REGION_ORIGIN__+0x50>
    1b1e:	81 60       	ori	r24, 0x01	; 1
    1b20:	80 93 b0 00 	sts	0x00B0, r24	; 0x8000b0 <__DATA_REGION_ORIGIN__+0x50>
/home/user/.arduino15/packages/MightyCore/hardware/avr/3.0.3/cores/MCUdude_corefiles/wiring.c:1050
#endif

#if defined(ADCSRA)
  // set a2d prescaler so we are inside the desired 50-200 KHz range.
  #if F_CPU >= 16000000 // 16 MHz / 128 = 125 KHz
    ADCSRA = _BV(ADPS2) | _BV(ADPS1) | _BV(ADPS0) | _BV(ADEN);
    1b24:	87 e8       	ldi	r24, 0x87	; 135
    1b26:	80 93 7a 00 	sts	0x007A, r24	; 0x80007a <__DATA_REGION_ORIGIN__+0x1a>
/home/user/.arduino15/packages/MightyCore/hardware/avr/3.0.3/cores/MCUdude_corefiles/wiring.c:1070
  // here so they can be used as normal digital i/o; they will be
  // reconnected in Serial.begin()
#if defined(UCSRB)
  UCSRB = 0;
#elif defined(UCSR0B)
  UCSR0B = 0;
    1b2a:	10 92 c1 00 	sts	0x00C1, r1	; 0x8000c1 <__DATA_REGION_ORIGIN__+0x61>
begin():
/home/user/.arduino15/packages/MightyCore/hardware/avr/3.0.3/cores/MCUdude_corefiles/HardwareSerial.cpp:121

void HardwareSerial::begin(unsigned long baud, byte config)
{
  // Try u2x mode first
  uint16_t baud_setting = (F_CPU / 4 / baud - 1) / 2;
  *_ucsra = 1 << U2X0;
    1b2e:	e0 91 d8 02 	lds	r30, 0x02D8	; 0x8002d8 <Serial1+0x10>
    1b32:	f0 91 d9 02 	lds	r31, 0x02D9	; 0x8002d9 <Serial1+0x11>
    1b36:	10 83       	st	Z, r17
/home/user/.arduino15/packages/MightyCore/hardware/avr/3.0.3/cores/MCUdude_corefiles/HardwareSerial.cpp:135
    *_ucsra = 0;
    baud_setting = (F_CPU / 8 / baud - 1) / 2;
  }

  // assign the baud_setting, a.k.a. ubrr (USART Baud Rate Register)
  *_ubrrh = baud_setting >> 8;
    1b38:	e0 91 d4 02 	lds	r30, 0x02D4	; 0x8002d4 <Serial1+0xc>
    1b3c:	f0 91 d5 02 	lds	r31, 0x02D5	; 0x8002d5 <Serial1+0xd>
    1b40:	10 82       	st	Z, r1
/home/user/.arduino15/packages/MightyCore/hardware/avr/3.0.3/cores/MCUdude_corefiles/HardwareSerial.cpp:136
  *_ubrrl = baud_setting;
    1b42:	e0 91 d6 02 	lds	r30, 0x02D6	; 0x8002d6 <Serial1+0xe>
    1b46:	f0 91 d7 02 	lds	r31, 0x02D7	; 0x8002d7 <Serial1+0xf>
    1b4a:	30 e1       	ldi	r19, 0x10	; 16
    1b4c:	f3 2e       	mov	r15, r19
    1b4e:	f0 82       	st	Z, r15
/home/user/.arduino15/packages/MightyCore/hardware/avr/3.0.3/cores/MCUdude_corefiles/HardwareSerial.cpp:138

  _written = false;
    1b50:	10 92 e0 02 	sts	0x02E0, r1	; 0x8002e0 <Serial1+0x18>
/home/user/.arduino15/packages/MightyCore/hardware/avr/3.0.3/cores/MCUdude_corefiles/HardwareSerial.cpp:146
#if defined(__AVR_ATmega8__) || defined(__AVR_ATmega8515__) || defined(__AVR_ATmega162__) \
|| defined(__AVR_ATmega8535__) || defined(__AVR_ATmega16__)|| defined(__AVR_ATmega32__)   \
|| defined(__AVR_ATmega162__)
  config |= 0x80; // select UCSRC register (shared with UBRRH)
#endif
  *_ucsrc = config;
    1b54:	e0 91 dc 02 	lds	r30, 0x02DC	; 0x8002dc <Serial1+0x14>
    1b58:	f0 91 dd 02 	lds	r31, 0x02DD	; 0x8002dd <Serial1+0x15>
    1b5c:	06 e0       	ldi	r16, 0x06	; 6
    1b5e:	00 83       	st	Z, r16
/home/user/.arduino15/packages/MightyCore/hardware/avr/3.0.3/cores/MCUdude_corefiles/HardwareSerial.cpp:148
  
  *_ucsrb |= _BV(RXEN0) | _BV(TXEN0) | _BV(RXCIE0);
    1b60:	e0 91 da 02 	lds	r30, 0x02DA	; 0x8002da <Serial1+0x12>
    1b64:	f0 91 db 02 	lds	r31, 0x02DB	; 0x8002db <Serial1+0x13>
    1b68:	80 81       	ld	r24, Z
    1b6a:	88 69       	ori	r24, 0x98	; 152
    1b6c:	80 83       	st	Z, r24
/home/user/.arduino15/packages/MightyCore/hardware/avr/3.0.3/cores/MCUdude_corefiles/HardwareSerial.cpp:149
  *_ucsrb &= ~_BV(UDRIE0);
    1b6e:	e0 91 da 02 	lds	r30, 0x02DA	; 0x8002da <Serial1+0x12>
    1b72:	f0 91 db 02 	lds	r31, 0x02DB	; 0x8002db <Serial1+0x13>
    1b76:	80 81       	ld	r24, Z
    1b78:	8f 7d       	andi	r24, 0xDF	; 223
    1b7a:	80 83       	st	Z, r24
setup():
/home/user/Documents/PCB/horse_feeder/SW/n1/n1.ino:26
String input = "";

void setup() {
    Serial1.begin(115200);
    //while (!Serial1); // Wait for Serial to initialize
    delay(100);
    1b7c:	64 e6       	ldi	r22, 0x64	; 100
    1b7e:	70 e0       	ldi	r23, 0x00	; 0
    1b80:	80 e0       	ldi	r24, 0x00	; 0
    1b82:	90 e0       	ldi	r25, 0x00	; 0
    1b84:	0e 94 46 03 	call	0x68c	; 0x68c <delay>
begin():
/tmp/arduino_build_443235/sketch/M590.cpp:110
    }
    SIMPIN = compstr;
}

bool M590::begin(unsigned long baudRate = 115200, HardwareSerial *gsmSerial = NULL) {
    pinMode(SIM_BOOT_PIN, OUTPUT);
    1b88:	61 e0       	ldi	r22, 0x01	; 1
    1b8a:	8e e0       	ldi	r24, 0x0E	; 14
    1b8c:	0e 94 e5 02 	call	0x5ca	; 0x5ca <pinMode>
/tmp/arduino_build_443235/sketch/M590.cpp:111
    digitalWrite(SIM_BOOT_PIN, LOW);
    1b90:	60 e0       	ldi	r22, 0x00	; 0
    1b92:	8e e0       	ldi	r24, 0x0E	; 14
    1b94:	0e 94 b7 02 	call	0x56e	; 0x56e <digitalWrite>
/tmp/arduino_build_443235/sketch/M590.cpp:112
    _gsmSerial = gsmSerial;
    1b98:	84 e1       	ldi	r24, 0x14	; 20
    1b9a:	92 e0       	ldi	r25, 0x02	; 2
    1b9c:	90 93 7c 03 	sts	0x037C, r25	; 0x80037c <gsm+0xf>
    1ba0:	80 93 7b 03 	sts	0x037B, r24	; 0x80037b <gsm+0xe>
/home/user/.arduino15/packages/MightyCore/hardware/avr/3.0.3/cores/MCUdude_corefiles/HardwareSerial.cpp:121

void HardwareSerial::begin(unsigned long baud, byte config)
{
  // Try u2x mode first
  uint16_t baud_setting = (F_CPU / 4 / baud - 1) / 2;
  *_ucsra = 1 << U2X0;
    1ba4:	e0 91 24 02 	lds	r30, 0x0224	; 0x800224 <Serial+0x10>
    1ba8:	f0 91 25 02 	lds	r31, 0x0225	; 0x800225 <Serial+0x11>
    1bac:	10 83       	st	Z, r17
/home/user/.arduino15/packages/MightyCore/hardware/avr/3.0.3/cores/MCUdude_corefiles/HardwareSerial.cpp:135
    *_ucsra = 0;
    baud_setting = (F_CPU / 8 / baud - 1) / 2;
  }

  // assign the baud_setting, a.k.a. ubrr (USART Baud Rate Register)
  *_ubrrh = baud_setting >> 8;
    1bae:	e0 91 20 02 	lds	r30, 0x0220	; 0x800220 <Serial+0xc>
    1bb2:	f0 91 21 02 	lds	r31, 0x0221	; 0x800221 <Serial+0xd>
    1bb6:	10 82       	st	Z, r1
/home/user/.arduino15/packages/MightyCore/hardware/avr/3.0.3/cores/MCUdude_corefiles/HardwareSerial.cpp:136
  *_ubrrl = baud_setting;
    1bb8:	e0 91 22 02 	lds	r30, 0x0222	; 0x800222 <Serial+0xe>
    1bbc:	f0 91 23 02 	lds	r31, 0x0223	; 0x800223 <Serial+0xf>
    1bc0:	f0 82       	st	Z, r15
/home/user/.arduino15/packages/MightyCore/hardware/avr/3.0.3/cores/MCUdude_corefiles/HardwareSerial.cpp:138

  _written = false;
    1bc2:	10 92 2c 02 	sts	0x022C, r1	; 0x80022c <Serial+0x18>
/home/user/.arduino15/packages/MightyCore/hardware/avr/3.0.3/cores/MCUdude_corefiles/HardwareSerial.cpp:146
#if defined(__AVR_ATmega8__) || defined(__AVR_ATmega8515__) || defined(__AVR_ATmega162__) \
|| defined(__AVR_ATmega8535__) || defined(__AVR_ATmega16__)|| defined(__AVR_ATmega32__)   \
|| defined(__AVR_ATmega162__)
  config |= 0x80; // select UCSRC register (shared with UBRRH)
#endif
  *_ucsrc = config;
    1bc6:	e0 91 28 02 	lds	r30, 0x0228	; 0x800228 <Serial+0x14>
    1bca:	f0 91 29 02 	lds	r31, 0x0229	; 0x800229 <Serial+0x15>
    1bce:	00 83       	st	Z, r16
/home/user/.arduino15/packages/MightyCore/hardware/avr/3.0.3/cores/MCUdude_corefiles/HardwareSerial.cpp:148
  
  *_ucsrb |= _BV(RXEN0) | _BV(TXEN0) | _BV(RXCIE0);
    1bd0:	e0 91 26 02 	lds	r30, 0x0226	; 0x800226 <Serial+0x12>
    1bd4:	f0 91 27 02 	lds	r31, 0x0227	; 0x800227 <Serial+0x13>
    1bd8:	80 81       	ld	r24, Z
    1bda:	88 69       	ori	r24, 0x98	; 152
    1bdc:	80 83       	st	Z, r24
/home/user/.arduino15/packages/MightyCore/hardware/avr/3.0.3/cores/MCUdude_corefiles/HardwareSerial.cpp:149
  *_ucsrb &= ~_BV(UDRIE0);
    1bde:	e0 91 26 02 	lds	r30, 0x0226	; 0x800226 <Serial+0x12>
    1be2:	f0 91 27 02 	lds	r31, 0x0227	; 0x800227 <Serial+0x13>
    1be6:	80 81       	ld	r24, Z
    1be8:	8f 7d       	andi	r24, 0xDF	; 223
    1bea:	80 83       	st	Z, r24
setup():
/home/user/Documents/PCB/horse_feeder/SW/n1/n1.ino:28
    gsm.begin(115200, &Serial); //connect to M590 with 9600 baud, RX pin 3, TX pin 2
    delay(100);
    1bec:	64 e6       	ldi	r22, 0x64	; 100
    1bee:	70 e0       	ldi	r23, 0x00	; 0
    1bf0:	80 e0       	ldi	r24, 0x00	; 0
    1bf2:	90 e0       	ldi	r25, 0x00	; 0
    1bf4:	0e 94 46 03 	call	0x68c	; 0x68c <delay>
enableDebugSerial():
/tmp/arduino_build_443235/sketch/M590.cpp:118
    _gsmSerial->begin(baudRate);
}

void M590::enableDebugSerial(HardwareSerial *debugSerial) {
    if (debugSerial)
        _debugSerial = debugSerial;
    1bf8:	88 ec       	ldi	r24, 0xC8	; 200
    1bfa:	92 e0       	ldi	r25, 0x02	; 2
    1bfc:	90 93 7e 03 	sts	0x037E, r25	; 0x80037e <gsm+0x11>
    1c00:	80 93 7d 03 	sts	0x037D, r24	; 0x80037d <gsm+0x10>
setup():
/home/user/Documents/PCB/horse_feeder/SW/n1/n1.ino:30
    gsm.enableDebugSerial(&Serial1); //optionally output debug information on Serial
    gsm.initialize("1234"); //enter your PIN here, leave empty for no pin
    1c04:	6e e3       	ldi	r22, 0x3E	; 62
    1c06:	71 e0       	ldi	r23, 0x01	; 1
    1c08:	ce 01       	movw	r24, r28
    1c0a:	01 96       	adiw	r24, 0x01	; 1
    1c0c:	0e 94 08 08 	call	0x1010	; 0x1010 <String::String(char const*)>
    1c10:	ce 01       	movw	r24, r28
    1c12:	01 96       	adiw	r24, 0x01	; 1
    1c14:	0e 94 e1 06 	call	0xdc2	; 0xdc2 <M590::initialize(String) [clone .constprop.14]>
    1c18:	ce 01       	movw	r24, r28
    1c1a:	01 96       	adiw	r24, 0x01	; 1
    1c1c:	0e 94 65 06 	call	0xcca	; 0xcca <String::~String()>
printDate():
/tmp/arduino_build_443235/sketch/Horaires.cpp:54

    return currentDate;
}

void Horaires::printDate(){
    DateTime currentDate=getDate();
    1c20:	0e 94 73 04 	call	0x8e6	; 0x8e6 <Horaires::getDate() [clone .constprop.47]>
    1c24:	29 83       	std	Y+1, r18	; 0x01
    1c26:	3a 83       	std	Y+2, r19	; 0x02
    1c28:	4b 83       	std	Y+3, r20	; 0x03
    1c2a:	5c 83       	std	Y+4, r21	; 0x04
    1c2c:	6d 83       	std	Y+5, r22	; 0x05
    1c2e:	7e 83       	std	Y+6, r23	; 0x06
    1c30:	8f 83       	std	Y+7, r24	; 0x07
/tmp/arduino_build_443235/sketch/Horaires.cpp:55
    Serial1.print(currentDate.day);
    1c32:	85 2f       	mov	r24, r21
    1c34:	0e 94 e0 05 	call	0xbc0	; 0xbc0 <Print::print(unsigned char, int) [clone .constprop.43]>
/tmp/arduino_build_443235/sketch/Horaires.cpp:56
    Serial1.write('/');
    1c38:	6f e2       	ldi	r22, 0x2F	; 47
    1c3a:	70 e0       	ldi	r23, 0x00	; 0
    1c3c:	88 ec       	ldi	r24, 0xC8	; 200
    1c3e:	92 e0       	ldi	r25, 0x02	; 2
    1c40:	0e 94 6c 04 	call	0x8d8	; 0x8d8 <HardwareSerial::write(int)>
/tmp/arduino_build_443235/sketch/Horaires.cpp:57
    Serial1.print(currentDate.month);
    1c44:	8d 81       	ldd	r24, Y+5	; 0x05
    1c46:	0e 94 e0 05 	call	0xbc0	; 0xbc0 <Print::print(unsigned char, int) [clone .constprop.43]>
/tmp/arduino_build_443235/sketch/Horaires.cpp:58
    Serial1.write('/');
    1c4a:	6f e2       	ldi	r22, 0x2F	; 47
    1c4c:	70 e0       	ldi	r23, 0x00	; 0
    1c4e:	88 ec       	ldi	r24, 0xC8	; 200
    1c50:	92 e0       	ldi	r25, 0x02	; 2
    1c52:	0e 94 6c 04 	call	0x8d8	; 0x8d8 <HardwareSerial::write(int)>
print():
/home/user/.arduino15/packages/MightyCore/hardware/avr/3.0.3/cores/MCUdude_corefiles/Print.cpp:84
  return print((long) n, base);
}

size_t Print::print(unsigned int n, int base)
{
  return print((unsigned long) n, base);
    1c56:	6e 81       	ldd	r22, Y+6	; 0x06
    1c58:	7f 81       	ldd	r23, Y+7	; 0x07
    1c5a:	90 e0       	ldi	r25, 0x00	; 0
    1c5c:	80 e0       	ldi	r24, 0x00	; 0
/home/user/.arduino15/packages/MightyCore/hardware/avr/3.0.3/cores/MCUdude_corefiles/Print.cpp:106
}

size_t Print::print(unsigned long n, int base)
{
  if (base == 0) return write(n);
  else return printNumber(n, base);
    1c5e:	4a e0       	ldi	r20, 0x0A	; 10
    1c60:	0e 94 9a 05 	call	0xb34	; 0xb34 <Print::printNumber(unsigned long, unsigned char) [clone .constprop.46]>
printDate():
/tmp/arduino_build_443235/sketch/Horaires.cpp:60
    Serial1.print(currentDate.year);
    Serial1.write(',');
    1c64:	6c e2       	ldi	r22, 0x2C	; 44
    1c66:	70 e0       	ldi	r23, 0x00	; 0
    1c68:	88 ec       	ldi	r24, 0xC8	; 200
    1c6a:	92 e0       	ldi	r25, 0x02	; 2
    1c6c:	0e 94 6c 04 	call	0x8d8	; 0x8d8 <HardwareSerial::write(int)>
/tmp/arduino_build_443235/sketch/Horaires.cpp:61
    Serial1.print(currentDate.hours);
    1c70:	8b 81       	ldd	r24, Y+3	; 0x03
    1c72:	0e 94 e0 05 	call	0xbc0	; 0xbc0 <Print::print(unsigned char, int) [clone .constprop.43]>
/tmp/arduino_build_443235/sketch/Horaires.cpp:62
    Serial1.write('h');
    1c76:	68 e6       	ldi	r22, 0x68	; 104
    1c78:	70 e0       	ldi	r23, 0x00	; 0
    1c7a:	88 ec       	ldi	r24, 0xC8	; 200
    1c7c:	92 e0       	ldi	r25, 0x02	; 2
    1c7e:	0e 94 6c 04 	call	0x8d8	; 0x8d8 <HardwareSerial::write(int)>
/tmp/arduino_build_443235/sketch/Horaires.cpp:63
    Serial1.print(currentDate.minutes);
    1c82:	8a 81       	ldd	r24, Y+2	; 0x02
    1c84:	0e 94 e0 05 	call	0xbc0	; 0xbc0 <Print::print(unsigned char, int) [clone .constprop.43]>
/tmp/arduino_build_443235/sketch/Horaires.cpp:64
    Serial1.write(':');
    1c88:	6a e3       	ldi	r22, 0x3A	; 58
    1c8a:	70 e0       	ldi	r23, 0x00	; 0
    1c8c:	88 ec       	ldi	r24, 0xC8	; 200
    1c8e:	92 e0       	ldi	r25, 0x02	; 2
    1c90:	0e 94 6c 04 	call	0x8d8	; 0x8d8 <HardwareSerial::write(int)>
/tmp/arduino_build_443235/sketch/Horaires.cpp:65
    Serial1.print(currentDate.seconds);
    1c94:	89 81       	ldd	r24, Y+1	; 0x01
    1c96:	0e 94 e0 05 	call	0xbc0	; 0xbc0 <Print::print(unsigned char, int) [clone .constprop.43]>
println():
/home/user/.arduino15/packages/MightyCore/hardware/avr/3.0.3/cores/MCUdude_corefiles/Print.cpp:147
  return n;
}

size_t Print::println(char c)
{
  size_t n = print(c);
    1c9a:	63 e7       	ldi	r22, 0x73	; 115
    1c9c:	88 ec       	ldi	r24, 0xC8	; 200
    1c9e:	92 e0       	ldi	r25, 0x02	; 2
    1ca0:	0e 94 1a 01 	call	0x234	; 0x234 <Print::print(char)>
/home/user/.arduino15/packages/MightyCore/hardware/avr/3.0.3/cores/MCUdude_corefiles/Print.cpp:148
  n += println();
    1ca4:	88 ec       	ldi	r24, 0xC8	; 200
    1ca6:	92 e0       	ldi	r25, 0x02	; 2
    1ca8:	0e 94 e7 05 	call	0xbce	; 0xbce <Print::println()>
    1cac:	0d ea       	ldi	r16, 0xAD	; 173
    1cae:	13 e0       	ldi	r17, 0x03	; 3
main():
/tmp/arduino_build_443235/sketch/Horaires.cpp:96
    Serial1.print(alarms[alarmNumber].hours);
    Serial1.write('h');
    Serial1.println(alarms[alarmNumber].minutes);
}
void Horaires::printAlarms(){
    for(uint8_t i = 0; i < MAX_ALARMS; i++) {
    1cb0:	f1 2c       	mov	r15, r1
write():
    1cb2:	63 e4       	ldi	r22, 0x43	; 67
    1cb4:	71 e0       	ldi	r23, 0x01	; 1
    1cb6:	88 ec       	ldi	r24, 0xC8	; 200
    1cb8:	92 e0       	ldi	r25, 0x02	; 2
    1cba:	0e 94 8b 05 	call	0xb16	; 0xb16 <Print::write(char const*) [clone .part.2]>
printAlarm():
/tmp/arduino_build_443235/sketch/Horaires.cpp:85
    return alarms[alarmNumber];
}

void Horaires::printAlarm(uint8_t alarmNumber){
    Serial1.print("Alarme ");
    Serial1.print(alarmNumber);
    1cbe:	8f 2d       	mov	r24, r15
    1cc0:	0e 94 e0 05 	call	0xbc0	; 0xbc0 <Print::print(unsigned char, int) [clone .constprop.43]>
/tmp/arduino_build_443235/sketch/Horaires.cpp:86
    if(alarms[alarmNumber].enabled){
    1cc4:	d8 01       	movw	r26, r16
    1cc6:	14 96       	adiw	r26, 0x04	; 4
    1cc8:	8c 91       	ld	r24, X
write():
    1cca:	6b e4       	ldi	r22, 0x4B	; 75
    1ccc:	71 e0       	ldi	r23, 0x01	; 1
printAlarm():
    1cce:	81 11       	cpse	r24, r1
    1cd0:	02 c0       	rjmp	.+4      	; 0x1cd6 <main+0x20c>
write():
    1cd2:	64 e5       	ldi	r22, 0x54	; 84
    1cd4:	71 e0       	ldi	r23, 0x01	; 1
    1cd6:	88 ec       	ldi	r24, 0xC8	; 200
    1cd8:	92 e0       	ldi	r25, 0x02	; 2
    1cda:	0e 94 8b 05 	call	0xb16	; 0xb16 <Print::write(char const*) [clone .part.2]>
printAlarm():
/tmp/arduino_build_443235/sketch/Horaires.cpp:91
        Serial1.print(" Active,");
    }else{
        Serial1.print(" Inactive,");
    }
    Serial1.print(alarms[alarmNumber].hours);
    1cde:	f8 01       	movw	r30, r16
    1ce0:	82 81       	ldd	r24, Z+2	; 0x02
    1ce2:	0e 94 e0 05 	call	0xbc0	; 0xbc0 <Print::print(unsigned char, int) [clone .constprop.43]>
/tmp/arduino_build_443235/sketch/Horaires.cpp:92
    Serial1.write('h');
    1ce6:	68 e6       	ldi	r22, 0x68	; 104
    1ce8:	70 e0       	ldi	r23, 0x00	; 0
    1cea:	88 ec       	ldi	r24, 0xC8	; 200
    1cec:	92 e0       	ldi	r25, 0x02	; 2
    1cee:	0e 94 6c 04 	call	0x8d8	; 0x8d8 <HardwareSerial::write(int)>
println():
/home/user/.arduino15/packages/MightyCore/hardware/avr/3.0.3/cores/MCUdude_corefiles/Print.cpp:154
  return n;
}

size_t Print::println(unsigned char b, int base)
{
  size_t n = print(b, base);
    1cf2:	d8 01       	movw	r26, r16
    1cf4:	13 96       	adiw	r26, 0x03	; 3
    1cf6:	8c 91       	ld	r24, X
    1cf8:	0e 94 e0 05 	call	0xbc0	; 0xbc0 <Print::print(unsigned char, int) [clone .constprop.43]>
/home/user/.arduino15/packages/MightyCore/hardware/avr/3.0.3/cores/MCUdude_corefiles/Print.cpp:155
  n += println();
    1cfc:	88 ec       	ldi	r24, 0xC8	; 200
    1cfe:	92 e0       	ldi	r25, 0x02	; 2
    1d00:	0e 94 e7 05 	call	0xbce	; 0xbce <Print::println()>
printAlarms():
/tmp/arduino_build_443235/sketch/Horaires.cpp:96
    Serial1.println(alarms[alarmNumber].minutes);
}
void Horaires::printAlarms(){
    for(uint8_t i = 0; i < MAX_ALARMS; i++) {
    1d04:	f3 94       	inc	r15
    1d06:	0c 5f       	subi	r16, 0xFC	; 252
    1d08:	1f 4f       	sbci	r17, 0xFF	; 255
    1d0a:	b3 e0       	ldi	r27, 0x03	; 3
    1d0c:	fb 12       	cpse	r15, r27
    1d0e:	d1 cf       	rjmp	.-94     	; 0x1cb2 <main+0x1e8>
setup():
/home/user/Documents/PCB/horse_feeder/SW/n1/n1.ino:33
    rtc.printDate();
    rtc.printAlarms();
    SMShandler = new Parser(&gsm, &rtc, &feeder, rtc.getDate());
    1d10:	0e 94 73 04 	call	0x8e6	; 0x8e6 <Horaires::getDate() [clone .constprop.47]>
    1d14:	28 87       	std	Y+8, r18	; 0x08
    1d16:	39 87       	std	Y+9, r19	; 0x09
    1d18:	4a 87       	std	Y+10, r20	; 0x0a
    1d1a:	5b 87       	std	Y+11, r21	; 0x0b
    1d1c:	6c 87       	std	Y+12, r22	; 0x0c
    1d1e:	7d 87       	std	Y+13, r23	; 0x0d
    1d20:	8e 87       	std	Y+14, r24	; 0x0e
new_helper():
/home/user/.arduino15/packages/MightyCore/hardware/avr/3.0.3/cores/MCUdude_corefiles/new.cpp:44
static void * new_helper(std::size_t size) {
  // Even zero-sized allocations should return a unique pointer, but
  // malloc does not guarantee this
  if (size == 0)
    size = 1;
  return malloc(size);
    1d22:	84 e2       	ldi	r24, 0x24	; 36
    1d24:	91 e0       	ldi	r25, 0x01	; 1
    1d26:	0e 94 83 13 	call	0x2706	; 0x2706 <malloc>
    1d2a:	8c 01       	movw	r16, r24
    1d2c:	87 e0       	ldi	r24, 0x07	; 7
    1d2e:	fe 01       	movw	r30, r28
    1d30:	38 96       	adiw	r30, 0x08	; 8
    1d32:	de 01       	movw	r26, r28
    1d34:	11 96       	adiw	r26, 0x01	; 1
    1d36:	01 90       	ld	r0, Z+
    1d38:	0d 92       	st	X+, r0
    1d3a:	8a 95       	dec	r24
    1d3c:	e1 f7       	brne	.-8      	; 0x1d36 <main+0x26c>
    1d3e:	fb 80       	ldd	r15, Y+3	; 0x03
    1d40:	ec 80       	ldd	r14, Y+4	; 0x04
    1d42:	7d 80       	ldd	r7, Y+5	; 0x05
    1d44:	8e 80       	ldd	r8, Y+6	; 0x06
    1d46:	9f 80       	ldd	r9, Y+7	; 0x07
    1d48:	58 01       	movw	r10, r16
    1d4a:	ee e0       	ldi	r30, 0x0E	; 14
    1d4c:	ae 0e       	add	r10, r30
    1d4e:	b1 1c       	adc	r11, r1
    1d50:	20 e5       	ldi	r18, 0x50	; 80
    1d52:	c2 2e       	mov	r12, r18
    1d54:	d1 2c       	mov	r13, r1
__base_ctor ():
/tmp/arduino_build_443235/sketch/StatusM.cpp:6
#include "StatusM.h"


StatusM::StatusM(DateTime now) {
    for (uint8_t i = 0; i < ERRORTypeNB; i++) {
        err_cnt[i] = EEPROM.read(EEPROM_STATUS_ADDR + i);
    1d56:	c6 01       	movw	r24, r12
    1d58:	0e 94 14 0b 	call	0x1628	; 0x1628 <EEPROMClass::read(int) [clone .isra.0] [clone .lto_priv.66]>
    1d5c:	d5 01       	movw	r26, r10
    1d5e:	8d 93       	st	X+, r24
    1d60:	5d 01       	movw	r10, r26
    1d62:	bf ef       	ldi	r27, 0xFF	; 255
    1d64:	cb 1a       	sub	r12, r27
    1d66:	db 0a       	sbc	r13, r27
/tmp/arduino_build_443235/sketch/StatusM.cpp:5
#include "StatusM.h"


StatusM::StatusM(DateTime now) {
    for (uint8_t i = 0; i < ERRORTypeNB; i++) {
    1d68:	e5 e5       	ldi	r30, 0x55	; 85
    1d6a:	ce 16       	cp	r12, r30
    1d6c:	d1 04       	cpc	r13, r1
    1d6e:	99 f7       	brne	.-26     	; 0x1d56 <main+0x28c>
/tmp/arduino_build_443235/sketch/StatusM.cpp:8
        err_cnt[i] = EEPROM.read(EEPROM_STATUS_ADDR + i);
    }
    startupTime = ((now.year - 2025) * 365 + now.month * 31 + now.day) * 24 + now.hours;
    1d70:	8d e6       	ldi	r24, 0x6D	; 109
    1d72:	91 e0       	ldi	r25, 0x01	; 1
    1d74:	88 9e       	mul	r8, r24
    1d76:	90 01       	movw	r18, r0
    1d78:	89 9e       	mul	r8, r25
    1d7a:	30 0d       	add	r19, r0
    1d7c:	98 9e       	mul	r9, r24
    1d7e:	30 0d       	add	r19, r0
    1d80:	11 24       	eor	r1, r1
    1d82:	2e 0d       	add	r18, r14
    1d84:	31 1d       	adc	r19, r1
    1d86:	ff e1       	ldi	r31, 0x1F	; 31
    1d88:	7f 9e       	mul	r7, r31
    1d8a:	20 0d       	add	r18, r0
    1d8c:	31 1d       	adc	r19, r1
    1d8e:	11 24       	eor	r1, r1
    1d90:	88 e1       	ldi	r24, 0x18	; 24
    1d92:	82 9f       	mul	r24, r18
    1d94:	a0 01       	movw	r20, r0
    1d96:	83 9f       	mul	r24, r19
    1d98:	50 0d       	add	r21, r0
    1d9a:	11 24       	eor	r1, r1
    1d9c:	8f 2d       	mov	r24, r15
    1d9e:	90 e0       	ldi	r25, 0x00	; 0
    1da0:	88 5f       	subi	r24, 0xF8	; 248
    1da2:	9c 4a       	sbci	r25, 0xAC	; 172
    1da4:	84 0f       	add	r24, r20
    1da6:	95 1f       	adc	r25, r21
    1da8:	d8 01       	movw	r26, r16
    1daa:	54 96       	adiw	r26, 0x14	; 20
    1dac:	9c 93       	st	X, r25
    1dae:	8e 93       	st	-X, r24
    1db0:	53 97       	sbiw	r26, 0x13	; 19
/tmp/arduino_build_443235/sketch/StatusM.cpp:10

    pinMode(BATT_MON, INPUT);
    1db2:	60 e0       	ldi	r22, 0x00	; 0
    1db4:	88 e1       	ldi	r24, 0x18	; 24
    1db6:	0e 94 e5 02 	call	0x5ca	; 0x5ca <pinMode>
/tmp/arduino_build_443235/sketch/StatusM.cpp:11
    pinMode(BTN_USR1, INPUT_PULLUP);
    1dba:	62 e0       	ldi	r22, 0x02	; 2
    1dbc:	82 e1       	ldi	r24, 0x12	; 18
    1dbe:	0e 94 e5 02 	call	0x5ca	; 0x5ca <pinMode>
/tmp/arduino_build_443235/sketch/StatusM.cpp:12
    pinMode(BTN_USR2, INPUT_PULLUP);
    1dc2:	62 e0       	ldi	r22, 0x02	; 2
    1dc4:	83 e1       	ldi	r24, 0x13	; 19
    1dc6:	0e 94 e5 02 	call	0x5ca	; 0x5ca <pinMode>
/tmp/arduino_build_443235/sketch/StatusM.cpp:13
    pinMode(LED_B, OUTPUT);
    1dca:	61 e0       	ldi	r22, 0x01	; 1
    1dcc:	8b e1       	ldi	r24, 0x1B	; 27
    1dce:	0e 94 e5 02 	call	0x5ca	; 0x5ca <pinMode>
/tmp/arduino_build_443235/sketch/StatusM.cpp:14
    pinMode(LED_G, OUTPUT);
    1dd2:	61 e0       	ldi	r22, 0x01	; 1
    1dd4:	8c e1       	ldi	r24, 0x1C	; 28
    1dd6:	0e 94 e5 02 	call	0x5ca	; 0x5ca <pinMode>
/tmp/arduino_build_443235/sketch/StatusM.cpp:15
    pinMode(LED_Y, OUTPUT);
    1dda:	61 e0       	ldi	r22, 0x01	; 1
    1ddc:	8d e1       	ldi	r24, 0x1D	; 29
    1dde:	0e 94 e5 02 	call	0x5ca	; 0x5ca <pinMode>
/tmp/arduino_build_443235/sketch/StatusM.cpp:16
    pinMode(LED_R, OUTPUT);
    1de2:	61 e0       	ldi	r22, 0x01	; 1
    1de4:	8e e1       	ldi	r24, 0x1E	; 30
    1de6:	0e 94 e5 02 	call	0x5ca	; 0x5ca <pinMode>
setLED():
/tmp/arduino_build_443235/sketch/StatusM.cpp:27
    ledSlowTime = 0;
    buttonStates = digitalRead(BTN_USR1) << 1 | digitalRead(BTN_USR2);
}

void StatusM::setLED(uint8_t led, LED_STATUS s) {
    leds[led] = s;
    1dea:	83 e0       	ldi	r24, 0x03	; 3
    1dec:	90 e0       	ldi	r25, 0x00	; 0
    1dee:	f8 01       	movw	r30, r16
    1df0:	91 83       	std	Z+1, r25	; 0x01
    1df2:	80 83       	st	Z, r24
/tmp/arduino_build_443235/sketch/StatusM.cpp:29
    if (s == LED_ON) {
        digitalWrite(LEDS_pinMap[led], HIGH);
    1df4:	61 e0       	ldi	r22, 0x01	; 1
    1df6:	8b e1       	ldi	r24, 0x1B	; 27
    1df8:	0e 94 b7 02 	call	0x56e	; 0x56e <digitalWrite>
/tmp/arduino_build_443235/sketch/StatusM.cpp:27
    ledSlowTime = 0;
    buttonStates = digitalRead(BTN_USR1) << 1 | digitalRead(BTN_USR2);
}

void StatusM::setLED(uint8_t led, LED_STATUS s) {
    leds[led] = s;
    1dfc:	d8 01       	movw	r26, r16
    1dfe:	13 96       	adiw	r26, 0x03	; 3
    1e00:	1c 92       	st	X, r1
    1e02:	1e 92       	st	-X, r1
    1e04:	12 97       	sbiw	r26, 0x02	; 2
/tmp/arduino_build_443235/sketch/StatusM.cpp:31
    if (s == LED_ON) {
        digitalWrite(LEDS_pinMap[led], HIGH);
    } else if (s == LED_OFF) {
        digitalWrite(LEDS_pinMap[led], LOW);
    1e06:	60 e0       	ldi	r22, 0x00	; 0
    1e08:	8c e1       	ldi	r24, 0x1C	; 28
    1e0a:	0e 94 b7 02 	call	0x56e	; 0x56e <digitalWrite>
/tmp/arduino_build_443235/sketch/StatusM.cpp:27
    ledSlowTime = 0;
    buttonStates = digitalRead(BTN_USR1) << 1 | digitalRead(BTN_USR2);
}

void StatusM::setLED(uint8_t led, LED_STATUS s) {
    leds[led] = s;
    1e0e:	f8 01       	movw	r30, r16
    1e10:	15 82       	std	Z+5, r1	; 0x05
    1e12:	14 82       	std	Z+4, r1	; 0x04
/tmp/arduino_build_443235/sketch/StatusM.cpp:31
    if (s == LED_ON) {
        digitalWrite(LEDS_pinMap[led], HIGH);
    } else if (s == LED_OFF) {
        digitalWrite(LEDS_pinMap[led], LOW);
    1e14:	60 e0       	ldi	r22, 0x00	; 0
    1e16:	8d e1       	ldi	r24, 0x1D	; 29
    1e18:	0e 94 b7 02 	call	0x56e	; 0x56e <digitalWrite>
/tmp/arduino_build_443235/sketch/StatusM.cpp:27
    ledSlowTime = 0;
    buttonStates = digitalRead(BTN_USR1) << 1 | digitalRead(BTN_USR2);
}

void StatusM::setLED(uint8_t led, LED_STATUS s) {
    leds[led] = s;
    1e1c:	d8 01       	movw	r26, r16
    1e1e:	17 96       	adiw	r26, 0x07	; 7
    1e20:	1c 92       	st	X, r1
    1e22:	1e 92       	st	-X, r1
    1e24:	16 97       	sbiw	r26, 0x06	; 6
/tmp/arduino_build_443235/sketch/StatusM.cpp:31
    if (s == LED_ON) {
        digitalWrite(LEDS_pinMap[led], HIGH);
    } else if (s == LED_OFF) {
        digitalWrite(LEDS_pinMap[led], LOW);
    1e26:	60 e0       	ldi	r22, 0x00	; 0
    1e28:	8e e1       	ldi	r24, 0x1E	; 30
    1e2a:	0e 94 b7 02 	call	0x56e	; 0x56e <digitalWrite>
__base_ctor ():
/tmp/arduino_build_443235/sketch/StatusM.cpp:21
    pinMode(LED_R, OUTPUT);
    setLED(0, LED_ON);
    setLED(1, LED_OFF);
    setLED(2, LED_OFF);
    setLED(3, LED_OFF);
    ledFastTime = millis();
    1e2e:	0e 94 78 03 	call	0x6f0	; 0x6f0 <millis>
    1e32:	f8 01       	movw	r30, r16
    1e34:	60 87       	std	Z+8, r22	; 0x08
    1e36:	71 87       	std	Z+9, r23	; 0x09
    1e38:	82 87       	std	Z+10, r24	; 0x0a
    1e3a:	93 87       	std	Z+11, r25	; 0x0b
/tmp/arduino_build_443235/sketch/StatusM.cpp:22
    ledSlowTime = 0;
    1e3c:	14 86       	std	Z+12, r1	; 0x0c
/tmp/arduino_build_443235/sketch/StatusM.cpp:23
    buttonStates = digitalRead(BTN_USR1) << 1 | digitalRead(BTN_USR2);
    1e3e:	82 e1       	ldi	r24, 0x12	; 18
    1e40:	0e 94 8e 02 	call	0x51c	; 0x51c <digitalRead>
    1e44:	7c 01       	movw	r14, r24
    1e46:	83 e1       	ldi	r24, 0x13	; 19
    1e48:	0e 94 8e 02 	call	0x51c	; 0x51c <digitalRead>
    1e4c:	ee 0c       	add	r14, r14
    1e4e:	ff 1c       	adc	r15, r15
    1e50:	e8 2a       	or	r14, r24
    1e52:	d8 01       	movw	r26, r16
    1e54:	1d 96       	adiw	r26, 0x0d	; 13
    1e56:	ec 92       	st	X, r14
    1e58:	1d 97       	sbiw	r26, 0x0d	; 13
/tmp/arduino_build_443235/sketch/CMDParser.cpp:6
#include "CMDParser.h"




Parser::Parser(M590 *gsm, Horaires *rtc, Ration *feeder, DateTime now): status(now) {
    1e5a:	5e 96       	adiw	r26, 0x1e	; 30
    1e5c:	1c 92       	st	X, r1
/tmp/arduino_build_443235/sketch/CMDParser.cpp:8
    
    Serial1.println("status init0");
    1e5e:	6f e5       	ldi	r22, 0x5F	; 95
    1e60:	71 e0       	ldi	r23, 0x01	; 1
    1e62:	88 ec       	ldi	r24, 0xC8	; 200
    1e64:	92 e0       	ldi	r25, 0x02	; 2
    1e66:	0e 94 eb 05 	call	0xbd6	; 0xbd6 <Print::println(char const*)>
/tmp/arduino_build_443235/sketch/CMDParser.cpp:9
    _gsm = gsm;
    1e6a:	f8 01       	movw	r30, r16
    1e6c:	e2 5e       	subi	r30, 0xE2	; 226
    1e6e:	fe 4f       	sbci	r31, 0xFE	; 254
    1e70:	8d e6       	ldi	r24, 0x6D	; 109
    1e72:	93 e0       	ldi	r25, 0x03	; 3
    1e74:	91 83       	std	Z+1, r25	; 0x01
    1e76:	80 83       	st	Z, r24
/tmp/arduino_build_443235/sketch/CMDParser.cpp:10
    _rtc = rtc;
    1e78:	32 96       	adiw	r30, 0x02	; 2
    1e7a:	8d ea       	ldi	r24, 0xAD	; 173
    1e7c:	93 e0       	ldi	r25, 0x03	; 3
    1e7e:	91 83       	std	Z+1, r25	; 0x01
    1e80:	80 83       	st	Z, r24
/tmp/arduino_build_443235/sketch/CMDParser.cpp:11
    _feeder = feeder;
    1e82:	32 96       	adiw	r30, 0x02	; 2
    1e84:	87 ec       	ldi	r24, 0xC7	; 199
    1e86:	93 e0       	ldi	r25, 0x03	; 3
    1e88:	91 83       	std	Z+1, r25	; 0x01
    1e8a:	80 83       	st	Z, r24
/tmp/arduino_build_443235/sketch/CMDParser.cpp:12
    _gsm->_text_ptr = text_content;
    1e8c:	c8 01       	movw	r24, r16
    1e8e:	4f 96       	adiw	r24, 0x1f	; 31
    1e90:	90 93 7a 03 	sts	0x037A, r25	; 0x80037a <gsm+0xd>
    1e94:	80 93 79 03 	sts	0x0379, r24	; 0x800379 <gsm+0xc>
/tmp/arduino_build_443235/sketch/CMDParser.cpp:13
    Serial1.println("status init");
    1e98:	6c e6       	ldi	r22, 0x6C	; 108
    1e9a:	71 e0       	ldi	r23, 0x01	; 1
    1e9c:	88 ec       	ldi	r24, 0xC8	; 200
    1e9e:	92 e0       	ldi	r25, 0x02	; 2
    1ea0:	0e 94 eb 05 	call	0xbd6	; 0xbd6 <Print::println(char const*)>
setup():
/home/user/Documents/PCB/horse_feeder/SW/n1/n1.ino:33
    1ea4:	10 93 cb 01 	sts	0x01CB, r17	; 0x8001cb <SMShandler+0x1>
    1ea8:	00 93 ca 01 	sts	0x01CA, r16	; 0x8001ca <SMShandler>
setAlarm():
/tmp/arduino_build_443235/sketch/Horaires.cpp:72
}

// **Set an alarm time and enable it automatically**
void Horaires::setAlarm(uint8_t alarmNumber, uint8_t hours, uint8_t minutes) {
    if (alarmNumber >= MAX_ALARMS) return; // Ensure valid alarm number
    if(alarmNumber==lastAlarmRung)lastAlarmRung=-1;
    1eac:	80 91 ad 03 	lds	r24, 0x03AD	; 0x8003ad <rtc>
    1eb0:	81 11       	cpse	r24, r1
    1eb2:	03 c0       	rjmp	.+6      	; 0x1eba <main+0x3f0>
    1eb4:	8f ef       	ldi	r24, 0xFF	; 255
    1eb6:	80 93 ad 03 	sts	0x03AD, r24	; 0x8003ad <rtc>
/tmp/arduino_build_443235/sketch/Horaires.cpp:73
    alarms[alarmNumber] = { hours, minutes, true, false }; // Automatically enable
    1eba:	84 e1       	ldi	r24, 0x14	; 20
    1ebc:	80 93 af 03 	sts	0x03AF, r24	; 0x8003af <rtc+0x2>
    1ec0:	8b e0       	ldi	r24, 0x0B	; 11
    1ec2:	80 93 b0 03 	sts	0x03B0, r24	; 0x8003b0 <rtc+0x3>
    1ec6:	81 e0       	ldi	r24, 0x01	; 1
    1ec8:	80 93 b1 03 	sts	0x03B1, r24	; 0x8003b1 <rtc+0x4>
    1ecc:	10 92 b2 03 	sts	0x03B2, r1	; 0x8003b2 <rtc+0x5>
/tmp/arduino_build_443235/sketch/Horaires.cpp:74
    saveAlarmToEEPROM(alarmNumber);
    1ed0:	80 e0       	ldi	r24, 0x00	; 0
    1ed2:	0e 94 32 08 	call	0x1064	; 0x1064 <Horaires::saveAlarmToEEPROM(unsigned char) [clone .constprop.34]>
/tmp/arduino_build_443235/sketch/Horaires.cpp:72
}

// **Set an alarm time and enable it automatically**
void Horaires::setAlarm(uint8_t alarmNumber, uint8_t hours, uint8_t minutes) {
    if (alarmNumber >= MAX_ALARMS) return; // Ensure valid alarm number
    if(alarmNumber==lastAlarmRung)lastAlarmRung=-1;
    1ed6:	80 91 ad 03 	lds	r24, 0x03AD	; 0x8003ad <rtc>
    1eda:	81 30       	cpi	r24, 0x01	; 1
    1edc:	19 f4       	brne	.+6      	; 0x1ee4 <main+0x41a>
    1ede:	8f ef       	ldi	r24, 0xFF	; 255
    1ee0:	80 93 ad 03 	sts	0x03AD, r24	; 0x8003ad <rtc>
/tmp/arduino_build_443235/sketch/Horaires.cpp:73
    alarms[alarmNumber] = { hours, minutes, true, false }; // Automatically enable
    1ee4:	84 e1       	ldi	r24, 0x14	; 20
    1ee6:	80 93 b3 03 	sts	0x03B3, r24	; 0x8003b3 <rtc+0x6>
    1eea:	80 93 b4 03 	sts	0x03B4, r24	; 0x8003b4 <rtc+0x7>
    1eee:	81 e0       	ldi	r24, 0x01	; 1
    1ef0:	80 93 b5 03 	sts	0x03B5, r24	; 0x8003b5 <rtc+0x8>
    1ef4:	10 92 b6 03 	sts	0x03B6, r1	; 0x8003b6 <rtc+0x9>
/tmp/arduino_build_443235/sketch/Horaires.cpp:74
    saveAlarmToEEPROM(alarmNumber);
    1ef8:	0e 94 32 08 	call	0x1064	; 0x1064 <Horaires::saveAlarmToEEPROM(unsigned char) [clone .constprop.34]>
/tmp/arduino_build_443235/sketch/Horaires.cpp:72
}

// **Set an alarm time and enable it automatically**
void Horaires::setAlarm(uint8_t alarmNumber, uint8_t hours, uint8_t minutes) {
    if (alarmNumber >= MAX_ALARMS) return; // Ensure valid alarm number
    if(alarmNumber==lastAlarmRung)lastAlarmRung=-1;
    1efc:	80 91 ad 03 	lds	r24, 0x03AD	; 0x8003ad <rtc>
    1f00:	82 30       	cpi	r24, 0x02	; 2
    1f02:	19 f4       	brne	.+6      	; 0x1f0a <main+0x440>
    1f04:	8f ef       	ldi	r24, 0xFF	; 255
    1f06:	80 93 ad 03 	sts	0x03AD, r24	; 0x8003ad <rtc>
/tmp/arduino_build_443235/sketch/Horaires.cpp:73
    alarms[alarmNumber] = { hours, minutes, true, false }; // Automatically enable
    1f0a:	88 e0       	ldi	r24, 0x08	; 8
    1f0c:	80 93 b7 03 	sts	0x03B7, r24	; 0x8003b7 <rtc+0xa>
    1f10:	87 e3       	ldi	r24, 0x37	; 55
    1f12:	80 93 b8 03 	sts	0x03B8, r24	; 0x8003b8 <rtc+0xb>
    1f16:	81 e0       	ldi	r24, 0x01	; 1
    1f18:	80 93 b9 03 	sts	0x03B9, r24	; 0x8003b9 <rtc+0xc>
    1f1c:	10 92 ba 03 	sts	0x03BA, r1	; 0x8003ba <rtc+0xd>
/tmp/arduino_build_443235/sketch/Horaires.cpp:74
    saveAlarmToEEPROM(alarmNumber);
    1f20:	82 e0       	ldi	r24, 0x02	; 2
    1f22:	0e 94 32 08 	call	0x1064	; 0x1064 <Horaires::saveAlarmToEEPROM(unsigned char) [clone .constprop.34]>
setup():
/home/user/Documents/PCB/horse_feeder/SW/n1/n1.ino:37
    rtc.setAlarm(0, 20, 11);
    rtc.setAlarm(1, 20, 20);
    rtc.setAlarm(2, 8, 55);
    SMShandler->sendSystemRestarted();
    1f26:	00 91 ca 01 	lds	r16, 0x01CA	; 0x8001ca <SMShandler>
    1f2a:	10 91 cb 01 	lds	r17, 0x01CB	; 0x8001cb <SMShandler+0x1>
sendSystemRestarted():
/tmp/arduino_build_443235/sketch/CMDParser.cpp:473
    sprintf_P(text_content, PSTR("Batterie faible ! %u.%02uV"), batt / 1000, (batt % 1000) / 10);
    _gsm->queueSMS();
}

void Parser::sendSystemRestarted() {
    DateTime d = _rtc->getDate();
    1f2e:	0e 94 73 04 	call	0x8e6	; 0x8e6 <Horaires::getDate() [clone .constprop.47]>
    1f32:	28 87       	std	Y+8, r18	; 0x08
    1f34:	39 87       	std	Y+9, r19	; 0x09
    1f36:	4a 87       	std	Y+10, r20	; 0x0a
    1f38:	5b 87       	std	Y+11, r21	; 0x0b
    1f3a:	6c 87       	std	Y+12, r22	; 0x0c
    1f3c:	7d 87       	std	Y+13, r23	; 0x0d
    1f3e:	8e 87       	std	Y+14, r24	; 0x0e
/tmp/arduino_build_443235/sketch/CMDParser.cpp:474
    sprintf_P(text_content, PSTR("Le système a redémarré ! %d/%d/%d, %dh%02d:%02d"), d.day, d.month, d.year, d.hours, d.minutes, d.seconds);
    1f40:	1f 92       	push	r1
    1f42:	2f 93       	push	r18
    1f44:	89 85       	ldd	r24, Y+9	; 0x09
    1f46:	1f 92       	push	r1
    1f48:	8f 93       	push	r24
    1f4a:	8a 85       	ldd	r24, Y+10	; 0x0a
    1f4c:	1f 92       	push	r1
    1f4e:	8f 93       	push	r24
    1f50:	8e 85       	ldd	r24, Y+14	; 0x0e
    1f52:	8f 93       	push	r24
    1f54:	8d 85       	ldd	r24, Y+13	; 0x0d
    1f56:	8f 93       	push	r24
    1f58:	8c 85       	ldd	r24, Y+12	; 0x0c
    1f5a:	1f 92       	push	r1
    1f5c:	8f 93       	push	r24
    1f5e:	8b 85       	ldd	r24, Y+11	; 0x0b
    1f60:	1f 92       	push	r1
    1f62:	8f 93       	push	r24
    1f64:	87 e0       	ldi	r24, 0x07	; 7
    1f66:	91 e0       	ldi	r25, 0x01	; 1
    1f68:	9f 93       	push	r25
    1f6a:	8f 93       	push	r24
    1f6c:	c8 01       	movw	r24, r16
    1f6e:	4f 96       	adiw	r24, 0x1f	; 31
    1f70:	9f 93       	push	r25
    1f72:	8f 93       	push	r24
    1f74:	0e 94 6d 10 	call	0x20da	; 0x20da <sprintf_P>
/tmp/arduino_build_443235/sketch/CMDParser.cpp:475
    _gsm->queueSMS();
    1f78:	f8 01       	movw	r30, r16
    1f7a:	e2 5e       	subi	r30, 0xE2	; 226
    1f7c:	fe 4f       	sbci	r31, 0xFE	; 254
    1f7e:	00 81       	ld	r16, Z
    1f80:	11 81       	ldd	r17, Z+1	; 0x01
queueSMS():
/tmp/arduino_build_443235/sketch/M590.cpp:526
}


bool M590::queueSMS() {

    _debugSerial->print(F("SMS: "));
    1f82:	61 e0       	ldi	r22, 0x01	; 1
    1f84:	71 e0       	ldi	r23, 0x01	; 1
    1f86:	f8 01       	movw	r30, r16
    1f88:	80 89       	ldd	r24, Z+16	; 0x10
    1f8a:	91 89       	ldd	r25, Z+17	; 0x11
    1f8c:	0e 94 21 01 	call	0x242	; 0x242 <Print::print(__FlashStringHelper const*)>
/tmp/arduino_build_443235/sketch/M590.cpp:527
    _debugSerial->println(_text_ptr);
    1f90:	d8 01       	movw	r26, r16
    1f92:	1c 96       	adiw	r26, 0x0c	; 12
    1f94:	6d 91       	ld	r22, X+
    1f96:	7c 91       	ld	r23, X
    1f98:	1d 97       	sbiw	r26, 0x0d	; 13
    1f9a:	50 96       	adiw	r26, 0x10	; 16
    1f9c:	8d 91       	ld	r24, X+
    1f9e:	9c 91       	ld	r25, X
    1fa0:	0e 94 eb 05 	call	0xbd6	; 0xbd6 <Print::println(char const*)>
/tmp/arduino_build_443235/sketch/M590.cpp:529

    if (_currentState == M590_STATE_INPUT_MODE_DONE) {
    1fa4:	0f b6       	in	r0, 0x3f	; 63
    1fa6:	f8 94       	cli
    1fa8:	de bf       	out	0x3e, r29	; 62
    1faa:	0f be       	out	0x3f, r0	; 63
    1fac:	cd bf       	out	0x3d, r28	; 61
    1fae:	d8 01       	movw	r26, r16
    1fb0:	52 96       	adiw	r26, 0x12	; 18
    1fb2:	8d 91       	ld	r24, X+
    1fb4:	9c 91       	ld	r25, X
    1fb6:	53 97       	sbiw	r26, 0x13	; 19
    1fb8:	0a 97       	sbiw	r24, 0x0a	; 10
    1fba:	09 f0       	breq	.+2      	; 0x1fbe <main+0x4f4>
    1fbc:	6d c0       	rjmp	.+218    	; 0x2098 <main+0x5ce>
/tmp/arduino_build_443235/sketch/M590.cpp:531

        _gsmSerial->print((__FlashStringHelper *) M590_COMMAND_PREFIX);
    1fbe:	60 e4       	ldi	r22, 0x40	; 64
    1fc0:	71 e0       	ldi	r23, 0x01	; 1
    1fc2:	1e 96       	adiw	r26, 0x0e	; 14
    1fc4:	8d 91       	ld	r24, X+
    1fc6:	9c 91       	ld	r25, X
    1fc8:	0e 94 21 01 	call	0x242	; 0x242 <Print::print(__FlashStringHelper const*)>
/tmp/arduino_build_443235/sketch/M590.cpp:532
        _gsmSerial->print((__FlashStringHelper *) M590_COMMAND_SEND_SMS);
    1fcc:	6a ef       	ldi	r22, 0xFA	; 250
    1fce:	70 e0       	ldi	r23, 0x00	; 0
    1fd0:	f8 01       	movw	r30, r16
    1fd2:	86 85       	ldd	r24, Z+14	; 0x0e
    1fd4:	97 85       	ldd	r25, Z+15	; 0x0f
    1fd6:	0e 94 21 01 	call	0x242	; 0x242 <Print::print(__FlashStringHelper const*)>
/tmp/arduino_build_443235/sketch/M590.cpp:533
        _gsmSerial->print(targetNum);
    1fda:	d8 01       	movw	r26, r16
    1fdc:	1e 96       	adiw	r26, 0x0e	; 14
    1fde:	8d 91       	ld	r24, X+
    1fe0:	9c 91       	ld	r25, X
    1fe2:	1f 97       	sbiw	r26, 0x0f	; 15
write():
/home/user/.arduino15/packages/MightyCore/hardware/avr/3.0.3/cores/MCUdude_corefiles/Print.h:58
    1fe4:	14 96       	adiw	r26, 0x04	; 4
    1fe6:	4d 91       	ld	r20, X+
    1fe8:	5c 91       	ld	r21, X
    1fea:	15 97       	sbiw	r26, 0x05	; 5
    1fec:	6d 91       	ld	r22, X+
    1fee:	7c 91       	ld	r23, X
    1ff0:	dc 01       	movw	r26, r24
    1ff2:	ed 91       	ld	r30, X+
    1ff4:	fc 91       	ld	r31, X
    1ff6:	02 80       	ldd	r0, Z+2	; 0x02
    1ff8:	f3 81       	ldd	r31, Z+3	; 0x03
    1ffa:	e0 2d       	mov	r30, r0
    1ffc:	09 95       	icall
queueSMS():
/tmp/arduino_build_443235/sketch/M590.cpp:534
        _gsmSerial->println('"');
    1ffe:	f8 01       	movw	r30, r16
    2000:	e6 84       	ldd	r14, Z+14	; 0x0e
    2002:	f7 84       	ldd	r15, Z+15	; 0x0f
println():
/home/user/.arduino15/packages/MightyCore/hardware/avr/3.0.3/cores/MCUdude_corefiles/Print.cpp:147
  return n;
}

size_t Print::println(char c)
{
  size_t n = print(c);
    2004:	62 e2       	ldi	r22, 0x22	; 34
    2006:	c7 01       	movw	r24, r14
    2008:	0e 94 1a 01 	call	0x234	; 0x234 <Print::print(char)>
/home/user/.arduino15/packages/MightyCore/hardware/avr/3.0.3/cores/MCUdude_corefiles/Print.cpp:148
  n += println();
    200c:	c7 01       	movw	r24, r14
    200e:	0e 94 e7 05 	call	0xbce	; 0xbce <Print::println()>
readUntil():
/tmp/arduino_build_443235/sketch/M590.cpp:489
    }
    return M590_TIMEOUT;
}

m590ResponseCode M590::readUntil(const char readUntil, const unsigned int timeout) {
    unsigned long startTime = millis();
    2012:	0e 94 78 03 	call	0x6f0	; 0x6f0 <millis>
/tmp/arduino_build_443235/sketch/M590.cpp:491

    while (millis() < (startTime + timeout)) {
    2016:	6b 01       	movw	r12, r22
    2018:	7c 01       	movw	r14, r24
    201a:	f8 ee       	ldi	r31, 0xE8	; 232
    201c:	cf 0e       	add	r12, r31
    201e:	f3 e0       	ldi	r31, 0x03	; 3
    2020:	df 1e       	adc	r13, r31
    2022:	e1 1c       	adc	r14, r1
    2024:	f1 1c       	adc	r15, r1
    2026:	0e 94 78 03 	call	0x6f0	; 0x6f0 <millis>
    202a:	6c 15       	cp	r22, r12
    202c:	7d 05       	cpc	r23, r13
    202e:	8e 05       	cpc	r24, r14
    2030:	9f 05       	cpc	r25, r15
    2032:	90 f5       	brcc	.+100    	; 0x2098 <main+0x5ce>
/tmp/arduino_build_443235/sketch/M590.cpp:492
        if (_gsmSerial->available()) {
    2034:	d8 01       	movw	r26, r16
    2036:	1e 96       	adiw	r26, 0x0e	; 14
    2038:	8d 91       	ld	r24, X+
    203a:	9c 91       	ld	r25, X
    203c:	dc 01       	movw	r26, r24
    203e:	ed 91       	ld	r30, X+
    2040:	fc 91       	ld	r31, X
    2042:	00 84       	ldd	r0, Z+8	; 0x08
    2044:	f1 85       	ldd	r31, Z+9	; 0x09
    2046:	e0 2d       	mov	r30, r0
    2048:	09 95       	icall
    204a:	89 2b       	or	r24, r25
    204c:	61 f3       	breq	.-40     	; 0x2026 <main+0x55c>
/tmp/arduino_build_443235/sketch/M590.cpp:493
            if (readUntil == _gsmSerial->read()) {
    204e:	f8 01       	movw	r30, r16
    2050:	86 85       	ldd	r24, Z+14	; 0x0e
    2052:	97 85       	ldd	r25, Z+15	; 0x0f
    2054:	dc 01       	movw	r26, r24
    2056:	ed 91       	ld	r30, X+
    2058:	fc 91       	ld	r31, X
    205a:	02 84       	ldd	r0, Z+10	; 0x0a
    205c:	f3 85       	ldd	r31, Z+11	; 0x0b
    205e:	e0 2d       	mov	r30, r0
    2060:	09 95       	icall
    2062:	ce 97       	sbiw	r24, 0x3e	; 62
    2064:	01 f7       	brne	.-64     	; 0x2026 <main+0x55c>
queueSMS():
/tmp/arduino_build_443235/sketch/M590.cpp:536
        _gsmSerial->print((__FlashStringHelper *) M590_COMMAND_PREFIX);
        _gsmSerial->print((__FlashStringHelper *) M590_COMMAND_SEND_SMS);
        _gsmSerial->print(targetNum);
        _gsmSerial->println('"');
        if (readUntil('>') == M590_TIMEOUT)return false;
        _gsmSerial->print((char*)_text_ptr);
    2066:	d8 01       	movw	r26, r16
    2068:	1e 96       	adiw	r26, 0x0e	; 14
    206a:	8d 91       	ld	r24, X+
    206c:	9c 91       	ld	r25, X
    206e:	1f 97       	sbiw	r26, 0x0f	; 15
    2070:	1c 96       	adiw	r26, 0x0c	; 12
    2072:	6d 91       	ld	r22, X+
    2074:	7c 91       	ld	r23, X
write():
/home/user/.arduino15/packages/MightyCore/hardware/avr/3.0.3/cores/MCUdude_corefiles/Print.h:53
    int getWriteError() { return write_error; }
    void clearWriteError() { setWriteError(0); }

    virtual size_t write(uint8_t) = 0;
    size_t write(const char *str) {
      if (str == NULL) return 0;
    2076:	61 15       	cp	r22, r1
    2078:	71 05       	cpc	r23, r1
    207a:	11 f0       	breq	.+4      	; 0x2080 <main+0x5b6>
    207c:	0e 94 8b 05 	call	0xb16	; 0xb16 <Print::write(char const*) [clone .part.2]>
queueSMS():
/tmp/arduino_build_443235/sketch/M590.cpp:537
        _gsmSerial->write(0x1A);
    2080:	6a e1       	ldi	r22, 0x1A	; 26
    2082:	70 e0       	ldi	r23, 0x00	; 0
    2084:	f8 01       	movw	r30, r16
    2086:	86 85       	ldd	r24, Z+14	; 0x0e
    2088:	97 85       	ldd	r25, Z+15	; 0x0f
    208a:	0e 94 6c 04 	call	0x8d8	; 0x8d8 <HardwareSerial::write(int)>
/tmp/arduino_build_443235/sketch/M590.cpp:538
        return readForResponses(M590_RESPONSE_OK, M590_RESPONSE_FAIL, SMS_TIMEOUT) == M590_SUCCESS;
    208e:	60 e1       	ldi	r22, 0x10	; 16
    2090:	77 e2       	ldi	r23, 0x27	; 39
    2092:	c8 01       	movw	r24, r16
    2094:	0e 94 02 06 	call	0xc04	; 0xc04 <M590::readForResponses(char const*, char const*, unsigned int) [clone .constprop.60]>
main():
/home/user/.arduino15/packages/MightyCore/hardware/avr/3.0.3/cores/MCUdude_corefiles/main.cpp:47
  
  setup();
    
  for (;;) {
    loop();
    if (serialEventRun) serialEventRun();
    2098:	0e 94 52 02 	call	0x4a4	; 0x4a4 <serialEventRun()>
    209c:	fd cf       	rjmp	.-6      	; 0x2098 <main+0x5ce>

0000209e <_GLOBAL__sub_D_feeder>:
__static_initialization_and_destruction_0():
/home/user/Documents/PCB/horse_feeder/SW/n1/n1.ino:21
Horaires rtc;


M590 gsm(NULL);
Parser *SMShandler;//(&gsm, &rtc, &feeder, rtc.getDate());
String input = "";
    209e:	87 e6       	ldi	r24, 0x67	; 103
    20a0:	93 e0       	ldi	r25, 0x03	; 3
    20a2:	0e 94 65 06 	call	0xcca	; 0xcca <String::~String()>
__base_dtor ():
/tmp/arduino_build_443235/sketch/M590.h:53
    M590_NET_UNKNOWN,
    M590_NET_REGISTERED_ROAMING,
    M590_NET_PARSE_ERROR, //not actually part of response, used to determine function failure
};

class M590 {
    20a6:	83 e7       	ldi	r24, 0x73	; 115
    20a8:	93 e0       	ldi	r25, 0x03	; 3
    20aa:	0e 94 65 06 	call	0xcca	; 0xcca <String::~String()>
    20ae:	8d e6       	ldi	r24, 0x6D	; 109
    20b0:	93 e0       	ldi	r25, 0x03	; 3
    20b2:	0e 94 65 06 	call	0xcca	; 0xcca <String::~String()>
detachInterrupt():
/home/user/.arduino15/packages/MightyCore/hardware/avr/3.0.3/cores/MCUdude_corefiles/WInterrupts.c:376
      || defined(__AVR_ATmega1284P__)
        case 0:
          EIMSK &= ~(1 << INT0);
          break;
        case 1:
          EIMSK &= ~(1 << INT1);
    20b6:	e9 98       	cbi	0x1d, 1	; 29
/home/user/.arduino15/packages/MightyCore/hardware/avr/3.0.3/cores/MCUdude_corefiles/WInterrupts.c:414
          EIMSK &= ~(1 << INT0);
          break;

      #endif
    }
    intFunc[interruptNum] = nothing;
    20b8:	e0 e0       	ldi	r30, 0x00	; 0
    20ba:	f1 e0       	ldi	r31, 0x01	; 1
    20bc:	84 e8       	ldi	r24, 0x84	; 132
    20be:	93 e0       	ldi	r25, 0x03	; 3
    20c0:	93 83       	std	Z+3, r25	; 0x03
    20c2:	82 83       	std	Z+2, r24	; 0x02
/home/user/.arduino15/packages/MightyCore/hardware/avr/3.0.3/cores/MCUdude_corefiles/WInterrupts.c:373
      #elif defined(__AVR_ATmega164A__) || defined(__AVR_ATmega164P__)  || defined(__AVR_ATmega324A__)  \
      || defined(__AVR_ATmega324P__)    || defined(__AVR_ATmega324PA__) || defined(__AVR_ATmega324PB__) \
      || defined(__AVR_ATmega644__)     || defined(__AVR_ATmega644P__)  || defined(__AVR_ATmega1284__)  \
      || defined(__AVR_ATmega1284P__)
        case 0:
          EIMSK &= ~(1 << INT0);
    20c4:	e8 98       	cbi	0x1d, 0	; 29
/home/user/.arduino15/packages/MightyCore/hardware/avr/3.0.3/cores/MCUdude_corefiles/WInterrupts.c:414
          EIMSK &= ~(1 << INT0);
          break;

      #endif
    }
    intFunc[interruptNum] = nothing;
    20c6:	91 83       	std	Z+1, r25	; 0x01
    20c8:	80 83       	st	Z, r24
stopMotors():
/tmp/arduino_build_443235/sketch/Ration.cpp:108
void Ration::startMotors() {
    digitalWrite(MOT1_PWM, HIGH); // Turn on Motor1
    digitalWrite(MOT2_PWM, HIGH); // Turn on Motor2
}
void Ration::stopMotors() {
    digitalWrite(MOT1_PWM, LOW);
    20ca:	60 e0       	ldi	r22, 0x00	; 0
    20cc:	8c e0       	ldi	r24, 0x0C	; 12
    20ce:	0e 94 b7 02 	call	0x56e	; 0x56e <digitalWrite>
/tmp/arduino_build_443235/sketch/Ration.cpp:109
    digitalWrite(MOT2_PWM, LOW);
    20d2:	60 e0       	ldi	r22, 0x00	; 0
    20d4:	8d e0       	ldi	r24, 0x0D	; 13
    20d6:	0c 94 b7 02 	jmp	0x56e	; 0x56e <digitalWrite>

000020da <sprintf_P>:
sprintf_P():
    20da:	ae e0       	ldi	r26, 0x0E	; 14
    20dc:	b0 e0       	ldi	r27, 0x00	; 0
    20de:	e3 e7       	ldi	r30, 0x73	; 115
    20e0:	f0 e1       	ldi	r31, 0x10	; 16
    20e2:	0c 94 32 13 	jmp	0x2664	; 0x2664 <__prologue_saves__+0x1c>
    20e6:	0d 89       	ldd	r16, Y+21	; 0x15
    20e8:	1e 89       	ldd	r17, Y+22	; 0x16
    20ea:	8e e0       	ldi	r24, 0x0E	; 14
    20ec:	8c 83       	std	Y+4, r24	; 0x04
    20ee:	1a 83       	std	Y+2, r17	; 0x02
    20f0:	09 83       	std	Y+1, r16	; 0x01
    20f2:	8f ef       	ldi	r24, 0xFF	; 255
    20f4:	9f e7       	ldi	r25, 0x7F	; 127
    20f6:	9e 83       	std	Y+6, r25	; 0x06
    20f8:	8d 83       	std	Y+5, r24	; 0x05
    20fa:	ae 01       	movw	r20, r28
    20fc:	47 5e       	subi	r20, 0xE7	; 231
    20fe:	5f 4f       	sbci	r21, 0xFF	; 255
    2100:	6f 89       	ldd	r22, Y+23	; 0x17
    2102:	78 8d       	ldd	r23, Y+24	; 0x18
    2104:	ce 01       	movw	r24, r28
    2106:	01 96       	adiw	r24, 0x01	; 1
    2108:	0e 94 90 10 	call	0x2120	; 0x2120 <vfprintf>
    210c:	2f 81       	ldd	r18, Y+7	; 0x07
    210e:	38 85       	ldd	r19, Y+8	; 0x08
    2110:	02 0f       	add	r16, r18
    2112:	13 1f       	adc	r17, r19
    2114:	f8 01       	movw	r30, r16
    2116:	10 82       	st	Z, r1
    2118:	2e 96       	adiw	r28, 0x0e	; 14
    211a:	e4 e0       	ldi	r30, 0x04	; 4
    211c:	0c 94 4e 13 	jmp	0x269c	; 0x269c <__epilogue_restores__+0x1c>

00002120 <vfprintf>:
vfprintf():
    2120:	ab e0       	ldi	r26, 0x0B	; 11
    2122:	b0 e0       	ldi	r27, 0x00	; 0
    2124:	e6 e9       	ldi	r30, 0x96	; 150
    2126:	f0 e1       	ldi	r31, 0x10	; 16
    2128:	0c 94 24 13 	jmp	0x2648	; 0x2648 <__prologue_saves__>
    212c:	7c 01       	movw	r14, r24
    212e:	3b 01       	movw	r6, r22
    2130:	8a 01       	movw	r16, r20
    2132:	fc 01       	movw	r30, r24
    2134:	17 82       	std	Z+7, r1	; 0x07
    2136:	16 82       	std	Z+6, r1	; 0x06
    2138:	83 81       	ldd	r24, Z+3	; 0x03
    213a:	81 ff       	sbrs	r24, 1
    213c:	c8 c1       	rjmp	.+912    	; 0x24ce <vfprintf+0x3ae>
    213e:	ce 01       	movw	r24, r28
    2140:	01 96       	adiw	r24, 0x01	; 1
    2142:	5c 01       	movw	r10, r24
    2144:	f7 01       	movw	r30, r14
    2146:	93 81       	ldd	r25, Z+3	; 0x03
    2148:	f3 01       	movw	r30, r6
    214a:	93 fd       	sbrc	r25, 3
    214c:	85 91       	lpm	r24, Z+
    214e:	93 ff       	sbrs	r25, 3
    2150:	81 91       	ld	r24, Z+
    2152:	3f 01       	movw	r6, r30
    2154:	88 23       	and	r24, r24
    2156:	09 f4       	brne	.+2      	; 0x215a <vfprintf+0x3a>
    2158:	53 c1       	rjmp	.+678    	; 0x2400 <vfprintf+0x2e0>
    215a:	85 32       	cpi	r24, 0x25	; 37
    215c:	39 f4       	brne	.+14     	; 0x216c <vfprintf+0x4c>
    215e:	93 fd       	sbrc	r25, 3
    2160:	85 91       	lpm	r24, Z+
    2162:	93 ff       	sbrs	r25, 3
    2164:	81 91       	ld	r24, Z+
    2166:	3f 01       	movw	r6, r30
    2168:	85 32       	cpi	r24, 0x25	; 37
    216a:	29 f4       	brne	.+10     	; 0x2176 <vfprintf+0x56>
    216c:	b7 01       	movw	r22, r14
    216e:	90 e0       	ldi	r25, 0x00	; 0
    2170:	0e 94 80 12 	call	0x2500	; 0x2500 <fputc>
    2174:	e7 cf       	rjmp	.-50     	; 0x2144 <vfprintf+0x24>
    2176:	91 2c       	mov	r9, r1
    2178:	21 2c       	mov	r2, r1
    217a:	31 2c       	mov	r3, r1
    217c:	ff e1       	ldi	r31, 0x1F	; 31
    217e:	f3 15       	cp	r31, r3
    2180:	38 f0       	brcs	.+14     	; 0x2190 <vfprintf+0x70>
    2182:	8b 32       	cpi	r24, 0x2B	; 43
    2184:	11 f1       	breq	.+68     	; 0x21ca <vfprintf+0xaa>
    2186:	90 f4       	brcc	.+36     	; 0x21ac <vfprintf+0x8c>
    2188:	80 32       	cpi	r24, 0x20	; 32
    218a:	09 f1       	breq	.+66     	; 0x21ce <vfprintf+0xae>
    218c:	83 32       	cpi	r24, 0x23	; 35
    218e:	29 f1       	breq	.+74     	; 0x21da <vfprintf+0xba>
    2190:	37 fc       	sbrc	r3, 7
    2192:	3c c0       	rjmp	.+120    	; 0x220c <vfprintf+0xec>
    2194:	20 ed       	ldi	r18, 0xD0	; 208
    2196:	28 0f       	add	r18, r24
    2198:	2a 30       	cpi	r18, 0x0A	; 10
    219a:	50 f5       	brcc	.+84     	; 0x21f0 <vfprintf+0xd0>
    219c:	36 fe       	sbrs	r3, 6
    219e:	20 c0       	rjmp	.+64     	; 0x21e0 <vfprintf+0xc0>
    21a0:	8a e0       	ldi	r24, 0x0A	; 10
    21a2:	98 9e       	mul	r9, r24
    21a4:	20 0d       	add	r18, r0
    21a6:	11 24       	eor	r1, r1
    21a8:	92 2e       	mov	r9, r18
    21aa:	06 c0       	rjmp	.+12     	; 0x21b8 <vfprintf+0x98>
    21ac:	8d 32       	cpi	r24, 0x2D	; 45
    21ae:	91 f0       	breq	.+36     	; 0x21d4 <vfprintf+0xb4>
    21b0:	80 33       	cpi	r24, 0x30	; 48
    21b2:	71 f7       	brne	.-36     	; 0x2190 <vfprintf+0x70>
    21b4:	68 94       	set
    21b6:	30 f8       	bld	r3, 0
    21b8:	f3 01       	movw	r30, r6
    21ba:	93 fd       	sbrc	r25, 3
    21bc:	85 91       	lpm	r24, Z+
    21be:	93 ff       	sbrs	r25, 3
    21c0:	81 91       	ld	r24, Z+
    21c2:	3f 01       	movw	r6, r30
    21c4:	81 11       	cpse	r24, r1
    21c6:	da cf       	rjmp	.-76     	; 0x217c <vfprintf+0x5c>
    21c8:	21 c0       	rjmp	.+66     	; 0x220c <vfprintf+0xec>
    21ca:	68 94       	set
    21cc:	31 f8       	bld	r3, 1
    21ce:	68 94       	set
    21d0:	32 f8       	bld	r3, 2
    21d2:	f2 cf       	rjmp	.-28     	; 0x21b8 <vfprintf+0x98>
    21d4:	68 94       	set
    21d6:	33 f8       	bld	r3, 3
    21d8:	ef cf       	rjmp	.-34     	; 0x21b8 <vfprintf+0x98>
    21da:	68 94       	set
    21dc:	34 f8       	bld	r3, 4
    21de:	ec cf       	rjmp	.-40     	; 0x21b8 <vfprintf+0x98>
    21e0:	ea e0       	ldi	r30, 0x0A	; 10
    21e2:	2e 9e       	mul	r2, r30
    21e4:	20 0d       	add	r18, r0
    21e6:	11 24       	eor	r1, r1
    21e8:	22 2e       	mov	r2, r18
    21ea:	68 94       	set
    21ec:	35 f8       	bld	r3, 5
    21ee:	e4 cf       	rjmp	.-56     	; 0x21b8 <vfprintf+0x98>
    21f0:	8e 32       	cpi	r24, 0x2E	; 46
    21f2:	29 f4       	brne	.+10     	; 0x21fe <vfprintf+0xde>
    21f4:	36 fc       	sbrc	r3, 6
    21f6:	04 c1       	rjmp	.+520    	; 0x2400 <vfprintf+0x2e0>
    21f8:	68 94       	set
    21fa:	36 f8       	bld	r3, 6
    21fc:	dd cf       	rjmp	.-70     	; 0x21b8 <vfprintf+0x98>
    21fe:	8c 36       	cpi	r24, 0x6C	; 108
    2200:	19 f4       	brne	.+6      	; 0x2208 <vfprintf+0xe8>
    2202:	68 94       	set
    2204:	37 f8       	bld	r3, 7
    2206:	d8 cf       	rjmp	.-80     	; 0x21b8 <vfprintf+0x98>
    2208:	88 36       	cpi	r24, 0x68	; 104
    220a:	b1 f2       	breq	.-84     	; 0x21b8 <vfprintf+0x98>
    220c:	98 2f       	mov	r25, r24
    220e:	9f 7d       	andi	r25, 0xDF	; 223
    2210:	95 54       	subi	r25, 0x45	; 69
    2212:	93 30       	cpi	r25, 0x03	; 3
    2214:	e0 f0       	brcs	.+56     	; 0x224e <vfprintf+0x12e>
    2216:	83 36       	cpi	r24, 0x63	; 99
    2218:	a1 f1       	breq	.+104    	; 0x2282 <vfprintf+0x162>
    221a:	83 37       	cpi	r24, 0x73	; 115
    221c:	c1 f1       	breq	.+112    	; 0x228e <vfprintf+0x16e>
    221e:	83 35       	cpi	r24, 0x53	; 83
    2220:	09 f0       	breq	.+2      	; 0x2224 <vfprintf+0x104>
    2222:	63 c0       	rjmp	.+198    	; 0x22ea <vfprintf+0x1ca>
    2224:	28 01       	movw	r4, r16
    2226:	f2 e0       	ldi	r31, 0x02	; 2
    2228:	4f 0e       	add	r4, r31
    222a:	51 1c       	adc	r5, r1
    222c:	f8 01       	movw	r30, r16
    222e:	c0 80       	ld	r12, Z
    2230:	d1 80       	ldd	r13, Z+1	; 0x01
    2232:	69 2d       	mov	r22, r9
    2234:	70 e0       	ldi	r23, 0x00	; 0
    2236:	36 fc       	sbrc	r3, 6
    2238:	02 c0       	rjmp	.+4      	; 0x223e <vfprintf+0x11e>
    223a:	6f ef       	ldi	r22, 0xFF	; 255
    223c:	7f ef       	ldi	r23, 0xFF	; 255
    223e:	c6 01       	movw	r24, r12
    2240:	0e 94 6a 12 	call	0x24d4	; 0x24d4 <strnlen_P>
    2244:	4c 01       	movw	r8, r24
    2246:	68 94       	set
    2248:	37 f8       	bld	r3, 7
    224a:	82 01       	movw	r16, r4
    224c:	0a c0       	rjmp	.+20     	; 0x2262 <vfprintf+0x142>
    224e:	0c 5f       	subi	r16, 0xFC	; 252
    2250:	1f 4f       	sbci	r17, 0xFF	; 255
    2252:	ff e3       	ldi	r31, 0x3F	; 63
    2254:	f9 83       	std	Y+1, r31	; 0x01
    2256:	88 24       	eor	r8, r8
    2258:	83 94       	inc	r8
    225a:	91 2c       	mov	r9, r1
    225c:	65 01       	movw	r12, r10
    225e:	e8 94       	clt
    2260:	37 f8       	bld	r3, 7
    2262:	33 fe       	sbrs	r3, 3
    2264:	2d c0       	rjmp	.+90     	; 0x22c0 <vfprintf+0x1a0>
    2266:	52 2c       	mov	r5, r2
    2268:	81 14       	cp	r8, r1
    226a:	91 04       	cpc	r9, r1
    226c:	71 f5       	brne	.+92     	; 0x22ca <vfprintf+0x1aa>
    226e:	55 20       	and	r5, r5
    2270:	09 f4       	brne	.+2      	; 0x2274 <vfprintf+0x154>
    2272:	68 cf       	rjmp	.-304    	; 0x2144 <vfprintf+0x24>
    2274:	b7 01       	movw	r22, r14
    2276:	80 e2       	ldi	r24, 0x20	; 32
    2278:	90 e0       	ldi	r25, 0x00	; 0
    227a:	0e 94 80 12 	call	0x2500	; 0x2500 <fputc>
    227e:	5a 94       	dec	r5
    2280:	f6 cf       	rjmp	.-20     	; 0x226e <vfprintf+0x14e>
    2282:	f8 01       	movw	r30, r16
    2284:	80 81       	ld	r24, Z
    2286:	89 83       	std	Y+1, r24	; 0x01
    2288:	0e 5f       	subi	r16, 0xFE	; 254
    228a:	1f 4f       	sbci	r17, 0xFF	; 255
    228c:	e4 cf       	rjmp	.-56     	; 0x2256 <vfprintf+0x136>
    228e:	28 01       	movw	r4, r16
    2290:	f2 e0       	ldi	r31, 0x02	; 2
    2292:	4f 0e       	add	r4, r31
    2294:	51 1c       	adc	r5, r1
    2296:	f8 01       	movw	r30, r16
    2298:	c0 80       	ld	r12, Z
    229a:	d1 80       	ldd	r13, Z+1	; 0x01
    229c:	69 2d       	mov	r22, r9
    229e:	70 e0       	ldi	r23, 0x00	; 0
    22a0:	36 fc       	sbrc	r3, 6
    22a2:	02 c0       	rjmp	.+4      	; 0x22a8 <vfprintf+0x188>
    22a4:	6f ef       	ldi	r22, 0xFF	; 255
    22a6:	7f ef       	ldi	r23, 0xFF	; 255
    22a8:	c6 01       	movw	r24, r12
    22aa:	0e 94 75 12 	call	0x24ea	; 0x24ea <strnlen>
    22ae:	4c 01       	movw	r8, r24
    22b0:	82 01       	movw	r16, r4
    22b2:	d5 cf       	rjmp	.-86     	; 0x225e <vfprintf+0x13e>
    22b4:	b7 01       	movw	r22, r14
    22b6:	80 e2       	ldi	r24, 0x20	; 32
    22b8:	90 e0       	ldi	r25, 0x00	; 0
    22ba:	0e 94 80 12 	call	0x2500	; 0x2500 <fputc>
    22be:	2a 94       	dec	r2
    22c0:	28 14       	cp	r2, r8
    22c2:	19 04       	cpc	r1, r9
    22c4:	09 f0       	breq	.+2      	; 0x22c8 <vfprintf+0x1a8>
    22c6:	b0 f7       	brcc	.-20     	; 0x22b4 <vfprintf+0x194>
    22c8:	ce cf       	rjmp	.-100    	; 0x2266 <vfprintf+0x146>
    22ca:	f6 01       	movw	r30, r12
    22cc:	37 fc       	sbrc	r3, 7
    22ce:	85 91       	lpm	r24, Z+
    22d0:	37 fe       	sbrs	r3, 7
    22d2:	81 91       	ld	r24, Z+
    22d4:	6f 01       	movw	r12, r30
    22d6:	b7 01       	movw	r22, r14
    22d8:	90 e0       	ldi	r25, 0x00	; 0
    22da:	0e 94 80 12 	call	0x2500	; 0x2500 <fputc>
    22de:	51 10       	cpse	r5, r1
    22e0:	5a 94       	dec	r5
    22e2:	f1 e0       	ldi	r31, 0x01	; 1
    22e4:	8f 1a       	sub	r8, r31
    22e6:	91 08       	sbc	r9, r1
    22e8:	bf cf       	rjmp	.-130    	; 0x2268 <vfprintf+0x148>
    22ea:	84 36       	cpi	r24, 0x64	; 100
    22ec:	19 f0       	breq	.+6      	; 0x22f4 <vfprintf+0x1d4>
    22ee:	89 36       	cpi	r24, 0x69	; 105
    22f0:	09 f0       	breq	.+2      	; 0x22f4 <vfprintf+0x1d4>
    22f2:	77 c0       	rjmp	.+238    	; 0x23e2 <vfprintf+0x2c2>
    22f4:	f8 01       	movw	r30, r16
    22f6:	37 fe       	sbrs	r3, 7
    22f8:	6b c0       	rjmp	.+214    	; 0x23d0 <vfprintf+0x2b0>
    22fa:	60 81       	ld	r22, Z
    22fc:	71 81       	ldd	r23, Z+1	; 0x01
    22fe:	82 81       	ldd	r24, Z+2	; 0x02
    2300:	93 81       	ldd	r25, Z+3	; 0x03
    2302:	0c 5f       	subi	r16, 0xFC	; 252
    2304:	1f 4f       	sbci	r17, 0xFF	; 255
    2306:	f3 2d       	mov	r31, r3
    2308:	ff 76       	andi	r31, 0x6F	; 111
    230a:	3f 2e       	mov	r3, r31
    230c:	97 ff       	sbrs	r25, 7
    230e:	09 c0       	rjmp	.+18     	; 0x2322 <vfprintf+0x202>
    2310:	90 95       	com	r25
    2312:	80 95       	com	r24
    2314:	70 95       	com	r23
    2316:	61 95       	neg	r22
    2318:	7f 4f       	sbci	r23, 0xFF	; 255
    231a:	8f 4f       	sbci	r24, 0xFF	; 255
    231c:	9f 4f       	sbci	r25, 0xFF	; 255
    231e:	68 94       	set
    2320:	37 f8       	bld	r3, 7
    2322:	2a e0       	ldi	r18, 0x0A	; 10
    2324:	30 e0       	ldi	r19, 0x00	; 0
    2326:	a5 01       	movw	r20, r10
    2328:	0e 94 b0 12 	call	0x2560	; 0x2560 <__ultoa_invert>
    232c:	c8 2e       	mov	r12, r24
    232e:	ca 18       	sub	r12, r10
    2330:	8c 2c       	mov	r8, r12
    2332:	43 2c       	mov	r4, r3
    2334:	36 fe       	sbrs	r3, 6
    2336:	0c c0       	rjmp	.+24     	; 0x2350 <vfprintf+0x230>
    2338:	e8 94       	clt
    233a:	40 f8       	bld	r4, 0
    233c:	c9 14       	cp	r12, r9
    233e:	40 f4       	brcc	.+16     	; 0x2350 <vfprintf+0x230>
    2340:	34 fe       	sbrs	r3, 4
    2342:	05 c0       	rjmp	.+10     	; 0x234e <vfprintf+0x22e>
    2344:	32 fc       	sbrc	r3, 2
    2346:	03 c0       	rjmp	.+6      	; 0x234e <vfprintf+0x22e>
    2348:	f3 2d       	mov	r31, r3
    234a:	fe 7e       	andi	r31, 0xEE	; 238
    234c:	4f 2e       	mov	r4, r31
    234e:	89 2c       	mov	r8, r9
    2350:	44 fe       	sbrs	r4, 4
    2352:	95 c0       	rjmp	.+298    	; 0x247e <vfprintf+0x35e>
    2354:	fe 01       	movw	r30, r28
    2356:	ec 0d       	add	r30, r12
    2358:	f1 1d       	adc	r31, r1
    235a:	80 81       	ld	r24, Z
    235c:	80 33       	cpi	r24, 0x30	; 48
    235e:	09 f0       	breq	.+2      	; 0x2362 <vfprintf+0x242>
    2360:	87 c0       	rjmp	.+270    	; 0x2470 <vfprintf+0x350>
    2362:	24 2d       	mov	r18, r4
    2364:	29 7e       	andi	r18, 0xE9	; 233
    2366:	42 2e       	mov	r4, r18
    2368:	84 2d       	mov	r24, r4
    236a:	88 70       	andi	r24, 0x08	; 8
    236c:	58 2e       	mov	r5, r24
    236e:	43 fc       	sbrc	r4, 3
    2370:	95 c0       	rjmp	.+298    	; 0x249c <vfprintf+0x37c>
    2372:	40 fe       	sbrs	r4, 0
    2374:	8f c0       	rjmp	.+286    	; 0x2494 <vfprintf+0x374>
    2376:	9c 2c       	mov	r9, r12
    2378:	82 14       	cp	r8, r2
    237a:	18 f4       	brcc	.+6      	; 0x2382 <vfprintf+0x262>
    237c:	2c 0c       	add	r2, r12
    237e:	92 2c       	mov	r9, r2
    2380:	98 18       	sub	r9, r8
    2382:	44 fe       	sbrs	r4, 4
    2384:	91 c0       	rjmp	.+290    	; 0x24a8 <vfprintf+0x388>
    2386:	b7 01       	movw	r22, r14
    2388:	80 e3       	ldi	r24, 0x30	; 48
    238a:	90 e0       	ldi	r25, 0x00	; 0
    238c:	0e 94 80 12 	call	0x2500	; 0x2500 <fputc>
    2390:	42 fe       	sbrs	r4, 2
    2392:	09 c0       	rjmp	.+18     	; 0x23a6 <vfprintf+0x286>
    2394:	88 e7       	ldi	r24, 0x78	; 120
    2396:	90 e0       	ldi	r25, 0x00	; 0
    2398:	41 fe       	sbrs	r4, 1
    239a:	02 c0       	rjmp	.+4      	; 0x23a0 <vfprintf+0x280>
    239c:	88 e5       	ldi	r24, 0x58	; 88
    239e:	90 e0       	ldi	r25, 0x00	; 0
    23a0:	b7 01       	movw	r22, r14
    23a2:	0e 94 80 12 	call	0x2500	; 0x2500 <fputc>
    23a6:	c9 14       	cp	r12, r9
    23a8:	08 f4       	brcc	.+2      	; 0x23ac <vfprintf+0x28c>
    23aa:	8a c0       	rjmp	.+276    	; 0x24c0 <vfprintf+0x3a0>
    23ac:	ca 94       	dec	r12
    23ae:	d1 2c       	mov	r13, r1
    23b0:	9f ef       	ldi	r25, 0xFF	; 255
    23b2:	c9 1a       	sub	r12, r25
    23b4:	d9 0a       	sbc	r13, r25
    23b6:	ca 0c       	add	r12, r10
    23b8:	db 1c       	adc	r13, r11
    23ba:	f6 01       	movw	r30, r12
    23bc:	82 91       	ld	r24, -Z
    23be:	6f 01       	movw	r12, r30
    23c0:	b7 01       	movw	r22, r14
    23c2:	90 e0       	ldi	r25, 0x00	; 0
    23c4:	0e 94 80 12 	call	0x2500	; 0x2500 <fputc>
    23c8:	ac 14       	cp	r10, r12
    23ca:	bd 04       	cpc	r11, r13
    23cc:	b1 f7       	brne	.-20     	; 0x23ba <vfprintf+0x29a>
    23ce:	4f cf       	rjmp	.-354    	; 0x226e <vfprintf+0x14e>
    23d0:	60 81       	ld	r22, Z
    23d2:	71 81       	ldd	r23, Z+1	; 0x01
    23d4:	07 2e       	mov	r0, r23
    23d6:	00 0c       	add	r0, r0
    23d8:	88 0b       	sbc	r24, r24
    23da:	99 0b       	sbc	r25, r25
    23dc:	0e 5f       	subi	r16, 0xFE	; 254
    23de:	1f 4f       	sbci	r17, 0xFF	; 255
    23e0:	92 cf       	rjmp	.-220    	; 0x2306 <vfprintf+0x1e6>
    23e2:	d3 2c       	mov	r13, r3
    23e4:	e8 94       	clt
    23e6:	d4 f8       	bld	r13, 4
    23e8:	2a e0       	ldi	r18, 0x0A	; 10
    23ea:	30 e0       	ldi	r19, 0x00	; 0
    23ec:	85 37       	cpi	r24, 0x75	; 117
    23ee:	39 f1       	breq	.+78     	; 0x243e <vfprintf+0x31e>
    23f0:	23 2d       	mov	r18, r3
    23f2:	29 7f       	andi	r18, 0xF9	; 249
    23f4:	d2 2e       	mov	r13, r18
    23f6:	8f 36       	cpi	r24, 0x6F	; 111
    23f8:	01 f1       	breq	.+64     	; 0x243a <vfprintf+0x31a>
    23fa:	48 f4       	brcc	.+18     	; 0x240e <vfprintf+0x2ee>
    23fc:	88 35       	cpi	r24, 0x58	; 88
    23fe:	a9 f0       	breq	.+42     	; 0x242a <vfprintf+0x30a>
    2400:	f7 01       	movw	r30, r14
    2402:	86 81       	ldd	r24, Z+6	; 0x06
    2404:	97 81       	ldd	r25, Z+7	; 0x07
    2406:	2b 96       	adiw	r28, 0x0b	; 11
    2408:	e2 e1       	ldi	r30, 0x12	; 18
    240a:	0c 94 40 13 	jmp	0x2680	; 0x2680 <__epilogue_restores__>
    240e:	80 37       	cpi	r24, 0x70	; 112
    2410:	49 f0       	breq	.+18     	; 0x2424 <vfprintf+0x304>
    2412:	88 37       	cpi	r24, 0x78	; 120
    2414:	a9 f7       	brne	.-22     	; 0x2400 <vfprintf+0x2e0>
    2416:	d4 fe       	sbrs	r13, 4
    2418:	02 c0       	rjmp	.+4      	; 0x241e <vfprintf+0x2fe>
    241a:	68 94       	set
    241c:	d2 f8       	bld	r13, 2
    241e:	20 e1       	ldi	r18, 0x10	; 16
    2420:	30 e0       	ldi	r19, 0x00	; 0
    2422:	0d c0       	rjmp	.+26     	; 0x243e <vfprintf+0x31e>
    2424:	68 94       	set
    2426:	d4 f8       	bld	r13, 4
    2428:	f6 cf       	rjmp	.-20     	; 0x2416 <vfprintf+0x2f6>
    242a:	34 fe       	sbrs	r3, 4
    242c:	03 c0       	rjmp	.+6      	; 0x2434 <vfprintf+0x314>
    242e:	82 2f       	mov	r24, r18
    2430:	86 60       	ori	r24, 0x06	; 6
    2432:	d8 2e       	mov	r13, r24
    2434:	20 e1       	ldi	r18, 0x10	; 16
    2436:	32 e0       	ldi	r19, 0x02	; 2
    2438:	02 c0       	rjmp	.+4      	; 0x243e <vfprintf+0x31e>
    243a:	28 e0       	ldi	r18, 0x08	; 8
    243c:	30 e0       	ldi	r19, 0x00	; 0
    243e:	f8 01       	movw	r30, r16
    2440:	d7 fe       	sbrs	r13, 7
    2442:	0f c0       	rjmp	.+30     	; 0x2462 <vfprintf+0x342>
    2444:	60 81       	ld	r22, Z
    2446:	71 81       	ldd	r23, Z+1	; 0x01
    2448:	82 81       	ldd	r24, Z+2	; 0x02
    244a:	93 81       	ldd	r25, Z+3	; 0x03
    244c:	0c 5f       	subi	r16, 0xFC	; 252
    244e:	1f 4f       	sbci	r17, 0xFF	; 255
    2450:	a5 01       	movw	r20, r10
    2452:	0e 94 b0 12 	call	0x2560	; 0x2560 <__ultoa_invert>
    2456:	c8 2e       	mov	r12, r24
    2458:	ca 18       	sub	r12, r10
    245a:	3d 2c       	mov	r3, r13
    245c:	e8 94       	clt
    245e:	37 f8       	bld	r3, 7
    2460:	67 cf       	rjmp	.-306    	; 0x2330 <vfprintf+0x210>
    2462:	60 81       	ld	r22, Z
    2464:	71 81       	ldd	r23, Z+1	; 0x01
    2466:	90 e0       	ldi	r25, 0x00	; 0
    2468:	80 e0       	ldi	r24, 0x00	; 0
    246a:	0e 5f       	subi	r16, 0xFE	; 254
    246c:	1f 4f       	sbci	r17, 0xFF	; 255
    246e:	f0 cf       	rjmp	.-32     	; 0x2450 <vfprintf+0x330>
    2470:	42 fc       	sbrc	r4, 2
    2472:	02 c0       	rjmp	.+4      	; 0x2478 <vfprintf+0x358>
    2474:	83 94       	inc	r8
    2476:	78 cf       	rjmp	.-272    	; 0x2368 <vfprintf+0x248>
    2478:	83 94       	inc	r8
    247a:	83 94       	inc	r8
    247c:	75 cf       	rjmp	.-278    	; 0x2368 <vfprintf+0x248>
    247e:	84 2d       	mov	r24, r4
    2480:	86 78       	andi	r24, 0x86	; 134
    2482:	09 f4       	brne	.+2      	; 0x2486 <vfprintf+0x366>
    2484:	71 cf       	rjmp	.-286    	; 0x2368 <vfprintf+0x248>
    2486:	f6 cf       	rjmp	.-20     	; 0x2474 <vfprintf+0x354>
    2488:	b7 01       	movw	r22, r14
    248a:	80 e2       	ldi	r24, 0x20	; 32
    248c:	90 e0       	ldi	r25, 0x00	; 0
    248e:	0e 94 80 12 	call	0x2500	; 0x2500 <fputc>
    2492:	83 94       	inc	r8
    2494:	82 14       	cp	r8, r2
    2496:	c0 f3       	brcs	.-16     	; 0x2488 <vfprintf+0x368>
    2498:	51 2c       	mov	r5, r1
    249a:	73 cf       	rjmp	.-282    	; 0x2382 <vfprintf+0x262>
    249c:	52 2c       	mov	r5, r2
    249e:	58 18       	sub	r5, r8
    24a0:	82 14       	cp	r8, r2
    24a2:	08 f4       	brcc	.+2      	; 0x24a6 <vfprintf+0x386>
    24a4:	6e cf       	rjmp	.-292    	; 0x2382 <vfprintf+0x262>
    24a6:	f8 cf       	rjmp	.-16     	; 0x2498 <vfprintf+0x378>
    24a8:	84 2d       	mov	r24, r4
    24aa:	86 78       	andi	r24, 0x86	; 134
    24ac:	09 f4       	brne	.+2      	; 0x24b0 <vfprintf+0x390>
    24ae:	7b cf       	rjmp	.-266    	; 0x23a6 <vfprintf+0x286>
    24b0:	8b e2       	ldi	r24, 0x2B	; 43
    24b2:	41 fe       	sbrs	r4, 1
    24b4:	80 e2       	ldi	r24, 0x20	; 32
    24b6:	47 fc       	sbrc	r4, 7
    24b8:	8d e2       	ldi	r24, 0x2D	; 45
    24ba:	b7 01       	movw	r22, r14
    24bc:	90 e0       	ldi	r25, 0x00	; 0
    24be:	71 cf       	rjmp	.-286    	; 0x23a2 <vfprintf+0x282>
    24c0:	b7 01       	movw	r22, r14
    24c2:	80 e3       	ldi	r24, 0x30	; 48
    24c4:	90 e0       	ldi	r25, 0x00	; 0
    24c6:	0e 94 80 12 	call	0x2500	; 0x2500 <fputc>
    24ca:	9a 94       	dec	r9
    24cc:	6c cf       	rjmp	.-296    	; 0x23a6 <vfprintf+0x286>
    24ce:	8f ef       	ldi	r24, 0xFF	; 255
    24d0:	9f ef       	ldi	r25, 0xFF	; 255
    24d2:	99 cf       	rjmp	.-206    	; 0x2406 <vfprintf+0x2e6>

000024d4 <strnlen_P>:
strnlen_P():
    24d4:	fc 01       	movw	r30, r24
    24d6:	05 90       	lpm	r0, Z+
    24d8:	61 50       	subi	r22, 0x01	; 1
    24da:	70 40       	sbci	r23, 0x00	; 0
    24dc:	01 10       	cpse	r0, r1
    24de:	d8 f7       	brcc	.-10     	; 0x24d6 <strnlen_P+0x2>
    24e0:	80 95       	com	r24
    24e2:	90 95       	com	r25
    24e4:	8e 0f       	add	r24, r30
    24e6:	9f 1f       	adc	r25, r31
    24e8:	08 95       	ret

000024ea <strnlen>:
strnlen():
    24ea:	fc 01       	movw	r30, r24
    24ec:	61 50       	subi	r22, 0x01	; 1
    24ee:	70 40       	sbci	r23, 0x00	; 0
    24f0:	01 90       	ld	r0, Z+
    24f2:	01 10       	cpse	r0, r1
    24f4:	d8 f7       	brcc	.-10     	; 0x24ec <strnlen+0x2>
    24f6:	80 95       	com	r24
    24f8:	90 95       	com	r25
    24fa:	8e 0f       	add	r24, r30
    24fc:	9f 1f       	adc	r25, r31
    24fe:	08 95       	ret

00002500 <fputc>:
fputc():
    2500:	0f 93       	push	r16
    2502:	1f 93       	push	r17
    2504:	cf 93       	push	r28
    2506:	df 93       	push	r29
    2508:	18 2f       	mov	r17, r24
    250a:	09 2f       	mov	r16, r25
    250c:	eb 01       	movw	r28, r22
    250e:	8b 81       	ldd	r24, Y+3	; 0x03
    2510:	81 fd       	sbrc	r24, 1
    2512:	09 c0       	rjmp	.+18     	; 0x2526 <fputc+0x26>
    2514:	1f ef       	ldi	r17, 0xFF	; 255
    2516:	0f ef       	ldi	r16, 0xFF	; 255
    2518:	81 2f       	mov	r24, r17
    251a:	90 2f       	mov	r25, r16
    251c:	df 91       	pop	r29
    251e:	cf 91       	pop	r28
    2520:	1f 91       	pop	r17
    2522:	0f 91       	pop	r16
    2524:	08 95       	ret
    2526:	82 ff       	sbrs	r24, 2
    2528:	14 c0       	rjmp	.+40     	; 0x2552 <fputc+0x52>
    252a:	2e 81       	ldd	r18, Y+6	; 0x06
    252c:	3f 81       	ldd	r19, Y+7	; 0x07
    252e:	8c 81       	ldd	r24, Y+4	; 0x04
    2530:	9d 81       	ldd	r25, Y+5	; 0x05
    2532:	28 17       	cp	r18, r24
    2534:	39 07       	cpc	r19, r25
    2536:	3c f4       	brge	.+14     	; 0x2546 <fputc+0x46>
    2538:	e8 81       	ld	r30, Y
    253a:	f9 81       	ldd	r31, Y+1	; 0x01
    253c:	cf 01       	movw	r24, r30
    253e:	01 96       	adiw	r24, 0x01	; 1
    2540:	99 83       	std	Y+1, r25	; 0x01
    2542:	88 83       	st	Y, r24
    2544:	10 83       	st	Z, r17
    2546:	8e 81       	ldd	r24, Y+6	; 0x06
    2548:	9f 81       	ldd	r25, Y+7	; 0x07
    254a:	01 96       	adiw	r24, 0x01	; 1
    254c:	9f 83       	std	Y+7, r25	; 0x07
    254e:	8e 83       	std	Y+6, r24	; 0x06
    2550:	e3 cf       	rjmp	.-58     	; 0x2518 <fputc+0x18>
    2552:	e8 85       	ldd	r30, Y+8	; 0x08
    2554:	f9 85       	ldd	r31, Y+9	; 0x09
    2556:	81 2f       	mov	r24, r17
    2558:	09 95       	icall
    255a:	89 2b       	or	r24, r25
    255c:	a1 f3       	breq	.-24     	; 0x2546 <fputc+0x46>
    255e:	da cf       	rjmp	.-76     	; 0x2514 <fputc+0x14>

00002560 <__ultoa_invert>:
__ultoa_invert():
    2560:	fa 01       	movw	r30, r20
    2562:	aa 27       	eor	r26, r26
    2564:	28 30       	cpi	r18, 0x08	; 8
    2566:	51 f1       	breq	.+84     	; 0x25bc <__ultoa_invert+0x5c>
    2568:	20 31       	cpi	r18, 0x10	; 16
    256a:	81 f1       	breq	.+96     	; 0x25cc <__ultoa_invert+0x6c>
    256c:	e8 94       	clt
    256e:	6f 93       	push	r22
    2570:	6e 7f       	andi	r22, 0xFE	; 254
    2572:	6e 5f       	subi	r22, 0xFE	; 254
    2574:	7f 4f       	sbci	r23, 0xFF	; 255
    2576:	8f 4f       	sbci	r24, 0xFF	; 255
    2578:	9f 4f       	sbci	r25, 0xFF	; 255
    257a:	af 4f       	sbci	r26, 0xFF	; 255
    257c:	b1 e0       	ldi	r27, 0x01	; 1
    257e:	3e d0       	rcall	.+124    	; 0x25fc <__ultoa_invert+0x9c>
    2580:	b4 e0       	ldi	r27, 0x04	; 4
    2582:	3c d0       	rcall	.+120    	; 0x25fc <__ultoa_invert+0x9c>
    2584:	67 0f       	add	r22, r23
    2586:	78 1f       	adc	r23, r24
    2588:	89 1f       	adc	r24, r25
    258a:	9a 1f       	adc	r25, r26
    258c:	a1 1d       	adc	r26, r1
    258e:	68 0f       	add	r22, r24
    2590:	79 1f       	adc	r23, r25
    2592:	8a 1f       	adc	r24, r26
    2594:	91 1d       	adc	r25, r1
    2596:	a1 1d       	adc	r26, r1
    2598:	6a 0f       	add	r22, r26
    259a:	71 1d       	adc	r23, r1
    259c:	81 1d       	adc	r24, r1
    259e:	91 1d       	adc	r25, r1
    25a0:	a1 1d       	adc	r26, r1
    25a2:	20 d0       	rcall	.+64     	; 0x25e4 <__ultoa_invert+0x84>
    25a4:	09 f4       	brne	.+2      	; 0x25a8 <__ultoa_invert+0x48>
    25a6:	68 94       	set
    25a8:	3f 91       	pop	r19
    25aa:	2a e0       	ldi	r18, 0x0A	; 10
    25ac:	26 9f       	mul	r18, r22
    25ae:	11 24       	eor	r1, r1
    25b0:	30 19       	sub	r19, r0
    25b2:	30 5d       	subi	r19, 0xD0	; 208
    25b4:	31 93       	st	Z+, r19
    25b6:	de f6       	brtc	.-74     	; 0x256e <__ultoa_invert+0xe>
    25b8:	cf 01       	movw	r24, r30
    25ba:	08 95       	ret
    25bc:	46 2f       	mov	r20, r22
    25be:	47 70       	andi	r20, 0x07	; 7
    25c0:	40 5d       	subi	r20, 0xD0	; 208
    25c2:	41 93       	st	Z+, r20
    25c4:	b3 e0       	ldi	r27, 0x03	; 3
    25c6:	0f d0       	rcall	.+30     	; 0x25e6 <__ultoa_invert+0x86>
    25c8:	c9 f7       	brne	.-14     	; 0x25bc <__ultoa_invert+0x5c>
    25ca:	f6 cf       	rjmp	.-20     	; 0x25b8 <__ultoa_invert+0x58>
    25cc:	46 2f       	mov	r20, r22
    25ce:	4f 70       	andi	r20, 0x0F	; 15
    25d0:	40 5d       	subi	r20, 0xD0	; 208
    25d2:	4a 33       	cpi	r20, 0x3A	; 58
    25d4:	18 f0       	brcs	.+6      	; 0x25dc <__ultoa_invert+0x7c>
    25d6:	49 5d       	subi	r20, 0xD9	; 217
    25d8:	31 fd       	sbrc	r19, 1
    25da:	40 52       	subi	r20, 0x20	; 32
    25dc:	41 93       	st	Z+, r20
    25de:	02 d0       	rcall	.+4      	; 0x25e4 <__ultoa_invert+0x84>
    25e0:	a9 f7       	brne	.-22     	; 0x25cc <__ultoa_invert+0x6c>
    25e2:	ea cf       	rjmp	.-44     	; 0x25b8 <__ultoa_invert+0x58>
    25e4:	b4 e0       	ldi	r27, 0x04	; 4
    25e6:	a6 95       	lsr	r26
    25e8:	97 95       	ror	r25
    25ea:	87 95       	ror	r24
    25ec:	77 95       	ror	r23
    25ee:	67 95       	ror	r22
    25f0:	ba 95       	dec	r27
    25f2:	c9 f7       	brne	.-14     	; 0x25e6 <__ultoa_invert+0x86>
    25f4:	00 97       	sbiw	r24, 0x00	; 0
    25f6:	61 05       	cpc	r22, r1
    25f8:	71 05       	cpc	r23, r1
    25fa:	08 95       	ret
    25fc:	9b 01       	movw	r18, r22
    25fe:	ac 01       	movw	r20, r24
    2600:	0a 2e       	mov	r0, r26
    2602:	06 94       	lsr	r0
    2604:	57 95       	ror	r21
    2606:	47 95       	ror	r20
    2608:	37 95       	ror	r19
    260a:	27 95       	ror	r18
    260c:	ba 95       	dec	r27
    260e:	c9 f7       	brne	.-14     	; 0x2602 <__ultoa_invert+0xa2>
    2610:	62 0f       	add	r22, r18
    2612:	73 1f       	adc	r23, r19
    2614:	84 1f       	adc	r24, r20
    2616:	95 1f       	adc	r25, r21
    2618:	a0 1d       	adc	r26, r0
    261a:	08 95       	ret

0000261c <eeprom_read_byte>:
eeprom_read_byte():
    261c:	f9 99       	sbic	0x1f, 1	; 31
    261e:	fe cf       	rjmp	.-4      	; 0x261c <eeprom_read_byte>
    2620:	92 bd       	out	0x22, r25	; 34
    2622:	81 bd       	out	0x21, r24	; 33
    2624:	f8 9a       	sbi	0x1f, 0	; 31
    2626:	99 27       	eor	r25, r25
    2628:	80 b5       	in	r24, 0x20	; 32
    262a:	08 95       	ret

0000262c <eeprom_write_byte>:
eeprom_write_byte():
    262c:	26 2f       	mov	r18, r22

0000262e <eeprom_write_r18>:
    262e:	f9 99       	sbic	0x1f, 1	; 31
    2630:	fe cf       	rjmp	.-4      	; 0x262e <eeprom_write_r18>
    2632:	1f ba       	out	0x1f, r1	; 31
    2634:	92 bd       	out	0x22, r25	; 34
    2636:	81 bd       	out	0x21, r24	; 33
    2638:	20 bd       	out	0x20, r18	; 32
    263a:	0f b6       	in	r0, 0x3f	; 63
    263c:	f8 94       	cli
    263e:	fa 9a       	sbi	0x1f, 2	; 31
    2640:	f9 9a       	sbi	0x1f, 1	; 31
    2642:	0f be       	out	0x3f, r0	; 63
    2644:	01 96       	adiw	r24, 0x01	; 1
    2646:	08 95       	ret

00002648 <__prologue_saves__>:
__prologue_saves__():
/home/jenkins/workspace/avr-gcc-staging/label/debian7-x86_64/gcc-build/avr/avr5/libgcc/../../../../gcc/libgcc/config/avr/lib1funcs.S:2169
    2648:	2f 92       	push	r2
/home/jenkins/workspace/avr-gcc-staging/label/debian7-x86_64/gcc-build/avr/avr5/libgcc/../../../../gcc/libgcc/config/avr/lib1funcs.S:2170
    264a:	3f 92       	push	r3
/home/jenkins/workspace/avr-gcc-staging/label/debian7-x86_64/gcc-build/avr/avr5/libgcc/../../../../gcc/libgcc/config/avr/lib1funcs.S:2171
    264c:	4f 92       	push	r4
/home/jenkins/workspace/avr-gcc-staging/label/debian7-x86_64/gcc-build/avr/avr5/libgcc/../../../../gcc/libgcc/config/avr/lib1funcs.S:2172
    264e:	5f 92       	push	r5
/home/jenkins/workspace/avr-gcc-staging/label/debian7-x86_64/gcc-build/avr/avr5/libgcc/../../../../gcc/libgcc/config/avr/lib1funcs.S:2173
    2650:	6f 92       	push	r6
/home/jenkins/workspace/avr-gcc-staging/label/debian7-x86_64/gcc-build/avr/avr5/libgcc/../../../../gcc/libgcc/config/avr/lib1funcs.S:2174
    2652:	7f 92       	push	r7
/home/jenkins/workspace/avr-gcc-staging/label/debian7-x86_64/gcc-build/avr/avr5/libgcc/../../../../gcc/libgcc/config/avr/lib1funcs.S:2175
    2654:	8f 92       	push	r8
/home/jenkins/workspace/avr-gcc-staging/label/debian7-x86_64/gcc-build/avr/avr5/libgcc/../../../../gcc/libgcc/config/avr/lib1funcs.S:2176
    2656:	9f 92       	push	r9
/home/jenkins/workspace/avr-gcc-staging/label/debian7-x86_64/gcc-build/avr/avr5/libgcc/../../../../gcc/libgcc/config/avr/lib1funcs.S:2177
    2658:	af 92       	push	r10
/home/jenkins/workspace/avr-gcc-staging/label/debian7-x86_64/gcc-build/avr/avr5/libgcc/../../../../gcc/libgcc/config/avr/lib1funcs.S:2178
    265a:	bf 92       	push	r11
/home/jenkins/workspace/avr-gcc-staging/label/debian7-x86_64/gcc-build/avr/avr5/libgcc/../../../../gcc/libgcc/config/avr/lib1funcs.S:2179
    265c:	cf 92       	push	r12
/home/jenkins/workspace/avr-gcc-staging/label/debian7-x86_64/gcc-build/avr/avr5/libgcc/../../../../gcc/libgcc/config/avr/lib1funcs.S:2180
    265e:	df 92       	push	r13
/home/jenkins/workspace/avr-gcc-staging/label/debian7-x86_64/gcc-build/avr/avr5/libgcc/../../../../gcc/libgcc/config/avr/lib1funcs.S:2181
    2660:	ef 92       	push	r14
/home/jenkins/workspace/avr-gcc-staging/label/debian7-x86_64/gcc-build/avr/avr5/libgcc/../../../../gcc/libgcc/config/avr/lib1funcs.S:2182
    2662:	ff 92       	push	r15
/home/jenkins/workspace/avr-gcc-staging/label/debian7-x86_64/gcc-build/avr/avr5/libgcc/../../../../gcc/libgcc/config/avr/lib1funcs.S:2183
    2664:	0f 93       	push	r16
/home/jenkins/workspace/avr-gcc-staging/label/debian7-x86_64/gcc-build/avr/avr5/libgcc/../../../../gcc/libgcc/config/avr/lib1funcs.S:2184
    2666:	1f 93       	push	r17
/home/jenkins/workspace/avr-gcc-staging/label/debian7-x86_64/gcc-build/avr/avr5/libgcc/../../../../gcc/libgcc/config/avr/lib1funcs.S:2185
    2668:	cf 93       	push	r28
/home/jenkins/workspace/avr-gcc-staging/label/debian7-x86_64/gcc-build/avr/avr5/libgcc/../../../../gcc/libgcc/config/avr/lib1funcs.S:2186
    266a:	df 93       	push	r29
/home/jenkins/workspace/avr-gcc-staging/label/debian7-x86_64/gcc-build/avr/avr5/libgcc/../../../../gcc/libgcc/config/avr/lib1funcs.S:2200
    266c:	cd b7       	in	r28, 0x3d	; 61
/home/jenkins/workspace/avr-gcc-staging/label/debian7-x86_64/gcc-build/avr/avr5/libgcc/../../../../gcc/libgcc/config/avr/lib1funcs.S:2201
    266e:	de b7       	in	r29, 0x3e	; 62
/home/jenkins/workspace/avr-gcc-staging/label/debian7-x86_64/gcc-build/avr/avr5/libgcc/../../../../gcc/libgcc/config/avr/lib1funcs.S:2202
    2670:	ca 1b       	sub	r28, r26
/home/jenkins/workspace/avr-gcc-staging/label/debian7-x86_64/gcc-build/avr/avr5/libgcc/../../../../gcc/libgcc/config/avr/lib1funcs.S:2203
    2672:	db 0b       	sbc	r29, r27
/home/jenkins/workspace/avr-gcc-staging/label/debian7-x86_64/gcc-build/avr/avr5/libgcc/../../../../gcc/libgcc/config/avr/lib1funcs.S:2204
    2674:	0f b6       	in	r0, 0x3f	; 63
/home/jenkins/workspace/avr-gcc-staging/label/debian7-x86_64/gcc-build/avr/avr5/libgcc/../../../../gcc/libgcc/config/avr/lib1funcs.S:2205
    2676:	f8 94       	cli
/home/jenkins/workspace/avr-gcc-staging/label/debian7-x86_64/gcc-build/avr/avr5/libgcc/../../../../gcc/libgcc/config/avr/lib1funcs.S:2206
    2678:	de bf       	out	0x3e, r29	; 62
/home/jenkins/workspace/avr-gcc-staging/label/debian7-x86_64/gcc-build/avr/avr5/libgcc/../../../../gcc/libgcc/config/avr/lib1funcs.S:2207
    267a:	0f be       	out	0x3f, r0	; 63
/home/jenkins/workspace/avr-gcc-staging/label/debian7-x86_64/gcc-build/avr/avr5/libgcc/../../../../gcc/libgcc/config/avr/lib1funcs.S:2208
    267c:	cd bf       	out	0x3d, r28	; 61
/home/jenkins/workspace/avr-gcc-staging/label/debian7-x86_64/gcc-build/avr/avr5/libgcc/../../../../gcc/libgcc/config/avr/lib1funcs.S:2211
    267e:	09 94       	ijmp

00002680 <__epilogue_restores__>:
__epilogue_restores__():
/home/jenkins/workspace/avr-gcc-staging/label/debian7-x86_64/gcc-build/avr/avr5/libgcc/../../../../gcc/libgcc/config/avr/lib1funcs.S:2222
    2680:	2a 88       	ldd	r2, Y+18	; 0x12
/home/jenkins/workspace/avr-gcc-staging/label/debian7-x86_64/gcc-build/avr/avr5/libgcc/../../../../gcc/libgcc/config/avr/lib1funcs.S:2223
    2682:	39 88       	ldd	r3, Y+17	; 0x11
/home/jenkins/workspace/avr-gcc-staging/label/debian7-x86_64/gcc-build/avr/avr5/libgcc/../../../../gcc/libgcc/config/avr/lib1funcs.S:2224
    2684:	48 88       	ldd	r4, Y+16	; 0x10
/home/jenkins/workspace/avr-gcc-staging/label/debian7-x86_64/gcc-build/avr/avr5/libgcc/../../../../gcc/libgcc/config/avr/lib1funcs.S:2225
    2686:	5f 84       	ldd	r5, Y+15	; 0x0f
/home/jenkins/workspace/avr-gcc-staging/label/debian7-x86_64/gcc-build/avr/avr5/libgcc/../../../../gcc/libgcc/config/avr/lib1funcs.S:2226
    2688:	6e 84       	ldd	r6, Y+14	; 0x0e
/home/jenkins/workspace/avr-gcc-staging/label/debian7-x86_64/gcc-build/avr/avr5/libgcc/../../../../gcc/libgcc/config/avr/lib1funcs.S:2227
    268a:	7d 84       	ldd	r7, Y+13	; 0x0d
/home/jenkins/workspace/avr-gcc-staging/label/debian7-x86_64/gcc-build/avr/avr5/libgcc/../../../../gcc/libgcc/config/avr/lib1funcs.S:2228
    268c:	8c 84       	ldd	r8, Y+12	; 0x0c
/home/jenkins/workspace/avr-gcc-staging/label/debian7-x86_64/gcc-build/avr/avr5/libgcc/../../../../gcc/libgcc/config/avr/lib1funcs.S:2229
    268e:	9b 84       	ldd	r9, Y+11	; 0x0b
/home/jenkins/workspace/avr-gcc-staging/label/debian7-x86_64/gcc-build/avr/avr5/libgcc/../../../../gcc/libgcc/config/avr/lib1funcs.S:2230
    2690:	aa 84       	ldd	r10, Y+10	; 0x0a
/home/jenkins/workspace/avr-gcc-staging/label/debian7-x86_64/gcc-build/avr/avr5/libgcc/../../../../gcc/libgcc/config/avr/lib1funcs.S:2231
    2692:	b9 84       	ldd	r11, Y+9	; 0x09
/home/jenkins/workspace/avr-gcc-staging/label/debian7-x86_64/gcc-build/avr/avr5/libgcc/../../../../gcc/libgcc/config/avr/lib1funcs.S:2232
    2694:	c8 84       	ldd	r12, Y+8	; 0x08
/home/jenkins/workspace/avr-gcc-staging/label/debian7-x86_64/gcc-build/avr/avr5/libgcc/../../../../gcc/libgcc/config/avr/lib1funcs.S:2233
    2696:	df 80       	ldd	r13, Y+7	; 0x07
/home/jenkins/workspace/avr-gcc-staging/label/debian7-x86_64/gcc-build/avr/avr5/libgcc/../../../../gcc/libgcc/config/avr/lib1funcs.S:2234
    2698:	ee 80       	ldd	r14, Y+6	; 0x06
/home/jenkins/workspace/avr-gcc-staging/label/debian7-x86_64/gcc-build/avr/avr5/libgcc/../../../../gcc/libgcc/config/avr/lib1funcs.S:2235
    269a:	fd 80       	ldd	r15, Y+5	; 0x05
/home/jenkins/workspace/avr-gcc-staging/label/debian7-x86_64/gcc-build/avr/avr5/libgcc/../../../../gcc/libgcc/config/avr/lib1funcs.S:2236
    269c:	0c 81       	ldd	r16, Y+4	; 0x04
/home/jenkins/workspace/avr-gcc-staging/label/debian7-x86_64/gcc-build/avr/avr5/libgcc/../../../../gcc/libgcc/config/avr/lib1funcs.S:2237
    269e:	1b 81       	ldd	r17, Y+3	; 0x03
/home/jenkins/workspace/avr-gcc-staging/label/debian7-x86_64/gcc-build/avr/avr5/libgcc/../../../../gcc/libgcc/config/avr/lib1funcs.S:2238
    26a0:	aa 81       	ldd	r26, Y+2	; 0x02
/home/jenkins/workspace/avr-gcc-staging/label/debian7-x86_64/gcc-build/avr/avr5/libgcc/../../../../gcc/libgcc/config/avr/lib1funcs.S:2252
    26a2:	b9 81       	ldd	r27, Y+1	; 0x01
/home/jenkins/workspace/avr-gcc-staging/label/debian7-x86_64/gcc-build/avr/avr5/libgcc/../../../../gcc/libgcc/config/avr/lib1funcs.S:2253
    26a4:	ce 0f       	add	r28, r30
/home/jenkins/workspace/avr-gcc-staging/label/debian7-x86_64/gcc-build/avr/avr5/libgcc/../../../../gcc/libgcc/config/avr/lib1funcs.S:2254
    26a6:	d1 1d       	adc	r29, r1
/home/jenkins/workspace/avr-gcc-staging/label/debian7-x86_64/gcc-build/avr/avr5/libgcc/../../../../gcc/libgcc/config/avr/lib1funcs.S:2255
    26a8:	0f b6       	in	r0, 0x3f	; 63
/home/jenkins/workspace/avr-gcc-staging/label/debian7-x86_64/gcc-build/avr/avr5/libgcc/../../../../gcc/libgcc/config/avr/lib1funcs.S:2256
    26aa:	f8 94       	cli
/home/jenkins/workspace/avr-gcc-staging/label/debian7-x86_64/gcc-build/avr/avr5/libgcc/../../../../gcc/libgcc/config/avr/lib1funcs.S:2257
    26ac:	de bf       	out	0x3e, r29	; 62
/home/jenkins/workspace/avr-gcc-staging/label/debian7-x86_64/gcc-build/avr/avr5/libgcc/../../../../gcc/libgcc/config/avr/lib1funcs.S:2258
    26ae:	0f be       	out	0x3f, r0	; 63
/home/jenkins/workspace/avr-gcc-staging/label/debian7-x86_64/gcc-build/avr/avr5/libgcc/../../../../gcc/libgcc/config/avr/lib1funcs.S:2259
    26b0:	cd bf       	out	0x3d, r28	; 61
/home/jenkins/workspace/avr-gcc-staging/label/debian7-x86_64/gcc-build/avr/avr5/libgcc/../../../../gcc/libgcc/config/avr/lib1funcs.S:2260
    26b2:	ed 01       	movw	r28, r26
/home/jenkins/workspace/avr-gcc-staging/label/debian7-x86_64/gcc-build/avr/avr5/libgcc/../../../../gcc/libgcc/config/avr/lib1funcs.S:2263
    26b4:	08 95       	ret

000026b6 <__udivmodsi4>:
__udivmodsi4():
/home/jenkins/workspace/avr-gcc-staging/label/debian7-x86_64/gcc-build/avr/avr5/libgcc/../../../../gcc/libgcc/config/avr/lib1funcs.S:1638
    26b6:	a1 e2       	ldi	r26, 0x21	; 33
/home/jenkins/workspace/avr-gcc-staging/label/debian7-x86_64/gcc-build/avr/avr5/libgcc/../../../../gcc/libgcc/config/avr/lib1funcs.S:1639
    26b8:	1a 2e       	mov	r1, r26
/home/jenkins/workspace/avr-gcc-staging/label/debian7-x86_64/gcc-build/avr/avr5/libgcc/../../../../gcc/libgcc/config/avr/lib1funcs.S:1640
    26ba:	aa 1b       	sub	r26, r26
/home/jenkins/workspace/avr-gcc-staging/label/debian7-x86_64/gcc-build/avr/avr5/libgcc/../../../../gcc/libgcc/config/avr/lib1funcs.S:1641
    26bc:	bb 1b       	sub	r27, r27
/home/jenkins/workspace/avr-gcc-staging/label/debian7-x86_64/gcc-build/avr/avr5/libgcc/../../../../gcc/libgcc/config/avr/lib1funcs.S:1642
    26be:	fd 01       	movw	r30, r26
/home/jenkins/workspace/avr-gcc-staging/label/debian7-x86_64/gcc-build/avr/avr5/libgcc/../../../../gcc/libgcc/config/avr/lib1funcs.S:1644
    26c0:	0d c0       	rjmp	.+26     	; 0x26dc <__udivmodsi4_ep>

000026c2 <__udivmodsi4_loop>:
/home/jenkins/workspace/avr-gcc-staging/label/debian7-x86_64/gcc-build/avr/avr5/libgcc/../../../../gcc/libgcc/config/avr/lib1funcs.S:1646
    26c2:	aa 1f       	adc	r26, r26
/home/jenkins/workspace/avr-gcc-staging/label/debian7-x86_64/gcc-build/avr/avr5/libgcc/../../../../gcc/libgcc/config/avr/lib1funcs.S:1647
    26c4:	bb 1f       	adc	r27, r27
/home/jenkins/workspace/avr-gcc-staging/label/debian7-x86_64/gcc-build/avr/avr5/libgcc/../../../../gcc/libgcc/config/avr/lib1funcs.S:1648
    26c6:	ee 1f       	adc	r30, r30
/home/jenkins/workspace/avr-gcc-staging/label/debian7-x86_64/gcc-build/avr/avr5/libgcc/../../../../gcc/libgcc/config/avr/lib1funcs.S:1649
    26c8:	ff 1f       	adc	r31, r31
/home/jenkins/workspace/avr-gcc-staging/label/debian7-x86_64/gcc-build/avr/avr5/libgcc/../../../../gcc/libgcc/config/avr/lib1funcs.S:1650
    26ca:	a2 17       	cp	r26, r18
/home/jenkins/workspace/avr-gcc-staging/label/debian7-x86_64/gcc-build/avr/avr5/libgcc/../../../../gcc/libgcc/config/avr/lib1funcs.S:1651
    26cc:	b3 07       	cpc	r27, r19
/home/jenkins/workspace/avr-gcc-staging/label/debian7-x86_64/gcc-build/avr/avr5/libgcc/../../../../gcc/libgcc/config/avr/lib1funcs.S:1652
    26ce:	e4 07       	cpc	r30, r20
/home/jenkins/workspace/avr-gcc-staging/label/debian7-x86_64/gcc-build/avr/avr5/libgcc/../../../../gcc/libgcc/config/avr/lib1funcs.S:1653
    26d0:	f5 07       	cpc	r31, r21
/home/jenkins/workspace/avr-gcc-staging/label/debian7-x86_64/gcc-build/avr/avr5/libgcc/../../../../gcc/libgcc/config/avr/lib1funcs.S:1654
    26d2:	20 f0       	brcs	.+8      	; 0x26dc <__udivmodsi4_ep>
/home/jenkins/workspace/avr-gcc-staging/label/debian7-x86_64/gcc-build/avr/avr5/libgcc/../../../../gcc/libgcc/config/avr/lib1funcs.S:1655
    26d4:	a2 1b       	sub	r26, r18
/home/jenkins/workspace/avr-gcc-staging/label/debian7-x86_64/gcc-build/avr/avr5/libgcc/../../../../gcc/libgcc/config/avr/lib1funcs.S:1656
    26d6:	b3 0b       	sbc	r27, r19
/home/jenkins/workspace/avr-gcc-staging/label/debian7-x86_64/gcc-build/avr/avr5/libgcc/../../../../gcc/libgcc/config/avr/lib1funcs.S:1657
    26d8:	e4 0b       	sbc	r30, r20
/home/jenkins/workspace/avr-gcc-staging/label/debian7-x86_64/gcc-build/avr/avr5/libgcc/../../../../gcc/libgcc/config/avr/lib1funcs.S:1658
    26da:	f5 0b       	sbc	r31, r21

000026dc <__udivmodsi4_ep>:
/home/jenkins/workspace/avr-gcc-staging/label/debian7-x86_64/gcc-build/avr/avr5/libgcc/../../../../gcc/libgcc/config/avr/lib1funcs.S:1660
    26dc:	66 1f       	adc	r22, r22
/home/jenkins/workspace/avr-gcc-staging/label/debian7-x86_64/gcc-build/avr/avr5/libgcc/../../../../gcc/libgcc/config/avr/lib1funcs.S:1661
    26de:	77 1f       	adc	r23, r23
/home/jenkins/workspace/avr-gcc-staging/label/debian7-x86_64/gcc-build/avr/avr5/libgcc/../../../../gcc/libgcc/config/avr/lib1funcs.S:1662
    26e0:	88 1f       	adc	r24, r24
/home/jenkins/workspace/avr-gcc-staging/label/debian7-x86_64/gcc-build/avr/avr5/libgcc/../../../../gcc/libgcc/config/avr/lib1funcs.S:1663
    26e2:	99 1f       	adc	r25, r25
/home/jenkins/workspace/avr-gcc-staging/label/debian7-x86_64/gcc-build/avr/avr5/libgcc/../../../../gcc/libgcc/config/avr/lib1funcs.S:1664
    26e4:	1a 94       	dec	r1
/home/jenkins/workspace/avr-gcc-staging/label/debian7-x86_64/gcc-build/avr/avr5/libgcc/../../../../gcc/libgcc/config/avr/lib1funcs.S:1665
    26e6:	69 f7       	brne	.-38     	; 0x26c2 <__udivmodsi4_loop>
/home/jenkins/workspace/avr-gcc-staging/label/debian7-x86_64/gcc-build/avr/avr5/libgcc/../../../../gcc/libgcc/config/avr/lib1funcs.S:1667
    26e8:	60 95       	com	r22
/home/jenkins/workspace/avr-gcc-staging/label/debian7-x86_64/gcc-build/avr/avr5/libgcc/../../../../gcc/libgcc/config/avr/lib1funcs.S:1668
    26ea:	70 95       	com	r23
/home/jenkins/workspace/avr-gcc-staging/label/debian7-x86_64/gcc-build/avr/avr5/libgcc/../../../../gcc/libgcc/config/avr/lib1funcs.S:1669
    26ec:	80 95       	com	r24
/home/jenkins/workspace/avr-gcc-staging/label/debian7-x86_64/gcc-build/avr/avr5/libgcc/../../../../gcc/libgcc/config/avr/lib1funcs.S:1670
    26ee:	90 95       	com	r25
/home/jenkins/workspace/avr-gcc-staging/label/debian7-x86_64/gcc-build/avr/avr5/libgcc/../../../../gcc/libgcc/config/avr/lib1funcs.S:1672
    26f0:	9b 01       	movw	r18, r22
/home/jenkins/workspace/avr-gcc-staging/label/debian7-x86_64/gcc-build/avr/avr5/libgcc/../../../../gcc/libgcc/config/avr/lib1funcs.S:1674
    26f2:	ac 01       	movw	r20, r24
/home/jenkins/workspace/avr-gcc-staging/label/debian7-x86_64/gcc-build/avr/avr5/libgcc/../../../../gcc/libgcc/config/avr/lib1funcs.S:1676
    26f4:	bd 01       	movw	r22, r26
/home/jenkins/workspace/avr-gcc-staging/label/debian7-x86_64/gcc-build/avr/avr5/libgcc/../../../../gcc/libgcc/config/avr/lib1funcs.S:1678
    26f6:	cf 01       	movw	r24, r30
/home/jenkins/workspace/avr-gcc-staging/label/debian7-x86_64/gcc-build/avr/avr5/libgcc/../../../../gcc/libgcc/config/avr/lib1funcs.S:1680
    26f8:	08 95       	ret

000026fa <__tablejump2__>:
__tablejump2__():
/home/jenkins/workspace/avr-gcc-staging/label/debian7-x86_64/gcc-build/avr/avr5/libgcc/../../../../gcc/libgcc/config/avr/lib1funcs.S:2296
    26fa:	ee 0f       	add	r30, r30
/home/jenkins/workspace/avr-gcc-staging/label/debian7-x86_64/gcc-build/avr/avr5/libgcc/../../../../gcc/libgcc/config/avr/lib1funcs.S:2297
    26fc:	ff 1f       	adc	r31, r31
/home/jenkins/workspace/avr-gcc-staging/label/debian7-x86_64/gcc-build/avr/avr5/libgcc/../../../../gcc/libgcc/config/avr/lib1funcs.S:2328
    26fe:	05 90       	lpm	r0, Z+
/home/jenkins/workspace/avr-gcc-staging/label/debian7-x86_64/gcc-build/avr/avr5/libgcc/../../../../gcc/libgcc/config/avr/lib1funcs.S:2329
    2700:	f4 91       	lpm	r31, Z
/home/jenkins/workspace/avr-gcc-staging/label/debian7-x86_64/gcc-build/avr/avr5/libgcc/../../../../gcc/libgcc/config/avr/lib1funcs.S:2330
    2702:	e0 2d       	mov	r30, r0
/home/jenkins/workspace/avr-gcc-staging/label/debian7-x86_64/gcc-build/avr/avr5/libgcc/../../../../gcc/libgcc/config/avr/lib1funcs.S:2331
    2704:	09 94       	ijmp

00002706 <malloc>:
malloc():
    2706:	0f 93       	push	r16
    2708:	1f 93       	push	r17
    270a:	cf 93       	push	r28
    270c:	df 93       	push	r29
    270e:	82 30       	cpi	r24, 0x02	; 2
    2710:	91 05       	cpc	r25, r1
    2712:	10 f4       	brcc	.+4      	; 0x2718 <malloc+0x12>
    2714:	82 e0       	ldi	r24, 0x02	; 2
    2716:	90 e0       	ldi	r25, 0x00	; 0
    2718:	e0 91 d8 03 	lds	r30, 0x03D8	; 0x8003d8 <__flp>
    271c:	f0 91 d9 03 	lds	r31, 0x03D9	; 0x8003d9 <__flp+0x1>
    2720:	30 e0       	ldi	r19, 0x00	; 0
    2722:	20 e0       	ldi	r18, 0x00	; 0
    2724:	b0 e0       	ldi	r27, 0x00	; 0
    2726:	a0 e0       	ldi	r26, 0x00	; 0
    2728:	30 97       	sbiw	r30, 0x00	; 0
    272a:	99 f4       	brne	.+38     	; 0x2752 <malloc+0x4c>
    272c:	21 15       	cp	r18, r1
    272e:	31 05       	cpc	r19, r1
    2730:	09 f4       	brne	.+2      	; 0x2734 <malloc+0x2e>
    2732:	4a c0       	rjmp	.+148    	; 0x27c8 <malloc+0xc2>
    2734:	28 1b       	sub	r18, r24
    2736:	39 0b       	sbc	r19, r25
    2738:	24 30       	cpi	r18, 0x04	; 4
    273a:	31 05       	cpc	r19, r1
    273c:	d8 f5       	brcc	.+118    	; 0x27b4 <malloc+0xae>
    273e:	8a 81       	ldd	r24, Y+2	; 0x02
    2740:	9b 81       	ldd	r25, Y+3	; 0x03
    2742:	61 15       	cp	r22, r1
    2744:	71 05       	cpc	r23, r1
    2746:	89 f1       	breq	.+98     	; 0x27aa <malloc+0xa4>
    2748:	fb 01       	movw	r30, r22
    274a:	93 83       	std	Z+3, r25	; 0x03
    274c:	82 83       	std	Z+2, r24	; 0x02
    274e:	fe 01       	movw	r30, r28
    2750:	11 c0       	rjmp	.+34     	; 0x2774 <malloc+0x6e>
    2752:	40 81       	ld	r20, Z
    2754:	51 81       	ldd	r21, Z+1	; 0x01
    2756:	02 81       	ldd	r16, Z+2	; 0x02
    2758:	13 81       	ldd	r17, Z+3	; 0x03
    275a:	48 17       	cp	r20, r24
    275c:	59 07       	cpc	r21, r25
    275e:	e0 f0       	brcs	.+56     	; 0x2798 <malloc+0x92>
    2760:	48 17       	cp	r20, r24
    2762:	59 07       	cpc	r21, r25
    2764:	99 f4       	brne	.+38     	; 0x278c <malloc+0x86>
    2766:	10 97       	sbiw	r26, 0x00	; 0
    2768:	61 f0       	breq	.+24     	; 0x2782 <malloc+0x7c>
    276a:	12 96       	adiw	r26, 0x02	; 2
    276c:	0c 93       	st	X, r16
    276e:	12 97       	sbiw	r26, 0x02	; 2
    2770:	13 96       	adiw	r26, 0x03	; 3
    2772:	1c 93       	st	X, r17
    2774:	32 96       	adiw	r30, 0x02	; 2
    2776:	cf 01       	movw	r24, r30
    2778:	df 91       	pop	r29
    277a:	cf 91       	pop	r28
    277c:	1f 91       	pop	r17
    277e:	0f 91       	pop	r16
    2780:	08 95       	ret
    2782:	00 93 d8 03 	sts	0x03D8, r16	; 0x8003d8 <__flp>
    2786:	10 93 d9 03 	sts	0x03D9, r17	; 0x8003d9 <__flp+0x1>
    278a:	f4 cf       	rjmp	.-24     	; 0x2774 <malloc+0x6e>
    278c:	21 15       	cp	r18, r1
    278e:	31 05       	cpc	r19, r1
    2790:	51 f0       	breq	.+20     	; 0x27a6 <malloc+0xa0>
    2792:	42 17       	cp	r20, r18
    2794:	53 07       	cpc	r21, r19
    2796:	38 f0       	brcs	.+14     	; 0x27a6 <malloc+0xa0>
    2798:	a9 01       	movw	r20, r18
    279a:	db 01       	movw	r26, r22
    279c:	9a 01       	movw	r18, r20
    279e:	bd 01       	movw	r22, r26
    27a0:	df 01       	movw	r26, r30
    27a2:	f8 01       	movw	r30, r16
    27a4:	c1 cf       	rjmp	.-126    	; 0x2728 <malloc+0x22>
    27a6:	ef 01       	movw	r28, r30
    27a8:	f9 cf       	rjmp	.-14     	; 0x279c <malloc+0x96>
    27aa:	90 93 d9 03 	sts	0x03D9, r25	; 0x8003d9 <__flp+0x1>
    27ae:	80 93 d8 03 	sts	0x03D8, r24	; 0x8003d8 <__flp>
    27b2:	cd cf       	rjmp	.-102    	; 0x274e <malloc+0x48>
    27b4:	fe 01       	movw	r30, r28
    27b6:	e2 0f       	add	r30, r18
    27b8:	f3 1f       	adc	r31, r19
    27ba:	81 93       	st	Z+, r24
    27bc:	91 93       	st	Z+, r25
    27be:	22 50       	subi	r18, 0x02	; 2
    27c0:	31 09       	sbc	r19, r1
    27c2:	39 83       	std	Y+1, r19	; 0x01
    27c4:	28 83       	st	Y, r18
    27c6:	d7 cf       	rjmp	.-82     	; 0x2776 <malloc+0x70>
    27c8:	20 91 d6 03 	lds	r18, 0x03D6	; 0x8003d6 <__brkval>
    27cc:	30 91 d7 03 	lds	r19, 0x03D7	; 0x8003d7 <__brkval+0x1>
    27d0:	23 2b       	or	r18, r19
    27d2:	41 f4       	brne	.+16     	; 0x27e4 <malloc+0xde>
    27d4:	20 91 08 01 	lds	r18, 0x0108	; 0x800108 <__malloc_heap_start>
    27d8:	30 91 09 01 	lds	r19, 0x0109	; 0x800109 <__malloc_heap_start+0x1>
    27dc:	30 93 d7 03 	sts	0x03D7, r19	; 0x8003d7 <__brkval+0x1>
    27e0:	20 93 d6 03 	sts	0x03D6, r18	; 0x8003d6 <__brkval>
    27e4:	20 91 06 01 	lds	r18, 0x0106	; 0x800106 <__malloc_heap_end>
    27e8:	30 91 07 01 	lds	r19, 0x0107	; 0x800107 <__malloc_heap_end+0x1>
    27ec:	21 15       	cp	r18, r1
    27ee:	31 05       	cpc	r19, r1
    27f0:	41 f4       	brne	.+16     	; 0x2802 <malloc+0xfc>
    27f2:	2d b7       	in	r18, 0x3d	; 61
    27f4:	3e b7       	in	r19, 0x3e	; 62
    27f6:	40 91 0a 01 	lds	r20, 0x010A	; 0x80010a <__malloc_margin>
    27fa:	50 91 0b 01 	lds	r21, 0x010B	; 0x80010b <__malloc_margin+0x1>
    27fe:	24 1b       	sub	r18, r20
    2800:	35 0b       	sbc	r19, r21
    2802:	e0 91 d6 03 	lds	r30, 0x03D6	; 0x8003d6 <__brkval>
    2806:	f0 91 d7 03 	lds	r31, 0x03D7	; 0x8003d7 <__brkval+0x1>
    280a:	e2 17       	cp	r30, r18
    280c:	f3 07       	cpc	r31, r19
    280e:	a0 f4       	brcc	.+40     	; 0x2838 <malloc+0x132>
    2810:	2e 1b       	sub	r18, r30
    2812:	3f 0b       	sbc	r19, r31
    2814:	28 17       	cp	r18, r24
    2816:	39 07       	cpc	r19, r25
    2818:	78 f0       	brcs	.+30     	; 0x2838 <malloc+0x132>
    281a:	ac 01       	movw	r20, r24
    281c:	4e 5f       	subi	r20, 0xFE	; 254
    281e:	5f 4f       	sbci	r21, 0xFF	; 255
    2820:	24 17       	cp	r18, r20
    2822:	35 07       	cpc	r19, r21
    2824:	48 f0       	brcs	.+18     	; 0x2838 <malloc+0x132>
    2826:	4e 0f       	add	r20, r30
    2828:	5f 1f       	adc	r21, r31
    282a:	50 93 d7 03 	sts	0x03D7, r21	; 0x8003d7 <__brkval+0x1>
    282e:	40 93 d6 03 	sts	0x03D6, r20	; 0x8003d6 <__brkval>
    2832:	81 93       	st	Z+, r24
    2834:	91 93       	st	Z+, r25
    2836:	9f cf       	rjmp	.-194    	; 0x2776 <malloc+0x70>
    2838:	f0 e0       	ldi	r31, 0x00	; 0
    283a:	e0 e0       	ldi	r30, 0x00	; 0
    283c:	9c cf       	rjmp	.-200    	; 0x2776 <malloc+0x70>

0000283e <free>:
free():
    283e:	cf 93       	push	r28
    2840:	df 93       	push	r29
    2842:	00 97       	sbiw	r24, 0x00	; 0
    2844:	e9 f0       	breq	.+58     	; 0x2880 <free+0x42>
    2846:	fc 01       	movw	r30, r24
    2848:	32 97       	sbiw	r30, 0x02	; 2
    284a:	13 82       	std	Z+3, r1	; 0x03
    284c:	12 82       	std	Z+2, r1	; 0x02
    284e:	a0 91 d8 03 	lds	r26, 0x03D8	; 0x8003d8 <__flp>
    2852:	b0 91 d9 03 	lds	r27, 0x03D9	; 0x8003d9 <__flp+0x1>
    2856:	ed 01       	movw	r28, r26
    2858:	30 e0       	ldi	r19, 0x00	; 0
    285a:	20 e0       	ldi	r18, 0x00	; 0
    285c:	10 97       	sbiw	r26, 0x00	; 0
    285e:	a1 f4       	brne	.+40     	; 0x2888 <free+0x4a>
    2860:	20 81       	ld	r18, Z
    2862:	31 81       	ldd	r19, Z+1	; 0x01
    2864:	82 0f       	add	r24, r18
    2866:	93 1f       	adc	r25, r19
    2868:	20 91 d6 03 	lds	r18, 0x03D6	; 0x8003d6 <__brkval>
    286c:	30 91 d7 03 	lds	r19, 0x03D7	; 0x8003d7 <__brkval+0x1>
    2870:	28 17       	cp	r18, r24
    2872:	39 07       	cpc	r19, r25
    2874:	09 f0       	breq	.+2      	; 0x2878 <free+0x3a>
    2876:	61 c0       	rjmp	.+194    	; 0x293a <free+0xfc>
    2878:	f0 93 d7 03 	sts	0x03D7, r31	; 0x8003d7 <__brkval+0x1>
    287c:	e0 93 d6 03 	sts	0x03D6, r30	; 0x8003d6 <__brkval>
    2880:	df 91       	pop	r29
    2882:	cf 91       	pop	r28
    2884:	08 95       	ret
    2886:	ea 01       	movw	r28, r20
    2888:	ce 17       	cp	r28, r30
    288a:	df 07       	cpc	r29, r31
    288c:	e8 f5       	brcc	.+122    	; 0x2908 <free+0xca>
    288e:	4a 81       	ldd	r20, Y+2	; 0x02
    2890:	5b 81       	ldd	r21, Y+3	; 0x03
    2892:	9e 01       	movw	r18, r28
    2894:	41 15       	cp	r20, r1
    2896:	51 05       	cpc	r21, r1
    2898:	b1 f7       	brne	.-20     	; 0x2886 <free+0x48>
    289a:	e9 01       	movw	r28, r18
    289c:	fb 83       	std	Y+3, r31	; 0x03
    289e:	ea 83       	std	Y+2, r30	; 0x02
    28a0:	49 91       	ld	r20, Y+
    28a2:	59 91       	ld	r21, Y+
    28a4:	c4 0f       	add	r28, r20
    28a6:	d5 1f       	adc	r29, r21
    28a8:	ec 17       	cp	r30, r28
    28aa:	fd 07       	cpc	r31, r29
    28ac:	61 f4       	brne	.+24     	; 0x28c6 <free+0x88>
    28ae:	80 81       	ld	r24, Z
    28b0:	91 81       	ldd	r25, Z+1	; 0x01
    28b2:	02 96       	adiw	r24, 0x02	; 2
    28b4:	84 0f       	add	r24, r20
    28b6:	95 1f       	adc	r25, r21
    28b8:	e9 01       	movw	r28, r18
    28ba:	99 83       	std	Y+1, r25	; 0x01
    28bc:	88 83       	st	Y, r24
    28be:	82 81       	ldd	r24, Z+2	; 0x02
    28c0:	93 81       	ldd	r25, Z+3	; 0x03
    28c2:	9b 83       	std	Y+3, r25	; 0x03
    28c4:	8a 83       	std	Y+2, r24	; 0x02
    28c6:	f0 e0       	ldi	r31, 0x00	; 0
    28c8:	e0 e0       	ldi	r30, 0x00	; 0
    28ca:	12 96       	adiw	r26, 0x02	; 2
    28cc:	8d 91       	ld	r24, X+
    28ce:	9c 91       	ld	r25, X
    28d0:	13 97       	sbiw	r26, 0x03	; 3
    28d2:	00 97       	sbiw	r24, 0x00	; 0
    28d4:	b9 f5       	brne	.+110    	; 0x2944 <free+0x106>
    28d6:	2d 91       	ld	r18, X+
    28d8:	3c 91       	ld	r19, X
    28da:	11 97       	sbiw	r26, 0x01	; 1
    28dc:	cd 01       	movw	r24, r26
    28de:	02 96       	adiw	r24, 0x02	; 2
    28e0:	82 0f       	add	r24, r18
    28e2:	93 1f       	adc	r25, r19
    28e4:	20 91 d6 03 	lds	r18, 0x03D6	; 0x8003d6 <__brkval>
    28e8:	30 91 d7 03 	lds	r19, 0x03D7	; 0x8003d7 <__brkval+0x1>
    28ec:	28 17       	cp	r18, r24
    28ee:	39 07       	cpc	r19, r25
    28f0:	39 f6       	brne	.-114    	; 0x2880 <free+0x42>
    28f2:	30 97       	sbiw	r30, 0x00	; 0
    28f4:	51 f5       	brne	.+84     	; 0x294a <free+0x10c>
    28f6:	10 92 d9 03 	sts	0x03D9, r1	; 0x8003d9 <__flp+0x1>
    28fa:	10 92 d8 03 	sts	0x03D8, r1	; 0x8003d8 <__flp>
    28fe:	b0 93 d7 03 	sts	0x03D7, r27	; 0x8003d7 <__brkval+0x1>
    2902:	a0 93 d6 03 	sts	0x03D6, r26	; 0x8003d6 <__brkval>
    2906:	bc cf       	rjmp	.-136    	; 0x2880 <free+0x42>
    2908:	d3 83       	std	Z+3, r29	; 0x03
    290a:	c2 83       	std	Z+2, r28	; 0x02
    290c:	40 81       	ld	r20, Z
    290e:	51 81       	ldd	r21, Z+1	; 0x01
    2910:	84 0f       	add	r24, r20
    2912:	95 1f       	adc	r25, r21
    2914:	c8 17       	cp	r28, r24
    2916:	d9 07       	cpc	r29, r25
    2918:	61 f4       	brne	.+24     	; 0x2932 <free+0xf4>
    291a:	4e 5f       	subi	r20, 0xFE	; 254
    291c:	5f 4f       	sbci	r21, 0xFF	; 255
    291e:	88 81       	ld	r24, Y
    2920:	99 81       	ldd	r25, Y+1	; 0x01
    2922:	48 0f       	add	r20, r24
    2924:	59 1f       	adc	r21, r25
    2926:	51 83       	std	Z+1, r21	; 0x01
    2928:	40 83       	st	Z, r20
    292a:	8a 81       	ldd	r24, Y+2	; 0x02
    292c:	9b 81       	ldd	r25, Y+3	; 0x03
    292e:	93 83       	std	Z+3, r25	; 0x03
    2930:	82 83       	std	Z+2, r24	; 0x02
    2932:	21 15       	cp	r18, r1
    2934:	31 05       	cpc	r19, r1
    2936:	09 f0       	breq	.+2      	; 0x293a <free+0xfc>
    2938:	b0 cf       	rjmp	.-160    	; 0x289a <free+0x5c>
    293a:	f0 93 d9 03 	sts	0x03D9, r31	; 0x8003d9 <__flp+0x1>
    293e:	e0 93 d8 03 	sts	0x03D8, r30	; 0x8003d8 <__flp>
    2942:	9e cf       	rjmp	.-196    	; 0x2880 <free+0x42>
    2944:	fd 01       	movw	r30, r26
    2946:	dc 01       	movw	r26, r24
    2948:	c0 cf       	rjmp	.-128    	; 0x28ca <free+0x8c>
    294a:	13 82       	std	Z+3, r1	; 0x03
    294c:	12 82       	std	Z+2, r1	; 0x02
    294e:	d7 cf       	rjmp	.-82     	; 0x28fe <free+0xc0>

00002950 <realloc>:
realloc():
    2950:	b0 e0       	ldi	r27, 0x00	; 0
    2952:	a0 e0       	ldi	r26, 0x00	; 0
    2954:	ee ea       	ldi	r30, 0xAE	; 174
    2956:	f4 e1       	ldi	r31, 0x14	; 20
    2958:	0c 94 26 13 	jmp	0x264c	; 0x264c <__prologue_saves__+0x4>
    295c:	8c 01       	movw	r16, r24
    295e:	00 97       	sbiw	r24, 0x00	; 0
    2960:	51 f4       	brne	.+20     	; 0x2976 <realloc+0x26>
    2962:	cb 01       	movw	r24, r22
    2964:	0e 94 83 13 	call	0x2706	; 0x2706 <malloc>
    2968:	8c 01       	movw	r16, r24
    296a:	c8 01       	movw	r24, r16
    296c:	cd b7       	in	r28, 0x3d	; 61
    296e:	de b7       	in	r29, 0x3e	; 62
    2970:	e0 e1       	ldi	r30, 0x10	; 16
    2972:	0c 94 42 13 	jmp	0x2684	; 0x2684 <__epilogue_restores__+0x4>
    2976:	fc 01       	movw	r30, r24
    2978:	e6 0f       	add	r30, r22
    297a:	f7 1f       	adc	r31, r23
    297c:	9c 01       	movw	r18, r24
    297e:	22 50       	subi	r18, 0x02	; 2
    2980:	31 09       	sbc	r19, r1
    2982:	e2 17       	cp	r30, r18
    2984:	f3 07       	cpc	r31, r19
    2986:	08 f4       	brcc	.+2      	; 0x298a <realloc+0x3a>
    2988:	9d c0       	rjmp	.+314    	; 0x2ac4 <realloc+0x174>
    298a:	d9 01       	movw	r26, r18
    298c:	cd 91       	ld	r28, X+
    298e:	dc 91       	ld	r29, X
    2990:	11 97       	sbiw	r26, 0x01	; 1
    2992:	c6 17       	cp	r28, r22
    2994:	d7 07       	cpc	r29, r23
    2996:	98 f0       	brcs	.+38     	; 0x29be <realloc+0x6e>
    2998:	c5 30       	cpi	r28, 0x05	; 5
    299a:	d1 05       	cpc	r29, r1
    299c:	30 f3       	brcs	.-52     	; 0x296a <realloc+0x1a>
    299e:	ce 01       	movw	r24, r28
    29a0:	04 97       	sbiw	r24, 0x04	; 4
    29a2:	86 17       	cp	r24, r22
    29a4:	97 07       	cpc	r25, r23
    29a6:	08 f3       	brcs	.-62     	; 0x296a <realloc+0x1a>
    29a8:	c6 1b       	sub	r28, r22
    29aa:	d7 0b       	sbc	r29, r23
    29ac:	22 97       	sbiw	r28, 0x02	; 2
    29ae:	c1 93       	st	Z+, r28
    29b0:	d1 93       	st	Z+, r29
    29b2:	6d 93       	st	X+, r22
    29b4:	7c 93       	st	X, r23
    29b6:	cf 01       	movw	r24, r30
    29b8:	0e 94 1f 14 	call	0x283e	; 0x283e <free>
    29bc:	d6 cf       	rjmp	.-84     	; 0x296a <realloc+0x1a>
    29be:	5b 01       	movw	r10, r22
    29c0:	ac 1a       	sub	r10, r28
    29c2:	bd 0a       	sbc	r11, r29
    29c4:	4c 01       	movw	r8, r24
    29c6:	8c 0e       	add	r8, r28
    29c8:	9d 1e       	adc	r9, r29
    29ca:	a0 91 d8 03 	lds	r26, 0x03D8	; 0x8003d8 <__flp>
    29ce:	b0 91 d9 03 	lds	r27, 0x03D9	; 0x8003d9 <__flp+0x1>
    29d2:	51 2c       	mov	r5, r1
    29d4:	41 2c       	mov	r4, r1
    29d6:	f1 2c       	mov	r15, r1
    29d8:	e1 2c       	mov	r14, r1
    29da:	10 97       	sbiw	r26, 0x00	; 0
    29dc:	31 f5       	brne	.+76     	; 0x2a2a <realloc+0xda>
    29de:	80 91 d6 03 	lds	r24, 0x03D6	; 0x8003d6 <__brkval>
    29e2:	90 91 d7 03 	lds	r25, 0x03D7	; 0x8003d7 <__brkval+0x1>
    29e6:	88 15       	cp	r24, r8
    29e8:	99 05       	cpc	r25, r9
    29ea:	09 f0       	breq	.+2      	; 0x29ee <realloc+0x9e>
    29ec:	5c c0       	rjmp	.+184    	; 0x2aa6 <realloc+0x156>
    29ee:	46 16       	cp	r4, r22
    29f0:	57 06       	cpc	r5, r23
    29f2:	08 f0       	brcs	.+2      	; 0x29f6 <realloc+0xa6>
    29f4:	58 c0       	rjmp	.+176    	; 0x2aa6 <realloc+0x156>
    29f6:	80 91 06 01 	lds	r24, 0x0106	; 0x800106 <__malloc_heap_end>
    29fa:	90 91 07 01 	lds	r25, 0x0107	; 0x800107 <__malloc_heap_end+0x1>
    29fe:	00 97       	sbiw	r24, 0x00	; 0
    2a00:	41 f4       	brne	.+16     	; 0x2a12 <realloc+0xc2>
    2a02:	8d b7       	in	r24, 0x3d	; 61
    2a04:	9e b7       	in	r25, 0x3e	; 62
    2a06:	40 91 0a 01 	lds	r20, 0x010A	; 0x80010a <__malloc_margin>
    2a0a:	50 91 0b 01 	lds	r21, 0x010B	; 0x80010b <__malloc_margin+0x1>
    2a0e:	84 1b       	sub	r24, r20
    2a10:	95 0b       	sbc	r25, r21
    2a12:	e8 17       	cp	r30, r24
    2a14:	f9 07       	cpc	r31, r25
    2a16:	08 f0       	brcs	.+2      	; 0x2a1a <realloc+0xca>
    2a18:	55 c0       	rjmp	.+170    	; 0x2ac4 <realloc+0x174>
    2a1a:	f0 93 d7 03 	sts	0x03D7, r31	; 0x8003d7 <__brkval+0x1>
    2a1e:	e0 93 d6 03 	sts	0x03D6, r30	; 0x8003d6 <__brkval>
    2a22:	f9 01       	movw	r30, r18
    2a24:	71 83       	std	Z+1, r23	; 0x01
    2a26:	60 83       	st	Z, r22
    2a28:	a0 cf       	rjmp	.-192    	; 0x296a <realloc+0x1a>
    2a2a:	8d 91       	ld	r24, X+
    2a2c:	9c 91       	ld	r25, X
    2a2e:	11 97       	sbiw	r26, 0x01	; 1
    2a30:	12 96       	adiw	r26, 0x02	; 2
    2a32:	6c 90       	ld	r6, X
    2a34:	12 97       	sbiw	r26, 0x02	; 2
    2a36:	13 96       	adiw	r26, 0x03	; 3
    2a38:	7c 90       	ld	r7, X
    2a3a:	13 97       	sbiw	r26, 0x03	; 3
    2a3c:	a8 15       	cp	r26, r8
    2a3e:	b9 05       	cpc	r27, r9
    2a40:	59 f5       	brne	.+86     	; 0x2a98 <realloc+0x148>
    2a42:	6c 01       	movw	r12, r24
    2a44:	42 e0       	ldi	r20, 0x02	; 2
    2a46:	c4 0e       	add	r12, r20
    2a48:	d1 1c       	adc	r13, r1
    2a4a:	ca 14       	cp	r12, r10
    2a4c:	db 04       	cpc	r13, r11
    2a4e:	20 f1       	brcs	.+72     	; 0x2a98 <realloc+0x148>
    2a50:	ac 01       	movw	r20, r24
    2a52:	4a 19       	sub	r20, r10
    2a54:	5b 09       	sbc	r21, r11
    2a56:	da 01       	movw	r26, r20
    2a58:	12 96       	adiw	r26, 0x02	; 2
    2a5a:	15 97       	sbiw	r26, 0x05	; 5
    2a5c:	80 f0       	brcs	.+32     	; 0x2a7e <realloc+0x12e>
    2a5e:	62 82       	std	Z+2, r6	; 0x02
    2a60:	73 82       	std	Z+3, r7	; 0x03
    2a62:	51 83       	std	Z+1, r21	; 0x01
    2a64:	40 83       	st	Z, r20
    2a66:	d9 01       	movw	r26, r18
    2a68:	6d 93       	st	X+, r22
    2a6a:	7c 93       	st	X, r23
    2a6c:	e1 14       	cp	r14, r1
    2a6e:	f1 04       	cpc	r15, r1
    2a70:	71 f0       	breq	.+28     	; 0x2a8e <realloc+0x13e>
    2a72:	d7 01       	movw	r26, r14
    2a74:	13 96       	adiw	r26, 0x03	; 3
    2a76:	fc 93       	st	X, r31
    2a78:	ee 93       	st	-X, r30
    2a7a:	12 97       	sbiw	r26, 0x02	; 2
    2a7c:	76 cf       	rjmp	.-276    	; 0x296a <realloc+0x1a>
    2a7e:	22 96       	adiw	r28, 0x02	; 2
    2a80:	8c 0f       	add	r24, r28
    2a82:	9d 1f       	adc	r25, r29
    2a84:	f9 01       	movw	r30, r18
    2a86:	91 83       	std	Z+1, r25	; 0x01
    2a88:	80 83       	st	Z, r24
    2a8a:	f3 01       	movw	r30, r6
    2a8c:	ef cf       	rjmp	.-34     	; 0x2a6c <realloc+0x11c>
    2a8e:	f0 93 d9 03 	sts	0x03D9, r31	; 0x8003d9 <__flp+0x1>
    2a92:	e0 93 d8 03 	sts	0x03D8, r30	; 0x8003d8 <__flp>
    2a96:	69 cf       	rjmp	.-302    	; 0x296a <realloc+0x1a>
    2a98:	48 16       	cp	r4, r24
    2a9a:	59 06       	cpc	r5, r25
    2a9c:	08 f4       	brcc	.+2      	; 0x2aa0 <realloc+0x150>
    2a9e:	2c 01       	movw	r4, r24
    2aa0:	7d 01       	movw	r14, r26
    2aa2:	d3 01       	movw	r26, r6
    2aa4:	9a cf       	rjmp	.-204    	; 0x29da <realloc+0x8a>
    2aa6:	cb 01       	movw	r24, r22
    2aa8:	0e 94 83 13 	call	0x2706	; 0x2706 <malloc>
    2aac:	7c 01       	movw	r14, r24
    2aae:	00 97       	sbiw	r24, 0x00	; 0
    2ab0:	49 f0       	breq	.+18     	; 0x2ac4 <realloc+0x174>
    2ab2:	ae 01       	movw	r20, r28
    2ab4:	b8 01       	movw	r22, r16
    2ab6:	0e 94 65 15 	call	0x2aca	; 0x2aca <memcpy>
    2aba:	c8 01       	movw	r24, r16
    2abc:	0e 94 1f 14 	call	0x283e	; 0x283e <free>
    2ac0:	87 01       	movw	r16, r14
    2ac2:	53 cf       	rjmp	.-346    	; 0x296a <realloc+0x1a>
    2ac4:	10 e0       	ldi	r17, 0x00	; 0
    2ac6:	00 e0       	ldi	r16, 0x00	; 0
    2ac8:	50 cf       	rjmp	.-352    	; 0x296a <realloc+0x1a>

00002aca <memcpy>:
memcpy():
    2aca:	fb 01       	movw	r30, r22
    2acc:	dc 01       	movw	r26, r24
    2ace:	02 c0       	rjmp	.+4      	; 0x2ad4 <memcpy+0xa>
    2ad0:	01 90       	ld	r0, Z+
    2ad2:	0d 92       	st	X+, r0
    2ad4:	41 50       	subi	r20, 0x01	; 1
    2ad6:	50 40       	sbci	r21, 0x00	; 0
    2ad8:	d8 f7       	brcc	.-10     	; 0x2ad0 <memcpy+0x6>
    2ada:	08 95       	ret

00002adc <strcpy>:
strcpy():
    2adc:	fb 01       	movw	r30, r22
    2ade:	dc 01       	movw	r26, r24
    2ae0:	01 90       	ld	r0, Z+
    2ae2:	0d 92       	st	X+, r0
    2ae4:	00 20       	and	r0, r0
    2ae6:	e1 f7       	brne	.-8      	; 0x2ae0 <strcpy+0x4>
    2ae8:	08 95       	ret

00002aea <__do_global_dtors>:
__do_global_dtors():
/home/jenkins/workspace/avr-gcc-staging/label/debian7-x86_64/gcc-build/avr/avr5/libgcc/../../../../gcc/libgcc/config/avr/lib1funcs.S:2496
    2aea:	10 e0       	ldi	r17, 0x00	; 0
/home/jenkins/workspace/avr-gcc-staging/label/debian7-x86_64/gcc-build/avr/avr5/libgcc/../../../../gcc/libgcc/config/avr/lib1funcs.S:2497
    2aec:	c6 ee       	ldi	r28, 0xE6	; 230
/home/jenkins/workspace/avr-gcc-staging/label/debian7-x86_64/gcc-build/avr/avr5/libgcc/../../../../gcc/libgcc/config/avr/lib1funcs.S:2498
    2aee:	d0 e0       	ldi	r29, 0x00	; 0
/home/jenkins/workspace/avr-gcc-staging/label/debian7-x86_64/gcc-build/avr/avr5/libgcc/../../../../gcc/libgcc/config/avr/lib1funcs.S:2502
    2af0:	04 c0       	rjmp	.+8      	; 0x2afa <__do_global_dtors+0x10>
/home/jenkins/workspace/avr-gcc-staging/label/debian7-x86_64/gcc-build/avr/avr5/libgcc/../../../../gcc/libgcc/config/avr/lib1funcs.S:2508
    2af2:	fe 01       	movw	r30, r28
/home/jenkins/workspace/avr-gcc-staging/label/debian7-x86_64/gcc-build/avr/avr5/libgcc/../../../../gcc/libgcc/config/avr/lib1funcs.S:2509
    2af4:	0e 94 7d 13 	call	0x26fa	; 0x26fa <__tablejump2__>
/home/jenkins/workspace/avr-gcc-staging/label/debian7-x86_64/gcc-build/avr/avr5/libgcc/../../../../gcc/libgcc/config/avr/lib1funcs.S:2510
    2af8:	21 96       	adiw	r28, 0x01	; 1
/home/jenkins/workspace/avr-gcc-staging/label/debian7-x86_64/gcc-build/avr/avr5/libgcc/../../../../gcc/libgcc/config/avr/lib1funcs.S:2515
    2afa:	c7 3e       	cpi	r28, 0xE7	; 231
/home/jenkins/workspace/avr-gcc-staging/label/debian7-x86_64/gcc-build/avr/avr5/libgcc/../../../../gcc/libgcc/config/avr/lib1funcs.S:2516
    2afc:	d1 07       	cpc	r29, r17
/home/jenkins/workspace/avr-gcc-staging/label/debian7-x86_64/gcc-build/avr/avr5/libgcc/../../../../gcc/libgcc/config/avr/lib1funcs.S:2521
    2afe:	c9 f7       	brne	.-14     	; 0x2af2 <__do_global_dtors+0x8>
/home/jenkins/workspace/avr-gcc-staging/label/debian7-x86_64/gcc-build/avr/avr5/libgcc/../../../../gcc/libgcc/config/avr/lib1funcs.S:2278
    2b00:	f8 94       	cli

00002b02 <__stop_program>:
__stop_program():
/home/jenkins/workspace/avr-gcc-staging/label/debian7-x86_64/gcc-build/avr/avr5/libgcc/../../../../gcc/libgcc/config/avr/lib1funcs.S:2280
    2b02:	ff cf       	rjmp	.-2      	; 0x2b02 <__stop_program>
